Team,contestantId,playerId,Short Name,Player Name,Age,Position_x,Nationality,Position_y,total accurate back zone pass_Total,total accurate fwd zone pass_Total,total accurate long balls_Total,total accurate pass_Total,total aerial won_Total,total att assist_Total,total attempt_Total,total attempts ibox_Total,total attempts obox_Total,total blocked scoring att_Total,total contest_Total,total dribbles attempted_Total,total duels won_Total,total effective clearance_Total,total interception_Total,total mins played,total ontarget attempt_Total,total touches in opposition box_Total,total was fouled_Total,total won contest_Total,total won tackle_Total,total accurate cross_Total,total big chances saved_Total,total goals_Total,total assists_Total,total direct corner goals_Total,total direct setpiece goals_Total,pass_success_pct_Total,long_balls_success_pct_Total,cross_success_pct_Total,dribble_success_pct_Total,attempt_success_pct_Total,duel_success_pct_Total,aerial_success_pct_Total,tackle_success_pct_Total,xG_Total,xA_Total,CreatedOwnShot_Total,Total Carries_Total,Total Carry xT_Total,Total Final Third Carries_Total,passes_into_final_third_Total,progressive_passes_Total,xT_pass_Total,forward_passes_Total,total accurate back zone pass_p90,total accurate fwd zone pass_p90,total accurate long balls_p90,total accurate pass_p90,total aerial won_p90,total att assist_p90,total attempt_p90,total attempts ibox_p90,total attempts obox_p90,total blocked scoring att_p90,total contest_p90,total dribbles attempted_p90,total duels won_p90,total effective clearance_p90,total interception_p90,total ontarget attempt_p90,total touches in opposition box_p90,total was fouled_p90,total won contest_p90,total won tackle_p90,total accurate cross_p90,total big chances saved_p90,total goals_p90,total assists_p90,total direct corner goals_p90,total direct setpiece goals_p90,pass_success_pct_p90,long_balls_success_pct_p90,cross_success_pct_p90,dribble_success_pct_p90,attempt_success_pct_p90,duel_success_pct_p90,aerial_success_pct_p90,tackle_success_pct_p90,xG_p90,xA_p90,CreatedOwnShot_p90,Total Carries_p90,Total Carry xT_p90,Total Final Third Carries_p90,passes_into_final_third_p90,progressive_passes_p90,xT_pass_p90,forward_passes_p90,Pos.,total accurate back zone pass_TotalPR,total accurate fwd zone pass_TotalPR,total accurate long balls_TotalPR,total accurate pass_TotalPR,total aerial won_TotalPR,total att assist_TotalPR,total attempt_TotalPR,total attempts ibox_TotalPR,total attempts obox_TotalPR,total blocked scoring att_TotalPR,total contest_TotalPR,total dribbles attempted_TotalPR,total duels won_TotalPR,total effective clearance_TotalPR,total interception_TotalPR,total ontarget attempt_TotalPR,total touches in opposition box_TotalPR,total was fouled_TotalPR,total won contest_TotalPR,total won tackle_TotalPR,total accurate cross_TotalPR,total big chances saved_TotalPR,total goals_TotalPR,total assists_TotalPR,total direct corner goals_TotalPR,total direct setpiece goals_TotalPR,pass_success_pct_TotalPR,long_balls_success_pct_TotalPR,cross_success_pct_TotalPR,dribble_success_pct_TotalPR,attempt_success_pct_TotalPR,duel_success_pct_TotalPR,aerial_success_pct_TotalPR,tackle_success_pct_TotalPR,xG_TotalPR,xA_TotalPR,CreatedOwnShot_TotalPR,Total Carries_TotalPR,Total Carry xT_TotalPR,Total Final Third Carries_TotalPR,passes_into_final_third_TotalPR,progressive_passes_TotalPR,xT_pass_TotalPR,forward_passes_TotalPR,total accurate back zone pass_p90PR,total accurate fwd zone pass_p90PR,total accurate long balls_p90PR,total accurate pass_p90PR,total aerial won_p90PR,total att assist_p90PR,total attempt_p90PR,total attempts ibox_p90PR,total attempts obox_p90PR,total blocked scoring att_p90PR,total contest_p90PR,total dribbles attempted_p90PR,total duels won_p90PR,total effective clearance_p90PR,total interception_p90PR,total ontarget attempt_p90PR,total touches in opposition box_p90PR,total was fouled_p90PR,total won contest_p90PR,total won tackle_p90PR,total accurate cross_p90PR,total big chances saved_p90PR,total goals_p90PR,total assists_p90PR,total direct corner goals_p90PR,total direct setpiece goals_p90PR,pass_success_pct_p90PR,long_balls_success_pct_p90PR,cross_success_pct_p90PR,dribble_success_pct_p90PR,attempt_success_pct_p90PR,duel_success_pct_p90PR,aerial_success_pct_p90PR,tackle_success_pct_p90PR,xG_p90PR,xA_p90PR,CreatedOwnShot_p90PR,Total Carries_p90PR,Total Carry xT_p90PR,Total Final Third Carries_p90PR,passes_into_final_third_p90PR,progressive_passes_p90PR,xT_pass_p90PR,forward_passes_p90PR,League
Salzburg,bonj6qc7po4anunhydmjmi6g5,24vsicnsc44o2mr9jk0qjvb2t,H. Tabaković,Haris Tabakovic,32,Attacker,Bosnia and Herzegovina,Striker,17.0,30.0,0.0,47.0,5.0,4.0,13.0,12.0,1.0,2.0,5.0,5.0,10.0,4.0,0.0,313.0,6.0,27.0,0.0,3.0,0.0,0.0,0.0,3.0,0.0,0.0,0.0,74.6,0.0,0.0,60.0,46.15,55.56,62.5,0.0,1.7727297931802102,0.2607309948390425,2.0,8.0,0.2095408299999999,1.0,2.0,3.0,0.0752142099999998,15.0,4.888178913738019,8.626198083067093,0.0,13.514376996805112,1.437699680511182,1.1501597444089458,3.7380191693290734,3.450479233226837,0.2875399361022364,0.5750798722044729,1.437699680511182,1.437699680511182,2.8753993610223643,1.1501597444089458,0.0,1.7252396166134183,7.763578274760383,0.0,0.8626198083067093,0.0,0.0,0.0,0.8626198083067093,0.0,0.0,0.0,74.6,0.0,0.0,60.0,46.15,55.56,62.5,0.0,0.5097306114575684,0.0749705735958908,0.5750798722044729,2.3003194888178915,0.0602513568690095,0.2875399361022364,0.5750798722044729,0.8626198083067093,0.0216270891373801,4.313099041533547,ST,69,48,19,63,54,54,76,91,26,63,28,28,30,72,20,83,91,7,63,11,28,52,85,37,52,52,63,19,28,76,67,93,80,11,93,52,48,76,56,39,44,44,33,43,63,48,19,56,48,56,81,89,19,67,26,26,26,70,20,89,100,7,52,11,28,52,89,37,52,52,63,19,28,76,67,93,80,11,93,44,48,70,67,41,41,37,30,48,Austrian Bundesliga
Salzburg,bonj6qc7po4anunhydmjmi6g5,2ep16uxfa2j2pqw2ky8rsgo44,K. Konaté,Karim Konaté,22,Attacker,Côte d'Ivoire,Striker,23.0,49.0,6.0,71.0,4.0,5.0,17.0,12.0,5.0,0.0,2.0,3.0,7.0,2.0,1.0,242.0,9.0,18.0,1.0,2.0,0.0,1.0,0.0,4.0,0.0,0.0,0.0,83.53,75.0,100.0,100.0,52.94,41.18,44.44,0.0,2.244262996036278,0.3911582350288698,5.0,12.0,0.3329937599999999,5.0,10.0,14.0,0.5324533499999998,34.0,8.553719008264462,18.223140495867767,2.2314049586776856,26.404958677685947,1.487603305785124,1.8595041322314048,6.322314049586776,4.462809917355371,1.8595041322314048,0.0,0.743801652892562,1.1157024793388428,2.603305785123967,0.743801652892562,0.371900826446281,3.3471074380165287,6.694214876033057,0.371900826446281,0.743801652892562,0.0,0.371900826446281,0.0,1.487603305785124,0.0,0.0,0.0,83.53,75.0,100.0,100.0,52.94,41.18,44.44,0.0,0.8346432629886983,0.1454720708785053,1.8595041322314048,4.462809917355371,0.1238406545454545,1.8595041322314048,3.7190082644628095,5.206611570247934,0.1980198409090908,12.644628099173552,ST,89,81,94,85,39,72,100,91,94,7,7,15,13,52,52,98,50,17,41,11,65,52,94,37,52,52,89,87,96,100,81,56,56,11,100,67,93,93,93,93,94,96,89,89,93,93,100,96,56,81,100,100,96,7,15,19,15,67,63,100,78,19,44,11,74,52,100,37,52,52,89,87,96,100,81,56,56,11,100,81,93,96,96,96,100,100,96,100,Austrian Bundesliga
Salzburg,bonj6qc7po4anunhydmjmi6g5,52rchap28rfs3r9xacg42dzbo,V. Zabransky,Valentin Zabransky,19,Defender,Austria,Defender,181.0,168.0,13.0,349.0,8.0,3.0,1.0,1.0,0.0,0.0,0.0,0.0,14.0,15.0,4.0,393.0,0.0,4.0,0.0,0.0,1.0,0.0,2.0,0.0,0.0,0.0,0.0,95.62,68.42,0.0,0.0,0.0,70.0,72.73,16.67,0.1265931105579499,0.075044560796126,0.0,3.0,0.0637928899999999,1.0,17.0,17.0,0.3728877899999998,177.0,41.45038167938932,38.47328244274809,2.9770992366412217,79.92366412213741,1.8320610687022905,0.6870229007633588,0.2290076335877862,0.2290076335877862,0.0,0.0,0.0,0.0,3.206106870229008,3.435114503816794,0.9160305343511452,0.0,0.9160305343511452,0.0,0.0,0.2290076335877862,0.0,0.4580152671755725,0.0,0.0,0.0,0.0,95.62,68.42,0.0,0.0,0.0,70.0,72.73,16.67,0.0289907886773931,0.0171857772815555,0.0,0.6870229007633588,0.0146090587786259,0.2290076335877862,3.893129770992367,3.893129770992367,0.0853941503816793,40.53435114503817,CB,87,96,61,91,61,87,37,50,35,35,24,20,46,35,48,28,63,22,26,15,41,100,37,46,52,52,100,78,41,26,28,87,91,13,48,65,39,74,74,63,74,74,70,87,87,96,57,91,43,87,26,39,35,35,24,20,26,17,30,28,48,22,26,13,41,100,37,46,52,52,100,78,41,26,28,87,91,13,39,65,39,74,74,65,74,74,70,91,Austrian Bundesliga
Salzburg,bonj6qc7po4anunhydmjmi6g5,81sfrpdzz1nymxg1b5noo67ai,Y. Vertessen,Yorbe Vertessen,25,Attacker,Belgium,Striker,21.0,56.0,3.0,74.0,2.0,9.0,14.0,10.0,4.0,0.0,8.0,9.0,10.0,1.0,2.0,336.0,7.0,27.0,5.0,0.0,2.0,3.0,0.0,2.0,1.0,0.0,0.0,72.55,75.0,23.08,0.0,50.0,33.33,40.0,66.67,1.7693343880825587,0.9531233580515182,4.0,12.0,0.34996631,3.0,1.0,5.0,0.2919866599999998,22.0,5.625,15.0,0.8035714285714286,19.82142857142857,0.5357142857142857,2.4107142857142856,3.75,2.6785714285714284,1.0714285714285714,0.0,2.142857142857143,2.4107142857142856,2.6785714285714284,0.2678571428571428,0.5357142857142857,1.875,7.232142857142857,1.3392857142857142,0.0,0.5357142857142857,0.8035714285714286,0.0,0.5357142857142857,0.2678571428571428,0.0,0.0,72.55,75.0,23.08,0.0,50.0,33.33,40.0,66.67,0.4739288539506853,0.2553008994780852,1.0714285714285714,3.2142857142857144,0.0937409758928571,0.8035714285714286,0.2678571428571428,1.3392857142857142,0.0782107124999999,5.892857142857142,ST,80,89,72,89,22,98,85,80,89,7,67,72,30,22,76,91,91,85,7,61,89,52,67,83,52,52,56,87,70,7,74,26,48,52,89,100,81,93,96,78,22,61,59,76,70,78,67,74,22,89,85,85,89,7,59,63,22,11,74,93,89,85,7,59,85,52,63,85,52,52,56,87,70,7,74,26,48,52,89,89,78,93,81,70,15,59,56,67,Austrian Bundesliga
Salzburg,bonj6qc7po4anunhydmjmi6g5,8s1ggifut0xesv052i43m742y,K. Boma,Kévin Boma,23,Defender,Togo,Defender,223.0,220.0,6.0,442.0,17.0,2.0,4.0,3.0,1.0,0.0,3.0,3.0,29.0,26.0,13.0,440.0,0.0,5.0,4.0,2.0,5.0,1.0,0.0,0.0,1.0,0.0,0.0,94.24,60.0,33.33,66.67,0.0,72.5,68.0,83.33,0.5199424968320137,0.254079231131965,1.0,9.0,0.1869791499999999,6.0,31.0,30.0,0.5490983899999999,185.0,45.61363636363636,44.99999999999999,1.227272727272727,90.4090909090909,3.477272727272727,0.409090909090909,0.8181818181818181,0.6136363636363635,0.2045454545454545,0.0,0.6136363636363635,0.6136363636363635,5.931818181818182,5.3181818181818175,2.6590909090909087,0.0,1.0227272727272727,0.8181818181818181,0.409090909090909,1.0227272727272727,0.2045454545454545,0.0,0.0,0.2045454545454545,0.0,0.0,94.24,60.0,33.33,66.67,0.0,72.5,68.0,83.33,0.1063518743520027,0.0519707518224473,0.2045454545454545,1.8409090909090908,0.0382457352272727,1.227272727272727,6.340909090909091,6.136363636363636,0.1123155797727272,37.840909090909086,CB,96,100,26,100,85,67,80,78,80,35,87,87,85,63,100,28,72,91,91,74,89,46,37,93,52,52,83,52,89,67,28,100,70,96,83,96,87,87,83,96,93,96,91,91,91,100,13,96,87,65,74,74,74,35,83,78,74,48,100,28,61,91,87,57,87,46,37,91,52,52,83,52,89,67,28,100,70,96,78,91,83,87,87,96,89,91,87,83,Austrian Bundesliga
Salzburg,bonj6qc7po4anunhydmjmi6g5,9kd9xpv9glq7whrmztrixu9sk,T. Drexler,Tim Drexler,21,Defender,Germany,Defender,166.0,83.0,14.0,249.0,2.0,0.0,1.0,1.0,0.0,1.0,0.0,0.0,7.0,7.0,2.0,237.0,0.0,1.0,0.0,0.0,5.0,0.0,1.0,0.0,0.0,0.0,0.0,94.68,60.87,0.0,0.0,0.0,63.64,66.67,100.0,0.1716988837339274,0.0,0.0,0.0,0.0,0.0,6.0,7.0,0.1719949499999999,96.0,63.03797468354431,31.51898734177216,5.316455696202532,94.55696202531644,0.759493670886076,0.0,0.379746835443038,0.379746835443038,0.0,0.379746835443038,0.0,0.0,2.6582278481012658,2.6582278481012658,0.759493670886076,0.0,0.379746835443038,0.0,0.0,1.89873417721519,0.0,0.379746835443038,0.0,0.0,0.0,0.0,94.68,60.87,0.0,0.0,0.0,63.64,66.67,100.0,0.065202107747061,0.0,0.0,0.0,0.0,0.0,2.278481012658228,2.6582278481012658,0.0653145379746835,36.45569620253165,CB,78,61,70,70,17,20,37,50,35,80,24,20,20,13,11,28,20,22,26,74,41,93,37,46,52,52,87,57,41,26,28,63,65,100,61,28,39,26,26,30,50,50,48,61,100,87,91,100,22,20,39,52,35,91,24,20,22,13,13,28,22,22,26,91,41,96,37,46,52,52,87,57,41,26,28,63,65,100,65,28,39,26,26,30,65,65,65,78,Austrian Bundesliga
Salzburg,bonj6qc7po4anunhydmjmi6g5,ajo4x6z5r2r4g8daotcqdjl04,B. Mazurek,Bartosz Mazurek,19,Midfielder,Poland,Midfielder,117.0,151.0,12.0,267.0,1.0,3.0,10.0,1.0,9.0,3.0,16.0,16.0,39.0,3.0,3.0,393.0,3.0,8.0,17.0,9.0,9.0,1.0,0.0,1.0,2.0,0.0,0.0,89.6,66.67,25.0,56.25,30.0,63.93,25.0,75.0,1.001077259168953,0.2639781810907047,5.0,21.0,0.48774628,14.0,24.0,24.0,0.67235312,128.0,26.793893129771,34.58015267175573,2.748091603053436,61.145038167938935,0.2290076335877862,0.6870229007633588,2.290076335877863,0.2290076335877862,2.0610687022900764,0.6870229007633588,3.664122137404581,3.664122137404581,8.931297709923665,0.6870229007633588,0.6870229007633588,0.6870229007633588,1.8320610687022905,3.893129770992367,2.0610687022900764,2.0610687022900764,0.2290076335877862,0.0,0.2290076335877862,0.4580152671755725,0.0,0.0,89.6,66.67,25.0,56.25,30.0,63.93,25.0,75.0,0.2292543341608289,0.0604530185703903,1.1450381679389314,4.809160305343512,0.1116976213740458,3.206106870229008,5.496183206106871,5.496183206106871,0.1539739969465649,29.312977099236644,CM/AM,88,88,87,88,37,25,87,42,100,81,94,94,100,56,58,85,71,100,94,96,48,52,85,88,52,52,81,62,67,67,60,100,54,83,88,35,88,90,85,96,87,85,77,88,92,81,73,92,27,15,77,42,96,69,88,88,100,50,50,73,54,100,85,100,42,52,81,92,52,52,81,62,67,67,60,100,54,83,81,35,77,92,92,92,77,77,65,92,Austrian Bundesliga
Salzburg,bonj6qc7po4anunhydmjmi6g5,cg2dpmeot9vtf40lnvg5scxsk,S. Kitano,Sota Kitano,22,Attacker,Japan,Striker,56.0,80.0,5.0,136.0,0.0,8.0,8.0,5.0,3.0,2.0,7.0,7.0,11.0,1.0,2.0,344.0,3.0,18.0,2.0,3.0,3.0,0.0,0.0,1.0,1.0,0.0,0.0,80.95,62.5,0.0,42.86,37.5,33.33,0.0,50.0,0.9855594484701464,0.8180017314356374,3.0,3.0,0.08325087,1.0,10.0,10.0,0.5961728199999998,45.0,14.651162790697674,20.930232558139533,1.3081395348837208,35.581395348837205,0.0,2.093023255813953,2.093023255813953,1.3081395348837208,0.7848837209302325,0.5232558139534883,1.8313953488372088,1.8313953488372088,2.877906976744186,0.2616279069767441,0.5232558139534883,0.7848837209302325,4.709302325581395,0.5232558139534883,0.7848837209302325,0.7848837209302325,0.0,0.0,0.2616279069767441,0.2616279069767441,0.0,0.0,80.95,62.5,0.0,42.86,37.5,33.33,0.0,50.0,0.2578498557043988,0.2140120808988586,0.7848837209302325,0.7848837209302325,0.021780750872093,0.2616279069767441,2.6162790697674416,2.6162790697674416,0.1559754470930232,11.773255813953488,ST,100,93,89,100,7,91,44,41,80,63,56,54,39,22,76,46,50,37,63,83,28,52,37,83,52,52,85,81,28,59,56,26,7,33,48,89,67,30,26,39,94,91,93,96,100,96,85,100,7,85,30,22,78,63,52,41,30,7,70,41,44,26,48,89,28,52,33,81,52,52,85,81,28,59,56,26,7,33,44,85,67,22,19,30,89,93,89,96,Austrian Bundesliga
Salzburg,bonj6qc7po4anunhydmjmi6g5,dphjm5otyeb004tqonfbbct90,D. Redzic,Damir Redzic,23,Attacker,Hungary,Striker,24.0,58.0,1.0,77.0,1.0,3.0,4.0,4.0,0.0,1.0,16.0,18.0,20.0,1.0,0.0,266.0,3.0,20.0,7.0,7.0,4.0,5.0,0.0,0.0,0.0,0.0,0.0,87.5,100.0,17.86,43.75,75.0,52.63,50.0,80.0,0.2751732748001262,0.3601810868482089,1.0,12.0,0.43395181,1.0,2.0,6.0,0.1934317199999999,15.0,8.120300751879698,19.62406015037594,0.3383458646616541,26.052631578947366,0.3383458646616541,1.0150375939849623,1.3533834586466165,1.3533834586466165,0.0,0.3383458646616541,5.413533834586466,6.090225563909774,6.7669172932330826,0.3383458646616541,0.0,1.0150375939849623,6.7669172932330826,2.3684210526315788,2.3684210526315788,1.3533834586466165,1.6917293233082706,0.0,0.0,0.0,0.0,0.0,87.5,100.0,17.86,43.75,75.0,52.63,50.0,80.0,0.0931037395940276,0.1218657812644315,0.3383458646616541,4.060150375939849,0.1468258003759398,0.3383458646616541,0.6766917293233082,2.0300751879699246,0.0654468225563909,5.075187969924812,RW,67,50,33,50,50,33,25,58,17,42,50,50,67,25,33,50,83,83,50,75,83,50,25,33,58,58,83,92,33,83,83,100,100,92,17,33,25,67,67,33,25,42,33,17,67,67,50,67,50,33,50,67,17,33,67,67,83,17,33,67,100,83,83,100,100,50,25,33,58,58,83,92,33,83,83,100,100,92,17,67,33,67,67,33,33,50,33,33,Austrian Bundesliga
Salzburg,bonj6qc7po4anunhydmjmi6g5,dtt29qocpooiymw666vz2iwdm,A. Barry,Abubakr Barry,26,Midfielder,Gambia,Midfielder,201.0,247.0,21.0,448.0,1.0,5.0,5.0,1.0,4.0,0.0,11.0,12.0,21.0,5.0,2.0,474.0,0.0,4.0,3.0,6.0,4.0,0.0,0.0,0.0,2.0,0.0,0.0,92.56,67.74,0.0,54.55,0.0,44.68,25.0,36.36,0.4036644935876249,0.3004221934757284,3.0,26.0,0.57358575,12.0,45.0,38.0,0.7154320299999998,249.0,38.16455696202532,46.89873417721519,3.987341772151898,85.0632911392405,0.189873417721519,0.949367088607595,0.949367088607595,0.189873417721519,0.759493670886076,0.0,2.088607594936709,2.278481012658228,3.987341772151898,0.949367088607595,0.379746835443038,0.0,0.759493670886076,0.569620253164557,1.139240506329114,0.759493670886076,0.0,0.0,0.0,0.379746835443038,0.0,0.0,92.56,67.74,0.0,54.55,0.0,44.68,25.0,36.36,0.0766451570103085,0.0570421886346319,0.569620253164557,4.936708860759493,0.1089086867088607,2.278481012658228,8.544303797468354,7.215189873417722,0.1358415246835442,47.27848101265823,CM/AM,100,100,100,100,37,60,46,42,67,12,83,87,77,75,42,13,40,35,85,69,19,52,38,88,52,52,96,69,19,58,13,35,54,23,46,50,58,96,96,92,96,100,85,100,96,100,96,100,23,35,23,38,31,12,69,65,54,62,35,13,31,19,73,38,19,52,38,85,52,52,96,69,19,58,13,35,54,23,27,27,31,96,88,77,96,100,54,100,Austrian Bundesliga
Salzburg,bonj6qc7po4anunhydmjmi6g5,dtu61wukgh3m1jfr1pxadxjis,E. Baidoo,Edmund Baidoo,20,Attacker,Ghana,Striker,32.0,72.0,3.0,100.0,0.0,10.0,5.0,4.0,1.0,1.0,20.0,20.0,16.0,1.0,1.0,242.0,4.0,11.0,1.0,10.0,2.0,4.0,0.0,1.0,0.0,0.0,0.0,90.09,100.0,50.0,50.0,80.0,48.48,0.0,40.0,0.5195586251723578,0.8694033355477934,2.0,18.0,0.52282816,10.0,9.0,10.0,0.4930485499999999,36.0,11.900826446280991,26.77685950413223,1.1157024793388428,37.1900826446281,0.0,3.7190082644628095,1.8595041322314048,1.487603305785124,0.371900826446281,0.371900826446281,7.438016528925619,7.438016528925619,5.950413223140496,0.371900826446281,0.371900826446281,1.487603305785124,4.090909090909091,0.371900826446281,3.7190082644628095,0.743801652892562,1.487603305785124,0.0,0.371900826446281,0.0,0.0,0.0,90.09,100.0,50.0,50.0,80.0,48.48,0.0,40.0,0.1932242820888934,0.3233318190053776,0.743801652892562,6.694214876033057,0.1944402247933884,3.7190082644628095,3.3471074380165287,3.7190082644628095,0.1833651632231404,13.388429752066116,RW,83,67,67,83,25,75,50,58,42,42,67,67,42,25,67,75,17,17,100,42,67,50,58,33,58,58,100,92,100,100,100,67,25,33,33,83,58,83,83,83,83,67,67,67,83,83,67,83,25,100,83,83,50,50,100,100,67,33,67,100,67,17,100,50,83,50,83,33,58,58,100,92,100,100,100,67,25,33,83,100,67,100,100,100,83,83,83,83,Austrian Bundesliga
Salzburg,bonj6qc7po4anunhydmjmi6g5,dvqog8r05iw9zqr68l4fcnre2,N. Veratschnig,Nikolas Veratschnig,23,Defender,Austria,Defender,113.0,172.0,15.0,276.0,7.0,12.0,11.0,6.0,5.0,2.0,5.0,5.0,24.0,12.0,6.0,493.0,5.0,15.0,5.0,4.0,5.0,9.0,1.0,1.0,1.0,0.0,0.0,89.61,68.18,30.0,80.0,45.45,64.86,70.0,55.56,1.0832052644951708,1.4202530768354005,4.0,17.0,0.3992552399999999,11.0,34.0,39.0,2.2746852900000007,126.0,20.628803245436107,31.399594320486816,2.738336713995943,50.38539553752536,1.27789046653144,2.1906693711967544,2.0081135902636915,1.0953346855983772,0.9127789046653144,0.3651115618661257,0.9127789046653144,0.9127789046653144,4.381338742393509,2.1906693711967544,1.0953346855983772,0.9127789046653144,2.738336713995943,0.9127789046653144,0.7302231237322515,0.9127789046653144,1.643002028397566,0.1825557809330628,0.1825557809330628,0.1825557809330628,0.0,0.0,89.61,68.18,30.0,80.0,45.45,64.86,70.0,55.56,0.1977453829707208,0.2592754095642718,0.7302231237322515,3.103448275862069,0.0728863521298174,2.0081135902636915,6.206896551724138,7.119675456389452,0.4152569494929007,23.002028397565923,RB/RCB,57,93,71,93,64,100,93,93,93,82,61,57,79,36,86,100,93,82,79,64,96,96,89,86,54,54,100,100,86,79,86,86,71,32,93,100,100,93,86,93,93,100,100,79,57,93,71,79,57,100,93,86,93,79,57,57,64,36,79,100,93,71,79,43,100,100,86,86,54,54,100,100,86,79,86,86,71,32,86,100,100,79,79,93,93,100,100,71,Austrian Bundesliga
Salzburg,bonj6qc7po4anunhydmjmi6g5,og090mw7ae5fkg397p9g0ru1,D. Schmid,Dominik Schmid,28,Defender,Switzerland,Defender,155.0,177.0,13.0,321.0,7.0,12.0,2.0,2.0,0.0,2.0,1.0,1.0,15.0,12.0,3.0,382.0,0.0,7.0,3.0,0.0,5.0,11.0,0.0,0.0,1.0,0.0,0.0,91.71,65.0,44.0,0.0,0.0,55.56,53.85,100.0,0.2419256934798723,1.1633357966777922,0.0,13.0,0.5648338499999999,14.0,39.0,42.0,1.6113458100000002,195.0,36.518324607329845,41.70157068062827,3.06282722513089,75.6282722513089,1.649214659685864,2.8272251308900525,0.4712041884816754,0.4712041884816754,0.0,0.4712041884816754,0.2356020942408377,0.2356020942408377,3.534031413612565,2.8272251308900525,0.7068062827225131,0.0,1.649214659685864,0.7068062827225131,0.0,1.1780104712041886,2.5916230366492146,0.0,0.0,0.2356020942408377,0.0,0.0,91.71,65.0,44.0,0.0,0.0,55.56,53.85,100.0,0.0569982000345248,0.2740843500026212,0.0,3.06282722513089,0.1330760379581151,3.298429319371728,9.18848167539267,9.895287958115183,0.379636447382199,45.94240837696335,LB/LCB,94,97,81,100,50,100,42,64,25,81,25,22,28,39,42,31,72,53,17,50,100,53,47,78,53,53,94,100,94,17,31,50,53,100,50,100,28,92,100,100,94,94,100,100,94,100,89,100,56,100,28,50,25,78,28,22,22,28,44,31,72,44,17,56,94,53,47,72,53,53,94,100,94,17,31,50,53,100,50,100,28,89,94,100,100,94,100,100,Austrian Bundesliga
Austria Wien,84gk4ytf9vr8oml51cqyit78w,36dx87q1ec6aiav6jbgivccq2,Lee Kang-Hee,Kang-Hee Lee,25,Midfielder,Korea Republic,Midfielder,121.0,55.0,9.0,176.0,8.0,3.0,2.0,0.0,2.0,1.0,5.0,5.0,19.0,22.0,6.0,391.0,0.0,9.0,4.0,1.0,4.0,0.0,0.0,0.0,0.0,0.0,0.0,86.27,60.0,0.0,20.0,0.0,47.5,57.14,66.67,0.201820136794127,0.1892838800438268,1.0,3.0,0.0614221499999999,4.0,11.0,11.0,0.2328785599999999,98.0,27.851662404092075,12.65984654731458,2.071611253196932,40.511508951406654,1.8414322250639388,0.690537084398977,0.4603580562659847,0.0,0.4603580562659847,0.2301790281329923,1.1508951406649617,1.1508951406649617,4.373401534526854,5.063938618925832,1.381074168797954,0.0,2.071611253196932,0.9207161125319694,0.2301790281329923,0.9207161125319694,0.0,0.0,0.0,0.0,0.0,0.0,86.27,60.0,0.0,20.0,0.0,47.5,57.14,66.67,0.0464547629449397,0.0435691795497299,0.2301790281329923,0.690537084398977,0.0141380907928388,0.9207161125319694,2.531969309462916,2.531969309462916,0.0536037606138107,22.55754475703325,DM/CM,89,50,39,67,78,61,31,25,53,50,64,61,50,89,83,31,94,50,39,39,28,53,42,39,50,50,78,78,28,28,31,33,83,69,33,56,47,33,33,67,44,39,33,78,83,33,44,72,94,56,33,25,56,61,67,61,50,89,83,31,100,44,44,44,28,53,42,39,50,50,78,78,28,28,31,33,83,69,33,50,56,39,39,78,33,39,28,94,Austrian Bundesliga
Austria Wien,84gk4ytf9vr8oml51cqyit78w,3jbpxku7kfad1kbi7eytylc0k,S. Šaljić,Sanel Saljic,20,Midfielder,Austria,Midfielder,14.0,24.0,1.0,37.0,0.0,2.0,1.0,0.0,1.0,0.0,5.0,6.0,9.0,1.0,1.0,257.0,0.0,3.0,3.0,2.0,3.0,1.0,0.0,0.0,0.0,0.0,0.0,74.0,100.0,14.29,40.0,0.0,47.37,0.0,75.0,0.1185504733456048,0.1098761757069396,1.0,2.0,0.07236198,0.0,3.0,3.0,0.29374416,10.0,4.90272373540856,8.40466926070039,0.3501945525291828,12.957198443579768,0.0,0.7003891050583657,0.3501945525291828,0.0,0.3501945525291828,0.0,1.7509727626459144,2.1011673151750974,3.151750972762646,0.3501945525291828,0.3501945525291828,0.0,1.050583657587549,1.050583657587549,0.7003891050583657,1.050583657587549,0.3501945525291828,0.0,0.0,0.0,0.0,0.0,74.0,100.0,14.29,40.0,0.0,47.37,0.0,75.0,0.0415157299653869,0.0384780381853095,0.3501945525291828,0.7003891050583657,0.0253407712062256,0.0,1.050583657587549,1.050583657587549,0.1028676046692606,3.501945525291829,CM/AM,19,4,10,4,12,12,10,19,21,12,42,50,25,23,25,13,33,35,40,48,48,52,38,33,52,52,27,94,38,35,13,50,19,83,8,12,17,12,15,8,10,8,31,8,23,8,8,12,12,23,12,19,23,12,62,62,23,19,31,13,38,54,46,62,54,52,38,33,52,52,27,94,38,35,13,50,19,83,12,12,19,12,15,8,12,8,31,8,Austrian Bundesliga
Austria Wien,84gk4ytf9vr8oml51cqyit78w,3qv32eulpugf1n9f2inird9lh,M. Fischer,Manfred Fischer,31,Midfielder,Austria,Midfielder,29.0,59.0,5.0,88.0,7.0,3.0,5.0,2.0,3.0,0.0,4.0,4.0,10.0,3.0,3.0,270.0,2.0,6.0,0.0,2.0,0.0,0.0,0.0,1.0,1.0,0.0,0.0,76.52,50.0,0.0,50.0,40.0,45.45,0.0,0.0,0.5004326095877953,0.1796478771140008,2.0,6.0,0.11749234,8.0,13.0,15.0,0.3186825799999998,49.0,9.666666666666666,19.666666666666668,1.6666666666666667,29.33333333333333,2.333333333333333,1.0,1.6666666666666667,0.6666666666666666,1.0,0.0,1.3333333333333333,1.3333333333333333,3.333333333333333,1.0,1.0,0.6666666666666666,2.0,0.0,0.6666666666666666,0.0,0.0,0.0,0.3333333333333333,0.3333333333333333,0.0,0.0,76.52,50.0,0.0,50.0,40.0,45.45,0.0,0.0,0.1668108698625984,0.0598826257046669,0.6666666666666666,2.0,0.0391641133333333,2.6666666666666665,4.333333333333333,5.0,0.1062275266666666,16.333333333333332,CM/AM,40,42,44,46,96,25,46,58,40,12,29,27,35,56,58,67,52,4,40,12,19,52,85,73,52,52,35,19,19,48,85,40,19,12,62,19,33,37,27,85,56,50,35,46,42,62,50,65,100,38,50,58,54,12,46,38,31,65,69,69,58,4,42,12,19,52,88,81,52,52,35,19,19,48,85,40,19,12,65,31,38,38,35,85,65,69,38,69,Austrian Bundesliga
Austria Wien,84gk4ytf9vr8oml51cqyit78w,45bv6x1iz3hj6dofzcwadxv55,J. Eggestein,Johannes Eggestein,28,Attacker,Germany,Striker,21.0,38.0,3.0,53.0,5.0,2.0,7.0,5.0,2.0,3.0,6.0,6.0,9.0,1.0,2.0,308.0,2.0,15.0,2.0,2.0,0.0,6.0,0.0,0.0,0.0,0.0,0.0,63.86,33.33,22.22,33.33,28.57,29.03,27.78,0.0,0.6536251889421156,0.0680865053445383,1.0,7.0,0.2148112999999999,5.0,5.0,6.0,0.2941668399999998,24.0,6.136363636363637,11.103896103896105,0.8766233766233766,15.487012987012989,1.4610389610389611,0.5844155844155845,2.0454545454545454,1.4610389610389611,0.5844155844155845,0.8766233766233766,1.7532467532467533,1.7532467532467533,2.62987012987013,0.2922077922077922,0.5844155844155845,0.5844155844155845,4.383116883116883,0.5844155844155845,0.5844155844155845,0.0,1.7532467532467533,0.0,0.0,0.0,0.0,0.0,63.86,33.33,22.22,33.33,28.57,29.03,27.78,0.0,0.1909943733921766,0.0198954074058715,0.2922077922077922,2.0454545454545454,0.0627695357142856,1.4610389610389611,1.4610389610389611,1.7532467532467533,0.0859578428571428,7.012987012987013,ST,80,65,72,67,54,20,35,41,57,87,41,39,22,22,76,28,33,37,41,11,100,52,13,37,52,52,37,41,67,39,26,4,28,11,30,4,28,65,59,93,74,72,63,85,74,67,70,63,52,15,26,37,59,81,37,37,19,15,78,22,41,30,37,11,100,52,13,37,52,52,37,41,67,39,26,4,28,11,19,4,26,63,70,93,70,70,67,78,Austrian Bundesliga
Austria Wien,84gk4ytf9vr8oml51cqyit78w,5i2iyj07cs96xwl9z9uf7rl04,V. Markovic,Vasilije Markovic,18,Midfielder,Austria,Midfielder,27.0,35.0,3.0,60.0,4.0,3.0,4.0,1.0,3.0,2.0,7.0,9.0,25.0,5.0,3.0,235.0,1.0,9.0,1.0,1.0,11.0,2.0,0.0,0.0,0.0,0.0,0.0,73.17,27.27,50.0,14.29,25.0,60.98,80.0,57.89,0.3695047357957547,0.1723734999610587,3.0,7.0,0.18101895,1.0,4.0,10.0,0.2926848199999999,26.0,10.340425531914894,13.404255319148936,1.1489361702127658,22.97872340425532,1.5319148936170213,1.1489361702127658,1.5319148936170213,0.3829787234042553,1.1489361702127658,0.7659574468085106,2.680851063829788,3.4468085106382977,9.574468085106382,1.9148936170212765,1.1489361702127658,0.3829787234042553,3.4468085106382977,0.3829787234042553,0.3829787234042553,4.212765957446808,0.7659574468085106,0.0,0.0,0.0,0.0,0.0,73.17,27.27,50.0,14.29,25.0,60.98,80.0,57.89,0.1415124520068847,0.0660153829638097,1.1489361702127658,2.680851063829788,0.0693264063829787,0.3829787234042553,1.5319148936170213,3.829787234042553,0.1120920587234042,9.95744680851064,CM,100,100,100,100,100,100,100,100,100,100,100,100,100,100,100,100,100,100,100,100,100,100,100,100,100,100,100,100,100,100,100,100,100,100,100,100,100,100,100,100,100,100,100,100,100,100,100,100,100,100,100,100,100,100,100,100,100,100,100,100,100,100,100,100,100,100,100,100,100,100,100,100,100,100,100,100,100,100,100,100,100,100,100,100,100,100,100,100,Austrian Bundesliga
Austria Wien,84gk4ytf9vr8oml51cqyit78w,6vtr5xi7mdoa8j4jq5y9j2j85,A. Dragović,Aleksandar Dragovic,35,Defender,Austria,Defender,103.0,47.0,25.0,150.0,2.0,0.0,0.0,0.0,0.0,0.0,0.0,0.0,6.0,11.0,4.0,239.0,0.0,1.0,0.0,0.0,2.0,0.0,0.0,0.0,0.0,0.0,0.0,93.17,78.12,0.0,0.0,0.0,54.55,50.0,50.0,0.0,0.0,0.0,0.0,0.0,0.0,0.0,0.0,0.0,0.0,38.78661087866109,17.698744769874477,9.414225941422597,56.48535564853557,0.7531380753138076,0.0,0.0,0.0,0.0,0.0,0.0,0.0,2.2594142259414225,4.142259414225942,1.5062761506276152,0.0,0.3765690376569038,0.0,0.0,0.7531380753138076,0.0,0.0,0.0,0.0,0.0,0.0,93.17,78.12,0.0,0.0,0.0,54.55,50.0,50.0,0.0,0.0,0.0,0.0,0.0,0.0,0.0,0.0,0.0,0.0,CB,48,43,91,48,17,20,13,20,35,35,24,20,11,26,48,28,20,22,26,30,41,46,37,46,52,52,74,96,41,26,28,26,35,48,17,28,39,26,26,30,17,15,13,13,78,61,100,74,17,20,13,20,35,35,24,20,13,22,65,28,17,22,26,43,41,46,37,46,52,52,74,96,41,26,28,26,35,48,17,28,39,26,26,30,17,15,13,13,Austrian Bundesliga
Austria Wien,84gk4ytf9vr8oml51cqyit78w,85mzxov9sqq8gec4e0wwt8h78,I. Buhari,Ibrahim Buhari,24,Defender,Nigeria,Defender,86.0,39.0,5.0,125.0,6.0,0.0,1.0,0.0,1.0,0.0,0.0,0.0,15.0,23.0,4.0,270.0,0.0,3.0,1.0,0.0,3.0,0.0,0.0,0.0,0.0,0.0,0.0,85.03,26.32,0.0,0.0,0.0,57.69,54.55,37.5,0.0518490903783316,0.0,1.0,2.0,0.04130209,2.0,6.0,7.0,0.18263112,85.0,28.666666666666668,13.0,1.6666666666666667,41.66666666666666,2.0,0.0,0.3333333333333333,0.0,0.3333333333333333,0.0,0.0,0.0,5.0,7.666666666666667,1.3333333333333333,0.0,1.0,0.3333333333333333,0.0,1.0,0.0,0.0,0.0,0.0,0.0,0.0,85.03,26.32,0.0,0.0,0.0,57.69,54.55,37.5,0.0172830301261105,0.0,0.3333333333333333,0.6666666666666666,0.0137673633333333,0.6666666666666666,2.0,2.333333333333333,0.06087704,28.33333333333333,CB,37,39,17,43,46,20,37,20,80,35,24,20,52,46,48,28,50,48,26,50,41,46,37,46,52,52,30,4,41,26,28,39,48,30,35,28,87,65,65,74,50,50,52,54,43,43,26,39,48,20,35,20,91,35,24,20,61,83,54,28,52,48,26,50,41,46,37,46,52,52,30,4,41,26,28,39,48,30,35,28,96,70,70,78,57,61,57,61,Austrian Bundesliga
Austria Wien,84gk4ytf9vr8oml51cqyit78w,88ddl23hbe7i6nb4wl11izjai,F. Wustinger,Florian Wustinger,23,Midfielder,Austria,Midfielder,48.0,27.0,3.0,75.0,4.0,1.0,0.0,0.0,0.0,0.0,3.0,3.0,22.0,4.0,6.0,308.0,0.0,2.0,3.0,2.0,10.0,0.0,0.0,0.0,1.0,0.0,0.0,86.21,75.0,0.0,66.67,0.0,61.11,50.0,76.92,0.0,0.0,0.0,0.0,0.0,0.0,0.0,0.0,0.0,0.0,14.025974025974026,7.88961038961039,0.8766233766233766,21.915584415584416,1.168831168831169,0.2922077922077922,0.0,0.0,0.0,0.0,0.8766233766233766,0.8766233766233766,6.428571428571429,1.168831168831169,1.7532467532467533,0.0,0.5844155844155845,0.8766233766233766,0.5844155844155845,2.9220779220779223,0.0,0.0,0.0,0.2922077922077922,0.0,0.0,86.21,75.0,0.0,66.67,0.0,61.11,50.0,76.92,0.0,0.0,0.0,0.0,0.0,0.0,0.0,0.0,0.0,0.0,DM/CM,22,6,14,17,53,28,11,25,14,19,36,33,56,28,83,31,28,33,67,100,28,53,42,86,50,50,72,94,28,78,31,94,58,83,14,14,17,11,11,17,11,11,11,11,28,6,6,17,67,28,11,25,14,19,56,56,100,39,94,31,33,39,61,100,28,53,42,89,50,50,72,94,28,78,31,94,58,83,14,14,17,11,11,17,11,11,11,11,Austrian Bundesliga
Austria Wien,84gk4ytf9vr8oml51cqyit78w,ahoze7dvvhpx45t6887vqpgk4,D. Nnodim,Daniel Nnodim,18,Defender,Germany,Defender,21.0,26.0,1.0,45.0,1.0,2.0,1.0,0.0,1.0,0.0,0.0,1.0,5.0,4.0,0.0,179.0,1.0,1.0,2.0,0.0,2.0,2.0,0.0,1.0,0.0,0.0,0.0,75.0,20.0,28.57,0.0,100.0,38.46,50.0,100.0,0.0806139563571742,0.1576934963050396,1.0,8.0,0.1994944399999998,5.0,2.0,3.0,0.2266547999999998,23.0,10.558659217877096,13.07262569832402,0.5027932960893855,22.625698324022345,0.5027932960893855,1.005586592178771,0.5027932960893855,0.0,0.5027932960893855,0.0,0.0,0.5027932960893855,2.5139664804469275,2.011173184357542,0.0,0.5027932960893855,0.5027932960893855,1.005586592178771,0.0,1.005586592178771,1.005586592178771,0.0,0.5027932960893855,0.0,0.0,0.0,75.0,20.0,28.57,0.0,100.0,38.46,50.0,100.0,0.0405321568276294,0.0792872327790701,0.5027932960893855,4.022346368715084,0.100304467039106,2.5139664804469275,1.005586592178771,1.5083798882681565,0.1139605139664803,11.564245810055866,RB/RCB,7,14,7,7,18,39,21,14,43,25,18,32,7,18,7,54,7,21,18,21,79,46,89,36,54,54,21,7,79,18,96,21,43,100,21,36,50,71,64,64,14,21,21,21,14,36,7,29,29,71,29,14,79,25,18,43,21,29,7,86,14,86,18,50,86,46,100,36,54,54,21,7,79,18,96,21,43,100,29,71,71,100,86,100,14,21,57,43,Austrian Bundesliga
Austria Wien,84gk4ytf9vr8oml51cqyit78w,av2iblvadx7u9cj27qgbm09ka,Lee Tae-Seok,Tae-Seok Lee,24,Defender,Korea Republic,Defender,57.0,48.0,11.0,101.0,2.0,2.0,4.0,2.0,2.0,0.0,6.0,6.0,19.0,10.0,0.0,356.0,1.0,4.0,6.0,1.0,8.0,4.0,0.0,0.0,1.0,0.0,0.0,71.13,33.33,40.0,16.67,25.0,50.0,33.33,80.0,0.3342131509051054,0.1693766161859043,2.0,7.0,0.16500278,2.0,17.0,17.0,0.4100816699999999,46.0,14.410112359550562,12.134831460674157,2.7808988764044944,25.533707865168537,0.5056179775280899,0.5056179775280899,1.0112359550561798,0.5056179775280899,0.5056179775280899,0.0,1.5168539325842696,1.5168539325842696,4.803370786516854,2.528089887640449,0.0,0.2528089887640449,1.0112359550561798,1.5168539325842696,0.2528089887640449,2.02247191011236,1.0112359550561798,0.0,0.0,0.2528089887640449,0.0,0.0,71.13,33.33,40.0,16.67,25.0,50.0,33.33,80.0,0.0844920887119648,0.0428199310582342,0.5056179775280899,1.7696629213483146,0.0417141859550561,0.5056179775280899,4.297752808988764,4.297752808988764,0.1036723323033707,11.629213483146067,LB/LCB,39,44,67,22,17,44,78,64,75,25,83,83,58,31,6,75,33,94,42,81,72,53,47,78,53,53,17,39,89,33,69,25,19,78,67,44,81,58,56,56,78,72,44,39,39,39,78,28,17,44,83,72,78,25,89,89,39,22,6,78,33,94,39,83,78,53,47,83,53,53,17,39,89,33,69,25,19,78,67,44,83,61,56,56,78,72,44,44,Austrian Bundesliga
Austria Wien,84gk4ytf9vr8oml51cqyit78w,bqg2p4lfk0ldhn0oojwva47h1,R. Ranftl,Reinhold Ranftl,34,Midfielder,Austria,Midfielder,78.0,85.0,22.0,162.0,3.0,3.0,5.0,2.0,3.0,0.0,5.0,5.0,21.0,15.0,4.0,450.0,2.0,8.0,3.0,0.0,10.0,1.0,0.0,0.0,0.0,0.0,0.0,76.78,47.83,5.56,0.0,40.0,42.0,30.0,66.67,0.4258172998907776,0.2192974917783892,3.0,15.0,0.36430006,8.0,13.0,20.0,0.5440473599999999,75.0,15.6,17.0,4.4,32.4,0.6,0.6,1.0,0.4,0.6,0.0,1.0,1.0,4.2,3.0,0.8,0.4,1.6,0.6,0.0,2.0,0.2,0.0,0.0,0.0,0.0,0.0,76.78,47.83,5.56,0.0,40.0,42.0,30.0,66.67,0.0851634599781555,0.0438594983556778,0.6,3.0,0.072860012,1.6,2.6,4.0,0.1088094719999999,15.0,RM/RCM,78,50,89,78,50,33,56,39,89,22,44,44,56,89,67,72,61,56,17,89,39,56,50,33,56,56,33,33,33,17,78,33,44,72,56,33,78,78,78,83,44,56,33,61,78,44,78,67,44,22,33,22,67,22,33,33,44,78,67,67,67,56,17,89,33,56,50,33,56,56,33,33,33,17,78,33,44,72,44,33,67,67,67,78,44,44,33,56,Austrian Bundesliga
Austria Wien,84gk4ytf9vr8oml51cqyit78w,bt14dhf0l9mchdmbh7ygtzeqy,J. Hettwer,Julian Hettwer,23,Attacker,Germany,Striker,8.0,16.0,3.0,24.0,1.0,2.0,8.0,5.0,3.0,1.0,3.0,3.0,5.0,1.0,1.0,257.0,2.0,11.0,2.0,1.0,1.0,0.0,0.0,1.0,0.0,0.0,0.0,46.15,50.0,0.0,33.33,25.0,29.41,20.0,100.0,0.8979322609942845,0.0813742976995765,6.0,4.0,0.11073572,0.0,2.0,5.0,0.1956562,10.0,2.801556420233463,5.603112840466926,1.050583657587549,8.40466926070039,0.3501945525291828,0.7003891050583657,2.801556420233463,1.7509727626459144,1.050583657587549,0.3501945525291828,1.050583657587549,1.050583657587549,1.7509727626459144,0.3501945525291828,0.3501945525291828,0.7003891050583657,3.852140077821012,0.7003891050583657,0.3501945525291828,0.3501945525291828,0.0,0.0,0.3501945525291828,0.0,0.0,0.0,46.15,50.0,0.0,33.33,25.0,29.41,20.0,100.0,0.3144509863404109,0.0284968357702797,2.1011673151750974,1.4007782101167314,0.0387790459143968,0.0,0.7003891050583657,1.7509727626459144,0.0685177354085603,3.501945525291829,ST,19,13,72,9,15,20,44,41,80,30,19,15,4,22,52,28,28,37,20,33,28,52,37,37,52,52,4,59,28,39,19,7,15,81,44,7,96,43,41,13,44,61,52,22,22,19,78,22,15,26,67,41,85,33,19,15,4,22,59,30,30,48,22,41,28,52,37,37,52,52,4,59,28,39,19,7,15,81,67,15,96,48,48,13,52,67,52,26,Austrian Bundesliga
Austria Wien,84gk4ytf9vr8oml51cqyit78w,etu1zuv8gi4y40rkt50ot0zu2,K. Boateng,Kelvin Boateng,26,Attacker,Ghana,Striker,9.0,16.0,0.0,25.0,6.0,3.0,2.0,1.0,1.0,1.0,8.0,8.0,14.0,4.0,0.0,224.0,1.0,7.0,4.0,3.0,1.0,0.0,0.0,0.0,0.0,0.0,0.0,60.98,0.0,0.0,37.5,50.0,45.16,46.15,100.0,0.1555140995445962,0.2074637973995159,0.0,3.0,0.08669159,3.0,1.0,2.0,0.1176009699999998,11.0,3.616071428571429,6.428571428571429,0.0,10.044642857142858,2.4107142857142856,1.2053571428571428,0.8035714285714286,0.4017857142857143,0.4017857142857143,0.4017857142857143,3.2142857142857144,3.2142857142857144,5.625,1.6071428571428572,0.0,0.4017857142857143,2.8125,1.6071428571428572,1.2053571428571428,0.4017857142857143,0.0,0.0,0.0,0.0,0.0,0.0,60.98,0.0,0.0,37.5,50.0,45.16,46.15,100.0,0.0624833435670252,0.0833559900265912,0.0,1.2053571428571428,0.0348314424107142,1.2053571428571428,0.4017857142857143,0.8035714285714286,0.0472503897321427,4.419642857142857,ST,22,13,19,19,67,37,6,4,26,30,67,63,56,72,20,11,7,69,63,33,28,52,13,37,52,52,19,19,28,52,74,74,59,81,4,44,11,30,30,78,22,26,41,28,44,22,19,37,85,67,7,4,33,44,93,89,78,85,20,11,15,89,78,48,28,52,13,37,52,52,19,19,28,52,74,74,59,81,4,48,11,44,41,81,33,30,41,52,Austrian Bundesliga
Austria Wien,84gk4ytf9vr8oml51cqyit78w,qsrfvvtj7x8lm6vualbotexh,J. Handl,Johannes Handl,28,Defender,Austria,Defender,115.0,77.0,16.0,191.0,7.0,1.0,0.0,0.0,0.0,0.0,0.0,0.0,18.0,29.0,10.0,324.0,0.0,5.0,3.0,0.0,5.0,1.0,0.0,0.0,0.0,0.0,0.0,88.43,48.48,50.0,0.0,0.0,62.07,87.5,62.5,0.0,0.0,0.0,0.0,0.0,0.0,0.0,0.0,0.0,0.0,31.944444444444443,21.38888888888889,4.444444444444445,53.05555555555556,1.9444444444444444,0.2777777777777778,0.0,0.0,0.0,0.0,0.0,0.0,5.0,8.055555555555555,2.7777777777777777,0.0,1.3888888888888888,0.8333333333333333,0.0,1.3888888888888888,0.2777777777777778,0.0,0.0,0.0,0.0,0.0,88.43,48.48,50.0,0.0,0.0,62.07,87.5,62.5,0.0,0.0,0.0,0.0,0.0,0.0,0.0,0.0,0.0,0.0,RB/RCB,71,57,82,57,64,21,11,14,11,25,18,11,57,82,100,14,46,50,18,64,64,46,39,36,54,54,79,50,100,18,14,79,100,64,11,11,14,11,11,14,7,7,7,7,86,86,93,93,79,29,11,14,11,25,18,11,71,93,100,14,43,64,18,93,64,46,39,36,54,54,79,50,100,18,14,79,100,64,11,11,14,11,11,14,7,7,7,7,Austrian Bundesliga
Grazer AK,39vgp5h6xs9igypqgqq2dobf9,12ct3w7p1k04qqcbz7253c38q,Anderson,Anderson dos Santos Gomes,28,Midfielder,Brazil,Midfielder,29.0,49.0,9.0,72.0,10.0,5.0,9.0,9.0,0.0,0.0,4.0,4.0,15.0,13.0,1.0,312.0,4.0,13.0,0.0,0.0,2.0,6.0,0.0,0.0,0.0,0.0,0.0,75.0,56.25,60.0,0.0,44.44,38.46,58.82,40.0,1.169727659248846,0.5420606545500237,0.0,7.0,0.19485336,1.0,8.0,15.0,1.2797074299999995,33.0,8.365384615384615,14.134615384615383,2.5961538461538463,20.76923076923077,2.8846153846153846,1.4423076923076923,2.5961538461538463,2.5961538461538463,0.0,0.0,1.1538461538461535,1.1538461538461535,4.326923076923077,3.75,0.2884615384615384,1.1538461538461535,3.75,0.0,0.0,0.5769230769230769,1.7307692307692306,0.0,0.0,0.0,0.0,0.0,75.0,56.25,60.0,0.0,44.44,38.46,58.82,40.0,0.3374214401679363,0.1563636503509684,0.0,2.019230769230769,0.0562077,0.2884615384615384,2.3076923076923075,4.326923076923077,0.3691463740384614,9.519230769230768,RM/RCM,22,22,56,22,94,44,100,100,17,22,33,33,44,78,22,100,89,17,17,33,72,56,50,33,56,56,22,56,100,17,100,22,100,17,100,44,22,22,44,17,28,33,89,22,22,22,67,22,100,44,100,100,17,22,44,44,56,100,22,100,100,17,17,33,89,56,50,33,56,56,22,56,100,17,100,22,100,17,100,67,22,44,44,11,33,56,100,22,Austrian Bundesliga
Grazer AK,39vgp5h6xs9igypqgqq2dobf9,1tt9jeekqwpyi6lnj4vyouuj8,L. Vraa,Ludwig Vraa,21,Defender,Denmark,Defender,50.0,23.0,6.0,73.0,6.0,1.0,0.0,0.0,0.0,0.0,1.0,2.0,7.0,12.0,3.0,180.0,0.0,0.0,0.0,1.0,0.0,0.0,0.0,0.0,0.0,0.0,0.0,86.9,46.15,0.0,100.0,0.0,38.89,50.0,0.0,0.0,0.0318083249006316,0.0,0.0,0.0,0.0,2.0,3.0,0.11475366,49.0,25.0,11.5,3.0,36.5,3.0,0.5,0.0,0.0,0.0,0.0,0.5,1.0,3.5,6.0,1.5,0.0,0.0,0.0,0.5,0.0,0.0,0.0,0.0,0.0,0.0,0.0,86.9,46.15,0.0,100.0,0.0,38.89,50.0,0.0,0.0,0.0159041624503158,0.0,0.0,0.0,0.0,1.0,1.5,0.05737683,24.5,CB,17,26,26,9,46,46,13,20,35,35,57,72,20,30,24,28,7,22,67,7,41,46,37,46,52,52,35,22,41,87,28,4,35,7,17,57,39,26,26,30,39,39,39,39,22,39,61,30,67,72,13,20,35,35,67,91,33,61,61,28,7,22,93,7,41,46,37,46,52,52,35,22,41,87,28,4,35,7,17,61,39,26,26,30,39,43,48,52,Austrian Bundesliga
Grazer AK,39vgp5h6xs9igypqgqq2dobf9,1txuey6whn44u8ssg0v2mdtjp,D. Maderner,Daniel Maderner,30,Attacker,Austria,Striker,5.0,20.0,0.0,24.0,7.0,1.0,6.0,4.0,2.0,3.0,2.0,2.0,12.0,7.0,1.0,268.0,1.0,10.0,2.0,1.0,2.0,1.0,0.0,0.0,0.0,0.0,0.0,58.54,0.0,14.29,50.0,16.67,32.43,70.0,100.0,0.5440747207855243,0.0855895178341121,1.0,1.0,0.06442595,0.0,1.0,2.0,0.0456121399999999,6.0,1.67910447761194,6.716417910447761,0.0,8.059701492537313,2.3507462686567164,0.335820895522388,2.014925373134328,1.343283582089552,0.6716417910447761,1.007462686567164,0.6716417910447761,0.6716417910447761,4.029850746268656,2.3507462686567164,0.335820895522388,0.335820895522388,3.3582089552238803,0.6716417910447761,0.335820895522388,0.6716417910447761,0.335820895522388,0.0,0.0,0.0,0.0,0.0,58.54,0.0,14.29,50.0,16.67,32.43,70.0,100.0,0.182711659965288,0.0287427485263809,0.335820895522388,0.335820895522388,0.0216355802238805,0.0,0.335820895522388,0.6716417910447761,0.0153175097014925,2.014925373134328,ST,11,28,19,9,76,6,24,20,57,87,7,6,44,93,52,11,22,37,20,61,65,52,13,37,52,52,15,19,57,67,11,19,89,81,11,11,28,9,19,13,22,26,19,6,11,30,19,19,81,7,22,26,70,93,7,7,56,100,56,7,19,44,19,74,70,52,13,37,52,52,15,19,57,67,11,19,89,81,15,19,30,11,15,13,26,22,22,7,Austrian Bundesliga
Grazer AK,39vgp5h6xs9igypqgqq2dobf9,2bi4tetdl242ijihyrr7ivd62,C. Lichtenberger,Christian Lichtenberger,30,Midfielder,Austria,Midfielder,34.0,50.0,1.0,83.0,5.0,4.0,5.0,4.0,1.0,2.0,11.0,11.0,26.0,4.0,1.0,308.0,2.0,9.0,8.0,3.0,7.0,1.0,0.0,0.0,1.0,0.0,0.0,89.25,100.0,20.0,27.27,40.0,53.06,41.67,70.0,0.4374770130380922,0.3255146800180924,1.0,5.0,0.11104021,2.0,4.0,4.0,0.53374082,21.0,9.935064935064936,14.61038961038961,0.2922077922077922,24.25324675324676,1.4610389610389611,1.168831168831169,1.4610389610389611,1.168831168831169,0.2922077922077922,0.5844155844155845,3.2142857142857144,3.2142857142857144,7.597402597402597,1.168831168831169,0.2922077922077922,0.5844155844155845,2.62987012987013,2.337662337662338,0.8766233766233766,2.0454545454545454,0.2922077922077922,0.0,0.0,0.2922077922077922,0.0,0.0,89.25,100.0,20.0,27.27,40.0,53.06,41.67,70.0,0.1278341921215204,0.0951179259793127,0.2922077922077922,1.4610389610389611,0.0324468146103896,0.5844155844155845,1.168831168831169,1.168831168831169,0.1559632266233766,6.136363636363637,CM/AM,48,35,10,38,88,40,46,83,21,60,83,81,88,65,25,67,77,90,56,88,48,52,38,73,52,52,77,94,52,23,85,65,73,69,54,58,17,25,23,33,15,12,62,23,50,27,4,38,88,42,42,81,19,58,85,81,92,77,23,62,69,92,62,96,46,52,38,77,52,52,77,94,52,23,85,65,73,69,46,54,15,27,23,38,15,12,69,19,Austrian Bundesliga
Grazer AK,39vgp5h6xs9igypqgqq2dobf9,2wcwp6hm07q5k8bkbglsicn6y,M. Gragger,Matthias Gragger,24,Defender,Austria,Defender,32.0,24.0,3.0,55.0,7.0,0.0,5.0,4.0,1.0,0.0,8.0,8.0,18.0,3.0,4.0,265.0,1.0,5.0,2.0,4.0,4.0,1.0,0.0,0.0,0.0,0.0,0.0,69.62,37.5,20.0,50.0,20.0,46.15,58.33,80.0,0.6431295952834214,0.0,2.0,0.0,0.0,0.0,3.0,1.0,0.0998332599999999,16.0,10.867924528301886,8.150943396226415,1.018867924528302,18.679245283018865,2.3773584905660377,0.0,1.6981132075471697,1.3584905660377358,0.3396226415094339,0.0,2.7169811320754715,2.7169811320754715,6.113207547169811,1.018867924528302,1.3584905660377358,0.3396226415094339,1.6981132075471697,0.6792452830188679,1.3584905660377358,1.3584905660377358,0.3396226415094339,0.0,0.0,0.0,0.0,0.0,69.62,37.5,20.0,50.0,20.0,46.15,58.33,80.0,0.2184213719830487,0.0,0.6792452830188679,0.0,0.0,0.0,1.018867924528302,0.3396226415094339,0.033905635471698,5.433962264150943,RB/RCB,14,7,14,14,64,7,75,82,43,25,75,75,57,7,64,54,46,21,79,46,64,46,39,36,54,54,14,14,61,64,39,46,57,89,86,11,79,11,11,14,21,14,14,14,29,7,14,14,93,7,86,93,64,25,100,100,93,14,86,71,71,50,100,86,71,46,39,36,54,54,14,14,61,64,39,46,57,89,93,11,93,11,11,14,21,14,14,14,Austrian Bundesliga
Grazer AK,39vgp5h6xs9igypqgqq2dobf9,2y7n86mdkvx5cjaz2e838ncdm,D. Pines,Donovan Pines,28,Defender,USA,Defender,164.0,48.0,10.0,212.0,17.0,4.0,2.0,2.0,0.0,0.0,1.0,1.0,27.0,42.0,8.0,450.0,1.0,8.0,5.0,1.0,3.0,0.0,0.0,1.0,0.0,0.0,0.0,89.08,71.43,0.0,100.0,50.0,64.29,70.83,75.0,0.2920959710293863,0.248785654620338,0.0,2.0,0.03379056,0.0,7.0,9.0,0.4392596199999998,146.0,32.8,9.6,2.0,42.4,3.4,0.8,0.4,0.4,0.0,0.0,0.2,0.2,5.4,8.4,1.6,0.2,1.6,1.0,0.2,0.6,0.0,0.0,0.2,0.0,0.0,0.0,89.08,71.43,0.0,100.0,50.0,64.29,70.83,75.0,0.0584191942058772,0.0497571309240676,0.0,0.4,0.0067581119999999,0.0,1.4,1.8,0.0878519239999999,29.2,CB,74,48,43,61,85,96,57,67,35,35,57,50,78,96,80,70,91,100,67,50,41,46,85,46,52,52,48,87,41,87,80,70,83,89,70,91,39,65,61,30,57,59,74,74,67,30,30,43,83,91,46,59,35,35,52,43,65,91,70,65,83,96,57,39,41,46,85,46,52,52,48,87,41,87,80,70,83,89,61,87,39,65,61,30,52,52,74,65,Austrian Bundesliga
Grazer AK,39vgp5h6xs9igypqgqq2dobf9,33foe5q4tn6trs7tt7pa9ij56,T. Koch,Tobias Koch,25,Midfielder,Austria,Midfielder,46.0,66.0,5.0,111.0,1.0,4.0,3.0,0.0,3.0,2.0,1.0,1.0,7.0,8.0,2.0,268.0,1.0,1.0,3.0,0.0,0.0,1.0,0.0,0.0,0.0,0.0,0.0,80.43,31.25,20.0,0.0,33.33,38.89,33.33,0.0,0.2443396102975586,0.2507852510357525,2.0,10.0,0.1998491199999999,8.0,20.0,19.0,0.3446004799999999,64.0,15.44776119402985,22.16417910447761,1.67910447761194,37.276119402985074,0.335820895522388,1.343283582089552,1.007462686567164,0.0,1.007462686567164,0.6716417910447761,0.335820895522388,0.335820895522388,2.3507462686567164,2.686567164179104,0.6716417910447761,0.335820895522388,0.335820895522388,1.007462686567164,0.0,0.0,0.335820895522388,0.0,0.0,0.0,0.0,0.0,80.43,31.25,20.0,0.0,33.33,38.89,33.33,0.0,0.0820543467417174,0.0842189275866333,0.6716417910447761,3.3582089552238803,0.0671135104477611,2.686567164179104,6.716417910447761,6.380597014925373,0.1157240417910447,21.49253731343284,CM/AM,77,54,44,58,37,40,19,19,40,60,12,10,13,98,42,40,13,35,10,12,48,52,38,33,52,52,50,8,52,10,71,23,63,12,23,31,33,69,54,85,81,71,38,77,77,73,54,73,35,54,27,19,58,65,8,4,15,100,46,42,12,42,10,12,50,52,38,33,52,52,50,8,52,10,71,23,63,12,31,50,42,69,54,88,85,88,46,73,Austrian Bundesliga
Grazer AK,39vgp5h6xs9igypqgqq2dobf9,4fubr17m88vjkkqx9i7vdrtas,I. Guerti,Ismaël Guerti,22,Midfielder,Morocco,Midfielder,18.0,37.0,1.0,53.0,4.0,6.0,6.0,3.0,3.0,1.0,10.0,10.0,19.0,0.0,5.0,211.0,2.0,10.0,5.0,6.0,2.0,2.0,0.0,0.0,0.0,0.0,0.0,79.1,100.0,40.0,60.0,33.33,51.35,57.14,50.0,0.505254392317931,0.5503941108565923,3.0,9.0,0.18640367,8.0,6.0,7.0,0.4586177799999998,20.0,7.677725118483412,15.781990521327014,0.4265402843601895,22.606635071090047,1.706161137440758,2.559241706161137,2.559241706161137,1.2796208530805686,1.2796208530805686,0.4265402843601895,4.265402843601896,4.265402843601896,8.104265402843602,0.0,2.132701421800948,0.8530805687203791,4.265402843601896,2.132701421800948,2.559241706161137,0.8530805687203791,0.8530805687203791,0.0,0.0,0.0,0.0,0.0,79.1,100.0,40.0,60.0,33.33,51.35,57.14,50.0,0.215511352173525,0.2347652605549445,1.2796208530805686,3.838862559241706,0.0795086744075829,3.4123222748815163,2.559241706161137,2.985781990521327,0.1956189582938387,8.530805687203792,CM/AM,29,21,10,23,79,73,63,73,40,35,77,75,67,10,92,67,83,73,85,29,65,52,38,33,52,52,42,94,92,73,71,58,90,35,65,73,58,56,50,85,27,29,54,19,35,38,15,31,96,85,85,85,73,42,96,96,96,10,100,81,92,85,96,54,73,52,38,33,52,52,42,94,92,73,71,58,90,35,77,77,88,85,73,96,31,35,88,31,Austrian Bundesliga
Grazer AK,39vgp5h6xs9igypqgqq2dobf9,7n8ifzk5kyqs2f717xmeiqhp0,L. Hermesh,Liam Hermesh,22,Midfielder,Israel,Midfielder,53.0,42.0,3.0,94.0,3.0,1.0,1.0,0.0,1.0,0.0,2.0,2.0,10.0,3.0,0.0,304.0,0.0,1.0,1.0,1.0,2.0,1.0,0.0,0.0,1.0,0.0,0.0,77.69,42.86,33.33,50.0,0.0,55.56,0.0,40.0,0.0,0.0,0.0,0.0,0.0,0.0,0.0,0.0,0.0,0.0,15.69078947368421,12.43421052631579,0.8881578947368421,27.82894736842105,0.8881578947368421,0.2960526315789473,0.2960526315789473,0.0,0.2960526315789473,0.0,0.5921052631578947,0.5921052631578947,2.960526315789474,0.8881578947368421,0.0,0.0,0.2960526315789473,0.2960526315789473,0.2960526315789473,0.5921052631578947,0.2960526315789473,0.0,0.0,0.2960526315789473,0.0,0.0,77.69,42.86,33.33,50.0,0.0,55.56,0.0,40.0,0.0,0.0,0.0,0.0,0.0,0.0,0.0,0.0,0.0,0.0,DM/CM,28,28,14,33,39,28,22,25,33,19,22,19,14,19,6,31,14,8,39,11,67,53,42,86,50,50,28,19,78,67,31,72,11,11,14,14,17,11,11,17,11,11,11,11,39,22,11,33,44,33,22,25,39,19,22,17,17,28,6,31,11,6,50,17,78,53,42,94,50,50,28,19,78,67,31,72,11,11,14,14,17,11,11,17,11,11,11,11,Austrian Bundesliga
Grazer AK,39vgp5h6xs9igypqgqq2dobf9,8ydi45wh0naevno6aos78vi09,L. Klassen,Leon Klassen,26,Defender,Russia,Defender,84.0,70.0,12.0,148.0,6.0,9.0,7.0,3.0,4.0,0.0,3.0,3.0,17.0,18.0,3.0,450.0,1.0,7.0,4.0,2.0,2.0,6.0,0.0,0.0,0.0,0.0,0.0,79.14,50.0,33.33,66.67,14.29,47.22,50.0,40.0,0.7024537070570875,0.8343819503825058,2.0,9.0,0.2424739,5.0,6.0,9.0,0.78904132,53.0,16.8,14.0,2.4,29.6,1.2,1.8,1.4,0.6,0.8,0.0,0.6,0.6,3.4,3.6,0.6,0.2,1.4,0.8,0.4,0.4,1.2,0.0,0.0,0.0,0.0,0.0,79.14,50.0,33.33,66.67,14.29,47.22,50.0,40.0,0.1404907414114175,0.1668763900765011,0.4,1.8,0.04849478,1.0,1.2,1.8,0.157808264,10.6,LB/LCB,67,61,72,78,39,92,92,86,92,25,58,53,44,72,42,75,72,75,64,19,89,53,47,33,53,53,56,81,75,75,61,17,36,11,94,94,81,72,72,75,36,44,67,64,50,50,72,44,39,83,89,78,89,25,44,39,17,50,33,67,56,56,50,11,89,53,47,33,53,53,56,81,75,75,61,17,36,11,94,89,78,67,67,72,28,33,72,39,Austrian Bundesliga
Grazer AK,39vgp5h6xs9igypqgqq2dobf9,asy97k3lexwyp0i2ehys39ej9,P. Michorl,Peter Michorl,31,Midfielder,Austria,Midfielder,113.0,111.0,13.0,212.0,3.0,13.0,8.0,3.0,5.0,2.0,1.0,1.0,14.0,6.0,2.0,533.0,2.0,7.0,6.0,0.0,4.0,12.0,0.0,0.0,2.0,0.0,0.0,80.92,40.62,42.86,0.0,25.0,41.18,23.08,80.0,0.6403897089400149,1.4863476358810426,1.0,10.0,0.2541777499999998,9.0,18.0,21.0,0.6417255999999999,88.0,19.080675422138835,18.74296435272045,2.195121951219512,35.79737335834896,0.5065666041275797,2.195121951219512,1.350844277673546,0.5065666041275797,0.8442776735459662,0.3377110694183864,0.1688555347091932,0.1688555347091932,2.363977485928705,1.0131332082551594,0.3377110694183864,0.3377110694183864,1.1819887429643527,1.0131332082551594,0.0,0.6754221388367729,2.026266416510319,0.0,0.0,0.3377110694183864,0.0,0.0,80.92,40.62,42.86,0.0,25.0,41.18,23.08,80.0,0.1081333467253308,0.2509780248204387,0.1688555347091932,1.6885553470919323,0.0429193198874296,1.5196998123827392,3.0393996247654784,3.545966228893058,0.1083589193245778,14.859287054409004,DM/CM,83,83,72,89,39,100,92,89,89,72,8,8,33,50,25,89,83,69,11,39,100,53,42,100,50,50,50,11,89,11,72,19,22,89,78,100,47,75,78,97,67,67,89,64,72,78,50,61,28,100,83,83,72,67,6,6,6,33,17,89,67,56,11,28,100,53,42,100,50,50,50,11,89,11,72,19,22,89,72,100,33,61,67,100,56,56,78,50,Austrian Bundesliga
Grazer AK,39vgp5h6xs9igypqgqq2dobf9,bdraninn142eeupmojvb9smj8,A. Hofleitner,Alexander Hofleitner,26,Attacker,Austria,Striker,12.0,35.0,3.0,46.0,24.0,5.0,11.0,10.0,1.0,2.0,2.0,2.0,34.0,12.0,1.0,467.0,5.0,20.0,4.0,0.0,4.0,1.0,0.0,2.0,0.0,0.0,0.0,49.46,37.5,100.0,0.0,45.45,52.31,63.16,66.67,1.3218191886834134,0.585471986754173,0.0,5.0,0.26073636,2.0,1.0,5.0,0.4464813699999999,21.0,2.312633832976445,6.745182012847965,0.5781584582441113,8.86509635974304,4.62526766595289,0.9635974304068522,2.119914346895075,1.9271948608137044,0.1927194860813704,0.3854389721627408,0.3854389721627408,0.3854389721627408,6.552462526766595,2.312633832976445,0.1927194860813704,0.9635974304068522,3.854389721627409,0.7708779443254817,0.0,0.7708779443254817,0.1927194860813704,0.0,0.3854389721627408,0.0,0.0,0.0,49.46,37.5,100.0,0.0,45.45,52.31,63.16,66.67,0.2547403147355614,0.1128318604023031,0.0,0.9635974304068522,0.0502489773019271,0.3854389721627408,0.1927194860813704,0.9635974304068522,0.0860456601713061,4.047109207708779,ST,37,59,72,57,100,72,63,80,26,63,7,6,96,98,52,72,69,69,7,94,65,52,67,37,52,52,7,48,96,7,63,89,85,52,70,81,11,52,74,63,22,61,81,65,19,33,59,30,96,43,33,46,11,41,4,4,89,94,41,56,33,59,7,85,56,52,44,37,52,52,7,48,96,7,63,89,85,52,41,74,11,37,56,54,7,48,70,33,Austrian Bundesliga
Grazer AK,39vgp5h6xs9igypqgqq2dobf9,dfcmlql3kr8w0alm2jelembkk,B. Owusu,Beres Owusu,22,Defender,France,Defender,152.0,113.0,36.0,263.0,6.0,2.0,3.0,0.0,3.0,0.0,0.0,0.0,22.0,27.0,10.0,540.0,1.0,0.0,4.0,0.0,9.0,2.0,1.0,0.0,0.0,0.0,0.0,80.67,59.02,33.33,0.0,33.33,56.41,46.15,75.0,0.0,0.0,0.0,0.0,0.0,0.0,0.0,0.0,0.0,0.0,25.33333333333333,18.83333333333333,6.0,43.833333333333336,1.0,0.3333333333333333,0.5,0.0,0.5,0.0,0.0,0.0,3.6666666666666665,4.5,1.6666666666666667,0.1666666666666666,0.0,0.6666666666666666,0.0,1.5,0.3333333333333333,0.1666666666666666,0.0,0.0,0.0,0.0,80.67,59.02,33.33,0.0,33.33,56.41,46.15,75.0,0.0,0.0,0.0,0.0,0.0,0.0,0.0,0.0,0.0,0.0,CB,70,80,100,74,46,67,70,20,98,35,24,20,70,72,91,70,7,91,26,100,100,93,37,46,52,52,9,48,89,26,61,35,22,89,17,28,39,26,26,30,17,15,13,13,26,65,96,52,33,50,52,20,96,35,24,20,39,28,74,57,7,83,26,83,96,91,37,46,52,52,9,48,89,26,61,35,22,89,17,28,39,26,26,30,17,15,13,13,Austrian Bundesliga
Grazer AK,39vgp5h6xs9igypqgqq2dobf9,dyp3e34ujihgh0ash8zrdi4x6,Y. Oberleitner,Yannick Oberleitner,24,Defender,Germany,Defender,106.0,65.0,15.0,171.0,20.0,1.0,4.0,3.0,1.0,1.0,2.0,2.0,32.0,28.0,4.0,357.0,2.0,4.0,2.0,1.0,5.0,0.0,0.0,1.0,0.0,0.0,0.0,78.8,41.67,0.0,50.0,50.0,68.09,71.43,55.56,0.5125263923948903,0.0435850030960927,1.0,1.0,0.02385149,2.0,10.0,11.0,0.2302137199999998,79.0,26.72268907563025,16.386554621848738,3.7815126050420167,43.10924369747899,5.042016806722689,0.2521008403361344,1.0084033613445378,0.7563025210084033,0.2521008403361344,0.2521008403361344,0.5042016806722689,0.5042016806722689,8.067226890756302,7.0588235294117645,1.0084033613445378,0.5042016806722689,1.0084033613445378,0.5042016806722689,0.2521008403361344,1.2605042016806722,0.0,0.0,0.2521008403361344,0.0,0.0,0.0,78.8,41.67,0.0,50.0,50.0,68.09,71.43,55.56,0.1292083342171992,0.0109878159065779,0.2521008403361344,0.2521008403361344,0.0060129806722689,0.5042016806722689,2.5210084033613445,2.773109243697479,0.0580370722689075,19.915966386554626,CB,52,57,76,52,93,46,80,78,80,80,74,72,96,78,48,87,63,67,67,74,41,46,85,46,52,52,4,17,41,59,80,78,87,61,78,61,87,54,57,74,65,65,57,48,35,57,70,48,100,43,83,83,83,83,74,65,100,70,39,83,57,70,65,74,41,46,91,46,52,52,4,17,41,59,80,78,87,61,83,57,87,57,57,74,70,70,52,39,Austrian Bundesliga
LASK,boxkkgnpn38ywao4kzu7dx58h,1rn4qptr6959e85myhn419ono,Alemão,João Victor Tornich,23,Defender,Brazil,Defender,151.0,138.0,21.0,289.0,20.0,3.0,5.0,4.0,1.0,2.0,3.0,3.0,29.0,26.0,11.0,423.0,0.0,13.0,2.0,0.0,5.0,0.0,0.0,0.0,1.0,0.0,0.0,89.47,67.74,0.0,0.0,0.0,60.42,76.92,71.43,0.6470040278098494,0.2483704849169078,0.0,17.0,0.3762368299999999,7.0,41.0,34.0,0.50113136,200.0,32.12765957446808,29.361702127659573,4.468085106382978,61.48936170212766,4.25531914893617,0.6382978723404255,1.0638297872340423,0.851063829787234,0.2127659574468085,0.425531914893617,0.6382978723404255,0.6382978723404255,6.170212765957446,5.531914893617021,2.3404255319148937,0.0,2.7659574468085104,0.425531914893617,0.0,1.0638297872340423,0.0,0.0,0.0,0.2127659574468085,0.0,0.0,89.47,67.74,0.0,0.0,0.0,60.42,76.92,71.43,0.1376604314489041,0.052844784024874,0.0,3.617021276595744,0.0800503893617021,1.4893617021276595,8.72340425531915,7.234042553191489,0.1066236936170212,42.5531914893617,CB,65,87,87,83,93,87,91,89,80,98,87,87,85,63,96,28,96,67,26,74,41,46,37,93,52,52,61,74,41,26,28,52,96,80,87,87,39,100,100,100,100,100,78,96,61,83,74,78,91,83,91,91,78,96,87,83,78,57,91,28,96,65,26,61,41,46,37,96,52,52,61,74,41,26,28,52,96,80,91,96,39,100,96,100,96,96,83,100,Austrian Bundesliga
LASK,boxkkgnpn38ywao4kzu7dx58h,3yksjl7hdgm7780gjzpb8fpey,C. Lang,Christoph Lang,24,Midfielder,Austria,Striker,7.0,89.0,6.0,96.0,2.0,7.0,11.0,9.0,2.0,1.0,11.0,12.0,18.0,2.0,1.0,358.0,9.0,29.0,5.0,5.0,3.0,0.0,0.0,4.0,0.0,0.0,0.0,84.21,85.71,0.0,45.45,81.82,43.9,22.22,50.0,1.0572701661188262,0.5454180911012576,4.0,18.0,0.5640192199999999,9.0,8.0,10.0,0.6623717599999999,38.0,1.759776536312849,22.37430167597765,1.5083798882681565,24.134078212290504,0.5027932960893855,1.759776536312849,2.76536312849162,2.2625698324022347,0.5027932960893855,0.2513966480446927,2.76536312849162,3.016759776536313,4.5251396648044695,0.5027932960893855,0.2513966480446927,2.2625698324022347,7.290502793296089,1.2569832402234635,1.2569832402234635,0.7541899441340782,0.0,0.0,1.005586592178771,0.0,0.0,0.0,84.21,85.71,0.0,45.45,81.82,43.9,22.22,50.0,0.2657941758399283,0.137116279885791,1.005586592178771,4.5251396648044695,0.1417925413407821,2.2625698324022347,2.011173184357542,2.5139664804469275,0.1665180402234636,9.553072625698324,ST,15,100,94,93,22,83,63,65,57,30,91,93,78,52,52,98,96,85,83,83,28,52,94,37,52,52,93,93,28,63,100,67,19,33,52,78,81,100,100,100,85,91,96,93,15,100,93,89,19,78,63,70,44,19,74,78,70,44,44,96,93,78,81,81,28,52,96,37,52,52,93,93,28,63,100,67,19,33,56,78,70,100,100,100,85,89,93,85,Austrian Bundesliga
LASK,boxkkgnpn38ywao4kzu7dx58h,4dgua5urcqxx0lgqm5qfn2a22,K. Daněk,Krystof Danek,23,Midfielder,Czechia,Midfielder,35.0,82.0,7.0,111.0,4.0,7.0,5.0,3.0,2.0,1.0,7.0,7.0,10.0,2.0,2.0,316.0,2.0,12.0,3.0,2.0,1.0,6.0,0.0,0.0,1.0,0.0,0.0,87.4,100.0,50.0,28.57,40.0,35.71,57.14,100.0,0.4989129856009747,0.8274892617513738,2.0,18.0,0.5139408599999999,9.0,8.0,13.0,0.5071566799999999,40.0,9.968354430379748,23.35443037974684,1.993670886075949,31.61392405063291,1.139240506329114,1.993670886075949,1.4240506329113924,0.8544303797468354,0.569620253164557,0.2848101265822785,1.993670886075949,1.993670886075949,2.848101265822785,0.569620253164557,0.569620253164557,0.569620253164557,3.4177215189873418,0.8544303797468354,0.569620253164557,0.2848101265822785,1.7088607594936709,0.0,0.0,0.2848101265822785,0.0,0.0,87.4,100.0,50.0,28.57,40.0,35.71,57.14,100.0,0.1420954705825561,0.2356773213848849,0.569620253164557,5.1265822784810124,0.146375561392405,2.5632911392405062,2.278481012658228,3.702531645569621,0.144443358227848,11.39240506329114,RM/RCM,33,33,28,33,72,56,56,67,56,61,67,67,11,33,44,72,78,56,44,11,72,56,50,78,56,56,89,100,89,33,78,11,83,100,67,78,50,89,89,100,28,22,22,33,33,78,56,56,67,89,89,78,56,67,78,78,11,33,44,89,78,78,44,11,78,56,50,89,56,56,89,100,89,33,78,11,83,100,78,89,56,100,100,100,22,33,44,33,Austrian Bundesliga
LASK,boxkkgnpn38ywao4kzu7dx58h,60ec97acf09gi9lhall1z0s9g,M. Usor,Moses Usor,24,Attacker,Nigeria,Striker,16.0,54.0,1.0,65.0,0.0,9.0,15.0,13.0,2.0,5.0,9.0,9.0,10.0,0.0,2.0,282.0,5.0,24.0,2.0,6.0,2.0,5.0,0.0,2.0,3.0,0.0,0.0,84.42,50.0,21.74,66.67,33.33,35.71,0.0,100.0,1.881224419857967,0.9040755792661762,2.0,9.0,0.3281628899999999,2.0,5.0,7.0,0.42206167,22.0,5.1063829787234045,17.23404255319149,0.3191489361702128,20.74468085106383,0.0,2.872340425531915,4.787234042553192,4.148936170212766,0.6382978723404256,1.5957446808510638,2.872340425531915,2.872340425531915,3.191489361702128,0.0,0.6382978723404256,1.5957446808510638,7.659574468085107,0.6382978723404256,1.9148936170212767,0.6382978723404256,1.5957446808510638,0.0,0.6382978723404256,0.9574468085106383,0.0,0.0,84.42,50.0,21.74,66.67,33.33,35.71,0.0,100.0,0.6003907722950959,0.288534759340269,0.6382978723404256,2.872340425531915,0.1047328372340425,0.6382978723404256,1.5957446808510638,2.2340425531914896,0.1347005329787234,7.0212765957446805,ST,59,85,44,74,7,98,94,96,57,98,78,72,30,4,76,72,81,37,94,61,96,52,67,100,52,52,96,59,63,87,43,33,7,81,96,96,48,83,89,63,74,81,78,76,67,85,48,78,7,96,96,96,63,100,78,70,37,4,85,85,96,41,96,70,96,52,81,96,52,52,96,59,63,87,43,33,7,81,96,96,59,78,89,67,78,85,81,81,Austrian Bundesliga
LASK,boxkkgnpn38ywao4kzu7dx58h,61zjhp2dn7uy819kdei4qqqga,G. Bello,George Bello,24,Defender,USA,Defender,48.0,89.0,5.0,134.0,3.0,6.0,4.0,2.0,2.0,3.0,16.0,16.0,24.0,4.0,2.0,384.0,0.0,13.0,8.0,8.0,4.0,3.0,0.0,0.0,0.0,0.0,0.0,84.28,41.67,17.65,50.0,0.0,55.81,33.33,80.0,0.4269507768349529,0.4570066015810179,1.0,8.0,0.31372228,5.0,3.0,6.0,0.5570391,40.0,11.25,20.859375,1.171875,31.40625,0.703125,1.40625,0.9375,0.46875,0.46875,0.703125,3.75,3.75,5.625,0.9375,0.46875,0.0,3.046875,1.875,1.875,0.9375,0.703125,0.0,0.0,0.0,0.0,0.0,84.28,41.67,17.65,50.0,0.0,55.81,33.33,80.0,0.1000665883206921,0.107110922245551,0.234375,1.875,0.073528659375,1.171875,0.703125,1.40625,0.1305560390625,9.375,LB/LCB,22,83,47,67,28,67,78,64,75,92,100,100,75,8,25,31,100,100,97,39,58,53,47,33,53,53,72,72,44,47,31,56,19,78,72,61,64,67,78,75,22,31,56,22,22,78,28,56,22,72,78,44,72,89,94,94,67,6,22,31,94,100,94,28,67,53,47,33,53,53,72,72,44,47,31,56,19,78,72,67,56,78,83,78,22,28,56,33,Austrian Bundesliga
LASK,boxkkgnpn38ywao4kzu7dx58h,73wkaux439sdodxdjhn1152sq,M. Bogarde,Melayro Bogarde,24,Defender,Suriname,Defender,39.0,84.0,13.0,122.0,1.0,5.0,3.0,0.0,3.0,2.0,5.0,5.0,12.0,1.0,2.0,229.0,1.0,2.0,3.0,1.0,5.0,1.0,0.0,1.0,2.0,0.0,0.0,87.14,86.67,100.0,20.0,33.33,46.15,50.0,71.43,0.1676427333321763,0.447367718238536,3.0,9.0,0.22701583,3.0,24.0,29.0,0.6870799599999999,85.0,15.327510917030567,33.01310043668123,5.109170305676856,47.94759825327511,0.3930131004366812,1.9650655021834065,1.1790393013100438,0.0,1.1790393013100438,0.7860262008733625,1.9650655021834065,1.9650655021834065,4.716157205240175,0.3930131004366812,0.7860262008733625,0.3930131004366812,0.7860262008733625,1.1790393013100438,0.3930131004366812,1.9650655021834065,0.3930131004366812,0.0,0.3930131004366812,0.7860262008733625,0.0,0.0,87.14,86.67,100.0,20.0,33.33,46.15,50.0,71.43,0.0658857903925583,0.1758213739802106,1.1790393013100438,3.537117903930131,0.0892201951965065,1.1790393013100438,9.43231441048035,11.397379912663755,0.2700314253275109,33.4061135371179,CB,9,67,61,39,4,100,70,20,98,98,100,100,39,4,11,70,35,83,67,74,89,46,85,100,52,52,39,100,98,52,61,13,35,80,57,100,100,87,96,85,80,91,100,54,13,91,83,61,4,100,96,20,100,100,100,100,57,4,17,78,43,100,74,96,100,46,96,100,52,52,39,100,98,52,61,13,35,80,70,100,100,96,100,91,100,100,100,74,Austrian Bundesliga
LASK,boxkkgnpn38ywao4kzu7dx58h,92xu5nknn8kjr94ttztazx4yy,R. Ljubičić,Robert Ljubicic,27,Midfielder,Austria,Midfielder,34.0,79.0,12.0,113.0,0.0,5.0,4.0,0.0,4.0,0.0,2.0,2.0,5.0,1.0,0.0,204.0,1.0,1.0,4.0,1.0,0.0,0.0,0.0,0.0,0.0,0.0,0.0,91.13,80.0,0.0,50.0,25.0,22.73,0.0,0.0,0.3338680452884977,0.2814833194762421,2.0,8.0,0.1722884,6.0,17.0,16.0,0.3796067699999998,66.0,15.0,34.85294117647059,5.294117647058823,49.85294117647059,0.0,2.2058823529411766,1.7647058823529411,0.0,1.7647058823529411,0.0,0.8823529411764706,0.8823529411764706,2.2058823529411766,0.4411764705882353,0.0,0.4411764705882353,0.4411764705882353,1.7647058823529411,0.4411764705882353,0.0,0.0,0.0,0.0,0.0,0.0,0.0,91.13,80.0,0.0,50.0,25.0,22.73,0.0,0.0,0.1472947258625725,0.1241838174159891,0.8823529411764706,3.5294117647058822,0.0760095882352941,2.647058823529412,7.5,7.0588235294117645,0.1674735749999999,29.11764705882353,CM/AM,48,69,87,63,12,60,31,19,67,12,21,21,6,23,8,40,13,58,23,12,19,52,38,33,52,52,92,81,19,48,46,4,19,12,35,42,33,46,46,67,69,58,42,81,73,85,100,85,12,77,65,19,92,12,23,23,12,23,8,58,23,77,31,12,19,52,38,33,52,52,92,81,19,48,46,4,19,12,62,62,65,77,69,81,92,96,73,88,Austrian Bundesliga
LASK,boxkkgnpn38ywao4kzu7dx58h,asfp0raljd6unoqtw4fq1c6hh,A. Schöpf,Alessandro Schöpf,32,Midfielder,Austria,Midfielder,43.0,84.0,8.0,127.0,1.0,4.0,4.0,4.0,0.0,1.0,1.0,1.0,10.0,0.0,3.0,206.0,1.0,7.0,5.0,1.0,2.0,0.0,0.0,1.0,0.0,0.0,0.0,90.07,88.89,0.0,100.0,25.0,58.82,0.0,66.67,0.5344009819489004,0.2766023769945557,0.0,11.0,0.2983133599999999,4.0,16.0,14.0,0.2309970499999999,62.0,18.78640776699029,36.6990291262136,3.4951456310679614,55.48543689320389,0.4368932038834952,1.7475728155339807,1.7475728155339807,1.7475728155339807,0.0,0.4368932038834952,0.4368932038834952,0.4368932038834952,4.368932038834951,0.0,1.3106796116504855,0.4368932038834952,3.058252427184466,2.184466019417476,0.4368932038834952,0.8737864077669903,0.0,0.0,0.4368932038834952,0.0,0.0,0.0,90.07,88.89,0.0,100.0,25.0,58.82,0.0,66.67,0.2334761571621409,0.1208456986869418,0.0,4.805825242718447,0.1303310796116504,1.7475728155339807,6.990291262135923,6.116504854368932,0.1009210412621358,27.087378640776706,CM/AM,65,73,65,77,37,40,31,83,10,35,12,10,35,10,58,40,62,73,23,29,19,52,85,33,52,52,85,85,19,96,46,85,19,62,69,38,8,77,77,44,63,44,19,71,85,88,85,88,54,65,62,88,10,46,19,19,62,10,81,54,77,88,27,58,19,52,96,33,52,52,85,85,19,96,46,85,19,62,85,58,8,88,96,69,88,81,27,85,Austrian Bundesliga
LASK,boxkkgnpn38ywao4kzu7dx58h,c9epkro6fot3km9zak1kswfhm,X. Mbuyamba,Xavier Mbuyamba,24,Defender,Netherlands,Defender,144.0,139.0,26.0,282.0,15.0,2.0,5.0,4.0,1.0,1.0,3.0,3.0,31.0,23.0,6.0,450.0,3.0,7.0,2.0,2.0,7.0,1.0,0.0,1.0,0.0,0.0,0.0,88.12,70.27,25.0,66.67,60.0,70.45,68.18,58.33,0.6576878414040899,0.2172735294233937,1.0,9.0,0.1884967599999998,5.0,25.0,26.0,0.6189998999999999,137.0,28.8,27.8,5.2,56.4,3.0,0.4,1.0,0.8,0.2,0.2,0.6,0.6,6.2,4.6,1.2,0.6,1.4,0.4,0.4,1.4,0.2,0.0,0.2,0.0,0.0,0.0,88.12,70.27,25.0,66.67,60.0,70.45,68.18,58.33,0.1315375682808179,0.0434547058846787,0.2,1.8,0.0376993519999999,1.0,5.0,5.2,0.1237999799999999,27.4,CB,61,91,96,78,76,67,91,89,80,80,87,87,91,46,74,93,85,67,91,93,89,46,85,46,52,52,43,83,83,67,93,91,76,65,91,83,87,87,87,91,87,83,96,65,48,78,87,70,67,59,78,87,70,74,78,74,83,39,46,91,70,54,80,78,83,46,85,46,52,52,43,83,83,67,93,91,76,65,87,83,78,83,83,87,78,83,91,57,Austrian Bundesliga
LASK,boxkkgnpn38ywao4kzu7dx58h,cgay77hw96w3z8ooc3pfnlbvu,S. Adeniran,Samuel Adeniran,27,Attacker,USA,Striker,6.0,25.0,3.0,31.0,7.0,1.0,11.0,8.0,3.0,0.0,4.0,5.0,9.0,3.0,0.0,213.0,6.0,14.0,0.0,2.0,0.0,0.0,0.0,4.0,1.0,0.0,0.0,77.5,75.0,0.0,50.0,54.55,45.0,58.33,0.0,1.2439513393478263,0.0,4.0,4.0,0.1489893899999999,0.0,2.0,4.0,0.0530816599999999,11.0,2.535211267605634,10.56338028169014,1.267605633802817,13.098591549295774,2.9577464788732395,0.4225352112676056,4.647887323943662,3.380281690140845,1.267605633802817,0.0,1.6901408450704225,2.112676056338028,3.8028169014084505,1.267605633802817,0.0,2.535211267605634,5.915492957746479,0.0,0.8450704225352113,0.0,0.0,0.0,1.6901408450704225,0.4225352112676056,0.0,0.0,77.5,75.0,0.0,50.0,54.55,45.0,58.33,0.0,0.5256132419779548,0.0,1.6901408450704225,1.6901408450704225,0.0629532633802816,0.0,0.8450704225352113,1.6901408450704225,0.0224288704225351,4.647887323943662,LW,20,20,60,20,100,20,80,60,100,20,40,40,20,80,20,90,40,20,40,20,40,60,100,90,60,60,40,80,40,50,100,60,80,20,80,20,60,20,20,20,20,40,20,20,20,40,80,20,100,20,100,100,100,20,40,40,40,100,20,100,80,20,40,20,40,60,100,100,60,60,40,80,40,50,100,60,80,20,100,20,100,40,40,20,40,40,20,40,Austrian Bundesliga
LASK,boxkkgnpn38ywao4kzu7dx58h,dcejci3stfhs89yw087s3rkr9,S. Horvath,Sascha Horvath,30,Midfielder,Austria,Midfielder,41.0,172.0,8.0,204.0,1.0,12.0,7.0,3.0,4.0,2.0,12.0,12.0,14.0,2.0,2.0,377.0,1.0,5.0,4.0,5.0,3.0,9.0,0.0,0.0,1.0,0.0,0.0,85.36,44.44,52.94,41.67,14.29,41.18,50.0,75.0,0.6145355738187804,1.170738270594598,3.0,32.0,0.81200223,15.0,24.0,29.0,0.74714673,96.0,9.787798408488063,41.06100795755968,1.909814323607427,48.700265251989386,0.2387267904509283,2.8647214854111405,1.6710875331564985,0.7161803713527851,0.9549071618037136,0.4774535809018567,2.8647214854111405,2.8647214854111405,3.342175066312997,0.4774535809018567,0.4774535809018567,0.2387267904509283,1.1936339522546418,0.9549071618037136,1.1936339522546418,0.7161803713527851,2.1485411140583555,0.0,0.0,0.2387267904509283,0.0,0.0,85.36,44.44,52.94,41.67,14.29,41.18,50.0,75.0,0.146706105155677,0.2794865897971188,0.7161803713527851,7.639257294429708,0.1938466862068965,3.580901856763925,5.729442970822281,6.9230769230769225,0.1783639408488063,22.917771883289124,CM/AM,58,92,65,85,37,96,73,73,67,60,88,87,46,38,42,40,46,58,71,48,96,52,38,73,52,52,69,12,100,42,27,27,81,83,77,92,58,100,100,100,87,92,88,85,46,92,65,81,31,92,54,62,50,50,81,77,35,31,42,35,46,38,77,31,96,52,38,73,52,52,69,12,100,42,27,27,81,83,58,92,46,100,100,100,81,92,77,77,Austrian Bundesliga
LASK,boxkkgnpn38ywao4kzu7dx58h,de0dokhb6u6hts2hu5aupgiga,K. Jørgensen,Kasper Jørgensen,26,Defender,Denmark,Defender,48.0,84.0,10.0,132.0,3.0,8.0,14.0,8.0,6.0,3.0,9.0,10.0,18.0,4.0,4.0,398.0,3.0,29.0,8.0,2.0,3.0,0.0,0.0,0.0,1.0,0.0,0.0,77.65,52.63,0.0,22.22,21.43,54.55,75.0,60.0,1.2698568476976702,0.6914496728262386,3.0,16.0,0.4521186899999999,7.0,10.0,13.0,1.1119830199999998,50.0,10.85427135678392,18.99497487437186,2.2613065326633164,29.84924623115577,0.6783919597989949,1.809045226130653,3.165829145728643,1.809045226130653,1.3567839195979898,0.6783919597989949,2.0351758793969847,2.2613065326633164,4.0703517587939695,0.9045226130653266,0.9045226130653266,0.6783919597989949,6.557788944723618,1.809045226130653,0.4522613065326633,0.6783919597989949,0.0,0.0,0.0,0.2261306532663316,0.0,0.0,77.65,52.63,0.0,22.22,21.43,54.55,75.0,60.0,0.2871535585245988,0.1563579662169886,0.6783919597989949,3.618090452261306,0.102237894723618,1.5829145728643217,2.2613065326633164,2.939698492462312,0.2514534467336682,11.306532663316585,RB/RCB,29,71,39,29,36,86,100,100,100,100,86,89,57,18,64,93,100,100,54,32,29,46,39,86,54,54,29,64,29,36,50,61,86,46,100,86,89,86,93,79,54,50,86,43,21,64,57,36,36,86,100,100,100,100,86,93,57,7,71,93,100,100,57,36,29,46,39,100,54,54,29,64,29,36,50,61,86,46,100,86,86,86,93,71,57,50,93,36,Austrian Bundesliga
LASK,boxkkgnpn38ywao4kzu7dx58h,dg2scgqi9fb7fa7bjhm8kq21,A. Andrade,Andrés Andrade,27,Defender,Panama,Defender,131.0,177.0,41.0,305.0,10.0,6.0,11.0,7.0,4.0,4.0,5.0,5.0,27.0,20.0,7.0,449.0,5.0,10.0,3.0,3.0,8.0,3.0,0.0,1.0,1.0,0.0,0.0,87.9,64.06,18.75,60.0,45.45,75.0,62.5,72.73,1.2572160997344706,0.6640764063460134,4.0,10.0,0.23678172,13.0,43.0,54.0,1.5232633200000003,185.0,26.258351893095767,35.478841870824056,8.21826280623608,61.1358574610245,2.0044543429844097,1.2026726057906458,2.2048997772828507,1.4031180400890868,0.8017817371937639,0.8017817371937639,1.0022271714922049,1.0022271714922049,5.412026726057906,4.008908685968819,1.4031180400890868,1.0022271714922049,2.0044543429844097,0.6013363028953229,0.6013363028953229,1.6035634743875278,0.6013363028953229,0.0,0.2004454342984409,0.2004454342984409,0.0,0.0,87.9,64.06,18.75,60.0,45.45,75.0,62.5,72.73,0.252003227118268,0.1331110836773746,0.8017817371937639,2.0044543429844097,0.0474618146993318,2.6057906458797326,8.619153674832962,10.824053452115812,0.3053311777282851,37.08240534521158,LB/LCB,89,97,100,94,86,67,100,100,92,100,75,75,83,83,89,100,89,53,81,81,58,53,97,78,53,53,89,94,50,64,89,94,78,56,100,72,97,78,67,92,100,100,94,94,83,94,100,94,67,67,100,100,94,100,67,61,61,56,72,100,83,28,72,72,56,53,94,67,53,53,89,94,50,64,89,94,78,56,100,72,94,83,61,89,94,100,94,94,Austrian Bundesliga
Austria Lustenau,9ws0f9wf5r8mdigwo0xpzv06v,1r1x4nrnpc9s4gr2ebc7uqqxh,A. Gashi,Albin Gashi,29,Attacker,Austria,Striker,18.0,40.0,3.0,55.0,3.0,4.0,5.0,3.0,2.0,1.0,1.0,1.0,11.0,1.0,2.0,219.0,1.0,9.0,3.0,1.0,2.0,3.0,0.0,0.0,0.0,0.0,0.0,79.71,50.0,23.08,100.0,20.0,61.11,60.0,50.0,0.4173004920328459,0.4821944253378967,3.0,9.0,0.27548376,4.0,5.0,11.0,0.23166367,30.0,7.397260273972603,16.438356164383563,1.2328767123287672,22.6027397260274,1.2328767123287672,1.6438356164383563,2.054794520547945,1.2328767123287672,0.8219178082191781,0.4109589041095891,0.4109589041095891,0.4109589041095891,4.52054794520548,0.4109589041095891,0.8219178082191781,0.4109589041095891,3.6986301369863015,1.2328767123287672,0.4109589041095891,0.8219178082191781,1.2328767123287672,0.0,0.0,0.0,0.0,0.0,79.71,50.0,23.08,100.0,20.0,61.11,60.0,50.0,0.1714933528902106,0.1981620926046151,1.2328767123287672,3.6986301369863015,0.113212504109589,1.6438356164383563,2.054794520547945,4.52054794520548,0.0952042479452054,12.328767123287673,LW,60,60,60,40,80,70,30,30,60,40,20,20,40,40,40,30,20,80,20,50,100,60,30,40,60,60,60,40,100,100,30,100,100,50,40,80,30,70,40,70,60,80,40,60,80,100,60,80,80,100,50,40,80,60,20,20,80,60,50,40,40,80,20,80,100,60,30,40,60,60,60,40,100,100,30,100,100,50,40,100,50,100,100,100,80,100,60,80,Austrian Bundesliga
Austria Lustenau,9ws0f9wf5r8mdigwo0xpzv06v,1tdgu7e7tuua9xz579zaeee39,F. Gmeiner,Fabian Gmeiner,29,Defender,Austria,Defender,41.0,45.0,7.0,86.0,2.0,5.0,4.0,2.0,2.0,2.0,4.0,4.0,10.0,18.0,4.0,434.0,1.0,3.0,3.0,3.0,1.0,0.0,0.0,0.0,0.0,0.0,0.0,78.18,38.89,0.0,75.0,25.0,41.67,20.0,50.0,0.4041173181466332,0.3599983470017761,1.0,5.0,0.1101004199999999,3.0,6.0,9.0,0.3853309700000001,36.0,8.502304147465438,9.331797235023044,1.4516129032258065,17.83410138248848,0.4147465437788019,1.036866359447005,0.8294930875576038,0.4147465437788019,0.4147465437788019,0.4147465437788019,0.8294930875576038,0.8294930875576038,2.0737327188940093,3.7327188940092166,0.8294930875576038,0.2073732718894009,0.6221198156682028,0.6221198156682028,0.6221198156682028,0.2073732718894009,0.0,0.0,0.0,0.0,0.0,0.0,78.18,38.89,0.0,75.0,25.0,41.67,20.0,50.0,0.0838031304912373,0.0746540350925342,0.2073732718894009,1.036866359447005,0.0228318843317972,0.6221198156682028,1.2442396313364057,1.8663594470046083,0.0799073440092166,7.465437788018433,RB/RCB,21,21,21,21,29,79,61,50,75,82,50,50,14,57,64,54,25,50,64,11,29,46,39,36,54,54,36,21,29,71,57,29,21,14,64,71,50,61,50,36,29,29,57,29,7,14,21,7,21,79,64,64,71,93,50,50,14,57,64,64,29,43,64,7,29,46,39,36,54,54,36,21,29,71,57,29,21,14,71,64,64,64,57,36,29,29,43,29,Austrian Bundesliga
Austria Lustenau,9ws0f9wf5r8mdigwo0xpzv06v,3vl9r8fkxs6nd1ytqwk2fcdg4,A. Verinac,Antonio Verinac,21,Attacker,Germany,Striker,15.0,14.0,0.0,29.0,16.0,4.0,10.0,9.0,1.0,1.0,6.0,7.0,21.0,6.0,0.0,306.0,3.0,20.0,2.0,2.0,1.0,0.0,0.0,2.0,1.0,0.0,0.0,61.7,0.0,0.0,33.33,30.0,36.21,50.0,100.0,1.267576401277398,0.2040321378765703,4.0,3.0,0.09448665,0.0,1.0,3.0,0.0983585799999998,8.0,4.411764705882353,4.11764705882353,0.0,8.529411764705882,4.705882352941177,1.1764705882352942,2.9411764705882355,2.647058823529412,0.2941176470588235,0.2941176470588235,1.7647058823529411,2.058823529411765,6.176470588235294,1.7647058823529411,0.0,0.8823529411764706,5.882352941176471,0.5882352941176471,0.5882352941176471,0.2941176470588235,0.0,0.0,0.5882352941176471,0.2941176470588235,0.0,0.0,61.7,0.0,0.0,33.33,30.0,36.21,50.0,100.0,0.3728165886109994,0.0600094523166383,1.1764705882352942,0.8823529411764706,0.0277901911764705,0.0,0.2941176470588235,0.8823529411764706,0.028928994117647,2.3529411764705883,ST,52,7,19,30,93,54,56,65,26,30,41,54,89,87,20,46,69,37,41,33,28,52,67,83,52,52,22,19,28,39,30,41,72,81,67,41,81,30,33,13,22,44,37,15,59,11,19,26,100,59,70,81,22,26,41,52,85,89,20,48,70,33,41,33,28,52,74,89,52,52,22,19,28,39,30,41,72,81,78,41,85,30,33,13,22,41,37,11,Austrian Bundesliga
Austria Lustenau,9ws0f9wf5r8mdigwo0xpzv06v,5p17yyr5wxvp6ou11e712jkt0,S. Diarra,Seydou Diarra,22,Attacker,Mali,Striker,49.0,78.0,8.0,127.0,1.0,4.0,5.0,3.0,2.0,2.0,22.0,24.0,18.0,5.0,5.0,439.0,1.0,16.0,2.0,8.0,6.0,0.0,0.0,0.0,0.0,0.0,0.0,82.47,72.73,0.0,36.36,20.0,33.33,20.0,85.71,0.369465075009678,0.3081708449136985,3.0,12.0,0.3276692699999999,6.0,13.0,17.0,0.5292800799999999,64.0,10.045558086560364,15.990888382687926,1.6400911161731206,26.03644646924829,0.20501138952164,0.8200455580865603,1.0250569476082003,0.6150341685649202,0.4100227790432801,0.4100227790432801,4.5102505694760815,4.920273348519362,3.6902050113895215,1.0250569476082003,1.0250569476082003,0.20501138952164,3.2801822323462413,0.4100227790432801,1.6400911161731206,1.2300683371298404,0.0,0.0,0.0,0.0,0.0,0.0,82.47,72.73,0.0,36.36,20.0,33.33,20.0,85.71,0.075744548407451,0.0631785331258151,0.6150341685649202,2.460136674259681,0.0671759323462414,1.2300683371298404,2.665148063781321,3.4851936218678814,0.1085084446469248,13.120728929384963,LW,100,100,100,100,40,70,30,30,60,60,60,60,60,100,90,30,60,50,60,100,40,60,30,40,60,60,100,60,40,20,30,20,20,100,20,60,30,100,100,100,100,100,80,100,100,80,100,100,20,60,20,20,40,40,60,60,20,80,80,20,20,40,60,100,40,60,30,40,60,60,100,60,40,20,30,20,20,100,20,60,20,80,60,80,100,80,80,100,Austrian Bundesliga
Austria Lustenau,9ws0f9wf5r8mdigwo0xpzv06v,6sc9zsev9an853nop6pn6mxg5,Danilo Soares,Danilo Teodoro Soares,34,Defender,Brazil,Defender,67.0,73.0,3.0,136.0,9.0,9.0,3.0,0.0,3.0,1.0,1.0,3.0,29.0,16.0,9.0,423.0,0.0,1.0,4.0,0.0,10.0,4.0,0.0,0.0,2.0,0.0,0.0,80.47,25.0,23.53,0.0,0.0,76.32,90.0,62.5,0.1666745003349667,0.7495186130346709,3.0,3.0,0.07767033,0.0,7.0,17.0,0.8941445699999999,97.0,14.25531914893617,15.53191489361702,0.6382978723404255,28.936170212765955,1.9148936170212765,1.9148936170212765,0.6382978723404255,0.0,0.6382978723404255,0.2127659574468085,0.2127659574468085,0.6382978723404255,6.170212765957446,3.404255319148936,1.9148936170212765,0.0,0.2127659574468085,0.851063829787234,0.0,2.127659574468085,0.851063829787234,0.0,0.0,0.425531914893617,0.0,0.0,80.47,25.0,23.53,0.0,0.0,76.32,90.0,62.5,0.0354626596457375,0.1594720453265257,0.6382978723404255,0.6382978723404255,0.0165256021276595,0.0,1.4893617021276595,3.617021276595744,0.1902435255319148,20.638297872340424,LB/LCB,50,72,11,72,72,92,61,11,83,61,25,53,89,50,94,31,8,75,17,94,72,53,47,97,53,53,61,25,61,17,31,100,100,44,44,83,89,42,44,22,47,72,83,83,33,67,6,39,61,89,50,11,83,61,22,44,83,44,94,31,6,67,17,89,72,53,47,100,53,53,61,25,61,17,31,100,100,44,33,78,89,39,50,22,44,61,78,78,Austrian Bundesliga
Austria Lustenau,9ws0f9wf5r8mdigwo0xpzv06v,86hx9k1anf6wz98ijvtrqbqsq,D. Weixelbraun,Dominik Weixelbraun,22,Attacker,Austria,Striker,9.0,22.0,1.0,29.0,7.0,5.0,8.0,5.0,3.0,3.0,3.0,3.0,13.0,10.0,0.0,407.0,4.0,17.0,2.0,0.0,4.0,2.0,1.0,2.0,1.0,0.0,0.0,52.73,20.0,33.33,0.0,50.0,33.33,43.75,80.0,0.6051704432401639,0.4151676450683521,1.0,3.0,0.1717163,0.0,4.0,5.0,0.4171865199999999,16.0,1.9901719901719903,4.864864864864865,0.2211302211302211,6.412776412776413,1.547911547911548,1.1056511056511056,1.769041769041769,1.1056511056511056,0.6633906633906634,0.6633906633906634,0.6633906633906634,0.6633906633906634,2.8746928746928746,2.211302211302211,0.0,0.8845208845208845,3.7592137592137593,0.4422604422604422,0.0,0.8845208845208845,0.4422604422604422,0.2211302211302211,0.4422604422604422,0.2211302211302211,0.0,0.0,52.73,20.0,33.33,0.0,50.0,33.33,43.75,80.0,0.1338214739351713,0.0918061131600778,0.2211302211302211,0.6633906633906634,0.0379716633906633,0.0,0.8845208845208845,1.1056511056511056,0.0922525474201474,3.538083538083538,RW,17,17,33,17,83,50,75,83,67,75,17,17,17,100,33,75,58,33,17,75,33,100,92,67,58,58,17,17,83,17,67,33,67,92,50,50,25,17,17,17,50,17,50,33,17,17,17,17,100,50,67,50,67,83,17,17,17,100,33,50,50,33,17,67,33,100,100,67,58,58,17,17,83,17,67,33,67,92,50,33,17,17,17,17,50,17,50,17,Austrian Bundesliga
Austria Lustenau,9ws0f9wf5r8mdigwo0xpzv06v,8ikvcyvko9qou241buomqqv6y,S. Delaye,Sacha Delaye,24,Midfielder,France,Midfielder,9.0,41.0,7.0,46.0,1.0,8.0,10.0,2.0,8.0,3.0,1.0,1.0,9.0,2.0,4.0,229.0,3.0,3.0,3.0,0.0,2.0,4.0,0.0,0.0,0.0,0.0,0.0,69.7,53.85,26.67,0.0,30.0,42.86,20.0,40.0,0.6046005766526393,0.8067256672167904,5.0,6.0,0.1500811799999999,1.0,5.0,6.0,0.1421768599999998,25.0,3.537117903930131,16.11353711790393,2.7510917030567685,18.07860262008733,0.3930131004366812,3.14410480349345,3.930131004366813,0.7860262008733625,3.14410480349345,1.1790393013100438,0.3930131004366812,0.3930131004366812,3.537117903930131,0.7860262008733625,1.572052401746725,1.1790393013100438,1.1790393013100438,1.1790393013100438,0.0,0.7860262008733625,1.572052401746725,0.0,0.0,0.0,0.0,0.0,69.7,53.85,26.67,0.0,30.0,42.86,20.0,40.0,0.2376159471560591,0.3170537556747211,1.9650655021834065,2.3580786026200875,0.0589838698689956,0.3930131004366812,1.9650655021834065,2.3580786026200875,0.0558773685589518,9.825327510917033,CM/AM,8,29,56,19,37,77,87,58,96,81,12,10,25,38,77,85,33,35,10,29,79,52,38,33,52,52,12,27,73,10,60,31,42,27,73,77,88,37,42,19,19,21,12,31,12,46,77,15,46,96,100,65,100,96,15,15,46,54,96,88,42,65,10,50,88,52,38,33,52,52,12,27,73,10,60,31,42,27,88,96,100,50,46,15,23,23,15,35,Austrian Bundesliga
Austria Lustenau,9ws0f9wf5r8mdigwo0xpzv06v,awzjn4g0whq7jh00b3anozx1w,L. Afrifa,Lord Afrifa,20,Midfielder,Ghana,Midfielder,40.0,53.0,10.0,92.0,2.0,5.0,4.0,0.0,4.0,3.0,10.0,10.0,27.0,2.0,6.0,380.0,0.0,5.0,11.0,5.0,6.0,1.0,0.0,0.0,0.0,0.0,0.0,80.0,58.82,33.33,50.0,0.0,60.0,50.0,66.67,0.3654607096346262,0.2747023910330466,2.0,9.0,0.22721505,6.0,14.0,15.0,0.2431427,33.0,9.473684210526317,12.552631578947368,2.3684210526315788,21.789473684210527,0.4736842105263157,1.1842105263157894,0.9473684210526316,0.0,0.9473684210526316,0.7105263157894737,2.3684210526315788,2.3684210526315788,6.394736842105263,0.4736842105263157,1.4210526315789471,0.0,1.1842105263157894,2.6052631578947367,1.1842105263157894,1.4210526315789471,0.2368421052631578,0.0,0.0,0.0,0.0,0.0,80.0,58.82,33.33,50.0,0.0,60.0,50.0,66.67,0.0865564838608325,0.0650610926130899,0.4736842105263157,2.131578947368421,0.0538140907894736,1.4210526315789471,3.3157894736842106,3.552631578947368,0.0575864289473684,7.815789473684211,DM/CM,17,42,44,28,22,81,61,25,75,89,94,89,72,8,83,31,58,89,92,72,67,53,42,39,50,50,44,72,78,67,31,89,58,69,50,72,67,64,72,86,50,50,39,28,11,28,61,11,22,83,72,25,94,94,89,83,94,6,89,31,72,100,100,78,72,53,42,39,50,50,44,72,78,67,31,89,58,69,61,78,67,72,89,89,72,61,33,28,Austrian Bundesliga
Austria Lustenau,9ws0f9wf5r8mdigwo0xpzv06v,azzajp7eh833i06qu80r60zkk,D. Kacuri,Dion Kacuri,22,Midfielder,Switzerland,Midfielder,87.0,86.0,12.0,172.0,9.0,4.0,12.0,2.0,10.0,5.0,7.0,8.0,29.0,6.0,4.0,440.0,5.0,3.0,7.0,5.0,6.0,1.0,0.0,1.0,0.0,1.0,1.0,85.15,70.59,10.0,71.43,41.67,64.44,64.29,75.0,0.933937719125744,0.3098734516629211,9.0,12.0,0.2600616799999999,1.0,20.0,26.0,0.4719906099999998,94.0,17.795454545454543,17.59090909090909,2.454545454545454,35.18181818181818,1.8409090909090908,0.8181818181818181,2.454545454545454,0.409090909090909,2.0454545454545454,1.0227272727272727,1.4318181818181817,1.6363636363636362,5.931818181818182,1.227272727272727,0.8181818181818181,1.0227272727272727,0.6136363636363635,1.4318181818181817,1.0227272727272727,1.227272727272727,0.2045454545454545,0.0,0.2045454545454545,0.0,0.2045454545454545,0.2045454545454545,85.15,70.59,10.0,71.43,41.67,64.44,64.29,75.0,0.1910327152757203,0.0633832060219611,1.8409090909090908,2.454545454545454,0.0531944345454545,0.2045454545454545,4.090909090909091,5.3181818181818175,0.0965435338636363,19.227272727272727,DM/CM,61,61,64,56,83,69,100,69,100,100,78,75,89,50,58,100,42,78,92,72,67,53,92,39,100,100,61,89,56,83,94,100,94,78,100,83,100,83,83,33,78,75,67,72,61,67,72,50,89,72,100,78,100,100,72,72,83,44,44,100,44,67,89,67,67,53,94,39,100,100,61,89,56,83,94,100,94,78,94,72,100,89,83,33,78,94,72,78,Austrian Bundesliga
Austria Lustenau,9ws0f9wf5r8mdigwo0xpzv06v,b6a0z8jjsky6q1rf0bt3eixw4,E. Chukwu,Emmanuel Chukwu,19,Defender,Nigeria,Defender,86.0,15.0,12.0,101.0,8.0,0.0,1.0,1.0,0.0,0.0,0.0,0.0,21.0,27.0,0.0,296.0,0.0,2.0,2.0,0.0,6.0,0.0,0.0,0.0,0.0,0.0,0.0,82.79,50.0,0.0,0.0,0.0,63.64,57.14,54.55,0.1093953331188748,0.0,0.0,0.0,0.0,0.0,0.0,0.0,0.0317379499999999,15.0,26.14864864864865,4.560810810810811,3.6486486486486487,30.70945945945946,2.4324324324324325,0.0,0.304054054054054,0.304054054054054,0.0,0.0,0.0,0.0,6.385135135135135,8.20945945945946,0.0,0.0,0.6081081081081081,0.6081081081081081,0.0,1.8243243243243243,0.0,0.0,0.0,0.0,0.0,0.0,82.79,50.0,0.0,0.0,0.0,63.64,57.14,54.55,0.0332620945293876,0.0,0.0,0.0,0.0,0.0,0.0,0.0,0.0096500523648648,4.560810810810811,CB,37,13,52,30,61,20,37,50,35,35,24,20,61,72,4,28,35,67,26,87,41,46,37,46,52,52,13,30,41,26,28,63,52,57,39,28,39,26,26,30,17,15,26,30,30,9,65,17,57,20,30,48,35,35,24,20,87,87,4,28,39,74,26,87,41,46,37,46,52,52,13,30,41,26,28,63,52,57,43,28,39,26,26,30,17,15,26,26,Austrian Bundesliga
Austria Lustenau,9ws0f9wf5r8mdigwo0xpzv06v,dv0v95r1v2adxh0pr8j0il5re,N. Pertlwieser,Niklas Pertlwieser,22,Defender,Austria,Defender,88.0,28.0,14.0,116.0,10.0,1.0,3.0,3.0,0.0,1.0,1.0,1.0,24.0,31.0,3.0,446.0,0.0,5.0,1.0,1.0,6.0,0.0,0.0,0.0,0.0,0.0,0.0,73.89,34.15,0.0,100.0,0.0,58.54,50.0,50.0,0.5911674705180353,0.0852229876420856,0.0,1.0,0.01689528,0.0,2.0,4.0,0.1076969,45.0,17.757847533632287,5.650224215246636,2.825112107623318,23.408071748878925,2.0179372197309418,0.2017937219730941,0.6053811659192825,0.6053811659192825,0.0,0.2017937219730941,0.2017937219730941,0.2017937219730941,4.84304932735426,6.255605381165919,0.6053811659192825,0.0,1.0089686098654709,0.2017937219730941,0.2017937219730941,1.210762331838565,0.0,0.0,0.0,0.0,0.0,0.0,73.89,34.15,0.0,100.0,0.0,58.54,50.0,50.0,0.1192938841852537,0.0171974638739634,0.0,0.2017937219730941,0.0034093614349775,0.0,0.4035874439461883,0.8071748878923767,0.0217325582959641,9.080717488789237,LB/LCB,78,6,89,50,86,31,61,86,25,61,25,22,75,94,42,31,44,14,42,58,19,53,47,33,53,53,28,44,19,92,31,61,36,28,89,33,28,33,33,22,17,19,22,33,56,6,83,17,72,28,39,83,25,56,17,17,44,89,39,31,28,11,33,61,19,53,47,33,53,53,28,44,19,92,31,61,36,28,89,33,28,33,33,22,17,17,17,28,Austrian Bundesliga
SCR Altach,3lcvs7iiylixau81d0lruwsak,27tsn0x4k82ifef6onqjnsvoq,O. Diawara,Ousmane Diawara,26,Attacker,Mali,Striker,22.0,46.0,0.0,66.0,21.0,5.0,13.0,10.0,3.0,5.0,13.0,15.0,41.0,12.0,0.0,467.0,4.0,31.0,11.0,5.0,2.0,2.0,0.0,1.0,0.0,0.0,0.0,65.35,0.0,28.57,38.46,30.77,46.59,48.84,50.0,1.1473720148592572,0.4662790326092956,4.0,8.0,0.2287421899999999,2.0,5.0,3.0,0.4091972199999998,22.0,4.23982869379015,8.86509635974304,0.0,12.71948608137045,4.047109207708779,0.9635974304068522,2.505353319057816,1.9271948608137044,0.5781584582441113,0.9635974304068522,2.505353319057816,2.890792291220557,7.901498929336188,2.312633832976445,0.0,0.7708779443254817,5.974304068522484,2.119914346895075,0.9635974304068522,0.3854389721627408,0.3854389721627408,0.0,0.1927194860813704,0.0,0.0,0.0,65.35,0.0,28.57,38.46,30.77,46.59,48.84,50.0,0.2211209450478226,0.089861055534982,0.7708779443254817,1.5417558886509637,0.0440830773019271,0.3854389721627408,0.9635974304068522,0.5781584582441113,0.0788602779443254,4.23982869379015,ST,85,78,19,78,96,72,76,80,80,98,96,98,100,98,20,59,100,100,83,61,81,52,37,37,52,52,41,19,80,56,33,81,67,33,59,70,81,76,63,63,74,44,74,76,56,52,19,52,93,43,48,46,56,89,67,74,100,94,20,37,74,96,63,44,78,52,26,37,52,52,41,19,80,56,33,81,67,33,30,59,63,56,52,54,56,19,59,41,Austrian Bundesliga
SCR Altach,3lcvs7iiylixau81d0lruwsak,3sn7ntq8u22o4nb8tfrddtfit,M. Bähre,Mike-Steven Bähre,31,Midfielder,Germany,Midfielder,149.0,154.0,11.0,303.0,4.0,1.0,3.0,1.0,2.0,1.0,15.0,15.0,34.0,5.0,6.0,540.0,1.0,3.0,9.0,7.0,6.0,0.0,0.0,0.0,0.0,0.0,0.0,89.91,55.0,0.0,46.67,33.33,53.97,50.0,42.86,0.1862131851202984,0.0779470679873408,3.0,14.0,0.31908493,9.0,19.0,26.0,0.4832111299999998,122.0,24.83333333333333,25.666666666666668,1.8333333333333333,50.5,0.6666666666666666,0.1666666666666666,0.5,0.1666666666666666,0.3333333333333333,0.1666666666666666,2.5,2.5,5.666666666666667,0.8333333333333334,1.0,0.1666666666666666,0.5,1.5,1.1666666666666667,1.0,0.0,0.0,0.0,0.0,0.0,0.0,89.91,55.0,0.0,46.67,33.33,53.97,50.0,42.86,0.031035530853383,0.0129911779978901,0.5,2.333333333333333,0.0531808216666666,1.5,3.1666666666666665,4.333333333333333,0.0805351883333333,20.33333333333333,DM/CM,94,100,53,100,53,28,44,53,53,50,100,100,94,36,83,72,42,83,100,72,28,53,42,39,50,50,89,58,28,56,86,61,58,19,28,33,81,97,94,97,72,75,72,94,78,100,33,100,39,19,39,50,44,39,97,92,78,22,61,61,25,81,94,50,28,53,42,39,50,50,89,58,28,56,86,61,58,19,28,28,72,83,78,94,61,72,61,83,Austrian Bundesliga
SCR Altach,3lcvs7iiylixau81d0lruwsak,66vb1gg0epj96hvdx1jz080ve,Y. Massombo,Yann Litawumba,26,Midfielder,France,Midfielder,15.0,54.0,3.0,67.0,3.0,5.0,6.0,3.0,3.0,2.0,7.0,9.0,15.0,2.0,1.0,304.0,2.0,10.0,3.0,5.0,4.0,2.0,0.0,2.0,0.0,0.0,0.0,63.81,25.0,18.18,71.43,33.33,45.45,50.0,100.0,0.4370774310705136,0.4628772473043758,2.0,10.0,0.29075913,5.0,10.0,14.0,0.7022925100000001,28.0,4.440789473684211,15.986842105263158,0.8881578947368421,19.83552631578948,0.8881578947368421,1.480263157894737,1.7763157894736843,0.8881578947368421,0.8881578947368421,0.5921052631578947,2.0723684210526314,2.664473684210526,4.440789473684211,0.5921052631578947,0.2960526315789473,0.5921052631578947,2.960526315789474,0.8881578947368421,1.480263157894737,1.1842105263157894,0.5921052631578947,0.0,0.5921052631578947,0.0,0.0,0.0,63.81,25.0,18.18,71.43,33.33,45.45,50.0,100.0,0.1293979236721915,0.1370360271624796,0.5921052631578947,2.960526315789474,0.0860800055921052,1.480263157894737,2.960526315789474,4.144736842105263,0.2079155457236842,8.289473684210526,CM/AM,23,38,31,31,69,60,63,73,40,60,69,69,52,38,25,67,83,35,71,69,65,52,98,33,52,52,4,4,44,77,71,40,81,98,50,65,33,69,73,56,40,44,81,38,19,42,31,23,73,58,69,69,46,62,65,73,65,46,27,65,73,35,81,73,65,52,100,33,52,52,4,4,44,77,71,40,81,98,50,69,35,65,81,62,46,54,92,27,Austrian Bundesliga
SCR Altach,3lcvs7iiylixau81d0lruwsak,69lu5sbyjmj3efxcabkgx83ro,F. Milojević,Filip Milojevic,21,Midfielder,Austria,Midfielder,154.0,85.0,10.0,239.0,10.0,1.0,5.0,5.0,0.0,1.0,3.0,3.0,31.0,22.0,7.0,540.0,1.0,8.0,5.0,2.0,6.0,0.0,0.0,0.0,0.0,0.0,0.0,86.91,45.45,0.0,66.67,20.0,50.82,47.62,42.86,0.7128100468308967,0.0681937760432769,0.0,8.0,0.17600335,3.0,19.0,17.0,0.5834094299999998,122.0,25.666666666666668,14.166666666666666,1.6666666666666667,39.833333333333336,1.6666666666666667,0.1666666666666666,0.8333333333333334,0.8333333333333334,0.0,0.1666666666666666,0.5,0.5,5.166666666666667,3.6666666666666665,1.1666666666666667,0.1666666666666666,1.3333333333333333,0.8333333333333334,0.3333333333333333,1.0,0.0,0.0,0.0,0.0,0.0,0.0,86.91,45.45,0.0,66.67,20.0,50.82,47.62,42.86,0.1188016744718161,0.0113656293405461,0.0,1.3333333333333333,0.0293338916666666,0.5,3.1666666666666665,2.833333333333333,0.0972349049999999,20.33333333333333,RM/RCM,100,50,67,89,94,11,56,78,17,61,22,22,89,100,94,33,61,78,44,61,17,56,50,33,56,56,78,22,17,61,28,67,67,33,78,22,22,39,22,33,67,44,44,89,89,33,33,89,89,11,22,67,17,44,11,11,89,89,89,22,56,67,33,56,17,56,50,33,56,56,78,22,17,61,28,67,67,33,67,11,22,22,22,33,67,22,22,89,Austrian Bundesliga
SCR Altach,3lcvs7iiylixau81d0lruwsak,7c1iw9zotzvbd0569djoja0np,L. Jäger,Lukas Jäger,32,Midfielder,Austria,Midfielder,175.0,92.0,23.0,266.0,7.0,1.0,2.0,2.0,0.0,0.0,4.0,5.0,17.0,31.0,6.0,540.0,0.0,4.0,2.0,0.0,3.0,1.0,0.0,0.0,0.0,0.0,0.0,85.26,48.94,50.0,0.0,0.0,38.64,36.84,37.5,0.2839754852010749,0.1439022761327439,0.0,3.0,0.06769646,6.0,17.0,19.0,0.3516207899999999,87.0,29.166666666666668,15.333333333333334,3.8333333333333335,44.333333333333336,1.1666666666666667,0.1666666666666666,0.3333333333333333,0.3333333333333333,0.0,0.0,0.6666666666666666,0.8333333333333334,2.833333333333333,5.166666666666667,1.0,0.0,0.6666666666666666,0.3333333333333333,0.0,0.5,0.1666666666666666,0.0,0.0,0.0,0.0,0.0,85.26,48.94,50.0,0.0,0.0,38.64,36.84,37.5,0.0473292475335124,0.0239837126887906,0.0,0.5,0.0112827433333333,1.0,2.833333333333333,3.1666666666666665,0.0586034649999999,14.5,DM/CM,100,72,94,94,69,28,31,69,14,19,50,61,39,100,83,31,50,19,11,25,67,53,42,39,50,50,67,33,94,11,31,11,33,6,39,39,17,33,39,86,61,56,44,56,89,61,94,83,61,19,28,61,14,19,33,50,11,94,61,31,50,11,11,6,56,53,42,39,50,50,67,33,94,11,31,11,33,6,39,39,17,28,33,83,44,50,39,44,Austrian Bundesliga
SCR Altach,3lcvs7iiylixau81d0lruwsak,7yybbynkk0bhuhxhq8ukq40d1,P. Greil,Patrick Greil,30,Midfielder,Austria,Midfielder,44.0,102.0,8.0,133.0,8.0,11.0,17.0,13.0,4.0,1.0,6.0,7.0,25.0,0.0,1.0,460.0,8.0,19.0,4.0,5.0,4.0,13.0,0.0,2.0,0.0,0.0,0.0,79.64,57.14,34.21,83.33,47.06,55.56,57.14,50.0,1.808115932070945,1.3789453410369226,4.0,18.0,0.53096347,7.0,19.0,23.0,0.6127576899999999,62.0,8.608695652173914,19.95652173913044,1.565217391304348,26.021739130434785,1.565217391304348,2.1521739130434785,3.3260869565217392,2.5434782608695654,0.782608695652174,0.1956521739130435,1.173913043478261,1.3695652173913044,4.891304347826087,0.0,0.1956521739130435,1.565217391304348,3.717391304347826,0.782608695652174,0.9782608695652176,0.782608695652174,2.5434782608695654,0.0,0.391304347826087,0.0,0.0,0.0,79.64,57.14,34.21,83.33,47.06,55.56,57.14,50.0,0.3537618127964893,0.269793653681137,0.782608695652174,3.5217391304347827,0.103884157173913,1.3695652173913044,3.717391304347826,4.5,0.1198873741304347,12.130434782608695,CM/AM,69,81,65,81,100,92,100,100,67,35,60,63,85,10,25,100,92,58,71,69,100,52,98,33,52,52,46,37,88,88,96,75,90,35,100,96,75,85,92,75,75,81,69,71,38,65,46,50,92,73,96,100,35,27,35,42,77,10,15,100,88,31,69,46,100,52,92,33,52,52,46,37,88,88,96,75,90,35,100,88,54,73,85,58,54,65,50,46,Austrian Bundesliga
SCR Altach,3lcvs7iiylixau81d0lruwsak,8ulvxwuqi2bzxxarn6hyzk93o,N. Niehoff,Niklas Niehoff,22,Midfielder,Germany,Midfielder,61.0,99.0,7.0,152.0,1.0,9.0,8.0,6.0,2.0,3.0,18.0,22.0,28.0,6.0,2.0,518.0,2.0,21.0,3.0,13.0,9.0,8.0,0.0,0.0,2.0,0.0,0.0,79.58,38.89,36.36,72.22,25.0,52.83,25.0,81.82,0.8349982335993138,1.0049430151086645,3.0,25.0,0.65756588,8.0,16.0,26.0,1.55840671,75.0,10.5984555984556,17.2007722007722,1.2162162162162162,26.409266409266408,0.1737451737451737,1.5637065637065637,1.38996138996139,1.0424710424710424,0.3474903474903475,0.5212355212355212,3.1274131274131274,3.8223938223938223,4.864864864864865,1.0424710424710424,0.3474903474903475,0.3474903474903475,3.6486486486486487,0.5212355212355212,2.258687258687259,1.5637065637065637,1.38996138996139,0.0,0.0,0.3474903474903475,0.0,0.0,79.58,38.89,36.36,72.22,25.0,52.83,25.0,81.82,0.1450769131736259,0.1746039987640536,0.5212355212355212,4.343629343629344,0.114248898069498,1.38996138996139,2.77992277992278,4.517374517374518,0.2707656445945946,13.03088803088803,RM/RCM,67,89,28,56,22,83,89,89,56,100,100,100,78,56,44,72,100,56,100,78,94,56,50,100,56,56,56,11,67,89,50,78,22,89,89,89,78,100,100,83,56,78,100,61,44,56,22,33,22,56,78,89,44,100,100,100,67,56,33,56,89,44,100,78,67,56,50,100,56,56,56,11,67,89,50,78,22,89,89,78,44,89,89,67,56,67,89,44,Austrian Bundesliga
SCR Altach,3lcvs7iiylixau81d0lruwsak,9vlhyidb33kwct9n5rbhkz3kl,B. Zech,Benedikt Zech,35,Defender,Austria,Defender,119.0,89.0,11.0,207.0,6.0,2.0,0.0,0.0,0.0,0.0,2.0,2.0,14.0,22.0,8.0,360.0,0.0,1.0,0.0,2.0,2.0,1.0,0.0,0.0,0.0,0.0,0.0,92.83,64.71,100.0,100.0,0.0,58.33,60.0,33.33,0.0,0.1169419524613045,0.0,10.0,0.22442261,3.0,24.0,19.0,0.5471048500000001,154.0,29.75,22.25,2.75,51.75,1.5,0.5,0.0,0.0,0.0,0.0,0.5,0.5,3.5,5.5,2.0,0.0,0.25,0.0,0.5,0.5,0.25,0.0,0.0,0.0,0.0,0.0,92.83,64.71,100.0,100.0,0.0,58.33,60.0,33.33,0.0,0.0292354881153261,0.0,2.5,0.0561056525,0.75,6.0,4.75,0.1367762125,38.5,CB,57,74,48,57,46,67,13,20,35,35,74,72,46,39,80,28,20,22,91,30,89,46,37,46,52,52,70,65,98,87,28,43,61,22,17,70,39,96,91,85,80,78,87,78,57,70,48,65,39,72,13,20,35,35,67,59,33,52,83,28,13,22,93,28,91,46,37,46,52,52,70,65,98,87,28,43,61,22,17,74,39,91,91,83,83,78,96,87,Austrian Bundesliga
SCR Altach,3lcvs7iiylixau81d0lruwsak,bs1fjanu1asyroais9euib9wp,V. Demaku,Vesel Demaku,26,Midfielder,Kosovo,Midfielder,92.0,110.0,11.0,202.0,2.0,2.0,4.0,2.0,2.0,1.0,4.0,4.0,27.0,3.0,4.0,508.0,1.0,6.0,13.0,1.0,9.0,0.0,0.0,0.0,0.0,0.0,0.0,86.7,55.0,0.0,25.0,25.0,57.45,50.0,81.82,0.4157580773015066,0.1525122302034507,1.0,13.0,0.29484673,5.0,29.0,28.0,0.6167635399999998,106.0,16.299212598425196,19.488188976377952,1.9488188976377951,35.78740157480315,0.3543307086614173,0.3543307086614173,0.7086614173228346,0.3543307086614173,0.3543307086614173,0.1771653543307086,0.7086614173228346,0.7086614173228346,4.783464566929133,0.5314960629921259,0.7086614173228346,0.1771653543307086,1.062992125984252,2.3031496062992125,0.1771653543307086,1.5944881889763778,0.0,0.0,0.0,0.0,0.0,0.0,86.7,55.0,0.0,25.0,25.0,57.45,50.0,81.82,0.0736579270809755,0.0270198833037609,0.1771653543307086,2.3031496062992125,0.0522366253937007,0.8858267716535433,5.137795275590551,4.960629921259843,0.1092691311023621,18.77952755905512,DM/CM,67,78,53,78,22,50,61,69,53,50,50,47,72,19,58,72,69,100,39,92,28,53,42,39,50,50,83,58,28,36,72,83,58,94,61,44,47,89,89,75,94,86,83,83,44,83,39,56,17,44,50,67,50,44,39,33,56,11,39,67,61,94,28,89,28,53,42,39,50,50,83,58,28,36,72,83,58,94,50,44,39,78,72,67,94,83,83,67,Austrian Bundesliga
SCR Altach,3lcvs7iiylixau81d0lruwsak,znji80ok2dk0ohqb6m2ckvvu,B. Böckle,Benjamin Böckle,24,Defender,Austria,Defender,53.0,80.0,10.0,129.0,9.0,6.0,0.0,0.0,0.0,0.0,8.0,8.0,34.0,17.0,5.0,532.0,0.0,6.0,5.0,4.0,8.0,4.0,0.0,0.0,2.0,0.0,0.0,72.07,38.46,21.05,50.0,0.0,61.82,69.23,50.0,0.0,0.5953977751289489,0.0,11.0,0.34283739,8.0,8.0,11.0,0.8782005500000001,53.0,8.966165413533835,13.533834586466163,1.6917293233082706,21.82330827067669,1.5225563909774436,1.0150375939849623,0.0,0.0,0.0,0.0,1.3533834586466165,1.3533834586466165,5.75187969924812,2.87593984962406,0.8458646616541353,0.0,1.0150375939849623,0.8458646616541353,0.6766917293233082,1.3533834586466165,0.6766917293233082,0.0,0.0,0.3383458646616541,0.0,0.0,72.07,38.46,21.05,50.0,0.0,61.82,69.23,50.0,0.0,0.1007251875218146,0.0,1.8609022556390973,0.0579988065789473,1.3533834586466165,1.3533834586466165,1.8609022556390973,0.1485677622180451,8.966165413533835,LB/LCB,33,78,61,61,72,67,6,11,25,25,89,89,100,64,75,31,58,89,89,81,72,53,47,97,53,53,22,50,56,47,31,72,89,28,11,67,28,83,83,83,58,50,72,64,6,44,44,11,50,61,6,11,25,25,83,83,72,33,50,31,39,61,78,67,61,53,47,94,53,53,22,50,56,47,31,72,89,28,11,61,28,72,78,83,33,39,67,22,Austrian Bundesliga
Rapid,eljjik2vvlpy6d649mgwwivam,2omsfx51ie3e92en7k6a3dwtm,M. Seidl,Matthias Seidl,25,Midfielder,Austria,Midfielder,199.0,221.0,20.0,419.0,2.0,3.0,9.0,2.0,7.0,5.0,2.0,2.0,24.0,3.0,7.0,467.0,2.0,2.0,6.0,2.0,10.0,1.0,0.0,1.0,2.0,0.0,0.0,92.9,74.07,25.0,100.0,22.22,63.16,50.0,71.43,0.6307357783801123,0.38291130264718,5.0,15.0,0.3301315399999999,5.0,49.0,32.0,0.9581971400000002,203.0,38.35117773019272,42.59100642398287,3.854389721627409,80.74946466809422,0.3854389721627408,0.5781584582441113,1.734475374732334,0.3854389721627408,1.3490364025695931,0.9635974304068522,0.3854389721627408,0.3854389721627408,4.62526766595289,0.5781584582441113,1.3490364025695931,0.3854389721627408,0.3854389721627408,1.1563169164882223,0.3854389721627408,1.9271948608137044,0.1927194860813704,0.0,0.1927194860813704,0.3854389721627408,0.0,0.0,92.9,74.07,25.0,100.0,22.22,63.16,50.0,71.43,0.1215550750625484,0.0737944694609126,0.9635974304068522,2.890792291220557,0.0636227807280513,0.9635974304068522,9.443254817987151,6.167023554603854,0.184663260385439,39.1220556745182,CM/AM,96,96,96,96,58,25,81,58,92,100,21,21,81,56,100,67,23,83,40,100,48,52,85,88,52,52,100,73,67,96,38,96,81,73,81,62,88,81,81,56,100,96,92,96,100,96,92,96,42,12,58,50,77,88,12,12,69,42,85,46,19,62,23,92,38,52,77,88,52,52,100,73,67,96,38,96,81,73,42,42,69,62,50,46,100,85,85,96,Austrian Bundesliga
Rapid,eljjik2vvlpy6d649mgwwivam,2q40r5kclqejfv6c3pvyqim3u,N. Bajlicz,Nicolas Bajlicz,22,Midfielder,Austria,Midfielder,139.0,176.0,8.0,314.0,0.0,9.0,1.0,0.0,1.0,1.0,6.0,6.0,34.0,1.0,5.0,429.0,0.0,2.0,8.0,4.0,12.0,1.0,0.0,0.0,1.0,0.0,0.0,93.73,66.67,33.33,66.67,0.0,56.67,0.0,54.55,0.0797019516673443,0.6091866914443917,0.0,13.0,0.2907155099999999,6.0,25.0,23.0,0.69483558,132.0,29.16083916083916,36.92307692307693,1.6783216783216783,65.87412587412588,0.0,1.888111888111888,0.2097902097902098,0.0,0.2097902097902098,0.2097902097902098,1.2587412587412588,1.2587412587412588,7.132867132867133,0.2097902097902098,1.048951048951049,0.0,0.4195804195804196,1.6783216783216783,0.8391608391608392,2.517482517482517,0.2097902097902098,0.0,0.0,0.2097902097902098,0.0,0.0,93.73,66.67,33.33,66.67,0.0,56.67,0.0,54.55,0.0167206891609813,0.1278014037995227,0.0,2.7272727272727275,0.0609892678321678,1.2587412587412588,5.244755244755245,4.825174825174825,0.1457697020979021,27.692307692307693,RM/RCM,89,100,44,100,11,83,11,11,33,61,56,56,100,17,78,11,11,100,67,100,39,56,50,78,56,56,100,78,56,61,11,100,11,50,11,56,22,56,56,56,100,67,56,100,100,100,44,100,11,78,11,11,33,56,56,56,100,11,78,11,11,100,67,100,44,56,50,67,56,56,100,78,56,61,11,100,11,50,11,44,22,56,56,56,89,78,56,100,Austrian Bundesliga
Rapid,eljjik2vvlpy6d649mgwwivam,3kypp9r4mqecnx1fa729dnzkl,E. Kara,Ercan Kara,30,Attacker,Austria,Striker,12.0,13.0,0.0,25.0,5.0,2.0,14.0,14.0,0.0,1.0,6.0,6.0,14.0,5.0,3.0,340.0,5.0,20.0,5.0,0.0,2.0,0.0,0.0,2.0,0.0,0.0,0.0,62.5,0.0,0.0,0.0,35.71,36.84,33.33,50.0,1.6061661605567843,0.1477386341246934,0.0,0.0,0.0,1.0,0.0,1.0,0.0266390399999999,9.0,3.1764705882352944,3.4411764705882355,0.0,6.61764705882353,1.3235294117647058,0.5294117647058824,3.7058823529411766,3.7058823529411766,0.0,0.2647058823529412,1.5882352941176472,1.5882352941176472,3.7058823529411766,1.3235294117647058,0.7941176470588236,1.3235294117647058,5.294117647058823,1.3235294117647058,0.0,0.5294117647058824,0.0,0.0,0.5294117647058824,0.0,0.0,0.0,62.5,0.0,0.0,0.0,35.71,36.84,33.33,50.0,0.4251616307356193,0.0391072855035953,0.0,0.0,0.0,0.2647058823529412,0.0,0.2647058823529412,0.0070515105882352,2.3823529411764706,ST,37,4,19,19,54,20,85,100,6,30,41,39,56,80,94,72,69,85,7,61,28,52,67,37,52,52,28,19,28,7,52,48,37,33,85,33,11,4,4,39,4,7,4,19,26,4,19,4,41,11,78,93,6,22,30,30,44,74,93,70,57,81,7,56,28,52,59,37,52,52,28,19,28,7,52,48,37,33,81,26,11,4,4,33,4,7,4,15,Austrian Bundesliga
Rapid,eljjik2vvlpy6d649mgwwivam,5kkvxgrt5y92hjj8hw28b7l9m,S. Raux-Yao,Serge-Philippe Raux-Yao,27,Defender,France,Defender,271.0,84.0,15.0,355.0,4.0,0.0,3.0,3.0,0.0,0.0,0.0,0.0,11.0,25.0,5.0,479.0,1.0,3.0,1.0,0.0,2.0,0.0,0.0,1.0,0.0,0.0,0.0,95.17,57.69,0.0,0.0,33.33,55.0,44.44,33.33,0.4101255563754551,0.0,0.0,2.0,0.04255496,1.0,11.0,9.0,0.3430434799999999,175.0,50.91858037578288,15.782881002087684,2.8183716075156577,66.70146137787057,0.7515657620041754,0.0,0.5636743215031316,0.5636743215031316,0.0,0.0,0.0,0.0,2.066805845511482,4.697286012526097,0.9394572025052192,0.1878914405010438,0.5636743215031316,0.1878914405010438,0.0,0.3757828810020877,0.0,0.0,0.1878914405010438,0.0,0.0,0.0,95.17,57.69,0.0,0.0,33.33,55.0,44.44,33.33,0.0770590815736763,0.0,0.0,0.3757828810020877,0.0079957127348643,0.1878914405010438,2.066805845511482,1.6910229645093946,0.064454933611691,32.881002087682674,CB,100,67,76,96,30,20,70,78,35,35,24,20,35,57,67,70,50,48,26,30,41,46,85,46,52,52,96,43,41,26,61,30,13,22,74,28,39,65,70,63,70,59,65,83,96,52,52,87,13,20,65,70,35,35,24,20,9,43,35,61,35,43,26,17,41,46,78,46,52,52,96,43,41,26,61,30,13,22,74,28,39,61,65,61,61,48,61,70,Austrian Bundesliga
Rapid,eljjik2vvlpy6d649mgwwivam,5llwrgvl44z7c04yv5xsqxu5l,N. Cvetković,Nenad Cvetkovic,30,Defender,Serbia,Defender,199.0,113.0,13.0,312.0,15.0,1.0,5.0,5.0,0.0,1.0,1.0,1.0,23.0,34.0,9.0,440.0,3.0,6.0,2.0,1.0,2.0,0.0,0.0,2.0,0.0,0.0,0.0,93.98,54.17,0.0,100.0,60.0,71.88,78.95,40.0,0.750529199037355,0.1838412695726395,0.0,5.0,0.0933651999999999,2.0,31.0,27.0,0.5069942299999999,204.0,40.70454545454545,23.113636363636363,2.6590909090909087,63.81818181818181,3.068181818181818,0.2045454545454545,1.0227272727272727,1.0227272727272727,0.0,0.2045454545454545,0.2045454545454545,0.2045454545454545,4.704545454545454,6.954545454545454,1.8409090909090908,0.6136363636363635,1.227272727272727,0.409090909090909,0.2045454545454545,0.409090909090909,0.0,0.0,0.409090909090909,0.0,0.0,0.0,93.98,54.17,0.0,100.0,60.0,71.88,78.95,40.0,0.1535173361667317,0.0376038960489489,0.0,1.0227272727272727,0.0190974272727272,0.409090909090909,6.340909090909091,5.5227272727272725,0.1037033652272726,41.72727272727273,CB,91,80,61,87,76,46,91,96,35,80,57,50,74,91,87,93,78,67,67,30,41,46,100,46,52,52,78,35,41,87,93,96,100,35,96,78,39,78,78,74,93,87,83,100,83,74,35,83,78,39,87,96,35,78,57,48,52,65,78,96,65,61,61,22,41,46,100,46,52,52,78,35,41,87,93,96,100,35,96,78,39,78,78,70,89,87,78,96,Austrian Bundesliga
Rapid,eljjik2vvlpy6d649mgwwivam,8697a01d7rwx57pnmqm67kkyc,P. Dahl,Petter Nosa Dahl,22,Attacker,Norway,Striker,13.0,59.0,2.0,72.0,1.0,2.0,13.0,11.0,2.0,4.0,26.0,28.0,30.0,1.0,5.0,363.0,6.0,28.0,10.0,13.0,3.0,0.0,0.0,3.0,0.0,0.0,0.0,80.9,100.0,0.0,50.0,46.15,49.18,33.33,50.0,1.428714954556976,0.1920843116516151,6.0,9.0,0.28995962,2.0,6.0,8.0,0.2463086,36.0,3.2231404958677685,14.62809917355372,0.4958677685950413,17.85123966942149,0.2479338842975206,0.4958677685950413,3.2231404958677685,2.7272727272727275,0.4958677685950413,0.9917355371900828,6.446280991735537,6.9421487603305785,7.43801652892562,0.2479338842975206,1.2396694214876034,1.487603305785124,6.9421487603305785,2.479338842975207,3.2231404958677685,0.7438016528925621,0.0,0.0,0.7438016528925621,0.0,0.0,0.0,80.9,100.0,0.0,50.0,46.15,49.18,33.33,50.0,0.3542268482372668,0.0476242095004004,1.487603305785124,2.231404958677686,0.071890814876033,0.4958677685950413,1.487603305785124,1.983471074380165,0.0610682479338842,8.925619834710744,LW,40,80,20,80,40,40,100,100,60,90,100,100,100,40,90,90,100,100,90,80,40,60,80,40,60,60,80,100,40,50,80,80,50,50,100,40,90,70,60,40,80,60,60,80,40,60,20,60,60,40,80,80,60,100,100,100,100,40,100,80,100,100,100,60,40,60,80,40,60,60,80,100,40,50,80,80,50,50,80,40,80,60,80,40,60,60,40,60,Austrian Bundesliga
Rapid,eljjik2vvlpy6d649mgwwivam,8kknoeewzluh1qxmq1enkd444,M. Haïdara,Moulaye Haïdara,20,Attacker,Mali,Striker,20.0,40.0,3.0,60.0,3.0,2.0,6.0,4.0,2.0,1.0,6.0,6.0,11.0,1.0,3.0,253.0,2.0,19.0,2.0,4.0,0.0,0.0,0.0,1.0,0.0,0.0,0.0,77.92,100.0,0.0,66.67,33.33,44.0,37.5,0.0,0.7388915133175321,0.1071738345135965,3.0,7.0,0.23453843,1.0,1.0,2.0,0.0709295199999999,17.0,7.114624505928854,14.229249011857709,1.067193675889328,21.34387351778656,1.067193675889328,0.7114624505928854,2.134387351778656,1.4229249011857708,0.7114624505928854,0.3557312252964427,2.134387351778656,2.134387351778656,3.91304347826087,0.3557312252964427,1.067193675889328,0.7114624505928854,6.758893280632412,0.7114624505928854,1.4229249011857708,0.0,0.0,0.0,0.3557312252964427,0.0,0.0,0.0,77.92,100.0,0.0,66.67,33.33,44.0,37.5,0.0,0.2628467833935885,0.0381250794712398,1.067193675889328,2.490118577075099,0.0834326430830039,0.3557312252964427,0.3557312252964427,0.7114624505928854,0.0252318450592885,6.047430830039526,ST,74,70,72,70,30,20,24,20,57,30,41,39,39,22,94,28,57,37,74,11,28,52,37,37,52,52,70,98,28,87,43,70,44,11,37,19,67,65,67,39,22,26,30,48,85,74,81,81,33,30,37,33,74,37,56,56,52,26,100,33,81,52,89,11,28,52,41,37,52,52,70,98,28,87,43,70,44,11,52,22,74,74,78,48,30,26,33,70,Austrian Bundesliga
Rapid,eljjik2vvlpy6d649mgwwivam,agtlfzn9zrrj10tx1tov0uulm,B. Bolla,Bendegúz Bolla,26,Defender,Hungary,Defender,193.0,202.0,16.0,386.0,0.0,11.0,4.0,2.0,2.0,1.0,10.0,10.0,11.0,10.0,3.0,540.0,0.0,11.0,2.0,4.0,4.0,9.0,0.0,0.0,1.0,0.0,0.0,89.56,51.61,33.33,40.0,0.0,28.95,0.0,80.0,0.3004332880490651,1.2836572391908063,1.0,22.0,0.6566569999999999,12.0,34.0,37.0,1.45027186,204.0,32.166666666666664,33.666666666666664,2.6666666666666665,64.33333333333333,0.0,1.8333333333333333,0.6666666666666666,0.3333333333333333,0.3333333333333333,0.1666666666666666,1.6666666666666667,1.6666666666666667,1.8333333333333333,1.6666666666666667,0.5,0.0,1.8333333333333333,0.3333333333333333,0.6666666666666666,0.6666666666666666,1.5,0.0,0.0,0.1666666666666666,0.0,0.0,89.56,51.61,33.33,40.0,0.0,28.95,0.0,80.0,0.0500722146748441,0.2139428731984677,0.1666666666666666,3.6666666666666665,0.1094428333333333,2.0,5.666666666666667,6.166666666666667,0.2417119766666666,34.0,RB/RCB,93,100,82,100,7,93,61,50,75,57,93,89,21,29,39,14,79,21,79,46,96,46,39,86,54,54,93,57,93,50,14,7,7,89,43,93,50,100,100,100,93,93,93,100,93,100,64,100,7,93,57,36,57,50,79,79,7,21,36,14,79,14,71,29,93,46,39,75,54,54,93,57,93,50,14,7,7,89,36,93,32,93,100,86,86,86,86,100,Austrian Bundesliga
Rapid,eljjik2vvlpy6d649mgwwivam,aw5of6drnaorje2233ocvph7u,Y. Demir,Yusuf Demir,23,Attacker,Austria,Striker,67.0,157.0,14.0,216.0,2.0,15.0,17.0,9.0,8.0,4.0,23.0,26.0,40.0,4.0,6.0,502.0,8.0,25.0,22.0,8.0,6.0,8.0,0.0,2.0,2.0,0.0,0.0,83.72,66.67,25.81,34.78,47.06,51.95,28.57,75.0,1.2136871226077297,1.477786488834995,5.0,29.0,0.9220061,11.0,21.0,24.0,1.6833021800000003,98.0,12.01195219123506,28.14741035856574,2.50996015936255,38.72509960159363,0.3585657370517928,2.6892430278884465,3.047808764940239,1.613545816733068,1.4342629482071714,0.7171314741035857,4.123505976095617,4.661354581673307,7.171314741035857,0.7171314741035857,1.0756972111553786,1.4342629482071714,4.482071713147411,3.944223107569721,1.4342629482071714,1.0756972111553786,1.4342629482071714,0.0,0.3585657370517928,0.3585657370517928,0.0,0.0,83.72,66.67,25.81,34.78,47.06,51.95,28.57,75.0,0.2175933088340551,0.2649418007871505,0.8964143426294822,5.199203187250996,0.1652998984063745,1.9721115537848608,3.764940239043825,4.302788844621515,0.3017872434262948,17.56972111553785,RW,100,100,100,100,67,100,100,100,100,100,83,92,100,50,83,100,100,100,67,100,100,50,92,92,58,58,67,67,67,33,50,83,50,67,100,100,83,100,100,100,100,100,100,100,100,100,100,100,67,83,100,100,100,100,50,50,100,50,83,83,83,100,50,83,67,50,67,100,58,58,67,67,67,33,50,83,50,67,100,83,83,83,83,83,100,100,100,100,Austrian Bundesliga
Rapid,eljjik2vvlpy6d649mgwwivam,brs96wp9u2t10tsqfdwcyhnth,J. Horn,Jannes Horn,29,Defender,Germany,Defender,107.0,118.0,6.0,220.0,0.0,7.0,7.0,2.0,5.0,3.0,2.0,2.0,10.0,8.0,1.0,378.0,2.0,5.0,3.0,2.0,4.0,5.0,0.0,1.0,1.0,0.0,0.0,93.62,60.0,27.78,100.0,28.57,43.48,0.0,80.0,0.4724620280899873,0.6995298559589718,4.0,17.0,0.4263525,13.0,23.0,19.0,1.0891986099999995,91.0,25.476190476190474,28.09523809523809,1.4285714285714286,52.38095238095238,0.0,1.6666666666666663,1.6666666666666663,0.4761904761904761,1.1904761904761905,0.7142857142857143,0.4761904761904761,0.4761904761904761,2.380952380952381,1.9047619047619049,0.238095238095238,0.4761904761904761,1.1904761904761905,0.7142857142857143,0.4761904761904761,0.9523809523809524,1.1904761904761905,0.0,0.238095238095238,0.238095238095238,0.0,0.0,93.62,60.0,27.78,100.0,28.57,43.48,0.0,80.0,0.1124909590690445,0.1665547276092789,0.9523809523809524,4.047619047619048,0.1015125,3.095238095238095,5.476190476190476,4.523809523809524,0.2593330023809522,21.666666666666664,LB/LCB,83,89,56,83,6,81,92,64,100,92,44,36,6,17,14,94,44,53,64,39,83,53,97,78,53,53,100,89,67,92,78,11,6,78,83,78,97,100,89,92,89,89,89,78,78,89,39,83,6,78,94,56,100,94,33,28,6,17,11,94,44,50,56,33,83,53,100,78,53,53,100,89,67,92,78,11,6,78,83,83,100,100,89,94,89,78,83,89,Austrian Bundesliga
Rapid,eljjik2vvlpy6d649mgwwivam,c00r3yls3lf245nbo93m9d6cq,M. Tilio,Marco Tilio,25,Attacker,Australia,Striker,17.0,31.0,3.0,46.0,0.0,7.0,5.0,4.0,1.0,1.0,6.0,6.0,8.0,1.0,0.0,175.0,3.0,11.0,0.0,2.0,4.0,2.0,0.0,1.0,2.0,0.0,0.0,85.19,60.0,50.0,33.33,60.0,33.33,0.0,66.67,0.5757562529990645,0.6584379181464699,1.0,4.0,0.1168008599999999,2.0,3.0,2.0,0.5168698899999997,22.0,8.742857142857144,15.942857142857145,1.542857142857143,23.65714285714286,0.0,3.6,2.571428571428572,2.0571428571428574,0.5142857142857143,0.5142857142857143,3.085714285714286,3.085714285714286,4.114285714285715,0.5142857142857143,0.0,1.542857142857143,5.6571428571428575,0.0,1.0285714285714287,2.0571428571428574,1.0285714285714287,0.0,0.5142857142857143,1.0285714285714287,0.0,0.0,85.19,60.0,50.0,33.33,60.0,33.33,0.0,66.67,0.2961032158280903,0.3386252150467559,0.5142857142857143,2.0571428571428574,0.0600690137142856,1.0285714285714287,1.542857142857143,1.0285714285714287,0.2658188005714284,11.314285714285717,ST,69,54,72,57,7,83,13,20,26,30,41,39,19,22,20,46,28,7,41,94,81,52,37,96,52,52,100,76,89,39,96,26,7,52,22,85,28,43,44,63,56,26,85,76,96,81,96,85,7,100,52,56,52,59,85,81,63,48,20,78,63,7,74,100,89,52,56,100,52,52,100,76,89,39,96,26,7,52,59,100,44,67,63,78,74,52,100,93,Austrian Bundesliga
Rapid,eljjik2vvlpy6d649mgwwivam,n2annzbap7hll02zo2v0ccgk,T. Adamsen,Tonni Adamsen,31,Attacker,Denmark,Striker,38.0,88.0,7.0,125.0,4.0,5.0,9.0,7.0,2.0,1.0,9.0,10.0,16.0,3.0,2.0,445.0,5.0,25.0,5.0,5.0,1.0,1.0,0.0,4.0,1.0,0.0,0.0,72.67,58.33,33.33,55.56,55.56,57.14,80.0,50.0,1.4984580451400165,0.5275127192224605,1.0,5.0,0.15724372,3.0,16.0,17.0,0.7098634999999999,48.0,7.685393258426966,17.797752808988765,1.4157303370786516,25.280898876404493,0.8089887640449438,1.0112359550561798,1.820224719101124,1.4157303370786516,0.4044943820224719,0.2022471910112359,1.820224719101124,2.02247191011236,3.235955056179775,0.6067415730337078,0.4044943820224719,1.0112359550561798,5.056179775280898,1.0112359550561798,1.0112359550561798,0.2022471910112359,0.2022471910112359,0.0,0.8089887640449438,0.2022471910112359,0.0,0.0,72.67,58.33,33.33,55.56,55.56,57.14,80.0,50.0,0.3030589304777561,0.1066879656854414,0.2022471910112359,1.0112359550561798,0.0318021006741573,0.6067415730337078,3.235955056179775,3.438202247191011,0.1435678988764044,9.707865168539325,ST,96,96,100,96,39,72,52,54,57,30,78,81,69,67,76,72,85,85,83,33,65,52,94,83,52,52,59,70,85,70,89,96,96,33,78,74,28,52,52,78,100,100,100,100,89,89,89,93,30,52,19,30,37,15,48,48,41,56,67,59,52,70,70,22,59,52,85,74,52,52,59,70,85,70,89,96,96,33,63,70,22,41,37,63,96,96,85,89,Austrian Bundesliga
Sturm Graz,4lauow63npvttmvxgh2koqb0r,4gzjrpmzpe4lqlb6kj82tgquh,J. Heil,Jürgen Heil,29,Midfielder,Austria,Midfielder,60.0,96.0,24.0,153.0,3.0,8.0,5.0,2.0,3.0,2.0,9.0,9.0,25.0,12.0,7.0,444.0,1.0,5.0,7.0,5.0,6.0,3.0,0.0,0.0,0.0,0.0,0.0,79.27,61.54,27.27,55.56,20.0,55.56,27.27,54.55,0.2964286686283074,0.6730114195052147,3.0,8.0,0.1946616299999999,4.0,22.0,31.0,1.25521509,81.0,12.16216216216216,19.45945945945946,4.864864864864865,31.013513513513512,0.6081081081081081,1.6216216216216215,1.0135135135135134,0.4054054054054054,0.6081081081081081,0.4054054054054054,1.8243243243243243,1.8243243243243243,5.067567567567568,2.4324324324324325,1.4189189189189189,0.2027027027027027,1.0135135135135134,1.4189189189189189,1.0135135135135134,1.2162162162162162,0.6081081081081081,0.0,0.0,0.0,0.0,0.0,79.27,61.54,27.27,55.56,20.0,55.56,27.27,54.55,0.0600868922895217,0.1364212336834894,0.6081081081081081,1.6216216216216215,0.0394584385135134,0.8108108108108107,4.45945945945946,6.283783783783783,0.2544354912162162,16.41891891891892,RM/RCM,56,67,100,67,50,67,56,39,89,89,78,78,67,67,94,33,44,89,78,61,56,56,50,33,56,56,44,67,44,44,28,89,33,50,33,67,78,39,33,44,89,100,78,78,56,67,89,44,56,67,44,33,78,89,67,67,78,67,100,33,22,89,78,67,56,56,50,33,56,56,44,67,44,44,28,89,33,50,33,56,78,33,33,44,78,89,78,67,Austrian Bundesliga
Sturm Graz,4lauow63npvttmvxgh2koqb0r,527vt3q3cwydkq1p8zseqjllg,J. Hödl,Jacob Hödl,19,Midfielder,Austria,Midfielder,18.0,70.0,4.0,86.0,3.0,3.0,11.0,5.0,6.0,4.0,29.0,30.0,29.0,5.0,1.0,386.0,3.0,15.0,8.0,15.0,2.0,2.0,0.0,0.0,0.0,0.0,0.0,72.27,57.14,18.18,51.72,27.27,46.03,33.33,66.67,0.897535004882447,0.220708685110729,8.0,9.0,0.22250031,2.0,13.0,22.0,0.4929952299999998,47.0,4.196891191709844,16.321243523316063,0.932642487046632,20.05181347150259,0.6994818652849741,0.6994818652849741,2.5647668393782386,1.1658031088082903,1.3989637305699485,0.932642487046632,6.761658031088083,6.994818652849741,6.761658031088083,1.1658031088082903,0.233160621761658,0.6994818652849741,3.4974093264248705,1.865284974093264,3.4974093264248705,0.466321243523316,0.466321243523316,0.0,0.0,0.0,0.0,0.0,72.27,57.14,18.18,51.72,27.27,46.03,33.33,66.67,0.2092698197912441,0.0514605742486155,1.865284974093264,2.098445595854922,0.0518783106217616,0.466321243523316,3.0310880829015545,5.129533678756477,0.1149470743523315,10.958549222797927,CM/AM,29,58,38,42,69,25,94,88,85,94,100,100,92,75,25,85,88,90,100,29,65,52,38,33,52,52,19,37,44,54,54,46,63,62,85,23,100,56,58,33,56,77,58,42,15,50,35,27,65,19,88,77,81,85,100,100,81,73,19,77,85,81,100,23,58,52,38,33,52,52,19,37,44,54,54,46,63,62,73,19,96,42,42,27,50,73,42,42,Austrian Bundesliga
Sturm Graz,4lauow63npvttmvxgh2koqb0r,66cbdz994twrl9jv46z1ikyne,S. Jatta,Seedy Jatta,23,Attacker,Norway,Striker,3.0,22.0,1.0,25.0,4.0,4.0,8.0,7.0,1.0,2.0,11.0,11.0,13.0,1.0,0.0,305.0,4.0,16.0,4.0,3.0,2.0,0.0,0.0,2.0,0.0,0.0,0.0,62.5,33.33,0.0,27.27,50.0,30.23,26.67,100.0,0.5691296680293452,0.341676611938668,2.0,3.0,0.08122644,0.0,2.0,6.0,0.1708457399999999,12.0,0.8852459016393442,6.491803278688525,0.2950819672131147,7.377049180327869,1.180327868852459,1.180327868852459,2.360655737704918,2.065573770491804,0.2950819672131147,0.5901639344262295,3.2459016393442623,3.2459016393442623,3.836065573770492,0.2950819672131147,0.0,1.180327868852459,4.721311475409836,1.180327868852459,0.8852459016393442,0.5901639344262295,0.0,0.0,0.5901639344262295,0.0,0.0,0.0,62.5,33.33,0.0,27.27,50.0,30.23,26.67,100.0,0.1679399020414461,0.1008226068015741,0.5901639344262295,0.8852459016393442,0.023968457704918,0.0,0.5901639344262295,1.7704918032786885,0.0504134970491803,3.540983606557377,ST,7,33,44,19,39,54,44,54,26,63,91,87,48,22,20,59,41,69,63,61,28,52,67,37,52,52,28,41,28,22,74,11,22,81,15,63,48,30,22,13,44,72,44,33,7,26,44,7,37,63,41,59,26,74,96,96,48,19,20,67,48,74,56,67,28,52,78,37,52,52,28,41,28,22,74,11,22,81,11,63,52,33,26,13,44,78,44,30,Austrian Bundesliga
Sturm Graz,4lauow63npvttmvxgh2koqb0r,66uku37tf28o5ksht0mzwnu8l,A. Vallci,Albert Vallci,31,Defender,Austria,Defender,143.0,98.0,28.0,241.0,11.0,1.0,7.0,3.0,4.0,2.0,5.0,6.0,29.0,34.0,2.0,450.0,1.0,7.0,3.0,5.0,6.0,0.0,0.0,0.0,0.0,0.0,0.0,82.53,62.22,0.0,100.0,14.29,70.73,61.11,60.0,0.5969419812624839,0.0430402751306476,3.0,3.0,0.07767033,3.0,34.0,33.0,0.5849501199999997,166.0,28.6,19.6,5.6,48.2,2.2,0.2,1.4,0.6,0.8,0.4,1.0,1.2,5.8,6.8,0.4,0.2,1.4,0.6,1.0,1.2,0.0,0.0,0.0,0.0,0.0,0.0,82.53,62.22,0.0,100.0,14.29,70.73,61.11,60.0,0.1193883962524967,0.0086080550261295,0.6,0.6,0.015534066,0.6,6.8,6.6,0.1169900239999999,33.2,RB/RCB,86,79,100,79,89,21,86,71,86,82,61,64,86,93,25,54,61,50,93,82,29,46,39,36,54,54,43,93,29,93,29,93,64,46,79,21,89,39,43,36,93,86,64,93,79,71,100,71,86,14,79,71,86,86,64,64,79,79,25,46,57,29,89,71,29,46,39,36,54,54,43,93,29,93,29,93,64,46,79,21,79,36,43,29,100,93,64,93,Austrian Bundesliga
Sturm Graz,4lauow63npvttmvxgh2koqb0r,6f3c55lmvbkyifp466cepudt6,S. Włodarczyk,Szymon Wlodarczyk,23,Attacker,Poland,Striker,1.0,20.0,0.0,21.0,4.0,2.0,7.0,5.0,2.0,3.0,3.0,3.0,6.0,1.0,0.0,212.0,1.0,16.0,0.0,1.0,0.0,0.0,0.0,1.0,0.0,0.0,0.0,58.33,0.0,0.0,33.33,14.29,31.58,36.36,0.0,0.6097422149077061,0.2490126508363462,3.0,2.0,0.05710404,2.0,1.0,2.0,0.24106723,7.0,0.4245283018867924,8.49056603773585,0.0,8.915094339622641,1.6981132075471697,0.8490566037735848,2.971698113207548,2.1226415094339623,0.8490566037735848,1.2735849056603774,1.2735849056603774,1.2735849056603774,2.547169811320755,0.4245283018867924,0.0,0.4245283018867924,6.792452830188679,0.0,0.4245283018867924,0.0,0.0,0.0,0.4245283018867924,0.0,0.0,0.0,58.33,0.0,0.0,33.33,14.29,31.58,36.36,0.0,0.2588528270834601,0.1057129178078828,1.2735849056603774,0.8490566037735848,0.0242422811320754,0.8490566037735848,0.4245283018867924,0.8490566037735848,0.1023398617924528,2.971698113207548,ST,4,28,19,4,39,20,35,41,57,87,19,15,7,22,20,11,41,7,20,11,28,52,37,37,52,52,11,19,28,39,7,15,41,11,26,48,67,17,15,63,22,26,56,11,4,44,19,33,59,33,74,63,81,96,22,22,11,30,20,15,85,7,26,11,28,52,48,37,52,52,11,19,28,39,7,15,41,11,48,67,89,26,30,74,37,33,74,22,Austrian Bundesliga
Sturm Graz,4lauow63npvttmvxgh2koqb0r,cggah5zr49tcv3k83cf77s0t0,L. Weinhandl,Luca Weinhandl,17,Midfielder,Austria,Midfielder,45.0,72.0,6.0,117.0,5.0,5.0,3.0,0.0,3.0,1.0,16.0,16.0,30.0,6.0,3.0,360.0,0.0,7.0,5.0,9.0,6.0,0.0,0.0,0.0,0.0,0.0,0.0,79.05,54.55,0.0,56.25,0.0,53.57,83.33,54.55,0.138378096173011,0.3065327837717721,2.0,6.0,0.13986314,5.0,16.0,17.0,0.6047319299999998,60.0,11.25,18.0,1.5,29.25,1.25,1.25,0.75,0.0,0.75,0.25,4.0,4.0,7.5,1.5,0.75,0.0,1.75,1.25,2.25,1.5,0.0,0.0,0.0,0.0,0.0,0.0,79.05,54.55,0.0,56.25,0.0,53.57,83.33,54.55,0.0345945240432527,0.076633195942943,0.5,1.5,0.034965785,1.25,4.0,4.25,0.1511829824999999,15.0,CM/AM,73,63,50,69,88,60,19,19,40,35,94,94,96,87,58,13,62,73,94,85,19,52,38,33,52,52,38,31,19,67,13,69,100,42,12,54,33,37,35,56,63,65,65,63,65,58,42,58,81,50,15,19,27,38,92,92,88,88,54,13,50,73,88,81,19,52,38,33,52,52,38,31,19,67,13,69,100,42,8,46,27,31,31,54,58,58,62,65,Austrian Bundesliga
Sturm Graz,4lauow63npvttmvxgh2koqb0r,cx0tfbu2oeud2jjen08kzc1cl,J. Gorenc Stankovič,Jon Gorenc Stankovic,30,Midfielder,Slovenia,Midfielder,85.0,122.0,18.0,205.0,13.0,5.0,5.0,1.0,4.0,1.0,3.0,3.0,25.0,10.0,6.0,450.0,0.0,7.0,4.0,1.0,3.0,2.0,0.0,0.0,0.0,0.0,0.0,77.65,48.65,33.33,33.33,0.0,49.02,65.0,42.86,0.3401550782888086,0.269944168213532,3.0,3.0,0.05544015,0.0,37.0,44.0,0.8514411399999998,126.0,17.0,24.4,3.6,41.0,2.6,1.0,1.0,0.2,0.8,0.2,0.6,0.6,5.0,2.0,1.2,0.0,1.4,0.8,0.2,0.6,0.4,0.0,0.0,0.0,0.0,0.0,77.65,48.65,33.33,33.33,0.0,49.02,65.0,42.86,0.0680310156577617,0.0539888336427064,0.6,0.6,0.01108803,0.0,7.4,8.8,0.1702882279999999,25.2,DM/CM,47,94,89,83,100,81,75,53,75,50,36,33,61,67,83,31,83,50,39,25,86,53,42,39,50,50,22,28,78,44,31,39,100,19,44,67,81,33,28,17,100,100,100,100,53,94,89,78,100,78,78,56,67,50,28,22,61,56,78,31,81,33,33,22,83,53,42,39,50,50,22,28,78,44,31,39,100,19,44,56,83,33,28,17,100,100,100,100,Austrian Bundesliga
Sturm Graz,4lauow63npvttmvxgh2koqb0r,dbqgmuymumfsf2z0po02o8zkk,E. Soglo,Emran Soglo,21,Defender,England,Defender,41.0,72.0,3.0,103.0,7.0,7.0,2.0,1.0,1.0,1.0,14.0,15.0,30.0,16.0,4.0,296.0,1.0,7.0,3.0,8.0,11.0,10.0,0.0,0.0,1.0,0.0,0.0,75.74,25.0,35.71,57.14,50.0,68.18,77.78,91.67,0.135858339368247,0.8116377538953863,1.0,13.0,0.44772979,2.0,8.0,17.0,0.8911888499999998,66.0,12.466216216216218,21.89189189189189,0.9121621621621622,31.31756756756757,2.1283783783783785,2.1283783783783785,0.6081081081081081,0.304054054054054,0.304054054054054,0.304054054054054,4.256756756756757,4.560810810810811,9.121621621621625,4.864864864864865,1.2162162162162162,0.304054054054054,2.1283783783783785,0.9121621621621622,2.4324324324324325,3.3445945945945947,3.040540540540541,0.0,0.0,0.304054054054054,0.0,0.0,75.74,25.0,35.71,57.14,50.0,68.18,77.78,91.67,0.041308278861967,0.2467817494952188,0.304054054054054,3.952702702702703,0.1361340577702703,0.6081081081081081,2.4324324324324325,5.168918918918919,0.2709695827702702,20.06756756756757,LB/LCB,11,67,11,28,50,81,42,33,58,61,94,94,94,50,61,75,72,53,97,100,94,53,47,78,53,53,39,25,83,56,94,89,94,94,39,89,64,92,94,56,58,72,78,72,28,83,17,50,78,94,44,22,61,72,100,100,100,72,61,83,89,72,100,100,100,53,47,89,53,53,39,25,83,56,94,89,94,94,44,94,72,94,100,61,61,89,89,72,Austrian Bundesliga
Sturm Graz,4lauow63npvttmvxgh2koqb0r,dso3n9xn34feyp4dps4ebspd6,S. Seidl,Simon Seidl,24,Midfielder,Austria,Midfielder,21.0,85.0,3.0,99.0,0.0,15.0,11.0,7.0,4.0,4.0,5.0,5.0,7.0,2.0,4.0,349.0,5.0,22.0,4.0,1.0,0.0,7.0,0.0,0.0,4.0,0.0,0.0,80.49,75.0,21.88,20.0,45.45,26.92,0.0,0.0,1.02736118856745,1.482659215546788,3.0,10.0,0.2629725599999999,7.0,10.0,16.0,0.99878626,50.0,5.415472779369628,21.91977077363897,0.7736389684813754,25.530085959885387,0.0,3.8681948424068766,2.836676217765043,1.805157593123209,1.0315186246418335,1.0315186246418335,1.2893982808022924,1.2893982808022924,1.805157593123209,0.5157593123209169,1.0315186246418335,1.2893982808022924,5.673352435530086,1.0315186246418335,0.2578796561604584,0.0,1.805157593123209,0.0,0.0,1.0315186246418335,0.0,0.0,80.49,75.0,21.88,20.0,45.45,26.92,0.0,0.0,0.2649355500603739,0.3823476487083407,0.7736389684813754,2.5787965616045847,0.0678152733524355,1.805157593123209,2.5787965616045847,4.126074498567335,0.2575666573065903,12.893982808022924,CM/AM,35,77,31,50,12,100,94,92,67,94,42,35,13,38,77,94,96,58,23,12,92,52,38,100,52,52,54,77,58,19,92,8,19,12,96,100,58,69,65,75,40,58,96,50,27,69,23,46,12,100,92,92,65,92,40,33,4,37,73,94,96,50,19,12,92,52,38,100,52,52,54,77,58,19,92,8,19,12,96,100,50,54,58,73,35,50,100,54,Austrian Bundesliga
Sturm Graz,4lauow63npvttmvxgh2koqb0r,fk5jsd7bd9fz7ckd8b1wbeju,P. Koller,Paul-Friedrich Koller,24,Defender,Austria,Defender,52.0,35.0,4.0,87.0,8.0,0.0,1.0,1.0,0.0,0.0,1.0,1.0,12.0,10.0,3.0,187.0,0.0,2.0,2.0,1.0,0.0,0.0,0.0,0.0,0.0,0.0,0.0,87.0,40.0,0.0,100.0,0.0,54.55,57.14,0.0,0.0,0.0,0.0,0.0,0.0,0.0,0.0,0.0,0.0,0.0,25.02673796791444,16.844919786096256,1.925133689839572,41.87165775401069,3.850267379679144,0.0,0.481283422459893,0.481283422459893,0.0,0.0,0.481283422459893,0.481283422459893,5.775401069518716,4.81283422459893,1.443850267379679,0.0,0.962566844919786,0.962566844919786,0.481283422459893,0.0,0.0,0.0,0.0,0.0,0.0,0.0,87.0,40.0,0.0,100.0,0.0,54.55,57.14,0.0,0.0,0.0,0.0,0.0,0.0,0.0,0.0,0.0,0.0,0.0,LB/LCB,28,36,31,11,61,11,19,33,25,25,25,22,11,31,42,31,19,31,42,6,19,53,47,33,53,53,83,61,19,92,31,44,67,6,11,14,28,17,17,22,8,8,8,8,67,72,61,78,89,11,33,61,25,25,39,33,78,67,78,31,22,78,61,6,19,53,47,33,53,53,83,61,19,92,31,44,67,6,11,14,28,17,17,22,8,8,8,8,Austrian Bundesliga
Ried,do3l4dhs0ooog6se728jxc06z,2ecagvrfx1k0qrj4rcclkwaok,O. Sorg,Oliver Sorg,19,Defender,Austria,Defender,45.0,61.0,4.0,105.0,3.0,4.0,3.0,2.0,1.0,1.0,5.0,5.0,18.0,4.0,4.0,365.0,1.0,6.0,4.0,3.0,7.0,1.0,0.0,0.0,0.0,0.0,0.0,78.95,50.0,16.67,60.0,33.33,60.0,50.0,87.5,0.2667600750267347,0.367879048199213,1.0,7.0,0.20253256,4.0,12.0,15.0,0.5326718300000001,50.0,11.095890410958903,15.04109589041096,0.9863013698630138,25.89041095890411,0.7397260273972603,0.9863013698630138,0.7397260273972603,0.4931506849315069,0.2465753424657534,0.2465753424657534,1.2328767123287672,1.2328767123287672,4.438356164383562,0.9863013698630138,0.9863013698630138,0.2465753424657534,1.479452054794521,0.9863013698630138,0.7397260273972603,1.726027397260274,0.2465753424657534,0.0,0.0,0.0,0.0,0.0,78.95,50.0,16.67,60.0,33.33,60.0,50.0,87.5,0.0657764568559071,0.0907099022956963,0.2465753424657534,1.726027397260274,0.0499395353424657,0.9863013698630138,2.9589041095890414,3.6986301369863015,0.1313437389041096,12.328767123287673,LB/LCB,17,50,31,42,28,56,61,64,58,61,75,75,50,8,61,75,58,75,81,67,44,53,47,33,53,53,50,81,39,64,83,67,36,89,56,56,64,58,61,67,67,58,50,50,17,61,22,33,28,50,67,67,50,67,72,72,33,11,56,72,61,83,83,78,44,53,47,33,53,53,50,81,39,64,83,67,36,89,56,56,61,56,72,67,67,67,61,50,Austrian Bundesliga
Ried,do3l4dhs0ooog6se728jxc06z,2gp49m9e7o316x7uonjnomhhw,Jussef Nasrawe,Jussef Nasrawe,19,Midfielder,Iraq,Midfielder,51.0,97.0,21.0,140.0,2.0,11.0,5.0,2.0,3.0,0.0,10.0,10.0,13.0,1.0,0.0,349.0,2.0,4.0,1.0,7.0,2.0,8.0,0.0,1.0,1.0,0.0,0.0,85.89,80.77,47.06,70.0,40.0,44.83,33.33,66.67,0.2065050935523388,1.029785550134706,5.0,14.0,0.3354892299999999,7.0,21.0,29.0,0.7332732699999996,72.0,13.15186246418338,25.01432664756447,5.415472779369628,36.10315186246418,0.5157593123209169,2.836676217765043,1.2893982808022924,0.5157593123209169,0.7736389684813754,0.0,2.5787965616045847,2.5787965616045847,3.35243553008596,0.2578796561604584,0.0,0.5157593123209169,1.0315186246418335,0.2578796561604584,1.805157593123209,0.5157593123209169,2.0630372492836675,0.0,0.2578796561604584,0.2578796561604584,0.0,0.0,85.89,80.77,47.06,70.0,40.0,44.83,33.33,66.67,0.0532534625206604,0.2655607435877465,1.2893982808022924,3.610315186246418,0.0865158472779369,1.805157593123209,5.415472779369628,7.478510028653295,0.1890962587392549,18.567335243553007,RM/RCM,44,78,78,44,33,100,56,39,89,22,89,89,33,17,11,72,33,33,89,33,94,56,100,78,56,56,67,89,78,78,78,56,56,72,22,100,100,67,67,67,78,89,67,44,67,89,100,78,33,100,56,44,100,22,89,89,22,22,11,78,44,33,89,22,100,56,100,78,56,56,67,89,78,78,78,56,56,72,22,100,100,78,78,89,100,100,67,78,Austrian Bundesliga
Ried,do3l4dhs0ooog6se728jxc06z,4av68w3ljl5c3yxexh91p51xw,J. Rhodes,Jaedin Rhodes,23,Midfielder,South Africa,Midfielder,12.0,30.0,2.0,41.0,2.0,5.0,5.0,2.0,3.0,3.0,5.0,7.0,8.0,1.0,3.0,190.0,2.0,7.0,1.0,2.0,3.0,1.0,0.0,0.0,0.0,0.0,0.0,73.21,66.67,33.33,40.0,40.0,57.14,0.0,100.0,0.3956582186990724,0.5241924916092094,3.0,3.0,0.07316805,1.0,6.0,6.0,0.4517735999999999,17.0,5.684210526315789,14.210526315789473,0.9473684210526316,19.42105263157895,0.9473684210526316,2.3684210526315788,2.3684210526315788,0.9473684210526316,1.4210526315789471,1.4210526315789471,2.3684210526315788,3.3157894736842106,3.789473684210526,0.4736842105263157,1.4210526315789471,0.9473684210526316,3.3157894736842106,0.4736842105263157,0.9473684210526316,1.4210526315789471,0.4736842105263157,0.0,0.0,0.0,0.0,0.0,73.21,66.67,33.33,40.0,40.0,57.14,0.0,100.0,0.1874170509627185,0.2483017065517307,1.4210526315789471,1.4210526315789471,0.0346585499999999,0.4736842105263157,2.8421052631578947,2.8421052631578947,0.2139980210526315,8.052631578947368,CM/AM,15,12,21,15,58,60,46,58,40,81,42,63,19,23,58,67,62,8,40,48,48,52,38,33,52,52,23,62,83,35,85,81,19,98,42,69,58,17,19,19,27,21,50,15,31,23,38,19,77,81,81,73,85,100,73,85,50,27,88,85,81,12,65,77,62,52,38,33,52,52,23,62,83,35,85,81,19,98,69,85,92,23,27,35,42,31,96,23,Austrian Bundesliga
Ried,do3l4dhs0ooog6se728jxc06z,4kd6nnylpdwodl8d8uvojl78,P. Sissoko,Pape Sissoko,20,Attacker,Mali,Striker,12.0,31.0,3.0,43.0,9.0,2.0,14.0,9.0,5.0,2.0,10.0,11.0,24.0,2.0,3.0,307.0,3.0,20.0,3.0,7.0,2.0,0.0,0.0,2.0,0.0,0.0,0.0,68.25,60.0,0.0,70.0,21.43,51.06,47.37,40.0,1.5513240785043811,0.0923496828957598,4.0,5.0,0.12810859,1.0,9.0,7.0,0.1819907999999997,19.0,3.5179153094462543,9.087947882736156,0.8794788273615636,12.605863192182412,2.638436482084691,0.5863192182410424,4.1042345276872965,2.638436482084691,1.4657980456026058,0.5863192182410424,2.931596091205212,3.224755700325733,7.035830618892509,0.5863192182410424,0.8794788273615636,0.8794788273615636,5.863192182410423,0.8794788273615636,2.052117263843648,0.5863192182410424,0.0,0.0,0.5863192182410424,0.0,0.0,0.0,68.25,60.0,0.0,70.0,21.43,51.06,47.37,40.0,0.4547855604735971,0.027073196940125,1.1726384364820848,1.4657980456026058,0.0375562641693811,0.2931596091205212,2.638436482084691,2.052117263843648,0.0533523517915308,5.570032573289902,ST,37,54,72,46,85,20,85,65,94,63,85,87,93,52,94,46,69,57,100,61,28,52,67,37,52,52,48,76,28,96,15,85,63,22,81,15,81,52,48,39,89,81,48,57,37,56,74,48,89,19,89,78,93,70,81,93,96,52,96,44,67,63,100,63,28,52,70,37,52,52,48,76,28,96,15,85,63,22,85,11,81,52,44,44,93,81,48,59,Austrian Bundesliga
Ried,do3l4dhs0ooog6se728jxc06z,5falsck7n4kp71m9jnaruh6ok,D. Radonjić,Dejan Radonjic,20,Defender,Austria,Defender,30.0,11.0,3.0,41.0,5.0,0.0,1.0,1.0,0.0,0.0,0.0,1.0,8.0,9.0,4.0,178.0,1.0,3.0,0.0,0.0,1.0,0.0,0.0,0.0,0.0,0.0,0.0,89.13,75.0,0.0,0.0,100.0,50.0,45.45,33.33,0.1100187602830941,0.0,0.0,0.0,0.0,0.0,1.0,1.0,0.04048493,10.0,15.168539325842696,5.561797752808989,1.5168539325842696,20.730337078651683,2.528089887640449,0.0,0.5056179775280899,0.5056179775280899,0.0,0.0,0.0,0.5056179775280899,4.044943820224719,4.550561797752809,2.02247191011236,0.5056179775280899,1.5168539325842696,0.0,0.0,0.5056179775280899,0.0,0.0,0.0,0.0,0.0,0.0,89.13,75.0,0.0,0.0,100.0,50.0,45.45,33.33,0.0556274630644857,0.0,0.0,0.0,0.0,0.0,0.5056179775280899,0.5056179775280899,0.0204699084269662,5.056179775280898,CB,4,9,9,4,35,20,37,50,35,35,24,50,26,20,48,70,50,22,26,15,41,46,37,46,52,52,52,91,41,26,100,20,17,22,43,28,39,26,26,30,35,33,30,26,9,13,17,4,61,20,57,65,35,35,24,70,48,35,87,87,78,22,26,35,41,46,37,46,52,52,52,91,41,26,100,20,17,22,57,28,39,26,26,30,35,35,30,30,Austrian Bundesliga
Ried,do3l4dhs0ooog6se728jxc06z,5gbbewahc64hm8dixa4xa3t91,A. Bajić,Ante Bajic,31,Attacker,Austria,Striker,16.0,85.0,8.0,98.0,8.0,10.0,8.0,1.0,7.0,3.0,14.0,16.0,27.0,9.0,7.0,537.0,0.0,17.0,5.0,6.0,2.0,3.0,0.0,0.0,2.0,0.0,0.0,68.06,34.78,20.0,42.86,0.0,45.0,44.44,25.0,0.6920675197393357,0.6982487570858571,6.0,9.0,0.2802823899999999,8.0,6.0,13.0,0.66707991,49.0,2.681564245810056,14.245810055865922,1.340782122905028,16.424581005586592,1.340782122905028,1.675977653631285,1.340782122905028,0.1675977653631284,1.1731843575418994,0.5027932960893855,2.346368715083799,2.681564245810056,4.5251396648044695,1.5083798882681565,1.1731843575418994,0.0,2.8491620111731844,0.8379888268156425,1.005586592178771,0.3351955307262569,0.5027932960893855,0.0,0.0,0.3351955307262569,0.0,0.0,68.06,34.78,20.0,42.86,0.0,45.0,44.44,25.0,0.1159889697887154,0.1170249313551715,1.005586592178771,1.5083798882681565,0.0469747022346368,1.340782122905028,1.005586592178771,2.17877094972067,0.1118011022346368,8.212290502793296,RW,33,83,83,67,100,75,75,17,83,75,33,33,83,83,100,17,58,58,33,42,50,50,25,92,58,58,33,33,50,67,17,50,83,17,83,67,100,50,50,67,67,83,83,83,33,50,83,50,83,67,33,17,83,67,33,33,50,83,100,17,17,50,33,33,50,50,25,83,58,58,33,33,50,67,17,50,83,17,33,50,100,33,33,67,67,67,67,67,Austrian Bundesliga
Ried,do3l4dhs0ooog6se728jxc06z,cl32chytsjozcpmf5n4x4fs9h,S. Schwab,Stefan Schwab,35,Midfielder,Austria,Midfielder,86.0,115.0,14.0,201.0,10.0,7.0,8.0,3.0,5.0,3.0,9.0,10.0,28.0,12.0,3.0,496.0,1.0,10.0,4.0,4.0,5.0,0.0,0.0,1.0,1.0,0.0,0.0,78.82,50.0,0.0,44.44,12.5,41.18,47.62,50.0,0.6695161169762666,0.5300892320468485,4.0,14.0,0.3309607899999998,5.0,24.0,28.0,0.8360966299999999,116.0,15.60483870967742,20.866935483870968,2.540322580645161,36.471774193548384,1.814516129032258,1.2701612903225807,1.4516129032258065,0.5443548387096774,0.907258064516129,0.5443548387096774,1.6330645161290325,1.814516129032258,5.080645161290323,2.177419354838709,0.5443548387096774,0.1814516129032258,1.814516129032258,0.7258064516129032,0.7258064516129032,0.907258064516129,0.0,0.0,0.1814516129032258,0.1814516129032258,0.0,0.0,78.82,50.0,0.0,44.44,12.5,41.18,47.62,50.0,0.1214847792900483,0.096185546137533,0.7258064516129032,2.540322580645161,0.0600533691532257,0.907258064516129,4.354838709677419,5.080645161290323,0.1517110820564516,21.048387096774192,DM/CM,56,89,78,72,92,94,92,89,89,89,89,89,83,75,44,72,100,50,83,53,28,53,92,86,50,50,39,39,28,50,61,19,39,39,89,94,94,97,100,75,83,86,94,89,33,89,78,67,83,94,89,89,89,78,78,78,67,67,33,72,89,28,78,39,28,53,83,78,50,50,39,39,28,50,61,19,39,39,83,89,89,94,94,72,83,89,89,89,Austrian Bundesliga
Ried,do3l4dhs0ooog6se728jxc06z,cptdgayutgb0j1hgnf63674k5,O. Steurer,Oliver Steurer,31,Defender,Germany,Defender,182.0,69.0,13.0,250.0,9.0,1.0,4.0,4.0,0.0,1.0,0.0,0.0,19.0,35.0,11.0,540.0,1.0,10.0,2.0,0.0,6.0,1.0,0.0,0.0,0.0,0.0,0.0,84.46,40.62,100.0,0.0,25.0,54.29,56.25,75.0,0.4633758898525906,0.1100187602830941,0.0,4.0,0.07826773,2.0,19.0,18.0,0.6379230899999996,126.0,30.33333333333333,11.5,2.1666666666666665,41.66666666666666,1.5,0.1666666666666666,0.6666666666666666,0.6666666666666666,0.0,0.1666666666666666,0.0,0.0,3.1666666666666665,5.833333333333333,1.8333333333333333,0.1666666666666666,1.6666666666666667,0.3333333333333333,0.0,1.0,0.1666666666666666,0.0,0.0,0.0,0.0,0.0,84.46,40.62,100.0,0.0,25.0,54.29,56.25,75.0,0.0772293149754317,0.0183364600471823,0.0,0.6666666666666666,0.0130446216666666,0.3333333333333333,3.1666666666666665,3.0,0.1063205149999999,21.0,LB/LCB,100,56,81,89,72,31,78,94,25,61,8,8,58,100,100,75,89,31,17,58,44,53,47,33,53,53,78,67,100,17,69,39,61,64,78,39,28,50,50,56,83,83,61,89,89,33,67,72,44,22,56,89,25,50,8,8,11,83,89,61,78,22,17,39,39,53,47,33,53,53,78,67,100,17,69,39,61,64,61,39,28,44,39,50,72,56,50,83,Austrian Bundesliga
Ried,do3l4dhs0ooog6se728jxc06z,czynssza36ggpaezb0i14si22,S. Chukwudi,Samuel Chukwudi,23,Defender,Faroe Islands,Defender,176.0,56.0,16.0,232.0,30.0,2.0,11.0,11.0,0.0,1.0,1.0,1.0,41.0,43.0,4.0,540.0,5.0,20.0,4.0,1.0,3.0,0.0,0.0,1.0,0.0,0.0,0.0,89.58,66.67,0.0,100.0,45.45,68.33,68.18,50.0,1.5176328637780916,0.1449450764601865,0.0,1.0,0.01935132,0.0,8.0,12.0,0.27825913,142.0,29.33333333333333,9.333333333333334,2.6666666666666665,38.66666666666666,5.0,0.3333333333333333,1.8333333333333333,1.8333333333333333,0.0,0.1666666666666666,0.1666666666666666,0.1666666666666666,6.833333333333333,7.166666666666667,0.6666666666666666,0.8333333333333334,3.333333333333333,0.6666666666666666,0.1666666666666666,0.5,0.0,0.0,0.1666666666666666,0.0,0.0,0.0,89.58,66.67,0.0,100.0,45.45,68.33,68.18,50.0,0.2529388106296819,0.0241575127433644,0.0,0.1666666666666666,0.00322522,0.0,1.3333333333333333,2.0,0.0463765216666666,23.666666666666668,CB,83,52,83,65,100,67,100,100,35,80,57,50,100,100,48,100,100,91,67,50,41,46,85,46,52,52,65,70,41,87,70,83,76,48,100,74,39,54,52,30,61,70,61,70,52,26,41,35,96,50,100,100,35,70,48,39,96,74,9,100,100,83,52,28,41,46,74,46,52,52,65,70,41,87,70,83,76,48,100,70,39,52,52,30,48,57,43,48,Austrian Bundesliga
Ried,do3l4dhs0ooog6se728jxc06z,e7q2iq2trm9n3rekwkgcdnmy1,L. Malicsek,Lukas Malicsek,27,Defender,Austria,Defender,98.0,100.0,8.0,197.0,1.0,3.0,3.0,2.0,1.0,1.0,0.0,0.0,15.0,20.0,3.0,452.0,1.0,7.0,3.0,0.0,6.0,1.0,0.0,0.0,0.0,0.0,0.0,89.55,61.54,25.0,0.0,33.33,37.5,9.09,54.55,0.2983468449110603,0.4416873934435008,1.0,11.0,0.2865555899999999,8.0,22.0,26.0,0.9452385799999996,100.0,19.513274336283185,19.91150442477876,1.592920353982301,39.22566371681416,0.1991150442477876,0.5973451327433629,0.5973451327433629,0.3982300884955752,0.1991150442477876,0.1991150442477876,0.0,0.0,2.9867256637168142,3.982300884955752,0.5973451327433629,0.1991150442477876,1.393805309734513,0.5973451327433629,0.0,1.1946902654867255,0.1991150442477876,0.0,0.0,0.0,0.0,0.0,89.55,61.54,25.0,0.0,33.33,37.5,9.09,54.55,0.0594053452256536,0.0879466048891926,0.1991150442477876,2.190265486725664,0.0570575289823008,1.592920353982301,4.380530973451328,5.176991150442478,0.1882112216814158,19.91150442477876,RB/RCB,43,86,29,64,18,57,43,50,43,57,18,11,36,64,39,54,61,50,18,82,64,46,39,36,54,54,86,86,71,18,71,14,14,21,36,79,50,79,71,86,79,79,79,64,43,79,29,50,14,43,36,43,29,57,18,11,36,64,43,36,50,21,18,64,57,46,39,36,54,54,86,86,71,18,71,14,14,21,43,79,43,71,64,79,79,79,79,57,Austrian Bundesliga
Ried,do3l4dhs0ooog6se728jxc06z,femn1t98rrea56260yhe2mll,Y. Maart,Yusuf Maart,31,Midfielder,South Africa,Midfielder,134.0,147.0,11.0,275.0,4.0,9.0,6.0,0.0,6.0,1.0,9.0,10.0,20.0,7.0,5.0,535.0,1.0,2.0,6.0,5.0,3.0,6.0,0.0,0.0,1.0,0.0,0.0,87.03,61.11,24.0,55.56,16.67,55.56,66.67,60.0,0.3279193390336953,0.8075227956937321,5.0,21.0,0.48816451,5.0,27.0,26.0,1.0760287899999998,148.0,22.54205607476636,24.72897196261682,1.8504672897196264,46.26168224299065,0.6728971962616822,1.514018691588785,1.0093457943925233,0.0,1.0093457943925233,0.1682242990654205,1.514018691588785,1.6822429906542056,3.364485981308411,1.1775700934579438,0.8411214953271028,0.1682242990654205,0.3364485981308411,1.0093457943925233,0.8411214953271028,0.5046728971962616,1.0093457943925233,0.0,0.0,0.1682242990654205,0.0,0.0,87.03,61.11,24.0,55.56,16.67,55.56,66.67,60.0,0.0551640009589394,0.1358449562849268,0.8411214953271028,3.5327102803738315,0.0821211325233644,0.8411214953271028,4.542056074766355,4.373831775700935,0.1810141889719626,24.897196261682243,CM/AM,92,85,81,92,79,85,63,19,85,35,73,75,73,92,92,40,23,83,71,48,87,52,38,73,52,52,73,50,62,62,31,75,96,52,31,81,88,90,88,56,92,88,100,92,88,77,62,77,62,62,31,19,62,23,54,54,42,81,58,27,15,46,54,27,77,52,38,65,52,52,73,50,62,62,31,75,96,52,23,65,58,81,77,42,73,62,81,81,Austrian Bundesliga
Ried,do3l4dhs0ooog6se728jxc06z,meyvsb8e41khlmjmuwtbrs44,E. Eghosa,Evan Eghosa,21,Midfielder,Austria,Midfielder,11.0,29.0,2.0,40.0,5.0,2.0,8.0,8.0,0.0,2.0,5.0,5.0,13.0,2.0,0.0,349.0,5.0,23.0,2.0,2.0,3.0,0.0,0.0,1.0,0.0,0.0,0.0,67.8,66.67,0.0,40.0,62.5,33.33,38.46,75.0,1.0156344454462818,0.1435637336221842,4.0,1.0,0.04066992,0.0,6.0,5.0,0.14798429,22.0,2.836676217765043,7.478510028653295,0.5157593123209169,10.31518624641834,1.2893982808022924,0.5157593123209169,2.0630372492836675,2.0630372492836675,0.0,0.5157593123209169,1.2893982808022924,1.2893982808022924,3.35243553008596,0.5157593123209169,0.0,1.2893982808022924,5.9312320916905446,0.5157593123209169,0.5157593123209169,0.7736389684813754,0.0,0.0,0.2578796561604584,0.0,0.0,0.0,67.8,66.67,0.0,40.0,62.5,33.33,38.46,75.0,0.261911461576405,0.0370221662636005,1.0315186246418335,0.2578796561604584,0.0104879449856733,0.0,1.5472779369627507,1.2893982808022924,0.0381621378223495,5.673352435530086,CM/AM,12,8,21,12,88,12,77,96,10,60,42,35,42,38,8,94,100,15,40,48,19,52,85,33,52,52,8,62,19,35,100,15,69,83,92,15,75,8,8,8,27,15,15,27,8,4,19,4,85,8,73,96,10,54,40,33,38,37,8,94,100,15,38,42,19,52,85,33,52,52,8,62,19,35,100,15,69,83,92,8,73,8,8,8,19,15,8,15,Austrian Bundesliga
Hartberg,1vli32f09v65mc3vc6yh34z9f,4l8da2f3dkc4h8xf80begcpw4,M. Hoffmann,Marco Hoffmann,22,Attacker,Austria,Striker,28.0,43.0,1.0,70.0,10.0,4.0,11.0,10.0,1.0,2.0,3.0,4.0,19.0,2.0,0.0,397.0,6.0,19.0,2.0,2.0,3.0,1.0,0.0,2.0,1.0,0.0,0.0,79.55,33.33,100.0,66.67,54.55,45.24,62.5,60.0,1.4261353216018895,0.1734003125599033,2.0,3.0,0.09975924,1.0,3.0,2.0,0.0544750599999998,19.0,6.347607052896725,9.748110831234255,0.2267002518891687,15.869017632241812,2.267002518891688,0.906801007556675,2.4937027707808563,2.267002518891688,0.2267002518891687,0.4534005037783375,0.6801007556675063,0.906801007556675,4.307304785894206,0.4534005037783375,0.0,1.3602015113350123,4.307304785894206,0.4534005037783375,0.4534005037783375,0.6801007556675063,0.2267002518891687,0.0,0.4534005037783375,0.2267002518891687,0.0,0.0,79.55,33.33,100.0,66.67,54.55,45.24,62.5,60.0,0.323305236635189,0.0393098945349906,0.4534005037783375,0.6801007556675063,0.022615444836272,0.2267002518891687,0.6801007556675063,0.4534005037783375,0.0123495098236775,4.307304785894206,ST,93,74,44,81,89,54,63,80,26,63,19,22,81,52,20,83,57,37,41,83,65,52,67,83,52,52,81,41,96,87,85,78,80,44,74,37,48,30,37,39,56,26,22,57,81,59,37,67,78,37,44,74,15,52,11,11,67,41,20,74,37,22,33,78,63,52,52,78,52,52,81,41,96,87,85,78,80,44,70,30,37,19,22,26,48,15,15,44,Austrian Bundesliga
Hartberg,1vli32f09v65mc3vc6yh34z9f,5xfcu2josewjpchthyxurs3ys,H. Coulibaly,Habib Coulibaly,22,Defender,Côte d'Ivoire,Defender,59.0,33.0,3.0,91.0,3.0,1.0,1.0,0.0,1.0,0.0,3.0,3.0,14.0,16.0,2.0,328.0,0.0,1.0,1.0,2.0,4.0,1.0,0.0,0.0,0.0,0.0,0.0,71.09,14.29,33.33,66.67,0.0,40.0,25.0,50.0,0.0431091104248959,0.0411750754257882,1.0,3.0,0.0548575399999999,1.0,7.0,7.0,0.1915670899999999,47.0,16.1890243902439,9.054878048780488,0.8231707317073171,24.96951219512195,0.8231707317073171,0.274390243902439,0.274390243902439,0.0,0.274390243902439,0.0,0.8231707317073171,0.8231707317073171,3.841463414634146,4.390243902439025,0.5487804878048781,0.0,0.274390243902439,0.274390243902439,0.5487804878048781,1.0975609756097562,0.274390243902439,0.0,0.0,0.0,0.0,0.0,71.09,14.29,33.33,66.67,0.0,40.0,25.0,50.0,0.0118287193239043,0.0112980389887833,0.274390243902439,0.8231707317073171,0.0150523737804877,0.274390243902439,1.920731707317073,1.920731707317073,0.0525641405487804,12.896341463414634,LB/LCB,44,28,11,17,28,31,19,11,58,25,58,53,17,50,25,31,8,14,64,39,44,53,47,33,53,53,11,6,75,75,31,6,11,28,22,28,64,42,39,44,47,39,33,44,44,11,11,22,33,33,11,11,56,25,56,50,28,61,28,31,11,17,67,50,50,53,47,33,53,53,11,6,75,75,31,6,11,28,22,28,67,50,44,44,50,44,28,56,Austrian Bundesliga
Hartberg,1vli32f09v65mc3vc6yh34z9f,6mmkptwhg07uosgpfx0wn0i22,B. Markuš,Benjamin Markus,25,Midfielder,Slovenia,Midfielder,85.0,88.0,17.0,173.0,7.0,4.0,3.0,2.0,1.0,0.0,4.0,4.0,27.0,15.0,1.0,450.0,1.0,7.0,6.0,3.0,6.0,0.0,0.0,1.0,0.0,0.0,0.0,78.28,54.84,0.0,75.0,33.33,54.0,50.0,50.0,0.4069923341333206,0.3073945685372818,1.0,9.0,0.1723467,3.0,16.0,20.0,0.3647132299999999,88.0,17.0,17.6,3.4,34.6,1.4,0.8,0.6,0.4,0.2,0.0,0.8,0.8,5.4,3.0,0.2,0.2,1.4,1.2,0.6,1.2,0.0,0.0,0.2,0.0,0.0,0.0,78.28,54.84,0.0,75.0,33.33,54.0,50.0,50.0,0.0813984668266641,0.0614789137074563,0.2,1.8,0.03446934,0.6,3.2,4.0,0.0729426459999999,17.6,DM/CM,47,67,83,61,69,69,44,69,33,19,50,47,72,83,11,72,83,69,78,72,28,53,92,39,50,50,33,50,28,89,86,67,58,39,56,78,47,64,61,53,56,61,50,64,53,72,83,44,72,67,44,72,28,19,50,44,72,75,11,78,81,61,72,56,28,53,89,39,50,50,33,50,28,89,86,67,58,39,56,67,44,67,61,44,67,67,50,61,Austrian Bundesliga
Hartberg,1vli32f09v65mc3vc6yh34z9f,7lyjgp4wsjarezyu9o1r2cv10,O. Lukić,Oliver Lukic,19,Midfielder,Croatia,Midfielder,36.0,41.0,9.0,77.0,1.0,2.0,3.0,0.0,3.0,2.0,6.0,6.0,18.0,5.0,1.0,226.0,1.0,6.0,3.0,6.0,4.0,0.0,0.0,0.0,0.0,0.0,0.0,74.04,60.0,0.0,100.0,33.33,60.0,20.0,50.0,0.223761608961308,0.0996952988029903,3.0,5.0,0.1293554399999998,1.0,11.0,9.0,0.2473098299999998,26.0,14.336283185840708,16.327433628318584,3.584070796460177,30.663716814159294,0.3982300884955752,0.7964601769911505,1.1946902654867255,0.0,1.1946902654867255,0.7964601769911505,2.3893805309734515,2.3893805309734515,7.168141592920354,1.991150442477876,0.3982300884955752,0.3982300884955752,2.3893805309734515,1.1946902654867255,2.3893805309734515,1.592920353982301,0.0,0.0,0.0,0.0,0.0,0.0,74.04,60.0,0.0,100.0,33.33,60.0,20.0,50.0,0.0891086053385739,0.0397016676649076,1.1946902654867255,1.991150442477876,0.0515132283185839,0.3982300884955752,4.380530973451328,3.584070796460177,0.0984862154867255,10.353982300884956,CM/AM,54,29,75,35,37,12,19,19,40,60,60,50,60,75,25,40,52,35,85,69,19,52,38,33,52,52,31,46,19,96,71,90,42,35,19,8,58,25,31,19,46,35,27,35,69,54,88,69,50,27,35,19,69,77,77,69,85,96,38,50,65,69,92,85,19,52,38,33,52,52,31,46,19,96,71,90,42,35,38,15,81,35,38,19,69,38,23,38,Austrian Bundesliga
Hartberg,1vli32f09v65mc3vc6yh34z9f,7syagd8e7mmt3krdh9npo75qt,L. Spendlhofer,Lukas Spendlhofer,33,Defender,Austria,Defender,68.0,27.0,9.0,95.0,2.0,0.0,0.0,0.0,0.0,0.0,0.0,1.0,5.0,9.0,5.0,180.0,0.0,3.0,0.0,0.0,2.0,0.0,0.0,0.0,0.0,0.0,0.0,84.82,47.37,0.0,0.0,0.0,50.0,50.0,66.67,0.0,0.0,0.0,0.0,0.0,0.0,0.0,0.0,0.0,0.0,34.0,13.5,4.5,47.5,1.0,0.0,0.0,0.0,0.0,0.0,0.0,0.5,2.5,4.5,2.5,0.0,1.5,0.0,0.0,1.0,0.0,0.0,0.0,0.0,0.0,0.0,84.82,47.37,0.0,0.0,0.0,50.0,50.0,66.67,0.0,0.0,0.0,0.0,0.0,0.0,0.0,0.0,0.0,0.0,CB,22,30,39,26,17,20,13,20,35,35,24,50,4,20,67,28,50,22,26,30,41,46,37,46,52,52,26,26,41,26,28,20,35,70,17,28,39,26,26,30,17,15,13,13,74,48,78,57,33,20,13,20,35,35,24,59,17,28,96,28,74,22,26,50,41,46,37,46,52,52,26,26,41,26,28,20,35,70,17,28,39,26,26,30,17,15,13,13,Austrian Bundesliga
Hartberg,1vli32f09v65mc3vc6yh34z9f,9igdqm81y0k9z9wom57306yy2,P. Komposch,Paul Komposch,25,Defender,Austria,Defender,100.0,54.0,10.0,154.0,8.0,3.0,3.0,2.0,1.0,1.0,8.0,8.0,18.0,21.0,2.0,450.0,1.0,3.0,4.0,2.0,3.0,0.0,0.0,0.0,0.0,0.0,0.0,84.62,47.62,0.0,25.0,33.33,54.55,80.0,75.0,0.3106444351669564,0.1911703256001655,0.0,4.0,0.31629043,4.0,14.0,17.0,0.2899959000000001,66.0,20.0,10.8,2.0,30.8,1.6,0.6,0.6,0.4,0.2,0.2,1.6,1.6,3.6,4.2,0.4,0.2,0.6,0.8,0.4,0.6,0.0,0.0,0.0,0.0,0.0,0.0,84.62,47.62,0.0,25.0,33.33,54.55,80.0,75.0,0.0621288870333912,0.0382340651200331,0.0,0.8,0.063258086,0.8,2.8,3.4,0.05799918,13.2,RB/RCB,50,29,39,43,79,57,43,50,43,57,75,75,57,71,25,54,25,71,54,32,29,46,39,36,54,54,50,43,29,43,71,61,93,79,50,50,14,50,79,54,64,71,29,50,50,21,39,43,64,50,43,50,36,64,71,71,43,71,25,46,21,57,50,21,29,46,39,36,54,54,50,43,29,43,71,61,93,79,50,36,14,50,71,50,64,64,21,50,Austrian Bundesliga
Hartberg,1vli32f09v65mc3vc6yh34z9f,azx4jp5dsm42odsralypcw8ut,T. Kainz,Tobias Kainz,33,Midfielder,Austria,Midfielder,47.0,72.0,14.0,113.0,0.0,9.0,4.0,0.0,4.0,1.0,5.0,5.0,15.0,5.0,4.0,425.0,1.0,0.0,2.0,4.0,8.0,6.0,0.0,0.0,1.0,0.0,0.0,82.48,63.64,33.33,80.0,25.0,51.72,0.0,88.89,0.2467185381482757,1.069604243500377,2.0,6.0,0.14680107,2.0,19.0,19.0,0.6645046699999999,60.0,9.952941176470588,15.24705882352941,2.9647058823529413,23.929411764705883,0.0,1.9058823529411764,0.8470588235294118,0.0,0.8470588235294118,0.2117647058823529,1.0588235294117647,1.0588235294117647,3.176470588235294,1.0588235294117647,0.8470588235294118,0.2117647058823529,0.0,0.4235294117647059,0.8470588235294118,1.6941176470588235,1.2705882352941176,0.0,0.0,0.2117647058823529,0.0,0.0,82.48,63.64,33.33,80.0,25.0,51.72,0.0,88.89,0.0522462786666936,0.2265044280353739,0.4235294117647059,1.2705882352941176,0.0310872854117647,0.4235294117647059,4.023529411764706,4.023529411764706,0.1407186359999999,12.705882352941176,CM/AM,81,63,92,63,12,85,31,19,67,35,42,35,52,75,77,40,6,15,62,92,87,52,38,73,52,52,58,54,83,85,46,62,19,92,27,88,33,37,38,33,75,71,73,63,54,31,81,35,12,69,19,19,38,31,31,27,27,69,62,31,6,8,58,88,85,52,38,69,52,52,58,54,83,85,46,62,19,92,19,73,23,19,19,23,62,46,58,50,Austrian Bundesliga
Hartberg,1vli32f09v65mc3vc6yh34z9f,baxlgr5w1p6wdamoyjoinesd0,K. Schopp,Konstantin Schopp,20,Defender,Austria,Defender,98.0,22.0,6.0,120.0,8.0,0.0,2.0,1.0,1.0,0.0,4.0,4.0,21.0,33.0,3.0,330.0,1.0,2.0,0.0,4.0,4.0,0.0,0.0,0.0,0.0,0.0,0.0,84.51,35.29,0.0,100.0,50.0,61.76,50.0,44.44,0.1846347448613946,0.0,1.0,0.0,0.0,0.0,4.0,5.0,0.11546268,39.0,26.727272727272727,6.0,1.6363636363636365,32.72727272727273,2.181818181818182,0.0,0.5454545454545455,0.2727272727272727,0.2727272727272727,0.0,1.090909090909091,1.090909090909091,5.727272727272728,9.0,0.8181818181818182,0.2727272727272727,0.5454545454545455,0.0,1.090909090909091,1.090909090909091,0.0,0.0,0.0,0.0,0.0,0.0,84.51,35.29,0.0,100.0,50.0,61.76,50.0,44.44,0.0503549304167439,0.0,0.2727272727272727,0.0,0.0,0.0,1.090909090909091,1.3636363636363638,0.0314898218181818,10.636363636363637,CB,43,22,26,35,61,20,57,50,80,35,96,96,61,87,24,70,35,22,100,61,41,46,37,46,52,52,22,9,41,87,80,57,35,39,65,28,87,26,26,30,43,43,43,35,39,17,22,22,52,20,61,43,87,35,96,96,70,96,22,70,30,22,100,65,41,46,37,46,52,52,22,9,41,87,80,57,35,39,48,28,91,26,26,30,43,39,39,35,Austrian Bundesliga
Hartberg,1vli32f09v65mc3vc6yh34z9f,bbulep9mu02l0euzi79w65lka,A. Gattermayer,Angelo Gattermayer,24,Attacker,Austria,Striker,16.0,28.0,3.0,43.0,8.0,4.0,6.0,4.0,2.0,2.0,15.0,15.0,16.0,6.0,3.0,357.0,2.0,21.0,3.0,5.0,1.0,1.0,0.0,1.0,0.0,0.0,0.0,78.18,50.0,14.29,33.33,33.33,37.21,72.73,100.0,0.8088222477818416,0.3366119335823339,2.0,12.0,0.30703276,5.0,4.0,7.0,0.33859766,21.0,4.033613445378151,7.0588235294117645,0.7563025210084033,10.84033613445378,2.016806722689076,1.0084033613445378,1.512605042016807,1.0084033613445378,0.5042016806722689,0.5042016806722689,3.7815126050420167,3.7815126050420167,4.033613445378151,1.512605042016807,0.7563025210084033,0.5042016806722689,5.294117647058823,0.7563025210084033,1.2605042016806722,0.2521008403361344,0.2521008403361344,0.0,0.2521008403361344,0.0,0.0,0.0,78.18,50.0,14.29,33.33,33.33,37.21,72.73,100.0,0.2039047683483634,0.0848601513232774,0.5042016806722689,3.0252100840336134,0.0774032168067226,1.2605042016806722,1.0084033613445378,1.7647058823529411,0.0853607546218487,5.294117647058823,ST,59,44,72,46,81,54,24,20,57,63,100,98,69,87,94,28,78,57,83,33,65,52,37,37,52,52,74,59,57,39,43,52,93,81,41,59,48,93,85,93,65,81,67,65,52,37,63,41,67,48,11,11,48,56,100,100,59,81,89,19,57,56,85,26,67,52,30,37,52,52,74,59,57,39,43,52,93,81,22,52,41,85,74,85,59,74,63,56,Austrian Bundesliga
Hartberg,1vli32f09v65mc3vc6yh34z9f,dbj7ww9wogmp0dod5aj4ys0a2,Y. Diarra,Youba Diarra,28,Midfielder,Mali,Midfielder,32.0,32.0,4.0,62.0,2.0,2.0,3.0,0.0,3.0,2.0,8.0,10.0,13.0,5.0,6.0,305.0,0.0,2.0,5.0,2.0,2.0,2.0,0.0,0.0,0.0,0.0,0.0,68.89,28.57,28.57,25.0,0.0,37.14,33.33,50.0,0.4890265175467697,0.1867700226758587,3.0,4.0,0.11240346,3.0,9.0,10.0,0.5210076399999999,34.0,9.442622950819672,9.442622950819672,1.180327868852459,18.295081967213115,0.5901639344262295,0.5901639344262295,0.8852459016393442,0.0,0.8852459016393442,0.5901639344262295,2.360655737704918,2.950819672131148,3.836065573770492,1.475409836065574,1.7704918032786885,0.0,0.5901639344262295,1.475409836065574,0.5901639344262295,0.5901639344262295,0.5901639344262295,0.0,0.0,0.0,0.0,0.0,68.89,28.57,28.57,25.0,0.0,37.14,33.33,50.0,0.1443029068170795,0.0551124657076304,0.8852459016393442,1.180327868852459,0.0331682340983606,0.8852459016393442,2.6557377049180326,2.950819672131148,0.1537399593442622,10.0327868852459,DM/CM,11,17,22,6,22,50,44,25,67,72,83,89,28,36,83,31,28,61,67,11,86,53,42,39,50,50,6,6,67,36,31,6,28,39,67,50,81,44,56,53,36,33,78,33,6,11,22,6,33,50,67,25,83,83,83,100,28,50,100,31,39,72,67,11,89,53,42,39,50,50,6,6,67,36,31,6,28,39,89,61,94,56,56,61,39,44,94,33,Austrian Bundesliga
Hartberg,1vli32f09v65mc3vc6yh34z9f,dtp6bnph531o197kmdqhelct0,F. Wilfinger,Fabian Wilfinger,23,Midfielder,Austria,Defender,95.0,53.0,12.0,147.0,5.0,6.0,4.0,3.0,1.0,1.0,2.0,3.0,18.0,26.0,2.0,449.0,1.0,5.0,2.0,1.0,6.0,1.0,0.0,0.0,1.0,0.0,0.0,83.52,63.16,25.0,50.0,25.0,50.0,50.0,60.0,0.4974817485633218,0.4947763097320381,1.0,5.0,0.10185955,3.0,5.0,12.0,0.4035863699999999,80.0,19.04231625835189,10.623608017817372,2.405345211581292,29.465478841870823,1.0022271714922049,1.2026726057906458,0.8017817371937639,0.6013363028953229,0.2004454342984409,0.2004454342984409,0.4008908685968819,0.6013363028953229,3.6080178173719375,5.211581291759465,0.4008908685968819,0.2004454342984409,1.0022271714922049,0.4008908685968819,0.2004454342984409,1.2026726057906458,0.2004454342984409,0.0,0.0,0.2004454342984409,0.0,0.0,83.52,63.16,25.0,50.0,25.0,50.0,50.0,60.0,0.0997179451463228,0.0991756522848183,0.2004454342984409,1.0022271714922049,0.0204172817371937,0.6013363028953229,1.0022271714922049,2.405345211581292,0.0808970452115812,16.035634743875278,DM/CM,72,42,64,44,61,89,61,89,33,50,22,33,44,94,25,72,58,19,39,72,67,53,42,86,50,50,56,83,61,67,72,44,58,56,72,89,47,53,44,53,28,44,56,50,67,17,67,39,50,89,56,94,33,56,17,28,22,100,28,83,56,22,39,61,61,53,42,83,50,50,56,83,61,67,72,44,58,56,67,94,50,50,50,50,22,33,67,56,Austrian Bundesliga
WSG Tirol,7uh2y9tk3j8dk6zinfu38pygi,1qd7qard2rlhehql45gkl9az9,D. Gugganig,David Gugganig,29,Defender,Austria,Defender,85.0,32.0,4.0,117.0,11.0,1.0,2.0,1.0,1.0,0.0,2.0,2.0,15.0,26.0,1.0,198.0,0.0,3.0,0.0,2.0,1.0,0.0,0.0,0.0,0.0,0.0,0.0,80.69,17.39,0.0,100.0,0.0,65.22,61.11,50.0,0.0,0.0,0.0,0.0,0.0,0.0,0.0,0.0,0.0,0.0,38.63636363636363,14.545454545454543,1.818181818181818,53.18181818181818,5.0,0.4545454545454545,0.9090909090909092,0.4545454545454545,0.4545454545454545,0.0,0.9090909090909092,0.9090909090909092,6.8181818181818175,11.818181818181817,0.4545454545454545,0.0,1.3636363636363635,0.0,0.9090909090909092,0.4545454545454545,0.0,0.0,0.0,0.0,0.0,0.0,80.69,17.39,0.0,100.0,0.0,65.22,61.11,50.0,0.0,0.0,0.0,0.0,0.0,0.0,0.0,0.0,0.0,0.0,LB/LCB,72,19,31,56,94,31,42,33,58,25,44,36,28,89,14,31,28,6,64,11,19,53,47,33,53,53,67,11,19,92,31,78,72,28,11,14,28,17,17,22,8,8,8,8,100,56,56,89,100,39,72,39,67,25,61,56,94,100,17,31,50,6,89,17,19,53,47,33,53,53,67,11,19,92,31,78,72,28,11,14,28,17,17,22,8,8,8,8,Austrian Bundesliga
WSG Tirol,7uh2y9tk3j8dk6zinfu38pygi,1tupfmmjenvfp42z2by3d520a,M. Oswald,Moritz Oswald,24,Midfielder,Austria,Midfielder,62.0,28.0,2.0,90.0,0.0,0.0,0.0,0.0,0.0,0.0,5.0,5.0,8.0,6.0,2.0,180.0,0.0,1.0,3.0,0.0,5.0,0.0,0.0,0.0,0.0,0.0,0.0,93.75,100.0,0.0,0.0,0.0,57.14,0.0,100.0,0.0,0.0,0.0,0.0,0.0,0.0,0.0,0.0,0.0,0.0,31.0,14.0,1.0,45.0,0.0,0.0,0.0,0.0,0.0,0.0,2.5,2.5,4.0,3.0,1.0,0.0,0.5,1.5,0.0,2.5,0.0,0.0,0.0,0.0,0.0,0.0,93.75,100.0,0.0,0.0,0.0,57.14,0.0,100.0,0.0,0.0,0.0,0.0,0.0,0.0,0.0,0.0,0.0,0.0,DM/CM,39,11,6,22,8,8,11,25,14,19,64,61,6,50,25,31,14,33,11,53,28,53,42,39,50,50,100,100,28,11,31,78,11,100,14,14,17,11,11,17,11,11,11,11,94,44,17,89,8,8,11,25,14,19,97,92,44,75,61,31,25,81,11,94,28,53,42,39,50,50,100,100,28,11,31,78,11,100,14,14,17,11,11,17,11,11,11,11,Austrian Bundesliga
WSG Tirol,7uh2y9tk3j8dk6zinfu38pygi,6gl2mll6mqc0c8xauq1dwgil0,M. Striednig,Marc Striednig,20,Midfielder,Austria,Midfielder,108.0,44.0,5.0,152.0,0.0,1.0,6.0,4.0,2.0,2.0,1.0,1.0,12.0,2.0,3.0,281.0,3.0,6.0,3.0,1.0,4.0,0.0,0.0,1.0,0.0,0.0,0.0,89.94,55.56,0.0,100.0,50.0,46.15,0.0,50.0,0.74414911570075,0.0627836681655833,1.0,10.0,0.21529536,2.0,9.0,5.0,0.1016583799999999,59.0,34.59074733096085,14.09252669039146,1.601423487544484,48.68327402135231,0.0,0.3202846975088968,1.9217081850533808,1.2811387900355873,0.6405693950177936,0.6405693950177936,0.3202846975088968,0.3202846975088968,3.8434163701067616,0.6405693950177936,0.9608540925266904,0.9608540925266904,1.9217081850533808,0.9608540925266904,0.3202846975088968,1.2811387900355873,0.0,0.0,0.3202846975088968,0.0,0.0,0.0,89.94,55.56,0.0,100.0,50.0,46.15,0.0,50.0,0.2383395744237277,0.0201086481669128,0.3202846975088968,3.202846975088968,0.068955809252669,0.6405693950177936,2.882562277580071,1.601423487544484,0.0325596234875444,18.89679715302491,DM/CM,78,33,28,50,8,28,83,100,53,72,8,8,22,8,44,94,69,33,39,39,28,53,92,39,50,50,94,67,28,97,100,28,11,39,94,28,47,75,67,39,36,28,22,39,100,50,28,94,8,39,94,100,61,89,11,11,33,17,50,94,94,50,56,72,28,53,100,39,50,50,94,67,28,97,100,28,11,39,100,33,61,100,100,56,50,28,22,72,Austrian Bundesliga
WSG Tirol,7uh2y9tk3j8dk6zinfu38pygi,73ypy64strwsz99o2bvqwg1qt,L. Hinterseer,Lukas Hinterseer,35,Attacker,Austria,Striker,12.0,25.0,0.0,37.0,7.0,4.0,5.0,4.0,1.0,0.0,7.0,7.0,17.0,2.0,2.0,287.0,2.0,8.0,2.0,1.0,5.0,0.0,0.0,0.0,0.0,0.0,0.0,62.71,0.0,0.0,14.29,40.0,41.46,41.18,71.43,0.6899405340036842,0.285787171122608,2.0,2.0,0.04790334,0.0,4.0,5.0,0.05447675,13.0,3.763066202090592,7.8397212543554,0.0,11.602787456445991,2.195121951219512,1.254355400696864,1.56794425087108,1.254355400696864,0.313588850174216,0.0,2.195121951219512,2.195121951219512,5.331010452961672,0.627177700348432,0.627177700348432,0.627177700348432,2.508710801393728,0.627177700348432,0.313588850174216,1.56794425087108,0.0,0.0,0.0,0.0,0.0,0.0,62.71,0.0,0.0,14.29,40.0,41.46,41.18,71.43,0.2163576587467999,0.0896196703868805,0.627177700348432,0.627177700348432,0.0150219533101045,0.0,1.254355400696864,1.56794425087108,0.0170833013937282,4.076655052264808,ST,37,41,19,37,76,54,13,20,26,7,56,54,74,52,76,28,15,37,20,100,28,52,13,37,52,52,33,19,28,15,59,59,52,59,33,56,48,17,11,13,65,61,26,37,48,41,19,44,70,70,15,19,30,7,63,59,74,59,81,26,11,37,15,96,28,52,13,37,52,52,33,19,28,15,59,59,52,59,26,56,56,15,11,13,63,63,26,37,Austrian Bundesliga
WSG Tirol,7uh2y9tk3j8dk6zinfu38pygi,7t6q959578892bts84xux785,H. Balić,Husein Balic,30,Attacker,Austria,Midfielder,22.0,34.0,1.0,56.0,0.0,1.0,4.0,3.0,1.0,0.0,24.0,26.0,16.0,5.0,0.0,373.0,1.0,12.0,5.0,9.0,1.0,0.0,0.0,1.0,0.0,0.0,0.0,78.87,50.0,0.0,37.5,25.0,32.0,0.0,50.0,0.6586884561965304,0.0952844082216882,2.0,8.0,0.2096969999999999,2.0,2.0,6.0,0.12990021,25.0,5.308310991957104,8.203753351206434,0.2412868632707774,13.512064343163535,0.0,0.2412868632707774,0.9651474530831098,0.7238605898123324,0.2412868632707774,0.0,5.790884718498659,6.273458445040214,3.860589812332439,1.206434316353887,0.0,0.2412868632707774,2.895442359249329,1.206434316353887,2.171581769436997,0.2412868632707774,0.0,0.0,0.2412868632707774,0.0,0.0,0.0,78.87,50.0,0.0,37.5,25.0,32.0,0.0,50.0,0.1589328714683317,0.0229908759784234,0.4825737265415549,1.93029490616622,0.0505971313672922,0.4825737265415549,0.4825737265415549,1.4477211796246647,0.0313432142091152,6.032171581769436,RW,50,33,33,33,25,17,25,33,42,17,100,92,42,67,33,33,33,58,83,17,17,50,58,33,58,58,50,50,17,50,33,17,25,50,67,17,58,33,33,50,25,42,17,50,50,33,33,33,25,17,17,33,33,17,83,83,33,67,33,33,33,67,67,17,17,50,50,33,58,58,50,50,17,50,33,17,25,50,67,17,50,50,50,50,17,33,17,50,Austrian Bundesliga
WSG Tirol,7uh2y9tk3j8dk6zinfu38pygi,8z7r3whz85ck1c357fbjw9lre,M. Boras,Marco Boras,24,Defender,Croatia,Defender,195.0,65.0,20.0,260.0,19.0,3.0,2.0,1.0,1.0,0.0,0.0,1.0,36.0,42.0,7.0,445.0,2.0,12.0,5.0,0.0,8.0,0.0,0.0,0.0,1.0,0.0,0.0,87.84,58.82,0.0,0.0,100.0,73.47,70.37,66.67,0.1385312446267586,0.3033185612136489,1.0,1.0,0.01935132,0.0,10.0,15.0,0.31171967,160.0,39.43820224719101,13.146067415730336,4.044943820224719,52.58426966292134,3.842696629213483,0.6067415730337078,0.4044943820224719,0.2022471910112359,0.2022471910112359,0.0,0.0,0.2022471910112359,7.280898876404494,8.49438202247191,1.4157303370786516,0.4044943820224719,2.426966292134831,1.0112359550561798,0.0,1.6179775280898876,0.0,0.0,0.0,0.2022471910112359,0.0,0.0,87.84,58.82,0.0,0.0,100.0,73.47,70.37,66.67,0.0280175550930522,0.0613453269870301,0.2022471910112359,0.2022471910112359,0.0039137501123595,0.0,2.02247191011236,3.033707865168539,0.0630444276404494,32.359550561797754,RB/RCB,100,43,93,86,100,57,29,29,43,25,18,32,96,100,93,86,86,82,18,96,29,46,39,86,54,54,71,79,29,18,96,100,79,71,29,57,50,21,21,14,54,57,43,86,100,43,86,86,100,57,21,29,50,25,18,29,100,100,93,79,86,93,18,100,29,46,39,93,54,54,71,79,29,18,96,100,79,71,21,57,57,21,21,14,43,57,36,86,Austrian Bundesliga
WSG Tirol,7uh2y9tk3j8dk6zinfu38pygi,9za2qgkghujo03ed4icg7w4k4,R. Gschösser,Raphael Gschösser,20,Midfielder,Austria,Midfielder,49.0,28.0,4.0,77.0,2.0,4.0,1.0,0.0,1.0,0.0,4.0,4.0,17.0,13.0,2.0,270.0,0.0,0.0,7.0,3.0,4.0,0.0,0.0,0.0,1.0,0.0,0.0,79.38,40.0,0.0,75.0,0.0,54.84,0.0,80.0,0.0646187866054726,0.3157991775003527,0.0,5.0,0.1386993099999998,2.0,8.0,7.0,0.1698335699999997,25.0,16.333333333333332,9.333333333333334,1.3333333333333333,25.666666666666668,0.6666666666666666,1.3333333333333333,0.3333333333333333,0.0,0.3333333333333333,0.0,1.3333333333333333,1.3333333333333333,5.666666666666667,4.333333333333333,0.6666666666666666,0.0,0.0,2.333333333333333,1.0,1.3333333333333333,0.0,0.0,0.0,0.3333333333333333,0.0,0.0,79.38,40.0,0.0,75.0,0.0,54.84,0.0,80.0,0.0215395955351575,0.1052663925001175,0.0,1.6666666666666667,0.0462331033333332,0.6666666666666666,2.6666666666666665,2.333333333333333,0.0566111899999999,8.333333333333334,LM/LCM,100,50,50,50,75,100,50,50,75,50,100,75,100,75,75,50,50,100,100,100,50,75,50,100,75,75,100,100,50,100,50,50,50,100,50,50,75,75,100,75,100,50,50,100,100,50,50,100,100,100,50,50,100,50,100,100,100,100,100,50,50,100,100,100,50,75,50,100,75,75,100,100,50,100,50,50,50,100,50,100,75,100,100,100,100,50,50,100,Austrian Bundesliga
WSG Tirol,7uh2y9tk3j8dk6zinfu38pygi,b1iwlxl01qq1ktefcvzx0un6d,T. Goiginger,Thomas Goiginger,33,Attacker,Austria,Striker,10.0,38.0,0.0,44.0,2.0,8.0,2.0,2.0,0.0,1.0,5.0,5.0,7.0,2.0,1.0,276.0,0.0,5.0,1.0,3.0,1.0,4.0,0.0,0.0,1.0,0.0,0.0,78.57,0.0,28.57,60.0,0.0,43.75,50.0,100.0,0.2415508936435405,0.8666637090121795,0.0,9.0,0.30098196,4.0,6.0,4.0,0.3568362899999999,18.0,3.260869565217391,12.391304347826086,0.0,14.347826086956522,0.6521739130434783,2.608695652173913,0.6521739130434783,0.6521739130434783,0.0,0.3260869565217391,1.6304347826086956,1.6304347826086956,2.282608695652174,0.6521739130434783,0.3260869565217391,0.0,1.6304347826086956,0.3260869565217391,0.9782608695652172,0.3260869565217391,1.3043478260869563,0.0,0.0,0.3260869565217391,0.0,0.0,78.57,0.0,28.57,60.0,0.0,43.75,50.0,100.0,0.0787665957533284,0.2826077311996237,0.0,2.934782608695652,0.0981462913043478,1.3043478260869563,1.9565217391304344,1.3043478260869563,0.1163596597826086,5.869565217391304,ST,26,65,19,52,22,91,6,7,6,30,28,28,13,52,52,4,4,17,63,33,93,52,13,83,52,52,78,19,80,76,4,63,72,81,7,93,11,83,81,85,81,52,70,52,30,70,19,59,26,93,4,7,6,30,33,33,7,63,52,4,4,15,67,37,93,52,13,93,52,52,78,19,80,76,4,63,72,81,7,93,11,81,85,89,81,56,78,63,Austrian Bundesliga
WSG Tirol,7uh2y9tk3j8dk6zinfu38pygi,bxvda4yiblqnbza5g0n7kpduy,M. Olakigbe,Michael Olakigbe,22,Attacker,England,Striker,34.0,33.0,3.0,66.0,1.0,6.0,10.0,9.0,1.0,4.0,24.0,25.0,19.0,1.0,4.0,438.0,4.0,22.0,2.0,13.0,2.0,1.0,0.0,2.0,1.0,0.0,0.0,72.53,37.5,14.29,54.17,40.0,41.3,33.33,66.67,0.873700507804368,0.5380249561774763,6.0,7.0,0.2978091999999999,4.0,3.0,3.0,0.5384154799999998,17.0,6.986301369863014,6.78082191780822,0.6164383561643836,13.56164383561644,0.2054794520547945,1.2328767123287672,2.054794520547945,1.8493150684931507,0.2054794520547945,0.8219178082191781,4.931506849315069,5.136986301369864,3.904109589041096,0.2054794520547945,0.8219178082191781,0.8219178082191781,4.52054794520548,0.4109589041095891,2.671232876712329,0.4109589041095891,0.2054794520547945,0.0,0.4109589041095891,0.2054794520547945,0.0,0.0,72.53,37.5,14.29,54.17,40.0,41.3,33.33,66.67,0.1795275016036372,0.1105530731871526,1.2328767123287672,1.4383561643835618,0.0611936712328766,0.8219178082191781,0.6164383561643836,0.6164383561643836,0.1106333178082191,3.493150684931507,LW,80,40,60,60,40,100,60,80,20,90,80,80,80,40,60,60,80,50,90,50,80,60,60,90,60,60,20,20,80,80,60,40,50,80,60,100,90,40,80,70,40,20,100,40,60,20,40,40,40,80,50,60,20,80,80,80,60,20,50,60,60,60,80,40,80,60,60,80,60,60,20,20,80,80,60,40,50,80,60,80,50,20,20,60,20,20,100,20,Austrian Bundesliga
WSG Tirol,7uh2y9tk3j8dk6zinfu38pygi,cty7nsrs5yn785m330c2gbwq2,N. Baden,Nikolai Baden Frederiksen,26,Attacker,Denmark,Striker,12.0,18.0,1.0,28.0,6.0,1.0,15.0,4.0,11.0,3.0,9.0,9.0,20.0,5.0,1.0,315.0,4.0,8.0,7.0,6.0,1.0,2.0,0.0,2.0,0.0,0.0,0.0,77.78,100.0,25.0,66.67,26.67,62.5,85.71,100.0,1.1546973552111373,0.1407117646786337,8.0,1.0,0.02385149,1.0,1.0,1.0,0.0274300499999999,6.0,3.4285714285714284,5.142857142857143,0.2857142857142857,8.0,1.7142857142857142,0.2857142857142857,4.285714285714286,1.1428571428571428,3.142857142857143,0.8571428571428571,2.571428571428572,2.571428571428572,5.714285714285714,1.4285714285714286,0.2857142857142857,1.1428571428571428,2.2857142857142856,2.0,1.7142857142857142,0.2857142857142857,0.5714285714285714,0.0,0.5714285714285714,0.0,0.0,0.0,77.78,100.0,25.0,66.67,26.67,62.5,85.71,100.0,0.3299135300603249,0.0402033613367524,2.2857142857142856,0.2857142857142857,0.0068147114285714,0.2857142857142857,0.2857142857142857,0.2857142857142857,0.0078371571428571,1.7142857142857142,ST,37,20,44,26,67,6,94,20,100,87,78,72,85,80,52,59,15,96,94,33,81,52,67,37,52,52,67,98,74,87,22,100,100,81,63,30,100,9,7,39,22,7,7,6,33,15,41,15,63,4,93,15,100,78,70,67,81,78,48,63,7,93,93,30,81,52,67,37,52,52,67,98,74,87,22,100,100,81,74,33,100,7,7,37,19,11,7,4,Austrian Bundesliga
WSG Tirol,7uh2y9tk3j8dk6zinfu38pygi,d7sbf5zcyxc8cyexcdteabrah,M. Şatin,Murat Satin,30,Midfielder,Austria,Midfielder,67.0,60.0,9.0,124.0,3.0,4.0,1.0,1.0,0.0,1.0,4.0,6.0,18.0,6.0,4.0,381.0,0.0,2.0,3.0,3.0,5.0,3.0,0.0,0.0,0.0,0.0,0.0,83.22,50.0,42.86,75.0,0.0,60.0,0.0,55.56,0.1771509876525081,0.2278847577428726,0.0,3.0,0.06787404,2.0,12.0,16.0,0.4488866699999999,55.0,15.826771653543307,14.173228346456693,2.125984251968504,29.291338582677167,0.7086614173228346,0.9448818897637796,0.2362204724409448,0.2362204724409448,0.0,0.2362204724409448,0.9448818897637796,1.4173228346456692,4.251968503937007,1.4173228346456692,0.9448818897637796,0.0,0.4724409448818897,0.7086614173228346,0.7086614173228346,1.1811023622047243,0.7086614173228346,0.0,0.0,0.0,0.0,0.0,83.22,50.0,42.86,75.0,0.0,60.0,0.0,55.56,0.0418466899966554,0.0538310451361116,0.0,0.7086614173228346,0.0160332377952755,0.4724409448818897,2.8346456692913384,3.779527559055118,0.1060362212598425,12.992125984251969,CM/AM,85,46,75,73,69,40,10,42,10,35,29,50,60,87,77,13,23,35,56,81,73,52,38,33,52,52,65,19,96,81,13,90,19,46,15,27,8,17,12,33,50,58,46,54,81,19,69,62,69,31,8,46,10,35,27,46,58,85,65,13,27,23,50,69,69,52,38,33,52,52,65,19,96,81,13,90,19,46,15,23,8,15,12,31,38,42,35,58,Austrian Bundesliga
WSG Tirol,7uh2y9tk3j8dk6zinfu38pygi,daai9lh5s1r5bqo7faru7l0r8,D. Murray,Drew Murray,20,Defender,USA,Defender,128.0,81.0,11.0,209.0,6.0,1.0,3.0,2.0,1.0,0.0,1.0,1.0,18.0,15.0,4.0,447.0,1.0,4.0,3.0,1.0,5.0,0.0,0.0,1.0,0.0,0.0,0.0,84.96,55.0,0.0,100.0,33.33,58.06,46.15,55.56,0.3659209411670151,0.0482290767346908,1.0,3.0,0.05417292,4.0,15.0,11.0,0.3061115399999998,102.0,25.77181208053691,16.308724832214764,2.214765100671141,42.08053691275168,1.2080536912751678,0.2013422818791946,0.6040268456375839,0.4026845637583892,0.2013422818791946,0.0,0.2013422818791946,0.2013422818791946,3.624161073825504,3.02013422818792,0.8053691275167785,0.2013422818791946,0.8053691275167785,0.6040268456375839,0.2013422818791946,1.006711409395973,0.0,0.0,0.2013422818791946,0.0,0.0,0.0,84.96,55.0,0.0,100.0,33.33,58.06,46.15,55.56,0.0736753572819493,0.0097105523626894,0.2013422818791946,0.6040268456375839,0.010907299328859,0.8053691275167785,3.02013422818792,2.214765100671141,0.0616331959731543,20.536912751677853,RB/RCB,79,64,50,71,50,21,43,50,43,25,39,32,57,43,64,54,36,50,39,64,29,46,89,36,54,54,57,71,29,93,71,71,36,32,57,29,50,39,36,54,71,36,36,71,64,57,50,57,43,21,50,57,43,25,36,21,50,50,57,57,36,36,36,57,29,46,93,36,54,54,57,71,29,93,71,71,36,32,64,29,50,43,29,57,71,43,29,64,Austrian Bundesliga
WSG Tirol,7uh2y9tk3j8dk6zinfu38pygi,dzeup3m0ua8zf25xmaz3thvfu,D. Kubatta,David Kubatta,22,Defender,Germany,Defender,74.0,30.0,5.0,104.0,7.0,0.0,2.0,2.0,0.0,2.0,2.0,3.0,15.0,19.0,6.0,265.0,0.0,10.0,4.0,0.0,3.0,0.0,0.0,0.0,0.0,0.0,0.0,75.91,22.73,0.0,0.0,0.0,50.0,53.85,75.0,0.3016992968101311,0.0,0.0,0.0,0.0,0.0,4.0,4.0,0.09685925,42.0,25.132075471698112,10.188679245283016,1.6981132075471697,35.32075471698113,2.3773584905660377,0.0,0.6792452830188679,0.6792452830188679,0.0,0.6792452830188679,0.6792452830188679,1.018867924528302,5.094339622641509,6.452830188679245,2.037735849056604,0.0,3.39622641509434,1.3584905660377358,0.0,1.018867924528302,0.0,0.0,0.0,0.0,0.0,0.0,75.91,22.73,0.0,0.0,0.0,50.0,53.85,75.0,0.1024639121241954,0.0,0.0,0.0,0.0,0.0,1.3584905660377358,1.3584905660377358,0.0328955943396226,14.264150943396226,LB/LCB,61,11,47,33,50,11,42,64,25,81,44,53,28,78,83,31,89,75,17,28,19,53,47,33,53,53,44,17,19,17,31,25,53,64,61,14,28,17,17,22,28,19,17,28,72,17,50,67,83,11,61,94,25,83,50,67,50,94,100,31,100,89,17,44,19,53,47,33,53,53,44,17,19,17,31,25,53,64,78,14,28,17,17,22,39,22,22,61,Austrian Bundesliga
WSG Tirol,7uh2y9tk3j8dk6zinfu38pygi,e2v5xyjq2hoy7bxk9h1ibxm21,N. Čelić,Nemanja Celic,27,Midfielder,Austria,Midfielder,31.0,39.0,6.0,67.0,3.0,2.0,0.0,0.0,0.0,0.0,2.0,2.0,10.0,9.0,3.0,234.0,0.0,0.0,1.0,2.0,2.0,3.0,0.0,0.0,0.0,0.0,0.0,71.28,42.86,75.0,100.0,0.0,52.63,60.0,50.0,0.0,0.2053125168414655,0.0,1.0,0.02385149,0.0,3.0,3.0,0.15975174,18.0,11.923076923076923,15.0,2.3076923076923075,25.76923076923077,1.1538461538461535,0.7692307692307692,0.0,0.0,0.0,0.0,0.7692307692307692,0.7692307692307692,3.846153846153846,3.461538461538461,1.1538461538461535,0.0,0.0,0.3846153846153846,0.7692307692307692,0.7692307692307692,1.1538461538461535,0.0,0.0,0.0,0.0,0.0,71.28,42.86,75.0,100.0,0.0,52.63,60.0,50.0,0.0,0.0789663526313328,0.0,0.3846153846153846,0.00917365,0.0,1.1538461538461535,1.1538461538461535,0.0614429769230769,6.9230769230769225,DM/CM,6,22,33,11,39,50,11,25,14,19,22,19,14,61,44,31,6,8,67,11,94,53,42,39,50,50,17,19,100,97,31,50,89,39,14,61,17,22,22,17,22,22,28,22,22,56,56,28,56,61,11,25,14,19,44,39,39,83,72,31,6,17,83,33,94,53,42,39,50,50,17,19,100,97,31,50,89,39,14,83,17,22,22,17,28,22,44,22,Austrian Bundesliga
Wolfsberger AC,9pn4d8sj6pmqidrhhlvev437k,26ct8rbb84rlqingseqmxksgk,A. Schwarz,Aaron Sky Schwarz,22,Midfielder,Austria,Midfielder,38.0,42.0,5.0,79.0,2.0,3.0,3.0,2.0,1.0,1.0,3.0,4.0,11.0,13.0,2.0,331.0,1.0,6.0,2.0,1.0,3.0,1.0,0.0,1.0,0.0,0.0,0.0,73.15,26.32,20.0,33.33,33.33,57.89,40.0,50.0,0.6486941340031839,0.3242184567246274,0.0,5.0,0.11485161,2.0,7.0,11.0,0.5919901899999999,20.0,10.332326283987916,11.419939577039276,1.3595166163141994,21.48036253776435,0.5438066465256798,0.8157099697885197,0.8157099697885197,0.5438066465256798,0.2719033232628399,0.2719033232628399,0.8157099697885197,1.0876132930513596,2.990936555891239,3.5347432024169185,0.5438066465256798,0.2719033232628399,1.6314199395770397,0.5438066465256798,0.2719033232628399,0.8157099697885197,0.2719033232628399,0.0,0.2719033232628399,0.0,0.0,0.0,73.15,26.32,20.0,33.33,33.33,57.89,40.0,50.0,0.1763820908165757,0.0881560758465754,0.0,1.3595166163141994,0.0312285344410876,0.5438066465256798,1.9033232628398795,2.990936555891239,0.1609640999999999,5.438066465256798,LM/LCM,50,100,100,100,75,50,100,100,75,100,50,75,50,75,75,100,100,50,50,50,100,75,100,50,75,75,50,50,100,50,100,100,100,50,100,100,75,75,50,75,50,100,100,50,50,100,100,50,50,50,100,100,50,100,50,50,50,50,50,100,100,50,50,50,100,75,100,50,75,75,50,50,100,50,100,100,100,50,100,50,75,50,50,50,50,100,100,50,Austrian Bundesliga
Wolfsberger AC,9pn4d8sj6pmqidrhhlvev437k,2w2cl3e49fsva86587inax94a,F. Wohlmuth,Fabian Wohlmuth,24,Defender,Austria,Defender,69.0,69.0,12.0,134.0,11.0,4.0,5.0,4.0,1.0,2.0,13.0,13.0,36.0,16.0,4.0,540.0,1.0,9.0,6.0,6.0,8.0,4.0,1.0,1.0,1.0,0.0,0.0,69.07,40.0,20.0,46.15,20.0,45.0,40.74,61.54,0.4360866297197168,0.3454502471835269,1.0,5.0,0.1277507999999999,6.0,9.0,12.0,0.78779729,40.0,11.5,11.5,2.0,22.33333333333333,1.8333333333333333,0.6666666666666666,0.8333333333333334,0.6666666666666666,0.1666666666666666,0.3333333333333333,2.1666666666666665,2.1666666666666665,6.0,2.6666666666666665,0.6666666666666666,0.1666666666666666,1.5,1.0,1.0,1.3333333333333333,0.6666666666666666,0.1666666666666666,0.1666666666666666,0.1666666666666666,0.0,0.0,69.07,40.0,20.0,46.15,20.0,45.0,40.74,61.54,0.0726811049532861,0.0575750411972544,0.1666666666666666,0.8333333333333334,0.0212917999999999,1.0,1.5,2.0,0.1312995483333333,6.666666666666667,RB/RCB,36,50,61,36,89,71,75,82,43,82,100,100,96,50,64,54,71,93,100,96,86,96,89,86,54,54,7,29,61,57,39,36,29,57,71,64,50,61,57,71,39,43,71,36,36,29,39,21,71,64,71,79,21,71,93,86,86,43,50,29,64,79,89,79,79,93,79,75,54,54,7,29,61,57,39,36,29,57,57,50,32,57,50,64,36,36,71,21,Austrian Bundesliga
Wolfsberger AC,9pn4d8sj6pmqidrhhlvev437k,573eev03ioe21m3gcaaw8r0t1,R. Renner,René Renner,32,Defender,Austria,Defender,30.0,32.0,4.0,62.0,1.0,3.0,1.0,1.0,0.0,0.0,4.0,4.0,16.0,9.0,5.0,268.0,1.0,2.0,2.0,1.0,8.0,0.0,0.0,0.0,0.0,0.0,0.0,74.7,30.77,0.0,25.0,100.0,51.61,50.0,66.67,0.0738555282674253,0.2164272632717726,0.0,0.0,0.0,0.0,6.0,6.0,0.1694732099999999,16.0,10.07462686567164,10.746268656716415,1.343283582089552,20.82089552238806,0.335820895522388,1.007462686567164,0.335820895522388,0.335820895522388,0.0,0.0,1.343283582089552,1.343283582089552,5.3731343283582085,3.0223880597014925,1.67910447761194,0.335820895522388,0.6716417910447761,0.6716417910447761,0.335820895522388,2.686567164179104,0.0,0.0,0.0,0.0,0.0,0.0,74.7,30.77,0.0,25.0,100.0,51.61,50.0,66.67,0.0248022296420458,0.0726807973673863,0.0,0.0,0.0,0.0,2.014925373134328,2.014925373134328,0.0569126451492537,5.3731343283582085,LB/LCB,6,19,31,6,11,50,19,33,25,25,67,67,39,22,75,75,19,31,42,81,19,53,47,33,53,53,33,33,19,39,100,33,36,50,28,50,28,17,17,22,36,31,28,17,11,22,33,6,11,56,22,33,25,25,78,78,56,39,83,89,17,39,44,94,19,53,47,33,53,53,33,33,19,39,100,33,36,50,28,50,28,17,17,22,56,50,33,17,Austrian Bundesliga
Wolfsberger AC,9pn4d8sj6pmqidrhhlvev437k,6grg0esrhm8lf6hsvl9velhjo,M. Diabaté,Cheick Diabaté,22,Defender,Côte d'Ivoire,Defender,82.0,8.0,2.0,90.0,2.0,1.0,1.0,1.0,0.0,0.0,2.0,2.0,10.0,5.0,3.0,225.0,0.0,1.0,1.0,1.0,3.0,0.0,0.0,0.0,0.0,0.0,0.0,94.74,40.0,0.0,50.0,0.0,58.82,40.0,50.0,0.1311433172888649,0.0,0.0,0.0,0.0,0.0,0.0,1.0,0.05460112,53.0,32.8,3.2,0.8,36.0,0.8,0.4,0.4,0.4,0.0,0.0,0.8,0.8,4.0,2.0,1.2,0.0,0.4,0.4,0.4,1.2,0.0,0.0,0.0,0.0,0.0,0.0,94.74,40.0,0.0,50.0,0.0,58.82,40.0,50.0,0.0524573269155459,0.0,0.0,0.0,0.0,0.0,0.0,0.4,0.021840448,21.2,CB,30,4,4,17,17,46,37,50,35,35,74,72,30,9,24,28,20,48,67,50,41,46,37,46,52,52,91,13,41,59,28,48,9,48,52,28,39,26,26,30,17,33,35,43,67,4,4,26,26,59,46,59,35,35,91,87,43,9,46,28,26,54,80,70,41,46,37,46,52,52,91,13,41,59,28,48,9,48,52,28,39,26,26,30,17,30,35,43,Austrian Bundesliga
Wolfsberger AC,9pn4d8sj6pmqidrhhlvev437k,7j5c8kjj5cqof2d8dc7zjkwkp,R. Behounek,Raffael Behounek,29,Defender,Austria,Defender,114.0,58.0,12.0,172.0,5.0,2.0,0.0,0.0,0.0,0.0,1.0,1.0,12.0,29.0,1.0,362.0,0.0,2.0,1.0,1.0,1.0,0.0,0.0,0.0,0.0,0.0,0.0,86.43,44.44,0.0,100.0,0.0,46.15,55.56,20.0,0.0,0.1614228514040537,0.0,2.0,0.04797389,3.0,9.0,16.0,0.3321971199999999,93.0,28.34254143646409,14.419889502762432,2.983425414364641,42.76243093922652,1.2430939226519335,0.4972375690607735,0.0,0.0,0.0,0.0,0.2486187845303867,0.2486187845303867,2.983425414364641,7.209944751381216,0.2486187845303867,0.0,0.4972375690607735,0.2486187845303867,0.2486187845303867,0.2486187845303867,0.0,0.0,0.0,0.0,0.0,0.0,86.43,44.44,0.0,100.0,0.0,46.15,55.56,20.0,0.0,0.040132753111505,0.0,0.4972375690607735,0.0119272102209944,0.7458563535911602,2.2375690607734806,3.977900552486188,0.082590444198895,23.12154696132597,RB/RCB,64,36,61,50,43,39,11,14,11,25,39,32,29,82,14,14,14,7,39,11,29,46,39,36,54,54,64,36,29,93,14,46,50,7,11,43,14,29,29,36,39,64,50,57,71,50,79,64,50,36,11,14,11,25,43,36,29,86,14,14,7,7,43,14,29,46,39,36,54,54,64,36,29,93,14,46,50,7,11,43,14,29,36,43,50,71,50,79,Austrian Bundesliga
Wolfsberger AC,9pn4d8sj6pmqidrhhlvev437k,7yhtdeh1aweuxv4s9yslbl621,N. Wimmer,Nicolas Wimmer,31,Defender,Austria,Defender,70.0,35.0,18.0,105.0,15.0,0.0,1.0,1.0,0.0,0.0,0.0,0.0,21.0,17.0,4.0,285.0,0.0,5.0,2.0,0.0,2.0,0.0,0.0,0.0,0.0,0.0,0.0,65.22,39.13,0.0,0.0,0.0,65.62,68.18,50.0,0.1180021224868229,0.0,0.0,0.0,0.0,0.0,14.0,15.0,0.24478723,51.0,22.105263157894736,11.052631578947368,5.684210526315789,33.15789473684211,4.736842105263158,0.0,0.3157894736842105,0.3157894736842105,0.0,0.0,0.0,0.0,6.631578947368421,5.368421052631579,1.2631578947368425,0.0,1.5789473684210529,0.6315789473684211,0.0,0.6315789473684211,0.0,0.0,0.0,0.0,0.0,0.0,65.22,39.13,0.0,0.0,0.0,65.62,68.18,50.0,0.0372638281537335,0.0,0.0,0.0,0.0,0.0,4.421052631578948,4.736842105263158,0.0773012305263158,16.105263157894736,LB/LCB,56,36,94,42,100,11,19,33,25,25,8,8,67,64,61,31,44,31,17,19,19,53,47,33,53,53,6,56,19,17,31,83,83,28,33,14,28,17,17,22,72,58,39,56,61,28,94,61,94,11,17,28,25,25,8,8,89,78,67,31,67,33,17,22,19,53,47,33,53,53,6,56,19,17,31,83,83,28,39,14,28,17,17,22,83,83,39,67,Austrian Bundesliga
Wolfsberger AC,9pn4d8sj6pmqidrhhlvev437k,8b2qmeqhi04exsfq4z47cyr6c,P. Verhounig,Phillip Verhounig,20,Attacker,Austria,Striker,14.0,24.0,1.0,38.0,5.0,3.0,6.0,5.0,1.0,2.0,7.0,7.0,15.0,1.0,0.0,203.0,2.0,8.0,5.0,2.0,3.0,0.0,0.0,0.0,0.0,0.0,0.0,70.37,50.0,0.0,28.57,33.33,36.59,27.78,100.0,0.5713995973341626,0.1239912343709894,0.0,7.0,0.2530367,1.0,3.0,2.0,0.0330427199999999,15.0,6.206896551724138,10.64039408866995,0.4433497536945813,16.84729064039409,2.2167487684729066,1.3300492610837438,2.6600985221674875,2.2167487684729066,0.4433497536945813,0.8866995073891626,3.103448275862069,3.103448275862069,6.650246305418719,0.4433497536945813,0.0,0.8866995073891626,3.5467980295566504,2.2167487684729066,0.8866995073891626,1.3300492610837438,0.0,0.0,0.0,0.0,0.0,0.0,70.37,50.0,0.0,28.57,33.33,36.59,27.78,100.0,0.2533298707392839,0.0549714832186652,0.0,3.103448275862069,0.1121837586206896,0.4433497536945813,1.3300492610837438,0.8866995073891626,0.0146494817733989,6.650246305418719,ST,48,37,44,41,54,37,24,41,26,63,56,54,63,22,20,28,15,85,41,83,28,52,13,37,52,52,52,59,28,26,43,44,28,81,19,26,11,65,70,39,56,26,11,43,78,63,52,70,74,74,56,67,41,85,89,85,93,33,20,52,22,100,59,93,28,52,13,37,52,52,52,59,28,26,43,44,28,81,37,37,11,89,93,59,67,44,19,74,Austrian Bundesliga
Wolfsberger AC,9pn4d8sj6pmqidrhhlvev437k,8nh7mej6gdsx9oa6n8816rw9g,M. Schabauer,Marco Schabauer,20,Midfielder,Austria,Midfielder,14.0,19.0,1.0,33.0,4.0,2.0,4.0,2.0,2.0,1.0,2.0,2.0,11.0,3.0,2.0,265.0,1.0,3.0,0.0,2.0,2.0,0.0,0.0,0.0,0.0,0.0,0.0,71.74,50.0,0.0,100.0,25.0,44.0,57.14,40.0,0.3435890341326741,0.0569807789424306,2.0,1.0,0.02855202,1.0,3.0,6.0,0.0696202199999999,11.0,4.754716981132075,6.452830188679245,0.3396226415094339,11.20754716981132,1.3584905660377358,0.6792452830188679,1.3584905660377358,0.6792452830188679,0.6792452830188679,0.3396226415094339,0.6792452830188679,0.6792452830188679,3.735849056603773,1.018867924528302,0.6792452830188679,0.3396226415094339,1.018867924528302,0.0,0.6792452830188679,0.6792452830188679,0.0,0.0,0.0,0.0,0.0,0.0,71.74,50.0,0.0,100.0,25.0,44.0,57.14,40.0,0.1166906153658138,0.0193519626596934,0.6792452830188679,0.3396226415094339,0.0096969124528301,0.3396226415094339,1.018867924528302,2.037735849056604,0.0236446030188678,3.735849056603773,RM/RCM,11,11,11,11,72,22,22,39,56,61,11,11,22,44,44,33,22,17,44,33,17,56,50,33,56,56,11,44,17,100,50,44,83,17,44,11,50,11,11,17,11,11,11,11,11,11,11,11,78,33,67,56,89,78,22,22,33,44,56,44,33,17,56,44,17,56,50,33,56,56,11,44,17,100,50,44,83,17,56,22,89,11,11,22,11,11,11,11,Austrian Bundesliga
Wolfsberger AC,9pn4d8sj6pmqidrhhlvev437k,8x0tfplff9e3042uewyhkoa1,G. Vrioni,Giacomo Vrioni,27,Attacker,Albania,Striker,16.0,18.0,2.0,34.0,6.0,3.0,12.0,9.0,3.0,2.0,8.0,9.0,14.0,2.0,0.0,403.0,7.0,16.0,4.0,2.0,2.0,0.0,0.0,4.0,0.0,0.0,0.0,68.0,50.0,0.0,25.0,58.33,35.9,28.57,100.0,1.0978245012235377,0.1153670486934135,2.0,7.0,0.26099756,0.0,1.0,1.0,0.0432621099999998,11.0,3.5732009925558312,4.01985111662531,0.4466501240694789,7.593052109181142,1.3399503722084367,0.6699751861042184,2.679900744416873,2.009925558312655,0.6699751861042184,0.4466501240694789,1.7866004962779156,2.009925558312655,3.126550868486352,0.4466501240694789,0.0,1.563275434243176,3.5732009925558312,0.8933002481389578,0.4466501240694789,0.4466501240694789,0.0,0.0,0.8933002481389578,0.0,0.0,0.0,68.0,50.0,0.0,25.0,58.33,35.9,28.57,100.0,0.2451717248390034,0.0257643533062213,0.4466501240694789,1.563275434243176,0.0582872962779156,0.0,0.2233250620347394,0.2233250620347394,0.0096615133995036,2.456575682382134,ST,59,20,56,33,67,37,70,65,80,63,67,72,56,52,20,91,41,69,41,61,28,52,94,37,52,52,44,59,28,19,93,37,33,81,56,22,48,65,78,13,22,7,15,28,41,7,56,11,44,22,59,52,67,48,44,44,33,37,20,81,26,67,30,52,28,52,93,37,52,52,44,59,28,19,93,37,33,81,33,7,33,59,59,13,11,4,11,19,Austrian Bundesliga
Wolfsberger AC,9pn4d8sj6pmqidrhhlvev437k,auza9m6uhfpugzc461qdhxjis,M. Kitz,Matteo Kitz,19,Defender,Austria,Defender,71.0,20.0,4.0,91.0,10.0,2.0,0.0,0.0,0.0,0.0,1.0,1.0,21.0,24.0,3.0,295.0,0.0,7.0,0.0,1.0,7.0,0.0,0.0,0.0,0.0,0.0,0.0,89.22,57.14,0.0,100.0,0.0,67.74,58.82,70.0,0.0,0.0,0.0,0.0,0.0,0.0,0.0,0.0,0.0,0.0,21.661016949152543,6.101694915254238,1.2203389830508475,27.762711864406786,3.050847457627119,0.6101694915254238,0.0,0.0,0.0,0.0,0.3050847457627119,0.3050847457627119,6.406779661016949,7.322033898305085,0.9152542372881356,0.0,2.135593220338983,0.0,0.3050847457627119,2.135593220338983,0.0,0.0,0.0,0.0,0.0,0.0,89.22,57.14,0.0,100.0,0.0,67.74,58.82,70.0,0.0,0.0,0.0,0.0,0.0,0.0,0.0,0.0,0.0,0.0,CB,26,17,13,22,70,67,13,20,35,35,57,50,61,52,24,28,85,22,67,93,41,46,37,46,52,52,57,39,41,87,28,74,57,74,17,28,39,26,26,30,17,15,13,13,17,22,9,13,74,78,13,20,35,35,61,52,91,78,26,28,91,22,70,100,41,46,37,46,52,52,57,39,41,87,28,74,57,74,17,28,39,26,26,30,17,15,13,13,Austrian Bundesliga
Wolfsberger AC,9pn4d8sj6pmqidrhhlvev437k,bhn8je2hwadidyov5w033ukiy,O. Mamageishvili,Otar Mamageishvili,23,Midfielder,Georgia,Midfielder,42.0,64.0,7.0,106.0,2.0,5.0,6.0,0.0,6.0,3.0,6.0,6.0,19.0,8.0,5.0,365.0,0.0,4.0,10.0,2.0,3.0,0.0,0.0,0.0,0.0,0.0,0.0,82.81,58.33,0.0,33.33,0.0,50.0,25.0,60.0,0.3392483306783407,0.2856468217751403,5.0,9.0,0.28222477,4.0,9.0,10.0,0.2400853999999999,58.0,10.356164383561644,15.78082191780822,1.726027397260274,26.136986301369863,0.4931506849315069,1.2328767123287672,1.479452054794521,0.0,1.479452054794521,0.7397260273972603,1.479452054794521,1.479452054794521,4.684931506849315,1.9726027397260275,1.2328767123287672,0.0,0.9863013698630138,2.4657534246575343,0.4931506849315069,0.7397260273972603,0.0,0.0,0.0,0.0,0.0,0.0,82.81,58.33,0.0,33.33,0.0,50.0,25.0,60.0,0.083650273317947,0.0704334629034592,1.2328767123287672,2.219178082191781,0.0695896693150685,0.9863013698630138,2.219178082191781,2.4657534246575343,0.0591991397260273,14.3013698630137,CM/AM,62,50,56,54,58,60,63,19,85,81,60,50,67,98,92,13,40,96,40,48,19,52,38,33,52,52,62,42,19,27,13,54,54,52,38,46,88,56,69,44,35,38,23,58,58,35,58,54,58,46,46,19,88,73,50,50,73,92,77,13,35,96,35,35,19,52,38,33,52,52,62,42,19,27,13,54,54,52,35,38,85,46,62,50,27,27,19,62,Austrian Bundesliga
Wolfsberger AC,9pn4d8sj6pmqidrhhlvev437k,bodixu40wx3exhjo290dxg8np,D. Avdijaj,Donis Avdijaj,30,Midfielder,Kosovo,Midfielder,7.0,35.0,3.0,38.0,0.0,9.0,5.0,2.0,3.0,3.0,6.0,6.0,10.0,3.0,0.0,312.0,1.0,8.0,4.0,0.0,4.0,4.0,0.0,0.0,3.0,0.0,0.0,70.37,100.0,28.57,0.0,20.0,31.25,0.0,66.67,0.4514393884346998,0.8143739621324988,3.0,9.0,0.24630652,6.0,3.0,7.0,0.1378755599999999,15.0,2.019230769230769,10.096153846153843,0.8653846153846153,10.961538461538462,0.0,2.5961538461538463,1.4423076923076923,0.5769230769230769,0.8653846153846153,0.8653846153846153,1.7307692307692306,1.7307692307692306,2.8846153846153846,0.8653846153846153,0.0,0.2884615384615384,2.3076923076923075,1.1538461538461535,0.0,1.1538461538461535,1.1538461538461535,0.0,0.0,0.8653846153846153,0.0,0.0,70.37,100.0,28.57,0.0,20.0,31.25,0.0,66.67,0.1302229005100095,0.2349155659997592,0.8653846153846153,2.5961538461538463,0.0710499576923077,1.7307692307692306,0.8653846153846153,2.019230769230769,0.0397717961538461,4.326923076923077,CM/AM,4,15,31,8,12,85,46,58,40,81,60,50,35,56,8,40,71,58,10,69,79,52,38,96,52,52,15,94,77,10,35,12,19,62,58,85,58,56,62,67,10,29,8,12,4,12,27,8,12,88,38,54,42,81,58,58,19,58,8,38,62,58,10,65,81,52,38,96,52,52,15,94,77,10,35,12,19,62,54,81,62,58,65,65,8,19,12,12,Austrian Bundesliga
Wolfsberger AC,9pn4d8sj6pmqidrhhlvev437k,byqw8bquvh3eysc0jzc81aay,M. Sulzner,Marco Sulzner,23,Midfielder,Austria,Midfielder,57.0,78.0,26.0,135.0,10.0,0.0,5.0,0.0,5.0,3.0,6.0,8.0,37.0,12.0,2.0,532.0,0.0,2.0,12.0,1.0,9.0,0.0,0.0,0.0,0.0,0.0,0.0,69.59,50.98,0.0,16.67,0.0,52.86,55.56,64.29,0.6647693410684703,0.0,3.0,5.0,0.10715942,3.0,26.0,29.0,0.4679400999999998,71.0,9.642857142857142,13.19548872180451,4.398496240601504,22.83834586466165,1.6917293233082706,0.0,0.8458646616541353,0.0,0.8458646616541353,0.5075187969924811,1.0150375939849623,1.3533834586466165,6.2593984962406015,2.0300751879699246,0.3383458646616541,0.0,0.3383458646616541,2.0300751879699246,0.169172932330827,1.5225563909774436,0.0,0.0,0.0,0.0,0.0,0.0,69.59,50.98,0.0,16.67,0.0,52.86,55.56,64.29,0.1124609787521848,0.0,0.5075187969924811,0.8458646616541353,0.0181284733082706,0.5075187969924811,4.398496240601504,4.906015037593985,0.0791627988721804,12.01127819548872,DM/CM,33,56,100,39,92,8,75,25,89,89,72,75,100,75,25,31,28,94,39,92,28,53,42,39,50,50,11,44,28,22,31,56,78,61,83,14,81,53,50,53,89,94,61,44,17,39,100,22,78,8,61,25,78,72,61,67,89,61,22,31,17,89,22,83,28,53,42,39,50,50,11,44,28,22,31,56,78,61,78,14,78,44,44,39,89,78,56,39,Austrian Bundesliga
Wolfsberger AC,9pn4d8sj6pmqidrhhlvev437k,c91myl6wwl0z3adjs5rn09z4k,E. Agyemang,Emmanuel Agyemang,22,Midfielder,Ghana,Midfielder,29.0,37.0,1.0,66.0,1.0,0.0,0.0,0.0,0.0,0.0,0.0,1.0,5.0,0.0,4.0,238.0,0.0,0.0,2.0,0.0,0.0,0.0,0.0,0.0,0.0,0.0,0.0,90.41,50.0,0.0,0.0,0.0,38.46,20.0,0.0,0.0,0.0,0.0,0.0,0.0,0.0,0.0,0.0,0.0,0.0,10.966386554621849,13.991596638655462,0.3781512605042016,24.95798319327731,0.3781512605042016,0.0,0.0,0.0,0.0,0.0,0.0,0.3781512605042016,1.8907563025210083,0.0,1.512605042016807,0.0,0.0,0.7563025210084033,0.0,0.0,0.0,0.0,0.0,0.0,0.0,0.0,90.41,50.0,0.0,0.0,0.0,38.46,20.0,0.0,0.0,0.0,0.0,0.0,0.0,0.0,0.0,0.0,0.0,0.0,CM/AM,40,21,10,27,37,4,4,19,10,12,4,10,6,10,77,13,6,15,10,12,19,52,38,33,52,52,88,19,19,10,13,19,42,12,4,4,8,4,4,8,4,4,4,4,62,15,12,42,38,4,4,19,10,12,4,8,8,10,92,13,6,27,10,12,19,52,38,33,52,52,88,19,19,10,13,19,42,12,4,4,8,4,4,8,4,4,4,4,Austrian Bundesliga
Wolfsberger AC,9pn4d8sj6pmqidrhhlvev437k,cuoduj5izjfeguvbrtmn025lh,S. Piesinger,Simon Piesinger,34,Midfielder,Austria,Midfielder,44.0,32.0,8.0,76.0,2.0,3.0,2.0,2.0,0.0,1.0,0.0,0.0,6.0,29.0,4.0,270.0,1.0,5.0,2.0,0.0,0.0,0.0,0.0,0.0,0.0,0.0,0.0,83.52,61.54,0.0,0.0,50.0,42.86,33.33,0.0,0.0,0.0,0.0,0.0,0.0,0.0,0.0,0.0,0.0,0.0,14.666666666666666,10.666666666666666,2.6666666666666665,25.33333333333333,0.6666666666666666,1.0,0.6666666666666666,0.6666666666666666,0.0,0.3333333333333333,0.0,0.0,2.0,9.666666666666666,1.3333333333333333,0.3333333333333333,1.6666666666666667,0.6666666666666666,0.0,0.0,0.0,0.0,0.0,0.0,0.0,0.0,83.52,61.54,0.0,0.0,50.0,42.86,33.33,0.0,0.0,0.0,0.0,0.0,0.0,0.0,0.0,0.0,0.0,0.0,CB,13,35,35,13,17,87,57,67,35,80,24,20,11,83,48,70,72,67,26,7,41,46,37,46,52,52,17,61,41,26,80,9,4,7,17,28,39,26,26,30,17,15,13,13,4,35,41,9,9,96,70,78,35,87,24,20,4,100,54,74,87,83,26,7,41,46,37,46,52,52,17,61,41,26,80,9,4,7,17,28,39,26,26,30,17,15,13,13,Austrian Bundesliga
