Team,contestantId,playerId,Short Name,Player Name,Age,Position_x,Nationality,Position_y,total accurate back zone pass_Total,total accurate fwd zone pass_Total,total accurate long balls_Total,total accurate pass_Total,total aerial won_Total,total attempt_Total,total attempts ibox_Total,total big chances saved_Total,total duels won_Total,total effective clearance_Total,total mins played,total touches in opposition box_Total,total was fouled_Total,total accurate cross_Total,total att assist_Total,total attempts obox_Total,total blocked scoring att_Total,total contest_Total,total dribbles attempted_Total,total interception_Total,total ontarget attempt_Total,total won contest_Total,total won tackle_Total,total goals_Total,total assists_Total,total direct setpiece goals_Total,total direct corner goals_Total,pass_success_pct_Total,long_balls_success_pct_Total,cross_success_pct_Total,dribble_success_pct_Total,attempt_success_pct_Total,duel_success_pct_Total,aerial_success_pct_Total,tackle_success_pct_Total,xG_Total,xA_Total,CreatedOwnShot_Total,Total Carries_Total,Total Carry xT_Total,Total Final Third Carries_Total,passes_into_final_third_Total,progressive_passes_Total,xT_pass_Total,forward_passes_Total,total accurate back zone pass_p90,total accurate fwd zone pass_p90,total accurate long balls_p90,total accurate pass_p90,total aerial won_p90,total attempt_p90,total attempts ibox_p90,total big chances saved_p90,total duels won_p90,total effective clearance_p90,total touches in opposition box_p90,total was fouled_p90,total accurate cross_p90,total att assist_p90,total attempts obox_p90,total blocked scoring att_p90,total contest_p90,total dribbles attempted_p90,total interception_p90,total ontarget attempt_p90,total won contest_p90,total won tackle_p90,total goals_p90,total assists_p90,total direct setpiece goals_p90,total direct corner goals_p90,pass_success_pct_p90,long_balls_success_pct_p90,cross_success_pct_p90,dribble_success_pct_p90,attempt_success_pct_p90,duel_success_pct_p90,aerial_success_pct_p90,tackle_success_pct_p90,xG_p90,xA_p90,CreatedOwnShot_p90,Total Carries_p90,Total Carry xT_p90,Total Final Third Carries_p90,passes_into_final_third_p90,progressive_passes_p90,xT_pass_p90,forward_passes_p90,Pos.,total accurate back zone pass_TotalPR,total accurate fwd zone pass_TotalPR,total accurate long balls_TotalPR,total accurate pass_TotalPR,total aerial won_TotalPR,total attempt_TotalPR,total attempts ibox_TotalPR,total big chances saved_TotalPR,total duels won_TotalPR,total effective clearance_TotalPR,total touches in opposition box_TotalPR,total was fouled_TotalPR,total accurate cross_TotalPR,total att assist_TotalPR,total attempts obox_TotalPR,total blocked scoring att_TotalPR,total contest_TotalPR,total dribbles attempted_TotalPR,total interception_TotalPR,total ontarget attempt_TotalPR,total won contest_TotalPR,total won tackle_TotalPR,total goals_TotalPR,total assists_TotalPR,total direct setpiece goals_TotalPR,total direct corner goals_TotalPR,pass_success_pct_TotalPR,long_balls_success_pct_TotalPR,cross_success_pct_TotalPR,dribble_success_pct_TotalPR,attempt_success_pct_TotalPR,duel_success_pct_TotalPR,aerial_success_pct_TotalPR,tackle_success_pct_TotalPR,xG_TotalPR,xA_TotalPR,CreatedOwnShot_TotalPR,Total Carries_TotalPR,Total Carry xT_TotalPR,Total Final Third Carries_TotalPR,passes_into_final_third_TotalPR,progressive_passes_TotalPR,xT_pass_TotalPR,forward_passes_TotalPR,total accurate back zone pass_p90PR,total accurate fwd zone pass_p90PR,total accurate long balls_p90PR,total accurate pass_p90PR,total aerial won_p90PR,total attempt_p90PR,total attempts ibox_p90PR,total big chances saved_p90PR,total duels won_p90PR,total effective clearance_p90PR,total touches in opposition box_p90PR,total was fouled_p90PR,total accurate cross_p90PR,total att assist_p90PR,total attempts obox_p90PR,total blocked scoring att_p90PR,total contest_p90PR,total dribbles attempted_p90PR,total interception_p90PR,total ontarget attempt_p90PR,total won contest_p90PR,total won tackle_p90PR,total goals_p90PR,total assists_p90PR,total direct setpiece goals_p90PR,total direct corner goals_p90PR,pass_success_pct_p90PR,long_balls_success_pct_p90PR,cross_success_pct_p90PR,dribble_success_pct_p90PR,attempt_success_pct_p90PR,duel_success_pct_p90PR,aerial_success_pct_p90PR,tackle_success_pct_p90PR,xG_p90PR,xA_p90PR,CreatedOwnShot_p90PR,Total Carries_p90PR,Total Carry xT_p90PR,Total Final Third Carries_p90PR,passes_into_final_third_p90PR,progressive_passes_p90PR,xT_pass_p90PR,forward_passes_p90PR,League
Cercle Brugge,3ix9om1svhd6obl0mbk1otgop,3rw4wlo3rlojg4rs9dri2uyvo,E. Kakou,Emmanuel Kakou,21.0,Defender,Côte d'Ivoire,Defender,167.0,51.0,9.0,218.0,8.0,7.0,6.0,0.0,25.0,10.0,392.0,12.0,4.0,0.0,1.0,1.0,2.0,4.0,4.0,6.0,1.0,1.0,9.0,0.0,0.0,0.0,0.0,83.85,42.86,0.0,25.0,14.29,48.08,33.33,75.0,0.6850365823282836,0.0,0.0,2.0,0.03682666,0.0,6.0,9.0,0.2329358600000001,138.0,38.34183673469388,11.709183673469388,2.066326530612245,50.05102040816327,1.8367346938775515,1.6071428571428572,1.3775510204081634,0.0,5.739795918367348,2.295918367346939,2.7551020408163267,0.9183673469387756,0.0,0.2295918367346939,0.2295918367346939,0.4591836734693878,0.9183673469387756,0.9183673469387756,1.3775510204081634,0.2295918367346939,0.2295918367346939,2.066326530612245,0.0,0.0,0.0,0.0,83.85,42.86,0.0,25.0,14.29,48.08,33.33,75.0,0.157278807167208,0.0,0.0,0.4591836734693878,0.008455100510204,0.0,1.3775510204081634,2.066326530612245,0.0534801719387755,31.68367346938776,RB/RCB,84,14,52,64,60,82,90,48,46,24,64,58,22,28,56,86,34,34,48,66,30,68,42,38,52,52,72,60,22,32,60,28,20,80,84,18,22,18,12,8,12,22,12,80,96,12,56,88,68,100,100,48,68,36,76,88,22,32,60,92,44,44,56,68,32,96,42,38,52,52,72,60,22,32,60,28,20,80,96,18,22,24,12,8,20,20,8,96,Pro League
Cercle Brugge,3ix9om1svhd6obl0mbk1otgop,41gpjj5od0ww4rnopzgp1oetw,I. Diakité,Ibrahim Diakité,22.0,Defender,Guinea,Defender,110.0,66.0,2.0,176.0,15.0,2.0,2.0,0.0,39.0,25.0,479.0,10.0,5.0,0.0,1.0,0.0,1.0,6.0,6.0,4.0,0.0,4.0,10.0,0.0,0.0,0.0,0.0,80.73,18.18,0.0,66.67,0.0,59.09,65.22,66.67,0.2196614479744555,0.0,1.0,4.0,0.09107067,4.0,11.0,12.0,0.21575742,86.0,20.668058455114824,12.400835073068894,0.3757828810020877,33.068893528183715,2.8183716075156577,0.3757828810020877,0.3757828810020877,0.0,7.32776617954071,4.697286012526097,1.8789144050104385,0.9394572025052192,0.0,0.1878914405010438,0.0,0.1878914405010438,1.1273486430062631,1.1273486430062631,0.7515657620041754,0.0,0.7515657620041754,1.8789144050104385,0.0,0.0,0.0,0.0,80.73,18.18,0.0,66.67,0.0,59.09,65.22,66.67,0.0412725058824655,0.0,0.1878914405010438,0.7515657620041754,0.0171113993736952,0.7515657620041754,2.066805845511482,2.2546972860125263,0.0405389724425887,16.158663883089773,RB/RCB,62,28,6,44,90,26,42,48,84,76,60,78,22,28,26,58,50,50,18,30,66,86,42,38,52,52,36,6,22,94,30,64,64,72,36,18,52,40,32,56,36,36,8,44,60,20,8,48,84,24,40,48,92,76,60,92,22,28,26,64,52,52,20,30,60,84,42,38,52,52,36,6,22,94,30,64,64,72,24,18,52,40,28,76,32,24,4,48,Pro League
Cercle Brugge,3ix9om1svhd6obl0mbk1otgop,7vv4ef3y8swdekozwaent3ai1,D. Vanzeir,Dante Vanzeir,28.0,Attacker,Belgium,Striker,25.0,51.0,2.0,73.0,3.0,12.0,8.0,0.0,12.0,2.0,397.0,18.0,1.0,3.0,6.0,4.0,2.0,4.0,4.0,5.0,3.0,0.0,7.0,1.0,1.0,0.0,0.0,68.87,50.0,30.0,0.0,25.0,46.15,37.5,87.5,1.3546836132371252,0.6533688024952958,1.0,6.0,0.15869185,2.0,3.0,10.0,0.3873502199999999,35.0,5.6675062972292185,11.561712846347609,0.4534005037783375,16.549118387909317,0.6801007556675063,2.720403022670025,1.81360201511335,0.0,2.720403022670025,0.4534005037783375,4.080604534005038,0.2267002518891687,0.6801007556675063,1.3602015113350123,0.906801007556675,0.4534005037783375,0.906801007556675,0.906801007556675,1.1335012594458438,0.6801007556675063,0.0,1.5869017632241813,0.2267002518891687,0.2267002518891687,0.0,0.0,68.87,50.0,30.0,0.0,25.0,46.15,37.5,87.5,0.3071071163509855,0.1481188721022081,0.2267002518891687,1.3602015113350123,0.0359754823677581,0.4534005037783375,0.6801007556675063,2.267002518891688,0.0878123924433249,7.934508816120906,RW,50,39,32,43,68,64,64,50,21,36,68,18,64,61,75,46,11,11,86,57,7,86,64,54,54,54,14,43,71,7,43,64,64,93,79,64,21,21,21,25,14,50,21,50,36,14,29,21,57,64,71,50,21,29,50,21,57,50,71,43,14,14,79,64,7,86,71,57,54,54,14,43,71,7,43,64,64,93,79,57,29,21,21,29,7,29,29,36,Pro League
Cercle Brugge,3ix9om1svhd6obl0mbk1otgop,83tew2ypb9l4lyitwfpoezifo,G. Kondo,Geoffrey Kondo,24.0,Defender,France,Defender,239.0,152.0,38.0,389.0,10.0,2.0,1.0,1.0,19.0,41.0,630.0,4.0,1.0,2.0,3.0,1.0,1.0,2.0,2.0,9.0,0.0,2.0,4.0,0.0,0.0,0.0,0.0,85.49,50.0,50.0,100.0,0.0,41.3,45.45,57.14,0.1638155702611425,0.2708002118022096,1.0,2.0,0.0482448,3.0,32.0,50.0,1.1104431600000002,250.0,34.142857142857146,21.714285714285715,5.428571428571429,55.57142857142857,1.4285714285714286,0.2857142857142857,0.1428571428571428,0.1428571428571428,2.7142857142857144,5.857142857142857,0.5714285714285714,0.1428571428571428,0.2857142857142857,0.4285714285714285,0.1428571428571428,0.1428571428571428,0.2857142857142857,0.2857142857142857,1.2857142857142858,0.0,0.2857142857142857,0.5714285714285714,0.0,0.0,0.0,0.0,85.49,50.0,50.0,100.0,0.0,41.3,45.45,57.14,0.0234022243230203,0.0386857445431728,0.1428571428571428,0.2857142857142857,0.0068921142857142,0.4285714285714285,4.571428571428571,7.142857142857143,0.1586347371428571,35.714285714285715,CB,64,82,97,80,44,30,21,89,35,64,35,20,100,95,86,61,73,73,68,21,89,29,36,48,52,52,23,42,95,95,21,6,14,38,24,97,86,38,42,83,82,97,97,73,36,76,85,59,27,18,17,82,9,45,24,11,100,91,76,53,70,70,48,21,83,20,36,48,52,52,23,42,95,95,21,6,14,38,15,94,77,30,36,77,70,94,97,61,Pro League
Cercle Brugge,3ix9om1svhd6obl0mbk1otgop,8l7tgpuwr3zne4v92a1lgt2j8,V. Konaté,Valy Konaté,19.0,Defender,Côte d'Ivoire,Defender,74.0,126.0,6.0,194.0,8.0,5.0,2.0,0.0,35.0,17.0,593.0,7.0,8.0,6.0,4.0,3.0,1.0,6.0,7.0,15.0,1.0,4.0,5.0,0.0,0.0,0.0,0.0,78.86,33.33,20.69,66.67,20.0,58.33,61.54,33.33,0.3111000355055563,0.3098879942629731,2.0,11.0,0.3125892,6.0,28.0,31.0,1.2373574699999998,119.0,11.231028667790897,19.12310286677909,0.9106239460370996,29.443507588532885,1.2141652613827991,0.7588532883642496,0.3035413153456998,0.0,5.311973018549748,2.5801011804384486,1.0623946037099494,1.2141652613827991,0.9106239460370996,0.6070826306913997,0.4553119730185497,0.1517706576728499,0.9106239460370996,1.0623946037099494,2.2765598650927488,0.1517706576728499,0.6070826306913997,0.7588532883642496,0.0,0.0,0.0,0.0,78.86,33.33,20.69,66.67,20.0,58.33,61.54,33.33,0.0472158569907252,0.0470319046942117,0.3035413153456998,1.669477234401349,0.04744186846543,0.9106239460370996,4.249578414839798,4.704890387858348,0.1877945569983136,18.06070826306914,LB/LCB,29,75,25,46,69,62,33,46,90,56,35,92,81,48,81,42,69,71,92,52,85,38,42,40,52,52,46,23,42,85,54,73,75,8,42,42,67,85,88,73,73,69,88,52,12,62,12,25,50,52,23,46,71,29,38,88,79,38,77,31,62,62,88,48,83,25,42,40,52,52,46,23,42,85,54,73,75,8,25,33,58,71,79,71,67,67,75,38,Pro League
Cercle Brugge,3ix9om1svhd6obl0mbk1otgop,8owlntesst4ij1fhpot46udjo,V. Martens,Viggo Martens,19.0,Midfielder,Belgium,Midfielder,21.0,58.0,3.0,74.0,2.0,10.0,4.0,0.0,22.0,0.0,482.0,19.0,10.0,5.0,6.0,6.0,3.0,12.0,14.0,1.0,4.0,4.0,5.0,0.0,0.0,0.0,0.0,75.51,60.0,21.74,33.33,40.0,44.9,20.0,83.33,0.7063679572939813,0.6582921886646002,6.0,10.0,0.28364168,7.0,8.0,14.0,0.6705693599999999,32.0,3.921161825726141,10.8298755186722,0.5601659751037344,13.817427385892117,0.3734439834024896,1.867219917012448,0.7468879668049793,0.0,4.107883817427386,0.0,3.547717842323652,1.867219917012448,0.933609958506224,1.120331950207469,1.120331950207469,0.5601659751037344,2.240663900414938,2.6141078838174274,0.1867219917012448,0.7468879668049793,0.7468879668049793,0.933609958506224,0.0,0.0,0.0,0.0,75.51,60.0,21.74,33.33,40.0,44.9,20.0,83.33,0.131894431859872,0.1229176285888257,1.120331950207469,1.867219917012448,0.0529621394190871,1.3070539419087135,1.4937759336099583,2.6141078838174274,0.125210046473029,5.975103734439834,LM/LCM,20,40,35,20,55,60,55,55,50,20,70,80,85,40,90,75,40,40,20,60,40,55,20,40,50,55,30,60,60,25,55,40,30,100,50,50,85,45,50,60,50,50,50,40,10,10,30,10,40,50,50,55,30,20,60,70,80,40,90,70,40,40,10,50,40,50,20,40,50,55,30,60,60,25,55,40,30,100,40,50,90,50,50,50,40,30,40,10,Pro League
Cercle Brugge,3ix9om1svhd6obl0mbk1otgop,9f5ne3ea3mfrwh36l51ssw6qc,S. Ngoura,Steve Ngoura,21.0,Attacker,France,Striker,22.0,43.0,1.0,64.0,14.0,21.0,19.0,0.0,27.0,1.0,484.0,36.0,6.0,1.0,5.0,2.0,6.0,15.0,18.0,1.0,6.0,6.0,1.0,2.0,0.0,0.0,0.0,68.82,33.33,33.33,40.0,28.57,34.62,46.67,100.0,2.0731727109511144,0.5490210472485989,9.0,9.0,0.32602388,2.0,5.0,4.0,0.3846217899999999,30.0,4.090909090909091,7.995867768595041,0.1859504132231405,11.900826446280991,2.603305785123967,3.90495867768595,3.5330578512396693,0.0,5.020661157024793,0.1859504132231405,6.694214876033057,1.1157024793388428,0.1859504132231405,0.9297520661157024,0.371900826446281,1.1157024793388428,2.789256198347107,3.3471074380165287,0.1859504132231405,1.1157024793388428,1.1157024793388428,0.1859504132231405,0.371900826446281,0.0,0.0,0.0,68.82,33.33,33.33,40.0,28.57,34.62,46.67,100.0,0.3855073222842981,0.1020906906040783,1.6735537190082643,1.6735537190082643,0.0606242752066115,0.371900826446281,0.9297520661157024,0.743801652892562,0.0715205807851239,5.578512396694214,ST,53,50,32,50,68,96,99,51,62,19,85,40,76,63,65,94,85,85,57,72,76,34,59,34,51,51,29,32,94,59,31,15,63,91,85,76,100,75,79,56,53,38,68,65,47,35,32,35,62,97,100,51,47,18,82,26,71,47,59,88,85,88,62,59,76,29,50,34,51,51,29,32,94,59,31,15,63,91,79,62,100,74,76,56,50,26,59,59,Pro League
Cercle Brugge,3ix9om1svhd6obl0mbk1otgop,ditnpqgspoih5ich7c5vn44fe,G. Magnée,Gary Magnée,26.0,Defender,Belgium,Defender,59.0,132.0,15.0,167.0,4.0,6.0,4.0,0.0,23.0,14.0,604.0,18.0,4.0,24.0,23.0,2.0,2.0,17.0,17.0,11.0,0.0,6.0,4.0,0.0,0.0,0.0,0.0,71.98,35.71,30.0,35.29,0.0,39.66,44.44,44.44,0.5611422974287307,2.5811214075697704,1.0,10.0,0.2431899,3.0,26.0,27.0,1.5744666500000002,96.0,8.791390728476822,19.66887417218543,2.2350993377483444,24.8841059602649,0.5960264900662251,0.8940397350993378,0.5960264900662251,0.0,3.4271523178807946,2.086092715231788,2.6821192052980134,0.5960264900662251,3.576158940397351,3.4271523178807946,0.2980132450331125,0.2980132450331125,2.533112582781457,2.533112582781457,1.6390728476821192,0.0,0.8940397350993378,0.5960264900662251,0.0,0.0,0.0,0.0,71.98,35.71,30.0,35.29,0.0,39.66,44.44,44.44,0.083613918491036,0.3846041832471512,0.1490066225165562,1.490066225165563,0.036236905629139,0.4470198675496689,3.874172185430464,4.02317880794702,0.234605957781457,14.304635761589404,RB/RCB,20,88,72,36,26,70,68,48,32,44,82,58,100,100,72,86,92,88,86,30,80,22,42,38,52,52,12,28,68,44,30,8,40,16,72,100,52,72,72,40,82,80,84,52,8,76,60,16,16,64,60,48,16,32,72,40,100,100,70,76,80,76,72,30,68,16,42,38,52,52,12,28,68,44,30,8,40,16,64,100,44,64,64,32,82,76,88,32,Pro League
Cercle Brugge,3ix9om1svhd6obl0mbk1otgop,djtyuw7aeennchh7191ysjris,L. Mondele,Lukas Mondele,22.0,Midfielder,Belgium,Midfielder,71.0,84.0,12.0,154.0,2.0,11.0,5.0,0.0,16.0,10.0,574.0,12.0,5.0,1.0,3.0,6.0,1.0,4.0,4.0,4.0,2.0,2.0,5.0,1.0,0.0,0.0,0.0,81.91,63.16,33.33,50.0,18.18,66.67,0.0,71.43,0.9437953325828496,0.2312939351941138,4.0,5.0,0.13448519,2.0,21.0,19.0,0.4784814800000001,78.0,11.132404181184668,13.170731707317072,1.881533101045296,24.146341463414632,0.313588850174216,1.724738675958188,0.7839721254355401,0.0,2.508710801393728,1.56794425087108,1.881533101045296,0.7839721254355401,0.156794425087108,0.470383275261324,0.940766550522648,0.156794425087108,0.627177700348432,0.627177700348432,0.627177700348432,0.313588850174216,0.313588850174216,0.7839721254355401,0.156794425087108,0.0,0.0,0.0,81.91,63.16,33.33,50.0,18.18,66.67,0.0,71.43,0.1479818465722238,0.0362655995948958,0.627177700348432,0.7839721254355401,0.0210865280487804,0.313588850174216,3.292682926829268,2.979094076655052,0.0750232285714285,12.229965156794425,DM/CM,22,38,47,28,19,95,89,48,27,48,86,56,62,42,97,52,52,47,22,77,52,44,84,38,52,52,28,62,58,56,53,95,5,83,94,53,95,47,47,47,55,47,38,23,3,16,44,6,9,91,88,48,16,34,81,44,56,41,94,44,44,41,19,69,47,31,84,38,52,52,28,62,58,56,53,95,5,83,91,50,97,38,41,34,41,34,31,3,Pro League
Club Brugge,1oyb7oym5nwzny8vxf03szd2h,1q935a1d9qmoyo7v6tstqx7je,K. Sabbe,Kyriani Sabbe,21.0,Defender,Belgium,Defender,176.0,188.0,16.0,359.0,4.0,4.0,2.0,0.0,25.0,7.0,506.0,16.0,2.0,5.0,9.0,2.0,0.0,15.0,16.0,6.0,0.0,7.0,7.0,0.0,0.0,0.0,0.0,89.08,59.26,45.45,46.67,0.0,62.5,66.67,58.33,0.2460046790065042,0.7880327816870237,2.0,10.0,0.25941101,4.0,48.0,53.0,1.8057106500000004,200.0,31.30434782608696,33.43873517786562,2.845849802371541,63.85375494071147,0.7114624505928854,0.7114624505928854,0.3557312252964427,0.0,4.446640316205534,1.2450592885375495,2.845849802371541,0.3557312252964427,0.8893280632411068,1.6007905138339922,0.3557312252964427,0.0,2.6679841897233203,2.845849802371541,1.067193675889328,0.0,1.2450592885375495,1.2450592885375495,0.0,0.0,0.0,0.0,89.08,59.26,45.45,46.67,0.0,62.5,66.67,58.33,0.0437557729458209,0.1401639335016445,0.3557312252964427,1.7786561264822136,0.0461402982213438,0.7114624505928854,8.537549407114625,9.426877470355732,0.3211738310276681,35.57312252964427,RB/RCB,92,100,76,100,26,52,42,48,46,10,74,20,72,86,72,20,88,84,48,30,90,44,42,38,52,52,96,96,100,68,30,76,72,42,40,80,72,72,76,56,100,100,96,100,84,100,72,100,24,40,34,48,36,4,84,16,76,84,76,20,88,92,36,30,96,44,42,38,52,52,96,96,100,68,30,76,72,42,32,76,72,72,76,62,100,100,100,100,Pro League
Club Brugge,1oyb7oym5nwzny8vxf03szd2h,4cuha2o4qsp1tb8yhqu3ntij8,Jan Virgili,Jan Virgili,20.0,Attacker,Spain,Striker,21.0,44.0,1.0,64.0,0.0,9.0,6.0,0.0,15.0,3.0,256.0,24.0,4.0,1.0,3.0,3.0,2.0,21.0,23.0,2.0,3.0,8.0,2.0,1.0,0.0,0.0,0.0,76.19,25.0,16.67,38.1,33.33,37.5,0.0,66.67,0.6786139906367189,0.3913360424005641,7.0,12.0,0.36696865,5.0,5.0,10.0,0.68415347,26.0,7.3828125,15.46875,0.3515625,22.5,0.0,3.1640625,2.109375,0.0,5.2734375,1.0546875,8.4375,1.40625,0.3515625,1.0546875,1.0546875,0.703125,7.3828125,8.0859375,0.703125,1.0546875,2.8125,0.703125,0.3515625,0.0,0.0,0.0,76.19,25.0,16.67,38.1,33.33,37.5,0.0,66.67,0.2385752310832214,0.1375790774064483,2.4609375,4.21875,0.129012416015625,1.7578125,1.7578125,3.515625,0.240522704296875,9.140625,LW,7,14,32,7,32,43,39,54,43,75,61,54,21,25,43,43,64,71,57,50,46,46,61,29,50,54,14,36,29,21,57,21,32,79,36,29,86,29,29,43,54,50,64,21,21,36,36,29,32,71,64,54,64,79,93,71,29,29,79,64,100,100,79,79,79,57,79,29,50,54,14,36,29,21,57,21,32,79,64,64,100,71,79,71,64,71,79,57,Pro League
Club Brugge,1oyb7oym5nwzny8vxf03szd2h,7tq0nbv4r6h0xubf1yugetp4a,F. Potts,Freddie Potts,23.0,Midfielder,England,Midfielder,197.0,224.0,11.0,418.0,11.0,5.0,2.0,0.0,24.0,16.0,618.0,14.0,7.0,3.0,5.0,3.0,3.0,1.0,1.0,11.0,0.0,0.0,3.0,0.0,0.0,0.0,0.0,91.47,52.38,60.0,0.0,0.0,52.17,64.71,50.0,0.438213587592839,0.6292812296551347,1.0,15.0,0.3463377799999999,6.0,35.0,31.0,1.43167984,216.0,28.689320388349515,32.62135922330097,1.6019417475728157,60.87378640776699,1.6019417475728157,0.7281553398058253,0.2912621359223301,0.0,3.4951456310679614,2.330097087378641,2.0388349514563107,1.019417475728155,0.4368932038834952,0.7281553398058253,0.4368932038834952,0.4368932038834952,0.145631067961165,0.145631067961165,1.6019417475728157,0.0,0.0,0.4368932038834952,0.0,0.0,0.0,0.0,91.47,52.38,60.0,0.0,0.0,52.17,64.71,50.0,0.0638175127562386,0.0916428975225924,0.145631067961165,2.184466019417476,0.050437540776699,0.8737864077669903,5.097087378640777,4.514563106796117,0.2084970640776699,31.45631067961165,DM/CM,91,94,38,94,86,66,66,48,52,86,91,73,94,67,70,94,17,17,80,23,14,20,36,38,52,52,94,47,84,14,23,44,86,31,66,91,45,88,84,83,78,73,100,91,81,91,28,81,84,59,53,48,31,69,88,62,88,56,66,91,16,16,72,23,14,16,36,38,52,52,94,47,84,14,23,44,86,31,59,78,44,88,81,78,66,62,94,81,Pro League
Club Brugge,1oyb7oym5nwzny8vxf03szd2h,8t0kfwqbbd15jqftt8lt5x27e,N. Tresoldi,Nicolò Tresoldi,22.0,Attacker,Germany,Striker,28.0,63.0,2.0,91.0,12.0,21.0,19.0,0.0,25.0,6.0,530.0,38.0,10.0,0.0,4.0,2.0,7.0,9.0,9.0,1.0,5.0,1.0,2.0,3.0,0.0,0.0,0.0,77.78,66.67,0.0,11.11,23.81,40.98,54.55,100.0,2.4987202975929645,0.3356689020524656,0.0,5.0,0.1289430899999999,0.0,8.0,8.0,0.30670807,32.0,4.754716981132075,10.69811320754717,0.3396226415094339,15.452830188679243,2.037735849056604,3.5660377358490565,3.2264150943396226,0.0,4.245283018867924,1.018867924528302,6.452830188679245,1.6981132075471697,0.0,0.6792452830188679,0.3396226415094339,1.1886792452830188,1.5283018867924527,1.5283018867924527,0.1698113207547169,0.8490566037735848,0.1698113207547169,0.3396226415094339,0.5094339622641509,0.0,0.0,0.0,77.78,66.67,0.0,11.11,23.81,40.98,54.55,100.0,0.4243109939308807,0.0570003795938149,0.0,0.8490566037735848,0.0218959964150943,0.0,1.3584905660377358,1.3584905660377358,0.0520825024528301,5.433962264150943,ST,75,71,50,74,59,96,99,51,57,82,90,90,34,46,65,99,53,50,57,59,22,54,75,34,51,51,74,75,34,15,21,41,76,91,91,38,16,54,41,10,74,66,53,74,59,59,47,59,56,88,94,51,32,74,79,65,34,26,56,94,50,44,50,53,15,41,74,34,51,51,74,75,34,15,21,41,76,91,82,32,16,35,32,10,65,56,47,56,Pro League
Club Brugge,1oyb7oym5nwzny8vxf03szd2h,8zzjxnppg44txae0mcs6r1ega,Carlos Forbs,Carlos Roberto Forbs Borges,22.0,Attacker,Portugal,Striker,23.0,129.0,3.0,146.0,0.0,13.0,10.0,0.0,35.0,4.0,513.0,52.0,6.0,6.0,13.0,3.0,5.0,32.0,34.0,2.0,5.0,20.0,5.0,2.0,3.0,0.0,0.0,76.84,75.0,23.08,62.5,38.46,50.72,0.0,55.56,1.279712023765668,1.4521092703232366,7.0,48.0,1.87159474,17.0,8.0,27.0,1.80682907,64.0,4.035087719298246,22.63157894736842,0.5263157894736842,25.61403508771929,0.0,2.280701754385965,1.7543859649122806,0.0,6.140350877192982,0.7017543859649122,9.12280701754386,1.0526315789473684,1.0526315789473684,2.280701754385965,0.5263157894736842,0.8771929824561403,5.614035087719298,5.964912280701754,0.3508771929824561,0.8771929824561403,3.508771929824561,0.8771929824561403,0.3508771929824561,0.5263157894736842,0.0,0.0,76.84,75.0,23.08,62.5,38.46,50.72,0.0,55.56,0.2245108813623978,0.2547560123374099,1.2280701754385963,8.421052631578947,0.3283499543859648,2.982456140350877,1.4035087719298245,4.7368421052631575,0.3169875561403509,11.228070175438596,RW,39,100,54,93,18,79,86,50,93,75,100,68,79,93,57,100,100,100,43,82,100,64,89,96,54,54,36,79,64,93,64,79,21,46,64,93,93,100,100,100,64,100,100,93,14,100,36,57,18,43,64,50,86,50,93,43,71,93,43,79,93,93,36,79,100,57,86,93,54,54,36,79,64,93,64,79,21,46,43,86,79,100,100,100,36,93,93,64,Pro League
Club Brugge,1oyb7oym5nwzny8vxf03szd2h,9xvik8av83pfnqwwt85unf504,J. Seys,Joaquin Seys,21.0,Defender,Belgium,Defender,148.0,194.0,14.0,334.0,4.0,5.0,2.0,0.0,23.0,15.0,620.0,8.0,6.0,8.0,12.0,3.0,2.0,5.0,5.0,8.0,3.0,2.0,7.0,0.0,3.0,0.0,0.0,87.43,48.28,40.0,40.0,60.0,51.11,28.57,63.64,0.4144154683707241,1.2437063208311134,2.0,12.0,0.2574488099999999,4.0,37.0,47.0,1.15087176,171.0,21.483870967741936,28.161290322580644,2.032258064516129,48.483870967741936,0.5806451612903225,0.7258064516129031,0.2903225806451612,0.0,3.3387096774193545,2.177419354838709,1.161290322580645,0.8709677419354839,1.161290322580645,1.7419354838709675,0.4354838709677419,0.2903225806451612,0.7258064516129031,0.7258064516129031,1.161290322580645,0.4354838709677419,0.2903225806451612,1.0161290322580645,0.0,0.4354838709677419,0.0,0.0,87.43,48.28,40.0,40.0,60.0,51.11,28.57,63.64,0.0601570841183309,0.1805380143141938,0.2903225806451612,1.7419354838709675,0.0373716014516128,0.5806451612903225,5.370967741935484,6.82258064516129,0.1670620296774193,24.82258064516129,LB/LCB,67,96,58,92,29,62,33,46,48,44,48,83,96,96,81,73,60,58,65,98,52,52,42,100,52,52,92,79,96,48,92,33,21,58,67,96,67,92,83,50,85,96,71,83,58,92,33,79,21,42,17,46,17,21,42,83,92,92,67,62,54,50,46,92,38,42,42,100,52,52,92,79,96,48,92,33,21,58,54,92,38,79,67,42,75,92,62,75,Pro League
Club Brugge,1oyb7oym5nwzny8vxf03szd2h,bybggxgpzlr7xz2f1i3b7c0kp,H. Vetlesen,Hugo Vetlesen,26.0,Midfielder,Norway,Midfielder,60.0,133.0,9.0,192.0,3.0,16.0,12.0,0.0,20.0,5.0,551.0,39.0,7.0,1.0,16.0,4.0,7.0,8.0,8.0,1.0,6.0,1.0,7.0,3.0,0.0,0.0,0.0,81.36,81.82,7.69,12.5,37.5,38.46,42.86,77.78,1.5961832751963223,1.4232253962049992,4.0,14.0,0.66290681,6.0,20.0,28.0,1.18829342,91.0,9.800362976406534,21.724137931034484,1.4700544464609802,31.36116152450091,0.4900181488203267,2.6134301270417426,1.960072595281307,0.0,3.266787658802178,0.8166969147005445,6.370235934664247,1.1433756805807622,0.1633393829401089,2.6134301270417426,0.6533575317604357,1.1433756805807622,1.3067150635208713,1.3067150635208713,0.1633393829401089,0.9800362976406536,0.1633393829401089,1.1433756805807622,0.4900181488203267,0.0,0.0,0.0,81.36,81.82,7.69,12.5,37.5,38.46,42.86,77.78,0.2607195912298893,0.2324687580008166,0.6533575317604357,2.2867513611615244,0.108278789292196,0.9800362976406536,3.266787658802178,4.573502722323049,0.1940951139745916,14.86388384754991,CM/AM,59,70,63,65,46,96,100,52,37,61,100,59,17,87,61,96,48,48,7,91,15,63,100,24,52,52,43,96,13,9,83,22,43,100,100,70,74,74,96,72,63,78,83,63,26,61,57,48,39,100,100,52,17,52,100,48,13,65,61,100,35,35,4,96,9,39,100,24,52,52,43,96,13,9,83,22,43,100,100,61,65,57,91,61,43,61,70,48,Pro League
Club Brugge,1oyb7oym5nwzny8vxf03szd2h,c3sp1x0shf2b24rl5ike6v0iy,Lee Han-Beom,Han-Beom Lee,24.0,Defender,Korea Republic,Defender,432.0,169.0,17.0,601.0,29.0,5.0,5.0,0.0,43.0,36.0,630.0,9.0,3.0,0.0,0.0,0.0,2.0,2.0,2.0,6.0,3.0,1.0,6.0,1.0,0.0,0.0,0.0,94.2,58.62,0.0,50.0,60.0,60.56,69.05,54.55,0.7741702807041433,0.0,0.0,7.0,0.12831654,1.0,27.0,26.0,0.6688062299999998,320.0,61.71428571428572,24.142857142857142,2.4285714285714284,85.85714285714286,4.142857142857143,0.7142857142857143,0.7142857142857143,0.0,6.142857142857143,5.142857142857143,1.2857142857142858,0.4285714285714285,0.0,0.0,0.0,0.2857142857142857,0.2857142857142857,0.2857142857142857,0.8571428571428571,0.4285714285714285,0.1428571428571428,0.8571428571428571,0.1428571428571428,0.0,0.0,0.0,94.2,58.62,0.0,50.0,60.0,60.56,69.05,54.55,0.1105957543863061,0.0,0.0,1.0,0.0183309342857142,0.1428571428571428,3.857142857142857,3.7142857142857135,0.0955437471428571,45.71428571428572,CB,100,88,41,100,100,80,82,39,92,61,82,56,47,20,36,83,73,73,33,95,71,52,83,48,52,52,100,79,47,74,86,64,85,32,88,23,36,85,82,52,76,64,76,89,100,85,27,100,97,70,70,39,92,36,64,42,47,20,36,73,70,70,21,92,64,36,73,48,52,52,100,79,47,74,86,64,85,32,70,23,36,76,73,44,55,55,64,83,Pro League
Club Brugge,1oyb7oym5nwzny8vxf03szd2h,dghbr8lp60ea96iy3vk40tslw,M. Diakhon,Mamadou Diakhon,21.0,Attacker,Senegal,Striker,26.0,117.0,5.0,133.0,0.0,14.0,11.0,0.0,28.0,2.0,361.0,46.0,15.0,10.0,11.0,3.0,8.0,22.0,22.0,5.0,4.0,12.0,1.0,1.0,2.0,0.0,0.0,90.48,100.0,29.41,54.55,28.57,53.85,0.0,100.0,1.0686709351736814,1.4047613038380848,9.0,47.0,1.6104312900000002,7.0,2.0,5.0,1.27775418,23.0,6.481994459833795,29.16897506925208,1.2465373961218835,33.1578947368421,0.0,3.490304709141274,2.742382271468144,0.0,6.980609418282548,0.4986149584487535,11.46814404432133,3.739612188365651,2.4930747922437675,2.742382271468144,0.7479224376731302,1.994459833795014,5.484764542936288,5.484764542936288,1.2465373961218835,0.997229916897507,2.9916897506925206,0.2493074792243767,0.2493074792243767,0.4986149584487535,0.0,0.0,90.48,100.0,29.41,54.55,28.57,53.85,0.0,100.0,0.2664276569685078,0.3502174995718217,2.2437673130193905,11.717451523545709,0.4014925653739613,1.745152354570637,0.4986149584487535,1.2465373961218835,0.3185536736842105,5.734072022160665,LW,29,93,57,86,32,86,82,54,82,54,93,100,100,89,43,93,71,64,96,64,79,21,61,93,50,54,100,100,79,71,50,93,32,96,71,100,93,100,100,71,14,14,86,14,7,93,64,93,32,86,86,54,93,50,100,100,100,100,36,100,71,71,93,64,86,14,57,100,50,54,100,100,79,71,50,93,32,96,79,100,93,100,100,64,21,14,100,7,Pro League
Club Brugge,1oyb7oym5nwzny8vxf03szd2h,l6y4o9t2b0jxaxo85oztok45,B. Mechele,Brandon Mechele,33.0,Defender,Belgium,Defender,340.0,213.0,19.0,553.0,28.0,9.0,9.0,0.0,42.0,42.0,630.0,17.0,1.0,0.0,2.0,0.0,1.0,3.0,3.0,13.0,3.0,2.0,6.0,2.0,0.0,0.0,0.0,91.56,47.5,0.0,66.67,33.33,71.19,73.68,54.55,1.2236388664408322,0.0975540211618862,0.0,11.0,0.2124844799999999,5.0,64.0,49.0,1.0399573999999998,361.0,48.57142857142857,30.428571428571427,2.7142857142857144,79.0,4.0,1.2857142857142858,1.2857142857142858,0.0,6.0,6.0,2.4285714285714284,0.1428571428571428,0.0,0.2857142857142857,0.0,0.1428571428571428,0.4285714285714285,0.4285714285714285,1.8571428571428568,0.4285714285714285,0.2857142857142857,0.8571428571428571,0.2857142857142857,0.0,0.0,0.0,91.56,47.5,0.0,66.67,33.33,71.19,73.68,54.55,0.1748055523486903,0.0139362887374123,0.0,1.5714285714285714,0.0303549257142856,0.7142857142857143,9.142857142857142,7.0,0.1485653428571428,51.57142857142857,CB,97,100,48,97,97,100,100,39,88,71,100,20,47,80,36,61,86,86,86,95,89,52,98,48,52,52,88,39,47,82,68,97,100,32,100,64,36,97,94,94,100,94,94,100,94,97,38,97,91,88,91,39,88,52,97,11,47,67,36,53,83,83,73,92,83,36,95,48,52,52,88,39,47,82,68,97,100,32,97,58,36,88,88,92,100,91,94,94,Pro League
Club Brugge,1oyb7oym5nwzny8vxf03szd2h,x3g0yyxs0j4o8fxphxtf0st1,H. Vanaken,Hans Vanaken,34.0,Midfielder,Belgium,Midfielder,178.0,259.0,23.0,437.0,2.0,7.0,3.0,0.0,17.0,6.0,533.0,12.0,5.0,0.0,11.0,4.0,2.0,3.0,3.0,3.0,4.0,3.0,4.0,1.0,1.0,0.0,0.0,92.0,79.31,0.0,100.0,57.14,54.84,50.0,57.14,0.531145980967038,0.9113485802072696,0.0,20.0,0.6321949099999999,3.0,45.0,51.0,1.3568781800000005,242.0,30.0562851782364,43.733583489681045,3.883677298311445,73.78986866791745,0.3377110694183864,1.1819887429643527,0.5065666041275797,0.0,2.870544090056285,1.0131332082551594,2.026266416510319,0.8442776735459662,0.0,1.8574108818011257,0.6754221388367729,0.3377110694183864,0.5065666041275797,0.5065666041275797,0.5065666041275797,0.6754221388367729,0.5065666041275797,0.6754221388367729,0.1688555347091932,0.1688555347091932,0.0,0.0,92.0,79.31,0.0,100.0,57.14,54.84,50.0,57.14,0.0896869386248281,0.1538862518173626,0.0,3.3771106941838647,0.1067496095684802,0.5065666041275797,7.598499061913696,8.611632270168855,0.229116390619137,40.86303939962476,DM/CM,86,100,89,100,19,80,78,48,33,17,86,56,25,97,84,81,31,31,12,95,75,31,84,86,52,52,97,97,25,98,88,56,55,52,75,97,17,97,100,66,94,97,97,100,88,100,88,100,16,84,75,48,25,9,84,50,25,94,84,81,31,31,9,97,72,25,88,88,52,52,97,97,25,98,88,56,55,52,81,94,17,97,100,56,97,100,100,100,Pro League
Gent,8y3iucyxguipljcmf87a11bk9,1i1xcco82x0ppbac6j5z59x49,S. Van der Heyden,Siebe Van der Heyden,28.0,Defender,Belgium,Defender,303.0,123.0,30.0,426.0,12.0,3.0,3.0,1.0,22.0,26.0,630.0,9.0,2.0,0.0,3.0,0.0,1.0,2.0,2.0,6.0,1.0,1.0,3.0,0.0,1.0,0.0,0.0,91.22,60.0,0.0,50.0,33.33,53.66,54.55,42.86,0.3910869126016571,0.3755547586765345,0.0,9.0,0.43349814,6.0,25.0,24.0,0.9474237,226.0,43.285714285714285,17.571428571428573,4.285714285714286,60.85714285714285,1.7142857142857142,0.4285714285714285,0.4285714285714285,0.1428571428571428,3.142857142857143,3.7142857142857135,1.2857142857142858,0.2857142857142857,0.0,0.4285714285714285,0.0,0.1428571428571428,0.2857142857142857,0.2857142857142857,0.8571428571428571,0.1428571428571428,0.1428571428571428,0.4285714285714285,0.0,0.1428571428571428,0.0,0.0,91.22,60.0,0.0,50.0,33.33,53.66,54.55,42.86,0.0558695589430938,0.0536506798109335,0.0,1.2857142857142858,0.0619283057142857,0.8571428571428571,3.571428571428572,3.4285714285714284,0.1353462428571428,32.285714285714285,LB/LCB,100,71,96,100,90,31,58,96,38,83,62,35,12,40,10,42,19,17,46,52,25,12,42,85,52,52,100,92,12,56,71,50,56,21,62,50,12,75,92,73,67,56,67,100,100,54,90,100,77,19,42,92,12,71,46,17,12,29,10,25,17,17,25,38,12,8,42,79,52,52,100,92,12,56,71,50,56,21,33,42,12,50,92,65,58,42,46,96,Pro League
Gent,8y3iucyxguipljcmf87a11bk9,2309zjv6facft50slzuqf1hjo,E. Ngom,El Bachir Ngom,26.0,Defender,Senegal,Defender,170.0,86.0,33.0,254.0,7.0,7.0,3.0,0.0,27.0,29.0,567.0,7.0,4.0,2.0,7.0,4.0,1.0,6.0,6.0,11.0,0.0,4.0,10.0,0.0,0.0,0.0,0.0,80.89,47.14,20.0,66.67,0.0,45.76,35.0,83.33,0.5464255671807444,0.5094352183575299,4.0,6.0,0.1154911,4.0,21.0,23.0,0.7119984499999998,123.0,26.984126984126984,13.650793650793652,5.238095238095238,40.31746031746032,1.1111111111111112,1.1111111111111112,0.4761904761904762,0.0,4.285714285714286,4.603174603174604,1.1111111111111112,0.6349206349206349,0.3174603174603174,1.1111111111111112,0.6349206349206349,0.1587301587301587,0.9523809523809524,0.9523809523809524,1.746031746031746,0.0,0.6349206349206349,1.5873015873015874,0.0,0.0,0.0,0.0,80.89,47.14,20.0,66.67,0.0,45.76,35.0,83.33,0.0867342170128165,0.0808627330726238,0.6349206349206349,0.9523809523809524,0.0183319206349206,0.6349206349206349,3.333333333333333,3.65079365079365,0.1130156269841269,19.52380952380953,RB/RCB,88,60,100,84,50,82,58,48,62,80,48,58,48,64,88,58,50,50,86,30,66,86,42,38,52,52,40,68,60,94,30,24,24,92,68,60,90,54,44,56,74,72,60,68,76,32,100,72,48,80,52,48,28,72,48,48,48,56,84,52,48,48,80,30,52,60,42,38,52,52,40,68,60,94,30,24,24,92,68,60,88,48,32,48,64,56,52,68,Pro League
Gent,8y3iucyxguipljcmf87a11bk9,2jhi0lbbo65dsfv4ho9pmlgix,Leonardo Lopes,Leonardo Da Silva Lopes,27.0,Midfielder,Portugal,Midfielder,86.0,66.0,11.0,151.0,0.0,1.0,0.0,1.0,17.0,9.0,411.0,1.0,7.0,1.0,4.0,1.0,0.0,4.0,5.0,4.0,1.0,1.0,7.0,0.0,0.0,0.0,0.0,87.28,64.71,100.0,25.0,100.0,43.59,0.0,77.78,0.0354146942021872,0.224467986092495,1.0,2.0,0.04797389,3.0,16.0,18.0,0.4971203599999999,76.0,18.83211678832117,14.452554744525548,2.408759124087591,33.065693430656935,0.0,0.218978102189781,0.0,0.218978102189781,3.7226277372262775,1.9708029197080288,0.218978102189781,1.5328467153284673,0.218978102189781,0.8759124087591241,0.218978102189781,0.0,0.8759124087591241,1.094890510948905,0.8759124087591241,0.218978102189781,0.218978102189781,1.5328467153284673,0.0,0.0,0.0,0.0,87.28,64.71,100.0,25.0,100.0,43.59,0.0,77.78,0.0077550425260263,0.0491535735968967,0.218978102189781,0.437956204379562,0.0105052313868613,0.6569343065693432,3.5036496350364965,3.9416058394160585,0.1088584729927007,16.642335766423358,DM/CM,28,19,38,23,3,14,16,98,33,39,16,73,62,55,28,16,52,64,22,56,33,64,36,38,52,52,62,69,97,30,98,19,5,94,6,50,45,12,12,66,38,44,41,19,47,22,56,28,3,16,16,100,41,59,16,78,72,62,31,16,59,78,31,62,34,62,36,38,52,52,62,69,97,30,98,19,5,94,6,56,53,19,12,69,47,53,66,22,Pro League
Gent,8y3iucyxguipljcmf87a11bk9,3zc219xqywme43v3jdwmv44d0,M. Delorge,Mathias Delorge,22.0,Midfielder,Belgium,Midfielder,142.0,108.0,31.0,244.0,2.0,5.0,1.0,0.0,20.0,12.0,407.0,2.0,3.0,6.0,9.0,4.0,1.0,4.0,4.0,12.0,3.0,3.0,8.0,0.0,0.0,0.0,0.0,90.71,83.78,37.5,75.0,60.0,57.14,50.0,66.67,0.2812890493435599,0.888390441505183,2.0,8.0,0.23838299,4.0,17.0,22.0,0.5731862299999999,122.0,31.4004914004914,23.88206388206388,6.855036855036855,53.95577395577396,0.4422604422604422,1.1056511056511056,0.2211302211302211,0.0,4.422604422604422,2.6535626535626538,0.4422604422604422,0.6633906633906634,1.3267813267813269,1.9901719901719903,0.8845208845208845,0.2211302211302211,0.8845208845208845,0.8845208845208845,2.6535626535626538,0.6633906633906634,0.6633906633906634,1.769041769041769,0.0,0.0,0.0,0.0,90.71,83.78,37.5,75.0,60.0,57.14,50.0,66.67,0.062201509682851,0.1964499747800158,0.4422604422604422,1.769041769041769,0.0527136832923832,0.8845208845208845,3.7592137592137593,4.864864864864865,0.1267487977886977,26.97788697788698,DM/CM,64,52,94,53,19,66,42,48,42,62,30,30,100,92,84,52,52,47,86,89,75,70,36,38,52,52,88,100,66,89,91,69,55,73,56,94,70,72,75,72,44,56,59,44,91,66,100,75,22,75,50,48,47,84,31,34,100,100,91,62,62,56,94,94,84,84,36,38,52,52,88,100,66,89,91,69,55,73,56,100,81,78,84,81,53,69,75,69,Pro League
Gent,8y3iucyxguipljcmf87a11bk9,4mvqt04u92wsm1p5ja8fpilii,Tiago Araújo,Tiago Filipe Alves Araújo,25.0,Defender,Portugal,Defender,167.0,117.0,24.0,274.0,5.0,11.0,5.0,0.0,24.0,14.0,629.0,10.0,5.0,10.0,8.0,6.0,2.0,10.0,12.0,5.0,2.0,4.0,4.0,2.0,2.0,0.0,0.0,84.57,53.33,29.41,40.0,18.18,45.28,62.5,40.0,0.8383761495167518,1.022287329831152,3.0,10.0,0.21219397,3.0,20.0,31.0,1.826177600000001,119.0,23.895071542130367,16.740858505564386,3.434022257551669,39.20508744038156,0.7154213036565977,1.573926868044515,0.7154213036565977,0.0,3.434022257551669,2.0031796502384736,1.4308426073131957,0.7154213036565977,1.4308426073131957,1.1446740858505564,0.8585055643879174,0.2861685214626391,1.4308426073131957,1.7170111287758347,0.7154213036565977,0.2861685214626391,0.5723370429252782,0.5723370429252782,0.2861685214626391,0.2861685214626391,0.0,0.0,84.57,53.33,29.41,40.0,18.18,45.28,62.5,40.0,0.1199584315683746,0.146273226843885,0.4292527821939587,1.4308426073131957,0.0303616173290938,0.4292527821939587,2.861685214626391,4.4356120826709065,0.2612972718600955,17.027027027027028,LB/LCB,75,65,83,75,40,100,88,46,56,33,71,75,100,92,100,73,81,85,33,81,85,23,100,96,52,52,75,88,62,48,46,12,81,12,96,92,94,79,75,40,54,69,96,52,71,50,75,50,29,96,75,46,25,12,58,62,96,75,96,58,67,71,17,67,71,12,96,92,52,52,75,88,62,48,46,12,81,12,96,83,83,62,54,25,42,58,92,33,Pro League
Gent,8y3iucyxguipljcmf87a11bk9,5w0ohhrm0ojscyjh3e0o8ffmd,C. Burgess,Christian Burgess,34.0,Defender,England,Defender,263.0,102.0,27.0,365.0,16.0,2.0,2.0,1.0,32.0,56.0,585.0,6.0,3.0,0.0,3.0,0.0,0.0,0.0,0.0,6.0,1.0,0.0,6.0,1.0,0.0,0.0,0.0,90.8,69.23,0.0,0.0,50.0,66.67,59.26,46.15,0.2896604058080385,0.1799706148922376,0.0,3.0,0.05482077,0.0,16.0,23.0,0.5733451599999998,270.0,40.46153846153846,15.692307692307692,4.153846153846154,56.15384615384615,2.4615384615384617,0.3076923076923077,0.3076923076923077,0.1538461538461538,4.923076923076923,8.615384615384615,0.9230769230769232,0.4615384615384615,0.0,0.4615384615384615,0.0,0.0,0.0,0.0,0.9230769230769232,0.1538461538461538,0.0,0.9230769230769232,0.1538461538461538,0.0,0.0,0.0,90.8,69.23,0.0,0.0,50.0,66.67,59.26,46.15,0.0445631393550828,0.027687786906498,0.0,0.4615384615384615,0.0084339646153846,0.0,2.4615384615384617,3.5384615384615383,0.0882069476923076,41.53846153846154,CB,79,55,80,76,73,30,35,89,67,100,59,56,47,95,36,24,23,23,33,62,32,52,83,48,52,52,79,100,47,32,80,82,58,14,33,91,36,50,48,20,47,61,61,82,73,48,64,64,52,24,33,88,52,97,45,48,47,94,36,24,23,23,27,55,32,45,76,48,52,52,79,100,47,32,80,82,58,14,30,85,36,45,42,20,36,52,52,73,Pro League
Gent,8y3iucyxguipljcmf87a11bk9,8rsmx7skreq5jt8ckz7a3egic,T. De Vlieger,Tibe De Vlieger,20.0,Midfielder,Belgium,Midfielder,90.0,102.0,6.0,190.0,11.0,4.0,4.0,0.0,37.0,10.0,398.0,9.0,9.0,2.0,8.0,0.0,1.0,2.0,2.0,7.0,1.0,0.0,7.0,1.0,2.0,0.0,0.0,84.82,31.58,15.38,0.0,25.0,64.91,78.57,41.18,0.1666976494678281,0.7536738192718956,0.0,8.0,0.18351639,3.0,21.0,23.0,0.3109849399999999,86.0,20.351758793969847,23.065326633165828,1.3567839195979898,42.96482412060301,2.487437185929648,0.9045226130653266,0.9045226130653266,0.0,8.36683417085427,2.2613065326633164,2.0351758793969847,2.0351758793969847,0.4522613065326633,1.809045226130653,0.0,0.2261306532663316,0.4522613065326633,0.4522613065326633,1.5829145728643217,0.2261306532663316,0.0,1.5829145728643217,0.2261306532663316,0.4522613065326633,0.0,0.0,84.82,31.58,15.38,0.0,25.0,64.91,78.57,41.18,0.0376954483721219,0.1704287531016849,0.0,1.809045226130653,0.0414986811557788,0.6783919597989949,4.748743718592965,5.201005025125628,0.0703232276381909,19.44723618090452,CM/AM,83,43,41,61,96,39,57,52,80,89,17,80,33,39,11,37,7,7,91,37,4,63,76,78,52,52,74,17,17,4,37,96,100,30,13,43,11,41,26,26,70,63,9,52,87,70,52,74,100,30,61,52,100,96,30,91,30,39,11,39,4,4,100,35,4,83,78,83,52,52,74,17,17,4,37,96,100,30,13,35,11,48,43,26,83,74,4,78,Pro League
Gent,8y3iucyxguipljcmf87a11bk9,a762nd22lh41vq417sdn9c178,M. Volckaert,Matties Volckaert,23.0,Defender,Belgium,Defender,35.0,31.0,5.0,63.0,8.0,4.0,2.0,0.0,18.0,6.0,411.0,3.0,2.0,3.0,3.0,2.0,0.0,0.0,0.0,2.0,3.0,0.0,7.0,0.0,1.0,0.0,0.0,65.62,41.67,27.27,0.0,75.0,58.06,61.54,87.5,0.2618174593962563,0.3196557447947794,2.0,3.0,0.09487196,2.0,3.0,5.0,0.4491814599999999,20.0,7.664233576642336,6.788321167883212,1.094890510948905,13.795620437956206,1.7518248175182485,0.8759124087591241,0.437956204379562,0.0,3.9416058394160585,1.3138686131386863,0.6569343065693432,0.437956204379562,0.6569343065693432,0.6569343065693432,0.437956204379562,0.0,0.0,0.0,0.437956204379562,0.6569343065693432,0.0,1.5328467153284673,0.0,0.218978102189781,0.0,0.0,65.62,41.67,27.27,0.0,75.0,58.06,61.54,87.5,0.0573322903787422,0.0699976083492217,0.437956204379562,0.6569343065693432,0.0207748817518248,0.437956204379562,0.6569343065693432,1.094890510948905,0.098360903649635,4.37956204379562,RB/RCB,4,4,24,4,60,52,42,48,18,4,28,20,58,46,72,20,8,8,6,92,12,44,42,82,52,52,4,56,64,12,100,54,58,96,44,44,72,30,36,32,8,4,36,4,4,4,32,4,64,60,48,48,24,12,24,20,60,48,80,20,8,8,4,96,12,52,42,88,52,52,4,56,64,12,100,54,58,96,44,48,80,28,36,28,6,8,44,4,Pro League
Gent,8y3iucyxguipljcmf87a11bk9,ay86n2sd0odbxluws2jyx4zkk,M. Sonko,Momodou Sonko,21.0,Attacker,Sweden,Striker,56.0,72.0,7.0,123.0,0.0,18.0,12.0,0.0,25.0,7.0,554.0,29.0,1.0,5.0,1.0,6.0,8.0,17.0,18.0,4.0,7.0,8.0,7.0,2.0,1.0,0.0,0.0,78.85,63.64,31.25,47.06,38.89,51.02,0.0,43.75,1.3095674958690804,0.1579304793897458,11.0,22.0,0.6185906799999998,7.0,3.0,17.0,0.59158018,42.0,9.097472924187723,11.696750902527077,1.1371841155234657,19.981949458483754,0.0,2.9241877256317688,1.9494584837545128,0.0,4.061371841155235,1.1371841155234657,4.711191335740072,0.1624548736462094,0.8122743682310469,0.1624548736462094,0.9747292418772564,1.2996389891696751,2.76173285198556,2.9241877256317688,0.6498194945848376,1.1371841155234657,1.2996389891696751,1.1371841155234657,0.3249097472924188,0.1624548736462094,0.0,0.0,78.85,63.64,31.25,47.06,38.89,51.02,0.0,43.75,0.2127456220725943,0.0256565760741464,1.787003610108303,3.574007220216606,0.1004930707581227,1.1371841155234657,0.4873646209386281,2.76173285198556,0.0961050833935018,6.8231046931407935,LW,93,57,82,64,32,93,93,54,64,93,86,18,71,7,93,93,43,46,82,96,46,89,82,71,50,54,29,71,93,50,64,79,32,43,93,7,100,79,71,71,29,86,50,64,71,7,57,7,32,64,50,54,43,93,36,14,64,7,57,86,21,21,71,86,29,86,71,57,50,54,29,71,93,50,64,79,32,43,50,7,86,43,29,36,14,50,21,21,Pro League
Gent,8y3iucyxguipljcmf87a11bk9,dcjf15sf1dbb6w17foz25uuei,M. Balikwisha,Michel-Ange Balikwisha,25.0,Attacker,Congo DR,Striker,24.0,50.0,2.0,73.0,1.0,0.0,0.0,0.0,17.0,2.0,271.0,4.0,4.0,1.0,3.0,0.0,0.0,4.0,5.0,7.0,0.0,2.0,7.0,0.0,0.0,0.0,0.0,82.95,50.0,25.0,50.0,0.0,56.67,16.67,70.0,0.0,0.1529727789090808,0.0,4.0,0.08142132,4.0,5.0,11.0,0.33898297,38.0,7.970479704797048,16.605166051660518,0.6642066420664207,24.24354243542436,0.3321033210332103,0.0,0.0,0.0,5.645756457564576,0.6642066420664207,1.328413284132841,1.328413284132841,0.3321033210332103,0.996309963099631,0.0,0.0,1.328413284132841,1.6605166051660516,2.3247232472324724,0.0,0.6642066420664207,2.3247232472324724,0.0,0.0,0.0,0.0,82.95,50.0,25.0,50.0,0.0,56.67,16.67,70.0,0.0,0.0508027679033847,0.0,1.328413284132841,0.0270402907749077,1.328413284132841,1.6605166051660516,3.653136531365314,0.1125773701107011,12.619926199261991,ST,68,59,50,62,15,3,3,51,31,41,3,22,76,29,19,4,32,37,99,4,43,94,16,34,51,51,91,53,82,78,4,97,21,76,3,21,16,44,35,81,53,79,65,82,85,85,65,85,21,3,3,51,53,53,3,38,79,59,19,4,41,47,100,4,62,100,16,34,51,51,91,53,82,78,4,97,21,76,3,26,16,62,41,85,71,91,74,97,Pro League
Gent,8y3iucyxguipljcmf87a11bk9,wfnh772q3r95omx4rbkret5g,J. Vergara,Josué Vergara,19.0,Attacker,Panama,Striker,23.0,37.0,3.0,60.0,25.0,16.0,15.0,0.0,42.0,14.0,531.0,25.0,12.0,0.0,2.0,1.0,3.0,6.0,7.0,0.0,7.0,3.0,1.0,3.0,0.0,0.0,0.0,68.18,60.0,0.0,50.0,43.75,50.0,51.02,50.0,2.6027858662834724,0.1263320714229322,5.0,1.0,0.02756312,1.0,5.0,7.0,0.1422581999999999,16.0,3.8983050847457625,6.271186440677965,0.5084745762711864,10.169491525423728,4.23728813559322,2.711864406779661,2.542372881355932,0.0,7.11864406779661,2.372881355932204,4.23728813559322,2.0338983050847457,0.0,0.3389830508474576,0.1694915254237288,0.5084745762711864,1.0169491525423728,1.1864406779661016,0.0,1.1864406779661016,0.5084745762711864,0.1694915254237288,0.5084745762711864,0.0,0.0,0.0,68.18,60.0,0.0,50.0,43.75,50.0,51.02,50.0,0.4411501468277071,0.0214122154954122,0.847457627118644,0.1694915254237288,0.0046717152542372,0.1694915254237288,0.847457627118644,1.1864406779661016,0.0241115593220338,2.711864406779661,ST,60,43,63,44,85,75,84,51,85,100,54,97,34,16,46,57,43,41,22,85,59,34,75,34,51,51,26,68,34,78,60,81,74,51,97,12,84,13,12,34,53,60,26,26,44,18,59,24,76,62,68,51,79,100,29,79,34,6,41,47,21,29,22,71,44,26,69,34,51,51,26,68,34,78,60,81,74,51,85,6,82,12,12,26,44,47,18,15,Pro League
Genk,89xivtxk59uzvhdsd6miao6tm,2ouuumxck7ekp5zsdjlfzz8r8,I. Bangoura,Ibrahima Bangoura,22.0,Midfielder,Guinea,Midfielder,94.0,82.0,9.0,176.0,4.0,4.0,2.0,0.0,24.0,6.0,469.0,7.0,8.0,0.0,4.0,2.0,1.0,2.0,2.0,8.0,2.0,1.0,5.0,0.0,1.0,0.0,0.0,91.19,75.0,0.0,50.0,50.0,37.5,28.57,45.45,0.4607398266333382,0.1427448419449821,2.0,7.0,0.16275921,3.0,15.0,15.0,0.2484757599999999,78.0,18.03837953091685,15.735607675906182,1.7270788912579955,33.77398720682303,0.767590618336887,0.767590618336887,0.3837953091684435,0.0,4.605543710021322,1.1513859275053304,1.343283582089552,1.535181236673774,0.0,0.767590618336887,0.3837953091684435,0.1918976545842217,0.3837953091684435,0.3837953091684435,1.535181236673774,0.3837953091684435,0.1918976545842217,0.9594882729211088,0.0,0.1918976545842217,0.0,0.0,91.19,75.0,0.0,50.0,50.0,37.5,28.57,45.45,0.0884148921044785,0.0273924003732375,0.3837953091684435,1.343283582089552,0.0312331106609808,0.5756929637526652,2.878464818763326,2.878464818763326,0.0476819155650319,14.968017057569297,DM/CM,38,34,30,31,39,58,66,48,52,17,70,83,25,55,53,52,23,23,64,77,33,44,36,86,52,52,91,88,25,56,80,14,16,25,69,41,70,61,62,66,30,34,16,23,41,28,34,31,44,66,72,48,62,12,69,81,25,59,53,59,25,25,59,81,31,41,36,91,52,52,91,88,25,56,80,14,16,25,78,41,75,66,59,62,34,28,9,16,Pro League
Genk,89xivtxk59uzvhdsd6miao6tm,43uuj9gwya80n4r3z6kcv87bo,J. Kongolo,Josue Kongolo,20.0,Defender,Belgium,Defender,332.0,160.0,15.0,492.0,9.0,3.0,3.0,1.0,37.0,32.0,630.0,10.0,12.0,0.0,1.0,0.0,0.0,5.0,5.0,8.0,2.0,2.0,9.0,2.0,0.0,0.0,0.0,93.18,42.86,0.0,40.0,66.67,62.71,50.0,64.29,0.6578473829559356,0.1450193906934607,1.0,8.0,0.15376795,3.0,16.0,20.0,0.62525089,320.0,47.42857142857143,22.857142857142858,2.142857142857143,70.28571428571429,1.2857142857142858,0.4285714285714285,0.4285714285714285,0.1428571428571428,5.285714285714286,4.571428571428571,1.4285714285714286,1.7142857142857142,0.0,0.1428571428571428,0.0,0.0,0.7142857142857143,0.7142857142857143,1.1428571428571428,0.2857142857142857,0.2857142857142857,1.2857142857142858,0.2857142857142857,0.0,0.0,0.0,93.18,42.86,0.0,40.0,66.67,62.71,50.0,64.29,0.0939781975651336,0.0207170558133515,0.1428571428571428,1.1428571428571428,0.02196685,0.4285714285714285,2.2857142857142856,2.857142857142857,0.0893215557142857,45.71428571428572,CB,94,85,29,88,35,47,52,89,79,48,88,98,47,55,36,24,97,97,61,86,89,82,98,48,52,52,97,21,47,70,91,76,30,52,73,79,86,91,88,83,47,53,73,89,91,82,20,82,21,41,47,82,67,18,70,97,47,42,36,24,94,94,41,80,83,65,95,48,52,52,97,21,47,70,91,76,30,52,61,70,77,82,79,77,30,36,55,83,Pro League
Genk,89xivtxk59uzvhdsd6miao6tm,4pbx40gvdmacim2n0k2qt41cl,J. Kayembe,Joris Kayembe,32.0,Defender,Congo DR,Defender,170.0,187.0,19.0,356.0,8.0,4.0,3.0,0.0,42.0,16.0,590.0,12.0,5.0,1.0,6.0,1.0,1.0,15.0,15.0,18.0,2.0,10.0,9.0,1.0,0.0,0.0,0.0,87.25,61.29,7.14,66.67,50.0,61.76,72.73,47.37,0.2771588960753217,0.7014782150819605,3.0,18.0,0.4405601900000001,12.0,38.0,53.0,1.1727017800000004,199.0,25.93220338983051,28.52542372881356,2.898305084745763,54.30508474576271,1.2203389830508475,0.6101694915254238,0.4576271186440678,0.0,6.406779661016949,2.440677966101695,1.8305084745762712,0.7627118644067797,0.1525423728813559,0.9152542372881356,0.1525423728813559,0.1525423728813559,2.288135593220339,2.288135593220339,2.745762711864407,0.3050847457627119,1.5254237288135597,1.3728813559322035,0.1525423728813559,0.0,0.0,0.0,87.25,61.29,7.14,66.67,50.0,61.76,72.73,47.37,0.0422784756725067,0.1070051514531804,0.4576271186440678,2.745762711864407,0.067204096779661,1.8305084745762712,5.796610169491526,8.084745762711865,0.1788867122033899,30.35593220338983,LB/LCB,79,92,71,96,69,48,58,46,100,50,81,75,29,69,33,42,96,96,100,81,96,81,90,40,52,52,83,96,25,85,88,83,92,25,33,83,94,96,96,100,94,100,79,96,79,96,67,96,54,29,46,46,92,25,71,75,25,62,25,38,88,88,96,71,92,62,88,40,52,52,83,96,25,85,88,83,92,25,17,75,92,96,96,100,88,100,71,92,Pro League
Genk,89xivtxk59uzvhdsd6miao6tm,4td7pzgggkj7v70bux2wl6l90,A. Yokoyama,Ayumu Yokoyama,23.0,Attacker,Japan,Striker,31.0,80.0,5.0,111.0,0.0,9.0,5.0,0.0,10.0,2.0,352.0,19.0,1.0,0.0,3.0,4.0,1.0,12.0,13.0,1.0,4.0,7.0,1.0,1.0,1.0,0.0,0.0,82.22,55.56,0.0,58.33,44.44,41.67,0.0,50.0,0.8190665245638158,0.215529330135424,5.0,23.0,0.64523195,10.0,3.0,10.0,0.30067344,29.0,7.926136363636364,20.454545454545457,1.278409090909091,28.38068181818182,0.0,2.301136363636364,1.278409090909091,0.0,2.556818181818182,0.5113636363636364,4.857954545454546,0.2556818181818182,0.0,0.7670454545454546,1.0227272727272727,0.2556818181818182,3.0681818181818183,3.3238636363636367,0.2556818181818182,1.0227272727272727,1.7897727272727273,0.2556818181818182,0.2556818181818182,0.2556818181818182,0.0,0.0,82.22,55.56,0.0,58.33,44.44,41.67,0.0,50.0,0.2094204182123392,0.0551069310005345,1.278409090909091,5.880681818181818,0.164974078125,2.556818181818182,0.7670454545454546,2.556818181818182,0.0768767318181818,7.414772727272727,LW,68,71,57,57,32,43,25,54,11,54,39,18,7,25,71,18,29,29,36,64,36,21,61,71,50,54,64,64,7,86,93,36,32,54,57,14,68,86,79,86,29,50,7,39,36,86,71,79,32,36,21,54,7,57,43,21,7,21,64,21,29,29,29,71,50,21,64,71,50,54,64,64,7,86,93,36,32,54,43,14,64,86,86,93,29,43,7,29,Pro League
Genk,89xivtxk59uzvhdsd6miao6tm,5iuagsqdiiaadb5yuf7r4vzmc,C. Ravych,Christiaan Ravych,24.0,Defender,Belgium,Defender,92.0,26.0,3.0,118.0,8.0,4.0,4.0,0.0,13.0,21.0,270.0,6.0,1.0,0.0,1.0,0.0,0.0,0.0,0.0,4.0,1.0,0.0,1.0,1.0,0.0,0.0,0.0,84.89,23.08,0.0,0.0,25.0,52.0,50.0,25.0,0.4365751875486438,0.0,0.0,0.0,0.0,2.0,2.0,2.0,0.1030866599999998,72.0,30.666666666666668,8.666666666666666,1.0,39.333333333333336,2.6666666666666665,1.3333333333333333,1.3333333333333333,0.0,4.333333333333333,7.0,2.0,0.3333333333333333,0.0,0.3333333333333333,0.0,0.0,0.0,0.0,1.3333333333333333,0.3333333333333333,0.0,0.3333333333333333,0.3333333333333333,0.0,0.0,0.0,84.89,23.08,0.0,0.0,25.0,52.0,50.0,25.0,0.1455250625162145,0.0,0.0,0.0,0.0,0.6666666666666666,0.6666666666666666,0.6666666666666666,0.0343622199999999,24.0,CB,12,3,6,12,29,65,70,39,12,15,59,20,47,55,36,24,23,23,12,62,32,8,83,48,52,52,15,6,47,32,55,30,30,6,58,23,36,11,11,73,5,3,3,9,24,6,6,12,62,94,95,39,39,71,94,33,47,77,36,24,23,23,52,85,32,6,100,48,52,52,15,6,47,32,55,30,30,6,88,23,36,11,11,88,6,3,6,9,Pro League
Genk,89xivtxk59uzvhdsd6miao6tm,9v54aj9t3bby2nfzcwtr15o2c,R. Durosinmi,Rafiu Durosinmi,23.0,Attacker,Nigeria,Striker,17.0,55.0,1.0,72.0,29.0,17.0,17.0,0.0,45.0,5.0,518.0,34.0,8.0,0.0,10.0,0.0,1.0,4.0,4.0,1.0,6.0,2.0,6.0,5.0,0.0,0.0,0.0,69.23,20.0,0.0,50.0,35.29,46.39,55.77,100.0,1.8550795280266712,0.6668811692522606,0.0,9.0,0.29612079,3.0,1.0,2.0,0.07325722,26.0,2.9536679536679538,9.555984555984557,0.1737451737451737,12.50965250965251,5.038610038610039,2.9536679536679538,2.9536679536679538,0.0,7.818532818532819,0.8687258687258688,5.907335907335908,1.38996138996139,0.0,1.7374517374517375,0.0,0.1737451737451737,0.694980694980695,0.694980694980695,0.1737451737451737,1.0424710424710424,0.3474903474903475,1.0424710424710424,0.8687258687258688,0.0,0.0,0.0,69.23,20.0,0.0,50.0,35.29,46.39,55.77,100.0,0.3223111149081089,0.1158673846191186,0.0,1.5637065637065637,0.0514495581081081,0.5212355212355212,0.1737451737451737,0.3474903474903475,0.0127280884169884,4.517374517374518,ST,38,68,32,59,91,82,94,51,88,76,82,62,34,88,19,21,32,29,57,72,43,91,99,34,51,51,35,24,34,78,53,68,79,91,74,85,16,75,74,69,9,13,12,53,24,50,24,50,88,74,85,51,85,71,76,53,34,85,19,9,12,12,53,56,21,88,94,34,51,51,35,24,34,78,53,68,79,91,68,71,16,71,74,62,3,3,6,35,Pro League
Genk,89xivtxk59uzvhdsd6miao6tm,a6z9meo0yksv97ntwe0q2k650,J. Erenbjerg,Jeppe Erenbjerg,26.0,Midfielder,Denmark,Midfielder,61.0,123.0,7.0,177.0,2.0,14.0,5.0,0.0,13.0,3.0,515.0,21.0,1.0,7.0,14.0,9.0,6.0,12.0,12.0,3.0,4.0,6.0,1.0,0.0,3.0,0.0,0.0,84.69,63.64,36.84,50.0,28.57,41.94,66.67,25.0,1.017418373152946,1.42786473988341,9.0,16.0,0.44823593,14.0,15.0,18.0,0.98217325,68.0,10.66019417475728,21.49514563106796,1.2233009708737863,30.932038834951456,0.3495145631067961,2.4466019417475726,0.8737864077669902,0.0,2.271844660194174,0.5242718446601942,3.66990291262136,0.174757281553398,1.2233009708737863,2.4466019417475726,1.5728155339805825,1.0485436893203883,2.0970873786407767,2.0970873786407767,0.5242718446601942,0.6990291262135923,1.0485436893203883,0.174757281553398,0.0,0.5242718446601942,0.0,0.0,84.69,63.64,36.84,50.0,28.57,41.94,66.67,25.0,0.1778012690946896,0.2495297603679745,1.5728155339805825,2.796116504854369,0.0783324926213592,2.4466019417475726,2.621359223300971,3.145631067961165,0.171641927184466,11.883495145631068,CM/AM,65,61,52,57,30,87,67,52,13,37,78,9,63,70,98,91,74,74,39,83,80,9,35,91,52,52,70,74,74,74,46,39,91,11,78,74,100,85,78,100,48,41,70,39,39,57,48,43,30,91,57,52,4,35,70,4,65,61,100,83,65,65,30,83,70,4,35,91,52,52,70,74,74,74,46,39,91,11,78,70,100,87,78,91,26,17,61,26,Pro League
Genk,89xivtxk59uzvhdsd6miao6tm,a8k3ubqsi0duc3g4u5jnvcoa1,B. Heynen,Bryan Heynen,29.0,Midfielder,Belgium,Midfielder,128.0,194.0,21.0,320.0,11.0,15.0,11.0,0.0,46.0,23.0,623.0,17.0,12.0,2.0,5.0,4.0,5.0,7.0,7.0,8.0,3.0,3.0,11.0,1.0,0.0,0.0,0.0,87.67,63.64,66.67,42.86,20.0,59.74,57.89,55.0,1.634807376793313,0.3306878024633919,1.0,14.0,0.3364002199999999,8.0,62.0,57.0,1.15381485,186.0,18.49117174959872,28.025682182985552,3.033707865168539,46.22792937399679,1.5890850722311396,2.1669341894061,1.5890850722311396,0.0,6.645264847512038,3.322632423756019,2.455858747993579,1.7335473515248796,0.2889245585874799,0.7223113964686998,0.5778491171749599,0.7223113964686998,1.0112359550561798,1.0112359550561798,1.1556982343499198,0.4333868378812199,0.4333868378812199,1.5890850722311396,0.1444622792937399,0.0,0.0,0.0,87.67,63.64,66.67,42.86,20.0,59.74,57.89,55.0,0.2361679998577819,0.0477719136784996,0.1444622792937399,2.02247191011236,0.0485971425361155,1.1556982343499198,8.956661316211878,8.234349919743178,0.1666827231139646,26.869983948635632,DM/CM,55,84,78,72,86,100,100,48,92,94,98,95,83,67,84,100,91,88,64,89,75,84,84,38,52,52,66,66,89,44,56,75,72,44,100,56,45,84,81,92,100,100,91,81,44,81,72,62,78,97,100,48,81,91,94,94,78,53,75,100,72,66,47,84,66,66,78,38,52,52,66,66,89,44,56,75,72,44,100,53,38,84,78,88,100,97,84,66,Pro League
Genk,89xivtxk59uzvhdsd6miao6tm,cmrdm4nnd62inlvsnc52vkicp,J. Ito,Junya Ito,33.0,Attacker,Japan,Striker,47.0,126.0,6.0,160.0,2.0,6.0,6.0,0.0,19.0,1.0,586.0,27.0,4.0,13.0,15.0,0.0,2.0,14.0,17.0,1.0,3.0,4.0,3.0,1.0,2.0,0.0,0.0,76.92,46.15,27.08,28.57,50.0,39.58,40.0,33.33,0.5499369003166318,1.8356065832694293,3.0,22.0,0.73628493,9.0,13.0,20.0,1.5099140700000009,66.0,7.2184300341296925,19.35153583617748,0.9215017064846416,24.573378839590443,0.3071672354948805,0.9215017064846416,0.9215017064846416,0.0,2.9180887372013653,0.1535836177474402,4.146757679180888,0.6143344709897611,1.9965870307167235,2.303754266211604,0.0,0.3071672354948805,2.150170648464164,2.6109215017064846,0.1535836177474402,0.4607508532423208,0.6143344709897611,0.4607508532423208,0.1535836177474402,0.3071672354948805,0.0,0.0,76.92,46.15,27.08,28.57,50.0,39.58,40.0,33.33,0.0844612986834417,0.2819190998195369,0.4607508532423208,3.378839590443686,0.1130813032423208,1.3822525597269624,1.9965870307167235,3.0716723549488054,0.2318980653583619,10.136518771331058,ST,91,97,87,93,26,12,25,51,37,19,62,22,99,94,19,41,79,79,57,34,69,72,41,90,51,51,65,41,85,26,75,32,49,34,12,100,68,96,100,96,94,94,100,94,79,94,71,88,18,6,15,51,12,12,26,15,100,97,19,24,68,74,47,21,59,59,35,79,51,51,65,41,85,26,75,32,49,34,6,100,62,91,100,88,79,88,100,85,Pro League
Genk,89xivtxk59uzvhdsd6miao6tm,dehra7lnxe5fvtn6hbu2p30gk,K. Amaro,Kevin Amaro,22.0,Defender,Uruguay,Defender,57.0,64.0,3.0,117.0,2.0,3.0,0.0,0.0,18.0,12.0,274.0,0.0,0.0,4.0,5.0,3.0,0.0,9.0,9.0,5.0,1.0,3.0,9.0,0.0,0.0,0.0,0.0,92.13,50.0,44.44,33.33,33.33,58.06,50.0,69.23,0.1492651730899404,0.5080729893197059,3.0,6.0,0.17156105,5.0,2.0,8.0,0.5994272500000001,49.0,18.72262773722628,21.02189781021898,0.9854014598540146,38.43065693430657,0.6569343065693432,0.9854014598540146,0.0,0.0,5.912408759124088,3.9416058394160585,0.0,0.0,1.3138686131386863,1.6423357664233578,0.9854014598540146,0.0,2.956204379562044,2.956204379562044,1.6423357664233578,0.3284671532846716,0.9854014598540146,2.956204379562044,0.0,0.0,0.0,0.0,92.13,50.0,44.44,33.33,33.33,58.06,50.0,69.23,0.0490287064893964,0.1668852884626771,0.9854014598540146,1.9708029197080288,0.0563521697080292,1.6423357664233578,0.6569343065693432,2.6277372262773726,0.1968921624087591,16.094890510948908,RB/RCB,16,22,14,16,12,42,12,48,18,36,6,6,64,56,84,20,64,62,30,66,52,68,42,38,52,52,100,80,96,38,78,54,46,76,28,56,84,54,56,78,4,16,44,12,52,84,16,64,20,68,12,48,76,56,6,6,92,88,100,20,100,96,76,84,76,100,42,38,52,52,100,80,96,38,78,54,46,76,40,92,100,76,84,92,6,28,72,44,Pro League
Genk,89xivtxk59uzvhdsd6miao6tm,esvfsx8gxqw8h0codqz5xmnmc,M. Smets,Matte Smets,22.0,Defender,Belgium,Defender,188.0,131.0,39.0,319.0,12.0,1.0,1.0,0.0,19.0,47.0,540.0,6.0,2.0,0.0,0.0,0.0,0.0,0.0,0.0,6.0,1.0,0.0,3.0,0.0,0.0,0.0,0.0,87.16,58.21,0.0,0.0,100.0,55.88,63.16,60.0,0.1360978208402235,0.0,0.0,10.0,0.21297405,5.0,38.0,39.0,0.7330806000000002,200.0,31.33333333333333,21.83333333333333,6.5,53.16666666666666,2.0,0.1666666666666666,0.1666666666666666,0.0,3.1666666666666665,7.833333333333333,1.0,0.3333333333333333,0.0,0.0,0.0,0.0,0.0,0.0,1.0,0.1666666666666666,0.0,0.5,0.0,0.0,0.0,0.0,87.16,58.21,0.0,0.0,100.0,55.88,63.16,60.0,0.0226829701400372,0.0,0.0,1.6666666666666667,0.035495675,0.8333333333333334,6.333333333333333,6.5,0.1221801,33.333333333333336,CB,39,79,100,58,59,14,21,39,35,82,59,41,47,20,36,24,23,23,33,62,32,20,36,48,52,52,30,73,47,32,98,42,70,45,18,23,36,94,97,94,89,82,79,48,27,79,100,55,45,9,21,39,21,88,55,33,47,20,36,24,23,23,32,61,32,15,36,48,52,52,30,73,47,32,98,42,70,45,12,23,36,91,91,97,91,88,79,39,Pro League
Kortrijk,1uk609mhtsfhokhaewjapb26,1awtxdlrr3ph4q7wj62oag4r8,J. Ndjeungoue,James Ndjeungoue,23.0,Defender,Cameroon,Defender,111.0,53.0,21.0,162.0,7.0,3.0,2.0,0.0,24.0,21.0,438.0,2.0,2.0,2.0,3.0,1.0,1.0,3.0,3.0,5.0,0.0,2.0,9.0,0.0,0.0,0.0,0.0,77.88,42.86,100.0,66.67,0.0,48.98,46.67,69.23,0.2927111589850744,0.1790535284645339,1.0,5.0,0.1286251,1.0,17.0,14.0,0.4492785299999999,74.0,22.8082191780822,10.890410958904113,4.315068493150685,33.28767123287672,1.4383561643835618,0.6164383561643836,0.4109589041095891,0.0,4.931506849315069,4.315068493150685,0.4109589041095891,0.4109589041095891,0.4109589041095891,0.6164383561643836,0.2054794520547945,0.2054794520547945,0.6164383561643836,0.6164383561643836,1.0273972602739727,0.0,0.4109589041095891,1.8493150684931507,0.0,0.0,0.0,0.0,77.88,42.86,100.0,66.67,0.0,48.98,46.67,69.23,0.0601461285585769,0.0367918209173699,0.2054794520547945,1.0273972602739727,0.0264298150684931,0.2054794520547945,3.493150684931507,2.876712328767124,0.0923175061643835,15.205479452054796,LB/LCB,50,15,75,31,58,31,33,46,56,69,19,35,38,40,33,42,38,33,33,19,52,81,42,40,52,52,29,58,100,85,19,21,33,75,38,25,35,33,38,12,50,29,17,31,67,12,96,38,62,33,33,46,62,83,12,33,38,42,33,54,46,46,33,19,58,83,42,40,52,52,29,58,100,85,19,21,33,75,50,29,29,42,46,12,54,33,17,25,Pro League
Kortrijk,1uk609mhtsfhokhaewjapb26,21jvngls2hl8jltgsr0zoztw4,H. Murray-Campbell,Harrison Murray-Campbell,20.0,Defender,England,Defender,159.0,106.0,19.0,265.0,5.0,1.0,0.0,0.0,18.0,30.0,380.0,0.0,3.0,0.0,1.0,1.0,0.0,1.0,1.0,9.0,0.0,0.0,7.0,0.0,0.0,0.0,0.0,84.94,43.18,0.0,0.0,0.0,50.0,50.0,70.0,0.0519420736722548,0.0441734843627563,1.0,3.0,0.05306324,1.0,26.0,27.0,0.48973581,170.0,37.6578947368421,25.105263157894736,4.5,62.76315789473684,1.1842105263157894,0.2368421052631578,0.0,0.0,4.263157894736842,7.105263157894736,0.0,0.7105263157894737,0.0,0.2368421052631578,0.2368421052631578,0.0,0.2368421052631578,0.2368421052631578,2.131578947368421,0.0,0.0,1.6578947368421053,0.0,0.0,0.0,0.0,84.94,43.18,0.0,0.0,0.0,50.0,50.0,70.0,0.0123020700802708,0.0104621410332843,0.2368421052631578,0.7105263157894737,0.0125676094736842,0.2368421052631578,6.157894736842105,6.394736842105263,0.1159900602631578,40.26315789473684,CB,29,64,48,33,11,14,8,39,29,41,5,56,47,55,86,24,55,55,68,21,32,64,36,48,52,52,18,24,47,32,21,27,30,67,6,45,86,50,45,52,71,67,52,33,55,88,76,79,15,15,8,39,36,76,5,61,47,61,91,24,61,61,82,21,32,88,36,48,52,52,18,24,47,32,21,27,30,67,6,48,91,67,64,64,88,82,76,67,Pro League
Kortrijk,1uk609mhtsfhokhaewjapb26,2ri663cf9ev3wiyuk73e83zf8,R. Kohon,Rudy Kohon,22.0,Defender,France,Defender,108.0,67.0,4.0,175.0,5.0,2.0,1.0,0.0,27.0,20.0,450.0,2.0,4.0,0.0,2.0,1.0,0.0,9.0,9.0,8.0,1.0,4.0,9.0,0.0,0.0,0.0,0.0,82.55,23.53,0.0,44.44,50.0,48.21,35.71,64.29,0.1437681458371887,0.1162603833142258,1.0,10.0,0.22157496,6.0,7.0,10.0,0.38861996,96.0,21.6,13.4,0.8,35.0,1.0,0.4,0.2,0.0,5.4,4.0,0.4,0.8,0.0,0.4,0.2,0.0,1.8,1.8,1.6,0.2,0.8,1.8,0.0,0.0,0.0,0.0,82.55,23.53,0.0,44.44,50.0,48.21,35.71,64.29,0.0287536291674377,0.0232520766628451,0.2,2.0,0.044314992,1.2,1.4,2.0,0.0777239919999999,19.2,RB/RCB,56,32,20,40,36,26,26,48,62,60,18,58,22,36,56,20,64,62,66,66,66,68,42,38,52,52,56,16,22,64,84,32,28,68,24,36,52,72,68,88,16,28,24,52,68,28,12,56,44,28,24,48,64,60,16,72,22,36,56,20,64,64,68,64,64,76,42,38,52,52,56,16,22,64,84,32,28,68,20,36,56,82,68,84,24,16,24,64,Pro League
Kortrijk,1uk609mhtsfhokhaewjapb26,5b9ycghp21qhv7qz6zuvblh49,G. Koyalipou,Goduine Koyalipou,26.0,Attacker,Central African Republic,Striker,41.0,42.0,7.0,82.0,15.0,19.0,15.0,0.0,24.0,6.0,457.0,23.0,3.0,1.0,5.0,4.0,3.0,10.0,10.0,1.0,6.0,4.0,2.0,0.0,0.0,0.0,0.0,74.55,100.0,33.33,40.0,31.58,36.36,37.5,66.67,2.9618139134232924,0.3729148539173133,5.0,5.0,0.1649758199999999,4.0,8.0,4.0,0.2294782299999998,30.0,8.074398249452955,8.27133479212254,1.3785557986870898,16.14879649890591,2.954048140043764,3.741794310722101,2.954048140043764,0.0,4.726477024070023,1.1816192560175056,4.529540481400438,0.5908096280087528,0.1969365426695842,0.9846827133479212,0.7877461706783371,0.5908096280087528,1.9693654266958425,1.9693654266958425,0.1969365426695842,1.1816192560175056,0.7877461706783371,0.3938730853391685,0.0,0.0,0.0,0.0,74.55,100.0,33.33,40.0,31.58,36.36,37.5,66.67,0.5832893921402545,0.0734405620406087,0.9846827133479212,0.9846827133479212,0.0324897676148796,0.7877461706783371,1.5754923413566742,0.7877461706783371,0.0451926492341356,5.908096280087528,ST,87,47,94,68,71,91,84,51,53,82,49,13,76,63,85,57,62,57,57,72,69,54,16,34,51,51,53,97,94,59,44,24,44,71,100,44,84,54,62,81,74,38,41,65,88,38,85,68,68,94,88,51,44,82,38,12,74,56,88,56,62,56,65,68,68,53,16,34,51,51,53,97,94,59,44,24,44,71,100,41,85,38,50,76,68,35,41,65,Pro League
Kortrijk,1uk609mhtsfhokhaewjapb26,5zdapzrncz7vch3yrgftfp5g,N. Mehssatou,Nayel Mehssatou,24.0,Midfielder,Chile,Midfielder,52.0,69.0,4.0,120.0,1.0,2.0,2.0,0.0,9.0,9.0,346.0,6.0,3.0,1.0,4.0,0.0,1.0,4.0,4.0,2.0,0.0,1.0,2.0,0.0,0.0,0.0,0.0,80.54,25.0,12.5,25.0,0.0,37.5,33.33,50.0,0.2313924306608905,0.3912693868369652,0.0,7.0,0.1857186599999999,2.0,11.0,11.0,0.6310473,52.0,13.52601156069364,17.947976878612717,1.0404624277456649,31.21387283236994,0.2601156069364161,0.5202312138728323,0.5202312138728323,0.0,2.341040462427745,2.341040462427745,1.560693641618497,0.7803468208092486,0.2601156069364161,1.0404624277456649,0.0,0.2601156069364161,1.0404624277456649,1.0404624277456649,0.5202312138728323,0.0,0.2601156069364161,0.5202312138728323,0.0,0.0,0.0,0.0,80.54,25.0,12.5,25.0,0.0,37.5,33.33,50.0,0.0601887825418501,0.1017752740327366,0.0,1.8208092485549128,0.0483083219653178,0.5202312138728323,2.861271676300578,2.861271676300578,0.1641452514450866,13.52601156069364,DM/CM,9,22,17,14,9,33,66,48,9,39,64,30,62,55,8,52,52,47,8,23,33,9,36,38,52,52,19,6,50,30,23,14,19,31,47,66,17,61,72,47,20,17,72,6,12,50,12,19,6,41,78,48,12,72,78,41,75,69,8,69,78,72,12,23,38,19,36,38,52,52,19,6,50,30,23,14,19,31,53,84,17,81,75,59,25,25,81,12,Pro League
Kortrijk,1uk609mhtsfhokhaewjapb26,65js4yds9vyg0iyck8xh10frp,T. Ambrose,Thierry Ambrose,29.0,Attacker,Guadeloupe,Striker,62.0,112.0,14.0,170.0,18.0,9.0,5.0,0.0,46.0,3.0,582.0,22.0,9.0,4.0,7.0,4.0,5.0,33.0,37.0,4.0,2.0,12.0,8.0,0.0,1.0,0.0,0.0,77.27,50.0,17.39,36.36,22.22,40.71,56.25,100.0,0.7104079248936621,0.5003955131088135,3.0,13.0,0.3279828999999998,5.0,19.0,31.0,1.12861057,73.0,9.58762886597938,17.31958762886598,2.164948453608248,26.288659793814432,2.783505154639175,1.3917525773195876,0.7731958762886598,0.0,7.11340206185567,0.4639175257731959,3.402061855670103,1.3917525773195876,0.6185567010309279,1.0824742268041236,0.6185567010309279,0.7731958762886598,5.103092783505154,5.721649484536083,0.6185567010309279,0.3092783505154639,1.855670103092784,1.2371134020618555,0.0,0.1546391752577319,0.0,0.0,77.27,50.0,17.39,36.36,22.22,40.71,56.25,100.0,0.1098568956021126,0.0773807494498165,0.4639175257731959,2.0103092783505154,0.0507190051546391,0.7731958762886598,2.938144329896907,4.793814432989691,0.1745274077319587,11.288659793814432,ST,94,94,100,97,76,41,15,51,91,62,44,76,93,82,85,87,97,97,88,21,96,97,16,76,51,51,71,53,71,51,18,38,82,91,18,71,68,88,82,88,97,97,94,97,97,91,100,91,65,12,6,51,76,44,15,56,88,62,74,74,97,97,85,12,91,94,16,68,51,51,71,53,71,51,18,38,82,91,12,47,68,82,71,71,94,97,94,91,Pro League
Kortrijk,1uk609mhtsfhokhaewjapb26,7yb9jjx610j00kvxdszr9vi3u,K. Masui,Ken Masui,25.0,Midfielder,Japan,Midfielder,39.0,42.0,1.0,81.0,0.0,3.0,1.0,0.0,15.0,2.0,314.0,3.0,7.0,0.0,6.0,2.0,0.0,8.0,8.0,3.0,1.0,3.0,3.0,0.0,0.0,0.0,0.0,81.0,16.67,0.0,37.5,33.33,62.5,0.0,60.0,0.264441644570163,0.457087375246666,2.0,4.0,0.09354559,3.0,6.0,11.0,0.37286664,30.0,11.178343949044583,12.038216560509554,0.286624203821656,23.21656050955414,0.0,0.8598726114649682,0.286624203821656,0.0,4.2993630573248405,0.5732484076433121,0.8598726114649682,2.006369426751592,0.0,1.7197452229299364,0.5732484076433121,0.0,2.2929936305732483,2.2929936305732483,0.8598726114649682,0.286624203821656,0.8598726114649682,0.8598726114649682,0.0,0.0,0.0,0.0,81.0,16.67,0.0,37.5,33.33,62.5,0.0,60.0,0.0757953758322123,0.1310123050070061,0.5732484076433121,1.1464968152866242,0.026812430254777,0.8598726114649682,1.7197452229299364,3.1528662420382165,0.106872603821656,8.598726114649681,CM/AM,17,4,9,9,4,28,15,52,20,26,4,59,7,28,43,17,48,48,39,37,39,35,35,24,52,52,35,9,7,35,70,91,4,67,30,26,48,11,9,26,4,15,22,4,43,9,9,13,4,26,17,52,35,39,9,83,7,28,48,17,74,74,48,43,61,35,35,24,52,52,35,9,7,35,70,91,4,67,35,30,57,17,9,57,9,22,26,4,Pro League
Kortrijk,1uk609mhtsfhokhaewjapb26,9sgtxk82p3wstmmncfw7n5fu2,J. Roche,Jamie Roche,25.0,Midfielder,Sweden,Midfielder,54.0,40.0,9.0,94.0,3.0,2.0,1.0,0.0,16.0,8.0,283.0,2.0,3.0,0.0,2.0,1.0,0.0,0.0,0.0,5.0,1.0,0.0,5.0,1.0,0.0,0.0,0.0,83.19,56.25,0.0,0.0,50.0,48.48,37.5,50.0,0.2513681894809586,0.1093095772616179,1.0,2.0,0.0440930999999999,1.0,9.0,11.0,0.15415085,57.0,17.17314487632509,12.720848056537102,2.862190812720848,29.89399293286219,0.9540636042402828,0.6360424028268551,0.3180212014134275,0.0,5.088339222614841,2.5441696113074204,0.6360424028268551,0.9540636042402828,0.0,0.6360424028268551,0.3180212014134275,0.0,0.0,0.0,1.5901060070671378,0.3180212014134275,0.0,1.5901060070671378,0.3180212014134275,0.0,0.0,0.0,83.19,56.25,0.0,0.0,50.0,48.48,37.5,50.0,0.0799404136158525,0.0347627630867336,0.3180212014134275,0.6360424028268551,0.0140225406360423,0.3180212014134275,2.862190812720848,3.498233215547703,0.049023238515901,18.12720848056537,DM/CM,12,6,30,6,28,33,42,48,27,30,30,30,25,30,28,16,8,8,36,56,14,44,84,38,52,52,31,55,25,14,80,28,28,31,53,31,45,12,9,22,16,17,6,16,31,12,66,16,50,53,56,48,69,81,44,56,25,44,44,16,8,8,69,72,14,69,94,38,52,52,31,55,25,14,80,28,28,31,75,47,62,25,28,38,31,41,12,38,Pro League
Kortrijk,1uk609mhtsfhokhaewjapb26,9up3gdem613ij4w2ql59uhu51,J. Van Landschoot,Jellert Van Landschoot,29.0,Attacker,Belgium,Striker,22.0,50.0,1.0,71.0,3.0,8.0,5.0,0.0,10.0,2.0,259.0,8.0,2.0,1.0,4.0,3.0,0.0,2.0,2.0,1.0,2.0,0.0,2.0,0.0,0.0,0.0,0.0,82.56,14.29,5.88,0.0,25.0,52.63,30.0,40.0,0.7203765640096768,0.3953966666127856,3.0,4.0,0.12879099,0.0,9.0,12.0,0.4489001799999998,29.0,7.644787644787645,17.374517374517374,0.3474903474903475,24.67181467181468,1.0424710424710424,2.77992277992278,1.7374517374517375,0.0,3.474903474903475,0.694980694980695,2.77992277992278,0.694980694980695,0.3474903474903475,1.38996138996139,1.0424710424710424,0.0,0.694980694980695,0.694980694980695,0.3474903474903475,0.694980694980695,0.0,0.694980694980695,0.0,0.0,0.0,0.0,82.56,14.29,5.88,0.0,25.0,52.63,30.0,40.0,0.2503239025516251,0.1373965250778019,1.0424710424710424,1.38996138996139,0.0447536258687258,0.0,3.1274131274131274,4.1698841698841695,0.1559884795366794,10.077220077220078,LW,14,21,32,18,89,29,25,54,11,54,7,29,21,36,43,7,7,7,36,32,7,46,25,29,50,54,71,29,14,7,43,86,93,25,50,36,32,14,14,7,86,75,21,39,29,57,29,57,93,57,43,54,21,64,14,29,21,36,71,7,7,7,43,50,7,50,25,29,50,54,71,29,14,7,43,86,93,25,71,57,50,14,14,7,100,93,43,71,Pro League
Kortrijk,1uk609mhtsfhokhaewjapb26,c1grrjf29wtfgbni2qkydf9ey,B. Lambert,Boris Lambert,26.0,Midfielder,Belgium,Midfielder,32.0,20.0,3.0,52.0,1.0,1.0,0.0,0.0,6.0,3.0,234.0,2.0,1.0,0.0,1.0,1.0,1.0,4.0,4.0,4.0,0.0,0.0,3.0,0.0,0.0,0.0,0.0,71.23,30.0,0.0,0.0,0.0,26.09,14.29,75.0,0.0754132929157862,0.0607166004531622,0.0,0.0,0.0,0.0,5.0,1.0,0.09618949,32.0,12.307692307692308,7.692307692307692,1.1538461538461535,20.0,0.3846153846153846,0.3846153846153846,0.0,0.0,2.3076923076923075,1.1538461538461535,0.7692307692307692,0.3846153846153846,0.0,0.3846153846153846,0.3846153846153846,0.3846153846153846,1.5384615384615383,1.5384615384615383,1.5384615384615383,0.0,0.0,1.1538461538461535,0.0,0.0,0.0,0.0,71.23,30.0,0.0,0.0,0.0,26.09,14.29,75.0,0.0290051126599177,0.0233525386358316,0.0,0.0,0.0,0.0,1.923076923076923,0.3846153846153846,0.0369959576923076,12.307692307692308,DM/CM,3,3,11,3,9,14,16,48,3,6,30,8,25,19,28,52,52,47,22,23,14,20,36,38,52,52,3,9,25,14,23,3,9,89,19,16,17,3,3,6,3,3,3,3,6,3,16,3,19,28,16,48,9,19,50,22,25,31,56,84,94,91,62,23,14,53,36,38,52,52,3,9,25,14,23,3,9,89,31,38,17,3,3,6,9,3,6,6,Pro League
Kortrijk,1uk609mhtsfhokhaewjapb26,dfy8wmt4li6v2a3ulhftrxr10,S. Campbell,Shandre Campbell,21.0,Attacker,South Africa,Striker,35.0,59.0,3.0,92.0,1.0,17.0,10.0,0.0,15.0,4.0,419.0,14.0,1.0,2.0,6.0,7.0,3.0,14.0,14.0,4.0,3.0,5.0,6.0,1.0,0.0,0.0,0.0,78.63,30.0,22.22,35.71,17.65,35.71,25.0,75.0,1.361575587659546,0.5046113887461021,10.0,15.0,0.5068534499999999,1.0,7.0,13.0,0.5263588,32.0,7.517899761336515,12.673031026252982,0.6443914081145584,19.76133651551313,0.2147971360381861,3.651551312649164,2.1479713603818613,0.0,3.221957040572792,0.8591885441527446,3.007159904534606,0.2147971360381861,0.4295942720763723,1.2887828162291168,1.503579952267303,0.6443914081145584,3.007159904534606,3.007159904534606,0.8591885441527446,0.6443914081145584,1.0739856801909309,1.2887828162291168,0.2147971360381861,0.0,0.0,0.0,78.63,30.0,22.22,35.71,17.65,35.71,25.0,75.0,0.2924625367287807,0.1083890811149145,2.1479713603818613,3.221957040572792,0.1088706694510739,0.2147971360381861,1.503579952267303,2.79236276849642,0.1130603627684964,6.873508353221957,RW,71,50,54,64,36,96,86,50,46,75,36,18,50,61,86,68,71,71,79,57,57,79,64,21,54,54,50,21,54,50,21,18,43,79,86,57,100,75,79,11,57,57,50,43,57,29,50,36,36,93,86,50,36,71,29,14,50,43,86,57,43,43,71,57,57,64,64,21,54,54,50,21,54,50,21,18,43,79,71,43,100,57,71,7,43,64,43,21,Pro League
Kortrijk,1uk609mhtsfhokhaewjapb26,du77k56jke72j1g0sfo211ze2,A. Drouhin,Axel Drouhin,26.0,Defender,France,Defender,85.0,51.0,7.0,136.0,9.0,1.0,1.0,0.0,13.0,20.0,253.0,2.0,0.0,0.0,0.0,0.0,1.0,0.0,0.0,6.0,0.0,0.0,1.0,0.0,0.0,0.0,0.0,81.93,31.82,0.0,0.0,0.0,65.0,60.0,25.0,0.163212779619364,0.0,0.0,1.0,0.04066992,2.0,9.0,11.0,0.2483482799999999,83.0,30.237154150197632,18.14229249011857,2.490118577075099,48.37944664031621,3.2015810276679844,0.3557312252964427,0.3557312252964427,0.0,4.624505928853755,7.114624505928854,0.7114624505928854,0.0,0.0,0.0,0.0,0.3557312252964427,0.0,0.0,2.134387351778656,0.0,0.0,0.3557312252964427,0.0,0.0,0.0,0.0,81.93,31.82,0.0,0.0,0.0,65.0,60.0,25.0,0.0580598820780346,0.0,0.0,0.3557312252964427,0.0144675604743083,0.7114624505928854,3.2015810276679844,3.91304347826087,0.088345237944664,29.525691699604742,RB/RCB,44,14,42,24,72,12,26,48,8,60,18,6,22,12,26,58,8,8,48,30,12,4,42,38,52,52,52,24,22,12,30,92,52,4,32,18,22,6,16,32,32,32,16,36,80,68,64,84,92,20,34,48,44,96,28,6,22,12,26,84,8,8,88,30,12,8,42,38,52,52,52,24,22,12,30,92,52,4,48,18,22,12,24,62,56,72,36,88,Pro League
Kortrijk,1uk609mhtsfhokhaewjapb26,eswivc2a0iwwdly6ft8eh0ogl,B. Dejaegere,Brecht Dejaegere,35.0,Midfielder,Belgium,Midfielder,111.0,94.0,17.0,196.0,5.0,2.0,1.0,0.0,45.0,12.0,548.0,14.0,15.0,9.0,14.0,1.0,0.0,5.0,5.0,5.0,0.0,3.0,13.0,0.0,0.0,0.0,0.0,82.35,53.12,39.13,60.0,0.0,56.96,38.46,59.09,0.1564100657530049,1.5480617465587012,1.0,7.0,0.22180567,3.0,20.0,23.0,0.8313668199999998,102.0,18.22992700729927,15.437956204379564,2.791970802919708,32.189781021897815,0.8211678832116789,0.3284671532846716,0.1642335766423358,0.0,7.39051094890511,1.9708029197080288,2.2992700729927007,2.4635036496350367,1.478102189781022,2.2992700729927007,0.1642335766423358,0.0,0.8211678832116789,0.8211678832116789,0.8211678832116789,0.0,0.4927007299270073,2.135036496350365,0.0,0.0,0.0,0.0,82.35,53.12,39.13,60.0,0.0,56.96,38.46,59.09,0.0256877845214789,0.2542437175005166,0.1642335766423358,1.1496350364963503,0.0364279385036496,0.4927007299270073,3.2846715328467155,3.777372262773723,0.1365383463503649,16.751824817518248,CM/AM,91,37,91,70,63,13,15,52,100,96,65,100,76,70,26,17,20,20,72,11,39,100,35,24,52,52,57,61,78,91,11,83,39,61,9,83,26,33,48,26,63,63,52,85,78,22,87,57,61,13,9,52,91,91,39,100,74,52,22,17,13,13,43,11,30,96,35,24,52,52,57,61,78,91,11,83,39,61,9,78,22,22,30,22,48,43,43,70,Pro League
Kortrijk,1uk609mhtsfhokhaewjapb26,pi2sxs616a52jvpfywgwjowl,G. Ruyssen,Gilles Ruyssen,32.0,Defender,Belgium,Defender,203.0,66.0,17.0,269.0,15.0,2.0,2.0,0.0,29.0,50.0,540.0,4.0,3.0,0.0,0.0,0.0,1.0,0.0,0.0,7.0,1.0,0.0,8.0,0.0,0.0,0.0,0.0,84.06,36.96,0.0,0.0,50.0,60.42,65.22,72.73,0.283900630683742,0.0,0.0,0.0,0.0,0.0,10.0,15.0,0.3039994699999999,204.0,33.833333333333336,11.0,2.833333333333333,44.833333333333336,2.5,0.3333333333333333,0.3333333333333333,0.0,4.833333333333333,8.333333333333334,0.6666666666666666,0.5,0.0,0.0,0.0,0.1666666666666666,0.0,0.0,1.1666666666666667,0.1666666666666666,0.0,1.3333333333333333,0.0,0.0,0.0,0.0,84.06,36.96,0.0,0.0,50.0,60.42,65.22,72.73,0.0473167717806236,0.0,0.0,0.0,0.0,0.0,1.6666666666666667,2.5,0.0506665783333333,34.0,CB,50,26,41,36,68,30,35,39,61,92,35,56,47,20,36,61,23,23,50,62,32,70,36,48,52,52,12,9,47,32,80,61,76,73,30,23,36,11,11,20,21,32,24,58,32,18,42,24,55,30,39,39,48,94,32,52,47,20,36,62,23,23,45,61,32,76,36,48,52,52,12,9,47,32,80,61,76,73,33,23,36,11,11,20,18,23,9,45,Pro League
Mechelen,b7jmo07lqav0wfe2mtlzyspak,1hmy5uxiyr8g915tngl9l8twq,M. van Brederode,Myron van Brederode,23.0,Attacker,Netherlands,Striker,63.0,188.0,12.0,238.0,0.0,8.0,6.0,0.0,25.0,3.0,630.0,27.0,6.0,13.0,16.0,2.0,3.0,18.0,19.0,4.0,4.0,12.0,3.0,3.0,0.0,0.0,0.0,80.68,48.0,24.53,66.67,50.0,45.45,0.0,42.86,0.7594567808421552,1.819535081541119,3.0,24.0,0.6793337199999999,14.0,34.0,48.0,1.1722775499999998,98.0,9.0,26.857142857142858,1.7142857142857142,34.0,0.0,1.1428571428571428,0.8571428571428571,0.0,3.571428571428572,0.4285714285714285,3.857142857142857,0.8571428571428571,1.8571428571428568,2.2857142857142856,0.2857142857142857,0.4285714285714285,2.571428571428572,2.7142857142857144,0.5714285714285714,0.5714285714285714,1.7142857142857142,0.4285714285714285,0.4285714285714285,0.0,0.0,0.0,80.68,48.0,24.53,66.67,50.0,45.45,0.0,42.86,0.1084938258345935,0.2599335830773027,0.4285714285714285,3.4285714285714284,0.0970476742857142,2.0,4.857142857142857,6.857142857142857,0.1674682214285714,14.0,ST,97,100,97,100,4,31,25,51,57,62,62,40,99,99,65,57,88,88,88,49,96,72,75,34,51,51,82,44,79,96,75,65,4,41,26,97,68,100,97,100,100,100,97,100,94,100,94,100,4,9,9,51,21,35,21,21,97,94,53,38,76,76,82,29,85,56,59,34,51,51,82,44,79,96,75,65,4,41,9,97,53,94,94,100,100,100,91,100,Pro League
Mechelen,b7jmo07lqav0wfe2mtlzyspak,36u3tovqdi3885wk3139wczfu,L. Marijnissen,Luc Marijnissen,23.0,Defender,Netherlands,Defender,186.0,80.0,23.0,266.0,28.0,6.0,6.0,0.0,41.0,32.0,512.0,8.0,3.0,0.0,1.0,0.0,0.0,0.0,0.0,3.0,0.0,0.0,7.0,0.0,0.0,0.0,0.0,84.98,53.49,0.0,0.0,0.0,64.06,73.68,63.64,0.9474273137196788,0.0,0.0,2.0,0.03555943,0.0,19.0,19.0,0.3914631699999997,148.0,32.6953125,14.0625,4.04296875,46.7578125,4.921875,1.0546875,1.0546875,0.0,7.20703125,5.625,1.40625,0.52734375,0.0,0.17578125,0.0,0.0,0.0,0.0,0.52734375,0.0,0.0,1.23046875,0.0,0.0,0.0,0.0,84.98,53.49,0.0,0.0,0.0,64.06,73.68,63.64,0.1665399574897872,0.0,0.0,0.3515625,0.0062506810546875,0.0,3.33984375,3.33984375,0.0688118853515624,26.015625,RB/RCB,96,52,88,92,100,70,90,48,88,84,52,36,22,28,26,20,8,8,12,30,12,44,42,38,52,52,88,88,22,12,30,84,84,64,100,18,22,18,8,8,68,60,28,88,88,40,96,80,100,72,88,48,84,80,56,32,22,24,26,20,8,8,8,30,12,40,42,38,52,52,88,88,22,12,30,84,84,64,100,18,22,8,8,8,68,48,16,80,Pro League
Mechelen,b7jmo07lqav0wfe2mtlzyspak,4ilyw37ebyvszpfjk65mddm38,M. Decoene,Massimo Decoene,22.0,Midfielder,Belgium,Midfielder,83.0,44.0,7.0,126.0,5.0,2.0,2.0,0.0,12.0,14.0,284.0,4.0,1.0,1.0,1.0,0.0,1.0,1.0,1.0,6.0,0.0,1.0,3.0,0.0,0.0,0.0,0.0,81.29,33.33,14.29,100.0,0.0,46.15,50.0,60.0,0.2309480521137475,0.0905462267436326,0.0,1.0,0.04066992,3.0,5.0,10.0,0.2357802,73.0,26.30281690140845,13.943661971830986,2.218309859154929,39.929577464788736,1.5845070422535212,0.6338028169014085,0.6338028169014085,0.0,3.802816901408451,4.436619718309859,1.267605633802817,0.3169014084507042,0.3169014084507042,0.3169014084507042,0.0,0.3169014084507042,0.3169014084507042,0.3169014084507042,1.9014084507042253,0.0,0.3169014084507042,0.9507042253521129,0.0,0.0,0.0,0.0,81.29,33.33,14.29,100.0,0.0,46.15,50.0,60.0,0.0731877629937932,0.0286942267849539,0.0,0.3169014084507042,0.0128883549295774,0.9507042253521129,1.5845070422535212,3.1690140845070425,0.0747190774647887,23.133802816901408,RM/RCM,80,50,80,80,60,40,40,60,20,100,40,20,50,30,30,40,20,20,80,30,20,20,40,50,60,60,80,40,60,100,30,60,60,60,40,20,30,30,40,60,40,40,20,80,100,60,100,100,100,40,60,60,20,100,40,20,60,40,30,40,20,20,100,30,20,40,40,50,60,60,80,40,60,100,30,60,60,60,40,20,30,40,40,60,40,40,20,100,Pro League
Mechelen,b7jmo07lqav0wfe2mtlzyspak,7szg0lek1xzuwyeo4zl38oxzo,M. Lohunanu-Mbasi,Malcolm Lohunanu-Mbasi,18.0,Attacker,Belgium,Striker,7.0,15.0,0.0,21.0,4.0,6.0,6.0,0.0,17.0,2.0,257.0,16.0,10.0,1.0,2.0,0.0,1.0,3.0,3.0,0.0,1.0,1.0,2.0,0.0,1.0,0.0,0.0,75.0,0.0,50.0,33.33,16.67,41.46,40.0,100.0,0.7564404754325877,0.1158014925812699,1.0,3.0,0.1394551799999999,1.0,1.0,1.0,0.07565248,7.0,2.45136186770428,5.252918287937743,0.0,7.35408560311284,1.4007782101167314,2.1011673151750974,2.1011673151750974,0.0,5.953307392996109,0.7003891050583657,5.603112840466926,3.501945525291829,0.3501945525291828,0.7003891050583657,0.0,0.3501945525291828,1.050583657587549,1.050583657587549,0.0,0.3501945525291828,0.3501945525291828,0.7003891050583657,0.0,0.3501945525291828,0.0,0.0,75.0,0.0,50.0,33.33,16.67,41.46,40.0,100.0,0.2649013338090774,0.0405530518767093,0.3501945525291828,1.050583657587549,0.0488364443579766,0.3501945525291828,0.3501945525291828,0.3501945525291828,0.0264930863813229,2.45136186770428,ST,12,4,12,6,43,12,25,51,31,41,28,90,76,16,19,21,21,19,22,12,22,54,16,76,51,51,56,12,100,40,12,44,49,91,24,9,40,32,50,34,9,4,15,6,15,9,12,6,47,32,50,51,62,62,65,97,82,32,19,26,24,21,22,15,24,76,16,82,51,51,56,12,100,40,12,44,49,91,41,15,38,44,68,50,12,6,24,6,Pro League
Mechelen,b7jmo07lqav0wfe2mtlzyspak,8erbr3ewwl0o6ib0q4r7tmp9m,F. Hammar,Fredrik Hammar,25.0,Midfielder,Sweden,Midfielder,87.0,93.0,8.0,180.0,16.0,1.0,1.0,1.0,53.0,10.0,582.0,9.0,10.0,0.0,3.0,0.0,0.0,5.0,5.0,12.0,0.0,0.0,12.0,0.0,0.0,0.0,0.0,78.6,38.1,0.0,0.0,0.0,49.53,45.71,41.38,0.0834270212684482,0.2048944736978249,0.0,2.0,0.14872094,1.0,21.0,15.0,0.45660927,100.0,13.45360824742268,14.381443298969073,1.2371134020618555,27.83505154639176,2.4742268041237114,0.1546391752577319,0.1546391752577319,0.1546391752577319,8.195876288659793,1.5463917525773196,1.3917525773195876,1.5463917525773196,0.0,0.4639175257731959,0.0,0.0,0.7731958762886598,0.7731958762886598,1.855670103092784,0.0,0.0,1.855670103092784,0.0,0.0,0.0,0.0,78.6,38.1,0.0,0.0,0.0,49.53,45.71,41.38,0.012901085763162,0.0316847124274986,0.0,0.3092783505154639,0.0229980835051546,0.1546391752577319,3.247422680412371,2.319587628865979,0.070609680927835,15.463917525773196,DM/CM,33,41,23,34,94,14,42,98,100,48,77,91,25,42,8,16,70,64,86,23,14,92,36,38,52,52,12,19,25,14,23,31,41,19,22,47,17,12,53,22,55,34,34,38,9,19,19,12,94,12,41,97,97,31,72,84,25,38,8,16,53,53,81,23,14,88,36,38,52,52,12,19,25,14,23,31,41,19,16,44,17,9,44,19,38,16,25,19,Pro League
Mechelen,b7jmo07lqav0wfe2mtlzyspak,8k74pobko1dbwj30bx57ln7dg,C. Van Meirvenne,Cedric Van Meirvenne,21.0,Attacker,Belgium,Striker,27.0,69.0,6.0,91.0,0.0,3.0,2.0,0.0,26.0,2.0,319.0,9.0,7.0,5.0,8.0,1.0,2.0,13.0,13.0,1.0,0.0,7.0,8.0,0.0,0.0,0.0,0.0,83.49,66.67,35.71,53.85,0.0,54.17,0.0,66.67,0.256181499855896,0.914410633834008,2.0,18.0,0.50167185,4.0,6.0,9.0,0.98381285,38.0,7.617554858934169,19.467084639498434,1.6927899686520378,25.673981191222573,0.0,0.8463949843260189,0.5642633228840126,0.0,7.3354231974921635,0.5642633228840126,2.539184952978057,1.974921630094044,1.4106583072100314,2.2570532915360504,0.2821316614420063,0.5642633228840126,3.6677115987460818,3.6677115987460818,0.2821316614420063,0.0,1.974921630094044,2.2570532915360504,0.0,0.0,0.0,0.0,83.49,66.67,35.71,53.85,0.0,54.17,0.0,66.67,0.072276912185049,0.2579841913638267,0.5642633228840126,5.078369905956113,0.1415375125391849,1.1285266457680252,1.6927899686520378,2.539184952978057,0.2775647539184953,10.72100313479624,RW,57,71,71,57,18,14,11,50,79,36,11,82,71,79,18,46,64,64,21,11,79,93,25,21,54,54,100,71,86,79,11,86,21,64,14,79,50,86,71,61,50,39,86,61,64,79,86,64,18,14,21,50,100,36,14,86,79,86,21,50,79,71,29,11,79,100,25,21,54,54,100,71,86,79,11,86,21,64,7,93,43,93,79,71,50,50,86,57,Pro League
Mechelen,b7jmo07lqav0wfe2mtlzyspak,8prtj2o0lz1zbzpuw4ah4qhud,D. Praet,Dennis Praet,32.0,Midfielder,Belgium,Midfielder,88.0,115.0,14.0,203.0,5.0,2.0,0.0,0.0,38.0,8.0,579.0,5.0,13.0,0.0,4.0,2.0,0.0,6.0,6.0,9.0,0.0,4.0,10.0,0.0,0.0,0.0,0.0,81.53,43.75,0.0,66.67,0.0,65.52,71.43,58.82,0.1280400540637261,0.2824670429145845,2.0,8.0,0.18521791,3.0,10.0,21.0,0.57594159,90.0,13.678756476683937,17.875647668393782,2.176165803108808,31.55440414507772,0.7772020725388601,0.310880829015544,0.0,0.0,5.9067357512953365,1.243523316062176,0.7772020725388601,2.0207253886010363,0.0,0.6217616580310881,0.310880829015544,0.0,0.932642487046632,0.932642487046632,1.398963730569948,0.0,0.6217616580310881,1.5544041450777202,0.0,0.0,0.0,0.0,81.53,43.75,0.0,66.67,0.0,65.52,71.43,58.82,0.0199025990772631,0.0439067942354276,0.310880829015544,1.243523316062176,0.0287903487046632,0.466321243523316,1.5544041450777202,3.2642487046632125,0.0895245994818652,13.989637305699482,CM/AM,78,57,78,74,63,13,4,52,89,78,9,96,7,15,43,17,26,26,100,11,54,87,35,24,52,52,48,35,7,100,11,100,96,57,4,13,48,41,30,26,17,50,39,57,70,30,74,52,52,9,4,52,74,65,4,87,7,9,30,17,17,17,91,11,48,74,35,24,52,52,48,35,7,100,11,100,96,57,4,9,30,26,13,17,4,26,17,35,Pro League
Mechelen,b7jmo07lqav0wfe2mtlzyspak,8q7c0yi5x7vh7032jgbeytal1,B. Raman,Benito Raman,31.0,Attacker,Belgium,Striker,7.0,16.0,0.0,23.0,0.0,4.0,4.0,0.0,3.0,0.0,212.0,12.0,0.0,0.0,1.0,0.0,1.0,3.0,3.0,2.0,1.0,2.0,0.0,0.0,0.0,0.0,0.0,63.89,0.0,0.0,66.67,25.0,21.43,0.0,0.0,0.3535794050222547,0.1917587962374028,0.0,0.0,0.0,0.0,1.0,3.0,0.25194219,10.0,2.971698113207548,6.792452830188679,0.0,9.764150943396226,0.0,1.6981132075471697,1.6981132075471697,0.0,1.2735849056603774,0.0,5.09433962264151,0.0,0.0,0.4245283018867924,0.0,0.4245283018867924,1.2735849056603774,1.2735849056603774,0.8490566037735848,0.4245283018867924,0.8490566037735848,0.0,0.0,0.0,0.0,0.0,63.89,0.0,0.0,66.67,25.0,21.43,0.0,0.0,0.1501044643962402,0.08140703613852,0.0,0.0,0.0,0.0,0.4245283018867924,1.2735849056603774,0.1069565900943396,4.245283018867925,ST,12,10,12,12,4,6,7,51,3,6,13,4,34,7,19,21,21,19,78,12,43,12,16,34,51,51,18,12,34,96,25,3,4,12,6,26,16,6,6,10,9,25,47,13,26,24,12,15,4,21,29,51,3,6,53,4,34,12,19,35,38,32,94,18,71,12,16,34,51,51,18,12,34,96,25,3,4,12,21,53,16,6,6,10,15,50,68,29,Pro League
Mechelen,b7jmo07lqav0wfe2mtlzyspak,a1ahtfrvwqyva1m1q7fjew6ei,José Marsà,José Marsà,24.0,Defender,Spain,Defender,149.0,131.0,33.0,276.0,10.0,5.0,4.0,0.0,23.0,27.0,604.0,7.0,2.0,4.0,2.0,1.0,2.0,3.0,3.0,11.0,0.0,2.0,7.0,0.0,0.0,0.0,0.0,77.97,40.74,33.33,66.67,0.0,57.5,58.82,77.78,0.5003645618314375,0.1951792639909492,2.0,5.0,0.12570075,4.0,34.0,38.0,0.6877109699999999,155.0,22.201986754966885,19.51986754966888,4.917218543046357,41.12582781456953,1.490066225165563,0.7450331125827815,0.5960264900662251,0.0,3.4271523178807946,4.02317880794702,1.043046357615894,0.2980132450331125,0.5960264900662251,0.2980132450331125,0.1490066225165562,0.2980132450331125,0.4470198675496689,0.4470198675496689,1.6390728476821192,0.0,0.2980132450331125,1.043046357615894,0.0,0.0,0.0,0.0,77.97,40.74,33.33,66.67,0.0,57.5,58.82,77.78,0.0745576333854791,0.0290830029125586,0.2980132450331125,0.7450331125827815,0.018730244205298,0.5960264900662251,5.066225165562914,5.662251655629139,0.1024734889072847,23.096026490066222,LB/LCB,71,79,100,79,77,62,75,46,48,88,35,35,56,23,33,73,38,33,79,19,52,52,42,40,52,52,33,50,81,85,19,67,71,96,71,29,67,33,33,50,79,83,54,75,62,71,100,58,67,46,71,46,21,75,33,21,46,12,21,67,25,21,67,19,42,46,42,40,52,52,33,50,81,85,19,67,71,96,67,17,50,17,21,46,71,75,38,62,Pro League
Mechelen,b7jmo07lqav0wfe2mtlzyspak,aka769o7p2oz9ads8n1vhu2ok,B. Boersma,Bouke Boersma,21.0,Attacker,Netherlands,Striker,4.0,15.0,0.0,19.0,13.0,7.0,5.0,0.0,22.0,1.0,239.0,8.0,7.0,0.0,2.0,2.0,2.0,2.0,2.0,0.0,2.0,1.0,1.0,0.0,0.0,0.0,0.0,57.58,0.0,0.0,50.0,28.57,50.0,48.15,100.0,0.6113491484471978,0.1348761855990406,1.0,0.0,0.0,0.0,2.0,4.0,0.09121627,10.0,1.5062761506276152,5.648535564853557,0.0,7.154811715481172,4.895397489539749,2.6359832635983267,1.882845188284519,0.0,8.284518828451883,0.3765690376569038,3.0125523012552304,2.6359832635983267,0.0,0.7531380753138076,0.7531380753138076,0.7531380753138076,0.7531380753138076,0.7531380753138076,0.0,0.7531380753138076,0.3765690376569038,0.3765690376569038,0.0,0.0,0.0,0.0,57.58,0.0,0.0,50.0,28.57,50.0,48.15,100.0,0.2302151605031288,0.0507901954138646,0.3765690376569038,0.0,0.0,0.0,0.7531380753138076,1.5062761506276152,0.0343492230125523,3.765690376569038,ST,3,4,12,3,63,22,15,51,44,19,6,50,34,16,65,41,10,10,22,21,22,34,16,34,51,51,12,12,34,78,31,81,68,91,15,15,40,6,6,10,21,38,21,13,3,12,12,3,82,56,35,51,91,26,6,91,34,35,85,71,15,15,22,44,32,50,16,34,51,51,12,12,34,78,31,81,68,91,26,24,44,6,6,10,32,65,29,24,Pro League
Mechelen,b7jmo07lqav0wfe2mtlzyspak,dbfyqig1hbzbbzsdbtzyzg7pw,T. Koudou,Thérence Koudou,21.0,Midfielder,France,Midfielder,65.0,108.0,6.0,167.0,5.0,7.0,3.0,0.0,29.0,4.0,530.0,12.0,10.0,6.0,9.0,4.0,2.0,15.0,18.0,4.0,1.0,7.0,4.0,1.0,0.0,0.0,0.0,73.89,30.0,19.35,46.67,14.29,50.0,55.56,57.14,0.5127714156968725,0.7817540331901482,4.0,12.0,0.3466334,8.0,11.0,24.0,0.96043335,75.0,11.037735849056602,18.33962264150944,1.018867924528302,28.358490566037734,0.8490566037735848,1.1886792452830188,0.5094339622641509,0.0,4.9245283018867925,0.6792452830188679,2.037735849056604,1.6981132075471697,1.018867924528302,1.5283018867924527,0.6792452830188679,0.3396226415094339,2.5471698113207544,3.056603773584905,0.6792452830188679,0.1698113207547169,1.1886792452830188,0.6792452830188679,0.1698113207547169,0.0,0.0,0.0,73.89,30.0,19.35,46.67,14.29,50.0,55.56,57.14,0.0870743913447519,0.1327506848813459,0.6792452830188679,2.037735849056604,0.0588622754716981,1.3584905660377358,1.8679245283018864,4.075471698113208,0.1630924556603773,12.735849056603772,LM/LCM,80,90,80,90,90,40,35,55,75,80,40,80,100,75,70,45,50,70,80,20,65,35,55,40,50,55,10,10,50,80,10,65,75,40,30,60,60,65,70,75,60,70,80,90,100,80,70,80,80,30,30,55,40,80,30,50,90,70,70,40,50,60,70,10,60,30,50,40,50,55,10,10,50,80,10,65,75,40,20,70,60,60,60,70,50,80,80,80,Pro League
Mechelen,b7jmo07lqav0wfe2mtlzyspak,ubuh5wgnl0o5bn3wirdmectm,M. Eerdhuijzen,Mike Eerdhuijzen,26.0,Defender,Netherlands,Defender,153.0,73.0,24.0,225.0,13.0,6.0,6.0,0.0,22.0,24.0,350.0,11.0,1.0,1.0,3.0,0.0,0.0,1.0,1.0,3.0,1.0,1.0,3.0,0.0,0.0,0.0,0.0,87.89,57.14,50.0,100.0,16.67,68.75,72.22,42.86,0.9662674485381648,0.2996154681945714,0.0,2.0,0.03686598,0.0,19.0,28.0,0.5468329099999999,161.0,39.34285714285714,18.77142857142857,6.171428571428572,57.85714285714286,3.342857142857143,1.542857142857143,1.542857142857143,0.0,5.6571428571428575,6.171428571428572,2.8285714285714287,0.2571428571428572,0.2571428571428572,0.7714285714285715,0.0,0.0,0.2571428571428572,0.2571428571428572,0.7714285714285715,0.2571428571428572,0.2571428571428572,0.7714285714285715,0.0,0.0,0.0,0.0,87.89,57.14,50.0,100.0,16.67,68.75,72.22,42.86,0.2484687724812423,0.0770439775357469,0.0,0.5142857142857143,0.0094798234285714,0.0,4.885714285714286,7.2,0.1406141768571428,41.4,CB,24,39,73,27,64,89,91,39,42,20,92,20,95,95,36,24,55,55,9,62,71,20,36,48,52,52,39,65,95,95,45,91,94,9,94,100,36,38,36,20,55,70,58,27,67,70,97,70,85,97,100,39,82,61,100,24,97,97,36,24,64,64,6,76,76,30,36,48,52,52,39,65,95,95,45,91,94,9,100,97,36,52,48,20,76,97,91,70,Pro League
Westerlo,2nhn3ikl1ciq34w3hcp883d6p,2gheip9j20aq9iisgxc16pses,I. Sakamoto,Isa Sakamoto,23.0,Attacker,Japan,Striker,67.0,93.0,1.0,160.0,3.0,12.0,7.0,0.0,14.0,3.0,504.0,23.0,4.0,0.0,12.0,5.0,4.0,9.0,10.0,0.0,3.0,3.0,4.0,1.0,3.0,0.0,0.0,84.66,33.33,0.0,33.33,25.0,40.0,42.86,100.0,1.0124434323847311,1.018228371315115,7.0,15.0,0.45259651,2.0,12.0,13.0,0.6445068100000001,63.0,11.964285714285715,16.607142857142858,0.1785714285714285,28.571428571428573,0.5357142857142857,2.142857142857143,1.25,0.0,2.5,0.5357142857142857,4.107142857142858,0.7142857142857143,0.0,2.142857142857143,0.8928571428571429,0.7142857142857143,1.6071428571428572,1.7857142857142858,0.0,0.5357142857142857,0.5357142857142857,0.7142857142857143,0.1785714285714285,0.5357142857142857,0.0,0.0,84.66,33.33,0.0,33.33,25.0,40.0,42.86,100.0,0.180793470068702,0.1818264948776991,1.25,2.678571428571429,0.0808208053571428,0.3571428571428571,2.142857142857143,2.321428571428572,0.1150905017857143,11.25,ST,100,88,32,93,35,62,41,51,18,62,49,22,34,91,94,74,53,57,22,34,59,85,41,94,51,51,100,32,34,40,25,35,56,91,41,91,91,91,88,56,91,85,79,91,100,88,26,94,29,35,24,51,9,47,24,18,34,91,91,68,53,50,22,24,49,79,41,94,51,51,100,32,34,40,25,35,56,91,24,88,91,88,85,53,88,79,79,88,Pro League
Westerlo,2nhn3ikl1ciq34w3hcp883d6p,3ol164v8de7km3keco2x2a6ms,S. Saito,Shunsuke Saito,21.0,Attacker,Japan,Striker,53.0,99.0,5.0,147.0,0.0,12.0,9.0,0.0,28.0,2.0,518.0,24.0,6.0,5.0,11.0,3.0,4.0,23.0,24.0,0.0,5.0,10.0,7.0,3.0,0.0,1.0,0.0,80.33,38.46,22.73,43.48,41.67,47.46,0.0,58.33,1.0642172243549033,1.1463487353307047,4.0,18.0,0.5596551899999999,4.0,13.0,23.0,1.47220468,63.0,9.208494208494209,17.2007722007722,0.8687258687258688,25.54054054054054,0.0,2.0849420849420848,1.5637065637065637,0.0,4.864864864864865,0.3474903474903475,4.1698841698841695,1.0424710424710424,0.8687258687258688,1.9111969111969112,0.5212355212355212,0.694980694980695,3.996138996138997,4.1698841698841695,0.0,0.8687258687258688,1.7374517374517375,1.2162162162162162,0.5212355212355212,0.0,0.1737451737451737,0.0,80.33,38.46,22.73,43.48,41.67,47.46,0.0,58.33,0.1849026065481492,0.1991725601925934,0.694980694980695,3.1274131274131274,0.0972373882239382,0.694980694980695,2.258687258687259,3.996138996138997,0.2557884579150579,10.945945945945946,LW,86,79,57,93,32,71,68,54,82,54,61,71,71,89,43,71,79,79,14,82,71,89,96,29,100,54,43,43,57,36,82,57,32,71,64,86,46,57,57,29,96,93,93,93,79,50,50,71,32,29,29,54,50,43,29,50,71,71,29,57,50,50,14,57,43,100,86,29,100,54,43,43,57,36,82,57,32,71,29,86,36,36,21,14,93,86,86,79,Pro League
Westerlo,2nhn3ikl1ciq34w3hcp883d6p,5mi7tfw92j72ztsmfdxewack4,D. Ourega,Dylan Ourega,21.0,Defender,France,Defender,103.0,67.0,11.0,165.0,1.0,8.0,6.0,0.0,35.0,9.0,595.0,16.0,12.0,5.0,6.0,2.0,3.0,23.0,23.0,7.0,3.0,12.0,5.0,1.0,0.0,0.0,0.0,76.39,35.48,31.25,52.17,37.5,50.72,12.5,50.0,0.6121237549843475,0.6157071427373013,2.0,5.0,0.09828585,5.0,12.0,16.0,0.6263771599999998,69.0,15.57983193277311,10.134453781512606,1.6638655462184877,24.95798319327731,0.1512605042016807,1.2100840336134455,0.907563025210084,0.0,5.294117647058824,1.361344537815126,2.420168067226891,1.8151260504201685,0.7563025210084034,0.907563025210084,0.3025210084033614,0.453781512605042,3.4789915966386555,3.4789915966386555,1.0588235294117647,0.453781512605042,1.8151260504201685,0.7563025210084034,0.1512605042016807,0.0,0.0,0.0,76.39,35.48,31.25,52.17,37.5,50.72,12.5,50.0,0.0925901478127584,0.0931321728510203,0.3025210084033614,0.7563025210084034,0.0148667672268907,0.7563025210084034,1.8151260504201685,2.420168067226891,0.0947461250420167,10.436974789915968,LB/LCB,42,29,48,38,4,88,94,46,90,12,92,100,71,69,58,94,100,100,52,98,100,38,90,40,52,52,21,38,69,62,83,29,4,31,88,67,67,33,25,62,35,42,42,21,25,8,29,12,4,83,96,46,67,4,88,100,58,58,46,92,100,100,38,96,100,21,83,40,52,52,21,38,69,62,83,29,4,31,75,62,54,21,17,54,12,17,25,8,Pro League
Westerlo,2nhn3ikl1ciq34w3hcp883d6p,5txdb3wg2quv1fub6lcv8yyac,N. Bassette,Norman Bassette,21.0,Attacker,Belgium,Striker,21.0,34.0,1.0,55.0,11.0,17.0,13.0,0.0,23.0,6.0,495.0,21.0,10.0,0.0,5.0,4.0,1.0,6.0,8.0,1.0,10.0,2.0,0.0,4.0,0.0,0.0,0.0,70.51,100.0,0.0,33.33,58.82,34.33,35.48,0.0,1.697440336241192,0.4393215281535507,4.0,2.0,0.04336653,1.0,4.0,3.0,0.23786784,14.0,3.8181818181818175,6.181818181818182,0.1818181818181818,10.0,2.0,3.090909090909091,2.363636363636364,0.0,4.181818181818182,1.0909090909090908,3.8181818181818175,1.818181818181818,0.0,0.9090909090909092,0.7272727272727273,0.1818181818181818,1.0909090909090908,1.4545454545454546,0.1818181818181818,1.818181818181818,0.3636363636363636,0.0,0.7272727272727273,0.0,0.0,0.0,70.51,100.0,0.0,33.33,58.82,34.33,35.48,0.0,0.3086255156802167,0.0798766414824637,0.7272727272727273,0.3636363636363636,0.0078848236363636,0.1818181818181818,0.7272727272727273,0.5454545454545454,0.0432486981818181,2.5454545454545454,ST,47,34,32,41,54,82,74,51,50,82,40,90,34,63,85,21,43,44,57,97,43,12,90,34,51,51,38,97,34,40,85,12,41,12,71,59,79,21,18,34,44,25,44,24,41,15,29,21,53,79,59,51,29,79,18,74,34,44,82,12,29,38,59,97,29,12,82,34,51,51,38,97,34,40,85,12,41,12,59,50,76,21,18,29,29,18,35,12,Pro League
Westerlo,2nhn3ikl1ciq34w3hcp883d6p,6jox21ck8ox2q4mpoqikpbtd6,S. Kimura,Seiji Kimura,25.0,Defender,Japan,Defender,261.0,129.0,21.0,389.0,10.0,3.0,3.0,0.0,16.0,30.0,630.0,5.0,2.0,1.0,1.0,0.0,1.0,1.0,1.0,11.0,0.0,0.0,3.0,0.0,0.0,0.0,0.0,90.05,51.22,100.0,0.0,0.0,48.48,45.45,75.0,0.3430103963838471,0.0,0.0,7.0,0.1289925,1.0,31.0,43.0,0.7710877999999997,241.0,37.285714285714285,18.428571428571427,3.0,55.57142857142857,1.4285714285714286,0.4285714285714285,0.4285714285714285,0.0,2.2857142857142856,4.285714285714286,0.7142857142857143,0.2857142857142857,0.1428571428571428,0.1428571428571428,0.0,0.1428571428571428,0.1428571428571428,0.1428571428571428,1.5714285714285714,0.0,0.0,0.4285714285714285,0.0,0.0,0.0,0.0,90.05,51.22,100.0,0.0,0.0,48.48,45.45,75.0,0.0490014851976924,0.0,0.0,1.0,0.0184275,0.1428571428571428,4.428571428571429,6.142857142857143,0.1101553999999999,34.42857142857143,CB,76,76,59,80,44,47,52,39,24,41,47,41,95,55,36,61,55,55,77,21,32,20,36,48,52,52,61,45,100,32,21,18,14,79,36,23,36,85,85,52,79,86,82,67,52,64,45,59,27,41,47,39,3,12,36,27,94,42,36,53,47,47,64,21,32,12,36,48,52,52,61,45,100,32,21,18,14,79,36,23,36,76,76,44,67,77,73,52,Pro League
Westerlo,2nhn3ikl1ciq34w3hcp883d6p,6lap0wrnichfxxqm5kgtoflec,L. Flø,Lasse Flø,20.0,Defender,Denmark,Defender,66.0,103.0,6.0,166.0,2.0,0.0,0.0,0.0,24.0,20.0,437.0,4.0,3.0,3.0,7.0,0.0,0.0,11.0,11.0,4.0,0.0,6.0,8.0,0.0,2.0,0.0,0.0,81.77,50.0,37.5,54.55,0.0,60.0,66.67,61.54,0.0,0.5739406630100998,0.0,18.0,0.45154093,5.0,12.0,22.0,0.67781064,68.0,13.59267734553776,21.212814645308924,1.2356979405034323,34.18764302059497,0.4118993135011441,0.0,0.0,0.0,4.94279176201373,4.118993135011442,0.8237986270022883,0.6178489702517163,0.6178489702517163,1.4416475972540046,0.0,0.0,2.265446224256293,2.265446224256293,0.8237986270022883,0.0,1.2356979405034323,1.647597254004577,0.0,0.4118993135011441,0.0,0.0,81.77,50.0,37.5,54.55,0.0,60.0,66.67,61.54,0.0,0.1182028825421258,0.0,3.707093821510298,0.0929946995423341,1.0297482837528604,2.471395881006865,4.530892448512586,0.1395948686498856,14.004576659038902,RB/RCB,32,68,32,32,12,6,12,48,36,60,36,36,58,64,26,20,78,74,18,30,80,56,42,96,52,52,48,80,92,80,30,72,72,60,6,68,22,92,92,78,40,66,56,28,28,88,40,52,12,6,12,48,48,64,36,44,56,80,26,20,76,72,24,30,92,64,42,100,52,52,48,80,92,80,30,72,72,60,6,72,22,92,92,80,36,84,56,28,Pro League
Westerlo,2nhn3ikl1ciq34w3hcp883d6p,9rsuz6bumw4jyw25gpingu25m,C. Sandra,Cisse Sandra,22.0,Midfielder,Belgium,Midfielder,114.0,125.0,12.0,239.0,7.0,8.0,5.0,0.0,26.0,12.0,630.0,9.0,7.0,0.0,5.0,3.0,3.0,7.0,8.0,8.0,4.0,4.0,2.0,1.0,1.0,0.0,0.0,85.05,70.59,0.0,57.14,50.0,50.0,46.67,22.22,0.7530895390137211,0.1158615138814521,3.0,6.0,0.10850339,1.0,28.0,25.0,0.5393561799999999,129.0,16.285714285714285,17.857142857142858,1.7142857142857142,34.142857142857146,1.0,1.1428571428571428,0.7142857142857143,0.0,3.7142857142857135,1.7142857142857142,1.2857142857142858,1.0,0.0,0.7142857142857143,0.4285714285714285,0.4285714285714285,1.0,1.1428571428571428,1.1428571428571428,0.5714285714285714,0.5714285714285714,0.2857142857142857,0.1428571428571428,0.1428571428571428,0.0,0.0,85.05,70.59,0.0,57.14,50.0,50.0,46.67,22.22,0.107584219859103,0.0165516448402074,0.4285714285714285,0.8571428571428571,0.0155004842857142,0.1428571428571428,4.0,3.571428571428572,0.0770508828571428,18.428571428571427,DM/CM,47,62,47,50,58,86,89,48,56,62,77,73,25,67,70,94,91,94,64,95,89,9,84,86,52,52,44,81,25,70,80,36,44,3,88,34,88,52,41,22,66,59,56,59,25,47,31,38,53,78,84,48,38,47,62,59,25,47,62,88,69,81,44,88,75,6,73,75,52,52,44,81,25,70,80,36,44,3,84,19,78,41,31,14,59,44,34,47,Pro League
Westerlo,2nhn3ikl1ciq34w3hcp883d6p,cu2noj1tzmvl5unu2wazyiqs4,I. Fofana,Ibrahim Fofana,22.0,Midfielder,Côte d'Ivoire,Midfielder,159.0,168.0,16.0,326.0,10.0,6.0,2.0,0.0,38.0,18.0,563.0,5.0,4.0,1.0,7.0,4.0,0.0,6.0,6.0,17.0,0.0,2.0,14.0,0.0,1.0,0.0,0.0,86.02,43.24,50.0,33.33,0.0,52.78,62.5,63.64,0.4701466030660672,0.5050422844511022,3.0,4.0,0.08664806,1.0,33.0,27.0,0.6102189000000001,190.0,25.41740674955595,26.856127886323268,2.5577264653641207,52.11367673179396,1.5985790408525755,0.9591474245115452,0.3197158081705151,0.0,6.074600355239787,2.877442273534636,0.7992895204262878,0.6394316163410302,0.1598579040852575,1.119005328596803,0.6394316163410302,0.0,0.9591474245115452,0.9591474245115452,2.717584369449378,0.0,0.3197158081705151,2.238010657193606,0.0,0.1598579040852575,0.0,0.0,86.02,43.24,50.0,33.33,0.0,52.78,62.5,63.64,0.075156650578945,0.0807350010667836,0.4795737122557726,0.6394316163410302,0.0138513772646536,0.1598579040852575,5.275310834813499,4.316163410301954,0.0975483143872113,30.373001776198933,DM/CM,75,81,64,78,77,73,66,48,83,91,58,42,62,80,84,16,80,77,100,23,52,97,36,86,52,52,47,28,78,36,23,53,77,66,72,81,88,36,25,22,75,62,69,84,72,78,59,72,81,72,59,48,78,88,53,31,59,72,78,16,66,59,97,23,50,94,36,84,52,52,47,28,78,36,23,53,77,66,66,75,88,28,25,22,75,59,56,75,Pro League
Westerlo,2nhn3ikl1ciq34w3hcp883d6p,d0ftmfnte41xibr8pzm8tk2dw,L. Mbamba-Muanda,Lucas Mbamba-Muanda,20.0,Defender,Belgium,Defender,41.0,43.0,3.0,84.0,2.0,2.0,2.0,1.0,9.0,12.0,237.0,2.0,2.0,0.0,0.0,0.0,1.0,7.0,7.0,5.0,0.0,3.0,2.0,0.0,0.0,0.0,0.0,84.0,37.5,0.0,42.86,0.0,34.62,25.0,100.0,0.1242892664836996,0.0,1.0,2.0,0.05906544,1.0,8.0,7.0,0.18700167,34.0,15.569620253164556,16.329113924050635,1.139240506329114,31.89873417721519,0.759493670886076,0.759493670886076,0.759493670886076,0.379746835443038,3.4177215189873418,4.556962025316456,0.759493670886076,0.759493670886076,0.0,0.0,0.0,0.379746835443038,2.6582278481012658,2.6582278481012658,1.89873417721519,0.0,1.139240506329114,0.759493670886076,0.0,0.0,0.0,0.0,84.0,37.5,0.0,42.86,0.0,34.62,25.0,100.0,0.0471984556267213,0.0,0.379746835443038,0.759493670886076,0.0224299139240506,0.379746835443038,3.037974683544304,2.6582278481012658,0.0710132924050633,12.91139240506329,RB/RCB,8,8,14,8,12,26,42,98,4,36,18,20,22,12,26,58,56,56,30,30,52,10,42,38,52,52,76,42,22,60,30,4,6,100,20,18,52,18,24,20,24,12,4,8,44,48,36,20,32,48,76,100,12,68,32,68,22,12,26,88,84,84,84,30,84,24,42,38,52,52,76,42,22,60,30,4,6,100,36,18,76,44,44,24,48,32,20,20,Pro League
Westerlo,2nhn3ikl1ciq34w3hcp883d6p,do8nqlhvf43wmla5rakw1chsk,A. Lapage,Amando Lapage,21.0,Defender,Belgium,Defender,256.0,108.0,33.0,364.0,7.0,4.0,3.0,0.0,18.0,46.0,523.0,3.0,4.0,0.0,0.0,1.0,0.0,0.0,0.0,11.0,1.0,0.0,5.0,1.0,0.0,0.0,0.0,88.14,53.23,0.0,0.0,25.0,56.25,70.0,62.5,0.489939313455705,0.0,1.0,2.0,0.0362466,1.0,25.0,33.0,0.62110663,244.0,44.05353728489484,18.58508604206501,5.678776290630975,62.63862332695985,1.2045889101338432,0.6883365200764818,0.5162523900573613,0.0,3.0975143403441683,7.915869980879541,0.5162523900573613,0.6883365200764818,0.0,0.0,0.1720841300191204,0.0,0.0,0.0,1.892925430210325,0.1720841300191204,0.0,0.8604206500956023,0.1720841300191204,0.0,0.0,0.0,88.14,53.23,0.0,0.0,25.0,56.25,70.0,62.5,0.0843107805181901,0.0,0.1720841300191204,0.3441682600382409,0.006237464627151,0.1720841300191204,4.302103250478012,5.678776290630975,0.1068825940726577,41.9885277246654,CB,73,68,91,73,21,65,52,39,29,79,23,68,47,20,86,24,23,23,77,62,32,36,83,48,52,52,45,52,47,32,55,45,89,48,64,23,86,38,33,52,67,79,70,70,79,67,91,76,18,67,55,39,15,91,21,58,47,20,82,24,23,23,76,70,32,42,88,48,52,52,45,52,47,32,55,45,89,48,58,23,85,36,30,58,61,73,67,76,Pro League
Westerlo,2nhn3ikl1ciq34w3hcp883d6p,qqr3rbwxctlzsszhm7js5eui,C. Congreve,Cameron Congreve,22.0,Midfielder,Wales,Midfielder,32.0,84.0,5.0,105.0,6.0,13.0,7.0,0.0,33.0,2.0,491.0,28.0,7.0,11.0,19.0,6.0,5.0,25.0,25.0,2.0,5.0,11.0,7.0,0.0,3.0,0.0,0.0,73.43,41.67,29.73,44.0,38.46,48.53,54.55,77.78,1.221756151741064,1.7686655622784164,5.0,17.0,0.65078351,8.0,15.0,19.0,1.2125967999999998,53.0,5.865580448065173,15.39714867617108,0.9164969450101832,19.24643584521385,1.09979633401222,2.3828920570264764,1.2830957230142566,0.0,6.04887983706721,0.3665987780040733,5.132382892057026,1.2830957230142566,2.016293279022403,3.4826883910386965,1.09979633401222,0.9164969450101832,4.582484725050916,4.582484725050916,0.3665987780040733,0.9164969450101832,2.016293279022403,1.2830957230142566,0.0,0.5498981670061099,0.0,0.0,73.43,41.67,29.73,44.0,38.46,48.53,54.55,77.78,0.2239471561236166,0.3241953169145773,0.9164969450101832,3.116089613034623,0.1192882197556008,1.4663951120162932,2.74949083503055,3.4826883910386965,0.2222682525458248,9.714867617107943,RM/RCM,40,80,60,60,80,80,100,60,100,20,100,100,100,100,80,80,100,100,40,100,100,100,40,100,60,60,40,60,80,40,80,80,80,100,100,100,80,100,100,80,80,80,100,60,40,80,40,40,80,100,80,60,100,20,100,80,100,100,80,80,100,100,40,80,100,60,40,100,60,60,40,60,80,40,80,80,80,100,80,100,100,100,100,100,80,80,100,40,Pro League
Lommel,30lkpynopz5r9obxg9f6glpqc,3h06pclx1wborpmnwg52rway2,T. Reyners,Tom Reyners,26.0,Midfielder,Belgium,Midfielder,70.0,83.0,10.0,149.0,1.0,12.0,9.0,0.0,27.0,5.0,617.0,24.0,7.0,4.0,9.0,3.0,2.0,22.0,24.0,4.0,6.0,9.0,6.0,3.0,0.0,0.0,0.0,79.26,50.0,25.0,40.91,50.0,37.5,5.88,60.0,1.086128032949119,0.8500930955649535,0.0,12.0,0.27783621,8.0,15.0,23.0,0.9500506400000002,69.0,10.21069692058347,12.106969205834684,1.4586709886547813,21.73419773095624,0.1458670988654781,1.7504051863857375,1.312803889789303,0.0,3.938411669367909,0.7293354943273906,3.500810372771475,1.0210696920583469,0.5834683954619125,1.312803889789303,0.4376012965964344,0.2917341977309562,3.209076175040519,3.500810372771475,0.5834683954619125,0.8752025931928687,1.312803889789303,0.8752025931928687,0.4376012965964344,0.0,0.0,0.0,79.26,50.0,25.0,40.91,50.0,37.5,5.88,60.0,0.1584303451627564,0.1240006136156334,0.0,1.7504051863857375,0.0405271619124797,1.166936790923825,2.188006482982172,3.354943273905997,0.1385811306320908,10.064829821717993,LM/LCM,100,60,90,70,20,70,80,55,60,90,80,40,65,75,50,45,85,90,80,90,80,75,90,40,50,55,70,45,80,50,85,10,10,55,70,70,10,65,40,75,80,60,70,70,70,20,80,30,20,40,60,55,20,90,50,20,40,60,40,30,70,70,60,60,70,40,80,40,50,55,70,45,80,50,85,10,10,55,60,60,10,40,30,40,70,50,70,40,Pro League
Lommel,30lkpynopz5r9obxg9f6glpqc,3rve12v22lh39aaqgjlwlmhas,D. Konadu,Don-Angelo Konadu,20.0,Attacker,Netherlands,Striker,24.0,27.0,6.0,51.0,2.0,10.0,10.0,0.0,19.0,3.0,387.0,20.0,9.0,0.0,5.0,0.0,0.0,11.0,11.0,2.0,3.0,8.0,0.0,1.0,0.0,0.0,0.0,82.26,75.0,0.0,72.73,30.0,47.5,20.0,0.0,1.2195592190138893,0.3790950240818868,1.0,5.0,0.13399553,1.0,10.0,9.0,0.20345308,23.0,5.5813953488372094,6.279069767441861,1.3953488372093024,11.86046511627907,0.4651162790697674,2.3255813953488373,2.3255813953488373,0.0,4.418604651162791,0.6976744186046512,4.651162790697675,2.0930232558139537,0.0,1.162790697674419,0.0,0.0,2.558139534883721,2.558139534883721,0.4651162790697674,0.6976744186046512,1.8604651162790693,0.0,0.2325581395348837,0.0,0.0,0.0,82.26,75.0,0.0,72.73,30.0,47.5,20.0,0.0,0.2836184230264859,0.0881616335074155,0.2325581395348837,1.162790697674419,0.0311617511627907,0.2325581395348837,2.3255813953488373,2.0930232558139537,0.0473146697674418,5.348837209302326,ST,68,18,87,32,26,53,62,51,37,62,34,76,34,63,19,4,69,63,78,34,84,12,41,34,51,51,88,85,34,100,35,76,24,12,53,47,40,54,47,34,87,71,35,43,74,21,88,32,26,47,56,51,38,59,44,82,34,68,19,4,74,71,79,38,94,12,47,34,51,51,88,85,34,100,35,76,24,12,47,56,35,56,47,41,91,74,44,50,Pro League
Lommel,30lkpynopz5r9obxg9f6glpqc,7uwe0kxpzg271d8ocms7l2kno,J. van Duiven,Jason van Duiven,21.0,Attacker,Netherlands,Striker,103.0,97.0,13.0,187.0,10.0,7.0,3.0,0.0,42.0,29.0,630.0,10.0,12.0,13.0,10.0,4.0,1.0,9.0,9.0,10.0,2.0,6.0,10.0,0.0,3.0,0.0,0.0,77.92,46.43,40.62,66.67,28.57,60.0,58.82,71.43,0.5593149726529911,1.2110264393216397,4.0,12.0,0.29982788,7.0,19.0,19.0,0.7799540100000004,109.0,14.714285714285714,13.857142857142858,1.8571428571428568,26.714285714285715,1.4285714285714286,1.0,0.4285714285714285,0.0,6.0,4.142857142857143,1.4285714285714286,1.7142857142857142,1.8571428571428568,1.4285714285714286,0.5714285714285714,0.1428571428571428,1.2857142857142858,1.2857142857142858,1.4285714285714286,0.2857142857142857,0.8571428571428571,1.4285714285714286,0.0,0.4285714285714285,0.0,0.0,77.92,46.43,40.62,66.67,28.57,60.0,58.82,71.43,0.0799021389504273,0.1730037770459485,0.5714285714285714,1.7142857142857142,0.0428325542857142,1.0,2.7142857142857144,2.7142857142857144,0.1114220014285714,15.571428571428571,RW,100,93,100,100,93,36,29,50,100,100,21,100,93,86,75,21,46,39,100,36,68,100,25,96,54,54,43,29,100,100,57,93,93,71,29,86,71,57,57,79,100,86,64,100,100,57,93,93,93,21,7,50,79,100,7,64,86,57,50,7,29,29,93,21,50,79,25,86,54,54,43,29,100,100,57,93,93,71,21,64,50,36,36,57,93,57,36,100,Pro League
Lommel,30lkpynopz5r9obxg9f6glpqc,8nnxi9lw3hso096kk81h0azh0,J. Talvitie,Juho Talvitie,21.0,Attacker,Finland,Striker,43.0,61.0,7.0,103.0,4.0,8.0,7.0,0.0,32.0,3.0,417.0,24.0,11.0,1.0,3.0,1.0,3.0,28.0,29.0,7.0,2.0,12.0,4.0,0.0,1.0,0.0,0.0,82.4,87.5,8.33,42.86,25.0,42.11,50.0,80.0,0.6209284654204998,0.3779382071613713,1.0,15.0,0.6639497700000001,2.0,9.0,18.0,0.39748514,53.0,9.280575539568344,13.16546762589928,1.5107913669064748,22.230215827338128,0.8633093525179856,1.7266187050359711,1.5107913669064748,0.0,6.906474820143885,0.6474820143884892,5.179856115107913,2.3741007194244603,0.2158273381294964,0.6474820143884892,0.2158273381294964,0.6474820143884892,6.043165467625899,6.258992805755395,1.5107913669064748,0.4316546762589928,2.5899280575539567,0.8633093525179856,0.0,0.2158273381294964,0.0,0.0,82.4,87.5,8.33,42.86,25.0,42.11,50.0,80.0,0.1340133378605395,0.0815693972290729,0.2158273381294964,3.237410071942446,0.1432985115107913,0.4316546762589928,1.9424460431654675,3.884892086330935,0.0857881597122302,11.438848920863308,RW,79,57,79,71,79,46,57,50,86,54,79,93,32,21,18,68,93,93,93,36,93,46,25,54,54,54,93,86,29,57,43,43,86,86,36,36,21,75,93,25,75,79,29,86,79,43,79,50,79,36,50,50,93,43,79,93,29,21,14,64,100,100,100,36,93,50,25,50,54,54,93,86,29,57,43,43,86,86,36,29,21,64,86,21,71,79,21,71,Pro League
Lommel,30lkpynopz5r9obxg9f6glpqc,8przxwwothu3crflys7ahl4dm,S. Adewoye,Shawn Adewoye,26.0,Defender,Belgium,Defender,202.0,53.0,15.0,255.0,12.0,3.0,3.0,0.0,28.0,41.0,473.0,8.0,3.0,0.0,1.0,0.0,1.0,3.0,3.0,17.0,1.0,1.0,5.0,0.0,0.0,0.0,0.0,87.93,45.45,0.0,33.33,33.33,60.87,57.14,41.67,0.3647253046095062,0.042945546928317,0.0,5.0,0.10105766,3.0,11.0,12.0,0.30042973,129.0,38.43551797040169,10.084566596194502,2.854122621564482,48.5200845665962,2.2832980972515857,0.5708245243128964,0.5708245243128964,0.0,5.3276955602537,7.801268498942917,1.522198731501057,0.5708245243128964,0.0,0.1902748414376321,0.0,0.1902748414376321,0.5708245243128964,0.5708245243128964,3.2346723044397465,0.1902748414376321,0.1902748414376321,0.9513742071881608,0.0,0.0,0.0,0.0,87.93,45.45,0.0,33.33,33.33,60.87,57.14,41.67,0.0693980495028658,0.0081714571322379,0.0,0.9513742071881608,0.0192287302325581,0.5708245243128964,2.0930232558139537,2.2832980972515857,0.0571642192389006,24.545454545454547,LB/LCB,96,15,62,62,90,31,58,46,71,100,48,60,12,8,10,42,38,33,96,52,25,38,42,40,52,52,96,71,12,31,71,79,67,17,50,8,12,33,29,40,27,15,8,62,96,4,62,83,88,25,58,46,75,100,62,50,12,8,10,46,33,33,100,54,25,33,42,40,52,52,96,71,12,31,71,79,67,17,62,8,12,38,25,38,21,8,4,67,Pro League
Lommel,30lkpynopz5r9obxg9f6glpqc,94pt7ikxi5cdjhbqf7vi9xg4p,T. Eyoma,Timothy Eyoma,26.0,Defender,England,Defender,264.0,79.0,27.0,343.0,14.0,2.0,0.0,0.0,26.0,42.0,604.0,2.0,5.0,0.0,0.0,2.0,1.0,2.0,2.0,9.0,0.0,1.0,2.0,0.0,0.0,0.0,0.0,83.05,40.91,0.0,50.0,0.0,63.41,77.78,33.33,0.1127205672799436,0.0,2.0,3.0,0.05959185,1.0,26.0,30.0,0.6008377999999998,178.0,39.33774834437086,11.771523178807946,4.02317880794702,51.109271523178805,2.086092715231788,0.2980132450331125,0.0,0.0,3.874172185430464,6.258278145695364,0.2980132450331125,0.7450331125827815,0.0,0.0,0.2980132450331125,0.1490066225165562,0.2980132450331125,0.2980132450331125,1.3410596026490067,0.0,0.1490066225165562,0.2980132450331125,0.0,0.0,0.0,0.0,83.05,40.91,0.0,50.0,0.0,63.41,77.78,33.33,0.0167961110185346,0.0,0.2980132450331125,0.4470198675496689,0.0088795802980132,0.1490066225165562,3.874172185430464,4.470198675496689,0.0895288112582781,26.52317880794702,RB/RCB,100,48,96,96,82,26,12,48,56,100,18,78,22,12,72,58,22,22,78,30,30,10,42,38,52,52,64,52,22,76,30,80,94,8,16,18,72,30,28,20,82,84,52,96,100,16,92,92,72,16,12,48,20,88,12,60,22,12,70,44,24,24,52,30,24,4,42,38,52,52,64,52,22,76,30,80,94,8,16,18,68,20,16,16,82,80,40,84,Pro League
Lommel,30lkpynopz5r9obxg9f6glpqc,9svafwvk8lle1ex1m2y279905,D. Wouters,Dries Wouters,29.0,Midfielder,Belgium,Midfielder,269.0,53.0,22.0,322.0,4.0,3.0,2.0,0.0,14.0,25.0,476.0,6.0,5.0,0.0,0.0,1.0,1.0,1.0,1.0,2.0,1.0,0.0,5.0,0.0,0.0,0.0,0.0,94.15,68.75,0.0,0.0,33.33,63.64,44.44,100.0,0.2441171967729792,0.0,2.0,6.0,0.15427662,2.0,8.0,14.0,0.3406054599999998,176.0,50.86134453781513,10.021008403361344,4.159663865546219,60.88235294117647,0.7563025210084033,0.5672268907563025,0.3781512605042016,0.0,2.647058823529412,4.726890756302521,1.134453781512605,0.9453781512605042,0.0,0.0,0.1890756302521008,0.1890756302521008,0.1890756302521008,0.1890756302521008,0.3781512605042016,0.1890756302521008,0.0,0.9453781512605042,0.0,0.0,0.0,0.0,94.15,68.75,0.0,0.0,33.33,63.64,44.44,100.0,0.0461566128352271,0.0,0.3781512605042016,1.134453781512605,0.0291699491596638,0.3781512605042016,1.512605042016807,2.647058823529412,0.0644001920168066,33.27731092436975,DM/CM,100,9,83,75,39,48,66,48,19,97,64,56,25,8,28,52,17,17,8,56,14,44,36,38,52,52,100,78,25,14,67,88,34,98,50,8,70,52,56,47,11,27,19,75,100,6,91,84,41,50,69,48,19,97,56,53,25,8,28,56,19,19,6,59,14,38,36,38,52,52,100,78,25,14,67,88,34,98,50,8,72,47,56,50,3,19,22,88,Pro League
Lommel,30lkpynopz5r9obxg9f6glpqc,e5kpw4k4tyss5ch8ehfi7nk5x,J. Pelupessy,Joey Pelupessy,33.0,Midfielder,Indonesia,Midfielder,115.0,74.0,2.0,189.0,5.0,2.0,0.0,0.0,14.0,13.0,630.0,0.0,4.0,0.0,2.0,2.0,1.0,0.0,0.0,9.0,0.0,0.0,3.0,0.0,0.0,0.0,0.0,87.91,18.18,0.0,0.0,0.0,60.87,62.5,60.0,0.1263380294833636,0.0811887642623485,1.0,3.0,0.05968183,1.0,11.0,8.0,0.16623451,88.0,16.428571428571427,10.571428571428571,0.2857142857142857,27.0,0.7142857142857143,0.2857142857142857,0.0,0.0,2.0,1.8571428571428568,0.0,0.5714285714285714,0.0,0.2857142857142857,0.2857142857142857,0.1428571428571428,0.0,0.0,1.2857142857142858,0.0,0.0,0.4285714285714285,0.0,0.0,0.0,0.0,87.91,18.18,0.0,0.0,0.0,60.87,62.5,60.0,0.0180482899261948,0.0115983948946212,0.1428571428571428,0.4285714285714285,0.0085259757142857,0.1428571428571428,1.5714285714285714,1.1428571428571428,0.0237477871428571,12.571428571428571,DM/CM,50,30,5,38,50,33,16,48,19,72,8,42,25,30,53,52,8,8,72,23,14,20,36,38,52,52,69,3,25,14,23,78,77,58,25,22,45,23,16,22,20,6,9,34,28,9,3,9,31,19,16,48,3,50,8,28,25,19,36,33,8,8,53,23,14,12,36,38,52,52,69,3,25,14,23,78,77,58,19,16,34,16,9,14,6,6,3,9,Pro League
Lommel,30lkpynopz5r9obxg9f6glpqc,f2nlxmduuyv2rggsp05nzxb84,S. Appuah,Stredair Appuah,22.0,Attacker,France,Striker,52.0,75.0,8.0,124.0,1.0,5.0,1.0,0.0,37.0,6.0,481.0,14.0,7.0,3.0,8.0,4.0,1.0,34.0,36.0,2.0,0.0,23.0,2.0,0.0,1.0,0.0,0.0,78.98,72.73,15.79,67.65,0.0,54.41,25.0,33.33,0.3329660210999878,0.5510052674491295,3.0,21.0,0.5873658599999999,11.0,6.0,9.0,0.56355346,48.0,9.72972972972973,14.033264033264034,1.496881496881497,23.2016632016632,0.1871101871101871,0.9355509355509356,0.1871101871101871,0.0,6.923076923076923,1.1226611226611227,2.61954261954262,1.30977130977131,0.5613305613305614,1.496881496881497,0.7484407484407485,0.1871101871101871,6.361746361746362,6.735966735966737,0.3742203742203742,0.0,4.303534303534303,0.3742203742203742,0.0,0.1871101871101871,0.0,0.0,78.98,72.73,15.79,67.65,0.0,54.41,25.0,33.33,0.0623013345093532,0.1030986986911053,0.5613305613305614,3.9293139293139294,0.1099021359667359,2.0582120582120584,1.1226611226611227,1.6839916839916842,0.1054465933471933,8.981288981288982,LW,79,64,93,71,71,11,14,54,93,86,21,79,54,79,71,18,100,100,57,7,100,46,25,71,50,54,36,86,21,93,7,100,86,14,14,71,32,68,64,93,64,36,43,82,93,21,79,36,71,7,14,54,86,86,7,64,36,43,43,14,86,86,50,7,100,36,25,64,50,54,36,86,21,93,7,100,86,14,7,29,21,64,50,86,43,21,29,43,Pro League
Lommel,30lkpynopz5r9obxg9f6glpqc,sbxnlkg50itbqkpuh8wnwk45,L. Schoofs,Lucas Schoofs,29.0,Midfielder,Belgium,Midfielder,113.0,112.0,13.0,224.0,8.0,6.0,4.0,0.0,32.0,11.0,630.0,10.0,5.0,1.0,7.0,2.0,2.0,4.0,4.0,6.0,1.0,3.0,7.0,1.0,0.0,0.0,0.0,78.32,68.42,100.0,75.0,16.67,43.84,57.14,43.75,0.5472822857509029,0.5250110209783446,2.0,2.0,0.13190251,2.0,16.0,20.0,0.6625263599999998,125.0,16.142857142857142,16.0,1.8571428571428568,32.0,1.1428571428571428,0.8571428571428571,0.5714285714285714,0.0,4.571428571428571,1.5714285714285714,1.4285714285714286,0.7142857142857143,0.1428571428571428,1.0,0.2857142857142857,0.2857142857142857,0.5714285714285714,0.5714285714285714,0.8571428571428571,0.1428571428571428,0.4285714285714285,1.0,0.1428571428571428,0.0,0.0,0.0,78.32,68.42,100.0,75.0,16.67,43.84,57.14,43.75,0.0781831836787004,0.0750015744254778,0.2857142857142857,0.2857142857142857,0.0188432157142857,0.2857142857142857,2.2857142857142856,2.857142857142857,0.0946466228571428,17.857142857142858,DM/CM,44,59,53,44,67,73,83,48,72,55,81,56,62,80,53,81,52,47,48,56,75,64,84,38,52,52,9,75,97,89,50,22,69,22,78,84,70,12,44,47,38,50,75,53,22,31,41,22,58,69,81,48,56,38,75,38,50,66,36,72,36,34,25,47,62,45,73,38,52,52,9,75,97,89,50,22,69,22,69,69,56,6,34,28,19,22,53,31,Pro League
OH Leuven,bw9wm8pqfzcchumhiwdt2w15c,1abf0y93zbw1sw183nblqoicp,E. Pletinckx,Ewoud Pletinckx,25.0,Defender,Belgium,Defender,174.0,91.0,22.0,264.0,14.0,5.0,4.0,0.0,25.0,17.0,462.0,8.0,0.0,1.0,2.0,1.0,1.0,3.0,3.0,8.0,0.0,1.0,8.0,0.0,0.0,0.0,0.0,87.42,68.75,33.33,33.33,0.0,52.08,53.85,80.0,0.541844752249296,0.1647329484881374,0.0,2.0,0.04336653,0.0,28.0,35.0,0.6653165700000001,174.0,33.896103896103895,17.727272727272727,4.285714285714286,51.42857142857142,2.727272727272727,0.974025974025974,0.7792207792207791,0.0,4.87012987012987,3.311688311688312,1.5584415584415583,0.0,0.1948051948051948,0.3896103896103896,0.1948051948051948,0.1948051948051948,0.5844155844155844,0.5844155844155844,1.5584415584415583,0.0,0.1948051948051948,1.5584415584415583,0.0,0.0,0.0,0.0,87.42,68.75,33.33,33.33,0.0,52.08,53.85,80.0,0.1055541725160966,0.0320908341210657,0.0,0.3896103896103896,0.0084480253246753,0.0,5.454545454545454,6.8181818181818175,0.129607124025974,33.896103896103895,LB/LCB,83,54,79,67,96,62,75,46,62,56,48,8,29,23,33,42,38,33,65,19,25,62,42,40,52,52,88,100,81,31,19,42,50,100,79,17,12,12,12,4,73,75,50,88,92,58,90,92,96,62,79,46,58,54,67,8,29,21,29,50,38,38,58,19,29,75,42,40,52,52,88,100,81,31,19,42,50,100,88,21,12,12,12,4,79,88,42,100,Pro League
OH Leuven,bw9wm8pqfzcchumhiwdt2w15c,1fdi6uzonmsod2drzro8bj3rp,S. Schrijvers,Siebe Schrijvers,30.0,Midfielder,Belgium,Midfielder,57.0,112.0,7.0,157.0,10.0,14.0,6.0,0.0,37.0,4.0,520.0,15.0,9.0,12.0,16.0,8.0,4.0,8.0,8.0,7.0,1.0,4.0,8.0,0.0,1.0,0.0,0.0,73.71,31.82,48.0,50.0,7.14,59.68,47.62,57.14,1.2860826800101124,1.7878584292948596,2.0,6.0,0.23106504,4.0,22.0,23.0,0.8624020100000002,83.0,9.865384615384617,19.384615384615383,1.2115384615384617,27.173076923076923,1.7307692307692308,2.423076923076923,1.0384615384615383,0.0,6.403846153846154,0.6923076923076923,2.5961538461538463,1.5576923076923077,2.076923076923077,2.769230769230769,1.3846153846153846,0.6923076923076923,1.3846153846153846,1.3846153846153846,1.2115384615384617,0.173076923076923,0.6923076923076923,1.3846153846153846,0.0,0.173076923076923,0.0,0.0,73.71,31.82,48.0,50.0,7.14,59.68,47.62,57.14,0.2225912330786733,0.3094370358394949,0.3461538461538461,1.0384615384615383,0.0399920261538461,0.6923076923076923,3.807692307692308,3.980769230769231,0.1492618863461538,14.365384615384617,CM/AM,48,52,52,43,89,87,78,52,80,48,70,80,91,87,91,80,48,48,91,37,54,74,35,59,52,52,17,22,91,74,22,87,48,48,87,91,48,24,52,43,74,63,61,48,30,35,43,30,87,87,65,52,83,48,48,74,87,83,96,70,48,48,83,22,52,61,35,52,52,52,17,22,91,74,22,87,48,48,87,91,43,9,39,30,61,48,52,39,Pro League
OH Leuven,bw9wm8pqfzcchumhiwdt2w15c,3vuj1n0ee6cux1snam2655udw,R. Nyakossi,Roggerio Nyakossi,22.0,Defender,Switzerland,Defender,140.0,69.0,12.0,209.0,12.0,2.0,1.0,0.0,24.0,25.0,430.0,2.0,5.0,0.0,2.0,1.0,2.0,1.0,1.0,15.0,0.0,0.0,6.0,0.0,0.0,0.0,0.0,90.87,66.67,0.0,0.0,0.0,68.57,66.67,85.71,0.1701155583171893,0.1068414808869133,0.0,0.0,0.0,1.0,14.0,22.0,0.4038639399999998,135.0,29.30232558139535,14.44186046511628,2.511627906976744,43.74418604651163,2.511627906976744,0.4186046511627907,0.2093023255813953,0.0,5.023255813953488,5.232558139534884,0.4186046511627907,1.0465116279069768,0.0,0.4186046511627907,0.2093023255813953,0.4186046511627907,0.2093023255813953,0.2093023255813953,3.1395348837209305,0.0,0.0,1.255813953488372,0.0,0.0,0.0,0.0,90.87,66.67,0.0,0.0,0.0,68.57,66.67,85.71,0.0356055819733652,0.0223621704181911,0.0,0.0,0.0,0.2093023255813953,2.9302325581395348,4.604651162790698,0.084529661860465,28.25581395348837,CB,21,33,20,24,59,30,21,39,50,27,15,76,47,80,86,83,55,55,94,21,32,52,36,48,52,52,82,94,47,32,21,88,80,100,27,67,36,11,11,52,41,58,36,24,18,36,30,21,58,33,27,39,58,39,15,88,47,86,88,85,58,58,100,21,32,58,36,48,52,52,82,94,47,32,21,88,80,100,27,76,36,11,11,61,42,64,48,21,Pro League
OH Leuven,bw9wm8pqfzcchumhiwdt2w15c,48f3zlksc3r230qb78c5emnyt,N. Dussenne,Noë Dussenne,34.0,Defender,Belgium,Defender,197.0,105.0,34.0,302.0,20.0,8.0,8.0,0.0,35.0,49.0,602.0,13.0,3.0,0.0,2.0,0.0,4.0,0.0,0.0,13.0,1.0,0.0,10.0,0.0,0.0,0.0,0.0,79.06,39.08,0.0,0.0,12.5,57.38,64.52,83.33,1.059901745514958,0.1299946085896068,0.0,3.0,0.0599121,0.0,26.0,32.0,0.6055566300000002,206.0,29.45182724252492,15.69767441860465,5.083056478405315,45.14950166112957,2.990033222591362,1.196013289036545,1.196013289036545,0.0,5.232558139534883,7.325581395348837,1.943521594684385,0.4485049833887043,0.0,0.2990033222591362,0.0,0.5980066445182725,0.0,0.0,1.943521594684385,0.1495016611295681,0.0,1.495016611295681,0.0,0.0,0.0,0.0,79.06,39.08,0.0,0.0,12.5,57.38,64.52,83.33,0.1584570715886149,0.0194344099220342,0.0,0.4485049833887043,0.0089569584717607,0.0,3.88704318936877,4.78405315614618,0.0905317220930232,30.79734219269103,CB,45,61,94,52,82,97,97,39,76,88,97,56,47,80,36,98,23,23,86,62,32,94,36,48,52,52,6,15,47,32,42,48,73,94,97,73,36,50,55,20,71,74,67,61,21,52,79,27,76,85,88,39,64,82,91,45,47,73,36,94,23,23,79,52,32,82,36,48,52,52,6,15,47,32,42,48,73,94,94,67,36,42,45,20,58,67,58,33,Pro League
OH Leuven,bw9wm8pqfzcchumhiwdt2w15c,87pnmacw9zfch3btkzaeq1ij8,D. Opoku,Davis Opoku,18.0,Defender,Belgium,Defender,44.0,60.0,4.0,101.0,3.0,3.0,2.0,0.0,33.0,9.0,385.0,8.0,7.0,3.0,5.0,1.0,0.0,11.0,12.0,3.0,1.0,7.0,9.0,1.0,1.0,0.0,0.0,71.63,22.22,18.75,63.64,33.33,55.0,50.0,56.25,0.2698335434191691,0.4325214935605713,1.0,6.0,0.1343213999999999,2.0,8.0,12.0,0.5955512900000002,47.0,10.285714285714286,14.025974025974026,0.935064935064935,23.61038961038961,0.7012987012987013,0.7012987012987013,0.4675324675324675,0.0,7.714285714285714,2.103896103896104,1.87012987012987,1.6363636363636365,0.7012987012987013,1.1688311688311688,0.2337662337662337,0.0,2.571428571428572,2.805194805194805,0.7012987012987013,0.2337662337662337,1.6363636363636365,2.103896103896104,0.2337662337662337,0.2337662337662337,0.0,0.0,71.63,22.22,18.75,63.64,33.33,55.0,50.0,56.25,0.0630779711888966,0.101108920572601,0.2337662337662337,1.4025974025974026,0.0313998077922077,0.4675324675324675,1.87012987012987,2.805194805194805,0.1392197820779221,10.987012987012989,LB/LCB,12,23,8,17,19,31,33,46,83,12,48,88,44,54,33,12,88,85,10,52,92,81,90,85,52,52,8,8,29,71,71,54,42,38,29,54,35,50,46,27,15,15,38,8,8,38,17,8,25,38,50,46,100,17,75,96,54,83,38,12,94,96,12,62,96,92,92,88,52,52,8,8,29,71,71,54,42,38,58,71,33,58,58,29,17,29,50,12,Pro League
OH Leuven,bw9wm8pqfzcchumhiwdt2w15c,8rm2kkceowwtj3p0k6g7id0mi,Óscar Gil,Óscar Gil,28.0,Defender,Spain,Defender,98.0,113.0,2.0,209.0,5.0,7.0,7.0,0.0,48.0,18.0,585.0,18.0,19.0,2.0,8.0,0.0,1.0,9.0,10.0,15.0,2.0,2.0,13.0,1.0,0.0,0.0,0.0,84.96,18.18,10.0,22.22,28.57,58.54,31.25,59.09,0.8816056337806459,0.7058162063341558,1.0,13.0,0.32440648,4.0,13.0,18.0,0.9678053899999998,74.0,15.076923076923077,17.384615384615383,0.3076923076923077,32.15384615384615,0.7692307692307693,1.0769230769230769,1.0769230769230769,0.0,7.384615384615385,2.769230769230769,2.769230769230769,2.923076923076923,0.3076923076923077,1.2307692307692308,0.0,0.1538461538461538,1.3846153846153846,1.5384615384615383,2.3076923076923075,0.3076923076923077,0.3076923076923077,2.0,0.1538461538461538,0.0,0.0,0.0,84.96,18.18,10.0,22.22,28.57,58.54,31.25,59.09,0.1356316359662532,0.1085871086667931,0.1538461538461538,2.0,0.0499086892307692,0.6153846153846154,2.0,2.769230769230769,0.1488931369230768,11.384615384615383,RB/RCB,48,76,6,56,36,82,98,48,100,50,82,100,48,76,26,58,64,68,96,80,42,100,90,38,52,52,84,6,44,28,72,60,16,52,96,76,52,84,84,56,46,56,72,32,36,60,4,24,36,76,92,48,96,40,80,100,44,68,26,48,56,56,96,80,40,88,88,38,52,52,84,6,44,28,72,60,16,52,92,68,48,82,80,44,28,40,60,16,Pro League
OH Leuven,bw9wm8pqfzcchumhiwdt2w15c,9aze6hfznc76bednr9658xb3e,J. Lawrence,Jamie Lawrence,23.0,Defender,Germany,Defender,145.0,70.0,14.0,215.0,14.0,2.0,2.0,0.0,25.0,33.0,360.0,4.0,3.0,0.0,0.0,0.0,1.0,1.0,1.0,5.0,0.0,0.0,4.0,0.0,0.0,0.0,0.0,84.65,40.0,0.0,0.0,0.0,59.52,77.78,50.0,0.2849122023120732,0.0,0.0,1.0,0.0199707,0.0,13.0,15.0,0.4071149499999999,125.0,36.25,17.5,3.5,53.75,3.5,0.5,0.5,0.0,6.25,8.25,1.0,0.75,0.0,0.0,0.0,0.25,0.25,0.25,1.25,0.0,0.0,1.0,0.0,0.0,0.0,0.0,84.65,40.0,0.0,0.0,0.0,59.52,77.78,50.0,0.0712280505780183,0.0,0.0,0.25,0.004992675,0.0,3.25,3.75,0.1017787374999999,31.25,RB/RCB,76,36,68,60,82,26,42,48,46,88,36,36,22,12,26,58,16,16,30,30,12,22,42,38,52,52,80,48,22,12,30,68,94,24,48,18,22,6,4,8,46,46,32,72,92,64,84,96,96,36,56,48,80,100,40,64,22,12,26,68,16,16,44,30,12,34,42,38,52,52,80,48,22,12,30,68,94,24,52,18,22,4,4,8,60,60,48,92,Pro League
OH Leuven,bw9wm8pqfzcchumhiwdt2w15c,akiclq4of0hue4gzghoq1ghlg,R. Mirisola,Robin Mirisola,19.0,Attacker,Belgium,Striker,6.0,16.0,0.0,22.0,11.0,7.0,7.0,0.0,15.0,1.0,200.0,10.0,4.0,0.0,3.0,0.0,4.0,1.0,1.0,0.0,0.0,0.0,0.0,0.0,0.0,0.0,0.0,56.41,0.0,0.0,0.0,0.0,46.88,57.89,0.0,0.9900396519057476,0.150756052936228,0.0,0.0,0.0,0.0,2.0,1.0,0.0511522599999999,7.0,2.7,7.199999999999999,0.0,9.9,4.95,3.15,3.15,0.0,6.75,0.4499999999999999,4.5,1.7999999999999998,0.0,1.35,0.0,1.7999999999999998,0.4499999999999999,0.4499999999999999,0.0,0.0,0.0,0.0,0.0,0.0,0.0,0.0,56.41,0.0,0.0,0.0,0.0,46.88,57.89,0.0,0.4455178433575864,0.0678402238213026,0.0,0.0,0.0,0.0,0.8999999999999999,0.4499999999999999,0.0230185169999999,3.15,ST,6,10,12,9,54,22,41,51,25,19,9,22,34,29,19,74,4,4,22,4,7,12,16,34,51,51,9,12,34,7,4,74,85,12,38,18,16,6,6,10,21,4,6,6,21,26,12,18,85,82,91,51,71,41,32,71,34,71,19,100,9,9,22,4,7,12,16,34,51,51,9,12,34,7,4,74,85,12,91,35,16,6,6,10,47,9,15,18,Pro League
OH Leuven,bw9wm8pqfzcchumhiwdt2w15c,cllq8xizuqut48xxqc3btz97u,W. Balikwisha,William Balikwisha,27.0,Attacker,Congo DR,Striker,39.0,66.0,5.0,101.0,1.0,8.0,4.0,0.0,34.0,2.0,402.0,15.0,6.0,4.0,4.0,4.0,4.0,21.0,21.0,7.0,3.0,10.0,10.0,1.0,0.0,0.0,0.0,74.26,50.0,30.77,47.62,37.5,43.04,9.09,58.82,0.5272416358526429,0.4849473300703882,7.0,10.0,0.34871057,2.0,8.0,10.0,0.8439960199999998,36.0,8.73134328358209,14.776119402985074,1.1194029850746268,22.611940298507463,0.2238805970149253,1.791044776119403,0.8955223880597015,0.0,7.611940298507463,0.4477611940298507,3.3582089552238803,1.343283582089552,0.8955223880597015,0.8955223880597015,0.8955223880597015,0.8955223880597015,4.701492537313433,4.701492537313433,1.5671641791044777,0.6716417910447761,2.238805970149253,2.238805970149253,0.2238805970149253,0.0,0.0,0.0,74.26,50.0,30.77,47.62,37.5,43.04,9.09,58.82,0.1180391722058155,0.1085702977769525,1.5671641791044777,2.238805970149253,0.0780695305970149,0.4477611940298507,1.791044776119403,2.238805970149253,0.1889543328358208,8.059701492537313,ST,82,74,78,82,15,31,7,51,74,41,24,40,93,46,85,74,94,94,99,34,88,100,41,34,51,51,50,53,88,68,56,53,15,59,9,68,91,82,85,56,74,75,91,79,91,79,82,79,9,24,12,51,82,38,12,44,94,41,94,79,94,94,97,32,97,97,44,34,51,51,50,53,88,68,56,53,15,59,15,65,97,85,82,59,76,76,97,76,Pro League
OH Leuven,bw9wm8pqfzcchumhiwdt2w15c,cxrmjljognmm5pypnnefwyal0,A. Traoré,Abdoul Traoré,19.0,Attacker,Guinea,Striker,31.0,42.0,6.0,71.0,3.0,9.0,8.0,0.0,11.0,1.0,293.0,18.0,3.0,2.0,5.0,1.0,5.0,3.0,4.0,3.0,2.0,3.0,1.0,0.0,1.0,0.0,0.0,73.96,54.55,33.33,100.0,22.22,31.43,23.08,50.0,0.6957934879690321,0.5008257590991854,2.0,2.0,0.0452365,4.0,7.0,12.0,0.5417773,28.0,9.522184300341298,12.901023890784982,1.843003412969284,21.80887372013652,0.9215017064846416,2.7645051194539247,2.4573378839590445,0.0,3.378839590443686,0.3071672354948805,5.5290102389078495,0.9215017064846416,0.6143344709897611,1.5358361774744027,0.3071672354948805,1.5358361774744027,0.9215017064846416,1.2286689419795225,0.9215017064846416,0.6143344709897611,0.9215017064846416,0.3071672354948805,0.0,0.3071672354948805,0.0,0.0,73.96,54.55,33.33,100.0,22.22,31.43,23.08,50.0,0.213724962174788,0.1538372638871218,0.6143344709897611,0.6143344709897611,0.0138951706484641,1.2286689419795225,2.150170648464164,3.686006825938567,0.1664162354948805,8.600682593856655,LW,68,7,71,18,89,43,57,54,21,25,29,39,39,43,18,79,14,14,71,32,14,21,25,71,50,54,7,57,100,100,36,7,79,54,43,64,18,7,7,29,75,75,36,29,86,14,86,14,86,50,79,54,14,36,57,43,50,50,21,93,14,14,86,43,14,29,25,86,50,54,7,57,100,100,36,7,79,54,57,71,29,7,7,50,86,79,50,36,Pro League
OH Leuven,bw9wm8pqfzcchumhiwdt2w15c,dkr81i8fhdw195l8xyexge1d6,W. George,Wouter George,24.0,Midfielder,Belgium,Midfielder,81.0,138.0,16.0,211.0,3.0,10.0,3.0,0.0,20.0,4.0,581.0,10.0,2.0,8.0,13.0,7.0,2.0,7.0,7.0,2.0,3.0,2.0,10.0,2.0,1.0,0.0,0.0,75.9,45.71,32.0,28.57,30.0,36.36,25.0,76.92,0.9173995725269036,1.3539035893563822,5.0,10.0,0.23253031,5.0,26.0,36.0,1.6355533700000002,107.0,12.547332185886402,21.37693631669536,2.478485370051635,32.68502581755594,0.4647160068846815,1.549053356282272,0.4647160068846815,0.0,3.098106712564544,0.6196213425129088,1.549053356282272,0.3098106712564544,1.2392426850258176,2.0137693631669533,1.0843373493975903,0.3098106712564544,1.0843373493975903,1.0843373493975903,0.3098106712564544,0.4647160068846815,0.3098106712564544,1.549053356282272,0.3098106712564544,0.1549053356282272,0.0,0.0,75.9,45.71,32.0,28.57,30.0,36.36,25.0,76.92,0.1421100886874721,0.2097268899175118,0.774526678141136,1.549053356282272,0.0360201857142857,0.774526678141136,4.027538726333907,5.576592082616179,0.253355943717728,16.57487091222031,CM/AM,74,78,85,83,46,72,46,52,37,48,26,17,70,59,87,48,35,35,17,72,28,87,91,59,52,52,22,39,43,24,54,9,20,93,74,57,85,61,57,59,83,87,91,91,61,48,83,61,35,48,30,52,9,43,13,13,70,43,78,43,22,22,13,57,17,70,91,48,52,52,22,39,43,24,54,9,20,93,57,48,74,35,26,35,65,83,87,65,Pro League
OH Leuven,bw9wm8pqfzcchumhiwdt2w15c,ezg4lhvy2z4pkyvfrmi17y11x,B. Verstraete,Birger Verstraete,32.0,Midfielder,Belgium,Midfielder,87.0,104.0,14.0,190.0,3.0,2.0,0.0,0.0,22.0,6.0,446.0,0.0,6.0,1.0,1.0,2.0,0.0,3.0,3.0,7.0,0.0,2.0,6.0,0.0,0.0,0.0,0.0,80.85,45.16,33.33,66.67,0.0,62.86,50.0,54.55,0.1772870100219322,0.087211918833262,0.0,2.0,0.04074677,2.0,28.0,29.0,0.49829733,116.0,17.556053811659194,20.986547085201792,2.825112107623318,38.34080717488789,0.6053811659192825,0.4035874439461883,0.0,0.0,4.439461883408072,1.210762331838565,0.0,1.210762331838565,0.2017937219730941,0.2017937219730941,0.4035874439461883,0.0,0.6053811659192825,0.6053811659192825,1.412556053811659,0.0,0.4035874439461883,1.210762331838565,0.0,0.0,0.0,0.0,80.85,45.16,33.33,66.67,0.0,62.86,50.0,54.55,0.0357754056098069,0.0175988177017793,0.0,0.4035874439461883,0.0082224423766816,0.4035874439461883,5.650224215246636,5.852017937219731,0.1005532728699551,23.408071748878925,DM/CM,33,47,58,41,28,33,16,48,47,17,8,66,62,19,53,16,31,31,56,23,52,56,36,38,52,52,22,38,58,77,23,84,55,41,38,25,17,12,6,47,66,69,44,41,38,59,62,47,25,31,16,48,50,22,8,69,69,16,59,16,41,38,56,23,59,59,36,38,52,52,22,38,58,77,23,84,55,41,41,25,17,12,6,53,81,81,59,56,Pro League
OH Leuven,bw9wm8pqfzcchumhiwdt2w15c,upsv29k59dhj8w1nm3oqveok,C. Ikwuemesi,Chukwubuikem Ikwuemesi,25.0,Attacker,Nigeria,Striker,10.0,18.0,4.0,28.0,3.0,9.0,7.0,0.0,14.0,4.0,336.0,21.0,5.0,0.0,2.0,2.0,4.0,10.0,11.0,0.0,3.0,2.0,1.0,0.0,1.0,0.0,0.0,80.0,66.67,0.0,20.0,33.33,34.15,27.27,25.0,0.9560701735732736,0.158183961835421,3.0,4.0,0.14424297,1.0,1.0,2.0,0.2559883899999999,7.0,2.6785714285714284,4.821428571428571,1.0714285714285714,7.5,0.8035714285714286,2.4107142857142856,1.875,0.0,3.75,1.0714285714285714,5.625,1.3392857142857142,0.0,0.5357142857142857,0.5357142857142857,1.0714285714285714,2.6785714285714284,2.946428571428571,0.0,0.8035714285714286,0.5357142857142857,0.2678571428571428,0.0,0.2678571428571428,0.0,0.0,80.0,66.67,0.0,20.0,33.33,34.15,27.27,25.0,0.2560902250642697,0.0423707040630591,0.8035714285714286,1.0714285714285714,0.0386365098214285,0.2678571428571428,0.2678571428571428,0.5357142857142857,0.0685683187499999,1.875,ST,18,15,72,15,35,41,41,51,18,72,40,31,34,16,65,74,62,63,22,34,43,34,16,76,51,51,79,75,34,21,49,7,26,28,35,24,68,44,53,34,9,13,50,6,18,3,79,9,41,50,32,51,24,76,68,41,34,21,71,85,79,79,22,47,49,38,16,76,51,51,79,75,34,21,49,7,26,28,38,18,79,47,53,44,9,15,56,3,Pro League
RAAL La Louvière,75b9wl3zixoytzcmvwavlp46i,181us5vol7crxrmejhkqau3t,T. Lutonda,Thierry Lutonda,25.0,Defender,Belgium,Defender,29.0,60.0,6.0,85.0,2.0,7.0,4.0,0.0,15.0,10.0,455.0,11.0,0.0,4.0,6.0,3.0,2.0,13.0,13.0,5.0,1.0,3.0,5.0,0.0,0.0,0.0,0.0,70.83,33.33,21.05,23.08,14.29,35.71,25.0,50.0,0.5120566582730468,0.6776361244485885,3.0,11.0,0.2549398,9.0,7.0,13.0,0.4764788,48.0,5.736263736263736,11.868131868131869,1.1868131868131868,16.813186813186814,0.3956043956043956,1.3846153846153846,0.7912087912087913,0.0,2.967032967032967,1.978021978021978,2.175824175824176,0.0,0.7912087912087913,1.1868131868131868,0.5934065934065934,0.3956043956043956,2.571428571428572,2.571428571428572,0.989010989010989,0.1978021978021978,0.5934065934065934,0.989010989010989,0.0,0.0,0.0,0.0,70.83,33.33,21.05,23.08,14.29,35.71,25.0,50.0,0.1012859324056576,0.1340379147260944,0.5934065934065934,2.175824175824176,0.0504276527472527,1.7802197802197803,1.3846153846153846,2.571428571428572,0.0942485538461538,9.494505494505496,LB/LCB,4,23,25,12,10,81,75,46,12,21,75,8,56,69,81,73,92,92,33,52,73,38,42,40,52,52,4,23,46,12,42,4,12,31,75,79,94,85,79,92,8,23,21,15,4,17,21,4,8,88,88,46,8,8,83,8,67,88,92,75,94,92,29,58,79,38,42,40,52,52,4,23,46,12,42,4,12,31,83,79,100,88,83,96,8,25,21,4,Pro League
RAAL La Louvière,75b9wl3zixoytzcmvwavlp46i,1ku51ad7aer41602idu5pkeay,I. Coulibaly,Ismaila Coulibaly,25.0,Midfielder,Mali,Midfielder,142.0,108.0,11.0,250.0,11.0,8.0,1.0,0.0,36.0,6.0,629.0,5.0,1.0,0.0,5.0,7.0,2.0,10.0,10.0,11.0,2.0,5.0,12.0,0.0,0.0,0.0,0.0,83.61,40.74,0.0,50.0,25.0,59.02,64.71,63.16,0.5545764482495901,0.4066457520378619,5.0,8.0,0.17396643,6.0,20.0,15.0,0.3583792699999998,127.0,20.31796502384738,15.453100158982512,1.573926868044515,35.77106518282989,1.573926868044515,1.1446740858505564,0.1430842607313195,0.0,5.151033386327504,0.8585055643879174,0.7154213036565977,0.1430842607313195,0.0,0.7154213036565977,1.0015898251192368,0.2861685214626391,1.4308426073131957,1.4308426073131957,1.573926868044515,0.2861685214626391,0.7154213036565977,1.7170111287758347,0.0,0.0,0.0,0.0,83.61,40.74,0.0,50.0,25.0,59.02,64.71,63.16,0.0793511611167935,0.0581846068098689,0.7154213036565977,1.1446740858505564,0.0248918580286168,0.8585055643879174,2.861685214626391,2.146263910969793,0.0512784329093799,18.17170111287758,DM/CM,64,52,38,59,86,86,42,48,78,17,58,8,25,67,100,81,97,97,80,77,94,92,36,38,52,52,34,22,25,56,59,72,86,62,81,69,100,72,69,83,50,34,25,56,53,25,25,41,75,81,34,48,72,6,47,6,25,50,100,75,91,88,66,66,91,81,36,38,52,52,34,22,25,56,59,72,86,62,72,59,100,50,47,75,28,12,16,41,Pro League
RAAL La Louvière,75b9wl3zixoytzcmvwavlp46i,2cw7so15i3i6bl3aqla0dnhn8,M. Courcoul,Marius Courcoul,19.0,Defender,France,Midfielder,20.0,34.0,0.0,54.0,2.0,1.0,0.0,0.0,9.0,5.0,298.0,2.0,3.0,0.0,3.0,1.0,0.0,4.0,4.0,5.0,0.0,1.0,2.0,0.0,1.0,0.0,0.0,71.05,0.0,0.0,25.0,0.0,33.33,50.0,66.67,0.0869892852422334,0.2603611794722691,1.0,6.0,0.12797862,2.0,10.0,11.0,0.2117672899999999,37.0,6.04026845637584,10.268456375838928,0.0,16.308724832214764,0.6040268456375839,0.3020134228187919,0.0,0.0,2.718120805369128,1.51006711409396,0.6040268456375839,0.906040268456376,0.0,0.906040268456376,0.3020134228187919,0.0,1.2080536912751678,1.2080536912751678,1.51006711409396,0.0,0.3020134228187919,0.6040268456375839,0.0,0.3020134228187919,0.0,0.0,71.05,0.0,0.0,25.0,0.0,33.33,50.0,66.67,0.0262719317845671,0.0786325709815577,0.3020134228187919,1.812080536912752,0.0386512610738255,0.6040268456375839,3.02013422818792,3.322147651006712,0.0639565640939597,11.174496644295305,CB,3,11,3,3,3,14,8,39,6,3,15,56,47,95,86,24,94,94,18,21,71,12,36,98,52,52,3,3,47,64,21,3,30,58,12,94,86,77,79,73,21,18,15,3,3,15,3,3,3,21,8,39,12,3,27,79,47,100,94,24,97,97,61,21,91,24,36,100,52,52,3,3,47,64,21,3,30,58,21,100,94,94,94,85,45,42,27,3,Pro League
RAAL La Louvière,75b9wl3zixoytzcmvwavlp46i,2dger6iqr65odyqmz1x9oerxl,W. Faye,Wagane Faye,32.0,Defender,Senegal,Defender,110.0,73.0,8.0,183.0,16.0,4.0,4.0,1.0,43.0,38.0,499.0,6.0,9.0,0.0,0.0,0.0,1.0,5.0,5.0,8.0,0.0,1.0,10.0,0.0,0.0,0.0,0.0,78.54,27.59,0.0,20.0,0.0,57.33,66.67,58.82,0.4811308802626021,0.0,0.0,2.0,0.05256723,1.0,17.0,15.0,0.3443121899999999,105.0,19.83967935871744,13.166332665330662,1.4428857715430865,33.0060120240481,2.885771543086173,0.7214428857715431,0.7214428857715431,0.1803607214428857,7.755511022044089,6.85370741482966,1.0821643286573146,1.623246492985972,0.0,0.0,0.0,0.1803607214428857,0.9018036072144288,0.9018036072144288,1.4428857715430865,0.0,0.1803607214428857,1.8036072144288573,0.0,0.0,0.0,0.0,78.54,27.59,0.0,20.0,0.0,57.33,66.67,58.82,0.0867771126726136,0.0,0.0,0.3607214428857715,0.0094810635270541,0.1803607214428857,3.0661322645290583,2.705410821643287,0.0621003949899799,18.937875751503007,RB/RCB,62,44,48,48,96,52,68,98,96,96,44,96,22,12,26,58,42,42,66,30,30,86,42,38,52,52,28,20,22,24,30,48,72,48,56,18,22,18,20,20,60,46,20,60,56,24,44,44,88,44,72,96,100,92,44,96,22,12,26,60,40,40,64,30,28,80,42,38,52,52,28,20,22,24,30,48,72,48,72,18,22,16,20,20,52,36,12,60,Pro League
RAAL La Louvière,75b9wl3zixoytzcmvwavlp46i,33upoxyyqkh71m6d0b2nsn95g,M. Isah,Mustapha Isah,22.0,Attacker,Nigeria,Striker,22.0,32.0,3.0,54.0,5.0,18.0,14.0,0.0,29.0,2.0,561.0,30.0,9.0,0.0,6.0,4.0,5.0,19.0,20.0,0.0,11.0,11.0,3.0,5.0,0.0,0.0,0.0,81.82,100.0,0.0,57.89,61.11,44.62,33.33,75.0,2.340542624598504,0.4780751721632605,8.0,7.0,0.15518096,1.0,7.0,8.0,0.4149624499999999,22.0,3.5294117647058822,5.133689839572193,0.481283422459893,8.663101604278074,0.8021390374331551,2.8877005347593583,2.2459893048128343,0.0,4.652406417112299,0.320855614973262,4.81283422459893,1.4438502673796791,0.0,0.962566844919786,0.6417112299465241,0.8021390374331551,3.048128342245989,3.2085561497326203,0.0,1.7647058823529411,1.7647058823529411,0.481283422459893,0.8021390374331551,0.0,0.0,0.0,81.82,100.0,0.0,57.89,61.11,44.62,33.33,75.0,0.3754881215933429,0.0766965516839455,1.2834224598930482,1.1229946524064172,0.0248953411764705,0.160427807486631,1.1229946524064172,1.2834224598930482,0.0665715160427807,3.5294117647058822,ST,53,25,63,38,47,88,76,51,65,41,71,76,34,76,85,87,91,91,22,100,91,72,99,34,51,51,85,97,34,91,88,62,32,79,88,65,97,65,56,34,65,66,74,35,38,6,56,12,38,71,53,51,41,24,47,59,34,50,76,76,88,85,22,94,88,62,91,34,51,51,85,97,34,91,88,62,32,79,76,44,94,50,35,24,56,53,53,21,Pro League
RAAL La Louvière,75b9wl3zixoytzcmvwavlp46i,4p7jzj33eswdp0jxh8uvwyzv8,A. Tajaouart,Anas Tajaouart,21.0,Midfielder,Morocco,Midfielder,42.0,54.0,2.0,96.0,2.0,2.0,1.0,0.0,20.0,9.0,345.0,3.0,9.0,0.0,1.0,1.0,1.0,2.0,2.0,3.0,1.0,2.0,5.0,0.0,1.0,0.0,0.0,84.96,66.67,0.0,100.0,50.0,57.14,40.0,71.43,0.1822483757127506,0.1303760827062725,1.0,5.0,0.1189659299999999,4.0,4.0,10.0,0.1794635899999999,47.0,10.956521739130434,14.086956521739127,0.5217391304347826,25.043478260869563,0.5217391304347826,0.5217391304347826,0.2608695652173913,0.0,5.217391304347826,2.347826086956521,0.7826086956521738,2.347826086956521,0.0,0.2608695652173913,0.2608695652173913,0.2608695652173913,0.5217391304347826,0.5217391304347826,0.7826086956521738,0.2608695652173913,0.5217391304347826,1.3043478260869563,0.0,0.2608695652173913,0.0,0.0,84.96,66.67,0.0,100.0,50.0,57.14,40.0,71.43,0.047543054533761,0.0340111520103319,0.2608695652173913,1.3043478260869563,0.0310345904347825,1.0434782608695652,1.0434782608695652,2.608695652173913,0.0468165886956521,12.26086956521739,LM/LCM,50,30,20,50,55,10,10,55,35,100,10,60,15,10,25,20,10,10,55,20,30,55,20,85,50,55,90,75,15,100,85,90,45,70,10,10,30,20,20,40,30,40,10,50,90,40,20,60,50,10,10,55,80,100,10,90,15,10,20,20,10,10,80,20,30,90,20,90,50,55,90,75,15,100,85,90,45,70,10,10,20,20,20,30,30,20,10,70,Pro League
RAAL La Louvière,75b9wl3zixoytzcmvwavlp46i,549pz532az7awctfwj6fo8cno,Z. Gruber,Zsombor Gruber,22.0,Attacker,Hungary,Striker,16.0,47.0,2.0,54.0,2.0,12.0,4.0,0.0,22.0,0.0,333.0,16.0,7.0,9.0,7.0,8.0,4.0,16.0,17.0,3.0,0.0,8.0,5.0,0.0,1.0,0.0,0.0,65.85,20.0,36.0,50.0,0.0,43.14,33.33,100.0,0.9045807981893772,0.8992728477523382,6.0,7.0,0.2127203,7.0,5.0,8.0,0.46300732,17.0,4.324324324324324,12.702702702702702,0.5405405405405405,14.594594594594597,0.5405405405405405,3.243243243243243,1.081081081081081,0.0,5.945945945945946,0.0,4.324324324324324,1.891891891891892,2.4324324324324325,1.891891891891892,2.162162162162162,1.081081081081081,4.324324324324324,4.594594594594595,0.8108108108108107,0.0,2.162162162162162,1.351351351351351,0.0,0.2702702702702702,0.0,0.0,65.85,20.0,36.0,50.0,0.0,43.14,33.33,100.0,0.2444812968079397,0.24304671560874,1.6216216216216215,1.891891891891892,0.0574919729729729,1.891891891891892,1.351351351351351,2.162162162162162,0.1251371135135135,4.594594594594595,RW,29,29,32,21,50,64,43,50,64,11,50,82,86,71,96,89,82,86,64,11,86,64,25,54,54,54,7,14,93,71,11,50,57,100,57,71,86,36,36,79,36,29,43,14,21,36,43,14,50,71,36,50,71,11,57,79,93,79,100,93,86,86,57,11,86,71,25,64,54,54,7,14,93,71,11,50,57,100,50,79,86,43,43,79,29,14,50,14,Pro League
RAAL La Louvière,75b9wl3zixoytzcmvwavlp46i,5c5t927jz7ga1tns77u8i0zkk,E. Filet,Elias Filet,24.0,Attacker,France,Striker,19.0,34.0,0.0,53.0,40.0,7.0,6.0,0.0,54.0,10.0,395.0,14.0,8.0,0.0,3.0,1.0,1.0,12.0,14.0,1.0,5.0,4.0,1.0,2.0,0.0,0.0,0.0,50.0,0.0,0.0,33.33,71.43,56.84,63.49,50.0,1.2980637009706952,0.4160896275072491,2.0,3.0,0.06722619,3.0,3.0,3.0,0.18713604,23.0,4.329113924050633,7.746835443037974,0.0,12.075949367088606,9.11392405063291,1.5949367088607591,1.3670886075949369,0.0,12.303797468354428,2.278481012658228,3.1898734177215187,1.8227848101265824,0.0,0.6835443037974683,0.2278481012658227,0.2278481012658227,2.7341772151898733,3.1898734177215187,0.2278481012658227,1.1392405063291138,0.9113924050632912,0.2278481012658227,0.4556962025316455,0.0,0.0,0.0,50.0,0.0,0.0,33.33,71.43,56.84,63.49,50.0,0.2957613495882596,0.0948052315839301,0.4556962025316455,0.6835443037974683,0.0153173597468354,0.6835443037974683,0.6835443037974683,0.6835443037974683,0.042638591392405,5.240506329113924,ST,44,34,12,35,100,22,25,51,97,93,21,62,34,29,46,21,74,74,57,59,69,34,59,34,51,51,3,12,34,40,97,100,97,51,59,56,53,32,26,69,32,25,32,43,50,32,12,41,100,18,26,51,100,97,9,76,34,29,47,21,82,82,68,62,74,35,62,34,51,51,3,12,34,40,97,100,97,51,50,59,59,26,26,68,26,24,32,47,Pro League
RAAL La Louvière,75b9wl3zixoytzcmvwavlp46i,6bsdpk81zmyx9ly731aq3hct0,P. Nkoa,Patrick Nkoa,27.0,Defender,Germany,Defender,159.0,33.0,8.0,192.0,11.0,5.0,5.0,1.0,24.0,35.0,525.0,9.0,1.0,0.0,1.0,0.0,0.0,0.0,0.0,8.0,3.0,0.0,9.0,0.0,0.0,0.0,0.0,90.57,38.1,0.0,0.0,60.0,54.55,50.0,75.0,0.7075438117438538,0.1413342315590416,0.0,1.0,0.01689528,0.0,2.0,4.0,0.13097173,121.0,27.25714285714286,5.6571428571428575,1.3714285714285714,32.91428571428572,1.885714285714286,0.8571428571428572,0.8571428571428572,0.1714285714285714,4.114285714285715,6.0,1.542857142857143,0.1714285714285714,0.0,0.1714285714285714,0.0,0.0,0.0,0.0,1.3714285714285714,0.5142857142857143,0.0,1.542857142857143,0.0,0.0,0.0,0.0,90.57,38.1,0.0,0.0,60.0,54.55,50.0,75.0,0.1212932248703749,0.0242287254101214,0.0,0.1714285714285714,0.0028963337142857,0.0,0.3428571428571428,0.6857142857142857,0.0224522965714285,20.742857142857144,CB,29,6,15,21,53,80,82,89,50,56,82,20,47,55,36,24,23,23,61,95,32,82,36,48,52,52,67,12,47,32,86,39,30,79,79,76,36,26,21,20,5,8,6,21,15,3,9,6,42,79,79,97,33,52,79,18,47,52,36,24,23,23,55,100,32,85,36,48,52,52,67,12,47,32,86,39,30,79,79,79,36,27,24,20,3,6,3,6,Pro League
RAAL La Louvière,75b9wl3zixoytzcmvwavlp46i,8cbqpjojozpalklx15jxjfii2,Y. Okou,Yllan Okou,23.0,Defender,France,Defender,178.0,72.0,18.0,247.0,15.0,2.0,0.0,0.0,22.0,39.0,522.0,0.0,3.0,3.0,2.0,2.0,0.0,1.0,1.0,7.0,0.0,0.0,1.0,0.0,0.0,0.0,0.0,81.79,31.58,27.27,0.0,0.0,64.71,75.0,25.0,0.0805365781557084,0.1970353251575091,2.0,1.0,0.01689528,1.0,15.0,18.0,0.5721023099999998,145.0,30.6896551724138,12.413793103448276,3.103448275862069,42.58620689655172,2.586206896551724,0.3448275862068966,0.0,0.0,3.793103448275862,6.724137931034483,0.0,0.5172413793103449,0.5172413793103449,0.3448275862068966,0.3448275862068966,0.0,0.1724137931034483,0.1724137931034483,1.206896551724138,0.0,0.0,0.1724137931034483,0.0,0.0,0.0,0.0,81.79,31.58,27.27,0.0,0.0,64.71,75.0,25.0,0.013885616923398,0.0339716077857774,0.3448275862068966,0.1724137931034483,0.0029129793103448,0.1724137931034483,2.586206896551724,3.103448275862069,0.0986383293103447,25.0,LB/LCB,92,42,67,58,100,12,8,46,38,96,4,60,44,23,58,12,10,10,52,19,6,4,42,40,52,52,58,17,58,6,19,92,96,4,8,33,67,6,4,12,46,46,29,67,88,21,71,67,92,8,8,46,33,96,4,42,42,17,54,12,12,12,54,19,6,4,42,40,52,52,58,17,58,6,19,92,96,4,4,25,67,4,4,8,38,38,29,79,Pro League
RAAL La Louvière,75b9wl3zixoytzcmvwavlp46i,8gs41aqwmw187kmf5pt2ly0wk,M. Wade,Mame Wade,23.0,Midfielder,Senegal,Midfielder,31.0,50.0,7.0,79.0,6.0,2.0,2.0,0.0,21.0,1.0,331.0,7.0,1.0,2.0,2.0,0.0,0.0,13.0,14.0,4.0,1.0,5.0,5.0,0.0,1.0,0.0,0.0,78.22,87.5,40.0,38.46,50.0,41.18,60.0,55.56,0.2062880068943533,0.1609512134445295,0.0,4.0,0.1125126799999999,4.0,9.0,11.0,0.2759426,36.0,8.429003021148036,13.595166163141997,1.9033232628398795,21.48036253776435,1.6314199395770397,0.5438066465256798,0.5438066465256798,0.0,5.709969788519638,0.2719033232628399,1.9033232628398795,0.2719033232628399,0.5438066465256798,0.5438066465256798,0.0,0.0,3.5347432024169185,3.806646525679759,1.0876132930513596,0.2719033232628399,1.3595166163141994,1.3595166163141994,0.0,0.2719033232628399,0.0,0.0,78.22,87.5,40.0,38.46,50.0,41.18,60.0,55.56,0.0560903946238422,0.0437631698187542,0.0,1.0876132930513596,0.0305925716012084,1.0876132930513596,2.447129909365559,2.990936555891239,0.0750297099697885,9.788519637462237,CM/AM,4,9,52,4,70,13,30,52,43,11,13,9,33,4,11,17,83,83,61,37,70,43,35,59,52,52,30,100,83,39,96,30,85,43,17,4,11,11,13,43,9,15,4,9,13,13,70,9,78,17,35,52,65,15,26,9,39,4,11,17,91,91,70,39,91,57,35,65,52,52,30,100,83,39,96,30,85,43,26,4,11,13,17,65,17,13,9,9,Pro League
RAAL La Louvière,75b9wl3zixoytzcmvwavlp46i,9cq4u8d460ikxiiglfpk2sr8,D. Lamego,Djibril Lamego,23.0,Defender,France,Defender,46.0,29.0,5.0,75.0,4.0,1.0,0.0,0.0,10.0,8.0,210.0,1.0,2.0,0.0,0.0,1.0,1.0,0.0,0.0,4.0,0.0,0.0,3.0,0.0,0.0,0.0,0.0,75.76,31.25,0.0,0.0,0.0,66.67,50.0,75.0,0.0387282877240511,0.0,1.0,3.0,0.05959185,2.0,6.0,6.0,0.23892419,48.0,19.71428571428571,12.428571428571429,2.142857142857143,32.14285714285714,1.7142857142857142,0.4285714285714285,0.0,0.0,4.285714285714286,3.4285714285714284,0.4285714285714285,0.8571428571428571,0.0,0.0,0.4285714285714285,0.4285714285714285,0.0,0.0,1.7142857142857142,0.0,0.0,1.2857142857142856,0.0,0.0,0.0,0.0,75.76,31.25,0.0,0.0,0.0,66.67,50.0,75.0,0.0165978375960219,0.0,0.4285714285714285,1.2857142857142856,0.0255393642857142,0.8571428571428571,2.571428571428571,2.571428571428571,0.1023960814285714,20.57142857142857,LB/LCB,17,4,15,4,29,4,8,46,4,4,10,35,12,4,33,42,4,4,19,19,6,12,42,40,52,52,17,12,12,6,19,96,42,88,4,4,35,17,17,27,4,4,4,15,50,25,38,33,77,19,8,46,46,62,17,79,12,4,62,79,4,4,71,19,6,54,42,40,52,52,17,12,12,6,19,96,42,88,8,4,79,46,42,65,33,21,33,46,Pro League
RAAL La Louvière,75b9wl3zixoytzcmvwavlp46i,cdkxx5845lj8spbg3ha7m1xm2,S. Delos,Shaquil Delos,27.0,Defender,France,Defender,65.0,72.0,11.0,132.0,9.0,3.0,2.0,0.0,35.0,22.0,614.0,9.0,4.0,5.0,8.0,1.0,0.0,13.0,18.0,5.0,1.0,8.0,6.0,0.0,1.0,0.0,0.0,70.97,36.67,19.23,61.54,33.33,66.04,75.0,42.86,0.2884649549751134,0.520507379328086,2.0,12.0,0.30698786,5.0,8.0,6.0,0.60045075,63.0,9.52768729641694,10.553745928338763,1.6123778501628665,19.3485342019544,1.3192182410423454,0.4397394136807818,0.2931596091205212,0.0,5.130293159609121,3.224755700325733,1.3192182410423454,0.5863192182410424,0.7328990228013029,1.1726384364820848,0.1465798045602606,0.0,1.905537459283388,2.638436482084691,0.7328990228013029,0.1465798045602606,1.1726384364820848,0.8794788273615636,0.0,0.1465798045602606,0.0,0.0,70.97,36.67,19.23,61.54,33.33,66.04,75.0,42.86,0.0422831367227364,0.0762958699340842,0.2931596091205212,1.7589576547231272,0.0449982205211726,0.7328990228013029,1.1726384364820848,0.8794788273615636,0.0880139535830619,9.234527687296415,RB/RCB,28,40,60,20,72,42,42,48,78,72,56,58,72,76,56,20,84,92,30,66,96,32,42,82,52,52,8,32,52,88,78,100,88,12,52,64,72,80,80,78,24,8,48,24,12,8,48,8,56,32,28,48,56,52,52,36,64,60,52,20,72,80,16,60,88,28,42,76,52,52,8,32,52,88,78,100,88,12,28,52,64,68,72,72,12,4,32,8,Pro League
Anderlecht,6vyr13j6kbwdtxjwm1m4m8nu2,218884p8ddlc9dwk2wah482dw,M. Cvetković,Mihajlo Cvetkovic,19.0,Attacker,Serbia,Striker,7.0,35.0,0.0,42.0,1.0,10.0,10.0,0.0,13.0,0.0,334.0,32.0,9.0,0.0,6.0,0.0,5.0,5.0,5.0,0.0,2.0,2.0,0.0,0.0,0.0,0.0,0.0,76.36,0.0,0.0,40.0,20.0,35.14,9.09,0.0,1.1214562003816433,0.4709977260309809,0.0,5.0,0.15690243,4.0,2.0,3.0,0.09366656,17.0,1.8862275449101795,9.431137724550895,0.0,11.317365269461078,0.2694610778443114,2.694610778443113,2.694610778443113,0.0,3.502994011976048,0.0,8.622754491017965,2.4251497005988023,0.0,1.616766467065868,0.0,1.3473053892215567,1.3473053892215567,1.3473053892215567,0.0,0.5389221556886228,0.5389221556886228,0.0,0.0,0.0,0.0,0.0,76.36,0.0,0.0,40.0,20.0,35.14,9.09,0.0,0.3021887965100236,0.1269155549185277,0.0,1.3473053892215567,0.0422790979041916,1.0778443113772456,0.5389221556886228,0.8083832335329341,0.0252394922155688,4.580838323353293,ST,12,38,12,18,15,53,62,51,12,6,76,76,34,76,19,87,38,37,22,21,43,12,16,34,51,51,59,12,34,59,15,18,15,12,50,62,16,54,59,81,21,25,24,29,6,47,12,29,15,59,76,51,18,6,100,88,34,79,19,97,44,35,22,26,53,12,16,34,51,51,59,12,34,59,15,18,15,12,53,74,16,65,59,82,21,38,21,41,Pro League
Anderlecht,6vyr13j6kbwdtxjwm1m4m8nu2,2n3hi9p88xwnfuuybojrdb42y,M. Winkler,Marten Winkler,23.0,Attacker,Germany,Striker,14.0,51.0,2.0,63.0,0.0,6.0,3.0,0.0,7.0,2.0,212.0,11.0,6.0,2.0,4.0,3.0,1.0,5.0,5.0,3.0,4.0,1.0,0.0,2.0,0.0,0.0,0.0,81.82,50.0,22.22,20.0,66.67,25.0,0.0,0.0,0.8886957245283976,0.4101857460331368,2.0,9.0,0.23167604,7.0,5.0,9.0,0.78938545,27.0,5.943396226415095,21.650943396226413,0.8490566037735848,26.745283018867923,0.0,2.547169811320755,1.2735849056603774,0.0,2.971698113207548,0.8490566037735848,4.669811320754717,2.547169811320755,0.8490566037735848,1.6981132075471697,1.2735849056603774,0.4245283018867924,2.1226415094339623,2.1226415094339623,1.2735849056603774,1.6981132075471697,0.4245283018867924,0.0,0.8490566037735848,0.0,0.0,0.0,81.82,50.0,22.22,20.0,66.67,25.0,0.0,0.0,0.3772764868280933,0.1741354582216146,0.8490566037735848,3.820754716981132,0.0983530358490566,2.971698113207548,2.1226415094339623,3.820754716981132,0.3351164646226415,11.462264150943396,RW,14,39,32,29,18,25,29,50,7,36,29,68,50,39,57,21,21,21,64,71,18,11,89,21,54,54,79,43,54,14,93,7,21,11,50,43,50,50,43,79,36,39,71,29,43,93,57,100,18,57,43,50,29,57,64,100,64,71,79,36,36,36,86,93,29,11,93,21,54,54,79,43,54,14,93,7,21,11,86,71,71,79,50,93,86,71,100,79,Pro League
Anderlecht,6vyr13j6kbwdtxjwm1m4m8nu2,3nto7ft0b2a47lqd7ethkkrxm,O. Antman,Oliver Antman,25.0,Attacker,Finland,Striker,29.0,109.0,2.0,132.0,0.0,5.0,0.0,0.0,13.0,0.0,325.0,19.0,3.0,6.0,7.0,5.0,2.0,13.0,14.0,0.0,2.0,5.0,2.0,0.0,0.0,0.0,0.0,89.19,50.0,30.0,38.46,40.0,38.24,0.0,40.0,0.2489758660442993,0.7221511698620846,5.0,37.0,1.0960353599999997,13.0,3.0,10.0,1.09889055,48.0,8.03076923076923,30.184615384615384,0.5538461538461539,36.55384615384615,0.0,1.3846153846153846,0.0,0.0,3.6,0.0,5.2615384615384615,0.8307692307692307,1.6615384615384614,1.9384615384615385,1.3846153846153846,0.5538461538461539,3.6,3.876923076923077,0.0,0.5538461538461539,1.3846153846153846,0.5538461538461539,0.0,0.0,0.0,0.0,89.19,50.0,30.0,38.46,40.0,38.24,0.0,40.0,0.0689471629045751,0.199980323961808,1.3846153846153846,10.246153846153844,0.3035174843076922,3.6,0.8307692307692307,2.769230769230769,0.3043081523076922,13.292307692307691,LW,39,86,43,79,32,11,7,54,29,7,39,39,86,68,86,43,36,36,14,32,29,46,25,29,50,54,93,50,86,29,71,29,32,25,7,79,68,93,93,100,29,50,79,82,43,100,43,100,32,14,7,54,29,7,50,36,93,79,100,36,43,43,14,29,36,43,25,29,50,54,93,50,86,29,71,29,32,25,14,93,79,93,93,100,36,57,93,100,Pro League
Anderlecht,6vyr13j6kbwdtxjwm1m4m8nu2,4fn5icqfdse8vw6snrbweqg6i,T. Bentayeb,Tawfik Bentayeb,24.0,Attacker,Morocco,Striker,12.0,37.0,4.0,49.0,3.0,6.0,5.0,0.0,9.0,4.0,237.0,12.0,3.0,0.0,4.0,1.0,1.0,3.0,4.0,1.0,3.0,0.0,2.0,2.0,1.0,0.0,0.0,83.05,66.67,0.0,0.0,50.0,39.13,33.33,66.67,0.8412323902353445,0.395403059039609,1.0,3.0,0.07067269,0.0,8.0,10.0,0.3884994199999999,23.0,4.556962025316456,14.050632911392404,1.518987341772152,18.60759493670886,1.139240506329114,2.278481012658228,1.89873417721519,0.0,3.4177215189873418,1.518987341772152,4.556962025316456,1.139240506329114,0.0,1.518987341772152,0.379746835443038,0.379746835443038,1.139240506329114,1.518987341772152,0.379746835443038,1.139240506329114,0.0,0.759493670886076,0.759493670886076,0.379746835443038,0.0,0.0,83.05,66.67,0.0,0.0,50.0,39.13,33.33,66.67,0.3194553380640548,0.1501530603947882,0.379746835443038,1.139240506329114,0.0268377303797468,0.0,3.037974683544304,3.79746835443038,0.1475314253164556,8.734177215189874,ST,26,43,72,29,35,12,15,51,9,72,13,13,34,46,46,21,21,29,57,34,7,54,59,76,51,51,94,75,34,7,75,29,32,71,29,50,40,32,29,10,74,75,71,43,53,76,91,76,44,41,38,51,15,91,41,29,34,76,62,29,32,41,71,65,7,82,85,88,51,51,94,75,34,7,75,29,32,71,65,85,47,53,38,10,97,94,88,79,Pro League
Anderlecht,6vyr13j6kbwdtxjwm1m4m8nu2,4xfqhlmr91ekmt75motqxetjo,L. Ambros,Lukás Ambros,22.0,Midfielder,Czechia,Midfielder,57.0,164.0,5.0,212.0,1.0,10.0,5.0,0.0,22.0,1.0,427.0,20.0,4.0,9.0,13.0,5.0,5.0,20.0,20.0,2.0,3.0,12.0,1.0,0.0,0.0,0.0,0.0,82.49,50.0,30.0,60.0,30.0,47.83,33.33,20.0,0.7770130906557338,1.389254269563038,7.0,37.0,1.0221133299999998,13.0,18.0,21.0,1.16907683,102.0,12.014051522248243,34.566744730679154,1.053864168618267,44.68384074941452,0.2107728337236534,2.107728337236534,1.053864168618267,0.0,4.637002341920375,0.2107728337236534,4.215456674473068,0.8430913348946136,1.8969555035128804,2.740046838407494,1.053864168618267,1.053864168618267,4.215456674473068,4.215456674473068,0.4215456674473068,0.6323185011709602,2.529274004683841,0.2107728337236534,0.0,0.0,0.0,0.0,82.49,50.0,30.0,60.0,30.0,47.83,33.33,20.0,0.163773250957883,0.2928170591584857,1.475409836065574,7.798594847775176,0.2154337229508196,2.740046838407494,3.793911007025761,4.426229508196721,0.2464096362997658,21.498829039812648,CM/AM,48,96,35,87,15,72,67,52,50,11,74,33,76,59,74,87,100,96,17,72,100,9,35,24,52,52,61,48,35,91,54,61,30,4,61,61,96,100,100,96,54,50,78,85,52,96,35,78,13,70,70,52,43,4,83,30,83,78,74,87,96,96,22,78,100,13,35,24,52,52,61,48,35,91,54,61,30,4,65,87,96,100,100,100,57,57,74,87,Pro League
Anderlecht,6vyr13j6kbwdtxjwm1m4m8nu2,5n65xhwbd6dm3uynl4h7k920a,E. Llansana,Enric Llansana,25.0,Midfielder,Netherlands,Midfielder,40.0,105.0,3.0,144.0,7.0,3.0,1.0,0.0,24.0,5.0,286.0,13.0,4.0,1.0,4.0,2.0,0.0,4.0,4.0,4.0,1.0,1.0,7.0,0.0,0.0,0.0,0.0,81.82,33.33,33.33,25.0,33.33,48.0,58.33,58.33,0.2440211968554158,0.3095222945390075,2.0,5.0,0.1179342,1.0,18.0,23.0,0.3588363499999998,82.0,12.587412587412588,33.04195804195805,0.944055944055944,45.31468531468532,2.202797202797203,0.944055944055944,0.3146853146853147,0.0,7.552447552447552,1.5734265734265735,4.090909090909091,1.2587412587412588,0.3146853146853147,1.2587412587412588,0.6293706293706294,0.0,1.2587412587412588,1.2587412587412588,1.2587412587412588,0.3146853146853147,0.3146853146853147,2.202797202797203,0.0,0.0,0.0,0.0,81.82,33.33,33.33,25.0,33.33,48.0,58.33,58.33,0.0767898871223336,0.0974021206591282,0.6293706293706294,1.5734265734265735,0.0371121608391608,0.3146853146853147,5.664335664335665,7.237762237762238,0.1129205297202796,25.804195804195807,CM/AM,22,48,24,39,74,28,15,52,59,61,59,33,17,15,43,17,13,13,61,37,15,63,35,24,52,52,52,30,57,17,70,65,78,52,22,17,48,17,17,9,54,63,17,43,65,91,26,83,96,35,26,52,96,74,74,52,22,22,57,17,26,26,87,52,22,100,35,24,52,52,52,30,57,17,70,65,78,52,39,17,61,43,35,13,91,91,35,96,Pro League
Anderlecht,6vyr13j6kbwdtxjwm1m4m8nu2,5qs6q4zmy8hys1fc854ran5nu,D. Sikan,Danylo Sikan,25.0,Attacker,Ukraine,Striker,28.0,74.0,6.0,102.0,19.0,23.0,15.0,0.0,35.0,8.0,505.0,40.0,7.0,0.0,3.0,8.0,3.0,11.0,12.0,1.0,7.0,4.0,2.0,1.0,0.0,0.0,0.0,68.92,54.55,0.0,36.36,30.43,51.47,59.38,40.0,2.50517306234437,0.2075644741149964,3.0,10.0,0.24991978,8.0,3.0,14.0,0.335256,43.0,4.99009900990099,13.18811881188119,1.0693069306930694,18.17821782178218,3.3861386138613865,4.099009900990099,2.6732673267326734,0.0,6.237623762376238,1.425742574257426,7.128712871287129,1.2475247524752475,0.0,0.5346534653465347,1.425742574257426,0.5346534653465347,1.9603960396039608,2.1386138613861387,0.1782178217821782,1.2475247524752475,0.712871287128713,0.3564356435643565,0.1782178217821782,0.0,0.0,0.0,68.92,54.55,0.0,36.36,30.43,51.47,59.38,40.0,0.4464664863584026,0.0369916884561379,0.5346534653465347,1.7821782178217822,0.0445401588118811,1.425742574257426,0.5346534653465347,2.495049504950495,0.0597485940594059,7.663366336633664,ST,75,82,87,85,81,100,84,51,78,88,97,50,34,29,100,57,69,68,57,85,69,54,41,34,51,51,32,63,34,51,38,85,88,38,94,29,68,82,65,91,32,90,62,85,68,74,76,74,71,100,74,51,65,85,88,35,34,18,100,50,59,59,56,74,65,47,38,34,51,51,32,63,34,51,38,85,88,38,94,12,74,76,65,94,18,85,50,74,Pro League
Anderlecht,6vyr13j6kbwdtxjwm1m4m8nu2,7g9ulnvehk5r6rtv9p8fpm1hw,J. Nga Kana,Joshua-Williame Nga Kana,17.0,Midfielder,Belgium,Midfielder,9.0,67.0,1.0,76.0,2.0,5.0,4.0,0.0,20.0,0.0,205.0,16.0,6.0,0.0,2.0,1.0,0.0,17.0,17.0,2.0,2.0,7.0,4.0,1.0,0.0,0.0,0.0,86.36,50.0,0.0,41.18,40.0,50.0,40.0,80.0,0.5663317050097528,0.140604120208429,1.0,23.0,0.6339817099999998,3.0,5.0,8.0,0.2719055199999999,30.0,3.951219512195122,29.414634146341463,0.4390243902439024,33.36585365853659,0.8780487804878049,2.1951219512195124,1.7560975609756098,0.0,8.78048780487805,0.0,7.024390243902439,2.6341463414634148,0.0,0.8780487804878049,0.4390243902439024,0.0,7.463414634146342,7.463414634146342,0.8780487804878049,0.8780487804878049,3.073170731707317,1.7560975609756098,0.4390243902439024,0.0,0.0,0.0,86.36,50.0,0.0,41.18,40.0,50.0,40.0,80.0,0.2486334314676963,0.0617286381402859,0.4390243902439024,10.097560975609756,0.2783334336585365,1.3170731707317074,2.1951219512195124,3.5121951219512195,0.1193731551219511,13.170731707317074,LM/LCM,10,50,10,30,55,30,55,55,35,20,50,25,15,25,25,10,65,55,40,45,65,35,55,40,50,55,100,45,15,60,55,65,45,85,40,30,30,80,80,25,40,25,20,25,20,100,10,100,90,80,80,55,100,20,90,100,15,30,50,10,100,100,90,70,100,100,90,40,50,55,100,45,15,60,55,65,45,85,90,30,40,100,100,60,80,60,30,90,Pro League
Anderlecht,6vyr13j6kbwdtxjwm1m4m8nu2,axhyg79pf6dwe5foj907uqxhw,A. Maamar,Ali Maamar,21.0,Defender,Morocco,Defender,76.0,165.0,7.0,231.0,5.0,8.0,3.0,0.0,32.0,9.0,630.0,26.0,6.0,10.0,15.0,5.0,1.0,19.0,21.0,8.0,5.0,9.0,7.0,0.0,2.0,0.0,0.0,81.34,36.84,37.04,47.37,62.5,41.03,38.46,58.33,0.5453423739659169,1.6630976657122778,6.0,35.0,1.03222062,12.0,28.0,33.0,2.10910227,129.0,10.857142857142858,23.571428571428573,1.0,33.0,0.7142857142857143,1.1428571428571428,0.4285714285714285,0.0,4.571428571428571,1.2857142857142858,3.7142857142857135,0.8571428571428571,1.4285714285714286,2.142857142857143,0.7142857142857143,0.1428571428571428,2.7142857142857144,3.0,1.1428571428571428,0.7142857142857143,1.2857142857142858,1.0,0.0,0.2857142857142857,0.0,0.0,81.34,36.84,37.04,47.37,62.5,41.03,38.46,58.33,0.0779060534237024,0.2375853808160397,0.8571428571428571,5.0,0.1474600885714285,1.7142857142857142,4.0,4.714285714285714,0.3013003242857143,18.428571428571427,RB/RCB,36,94,42,72,36,92,58,48,70,18,100,90,96,96,94,58,98,100,66,100,100,44,42,96,52,52,44,36,88,72,96,12,32,42,64,96,100,98,100,100,92,88,100,76,20,92,24,40,28,84,44,48,40,8,92,82,96,96,88,40,92,100,40,100,100,34,42,92,52,52,44,36,88,72,96,12,32,42,56,96,96,96,100,96,88,88,96,56,Pro League
Anderlecht,6vyr13j6kbwdtxjwm1m4m8nu2,cu3a4pb4a9g6d0qir3oakd46i,M. Kana,Marco Kana,24.0,Midfielder,Belgium,Midfielder,128.0,234.0,12.0,361.0,8.0,3.0,2.0,0.0,20.0,9.0,515.0,3.0,2.0,1.0,8.0,1.0,1.0,6.0,6.0,5.0,1.0,6.0,1.0,0.0,0.0,0.0,0.0,90.48,52.17,100.0,100.0,33.33,50.0,66.67,25.0,0.21142528456227,0.555547299911449,1.0,17.0,0.3580762199999999,12.0,41.0,41.0,0.9797095500000002,212.0,22.368932038834952,40.89320388349515,2.0970873786407767,63.0873786407767,1.3980582524271843,0.5242718446601942,0.3495145631067961,0.0,3.495145631067961,1.5728155339805825,0.5242718446601942,0.3495145631067961,0.174757281553398,1.3980582524271843,0.174757281553398,0.174757281553398,1.0485436893203883,1.0485436893203883,0.8737864077669902,0.174757281553398,1.0485436893203883,0.174757281553398,0.0,0.0,0.0,0.0,90.48,52.17,100.0,100.0,33.33,50.0,66.67,25.0,0.0369481079817559,0.0970859359068551,0.174757281553398,2.970873786407767,0.0625764267961164,2.0970873786407767,7.16504854368932,7.16504854368932,0.1712113776699029,37.04854368932039,DM/CM,55,97,47,88,67,48,66,48,42,39,44,17,62,86,28,52,80,77,36,56,97,3,36,38,52,52,84,44,97,98,67,36,91,6,44,88,45,91,88,100,88,91,84,88,62,97,50,97,69,44,66,48,28,41,38,19,66,91,25,50,81,75,28,56,97,3,36,38,52,52,84,44,97,98,67,36,91,6,44,81,50,94,91,100,91,94,88,94,Pro League
Anderlecht,6vyr13j6kbwdtxjwm1m4m8nu2,dfss2zdkn61bbq312zhxlddyh,L. Pétrot,Léo Pétrot,29.0,Defender,France,Defender,318.0,188.0,15.0,506.0,25.0,3.0,2.0,0.0,39.0,27.0,630.0,6.0,5.0,0.0,2.0,1.0,2.0,3.0,3.0,8.0,1.0,2.0,5.0,0.0,0.0,0.0,0.0,91.83,46.88,0.0,66.67,33.33,60.0,56.82,71.43,0.3468979909060034,0.0949203631902771,0.0,4.0,0.08142132,5.0,47.0,43.0,0.9242385100000003,331.0,45.42857142857143,26.857142857142858,2.142857142857143,72.28571428571429,3.571428571428572,0.4285714285714285,0.2857142857142857,0.0,5.571428571428571,3.857142857142857,0.8571428571428571,0.7142857142857143,0.0,0.2857142857142857,0.1428571428571428,0.2857142857142857,0.4285714285714285,0.4285714285714285,1.1428571428571428,0.1428571428571428,0.2857142857142857,0.7142857142857143,0.0,0.0,0.0,0.0,91.83,46.88,0.0,66.67,33.33,60.0,56.82,71.43,0.0495568558437147,0.0135600518843252,0.0,0.5714285714285714,0.0116316171428571,0.7142857142857143,6.714285714285714,6.142857142857143,0.1320340728571429,47.285714285714285,CB,91,94,29,94,94,47,35,39,85,33,59,76,47,80,86,83,86,86,61,62,89,36,36,48,52,52,91,36,47,82,68,56,55,70,39,61,36,62,67,94,95,86,91,94,88,94,20,88,88,41,30,39,79,9,41,65,47,67,76,73,83,83,41,45,83,27,36,48,52,52,91,36,47,82,68,56,55,70,39,55,36,58,61,92,94,77,88,88,Pro League
Anderlecht,6vyr13j6kbwdtxjwm1m4m8nu2,eb48g14m2erkf7yzqz8gj4u6t,L. Augustinsson,Ludwig Augustinsson,32.0,Defender,Sweden,Defender,123.0,199.0,5.0,318.0,6.0,10.0,8.0,0.0,15.0,21.0,559.0,21.0,2.0,4.0,6.0,2.0,3.0,2.0,3.0,5.0,2.0,1.0,4.0,0.0,0.0,0.0,0.0,86.41,35.71,19.05,50.0,20.0,39.47,31.58,66.67,0.8811267217299192,0.4854941954606678,2.0,8.0,0.16933155,7.0,38.0,43.0,1.2203756899999998,170.0,19.80322003577817,32.039355992844364,0.8050089445438282,51.19856887298748,0.966010733452594,1.6100178890876564,1.2880143112701252,0.0,2.415026833631485,3.3810375670840784,3.3810375670840784,0.3220035778175313,0.6440071556350626,0.966010733452594,0.3220035778175313,0.4830053667262969,0.3220035778175313,0.4830053667262969,0.8050089445438282,0.3220035778175313,0.1610017889087656,0.6440071556350626,0.0,0.0,0.0,0.0,86.41,35.71,19.05,50.0,20.0,39.47,31.58,66.67,0.1418629784538331,0.0781654339739894,0.3220035778175313,1.2880143112701252,0.027262682468694,1.1270125223613596,6.118067978533095,6.923076923076923,0.1964826692307691,27.37030411449016,LB/LCB,54,100,15,88,48,94,100,46,12,69,100,35,56,69,58,94,19,33,33,81,25,23,42,40,52,52,79,42,33,56,54,8,25,69,100,58,67,67,62,83,94,92,83,79,54,100,8,88,38,100,100,46,4,58,96,25,50,67,50,96,21,29,21,75,17,17,42,40,52,52,79,42,33,56,54,8,25,69,100,54,62,54,50,79,96,96,79,88,Pro League
Anderlecht,6vyr13j6kbwdtxjwm1m4m8nu2,esb4b21x729db8od4c4xt8ciy,G. Biancone,Giulian Biancone,26.0,Defender,France,Defender,206.0,203.0,32.0,409.0,22.0,7.0,6.0,0.0,48.0,25.0,487.0,8.0,8.0,0.0,1.0,1.0,4.0,7.0,7.0,6.0,0.0,5.0,6.0,0.0,0.0,0.0,0.0,88.53,64.0,0.0,71.43,0.0,60.0,55.0,46.15,0.7734688925851535,0.1644234634263542,1.0,22.0,0.52818801,12.0,47.0,52.0,1.5333052000000005,283.0,38.06981519507187,37.515400410677614,5.9137577002053385,75.58521560574948,4.0657084188911705,1.2936344969199178,1.108829568788501,0.0,8.870636550308008,4.620123203285421,1.4784394250513346,1.4784394250513346,0.0,0.1848049281314168,0.1848049281314168,0.7392197125256673,1.2936344969199178,1.2936344969199178,1.108829568788501,0.0,0.924024640657084,1.108829568788501,0.0,0.0,0.0,0.0,88.53,64.0,0.0,71.43,0.0,60.0,55.0,46.15,0.1429408631060858,0.030386266341626,0.1848049281314168,4.0657084188911705,0.097611747227926,2.217659137577002,8.685831622176591,9.609856262833675,0.2833623572895278,52.299794661190965,CB,55,97,88,85,89,94,91,39,97,27,76,92,47,55,86,98,100,100,33,21,100,52,36,48,52,52,48,91,47,88,21,56,48,14,85,88,86,100,100,100,95,100,100,85,58,100,94,94,94,91,82,39,97,21,73,94,47,55,85,100,100,100,36,21,100,48,36,48,52,52,48,91,47,88,21,56,48,14,85,91,88,100,100,100,97,100,100,100,Pro League
Anderlecht,6vyr13j6kbwdtxjwm1m4m8nu2,f54uw4wypnr1x8l616mrckv3e,I. Koutsoupias,Ilias Koutsoupias,25.0,Midfielder,Greece,Midfielder,64.0,74.0,2.0,136.0,3.0,0.0,0.0,0.0,11.0,2.0,216.0,7.0,4.0,2.0,3.0,0.0,0.0,0.0,0.0,6.0,0.0,0.0,4.0,0.0,1.0,0.0,0.0,90.07,33.33,40.0,0.0,0.0,55.0,50.0,100.0,0.0,0.346515499849036,0.0,4.0,0.1073732699999999,5.0,13.0,12.0,0.5212307799999999,79.0,26.666666666666668,30.833333333333336,0.8333333333333334,56.66666666666667,1.25,0.0,0.0,0.0,4.583333333333334,0.8333333333333334,2.916666666666667,1.6666666666666667,0.8333333333333334,1.25,0.0,0.0,0.0,0.0,2.5,0.0,0.0,1.6666666666666667,0.0,0.4166666666666667,0.0,0.0,90.07,33.33,40.0,0.0,0.0,55.0,50.0,100.0,0.0,0.1443814582704316,0.0,1.6666666666666667,0.0447388624999999,2.083333333333333,5.416666666666667,5.0,0.2171794916666666,32.91666666666667,DM/CM,16,30,5,19,28,3,16,48,12,3,70,42,83,42,8,16,8,8,48,23,14,31,36,86,52,52,81,14,70,14,23,59,55,98,3,59,17,36,34,77,25,22,53,30,75,88,6,78,66,3,16,48,59,3,100,91,94,78,8,16,8,8,91,23,14,78,36,97,52,52,81,14,70,14,23,59,55,98,3,91,17,72,72,97,78,73,97,84,Pro League
Antwerp,7zibyotq1x1hq6pmgibhr0e6s,2tsn78gg5xyw81srfdn05hw8a,C. Scott,Christopher Scott,24.0,Midfielder,Germany,Midfielder,42.0,54.0,3.0,94.0,3.0,8.0,3.0,0.0,15.0,6.0,332.0,11.0,5.0,2.0,4.0,5.0,3.0,9.0,9.0,4.0,2.0,4.0,2.0,0.0,1.0,0.0,0.0,83.19,60.0,33.33,44.44,25.0,39.47,50.0,66.67,0.4865217827033956,0.3826974774577845,3.0,10.0,0.25933493,3.0,10.0,7.0,0.6956709,41.0,11.385542168674698,14.638554216867467,0.8132530120481927,25.48192771084337,0.8132530120481927,2.1686746987951806,0.8132530120481927,0.0,4.066265060240964,1.6265060240963851,2.9819277108433733,1.355421686746988,0.5421686746987951,1.0843373493975903,1.355421686746988,0.8132530120481927,2.439759036144578,2.439759036144578,1.0843373493975903,0.5421686746987951,1.0843373493975903,0.5421686746987951,0.0,0.2710843373493976,0.0,0.0,83.19,60.0,33.33,44.44,25.0,39.47,50.0,66.67,0.1318884350701976,0.1037432920819295,0.8132530120481927,2.710843373493976,0.0703016376506024,0.8132530120481927,2.710843373493976,1.897590361445783,0.188585484939759,11.1144578313253,CM/AM,26,13,24,13,46,59,46,52,20,72,43,46,33,15,74,65,59,59,61,59,54,22,35,59,52,52,65,65,57,63,37,26,61,78,48,22,67,61,61,26,17,4,43,13,48,17,22,26,57,74,52,52,30,78,52,61,35,17,91,74,78,78,65,65,74,26,35,61,52,52,65,65,57,63,37,26,61,78,52,22,83,78,74,43,30,9,65,17,Pro League
Antwerp,7zibyotq1x1hq6pmgibhr0e6s,34j9ml9hy9yfe33ff4n1y1udw,M. Fofana,Modibo Fofana,18.0,Midfielder,Côte d'Ivoire,Midfielder,37.0,74.0,1.0,109.0,1.0,8.0,3.0,0.0,29.0,1.0,403.0,10.0,10.0,2.0,12.0,5.0,3.0,19.0,21.0,7.0,1.0,8.0,6.0,0.0,0.0,0.0,0.0,86.51,25.0,20.0,42.11,12.5,44.62,14.29,60.0,0.5296757014171883,0.8663156467845997,5.0,23.0,0.54232941,12.0,14.0,15.0,0.4446905800000001,51.0,8.26302729528536,16.52605459057072,0.2233250620347394,24.3424317617866,0.2233250620347394,1.7866004962779156,0.6699751861042184,0.0,6.476426799007444,0.2233250620347394,2.2332506203473943,2.2332506203473943,0.4466501240694789,2.679900744416873,1.1166253101736971,0.6699751861042184,4.2431761786600495,4.689826302729529,1.563275434243176,0.2233250620347394,1.7866004962779156,1.3399503722084367,0.0,0.0,0.0,0.0,86.51,25.0,20.0,42.11,12.5,44.62,14.29,60.0,0.1182898588772877,0.1934699955598361,1.1166253101736971,5.136476426799008,0.1211157491315136,2.679900744416873,3.126550868486352,3.349875930521092,0.0993105513647642,11.389578163771713,CM/AM,13,28,9,26,15,59,46,52,70,11,26,87,33,52,74,65,96,100,91,37,96,50,35,24,52,52,91,13,22,52,26,48,9,67,52,48,85,96,91,91,41,33,30,17,9,26,4,17,17,52,43,52,87,9,35,96,26,74,83,65,100,100,96,30,96,52,35,24,52,52,91,13,22,52,26,48,9,67,48,43,91,96,96,96,39,30,22,22,Pro League
Antwerp,7zibyotq1x1hq6pmgibhr0e6s,5zjacoh19zbmoesxqcxep2u50,X. Dierckx,Xander Dierckx,17.0,Midfielder,Belgium,Midfielder,46.0,56.0,2.0,101.0,9.0,1.0,1.0,0.0,28.0,5.0,484.0,10.0,4.0,1.0,4.0,0.0,0.0,12.0,12.0,5.0,0.0,5.0,7.0,0.0,1.0,0.0,0.0,71.13,50.0,33.33,41.67,0.0,41.79,50.0,70.0,0.2457543991056377,0.2748917365777655,0.0,2.0,0.04347372,1.0,10.0,10.0,0.4344297299999998,57.0,8.553719008264462,10.413223140495868,0.371900826446281,18.78099173553719,1.6735537190082643,0.1859504132231405,0.1859504132231405,0.0,5.206611570247934,0.9297520661157024,1.8595041322314048,0.743801652892562,0.1859504132231405,0.743801652892562,0.0,0.0,2.2314049586776856,2.2314049586776856,0.9297520661157024,0.0,0.9297520661157024,1.3016528925619837,0.0,0.1859504132231405,0.0,0.0,71.13,50.0,33.33,41.67,0.0,41.79,50.0,70.0,0.0456981320650979,0.0511162320082621,0.0,0.371900826446281,0.0080839561983471,0.1859504132231405,1.8595041322314048,1.8595041322314048,0.0807823878099173,10.599173553719009,CM/AM,30,17,17,17,80,4,15,52,65,61,26,33,17,15,11,17,74,74,72,11,70,63,35,59,52,52,9,48,57,48,11,35,61,87,26,9,11,4,4,9,17,9,26,30,17,4,17,4,83,4,13,52,52,57,22,22,17,13,11,17,70,70,57,11,65,48,35,57,52,52,9,48,57,48,11,35,61,87,17,13,11,4,4,4,13,4,13,13,Pro League
Antwerp,7zibyotq1x1hq6pmgibhr0e6s,84ifgcsn9xuvyw4m4lrcf57v8,Álvaro Cortés,Álvaro Cortés,21.0,Defender,Spain,Defender,119.0,35.0,16.0,154.0,8.0,5.0,4.0,1.0,15.0,33.0,270.0,4.0,1.0,0.0,0.0,1.0,2.0,0.0,0.0,7.0,0.0,0.0,5.0,0.0,0.0,0.0,0.0,81.48,43.24,0.0,0.0,0.0,53.57,61.54,83.33,0.383764057633447,0.0,1.0,0.0,0.0,0.0,4.0,4.0,0.1850393299999999,85.0,39.66666666666666,11.666666666666666,5.333333333333333,51.333333333333336,2.6666666666666665,1.6666666666666667,1.3333333333333333,0.3333333333333333,5.0,11.0,1.3333333333333333,0.3333333333333333,0.0,0.0,0.3333333333333333,0.6666666666666666,0.0,0.0,2.333333333333333,0.0,0.0,1.6666666666666667,0.0,0.0,0.0,0.0,81.48,43.24,0.0,0.0,0.0,53.57,61.54,83.33,0.1279213525444823,0.0,0.3333333333333333,0.0,0.0,0.0,1.3333333333333333,1.3333333333333333,0.0616797766666666,28.33333333333333,CB,15,15,35,15,29,80,70,89,20,52,35,20,47,20,86,83,23,23,50,21,32,36,36,48,52,52,9,27,47,32,21,33,67,94,45,23,86,11,11,20,9,8,12,15,70,21,82,45,62,100,95,100,55,100,67,33,47,20,97,97,23,23,88,21,32,94,36,48,52,52,9,27,47,32,21,33,67,94,82,23,97,11,11,20,9,9,15,24,Pro League
Antwerp,7zibyotq1x1hq6pmgibhr0e6s,a0ecz4nlxrr62dcwixtmjiwyy,T. Somers,Thibo Somers,27.0,Attacker,Belgium,Striker,45.0,77.0,8.0,120.0,5.0,6.0,3.0,0.0,15.0,9.0,525.0,15.0,0.0,2.0,5.0,3.0,1.0,4.0,4.0,3.0,5.0,1.0,5.0,0.0,2.0,0.0,0.0,78.95,61.54,20.0,25.0,83.33,45.45,45.45,55.56,0.4592830750393842,0.4379795172790147,1.0,4.0,0.10209207,3.0,10.0,14.0,0.80030934,47.0,7.714285714285714,13.2,1.3714285714285714,20.571428571428573,0.8571428571428572,1.0285714285714287,0.5142857142857143,0.0,2.571428571428572,1.542857142857143,2.571428571428572,0.0,0.3428571428571428,0.8571428571428572,0.5142857142857143,0.1714285714285714,0.6857142857142857,0.6857142857142857,0.5142857142857143,0.8571428571428572,0.1714285714285714,0.8571428571428572,0.0,0.3428571428571428,0.0,0.0,78.95,61.54,20.0,25.0,83.33,45.45,45.45,55.56,0.078734241435323,0.0750822029621168,0.1714285714285714,0.6857142857142857,0.0175014977142857,0.5142857142857143,1.7142857142857144,2.4,0.1371958868571428,8.057142857142857,RW,86,79,86,79,86,25,29,50,46,93,43,7,50,50,57,21,11,11,64,82,18,64,25,79,54,54,57,57,43,29,100,57,79,46,21,50,21,14,14,43,89,64,79,71,71,50,71,43,71,29,14,50,14,86,21,7,43,29,36,14,7,7,43,71,14,43,25,71,54,54,57,57,43,29,100,57,79,46,14,21,7,7,7,36,57,36,57,43,Pro League
Antwerp,7zibyotq1x1hq6pmgibhr0e6s,a7ip51ik4rkqcvgdsh64ln09g,A. Vermeeren,Arthur Vermeeren,21.0,Midfielder,Belgium,Midfielder,44.0,57.0,3.0,98.0,1.0,1.0,0.0,0.0,8.0,5.0,270.0,4.0,0.0,3.0,4.0,1.0,0.0,4.0,5.0,5.0,0.0,3.0,3.0,0.0,0.0,0.0,0.0,84.48,33.33,50.0,75.0,0.0,33.33,25.0,75.0,0.0661373364512281,0.4140616990447966,0.0,4.0,0.1080125099999999,1.0,8.0,9.0,0.34118122,55.0,14.666666666666666,19.0,1.0,32.666666666666664,0.3333333333333333,0.3333333333333333,0.0,0.0,2.6666666666666665,1.6666666666666667,1.3333333333333333,0.0,1.0,1.3333333333333333,0.3333333333333333,0.0,1.3333333333333333,1.6666666666666667,1.6666666666666667,0.0,1.0,1.0,0.0,0.0,0.0,0.0,84.48,33.33,50.0,75.0,0.0,33.33,25.0,75.0,0.022045778817076,0.1380205663482655,0.0,1.3333333333333333,0.0360041699999999,0.3333333333333333,2.6666666666666665,3.0,0.1137270733333333,18.33333333333333,DM/CM,6,16,11,9,9,14,16,48,6,9,50,3,94,55,28,16,52,64,36,23,75,20,36,38,52,52,41,14,78,89,23,6,12,89,12,72,17,36,38,22,11,11,22,11,16,53,9,25,12,25,16,48,22,44,66,3,97,84,47,16,84,94,77,23,94,45,36,38,52,52,41,14,78,89,23,6,12,89,22,88,17,62,66,45,22,38,69,44,Pro League
Antwerp,7zibyotq1x1hq6pmgibhr0e6s,afymbx9eo87zau8mo99pakbu,M. Busi,Maxime Busi,26.0,Defender,Belgium,Defender,50.0,64.0,13.0,112.0,9.0,0.0,0.0,0.0,20.0,7.0,306.0,0.0,1.0,2.0,3.0,0.0,0.0,3.0,3.0,2.0,0.0,1.0,7.0,0.0,0.0,0.0,0.0,72.26,46.43,33.33,33.33,0.0,52.63,81.82,77.78,0.0,0.2668464758981992,0.0,5.0,0.11139085,2.0,16.0,13.0,0.7524071100000002,53.0,14.705882352941178,18.823529411764707,3.823529411764706,32.94117647058824,2.647058823529412,0.0,0.0,0.0,5.882352941176471,2.058823529411765,0.0,0.2941176470588235,0.5882352941176471,0.8823529411764706,0.0,0.0,0.8823529411764706,0.8823529411764706,0.5882352941176471,0.0,0.2941176470588235,2.058823529411765,0.0,0.0,0.0,0.0,72.26,46.43,33.33,33.33,0.0,52.63,81.82,77.78,0.0,0.0784842576171174,0.0,1.4705882352941178,0.0327620147058823,0.5882352941176471,4.705882352941177,3.823529411764706,0.2212962088235294,15.588235294117649,RB/RCB,12,22,64,12,72,6,12,48,26,10,6,12,48,46,26,20,28,28,6,30,30,44,42,38,52,52,16,64,74,38,30,44,100,88,6,40,22,48,40,32,56,40,64,16,32,72,88,36,80,6,12,48,72,28,6,12,52,52,26,20,36,36,12,30,36,92,42,38,52,52,16,64,74,38,30,44,100,88,6,56,22,60,56,40,92,68,80,40,Pro League
Antwerp,7zibyotq1x1hq6pmgibhr0e6s,axbyqn4r430cilb6lbnzpbuvo,R. Van Helden,Rein Van Helden,24.0,Defender,Belgium,Defender,196.0,85.0,21.0,281.0,9.0,3.0,3.0,0.0,20.0,24.0,450.0,5.0,1.0,0.0,1.0,0.0,1.0,1.0,1.0,7.0,1.0,1.0,6.0,1.0,0.0,0.0,0.0,87.54,53.85,0.0,100.0,33.33,48.78,52.94,66.67,0.3862370862779877,0.0616794455415458,0.0,6.0,0.11566264,2.0,22.0,16.0,0.39941253,178.0,39.2,17.0,4.2,56.2,1.8,0.6,0.6,0.0,4.0,4.8,1.0,0.2,0.0,0.2,0.0,0.2,0.2,0.2,1.4,0.2,0.2,1.2,0.2,0.0,0.0,0.0,87.54,53.85,0.0,100.0,33.33,48.78,52.94,66.67,0.0772474172555975,0.0123358891083091,0.0,1.2,0.023132528,0.4,4.4,3.2,0.0798825059999999,35.6,CB,42,48,59,42,35,47,52,39,39,20,47,20,47,55,36,61,55,55,50,62,71,52,83,48,52,52,36,55,47,95,68,21,42,58,48,55,36,77,76,73,64,39,33,42,64,61,70,67,36,58,61,39,30,24,55,21,47,58,36,67,55,55,58,73,73,52,91,48,52,52,36,55,47,95,68,21,42,58,55,52,36,85,85,73,64,39,39,58,Pro League
Antwerp,7zibyotq1x1hq6pmgibhr0e6s,bhsdb2mxe69qf71ft4390qfpw,E. Tuypens,Eran Tuypens,20.0,Defender,Belgium,Defender,63.0,85.0,8.0,143.0,4.0,3.0,2.0,0.0,15.0,9.0,307.0,2.0,2.0,5.0,6.0,1.0,0.0,6.0,6.0,9.0,2.0,2.0,5.0,1.0,1.0,0.0,0.0,82.66,50.0,31.25,33.33,66.67,45.45,36.36,71.43,0.1467463281847537,0.6642990352422167,1.0,7.0,0.15621146,5.0,14.0,15.0,0.7276327099999996,84.0,18.46905537459284,24.9185667752443,2.345276872964169,41.92182410423453,1.1726384364820848,0.8794788273615636,0.5863192182410424,0.0,4.397394136807818,2.638436482084691,0.5863192182410424,0.5863192182410424,1.4657980456026058,1.7589576547231272,0.2931596091205212,0.0,1.7589576547231272,1.7589576547231272,2.638436482084691,0.5863192182410424,0.5863192182410424,1.4657980456026058,0.2931596091205212,0.2931596091205212,0.0,0.0,82.66,50.0,31.25,33.33,66.67,45.45,36.36,71.43,0.0430200962105141,0.1947456455107475,0.2931596091205212,2.052117263843648,0.0457948905537459,1.4657980456026058,4.1042345276872965,4.397394136807818,0.2133125208469054,24.62540716612378,LB/LCB,21,48,35,21,29,31,33,46,12,12,19,35,71,69,33,12,69,67,75,81,52,38,90,85,52,52,67,83,69,31,96,17,29,79,12,75,35,58,58,62,42,35,62,38,38,83,50,62,46,58,62,46,50,33,21,54,100,96,42,12,79,75,92,100,75,67,100,96,52,52,67,83,69,31,96,17,29,79,21,96,42,83,75,83,62,54,83,71,Pro League
Antwerp,7zibyotq1x1hq6pmgibhr0e6s,bsl1uabxlj21ogpvn59kg1ixg,Y. Tsunashima,Yuto Tsunashima,26.0,Midfielder,Japan,Midfielder,178.0,97.0,20.0,275.0,27.0,3.0,2.0,0.0,43.0,46.0,540.0,2.0,2.0,0.0,0.0,1.0,0.0,4.0,4.0,10.0,0.0,3.0,4.0,0.0,0.0,0.0,0.0,84.36,44.44,0.0,75.0,0.0,67.19,79.41,36.36,0.4112434773443184,0.0,1.0,4.0,0.0820407,2.0,28.0,31.0,0.5025730499999999,183.0,29.666666666666668,16.166666666666668,3.333333333333333,45.833333333333336,4.5,0.5,0.3333333333333333,0.0,7.166666666666667,7.666666666666667,0.3333333333333333,0.3333333333333333,0.0,0.0,0.1666666666666666,0.0,0.6666666666666666,0.6666666666666666,1.6666666666666667,0.0,0.5,0.6666666666666666,0.0,0.0,0.0,0.0,84.36,44.44,0.0,75.0,0.0,67.19,79.41,36.36,0.0685405795573863,0.0,0.1666666666666666,0.6666666666666666,0.0136734499999999,0.3333333333333333,4.666666666666667,5.166666666666667,0.0837621749999999,30.5,DM/CM,86,44,73,62,100,48,66,48,88,100,30,17,25,8,28,16,52,47,75,23,75,31,36,38,52,52,38,34,25,89,23,100,97,16,62,8,45,36,22,47,66,73,47,78,84,38,78,59,100,38,62,48,88,100,25,16,25,8,22,16,47,44,77,23,69,22,36,38,52,52,38,34,25,89,23,100,97,16,62,8,47,31,22,45,62,78,44,78,Pro League
Antwerp,7zibyotq1x1hq6pmgibhr0e6s,cxa3j4u8eh5w947p1iba47yfo,I. Salah,Ibrahim Salah,25.0,Attacker,Morocco,Striker,30.0,67.0,7.0,92.0,1.0,10.0,6.0,0.0,14.0,1.0,330.0,12.0,0.0,5.0,6.0,4.0,2.0,18.0,18.0,0.0,2.0,9.0,3.0,0.0,0.0,0.0,0.0,84.4,87.5,27.78,50.0,20.0,34.15,12.5,75.0,0.6590825720578805,0.4378608021801757,2.0,16.0,0.44261326,3.0,7.0,8.0,0.6223806299999998,46.0,8.181818181818182,18.27272727272728,1.9090909090909087,25.090909090909093,0.2727272727272727,2.7272727272727275,1.6363636363636365,0.0,3.8181818181818175,0.2727272727272727,3.272727272727273,0.0,1.3636363636363638,1.6363636363636365,1.090909090909091,0.5454545454545455,4.909090909090909,4.909090909090909,0.0,0.5454545454545455,2.4545454545454546,0.8181818181818182,0.0,0.0,0.0,0.0,84.4,87.5,27.78,50.0,20.0,34.15,12.5,75.0,0.1797497923794219,0.1194165824127752,0.5454545454545455,4.363636363636364,0.1207127072727272,0.8181818181818182,1.9090909090909087,2.181818181818182,0.1697401718181817,12.545454545454549,LW,54,50,82,50,71,57,39,54,36,25,14,7,71,54,71,43,50,46,14,32,61,71,25,29,50,54,86,93,64,57,29,14,64,86,29,50,18,50,50,14,75,25,57,71,57,71,93,64,79,43,36,54,36,21,21,7,86,57,86,29,64,64,14,21,64,71,25,29,50,54,86,93,64,57,29,14,64,86,21,36,14,79,64,21,79,29,57,93,Pro League
Antwerp,7zibyotq1x1hq6pmgibhr0e6s,ep2btf7pz1gjsz6vm5cwi2qs4,L. Schelfhout,Luca Schelfhout,19.0,Defender,Belgium,Defender,35.0,42.0,6.0,76.0,5.0,3.0,0.0,1.0,20.0,14.0,251.0,1.0,2.0,1.0,2.0,3.0,0.0,4.0,5.0,5.0,1.0,1.0,9.0,0.0,0.0,0.0,0.0,75.25,35.29,33.33,25.0,33.33,51.28,83.33,75.0,0.1638862054417419,0.2139695103677288,1.0,4.0,0.0921235199999999,1.0,8.0,13.0,0.7119432600000001,40.0,12.54980079681275,15.0597609561753,2.1513944223107573,27.250996015936256,1.7928286852589643,1.0756972111553786,0.0,0.3585657370517928,7.171314741035857,5.0199203187251,0.3585657370517928,0.7171314741035857,0.3585657370517928,0.7171314741035857,1.0756972111553786,0.0,1.4342629482071714,1.7928286852589643,1.7928286852589643,0.3585657370517928,0.3585657370517928,3.227091633466136,0.0,0.0,0.0,0.0,75.25,35.29,33.33,25.0,33.33,51.28,83.33,75.0,0.0587639780468397,0.0767221351916159,0.3585657370517928,1.4342629482071714,0.0330323378486055,0.3585657370517928,2.8685258964143427,4.661354581673307,0.2552784597609562,14.342629482071716,LB/LCB,8,8,25,8,40,31,8,96,27,33,10,35,29,23,81,12,54,58,33,52,25,81,42,40,52,52,12,33,81,17,71,38,100,88,17,38,35,21,21,12,15,23,58,4,17,42,42,21,83,71,8,100,96,92,8,67,33,46,100,12,71,79,79,79,50,100,42,40,52,52,12,33,81,17,71,38,100,88,46,50,71,67,62,17,46,62,88,21,Pro League
Antwerp,7zibyotq1x1hq6pmgibhr0e6s,ex7y8oe78ewwmibz41qbmwhxx,M. Frey,Michael Frey,32.0,Attacker,Switzerland,Striker,29.0,68.0,2.0,97.0,35.0,17.0,16.0,0.0,50.0,11.0,543.0,44.0,6.0,0.0,4.0,1.0,4.0,10.0,13.0,4.0,8.0,3.0,4.0,4.0,0.0,0.0,0.0,65.54,28.57,0.0,30.0,47.06,56.18,66.04,66.67,1.9090114402613043,0.2793780701605168,3.0,2.0,0.05365512,2.0,6.0,4.0,0.0865565599999999,28.0,4.806629834254144,11.2707182320442,0.3314917127071823,16.07734806629834,5.801104972375691,2.81767955801105,2.6519337016574585,0.0,8.287292817679559,1.8232044198895028,7.292817679558011,0.994475138121547,0.0,0.6629834254143646,0.1657458563535911,0.6629834254143646,1.6574585635359116,2.154696132596685,0.6629834254143646,1.3259668508287292,0.4972375690607735,0.6629834254143646,0.6629834254143646,0.0,0.0,0.0,65.54,28.57,0.0,30.0,47.06,56.18,66.04,66.67,0.3164107359549123,0.0463057574851685,0.4972375690607735,0.3314917127071823,0.0088931138121546,0.3314917127071823,0.994475138121547,0.6629834254143646,0.0143463911602209,4.640883977900552,ST,79,79,50,79,96,82,91,51,94,97,100,40,34,46,46,74,62,71,88,91,59,85,90,34,51,51,21,26,34,29,68,94,100,71,76,32,68,21,24,56,60,38,18,57,62,65,44,62,97,68,71,51,94,94,94,24,34,24,38,59,56,62,88,76,41,74,79,34,51,51,21,26,34,29,68,94,100,71,62,21,71,18,21,47,53,21,12,44,Pro League
Sporting Charleroi,920raeoumft3q2wmvc296uceo,1g0hx1y7bkrsbf4t9fag0xmy2,Aiham Ousou,Aiham Hanz Ousou,26.0,Defender,Syria,Defender,268.0,92.0,24.0,360.0,11.0,5.0,5.0,0.0,33.0,30.0,540.0,9.0,6.0,0.0,0.0,0.0,2.0,3.0,3.0,10.0,1.0,1.0,10.0,1.0,0.0,0.0,0.0,90.68,57.14,0.0,33.33,20.0,62.26,61.11,66.67,0.6565997610791936,0.0,0.0,2.0,0.03996962,1.0,20.0,20.0,0.5011048999999999,254.0,44.66666666666666,15.333333333333334,4.0,60.0,1.8333333333333333,0.8333333333333334,0.8333333333333334,0.0,5.5,5.0,1.5,1.0,0.0,0.0,0.0,0.3333333333333333,0.5,0.5,1.6666666666666667,0.1666666666666666,0.1666666666666666,1.6666666666666667,0.1666666666666666,0.0,0.0,0.0,90.68,57.14,0.0,33.33,20.0,62.26,61.11,66.67,0.1094332935131989,0.0,0.0,0.3333333333333333,0.0066616033333333,0.1666666666666666,3.333333333333333,3.333333333333333,0.0835174833333333,42.333333333333336,CB,82,52,73,68,53,80,82,39,73,41,82,85,47,20,36,83,86,86,73,62,71,94,83,48,52,52,73,65,47,67,48,73,64,58,70,23,36,38,39,52,59,53,55,76,85,42,61,73,39,73,73,39,76,27,76,83,47,20,36,79,89,89,67,61,67,94,80,48,52,52,73,65,47,67,48,73,64,58,64,23,36,33,33,53,48,45,45,79,Pro League
Sporting Charleroi,920raeoumft3q2wmvc296uceo,2lm0c7eiwntew7sdkdpwi02y1,A. Scheidler,Aurélien Scheidler,28.0,Attacker,France,Striker,18.0,47.0,2.0,65.0,28.0,16.0,15.0,0.0,41.0,2.0,468.0,39.0,9.0,0.0,4.0,1.0,5.0,2.0,2.0,0.0,7.0,0.0,1.0,3.0,1.0,0.0,0.0,61.9,66.67,0.0,0.0,43.75,52.56,62.22,25.0,1.9441861053125624,0.3655434994297321,0.0,1.0,0.03511326,1.0,4.0,4.0,0.14881562,28.0,3.461538461538461,9.038461538461538,0.3846153846153846,12.5,5.384615384615384,3.0769230769230766,2.8846153846153846,0.0,7.884615384615384,0.3846153846153846,7.5,1.7307692307692306,0.0,0.7692307692307692,0.1923076923076923,0.9615384615384616,0.3846153846153846,0.3846153846153846,0.0,1.346153846153846,0.0,0.1923076923076923,0.5769230769230769,0.1923076923076923,0.0,0.0,61.9,66.67,0.0,0.0,43.75,52.56,62.22,25.0,0.3738819433293389,0.07029682681341,0.0,0.1923076923076923,0.0067525499999999,0.1923076923076923,0.7692307692307692,0.7692307692307692,0.0286183884615384,5.384615384615384,ST,41,56,50,54,88,75,84,51,82,41,94,76,34,46,46,87,10,10,22,85,7,34,75,76,51,51,15,75,34,7,60,88,94,28,79,41,16,13,15,34,44,38,29,57,35,44,50,47,94,76,82,51,88,29,97,68,34,38,44,82,6,6,22,79,7,32,76,71,51,51,15,75,34,7,60,88,94,28,74,38,16,15,15,32,35,29,26,53,Pro League
Sporting Charleroi,920raeoumft3q2wmvc296uceo,8ic5et3o15rkxyebpxy6y4mhh,A. Bernier,Antoine Bernier,29.0,Attacker,Belgium,Striker,23.0,62.0,0.0,83.0,7.0,7.0,7.0,0.0,18.0,1.0,314.0,21.0,5.0,2.0,6.0,0.0,2.0,11.0,12.0,2.0,1.0,4.0,0.0,0.0,0.0,0.0,0.0,83.84,0.0,18.18,36.36,14.29,47.37,63.64,0.0,0.6553002529486371,0.4666351665138186,1.0,13.0,0.4221747,7.0,5.0,11.0,0.7193006199999997,35.0,6.592356687898089,17.770700636942674,0.0,23.78980891719745,2.006369426751592,2.006369426751592,2.006369426751592,0.0,5.159235668789809,0.286624203821656,6.019108280254777,1.4331210191082802,0.5732484076433121,1.7197452229299364,0.0,0.5732484076433121,3.1528662420382165,3.4394904458598727,0.5732484076433121,0.286624203821656,1.1464968152866242,0.0,0.0,0.0,0.0,0.0,83.84,0.0,18.18,36.36,14.29,47.37,63.64,0.0,0.1878249132655329,0.1337489330772091,0.286624203821656,3.726114649681529,0.1210054872611465,2.006369426751592,1.4331210191082802,3.1528662420382165,0.2061689675159234,10.031847133757962,LW,21,43,14,39,100,21,50,54,50,25,50,64,39,54,7,43,21,21,57,14,21,7,25,29,50,54,79,14,36,14,14,50,100,7,21,57,7,36,36,71,54,64,71,57,14,64,14,43,100,21,57,54,57,29,64,79,43,64,7,43,36,36,57,14,21,7,25,29,50,54,79,14,36,14,14,50,100,7,36,50,7,50,71,79,57,64,64,64,Pro League
Sporting Charleroi,920raeoumft3q2wmvc296uceo,8n59b5l4lzz9ny4yrvl5p3wus,Y. Khalifi,Yassine Khalifi,21.0,Midfielder,Morocco,Midfielder,228.0,197.0,32.0,424.0,5.0,5.0,0.0,0.0,30.0,9.0,607.0,0.0,12.0,1.0,8.0,5.0,2.0,7.0,7.0,6.0,0.0,4.0,6.0,0.0,0.0,0.0,0.0,89.83,74.42,50.0,57.14,0.0,66.67,83.33,66.67,0.3008352558575254,0.4946534412853435,4.0,11.0,0.25252336,8.0,42.0,46.0,1.06936212,227.0,33.80560131795717,29.209225700164744,4.744645799011532,62.8665568369028,0.7413509060955519,0.7413509060955519,0.0,0.0,4.448105436573312,1.3344316309719937,0.0,1.7792421746293243,0.1482701812191103,1.186161449752883,0.7413509060955519,0.2965403624382207,1.037891268533773,1.037891268533773,0.8896210873146623,0.0,0.5930807248764415,0.8896210873146623,0.0,0.0,0.0,0.0,89.83,74.42,50.0,57.14,0.0,66.67,83.33,66.67,0.0446048979030927,0.0733423553800344,0.5930807248764415,1.6309719934102145,0.0374416843492586,1.186161449752883,6.227347611202636,6.820428336079077,0.158554515321252,33.65733113673806,DM/CM,97,88,97,97,50,66,16,48,66,39,8,95,62,86,94,81,91,88,48,23,89,56,36,38,52,52,78,84,78,70,23,95,100,73,59,78,95,78,78,92,91,94,88,94,94,84,94,94,34,62,16,48,53,25,8,97,53,75,88,78,75,69,38,23,78,34,36,38,52,52,78,84,78,70,23,95,100,73,47,66,94,69,69,91,88,91,78,91,Pro League
Sporting Charleroi,920raeoumft3q2wmvc296uceo,8zo4abj7d3ut3cry9tcsoglw,C. Keita,Cheick Keita,23.0,Defender,Mali,Defender,231.0,72.0,16.0,303.0,7.0,4.0,4.0,1.0,32.0,35.0,540.0,6.0,6.0,0.0,0.0,0.0,1.0,3.0,3.0,5.0,3.0,2.0,10.0,1.0,0.0,0.0,0.0,92.94,59.26,0.0,66.67,75.0,61.54,38.89,58.82,0.6612388537942956,0.0,0.0,4.0,0.08104383,2.0,13.0,13.0,0.34309265,203.0,38.5,12.0,2.6666666666666665,50.5,1.1666666666666667,0.6666666666666666,0.6666666666666666,0.1666666666666666,5.333333333333333,5.833333333333333,1.0,1.0,0.0,0.0,0.0,0.1666666666666666,0.5,0.5,0.8333333333333334,0.5,0.3333333333333333,1.6666666666666667,0.1666666666666666,0.0,0.0,0.0,92.94,59.26,0.0,66.67,75.0,61.54,38.89,58.82,0.1102064756323826,0.0,0.0,0.6666666666666666,0.0135073049999999,0.3333333333333333,2.1666666666666665,2.1666666666666665,0.0571821083333333,33.833333333333336,CB,61,36,35,55,21,65,70,89,67,56,59,85,47,20,36,61,86,86,18,95,89,94,83,48,52,52,94,85,47,82,94,67,9,42,76,23,36,62,64,73,33,24,27,55,61,24,33,39,12,62,65,91,70,42,55,83,47,20,36,62,89,89,12,97,95,94,80,48,52,52,94,85,47,82,94,67,9,42,67,23,36,64,67,70,26,15,12,42,Pro League
Sporting Charleroi,920raeoumft3q2wmvc296uceo,9r62za5c8wuxzvj6u81jjdgyc,F. Mbemba,Freddy Mbemba,23.0,Attacker,France,Striker,29.0,54.0,0.0,82.0,0.0,12.0,11.0,0.0,26.0,3.0,308.0,26.0,10.0,1.0,7.0,1.0,2.0,20.0,20.0,1.0,5.0,9.0,3.0,3.0,0.0,0.0,0.0,81.19,0.0,20.0,45.0,41.67,50.0,0.0,42.86,1.094682782232057,0.4323604245737209,4.0,10.0,0.35973728,4.0,4.0,8.0,0.31133271,31.0,8.474025974025974,15.77922077922078,0.0,23.96103896103896,0.0,3.5064935064935066,3.2142857142857144,0.0,7.597402597402597,0.8766233766233766,7.597402597402597,2.9220779220779223,0.2922077922077922,2.0454545454545454,0.2922077922077922,0.5844155844155845,5.8441558441558445,5.8441558441558445,0.2922077922077922,1.4610389610389611,2.62987012987013,0.8766233766233766,0.8766233766233766,0.0,0.0,0.0,81.19,0.0,20.0,45.0,41.67,50.0,0.0,42.86,0.3198748389639128,0.1263390851027106,1.168831168831169,2.9220779220779223,0.1051180363636363,1.168831168831169,1.168831168831169,2.337662337662338,0.0909738438311688,9.058441558441558,LW,39,29,14,29,32,71,82,54,71,75,75,86,21,68,18,43,57,57,36,82,61,71,96,29,50,54,57,14,50,43,82,71,32,36,79,43,46,21,21,29,43,25,14,50,64,43,14,50,32,93,100,54,100,71,86,93,14,86,14,50,79,79,36,93,71,79,100,29,50,54,57,14,50,43,82,71,32,36,86,43,57,21,43,43,50,36,14,50,Pro League
Sporting Charleroi,920raeoumft3q2wmvc296uceo,cmtcvsy5wgs03nvdomn1ijnpx,P. Pflücke,Patrick Pflücke,29.0,Attacker,Germany,Striker,57.0,95.0,10.0,138.0,2.0,17.0,9.0,0.0,11.0,1.0,469.0,18.0,3.0,14.0,17.0,8.0,1.0,6.0,6.0,1.0,8.0,2.0,2.0,1.0,2.0,0.0,0.0,82.14,62.5,31.11,33.33,47.06,37.93,28.57,50.0,1.3025811273264003,1.74757454298361,1.0,19.0,0.55363755,10.0,10.0,22.0,1.04873168,52.0,10.93816631130064,18.230277185501063,1.9189765458422168,26.4818763326226,0.3837953091684435,3.2622601279317696,1.7270788912579955,0.0,2.11087420042644,0.1918976545842217,3.4541577825159915,0.5756929637526652,2.686567164179104,3.2622601279317696,1.535181236673774,0.1918976545842217,1.1513859275053304,1.1513859275053304,0.1918976545842217,1.535181236673774,0.3837953091684435,0.3837953091684435,0.1918976545842217,0.3837953091684435,0.0,0.0,82.14,62.5,31.11,33.33,47.06,37.93,28.57,50.0,0.2499622632396077,0.3353554560096479,0.1918976545842217,3.646055437100213,0.1062417473347548,1.9189765458422168,1.9189765458422168,4.221748400852879,0.2012491496801705,9.978678038379533,RW,93,86,93,86,50,96,71,50,14,21,68,36,100,100,96,21,29,29,21,100,32,32,64,79,54,54,86,64,79,43,71,29,50,36,71,100,21,93,86,93,89,93,93,79,86,71,100,79,43,79,57,50,7,21,36,29,100,100,93,21,21,21,14,86,21,29,50,79,54,54,86,64,79,43,71,29,50,36,57,100,14,71,64,86,64,86,79,50,Pro League
Sporting Charleroi,920raeoumft3q2wmvc296uceo,czy9ac0vpru9je8zrlif013x0,A. Boukamir,Amine Boukamir,19.0,Midfielder,Morocco,Midfielder,200.0,133.0,18.0,333.0,4.0,3.0,1.0,0.0,19.0,8.0,481.0,2.0,3.0,0.0,2.0,2.0,1.0,4.0,4.0,5.0,2.0,2.0,6.0,1.0,0.0,0.0,0.0,89.04,56.25,0.0,50.0,66.67,37.25,36.36,60.0,0.1467480982496339,0.0902526180407187,2.0,7.0,0.15581755,1.0,18.0,21.0,0.4221696199999999,149.0,37.42203742203743,24.885654885654887,3.3679833679833684,62.30769230769232,0.7484407484407485,0.5613305613305614,0.1871101871101871,0.0,3.5550935550935554,1.496881496881497,0.3742203742203742,0.5613305613305614,0.0,0.3742203742203742,0.3742203742203742,0.1871101871101871,0.7484407484407485,0.7484407484407485,0.9355509355509356,0.3742203742203742,0.3742203742203742,1.1226611226611227,0.1871101871101871,0.0,0.0,0.0,89.04,56.25,0.0,50.0,66.67,37.25,36.36,60.0,0.0274580641215531,0.0168871842487831,0.3742203742203742,1.30977130977131,0.0291550509355509,0.1871101871101871,3.3679833679833684,3.9293139293139294,0.0789922365904365,27.879417879417883,DM/CM,94,66,69,81,39,48,42,48,38,30,30,30,25,30,53,52,52,47,36,77,52,56,84,38,52,52,75,55,25,56,94,9,23,58,28,28,70,61,59,22,47,53,31,66,97,75,81,91,38,47,47,48,34,28,28,25,25,28,50,53,50,50,41,78,56,50,91,38,52,52,75,55,25,56,94,9,23,58,28,22,69,59,53,25,44,50,38,72,Pro League
Sporting Charleroi,920raeoumft3q2wmvc296uceo,dx5c8gytsnffmw7bk8lihslhx,K. Van Den Kerkhof,Kévin Van Den Kerkhof,30.0,Defender,Algeria,Defender,112.0,120.0,24.0,226.0,2.0,11.0,5.0,0.0,35.0,21.0,626.0,16.0,5.0,6.0,9.0,6.0,5.0,19.0,19.0,9.0,2.0,7.0,12.0,2.0,2.0,0.0,0.0,82.78,48.98,14.63,36.84,18.18,50.0,25.0,57.14,0.7935128836370123,1.124748748572979,5.0,15.0,0.40533203,5.0,18.0,24.0,1.59613379,96.0,16.10223642172524,17.252396166134186,3.450479233226837,32.49201277955272,0.2875399361022364,1.5814696485623003,0.7188498402555911,0.0,5.031948881789138,3.0191693290734825,2.3003194888178915,0.7188498402555911,0.8626198083067093,1.293929712460064,0.8626198083067093,0.7188498402555911,2.731629392971246,2.731629392971246,1.293929712460064,0.2875399361022364,1.0063897763578276,1.7252396166134183,0.2875399361022364,0.2875399361022364,0.0,0.0,82.78,48.98,14.63,36.84,18.18,50.0,25.0,57.14,0.1140833219286439,0.1617050916478724,0.7188498402555911,2.1565495207667733,0.0582745730031948,0.7188498402555911,2.587859424920128,3.450479233226837,0.2294761039936102,13.801916932907348,RB/RCB,68,84,92,68,12,100,80,48,78,68,74,78,82,86,100,100,98,96,78,80,90,96,100,96,52,52,60,72,48,52,64,36,6,36,92,92,96,88,88,78,64,76,88,52,48,56,80,28,4,96,68,48,52,44,64,56,72,72,96,100,96,88,48,72,80,68,100,96,52,52,60,72,48,52,64,36,6,36,84,84,92,88,88,68,40,52,84,24,Pro League
Sporting Charleroi,920raeoumft3q2wmvc296uceo,e6q4f5xvhd5db3uv3h6ke68yx,M. Nzita,Mardochée Nzita,26.0,Defender,Belgium,Defender,133.0,144.0,28.0,270.0,3.0,10.0,6.0,0.0,40.0,19.0,608.0,17.0,11.0,7.0,16.0,4.0,3.0,10.0,11.0,8.0,1.0,3.0,14.0,0.0,0.0,0.0,0.0,78.49,45.9,33.33,30.0,10.0,57.14,25.0,60.87,0.6577619675699523,1.3258723337254072,3.0,19.0,0.58149103,10.0,37.0,37.0,1.919504340000001,153.0,19.6875,21.31578947368421,4.144736842105263,39.9671052631579,0.4440789473684211,1.480263157894737,0.8881578947368421,0.0,5.921052631578948,2.8125,2.5164473684210527,1.6282894736842106,1.0361842105263157,2.3684210526315788,0.5921052631578947,0.4440789473684211,1.480263157894737,1.6282894736842106,1.1842105263157894,0.1480263157894736,0.4440789473684211,2.0723684210526314,0.0,0.0,0.0,0.0,78.49,45.9,33.33,30.0,10.0,57.14,25.0,60.87,0.0973660807258153,0.1962639967685635,0.4440789473684211,2.8125,0.0860759748355263,1.480263157894737,5.476973684210527,5.476973684210527,0.2841371555921054,22.64802631578948,LB/LCB,62,88,92,71,19,94,94,46,96,62,96,96,90,100,96,94,81,79,65,52,73,100,42,40,52,52,42,75,81,21,38,62,12,50,92,100,94,100,100,96,85,79,100,71,46,79,83,54,17,92,92,46,88,38,92,92,83,100,88,88,75,67,50,42,67,88,42,40,52,52,42,75,81,21,38,62,12,50,79,100,88,100,100,88,83,71,100,58,Pro League
Sporting Charleroi,920raeoumft3q2wmvc296uceo,ebkhyti8l579bl8amir9zgl5g,J. Romsaas,Jakob Romsaas,22.0,Midfielder,Norway,Midfielder,75.0,138.0,11.0,206.0,9.0,14.0,9.0,0.0,36.0,9.0,556.0,26.0,7.0,7.0,15.0,5.0,1.0,12.0,12.0,6.0,6.0,7.0,9.0,1.0,3.0,0.0,0.0,85.83,78.57,41.18,58.33,42.86,47.37,52.94,69.23,1.3125345287449486,1.534764485951416,2.0,15.0,0.4055485199999999,5.0,27.0,29.0,0.96463941,91.0,12.140287769784171,22.33812949640288,1.7805755395683454,33.34532374100719,1.4568345323741008,2.2661870503597124,1.4568345323741008,0.0,5.827338129496403,1.4568345323741008,4.2086330935251794,1.1330935251798562,1.1330935251798562,2.4280575539568345,0.8093525179856115,0.1618705035971223,1.9424460431654675,1.9424460431654675,0.9712230215827338,0.9712230215827338,1.1330935251798562,1.4568345323741008,0.1618705035971223,0.4856115107913669,0.0,0.0,85.83,78.57,41.18,58.33,42.86,47.37,52.94,69.23,0.2124606251565564,0.2484331002439342,0.3237410071942446,2.4280575539568345,0.0656463431654676,0.8093525179856115,4.370503597122302,4.694244604316546,0.1561466670863309,14.730215827338128,CM/AM,70,78,70,78,80,87,89,52,74,83,87,59,63,78,74,37,74,74,80,91,89,78,76,91,52,52,87,87,87,83,89,57,70,83,91,78,48,78,74,59,87,83,65,63,57,65,65,65,74,83,83,52,70,70,78,39,48,57,70,35,52,52,61,91,78,65,70,87,52,52,87,87,87,83,89,57,70,83,83,65,35,65,65,39,78,70,57,43,Pro League
Standard Liège,5z1b7fuvpqe6vnigvopomvecu,67egm07kcdq82h39zpczw48yy,A. Trouillet,Alexis Trouillet,25.0,Midfielder,France,Midfielder,168.0,218.0,23.0,385.0,5.0,4.0,1.0,0.0,29.0,12.0,561.0,2.0,5.0,1.0,0.0,3.0,1.0,2.0,2.0,14.0,2.0,1.0,10.0,0.0,0.0,0.0,0.0,86.71,60.53,33.33,50.0,50.0,64.44,55.56,55.56,0.2062504218897294,0.0,3.0,23.0,0.44329326,2.0,47.0,40.0,0.7630461200000005,231.0,26.95187165775401,34.973262032085564,3.6898395721925135,61.76470588235294,0.8021390374331551,0.6417112299465241,0.160427807486631,0.0,4.652406417112299,1.925133689839572,0.320855614973262,0.8021390374331551,0.160427807486631,0.0,0.481283422459893,0.160427807486631,0.320855614973262,0.320855614973262,2.2459893048128343,0.320855614973262,0.160427807486631,1.60427807486631,0.0,0.0,0.0,0.0,86.71,60.53,33.33,50.0,50.0,64.44,55.56,55.56,0.0330883029769619,0.0,0.481283422459893,3.6898395721925135,0.071116565775401,0.320855614973262,7.540106951871658,6.4171122994652405,0.1224138160427808,37.05882352941176,DM/CM,78,91,89,91,50,58,42,48,59,62,30,56,62,8,70,52,23,23,95,77,33,77,36,38,52,52,53,59,58,56,80,91,66,47,41,8,88,100,94,47,97,88,81,97,78,94,84,88,47,56,44,48,66,53,22,47,62,8,72,47,22,22,88,75,28,72,36,38,52,52,53,59,58,56,80,91,66,47,34,8,91,100,94,41,94,88,72,97,Pro League
Standard Liège,5z1b7fuvpqe6vnigvopomvecu,6gm82ak9kys9wd1hpk878xdec,B. Nguene,Bernard Nguene,20.0,Attacker,Cameroon,Striker,14.0,36.0,2.0,50.0,14.0,16.0,14.0,0.0,25.0,4.0,421.0,30.0,5.0,0.0,3.0,2.0,4.0,16.0,16.0,1.0,3.0,4.0,0.0,1.0,1.0,0.0,0.0,74.63,100.0,0.0,25.0,18.75,35.71,37.84,0.0,2.0318766419307632,0.2052770003222648,3.0,7.0,0.1996360099999999,4.0,4.0,2.0,0.1538289499999998,15.0,2.9928741092636577,7.695961995249406,0.4275534441805225,10.688836104513063,2.9928741092636577,3.4204275534441804,2.9928741092636577,0.0,5.344418052256532,0.8551068883610451,6.413301662707839,1.0688836104513064,0.0,0.6413301662707838,0.4275534441805225,0.8551068883610451,3.4204275534441804,3.4204275534441804,0.2137767220902612,0.6413301662707838,0.8551068883610451,0.0,0.2137767220902612,0.2137767220902612,0.0,0.0,74.63,100.0,0.0,25.0,18.75,35.71,37.84,0.0,0.4343679282037261,0.0438834442494152,0.6413301662707838,1.4964370546318289,0.0426775318289786,0.8551068883610451,0.8551068883610451,0.4275534441805225,0.0328850486935866,3.20665083135392,RW,14,21,32,14,100,86,100,50,71,75,93,54,14,21,36,89,82,79,21,57,46,11,64,54,54,54,29,96,14,29,29,18,71,11,100,14,64,36,29,61,21,7,14,7,7,7,21,7,100,86,93,50,50,64,86,50,14,14,29,71,71,50,21,50,43,11,57,43,54,54,29,96,14,29,29,18,71,11,93,14,64,29,29,43,21,7,7,7,Pro League
Standard Liège,5z1b7fuvpqe6vnigvopomvecu,7lfocbri1eyj151wuqodpnnpx,D. Dargahi,Dennis Dargahi,29.0,Attacker,Iran,Striker,11.0,51.0,3.0,62.0,13.0,12.0,10.0,0.0,22.0,0.0,466.0,28.0,7.0,0.0,5.0,2.0,1.0,4.0,4.0,0.0,9.0,2.0,0.0,4.0,1.0,0.0,0.0,72.94,75.0,0.0,50.0,75.0,35.48,34.21,0.0,1.5898122393821086,0.5825654294081059,1.0,7.0,0.4560486099999999,1.0,3.0,5.0,0.2288551199999999,21.0,2.124463519313305,9.84978540772532,0.5793991416309012,11.974248927038628,2.510729613733905,2.317596566523605,1.931330472103004,0.0,4.24892703862661,0.0,5.407725321888412,1.351931330472103,0.0,0.965665236051502,0.3862660944206008,0.1931330472103004,0.7725321888412017,0.7725321888412017,0.0,1.7381974248927037,0.3862660944206008,0.0,0.7725321888412017,0.1931330472103004,0.0,0.0,72.94,75.0,0.0,50.0,75.0,35.48,34.21,0.0,0.3070452822840982,0.1125126365809646,0.1931330472103004,1.351931330472103,0.0880780577253218,0.1931330472103004,0.5793991416309012,0.965665236051502,0.0441994866952789,4.055793991416309,ST,21,62,63,47,63,62,62,51,44,6,68,50,34,63,65,21,32,29,22,94,43,12,90,76,51,51,44,85,34,78,100,21,38,12,65,79,40,65,91,34,32,51,38,32,9,53,62,38,59,44,41,51,35,6,56,47,34,53,65,15,18,18,22,91,35,12,88,74,51,51,44,85,34,78,100,21,38,12,56,68,32,68,88,35,24,41,38,26,Pro League
Standard Liège,5z1b7fuvpqe6vnigvopomvecu,8c0qyjp37al7m4xfitzg802s4,S. Drammeh,Salieu Drammeh,23.0,Midfielder,Gambia,Midfielder,16.0,35.0,3.0,51.0,0.0,6.0,5.0,0.0,16.0,3.0,253.0,13.0,5.0,0.0,3.0,1.0,1.0,9.0,9.0,0.0,4.0,4.0,5.0,2.0,0.0,0.0,0.0,80.95,60.0,0.0,44.44,66.67,38.1,0.0,71.43,1.020545693322056,0.1567992445561724,2.0,6.0,0.2183120199999999,1.0,4.0,7.0,0.2804926199999999,21.0,5.691699604743083,12.450592885375496,1.067193675889328,18.14229249011857,0.0,2.134387351778656,1.7786561264822136,0.0,5.691699604743083,1.067193675889328,4.624505928853755,1.7786561264822136,0.0,1.067193675889328,0.3557312252964427,0.3557312252964427,3.2015810276679844,3.2015810276679844,0.0,1.4229249011857708,1.4229249011857708,1.7786561264822136,0.7114624505928854,0.0,0.0,0.0,80.95,60.0,0.0,44.44,66.67,38.1,0.0,71.43,0.3630399699564626,0.0557783873915237,0.7114624505928854,2.134387351778656,0.0776604023715414,0.3557312252964427,1.4229249011857708,2.490118577075099,0.0997799833992094,7.470355731225297,RM/RCM,20,20,40,20,20,60,80,60,40,40,80,80,20,60,60,40,80,80,20,80,70,60,100,50,60,60,60,100,20,60,100,20,20,80,80,60,60,60,60,20,20,20,40,20,20,40,60,20,20,80,100,60,60,60,80,100,20,60,60,60,80,80,20,100,80,100,100,50,60,60,60,100,20,60,100,20,20,80,100,60,60,80,80,20,20,20,60,20,Pro League
Standard Liège,5z1b7fuvpqe6vnigvopomvecu,8j92twrz92wxgtmmrtv9mt6y2,A. Abid,Adnane Abid,23.0,Midfielder,Belgium,Midfielder,66.0,160.0,11.0,225.0,1.0,16.0,12.0,0.0,39.0,3.0,630.0,55.0,10.0,1.0,14.0,4.0,3.0,29.0,32.0,4.0,7.0,14.0,7.0,3.0,2.0,0.0,0.0,74.75,73.33,11.11,48.28,43.75,44.83,12.5,50.0,1.3577604356926734,1.362981349477742,6.0,37.0,1.11567149,16.0,17.0,42.0,2.04903242,95.0,9.428571428571429,22.857142857142858,1.5714285714285714,32.142857142857146,0.1428571428571428,2.2857142857142856,1.7142857142857142,0.0,5.571428571428571,0.4285714285714285,7.857142857142857,1.4285714285714286,0.1428571428571428,2.0,0.5714285714285714,0.4285714285714285,4.142857142857143,4.571428571428571,0.5714285714285714,1.0,2.0,1.0,0.4285714285714285,0.2857142857142857,0.0,0.0,74.75,73.33,11.11,48.28,43.75,44.83,12.5,50.0,0.1939657765275247,0.1947116213539631,0.8571428571428571,5.285714285714286,0.1593816414285714,2.2857142857142856,2.4285714285714284,6.0,0.2927189171428571,13.571428571428571,LM/LCM,90,100,100,100,20,90,90,55,100,65,100,80,30,100,70,75,100,100,80,100,100,90,90,100,50,55,20,90,30,90,70,30,20,30,100,100,85,100,100,100,90,100,100,100,60,90,100,90,10,90,70,55,90,60,100,35,30,100,60,50,90,90,50,90,90,60,70,100,50,55,20,90,30,90,70,30,20,30,70,100,80,90,80,90,90,100,100,100,Pro League
Standard Liège,5z1b7fuvpqe6vnigvopomvecu,aplp0s17kil5g82uz5sicn622,I. Hautekiet,Ibe Hautekiet,24.0,Defender,Belgium,Defender,250.0,110.0,24.0,360.0,20.0,4.0,3.0,0.0,32.0,42.0,630.0,7.0,1.0,0.0,0.0,1.0,2.0,2.0,2.0,12.0,1.0,0.0,9.0,0.0,0.0,0.0,0.0,86.75,58.54,0.0,0.0,25.0,54.24,54.05,81.82,0.4180371703319265,0.0,1.0,5.0,0.09958383,2.0,20.0,18.0,0.4422354399999996,255.0,35.714285714285715,15.714285714285714,3.4285714285714284,51.42857142857143,2.857142857142857,0.5714285714285714,0.4285714285714285,0.0,4.571428571428571,6.0,1.0,0.1428571428571428,0.0,0.0,0.1428571428571428,0.2857142857142857,0.2857142857142857,0.2857142857142857,1.7142857142857142,0.1428571428571428,0.0,1.2857142857142858,0.0,0.0,0.0,0.0,86.75,58.54,0.0,0.0,25.0,54.24,54.05,81.82,0.0597195957617037,0.0,0.1428571428571428,0.7142857142857143,0.0142262614285714,0.2857142857142857,2.857142857142857,2.571428571428572,0.0631764914285713,36.42857142857143,CB,70,73,73,68,82,65,52,39,67,71,71,20,47,20,86,83,73,73,82,62,32,82,36,48,52,52,27,76,47,32,55,36,45,88,55,23,86,71,70,73,59,48,45,79,45,55,52,48,71,53,47,39,45,52,55,11,47,20,76,73,70,70,70,45,32,65,36,48,52,52,27,76,47,32,55,36,45,88,45,23,77,70,70,67,39,27,21,64,Pro League
Standard Liège,5z1b7fuvpqe6vnigvopomvecu,bvw5oc4c040ey5dt5wn0choiy,G. Mortensen,Gustav Mortensen,22.0,Defender,Denmark,Defender,82.0,71.0,11.0,149.0,2.0,2.0,2.0,0.0,18.0,14.0,423.0,3.0,2.0,4.0,4.0,0.0,0.0,3.0,4.0,3.0,2.0,1.0,8.0,0.0,0.0,0.0,0.0,77.6,37.93,26.67,33.33,100.0,50.0,25.0,61.54,0.2438435138710015,0.3539198748146012,0.0,8.0,0.2013288,7.0,11.0,11.0,0.6634078399999997,74.0,17.4468085106383,15.106382978723405,2.3404255319148937,31.702127659574465,0.425531914893617,0.425531914893617,0.425531914893617,0.0,3.829787234042553,2.978723404255319,0.6382978723404255,0.425531914893617,0.851063829787234,0.851063829787234,0.0,0.0,0.6382978723404255,0.851063829787234,0.6382978723404255,0.425531914893617,0.2127659574468085,1.702127659574468,0.0,0.0,0.0,0.0,77.6,37.93,26.67,33.33,100.0,50.0,25.0,61.54,0.0518815986959577,0.0753021010243832,0.0,1.702127659574468,0.042835914893617,1.4893617021276595,2.3404255319148937,2.3404255319148937,0.141150604255319,15.74468085106383,LB/LCB,33,38,48,25,10,12,33,46,21,33,25,35,56,48,10,12,38,50,10,81,25,62,42,40,52,52,25,46,54,31,100,25,12,54,25,46,12,67,71,83,27,8,46,31,29,46,46,29,12,12,38,46,38,46,25,38,71,50,10,12,50,58,8,88,33,79,42,40,52,52,25,46,54,31,100,25,12,54,29,46,12,75,71,92,25,12,54,29,Pro League
Standard Liège,5z1b7fuvpqe6vnigvopomvecu,e7y864a5ba5mxozxq3yms1ogk,R. Touzghar,Rayan Touzghar,22.0,Midfielder,Morocco,Midfielder,100.0,155.0,9.0,249.0,4.0,3.0,3.0,0.0,18.0,10.0,471.0,13.0,7.0,6.0,9.0,0.0,2.0,7.0,7.0,6.0,1.0,3.0,1.0,0.0,0.0,0.0,0.0,85.27,50.0,33.33,42.86,33.33,37.5,33.33,25.0,0.2828736753514035,0.6855493079992931,0.0,13.0,0.29496348,8.0,13.0,18.0,0.5700904699999999,95.0,19.10828025477707,29.61783439490446,1.7197452229299364,47.5796178343949,0.7643312101910827,0.5732484076433121,0.5732484076433121,0.0,3.4394904458598727,1.910828025477707,2.484076433121019,1.3375796178343948,1.1464968152866242,1.7197452229299364,0.0,0.3821656050955413,1.3375796178343948,1.3375796178343948,1.1464968152866242,0.1910828025477706,0.5732484076433121,0.1910828025477706,0.0,0.0,0.0,0.0,85.27,50.0,33.33,42.86,33.33,37.5,33.33,25.0,0.0540522946531344,0.1309966830571897,0.0,2.484076433121019,0.0563624484076433,1.5286624203821657,2.484076433121019,3.4394904458598727,0.1089344847133757,18.15286624203821,CM/AM,87,87,63,91,57,28,46,52,28,89,59,59,57,43,11,48,35,35,80,37,39,9,35,24,52,52,78,48,57,57,70,15,30,11,35,39,11,70,65,83,35,41,35,78,83,83,61,91,48,22,39,52,22,87,43,57,52,28,11,52,39,39,74,26,39,9,35,24,52,52,78,48,57,57,70,15,30,11,22,26,11,74,52,83,22,35,30,74,Pro League
Standard Liège,5z1b7fuvpqe6vnigvopomvecu,ecnh65kkhku5mdkr3il4fl6tx,C. Nielsen,Casper Nielsen,32.0,Midfielder,Denmark,Midfielder,53.0,138.0,16.0,175.0,10.0,18.0,9.0,0.0,39.0,13.0,630.0,25.0,8.0,16.0,16.0,9.0,8.0,9.0,9.0,3.0,6.0,4.0,11.0,2.0,3.0,0.0,0.0,62.06,32.0,25.81,44.44,33.33,56.52,55.56,64.71,1.202524542135126,1.8088033510474448,5.0,9.0,0.36286074,6.0,29.0,44.0,1.7390526499999996,94.0,7.571428571428571,19.714285714285715,2.2857142857142856,25.0,1.4285714285714286,2.571428571428572,1.2857142857142858,0.0,5.571428571428571,1.8571428571428568,3.571428571428572,1.1428571428571428,2.2857142857142856,2.2857142857142856,1.2857142857142858,1.1428571428571428,1.2857142857142858,1.2857142857142858,0.4285714285714285,0.8571428571428571,0.5714285714285714,1.5714285714285714,0.2857142857142857,0.4285714285714285,0.0,0.0,62.06,32.0,25.81,44.44,33.33,56.52,55.56,64.71,0.171789220305018,0.2584004787210635,0.7142857142857143,1.2857142857142858,0.0518372485714285,0.8571428571428571,4.142857142857143,6.285714285714286,0.2484360928571428,13.428571428571429,CM/AM,35,78,85,52,89,100,89,52,96,100,83,72,100,87,98,100,59,59,39,91,54,96,91,91,52,52,4,26,26,63,70,78,74,74,83,96,85,50,70,72,91,96,100,72,4,39,78,22,70,96,74,52,61,83,65,43,91,48,87,96,30,30,26,87,35,78,87,78,52,52,4,26,26,63,70,78,74,74,74,83,70,30,48,52,70,87,78,30,Pro League
Standard Liège,5z1b7fuvpqe6vnigvopomvecu,eg2u042cthz9undb4xz0pu8rt,M. Fossey,Marlon Fossey,28.0,Defender,USA,Defender,77.0,117.0,10.0,188.0,8.0,7.0,7.0,0.0,25.0,18.0,518.0,24.0,3.0,6.0,7.0,0.0,2.0,5.0,5.0,8.0,0.0,2.0,10.0,0.0,1.0,0.0,0.0,76.73,55.56,35.29,40.0,0.0,65.79,61.54,76.92,0.644243319264049,0.6208357873494652,0.0,8.0,0.1988512999999999,10.0,15.0,16.0,0.8872635200000001,85.0,13.37837837837838,20.328185328185327,1.7374517374517375,32.664092664092664,1.38996138996139,1.2162162162162162,1.2162162162162162,0.0,4.343629343629344,3.1274131274131274,4.1698841698841695,0.5212355212355212,1.0424710424710424,1.2162162162162162,0.0,0.3474903474903475,0.8687258687258688,0.8687258687258688,1.38996138996139,0.0,0.3474903474903475,1.7374517374517375,0.0,0.1737451737451737,0.0,0.0,76.73,55.56,35.29,40.0,0.0,65.79,61.54,76.92,0.1119341674396996,0.1078672217402545,0.0,1.38996138996139,0.0345494536679536,1.7374517374517375,2.606177606177606,2.77992277992278,0.1541577544401544,14.768339768339768,RB/RCB,40,80,56,52,60,82,98,48,46,50,96,36,82,64,26,86,42,42,66,30,42,86,42,82,52,52,24,92,84,56,30,96,58,84,76,72,22,62,64,96,52,52,68,40,24,80,52,32,60,88,96,48,32,48,100,28,84,64,26,80,32,32,60,30,44,72,42,84,52,52,24,92,84,56,30,96,58,84,80,64,22,56,60,100,44,44,64,36,Pro League
Standard Liège,5z1b7fuvpqe6vnigvopomvecu,ekeuy0th5o4eam1hw7yf05qp6,I. Karamoko,Ibrahim Karamoko,25.0,Defender,France,Defender,247.0,108.0,19.0,355.0,20.0,4.0,4.0,0.0,38.0,50.0,630.0,7.0,6.0,0.0,2.0,0.0,0.0,1.0,1.0,7.0,0.0,0.0,9.0,0.0,1.0,0.0,0.0,89.42,51.35,0.0,0.0,0.0,58.46,55.56,75.0,0.497644827259383,0.1497565277172872,0.0,4.0,0.08088066,1.0,14.0,16.0,0.5745936899999999,171.0,35.285714285714285,15.428571428571429,2.7142857142857144,50.71428571428572,2.857142857142857,0.5714285714285714,0.5714285714285714,0.0,5.428571428571429,7.142857142857143,1.0,0.8571428571428571,0.0,0.2857142857142857,0.0,0.0,0.1428571428571428,0.1428571428571428,1.0,0.0,0.0,1.2857142857142858,0.0,0.1428571428571428,0.0,0.0,89.42,51.35,0.0,0.0,0.0,58.46,55.56,75.0,0.0710921181799118,0.0213937896738981,0.0,0.5714285714285714,0.01155438,0.1428571428571428,2.0,2.2857142857142856,0.0820848128571428,24.428571428571427,CB,67,68,48,64,82,65,70,39,82,92,71,85,47,80,36,24,55,55,50,21,32,82,36,98,52,52,58,48,47,32,21,52,52,79,67,85,36,62,61,52,41,39,64,36,42,45,38,42,71,53,58,39,73,79,55,73,47,67,36,24,47,47,32,21,32,65,36,97,52,52,58,48,47,32,21,52,52,79,48,73,36,58,58,44,21,18,42,12,Pro League
Union Saint-Gilloise,ecj1gmc7pqcjo4sc9hvghj5u3,153kk9y39c8lm57ng9mpvue50,O. Kričfaluši,Ondrej Kricfalusi,22.0,Defender,Czechia,Defender,127.0,68.0,12.0,195.0,7.0,6.0,4.0,0.0,28.0,15.0,456.0,5.0,0.0,0.0,2.0,2.0,2.0,3.0,3.0,8.0,2.0,2.0,11.0,0.0,0.0,0.0,0.0,82.28,44.44,0.0,66.67,33.33,58.33,50.0,57.89,0.6055126968343253,0.1412094223744822,2.0,1.0,0.02401521,2.0,12.0,20.0,0.3908351299999998,107.0,25.06578947368421,13.421052631578949,2.368421052631579,38.48684210526316,1.381578947368421,1.1842105263157896,0.7894736842105263,0.0,5.526315789473684,2.960526315789474,0.986842105263158,0.0,0.0,0.3947368421052631,0.3947368421052631,0.3947368421052631,0.5921052631578948,0.5921052631578948,1.5789473684210529,0.3947368421052631,0.3947368421052631,2.171052631578948,0.0,0.0,0.0,0.0,82.28,44.44,0.0,66.67,33.33,58.33,50.0,57.89,0.1195090849015115,0.0278702807318056,0.3947368421052631,0.1973684210526315,0.0047398440789473,0.3947368421052631,2.368421052631579,3.947368421052632,0.0771385124999999,21.11842105263158,LB/LCB,58,33,54,50,58,75,75,46,71,44,29,8,12,23,58,73,38,33,65,81,52,96,42,40,52,52,62,67,12,85,71,73,42,42,83,12,67,6,8,27,35,50,12,46,75,33,54,46,58,79,83,46,79,42,29,8,12,25,58,71,42,42,62,83,54,96,42,40,52,52,62,67,12,85,71,73,42,42,92,12,75,8,8,21,29,46,12,54,Pro League
Union Saint-Gilloise,ecj1gmc7pqcjo4sc9hvghj5u3,21abg7evjtjt6kzisu43jckmi,B. Zeneli,Besfort Zeneli,23.0,Midfielder,Sweden,Midfielder,54.0,126.0,6.0,170.0,2.0,13.0,10.0,0.0,22.0,3.0,528.0,27.0,8.0,10.0,18.0,3.0,3.0,17.0,17.0,1.0,7.0,7.0,2.0,2.0,4.0,0.0,0.0,86.73,66.67,30.3,41.18,53.85,43.14,50.0,40.0,1.3507901639843545,2.094529948494281,2.0,16.0,0.4912005,5.0,25.0,27.0,0.7630750099999997,94.0,9.204545454545457,21.47727272727273,1.0227272727272727,28.97727272727273,0.3409090909090909,2.215909090909092,1.7045454545454546,0.0,3.75,0.5113636363636364,4.602272727272728,1.3636363636363638,1.7045454545454546,3.0681818181818183,0.5113636363636364,0.5113636363636364,2.897727272727273,2.897727272727273,0.1704545454545454,1.1931818181818183,1.1931818181818183,0.3409090909090909,0.3409090909090909,0.6818181818181819,0.0,0.0,86.73,66.67,30.3,41.18,53.85,43.14,50.0,40.0,0.230248323406424,0.3570221503115252,0.3409090909090909,2.7272727272727275,0.0837273579545454,0.8522727272727273,4.261363636363637,4.602272727272728,0.1300696039772726,16.022727272727273,CM/AM,39,65,41,48,30,78,96,52,50,37,91,72,83,100,57,65,89,89,7,100,89,22,91,100,52,52,96,78,39,43,100,43,61,24,96,100,48,85,83,59,78,74,48,72,22,52,30,35,26,78,96,52,26,30,91,70,78,100,39,57,87,87,9,100,87,17,96,96,52,52,96,78,39,43,100,43,61,24,91,96,39,83,83,48,74,65,39,61,Pro League
Union Saint-Gilloise,ecj1gmc7pqcjo4sc9hvghj5u3,22jxcce215z6wnvswoc7icnze,R. Florucz,Raul Florucz,25.0,Attacker,Austria,Striker,14.0,33.0,0.0,47.0,0.0,12.0,10.0,0.0,13.0,0.0,246.0,29.0,5.0,0.0,4.0,2.0,3.0,9.0,10.0,0.0,6.0,4.0,1.0,4.0,0.0,0.0,0.0,74.6,0.0,0.0,44.44,50.0,38.24,0.0,25.0,1.4005553292205195,0.3231215699692198,5.0,7.0,0.27515932,3.0,2.0,6.0,0.4448284399999999,21.0,5.121951219512195,12.073170731707316,0.0,17.195121951219512,0.0,4.390243902439025,3.658536585365854,0.0,4.7560975609756095,0.0,10.609756097560975,1.829268292682927,0.0,1.4634146341463414,0.7317073170731707,1.0975609756097562,3.292682926829268,3.658536585365854,0.0,2.1951219512195124,1.4634146341463414,0.3658536585365853,1.4634146341463414,0.0,0.0,0.0,74.6,0.0,0.0,44.44,50.0,38.24,0.0,25.0,0.5123982911782389,0.1182152085253243,1.829268292682927,2.5609756097560976,0.100668043902439,1.0975609756097562,0.7317073170731707,2.1951219512195124,0.1627421121951219,7.682926829268292,RW,14,7,7,7,18,64,86,50,32,11,86,54,14,39,36,68,46,50,7,93,46,21,100,21,54,54,21,7,14,64,82,36,21,21,93,29,79,36,50,43,7,18,36,21,29,21,7,29,18,100,100,50,43,11,100,71,14,64,64,100,57,64,7,100,64,21,100,21,54,54,21,7,14,64,82,36,21,21,100,50,93,50,57,64,14,21,64,29,Pro League
Union Saint-Gilloise,ecj1gmc7pqcjo4sc9hvghj5u3,25ey2mcvgwz6ls2612os5hzv9,R. Schoofs,Rob Schoofs,32.0,Midfielder,Belgium,Midfielder,57.0,74.0,12.0,128.0,3.0,3.0,2.0,0.0,11.0,6.0,223.0,11.0,1.0,3.0,7.0,1.0,0.0,2.0,2.0,3.0,0.0,1.0,3.0,0.0,2.0,0.0,0.0,81.01,52.17,33.33,50.0,0.0,52.38,60.0,50.0,0.2830131180703238,0.5727072265084396,1.0,6.0,0.16756908,4.0,14.0,13.0,0.3496601499999999,59.0,23.00448430493273,29.86547085201793,4.84304932735426,51.65919282511211,1.210762331838565,1.210762331838565,0.8071748878923767,0.0,4.439461883408072,2.42152466367713,4.439461883408072,0.4035874439461883,1.210762331838565,2.825112107623318,0.4035874439461883,0.0,0.8071748878923767,0.8071748878923767,1.210762331838565,0.0,0.4035874439461883,1.210762331838565,0.0,0.8071748878923767,0.0,0.0,81.01,52.17,33.33,50.0,0.0,52.38,60.0,50.0,0.1142205409252428,0.2311374456760518,0.4035874439461883,2.42152466367713,0.0676287766816143,1.6143497757847534,5.650224215246636,5.246636771300448,0.1411184461883407,23.81165919282511,CM/AM,48,28,74,30,46,28,30,52,4,72,43,9,43,35,26,17,7,7,39,11,15,35,35,78,52,52,39,57,57,74,11,70,85,35,39,30,26,24,22,43,41,26,13,35,91,87,100,96,65,43,48,52,39,100,87,17,61,91,35,17,9,9,78,11,26,43,35,100,52,52,39,57,57,74,11,70,85,35,43,52,48,61,70,87,87,78,48,91,Pro League
Union Saint-Gilloise,ecj1gmc7pqcjo4sc9hvghj5u3,5ecklu1u6t21rhh8fh4zoq2cq,A. Zorgane,Adem Zorgane,26.0,Midfielder,Algeria,Midfielder,128.0,196.0,18.0,319.0,1.0,9.0,8.0,0.0,24.0,2.0,453.0,29.0,4.0,5.0,14.0,1.0,3.0,10.0,10.0,3.0,3.0,6.0,10.0,1.0,0.0,0.0,0.0,85.29,62.07,62.5,60.0,33.33,55.81,33.33,76.92,0.8372286877888637,1.1649782498257606,1.0,18.0,0.49693554,7.0,31.0,37.0,1.53547562,177.0,25.430463576158942,38.94039735099338,3.576158940397351,63.37748344370861,0.1986754966887417,1.7880794701986755,1.589403973509934,0.0,4.768211920529802,0.3973509933774835,5.761589403973511,0.794701986754967,0.9933774834437088,2.781456953642384,0.1986754966887417,0.5960264900662252,1.9867549668874167,1.9867549668874167,0.5960264900662252,0.5960264900662252,1.1920529801324504,1.9867549668874167,0.1986754966887417,0.0,0.0,0.0,85.29,62.07,62.5,60.0,33.33,55.81,33.33,76.92,0.1663368253885159,0.231452632415714,0.1986754966887417,3.576158940397351,0.098728915231788,1.390728476821192,6.158940397350993,7.3509933774834435,0.3050613814569536,35.16556291390729,CM/AM,96,100,96,100,15,65,83,52,59,26,96,33,52,70,26,65,65,65,39,72,80,87,76,24,52,52,83,70,96,91,70,74,30,93,65,52,26,91,87,78,96,91,87,100,100,100,91,100,9,57,91,52,48,26,96,26,43,87,26,61,57,57,35,74,83,91,74,24,52,52,83,70,96,91,70,74,30,93,70,57,26,91,87,74,96,96,100,100,Pro League
Union Saint-Gilloise,ecj1gmc7pqcjo4sc9hvghj5u3,6hegcsq0b6c0y3k0hyymu1o2c,Guilherme Smith,Guilherme Henriques da Silva Carvalho,23.0,Midfielder,Brazil,Midfielder,47.0,90.0,4.0,133.0,1.0,17.0,13.0,0.0,29.0,2.0,504.0,36.0,8.0,4.0,10.0,4.0,7.0,22.0,22.0,3.0,5.0,10.0,6.0,1.0,1.0,0.0,0.0,82.1,36.36,18.18,45.45,29.41,46.77,50.0,60.0,1.3044641531488348,1.0231576168107204,9.0,28.0,0.9081983199999998,14.0,12.0,26.0,1.3357887400000004,59.0,8.392857142857144,16.071428571428573,0.7142857142857143,23.75,0.1785714285714285,3.035714285714286,2.321428571428572,0.0,5.178571428571429,0.3571428571428571,6.428571428571429,1.4285714285714286,0.7142857142857143,1.7857142857142858,0.7142857142857143,1.25,3.928571428571429,3.928571428571429,0.5357142857142857,0.8928571428571429,1.7857142857142858,1.0714285714285714,0.1785714285714285,0.1785714285714285,0.0,0.0,82.1,36.36,18.18,45.45,29.41,46.77,50.0,60.0,0.2329400273480062,0.1827067172876286,1.6071428571428572,5.0,0.1621782714285714,2.5,2.142857142857143,4.642857142857143,0.2385337035714286,10.535714285714286,LM/LCM,60,70,55,60,20,100,100,55,75,50,90,50,65,90,70,95,85,80,55,75,90,75,55,85,50,55,80,20,40,70,30,50,60,55,90,90,100,90,90,90,70,90,90,60,50,50,50,50,30,100,100,55,70,50,80,35,60,80,80,100,80,80,40,80,80,70,60,80,50,55,80,20,40,70,30,50,60,55,80,90,100,80,90,100,60,90,90,50,Pro League
Union Saint-Gilloise,ecj1gmc7pqcjo4sc9hvghj5u3,6l6b2h05ja3klaamq9q4q7kl,N. Havenaar,Nikki Havenaar,31.0,Defender,Japan,Defender,82.0,34.0,4.0,116.0,10.0,0.0,0.0,0.0,14.0,12.0,215.0,4.0,2.0,0.0,1.0,0.0,0.0,0.0,0.0,2.0,0.0,0.0,1.0,0.0,0.0,0.0,0.0,88.55,44.44,0.0,0.0,0.0,43.75,52.63,50.0,0.0,0.0458600004328557,0.0,0.0,0.0,0.0,9.0,8.0,0.17571024,82.0,34.32558139534884,14.232558139534884,1.6744186046511629,48.55813953488372,4.186046511627907,0.0,0.0,0.0,5.8604651162790695,5.023255813953488,1.6744186046511629,0.8372093023255814,0.0,0.4186046511627907,0.0,0.0,0.0,0.0,0.8372093023255814,0.0,0.0,0.4186046511627907,0.0,0.0,0.0,0.0,88.55,44.44,0.0,0.0,0.0,43.75,52.63,50.0,0.0,0.0191972094835209,0.0,0.0,0.0,0.0,3.767441860465116,3.3488372093023258,0.0735531237209302,34.32558139534884,CB,9,11,9,9,44,3,8,39,15,9,35,41,47,55,36,24,23,23,6,21,32,8,36,48,52,52,52,33,47,32,21,9,39,21,3,48,36,11,11,20,14,12,9,12,39,33,12,33,100,3,8,39,85,30,88,70,47,86,36,24,23,23,15,21,32,9,36,48,52,52,52,33,47,32,21,9,39,21,3,64,36,11,11,20,52,48,36,48,Pro League
Union Saint-Gilloise,ecj1gmc7pqcjo4sc9hvghj5u3,96ml60jhhp13c1aaxmbi6ebqh,K. Mac Allister,Kevin Mac Allister,28.0,Defender,Argentina,Defender,141.0,94.0,6.0,235.0,15.0,5.0,5.0,0.0,42.0,36.0,518.0,14.0,4.0,0.0,3.0,0.0,0.0,4.0,4.0,17.0,3.0,3.0,9.0,1.0,0.0,0.0,0.0,83.63,22.22,0.0,75.0,60.0,64.62,71.43,45.0,0.6767249091680614,0.3638107837104402,0.0,4.0,0.13996296,4.0,21.0,22.0,0.4720906799999998,142.0,24.498069498069498,16.332046332046332,1.0424710424710424,40.83011583011583,2.606177606177606,0.8687258687258688,0.8687258687258688,0.0,7.297297297297297,6.254826254826255,2.4324324324324325,0.694980694980695,0.0,0.5212355212355212,0.0,0.0,0.694980694980695,0.694980694980695,2.9536679536679538,0.5212355212355212,0.5212355212355212,1.5637065637065637,0.1737451737451737,0.0,0.0,0.0,83.63,22.22,0.0,75.0,60.0,64.62,71.43,45.0,0.1175776869210917,0.0632103678261382,0.0,0.694980694980695,0.0243178888030888,0.694980694980695,3.6486486486486487,3.8223938223938223,0.0820234772200771,24.67181467181468,RB/RCB,72,64,32,76,90,62,80,48,92,92,68,58,22,46,26,20,34,34,100,92,52,68,90,38,52,52,68,12,22,100,90,88,80,20,80,48,22,40,52,56,74,66,40,84,72,52,28,76,76,56,84,48,88,84,68,52,22,44,26,20,28,28,100,92,48,56,96,38,52,52,68,12,22,100,90,88,80,20,88,44,22,36,48,56,72,64,28,76,Pro League
Union Saint-Gilloise,ecj1gmc7pqcjo4sc9hvghj5u3,9nu5dnykoy7k7umy5icusq9ec,M. Biondic,Mateo Biondic,23.0,Attacker,Germany,Striker,23.0,54.0,0.0,76.0,17.0,12.0,12.0,0.0,31.0,2.0,425.0,27.0,8.0,1.0,9.0,0.0,1.0,7.0,9.0,2.0,4.0,1.0,3.0,2.0,4.0,0.0,0.0,76.77,0.0,20.0,14.29,33.33,42.47,44.74,60.0,1.630274114759338,0.8599449264293869,2.0,4.0,0.12946218,3.0,4.0,7.0,0.6853917999999999,30.0,4.870588235294117,11.43529411764706,0.0,16.094117647058823,3.6,2.541176470588235,2.541176470588235,0.0,6.564705882352941,0.4235294117647059,5.7176470588235295,1.6941176470588235,0.2117647058823529,1.9058823529411764,0.0,0.2117647058823529,1.4823529411764709,1.9058823529411764,0.4235294117647059,0.8470588235294118,0.2117647058823529,0.6352941176470588,0.4235294117647059,0.8470588235294118,0.0,0.0,76.77,0.0,20.0,14.29,33.33,42.47,44.74,60.0,0.3452345184196245,0.1821059844203407,0.4235294117647059,0.8470588235294118,0.0274155204705882,0.6352941176470588,0.8470588235294118,1.4823529411764709,0.1451417929411764,6.352941176470588,ST,60,65,12,65,74,62,69,51,71,41,62,62,76,85,19,21,47,50,78,49,22,72,59,99,51,51,62,12,74,18,49,47,59,63,68,88,53,44,44,69,44,60,82,65,65,68,12,65,74,53,65,51,68,32,74,62,76,88,19,18,47,53,74,50,18,71,56,100,51,51,62,12,74,18,49,47,59,63,71,91,50,32,44,65,41,62,85,71,Pro League
Union Saint-Gilloise,ecj1gmc7pqcjo4sc9hvghj5u3,co02e1gj8gq2l319gtuywkphw,M. Sylla,Massiré Sylla,21.0,Defender,Senegal,Defender,203.0,74.0,21.0,277.0,19.0,4.0,4.0,0.0,56.0,42.0,540.0,4.0,12.0,0.0,2.0,0.0,3.0,2.0,2.0,15.0,0.0,2.0,20.0,0.0,0.0,0.0,0.0,85.49,43.75,0.0,100.0,0.0,78.87,73.08,83.33,0.4503968260572433,0.1455753869937278,0.0,1.0,0.0241224,1.0,13.0,15.0,0.4358670799999997,189.0,33.833333333333336,12.333333333333334,3.5,46.16666666666666,3.1666666666666665,0.6666666666666666,0.6666666666666666,0.0,9.333333333333334,7.0,0.6666666666666666,2.0,0.0,0.3333333333333333,0.0,0.5,0.3333333333333333,0.3333333333333333,2.5,0.0,0.3333333333333333,3.333333333333333,0.0,0.0,0.0,0.0,85.49,43.75,0.0,100.0,0.0,78.87,73.08,83.33,0.0750661376762072,0.0242625644989546,0.0,0.1666666666666666,0.0040203999999999,0.1666666666666666,2.1666666666666665,2.5,0.0726445133333332,31.5,CB,50,44,59,39,76,65,70,39,100,71,35,98,47,80,36,94,73,73,94,21,89,100,36,48,52,52,23,30,47,95,21,100,97,94,61,82,36,26,30,52,33,32,42,45,32,27,55,30,82,62,65,39,100,71,32,100,47,77,36,91,76,76,91,21,95,100,36,48,52,52,23,30,47,95,21,100,97,94,52,82,36,24,27,53,26,23,33,36,Pro League
Union Saint-Gilloise,ecj1gmc7pqcjo4sc9hvghj5u3,cvj94urofvi1bsumwo717h9n8,R. Mofokeng,Relebohile Mofokeng,21.0,Attacker,South Africa,Striker,22.0,67.0,5.0,88.0,2.0,9.0,7.0,0.0,6.0,2.0,254.0,16.0,0.0,1.0,4.0,2.0,2.0,3.0,3.0,0.0,6.0,1.0,1.0,3.0,1.0,0.0,0.0,79.28,83.33,33.33,33.33,66.67,37.5,33.33,33.33,1.2489479543869728,0.4133099033373913,1.0,10.0,0.2949694799999999,4.0,6.0,5.0,0.3097306399999999,35.0,7.795275590551181,23.74015748031496,1.7716535433070866,31.18110236220472,0.7086614173228346,3.188976377952756,2.4803149606299213,0.0,2.125984251968504,0.7086614173228346,5.669291338582677,0.0,0.3543307086614173,1.4173228346456692,0.7086614173228346,0.7086614173228346,1.062992125984252,1.062992125984252,0.0,2.125984251968504,0.3543307086614173,0.3543307086614173,1.062992125984252,0.3543307086614173,0.0,0.0,79.28,83.33,33.33,33.33,66.67,37.5,33.33,33.33,0.4425406137591636,0.1464483909463197,0.3543307086614173,3.543307086614173,0.1045167448818897,1.4173228346456692,2.125984251968504,1.7716535433070866,0.1097470771653542,12.401574803149606,ST,53,76,78,71,26,41,41,51,6,41,28,4,76,46,65,41,21,19,22,72,22,34,75,76,51,51,76,91,94,40,93,26,32,34,56,53,40,82,71,81,60,51,56,76,82,97,97,97,35,85,62,51,6,65,71,4,85,74,79,65,26,24,22,100,26,44,97,85,51,51,76,91,94,40,93,26,32,34,88,82,41,97,97,91,85,71,71,94,Pro League
Union Saint-Gilloise,ecj1gmc7pqcjo4sc9hvghj5u3,dmk8usvqtzv60bwkoxk7kfqxg,L. Patris,Louis Patris,25.0,Defender,Belgium,Defender,60.0,83.0,6.0,138.0,7.0,5.0,5.0,0.0,32.0,9.0,547.0,23.0,5.0,5.0,8.0,0.0,1.0,11.0,13.0,14.0,3.0,4.0,9.0,1.0,0.0,0.0,0.0,73.02,37.5,33.33,36.36,60.0,43.84,43.75,56.25,0.481531679944117,0.9710792781800855,0.0,4.0,0.12926808,4.0,8.0,9.0,1.26198236,57.0,9.87202925045704,13.656307129798904,0.9872029250457038,22.70566727605119,1.1517367458866543,0.8226691042047533,0.8226691042047533,0.0,5.2650822669104205,1.480804387568556,3.784277879341865,0.8226691042047533,0.8226691042047533,1.3162705667276051,0.0,0.1645338208409506,1.809872029250457,2.1389396709323583,2.303473491773309,0.4936014625228519,0.6581352833638026,1.480804387568556,0.1645338208409506,0.0,0.0,0.0,73.02,37.5,33.33,36.36,60.0,43.84,43.75,56.25,0.0792282471571673,0.1597753839784418,0.0,0.6581352833638026,0.0212689711151736,0.6581352833638026,1.3162705667276051,1.480804387568556,0.20763877952468,9.378427787934188,RB/RCB,24,56,32,28,50,62,80,48,70,18,90,78,72,76,26,58,78,80,92,92,66,68,90,38,52,52,20,42,74,48,90,16,36,32,60,84,22,40,48,56,24,22,80,20,16,36,20,12,52,52,80,48,60,16,96,76,68,76,26,56,68,68,92,88,56,48,92,38,52,52,20,42,74,48,90,16,36,32,60,80,22,32,40,52,16,12,76,12,Pro League
Union Saint-Gilloise,ecj1gmc7pqcjo4sc9hvghj5u3,eer6pzs9mfd5j1r2ic4j9dbvu,K. Van de Perre,Kamiel Van de Perre,22.0,Midfielder,Belgium,Midfielder,153.0,163.0,20.0,316.0,17.0,1.0,0.0,0.0,50.0,13.0,606.0,0.0,9.0,0.0,2.0,1.0,0.0,3.0,3.0,8.0,1.0,2.0,15.0,1.0,1.0,0.0,0.0,88.52,76.92,0.0,66.67,100.0,62.5,77.27,68.18,0.0552793574502542,0.1349394194115127,0.0,8.0,0.16761372,5.0,26.0,28.0,0.5834936299999999,148.0,22.722772277227723,24.207920792079207,2.9702970297029703,46.93069306930693,2.5247524752475248,0.1485148514851485,0.0,0.0,7.425742574257426,1.9306930693069304,0.0,1.3366336633663367,0.0,0.297029702970297,0.1485148514851485,0.0,0.4455445544554455,0.4455445544554455,1.188118811881188,0.1485148514851485,0.297029702970297,2.227722772277228,0.1485148514851485,0.1485148514851485,0.0,0.0,88.52,76.92,0.0,66.67,100.0,62.5,77.27,68.18,0.0082098055619189,0.0200405078333929,0.0,1.188118811881188,0.0248931267326732,0.7425742574257426,3.861386138613861,4.158415841584159,0.0866574698019801,21.98019801980198,DM/CM,69,75,73,69,97,14,16,48,97,72,8,88,25,30,28,16,31,31,64,56,52,100,84,86,52,52,72,91,25,77,98,81,94,78,9,38,17,72,66,77,59,66,66,62,66,69,69,66,97,9,16,48,91,56,8,75,25,22,19,16,28,28,50,53,44,91,81,81,52,52,72,91,25,77,98,81,94,78,9,28,17,53,50,72,56,56,47,53,Pro League
Beveren,ecakpwuj70mwiptbpd1i3xgzd,15hz6qslu7ovyn56a5w57xhbd,L. Mertens,Lennart Mertens,34.0,Attacker,Belgium,Striker,15.0,32.0,1.0,47.0,19.0,9.0,9.0,0.0,30.0,1.0,398.0,20.0,10.0,0.0,0.0,0.0,3.0,1.0,1.0,0.0,1.0,0.0,0.0,0.0,0.0,0.0,0.0,66.2,50.0,0.0,0.0,11.11,43.48,41.3,0.0,1.0725978911976752,0.0,0.0,2.0,0.0535479299999999,1.0,1.0,2.0,0.05441625,11.0,3.3919597989949746,7.236180904522612,0.2261306532663316,10.628140703517587,4.296482412060302,2.0351758793969847,2.0351758793969847,0.0,6.783919597989949,0.2261306532663316,4.522613065326633,2.2613065326633164,0.0,0.0,0.0,0.6783919597989949,0.2261306532663316,0.2261306532663316,0.0,0.2261306532663316,0.0,0.0,0.0,0.0,0.0,0.0,66.2,50.0,0.0,0.0,11.11,43.48,41.3,0.0,0.24254726182862,0.0,0.0,0.4522613065326633,0.0121088283919597,0.2261306532663316,0.2261306532663316,0.4522613065326633,0.012305182160804,2.487437185929648,ST,32,25,32,26,81,41,54,51,68,19,34,90,34,3,19,57,4,4,22,12,7,12,16,34,51,51,24,53,34,7,9,59,53,12,47,3,16,21,21,34,9,13,9,19,32,29,35,26,79,26,44,51,74,21,35,85,34,3,19,62,3,3,22,9,7,12,16,34,51,51,24,53,34,7,9,59,53,12,32,3,16,24,24,38,6,12,3,9,Pro League
Beveren,ecakpwuj70mwiptbpd1i3xgzd,3dvcke0jtnq9k7uubw9q6f10p,K. Abrahams,Kurt Abrahams,29.0,Attacker,South Africa,Striker,29.0,35.0,1.0,64.0,2.0,2.0,2.0,0.0,13.0,4.0,217.0,9.0,2.0,0.0,1.0,0.0,1.0,8.0,9.0,2.0,1.0,2.0,4.0,0.0,0.0,0.0,0.0,79.01,50.0,0.0,25.0,50.0,50.0,0.0,57.14,0.1947336409759402,0.0709607221048371,1.0,3.0,0.08076411,1.0,5.0,6.0,0.1226666199999999,29.0,12.027649769585254,14.516129032258066,0.4147465437788019,26.54377880184332,0.8294930875576038,0.8294930875576038,0.8294930875576038,0.0,5.391705069124424,1.6589861751152075,3.7327188940092166,0.8294930875576038,0.0,0.4147465437788019,0.0,0.4147465437788019,3.317972350230415,3.7327188940092166,0.8294930875576038,0.4147465437788019,0.8294930875576038,1.6589861751152075,0.0,0.0,0.0,0.0,79.01,50.0,0.0,25.0,50.0,50.0,0.0,57.14,0.0807651045522332,0.0294307142370292,0.4147465437788019,1.2442396313364057,0.0334966354838709,0.4147465437788019,2.0737327188940093,2.4884792626728114,0.0508755566820276,12.027649769585254,RW,64,14,14,36,50,7,11,50,32,75,11,29,14,7,7,21,36,39,43,21,32,46,25,21,54,54,64,43,14,29,82,71,21,57,7,7,21,7,7,11,36,18,7,36,93,64,14,86,64,7,29,50,57,93,43,36,14,7,7,29,64,79,64,29,36,93,25,21,54,54,64,43,14,29,82,71,21,57,29,7,36,14,14,14,79,43,14,93,Pro League
Beveren,ecakpwuj70mwiptbpd1i3xgzd,3s0tyude1pghox634ij87srft,S. Dewaele,Sieben Dewaele,27.0,Midfielder,Belgium,Midfielder,139.0,111.0,14.0,248.0,8.0,2.0,1.0,0.0,30.0,15.0,622.0,4.0,8.0,2.0,0.0,1.0,1.0,0.0,0.0,14.0,0.0,0.0,8.0,0.0,0.0,0.0,0.0,81.05,43.75,40.0,0.0,0.0,52.63,36.36,57.14,0.1607284198546921,0.0,1.0,4.0,0.093314,2.0,15.0,14.0,0.5160899699999999,124.0,20.112540192926044,16.061093247588424,2.02572347266881,35.88424437299035,1.157556270096463,0.2893890675241157,0.1446945337620578,0.0,4.340836012861736,2.170418006430868,0.5787781350482315,1.157556270096463,0.2893890675241157,0.0,0.1446945337620578,0.1446945337620578,0.0,0.0,2.02572347266881,0.0,0.0,1.157556270096463,0.0,0.0,0.0,0.0,81.05,43.75,40.0,0.0,0.0,52.63,36.36,57.14,0.0232565237731869,0.0,0.1446945337620578,0.5787781350482315,0.0135020257234726,0.2893890675241157,2.170418006430868,2.02572347266881,0.0746753975884244,17.942122186495176,DM/CM,59,56,58,56,67,33,42,48,66,80,50,83,83,8,28,52,8,8,95,23,14,70,36,38,52,52,25,31,70,14,23,50,23,52,34,8,45,36,28,47,30,27,50,48,50,34,47,44,62,22,38,48,44,66,41,66,81,8,16,38,8,8,84,23,14,56,36,38,52,52,25,31,70,14,23,50,23,52,25,8,41,22,16,31,16,9,28,34,Pro League
Beveren,ecakpwuj70mwiptbpd1i3xgzd,5auzs4fw49qr80b89baetcwt0,C. Lokesa,Chris Lokesa,21.0,Attacker,Belgium,Striker,41.0,95.0,6.0,135.0,4.0,13.0,7.0,0.0,35.0,1.0,531.0,33.0,8.0,1.0,3.0,6.0,7.0,37.0,42.0,5.0,4.0,17.0,3.0,3.0,0.0,0.0,0.0,84.38,54.55,7.14,45.95,30.77,43.21,50.0,50.0,1.462455341364877,0.322669231971864,7.0,22.0,0.56061392,9.0,10.0,14.0,0.75441219,57.0,6.949152542372881,16.101694915254235,1.0169491525423728,22.881355932203387,0.6779661016949152,2.2033898305084745,1.1864406779661016,0.0,5.932203389830508,0.1694915254237288,5.59322033898305,1.3559322033898304,0.1694915254237288,0.5084745762711864,1.0169491525423728,1.1864406779661016,6.271186440677965,7.11864406779661,0.847457627118644,0.6779661016949152,2.8813559322033897,0.5084745762711864,0.5084745762711864,0.0,0.0,0.0,84.38,54.55,7.14,45.95,30.77,43.21,50.0,50.0,0.247873786672013,0.0546897003342142,1.1864406779661016,3.7288135593220337,0.0950193084745762,1.5254237288135593,1.694915254237288,2.372881355932204,0.1278664728813559,9.66101694915254,ST,87,91,87,88,43,69,41,51,78,19,79,62,76,29,97,99,100,100,94,49,100,72,75,34,51,51,97,63,68,65,41,56,71,51,62,35,91,96,94,96,87,90,88,88,76,82,74,82,32,38,21,51,59,15,62,50,68,15,97,91,100,100,91,35,100,65,69,34,51,51,97,63,68,65,41,56,71,51,35,29,88,100,91,97,74,82,82,82,Pro League
Beveren,ecakpwuj70mwiptbpd1i3xgzd,5m7g9gg8drcqu44iavj7gwvrp,L. Jans,Laurent Jans,34.0,Defender,Luxembourg,Defender,149.0,110.0,20.0,252.0,6.0,2.0,0.0,0.0,17.0,12.0,630.0,4.0,6.0,7.0,3.0,2.0,2.0,2.0,2.0,6.0,0.0,0.0,3.0,0.0,0.0,0.0,0.0,79.0,50.0,35.0,0.0,0.0,44.74,30.0,60.0,0.1090138336905654,0.4031171711775204,2.0,8.0,0.18886046,4.0,27.0,38.0,1.1765559600000002,122.0,21.285714285714285,15.714285714285714,2.857142857142857,36.0,0.8571428571428571,0.2857142857142857,0.0,0.0,2.4285714285714284,1.7142857142857142,0.5714285714285714,0.8571428571428571,1.0,0.4285714285714285,0.2857142857142857,0.2857142857142857,0.2857142857142857,0.2857142857142857,0.8571428571428571,0.0,0.0,0.4285714285714285,0.0,0.0,0.0,0.0,79.0,50.0,35.0,0.0,0.0,44.74,30.0,60.0,0.0155734048129379,0.0575881673110743,0.2857142857142857,1.1428571428571428,0.0269800657142857,0.5714285714285714,3.857142857142857,5.428571428571429,0.1680794228571429,17.428571428571427,RB/RCB,80,72,84,80,44,26,12,48,12,36,36,90,90,46,72,86,22,22,48,30,12,16,42,38,52,52,32,80,80,12,30,20,12,56,12,52,72,62,60,56,88,92,76,64,64,44,76,60,40,12,12,48,4,24,20,82,80,40,64,72,20,20,28,30,12,12,42,38,52,52,32,80,80,12,30,20,12,56,12,40,60,52,52,36,76,92,68,52,Pro League
Beveren,ecakpwuj70mwiptbpd1i3xgzd,6dpxvfpnaua6y4gevop02qc8a,J. Margaritha,Jearl Margaritha,26.0,Attacker,Curaçao,Striker,30.0,56.0,0.0,83.0,0.0,12.0,9.0,0.0,20.0,1.0,334.0,26.0,4.0,3.0,2.0,3.0,3.0,25.0,26.0,5.0,7.0,13.0,3.0,2.0,1.0,0.0,0.0,80.58,0.0,18.75,52.0,58.33,43.48,0.0,100.0,1.2722858459431516,0.3297712983284308,5.0,14.0,0.43640594,6.0,1.0,4.0,0.5212858599999999,22.0,8.08383233532934,15.089820359281436,0.0,22.365269461077844,0.0,3.2335329341317363,2.4251497005988023,0.0,5.389221556886227,0.2694610778443114,7.005988023952096,1.0778443113772456,0.8083832335329341,0.5389221556886228,0.8083832335329341,0.8083832335329341,6.736526946107785,7.005988023952096,1.3473053892215567,1.8862275449101795,3.502994011976048,0.8083832335329341,0.5389221556886228,0.2694610778443114,0.0,0.0,80.58,0.0,18.75,52.0,58.33,43.48,0.0,100.0,0.3428315153739031,0.0888605294896969,1.3473053892215567,3.772455089820359,0.1175944149700598,1.616766467065868,0.2694610778443114,1.0778443113772456,0.1404662497005987,5.92814371257485,LW,54,36,14,39,32,71,68,54,57,25,75,54,54,14,43,64,86,86,96,96,86,71,82,71,50,54,50,14,43,64,100,43,32,96,86,21,68,43,43,54,7,7,29,7,50,29,14,21,32,79,71,54,71,14,71,57,57,14,50,71,93,93,100,100,93,64,93,79,50,54,50,14,43,64,100,43,32,96,93,21,71,57,57,57,7,7,36,14,Pro League
Beveren,ecakpwuj70mwiptbpd1i3xgzd,a375qgbjxnpucpz3hprf2fkr9,C. Brüls,Christian Brüls,37.0,Midfielder,Belgium,Midfielder,154.0,159.0,30.0,298.0,14.0,7.0,2.0,0.0,38.0,2.0,573.0,11.0,11.0,15.0,17.0,5.0,2.0,17.0,17.0,2.0,3.0,5.0,3.0,0.0,2.0,0.0,0.0,77.2,75.0,28.3,29.41,42.86,45.78,48.28,37.5,0.4582960245980501,1.6059222925382726,5.0,10.0,0.21413003,9.0,40.0,49.0,1.7159450000000005,128.0,24.18848167539268,24.9738219895288,4.712041884816754,46.80628272251309,2.198952879581152,1.099476439790576,0.3141361256544502,0.0,5.968586387434556,0.3141361256544502,1.7277486910994766,1.7277486910994766,2.356020942408377,2.6701570680628275,0.7853403141361257,0.3141361256544502,2.6701570680628275,2.6701570680628275,0.3141361256544502,0.4712041884816754,0.7853403141361257,0.4712041884816754,0.0,0.3141361256544502,0.0,0.0,77.2,75.0,28.3,29.41,42.86,45.78,48.28,37.5,0.071983668785034,0.2522391035400428,0.7853403141361257,1.5706806282722514,0.0336329890052356,1.4136125654450262,6.282722513089006,7.696335078534032,0.2695201570680629,20.104712041884817,CM/AM,100,91,100,96,100,48,30,52,89,26,43,91,96,96,74,48,89,89,17,72,70,35,35,78,52,52,26,83,30,30,89,52,52,17,43,87,85,61,39,87,100,100,96,96,96,74,96,87,91,39,22,52,78,22,17,78,96,70,65,48,83,83,17,61,57,22,35,74,52,52,26,83,30,30,89,52,52,17,30,74,78,39,22,78,100,100,91,83,Pro League
Beveren,ecakpwuj70mwiptbpd1i3xgzd,byalkz0dadd9zovwc3jcjv6l0,Y. Gomis,Yoni Gomis,20.0,Defender,France,Defender,217.0,74.0,21.0,291.0,6.0,1.0,1.0,1.0,26.0,30.0,529.0,2.0,4.0,0.0,1.0,0.0,0.0,2.0,2.0,17.0,1.0,1.0,8.0,1.0,0.0,0.0,0.0,90.65,55.26,0.0,50.0,100.0,61.9,46.15,53.33,0.1433846002081488,0.0498619694389845,0.0,3.0,0.05772713,0.0,9.0,16.0,0.3735933399999999,169.0,36.91871455576559,12.589792060491492,3.572778827977316,49.50850661625709,1.0207939508506616,0.1701323251417769,0.1701323251417769,0.1701323251417769,4.4234404536862,5.103969754253308,0.3402646502835538,0.6805293005671077,0.0,0.1701323251417769,0.0,0.0,0.3402646502835538,0.3402646502835538,2.892249527410208,0.1701323251417769,0.1701323251417769,1.3610586011342154,0.1701323251417769,0.0,0.0,0.0,90.65,55.26,0.0,50.0,100.0,61.9,46.15,53.33,0.0243943554229364,0.0084831327968026,0.0,0.5103969754253308,0.0098212508506616,0.0,1.5311909262759924,2.722117202268431,0.0635603035916824,28.7523629489603,CB,58,44,59,48,15,14,21,89,55,41,15,68,47,55,36,24,73,73,100,62,71,70,83,48,52,52,70,61,47,74,98,70,18,27,21,52,36,50,52,20,14,39,30,30,48,30,58,36,9,12,24,94,42,33,12,55,47,48,36,24,79,79,97,67,70,79,85,48,52,52,70,61,47,74,98,70,18,27,18,45,36,48,52,20,12,33,24,27,Pro League
Beveren,ecakpwuj70mwiptbpd1i3xgzd,dnovf1u4bk2fk1b9p5twynt1x,C. Janssens,Christophe Janssens,28.0,Defender,Belgium,Defender,176.0,134.0,25.0,305.0,11.0,5.0,2.0,1.0,29.0,29.0,593.0,9.0,4.0,5.0,7.0,3.0,1.0,3.0,3.0,13.0,1.0,2.0,8.0,0.0,0.0,0.0,0.0,78.41,35.21,25.0,66.67,20.0,52.73,55.0,66.67,0.3777883777383826,0.5877821633179282,1.0,6.0,0.14499449,5.0,41.0,41.0,1.152398929999999,180.0,26.711635750421586,20.337268128161888,3.794266441821248,46.29005059021922,1.669477234401349,0.7588532883642496,0.3035413153456998,0.1517706576728499,4.401349072512648,4.401349072512648,1.3659359190556493,0.6070826306913997,0.7588532883642496,1.0623946037099494,0.4553119730185497,0.1517706576728499,0.4553119730185497,0.4553119730185497,1.973018549747049,0.1517706576728499,0.3035413153456998,1.2141652613827991,0.0,0.0,0.0,0.0,78.41,35.21,25.0,66.67,20.0,52.73,55.0,66.67,0.0573371905505133,0.0892080854951324,0.1517706576728499,0.9106239460370996,0.0220059091062394,0.7588532883642496,6.222596964586847,6.222596964586847,0.1749003435075884,27.318718381112987,LB/LCB,88,83,88,83,83,62,33,96,79,92,62,67,71,85,81,42,38,33,88,52,52,62,42,40,52,52,38,29,50,85,54,46,62,69,54,62,35,50,54,62,100,88,75,92,83,75,79,75,71,52,23,96,54,88,54,58,62,71,77,31,29,25,83,48,46,50,42,40,52,52,38,29,50,85,54,46,62,69,42,58,25,33,33,58,100,79,67,83,Pro League
Beveren,ecakpwuj70mwiptbpd1i3xgzd,dwmmr57jqlzrzvkpxr01fnt3o,E. Kaboré,Elohim Kaboré,19.0,Attacker,Burkina Faso,Striker,12.0,32.0,1.0,44.0,1.0,7.0,7.0,0.0,15.0,2.0,230.0,13.0,8.0,0.0,1.0,0.0,1.0,3.0,3.0,0.0,4.0,1.0,3.0,1.0,0.0,0.0,0.0,77.19,50.0,0.0,33.33,57.14,42.86,7.14,60.0,0.7188141422851165,0.0874807577798934,0.0,3.0,0.1119597699999999,2.0,3.0,2.0,0.0354711,11.0,4.695652173913044,12.521739130434783,0.391304347826087,17.217391304347828,0.391304347826087,2.739130434782609,2.739130434782609,0.0,5.869565217391305,0.782608695652174,5.086956521739131,3.130434782608696,0.0,0.391304347826087,0.0,0.391304347826087,1.173913043478261,1.173913043478261,0.0,1.565217391304348,0.391304347826087,1.173913043478261,0.391304347826087,0.0,0.0,0.0,77.19,50.0,0.0,33.33,57.14,42.86,7.14,60.0,0.2812750991550456,0.034231600870393,0.0,1.173913043478261,0.0438103447826086,0.782608695652174,1.173913043478261,0.782608695652174,0.0138799956521739,4.304347826086957,ST,26,25,32,22,15,22,41,51,25,41,18,62,34,7,19,21,21,19,22,49,22,72,41,34,51,51,68,53,34,40,82,50,9,63,21,6,16,32,38,56,32,13,3,19,56,71,53,71,24,65,79,51,56,68,50,94,34,9,19,32,35,26,22,85,38,91,53,34,51,51,68,53,34,40,82,50,9,63,44,9,16,59,62,74,62,32,9,32,Pro League
Beveren,ecakpwuj70mwiptbpd1i3xgzd,eb1g4ku9fvwx9jc7hlwufotii,C. Conde,Cheick Conde,26.0,Midfielder,Guinea,Midfielder,78.0,73.0,8.0,151.0,11.0,2.0,0.0,0.0,35.0,11.0,401.0,2.0,7.0,0.0,6.0,2.0,1.0,6.0,6.0,13.0,0.0,3.0,10.0,0.0,0.0,0.0,0.0,77.84,42.11,0.0,50.0,0.0,56.45,50.0,71.43,0.1550902964628193,0.3472382831475537,2.0,3.0,0.06021123,0.0,16.0,16.0,0.389485,79.0,17.506234413965085,16.384039900249377,1.795511221945137,33.890274314214466,2.468827930174564,0.4488778054862842,0.0,0.0,7.855361596009975,2.468827930174564,0.4488778054862842,1.5710723192019949,0.0,1.346633416458853,0.4488778054862842,0.2244389027431421,1.346633416458853,1.346633416458853,2.917705735660848,0.0,0.6733167082294265,2.244389027431421,0.0,0.0,0.0,0.0,77.84,42.11,0.0,50.0,0.0,56.45,50.0,71.43,0.0348082959642237,0.0779337792600494,0.4488778054862842,0.6733167082294265,0.0135137423940149,0.0,3.591022443890274,3.591022443890274,0.0874155860349127,17.730673316708227,DM/CM,25,25,23,23,86,33,16,48,75,55,30,73,25,75,53,52,80,77,91,23,75,77,36,38,52,52,6,25,25,56,23,66,55,83,31,62,70,23,19,6,38,41,28,30,34,41,38,34,91,34,16,48,94,78,34,88,25,88,69,66,88,84,100,23,88,97,36,38,52,52,6,25,25,56,23,66,55,83,38,72,84,34,19,6,50,47,50,28,Pro League
Beveren,ecakpwuj70mwiptbpd1i3xgzd,eyvf8uu7jltbzalaov3qt1w5,B. Godeau,Bruno Godeau,34.0,Defender,Belgium,Defender,276.0,66.0,27.0,342.0,5.0,2.0,2.0,0.0,15.0,42.0,580.0,3.0,0.0,0.0,0.0,0.0,0.0,1.0,1.0,5.0,0.0,0.0,8.0,0.0,0.0,0.0,0.0,90.96,57.45,0.0,0.0,0.0,46.88,27.78,80.0,0.7688903613824954,0.0,0.0,0.0,0.0,0.0,10.0,17.0,0.4630780799999998,223.0,42.82758620689655,10.241379310344827,4.189655172413793,53.06896551724138,0.7758620689655172,0.3103448275862069,0.3103448275862069,0.0,2.327586206896552,6.517241379310344,0.4655172413793103,0.0,0.0,0.0,0.0,0.0,0.1551724137931034,0.1551724137931034,0.7758620689655172,0.0,0.0,1.2413793103448276,0.0,0.0,0.0,0.0,90.96,57.45,0.0,0.0,0.0,46.88,27.78,80.0,0.1193105733179734,0.0,0.0,0.0,0.0,0.0,1.5517241379310345,2.6379310344827585,0.0718569434482758,34.60344827586207,CB,85,26,80,61,11,30,35,39,20,71,23,3,47,20,36,24,55,55,18,21,32,70,36,48,52,52,85,70,47,32,21,12,6,85,82,23,36,11,11,20,21,45,48,64,76,12,67,52,6,27,36,39,6,64,18,3,47,20,36,24,52,52,9,21,32,55,36,48,52,52,85,70,47,32,21,12,6,85,76,23,36,11,11,20,15,30,30,55,Pro League
Beveren,ecakpwuj70mwiptbpd1i3xgzd,o4kr4okiukf3umpmnchnciz8,F. Slegers,Ferre Slegers,21.0,Midfielder,Belgium,Midfielder,34.0,72.0,1.0,102.0,2.0,7.0,5.0,0.0,18.0,4.0,304.0,11.0,3.0,4.0,6.0,2.0,3.0,7.0,7.0,3.0,1.0,2.0,6.0,0.0,1.0,0.0,0.0,73.38,14.29,66.67,28.57,14.29,37.5,18.18,54.55,0.533089827130601,0.6458051386831591,3.0,7.0,0.20883338,1.0,12.0,12.0,0.8429790799999999,52.0,10.06578947368421,21.31578947368421,0.2960526315789473,30.19736842105263,0.5921052631578947,2.0723684210526314,1.480263157894737,0.0,5.328947368421052,1.1842105263157894,3.256578947368421,0.8881578947368421,1.1842105263157894,1.7763157894736843,0.5921052631578947,0.8881578947368421,2.0723684210526314,2.0723684210526314,0.8881578947368421,0.2960526315789473,0.5921052631578947,1.7763157894736843,0.0,0.2960526315789473,0.0,0.0,73.38,14.29,66.67,28.57,14.29,37.5,18.18,54.55,0.1578226461899805,0.1911923107943563,0.8881578947368421,2.0723684210526314,0.0618256717105263,0.2960526315789473,3.5526315789473686,3.5526315789473686,0.2495661749999999,15.394736842105264,CM/AM,9,22,9,22,30,48,67,52,28,48,43,22,48,28,43,65,35,35,39,37,28,50,35,59,52,52,13,4,100,24,30,15,13,39,57,35,67,33,35,9,30,22,57,22,35,43,13,39,43,65,87,52,57,61,61,35,57,35,52,78,61,61,52,48,43,87,35,70,52,52,13,4,100,24,30,15,13,39,61,39,87,52,61,9,52,39,83,57,Pro League
Zulte Waregem,547zzwqbiugzphhnrhj3z5k5i,2aoci58r7pgzm4unjl919yiuh,L. Lemoine,Laurent Lemoine,28.0,Defender,Belgium,Defender,176.0,68.0,12.0,244.0,10.0,6.0,6.0,1.0,27.0,25.0,630.0,6.0,5.0,0.0,0.0,0.0,0.0,0.0,0.0,6.0,2.0,0.0,6.0,0.0,0.0,0.0,0.0,87.46,41.38,0.0,0.0,33.33,49.09,47.62,50.0,0.7844904733330013,0.0,1.0,1.0,0.0199707,0.0,17.0,14.0,0.4342156799999999,174.0,25.142857142857142,9.714285714285714,1.7142857142857142,34.857142857142854,1.4285714285714286,0.8571428571428571,0.8571428571428571,0.1428571428571428,3.857142857142857,3.571428571428572,0.8571428571428571,0.7142857142857143,0.0,0.0,0.0,0.0,0.0,0.0,0.8571428571428571,0.2857142857142857,0.0,0.8571428571428571,0.0,0.0,0.0,0.0,87.46,41.38,0.0,0.0,33.33,49.09,47.62,50.0,0.1120700676190001,0.0,0.1428571428571428,0.1428571428571428,0.0028529571428571,0.0,2.4285714285714284,2.0,0.0620308114285714,24.857142857142858,CB,33,30,20,30,44,89,91,89,58,27,59,76,47,20,36,24,23,23,33,86,32,52,36,48,52,52,33,18,47,32,68,24,21,21,91,23,86,26,27,20,52,27,39,39,6,9,15,9,27,76,76,82,27,6,41,65,47,20,36,24,23,23,21,80,32,36,36,48,52,52,33,18,47,32,68,24,21,21,73,23,77,21,21,20,33,12,18,15,Pro League
Zulte Waregem,547zzwqbiugzphhnrhj3z5k5i,316lvgaj8k7301u0oqxp9lpex,O. Niang,Ousseynou Niang,24.0,Midfielder,Senegal,Midfielder,28.0,45.0,4.0,70.0,2.0,3.0,2.0,0.0,14.0,0.0,245.0,8.0,6.0,3.0,2.0,1.0,2.0,3.0,3.0,1.0,1.0,1.0,1.0,0.0,0.0,0.0,0.0,78.65,66.67,33.33,33.33,33.33,51.85,66.67,20.0,0.2598900014948508,0.1340834755975589,1.0,10.0,0.31005424,6.0,1.0,8.0,0.36086857,26.0,10.285714285714285,16.53061224489796,1.469387755102041,25.71428571428571,0.7346938775510203,1.1020408163265305,0.7346938775510203,0.0,5.142857142857142,0.0,2.9387755102040813,2.204081632653061,1.1020408163265305,0.7346938775510203,0.3673469387755101,0.7346938775510203,1.1020408163265305,1.1020408163265305,0.3673469387755101,0.3673469387755101,0.3673469387755101,0.3673469387755101,0.0,0.0,0.0,0.0,78.65,66.67,33.33,33.33,33.33,51.85,66.67,20.0,0.0954697964674962,0.049255154301144,0.3673469387755101,3.673469387755102,0.1138974759183673,2.204081632653061,0.3673469387755101,2.9387755102040813,0.1325639644897959,9.551020408163264,LM/LCM,30,10,55,10,55,20,20,55,15,20,30,25,45,25,25,45,20,20,20,20,15,10,20,40,50,55,60,75,90,25,40,80,90,10,20,20,30,45,60,50,15,25,30,10,80,70,90,70,60,20,40,55,60,20,40,80,100,20,30,80,20,20,30,40,20,10,20,40,50,55,60,75,90,25,40,80,90,10,30,20,30,70,70,80,20,40,50,30,Pro League
Zulte Waregem,547zzwqbiugzphhnrhj3z5k5i,5263nzr05pwua9zn9bf4ov816,T. Hedl,Tobias Hedl,23.0,Attacker,Austria,Striker,24.0,44.0,1.0,65.0,1.0,9.0,9.0,0.0,22.0,3.0,390.0,31.0,5.0,3.0,5.0,0.0,2.0,14.0,17.0,2.0,6.0,7.0,4.0,2.0,2.0,0.0,0.0,73.03,33.33,21.43,50.0,66.67,46.81,9.09,44.44,1.0477412053853377,0.5948456993602018,2.0,8.0,0.30519032,0.0,9.0,5.0,0.49774155,25.0,5.538461538461539,10.153846153846157,0.2307692307692307,15.000000000000002,0.2307692307692307,2.076923076923077,2.076923076923077,0.0,5.0769230769230775,0.6923076923076924,7.153846153846154,1.153846153846154,0.6923076923076924,1.153846153846154,0.0,0.4615384615384615,3.230769230769231,3.9230769230769234,0.4615384615384615,1.3846153846153848,1.6153846153846154,0.9230769230769232,0.4615384615384615,0.4615384615384615,0.0,0.0,73.03,33.33,21.43,50.0,66.67,46.81,9.09,44.44,0.241786432012001,0.1372720844677389,0.4615384615384615,1.8461538461538465,0.0704285353846154,0.0,2.076923076923077,1.153846153846154,0.1148634346153846,5.76923076923077,ST,68,53,32,54,15,41,54,51,44,62,74,31,88,63,19,41,79,79,78,72,79,85,59,90,51,51,47,32,76,78,93,71,15,44,44,82,53,71,76,10,82,51,76,50,71,56,38,56,12,29,47,51,50,56,91,32,91,65,19,44,91,91,76,82,82,85,65,91,51,51,47,32,76,78,93,71,15,44,29,76,65,79,79,10,82,44,76,62,Pro League
Zulte Waregem,547zzwqbiugzphhnrhj3z5k5i,5m27f84vvraap8bmfujt1qiok,A. Ementa,Anosike Ementa,24.0,Attacker,Denmark,Striker,16.0,76.0,2.0,92.0,35.0,10.0,7.0,0.0,70.0,10.0,616.0,38.0,24.0,0.0,16.0,3.0,3.0,14.0,17.0,1.0,5.0,8.0,1.0,1.0,4.0,0.0,0.0,56.1,40.0,0.0,57.14,50.0,53.44,60.34,20.0,0.9186137371835013,1.399118971725441,3.0,7.0,0.2877120499999999,1.0,8.0,12.0,0.7112797400000003,31.0,2.337662337662338,11.103896103896105,0.2922077922077922,13.441558441558442,5.113636363636364,1.4610389610389611,1.0227272727272727,0.0,10.227272727272728,1.4610389610389611,5.551948051948052,3.5064935064935066,0.0,2.337662337662338,0.4383116883116883,0.4383116883116883,2.0454545454545454,2.483766233766234,0.1461038961038961,0.7305194805194806,1.168831168831169,0.1461038961038961,0.1461038961038961,0.5844155844155845,0.0,0.0,56.1,40.0,0.0,57.14,50.0,53.44,60.34,20.0,0.13421304601707,0.2044167328819638,0.4383116883116883,1.0227272727272727,0.0420358514610389,0.1461038961038961,1.168831168831169,1.7532467532467533,0.1039207412337662,4.529220779220779,ST,35,85,50,76,96,53,41,51,100,93,90,100,34,99,76,57,79,79,57,59,84,34,41,99,51,51,6,38,34,88,75,91,91,24,32,94,68,65,68,34,74,82,85,71,12,62,41,53,91,15,18,51,97,88,59,100,34,100,68,41,65,65,44,41,79,24,32,97,51,51,6,38,34,88,75,91,91,24,18,94,56,41,56,21,59,68,65,38,Pro League
Zulte Waregem,547zzwqbiugzphhnrhj3z5k5i,7jo5hyybivu2csysje8cxfmui,E. Lofolomo,Enrique Lofolomo,26.0,Midfielder,Germany,Midfielder,155.0,146.0,16.0,301.0,8.0,1.0,1.0,0.0,38.0,15.0,630.0,2.0,13.0,0.0,3.0,0.0,1.0,4.0,5.0,4.0,0.0,2.0,5.0,0.0,0.0,0.0,0.0,86.99,53.33,0.0,50.0,0.0,55.88,38.1,33.33,0.0693852164531361,0.1585943747600324,0.0,7.0,0.14014461,0.0,36.0,35.0,0.5831536800000001,166.0,22.142857142857142,20.857142857142858,2.2857142857142856,43.0,1.1428571428571428,0.1428571428571428,0.1428571428571428,0.0,5.428571428571429,2.142857142857143,0.2857142857142857,1.8571428571428568,0.0,0.4285714285714285,0.0,0.1428571428571428,0.5714285714285714,0.7142857142857143,0.5714285714285714,0.0,0.2857142857142857,0.7142857142857143,0.0,0.0,0.0,0.0,86.99,53.33,0.0,50.0,0.0,55.88,38.1,33.33,0.0099121737790194,0.0226563392514332,0.0,1.0,0.0200206585714285,0.0,5.142857142857143,5.0,0.0833076685714285,23.714285714285715,DM/CM,72,72,64,66,67,14,42,48,83,80,30,100,25,42,8,52,52,64,22,23,52,44,36,38,52,52,59,50,25,56,23,62,31,11,16,44,17,61,50,6,81,81,62,72,59,56,53,56,58,6,31,48,75,62,19,100,25,34,8,33,36,47,16,23,41,28,36,38,52,52,59,50,25,56,23,62,31,11,12,34,17,44,38,6,72,73,41,62,Pro League
Zulte Waregem,547zzwqbiugzphhnrhj3z5k5i,7vvj8sozbw1g9pgsyw2v6uxas,F. Tangala,Franz Tangala,21.0,Midfielder,Belgium,Midfielder,34.0,44.0,2.0,77.0,3.0,1.0,1.0,0.0,22.0,6.0,338.0,1.0,3.0,1.0,1.0,0.0,1.0,7.0,7.0,4.0,0.0,2.0,6.0,0.0,0.0,0.0,0.0,71.96,20.0,9.09,28.57,0.0,51.16,37.5,42.86,0.0871483155644524,0.1114214719629889,0.0,1.0,0.02756312,2.0,10.0,13.0,0.28270701,48.0,9.053254437869825,11.715976331360949,0.5325443786982249,20.502958579881657,0.7988165680473372,0.2662721893491124,0.2662721893491124,0.0,5.8579881656804735,1.5976331360946745,0.2662721893491124,0.7988165680473372,0.2662721893491124,0.2662721893491124,0.0,0.2662721893491124,1.863905325443787,1.863905325443787,1.0650887573964498,0.0,0.5325443786982249,1.5976331360946745,0.0,0.0,0.0,0.0,71.96,20.0,9.09,28.57,0.0,51.16,37.5,42.86,0.023205172783434,0.0296684392800858,0.0,0.2662721893491124,0.0073392923076923,0.5325443786982249,2.662721893491124,3.4615384615384617,0.0752770144970414,12.781065088757396,RM/RCM,60,50,20,40,40,20,20,60,60,70,20,50,50,30,30,40,40,40,60,30,40,80,40,50,60,60,20,20,40,20,30,100,40,40,20,40,30,30,20,40,60,60,60,40,60,20,20,60,40,20,20,60,80,80,20,60,40,20,30,20,60,60,60,30,40,80,40,50,60,60,20,20,40,20,30,100,40,40,20,40,30,20,20,40,60,60,40,60,Pro League
Zulte Waregem,547zzwqbiugzphhnrhj3z5k5i,95vx1dz2leiona1k455atzwus,T. Claes,Thomas Claes,22.0,Midfielder,Belgium,Midfielder,85.0,145.0,8.0,225.0,7.0,14.0,3.0,0.0,27.0,6.0,618.0,11.0,3.0,5.0,8.0,11.0,7.0,8.0,8.0,11.0,2.0,4.0,4.0,1.0,0.0,0.0,0.0,82.12,44.44,41.67,50.0,14.29,45.0,58.33,30.77,0.9748284586544488,0.7549312369652839,6.0,11.0,0.24916885,9.0,31.0,30.0,1.100625320000001,125.0,12.37864077669903,21.116504854368934,1.1650485436893203,32.76699029126214,1.019417475728155,2.0388349514563107,0.4368932038834952,0.0,3.932038834951456,0.8737864077669903,1.6019417475728157,0.4368932038834952,0.7281553398058253,1.1650485436893203,1.6019417475728157,1.019417475728155,1.1650485436893203,1.1650485436893203,1.6019417475728157,0.2912621359223301,0.5825242718446603,0.5825242718446603,0.145631067961165,0.0,0.0,0.0,82.12,44.44,41.67,50.0,14.29,45.0,58.33,30.77,0.1419653095127838,0.1099414422764976,0.8737864077669903,1.6019417475728157,0.0362867257281553,1.3106796116504855,4.514563106796117,4.368932038834951,0.1602852407766991,18.203883495145632,RM/RCM,100,100,100,100,100,100,60,60,80,70,60,50,80,80,100,100,60,60,100,60,70,40,80,50,60,60,100,80,100,80,60,40,100,20,60,80,100,80,80,100,100,100,80,100,80,100,80,80,60,60,40,60,40,40,60,40,80,80,100,100,40,40,80,60,60,20,80,50,60,60,100,80,100,80,60,40,100,20,60,80,80,60,60,80,100,100,80,80,Pro League
Zulte Waregem,547zzwqbiugzphhnrhj3z5k5i,c1kv9ybtguhs625d1vwlwa6ay,J. Kiilerich,Jakob Kiilerich,26.0,Defender,Denmark,Defender,180.0,104.0,22.0,284.0,15.0,3.0,3.0,0.0,23.0,53.0,630.0,11.0,1.0,0.0,1.0,0.0,0.0,0.0,0.0,6.0,1.0,0.0,4.0,0.0,0.0,0.0,0.0,89.31,68.75,0.0,0.0,33.33,63.89,60.0,57.14,0.411801325490061,0.1101828378043647,0.0,4.0,0.07610958,1.0,36.0,32.0,0.8928999600000002,202.0,25.714285714285715,14.857142857142858,3.142857142857143,40.57142857142857,2.142857142857143,0.4285714285714285,0.4285714285714285,0.0,3.2857142857142856,7.571428571428571,1.5714285714285714,0.1428571428571428,0.0,0.1428571428571428,0.0,0.0,0.0,0.0,0.8571428571428571,0.1428571428571428,0.0,0.5714285714285714,0.0,0.0,0.0,0.0,89.31,68.75,0.0,0.0,33.33,63.89,60.0,57.14,0.0588287607842944,0.0157404054006235,0.0,0.5714285714285714,0.0108727971428571,0.1428571428571428,5.142857142857143,4.571428571428571,0.1275571371428571,28.857142857142858,CB,36,58,67,45,68,47,52,39,45,97,92,20,47,55,36,24,23,23,33,62,32,29,36,48,52,52,55,97,47,32,68,79,61,38,52,70,36,62,58,52,85,74,88,52,9,39,48,15,48,41,47,39,24,85,82,11,47,42,36,24,23,23,21,45,32,20,36,48,52,52,55,97,47,32,68,79,61,38,42,61,36,58,55,44,82,61,85,30,Pro League
Zulte Waregem,547zzwqbiugzphhnrhj3z5k5i,dq0jv58abzqc8h1je5qmtamms,I. Átrok,István Átrok,20.0,Midfielder,Hungary,Midfielder,32.0,53.0,3.0,82.0,5.0,9.0,8.0,0.0,14.0,1.0,383.0,18.0,2.0,3.0,8.0,1.0,2.0,9.0,9.0,1.0,5.0,1.0,2.0,3.0,0.0,0.0,0.0,76.64,75.0,37.5,11.11,55.56,40.0,55.56,33.33,1.2968899275612649,0.4886933799727005,2.0,4.0,0.10873806,2.0,1.0,7.0,0.36401462,30.0,7.51958224543081,12.454308093994776,0.7049608355091384,19.26892950391645,1.174934725848564,2.114882506527416,1.8798955613577024,0.0,3.289817232375979,0.2349869451697128,4.229765013054831,0.4699738903394256,0.7049608355091384,1.8798955613577024,0.2349869451697128,0.4699738903394256,2.114882506527416,2.114882506527416,0.2349869451697128,1.174934725848564,0.2349869451697128,0.4699738903394256,0.7049608355091384,0.0,0.0,0.0,76.64,75.0,37.5,11.11,55.56,40.0,55.56,33.33,0.3047522022989917,0.1148365644844466,0.4699738903394256,0.9399477806788512,0.0255520245430809,0.4699738903394256,0.2349869451697128,1.6449086161879896,0.0855386835509138,7.049608355091384,LM/LCM,40,20,35,40,90,50,70,55,15,40,60,10,45,55,25,45,30,30,20,75,15,20,90,40,50,55,40,100,100,10,100,20,75,20,80,40,50,10,10,10,15,10,40,25,30,30,40,20,100,70,90,55,10,40,70,10,50,90,10,60,30,30,20,100,10,20,100,40,50,55,40,100,100,10,100,20,75,20,100,40,50,10,10,20,10,10,20,20,Pro League
Zulte Waregem,547zzwqbiugzphhnrhj3z5k5i,enl0mjrht847a24567edbi4gk,Y. Cappelle,Yannick Cappelle,23.0,Defender,Belgium,Defender,98.0,85.0,3.0,177.0,6.0,7.0,4.0,0.0,28.0,24.0,613.0,9.0,5.0,6.0,6.0,3.0,3.0,5.0,5.0,12.0,0.0,3.0,9.0,0.0,1.0,0.0,0.0,81.19,20.0,19.35,60.0,0.0,63.64,54.55,64.29,0.3890768148772294,0.6436853689063605,2.0,6.0,0.13445891,7.0,9.0,15.0,0.4977426799999998,85.0,14.38825448613377,12.479608482871129,0.4404567699836868,25.986949429037523,0.8809135399673736,1.0277324632952691,0.5872756933115824,0.0,4.1109298531810765,3.5236541598694946,1.3213703099510603,0.734094616639478,0.8809135399673736,0.8809135399673736,0.4404567699836868,0.4404567699836868,0.734094616639478,0.734094616639478,1.7618270799347473,0.0,0.4404567699836868,1.3213703099510603,0.0,0.1468189233278956,0.0,0.0,81.19,20.0,19.35,60.0,0.0,63.64,54.55,64.29,0.0571238390521217,0.0945051928247511,0.2936378466557912,0.8809135399673736,0.0197411123980424,1.0277324632952691,1.3213703099510603,2.202283849918434,0.0730780443719412,12.479608482871129,LB/LCB,38,48,4,42,48,81,75,46,71,75,62,75,81,69,81,94,60,58,83,19,73,81,42,85,52,52,54,4,38,67,19,88,56,62,58,71,67,50,50,83,21,35,25,42,21,29,4,17,33,67,67,46,42,67,50,71,75,54,71,83,58,54,75,19,62,58,42,83,52,52,54,4,38,67,19,88,56,62,38,67,46,29,29,75,4,4,8,17,Pro League
Zulte Waregem,547zzwqbiugzphhnrhj3z5k5i,xshamrmjf78pzddhffl9ysmi,M. Aké,Marley Aké,25.0,Midfielder,France,Midfielder,50.0,107.0,5.0,152.0,5.0,13.0,3.0,0.0,33.0,3.0,584.0,6.0,12.0,5.0,8.0,10.0,7.0,17.0,17.0,6.0,2.0,6.0,8.0,1.0,0.0,1.0,0.0,78.35,38.46,23.81,35.29,15.38,66.0,83.33,80.0,0.8870718102654465,0.863052057736359,5.0,9.0,0.2695493,3.0,24.0,25.0,0.8915917599999998,72.0,7.705479452054795,16.48972602739726,0.7705479452054794,23.42465753424657,0.7705479452054794,2.0034246575342465,0.4623287671232877,0.0,5.085616438356165,0.4623287671232877,0.9246575342465754,1.8493150684931507,0.7705479452054794,1.2328767123287672,1.5410958904109588,1.0787671232876712,2.6198630136986303,2.6198630136986303,0.9246575342465754,0.3082191780821918,0.9246575342465754,1.2328767123287672,0.1541095890410959,0.0,0.1541095890410959,0.0,78.35,38.46,23.81,35.29,15.38,66.0,83.33,80.0,0.1367062721299489,0.1330045979388224,0.7705479452054794,1.386986301369863,0.041540131849315,0.4623287671232877,3.6986301369863015,3.852739726027397,0.1374028397260273,11.095890410958903,LM/LCM,70,80,70,80,90,80,35,55,90,65,20,100,85,55,100,95,65,55,100,45,50,100,55,40,100,55,50,30,70,40,20,100,100,85,60,80,70,30,30,25,100,80,60,80,40,60,60,40,70,60,20,55,50,70,20,60,70,50,100,90,60,50,100,30,50,80,40,40,100,55,50,30,70,40,20,100,100,85,50,80,70,30,40,10,100,70,60,60,Pro League
Sint-Truiden,2989v3kho9h5jaboe1nr7lx21,2e663x5a1nqazir5gxsilbac4,K. Matsuzawa,Kaito Matsuzawa,25.0,Attacker,Japan,Striker,23.0,65.0,4.0,87.0,3.0,8.0,6.0,1.0,19.0,3.0,296.0,17.0,4.0,1.0,3.0,2.0,3.0,10.0,12.0,2.0,2.0,6.0,2.0,1.0,2.0,0.0,0.0,79.82,100.0,10.0,60.0,25.0,65.52,75.0,33.33,0.851196927956836,0.2944489805941003,2.0,14.0,0.47582315,3.0,9.0,16.0,0.6361689200000002,38.0,6.993243243243244,19.76351351351352,1.2162162162162162,26.452702702702705,0.9121621621621622,2.4324324324324325,1.8243243243243243,0.304054054054054,5.777027027027027,0.9121621621621622,5.168918918918919,1.2162162162162162,0.304054054054054,0.9121621621621622,0.6081081081081081,0.9121621621621622,3.040540540540541,3.6486486486486487,0.6081081081081081,0.6081081081081081,1.8243243243243243,0.6081081081081081,0.304054054054054,0.6081081081081081,0.0,0.0,79.82,100.0,10.0,60.0,25.0,65.52,75.0,33.33,0.2588098767436326,0.0895284062617196,0.6081081081081081,4.256756756756757,0.1446759577702702,0.9121621621621622,2.7364864864864864,4.864864864864865,0.1934297391891892,11.554054054054054,RW,39,64,64,50,68,46,50,100,57,54,57,43,32,21,36,68,57,57,43,36,68,32,64,79,54,54,71,96,36,86,43,100,100,29,43,21,50,64,64,43,75,71,57,61,50,86,64,71,86,50,79,100,64,79,71,57,36,36,57,86,50,57,50,43,71,36,79,100,54,54,71,96,36,86,43,100,100,29,64,36,57,86,93,50,100,100,71,86,Pro League
Sint-Truiden,2989v3kho9h5jaboe1nr7lx21,4s8ff8ufmspdueb4xi80hs7is,N. Ishiwatari,Nelson Ishiwatari,21.0,Midfielder,Japan,Midfielder,66.0,54.0,4.0,120.0,7.0,7.0,4.0,0.0,30.0,13.0,280.0,4.0,4.0,0.0,1.0,3.0,2.0,6.0,7.0,1.0,2.0,2.0,11.0,1.0,1.0,0.0,0.0,86.33,50.0,0.0,33.33,28.57,51.72,63.64,64.71,0.6729623549099197,0.0683084468990021,0.0,4.0,0.1013581,2.0,6.0,9.0,0.18431314,55.0,21.214285714285715,17.357142857142858,1.2857142857142856,38.57142857142857,2.25,2.25,1.2857142857142856,0.0,9.642857142857142,4.178571428571429,1.2857142857142856,1.2857142857142856,0.0,0.3214285714285714,0.9642857142857144,0.6428571428571428,1.9285714285714288,2.25,0.3214285714285714,0.6428571428571428,0.6428571428571428,3.5357142857142856,0.3214285714285714,0.3214285714285714,0.0,0.0,86.33,50.0,0.0,33.33,28.57,51.72,63.64,64.71,0.2163093283639027,0.0219562865032506,0.0,1.2857142857142856,0.0325793892857142,0.6428571428571428,1.9285714285714288,2.892857142857143,0.0592435092857142,17.678571428571427,DM/CM,19,12,17,14,58,80,83,48,66,72,50,42,25,19,70,81,80,88,3,77,52,84,84,86,52,52,50,41,25,36,62,41,81,69,84,19,17,36,31,47,6,11,12,11,56,44,22,50,88,100,97,48,100,94,59,72,25,25,97,97,97,97,3,91,81,100,97,94,52,52,50,41,25,36,62,41,81,69,97,31,17,56,62,66,12,31,19,25,Pro League
Sint-Truiden,2989v3kho9h5jaboe1nr7lx21,6sgdwfdo9cz4adyw5mc6qsjys,R. Merlen,Ryan Merlen,24.0,Midfielder,France,Midfielder,98.0,142.0,37.0,237.0,4.0,11.0,7.0,0.0,14.0,7.0,547.0,17.0,2.0,3.0,12.0,4.0,3.0,5.0,6.0,4.0,5.0,2.0,2.0,3.0,3.0,0.0,0.0,79.8,66.07,33.33,40.0,45.45,46.67,50.0,33.33,1.0516209766729303,1.1836606697067495,2.0,18.0,0.4513432599999999,7.0,31.0,39.0,1.1865313000000006,124.0,16.124314442413162,23.363802559414992,6.087751371115174,38.9945155393053,0.6581352833638026,1.809872029250457,1.1517367458866543,0.0,2.303473491773309,1.1517367458866543,2.797074954296161,0.3290676416819013,0.4936014625228519,1.974405850091408,0.6581352833638026,0.4936014625228519,0.8226691042047533,0.9872029250457038,0.6581352833638026,0.8226691042047533,0.3290676416819013,0.3290676416819013,0.4936014625228519,0.4936014625228519,0.0,0.0,79.8,66.07,33.33,40.0,45.45,46.67,50.0,33.33,0.1730272173684894,0.19475221256601,0.3290676416819013,2.961608775137112,0.0742612310786105,1.1517367458866543,5.10054844606947,6.416819012797076,0.1952245283363803,20.40219378427788,DM/CM,41,69,100,47,39,95,95,48,19,25,98,17,94,100,84,94,70,77,22,100,52,9,100,100,52,52,16,72,58,41,72,25,55,11,97,100,70,94,97,88,72,84,94,48,19,62,97,53,28,94,94,48,6,16,97,12,91,97,81,94,56,62,22,100,53,9,100,100,52,52,16,72,58,41,72,25,55,11,94,97,66,91,97,84,69,84,91,50,Pro League
Sint-Truiden,2989v3kho9h5jaboe1nr7lx21,6u4t6jqkc3xp41p2r7invhslw,R. Vanwesemael,Robert-Jan Vanwesemael,24.0,Defender,Belgium,Defender,103.0,165.0,17.0,261.0,2.0,9.0,4.0,0.0,20.0,11.0,596.0,23.0,3.0,7.0,12.0,5.0,4.0,10.0,11.0,6.0,2.0,6.0,5.0,1.0,1.0,0.0,0.0,85.02,60.71,19.44,60.0,22.22,51.28,50.0,55.56,0.7083857876890581,1.078133994787558,4.0,35.0,0.9457911099999996,8.0,32.0,41.0,1.6072135200000002,152.0,15.553691275167786,24.916107382550337,2.567114093959732,39.41275167785235,0.3020134228187919,1.359060402684564,0.6040268456375839,0.0,3.02013422818792,1.661073825503356,3.4731543624161074,0.4530201342281879,1.0570469798657718,1.812080536912752,0.7550335570469799,0.6040268456375839,1.51006711409396,1.661073825503356,0.906040268456376,0.3020134228187919,0.906040268456376,0.7550335570469799,0.1510067114093959,0.1510067114093959,0.0,0.0,85.02,60.71,19.44,60.0,22.22,51.28,50.0,55.56,0.1069710082080792,0.162805469011544,0.6040268456375839,5.285234899328859,0.1428208052013422,1.2080536912751678,4.832214765100671,6.191275167785236,0.2427000281879195,22.95302013422819,RB/RCB,52,94,80,88,12,96,68,48,26,28,90,36,90,92,94,96,72,74,48,80,80,28,90,82,52,52,92,100,56,84,68,40,46,28,88,88,90,98,96,92,96,96,92,92,40,96,68,68,8,92,64,48,8,20,88,24,88,92,92,96,60,60,32,76,72,20,84,80,52,52,92,100,56,84,68,40,46,28,76,88,84,100,96,88,96,96,92,72,Pro League
Sint-Truiden,2989v3kho9h5jaboe1nr7lx21,77wkqbxkqix367lc0ccnym86h,A. Sissako,Abdoulaye Sissako,28.0,Midfielder,France,Midfielder,169.0,167.0,22.0,334.0,10.0,9.0,7.0,0.0,46.0,16.0,615.0,15.0,2.0,2.0,9.0,2.0,1.0,18.0,19.0,6.0,1.0,13.0,11.0,0.0,1.0,0.0,0.0,86.75,78.57,66.67,72.22,11.11,52.27,45.45,52.38,0.916967886265748,0.4414109366256288,2.0,12.0,0.36326758,11.0,39.0,32.0,0.7013205799999997,161.0,24.731707317073173,24.439024390243905,3.2195121951219514,48.87804878048781,1.4634146341463414,1.3170731707317074,1.024390243902439,0.0,6.731707317073171,2.341463414634146,2.1951219512195124,0.2926829268292683,0.2926829268292683,1.3170731707317074,0.2926829268292683,0.1463414634146341,2.6341463414634148,2.780487804878049,0.8780487804878049,0.1463414634146341,1.902439024390244,1.6097560975609757,0.0,0.1463414634146341,0.0,0.0,86.75,78.57,66.67,72.22,11.11,52.27,45.45,52.38,0.1341904223803533,0.0645967224330188,0.2926829268292683,1.7560975609756098,0.0531611092682926,1.6097560975609757,5.707317073170732,4.682926829268293,0.1026322799999999,23.5609756097561,DM/CM,81,78,83,84,77,91,95,48,92,86,94,17,83,92,53,52,100,100,48,56,100,84,36,86,52,52,56,94,89,81,47,47,38,38,91,75,70,81,91,97,84,78,78,69,69,72,75,69,72,88,91,48,84,75,91,9,84,81,41,41,100,100,34,50,100,75,36,78,52,52,56,94,89,81,47,47,38,38,88,62,59,75,88,94,84,66,62,59,Pro League
Sint-Truiden,2989v3kho9h5jaboe1nr7lx21,8lqo2ajhgjockasmd198nai1,J. Pupe,Joedrick Pupe,29.0,Defender,Belgium,Defender,68.0,94.0,10.0,162.0,10.0,4.0,2.0,0.0,20.0,11.0,321.0,13.0,2.0,0.0,2.0,2.0,2.0,8.0,8.0,4.0,0.0,3.0,3.0,0.0,0.0,0.0,0.0,83.08,43.48,0.0,37.5,0.0,55.56,62.5,60.0,0.3291068494061777,0.1771476911516488,2.0,8.0,0.20062283,2.0,21.0,24.0,0.5725529199999999,71.0,19.06542056074766,26.35514018691589,2.803738317757009,45.42056074766355,2.803738317757009,1.1214953271028036,0.5607476635514018,0.0,5.607476635514018,3.08411214953271,3.644859813084112,0.5607476635514018,0.0,0.5607476635514018,0.5607476635514018,0.5607476635514018,2.242990654205608,2.242990654205608,1.1214953271028036,0.0,0.8411214953271028,0.8411214953271028,0.0,0.0,0.0,0.0,83.08,43.48,0.0,37.5,0.0,55.56,62.5,60.0,0.0922729484316386,0.0496675769584062,0.5607476635514018,2.242990654205608,0.056249391588785,0.5607476635514018,5.887850467289719,6.728971962616822,0.1605288560747663,19.90654205607477,LB/LCB,25,58,42,31,77,48,33,46,27,25,88,35,12,23,58,73,75,75,19,19,73,12,42,40,52,52,71,62,12,42,19,58,81,46,46,21,67,67,67,27,60,56,33,25,42,88,58,71,100,75,54,46,83,50,100,46,12,33,83,100,83,83,42,19,88,29,42,40,52,52,71,62,12,42,19,58,81,46,71,38,96,92,88,33,92,83,58,42,Pro League
Sint-Truiden,2989v3kho9h5jaboe1nr7lx21,954ldw96u7zxzmzdb7fqah80l,S. Taniguchi,Shogo Taniguchi,35.0,Defender,Japan,Defender,68.0,42.0,6.0,110.0,7.0,3.0,3.0,0.0,8.0,11.0,228.0,4.0,1.0,0.0,1.0,0.0,1.0,0.0,0.0,0.0,1.0,0.0,0.0,0.0,0.0,0.0,0.0,88.0,54.55,0.0,0.0,33.33,47.06,70.0,0.0,0.3695773898089165,0.0733388134473908,0.0,5.0,0.10608613,0.0,13.0,10.0,0.27604773,70.0,26.842105263157897,16.578947368421055,2.368421052631579,43.42105263157895,2.763157894736842,1.1842105263157896,1.1842105263157896,0.0,3.1578947368421053,4.342105263157895,1.5789473684210529,0.3947368421052631,0.0,0.3947368421052631,0.0,0.3947368421052631,0.0,0.0,0.0,0.3947368421052631,0.0,0.0,0.0,0.0,0.0,0.0,88.0,54.55,0.0,0.0,33.33,47.06,70.0,0.0,0.1458858117666776,0.02894953162397,0.0,1.973684210526316,0.0418761039473684,0.0,5.131578947368421,3.947368421052632,0.1089662092105263,27.63157894736842,CB,6,18,12,6,21,47,52,39,3,6,35,20,47,55,36,61,23,23,3,62,32,3,36,48,52,52,42,58,47,32,68,15,89,3,42,58,36,71,73,20,33,15,21,6,12,58,24,18,67,82,85,39,18,15,85,39,47,82,36,82,23,23,3,88,32,3,36,48,52,52,42,58,47,32,68,15,89,3,91,88,36,97,97,20,79,58,70,18,Pro League
Sint-Truiden,2989v3kho9h5jaboe1nr7lx21,9qafk5ke1yzqggkcmf1zqevp,W. Janssens,Wolke Janssens,31.0,Defender,Belgium,Defender,120.0,47.0,13.0,167.0,4.0,1.0,0.0,0.0,12.0,14.0,207.0,0.0,2.0,0.0,0.0,1.0,1.0,0.0,0.0,6.0,0.0,0.0,3.0,0.0,0.0,0.0,0.0,90.76,59.09,0.0,0.0,0.0,70.59,0.0,50.0,0.0654811813908642,0.0,1.0,1.0,0.01935132,0.0,11.0,12.0,0.21577406,119.0,52.173913043478265,20.43478260869565,5.652173913043479,72.60869565217392,1.7391304347826089,0.4347826086956522,0.0,0.0,5.217391304347826,6.086956521739131,0.0,0.8695652173913044,0.0,0.0,0.4347826086956522,0.4347826086956522,0.0,0.0,2.608695652173913,0.0,0.0,1.3043478260869563,0.0,0.0,0.0,0.0,90.76,59.09,0.0,0.0,0.0,70.59,0.0,50.0,0.0284700788655931,0.0,0.4347826086956522,0.4347826086956522,0.0084136173913043,0.0,4.782608695652175,5.217391304347826,0.0938148086956521,51.73913043478261,CB,18,21,24,18,6,14,8,39,9,12,5,41,47,20,86,61,23,23,33,21,32,20,36,48,52,52,76,82,47,32,21,94,3,21,9,23,86,26,24,20,27,21,18,18,97,73,88,91,33,48,8,39,61,58,5,76,47,20,100,88,23,23,94,21,32,73,36,48,52,52,76,82,47,32,21,94,3,21,24,23,100,39,39,20,73,70,61,97,Pro League
Sint-Truiden,2989v3kho9h5jaboe1nr7lx21,9w0brh9x5ez6yoiinh50g6y5m,T. Hata,Taiga Hata,24.0,Defender,Japan,Defender,109.0,117.0,8.0,219.0,7.0,2.0,2.0,0.0,22.0,25.0,543.0,12.0,2.0,7.0,7.0,0.0,1.0,1.0,1.0,1.0,0.0,1.0,9.0,0.0,0.0,0.0,0.0,79.06,42.11,38.89,100.0,0.0,75.86,63.64,75.0,0.174206166334094,0.920881668750402,0.0,5.0,0.1329768999999999,4.0,21.0,26.0,1.6459785900000012,127.0,18.06629834254144,19.392265193370164,1.3259668508287292,36.29834254143646,1.160220994475138,0.3314917127071823,0.3314917127071823,0.0,3.6464088397790055,4.143646408839779,1.988950276243094,0.3314917127071823,1.160220994475138,1.160220994475138,0.0,0.1657458563535911,0.1657458563535911,0.1657458563535911,0.1657458563535911,0.0,0.1657458563535911,1.4917127071823204,0.0,0.0,0.0,0.0,79.06,42.11,38.89,100.0,0.0,75.86,63.64,75.0,0.0288739502211205,0.1526323207873594,0.0,0.8287292817679558,0.0220403701657458,0.6629834254143646,3.4806629834254146,4.30939226519337,0.2728141309392267,21.04972375690608,LB/LCB,46,65,35,54,58,12,33,46,38,79,81,35,90,85,10,42,10,10,4,19,25,81,42,40,52,52,50,54,92,100,19,100,88,88,21,88,12,33,42,50,60,62,92,58,33,67,25,42,42,4,29,46,29,79,79,29,88,79,10,42,8,8,4,19,21,71,42,40,52,52,50,54,92,100,19,100,88,88,12,88,12,25,38,50,50,50,96,50,Pro League
Sint-Truiden,2989v3kho9h5jaboe1nr7lx21,aeue0dvxs088u4ucahccoe1as,I. Sebaoui,Ilias Sebaoui,24.0,Attacker,Morocco,Striker,70.0,137.0,17.0,200.0,1.0,27.0,19.0,0.0,42.0,11.0,619.0,50.0,11.0,7.0,15.0,8.0,8.0,29.0,31.0,4.0,4.0,16.0,8.0,1.0,3.0,0.0,0.0,77.52,65.38,28.0,55.17,14.81,48.28,20.0,57.14,2.5206329662040776,1.242653861296161,5.0,21.0,0.7089624400000001,6.0,13.0,31.0,1.57542503,81.0,10.177705977382876,19.919224555735056,2.47172859450727,29.079159935379643,0.1453957996768982,3.925686591276252,2.762520193861066,0.0,6.106623586429725,1.5993537964458804,7.269789983844911,1.5993537964458804,1.0177705977382876,2.1809369951534734,1.1631663974151858,1.1631663974151858,4.216478190630048,4.5072697899838445,0.5815831987075929,0.5815831987075929,2.326332794830372,1.1631663974151858,0.1453957996768982,0.4361873990306946,0.0,0.0,77.52,65.38,28.0,55.17,14.81,48.28,20.0,57.14,0.3664894458131938,0.1806766518847407,0.7269789983844911,3.0533117932148626,0.1030801609046849,0.8723747980613893,1.8901453957996768,4.5072697899838445,0.2290601820678513,11.777059773828755,LW,100,100,100,100,71,100,100,54,100,100,100,93,93,100,100,93,93,93,82,64,93,100,61,100,50,54,21,79,71,79,21,64,71,64,100,93,68,68,86,54,96,100,100,100,100,79,100,86,64,100,93,54,79,100,79,86,79,93,93,79,57,57,64,36,57,93,50,93,50,54,21,79,71,79,21,64,71,64,100,79,43,29,36,29,71,100,71,86,Pro League
Sint-Truiden,2989v3kho9h5jaboe1nr7lx21,ef2clhqnx5kytqgq5pqoopvys,S. Baždar,Samed Bazdar,22.0,Attacker,Bosnia and Herzegovina,Striker,12.0,32.0,3.0,44.0,7.0,13.0,12.0,0.0,14.0,2.0,326.0,25.0,1.0,0.0,6.0,1.0,2.0,9.0,9.0,0.0,6.0,2.0,2.0,4.0,0.0,0.0,0.0,72.13,75.0,0.0,22.22,46.15,34.15,46.67,50.0,2.072128791590204,0.520888446687143,0.0,3.0,0.07668963,3.0,3.0,5.0,0.3175759,23.0,3.312883435582822,8.83435582822086,0.8282208588957055,12.14723926380368,1.9325153374233128,3.588957055214724,3.312883435582822,0.0,3.8650306748466257,0.5521472392638037,6.901840490797546,0.2760736196319018,0.0,1.656441717791411,0.2760736196319018,0.5521472392638037,2.4846625766871164,2.4846625766871164,0.0,1.656441717791411,0.5521472392638037,0.5521472392638037,1.1042944785276074,0.0,0.0,0.0,72.13,75.0,0.0,22.22,46.15,34.15,46.67,50.0,0.5720600958377863,0.1438035589013584,0.0,0.8282208588957055,0.0211719837423312,0.8282208588957055,0.8282208588957055,1.3803680981595092,0.0876743282208589,6.349693251533743,ST,26,25,63,22,50,69,69,51,18,41,54,9,34,76,46,41,53,50,22,72,43,54,90,34,51,51,41,85,34,24,65,7,63,51,82,74,16,32,32,69,32,51,59,43,29,41,68,44,50,91,97,51,26,50,85,9,34,82,50,53,71,68,22,88,56,68,100,34,51,51,41,85,34,24,65,7,63,51,97,79,16,29,29,79,38,59,62,68,Pro League
Sint-Truiden,2989v3kho9h5jaboe1nr7lx21,enup95vx1a5gih6ljth7sdbrp,V. Musliu,Visar Musliu,31.0,Defender,North Macedonia,Defender,312.0,181.0,30.0,493.0,22.0,1.0,1.0,0.0,43.0,48.0,630.0,1.0,8.0,0.0,0.0,0.0,1.0,0.0,0.0,15.0,0.0,0.0,9.0,0.0,0.0,0.0,0.0,90.29,61.22,0.0,0.0,0.0,67.19,66.67,69.23,0.121833704286474,0.0,0.0,7.0,0.16084276,4.0,38.0,45.0,0.8558369000000009,338.0,44.57142857142857,25.857142857142858,4.285714285714286,70.42857142857143,3.142857142857143,0.1428571428571428,0.1428571428571428,0.0,6.142857142857143,6.857142857142857,0.1428571428571428,1.1428571428571428,0.0,0.0,0.0,0.1428571428571428,0.0,0.0,2.142857142857143,0.0,0.0,1.2857142857142858,0.0,0.0,0.0,0.0,90.29,61.22,0.0,0.0,0.0,67.19,66.67,69.23,0.0174048148980677,0.0,0.0,1.0,0.0229775371428571,0.5714285714285714,5.428571428571429,6.428571428571429,0.1222624142857144,48.285714285714285,CB,88,91,85,91,89,14,21,39,92,85,9,92,47,20,36,61,23,23,94,21,32,82,36,48,52,52,64,88,47,32,21,85,80,64,15,23,36,85,91,88,89,91,85,97,82,91,73,85,79,6,17,39,92,67,9,91,47,20,36,53,23,23,85,21,32,65,36,48,52,52,64,88,47,32,21,85,80,64,9,23,36,76,82,82,85,85,82,91,Pro League
Sint-Truiden,2989v3kho9h5jaboe1nr7lx21,wp6f6m1vhdtygyelx9nj74oa,R. Araki,Ryotaro Araki,24.0,Midfielder,Japan,Midfielder,60.0,94.0,4.0,143.0,1.0,7.0,5.0,0.0,12.0,1.0,331.0,11.0,5.0,11.0,11.0,2.0,4.0,5.0,5.0,3.0,2.0,1.0,2.0,1.0,0.0,0.0,0.0,88.27,80.0,36.67,20.0,28.57,33.33,25.0,40.0,0.9052534040341004,1.4079245400964715,2.0,9.0,0.22113083,5.0,11.0,15.0,0.9989361899999998,56.0,16.314199395770395,25.55891238670695,1.0876132930513596,38.88217522658611,0.2719033232628399,1.9033232628398795,1.3595166163141994,0.0,3.262839879154079,0.2719033232628399,2.990936555891239,1.3595166163141994,2.990936555891239,2.990936555891239,0.5438066465256798,1.0876132930513596,1.3595166163141994,1.3595166163141994,0.8157099697885197,0.5438066465256798,0.2719033232628399,0.5438066465256798,0.2719033232628399,0.0,0.0,0.0,88.27,80.0,36.67,20.0,28.57,33.33,25.0,40.0,0.2461414089518702,0.382819361355536,0.5438066465256798,2.447129909365559,0.06012620755287,1.3595166163141994,2.990936555891239,4.078549848942599,0.2716140697885196,15.226586102719034,CM/AM,59,37,30,35,15,48,67,52,9,11,43,46,87,48,43,80,20,20,39,59,15,22,76,24,52,52,100,91,70,13,46,4,20,24,70,65,48,50,43,59,26,33,74,26,74,78,39,70,22,61,78,52,13,15,57,65,100,96,43,91,43,43,39,70,13,30,83,24,52,52,100,91,70,13,46,4,20,24,96,100,52,70,57,70,35,52,96,52,Pro League
