Team,contestantId,playerId,Short Name,Player Name,Age,Position_x,Nationality,Position_y,total accurate back zone pass_Total,total accurate cross_Total,total accurate fwd zone pass_Total,total accurate long balls_Total,total accurate pass_Total,total aerial won_Total,total assists_Total,total att assist_Total,total attempt_Total,total attempts ibox_Total,total blocked scoring att_Total,total contest_Total,total dribbles attempted_Total,total duels won_Total,total effective clearance_Total,total interception_Total,total mins played,total touches in opposition box_Total,total was fouled_Total,total won contest_Total,total won tackle_Total,total attempts obox_Total,total ontarget attempt_Total,total goals_Total,total big chances saved_Total,total direct corner goals_Total,total direct setpiece goals_Total,pass_success_pct_Total,long_balls_success_pct_Total,cross_success_pct_Total,dribble_success_pct_Total,attempt_success_pct_Total,duel_success_pct_Total,aerial_success_pct_Total,tackle_success_pct_Total,xG_Total,xA_Total,CreatedOwnShot_Total,Total Carries_Total,Total Carry xT_Total,Total Final Third Carries_Total,passes_into_final_third_Total,progressive_passes_Total,xT_pass_Total,forward_passes_Total,total accurate back zone pass_p90,total accurate cross_p90,total accurate fwd zone pass_p90,total accurate long balls_p90,total accurate pass_p90,total aerial won_p90,total assists_p90,total att assist_p90,total attempt_p90,total attempts ibox_p90,total blocked scoring att_p90,total contest_p90,total dribbles attempted_p90,total duels won_p90,total effective clearance_p90,total interception_p90,total touches in opposition box_p90,total was fouled_p90,total won contest_p90,total won tackle_p90,total attempts obox_p90,total ontarget attempt_p90,total goals_p90,total big chances saved_p90,total direct corner goals_p90,total direct setpiece goals_p90,pass_success_pct_p90,long_balls_success_pct_p90,cross_success_pct_p90,dribble_success_pct_p90,attempt_success_pct_p90,duel_success_pct_p90,aerial_success_pct_p90,tackle_success_pct_p90,xG_p90,xA_p90,CreatedOwnShot_p90,Total Carries_p90,Total Carry xT_p90,Total Final Third Carries_p90,passes_into_final_third_p90,progressive_passes_p90,xT_pass_p90,forward_passes_p90,Pos.,total accurate back zone pass_TotalPR,total accurate cross_TotalPR,total accurate fwd zone pass_TotalPR,total accurate long balls_TotalPR,total accurate pass_TotalPR,total aerial won_TotalPR,total assists_TotalPR,total att assist_TotalPR,total attempt_TotalPR,total attempts ibox_TotalPR,total blocked scoring att_TotalPR,total contest_TotalPR,total dribbles attempted_TotalPR,total duels won_TotalPR,total effective clearance_TotalPR,total interception_TotalPR,total touches in opposition box_TotalPR,total was fouled_TotalPR,total won contest_TotalPR,total won tackle_TotalPR,total attempts obox_TotalPR,total ontarget attempt_TotalPR,total goals_TotalPR,total big chances saved_TotalPR,total direct corner goals_TotalPR,total direct setpiece goals_TotalPR,pass_success_pct_TotalPR,long_balls_success_pct_TotalPR,cross_success_pct_TotalPR,dribble_success_pct_TotalPR,attempt_success_pct_TotalPR,duel_success_pct_TotalPR,aerial_success_pct_TotalPR,tackle_success_pct_TotalPR,xG_TotalPR,xA_TotalPR,CreatedOwnShot_TotalPR,Total Carries_TotalPR,Total Carry xT_TotalPR,Total Final Third Carries_TotalPR,passes_into_final_third_TotalPR,progressive_passes_TotalPR,xT_pass_TotalPR,forward_passes_TotalPR,total accurate back zone pass_p90PR,total accurate cross_p90PR,total accurate fwd zone pass_p90PR,total accurate long balls_p90PR,total accurate pass_p90PR,total aerial won_p90PR,total assists_p90PR,total att assist_p90PR,total attempt_p90PR,total attempts ibox_p90PR,total blocked scoring att_p90PR,total contest_p90PR,total dribbles attempted_p90PR,total duels won_p90PR,total effective clearance_p90PR,total interception_p90PR,total touches in opposition box_p90PR,total was fouled_p90PR,total won contest_p90PR,total won tackle_p90PR,total attempts obox_p90PR,total ontarget attempt_p90PR,total goals_p90PR,total big chances saved_p90PR,total direct corner goals_p90PR,total direct setpiece goals_p90PR,pass_success_pct_p90PR,long_balls_success_pct_p90PR,cross_success_pct_p90PR,dribble_success_pct_p90PR,attempt_success_pct_p90PR,duel_success_pct_p90PR,aerial_success_pct_p90PR,tackle_success_pct_p90PR,xG_p90PR,xA_p90PR,CreatedOwnShot_p90PR,Total Carries_p90PR,Total Carry xT_p90PR,Total Final Third Carries_p90PR,passes_into_final_third_p90PR,progressive_passes_p90PR,xT_pass_p90PR,forward_passes_p90PR,League
Slovácko,bp5x8iw8pstucx6s4iqht6xqf,1ay3ef800f635ki7nks9w9re,A. Stojchevski,Andrej Stojchevski,23,Defender,North Macedonia,Defender,237.0,1.0,151.0,20.0,387.0,12.0,0.0,4.0,6.0,3.0,1.0,3.0,3.0,26.0,39.0,9.0,810.0,9.0,6.0,2.0,4.0,3.0,2.0,0.0,0.0,0.0,0.0,87.16,55.56,33.33,66.67,33.33,56.52,57.14,57.14,0.4741264429780186,0.2877795341917305,2.0,5.0,0.13599441,6.0,38.0,34.0,0.9777656899999996,214.0,26.33333333333333,0.1111111111111111,16.77777777777778,2.2222222222222223,43.0,1.3333333333333333,0.0,0.4444444444444444,0.6666666666666666,0.3333333333333333,0.1111111111111111,0.3333333333333333,0.3333333333333333,2.888888888888889,4.333333333333333,1.0,1.0,0.6666666666666666,0.2222222222222222,0.4444444444444444,0.3333333333333333,0.2222222222222222,0.0,0.0,0.0,0.0,87.16,55.56,33.33,66.67,33.33,56.52,57.14,57.14,0.0526807158864465,0.0319755037990811,0.2222222222222222,0.5555555555555556,0.01511049,0.6666666666666666,4.222222222222222,3.7777777777777777,0.1086406322222221,23.77777777777778,LB/LCB,92,38,92,90,96,74,40,54,78,70,58,26,26,52,82,78,80,68,46,20,76,76,38,48,52,52,80,86,76,88,68,60,54,26,72,52,82,58,60,86,96,96,76,96,92,28,80,72,84,60,40,44,52,28,46,20,20,16,68,54,56,40,38,12,64,70,38,48,52,52,80,86,76,88,68,60,54,26,40,44,76,44,44,68,96,80,68,84,Czech League
Slovácko,bp5x8iw8pstucx6s4iqht6xqf,1oqsye3np44f24kfne286k6ol,M. Trávník,Michal Trávník,32,Midfielder,Czechia,Midfielder,200.0,13.0,202.0,20.0,389.0,2.0,1.0,13.0,18.0,4.0,7.0,9.0,10.0,60.0,8.0,3.0,800.0,14.0,33.0,6.0,14.0,14.0,2.0,0.0,0.0,0.0,0.0,86.83,55.56,23.64,66.67,11.11,61.86,50.0,73.68,1.0712999998264807,1.329275558365695,14.0,17.0,0.4487845200000001,5.0,38.0,51.0,1.7465088900000003,203.0,22.5,1.4625,22.725,2.25,43.7625,0.2249999999999999,0.1124999999999999,1.4625,2.025,0.4499999999999999,0.7875,1.0125,1.125,6.75,0.8999999999999999,0.3374999999999999,1.575,3.7125,0.6749999999999999,1.575,1.575,0.2249999999999999,0.0,0.0,0.0,0.0,86.83,55.56,23.64,66.67,11.11,61.86,50.0,73.68,0.120521249980479,0.1495435003161407,1.575,1.9125,0.0504882585,0.5625,4.275,5.7375,0.196482250125,22.8375,CM/AM,100,96,97,97,97,35,67,74,96,53,94,56,56,100,89,68,62,100,78,100,100,47,29,50,51,51,89,69,39,78,19,92,67,75,69,78,100,93,94,64,94,97,92,97,100,69,69,89,94,19,47,42,69,31,75,31,31,97,69,39,36,97,42,92,92,31,29,50,51,51,89,69,39,78,19,92,67,75,47,50,92,53,56,33,81,89,81,94,Czech League
Slovácko,bp5x8iw8pstucx6s4iqht6xqf,3x89gzv0j50gqd044j62yxous,Š. Slončík,Simon Sloncík,19,Defender,Czechia,Defender,247.0,0.0,135.0,34.0,382.0,27.0,0.0,2.0,1.0,1.0,0.0,5.0,5.0,60.0,41.0,7.0,720.0,3.0,15.0,2.0,10.0,0.0,0.0,0.0,1.0,0.0,0.0,84.51,57.63,0.0,40.0,0.0,69.77,67.5,62.5,0.1226487938066299,0.2545544771895871,0.0,10.0,0.1963397499999999,4.0,31.0,37.0,0.8802167900000002,224.0,30.875,0.0,16.875,4.25,47.75,3.375,0.0,0.25,0.125,0.125,0.0,0.625,0.625,7.5,5.125,0.875,0.375,1.875,0.25,1.25,0.0,0.0,0.0,0.125,0.0,0.0,84.51,57.63,0.0,40.0,0.0,69.77,67.5,62.5,0.0153310992258287,0.0318193096486983,0.0,1.25,0.0245424687499999,0.5,3.875,4.625,0.11002709875,28.0,RB/RCB,97,14,86,97,97,100,38,21,19,34,28,64,62,100,93,67,31,97,57,76,21,22,40,98,52,52,76,90,14,53,22,93,93,48,28,41,28,91,76,78,83,83,66,93,100,14,62,90,97,97,38,14,17,28,28,41,41,100,83,55,14,90,45,59,21,22,40,100,52,52,76,90,14,53,22,93,93,48,21,28,28,76,55,55,66,66,45,93,Czech League
Slovácko,bp5x8iw8pstucx6s4iqht6xqf,3zm27zj8masdyfu4n3tz0w0es,J. Behiratche,Jocelin Behiratche,26,Defender,Côte d'Ivoire,Defender,277.0,0.0,60.0,10.0,337.0,11.0,0.0,4.0,3.0,3.0,0.0,1.0,1.0,32.0,44.0,10.0,651.0,11.0,11.0,1.0,6.0,0.0,1.0,0.0,1.0,0.0,0.0,92.58,50.0,0.0,100.0,33.33,57.14,78.57,60.0,0.3585950132520516,0.3575772973995176,0.0,1.0,0.10805102,0.0,7.0,5.0,0.3281177,177.0,38.29493087557604,0.0,8.294930875576037,1.3824884792626728,46.58986175115207,1.5207373271889402,0.0,0.5529953917050692,0.4147465437788018,0.4147465437788018,0.0,0.1382488479262673,0.1382488479262673,4.423963133640553,6.082949308755761,1.3824884792626728,1.5207373271889402,1.5207373271889402,0.1382488479262673,0.8294930875576036,0.0,0.1382488479262673,0.0,0.1382488479262673,0.0,0.0,92.58,50.0,0.0,100.0,33.33,57.14,78.57,60.0,0.0495753474542006,0.0494346494100715,0.0,0.1382488479262673,0.014937929032258,0.0,0.967741935483871,0.6912442396313364,0.0453618940092165,24.47004608294931,CB,79,34,50,30,76,58,41,82,58,66,28,43,43,68,79,82,78,92,59,67,28,59,41,95,51,51,97,51,34,88,64,45,89,45,63,84,32,30,63,21,21,7,37,66,84,34,13,8,61,29,41,74,45,55,28,37,37,45,55,74,68,79,58,61,28,47,41,95,51,51,97,51,34,88,64,45,89,45,45,79,32,26,55,21,8,5,13,50,Czech League
Slovácko,bp5x8iw8pstucx6s4iqht6xqf,50i05npy0v93nfhir5xh0ooic,G. Niarchos,Giannis Niarchos,24,Attacker,Greece,Striker,20.0,0.0,14.0,0.0,34.0,9.0,0.0,1.0,4.0,2.0,2.0,2.0,3.0,20.0,2.0,3.0,237.0,2.0,8.0,1.0,1.0,2.0,0.0,0.0,0.0,0.0,0.0,72.34,0.0,0.0,50.0,0.0,48.78,47.37,50.0,0.2905130769853341,0.0439068291727973,3.0,0.0,0.0,0.0,1.0,1.0,0.01449547,9.0,7.59493670886076,0.0,5.316455696202532,0.0,12.91139240506329,3.4177215189873418,0.0,0.379746835443038,1.518987341772152,0.759493670886076,0.759493670886076,0.759493670886076,1.139240506329114,7.59493670886076,0.759493670886076,1.139240506329114,0.759493670886076,3.037974683544304,0.379746835443038,0.379746835443038,0.759493670886076,0.0,0.0,0.0,0.0,0.0,72.34,0.0,0.0,50.0,0.0,48.78,47.37,50.0,0.1103214216400002,0.0166734794327078,1.139240506329114,0.0,0.0,0.0,0.379746835443038,0.379746835443038,0.0055046088607594,3.4177215189873418,ST,69,25,4,14,22,67,36,8,7,6,49,6,8,58,15,94,3,71,17,28,56,4,15,51,51,49,56,14,25,72,4,89,71,40,3,6,69,7,7,15,12,12,3,12,92,25,17,14,53,83,36,11,14,3,75,14,22,100,39,100,3,94,28,39,83,4,15,51,51,49,56,14,25,72,4,89,71,40,3,8,92,7,7,15,22,14,3,31,Czech League
Slovácko,bp5x8iw8pstucx6s4iqht6xqf,6ft0p23uh329gr0xc2cdni1ud,Gigli Ndefe,Gigli Nsungani Ndefe,32,Defender,Angola,Defender,92.0,5.0,109.0,3.0,196.0,2.0,0.0,4.0,7.0,6.0,2.0,6.0,6.0,37.0,26.0,7.0,751.0,13.0,19.0,1.0,6.0,1.0,2.0,2.0,0.0,0.0,0.0,84.12,23.08,26.32,16.67,28.57,57.81,22.22,40.0,0.954342241286504,0.2580096075222744,1.0,9.0,0.21521317,0.0,11.0,15.0,0.79543256,99.0,11.025299600532623,0.5992010652463382,13.062583222370172,0.3595206391478029,23.48868175765645,0.2396804260985352,0.0,0.4793608521970705,0.8388814913448734,0.7190412782956058,0.2396804260985352,0.7190412782956058,0.7190412782956058,4.434087882822903,3.1158455392809583,0.8388814913448734,1.5579227696404792,2.276964047936085,0.1198402130492676,0.7190412782956058,0.1198402130492676,0.2396804260985352,0.2396804260985352,0.0,0.0,0.0,84.12,23.08,26.32,16.67,28.57,57.81,22.22,40.0,0.1143685775176902,0.0309199263342272,0.1198402130492676,1.078561917443409,0.0257911921438082,0.0,1.318242343541944,1.7976031957390146,0.0953248074567243,11.864181091877496,RB/RCB,52,90,83,14,62,16,38,62,84,90,91,69,69,62,64,67,86,100,31,50,57,84,93,48,52,52,72,14,76,28,67,62,14,7,97,45,66,86,83,5,24,31,59,59,28,76,38,10,24,10,38,34,79,83,83,52,52,38,34,48,69,97,28,21,45,69,93,48,52,52,72,14,76,28,67,62,14,7,83,24,55,62,66,5,10,10,24,21,Czech League
Slovácko,bp5x8iw8pstucx6s4iqht6xqf,846noswumd4tahm2f7p9g6iac,P. Juroška,Pavel Juroska,25,Midfielder,Czechia,Midfielder,16.0,2.0,26.0,2.0,40.0,0.0,0.0,5.0,6.0,3.0,1.0,7.0,10.0,17.0,2.0,1.0,317.0,7.0,8.0,4.0,4.0,3.0,2.0,1.0,0.0,0.0,0.0,68.97,66.67,40.0,57.14,33.33,54.84,0.0,80.0,0.5974538252014459,0.3164492018776447,3.0,4.0,0.12890485,1.0,2.0,2.0,0.17454906,17.0,4.542586750788644,0.5678233438485805,7.381703470031546,0.5678233438485805,11.35646687697161,0.0,0.0,1.4195583596214512,1.7034700315457414,0.8517350157728707,0.2839116719242902,1.987381703470032,2.8391167192429023,4.826498422712934,0.5678233438485805,0.2839116719242902,1.987381703470032,2.271293375394322,1.135646687697161,1.135646687697161,0.8517350157728707,0.5678233438485805,0.2839116719242902,0.0,0.0,0.0,68.97,66.67,40.0,57.14,33.33,54.84,0.0,80.0,0.1696241144105051,0.0898436219841893,0.8517350157728707,1.135646687697161,0.0365975914826498,0.2839116719242902,0.5678233438485805,0.5678233438485805,0.0495565154574132,4.826498422712934,LM/LCM,27,50,17,43,20,13,40,50,40,37,27,33,47,47,23,37,17,67,67,63,63,57,57,50,53,53,27,97,93,87,57,73,13,77,53,47,63,23,27,23,7,7,7,20,20,53,20,47,7,13,40,60,53,53,33,53,60,47,20,40,27,67,73,60,80,67,53,50,53,53,27,97,93,87,57,73,13,77,53,53,80,27,33,27,7,7,7,13,Czech League
Slovácko,bp5x8iw8pstucx6s4iqht6xqf,8zvsos5fsrrf9aizqmyhtt9m,M. Šviderský,Martin Svidersky,23,Midfielder,Slovakia,Midfielder,57.0,2.0,82.0,5.0,137.0,6.0,0.0,5.0,6.0,2.0,2.0,5.0,6.0,26.0,13.0,3.0,405.0,11.0,6.0,2.0,8.0,4.0,1.0,0.0,1.0,0.0,0.0,79.65,27.78,22.22,40.0,16.67,61.9,54.55,66.67,0.3864861300531166,0.2283144635313949,4.0,5.0,0.14204024,2.0,12.0,11.0,0.3102483599999999,66.0,12.666666666666666,0.4444444444444444,18.22222222222222,1.1111111111111112,30.444444444444443,1.3333333333333333,0.0,1.1111111111111112,1.3333333333333333,0.4444444444444444,0.4444444444444444,1.1111111111111112,1.3333333333333333,5.777777777777778,2.888888888888889,0.6666666666666666,2.4444444444444446,1.3333333333333333,0.4444444444444444,1.7777777777777777,0.8888888888888888,0.2222222222222222,0.0,0.2222222222222222,0.0,0.0,79.65,27.78,22.22,40.0,16.67,61.9,54.55,66.67,0.0858858066784703,0.050736547451421,0.8888888888888888,1.1111111111111112,0.0315644977777777,0.4444444444444444,2.6666666666666665,2.4444444444444446,0.0689440799999999,14.666666666666666,LM/LCM,83,50,87,77,87,87,40,50,40,17,67,27,27,80,93,73,43,43,27,80,87,27,17,100,53,53,67,43,47,60,17,100,90,40,20,20,80,37,33,40,83,80,40,93,100,47,93,67,93,87,40,47,33,13,73,20,20,73,93,70,40,40,20,93,87,13,17,100,53,53,67,43,47,60,17,100,90,40,27,27,87,20,27,40,77,60,27,93,Czech League
Slovácko,bp5x8iw8pstucx6s4iqht6xqf,9hwxz4jig9tzvusschssz9r6d,T. Kostadinov,Tihomir Kostadinov,30,Midfielder,North Macedonia,Midfielder,118.0,1.0,123.0,8.0,240.0,3.0,0.0,9.0,6.0,3.0,3.0,7.0,7.0,32.0,9.0,5.0,596.0,8.0,15.0,5.0,6.0,3.0,1.0,0.0,0.0,0.0,0.0,85.11,36.36,25.0,71.43,16.67,52.46,33.33,66.67,0.5615359339245758,0.6690358022463975,3.0,7.0,0.20250283,2.0,17.0,19.0,0.6877795600000001,103.0,17.818791946308725,0.1510067114093959,18.573825503355707,1.2080536912751678,36.24161073825504,0.4530201342281879,0.0,1.359060402684564,0.906040268456376,0.4530201342281879,0.4530201342281879,1.0570469798657718,1.0570469798657718,4.832214765100671,1.359060402684564,0.7550335570469799,1.2080536912751678,2.26510067114094,0.7550335570469799,0.906040268456376,0.4530201342281879,0.1510067114093959,0.0,0.0,0.0,0.0,85.11,36.36,25.0,71.43,16.67,52.46,33.33,66.67,0.084795694720154,0.1010288963123754,0.4530201342281879,1.0570469798657718,0.0305792864093959,0.3020134228187919,2.567114093959732,2.869127516778524,0.1038593295302013,15.553691275167786,DM/CM,62,59,61,29,55,39,34,95,57,64,73,70,70,77,62,32,71,95,84,50,45,48,39,52,52,50,68,20,82,75,45,59,29,52,61,86,66,57,64,36,54,46,61,54,54,61,64,18,57,39,34,100,43,61,75,64,64,54,50,21,64,96,79,46,32,50,39,52,52,50,68,20,82,75,45,59,29,52,54,82,61,36,43,25,46,43,46,46,Czech League
Slovácko,bp5x8iw8pstucx6s4iqht6xqf,aprzekzw2al3nf4dglv6eicb9,M. Havlík,Marek Havlík,31,Midfielder,Czechia,Midfielder,63.0,7.0,145.0,19.0,201.0,3.0,2.0,13.0,9.0,4.0,2.0,1.0,1.0,13.0,6.0,2.0,657.0,17.0,7.0,0.0,4.0,5.0,4.0,0.0,0.0,0.0,0.0,76.43,57.58,41.18,0.0,44.44,33.33,42.86,100.0,0.448949653368159,1.3411283050491871,3.0,12.0,0.34860329,2.0,21.0,23.0,1.1130613600000003,82.0,8.63013698630137,0.9589041095890412,19.863013698630137,2.602739726027397,27.534246575342465,0.4109589041095891,0.273972602739726,1.7808219178082192,1.2328767123287672,0.547945205479452,0.273972602739726,0.136986301369863,0.136986301369863,1.7808219178082192,0.8219178082191781,0.273972602739726,2.328767123287671,0.9589041095890412,0.0,0.547945205479452,0.684931506849315,0.547945205479452,0.0,0.0,0.0,0.0,76.43,57.58,41.18,0.0,44.44,33.33,42.86,100.0,0.0614999525161861,0.1837162061711215,0.4109589041095891,1.6438356164383563,0.0477538753424657,0.273972602739726,2.8767123287671232,3.150684931506849,0.1524741589041096,11.232876712328768,RM/RCM,80,87,93,100,87,37,70,87,40,43,37,10,7,13,30,33,47,47,10,37,73,57,27,53,50,50,40,87,100,10,80,7,67,97,33,93,30,67,60,20,100,80,80,80,57,93,93,93,67,33,67,87,33,40,33,7,7,7,13,27,47,33,10,20,67,53,27,53,50,50,40,87,100,10,80,7,67,97,20,93,20,47,47,20,80,60,73,67,Czech League
Slovácko,bp5x8iw8pstucx6s4iqht6xqf,bnlal8kbqu3a6vbh1zfb1zoyc,F. Horský,Filip Horsky,23,Attacker,Czechia,Striker,22.0,0.0,33.0,2.0,55.0,4.0,0.0,2.0,7.0,5.0,0.0,7.0,7.0,20.0,2.0,1.0,311.0,16.0,8.0,3.0,2.0,2.0,2.0,0.0,0.0,0.0,0.0,72.37,50.0,0.0,42.86,28.57,43.48,44.44,40.0,0.8639011346989638,0.1934885981356601,2.0,3.0,0.06640645,0.0,2.0,4.0,0.14234362,15.0,6.366559485530546,0.0,9.54983922829582,0.5787781350482315,15.916398713826366,1.157556270096463,0.0,0.5787781350482315,2.02572347266881,1.4469453376205788,0.0,2.02572347266881,2.02572347266881,5.787781350482315,0.5787781350482315,0.2893890675241157,4.630225080385852,2.315112540192926,0.8681672025723473,0.5787781350482315,0.5787781350482315,0.5787781350482315,0.0,0.0,0.0,0.0,72.37,50.0,0.0,42.86,28.57,43.48,44.44,40.0,0.2500035438035586,0.055993484991027,0.5787781350482315,0.8681672025723473,0.0192173006430868,0.0,0.5787781350482315,1.157556270096463,0.041192687459807,4.340836012861736,ST,75,25,44,58,57,35,36,21,26,22,11,49,43,58,15,62,29,71,57,49,56,29,15,51,51,49,58,62,25,57,36,69,58,28,31,25,49,51,42,15,35,51,31,42,83,25,67,64,72,44,36,31,28,39,11,58,58,64,14,72,44,78,78,61,64,33,15,51,51,49,58,62,25,57,36,69,58,28,39,42,53,64,44,15,47,64,42,61,Czech League
Slovácko,bp5x8iw8pstucx6s4iqht6xqf,d2ua4dqxer9zjh1ulsulmbz6x,P. Blahút,Patrik Blahút,28,Midfielder,Slovakia,Midfielder,44.0,3.0,70.0,8.0,111.0,0.0,0.0,6.0,6.0,4.0,2.0,10.0,10.0,9.0,5.0,2.0,466.0,10.0,4.0,3.0,2.0,2.0,2.0,1.0,0.0,0.0,0.0,83.46,61.54,30.0,30.0,33.33,31.03,0.0,100.0,0.4388295277557036,0.4289625228723148,2.0,6.0,0.1923396,2.0,6.0,9.0,0.3588244299999999,46.0,8.49785407725322,0.5793991416309012,13.51931330472103,1.5450643776824031,21.437768240343345,0.0,0.0,1.1587982832618025,1.1587982832618025,0.7725321888412017,0.3862660944206008,1.931330472103004,1.931330472103004,1.7381974248927037,0.965665236051502,0.3862660944206008,1.931330472103004,0.7725321888412017,0.5793991416309012,0.3862660944206008,0.3862660944206008,0.3862660944206008,0.1931330472103004,0.0,0.0,0.0,83.46,61.54,30.0,30.0,33.33,31.03,0.0,100.0,0.0847524839013161,0.0828468391813483,0.3862660944206008,1.1587982832618025,0.0371471330472103,0.3862660944206008,1.1587982832618025,1.7381974248927037,0.0693008555793991,8.88412017167382,LM/LCM,73,60,73,93,73,13,40,70,40,60,67,60,47,13,60,53,33,30,50,23,37,57,57,50,53,53,87,87,67,20,57,7,13,97,33,67,50,47,47,40,47,60,53,67,53,60,40,93,53,13,40,53,27,33,60,47,47,7,47,47,20,20,40,20,27,47,33,50,53,53,87,87,67,20,57,7,13,97,20,47,47,33,40,33,27,33,33,60,Czech League
Sparta Praha,5ocdn3a6s75u0d0dy0rbou0xc,2we6yk2a54d89zp0kx0bs6u50,A. Ševínský,Adam Sevínsky,22,Defender,Czechia,Defender,167.0,0.0,74.0,14.0,241.0,6.0,0.0,0.0,2.0,2.0,0.0,1.0,1.0,9.0,14.0,2.0,277.0,2.0,1.0,1.0,0.0,0.0,2.0,0.0,0.0,0.0,0.0,91.98,63.64,0.0,100.0,100.0,50.0,54.55,0.0,0.3237722652758838,0.0,0.0,8.0,0.15759847,3.0,19.0,20.0,0.51222989,172.0,54.25992779783393,0.0,24.043321299638983,4.548736462093863,78.30324909747291,1.9494584837545128,0.0,0.0,0.6498194945848376,0.6498194945848376,0.0,0.3249097472924188,0.3249097472924188,2.9241877256317688,4.548736462093863,0.6498194945848376,0.6498194945848376,0.3249097472924188,0.3249097472924188,0.0,0.0,0.6498194945848376,0.0,0.0,0.0,0.0,91.98,63.64,0.0,100.0,100.0,50.0,54.55,0.0,0.1051967648910813,0.0,0.0,2.5992779783393503,0.0512052790613718,0.9747292418772564,6.1732851985559565,6.498194945848375,0.1664284841155234,55.88447653429603,CB,61,34,58,46,55,22,41,11,45,51,28,43,43,11,26,14,22,13,59,4,28,83,41,45,51,51,92,92,34,88,95,18,39,4,58,12,32,87,84,83,68,64,58,61,100,34,95,89,100,37,41,11,63,68,28,50,50,11,29,18,32,13,68,4,28,100,41,45,51,51,92,92,34,88,95,18,39,4,74,12,32,97,95,89,100,100,100,100,Czech League
Sparta Praha,5ocdn3a6s75u0d0dy0rbou0xc,3uwnuj4kbsjiy88i1jrkzwqqy,J. Mercado,John Mercado,24,Attacker,Ecuador,Striker,54.0,2.0,115.0,7.0,167.0,8.0,1.0,6.0,20.0,14.0,6.0,45.0,48.0,54.0,12.0,5.0,703.0,46.0,7.0,29.0,7.0,6.0,10.0,4.0,0.0,0.0,0.0,79.15,50.0,6.67,64.44,50.0,50.94,42.11,70.0,1.8184720106369543,0.7607303089492147,10.0,28.0,0.8270158299999999,12.0,10.0,12.0,0.92168687,51.0,6.913229018492177,0.2560455192034139,14.722617354196302,0.8961593172119489,21.379800853485065,1.0241820768136558,0.1280227596017069,0.7681365576102418,2.5604551920341394,1.7923186344238975,0.7681365576102418,5.761024182076814,6.145092460881934,6.913229018492177,1.5362731152204836,0.6401137980085349,5.8890469416785205,0.8961593172119489,3.7126600284495024,0.8961593172119489,0.7681365576102418,1.2802275960170697,0.5120910384068279,0.0,0.0,0.0,79.15,50.0,6.67,64.44,50.0,50.94,42.11,70.0,0.2328058050602075,0.0973907934643375,1.2802275960170697,3.5846372688477954,0.1058768487908961,1.5362731152204836,1.2802275960170697,1.5362731152204836,0.1179968965860597,6.529160739687056,RW,75,62,100,75,100,75,88,50,100,100,75,100,100,100,100,88,100,50,100,100,100,100,88,62,62,62,75,50,50,100,100,100,25,100,100,75,100,100,100,88,75,62,75,75,75,50,100,75,100,50,75,50,75,75,50,100,100,100,100,75,100,50,100,100,75,100,75,62,62,62,75,50,50,100,100,100,25,100,75,50,75,100,100,100,25,50,75,75,Czech League
Sparta Praha,5ocdn3a6s75u0d0dy0rbou0xc,447xbdl414dk1mbi68hr37ris,H. Sochůrek,Hugo Sochurek,18,Midfielder,Czechia,Midfielder,48.0,0.0,83.0,5.0,131.0,3.0,0.0,5.0,1.0,1.0,0.0,12.0,12.0,24.0,3.0,2.0,386.0,8.0,10.0,5.0,4.0,0.0,1.0,0.0,0.0,0.0,0.0,90.34,100.0,0.0,41.67,100.0,53.33,37.5,66.67,0.0828988798664031,0.3884314690795489,1.0,15.0,0.4346476399999999,9.0,7.0,10.0,0.5095285799999999,48.0,11.191709844559586,0.0,19.35233160621761,1.1658031088082903,30.544041450777204,0.6994818652849741,0.0,1.1658031088082903,0.233160621761658,0.233160621761658,0.0,2.7979274611398965,2.7979274611398965,5.595854922279793,0.6994818652849741,0.466321243523316,1.865284974093264,2.3316062176165806,1.1658031088082903,0.932642487046632,0.0,0.233160621761658,0.0,0.0,0.0,0.0,90.34,100.0,0.0,41.67,100.0,53.33,37.5,66.67,0.0193287543729955,0.0905669228423818,0.233160621761658,3.4974093264248705,0.1013427139896372,2.098445595854922,1.6321243523316062,2.3316062176165806,0.1188020005181346,11.191709844559586,CM/AM,47,6,44,42,47,53,24,22,7,17,8,82,78,62,44,44,36,75,62,56,8,28,29,50,51,51,97,100,6,35,99,75,36,65,8,22,24,83,92,90,25,25,42,33,56,6,53,44,44,67,24,22,6,14,8,81,78,83,47,53,42,83,72,58,8,33,29,50,51,51,97,100,6,35,99,75,36,65,6,19,19,92,92,97,22,28,42,36,Czech League
Sparta Praha,5ocdn3a6s75u0d0dy0rbou0xc,58dyik26pd4vb9biime1mw2y1,J. Braut Brunes,Jonatan Braut Brunes,26,Attacker,Norway,Striker,22.0,0.0,45.0,0.0,67.0,5.0,1.0,8.0,20.0,19.0,8.0,5.0,6.0,19.0,7.0,0.0,589.0,36.0,9.0,4.0,0.0,1.0,4.0,1.0,0.0,0.0,0.0,85.9,0.0,0.0,80.0,20.0,43.18,45.45,0.0,2.2186742943693787,0.420945590286769,1.0,2.0,0.04950342,2.0,4.0,0.0,0.2470040699999999,14.0,3.3616298811545,0.0,6.8760611205432935,0.0,10.237691001697794,0.7640067911714771,0.1528013582342954,1.222410865874363,3.0560271646859083,2.903225806451613,1.222410865874363,0.7640067911714771,0.9168081494057724,2.903225806451613,1.069609507640068,0.0,5.500848896434635,1.3752122241086588,0.6112054329371817,0.0,0.1528013582342954,0.6112054329371817,0.1528013582342954,0.0,0.0,0.0,85.9,0.0,0.0,80.0,20.0,43.18,45.45,0.0,0.339016445659158,0.0643210579385555,0.1528013582342954,0.3056027164685908,0.0075641898132427,0.3056027164685908,0.6112054329371817,0.0,0.0377425573853989,2.139219015280136,ST,75,25,69,14,75,40,83,89,97,97,100,32,36,47,81,24,92,79,71,11,33,57,49,51,51,49,97,14,25,97,21,64,61,11,89,69,28,36,33,65,65,4,58,32,39,25,28,14,31,25,78,75,78,83,92,17,14,11,58,24,69,53,50,11,28,42,33,51,51,49,97,14,25,97,21,64,61,11,72,44,25,28,25,53,56,4,39,11,Czech League
Sparta Praha,5ocdn3a6s75u0d0dy0rbou0xc,6ajl37s0de73x36nhufcoejje,M. Ryneš,Matej Rynes,25,Defender,Czechia,Defender,121.0,5.0,154.0,12.0,270.0,4.0,1.0,7.0,5.0,0.0,1.0,4.0,4.0,17.0,7.0,5.0,493.0,9.0,4.0,2.0,6.0,5.0,2.0,1.0,0.0,0.0,0.0,87.95,42.86,18.52,50.0,40.0,51.52,80.0,85.71,0.3303726432724462,0.6827203184724813,3.0,9.0,0.19357762,3.0,40.0,43.0,1.3645757500000002,139.0,22.08924949290061,0.9127789046653144,28.113590263691684,2.1906693711967544,49.290060851926974,0.7302231237322515,0.1825557809330628,1.27789046653144,0.9127789046653144,0.0,0.1825557809330628,0.7302231237322515,0.7302231237322515,3.103448275862069,1.27789046653144,0.9127789046653144,1.643002028397566,0.7302231237322515,0.3651115618661257,1.0953346855983772,0.9127789046653144,0.3651115618661257,0.1825557809330628,0.0,0.0,0.0,87.95,42.86,18.52,50.0,40.0,51.52,80.0,85.71,0.0603114358915216,0.1246345408976132,0.5476673427991886,1.643002028397566,0.0353387135902636,0.5476673427991886,7.302231237322515,7.849898580121704,0.24911119168357,25.37525354969574,LB/LCB,76,80,96,52,80,26,86,80,66,10,58,40,38,16,22,36,80,38,46,46,94,76,84,48,52,52,84,52,40,66,78,40,94,84,48,80,94,72,72,56,100,100,96,80,72,80,100,64,96,28,84,72,84,10,64,44,40,28,12,40,80,44,56,52,96,88,92,48,52,52,84,52,40,66,78,40,94,84,48,72,100,84,68,56,100,100,100,88,Czech League
Sparta Praha,5ocdn3a6s75u0d0dy0rbou0xc,7clxo8giuja0f0hw9jbto3mjt,L. Mbe Soh,Loïc Mbe Soh,25,Defender,France,Defender,147.0,0.0,103.0,10.0,250.0,8.0,0.0,2.0,5.0,3.0,3.0,0.0,0.0,20.0,12.0,3.0,353.0,6.0,4.0,0.0,5.0,2.0,0.0,0.0,0.0,0.0,0.0,91.91,55.56,0.0,0.0,0.0,68.97,53.33,62.5,0.4426261100122851,0.0507536053861244,1.0,6.0,0.12060809,3.0,24.0,22.0,0.4270861299999997,181.0,37.478753541076486,0.0,26.26062322946176,2.54957507082153,63.73937677053824,2.039660056657224,0.0,0.509915014164306,1.274787535410765,0.764872521246459,0.764872521246459,0.0,0.0,5.09915014164306,3.059490084985836,0.764872521246459,1.529745042492918,1.019830028328612,0.0,1.274787535410765,0.509915014164306,0.0,0.0,0.0,0.0,0.0,91.91,55.56,0.0,0.0,0.0,68.97,53.33,62.5,0.112850849578203,0.0129400127046776,0.254957507082153,1.529745042492918,0.0307499379603399,0.764872521246459,6.118980169971672,5.609065155807365,0.1088888150141642,46.14730878186969,CB,53,34,79,30,61,33,41,55,74,66,93,16,16,34,17,26,59,39,25,58,95,22,41,45,51,51,89,66,34,25,22,95,37,54,71,32,78,76,68,83,79,68,50,68,79,34,100,29,95,45,41,68,89,76,100,16,16,55,18,29,71,58,25,79,97,22,41,45,51,51,89,66,34,25,22,95,37,54,76,32,87,89,84,87,97,89,74,95,Czech League
Sparta Praha,5ocdn3a6s75u0d0dy0rbou0xc,7twrnp7os9wbiqsnwcbz9ju8l,J. Zelený,Jaroslav Zeleny,34,Defender,Czechia,Defender,156.0,3.0,80.0,19.0,233.0,8.0,1.0,4.0,3.0,3.0,1.0,5.0,5.0,22.0,4.0,3.0,365.0,9.0,7.0,3.0,2.0,0.0,0.0,0.0,0.0,0.0,0.0,88.59,67.86,100.0,60.0,0.0,64.71,61.54,50.0,0.3108439554048116,0.4221702019146715,0.0,9.0,0.2427943899999999,5.0,23.0,24.0,0.6280443500000005,119.0,38.465753424657535,0.7397260273972603,19.726027397260275,4.684931506849315,57.45205479452055,1.9726027397260275,0.2465753424657534,0.9863013698630138,0.7397260273972603,0.7397260273972603,0.2465753424657534,1.2328767123287672,1.2328767123287672,5.424657534246576,0.9863013698630138,0.7397260273972603,2.219178082191781,1.726027397260274,0.7397260273972603,0.4931506849315069,0.0,0.0,0.0,0.0,0.0,0.0,88.59,67.86,100.0,60.0,0.0,64.71,61.54,50.0,0.0766464547573508,0.1040967621159464,0.0,2.219178082191781,0.0598671098630136,1.2328767123287672,5.671232876712329,5.917808219178083,0.1548602506849316,29.34246575342466,CB,55,97,63,63,50,33,89,82,58,66,64,87,86,42,5,26,72,63,82,28,28,22,41,45,51,51,68,100,96,61,22,66,58,29,53,92,32,91,95,96,76,79,71,50,87,97,87,92,82,39,92,95,66,74,76,95,95,61,8,21,89,87,92,32,28,22,41,45,51,51,68,100,96,61,22,66,58,29,68,97,32,95,100,100,95,95,97,71,Czech League
Sparta Praha,5ocdn3a6s75u0d0dy0rbou0xc,8m5qqvo8ubfywp7esr9agf5nu,A. Karabec,Adam Karabec,23,Midfielder,Czechia,Midfielder,70.0,14.0,194.0,12.0,250.0,4.0,2.0,30.0,23.0,10.0,8.0,25.0,25.0,40.0,2.0,1.0,730.0,34.0,18.0,14.0,2.0,13.0,10.0,3.0,0.0,0.0,0.0,84.46,66.67,21.54,56.0,43.48,52.63,44.44,50.0,1.6221039385420644,2.945879428526697,7.0,30.0,0.9933573299999996,15.0,20.0,42.0,2.05551317,106.0,8.63013698630137,1.726027397260274,23.917808219178085,1.479452054794521,30.82191780821918,0.4931506849315069,0.2465753424657534,3.6986301369863015,2.8356164383561646,1.2328767123287672,0.9863013698630138,3.082191780821918,3.082191780821918,4.931506849315069,0.2465753424657534,0.1232876712328767,4.191780821917808,2.219178082191781,1.726027397260274,0.2465753424657534,1.6027397260273974,1.2328767123287672,0.3698630136986301,0.0,0.0,0.0,84.46,66.67,21.54,56.0,43.48,52.63,44.44,50.0,0.1999854170805285,0.3631906144758942,0.863013698630137,3.6986301369863015,0.1224687119178081,1.8493150684931507,2.4657534246575343,5.178082191780822,0.2534194319178082,13.068493150684931,CM/AM,72,100,94,82,86,67,93,100,100,93,100,97,97,92,25,26,100,93,97,24,97,100,93,50,51,51,75,92,33,58,78,67,53,32,97,100,86,100,100,100,75,94,97,83,31,89,81,64,50,50,83,97,94,75,94,86,83,58,14,22,89,81,92,8,94,97,86,50,51,51,75,92,33,58,78,67,53,32,72,97,75,94,100,92,53,86,94,44,Czech League
Sparta Praha,5ocdn3a6s75u0d0dy0rbou0xc,9l89pnte9uhyc8jnads2lintg,T. Guddal,Tobias Guddal,24,Defender,Norway,Defender,317.0,0.0,174.0,26.0,491.0,18.0,0.0,4.0,10.0,9.0,4.0,8.0,8.0,42.0,36.0,10.0,630.0,16.0,9.0,6.0,7.0,1.0,1.0,1.0,0.0,0.0,0.0,92.47,65.0,0.0,75.0,10.0,67.74,64.29,70.0,1.2258518680528565,0.3020880802147808,1.0,20.0,0.3920589200000001,4.0,37.0,43.0,0.8088328100000006,344.0,45.285714285714285,0.0,24.857142857142858,3.7142857142857135,70.14285714285714,2.571428571428572,0.0,0.5714285714285714,1.4285714285714286,1.2857142857142858,0.5714285714285714,1.1428571428571428,1.1428571428571428,6.0,5.142857142857143,1.4285714285714286,2.2857142857142856,1.2857142857142858,0.8571428571428571,1.0,0.1428571428571428,0.1428571428571428,0.1428571428571428,0.0,0.0,0.0,92.47,65.0,0.0,75.0,10.0,67.74,64.29,70.0,0.1751216954361223,0.0431554400306829,0.1428571428571428,2.857142857142857,0.0560084171428571,0.5714285714285714,5.285714285714286,6.142857142857143,0.1155475442857143,49.142857142857146,CB,88,34,97,75,97,78,41,82,93,93,100,95,95,82,61,82,84,79,97,76,72,59,91,45,51,51,95,97,34,66,45,92,66,67,92,79,78,100,100,92,100,99,84,95,92,34,97,74,97,63,41,76,92,92,95,92,89,76,37,76,92,72,97,66,71,50,87,45,51,51,95,97,34,66,45,92,66,67,92,71,76,100,97,79,92,97,79,97,Czech League
Sparta Praha,5ocdn3a6s75u0d0dy0rbou0xc,9z5py8a1jpdx5zl7a47sd34es,M. Suchomel,Martin Suchomel,24,Defender,Czechia,Defender,58.0,2.0,91.0,2.0,147.0,3.0,1.0,4.0,2.0,1.0,0.0,4.0,5.0,18.0,8.0,10.0,423.0,5.0,6.0,2.0,4.0,1.0,1.0,0.0,0.0,0.0,0.0,83.52,22.22,22.22,50.0,50.0,38.3,37.5,57.14,0.1420445764768008,0.3536083142741256,1.0,6.0,0.16081972,1.0,21.0,21.0,0.48479888,68.0,12.340425531914892,0.425531914893617,19.361702127659573,0.425531914893617,31.27659574468085,0.6382978723404255,0.2127659574468085,0.851063829787234,0.425531914893617,0.2127659574468085,0.0,0.851063829787234,1.0638297872340423,3.829787234042553,1.702127659574468,2.127659574468085,1.0638297872340423,1.276595744680851,0.425531914893617,0.851063829787234,0.2127659574468085,0.2127659574468085,0.0,0.0,0.0,0.0,83.52,22.22,22.22,50.0,50.0,38.3,37.5,57.14,0.0302222503142129,0.0752358115476863,0.2127659574468085,1.276595744680851,0.0342169617021276,0.2127659574468085,4.468085106382978,4.468085106382978,0.1031486978723404,14.468085106382976,RB/RCB,26,45,67,10,38,21,81,62,34,34,28,48,62,36,17,84,50,53,57,34,57,59,40,48,52,52,66,10,66,66,86,17,24,34,31,69,66,57,55,16,60,41,34,34,38,52,83,14,62,28,79,69,34,31,28,59,62,21,7,97,59,66,66,31,59,55,40,48,52,52,66,10,66,66,86,17,24,34,34,69,66,79,83,10,79,59,34,38,Czech League
Sparta Praha,5ocdn3a6s75u0d0dy0rbou0xc,a0c7uephm9jijirsv7ho3hjze,J. Alcócer,Josimar Alcócer,22,Attacker,Costa Rica,Striker,32.0,6.0,111.0,3.0,137.0,3.0,1.0,8.0,12.0,8.0,2.0,32.0,35.0,29.0,6.0,0.0,554.0,36.0,7.0,12.0,2.0,4.0,6.0,4.0,0.0,0.0,0.0,83.54,75.0,30.0,37.5,50.0,38.16,30.0,28.57,1.1257599078523504,0.8125559824438637,8.0,31.0,1.0115487599999995,11.0,2.0,15.0,1.2088094800000002,40.0,5.1985559566787005,0.9747292418772564,18.03249097472924,0.4873646209386281,22.25631768953069,0.4873646209386281,0.1624548736462094,1.2996389891696751,1.9494584837545128,1.2996389891696751,0.3249097472924188,5.1985559566787005,5.6859205776173285,4.711191335740072,0.9747292418772564,0.0,5.8483754512635375,1.1371841155234657,1.9494584837545128,0.3249097472924188,0.6498194945848376,0.9747292418772564,0.6498194945848376,0.0,0.0,0.0,83.54,75.0,30.0,37.5,50.0,38.16,30.0,28.57,0.1828851835861218,0.1320036794583894,1.2996389891696751,5.036101083032491,0.1643310259927796,1.787003610108303,0.3249097472924188,2.436823104693141,0.1963769913357401,6.498194945848375,LW,80,80,100,70,100,30,60,50,80,80,80,100,100,40,100,20,100,40,100,20,80,100,100,60,60,60,80,100,60,60,80,20,40,20,80,60,100,100,100,100,20,100,80,90,60,80,80,60,100,20,60,60,80,60,80,100,100,40,100,20,80,20,100,20,80,60,100,60,60,60,80,100,60,60,80,20,40,20,80,60,100,100,100,100,20,100,80,60,Czech League
Sparta Praha,5ocdn3a6s75u0d0dy0rbou0xc,bgh658opq2ua3erqg76tg9k6i,Santiago Eneme,Santiago Eneme,25,Midfielder,Equatorial Guinea,Midfielder,54.0,1.0,72.0,6.0,125.0,1.0,0.0,2.0,5.0,3.0,1.0,7.0,7.0,13.0,2.0,0.0,225.0,6.0,3.0,4.0,4.0,2.0,0.0,0.0,0.0,0.0,0.0,93.98,85.71,33.33,57.14,0.0,59.09,50.0,80.0,0.5528093626899159,0.2402010309045039,3.0,6.0,0.13003705,3.0,8.0,12.0,0.5714109100000001,51.0,21.6,0.4,28.8,2.4,50.0,0.4,0.0,0.8,2.0,1.2,0.4,2.8,2.8,5.2,0.8,0.0,2.4,1.2,1.6,1.6,0.8,0.0,0.0,0.0,0.0,0.0,93.98,85.71,33.33,57.14,0.0,59.09,50.0,80.0,0.2211237450759663,0.0960804123618015,1.2,2.4,0.0520148199999999,1.2,3.2,4.8,0.228564364,20.4,DM/CM,21,59,39,21,32,16,34,29,45,64,29,70,70,7,4,4,59,20,66,23,25,20,39,52,52,50,100,100,93,57,20,82,50,89,57,36,66,52,36,52,21,29,43,21,75,75,89,75,86,32,34,43,95,96,61,100,100,71,14,4,96,57,100,82,71,20,39,52,52,50,100,100,93,57,20,82,50,89,96,75,96,96,96,100,61,71,100,71,Czech League
Sparta Praha,5ocdn3a6s75u0d0dy0rbou0xc,eim006d42cbiap5op1a5qyd3p,R. Macek,Roman Macek,29,Midfielder,Czechia,Midfielder,261.0,3.0,268.0,36.0,526.0,8.0,0.0,8.0,3.0,1.0,1.0,6.0,6.0,38.0,5.0,8.0,665.0,2.0,12.0,3.0,11.0,2.0,1.0,0.0,0.0,0.0,0.0,90.07,63.16,9.68,50.0,33.33,57.58,80.0,73.33,0.1940518220393172,0.620964309721664,2.0,17.0,0.34785725,5.0,57.0,57.0,1.25691103,272.0,35.32330827067669,0.4060150375939849,36.27067669172932,4.87218045112782,71.18796992481202,1.0827067669172932,0.0,1.0827067669172932,0.4060150375939849,0.1353383458646616,0.1353383458646616,0.8120300751879699,0.8120300751879699,5.142857142857142,0.6766917293233082,1.0827067669172932,0.2706766917293233,1.6240601503759398,0.4060150375939849,1.4887218045112782,0.2706766917293233,0.1353383458646616,0.0,0.0,0.0,0.0,90.07,63.16,9.68,50.0,33.33,57.58,80.0,73.33,0.0262626526068248,0.0840402825187214,0.2706766917293233,2.300751879699248,0.04707842481203,0.6766917293233082,7.7142857142857135,7.7142857142857135,0.1701082596992481,36.81203007518797,DM/CM,96,88,100,100,96,80,34,82,21,32,29,55,54,88,29,71,20,88,50,93,25,48,39,52,52,50,96,89,50,39,82,75,98,71,21,75,45,96,93,73,100,96,86,96,96,79,100,100,100,68,34,75,11,29,25,46,43,64,11,57,18,75,46,71,18,43,39,52,52,50,96,89,50,39,82,75,98,71,11,64,32,93,93,57,100,100,86,96,Czech League
Sparta Praha,5ocdn3a6s75u0d0dy0rbou0xc,jykf7m9lffcn8ezf8fcouv3d,A. Irving,Andy Irving,26,Midfielder,Scotland,Midfielder,95.0,1.0,169.0,11.0,263.0,2.0,1.0,6.0,6.0,0.0,1.0,7.0,7.0,16.0,6.0,3.0,399.0,4.0,5.0,4.0,1.0,6.0,3.0,2.0,0.0,0.0,0.0,91.32,57.89,12.5,57.14,50.0,50.0,50.0,20.0,0.4193523145122902,0.5495769676409056,4.0,13.0,0.3147532699999999,9.0,33.0,30.0,1.04948383,168.0,21.428571428571427,0.225563909774436,38.1203007518797,2.481203007518797,59.32330827067669,0.4511278195488721,0.225563909774436,1.3533834586466165,1.3533834586466165,0.0,0.225563909774436,1.5789473684210529,1.5789473684210529,3.609022556390977,1.3533834586466165,0.6766917293233082,0.9022556390977444,1.1278195488721805,0.9022556390977444,0.225563909774436,1.3533834586466165,0.6766917293233082,0.4511278195488721,0.0,0.0,0.0,91.32,57.89,12.5,57.14,50.0,50.0,50.0,20.0,0.0945907476343511,0.1239647295430614,0.9022556390977444,2.932330827067669,0.0709969781954887,2.0300751879699246,7.443609022556391,6.7669172932330826,0.2367256759398496,37.89473684210526,CM/AM,89,15,89,78,92,35,67,31,35,6,24,36,33,21,78,68,15,31,44,7,69,65,88,50,51,51,100,75,11,61,83,50,67,3,33,31,62,72,72,90,92,86,72,92,97,11,100,92,100,44,75,28,36,6,22,47,42,31,92,67,14,47,61,3,83,72,92,50,51,51,100,75,11,61,83,50,67,3,31,42,81,83,81,94,100,94,89,100,Czech League
Sparta Praha,5ocdn3a6s75u0d0dy0rbou0xc,shbxc528h0udd6rdf3ax2itx,P. Kadeřábek,Pavel Kaderábek,34,Defender,Czechia,Defender,66.0,1.0,54.0,6.0,119.0,5.0,0.0,4.0,1.0,1.0,0.0,1.0,1.0,11.0,6.0,0.0,257.0,3.0,2.0,0.0,2.0,0.0,0.0,0.0,0.0,0.0,0.0,89.47,50.0,16.67,0.0,0.0,55.0,62.5,50.0,0.1134804712965142,0.3099207845583567,0.0,1.0,0.01685596,1.0,8.0,10.0,0.50611423,51.0,23.11284046692607,0.3501945525291828,18.91050583657588,2.1011673151750974,41.67315175097277,1.7509727626459144,0.0,1.4007782101167314,0.3501945525291828,0.3501945525291828,0.0,0.3501945525291828,0.3501945525291828,3.852140077821012,2.1011673151750974,0.0,1.050583657587549,0.7003891050583657,0.0,0.7003891050583657,0.0,0.0,0.0,0.0,0.0,0.0,89.47,50.0,16.67,0.0,0.0,55.0,62.5,50.0,0.0397402428664835,0.108532570467907,0.0,0.3501945525291828,0.0059028653696498,0.3501945525291828,2.801556420233463,3.501945525291829,0.1772384463035019,17.859922178988327,RB/RCB,36,34,14,26,31,36,38,62,19,34,28,16,16,14,9,5,31,16,12,9,21,22,40,48,52,52,97,74,41,12,22,55,78,19,24,59,28,7,3,16,16,14,38,24,76,45,72,48,76,66,38,93,24,48,28,21,21,24,14,5,55,31,12,17,21,22,40,48,52,52,97,74,41,12,22,55,78,19,38,76,28,14,14,38,38,41,86,59,Czech League
Bohemians 1905,bqcrqg0367eqzrt4vjb5apu6g,2gfrz7llszxg2i8ij1jqm8dlh,V. Pilař,Václav Pilar,37,Midfielder,Czechia,Midfielder,9.0,4.0,46.0,2.0,51.0,2.0,0.0,3.0,8.0,4.0,1.0,12.0,13.0,24.0,1.0,2.0,270.0,17.0,9.0,9.0,0.0,4.0,0.0,0.0,0.0,0.0,0.0,76.12,33.33,26.67,75.0,0.0,57.14,20.0,0.0,0.7951677297936879,0.396806653966266,5.0,11.0,0.2958929299999999,4.0,8.0,8.0,0.48496024,23.0,3.0,1.3333333333333333,15.333333333333334,0.6666666666666666,17.0,0.6666666666666666,0.0,1.0,2.6666666666666665,1.3333333333333333,0.3333333333333333,4.0,4.333333333333333,8.0,0.3333333333333333,0.6666666666666666,5.666666666666667,3.0,3.0,0.0,1.3333333333333333,0.0,0.0,0.0,0.0,0.0,76.12,33.33,26.67,75.0,0.0,57.14,20.0,0.0,0.2650559099312293,0.132268884655422,1.6666666666666667,3.6666666666666665,0.0986309766666666,1.3333333333333333,2.6666666666666665,2.6666666666666665,0.1616534133333333,7.666666666666667,LM/LCM,7,70,33,43,27,43,40,33,67,60,27,73,77,73,10,53,80,77,90,10,87,7,17,50,53,53,53,53,53,100,7,80,40,10,67,60,97,77,67,63,63,50,67,33,7,67,80,53,33,47,40,40,93,67,40,100,100,100,13,70,93,93,100,10,100,7,17,50,53,53,53,53,53,100,7,80,40,10,93,73,100,87,87,60,77,67,67,33,Czech League
Bohemians 1905,bqcrqg0367eqzrt4vjb5apu6g,4fj38zg3ize5yen3u5hli56hg,P. Mirvald,Petr Mirvald,23,Defender,Czechia,Defender,26.0,3.0,62.0,9.0,85.0,2.0,0.0,2.0,4.0,3.0,0.0,4.0,4.0,15.0,17.0,3.0,482.0,6.0,5.0,1.0,3.0,1.0,2.0,1.0,0.0,0.0,0.0,77.27,56.25,30.0,25.0,50.0,32.61,33.33,42.86,0.8000707067150059,0.2399329714617346,0.0,3.0,0.07476922,2.0,11.0,12.0,0.4136860600000001,42.0,4.854771784232366,0.5601659751037344,11.57676348547718,1.6804979253112031,15.87136929460581,0.3734439834024896,0.0,0.3734439834024896,0.7468879668049793,0.5601659751037344,0.0,0.7468879668049793,0.7468879668049793,2.8008298755186725,3.174273858921162,0.5601659751037344,1.120331950207469,0.933609958506224,0.1867219917012448,0.5601659751037344,0.1867219917012448,0.3734439834024896,0.1867219917012448,0.0,0.0,0.0,77.27,56.25,30.0,25.0,50.0,32.61,33.33,42.86,0.1493907958596484,0.044800762306133,0.0,0.5601659751037344,0.0139610576763485,0.3734439834024896,2.053941908713693,2.240663900414938,0.0772442850622406,7.842323651452283,RB/RCB,7,60,21,38,10,16,38,21,67,74,28,48,47,26,45,28,60,48,31,24,57,84,83,48,52,52,28,86,83,31,86,7,21,10,83,38,28,31,31,40,24,21,28,14,3,69,21,34,3,17,38,28,62,72,28,55,55,10,38,21,62,48,38,7,55,86,83,48,52,52,28,86,83,31,86,7,21,10,97,45,28,28,28,41,17,14,14,3,Czech League
Bohemians 1905,bqcrqg0367eqzrt4vjb5apu6g,5ox853udgbhtmp40d1cgbx1ih,V. Smrž,Vojtech Smrz,29,Midfielder,Czechia,Midfielder,74.0,2.0,76.0,9.0,148.0,3.0,1.0,6.0,10.0,3.0,5.0,10.0,10.0,23.0,5.0,8.0,540.0,9.0,4.0,6.0,9.0,7.0,2.0,0.0,0.0,0.0,0.0,76.68,33.33,25.0,60.0,20.0,51.11,60.0,90.0,0.7419778641773135,0.6013357436725515,5.0,5.0,0.15075197,2.0,14.0,14.0,0.47315077,61.0,12.333333333333334,0.3333333333333333,12.666666666666666,1.5,24.666666666666668,0.5,0.1666666666666666,1.0,1.6666666666666667,0.5,0.8333333333333334,1.6666666666666667,1.6666666666666667,3.8333333333333335,0.8333333333333334,1.3333333333333333,1.5,0.6666666666666666,1.0,1.5,1.1666666666666667,0.3333333333333333,0.0,0.0,0.0,0.0,76.68,33.33,25.0,60.0,20.0,51.11,60.0,90.0,0.1236629773628855,0.1002226239454252,0.8333333333333334,0.8333333333333334,0.0251253283333333,0.3333333333333333,2.333333333333333,2.333333333333333,0.0788584616666666,10.166666666666666,DM/CM,38,77,43,34,43,39,80,55,80,64,96,91,89,45,29,71,79,29,95,82,91,73,39,52,52,50,21,14,82,64,57,50,79,93,75,71,93,39,54,36,32,32,36,29,25,68,36,32,29,43,82,62,82,64,93,86,79,36,18,71,71,25,89,75,93,71,39,52,52,50,21,14,82,64,57,50,79,93,71,79,89,32,29,32,36,32,39,18,Czech League
Bohemians 1905,bqcrqg0367eqzrt4vjb5apu6g,61vqg8nghobdb5fhr6kbmnyll,J. Matoušek,Jan Matousek,28,Attacker,Czechia,Striker,6.0,1.0,35.0,2.0,40.0,3.0,0.0,5.0,13.0,7.0,3.0,17.0,18.0,17.0,0.0,1.0,476.0,24.0,4.0,6.0,2.0,6.0,2.0,0.0,0.0,0.0,0.0,68.97,28.57,14.29,35.29,15.38,32.08,30.0,50.0,2.051900007975282,0.3422937387715008,4.0,4.0,0.09144761,3.0,3.0,6.0,0.1442747,21.0,1.134453781512605,0.1890756302521008,6.61764705882353,0.3781512605042016,7.563025210084033,0.5672268907563025,0.0,0.9453781512605042,2.457983193277311,1.3235294117647058,0.5672268907563025,3.2142857142857144,3.403361344537815,3.2142857142857144,0.0,0.1890756302521008,4.53781512605042,0.7563025210084033,1.134453781512605,0.3781512605042016,1.134453781512605,0.3781512605042016,0.0,0.0,0.0,0.0,68.97,28.57,14.29,35.29,15.38,32.08,30.0,50.0,0.3879642872222172,0.0647194043895694,0.7563025210084033,0.7563025210084033,0.0172905144957983,0.5672268907563025,0.5672268907563025,1.134453781512605,0.0272788298319327,3.9705882352941178,ST,3,58,49,58,31,28,36,64,56,39,71,93,93,35,3,62,57,22,86,49,96,29,15,51,51,49,47,42,53,42,15,17,29,40,81,56,82,62,50,75,53,75,33,69,3,56,25,53,14,14,36,53,56,33,64,92,92,22,3,58,42,22,81,36,94,17,15,51,51,49,47,42,53,42,15,17,29,40,83,47,69,47,42,75,44,61,33,56,Czech League
Bohemians 1905,bqcrqg0367eqzrt4vjb5apu6g,6za3yitvynb3riv1l8y4qup5h,M. Havel,Milan Havel,32,Defender,Czechia,Defender,116.0,7.0,103.0,16.0,212.0,8.0,2.0,7.0,0.0,0.0,0.0,7.0,7.0,28.0,30.0,4.0,670.0,7.0,3.0,2.0,8.0,0.0,0.0,0.0,0.0,0.0,0.0,83.79,50.0,29.17,28.57,0.0,53.85,66.67,53.33,0.0,1.0100378394443044,0.0,8.0,0.21855247,2.0,18.0,24.0,1.3954888300000006,119.0,15.582089552238806,0.9402985074626864,13.835820895522389,2.149253731343284,28.477611940298505,1.0746268656716418,0.2686567164179104,0.9402985074626864,0.0,0.0,0.0,0.9402985074626864,0.9402985074626864,3.761194029850746,4.029850746268656,0.5373134328358209,0.9402985074626864,0.4029850746268656,0.2686567164179104,1.0746268656716418,0.0,0.0,0.0,0.0,0.0,0.0,83.79,50.0,29.17,28.57,0.0,53.85,66.67,53.33,0.0,0.1356767247014737,0.0,1.0746268656716418,0.0293577944776119,0.2686567164179104,2.417910447761194,3.2238805970149254,0.1874537234328359,15.985074626865671,RB/RCB,62,97,72,62,69,50,95,90,7,12,28,76,76,50,74,41,67,26,57,60,21,22,40,48,52,52,69,74,79,38,22,45,90,24,7,93,28,78,86,40,47,52,93,66,41,86,48,52,38,45,88,72,7,12,28,62,59,17,66,17,52,17,52,52,21,22,40,48,52,52,69,74,79,38,22,45,90,24,7,86,28,59,72,29,26,34,90,45,Czech League
Bohemians 1905,bqcrqg0367eqzrt4vjb5apu6g,76nqspzculap4o1dvvhdwn2ll,D. Heidenreich,David Heidenreich,26,Defender,Czechia,Defender,67.0,0.0,40.0,9.0,107.0,9.0,1.0,1.0,1.0,1.0,0.0,0.0,0.0,15.0,13.0,7.0,267.0,3.0,0.0,0.0,5.0,0.0,1.0,0.0,0.0,0.0,0.0,78.1,42.86,0.0,0.0,100.0,55.56,90.0,83.33,0.1822466753856515,0.1113720493034275,0.0,2.0,0.03805479,0.0,12.0,10.0,0.22766393,78.0,22.584269662921347,0.0,13.48314606741573,3.033707865168539,36.06741573033708,3.033707865168539,0.3370786516853932,0.3370786516853932,0.3370786516853932,0.3370786516853932,0.0,0.0,0.0,5.056179775280898,4.382022471910112,2.359550561797753,1.0112359550561798,0.0,0.0,1.6853932584269662,0.0,0.3370786516853932,0.0,0.0,0.0,0.0,78.1,42.86,0.0,0.0,100.0,55.56,90.0,83.33,0.0614314636131409,0.0375411402146384,0.0,0.6741573033707865,0.0128274573033707,0.0,4.044943820224719,3.3707865168539324,0.0767406505617977,26.29213483146067,CB,11,34,25,25,13,46,89,32,26,34,28,16,16,25,22,62,32,5,25,58,28,59,41,45,51,51,13,28,34,25,95,36,100,86,42,45,32,41,38,21,42,30,24,26,29,34,55,47,34,76,97,50,39,45,28,16,16,53,24,95,50,5,25,92,28,87,41,45,51,51,13,28,34,25,95,36,100,86,55,63,32,58,53,21,84,58,53,55,Czech League
Bohemians 1905,bqcrqg0367eqzrt4vjb5apu6g,8d66eij88wfg6nal7s9xe5vjd,L. Almási,Ladislav Almási,27,Attacker,Slovakia,Striker,16.0,2.0,38.0,0.0,52.0,34.0,0.0,3.0,19.0,19.0,2.0,8.0,9.0,47.0,8.0,0.0,679.0,29.0,10.0,4.0,0.0,0.0,7.0,3.0,0.0,0.0,0.0,50.98,0.0,40.0,50.0,36.84,44.76,50.0,0.0,2.3789040146326697,0.2788177374425902,0.0,0.0,0.0,0.0,2.0,4.0,0.18428016,16.0,2.1207658321060383,0.2650957290132548,5.036818851251841,0.0,6.892488954344625,4.506627393225331,0.0,0.3976435935198822,2.5184094256259204,2.5184094256259204,0.2650957290132548,1.0603829160530192,1.1929307805596463,6.229749631811488,1.0603829160530192,0.0,3.8438880706921945,1.325478645066274,0.5301914580265096,0.0,0.0,0.9278350515463918,0.3976435935198822,0.0,0.0,0.0,50.98,0.0,40.0,50.0,36.84,44.76,50.0,0.0,0.315318647005803,0.0369566956845848,0.0,0.0,0.0,0.0,0.2650957290132548,0.5301914580265096,0.0244259416789396,2.1207658321060383,ST,50,82,56,14,44,100,36,36,90,97,49,57,60,100,86,24,76,89,71,11,12,85,88,51,51,49,3,14,94,72,65,75,81,11,94,47,11,7,7,15,35,51,39,51,17,67,11,14,8,100,36,17,58,69,36,25,31,78,56,24,28,50,44,11,12,67,75,51,51,49,3,14,94,72,65,75,81,11,61,25,11,7,7,15,8,28,28,8,Czech League
Bohemians 1905,bqcrqg0367eqzrt4vjb5apu6g,9ixkbogcqd6mpwu74jz7su99m,D. Javorček,Dominik Javorcek,23,Defender,Slovakia,Defender,33.0,4.0,73.0,7.0,102.0,2.0,0.0,7.0,2.0,2.0,0.0,4.0,4.0,18.0,9.0,5.0,451.0,9.0,5.0,1.0,9.0,0.0,0.0,0.0,0.0,0.0,0.0,78.46,43.75,18.18,25.0,0.0,51.43,50.0,90.0,0.2502985889042443,0.6867077318570506,0.0,7.0,0.18388959,4.0,6.0,8.0,0.44769633,39.0,6.585365853658536,0.7982261640798226,14.567627494456763,1.3968957871396896,20.35476718403548,0.3991130820399113,0.0,1.3968957871396896,0.3991130820399113,0.3991130820399113,0.0,0.7982261640798226,0.7982261640798226,3.592017738359202,1.796008869179601,0.9977827050997784,1.796008869179601,0.9977827050997784,0.1995565410199556,1.796008869179601,0.0,0.0,0.0,0.0,0.0,0.0,78.46,43.75,18.18,25.0,0.0,51.43,50.0,90.0,0.0499487206239068,0.1370370196610522,0.0,1.3968957871396896,0.0366963705099778,0.7982261640798226,1.197339246119734,1.5964523281596452,0.0893407310421286,7.782705099778271,LB/LCB,8,74,48,20,24,8,40,80,22,46,22,40,38,20,28,36,80,52,30,80,12,24,38,48,52,52,44,56,32,30,24,36,42,88,36,84,16,68,68,64,16,20,36,12,8,72,64,32,24,12,40,84,28,48,22,56,56,36,32,48,96,64,32,88,12,24,38,48,52,52,44,56,32,30,24,36,42,88,36,84,16,68,80,76,12,20,48,16,Czech League
Bohemians 1905,bqcrqg0367eqzrt4vjb5apu6g,adgdnh26ntaid4lweet3z0mi1,R. Květ,Roman Kvet,28,Midfielder,Czechia,Midfielder,66.0,10.0,156.0,14.0,212.0,3.0,1.0,13.0,11.0,5.0,3.0,9.0,11.0,32.0,8.0,8.0,613.0,15.0,14.0,4.0,7.0,6.0,8.0,2.0,0.0,0.0,0.0,78.23,60.87,37.04,44.44,72.73,49.23,50.0,58.33,1.296920015464085,1.3184552606202522,3.0,12.0,0.3051682599999999,6.0,18.0,29.0,1.3369266399999995,97.0,9.690048939641107,1.468189233278956,22.903752039151712,2.0554649265905383,31.12561174551387,0.4404567699836868,0.1468189233278956,1.9086460032626429,1.6150081566068517,0.734094616639478,0.4404567699836868,1.3213703099510603,1.6150081566068517,4.698205546492659,1.1745513866231647,1.1745513866231647,2.202283849918434,2.0554649265905383,0.5872756933115824,1.0277324632952691,0.8809135399673736,1.1745513866231647,0.2936378466557912,0.0,0.0,0.0,78.23,60.87,37.04,44.44,72.73,49.23,50.0,58.33,0.1904124003128346,0.1935741818202654,0.4404567699836868,1.7618270799347473,0.0448044753670473,0.8809135399673736,2.6427406199021206,4.257748776508972,0.196286129853181,14.241435562805874,CM/AM,69,81,86,90,78,53,67,74,62,61,54,56,68,82,89,100,69,88,44,83,69,96,88,50,51,51,33,81,83,42,94,44,67,44,89,75,54,64,67,67,67,82,83,81,42,72,75,83,58,42,58,64,56,56,44,39,44,53,81,94,47,75,39,69,64,94,83,50,51,51,33,81,83,42,94,44,67,44,69,64,47,42,44,61,58,72,78,64,Czech League
Bohemians 1905,bqcrqg0367eqzrt4vjb5apu6g,babj40orc5toqwgircd8vmyac,M. Kadlec,Matej Kadlec,24,Defender,Czechia,Defender,101.0,2.0,83.0,15.0,182.0,11.0,0.0,3.0,3.0,2.0,1.0,6.0,6.0,28.0,20.0,3.0,526.0,2.0,2.0,3.0,8.0,1.0,1.0,0.0,0.0,0.0,0.0,72.8,28.3,18.18,50.0,33.33,66.67,64.71,66.67,0.2514390165878915,0.2958670927394745,1.0,5.0,0.12789486,5.0,19.0,20.0,0.5995924199999998,103.0,17.281368821292777,0.3422053231939164,14.20152091254753,2.5665399239543727,31.14068441064639,1.88212927756654,0.0,0.5133079847908746,0.5133079847908746,0.3422053231939164,0.1711026615969582,1.0266159695817492,1.0266159695817492,4.790874524714829,3.422053231939164,0.5133079847908746,0.3422053231939164,0.3422053231939164,0.5133079847908746,1.3688212927756656,0.1711026615969582,0.1711026615969582,0.0,0.0,0.0,0.0,72.8,28.3,18.18,50.0,33.33,66.67,64.71,66.67,0.0430218849675099,0.0506236470466781,0.1711026615969582,0.855513307984791,0.0218831509505703,0.855513307984791,3.250950570342205,3.422053231939164,0.1025918589353611,17.623574144486692,LB/LCB,64,62,56,68,60,68,40,40,40,46,58,72,68,60,56,20,10,12,70,68,36,56,38,48,52,52,16,12,32,66,68,100,72,38,40,56,52,58,56,74,56,48,52,70,56,64,56,80,56,68,40,52,36,32,60,64,64,56,56,16,4,16,76,68,40,64,38,48,52,52,16,12,32,66,68,100,72,38,28,56,60,60,60,80,68,68,56,64,Czech League
Bohemians 1905,bqcrqg0367eqzrt4vjb5apu6g,bzx67izp5novcgm1zupcbieqc,P. Kareem,Peter Kareem,23,Defender,Nigeria,Defender,62.0,6.0,61.0,13.0,117.0,5.0,0.0,6.0,1.0,0.0,0.0,4.0,4.0,15.0,14.0,5.0,338.0,2.0,3.0,2.0,5.0,1.0,1.0,0.0,0.0,0.0,0.0,79.59,40.62,50.0,50.0,100.0,46.88,55.56,100.0,0.0352399553863013,0.6351610668568115,0.0,6.0,0.17346114,1.0,15.0,18.0,0.98287736,67.0,16.50887573964497,1.5976331360946745,16.242603550295858,3.4615384615384617,31.15384615384616,1.331360946745562,0.0,1.5976331360946745,0.2662721893491124,0.0,0.0,1.0650887573964498,1.0650887573964498,3.994082840236687,3.727810650887574,1.331360946745562,0.5325443786982249,0.7988165680473372,0.5325443786982249,1.331360946745562,0.2662721893491124,0.2662721893491124,0.0,0.0,0.0,0.0,79.59,40.62,50.0,50.0,100.0,46.88,55.56,100.0,0.0093834200732754,0.1691257278612811,0.0,1.5976331360946745,0.0461878775147929,0.2662721893491124,3.994082840236687,4.792899408284024,0.2617129065088757,17.840236686390533,RB/RCB,31,93,17,57,24,36,38,79,19,12,28,48,47,26,31,50,17,26,57,41,57,59,40,48,52,52,52,48,93,66,98,31,52,98,14,83,28,57,66,16,38,38,76,31,48,100,59,83,55,48,38,100,21,12,28,69,66,31,55,79,24,38,72,69,66,72,40,48,52,52,52,48,93,66,98,31,52,98,14,100,28,90,97,24,72,76,100,55,Czech League
Bohemians 1905,bqcrqg0367eqzrt4vjb5apu6g,dlhk63jxjq2lylne8g928b9hx,A. Čermák,Ales Cermák,31,Midfielder,Czechia,Midfielder,86.0,5.0,168.0,14.0,249.0,0.0,1.0,7.0,5.0,4.0,3.0,6.0,6.0,29.0,4.0,6.0,538.0,13.0,12.0,4.0,4.0,1.0,2.0,2.0,0.0,0.0,0.0,84.41,50.0,22.73,66.67,40.0,48.33,0.0,30.77,0.2225952671880898,0.7172628622325062,2.0,8.0,0.1909441499999999,5.0,29.0,38.0,1.27600251,130.0,14.386617100371748,0.8364312267657993,28.104089219330856,2.3420074349442377,41.6542750929368,0.0,0.1672862453531598,1.1710037174721188,0.8364312267657993,0.6691449814126395,0.5018587360594795,1.003717472118959,1.003717472118959,4.851301115241635,0.6691449814126395,1.003717472118959,2.174721189591078,2.007434944237918,0.6691449814126395,0.6691449814126395,0.1672862453531598,0.3345724907063197,0.3345724907063197,0.0,0.0,0.0,84.41,50.0,22.73,66.67,40.0,48.33,0.0,30.77,0.0372371264812789,0.1199882111541367,0.3345724907063197,1.338289962825279,0.0319423299256505,0.8364312267657993,4.851301115241635,6.356877323420075,0.2134576689591078,21.74721189591078,DM/CM,50,96,82,68,64,5,80,66,45,80,73,55,54,64,18,46,91,88,66,23,9,73,93,52,52,50,54,55,75,68,89,39,5,4,32,93,45,62,61,73,75,79,89,64,36,96,86,68,71,5,86,82,39,79,82,57,57,57,7,43,93,86,68,18,7,75,93,52,52,50,54,55,75,68,89,39,5,4,21,93,39,55,50,71,79,86,96,75,Czech League
Bohemians 1905,bqcrqg0367eqzrt4vjb5apu6g,dy7cb7p6w222cxynpyu6jx1ih,B. Sakala,Benson Sakala,30,Midfielder,Zambia,Midfielder,24.0,1.0,30.0,2.0,53.0,4.0,0.0,1.0,3.0,0.0,1.0,1.0,1.0,15.0,5.0,2.0,269.0,0.0,2.0,0.0,6.0,3.0,0.0,0.0,0.0,0.0,0.0,72.6,25.0,50.0,0.0,0.0,60.0,57.14,66.67,0.1752835252721152,0.0378382097972754,2.0,4.0,0.08601991,2.0,6.0,5.0,0.1529741399999999,24.0,8.029739776951672,0.3345724907063197,10.03717472118959,0.6691449814126395,17.732342007434944,1.338289962825279,0.0,0.3345724907063197,1.003717472118959,0.0,0.3345724907063197,0.3345724907063197,0.3345724907063197,5.018587360594795,1.6728624535315986,0.6691449814126395,0.0,0.6691449814126395,0.0,2.007434944237918,1.003717472118959,0.0,0.0,0.0,0.0,0.0,72.6,25.0,50.0,0.0,0.0,60.0,57.14,66.67,0.0586450456300757,0.0126596240957427,0.6691449814126395,1.338289962825279,0.0287798955390334,0.6691449814126395,2.007434944237918,1.6728624535315986,0.0511809390334572,8.029739776951672,DM/CM,4,59,11,4,4,59,34,14,21,14,29,5,5,18,29,14,4,12,4,50,45,20,39,52,52,50,11,4,100,4,20,89,61,52,18,18,45,23,21,36,18,12,21,4,7,71,18,4,7,86,34,25,50,14,46,11,11,61,68,18,4,29,4,96,86,20,39,52,52,50,11,4,100,4,20,89,61,52,36,21,82,55,36,54,21,14,29,11,Czech League
Bohemians 1905,bqcrqg0367eqzrt4vjb5apu6g,qu18vd74g7279me6z0lcxmnd,D. Lischka,David Lischka,29,Defender,Czechia,Defender,236.0,1.0,92.0,18.0,327.0,23.0,0.0,2.0,11.0,11.0,3.0,1.0,1.0,37.0,43.0,16.0,630.0,17.0,9.0,1.0,3.0,0.0,2.0,0.0,0.0,0.0,0.0,89.84,64.29,100.0,100.0,18.18,64.91,69.7,75.0,1.3941542518296277,0.1793714748650371,0.0,2.0,0.03686598,1.0,17.0,19.0,0.8105518899999997,218.0,33.714285714285715,0.1428571428571428,13.142857142857142,2.571428571428572,46.71428571428572,3.2857142857142856,0.0,0.2857142857142857,1.5714285714285714,1.5714285714285714,0.4285714285714285,0.1428571428571428,0.1428571428571428,5.285714285714286,6.142857142857143,2.2857142857142856,2.4285714285714284,1.2857142857142858,0.1428571428571428,0.4285714285714285,0.0,0.2857142857142857,0.0,0.0,0.0,0.0,89.84,64.29,100.0,100.0,18.18,64.91,69.7,75.0,0.1991648931185182,0.025624496409291,0.0,0.2857142857142857,0.0052665685714285,0.1428571428571428,2.4285714285714284,2.7142857142857144,0.1157931271428571,31.142857142857142,CB,74,78,75,57,74,87,41,55,97,97,93,43,43,75,76,95,87,79,59,43,28,83,41,45,51,51,71,95,96,88,50,68,82,80,97,50,32,41,34,50,63,59,87,76,66,76,53,32,63,89,41,41,97,97,84,39,39,58,58,92,95,72,61,24,28,74,41,45,51,51,71,95,96,88,50,68,82,80,97,47,32,37,34,47,39,47,82,74,Czech League
Baník Ostrava,dfvvrv84skv23rsn1k6kt4slc,1swb8k67itlpalnjkyrv7quzu,M. Diachuk,Maksym Dyachuk,23,Defender,Ukraine,Defender,51.0,0.0,44.0,5.0,95.0,4.0,0.0,1.0,1.0,1.0,0.0,4.0,4.0,8.0,6.0,3.0,243.0,1.0,0.0,3.0,1.0,0.0,0.0,0.0,1.0,0.0,0.0,83.33,55.56,0.0,75.0,0.0,50.0,66.67,100.0,0.1241257719283911,0.0488033839765583,0.0,1.0,0.02401521,3.0,4.0,3.0,0.17722089,58.0,18.88888888888889,0.0,16.296296296296294,1.851851851851852,35.18518518518518,1.4814814814814814,0.0,0.3703703703703703,0.3703703703703703,0.3703703703703703,0.0,1.4814814814814814,1.4814814814814814,2.962962962962963,2.222222222222222,1.111111111111111,0.3703703703703703,0.0,1.111111111111111,0.3703703703703703,0.0,0.0,0.0,0.3703703703703703,0.0,0.0,83.33,55.56,0.0,75.0,0.0,50.0,66.67,100.0,0.0459725081216263,0.0180753273987252,0.0,0.3703703703703703,0.0088945222222222,1.111111111111111,1.4814814814814814,1.111111111111111,0.0656373666666666,21.48148148148148,LB/LCB,20,12,12,10,20,26,40,14,8,24,22,40,38,4,14,20,4,4,70,6,12,24,38,98,52,52,60,86,12,94,24,28,78,96,12,8,16,18,20,56,12,8,8,32,68,12,76,44,72,64,40,28,16,40,22,80,76,20,44,64,8,4,96,8,12,24,38,100,52,52,60,86,12,94,24,28,78,96,32,24,16,32,28,96,16,12,20,80,Czech League
Baník Ostrava,dfvvrv84skv23rsn1k6kt4slc,3y1hr2kxzhzcmv1dllixjbo5w,A. Musák,Artúr Musák,20,Midfielder,Slovakia,Midfielder,34.0,6.0,90.0,3.0,118.0,1.0,1.0,7.0,9.0,1.0,4.0,11.0,12.0,16.0,2.0,2.0,303.0,2.0,3.0,7.0,2.0,8.0,2.0,0.0,0.0,0.0,0.0,84.89,60.0,33.33,63.64,22.22,47.06,33.33,40.0,0.5487008633895964,0.6663070776799865,7.0,19.0,0.3979195,8.0,19.0,16.0,0.5489275900000001,59.0,10.0990099009901,1.7821782178217822,26.73267326732673,0.8910891089108911,35.04950495049505,0.297029702970297,0.297029702970297,2.07920792079208,2.6732673267326734,0.297029702970297,1.188118811881188,3.267326732673267,3.5643564356435644,4.752475247524752,0.594059405940594,0.594059405940594,0.594059405940594,0.8910891089108911,2.07920792079208,0.594059405940594,2.376237623762376,0.594059405940594,0.0,0.0,0.0,0.0,84.89,60.0,33.33,63.64,22.22,47.06,33.33,40.0,0.1629804544721573,0.197912993370293,2.07920792079208,5.643564356435643,0.1181939108910891,2.376237623762376,5.643564356435643,4.752475247524752,0.163047799009901,17.524752475247524,CM/AM,33,58,53,22,39,18,67,42,51,17,72,76,78,21,25,44,6,22,85,24,83,47,29,50,51,51,78,78,64,75,42,33,32,14,39,44,86,97,86,79,69,51,47,53,44,92,89,31,83,25,86,72,86,17,100,89,92,56,36,61,3,31,94,39,100,67,29,50,51,51,78,78,64,75,42,33,32,14,67,67,100,100,97,100,94,81,58,78,Czech League
Baník Ostrava,dfvvrv84skv23rsn1k6kt4slc,428kqbonea29aiv0drqpqh2hh,V. Jurečka,Václav Jurecka,32,Attacker,Czechia,Striker,18.0,0.0,51.0,5.0,69.0,3.0,0.0,2.0,7.0,6.0,0.0,10.0,10.0,15.0,5.0,0.0,462.0,16.0,5.0,2.0,3.0,1.0,3.0,1.0,0.0,0.0,0.0,80.23,62.5,0.0,20.0,42.86,29.41,42.86,60.0,0.911570443813578,0.1405804816355953,1.0,9.0,0.26491808,4.0,7.0,10.0,0.24363697,29.0,3.506493506493506,0.0,9.935064935064934,0.974025974025974,13.44155844155844,0.5844155844155844,0.0,0.3896103896103896,1.3636363636363635,1.1688311688311688,0.0,1.948051948051948,1.948051948051948,2.922077922077922,0.974025974025974,0.0,3.1168831168831166,0.974025974025974,0.3896103896103896,0.5844155844155844,0.1948051948051948,0.5844155844155844,0.1948051948051948,0.0,0.0,0.0,80.23,62.5,0.0,20.0,42.86,29.41,42.86,60.0,0.1775786578857619,0.0273858081108302,0.1948051948051948,1.753246753246753,0.0516074181818181,0.7792207792207791,1.3636363636363635,1.948051948051948,0.0474617474025974,5.649350649350649,ST,58,25,81,90,78,28,36,21,26,26,11,74,69,19,68,24,29,35,36,68,33,46,49,51,51,49,89,75,25,19,76,14,51,53,36,17,28,83,75,85,79,81,53,78,49,25,69,86,58,17,36,14,8,25,11,56,56,14,53,24,17,36,31,64,33,39,44,51,51,49,89,75,25,19,76,14,51,53,22,14,28,83,72,83,89,83,53,81,Czech League
Baník Ostrava,dfvvrv84skv23rsn1k6kt4slc,4ydkw53jymlk7i5mhmse8akgk,R. Nogha,Roan Nogha,22,Midfielder,Cameroon,Midfielder,162.0,0.0,86.0,11.0,248.0,10.0,1.0,2.0,2.0,0.0,1.0,4.0,4.0,31.0,25.0,8.0,754.0,3.0,7.0,4.0,7.0,2.0,0.0,0.0,0.0,0.0,0.0,82.12,30.56,0.0,100.0,0.0,59.62,58.82,70.0,0.1315177680836217,0.2243478412719692,2.0,4.0,0.0755293,2.0,17.0,15.0,0.5373307099999997,149.0,19.3368700265252,0.0,10.26525198938992,1.312997347480106,29.60212201591512,1.1936339522546418,0.1193633952254641,0.2387267904509283,0.2387267904509283,0.0,0.1193633952254641,0.4774535809018567,0.4774535809018567,3.7002652519893897,2.9840848806366047,0.9549071618037136,0.3580901856763925,0.8355437665782492,0.4774535809018567,0.8355437665782492,0.2387267904509283,0.0,0.0,0.0,0.0,0.0,82.12,30.56,0.0,100.0,0.0,59.62,58.82,70.0,0.0156984073309362,0.0267789200457257,0.2387267904509283,0.4774535809018567,0.0090154336870026,0.2387267904509283,2.029177718832891,1.7904509283819627,0.0641376179045092,17.785145888594162,DM/CM,82,25,48,43,61,91,80,29,9,14,29,34,34,71,100,71,29,59,66,68,25,20,39,52,52,50,39,9,25,96,20,86,70,59,7,32,45,23,14,36,54,36,39,75,61,25,21,29,43,75,68,14,7,14,21,21,21,29,96,36,21,36,57,32,14,20,39,52,52,50,39,9,25,96,20,86,70,59,7,29,25,7,7,18,25,18,32,54,Czech League
Baník Ostrava,dfvvrv84skv23rsn1k6kt4slc,5t9iyv0nltknsabsxcjehqr4l,V. Sinyavskiy,Vlasiy Sinyavskiy,29,Defender,Estonia,Defender,19.0,0.0,65.0,5.0,84.0,5.0,0.0,3.0,4.0,2.0,1.0,11.0,11.0,24.0,4.0,2.0,407.0,8.0,2.0,7.0,8.0,2.0,0.0,0.0,0.0,0.0,0.0,74.34,45.45,0.0,63.64,0.0,51.06,50.0,80.0,0.3403479611073363,0.1779938292817205,1.0,10.0,0.30041776,5.0,10.0,17.0,0.2973073499999999,42.0,4.201474201474202,0.0,14.373464373464374,1.1056511056511056,18.57493857493857,1.1056511056511056,0.0,0.6633906633906634,0.8845208845208845,0.4422604422604422,0.2211302211302211,2.4324324324324325,2.4324324324324325,5.307125307125308,0.8845208845208845,0.4422604422604422,1.769041769041769,0.4422604422604422,1.547911547911548,1.769041769041769,0.4422604422604422,0.0,0.0,0.0,0.0,0.0,74.34,45.45,0.0,63.64,0.0,51.06,50.0,80.0,0.0752612199008851,0.0393598148288816,0.2211302211302211,2.211302211302211,0.0664314457002457,1.1056511056511056,2.211302211302211,3.7592137592137593,0.06574364004914,9.287469287469287,LB/LCB,4,12,32,10,8,38,40,40,54,46,58,88,88,38,6,8,68,12,96,68,60,24,38,48,52,52,20,64,12,84,24,32,42,74,52,32,52,80,88,74,28,36,24,16,4,12,60,12,12,48,40,56,76,60,72,96,92,72,4,12,88,24,100,80,80,24,38,48,52,52,20,64,12,84,24,32,42,74,72,52,72,100,100,92,32,72,24,24,Czech League
Baník Ostrava,dfvvrv84skv23rsn1k6kt4slc,5te1lqnohevdbo6yqbha4pc7o,A. Traoré,Aboubacar Traoré,22,Midfielder,Côte d'Ivoire,Midfielder,79.0,3.0,137.0,13.0,213.0,4.0,0.0,7.0,4.0,1.0,2.0,7.0,9.0,25.0,6.0,2.0,559.0,5.0,7.0,5.0,7.0,3.0,1.0,0.0,0.0,0.0,0.0,86.59,56.52,37.5,71.43,25.0,52.08,50.0,77.78,0.3230756486953077,0.5685073050517712,1.0,13.0,0.29936988,4.0,23.0,12.0,0.7688773799999999,127.0,12.719141323792488,0.4830053667262969,22.05724508050089,2.0930232558139537,34.29338103756708,0.6440071556350626,0.0,1.1270125223613596,0.6440071556350626,0.1610017889087656,0.3220035778175313,1.1270125223613596,1.4490161001788908,4.025044722719141,0.966010733452594,0.3220035778175313,0.8050089445438282,1.1270125223613596,0.8050089445438282,1.1270125223613596,0.4830053667262969,0.1610017889087656,0.0,0.0,0.0,0.0,86.59,56.52,37.5,71.43,25.0,52.08,50.0,77.78,0.0520157573928044,0.0915306931210365,0.1610017889087656,2.0930232558139537,0.0481990862254025,0.6440071556350626,3.70304114490161,1.932021466905188,0.1237906336314847,20.44722719141324,CM/AM,78,36,76,86,81,67,24,42,24,17,39,36,46,68,78,44,21,51,62,83,39,28,29,50,51,51,86,72,86,82,49,61,67,88,25,33,24,72,61,50,83,36,61,89,72,25,64,86,81,58,24,17,11,11,28,36,36,36,72,33,8,44,56,75,31,19,29,50,51,51,86,72,86,82,49,61,67,88,11,22,14,67,53,42,75,19,44,92,Czech League
Baník Ostrava,dfvvrv84skv23rsn1k6kt4slc,5wgwd67f9n3qshemsag55cjdg,D. Gilbert,Dantaye Gilbert,21,Midfielder,Trinidad and Tobago,Midfielder,38.0,3.0,77.0,2.0,112.0,9.0,0.0,3.0,14.0,9.0,2.0,11.0,14.0,18.0,3.0,2.0,390.0,15.0,2.0,4.0,1.0,5.0,5.0,0.0,0.0,0.0,0.0,80.58,25.0,60.0,36.36,35.71,52.94,69.23,25.0,1.1930656093653196,0.221286337902382,7.0,10.0,0.29864849,4.0,1.0,6.0,0.4081668699999999,36.0,8.76923076923077,0.6923076923076924,17.76923076923077,0.4615384615384615,25.846153846153847,2.076923076923077,0.0,0.6923076923076924,3.230769230769231,2.076923076923077,0.4615384615384615,2.5384615384615388,3.230769230769231,4.153846153846154,0.6923076923076924,0.4615384615384615,3.4615384615384617,0.4615384615384615,0.9230769230769232,0.2307692307692307,1.153846153846154,1.153846153846154,0.0,0.0,0.0,0.0,80.58,25.0,60.0,36.36,35.71,52.94,69.23,25.0,0.2753228329304584,0.0510660779774727,1.6153846153846154,2.307692307692308,0.0689188823076923,0.9230769230769232,0.2307692307692307,1.3846153846153848,0.0941923546153846,8.307692307692308,CM/AM,38,36,38,12,36,94,24,10,79,86,39,76,86,32,44,44,69,14,44,7,61,82,29,50,51,51,50,17,94,17,67,72,89,6,81,11,86,50,58,50,3,7,33,25,36,31,44,14,39,97,24,8,100,97,47,75,86,44,44,50,78,14,64,6,81,92,29,50,51,51,50,17,94,17,67,72,89,6,92,11,94,81,78,64,3,8,33,25,Czech League
Baník Ostrava,dfvvrv84skv23rsn1k6kt4slc,7i50ep9riukrbrm9iywvy5nv8,A. Gning,Abdallah Gning,27,Attacker,Senegal,Striker,8.0,0.0,23.0,0.0,31.0,7.0,0.0,4.0,4.0,4.0,0.0,7.0,8.0,19.0,4.0,2.0,301.0,14.0,6.0,1.0,5.0,0.0,1.0,0.0,0.0,0.0,0.0,59.62,0.0,0.0,14.29,25.0,46.34,46.67,100.0,0.4201292459854967,0.2316195057319777,0.0,1.0,0.02385149,1.0,1.0,0.0,0.0818603199999999,8.0,2.39202657807309,0.0,6.877076411960132,0.0,9.269102990033222,2.093023255813953,0.0,1.196013289036545,1.196013289036545,1.196013289036545,0.0,2.093023255813953,2.39202657807309,5.681063122923588,1.196013289036545,0.5980066445182725,4.186046511627906,1.7940199335548173,0.2990033222591362,1.495016611295681,0.0,0.2990033222591362,0.0,0.0,0.0,0.0,59.62,0.0,0.0,14.29,25.0,46.34,46.67,100.0,0.1256200403278893,0.0692550017138803,0.0,0.2990033222591362,0.0071316747508305,0.2990033222591362,0.2990033222591362,0.0,0.0244765076411959,2.39202657807309,ST,11,25,18,14,12,58,36,50,7,15,11,49,50,47,53,86,18,50,17,88,12,11,15,51,51,49,17,14,25,11,26,81,65,94,11,42,11,19,14,44,12,4,19,7,25,25,31,14,28,64,36,72,3,28,11,65,69,61,69,94,33,72,17,97,12,11,15,51,51,49,17,14,25,11,26,81,65,94,11,56,11,22,22,50,11,4,31,14,Czech League
Baník Ostrava,dfvvrv84skv23rsn1k6kt4slc,8utfqkk9niq1xvdhsw0f4awut,M. Chaluš,Matej Chalus,28,Defender,Czechia,Defender,91.0,0.0,38.0,5.0,129.0,3.0,0.0,1.0,1.0,1.0,0.0,0.0,0.0,8.0,30.0,2.0,289.0,1.0,4.0,0.0,0.0,0.0,1.0,1.0,0.0,0.0,0.0,90.85,35.71,0.0,0.0,100.0,38.1,30.0,0.0,0.1298325519050603,0.0350592771577454,0.0,0.0,0.0,0.0,9.0,7.0,0.19718506,84.0,28.33910034602076,0.0,11.833910034602075,1.5570934256055362,40.173010380622834,0.9342560553633218,0.0,0.3114186851211072,0.3114186851211072,0.3114186851211072,0.0,0.0,0.0,2.491349480968858,9.342560553633218,0.6228373702422145,0.3114186851211072,1.245674740484429,0.0,0.0,0.0,0.3114186851211072,0.3114186851211072,0.0,0.0,0.0,90.85,35.71,0.0,0.0,100.0,38.1,30.0,0.0,0.0404322826001917,0.0109181139937615,0.0,0.0,0.0,0.0,2.8027681660899653,2.179930795847751,0.0614071121107266,26.159169550173008,CB,34,34,20,9,32,11,41,32,26,34,28,16,16,7,47,14,12,39,25,4,28,59,91,45,51,51,79,8,34,25,95,8,5,4,29,24,32,13,13,21,29,17,13,32,50,34,47,13,53,11,41,47,37,42,28,16,16,8,100,16,16,66,25,4,28,76,100,45,51,51,79,8,34,25,95,8,5,4,37,24,32,13,13,21,53,32,29,53,Czech League
Baník Ostrava,dfvvrv84skv23rsn1k6kt4slc,9udih61a8rpolajfiwzfu0bmd,D. Holzer,Daniel Holzer,31,Midfielder,Czechia,Midfielder,26.0,6.0,55.0,0.0,75.0,4.0,0.0,7.0,5.0,3.0,1.0,3.0,4.0,15.0,5.0,6.0,323.0,11.0,2.0,1.0,3.0,2.0,1.0,0.0,0.0,0.0,0.0,68.18,0.0,28.57,33.33,20.0,51.72,57.14,37.5,0.4214325872912208,0.8866632962754794,1.0,5.0,0.16134041,5.0,10.0,7.0,0.9447182899999998,28.0,7.244582043343653,1.671826625386997,15.325077399380804,0.0,20.89783281733746,1.1145510835913313,0.0,1.9504643962848296,1.393188854489164,0.8359133126934984,0.2786377708978328,0.8359133126934984,1.1145510835913313,4.179566563467492,1.393188854489164,1.671826625386997,3.065015479876161,0.5572755417956656,0.2786377708978328,0.8359133126934984,0.5572755417956656,0.2786377708978328,0.0,0.0,0.0,0.0,68.18,0.0,28.57,33.33,20.0,51.72,57.14,37.5,0.1174270367065321,0.2470578844111242,0.2786377708978328,1.393188854489164,0.0449555321981424,1.393188854489164,2.786377708978328,1.9504643962848296,0.2632341984520123,7.801857585139318,LM/LCM,47,87,47,13,40,60,40,87,20,37,27,10,17,30,60,93,43,10,10,40,37,27,17,50,53,53,20,13,60,40,33,67,100,20,27,93,30,37,40,73,73,37,93,47,47,93,73,13,47,73,40,93,40,47,27,7,13,20,67,100,53,7,7,33,47,20,17,50,53,53,20,13,60,40,33,67,100,20,40,100,33,53,53,80,100,47,87,40,Czech League
Baník Ostrava,dfvvrv84skv23rsn1k6kt4slc,9vw2oyy2bom3l943iptf61v6c,A. Bewene,Abdullahi Bewene,21,Midfielder,Nigeria,Midfielder,70.0,2.0,129.0,8.0,197.0,3.0,0.0,6.0,9.0,4.0,4.0,26.0,29.0,53.0,9.0,8.0,730.0,26.0,13.0,11.0,14.0,5.0,2.0,0.0,0.0,0.0,0.0,78.17,33.33,10.0,42.31,22.22,50.96,33.33,53.85,0.5971385685535319,0.6289217868730592,6.0,18.0,0.62282382,8.0,11.0,13.0,0.6843626299999999,82.0,8.63013698630137,0.2465753424657534,15.904109589041097,0.9863013698630138,24.287671232876715,0.3698630136986301,0.0,0.7397260273972603,1.1095890410958904,0.4931506849315069,0.4931506849315069,3.205479452054795,3.5753424657534247,6.534246575342466,1.1095890410958904,0.9863013698630138,3.205479452054795,1.6027397260273974,1.356164383561644,1.726027397260274,0.6164383561643836,0.2465753424657534,0.0,0.0,0.0,0.0,78.17,33.33,10.0,42.31,22.22,50.96,33.33,53.85,0.0736198235202984,0.077538302491199,0.7397260273972603,2.219178082191781,0.0767864983561643,0.9863013698630138,1.356164383561644,1.6027397260273974,0.0843734749315068,10.10958904109589,RM/RCM,87,47,73,67,80,37,20,47,40,43,80,93,93,100,57,90,73,87,87,100,73,37,27,53,50,50,60,37,30,60,20,60,23,33,47,47,73,80,80,87,53,40,47,80,57,27,60,53,47,27,20,27,27,33,60,87,87,93,40,80,67,67,87,100,53,27,27,53,50,50,60,37,30,60,20,60,23,33,27,27,53,73,73,67,33,20,27,47,Czech League
Baník Ostrava,dfvvrv84skv23rsn1k6kt4slc,bowlrae6ezghypthbq6zao55g,V. Škrkoň,Vít Skrkon,18,Attacker,Czechia,Striker,18.0,1.0,40.0,3.0,57.0,4.0,0.0,4.0,16.0,14.0,2.0,16.0,16.0,19.0,6.0,2.0,468.0,20.0,6.0,6.0,2.0,2.0,5.0,1.0,0.0,0.0,0.0,73.08,75.0,50.0,37.5,31.25,26.76,30.77,66.67,1.799730475009547,0.412482180640482,4.0,4.0,0.1119406199999999,4.0,4.0,4.0,0.38766909,16.0,3.461538461538461,0.1923076923076923,7.692307692307692,0.5769230769230769,10.961538461538462,0.7692307692307692,0.0,0.7692307692307692,3.0769230769230766,2.692307692307692,0.3846153846153846,3.0769230769230766,3.0769230769230766,3.6538461538461537,1.1538461538461535,0.3846153846153846,3.846153846153846,1.1538461538461535,1.1538461538461535,0.3846153846153846,0.3846153846153846,0.9615384615384616,0.1923076923076923,0.0,0.0,0.0,73.08,75.0,50.0,37.5,31.25,26.76,30.77,66.67,0.3461020144249129,0.0793234962770157,0.7692307692307692,0.7692307692307692,0.0215270423076922,0.7692307692307692,0.7692307692307692,0.7692307692307692,0.074551748076923,3.0769230769230766,ST,58,58,60,76,64,35,36,50,81,81,49,88,86,47,74,86,46,50,86,49,56,69,49,51,51,49,65,90,97,46,44,8,33,61,72,67,82,62,58,85,65,51,78,51,42,58,44,61,39,28,36,47,81,72,42,83,81,33,64,81,31,47,83,42,47,69,39,51,51,49,65,90,97,46,44,8,33,61,75,58,72,50,53,81,64,36,69,28,Czech League
Baník Ostrava,dfvvrv84skv23rsn1k6kt4slc,cen47oljunpmotfb2bgomqfbo,D. Planka,David Planka,21,Midfielder,Czechia,Midfielder,25.0,4.0,56.0,2.0,77.0,0.0,0.0,7.0,1.0,0.0,0.0,8.0,8.0,5.0,3.0,0.0,213.0,2.0,1.0,1.0,2.0,1.0,0.0,0.0,1.0,0.0,0.0,83.7,40.0,28.57,12.5,0.0,21.74,0.0,66.67,0.0629349977908757,0.6505954470306857,1.0,7.0,0.19758388,2.0,6.0,8.0,0.39917818,43.0,10.56338028169014,1.6901408450704225,23.66197183098592,0.8450704225352113,32.53521126760563,0.0,0.0,2.9577464788732395,0.4225352112676056,0.0,0.0,3.380281690140845,3.380281690140845,2.112676056338028,1.267605633802817,0.0,0.8450704225352113,0.4225352112676056,0.4225352112676056,0.8450704225352113,0.4225352112676056,0.0,0.0,0.4225352112676056,0.0,0.0,83.7,40.0,28.57,12.5,0.0,21.74,0.0,66.67,0.0265922525876939,0.2748994846608531,0.4225352112676056,2.9577464788732395,0.0834861464788732,0.8450704225352113,2.535211267605634,3.380281690140845,0.1686668366197183,18.16901408450704,CM/AM,18,46,19,12,19,7,24,42,7,6,8,47,42,3,44,11,6,4,14,24,19,10,29,100,51,51,69,38,50,8,10,3,7,65,6,42,24,32,36,26,15,17,31,29,47,86,78,22,67,7,24,92,8,6,8,92,89,3,86,11,11,8,28,53,25,10,29,100,51,51,69,38,50,8,10,3,7,65,8,83,42,86,83,58,56,50,67,83,Czech League
Baník Ostrava,dfvvrv84skv23rsn1k6kt4slc,cu414j6tqk82k4yc7rzd4rysp,F. Kubala,Filip Kubala,27,Attacker,Czechia,Striker,28.0,0.0,71.0,5.0,99.0,6.0,1.0,7.0,13.0,10.0,3.0,11.0,11.0,29.0,3.0,2.0,409.0,26.0,11.0,6.0,2.0,3.0,1.0,0.0,0.0,0.0,0.0,77.95,83.33,0.0,54.55,7.69,52.73,50.0,33.33,1.383013572424786,0.4393302388122653,2.0,11.0,0.31278735,5.0,13.0,13.0,0.4756736099999999,41.0,6.161369193154035,0.0,15.623471882640589,1.1002444987775062,21.78484107579462,1.3202933985330074,0.2200488997555012,1.5403422982885089,2.860635696821516,2.2004889975550124,0.6601466992665037,2.4205378973105134,2.4205378973105134,6.381418092909536,0.6601466992665037,0.4400977995110025,5.721271393643032,2.4205378973105134,1.3202933985330074,0.4400977995110025,0.6601466992665037,0.2200488997555012,0.0,0.0,0.0,0.0,77.95,83.33,0.0,54.55,7.69,52.73,50.0,33.33,0.3043306149589994,0.0966741356799605,0.4400977995110025,2.4205378973105134,0.0688285122249388,1.1002444987775062,2.860635696821516,2.860635696821516,0.1046714545232273,9.02200488997555,ST,86,25,86,90,86,49,83,81,56,58,71,81,76,79,31,86,65,94,86,49,75,11,15,51,51,49,86,97,25,81,8,100,81,24,50,72,49,93,89,92,96,92,81,86,81,25,94,92,97,53,86,83,67,53,67,78,72,83,28,86,75,89,86,50,78,8,15,51,51,49,86,97,25,81,8,100,81,24,53,69,44,92,86,92,97,89,81,97,Czech League
Baník Ostrava,dfvvrv84skv23rsn1k6kt4slc,ea0xgdodlgctaxvwy5zd8gpgp,J. Boula,Jirí Boula,27,Midfielder,Czechia,Midfielder,61.0,6.0,122.0,6.0,177.0,5.0,1.0,9.0,6.0,3.0,3.0,3.0,3.0,19.0,7.0,3.0,481.0,5.0,2.0,3.0,4.0,3.0,1.0,0.0,0.0,0.0,0.0,79.37,31.58,42.86,100.0,16.67,67.86,71.43,44.44,0.6172163277041588,0.6098843107302367,2.0,7.0,0.16382389,2.0,25.0,21.0,0.7164824299999999,94.0,11.413721413721415,1.1226611226611227,22.82744282744283,1.1226611226611227,33.11850311850312,0.9355509355509356,0.1871101871101871,1.6839916839916842,1.1226611226611227,0.5613305613305614,0.5613305613305614,0.5613305613305614,0.5613305613305614,3.5550935550935554,1.30977130977131,0.5613305613305614,0.9355509355509356,0.3742203742203742,0.5613305613305614,0.7484407484407485,0.5613305613305614,0.1871101871101871,0.0,0.0,0.0,0.0,79.37,31.58,42.86,100.0,16.67,67.86,71.43,44.44,0.1154874625641877,0.1141155674963021,0.3742203742203742,1.30977130977131,0.0306531187110187,0.3742203742203742,4.677754677754678,3.9293139293139294,0.1340611615384615,17.58835758835759,CM/AM,58,58,69,50,72,76,67,56,35,42,54,19,19,39,83,68,21,14,33,56,39,28,29,50,51,51,36,28,89,97,32,97,92,22,47,39,43,32,22,26,86,71,56,76,64,58,72,42,75,78,72,56,31,44,58,14,11,28,89,58,17,3,36,50,39,28,29,50,51,51,36,28,89,97,32,97,92,22,44,31,36,28,22,19,89,67,53,81,Czech League
Baník Ostrava,dfvvrv84skv23rsn1k6kt4slc,eiivgqzqs34z74wjdprc4apzo,Y. Skyba,Yevhenii Skyba,23,Defender,Ukraine,Defender,161.0,3.0,155.0,23.0,313.0,15.0,0.0,2.0,3.0,3.0,0.0,9.0,11.0,45.0,30.0,11.0,594.0,5.0,7.0,5.0,10.0,0.0,0.0,0.0,0.0,0.0,0.0,85.52,53.49,18.75,55.56,0.0,54.88,57.69,55.56,0.3787185337690329,0.1402673704325953,0.0,2.0,0.03740694,9.0,42.0,44.0,1.1118223900000002,218.0,24.393939393939394,0.4545454545454546,23.484848484848484,3.484848484848485,47.42424242424243,2.272727272727273,0.0,0.303030303030303,0.4545454545454546,0.4545454545454546,0.0,1.3636363636363638,1.6666666666666667,6.818181818181818,4.545454545454546,1.6666666666666667,0.7575757575757576,1.0606060606060606,0.7575757575757576,1.5151515151515151,0.0,0.0,0.0,0.0,0.0,0.0,85.52,53.49,18.75,55.56,0.0,54.88,57.69,55.56,0.057381596025611,0.0212526318837265,0.0,0.303030303030303,0.0056677181818181,1.3636363636363638,6.363636363636364,6.666666666666667,0.1684579378787879,33.03030303030303,RB/RCB,86,60,97,86,90,86,38,21,52,74,28,88,90,84,74,90,50,66,88,76,21,22,40,48,52,52,79,79,48,74,22,52,62,29,72,21,28,17,10,100,97,98,83,90,79,59,97,86,93,76,38,21,38,62,28,79,86,83,79,93,41,52,83,76,21,22,40,48,52,52,79,79,48,74,22,52,62,29,59,21,28,10,10,97,100,93,76,100,Czech League
Baník Ostrava,dfvvrv84skv23rsn1k6kt4slc,nqq723jxgno3vkxe8gv6zbbo,J. Míček,Jirí Mícek,19,Defender,Czechia,Defender,82.0,0.0,84.0,17.0,166.0,15.0,0.0,1.0,5.0,3.0,0.0,4.0,5.0,40.0,23.0,6.0,608.0,6.0,14.0,2.0,8.0,2.0,4.0,1.0,1.0,0.0,0.0,76.85,39.53,0.0,50.0,80.0,63.49,55.56,72.73,0.4230401570633379,0.0829444119630489,1.0,2.0,0.0651806799999999,1.0,25.0,29.0,0.49358454,103.0,12.138157894736842,0.0,12.43421052631579,2.5164473684210527,24.57236842105263,2.2203947368421053,0.0,0.1480263157894736,0.7401315789473685,0.4440789473684211,0.0,0.5921052631578947,0.7401315789473685,5.921052631578948,3.4046052631578947,0.8881578947368421,0.8881578947368421,2.0723684210526314,0.2960526315789473,1.1842105263157894,0.2960526315789473,0.5921052631578947,0.1480263157894736,0.1480263157894736,0.0,0.0,76.85,39.53,0.0,50.0,80.0,63.49,55.56,72.73,0.0626210758810862,0.0122779557182144,0.1480263157894736,0.2960526315789473,0.0096484559210526,0.1480263157894736,3.700657894736842,4.292763157894737,0.0730635009868421,15.24671052631579,LB/LCB,48,12,60,82,52,92,40,14,66,70,22,40,54,80,64,48,52,90,46,68,60,98,84,98,52,52,32,40,12,66,100,92,48,56,68,20,52,30,32,22,76,88,40,70,44,12,32,76,40,92,40,12,64,64,22,40,44,92,52,32,48,96,48,60,60,100,84,96,52,52,32,40,12,66,100,92,48,56,56,16,56,28,32,16,76,92,28,56,Czech League
Hradec Králové,1v75g4bk8vzrvu0jmaro6lila,1j9ty6ncoes22t954ygd6mpsk,D. Ludvíček,David Ludvícek,25,Defender,Czechia,Defender,37.0,3.0,78.0,6.0,112.0,0.0,0.0,3.0,3.0,2.0,1.0,0.0,0.0,7.0,5.0,3.0,327.0,2.0,1.0,0.0,3.0,1.0,1.0,0.0,0.0,0.0,0.0,79.43,31.58,33.33,0.0,33.33,36.84,0.0,50.0,0.1866412987162537,0.1766871353550698,1.0,12.0,0.2769049899999999,7.0,8.0,11.0,0.3636747599999998,49.0,10.18348623853211,0.8256880733944955,21.467889908256883,1.651376146788991,30.82568807339449,0.0,0.0,0.8256880733944955,0.8256880733944955,0.5504587155963303,0.2752293577981651,0.0,0.0,1.926605504587156,1.3761467889908257,0.8256880733944955,0.5504587155963303,0.2752293577981651,0.0,0.8256880733944955,0.2752293577981651,0.2752293577981651,0.0,0.0,0.0,0.0,79.43,31.58,33.33,0.0,33.33,36.84,0.0,50.0,0.05136916478429,0.0486294867949733,0.2752293577981651,3.302752293577982,0.0762123825688073,1.926605504587156,2.201834862385321,3.027522935779817,0.1000939706422017,13.486238532110091,RB/RCB,17,60,38,26,21,5,38,40,52,55,69,7,7,3,3,28,17,5,12,24,57,59,40,48,52,52,45,21,86,12,78,14,5,19,38,31,66,98,100,91,16,17,21,21,17,83,90,31,52,5,38,62,72,69,90,7,7,3,3,41,28,7,12,28,69,76,40,48,52,52,45,21,86,12,78,14,5,19,48,52,72,100,100,100,21,28,28,34,Czech League
Hradec Králové,1v75g4bk8vzrvu0jmaro6lila,2bf28lr218vw4pxri6ovksa5m,M. Valenta,Matej Valenta,26,Midfielder,Czechia,Midfielder,51.0,1.0,97.0,3.0,147.0,4.0,0.0,5.0,0.0,0.0,0.0,7.0,7.0,19.0,4.0,4.0,306.0,6.0,2.0,5.0,6.0,0.0,0.0,0.0,0.0,0.0,0.0,84.97,25.0,33.33,71.43,0.0,52.78,80.0,66.67,0.0,0.3029320303493539,0.0,7.0,0.21470513,2.0,14.0,11.0,0.22551357,58.0,15.0,0.2941176470588235,28.529411764705884,0.8823529411764706,43.23529411764706,1.1764705882352942,0.0,1.4705882352941178,0.0,0.0,0.0,2.058823529411765,2.058823529411765,5.588235294117648,1.1764705882352942,1.1764705882352942,1.7647058823529411,0.5882352941176471,1.4705882352941178,1.7647058823529411,0.0,0.0,0.0,0.0,0.0,0.0,84.97,25.0,33.33,71.43,0.0,52.78,80.0,66.67,0.0,0.0890976559851041,0.0,2.058823529411765,0.0631485676470588,0.5882352941176471,4.11764705882353,3.235294117647059,0.0663275205882353,17.058823529411764,CM/AM,50,15,58,22,58,67,24,22,3,6,8,36,33,39,60,82,26,14,62,74,8,10,29,50,51,51,81,17,64,82,10,69,100,65,3,17,7,32,39,26,51,32,6,50,83,22,92,28,92,83,24,44,3,6,8,67,67,81,83,97,39,17,86,100,8,10,29,50,51,51,81,17,64,82,10,69,100,65,3,17,7,61,69,39,78,44,11,72,Czech League
Hradec Králové,1v75g4bk8vzrvu0jmaro6lila,2enfunw56fyi0fdnjr9qv7696,J. Uhrinčať,Jakub Uhrincat,25,Defender,Slovakia,Defender,189.0,1.0,177.0,19.0,365.0,13.0,0.0,7.0,3.0,0.0,0.0,4.0,4.0,39.0,37.0,12.0,755.0,5.0,2.0,2.0,14.0,3.0,0.0,0.0,0.0,0.0,0.0,82.21,40.43,12.5,50.0,0.0,70.91,81.25,63.64,0.1872640360757426,0.39162545017737,2.0,5.0,0.10562244,2.0,44.0,43.0,0.8904648300000002,233.0,22.52980132450331,0.119205298013245,21.09933774834437,2.264900662251656,43.50993377483444,1.5496688741721854,0.0,0.8344370860927152,0.3576158940397351,0.0,0.0,0.4768211920529801,0.4768211920529801,4.6490066225165565,4.410596026490066,1.4304635761589404,0.5960264900662251,0.23841059602649,0.23841059602649,1.6688741721854303,0.3576158940397351,0.0,0.0,0.0,0.0,0.0,82.21,40.43,12.5,50.0,0.0,70.91,81.25,63.64,0.0223228652275719,0.0466838284979646,0.23841059602649,0.5960264900662251,0.012590754437086,0.23841059602649,5.245033112582782,5.125827814569536,0.1061481254304635,27.77483443708609,RB/RCB,93,34,100,83,93,79,38,90,52,12,28,48,47,66,90,93,50,16,57,93,84,22,40,48,52,52,59,38,29,66,22,97,97,52,41,76,83,48,48,40,100,93,69,97,72,28,86,55,79,59,38,66,28,12,28,38,38,48,72,83,31,3,41,86,79,22,40,48,52,52,59,38,29,66,22,97,97,52,28,48,69,31,24,21,90,83,41,90,Czech League
Hradec Králové,1v75g4bk8vzrvu0jmaro6lila,3bh2udfj5run303fagtx1s8vd,D. Horák,Daniel Horák,26,Defender,Czechia,Defender,80.0,7.0,105.0,9.0,178.0,4.0,2.0,9.0,8.0,4.0,2.0,5.0,5.0,20.0,13.0,5.0,594.0,12.0,6.0,3.0,4.0,4.0,1.0,0.0,0.0,0.0,0.0,81.28,64.29,25.0,60.0,12.5,47.62,30.77,57.14,0.759544176959158,0.8401923624129343,3.0,10.0,0.2406201,8.0,17.0,20.0,1.1120284500000002,81.0,12.12121212121212,1.0606060606060606,15.90909090909091,1.3636363636363638,26.96969696969697,0.6060606060606061,0.303030303030303,1.3636363636363638,1.2121212121212122,0.6060606060606061,0.303030303030303,0.7575757575757576,0.7575757575757576,3.0303030303030303,1.9696969696969693,0.7575757575757576,1.8181818181818183,0.9090909090909092,0.4545454545454546,0.6060606060606061,0.6060606060606061,0.1515151515151515,0.0,0.0,0.0,0.0,81.28,64.29,25.0,60.0,12.5,47.62,30.77,57.14,0.1150824510544178,0.1273018730928688,0.4545454545454546,1.5151515151515151,0.0364575909090909,1.2121212121212122,2.575757575757576,3.0303030303030303,0.1684891590909091,12.272727272727272,LB/LCB,44,86,64,30,56,26,98,90,92,86,80,58,54,28,40,36,90,68,70,20,86,56,38,48,52,52,56,96,58,76,48,24,16,26,96,92,94,80,76,94,52,48,84,46,40,88,68,28,44,16,100,78,92,88,84,48,48,24,36,28,100,52,64,20,84,60,38,48,52,52,56,96,58,76,48,24,16,26,96,76,92,76,76,100,52,44,88,40,Czech League
Hradec Králové,1v75g4bk8vzrvu0jmaro6lila,4wbrkcm2bxeps49cjf747or2s,T. Slončík,Tom Sloncík,21,Midfielder,Czechia,Midfielder,72.0,0.0,110.0,6.0,182.0,6.0,0.0,3.0,16.0,12.0,3.0,23.0,24.0,49.0,5.0,5.0,666.0,30.0,14.0,12.0,12.0,4.0,7.0,3.0,0.0,0.0,0.0,79.82,46.15,0.0,52.17,43.75,45.37,31.58,70.59,1.4291623401435964,0.2309672817282634,5.0,25.0,0.58912003,11.0,12.0,15.0,0.39245667,63.0,9.72972972972973,0.0,14.864864864864863,0.8108108108108107,24.5945945945946,0.8108108108108107,0.0,0.4054054054054054,2.162162162162162,1.6216216216216215,0.4054054054054054,3.108108108108108,3.243243243243243,6.621621621621621,0.6756756756756757,0.6756756756756757,4.0540540540540535,1.891891891891892,1.6216216216216215,1.6216216216216215,0.5405405405405405,0.945945945945946,0.4054054054054054,0.0,0.0,0.0,79.82,46.15,0.0,52.17,43.75,45.37,31.58,70.59,0.1931300459653508,0.0312117948281437,0.6756756756756757,3.378378378378378,0.0796108148648648,1.4864864864864864,1.6216216216216215,2.0270270270270268,0.0530346851351351,8.513513513513512,LM/LCM,93,13,93,87,93,87,40,33,100,100,93,100,100,100,60,87,100,87,100,100,87,100,93,50,53,53,73,73,13,73,73,40,53,53,100,27,97,100,100,93,83,93,60,87,80,13,60,60,80,60,40,13,80,80,67,73,67,87,33,80,87,60,87,87,40,87,93,50,53,53,73,73,13,73,73,40,53,53,73,13,67,80,73,87,53,53,13,47,Czech League
Hradec Králové,1v75g4bk8vzrvu0jmaro6lila,5ir834cntiq4qhlw8dqi6rowl,V. Darida,Vladimír Darida,36,Midfielder,Czechia,Midfielder,141.0,12.0,262.0,37.0,391.0,6.0,0.0,16.0,18.0,6.0,7.0,7.0,7.0,51.0,4.0,6.0,727.0,20.0,14.0,6.0,11.0,12.0,5.0,1.0,0.0,0.0,0.0,82.14,61.67,27.91,85.71,27.78,61.45,46.15,44.0,1.2190807361173073,1.6161208860783811,10.0,14.0,0.28858934,9.0,58.0,69.0,2.31506485,217.0,17.455295735900965,1.485557083906465,32.43466299862448,4.580467675378267,48.404401650618986,0.7427785419532325,0.0,1.980742778541953,2.2283356258596974,0.7427785419532325,0.8665749656121046,0.8665749656121046,0.8665749656121046,6.3136176066024765,0.4951856946354883,0.7427785419532325,2.475928473177442,1.7331499312242091,0.7427785419532325,1.361760660247593,1.485557083906465,0.6189821182943605,0.123796423658872,0.0,0.0,0.0,82.14,61.67,27.91,85.71,27.78,61.45,46.15,44.0,0.1509178352827478,0.200069985896911,1.237964236588721,1.7331499312242091,0.0357263281980742,1.114167812929849,7.1801925722145805,8.541953232462173,0.2865967489683632,26.86382393397524,CM/AM,97,90,100,100,100,83,24,88,96,68,94,36,33,97,60,90,76,88,78,94,94,82,71,50,51,51,58,83,47,92,56,89,58,19,83,86,97,79,56,90,100,100,100,100,94,75,97,100,97,69,24,67,72,58,83,25,25,92,31,78,56,69,53,86,86,69,61,50,51,51,58,83,47,92,56,89,58,19,64,69,86,39,25,69,97,100,97,97,Czech League
Hradec Králové,1v75g4bk8vzrvu0jmaro6lila,5noo2dp9txb8r6yz77s6pt34k,A. Umar,Abdullahi Umar,19,Attacker,Nigeria,Striker,19.0,0.0,26.0,0.0,45.0,5.0,0.0,0.0,3.0,2.0,0.0,10.0,11.0,15.0,1.0,0.0,224.0,14.0,4.0,2.0,4.0,1.0,1.0,0.0,0.0,0.0,0.0,72.58,0.0,0.0,20.0,33.33,33.33,41.67,100.0,0.3032337000609794,0.0,2.0,2.0,0.0535479299999999,1.0,1.0,1.0,0.0346949099999999,12.0,7.633928571428571,0.0,10.446428571428571,0.0,18.080357142857142,2.008928571428571,0.0,0.0,1.2053571428571428,0.8035714285714286,0.0,4.017857142857142,4.419642857142857,6.026785714285714,0.4017857142857143,0.0,5.625,1.6071428571428572,0.8035714285714286,1.6071428571428572,0.4017857142857143,0.4017857142857143,0.0,0.0,0.0,0.0,72.58,0.0,0.0,20.0,33.33,33.33,41.67,100.0,0.1218349687745006,0.0,0.8035714285714286,0.8035714285714286,0.0215147933035713,0.4017857142857143,0.4017857142857143,0.4017857142857143,0.0139399191964285,4.821428571428571,ST,65,25,28,14,39,40,36,3,3,6,11,74,76,19,7,24,18,22,36,79,33,11,15,51,51,49,61,14,25,19,50,28,47,94,8,3,49,36,36,44,12,12,6,24,94,25,75,14,86,61,36,3,6,6,11,100,100,69,11,24,72,67,67,100,50,19,15,51,51,49,61,14,25,19,50,28,47,94,6,3,78,61,50,64,25,17,11,72,Czech League
Hradec Králové,1v75g4bk8vzrvu0jmaro6lila,77r4hf2uohwyjw93tfx6sk9gp,F. Čech,Frantisek Cech,28,Defender,Czechia,Defender,245.0,1.0,142.0,8.0,386.0,7.0,0.0,1.0,5.0,3.0,2.0,3.0,3.0,25.0,39.0,7.0,636.0,4.0,4.0,1.0,5.0,2.0,2.0,1.0,0.0,0.0,0.0,92.79,40.0,50.0,33.33,40.0,47.17,46.67,38.46,0.511215953020408,0.058009542881682,1.0,3.0,0.07012502,2.0,28.0,24.0,0.6981770699999997,208.0,34.66981132075472,0.1415094339622641,20.09433962264151,1.1320754716981132,54.62264150943396,0.9905660377358492,0.0,0.1415094339622641,0.7075471698113208,0.4245283018867924,0.2830188679245283,0.4245283018867924,0.4245283018867924,3.537735849056604,5.518867924528302,0.9905660377358492,0.5660377358490566,0.5660377358490566,0.1415094339622641,0.7075471698113208,0.2830188679245283,0.2830188679245283,0.1415094339622641,0.0,0.0,0.0,92.79,40.0,50.0,33.33,40.0,47.17,46.67,38.46,0.0723418801443973,0.0082088975775965,0.1415094339622641,0.4245283018867924,0.0099233518867924,0.2830188679245283,3.962264150943396,3.39622641509434,0.098798641981132,29.433962264150946,LB/LCB,96,38,84,24,92,48,40,14,66,70,80,26,26,46,82,60,32,38,30,34,60,76,84,48,52,52,100,44,92,44,78,20,36,4,76,16,52,38,36,40,80,62,60,92,100,40,96,16,100,36,40,8,56,52,80,24,24,32,92,44,28,32,28,24,56,80,80,48,52,52,100,44,92,44,78,20,36,4,68,8,52,36,36,32,92,60,52,100,Czech League
Hradec Králové,1v75g4bk8vzrvu0jmaro6lila,8g66huzw03lik7hmo4tuco5jo,F. Mielke,Filip Mielke,21,Defender,Slovakia,Defender,78.0,0.0,50.0,4.0,128.0,6.0,0.0,1.0,1.0,0.0,1.0,1.0,1.0,10.0,13.0,1.0,200.0,2.0,2.0,0.0,1.0,1.0,0.0,0.0,0.0,0.0,0.0,92.75,50.0,0.0,0.0,0.0,66.67,85.71,50.0,0.0,0.0,0.0,0.0,0.0,0.0,0.0,0.0,0.0,0.0,35.1,0.0,22.5,1.7999999999999998,57.6,2.7,0.0,0.4499999999999999,0.4499999999999999,0.0,0.4499999999999999,0.4499999999999999,0.4499999999999999,4.5,5.85,0.4499999999999999,0.8999999999999999,0.8999999999999999,0.0,0.4499999999999999,0.4499999999999999,0.0,0.0,0.0,0.0,0.0,92.75,50.0,0.0,0.0,0.0,66.67,85.71,50.0,0.0,0.0,0.0,0.0,0.0,0.0,0.0,0.0,0.0,0.0,CB,18,34,36,5,29,22,41,32,26,13,64,43,43,14,22,8,22,20,25,12,72,22,41,45,51,51,100,51,34,25,22,82,95,29,8,12,32,13,13,21,3,3,3,3,68,34,92,18,84,71,41,61,47,13,87,71,66,47,47,11,47,50,25,26,92,22,41,45,51,51,100,51,34,25,22,82,95,29,8,12,32,13,13,21,3,3,3,3,Czech League
Hradec Králové,1v75g4bk8vzrvu0jmaro6lila,a39nidkjopd50d1gk58soo1cl,M. van Buren,Mick van Buren,34,Attacker,Netherlands,Striker,47.0,2.0,92.0,2.0,137.0,7.0,1.0,8.0,13.0,12.0,1.0,16.0,19.0,32.0,11.0,4.0,640.0,37.0,6.0,10.0,6.0,1.0,8.0,2.0,0.0,0.0,0.0,76.97,50.0,25.0,62.5,61.54,41.56,33.33,66.67,1.6222988776675928,0.6597254102164637,1.0,22.0,0.6901780400000002,4.0,9.0,4.0,0.5365927299999997,47.0,6.609375,0.28125,12.9375,0.28125,19.265625,0.984375,0.140625,1.125,1.828125,1.6875,0.140625,2.25,2.671875,4.5,1.546875,0.5625,5.203125,0.84375,1.40625,0.84375,0.140625,1.125,0.28125,0.0,0.0,0.0,76.97,50.0,25.0,62.5,61.54,41.56,33.33,66.67,0.2281357796720052,0.0927738858116902,0.140625,3.09375,0.097056286875,0.5625,1.265625,0.5625,0.0754583526562499,6.609375,ST,94,82,94,58,97,58,83,89,56,68,28,88,97,88,96,97,94,50,99,94,33,94,75,51,51,49,81,62,69,89,100,53,38,61,58,86,28,100,100,85,89,51,89,92,86,69,89,44,89,39,72,64,25,44,22,69,78,43,81,92,61,25,92,78,25,78,58,51,51,49,81,62,69,89,100,53,38,61,33,64,22,100,100,72,81,31,72,86,Czech League
Hradec Králové,1v75g4bk8vzrvu0jmaro6lila,bptjm5hzs0fiincv8xzwq4m0a,F. Čihák,Filip Cihák,27,Defender,Czechia,Defender,322.0,1.0,168.0,30.0,489.0,29.0,0.0,4.0,13.0,12.0,2.0,10.0,11.0,57.0,39.0,14.0,810.0,19.0,9.0,5.0,7.0,1.0,5.0,0.0,0.0,0.0,0.0,90.39,51.72,100.0,50.0,38.46,55.88,60.42,50.0,1.7564916341884105,0.2278800566829487,1.0,12.0,0.23040041,2.0,34.0,37.0,0.9251728799999996,357.0,35.77777777777778,0.1111111111111111,18.666666666666668,3.333333333333333,54.333333333333336,3.2222222222222223,0.0,0.4444444444444444,1.4444444444444444,1.3333333333333333,0.2222222222222222,1.1111111111111112,1.2222222222222223,6.333333333333333,4.333333333333333,1.5555555555555556,2.111111111111111,1.0,0.5555555555555556,0.7777777777777778,0.1111111111111111,0.5555555555555556,0.0,0.0,0.0,0.0,90.39,51.72,100.0,50.0,38.46,55.88,60.42,50.0,0.1951657371320456,0.0253200062981054,0.1111111111111111,1.3333333333333333,0.0256000455555555,0.2222222222222222,3.7777777777777777,4.111111111111111,0.1027969866666666,39.66666666666666,CB,92,78,95,91,95,92,41,82,100,100,82,100,100,96,70,92,92,79,93,76,72,100,41,45,51,51,76,58,96,57,74,39,55,29,100,71,78,97,92,67,91,93,92,97,74,71,84,62,79,80,41,57,95,95,72,89,92,88,21,84,84,54,86,55,59,97,41,45,51,51,76,58,96,57,74,39,55,29,95,45,67,86,79,54,71,74,61,84,Czech League
Hradec Králové,1v75g4bk8vzrvu0jmaro6lila,cf3ufh2lfaers984e4bv0lk2d,D. Trubač,Daniel Trubac,29,Midfielder,Czechia,Midfielder,81.0,7.0,137.0,8.0,211.0,3.0,0.0,7.0,12.0,9.0,6.0,18.0,18.0,22.0,4.0,0.0,589.0,23.0,7.0,7.0,4.0,3.0,3.0,0.0,0.0,0.0,0.0,87.55,47.06,31.82,38.89,25.0,40.74,42.86,80.0,0.8929332893348239,0.767860639050873,6.0,14.0,0.41829022,9.0,13.0,22.0,1.0734532,87.0,12.376910016977927,1.069609507640068,20.93378607809847,1.222410865874363,32.241086587436335,0.4584040747028862,0.0,1.069609507640068,1.833616298811545,1.3752122241086588,0.9168081494057724,2.7504244482173177,2.7504244482173177,3.3616298811545,0.6112054329371817,0.0,3.514431239388794,1.069609507640068,1.069609507640068,0.6112054329371817,0.4584040747028862,0.4584040747028862,0.0,0.0,0.0,0.0,87.55,47.06,31.82,38.89,25.0,40.74,42.86,80.0,0.1364414194229782,0.1173301485816274,0.9168081494057724,2.139219015280136,0.0639153137521222,1.3752122241086588,1.9864176570458405,3.3616298811545,0.1640251069609508,13.293718166383702,CM/AM,81,65,76,69,75,53,24,42,68,86,89,93,92,49,60,11,89,51,85,56,39,65,29,50,51,51,92,56,53,22,49,19,49,92,58,50,79,79,89,90,47,75,75,68,69,56,58,53,64,47,24,14,61,78,86,78,75,19,39,11,81,39,67,42,28,56,29,50,51,51,92,56,53,22,49,19,49,92,58,33,83,69,72,75,31,47,61,50,Czech League
Hradec Králové,1v75g4bk8vzrvu0jmaro6lila,dp217lcujazwh6x67xxws4fai,T. Čvančara,Tomás Cvancara,26,Attacker,Czechia,Striker,16.0,2.0,47.0,1.0,61.0,7.0,1.0,6.0,6.0,4.0,2.0,12.0,13.0,19.0,9.0,0.0,343.0,19.0,6.0,6.0,0.0,2.0,2.0,1.0,0.0,0.0,0.0,73.49,20.0,28.57,50.0,33.33,40.43,46.67,0.0,0.8206567094665393,0.5587475753748199,2.0,3.0,0.0962505199999999,3.0,2.0,5.0,0.52655064,15.0,4.198250728862974,0.5247813411078718,12.332361516034986,0.2623906705539359,16.005830903790088,1.836734693877551,0.2623906705539359,1.5743440233236152,1.5743440233236152,1.0495626822157436,0.5247813411078718,3.1486880466472305,3.4110787172011663,4.985422740524782,2.361516034985423,0.0,4.985422740524782,1.5743440233236152,1.5743440233236152,0.0,0.5247813411078718,0.5247813411078718,0.2623906705539359,0.0,0.0,0.0,73.49,20.0,28.57,50.0,33.33,40.43,46.67,0.0,0.2153326642915118,0.1466101509729848,0.5247813411078718,0.7871720116618076,0.0252552384839649,0.7871720116618076,0.5247813411078718,1.3119533527696794,0.138161975510204,3.935860058309038,ST,50,82,76,36,69,58,83,74,15,15,49,83,82,47,89,24,39,50,86,11,56,29,49,51,51,49,69,32,76,72,50,44,65,11,28,81,49,51,53,75,35,67,86,42,64,86,86,42,75,58,94,89,17,14,56,86,94,56,100,24,53,64,100,11,58,28,53,51,51,49,69,32,76,72,50,44,65,11,31,89,50,56,56,86,39,75,86,53,Czech League
Hradec Králové,1v75g4bk8vzrvu0jmaro6lila,xbp16o2bijkl84w1lklyua51,S. Dancák,Samuel Dancák,28,Midfielder,Slovakia,Midfielder,116.0,0.0,144.0,11.0,260.0,4.0,1.0,7.0,3.0,0.0,1.0,6.0,6.0,26.0,5.0,5.0,510.0,4.0,7.0,5.0,5.0,3.0,2.0,0.0,0.0,0.0,0.0,88.44,64.71,0.0,83.33,66.67,57.78,50.0,50.0,0.9294753803072032,0.6248926175051197,2.0,9.0,0.2113525,5.0,33.0,26.0,1.18613925,147.0,20.47058823529412,0.0,25.41176470588235,1.9411764705882355,45.88235294117647,0.7058823529411764,0.1764705882352941,1.2352941176470589,0.5294117647058824,0.0,0.1764705882352941,1.0588235294117647,1.0588235294117647,4.588235294117647,0.8823529411764706,0.8823529411764706,0.7058823529411764,1.2352941176470589,0.8823529411764706,0.8823529411764706,0.5294117647058824,0.3529411764705882,0.0,0.0,0.0,0.0,88.44,64.71,0.0,83.33,66.67,57.78,50.0,50.0,0.1640250671130358,0.1102751677950211,0.3529411764705882,1.588235294117647,0.0372975,0.8823529411764706,5.823529411764706,4.588235294117647,0.2093186911764706,25.94117647058824,DM/CM,57,25,75,43,68,59,80,66,21,14,29,55,54,54,29,32,38,59,84,34,45,73,39,52,52,50,86,93,25,89,98,79,50,30,86,82,45,70,68,73,82,70,82,71,71,25,79,50,79,54,89,89,18,14,29,68,68,46,32,29,43,64,82,39,39,79,39,52,52,50,86,93,25,89,98,79,50,30,86,89,46,71,71,75,86,68,93,89,Czech League
Slovan Liberec,2c4rs2vp0tyjiqa7y3gfttf24,2ijin6mf3w7hbzuju1jpmoq8l,L. Masopust,Lukás Masopust,33,Midfielder,Czechia,Midfielder,83.0,2.0,89.0,11.0,170.0,2.0,0.0,8.0,5.0,3.0,2.0,11.0,12.0,36.0,13.0,9.0,607.0,8.0,7.0,6.0,9.0,2.0,0.0,0.0,0.0,0.0,0.0,75.89,30.56,20.0,54.55,0.0,50.7,20.0,42.86,0.4455631469288975,0.5998411080329424,1.0,4.0,0.08007474,1.0,19.0,26.0,0.7098780299999998,98.0,12.30642504118616,0.2965403624382207,13.196046128500823,1.6309719934102145,25.20593080724877,0.2965403624382207,0.0,1.186161449752883,0.7413509060955519,0.4448105436573311,0.2965403624382207,1.6309719934102145,1.7792421746293243,5.337726523887974,1.9275123558484348,1.3344316309719937,1.186161449752883,1.037891268533773,0.8896210873146623,1.3344316309719937,0.2965403624382207,0.0,0.0,0.0,0.0,0.0,75.89,30.56,20.0,54.55,0.0,50.7,20.0,42.86,0.0660637285397047,0.0889385497907163,0.1482701812191103,0.5930807248764415,0.0118726962108731,0.1482701812191103,2.817133443163097,3.8550247116968697,0.105253744151565,14.530477759472817,DM/CM,46,77,54,43,50,27,34,82,45,64,48,96,95,82,82,86,71,59,95,82,25,20,39,52,52,50,18,9,68,46,20,46,14,23,50,68,18,23,18,16,61,70,64,50,21,64,46,39,32,21,34,86,29,57,39,82,82,75,86,75,61,43,86,61,25,20,39,52,52,50,18,9,68,46,20,46,14,23,39,68,11,25,14,11,54,57,50,39,Czech League
Slovan Liberec,2c4rs2vp0tyjiqa7y3gfttf24,6i65quse9pjdu8z2um61md8gk,M. Lexa,Milan Lexa,22,Midfielder,Czechia,Midfielder,17.0,10.0,75.0,4.0,82.0,2.0,0.0,19.0,7.0,3.0,4.0,18.0,20.0,23.0,2.0,2.0,418.0,21.0,2.0,10.0,5.0,4.0,2.0,0.0,0.0,0.0,0.0,66.67,23.53,34.48,55.56,28.57,32.86,20.0,55.56,0.5140435607259807,1.8481808037973493,2.0,7.0,0.18192308,8.0,11.0,15.0,1.08987238,49.0,3.6602870813397126,2.15311004784689,16.14832535885167,0.8612440191387559,17.655502392344495,0.4306220095693779,0.0,4.090909090909091,1.507177033492823,0.6459330143540669,0.8612440191387559,3.8755980861244015,4.30622009569378,4.952153110047846,0.4306220095693779,0.4306220095693779,4.521531100478469,0.4306220095693779,2.15311004784689,1.076555023923445,0.8612440191387559,0.4306220095693779,0.0,0.0,0.0,0.0,66.67,23.53,34.48,55.56,28.57,32.86,20.0,55.56,0.1106792355630101,0.3979336658893814,0.4306220095693779,1.507177033492823,0.0391700411483253,1.7224880382775118,2.3684210526315788,3.229665071770335,0.2346615172248803,10.55023923444976,CM/AM,6,81,33,32,24,35,24,94,43,42,72,93,94,56,25,44,81,14,94,67,54,47,29,50,51,51,6,11,75,54,58,8,18,42,36,97,43,32,33,79,42,46,78,38,3,94,36,25,17,39,24,100,50,47,81,94,97,61,25,47,94,11,97,72,58,53,29,50,51,51,6,11,75,54,58,8,18,42,42,100,44,33,31,89,47,42,86,33,Czech League
Slovan Liberec,2c4rs2vp0tyjiqa7y3gfttf24,6marp4xhjkoal9ax2zx9kap78,L. Mašek,Lukás Masek,22,Attacker,Czechia,Striker,11.0,0.0,31.0,0.0,42.0,18.0,0.0,3.0,20.0,19.0,2.0,4.0,4.0,37.0,4.0,0.0,541.0,41.0,14.0,2.0,3.0,1.0,10.0,3.0,0.0,0.0,0.0,54.55,0.0,0.0,50.0,50.0,45.12,47.37,100.0,1.8515969915958297,0.1463808691120066,0.0,2.0,0.2813051099999999,0.0,2.0,1.0,0.0498504199999999,15.0,1.829944547134936,0.0,5.157116451016636,0.0,6.987060998151571,2.9944547134935307,0.0,0.499075785582255,3.3271719038817005,3.160813308687616,0.33271719038817,0.6654343807763401,0.6654343807763401,6.155268022181146,0.6654343807763401,0.0,6.820702402957486,2.3290203327171906,0.33271719038817,0.499075785582255,0.166358595194085,1.6635859519408502,0.499075785582255,0.0,0.0,0.0,54.55,0.0,0.0,50.0,50.0,45.12,47.37,100.0,0.3080290743874763,0.0243517157487626,0.0,0.33271719038817,0.0467975229205175,0.0,0.33271719038817,0.166358595194085,0.0082930458410351,2.4953789279112755,ST,26,25,40,14,36,90,36,36,97,97,49,21,19,92,53,24,100,100,36,68,33,100,88,51,51,49,8,14,25,72,88,78,71,94,78,19,11,36,81,15,35,12,8,42,8,25,14,14,11,75,36,22,89,94,39,11,8,75,31,24,94,83,19,56,31,94,94,51,51,49,8,14,25,72,88,78,71,94,56,11,11,33,69,15,17,8,6,17,Czech League
Slovan Liberec,2c4rs2vp0tyjiqa7y3gfttf24,73akea5hi9ygl6lbnd5thp79w,P. Dulay,Patrik Dulay,21,Midfielder,Slovakia,Midfielder,12.0,1.0,45.0,4.0,56.0,1.0,1.0,5.0,11.0,8.0,3.0,14.0,15.0,22.0,6.0,1.0,511.0,27.0,3.0,5.0,9.0,3.0,5.0,3.0,0.0,0.0,0.0,70.0,66.67,10.0,35.71,45.45,33.85,8.33,69.23,1.3116269795776914,0.4357524450325828,4.0,9.0,0.28788516,6.0,1.0,2.0,0.4873254099999999,24.0,2.1135029354207435,0.1761252446183953,7.925636007827788,0.7045009784735812,9.863013698630136,0.1761252446183953,0.1761252446183953,0.8806262230919765,1.9373776908023483,1.4090019569471623,0.5283757338551859,2.4657534246575343,2.641878669275929,3.8747553816046967,1.0567514677103718,0.1761252446183953,4.755381604696673,0.5283757338551859,0.8806262230919765,1.5851272015655578,0.5283757338551859,0.8806262230919765,0.5283757338551859,0.0,0.0,0.0,70.0,66.67,10.0,35.71,45.45,33.85,8.33,69.23,0.2310106226262078,0.0767470059744275,0.7045009784735812,1.5851272015655578,0.0507038442270058,1.0567514677103718,0.1761252446183953,0.3522504892367906,0.0858303070450097,4.227005870841487,RM/RCM,7,27,13,33,7,13,50,30,60,63,53,63,67,33,30,13,80,10,53,90,40,73,90,53,50,50,7,97,30,40,90,13,13,60,80,20,40,47,47,73,13,7,20,13,7,20,7,27,7,13,47,47,73,73,67,67,67,40,27,13,80,7,73,87,47,73,93,53,50,50,7,97,30,40,90,13,13,60,80,20,47,40,60,80,13,7,33,7,Czech League
Slovan Liberec,2c4rs2vp0tyjiqa7y3gfttf24,7bdvpsz3j3cr38n0ltxqaj5jp,J. Mikula,Jan Mikula,34,Defender,Czechia,Defender,83.0,0.0,32.0,7.0,115.0,4.0,1.0,1.0,0.0,0.0,0.0,0.0,0.0,15.0,9.0,5.0,356.0,2.0,5.0,0.0,4.0,0.0,0.0,0.0,0.0,0.0,0.0,78.77,29.17,0.0,0.0,0.0,57.69,44.44,66.67,0.0,0.0852594228156333,0.0,0.0,0.0,1.0,6.0,7.0,0.2271334599999999,58.0,20.983146067415728,0.0,8.089887640449438,1.7696629213483146,29.073033707865168,1.0112359550561798,0.2528089887640449,0.2528089887640449,0.0,0.0,0.0,0.0,0.0,3.792134831460674,2.2752808988764044,1.2640449438202246,0.5056179775280899,1.2640449438202246,0.0,1.0112359550561798,0.0,0.0,0.0,0.0,0.0,0.0,78.77,29.17,0.0,0.0,0.0,57.69,44.44,66.67,0.0,0.0215543484646263,0.0,0.0,0.0,0.2528089887640449,1.5168539325842696,1.7696629213483146,0.0574213803370786,14.662921348314606,CB,29,34,8,13,18,17,89,32,8,13,28,16,16,25,13,43,22,53,25,50,28,22,41,45,51,51,21,5,34,25,22,47,14,61,8,34,32,13,13,50,14,17,21,13,18,34,11,16,16,16,95,32,8,13,28,16,16,26,11,66,21,68,25,68,28,22,41,45,51,51,21,5,34,25,22,47,14,61,8,39,32,13,13,61,26,18,24,11,Czech League
Slovan Liberec,2c4rs2vp0tyjiqa7y3gfttf24,7q8yzcaejglf2h1ho7iukqtxw,A. Kayondo,Aziz Kayondo,23,Defender,Uganda,Defender,79.0,8.0,121.0,11.0,192.0,3.0,0.0,13.0,10.0,4.0,4.0,24.0,24.0,60.0,18.0,9.0,810.0,8.0,23.0,8.0,19.0,6.0,2.0,1.0,0.0,0.0,0.0,83.84,37.93,21.62,33.33,20.0,57.14,25.0,73.08,0.6963680080080276,1.1888720645663358,4.0,18.0,0.4764006999999999,9.0,20.0,26.0,1.38315935,104.0,8.777777777777779,0.8888888888888888,13.444444444444445,1.2222222222222223,21.33333333333333,0.3333333333333333,0.0,1.4444444444444444,1.1111111111111112,0.4444444444444444,0.4444444444444444,2.6666666666666665,2.6666666666666665,6.666666666666667,2.0,1.0,0.8888888888888888,2.555555555555556,0.8888888888888888,2.111111111111111,0.6666666666666666,0.2222222222222222,0.1111111111111111,0.0,0.0,0.0,83.84,37.93,21.62,33.33,20.0,57.14,25.0,73.08,0.077374223112003,0.1320968960629261,0.4444444444444444,2.0,0.0529334111111111,1.0,2.2222222222222223,2.888888888888889,0.1536843722222222,11.555555555555555,LB/LCB,40,94,76,46,68,14,40,96,98,86,100,100,100,100,44,78,68,100,100,98,100,76,84,48,52,52,64,28,48,44,54,64,8,64,88,96,100,100,100,100,60,70,100,76,20,76,44,20,32,8,40,88,88,70,88,100,100,96,40,54,52,100,92,96,88,70,76,48,52,52,64,28,48,44,54,64,8,64,76,80,88,96,92,88,36,32,80,32,Czech League
Slovan Liberec,2c4rs2vp0tyjiqa7y3gfttf24,8uvwdn4qumwhi0pl5kx9dx3sa,V. Stránský,Vojtech Stránsky,23,Midfielder,Czechia,Midfielder,51.0,1.0,35.0,7.0,85.0,3.0,0.0,3.0,10.0,3.0,3.0,2.0,2.0,17.0,7.0,4.0,355.0,5.0,7.0,0.0,6.0,7.0,3.0,1.0,0.0,0.0,0.0,74.56,53.85,16.67,0.0,30.0,48.57,42.86,85.71,0.6310432921062252,0.2038838754646472,5.0,2.0,0.07876287,1.0,7.0,7.0,0.2754186800000001,51.0,12.929577464788732,0.2535211267605634,8.873239436619718,1.7746478873239435,21.549295774647888,0.7605633802816901,0.0,0.7605633802816901,2.535211267605633,0.7605633802816901,0.7605633802816901,0.5070422535211268,0.5070422535211268,4.309859154929577,1.7746478873239435,1.0140845070422535,1.2676056338028168,1.7746478873239435,0.0,1.5211267605633805,1.7746478873239435,0.7605633802816901,0.2535211267605634,0.0,0.0,0.0,74.56,53.85,16.67,0.0,30.0,48.57,42.86,85.71,0.1599828064494655,0.0516888698361077,1.2676056338028168,0.5070422535211268,0.0199680515492957,0.2535211267605634,1.7746478873239435,1.7746478873239435,0.069824454084507,12.929577464788732,CM,100,100,100,100,100,100,75,100,100,100,100,100,100,100,100,100,50,100,75,100,100,100,100,75,75,75,50,100,100,75,100,50,100,100,100,100,100,100,100,100,100,100,100,100,50,100,50,50,50,100,75,100,100,100,100,100,100,100,100,100,50,50,75,100,100,100,100,75,75,75,50,100,100,75,100,50,100,100,100,100,100,100,100,100,100,100,100,100,Czech League
Slovan Liberec,2c4rs2vp0tyjiqa7y3gfttf24,8yw0no16xd4sgbpvwx95d7uac,F. Faye,Fallou Faye,20,Midfielder,Senegal,Midfielder,56.0,0.0,86.0,16.0,142.0,20.0,0.0,6.0,11.0,9.0,2.0,10.0,12.0,43.0,10.0,7.0,602.0,31.0,7.0,7.0,7.0,2.0,2.0,0.0,0.0,0.0,0.0,70.3,50.0,0.0,70.0,18.18,55.13,62.5,70.0,1.2058081677147714,0.7094090440711529,1.0,9.0,0.24847886,1.0,16.0,22.0,0.92603247,87.0,8.372093023255813,0.0,12.857142857142856,2.39202657807309,21.22923588039867,2.990033222591362,0.0,0.8970099667774086,1.6445182724252492,1.345514950166113,0.2990033222591362,1.495016611295681,1.7940199335548173,6.428571428571428,1.495016611295681,1.0465116279069766,4.634551495016611,1.0465116279069766,1.0465116279069766,1.0465116279069766,0.2990033222591362,0.2990033222591362,0.0,0.0,0.0,0.0,70.3,50.0,0.0,70.0,18.18,55.13,62.5,70.0,0.1802703240769591,0.1060578305089763,0.1495016611295681,1.345514950166113,0.0371480023255813,0.1495016611295681,2.39202657807309,3.2890365448504983,0.1384433925249169,13.006644518272426,DM/CM,25,25,48,77,39,100,34,55,91,100,48,91,95,96,68,59,100,59,100,68,25,73,39,52,52,50,7,55,25,71,50,68,86,59,96,89,18,70,75,16,45,55,75,43,11,25,43,71,18,100,34,50,79,100,43,79,86,96,57,54,100,46,93,54,29,68,39,52,52,50,7,55,25,71,50,68,86,59,89,86,14,61,68,14,39,54,75,32,Czech League
Slovan Liberec,2c4rs2vp0tyjiqa7y3gfttf24,9kjzskap2gy1pexzeeun8kq1h,L. Hůlka,Lukás Hulka,31,Defender,Czechia,Defender,232.0,1.0,92.0,26.0,323.0,37.0,0.0,0.0,5.0,4.0,0.0,1.0,1.0,57.0,56.0,11.0,810.0,19.0,4.0,1.0,11.0,1.0,2.0,0.0,0.0,0.0,0.0,85.45,50.0,25.0,100.0,40.0,60.0,56.06,73.33,0.610719837583862,0.0,0.0,9.0,0.17623374,1.0,25.0,20.0,0.5917773399999998,217.0,25.77777777777778,0.1111111111111111,10.22222222222222,2.888888888888889,35.888888888888886,4.111111111111111,0.0,0.0,0.5555555555555556,0.4444444444444444,0.0,0.1111111111111111,0.1111111111111111,6.333333333333333,6.222222222222222,1.2222222222222223,2.111111111111111,0.4444444444444444,0.1111111111111111,1.2222222222222223,0.1111111111111111,0.2222222222222222,0.0,0.0,0.0,0.0,85.45,50.0,25.0,100.0,40.0,60.0,56.06,73.33,0.0678577597315402,0.0,0.0,1.0,0.0195815266666666,0.1111111111111111,2.7777777777777777,2.2222222222222223,0.0657530377777777,24.11111111111111,CB,71,78,75,75,71,100,41,11,74,74,28,43,43,96,96,87,92,39,59,91,72,83,41,45,51,51,45,51,78,88,78,58,45,75,76,12,32,91,87,50,82,64,66,74,39,71,37,39,32,97,41,11,53,58,28,32,32,88,64,61,84,22,50,72,59,66,41,45,51,51,45,51,78,88,78,58,45,75,58,12,32,71,68,42,50,34,34,47,Czech League
Slovan Liberec,2c4rs2vp0tyjiqa7y3gfttf24,dn9eq343mhbkqe90tnsi4fhii,J. Koželuh,Josef Kozeluh,24,Defender,Czechia,Defender,69.0,4.0,87.0,17.0,152.0,10.0,0.0,4.0,12.0,4.0,4.0,17.0,17.0,45.0,15.0,4.0,584.0,12.0,9.0,10.0,11.0,8.0,2.0,0.0,0.0,0.0,0.0,70.7,40.48,16.0,58.82,16.67,55.56,62.5,68.75,0.8916699929596045,0.3414597568083984,5.0,8.0,0.21134252,6.0,23.0,31.0,0.6776541000000001,83.0,10.633561643835616,0.6164383561643836,13.407534246575342,2.6198630136986303,23.42465753424657,1.5410958904109588,0.0,0.6164383561643836,1.8493150684931507,0.6164383561643836,0.6164383561643836,2.6198630136986303,2.6198630136986303,6.934931506849315,2.3116438356164384,0.6164383561643836,1.8493150684931507,1.386986301369863,1.5410958904109588,1.6952054794520548,1.2328767123287672,0.3082191780821918,0.0,0.0,0.0,0.0,70.7,40.48,16.0,58.82,16.67,55.56,62.5,68.75,0.1374148961752815,0.0526222227958148,0.7705479452054794,1.2328767123287672,0.0325699089041095,0.9246575342465754,3.544520547945205,4.777397260273973,0.1044329948630137,12.79109589041096,RB/RCB,41,81,59,71,41,69,38,62,100,86,100,98,98,84,36,41,78,81,100,83,100,84,40,48,52,52,10,43,38,83,48,59,78,72,90,66,97,78,79,86,69,67,52,45,21,79,45,76,21,55,38,48,100,79,97,97,97,90,21,24,79,72,100,93,100,79,40,48,52,52,10,43,38,83,48,59,78,72,90,55,100,72,79,86,59,72,38,28,Czech League
Slovan Liberec,2c4rs2vp0tyjiqa7y3gfttf24,eau0au7g5dqxc7zwp8ia40qju,P. Hodouš,Petr Hodous,22,Defender,Czechia,Defender,19.0,1.0,37.0,1.0,55.0,2.0,0.0,4.0,10.0,8.0,2.0,5.0,6.0,31.0,1.0,0.0,351.0,21.0,14.0,2.0,7.0,2.0,2.0,0.0,0.0,0.0,0.0,78.57,25.0,16.67,40.0,20.0,65.96,66.67,53.85,0.8591986431352743,0.1986351494210761,4.0,4.0,0.19029394,0.0,4.0,5.0,0.17504652,22.0,4.871794871794872,0.2564102564102564,9.487179487179487,0.2564102564102564,14.102564102564102,0.5128205128205129,0.0,1.0256410256410258,2.5641025641025643,2.0512820512820515,0.5128205128205129,1.2820512820512822,1.5384615384615383,7.948717948717949,0.2564102564102564,0.0,5.384615384615385,3.58974358974359,0.5128205128205129,1.794871794871795,0.5128205128205129,0.5128205128205129,0.0,0.0,0.0,0.0,78.57,25.0,16.67,40.0,20.0,65.96,66.67,53.85,0.22030734439366,0.0509320895951477,1.0256410256410258,1.0256410256410258,0.0487933179487179,0.0,1.0256410256410258,1.2820512820512822,0.044883723076923,5.641025641025641,CB,3,78,14,3,3,5,41,82,93,88,82,87,92,64,3,3,99,100,74,76,95,83,41,45,51,51,18,3,68,53,53,74,68,39,87,58,100,59,89,21,8,7,8,5,3,87,24,3,3,5,41,97,100,100,92,97,97,100,3,3,100,100,82,95,100,95,41,45,51,51,18,3,68,53,53,74,68,39,100,82,100,76,89,21,11,8,11,5,Czech League
Slovan Liberec,2c4rs2vp0tyjiqa7y3gfttf24,eqt598wenyzrxdl5y39ejab8q,A. Drakpe,Augustin Drakpe,24,Defender,Togo,Defender,194.0,0.0,68.0,19.0,262.0,21.0,0.0,7.0,3.0,3.0,0.0,3.0,3.0,46.0,51.0,10.0,710.0,5.0,7.0,3.0,12.0,0.0,0.0,0.0,1.0,0.0,0.0,87.04,46.34,0.0,100.0,0.0,67.65,67.74,75.0,0.3650632227633653,0.4991831662407699,0.0,5.0,0.09626605,0.0,13.0,15.0,0.5879148399999997,165.0,24.591549295774648,0.0,8.619718309859154,2.408450704225352,33.2112676056338,2.6619718309859155,0.0,0.8873239436619718,0.380281690140845,0.380281690140845,0.0,0.380281690140845,0.380281690140845,5.830985915492957,6.464788732394366,1.2676056338028168,0.6338028169014084,0.8873239436619718,0.380281690140845,1.5211267605633805,0.0,0.0,0.0,0.1267605633802817,0.0,0.0,87.04,46.34,0.0,100.0,0.0,67.65,67.74,75.0,0.0462756197869054,0.0632767393826328,0.0,0.6338028169014084,0.0122027387323943,0.0,1.647887323943662,1.9014084507042253,0.0745244163380281,20.91549295774648,CB,63,34,55,63,63,82,41,97,58,66,28,74,71,89,88,82,51,63,82,96,28,22,41,95,51,51,47,37,34,88,22,89,71,80,66,97,32,68,58,21,49,47,63,57,37,34,16,24,29,66,41,92,42,47,28,62,59,68,79,68,29,47,76,87,28,22,41,92,51,51,47,37,34,88,22,89,71,80,42,84,32,55,50,21,29,21,45,33,Czech League
Slovan Liberec,2c4rs2vp0tyjiqa7y3gfttf24,gq4abws0ogyk223tpkxy5ex,V. Kušej,Vasil Kusej,26,Attacker,Czechia,Striker,22.0,15.0,109.0,8.0,116.0,2.0,1.0,16.0,12.0,6.0,3.0,18.0,18.0,14.0,4.0,1.0,490.0,20.0,2.0,4.0,4.0,6.0,5.0,2.0,0.0,0.0,0.0,63.04,42.11,33.33,22.22,41.67,21.88,20.0,66.67,0.7311116827995624,1.771704885804303,4.0,10.0,0.2820791099999999,7.0,13.0,18.0,0.91000573,49.0,4.040816326530612,2.7551020408163263,20.020408163265305,1.469387755102041,21.30612244897959,0.3673469387755101,0.183673469387755,2.9387755102040813,2.204081632653061,1.1020408163265305,0.5510204081632653,3.3061224489795915,3.3061224489795915,2.571428571428571,0.7346938775510203,0.183673469387755,3.673469387755102,0.3673469387755101,0.7346938775510203,0.7346938775510203,1.1020408163265305,0.9183673469387756,0.3673469387755101,0.0,0.0,0.0,63.04,42.11,33.33,22.22,41.67,21.88,20.0,66.67,0.1342858192897155,0.3254151831069127,0.7346938775510203,1.836734693877551,0.0518104487755101,1.2857142857142856,2.387755102040816,3.3061224489795915,0.1671439095918367,9.0,ST,75,100,100,97,93,15,83,100,47,26,71,97,93,14,53,62,46,7,71,79,96,69,75,51,51,49,31,53,86,25,72,3,15,61,22,100,82,88,83,97,96,94,94,94,58,100,97,97,94,8,81,100,42,22,61,97,89,6,33,56,22,6,61,72,92,64,67,51,51,49,31,53,86,25,72,3,15,61,14,100,64,86,75,97,92,97,94,94,Czech League
Viktoria Plzeň,c6fx1460nlkawjgh67sp7a1hd,41zdjk7mje36kpr8v2lndp2lm,F. Prebsl,Filip Prebsl,23,Defender,Czechia,Defender,119.0,1.0,65.0,11.0,183.0,13.0,0.0,1.0,0.0,0.0,0.0,1.0,1.0,28.0,15.0,3.0,400.0,2.0,7.0,0.0,6.0,0.0,0.0,0.0,0.0,0.0,0.0,86.73,55.0,50.0,0.0,0.0,68.29,65.0,66.67,0.0,0.0661016263267444,0.0,8.0,0.16375168,2.0,15.0,14.0,0.28922463,92.0,26.775,0.2249999999999999,14.625,2.475,41.175,2.925,0.0,0.2249999999999999,0.0,0.0,0.0,0.2249999999999999,0.2249999999999999,6.3,3.375,0.6749999999999999,0.4499999999999999,1.575,0.0,1.35,0.0,0.0,0.0,0.0,0.0,0.0,86.73,55.0,50.0,0.0,0.0,68.29,65.0,66.67,0.0,0.0148728659235174,0.0,1.7999999999999998,0.036844128,0.4499999999999999,3.375,3.15,0.06507554175,20.7,RB/RCB,66,34,28,47,55,79,38,10,7,12,28,16,16,50,36,28,17,66,12,50,21,22,40,48,52,52,93,83,93,12,22,90,86,64,7,10,28,78,59,40,38,24,7,55,90,34,55,72,72,83,38,10,7,12,28,14,14,76,45,34,17,79,12,72,21,22,40,48,52,52,93,83,93,12,22,90,86,64,7,14,28,93,90,48,52,31,7,72,Czech League
Viktoria Plzeň,c6fx1460nlkawjgh67sp7a1hd,42ybprj1rxbn2fz3ionthzbo,P. Adu,Prince Adu,22,Attacker,Ghana,Striker,23.0,2.0,35.0,1.0,56.0,6.0,0.0,2.0,19.0,16.0,5.0,8.0,9.0,18.0,3.0,1.0,344.0,31.0,6.0,3.0,2.0,3.0,7.0,1.0,0.0,0.0,0.0,81.16,50.0,16.67,37.5,36.84,32.14,30.0,66.67,2.212608084730472,0.0606031334353968,4.0,3.0,0.10546224,1.0,1.0,3.0,0.23359226,15.0,6.017441860465116,0.5232558139534883,9.156976744186046,0.2616279069767441,14.651162790697674,1.569767441860465,0.0,0.5232558139534883,4.970930232558139,4.186046511627906,1.3081395348837208,2.093023255813953,2.3546511627906974,4.709302325581395,0.7848837209302325,0.2616279069767441,8.11046511627907,1.569767441860465,0.7848837209302325,0.5232558139534883,0.7848837209302325,1.8313953488372088,0.2616279069767441,0.0,0.0,0.0,81.16,50.0,16.67,37.5,36.84,32.14,30.0,66.67,0.578880022167856,0.0158554709569352,1.0465116279069766,0.7848837209302325,0.027591865116279,0.2616279069767441,0.2616279069767441,0.7848837209302325,0.0611142540697674,3.924418604651162,ST,81,82,49,36,61,49,36,21,90,89,90,57,60,39,31,62,86,50,57,49,75,85,49,51,51,49,92,62,57,46,65,19,29,61,86,8,82,51,56,44,12,33,50,42,75,83,61,39,67,56,36,25,100,100,94,65,67,50,42,69,100,61,64,58,86,97,50,51,51,49,92,62,57,46,65,19,29,61,100,6,86,53,61,42,6,44,58,47,Czech League
Viktoria Plzeň,c6fx1460nlkawjgh67sp7a1hd,4riunfstr4l3lqrrd0lffv7fu,L. Červ,Lukás Cerv,25,Midfielder,Czechia,Midfielder,129.0,1.0,142.0,12.0,270.0,7.0,0.0,4.0,10.0,5.0,3.0,2.0,2.0,38.0,11.0,7.0,607.0,13.0,15.0,2.0,6.0,5.0,2.0,1.0,0.0,0.0,0.0,84.91,41.38,20.0,100.0,20.0,66.67,58.33,42.86,1.073791866555604,0.3798793098242195,4.0,11.0,0.30131473,5.0,23.0,27.0,0.8551410200000003,128.0,19.12685337726524,0.1482701812191103,21.05436573311368,1.7792421746293243,40.0329489291598,1.037891268533773,0.0,0.5930807248764415,1.4827018121911038,0.7413509060955519,0.4448105436573311,0.2965403624382207,0.2965403624382207,5.634266886326194,1.6309719934102145,1.037891268533773,1.9275123558484348,2.224052718286656,0.2965403624382207,0.8896210873146623,0.7413509060955519,0.2965403624382207,0.1482701812191103,0.0,0.0,0.0,84.91,41.38,20.0,100.0,20.0,66.67,58.33,42.86,0.1592113146458062,0.0563247741090276,0.5930807248764415,1.6309719934102145,0.0446759896210873,0.7413509060955519,3.4102141680395386,4.003294892915981,0.1267919140032949,18.978583196046127,DM/CM,68,59,71,54,71,75,34,43,80,89,73,14,14,88,73,59,91,95,36,50,75,73,84,52,52,50,61,29,68,96,57,100,64,23,89,50,80,80,86,73,71,75,71,61,57,57,68,43,68,64,34,29,71,82,71,7,7,89,64,50,86,93,36,43,64,64,82,52,52,50,61,29,68,96,57,100,64,23,82,39,79,75,86,64,64,61,68,61,Czech League
Viktoria Plzeň,c6fx1460nlkawjgh67sp7a1hd,5nqonu6ea844ish2k3m5le3je,D. Višinský,Denis Visinsky,23,Midfielder,Czechia,Midfielder,30.0,1.0,49.0,0.0,78.0,1.0,1.0,6.0,3.0,2.0,2.0,9.0,12.0,15.0,2.0,0.0,316.0,13.0,9.0,3.0,3.0,1.0,1.0,1.0,0.0,0.0,0.0,84.78,0.0,20.0,33.33,33.33,46.88,20.0,100.0,0.2614032532971441,0.4495020368844806,2.0,10.0,0.26699156,3.0,5.0,6.0,0.2687650299999999,24.0,8.544303797468354,0.2848101265822785,13.955696202531646,0.0,22.21518987341772,0.2848101265822785,0.2848101265822785,1.7088607594936709,0.8544303797468354,0.569620253164557,0.569620253164557,2.5632911392405062,3.4177215189873418,4.272151898734177,0.569620253164557,0.0,3.702531645569621,2.5632911392405062,0.8544303797468354,0.8544303797468354,0.2848101265822785,0.2848101265822785,0.2848101265822785,0.0,0.0,0.0,84.78,0.0,20.0,33.33,33.33,46.88,20.0,100.0,0.074450293660579,0.1280227320240609,0.569620253164557,2.848101265822785,0.0760419,0.8544303797468354,1.4240506329113924,1.7088607594936709,0.0765470022151898,6.835443037974684,LM/LCM,60,33,40,13,47,27,90,70,13,17,67,47,67,30,23,17,57,77,50,40,13,27,57,50,53,53,93,13,30,40,57,47,40,97,13,73,50,63,60,53,37,27,20,40,60,33,47,13,60,27,93,80,13,27,87,67,73,27,27,17,73,80,53,40,13,27,60,50,53,53,93,13,30,40,57,47,40,97,13,67,60,67,67,53,47,27,47,27,Czech League
Viktoria Plzeň,c6fx1460nlkawjgh67sp7a1hd,7cgekcpn1trfydj4gqsj4yvx0,A. Sojka,Alexandr Sojka,23,Midfielder,Czechia,Midfielder,65.0,11.0,111.0,7.0,165.0,6.0,2.0,14.0,4.0,2.0,2.0,5.0,5.0,17.0,5.0,1.0,449.0,11.0,5.0,2.0,2.0,2.0,0.0,0.0,0.0,0.0,0.0,83.76,53.85,27.5,40.0,0.0,54.84,54.55,50.0,0.2807998289832518,1.5470732913761371,1.0,11.0,0.25598281,7.0,7.0,18.0,0.4803984699999999,68.0,13.028953229398663,2.2048997772828507,22.249443207126948,1.4031180400890868,33.073496659242764,1.2026726057906458,0.4008908685968819,2.8062360801781736,0.8017817371937639,0.4008908685968819,0.4008908685968819,1.0022271714922049,1.0022271714922049,3.4075723830734965,1.0022271714922049,0.2004454342984409,2.2048997772828507,1.0022271714922049,0.4008908685968819,0.4008908685968819,0.4008908685968819,0.0,0.0,0.0,0.0,0.0,83.76,53.85,27.5,40.0,0.0,54.84,54.55,50.0,0.0562850436714758,0.3101037777814083,0.2004454342984409,2.2048997772828507,0.0513105855233853,1.4031180400890868,1.4031180400890868,3.6080178173719375,0.0962936799554565,13.630289532293986,CM/AM,67,86,67,61,61,83,93,81,24,29,39,24,24,26,69,26,46,31,25,24,26,10,29,50,51,51,72,61,44,28,10,83,81,32,19,81,24,58,47,71,25,60,39,56,78,100,67,61,72,86,94,86,19,25,42,28,28,22,78,28,53,33,25,17,22,10,29,50,51,51,72,61,44,28,10,83,81,32,14,94,17,75,58,81,14,61,36,56,Czech League
Viktoria Plzeň,c6fx1460nlkawjgh67sp7a1hd,7jn5h7jsuo99i3pvnodqhhpuc,S. Pirgić,Stefan Pirgic,23,Midfielder,Serbia,Midfielder,37.0,0.0,31.0,5.0,68.0,1.0,0.0,0.0,0.0,0.0,0.0,0.0,0.0,9.0,2.0,2.0,226.0,7.0,5.0,0.0,1.0,0.0,0.0,0.0,0.0,0.0,0.0,85.0,50.0,0.0,0.0,0.0,56.25,16.67,33.33,0.0,0.0,0.0,0.0,0.0,0.0,0.0,0.0,0.0,0.0,14.734513274336283,0.0,12.345132743362832,1.991150442477876,27.079646017699115,0.3982300884955752,0.0,0.0,0.0,0.0,0.0,0.0,0.0,3.584070796460177,0.7964601769911505,0.7964601769911505,2.7876106194690267,1.991150442477876,0.0,0.3982300884955752,0.0,0.0,0.0,0.0,0.0,0.0,85.0,50.0,0.0,0.0,0.0,56.25,16.67,33.33,0.0,0.0,0.0,0.0,0.0,0.0,0.0,0.0,0.0,0.0,CM,50,50,50,50,50,50,75,50,50,50,50,50,50,50,50,50,100,50,75,50,50,50,50,75,75,75,100,50,50,75,50,100,50,50,50,50,50,50,50,50,50,50,50,50,100,50,100,100,100,50,75,50,50,50,50,50,50,50,50,50,100,100,75,50,50,50,50,75,75,75,100,50,50,75,50,100,50,50,50,50,50,50,50,50,50,50,50,50,Czech League
Viktoria Plzeň,c6fx1460nlkawjgh67sp7a1hd,7nw2ismkbgv3u53ua2glahbhm,Merchas Doski,Merchas Ghazi Salih Doski,26,Defender,Iraq,Defender,112.0,2.0,135.0,15.0,245.0,8.0,0.0,3.0,3.0,0.0,1.0,8.0,8.0,44.0,11.0,8.0,686.0,4.0,14.0,5.0,7.0,3.0,1.0,0.0,0.0,0.0,0.0,84.19,36.59,18.18,62.5,33.33,62.86,80.0,41.18,0.2033376068194017,0.2245016328189062,1.0,15.0,0.32160878,6.0,30.0,26.0,0.57184614,98.0,14.693877551020408,0.2623906705539359,17.711370262390673,1.967930029154519,32.142857142857146,1.0495626822157436,0.0,0.3935860058309038,0.3935860058309038,0.0,0.1311953352769679,1.0495626822157436,1.0495626822157436,5.772594752186589,1.4431486880466473,1.0495626822157436,0.5247813411078718,1.836734693877551,0.6559766763848397,0.9183673469387756,0.3935860058309038,0.1311953352769679,0.0,0.0,0.0,0.0,84.19,36.59,18.18,62.5,33.33,62.86,80.0,41.18,0.0266769455010876,0.0294535669879031,0.1311953352769679,1.967930029154519,0.0421935717201166,0.7871720116618076,3.935860058309038,3.4110787172011663,0.0750235460641399,12.857142857142858,LB/LCB,72,62,80,68,72,56,40,40,40,10,58,84,76,88,32,68,32,90,92,54,76,56,38,48,52,52,68,20,32,80,68,88,94,8,28,44,52,94,92,86,88,70,44,60,52,60,84,52,64,44,40,32,24,10,56,68,68,80,20,60,20,84,84,44,76,56,38,48,52,52,68,20,32,80,68,88,94,8,20,36,48,92,88,72,84,64,32,48,Czech League
Viktoria Plzeň,c6fx1460nlkawjgh67sp7a1hd,96deivn85excx5vovtoh758no,A. Memić,Amar Memic,25,Midfielder,Bosnia and Herzegovina,Midfielder,62.0,6.0,130.0,7.0,186.0,10.0,3.0,14.0,16.0,11.0,1.0,12.0,14.0,27.0,21.0,7.0,688.0,23.0,9.0,4.0,1.0,5.0,7.0,2.0,0.0,0.0,0.0,75.92,31.82,17.65,33.33,43.75,44.26,52.63,25.0,1.5893245499774964,1.3631053833116715,6.0,29.0,0.8820885499999999,6.0,18.0,26.0,1.1495589999999998,82.0,8.11046511627907,0.7848837209302325,17.00581395348837,0.9156976744186046,24.33139534883721,1.3081395348837208,0.3924418604651162,1.8313953488372088,2.093023255813953,1.438953488372093,0.130813953488372,1.569767441860465,1.8313953488372088,3.5319767441860463,2.7470930232558137,0.9156976744186046,3.008720930232558,1.1773255813953487,0.5232558139534883,0.130813953488372,0.6540697674418604,0.9156976744186046,0.2616279069767441,0.0,0.0,0.0,75.92,31.82,17.65,33.33,43.75,44.26,52.63,25.0,0.2079058277586841,0.1783132042122826,0.7848837209302325,3.793604651162791,0.1153894905523255,0.7848837209302325,2.3546511627906974,3.4011627906976742,0.1503783575581395,10.726744186046512,RM/RCM,73,73,80,60,73,93,90,97,93,93,20,47,53,47,97,77,60,63,47,13,73,87,70,53,50,50,33,27,67,30,67,27,80,13,87,100,73,100,100,73,77,87,93,80,47,73,73,47,53,80,80,93,87,80,13,47,53,20,87,67,60,60,40,13,60,80,67,53,50,50,33,27,67,30,67,27,80,13,73,87,67,100,100,53,67,80,67,60,Czech League
Viktoria Plzeň,c6fx1460nlkawjgh67sp7a1hd,a3q75g4ni6a5w8ajin85rsacq,C. Kabongo,Christophe Kabongo,23,Attacker,Czechia,Striker,29.0,0.0,51.0,2.0,80.0,13.0,0.0,0.0,7.0,7.0,0.0,14.0,16.0,38.0,3.0,3.0,426.0,18.0,6.0,6.0,5.0,0.0,5.0,3.0,0.0,0.0,0.0,80.0,40.0,0.0,42.86,71.43,53.52,68.42,38.46,0.7412264586116003,0.0,2.0,15.0,0.33924723,5.0,7.0,3.0,0.1361940099999999,31.0,6.126760563380282,0.0,10.774647887323944,0.4225352112676056,16.901408450704224,2.7464788732394365,0.0,0.0,1.4788732394366195,1.4788732394366195,0.0,2.9577464788732395,3.380281690140845,8.028169014084506,0.6338028169014085,0.6338028169014085,3.8028169014084505,1.267605633802817,1.267605633802817,1.056338028169014,0.0,1.056338028169014,0.6338028169014085,0.0,0.0,0.0,80.0,40.0,0.0,42.86,71.43,53.52,68.42,38.46,0.1565971391432958,0.0,0.4225352112676056,3.169014084507042,0.07167195,1.056338028169014,1.4788732394366195,0.6338028169014085,0.0287733823943661,6.549295774647887,LW,60,20,20,30,20,100,30,20,30,60,20,30,40,80,70,80,20,20,60,80,20,80,80,60,60,60,60,40,20,80,100,100,100,40,40,20,40,60,40,30,50,20,20,20,100,20,40,20,60,100,30,20,40,80,20,40,40,100,80,80,60,60,60,100,20,100,80,60,60,60,60,40,20,80,100,100,100,40,60,20,40,60,60,60,80,20,20,80,Czech League
Viktoria Plzeň,c6fx1460nlkawjgh67sp7a1hd,a9l9kaebv2dlo434goqe0z33e,C. Souaré,Cheick Souaré,24,Midfielder,France,Midfielder,28.0,1.0,79.0,6.0,106.0,3.0,2.0,9.0,13.0,9.0,6.0,1.0,2.0,8.0,4.0,1.0,320.0,18.0,3.0,0.0,0.0,4.0,3.0,1.0,0.0,0.0,0.0,82.81,66.67,7.69,0.0,23.08,47.06,60.0,0.0,1.007613986470652,0.8793498322978485,6.0,11.0,0.34669649,6.0,8.0,11.0,0.63767456,49.0,7.875,0.28125,22.21875,1.6875,29.8125,0.84375,0.5625,2.53125,3.65625,2.53125,1.6875,0.28125,0.5625,2.25,1.125,0.28125,5.0625,0.84375,0.0,0.0,1.125,0.84375,0.28125,0.0,0.0,0.0,82.81,66.67,7.69,0.0,23.08,47.06,60.0,0.0,0.2833914336948708,0.2473171403337699,1.6875,3.09375,0.0975083878125,1.6875,2.25,3.09375,0.17934597,13.78125,RM/RCM,20,27,40,53,33,37,70,67,77,77,100,10,13,7,13,13,53,10,10,7,57,47,57,53,50,50,87,97,20,10,27,53,93,7,60,80,73,60,53,73,40,30,40,33,33,40,100,80,87,60,100,100,100,100,100,13,13,13,47,33,87,20,10,7,80,67,73,53,50,50,87,97,20,10,27,53,93,7,93,100,93,87,87,100,60,53,87,73,Czech League
Viktoria Plzeň,c6fx1460nlkawjgh67sp7a1hd,ab470admyu96ui8vuuybym2vo,K. Spáčil,Karel Spácil,23,Defender,Czechia,Defender,106.0,1.0,53.0,12.0,158.0,8.0,0.0,2.0,2.0,2.0,0.0,2.0,2.0,14.0,16.0,4.0,288.0,4.0,2.0,1.0,2.0,0.0,1.0,0.0,0.0,0.0,0.0,85.41,48.0,100.0,50.0,50.0,66.67,88.89,66.67,0.1707988545237475,0.2214160457426915,0.0,3.0,0.05968183,2.0,13.0,14.0,0.3326829099999999,89.0,33.125,0.3125,16.5625,3.75,49.375,2.5,0.0,0.625,0.625,0.625,0.0,0.625,0.625,4.375,5.0,1.25,1.25,0.625,0.3125,0.625,0.0,0.3125,0.0,0.0,0.0,0.0,85.41,48.0,100.0,50.0,50.0,66.67,88.89,66.67,0.053374642038671,0.069192514294591,0.0,0.9375,0.0186505718749999,0.625,4.0625,4.375,0.1039634093749999,27.8125,CB,42,78,43,41,42,33,41,55,45,51,28,62,61,21,30,38,42,20,59,28,28,59,41,45,51,51,42,42,96,57,86,82,97,61,39,68,32,50,47,67,49,42,42,42,63,89,76,76,68,58,41,79,61,66,28,79,76,39,32,63,58,32,66,46,28,79,41,45,51,51,42,42,96,57,86,82,97,61,50,87,32,68,66,84,87,79,68,63,Czech League
Viktoria Plzeň,c6fx1460nlkawjgh67sp7a1hd,ama1ibpjcfu206icrfmkgfavp,P. Hrošovský,Patrik Hrosovsky,34,Midfielder,Slovakia,Midfielder,133.0,12.0,188.0,14.0,309.0,2.0,2.0,21.0,13.0,4.0,5.0,5.0,5.0,19.0,3.0,7.0,778.0,13.0,7.0,3.0,5.0,9.0,3.0,1.0,0.0,0.0,0.0,85.36,41.18,34.29,60.0,23.08,50.0,40.0,62.5,1.0462122828371767,1.8036572732930407,4.0,16.0,0.3916706,8.0,40.0,40.0,1.6996520300000004,173.0,15.38560411311054,1.3881748071979436,21.74807197943445,1.6195372750642674,35.745501285347046,0.2313624678663239,0.2313624678663239,2.4293059125964014,1.5038560411311055,0.4627249357326478,0.5784061696658098,0.5784061696658098,0.5784061696658098,2.197943444730077,0.3470437017994859,0.8097686375321337,1.5038560411311055,0.8097686375321337,0.3470437017994859,0.5784061696658098,1.0411311053984575,0.3470437017994859,0.1156812339331619,0.0,0.0,0.0,85.36,41.18,34.29,60.0,23.08,50.0,40.0,62.5,0.1210271278346348,0.2086492989670612,0.4627249357326478,1.850899742930592,0.0453089383033419,0.9254498714652956,4.627249357326479,4.627249357326479,0.1966178440874036,20.01285347043702,CM/AM,94,90,92,90,94,35,93,97,74,53,85,24,24,39,44,96,56,51,33,67,89,65,71,50,51,51,83,44,72,65,44,50,42,53,67,92,62,88,83,79,97,92,89,94,89,67,61,75,86,22,78,78,47,33,61,17,14,6,19,83,31,25,14,33,78,42,58,50,51,51,83,44,72,65,44,50,42,53,50,72,50,47,47,67,86,78,83,89,Czech League
Viktoria Plzeň,c6fx1460nlkawjgh67sp7a1hd,bidudbkachfl6126lhlr254wk,A. Gabriel,Adam Gabriel,25,Defender,Czechia,Defender,30.0,3.0,32.0,0.0,59.0,8.0,0.0,3.0,2.0,2.0,1.0,7.0,7.0,17.0,7.0,4.0,219.0,12.0,4.0,2.0,2.0,0.0,1.0,0.0,0.0,0.0,0.0,67.05,0.0,25.0,28.57,50.0,62.96,88.89,66.67,0.3262124511412878,0.2951436975786425,0.0,2.0,0.04282587,1.0,3.0,3.0,0.2992688699999999,30.0,12.328767123287673,1.2328767123287672,13.15068493150685,0.0,24.24657534246576,3.2876712328767126,0.0,1.2328767123287672,0.8219178082191781,0.8219178082191781,0.4109589041095891,2.876712328767124,2.876712328767124,6.986301369863014,2.876712328767124,1.6438356164383563,4.931506849315069,1.6438356164383563,0.8219178082191781,0.8219178082191781,0.0,0.4109589041095891,0.0,0.0,0.0,0.0,67.05,0.0,25.0,28.57,50.0,62.96,88.89,66.67,0.1340599114279265,0.1212919305117709,0.0,0.8219178082191781,0.0175996726027397,0.4109589041095891,1.2328767123287672,1.2328767123287672,0.122987206849315,12.328767123287673,RB/RCB,10,60,9,3,7,50,38,40,34,55,69,76,76,31,14,41,78,38,57,9,21,59,40,48,52,52,3,3,72,38,86,76,100,64,62,55,28,17,14,16,5,3,10,7,34,97,41,3,28,93,38,86,69,90,93,100,100,93,31,90,100,83,86,24,21,90,40,48,52,52,3,3,72,38,86,76,100,64,86,79,28,45,34,45,7,3,55,24,Czech League
Viktoria Plzeň,c6fx1460nlkawjgh67sp7a1hd,btl07lxy29q5k36jjicd4ht78,S. Dweh,Sampson Dweh,24,Defender,Liberia,Defender,369.0,0.0,196.0,29.0,565.0,29.0,0.0,2.0,9.0,9.0,2.0,5.0,5.0,62.0,64.0,18.0,810.0,19.0,3.0,5.0,12.0,0.0,3.0,1.0,0.0,0.0,0.0,91.28,59.18,0.0,100.0,33.33,66.67,69.05,48.0,1.2897702331145866,0.2167072423815026,1.0,2.0,0.03805479,2.0,35.0,23.0,1.0228838299999994,366.0,41.0,0.0,21.77777777777778,3.2222222222222223,62.77777777777778,3.2222222222222223,0.0,0.2222222222222222,1.0,1.0,0.2222222222222222,0.5555555555555556,0.5555555555555556,6.888888888888889,7.111111111111111,2.0,2.111111111111111,0.3333333333333333,0.5555555555555556,1.3333333333333333,0.0,0.3333333333333333,0.1111111111111111,0.0,0.0,0.0,91.28,59.18,0.0,100.0,33.33,66.67,69.05,48.0,0.1433078036793985,0.0240785824868336,0.1111111111111111,0.2222222222222222,0.00422831,0.2222222222222222,3.888888888888889,2.555555555555556,0.1136537588888888,40.66666666666666,CB,97,34,100,87,100,92,41,55,88,93,82,87,86,100,100,99,92,26,93,96,28,93,91,45,51,51,82,84,34,88,64,82,74,18,95,63,78,41,38,67,96,74,97,100,89,34,89,58,92,80,41,26,78,87,72,76,74,95,95,89,84,16,86,82,28,83,82,45,51,51,82,84,34,88,64,82,74,18,89,42,67,32,29,54,78,42,76,89,Czech League
Viktoria Plzeň,c6fx1460nlkawjgh67sp7a1hd,cx081k5lkivuv5esvs04s7r3d,T. Ladra,Tomás Ladra,29,Attacker,Czechia,Striker,14.0,2.0,86.0,16.0,98.0,0.0,0.0,7.0,13.0,4.0,7.0,10.0,10.0,13.0,4.0,2.0,386.0,12.0,4.0,6.0,1.0,9.0,2.0,1.0,0.0,0.0,1.0,74.24,64.0,9.09,60.0,15.38,36.11,0.0,33.33,0.8703049930588215,0.7116978895279135,8.0,11.0,0.4089251499999999,6.0,22.0,24.0,0.9432077199999996,60.0,3.2642487046632125,0.466321243523316,20.05181347150259,3.730569948186528,22.849740932642487,0.0,0.0,1.6321243523316062,3.0310880829015545,0.932642487046632,1.6321243523316062,2.3316062176165806,2.3316062176165806,3.0310880829015545,0.932642487046632,0.466321243523316,2.7979274611398965,0.932642487046632,1.3989637305699485,0.233160621761658,2.098445595854922,0.466321243523316,0.233160621761658,0.0,0.0,0.233160621761658,74.24,64.0,9.09,60.0,15.38,36.11,0.0,33.33,0.2029208533038703,0.1659399224287881,1.865284974093264,2.5647668393782386,0.0953452422279792,1.3989637305699485,5.129533678756477,5.595854922279793,0.2199188984455957,13.989637305699482,ST,39,82,92,100,83,3,36,81,56,15,97,74,69,11,53,86,14,22,86,28,100,29,49,51,51,99,72,78,50,86,15,33,3,24,33,92,99,93,92,94,100,100,97,100,33,81,100,100,100,3,36,92,75,11,100,75,64,17,50,89,8,31,89,25,100,25,47,51,51,100,72,78,50,86,15,33,3,24,25,94,100,94,94,100,100,100,100,100,Czech League
Viktoria Plzeň,c6fx1460nlkawjgh67sp7a1hd,dw2kvzu6l204zcj1a9hztxfkk,T. Pališčák,Tobiás Paliscák,18,Defender,Slovakia,Defender,82.0,0.0,64.0,8.0,146.0,9.0,0.0,0.0,2.0,2.0,0.0,4.0,4.0,18.0,18.0,3.0,300.0,2.0,1.0,3.0,3.0,0.0,0.0,0.0,0.0,0.0,0.0,85.88,61.54,0.0,75.0,0.0,64.29,56.25,60.0,0.3089851578085487,0.0,0.0,3.0,0.06098838,3.0,15.0,15.0,0.31364187,78.0,24.6,0.0,19.2,2.4,43.8,2.7,0.0,0.0,0.6,0.6,0.0,1.2,1.2,5.4,5.4,0.8999999999999999,0.6,0.3,0.8999999999999999,0.8999999999999999,0.0,0.0,0.0,0.0,0.0,0.0,85.88,61.54,0.0,75.0,0.0,64.29,56.25,60.0,0.0926955473425646,0.0,0.0,0.8999999999999999,0.018296514,0.8999999999999999,4.5,4.5,0.0940925609999999,23.4,RB/RCB,48,14,24,34,34,59,38,5,34,55,28,48,47,36,50,28,17,5,79,24,21,22,40,48,52,52,90,93,14,93,22,86,55,43,59,5,28,31,24,64,38,31,14,41,83,14,79,66,83,79,38,5,48,76,28,72,72,66,90,66,34,10,90,36,21,22,40,48,52,52,90,93,14,93,22,86,55,43,72,5,28,48,38,81,83,62,21,76,Czech League
Zbrojovka Brno,6k350zwynsc23f0sxw9akgc6y,56rghk02z5qvuwesnawoswfhm,J. Klíma,Jakub Klíma,28,Defender,Czechia,Defender,142.0,3.0,107.0,12.0,246.0,9.0,0.0,6.0,1.0,0.0,0.0,9.0,10.0,35.0,32.0,13.0,790.0,0.0,8.0,5.0,9.0,1.0,0.0,0.0,0.0,0.0,0.0,79.1,37.5,21.43,55.56,0.0,52.24,60.0,69.23,0.0836570102496967,0.5683822289530311,0.0,12.0,0.26696448,4.0,26.0,39.0,1.1088323600000003,143.0,16.177215189873415,0.3417721518987341,12.189873417721518,1.3670886075949369,28.0253164556962,1.0253164556962024,0.0,0.6835443037974683,0.1139240506329113,0.0,0.0,1.0253164556962024,1.1392405063291138,3.987341772151898,3.645569620253165,1.481012658227848,0.0,0.9113924050632912,0.5696202531645569,1.0253164556962024,0.1139240506329113,0.0,0.0,0.0,0.0,0.0,79.1,37.5,21.43,55.56,0.0,52.24,60.0,69.23,0.0095305454714844,0.0647524058300921,0.0,1.3670886075949369,0.0304136749367088,0.4556962025316455,2.962025316455696,4.443037974683544,0.1263226739240506,16.29113924050633,RB/RCB,79,60,79,52,79,59,38,79,19,12,28,88,86,59,81,98,3,76,88,67,57,22,40,48,52,52,41,31,62,74,22,38,72,76,21,79,28,98,97,78,76,88,79,79,45,41,31,28,34,38,38,52,14,12,28,66,69,28,52,86,3,45,79,45,41,22,40,48,52,52,41,31,62,74,22,38,72,76,17,66,28,86,76,52,41,55,59,48,Czech League
Zbrojovka Brno,6k350zwynsc23f0sxw9akgc6y,6x8d55kfmrd1fys0ekt6bpa3u,Š. Langer,Stepán Langer,26,Midfielder,Czechia,Midfielder,31.0,1.0,34.0,1.0,64.0,3.0,0.0,1.0,5.0,2.0,3.0,8.0,10.0,17.0,3.0,1.0,332.0,14.0,10.0,2.0,1.0,3.0,2.0,0.0,0.0,0.0,0.0,68.09,11.11,16.67,25.0,40.0,43.59,42.86,50.0,0.3069066187754503,0.1591553890381004,2.0,0.0,0.0,0.0,6.0,6.0,0.3426807,25.0,8.403614457831324,0.2710843373493976,9.216867469879515,0.2710843373493976,17.349397590361445,0.8132530120481927,0.0,0.2710843373493976,1.355421686746988,0.5421686746987951,0.8132530120481927,2.1686746987951806,2.710843373493976,4.608433734939759,0.8132530120481927,0.2710843373493976,3.795180722891566,2.710843373493976,0.5421686746987951,0.2710843373493976,0.8132530120481927,0.5421686746987951,0.0,0.0,0.0,0.0,68.09,11.11,16.67,25.0,40.0,43.59,42.86,50.0,0.0831975773788871,0.043144533172979,0.5421686746987951,0.0,0.0,0.0,1.6265060240963851,1.6265060240963851,0.0928953704819277,6.77710843373494,CM/AM,31,15,8,6,14,53,24,4,28,29,54,47,56,26,44,26,62,75,25,7,39,47,29,50,51,51,8,6,18,14,71,25,49,32,22,6,43,4,4,6,15,7,17,11,28,17,8,6,14,72,24,3,39,39,78,72,72,50,58,31,86,92,31,11,53,61,29,50,51,51,8,6,18,14,71,25,49,32,28,6,56,4,4,6,19,11,31,14,Czech League
Zbrojovka Brno,6k350zwynsc23f0sxw9akgc6y,6xe9jlpa7tsm2jww8dxs28yxh,P. Čavoš,Patrik Cavos,31,Midfielder,Czechia,Midfielder,72.0,0.0,46.0,12.0,118.0,4.0,0.0,1.0,6.0,2.0,2.0,7.0,7.0,32.0,11.0,8.0,516.0,10.0,7.0,4.0,14.0,4.0,1.0,0.0,0.0,0.0,0.0,81.38,52.17,0.0,57.14,16.67,52.46,30.77,77.78,0.421029438391939,0.06346612534079,2.0,3.0,0.05945024,0.0,9.0,11.0,0.18364437,65.0,12.55813953488372,0.0,8.023255813953488,2.0930232558139537,20.58139534883721,0.6976744186046512,0.0,0.1744186046511628,1.0465116279069768,0.3488372093023256,0.3488372093023256,1.2209302325581397,1.2209302325581397,5.5813953488372094,1.9186046511627908,1.3953488372093024,1.744186046511628,1.2209302325581397,0.6976744186046512,2.441860465116279,0.6976744186046512,0.1744186046511628,0.0,0.0,0.0,0.0,81.38,52.17,0.0,57.14,16.67,52.46,30.77,77.78,0.0734353671613847,0.0110696730245563,0.3488372093023256,0.5232558139534884,0.0103692279069767,0.0,1.569767441860465,1.9186046511627908,0.0320309947674418,11.33720930232558,DM/CM,32,25,21,54,25,59,34,14,57,45,48,70,70,77,73,71,82,59,66,100,62,48,39,52,52,50,36,61,25,57,45,59,21,84,46,21,45,14,11,5,27,25,25,32,29,25,7,54,14,50,34,11,57,43,50,75,75,82,82,82,79,61,71,100,57,54,39,52,52,50,36,61,25,57,45,59,21,84,43,18,43,14,11,5,18,21,11,21,Czech League
Zbrojovka Brno,6k350zwynsc23f0sxw9akgc6y,7mrry8ob9798f759i6qgx9c0k,T. Vachoušek,Tadeás Vachousek,22,Attacker,Czechia,Striker,35.0,1.0,71.0,3.0,105.0,5.0,2.0,8.0,10.0,5.0,1.0,19.0,20.0,30.0,3.0,2.0,583.0,21.0,8.0,10.0,3.0,5.0,4.0,1.0,0.0,0.0,0.0,73.94,50.0,9.09,52.63,40.0,46.15,31.25,42.86,0.8935274738783064,0.725197054558393,4.0,7.0,0.17614008,5.0,9.0,12.0,0.81477311,40.0,5.4030874785591765,0.1543739279588336,10.960548885077186,0.4631217838765008,16.20926243567753,0.7718696397941681,0.3087478559176672,1.234991423670669,1.5437392795883362,0.7718696397941681,0.1543739279588336,2.9331046312178386,3.0874785591766725,4.631217838765009,0.4631217838765008,0.3087478559176672,3.241852487135506,1.234991423670669,1.5437392795883362,0.4631217838765008,0.7718696397941681,0.6174957118353345,0.1543739279588336,0.0,0.0,0.0,73.94,50.0,9.09,52.63,40.0,46.15,31.25,42.86,0.1379373458817282,0.1119515178563557,0.6174957118353345,1.0806174957118353,0.0271914360205831,0.7718696397941681,1.3893653516295026,1.8524871355060035,0.1257797253859348,6.174957118353345,LW,100,40,60,70,80,60,90,50,60,20,50,60,60,60,70,50,40,60,80,50,100,50,50,60,60,60,40,70,40,100,60,60,60,60,60,40,60,20,20,30,100,70,60,90,80,40,60,40,40,60,100,40,60,20,60,20,20,20,60,40,20,40,80,40,100,40,40,60,60,60,40,70,40,100,60,60,60,60,40,40,60,20,20,20,60,80,60,40,Czech League
Zbrojovka Brno,6k350zwynsc23f0sxw9akgc6y,8745dcpgyzxlfyx3z16xbtsk5,J. Janetzký,Jakub Janetzky,29,Midfielder,Czechia,Midfielder,135.0,0.0,105.0,14.0,240.0,4.0,0.0,4.0,1.0,0.0,0.0,3.0,3.0,14.0,7.0,9.0,544.0,3.0,5.0,1.0,4.0,1.0,0.0,0.0,0.0,0.0,0.0,84.81,60.87,0.0,33.33,0.0,48.28,44.44,100.0,0.061299450762845,0.1395127079698525,0.0,8.0,0.16752574,2.0,21.0,16.0,0.6594945100000001,120.0,22.334558823529413,0.0,17.371323529411764,2.3161764705882355,39.70588235294117,0.6617647058823529,0.0,0.6617647058823529,0.1654411764705882,0.0,0.0,0.4963235294117647,0.4963235294117647,2.3161764705882355,1.1580882352941178,1.4889705882352942,0.4963235294117647,0.8272058823529412,0.1654411764705882,0.6617647058823529,0.1654411764705882,0.0,0.0,0.0,0.0,0.0,84.81,60.87,0.0,33.33,0.0,48.28,44.44,100.0,0.0101414532512059,0.02308114653913,0.0,1.3235294117647058,0.0277156555147058,0.3308823529411764,3.474264705882353,2.647058823529412,0.1091075476102941,19.852941176470587,DM/CM,75,25,57,68,55,59,34,43,4,14,11,23,23,11,50,86,29,39,16,23,9,20,39,52,52,50,57,86,25,21,20,36,38,98,4,29,4,62,57,36,68,39,57,57,82,25,54,64,64,46,34,32,4,14,11,25,25,7,43,96,25,32,7,14,4,20,39,52,52,50,57,86,25,21,20,36,38,98,4,25,4,50,32,29,68,36,54,64,Czech League
Zbrojovka Brno,6k350zwynsc23f0sxw9akgc6y,8juh3g4obrxod9f2xq0q3kkq1,A. Vaníček,Antonín Vanícek,28,Midfielder,Czechia,Midfielder,29.0,8.0,73.0,9.0,94.0,4.0,1.0,8.0,16.0,10.0,4.0,10.0,10.0,29.0,5.0,0.0,522.0,20.0,10.0,4.0,7.0,6.0,5.0,3.0,0.0,0.0,0.0,66.2,42.86,32.0,40.0,31.25,44.62,50.0,63.64,1.1883522147317087,0.8830811648713119,5.0,12.0,0.37534833,1.0,8.0,11.0,0.7629571100000002,29.0,5.0,1.3793103448275863,12.586206896551724,1.5517241379310345,16.20689655172414,0.6896551724137931,0.1724137931034483,1.3793103448275863,2.7586206896551726,1.7241379310344829,0.6896551724137931,1.7241379310344829,1.7241379310344829,5.0,0.8620689655172414,0.0,3.4482758620689657,1.7241379310344829,0.6896551724137931,1.206896551724138,1.0344827586206895,0.8620689655172414,0.5172413793103449,0.0,0.0,0.0,66.2,42.86,32.0,40.0,31.25,44.62,50.0,63.64,0.2048883128847773,0.1522553732536744,0.8620689655172414,2.0689655172413794,0.0647152293103448,0.1724137931034483,1.3793103448275863,1.896551724137931,0.1315443293103448,5.0,CM/AM,24,69,31,72,28,67,67,51,88,93,72,67,56,75,69,11,76,75,44,83,69,82,93,50,51,51,3,50,56,28,61,28,67,57,78,61,72,64,78,14,32,32,58,14,12,64,17,72,8,61,65,33,92,92,64,53,50,64,64,11,75,67,44,82,75,81,94,50,51,51,3,50,56,28,61,28,67,57,75,53,71,64,75,12,11,14,50,6,Czech League
Zbrojovka Brno,6k350zwynsc23f0sxw9akgc6y,978jpis015nzqhoyrc8holh5g,Kaká,Kauan Carneiro da Silva,21,Defender,Brazil,Defender,206.0,1.0,114.0,35.0,319.0,27.0,0.0,4.0,5.0,4.0,2.0,5.0,6.0,43.0,58.0,10.0,810.0,16.0,3.0,2.0,8.0,1.0,1.0,0.0,0.0,0.0,0.0,80.76,53.03,33.33,40.0,20.0,58.11,64.29,72.73,0.6367902293902414,0.179857077506785,1.0,2.0,0.05540588,0.0,24.0,28.0,0.7203208300000002,163.0,22.88888888888889,0.1111111111111111,12.666666666666666,3.888888888888889,35.44444444444444,3.0,0.0,0.4444444444444444,0.5555555555555556,0.4444444444444444,0.2222222222222222,0.5555555555555556,0.6666666666666666,4.777777777777778,6.444444444444445,1.1111111111111112,1.7777777777777777,0.3333333333333333,0.2222222222222222,0.8888888888888888,0.1111111111111111,0.1111111111111111,0.0,0.0,0.0,0.0,80.76,53.03,33.33,40.0,20.0,58.11,64.29,72.73,0.070754469932249,0.0199841197229761,0.1111111111111111,0.2222222222222222,0.0061562088888888,0.0,2.6666666666666665,3.111111111111111,0.0800356477777778,18.11111111111111,LB/LCB,88,38,72,100,84,100,40,54,66,86,80,58,68,84,100,88,100,24,46,68,36,56,38,48,52,52,48,76,76,54,54,68,68,56,80,36,52,30,28,8,72,84,64,84,76,28,40,96,80,100,40,44,48,70,76,36,36,52,100,68,92,12,38,36,26,48,38,48,52,52,48,76,76,54,54,68,68,56,64,28,34,20,24,8,60,48,36,72,Czech League
Zbrojovka Brno,6k350zwynsc23f0sxw9akgc6y,9ctd54hlsaxfi1tsha385di7e,D. Vašulín,Daniel Vasulín,28,Attacker,Czechia,Striker,15.0,0.0,47.0,1.0,62.0,32.0,0.0,6.0,20.0,18.0,4.0,5.0,8.0,45.0,16.0,1.0,733.0,31.0,9.0,0.0,3.0,2.0,7.0,4.0,0.0,0.0,0.0,60.78,33.33,0.0,0.0,35.0,43.27,50.79,75.0,2.5376221696341594,0.2841127355267724,2.0,2.0,0.04382219,2.0,5.0,4.0,0.15431282,25.0,1.84174624829468,0.0,5.770804911323329,0.1227830832196453,7.612551159618008,3.9290586630286497,0.0,0.7366984993178718,2.455661664392906,2.210095497953616,0.4911323328785812,0.6139154160982265,0.9822646657571624,5.525238744884039,1.9645293315143249,0.1227830832196453,3.806275579809004,1.1050477489768078,0.0,0.3683492496589359,0.2455661664392906,0.859481582537517,0.4911323328785812,0.0,0.0,0.0,60.78,33.33,0.0,0.0,35.0,43.27,50.79,75.0,0.3115770740342078,0.0348842376499447,0.2455661664392906,0.2455661664392906,0.0053806236016371,0.2455661664392906,0.6139154160982265,0.4911323328785812,0.0189470038199181,3.0695770804911326,ST,44,25,76,36,72,97,36,74,97,92,83,32,50,94,100,62,86,79,6,68,56,85,97,51,51,49,22,44,25,6,56,67,89,74,100,53,49,36,28,65,74,51,36,74,11,25,19,28,17,89,36,39,53,56,50,8,17,58,94,47,25,44,6,31,36,58,89,51,51,49,22,44,25,6,56,67,89,74,58,22,33,17,14,39,58,22,17,25,Czech League
Zbrojovka Brno,6k350zwynsc23f0sxw9akgc6y,9tjr2pq3er096jxb4vbgdfbpw,L. Saal,Lukás Saal,20,Midfielder,Czechia,Midfielder,30.0,2.0,34.0,4.0,62.0,0.0,0.0,4.0,2.0,1.0,1.0,0.0,0.0,6.0,2.0,0.0,238.0,2.0,1.0,0.0,3.0,1.0,1.0,0.0,0.0,0.0,0.0,75.61,40.0,100.0,0.0,50.0,37.5,0.0,60.0,0.1511130030208047,0.2523218388458584,1.0,5.0,0.10819638,4.0,6.0,9.0,0.22754765,32.0,11.344537815126053,0.7563025210084033,12.857142857142858,1.512605042016807,23.445378151260503,0.0,0.0,1.512605042016807,0.7563025210084033,0.3781512605042016,0.3781512605042016,0.0,0.0,2.26890756302521,0.7563025210084033,0.0,0.7563025210084033,0.3781512605042016,0.0,1.134453781512605,0.3781512605042016,0.3781512605042016,0.0,0.0,0.0,0.0,75.61,40.0,100.0,0.0,50.0,37.5,0.0,60.0,0.0571435725708925,0.0954158214122994,0.3781512605042016,1.8907563025210083,0.0409145974789915,1.512605042016807,2.26890756302521,3.403361344537815,0.0860474306722689,12.100840336134452,CM/AM,28,25,8,32,11,7,24,15,14,17,24,3,3,7,25,11,6,4,4,42,19,28,29,50,51,51,28,38,100,4,83,11,7,49,11,14,24,21,17,50,15,19,8,19,58,42,22,67,33,7,24,47,17,22,39,3,3,11,53,11,6,6,4,78,19,44,29,50,51,51,28,38,100,4,83,11,7,49,17,25,39,50,33,83,44,56,19,39,Czech League
Zbrojovka Brno,6k350zwynsc23f0sxw9akgc6y,bcluo7om6nax75ogy916qv9xw,L. Penxa,Lukás Penxa,22,Defender,Czechia,Defender,31.0,1.0,69.0,1.0,99.0,6.0,0.0,3.0,4.0,3.0,1.0,8.0,8.0,12.0,10.0,5.0,514.0,12.0,2.0,1.0,3.0,1.0,1.0,1.0,0.0,0.0,0.0,68.28,12.5,12.5,12.5,25.0,28.57,31.58,100.0,0.4861006644691047,0.1907054404380541,1.0,7.0,0.21887316,3.0,11.0,15.0,0.65250237,48.0,5.428015564202335,0.1750972762645914,12.081712062256807,0.1750972762645914,17.33463035019455,1.050583657587549,0.0,0.5252918287937743,0.7003891050583657,0.5252918287937743,0.1750972762645914,1.4007782101167314,1.4007782101167314,2.1011673151750974,1.7509727626459144,0.8754863813229572,2.1011673151750974,0.3501945525291828,0.1750972762645914,0.5252918287937743,0.1750972762645914,0.1750972762645914,0.1750972762645914,0.0,0.0,0.0,68.28,12.5,12.5,12.5,25.0,28.57,31.58,100.0,0.0851149023389482,0.0333920031895425,0.1750972762645914,1.22568093385214,0.0383240941634241,0.5252918287937743,1.9260700389105057,2.626459143968872,0.1142513877431906,8.40466926070039,RB/RCB,14,34,31,7,17,45,38,40,67,74,69,83,83,17,22,50,78,16,31,24,57,59,83,48,52,52,7,7,29,24,60,3,17,98,79,34,66,67,90,64,24,31,45,17,7,31,28,7,7,41,38,38,59,66,69,83,79,7,10,59,83,14,34,3,52,48,79,48,52,52,7,7,29,24,60,3,17,98,69,34,62,69,93,59,14,17,48,7,Czech League
Zbrojovka Brno,6k350zwynsc23f0sxw9akgc6y,cy5vomqx7zkwmooy89tjcl250,L. Ezeh,Lucky Ezeh,22,Attacker,Nigeria,Striker,9.0,2.0,24.0,0.0,31.0,8.0,0.0,5.0,7.0,7.0,0.0,3.0,3.0,12.0,4.0,0.0,231.0,15.0,4.0,0.0,0.0,0.0,4.0,1.0,0.0,0.0,0.0,72.09,0.0,66.67,0.0,57.14,42.86,61.54,0.0,0.9469558380565956,0.5304973738193173,0.0,4.0,0.16017983,1.0,3.0,2.0,0.24370886,15.0,3.506493506493506,0.7792207792207791,9.35064935064935,0.0,12.077922077922077,3.1168831168831166,0.0,1.948051948051948,2.727272727272727,2.727272727272727,0.0,1.1688311688311688,1.1688311688311688,4.675324675324675,1.5584415584415583,0.0,5.844155844155844,1.5584415584415583,0.0,0.0,0.0,1.5584415584415583,0.3896103896103896,0.0,0.0,0.0,72.09,0.0,66.67,0.0,57.14,42.86,61.54,0.0,0.3689438330090632,0.2066872885010326,0.0,1.5584415584415583,0.0624077259740259,0.3896103896103896,1.1688311688311688,0.7792207792207791,0.0949515038961038,5.844155844155844,ST,15,82,22,14,12,64,36,64,26,39,11,11,8,8,53,24,24,22,6,11,12,57,49,51,51,49,50,14,100,6,94,61,100,11,39,78,11,62,61,44,53,22,56,42,49,94,64,14,47,78,36,94,64,81,11,31,25,47,83,24,78,58,6,11,12,89,72,51,51,49,50,14,100,6,94,61,100,11,81,97,11,75,83,61,72,42,78,83,Czech League
Zbrojovka Brno,6k350zwynsc23f0sxw9akgc6y,ebsazlpxhbm1pozbtj8g3scq2,F. Vedral,Filip Vedral,29,Defender,Czechia,Defender,209.0,0.0,76.0,28.0,285.0,29.0,1.0,4.0,9.0,8.0,1.0,3.0,3.0,48.0,35.0,7.0,710.0,21.0,9.0,1.0,7.0,1.0,4.0,1.0,0.0,0.0,0.0,76.61,37.33,0.0,33.33,44.44,66.67,63.04,70.0,1.0448535595545936,0.3466586434594553,1.0,3.0,0.05491075,0.0,18.0,23.0,0.92191548,165.0,26.492957746478872,0.0,9.633802816901408,3.549295774647887,36.12676056338028,3.676056338028169,0.1267605633802817,0.5070422535211268,1.1408450704225352,1.0140845070422535,0.1267605633802817,0.380281690140845,0.380281690140845,6.084507042253521,4.436619718309859,0.8873239436619718,2.6619718309859155,1.1408450704225352,0.1267605633802817,0.8873239436619718,0.1267605633802817,0.5070422535211268,0.1267605633802817,0.0,0.0,0.0,76.61,37.33,0.0,33.33,44.44,66.67,63.04,70.0,0.1324462258590329,0.0439426449455647,0.1267605633802817,0.380281690140845,0.0069605176056338,0.0,2.2816901408450705,2.9154929577464785,0.1168625256338028,20.91549295774648,CB,66,34,61,84,66,92,89,82,88,88,64,74,71,92,57,62,99,79,59,76,72,97,91,45,51,51,5,11,34,50,82,82,63,67,89,82,78,50,45,21,66,74,89,57,42,34,29,66,37,95,84,66,84,89,63,62,59,79,26,42,97,61,55,63,68,92,84,45,51,51,5,11,34,50,82,82,63,67,87,74,74,45,37,21,34,53,84,33,Czech League
Zbrojovka Brno,6k350zwynsc23f0sxw9akgc6y,vncfk6axwmcp7u1i75qrjhii,A. Dante,Amadou Dante,25,Defender,Mali,Defender,87.0,12.0,109.0,16.0,184.0,10.0,2.0,14.0,3.0,1.0,0.0,12.0,12.0,45.0,42.0,11.0,727.0,4.0,5.0,3.0,19.0,2.0,2.0,0.0,0.0,0.0,0.0,76.35,44.44,29.27,25.0,66.67,58.44,83.33,70.37,0.1393546345200386,1.6398207024558586,1.0,10.0,0.2938608,3.0,23.0,27.0,1.3503207100000003,102.0,10.770288858321871,1.485557083906465,13.493810178817055,1.980742778541953,22.778541953232462,1.237964236588721,0.2475928473177441,1.7331499312242091,0.3713892709766162,0.123796423658872,0.0,1.485557083906465,1.485557083906465,5.570839064649244,5.199449793672628,1.361760660247593,0.4951856946354883,0.6189821182943605,0.3713892709766162,2.3521320495185694,0.2475928473177441,0.2475928473177441,0.0,0.0,0.0,0.0,76.35,44.44,29.27,25.0,66.67,58.44,83.33,70.37,0.0172516053738699,0.2030039384058146,0.123796423658872,1.237964236588721,0.036378916093535,0.3713892709766162,2.847317744154058,3.3425034387895463,0.1671648746905089,12.627235213204951,LB/LCB,52,100,68,76,64,64,98,100,40,24,22,92,92,92,92,94,32,52,70,98,60,76,38,48,52,52,28,60,68,30,96,76,100,44,16,100,52,80,84,56,68,78,92,64,28,92,48,56,36,56,92,100,20,20,22,84,80,76,80,80,16,36,60,100,52,76,38,48,52,52,28,60,68,30,96,76,100,44,12,100,40,64,72,40,64,56,84,44,Czech League
Zlín,aj1nbeiatqrs6e47mnhjidn15,2xdnx2egg51d9cnec3h1lba3t,M. Pišoja,Marián Pisoja,26,Midfielder,Slovakia,Midfielder,59.0,7.0,102.0,10.0,154.0,13.0,3.0,10.0,4.0,3.0,1.0,16.0,17.0,33.0,11.0,2.0,659.0,7.0,5.0,6.0,5.0,1.0,1.0,0.0,0.0,0.0,0.0,74.4,38.46,16.67,37.5,25.0,37.08,41.94,55.56,0.3214458840621226,0.7761713007593911,1.0,7.0,0.18080494,5.0,18.0,21.0,0.49173297,77.0,8.057663125948407,0.9559939301972686,13.93019726858877,1.3657056145675266,21.03186646433991,1.7754172989377843,0.4097116843702579,1.3657056145675266,0.5462822458270107,0.4097116843702579,0.1365705614567526,2.1851289833080427,2.3216995447647952,4.5068285280728375,1.502276176024279,0.2731411229135053,0.9559939301972686,0.6828528072837633,0.8194233687405159,0.6828528072837633,0.1365705614567526,0.1365705614567526,0.0,0.0,0.0,0.0,74.4,38.46,16.67,37.5,25.0,37.08,41.94,55.56,0.0439000448643263,0.106002150331328,0.1365705614567526,0.9559939301972686,0.0246926321699544,0.6828528072837633,2.458270106221548,2.8679817905918057,0.0671562477996965,10.515933232169957,RM/RCM,67,87,60,73,60,100,90,73,17,27,20,73,73,80,70,33,27,30,60,53,17,23,27,53,50,50,27,60,60,50,33,20,60,40,13,73,17,37,33,53,77,70,27,67,40,87,40,60,33,100,87,67,7,27,20,60,60,60,53,20,13,13,60,47,13,20,27,53,50,50,27,60,60,50,33,20,60,40,7,67,13,27,13,47,73,47,20,53,Czech League
Zlín,aj1nbeiatqrs6e47mnhjidn15,5m8kpsvek9zb4778i3d5dylii,J. Kolář,Jakub Kolár,26,Defender,Czechia,Defender,97.0,0.0,37.0,15.0,134.0,9.0,0.0,0.0,1.0,1.0,0.0,0.0,0.0,22.0,25.0,3.0,364.0,3.0,11.0,0.0,2.0,0.0,1.0,0.0,1.0,0.0,0.0,85.35,60.0,0.0,0.0,100.0,73.33,75.0,100.0,0.1442913413538389,0.0,0.0,0.0,0.0,1.0,6.0,8.0,0.19691477,74.0,23.983516483516485,0.0,9.148351648351648,3.708791208791209,33.13186813186813,2.2252747252747254,0.0,0.0,0.2472527472527472,0.2472527472527472,0.0,0.0,0.0,5.43956043956044,6.181318681318682,0.7417582417582418,0.7417582417582418,2.71978021978022,0.0,0.4945054945054945,0.0,0.2472527472527472,0.0,0.2472527472527472,0.0,0.0,85.35,60.0,0.0,0.0,100.0,73.33,75.0,100.0,0.0356764305545206,0.0,0.0,0.0,0.0,0.2472527472527472,1.4835164835164836,1.978021978021978,0.0486877178571428,18.296703296703296,CB,37,34,14,50,34,46,41,11,26,34,28,16,16,42,39,26,32,92,25,28,28,59,41,95,51,51,39,87,34,25,95,97,87,95,34,12,32,13,13,50,14,25,11,24,34,34,21,71,26,47,41,11,29,34,28,16,16,63,61,24,39,97,25,34,28,71,41,100,51,51,39,87,34,25,95,97,87,95,34,12,32,13,13,58,24,24,16,26,Czech League
Zlín,aj1nbeiatqrs6e47mnhjidn15,6wa3jbzqeourfoynxh6bsu6tw,C. Nombil,Cletus Nombil,26,Midfielder,Ghana,Midfielder,89.0,0.0,66.0,13.0,155.0,10.0,0.0,1.0,4.0,0.0,2.0,4.0,4.0,49.0,21.0,6.0,609.0,1.0,11.0,3.0,10.0,4.0,1.0,0.0,0.0,0.0,0.0,73.81,41.94,0.0,75.0,25.0,66.22,71.43,38.46,0.2020755349859766,0.0267536197521938,4.0,4.0,0.0888817,3.0,15.0,18.0,0.3306137799999998,88.0,13.152709359605913,0.0,9.753694581280788,1.9211822660098523,22.9064039408867,1.477832512315271,0.0,0.1477832512315271,0.5911330049261084,0.0,0.2955665024630542,0.5911330049261084,0.5911330049261084,7.241379310344827,3.103448275862069,0.8866995073891626,0.1477832512315271,1.625615763546798,0.4433497536945813,1.477832512315271,0.5911330049261084,0.1477832512315271,0.0,0.0,0.0,0.0,73.81,41.94,0.0,75.0,25.0,66.22,71.43,38.46,0.0298633795545778,0.0039537369091912,0.5911330049261084,0.5911330049261084,0.0131352266009852,0.4433497536945813,2.2167487684729066,2.6600985221674875,0.0488591793103448,13.004926108374384,DM/CM,54,25,36,61,46,91,34,14,34,14,48,34,34,100,95,46,11,80,50,89,62,48,39,52,52,50,14,32,25,80,64,96,93,14,29,14,80,23,25,52,38,43,29,46,32,25,11,46,25,93,34,7,21,14,36,36,36,100,100,32,7,79,50,68,43,46,39,52,52,50,14,32,25,80,64,96,93,14,14,14,75,21,21,43,29,39,25,29,Czech League
Zlín,aj1nbeiatqrs6e47mnhjidn15,7tc1glrem1sc2vev7j2we0pux,M. Fukala,Michal Fukala,25,Defender,Czechia,Defender,49.0,1.0,45.0,6.0,93.0,14.0,0.0,5.0,10.0,5.0,3.0,1.0,1.0,34.0,32.0,11.0,580.0,8.0,6.0,0.0,10.0,5.0,3.0,1.0,0.0,0.0,0.0,70.45,37.5,20.0,0.0,30.0,58.62,70.0,66.67,0.7300914823828839,0.4611973779081307,2.0,1.0,0.02122129,2.0,11.0,7.0,0.2961065299999998,45.0,7.603448275862068,0.1551724137931034,6.982758620689655,0.9310344827586208,14.43103448275862,2.1724137931034484,0.0,0.7758620689655172,1.5517241379310345,0.7758620689655172,0.4655172413793103,0.1551724137931034,0.1551724137931034,5.275862068965517,4.965517241379311,1.706896551724138,1.2413793103448276,0.9310344827586208,0.0,1.5517241379310345,0.7758620689655172,0.4655172413793103,0.1551724137931034,0.0,0.0,0.0,70.45,37.5,20.0,0.0,30.0,58.62,70.0,66.67,0.1132900576111371,0.0715651103650547,0.3103448275862069,0.1551724137931034,0.0032929587931034,0.3103448275862069,1.706896551724138,1.0862068965517242,0.0459475649999999,6.982758620689655,LB/LCB,16,38,16,16,16,86,40,66,98,96,92,16,16,72,76,94,68,68,14,84,94,90,84,48,52,52,12,24,44,14,60,80,84,38,92,68,82,18,16,40,36,16,20,20,12,44,4,8,4,88,40,64,100,100,92,16,16,68,72,96,60,56,14,76,92,92,88,48,52,52,12,24,44,14,60,80,84,38,92,64,84,12,12,36,24,8,8,12,Czech League
Zlín,aj1nbeiatqrs6e47mnhjidn15,80cmrj6gc8fb953dr7h91ual0,T. Hellebrand,Tomás Hellebrand,19,Midfielder,Czechia,Midfielder,43.0,0.0,28.0,3.0,71.0,1.0,0.0,2.0,7.0,1.0,5.0,3.0,3.0,15.0,3.0,4.0,244.0,2.0,6.0,1.0,4.0,6.0,0.0,0.0,0.0,0.0,0.0,86.59,75.0,0.0,33.33,0.0,51.72,50.0,57.14,0.4989209771641529,0.1078940457178895,4.0,5.0,0.10227611,1.0,3.0,3.0,0.0779927499999999,25.0,15.860655737704915,0.0,10.327868852459016,1.1065573770491803,26.188524590163933,0.3688524590163934,0.0,0.7377049180327868,2.581967213114754,0.3688524590163934,1.8442622950819672,1.1065573770491803,1.1065573770491803,5.532786885245901,1.1065573770491803,1.4754098360655736,0.7377049180327868,2.2131147540983607,0.3688524590163934,1.4754098360655736,2.2131147540983607,0.0,0.0,0.0,0.0,0.0,86.59,75.0,0.0,33.33,0.0,51.72,50.0,57.14,0.1840282292818596,0.0397969840762707,1.4754098360655736,1.8442622950819672,0.0377247946721311,0.3688524590163934,1.1065573770491803,1.1065573770491803,0.0287678176229507,9.221311475409836,DM/CM,14,25,7,7,11,16,34,29,68,32,96,23,23,18,11,23,20,46,16,23,82,20,39,52,52,50,71,96,25,21,20,54,50,43,54,25,80,39,29,16,4,5,7,9,43,25,25,11,36,25,34,36,100,50,100,71,71,79,39,89,46,89,39,64,100,20,39,52,52,50,71,96,25,21,20,54,50,43,93,36,100,86,75,36,7,11,7,14,Czech League
Zlín,aj1nbeiatqrs6e47mnhjidn15,8mh53t7xicq7stqgqxqcer9ck,T. Ulbrich,Tom Ulbrich,28,Midfielder,Czechia,Midfielder,22.0,1.0,38.0,4.0,59.0,5.0,0.0,3.0,10.0,7.0,4.0,9.0,11.0,22.0,2.0,0.0,384.0,11.0,6.0,5.0,2.0,3.0,0.0,0.0,0.0,0.0,0.0,72.84,80.0,33.33,55.56,0.0,52.38,45.45,33.33,0.8914535448467285,0.2094191625632687,1.0,4.0,0.10502424,2.0,7.0,10.0,0.3516088,24.0,5.15625,0.234375,8.90625,0.9375,13.828125,1.171875,0.0,0.703125,2.34375,1.640625,0.9375,2.109375,2.578125,5.15625,0.46875,0.0,2.578125,1.40625,1.171875,0.46875,0.703125,0.0,0.0,0.0,0.0,0.0,72.84,80.0,33.33,55.56,0.0,52.38,45.45,33.33,0.208934424573452,0.0490826162257661,0.234375,0.9375,0.02461505625,0.46875,1.640625,2.34375,0.0824083125,5.625,CM/AM,11,15,14,32,8,76,24,10,57,76,72,56,68,49,25,11,46,40,62,24,39,10,29,50,51,51,17,96,64,54,10,64,56,10,56,8,24,17,14,26,25,25,19,8,17,14,6,33,6,81,24,11,78,89,89,69,69,67,28,11,58,58,75,25,44,10,29,50,51,51,17,96,64,54,10,64,56,10,78,8,22,14,17,22,25,31,17,11,Czech League
Zlín,aj1nbeiatqrs6e47mnhjidn15,abm9chfqtlt7fwzwu00vx0e6t,T. Poznar,Tomás Poznar,37,Attacker,Czechia,Striker,9.0,0.0,23.0,1.0,32.0,13.0,0.0,1.0,7.0,7.0,4.0,1.0,1.0,20.0,4.0,0.0,272.0,10.0,7.0,0.0,0.0,0.0,0.0,0.0,0.0,0.0,0.0,57.14,50.0,0.0,0.0,0.0,42.55,50.0,0.0,0.6493774348755902,0.1330896193227493,0.0,1.0,0.02401521,1.0,1.0,2.0,0.0631556699999999,8.0,2.9779411764705883,0.0,7.610294117647059,0.3308823529411764,10.588235294117649,4.301470588235294,0.0,0.3308823529411764,2.3161764705882355,2.3161764705882355,1.3235294117647058,0.3308823529411764,0.3308823529411764,6.61764705882353,1.3235294117647058,0.0,3.308823529411765,2.3161764705882355,0.0,0.0,0.0,0.0,0.0,0.0,0.0,0.0,57.14,50.0,0.0,0.0,0.0,42.55,50.0,0.0,0.2148675335985408,0.0440370063935567,0.0,0.3308823529411764,0.0079462091911764,0.3308823529411764,0.3308823529411764,0.6617647058823529,0.0208970966911764,2.647058823529412,ST,15,25,18,36,17,78,36,8,26,39,83,3,3,58,53,24,6,64,6,11,12,4,15,51,51,49,11,62,25,6,4,58,81,11,17,14,11,19,18,44,12,22,11,7,31,25,39,50,36,97,36,8,44,61,97,3,3,86,72,24,19,81,6,11,12,4,15,51,51,49,11,62,25,6,4,58,81,11,28,33,11,31,31,56,14,33,22,19,Czech League
Zlín,aj1nbeiatqrs6e47mnhjidn15,blde9h192ba4s6im1e1k5a2nd,D. Machalík,David Machalík,30,Midfielder,Czechia,Midfielder,13.0,1.0,19.0,3.0,31.0,2.0,0.0,2.0,2.0,1.0,0.0,4.0,4.0,15.0,7.0,3.0,232.0,2.0,7.0,2.0,3.0,1.0,1.0,1.0,0.0,0.0,0.0,65.96,37.5,20.0,50.0,50.0,60.0,33.33,75.0,0.2345394557828859,0.1181659644977242,0.0,0.0,0.0,0.0,7.0,7.0,0.20696565,22.0,5.043103448275862,0.3879310344827586,7.370689655172414,1.1637931034482758,12.025862068965516,0.7758620689655172,0.0,0.7758620689655172,0.7758620689655172,0.3879310344827586,0.0,1.5517241379310345,1.5517241379310345,5.818965517241379,2.71551724137931,1.1637931034482758,0.7758620689655172,2.71551724137931,0.7758620689655172,1.1637931034482758,0.3879310344827586,0.3879310344827586,0.3879310344827586,0.0,0.0,0.0,65.96,37.5,20.0,50.0,50.0,60.0,33.33,75.0,0.0909851337088781,0.045840244848255,0.0,0.0,0.0,0.0,2.71551724137931,2.71551724137931,0.0802883987068965,8.534482758620689,LM/LCM,20,33,7,60,7,43,40,13,7,7,7,20,17,30,80,73,7,57,27,40,13,27,57,50,53,53,7,60,30,67,87,93,60,67,7,7,10,7,7,10,53,37,13,27,27,40,13,73,20,53,40,33,7,7,7,27,27,80,80,87,7,87,47,67,33,53,87,50,53,53,7,60,30,67,87,93,60,67,33,20,10,7,7,10,93,73,60,53,Czech League
Zlín,aj1nbeiatqrs6e47mnhjidn15,bygzs11udr93gchudpxaqhk6i,J. Černín,Jakub Cernín,27,Defender,Czechia,Defender,173.0,0.0,89.0,43.0,262.0,26.0,0.0,3.0,7.0,7.0,0.0,3.0,3.0,45.0,58.0,10.0,797.0,15.0,10.0,1.0,5.0,0.0,2.0,2.0,0.0,0.0,0.0,70.81,40.19,0.0,33.33,28.57,53.57,59.09,55.56,0.8262383194287828,0.1272326605337887,0.0,2.0,0.04336653,2.0,36.0,44.0,0.6598952500000002,157.0,19.535759096612296,0.0,10.050188205771644,4.855708908406524,29.58594730238394,2.936010037641154,0.0,0.3387703889585947,0.7904642409033876,0.7904642409033876,0.0,0.3387703889585947,0.3387703889585947,5.08155583437892,6.549560853199497,1.1292346298619824,1.6938519447929736,1.1292346298619824,0.1129234629861982,0.5646173149309912,0.0,0.2258469259723964,0.2258469259723964,0.0,0.0,0.0,70.81,40.19,0.0,33.33,28.57,53.57,59.09,55.56,0.0933016922817947,0.0143675526324228,0.0,0.2258469259723964,0.0048970987452948,0.2258469259723964,4.065244667503136,4.968632371392722,0.074517656838143,17.72898368883312,RB/RCB,90,14,62,100,83,97,38,40,84,95,28,29,29,84,100,84,93,88,31,41,21,84,93,48,52,52,14,34,14,47,67,41,69,29,86,14,28,17,17,40,93,98,48,83,62,14,3,93,45,86,38,24,66,86,28,17,17,55,100,72,72,59,24,10,21,59,90,48,52,52,14,34,14,47,67,41,69,29,76,10,28,3,7,14,76,79,10,52,Czech League
Zlín,aj1nbeiatqrs6e47mnhjidn15,d8wsi1tx3s8xh4cqcn9d55lp0,S. Petruța,Stanislav Petruta,20,Midfielder,Moldova,Midfielder,40.0,2.0,40.0,4.0,78.0,3.0,0.0,3.0,7.0,3.0,3.0,9.0,9.0,21.0,7.0,6.0,364.0,5.0,7.0,2.0,5.0,4.0,2.0,1.0,0.0,0.0,0.0,78.0,36.36,25.0,22.22,28.57,40.38,60.0,55.56,0.613474256504825,0.2558043649545597,1.0,2.0,0.04813761,2.0,5.0,8.0,0.13461784,25.0,9.89010989010989,0.4945054945054945,9.89010989010989,0.989010989010989,19.285714285714285,0.7417582417582418,0.0,0.7417582417582418,1.7307692307692308,0.7417582417582418,0.7417582417582418,2.2252747252747254,2.2252747252747254,5.1923076923076925,1.7307692307692308,1.4835164835164836,1.2362637362637363,1.7307692307692308,0.4945054945054945,1.2362637362637363,0.989010989010989,0.4945054945054945,0.2472527472527472,0.0,0.0,0.0,78.0,36.36,25.0,22.22,28.57,40.38,60.0,55.56,0.1516831952896545,0.0632483319942592,0.2472527472527472,0.4945054945054945,0.0119021563186813,0.4945054945054945,1.2362637362637363,1.978021978021978,0.0332846307692307,6.181318681318682,DM/CM,11,77,14,12,14,39,34,36,68,64,73,84,84,38,50,46,48,59,36,34,62,73,84,52,52,50,25,20,82,7,71,18,79,39,68,39,18,9,7,36,11,20,14,9,18,86,14,7,11,57,34,39,86,86,89,93,93,68,71,93,68,82,61,57,79,86,86,52,52,50,25,20,82,7,71,18,79,39,79,50,29,11,18,46,11,25,18,7,Czech League
Zlín,aj1nbeiatqrs6e47mnhjidn15,e9hgvxi5mkl4ug3f452sofytw,F. Appiah,Frank Appiah,24,Midfielder,Ghana,Midfielder,29.0,9.0,47.0,3.0,67.0,2.0,1.0,11.0,8.0,5.0,1.0,30.0,32.0,37.0,1.0,1.0,522.0,15.0,8.0,18.0,7.0,3.0,1.0,1.0,0.0,0.0,0.0,72.83,37.5,34.62,60.0,12.5,46.84,66.67,77.78,0.6157530147553909,1.074473851978771,5.0,10.0,0.27602619,1.0,4.0,7.0,0.95572771,31.0,5.0,1.5517241379310345,8.10344827586207,0.5172413793103449,11.551724137931036,0.3448275862068966,0.1724137931034483,1.896551724137931,1.3793103448275863,0.8620689655172414,0.1724137931034483,5.172413793103448,5.517241379310345,6.379310344827586,0.1724137931034483,0.1724137931034483,2.586206896551724,1.3793103448275863,3.103448275862069,1.206896551724138,0.5172413793103449,0.1724137931034483,0.1724137931034483,0.0,0.0,0.0,72.83,37.5,34.62,60.0,12.5,46.84,66.67,77.78,0.1061643128888605,0.1852541124101329,0.8620689655172414,1.7241379310344829,0.0475907224137931,0.1724137931034483,0.6896551724137931,1.206896551724138,0.1647806396551724,5.344827586206897,CM/AM,24,74,17,22,17,35,67,62,47,61,24,100,100,86,11,26,69,61,100,83,39,28,71,50,51,51,14,33,78,65,22,31,86,88,44,64,72,50,53,14,8,12,67,17,12,81,3,17,3,33,65,61,42,67,19,100,100,94,8,25,61,53,100,82,36,25,75,50,51,51,14,33,78,65,22,31,86,88,39,61,71,36,50,12,6,6,64,8,Czech League
Zlín,aj1nbeiatqrs6e47mnhjidn15,edv4vmda1c38t630v2epovh79,M. Kopečný,Milos Kopecny,32,Defender,Czechia,Defender,76.0,3.0,81.0,13.0,154.0,13.0,0.0,2.0,4.0,2.0,2.0,5.0,5.0,40.0,29.0,6.0,678.0,4.0,9.0,2.0,10.0,2.0,0.0,0.0,0.0,0.0,0.0,77.78,48.15,23.08,40.0,0.0,60.61,56.52,58.82,0.3036045472082878,0.1303972532704687,1.0,8.0,0.19270546,8.0,19.0,22.0,0.7703492999999999,77.0,10.08849557522124,0.3982300884955752,10.752212389380531,1.7256637168141593,20.4424778761062,1.7256637168141593,0.0,0.2654867256637168,0.5309734513274337,0.2654867256637168,0.2654867256637168,0.6637168141592921,0.6637168141592921,5.3097345132743365,3.849557522123894,0.7964601769911505,0.5309734513274337,1.1946902654867255,0.2654867256637168,1.327433628318584,0.2654867256637168,0.0,0.0,0.0,0.0,0.0,77.78,48.15,23.08,40.0,0.0,60.61,56.52,58.82,0.0403014885674718,0.0173093699031595,0.1327433628318584,1.0619469026548674,0.0255803707964601,1.0619469026548674,2.52212389380531,2.920353982300885,0.1022587566371681,10.221238938053098,RB/RCB,45,60,52,57,45,79,38,21,67,55,91,64,62,69,69,57,40,81,57,76,78,22,40,48,52,52,31,69,69,53,22,69,59,38,55,17,66,78,72,97,52,47,55,38,14,48,14,38,14,62,38,17,41,38,86,45,45,62,62,38,21,62,48,66,62,22,40,48,52,52,31,69,69,53,22,69,59,38,41,17,59,55,62,90,31,24,31,14,Czech League
Zlín,aj1nbeiatqrs6e47mnhjidn15,ejoci42pug77q1jpcr27vpc5x,A. Křapka,Antonín Krapka,32,Defender,Czechia,Defender,66.0,0.0,40.0,19.0,106.0,4.0,0.0,1.0,2.0,1.0,0.0,1.0,1.0,6.0,27.0,1.0,344.0,4.0,0.0,0.0,2.0,1.0,0.0,0.0,0.0,0.0,0.0,77.37,48.72,0.0,0.0,0.0,37.5,44.44,100.0,0.1620284274492178,0.1106046277113997,1.0,0.0,0.0,0.0,7.0,8.0,0.2461161999999999,60.0,17.267441860465116,0.0,10.465116279069766,4.970930232558139,27.732558139534884,1.0465116279069766,0.0,0.2616279069767441,0.5232558139534883,0.2616279069767441,0.0,0.2616279069767441,0.2616279069767441,1.569767441860465,7.063953488372093,0.2616279069767441,1.0465116279069766,0.0,0.0,0.5232558139534883,0.2616279069767441,0.0,0.0,0.0,0.0,0.0,77.37,48.72,0.0,0.0,0.0,37.5,44.44,100.0,0.042391158344272,0.0289372572500755,0.2616279069767441,0.0,0.0,0.0,1.8313953488372088,2.093023255813953,0.0643908662790697,15.69767441860465,CB,8,34,25,63,11,17,41,32,45,34,28,43,43,3,45,8,42,5,25,28,72,22,41,45,51,51,11,45,34,25,22,5,14,95,37,42,78,13,13,21,21,25,26,17,11,34,42,97,11,18,41,34,50,37,28,45,45,3,92,8,53,5,25,39,84,22,41,45,51,51,11,45,34,25,22,5,14,95,39,53,89,13,13,21,32,29,32,16,Czech League
Zlín,aj1nbeiatqrs6e47mnhjidn15,evl8feb4btmjfp6yz61syf0iy,M. Cupák,Michal Cupák,27,Midfielder,Czechia,Midfielder,25.0,0.0,30.0,4.0,55.0,2.0,0.0,1.0,3.0,1.0,1.0,1.0,2.0,15.0,1.0,2.0,259.0,3.0,4.0,1.0,4.0,2.0,0.0,0.0,0.0,0.0,0.0,79.71,80.0,0.0,100.0,0.0,48.39,25.0,50.0,0.2008714635019332,0.0379385231463478,1.0,0.0,0.0,0.0,6.0,7.0,0.17350441,21.0,8.687258687258687,0.0,10.424710424710424,1.38996138996139,19.11196911196912,0.694980694980695,0.0,0.3474903474903475,1.0424710424710424,0.3474903474903475,0.3474903474903475,0.3474903474903475,0.694980694980695,5.212355212355212,0.3474903474903475,0.694980694980695,1.0424710424710424,1.38996138996139,0.3474903474903475,1.38996138996139,0.694980694980695,0.0,0.0,0.0,0.0,0.0,79.71,80.0,0.0,100.0,0.0,48.39,25.0,50.0,0.0698008946531814,0.0131832705913949,0.3474903474903475,0.0,0.0,0.0,2.0849420849420848,2.4324324324324325,0.0602911077220077,7.297297297297297,CM/AM,18,6,3,32,6,35,24,4,19,17,24,7,12,17,11,44,11,25,14,56,26,10,29,50,51,51,44,96,6,97,10,36,24,32,17,3,24,4,4,6,15,12,3,6,33,6,11,58,19,64,24,6,28,19,33,11,19,69,22,72,22,56,17,89,42,10,29,50,51,51,44,96,6,97,10,36,24,32,22,3,31,4,4,6,36,33,6,17,Czech League
Zlín,aj1nbeiatqrs6e47mnhjidn15,f083847g81mziziz7yugnkmj8,O. Kukučka,Ondrej Kukucka,22,Defender,Czechia,Defender,81.0,2.0,48.0,11.0,127.0,9.0,0.0,3.0,1.0,1.0,1.0,3.0,3.0,22.0,38.0,3.0,495.0,1.0,0.0,0.0,8.0,0.0,0.0,0.0,0.0,0.0,0.0,76.97,39.29,20.0,0.0,0.0,57.89,69.23,61.54,0.122355423146639,0.2149453540786559,0.0,2.0,0.04244258,2.0,14.0,16.0,0.56669913,85.0,14.727272727272728,0.3636363636363636,8.727272727272727,2.0,23.09090909090909,1.6363636363636365,0.0,0.5454545454545454,0.1818181818181818,0.1818181818181818,0.1818181818181818,0.5454545454545454,0.5454545454545454,4.0,6.909090909090909,0.5454545454545454,0.1818181818181818,0.0,0.0,1.4545454545454546,0.0,0.0,0.0,0.0,0.0,0.0,76.97,39.29,20.0,0.0,0.0,57.89,69.23,61.54,0.0222464405721161,0.0390809734688465,0.0,0.3636363636363636,0.0077168327272727,0.3636363636363636,2.5454545454545454,2.909090909090909,0.1030362054545454,15.454545454545457,CB,24,92,32,36,26,46,41,68,26,34,64,74,71,42,64,26,12,5,25,84,28,22,41,45,51,51,8,13,71,25,22,51,78,47,26,61,32,41,42,67,54,54,61,34,8,92,18,21,8,32,41,71,24,32,68,74,71,33,87,13,8,5,25,84,28,22,41,45,51,51,8,13,71,25,22,51,78,47,26,66,32,42,39,71,42,50,63,13,Czech League
Zlín,aj1nbeiatqrs6e47mnhjidn15,r2qv824sfah5ofxkyd7e08pg,D. Šmiga,Daniel Smiga,22,Attacker,Czechia,Striker,7.0,1.0,18.0,0.0,24.0,6.0,0.0,4.0,16.0,12.0,4.0,17.0,17.0,21.0,1.0,0.0,480.0,29.0,3.0,8.0,2.0,4.0,7.0,2.0,0.0,0.0,0.0,60.0,0.0,33.33,47.06,43.75,26.25,19.35,50.0,1.6075622018496676,0.3528628323902786,8.0,2.0,0.07502923,0.0,1.0,1.0,0.23186065,9.0,1.3125,0.1875,3.375,0.0,4.5,1.125,0.0,0.75,3.0,2.25,0.75,3.1875,3.1875,3.9375,0.1875,0.0,5.4375,0.5625,1.5,0.375,0.75,1.3125,0.375,0.0,0.0,0.0,60.0,0.0,33.33,47.06,43.75,26.25,19.35,50.0,0.3014179128468127,0.0661617810731772,1.5,0.375,0.014067980625,0.0,0.1875,0.1875,0.043473871875,1.6875,ST,7,58,8,14,3,49,36,50,81,68,83,93,89,65,7,24,76,12,94,49,85,85,75,51,51,49,19,14,86,61,81,6,11,40,56,58,99,36,44,15,12,12,47,12,6,53,3,14,3,42,36,42,69,58,72,89,83,39,6,24,67,8,94,33,81,86,69,51,51,49,19,14,86,61,81,6,11,40,50,50,97,39,36,15,3,11,44,3,Czech League
Jablonec,bdz8tx20ekj1ryi2e2u13jdl,1jjin4rv03nnpbdgr7qr0gzys,D. Pavlović,Dusan Pavlovic,22,Defender,Serbia,Defender,326.0,0.0,142.0,27.0,468.0,13.0,0.0,0.0,5.0,5.0,0.0,0.0,0.0,28.0,49.0,8.0,804.0,6.0,5.0,0.0,6.0,0.0,2.0,0.0,0.0,0.0,0.0,87.64,41.54,0.0,0.0,40.0,52.83,48.15,54.55,0.6284603843607925,0.0,0.0,7.0,0.138258,3.0,34.0,30.0,0.64168336,310.0,36.492537313432834,0.0,15.8955223880597,3.0223880597014925,52.38805970149254,1.4552238805970148,0.0,0.0,0.5597014925373134,0.5597014925373134,0.0,0.0,0.0,3.134328358208955,5.485074626865671,0.8955223880597015,0.6716417910447761,0.5597014925373134,0.0,0.6716417910447761,0.0,0.2238805970149253,0.0,0.0,0.0,0.0,87.64,41.54,0.0,0.0,40.0,52.83,48.15,54.55,0.0703500430254618,0.0,0.0,0.7835820895522387,0.0154766417910447,0.335820895522388,3.805970149253731,3.3582089552238803,0.0718302268656716,34.701492537313435,CB,95,34,92,80,89,62,41,11,74,79,28,16,16,59,84,72,59,53,25,67,28,83,41,45,51,51,55,18,34,25,78,26,24,42,79,12,32,83,82,83,91,86,74,89,76,34,74,45,74,26,41,11,55,61,28,16,16,13,42,45,37,26,25,50,28,68,41,45,51,51,55,18,34,25,78,26,24,42,63,12,32,61,58,66,74,55,42,79,Czech League
Jablonec,bdz8tx20ekj1ryi2e2u13jdl,2gli0393ixhifntjjmtq89olx,J. Chramosta,Jan Chramosta,35,Attacker,Czechia,Striker,12.0,0.0,29.0,2.0,41.0,2.0,1.0,3.0,7.0,7.0,3.0,4.0,4.0,8.0,4.0,0.0,257.0,19.0,1.0,1.0,3.0,0.0,2.0,1.0,0.0,0.0,0.0,91.11,66.67,0.0,25.0,28.57,42.11,28.57,75.0,1.1467006599570122,0.3571278334264772,0.0,1.0,0.02401521,0.0,1.0,3.0,0.47651486,10.0,4.202334630350195,0.0,10.155642023346305,0.7003891050583657,14.3579766536965,0.7003891050583657,0.3501945525291828,1.050583657587549,2.45136186770428,2.45136186770428,1.050583657587549,1.4007782101167314,1.4007782101167314,2.801556420233463,1.4007782101167314,0.0,6.653696498054474,0.3501945525291828,0.3501945525291828,1.050583657587549,0.0,0.7003891050583657,0.3501945525291828,0.0,0.0,0.0,91.11,66.67,0.0,25.0,28.57,42.11,28.57,75.0,0.4015683244985645,0.1250642218225017,0.0,0.3501945525291828,0.0084099957198443,0.0,0.3501945525291828,1.050583657587549,0.1668729081712062,3.501945525291829,ST,31,25,31,58,33,15,83,36,26,39,71,21,19,3,53,24,39,3,17,68,12,29,49,51,51,49,100,83,25,29,36,56,24,74,47,61,11,19,18,15,12,33,83,18,67,25,72,75,64,22,100,58,50,67,89,47,47,8,75,24,92,3,22,83,12,47,61,51,51,49,100,83,25,29,36,56,24,74,89,81,11,36,33,15,19,58,92,36,Czech League
Jablonec,bdz8tx20ekj1ryi2e2u13jdl,3p95pudljhqzrnegmko7z56uh,R. Sedláček,Richard Sedlácek,27,Midfielder,Czechia,Midfielder,212.0,4.0,233.0,31.0,441.0,2.0,3.0,10.0,6.0,2.0,5.0,4.0,4.0,30.0,14.0,11.0,711.0,4.0,8.0,3.0,12.0,4.0,0.0,0.0,0.0,0.0,0.0,86.81,49.21,40.0,75.0,0.0,50.0,28.57,70.59,0.375344931073748,0.7305441144382451,3.0,13.0,0.27658984,9.0,56.0,46.0,1.3164598300000003,252.0,26.83544303797468,0.5063291139240506,29.493670886075947,3.924050632911392,55.82278481012658,0.2531645569620253,0.3797468354430379,1.2658227848101264,0.7594936708860759,0.2531645569620253,0.6329113924050632,0.5063291139240506,0.5063291139240506,3.79746835443038,1.7721518987341771,1.3924050632911391,0.5063291139240506,1.0126582278481011,0.3797468354430379,1.5189873417721518,0.5063291139240506,0.0,0.0,0.0,0.0,0.0,86.81,49.21,40.0,75.0,0.0,50.0,28.57,70.59,0.0475120165916136,0.0924739385364867,0.3797468354430379,1.6455696202531644,0.0350113721518987,1.1392405063291138,7.0886075949367084,5.822784810126582,0.1666404848101266,31.89873417721519,DM/CM,93,93,93,96,93,27,98,100,57,45,96,34,34,68,86,98,38,71,50,96,62,20,39,52,52,50,75,50,96,80,20,43,18,64,43,96,66,86,82,96,96,86,96,93,89,89,93,93,93,18,96,93,32,36,86,29,29,32,75,79,29,39,43,79,36,20,39,52,52,50,75,50,96,80,20,43,18,64,32,71,50,79,61,93,96,82,82,93,Czech League
Jablonec,bdz8tx20ekj1ryi2e2u13jdl,467ykpwj32c3eip2ga0yts60a,S. Alioum,Saidou Alioum,23,Attacker,Cameroon,Striker,18.0,8.0,77.0,2.0,87.0,3.0,0.0,10.0,14.0,12.0,4.0,14.0,14.0,23.0,1.0,2.0,369.0,25.0,10.0,5.0,3.0,2.0,4.0,1.0,0.0,0.0,0.0,84.47,50.0,38.1,35.71,28.57,38.33,23.08,60.0,1.4323144315987868,1.2941618389655427,5.0,17.0,0.52008031,6.0,8.0,6.0,1.5286675500000004,34.0,4.390243902439025,1.951219512195122,18.78048780487805,0.4878048780487805,21.21951219512196,0.7317073170731708,0.0,2.439024390243903,3.414634146341464,2.926829268292684,0.9756097560975612,3.414634146341464,3.414634146341464,5.609756097560976,0.2439024390243902,0.4878048780487805,6.097560975609756,2.439024390243903,1.2195121951219514,0.7317073170731708,0.4878048780487805,0.9756097560975612,0.2439024390243902,0.0,0.0,0.0,84.47,50.0,38.1,35.71,28.57,38.33,23.08,60.0,0.3493449833167773,0.3156492290159861,1.2195121951219514,4.146341463414634,0.126848856097561,1.4634146341463417,1.951219512195122,1.4634146341463417,0.3728457439024392,8.292682926829269,LW,20,100,80,30,60,30,30,100,100,100,100,30,20,20,20,50,80,90,30,50,60,50,50,60,60,60,100,70,100,40,40,40,20,100,100,100,80,80,80,60,80,40,100,40,40,100,100,80,80,40,30,100,100,100,100,80,60,60,20,60,100,100,40,60,60,80,60,60,60,60,100,70,100,40,40,40,20,100,100,100,80,80,80,80,100,40,100,100,Czech League
Jablonec,bdz8tx20ekj1ryi2e2u13jdl,5ioykn5eaz0k05yczz2ce1uy1,A. Růsek,Antonín Rusek,27,Attacker,Czechia,Striker,36.0,2.0,40.0,3.0,74.0,3.0,0.0,2.0,6.0,4.0,2.0,5.0,5.0,17.0,3.0,0.0,340.0,11.0,7.0,2.0,4.0,2.0,2.0,1.0,0.0,0.0,0.0,77.08,60.0,33.33,40.0,33.33,44.74,33.33,80.0,0.5509853113716586,0.2019830704047083,3.0,3.0,0.05772713,1.0,10.0,11.0,0.22456896,30.0,9.529411764705882,0.5294117647058824,10.588235294117649,0.7941176470588236,19.58823529411765,0.7941176470588236,0.0,0.5294117647058824,1.5882352941176472,1.0588235294117647,0.5294117647058824,1.3235294117647058,1.3235294117647058,4.5,0.7941176470588236,0.0,2.911764705882353,1.8529411764705883,0.5294117647058824,1.0588235294117647,0.5294117647058824,0.5294117647058824,0.2647058823529412,0.0,0.0,0.0,77.08,60.0,33.33,40.0,33.33,44.74,33.33,80.0,0.1458490530101449,0.0534661068718345,0.7941176470588236,0.7941176470588236,0.0152807108823529,0.2647058823529412,2.647058823529412,2.911764705882353,0.0594447247058823,7.9411764705882355,ST,92,82,60,76,81,28,36,21,15,15,49,32,29,35,31,24,10,64,36,79,56,29,49,51,51,49,83,72,86,51,50,72,38,83,14,36,69,51,39,44,92,86,44,82,100,89,78,78,92,31,36,28,19,17,58,42,42,43,44,24,11,75,40,88,61,31,56,51,51,49,83,72,86,51,50,72,38,83,17,39,75,58,39,46,94,92,56,89,Czech League
Jablonec,bdz8tx20ekj1ryi2e2u13jdl,5m0z9znbaneiy3yj0xbuas9re,N. Tekijaški,Nemanja Tekijaski,29,Defender,Serbia,Defender,226.0,1.0,90.0,27.0,315.0,18.0,0.0,5.0,6.0,5.0,0.0,2.0,2.0,37.0,39.0,6.0,540.0,9.0,12.0,2.0,3.0,1.0,2.0,0.0,0.0,0.0,0.0,87.74,56.25,25.0,100.0,33.33,62.71,52.94,50.0,0.7208803583816743,0.4622077569430309,1.0,10.0,0.30717463,7.0,22.0,28.0,0.64442749,223.0,37.66666666666666,0.1666666666666666,15.0,4.5,52.5,3.0,0.0,0.8333333333333334,1.0,0.8333333333333334,0.0,0.3333333333333333,0.3333333333333333,6.166666666666667,6.5,1.0,1.5,2.0,0.3333333333333333,0.5,0.1666666666666666,0.3333333333333333,0.0,0.0,0.0,0.0,87.74,56.25,25.0,100.0,33.33,62.71,52.94,50.0,0.1201467263969457,0.0770346261571718,0.1666666666666666,1.6666666666666667,0.0511957716666666,1.1666666666666667,3.6666666666666665,4.666666666666667,0.1074045816666666,37.16666666666666,CB,68,78,71,80,68,78,41,95,80,79,28,62,61,75,70,51,72,97,74,43,72,83,41,45,51,51,58,72,78,88,64,63,32,29,82,95,78,95,97,100,74,82,76,82,82,79,67,87,76,74,41,89,78,82,28,54,54,82,82,49,66,92,71,37,74,83,41,45,51,51,58,72,78,88,64,63,32,29,84,89,79,92,92,97,68,82,71,82,Czech League
Jablonec,bdz8tx20ekj1ryi2e2u13jdl,5nb8n31f2vntmbe008uxee5ed,J. Suchan,Jan Suchan,30,Midfielder,Czechia,Midfielder,42.0,3.0,82.0,6.0,121.0,7.0,2.0,12.0,10.0,6.0,3.0,6.0,7.0,32.0,3.0,3.0,355.0,11.0,18.0,5.0,2.0,4.0,4.0,1.0,0.0,0.0,0.0,81.21,54.55,20.0,83.33,40.0,74.42,77.78,100.0,0.966769444243786,1.1660012561659936,3.0,5.0,0.17169203,2.0,12.0,18.0,0.69159729,49.0,10.647887323943662,0.7605633802816901,20.7887323943662,1.5211267605633805,30.676056338028168,1.7746478873239435,0.5070422535211268,3.0422535211267605,2.535211267605633,1.5211267605633805,0.7605633802816901,1.5211267605633805,1.7746478873239435,8.112676056338028,0.7605633802816901,0.7605633802816901,2.788732394366197,4.563380281690141,1.2676056338028168,0.5070422535211268,1.0140845070422535,1.0140845070422535,0.2535211267605634,0.0,0.0,0.0,81.21,54.55,20.0,83.33,40.0,74.42,77.78,100.0,0.2450964788223682,0.2956059522674349,0.7605633802816901,1.2676056338028168,0.0435275569014084,0.5070422535211268,3.0422535211267605,4.563380281690141,0.1753345242253521,12.422535211267604,CM/AM,42,36,42,50,42,90,93,67,57,68,54,28,33,82,44,68,46,93,62,24,54,75,71,50,51,51,53,65,22,89,71,100,97,97,64,69,54,21,28,26,44,60,53,38,50,44,56,69,47,92,100,94,83,83,72,44,56,100,56,81,67,100,81,28,72,86,81,50,51,51,53,65,22,89,71,100,97,97,89,89,67,25,42,28,61,75,72,42,Czech League
Jablonec,bdz8tx20ekj1ryi2e2u13jdl,713as8ulfv31hz6bahrctmimt,V. Tchanturishvili,Vakhtang Tchanturishvili,33,Midfielder,Georgia,Midfielder,129.0,11.0,148.0,12.0,266.0,3.0,0.0,6.0,13.0,3.0,4.0,14.0,14.0,31.0,18.0,12.0,740.0,8.0,7.0,7.0,9.0,10.0,5.0,0.0,0.0,0.0,0.0,79.88,27.27,40.74,50.0,38.46,51.67,37.5,64.29,0.8215097544786369,0.7716094647732556,10.0,7.0,0.20351829,5.0,18.0,33.0,1.4826725300000003,134.0,15.689189189189191,1.337837837837838,18.0,1.4594594594594597,32.351351351351354,0.3648648648648649,0.0,0.7297297297297298,1.5810810810810811,0.3648648648648649,0.4864864864864865,1.7027027027027029,1.7027027027027029,3.770270270270271,2.189189189189189,1.4594594594594597,0.972972972972973,0.8513513513513514,0.8513513513513514,1.0945945945945947,1.2162162162162162,0.6081081081081081,0.0,0.0,0.0,0.0,79.88,27.27,40.74,50.0,38.46,51.67,37.5,64.29,0.099913348517672,0.0938443943643148,1.2162162162162162,0.8513513513513514,0.0247522244594594,0.6081081081081081,2.189189189189189,4.013513513513514,0.1803250374324325,16.2972972972973,RM/RCM,100,100,100,83,100,37,20,47,77,27,80,63,53,67,87,100,33,47,70,90,97,73,27,53,50,50,73,13,93,70,53,67,40,53,53,67,93,37,40,53,77,100,100,100,93,100,80,67,100,20,20,20,47,20,53,53,47,27,67,87,20,27,67,67,87,60,27,53,50,50,73,13,93,70,53,67,40,53,40,53,80,13,20,40,53,87,93,93,Czech League
Jablonec,bdz8tx20ekj1ryi2e2u13jdl,7joketqhv90x0eyr2cuyxa25m,S. Nebyla,Sebastian Nebyla,24,Midfielder,Slovakia,Midfielder,71.0,9.0,104.0,6.0,166.0,2.0,1.0,17.0,6.0,5.0,3.0,2.0,2.0,13.0,4.0,4.0,531.0,13.0,6.0,1.0,3.0,1.0,1.0,0.0,0.0,0.0,0.0,89.25,54.55,36.0,50.0,16.67,38.24,28.57,75.0,0.4120595685207021,1.5995500807688596,0.0,13.0,0.34491518,4.0,20.0,20.0,1.47665414,88.0,12.033898305084746,1.5254237288135593,17.627118644067796,1.0169491525423728,28.135593220338983,0.3389830508474576,0.1694915254237288,2.8813559322033897,1.0169491525423728,0.847457627118644,0.5084745762711864,0.3389830508474576,0.3389830508474576,2.2033898305084745,0.6779661016949152,0.6779661016949152,2.2033898305084745,1.0169491525423728,0.1694915254237288,0.5084745762711864,0.1694915254237288,0.1694915254237288,0.0,0.0,0.0,0.0,89.25,54.55,36.0,50.0,16.67,38.24,28.57,75.0,0.0698406048340173,0.2711101831811626,0.0,2.2033898305084745,0.0584602,0.6779661016949152,3.389830508474576,3.389830508474576,0.2502803627118644,14.915254237288137,CM/AM,75,74,64,50,64,35,67,92,35,61,54,14,12,14,60,82,56,40,14,42,19,28,29,50,51,51,94,65,81,47,32,14,28,81,31,83,7,72,75,50,75,67,86,72,67,78,42,39,42,31,61,89,25,64,53,8,8,8,42,69,50,36,11,31,17,22,29,50,51,51,94,65,81,47,32,14,28,81,25,81,7,72,67,47,72,53,92,67,Czech League
Jablonec,bdz8tx20ekj1ryi2e2u13jdl,8fofcgnxsc650zuzlm6i2ryp6,M. Cedidla,Martin Cedidla,24,Defender,Czechia,Defender,128.0,4.0,152.0,17.0,276.0,21.0,0.0,4.0,10.0,9.0,1.0,3.0,3.0,47.0,32.0,6.0,637.0,20.0,10.0,2.0,9.0,1.0,3.0,3.0,0.0,0.0,0.0,79.54,41.46,17.39,66.67,30.0,58.75,55.26,60.0,1.1701634797133789,0.2929600622658696,0.0,3.0,0.07559354,4.0,34.0,39.0,1.24577649,171.0,18.084772370486657,0.565149136577708,21.475667189952905,2.401883830455259,38.99529042386185,2.967032967032967,0.0,0.565149136577708,1.4128728414442702,1.2715855572998431,0.141287284144427,0.423861852433281,0.423861852433281,6.64050235478807,4.521193092621664,0.847723704866562,2.8257456828885403,1.4128728414442702,0.282574568288854,1.2715855572998431,0.141287284144427,0.423861852433281,0.423861852433281,0.0,0.0,0.0,79.54,41.46,17.39,66.67,30.0,58.75,55.26,60.0,0.1653292200536956,0.0413915315603269,0.0,0.423861852433281,0.0106804059654631,0.565149136577708,4.803767660910518,5.510204081632653,0.1760123769230769,24.160125588697017,RB/RCB,76,81,90,71,86,90,38,62,95,100,69,29,29,93,81,57,98,88,57,67,57,98,100,48,52,52,48,55,45,86,72,66,48,43,100,52,28,31,34,78,86,88,86,86,55,72,93,69,69,90,38,41,93,97,62,28,28,79,76,52,93,76,55,62,48,93,97,48,52,52,48,55,45,86,72,66,48,43,100,38,28,17,17,66,86,86,83,79,Czech League
Jablonec,bdz8tx20ekj1ryi2e2u13jdl,auy58bckt1kkwg0get5g05pl,M. Polidar,Matej Polidar,26,Midfielder,Czechia,Midfielder,28.0,5.0,75.0,0.0,98.0,5.0,1.0,6.0,6.0,3.0,2.0,3.0,3.0,15.0,4.0,0.0,277.0,8.0,3.0,1.0,4.0,3.0,1.0,1.0,0.0,0.0,0.0,85.22,0.0,21.74,33.33,16.67,41.67,41.67,66.67,0.5021693551778514,0.6946080090924385,0.0,4.0,0.09610289,0.0,4.0,10.0,0.8519519099999998,39.0,9.097472924187723,1.624548736462094,24.36823104693141,0.0,31.84115523465704,1.624548736462094,0.3249097472924188,1.9494584837545128,1.9494584837545128,0.9747292418772564,0.6498194945848376,0.9747292418772564,0.9747292418772564,4.873646209386282,1.2996389891696751,0.0,2.5992779783393503,0.9747292418772564,0.3249097472924188,1.2996389891696751,0.9747292418772564,0.3249097472924188,0.3249097472924188,0.0,0.0,0.0,85.22,0.0,21.74,33.33,16.67,41.67,41.67,66.67,0.1631597182888325,0.2256849127015143,0.0,1.2996389891696751,0.0312247657039711,0.0,1.2996389891696751,3.249097472924188,0.2768074797833934,12.671480144404333,LM/LCM,53,80,80,13,67,70,90,70,40,37,67,10,7,30,43,17,27,20,10,63,63,27,57,50,53,53,100,13,40,40,17,27,67,40,40,80,10,23,13,10,23,70,87,60,73,80,100,13,100,100,100,87,67,60,93,13,7,53,60,17,47,33,13,73,93,33,67,50,53,53,100,13,40,40,17,27,67,40,47,93,10,47,20,10,33,93,93,87,Czech League
Jablonec,bdz8tx20ekj1ryi2e2u13jdl,bgjsocfbqa7vget1jf1n6o8dm,J. Sláma,Jirí Sláma,27,Defender,Czechia,Defender,52.0,4.0,68.0,9.0,116.0,4.0,0.0,7.0,6.0,2.0,3.0,5.0,5.0,21.0,6.0,3.0,383.0,6.0,8.0,2.0,5.0,4.0,0.0,0.0,0.0,0.0,0.0,67.44,25.71,14.81,40.0,0.0,45.65,36.36,71.43,0.3898537796559329,0.6729447635936445,2.0,0.0,0.0,2.0,10.0,14.0,0.7754550499999998,60.0,12.219321148825063,0.9399477806788512,15.97911227154047,2.114882506527416,27.258485639686683,0.9399477806788512,0.0,1.6449086161879896,1.4099216710182767,0.4699738903394256,0.7049608355091384,1.174934725848564,1.174934725848564,4.934725848563969,1.4099216710182767,0.7049608355091384,1.4099216710182767,1.8798955613577024,0.4699738903394256,1.174934725848564,0.9399477806788512,0.0,0.0,0.0,0.0,0.0,67.44,25.71,14.81,40.0,0.0,45.65,36.36,71.43,0.091610548744214,0.1581332342648251,0.4699738903394256,0.0,0.0,0.4699738903394256,2.349869451697128,3.289817232375979,0.1822218133159268,14.099216710182768,LB/LCB,24,74,38,30,32,26,40,80,78,46,92,58,54,32,14,20,52,80,46,34,86,24,38,48,52,52,8,8,24,54,24,16,20,48,64,76,82,6,6,40,28,32,68,36,48,84,72,60,48,32,40,92,96,76,100,76,72,64,16,24,72,88,68,56,100,24,38,48,52,52,8,8,24,54,24,16,20,48,88,96,96,6,6,48,40,52,92,52,Czech League
Jablonec,bdz8tx20ekj1ryi2e2u13jdl,blg56dgsdwg410mbybccbynf8,N. Okeke,Nelson Okeke,24,Midfielder,Nigeria,Midfielder,70.0,0.0,42.0,4.0,112.0,4.0,0.0,1.0,4.0,3.0,3.0,1.0,1.0,15.0,3.0,3.0,314.0,7.0,4.0,1.0,6.0,1.0,0.0,0.0,0.0,0.0,0.0,84.21,44.44,0.0,100.0,0.0,39.47,50.0,100.0,0.2875604724585104,0.0,1.0,2.0,0.13206623,1.0,5.0,3.0,0.1148743799999999,42.0,20.063694267515924,0.0,12.038216560509554,1.1464968152866242,32.101910828025474,1.1464968152866242,0.0,0.286624203821656,1.1464968152866242,0.8598726114649682,0.8598726114649682,0.286624203821656,0.286624203821656,4.2993630573248405,0.8598726114649682,0.8598726114649682,2.006369426751592,1.1464968152866242,0.286624203821656,1.7197452229299364,0.286624203821656,0.0,0.0,0.0,0.0,0.0,84.21,44.44,0.0,100.0,0.0,39.47,50.0,100.0,0.0824217914689997,0.0,0.286624203821656,0.5732484076433121,0.0378533780254777,0.286624203821656,1.4331210191082802,0.8598726114649682,0.0329257777070063,12.038216560509554,DM/CM,29,25,18,12,21,59,34,14,34,64,73,5,5,18,11,18,64,29,16,50,9,20,39,52,52,50,46,36,25,96,20,11,50,98,36,7,18,9,39,16,11,5,11,18,64,25,32,14,46,71,34,21,61,89,96,4,4,43,21,25,89,54,32,86,21,20,39,52,52,50,46,36,25,96,20,11,50,98,50,7,36,18,79,21,14,4,14,25,Czech League
Jablonec,bdz8tx20ekj1ryi2e2u13jdl,bqy1z1xzk1io11we0v5tjior9,F. Zorvan,Filip Zorvan,30,Midfielder,Czechia,Midfielder,45.0,2.0,66.0,10.0,109.0,1.0,0.0,4.0,2.0,2.0,1.0,2.0,2.0,12.0,2.0,3.0,248.0,4.0,7.0,1.0,2.0,0.0,0.0,0.0,0.0,0.0,0.0,74.66,50.0,15.38,50.0,0.0,54.55,20.0,66.67,0.3452120955307419,0.3517975844642602,0.0,3.0,0.05992393,1.0,15.0,19.0,0.37429672,54.0,16.330645161290324,0.7258064516129032,23.951612903225808,3.629032258064516,39.55645161290322,0.3629032258064516,0.0,1.4516129032258065,0.7258064516129032,0.7258064516129032,0.3629032258064516,0.7258064516129032,0.7258064516129032,4.354838709677419,0.7258064516129032,1.0887096774193548,1.4516129032258065,2.540322580645161,0.3629032258064516,0.7258064516129032,0.0,0.0,0.0,0.0,0.0,0.0,74.66,50.0,15.38,50.0,0.0,54.55,20.0,66.67,0.1252785830555111,0.1276684782329976,0.0,1.0887096774193548,0.0217465875,0.3629032258064516,5.443548387096774,6.895161290322581,0.1358334870967742,19.596774193548388,CM/AM,44,25,25,75,31,18,24,15,14,29,24,14,12,11,25,68,15,51,14,24,8,10,29,50,51,51,19,58,14,47,10,81,18,65,28,19,7,11,8,14,58,64,28,42,92,36,83,97,89,36,24,36,14,50,36,22,22,47,50,92,28,86,22,47,8,10,29,50,51,51,19,58,14,47,10,81,18,65,53,44,7,19,14,17,92,97,56,86,Czech League
Jablonec,bdz8tx20ekj1ryi2e2u13jdl,c8s2egmvso9z18fn76uw4kded,F. Novák,Filip Novák,36,Defender,Czechia,Defender,164.0,6.0,84.0,12.0,242.0,10.0,0.0,8.0,4.0,3.0,2.0,0.0,0.0,20.0,38.0,4.0,447.0,6.0,8.0,0.0,2.0,1.0,1.0,1.0,0.0,0.0,0.0,91.67,57.14,42.86,0.0,25.0,50.0,45.45,66.67,0.3475270489057667,0.943951352282182,1.0,5.0,0.12504043,5.0,7.0,13.0,0.33172881,135.0,33.02013422818792,1.2080536912751678,16.91275167785235,2.416107382550336,48.7248322147651,2.013422818791946,0.0,1.610738255033557,0.8053691275167785,0.6040268456375839,0.4026845637583892,0.0,0.0,4.026845637583892,7.651006711409396,0.8053691275167785,1.2080536912751678,1.610738255033557,0.0,0.4026845637583892,0.2013422818791946,0.2013422818791946,0.2013422818791946,0.0,0.0,0.0,91.67,57.14,42.86,0.0,25.0,50.0,45.45,66.67,0.0699718890414295,0.190057319251446,0.2013422818791946,1.006711409395973,0.0251759255033557,1.006711409395973,1.4093959731543624,2.61744966442953,0.0667910355704698,27.181208053691275,CB,58,100,68,41,58,54,41,100,67,66,82,16,16,34,64,38,59,70,25,28,72,59,91,45,51,51,87,76,87,25,57,18,18,61,61,100,78,68,71,96,21,39,39,53,61,100,79,26,66,42,41,100,71,63,82,16,16,37,97,37,55,82,25,21,79,61,97,45,51,51,87,76,87,25,57,18,18,61,61,100,82,74,74,95,21,45,37,58,Czech League
Jablonec,bdz8tx20ekj1ryi2e2u13jdl,d9y3zs8qysymkc7kbprgtej9w,D. Hollý,Dominik Holly,22,Midfielder,Slovakia,Midfielder,15.0,0.0,34.0,0.0,49.0,7.0,1.0,5.0,7.0,7.0,0.0,2.0,2.0,18.0,0.0,2.0,271.0,13.0,8.0,0.0,3.0,0.0,1.0,0.0,0.0,0.0,0.0,72.06,0.0,0.0,0.0,14.29,48.65,53.85,100.0,0.9087577013211472,0.4925143227183107,1.0,3.0,0.30535696,0.0,3.0,2.0,0.26718353,13.0,4.981549815498156,0.0,11.291512915129152,0.0,16.273062730627306,2.3247232472324724,0.3321033210332103,1.6605166051660516,2.3247232472324724,2.3247232472324724,0.0,0.6642066420664207,0.6642066420664207,5.977859778597786,0.0,0.6642066420664207,4.317343173431734,2.656826568265682,0.0,0.996309963099631,0.0,0.3321033210332103,0.0,0.0,0.0,0.0,72.06,0.0,0.0,0.0,14.29,48.65,53.85,100.0,0.3018014506232592,0.1635656422311732,0.3321033210332103,0.996309963099631,0.1014100605166051,0.0,0.996309963099631,0.6642066420664207,0.0887325376383763,4.317343173431734,CM/AM,3,6,8,3,3,90,67,22,43,76,8,14,12,32,4,44,56,61,4,42,8,28,29,50,51,51,11,3,6,4,25,39,78,97,61,28,24,11,69,6,6,3,11,3,8,6,14,3,11,100,89,53,75,100,8,19,17,86,4,64,92,89,4,67,8,39,29,50,51,51,11,3,6,4,25,39,78,97,100,58,28,17,94,6,8,3,22,3,Czech League
Jablonec,bdz8tx20ekj1ryi2e2u13jdl,dcou83rgnu1d5q4p6q3ee8r1l,L. Jawo,Lamin Jawo,31,Attacker,Gambia,Striker,16.0,0.0,37.0,2.0,53.0,12.0,0.0,3.0,18.0,13.0,5.0,9.0,9.0,30.0,7.0,0.0,433.0,25.0,12.0,3.0,2.0,5.0,2.0,0.0,0.0,0.0,0.0,67.09,50.0,0.0,33.33,11.11,41.1,42.86,66.67,1.771199741687827,0.2251710541097142,6.0,1.0,0.02756312,2.0,3.0,5.0,0.06593676,13.0,3.325635103926097,0.0,7.6905311778291,0.4157043879907621,11.016166281755195,2.4942263279445727,0.0,0.6235565819861432,3.741339491916859,2.702078521939954,1.039260969976905,1.8706697459584296,1.8706697459584296,6.235565819861432,1.4549653579676676,0.0,5.196304849884527,2.4942263279445727,0.6235565819861432,0.4157043879907621,1.039260969976905,0.4157043879907621,0.0,0.0,0.0,0.0,67.09,50.0,0.0,33.33,11.11,41.1,42.86,66.67,0.368147752313867,0.0468022976209567,1.2471131639722863,0.207852193995381,0.0057290549653579,0.4157043879907621,0.6235565819861432,1.039260969976905,0.0137051002309468,2.702078521939954,ST,50,25,53,58,49,75,36,36,86,74,90,64,60,83,81,24,61,97,57,49,90,29,15,51,51,49,33,62,25,38,11,50,51,61,67,39,92,19,22,65,53,67,14,28,36,25,42,56,42,72,36,36,97,75,86,53,53,81,78,24,58,92,53,44,89,22,15,51,51,49,33,62,25,38,11,50,51,61,78,36,94,14,17,69,61,56,8,22,Czech League
Mladá Boleslav,2qui2adwsi022vu84b8gdw4z0,1mucgx7o7a3ee52u4p9bsa9ec,J. Kolářík,Josef Kolárík,19,Midfielder,Czechia,Midfielder,22.0,0.0,57.0,1.0,79.0,5.0,1.0,6.0,6.0,3.0,1.0,14.0,15.0,18.0,6.0,0.0,346.0,23.0,6.0,5.0,0.0,3.0,4.0,1.0,0.0,0.0,0.0,75.96,25.0,0.0,35.71,66.67,43.9,45.45,0.0,0.658556433467335,0.3545547833093522,3.0,16.0,0.47735673,6.0,3.0,5.0,0.2838200699999999,37.0,5.722543352601156,0.0,14.826589595375722,0.2601156069364161,20.54913294797688,1.300578034682081,0.2601156069364161,1.560693641618497,1.560693641618497,0.7803468208092486,0.2601156069364161,3.6416184971098255,3.9017341040462425,4.682080924855491,1.560693641618497,0.0,5.982658959537572,1.560693641618497,1.300578034682081,0.0,0.7803468208092486,1.0404624277456649,0.2601156069364161,0.0,0.0,0.0,75.96,25.0,0.0,35.71,66.67,43.9,45.45,0.0,0.1713008063932374,0.0922252326527216,0.7803468208092486,4.161849710982659,0.1241679355491329,1.560693641618497,0.7803468208092486,1.300578034682081,0.0738260297687861,9.624277456647398,LM/LCM,33,13,53,27,53,70,90,70,40,37,27,87,87,53,73,17,93,43,73,10,63,83,57,50,53,53,47,30,13,53,100,33,73,10,60,53,63,87,93,80,13,20,27,53,40,13,53,27,40,80,87,73,47,40,20,93,93,40,73,17,100,47,80,10,73,93,47,50,53,53,47,30,13,53,100,33,73,10,60,60,73,100,100,100,13,20,40,73,Czech League
Mladá Boleslav,2qui2adwsi022vu84b8gdw4z0,2fl3li74wngmih4fl9joaq87o,J. Zíka,Jan Zíka,20,Midfielder,Czechia,Midfielder,193.0,0.0,129.0,9.0,322.0,0.0,0.0,7.0,7.0,2.0,2.0,13.0,14.0,40.0,15.0,10.0,640.0,5.0,26.0,5.0,3.0,5.0,2.0,0.0,0.0,0.0,0.0,88.71,45.0,0.0,38.46,28.57,54.05,0.0,33.33,0.6040369823896422,0.4195875688364581,3.0,14.0,0.30193545,5.0,20.0,22.0,0.4650201699999999,134.0,27.140625,0.0,18.140625,1.265625,45.28125,0.0,0.0,0.984375,0.984375,0.28125,0.28125,1.828125,1.96875,5.625,2.109375,1.40625,0.703125,3.65625,0.703125,0.421875,0.703125,0.28125,0.0,0.0,0.0,0.0,88.71,45.0,0.0,38.46,28.57,54.05,0.0,33.33,0.0849427006485434,0.0590045018676269,0.421875,1.96875,0.04245967265625,0.703125,2.8125,3.09375,0.0653934614062499,18.84375,DM/CM,89,25,64,34,82,5,34,66,68,45,48,100,100,93,89,93,48,100,84,11,75,73,39,52,52,50,89,39,25,29,71,64,5,7,64,54,66,91,89,73,64,55,32,68,93,25,61,21,75,5,34,57,46,39,32,89,89,86,89,86,39,100,75,7,61,61,39,52,52,50,89,39,25,29,71,64,5,7,57,43,57,89,82,61,50,46,36,57,Czech League
Mladá Boleslav,2qui2adwsi022vu84b8gdw4z0,2rldoenow9fyw44hbvoujixg5,M. Hybš,Matej Hybs,33,Defender,Czechia,Defender,203.0,1.0,150.0,10.0,352.0,8.0,0.0,2.0,2.0,1.0,1.0,6.0,6.0,19.0,30.0,7.0,699.0,5.0,3.0,2.0,6.0,1.0,1.0,0.0,0.0,0.0,0.0,86.49,38.46,25.0,33.33,50.0,52.78,66.67,100.0,0.1931861721471554,0.1401607210377076,1.0,4.0,0.09134042,5.0,29.0,31.0,1.080466000000001,204.0,26.13733905579399,0.1287553648068669,19.313304721030043,1.2875536480686696,45.32188841201717,1.0300429184549356,0.0,0.2575107296137339,0.2575107296137339,0.1287553648068669,0.1287553648068669,0.7725321888412017,0.7725321888412017,2.446351931330472,3.862660944206009,0.9012875536480688,0.6437768240343348,0.3862660944206008,0.2575107296137339,0.7725321888412017,0.1287553648068669,0.1287553648068669,0.0,0.0,0.0,0.0,86.49,38.46,25.0,33.33,50.0,52.78,66.67,100.0,0.0248737560704491,0.0180464447688035,0.1287553648068669,0.5150214592274678,0.0117605690987124,0.6437768240343348,3.7339055793991416,3.9914163090128754,0.1391157939914164,26.26609442060085,LB/LCB,84,38,88,38,88,56,40,28,22,24,58,72,68,24,72,60,44,24,46,46,36,56,38,48,52,52,76,34,58,44,88,44,78,96,24,28,52,48,44,74,84,92,80,88,88,36,92,24,88,40,40,20,12,24,52,52,52,8,64,36,36,20,44,28,32,52,38,48,52,52,76,34,58,44,88,44,78,96,16,20,44,40,40,64,80,88,76,92,Czech League
Mladá Boleslav,2qui2adwsi022vu84b8gdw4z0,4ff2cbr4mc7a6qcyvkaxqoyxh,M. Králik,Martin Králik,31,Defender,Slovakia,Defender,373.0,0.0,108.0,33.0,481.0,10.0,1.0,4.0,1.0,1.0,0.0,3.0,4.0,28.0,51.0,6.0,720.0,4.0,8.0,3.0,5.0,0.0,0.0,0.0,0.0,0.0,0.0,87.3,44.0,0.0,100.0,0.0,65.12,62.5,62.5,0.1046265398294607,0.3851580131095828,0.0,4.0,0.07722496,1.0,21.0,30.0,0.78653322,321.0,46.625,0.0,13.5,4.125,60.125,1.25,0.125,0.5,0.125,0.125,0.0,0.375,0.5,3.5,6.375,0.75,0.5,1.0,0.375,0.625,0.0,0.0,0.0,0.0,0.0,0.0,87.3,44.0,0.0,100.0,0.0,65.12,62.5,62.5,0.0130783174786825,0.0481447516386978,0.0,0.5,0.00965312,0.125,2.625,3.75,0.0983166525,40.125,CB,100,34,82,95,92,54,89,82,26,34,28,74,79,59,88,51,42,70,82,58,28,22,41,45,51,51,51,32,34,88,22,71,61,54,24,89,32,59,53,50,71,86,82,92,95,34,58,84,89,24,82,63,21,26,28,58,68,18,74,26,18,54,74,46,28,22,41,45,51,51,51,32,34,88,22,71,61,54,24,76,32,50,47,45,47,66,58,87,Czech League
Mladá Boleslav,2qui2adwsi022vu84b8gdw4z0,4rzbjbim35vih13agoppb1iei,D. Langhamer,Daniel Langhamer,23,Midfielder,Czechia,Midfielder,93.0,5.0,135.0,5.0,223.0,1.0,1.0,13.0,9.0,3.0,1.0,10.0,11.0,38.0,2.0,7.0,645.0,11.0,22.0,4.0,7.0,6.0,5.0,1.0,0.0,0.0,0.0,81.39,26.32,26.32,40.0,55.56,51.35,16.67,63.64,0.7605620488164331,1.126876359560708,4.0,16.0,0.37623277,8.0,17.0,21.0,0.6602352699999996,94.0,12.976744186046512,0.6976744186046512,18.83720930232558,0.6976744186046512,31.11627906976744,0.1395348837209302,0.1395348837209302,1.813953488372093,1.255813953488372,0.4186046511627906,0.1395348837209302,1.3953488372093024,1.5348837209302324,5.3023255813953485,0.2790697674418604,0.9767441860465116,1.5348837209302324,3.069767441860465,0.5581395348837209,0.9767441860465116,0.8372093023255813,0.6976744186046512,0.1395348837209302,0.0,0.0,0.0,81.39,26.32,26.32,40.0,55.56,51.35,16.67,63.64,0.1061249370441534,0.1572385617991685,0.5581395348837209,2.232558139534884,0.0524975958139534,1.1162790697674418,2.3720930232558137,2.9302325581395348,0.0921258516279069,13.116279069767442,CM/AM,86,51,72,42,83,18,67,74,51,42,24,67,68,89,25,96,46,97,44,83,69,82,71,50,51,51,56,22,42,28,92,58,14,57,53,67,62,88,81,79,64,71,50,76,75,33,50,19,56,17,53,58,33,28,17,42,39,72,17,89,33,94,33,64,56,75,72,50,51,51,56,22,42,28,92,58,14,57,36,56,61,78,61,72,50,39,28,47,Czech League
Mladá Boleslav,2qui2adwsi022vu84b8gdw4z0,67m9ezodryiazzbtraaefbl04,M. Šubert,Martin Subert,24,Midfielder,Czechia,Midfielder,38.0,5.0,77.0,2.0,110.0,3.0,1.0,7.0,15.0,11.0,4.0,10.0,11.0,23.0,5.0,0.0,504.0,26.0,6.0,2.0,9.0,4.0,8.0,6.0,0.0,0.0,0.0,75.34,25.0,33.33,20.0,53.33,53.49,60.0,75.0,1.5892358504234605,0.8070797285511246,2.0,10.0,0.30062428,4.0,9.0,13.0,1.0981234599999998,43.0,6.785714285714287,0.8928571428571429,13.75,0.3571428571428571,19.642857142857142,0.5357142857142857,0.1785714285714285,1.25,2.678571428571429,1.9642857142857144,0.7142857142857143,1.7857142857142858,1.9642857142857144,4.107142857142858,0.8928571428571429,0.0,4.642857142857143,1.0714285714285714,0.3571428571428571,1.6071428571428572,0.7142857142857143,1.4285714285714286,1.0714285714285714,0.0,0.0,0.0,75.34,25.0,33.33,20.0,53.33,53.49,60.0,75.0,0.2837921161470465,0.1441213800984151,0.3571428571428571,1.7857142857142858,0.0536829071428571,0.7142857142857143,1.6071428571428572,2.321428571428572,0.196093475,7.678571428571429,CM/AM,38,51,38,12,33,53,67,42,83,99,72,67,68,56,69,11,93,40,25,92,54,96,100,50,51,51,25,17,64,11,89,78,83,81,94,56,43,50,64,50,38,39,81,29,19,50,28,11,25,53,69,25,89,94,67,61,61,42,67,11,97,42,19,94,47,100,100,50,51,51,25,17,64,11,89,78,83,81,97,47,33,44,64,50,17,25,75,22,Czech League
Mladá Boleslav,2qui2adwsi022vu84b8gdw4z0,79198m53vjfwsiyofsrrt979w,F. Matoušek,Filip Matousek,25,Defender,Czechia,Defender,58.0,0.0,32.0,4.0,90.0,1.0,1.0,3.0,2.0,1.0,2.0,0.0,0.0,14.0,10.0,2.0,272.0,4.0,4.0,0.0,3.0,1.0,0.0,0.0,0.0,0.0,0.0,85.71,33.33,0.0,0.0,0.0,43.75,14.29,33.33,0.1647190163660768,0.1713418126253104,0.0,4.0,0.08432138,2.0,3.0,4.0,0.1616725099999998,39.0,19.19117647058824,0.0,10.588235294117649,1.3235294117647058,29.779411764705884,0.3308823529411764,0.3308823529411764,0.9926470588235294,0.6617647058823529,0.3308823529411764,0.6617647058823529,0.0,0.0,4.632352941176471,3.308823529411765,0.6617647058823529,1.3235294117647058,1.3235294117647058,0.0,0.9926470588235294,0.3308823529411764,0.0,0.0,0.0,0.0,0.0,85.71,33.33,0.0,0.0,0.0,43.75,14.29,33.33,0.0545026157093636,0.0566939821186688,0.0,1.3235294117647058,0.027900456617647,0.6617647058823529,0.9926470588235294,1.3235294117647058,0.0534945805147058,12.904411764705882,RB/RCB,26,14,9,19,14,10,81,40,34,34,91,7,7,21,22,17,40,38,12,24,57,22,40,48,52,52,83,24,14,12,22,28,10,3,34,28,28,43,38,40,5,7,3,10,59,14,10,24,48,14,93,76,55,45,100,7,7,45,41,31,66,69,12,41,76,22,40,48,52,52,83,24,14,12,22,28,10,3,55,59,28,83,69,69,3,7,3,31,Czech League
Mladá Boleslav,2qui2adwsi022vu84b8gdw4z0,9jsumsbwvyw6dgc1t1tz6zk2y,D. Donát,Denis Donát,25,Defender,Czechia,Defender,125.0,0.0,80.0,7.0,205.0,10.0,1.0,4.0,0.0,0.0,0.0,4.0,4.0,41.0,12.0,13.0,506.0,2.0,6.0,3.0,18.0,0.0,0.0,0.0,0.0,0.0,0.0,85.77,46.67,0.0,75.0,0.0,63.08,58.82,72.0,0.0,0.3318713069990199,0.0,4.0,0.08871022,3.0,21.0,22.0,0.4493567900000001,111.0,22.233201581027668,0.0,14.229249011857709,1.2450592885375495,36.462450592885375,1.7786561264822136,0.1778656126482213,0.7114624505928854,0.0,0.0,0.0,0.7114624505928854,0.7114624505928854,7.292490118577076,2.134387351778656,2.312252964426877,0.3557312252964427,1.067193675889328,0.5335968379446641,3.2015810276679844,0.0,0.0,0.0,0.0,0.0,0.0,85.77,46.67,0.0,75.0,0.0,63.08,58.82,72.0,0.0,0.0590284933397466,0.0,0.7114624505928854,0.0157784976284585,0.5335968379446641,3.735177865612648,3.91304347826087,0.0799251207509881,19.74308300395257,RB/RCB,72,14,48,31,66,69,81,62,7,12,28,48,47,74,28,98,17,53,79,97,21,22,40,48,52,52,86,66,14,93,22,79,66,86,7,62,28,43,41,64,60,47,31,62,69,14,52,17,66,69,76,55,7,12,28,48,48,97,17,100,10,55,76,100,21,22,40,48,52,52,86,66,14,93,22,79,66,86,7,62,28,41,31,62,62,48,17,66,Czech League
Mladá Boleslav,2qui2adwsi022vu84b8gdw4z0,9plpe5bisbfkrlgryzbzkvdhw,S. John,Solomon John,25,Midfielder,Nigeria,Midfielder,35.0,2.0,91.0,2.0,124.0,0.0,3.0,6.0,25.0,15.0,4.0,34.0,39.0,32.0,2.0,2.0,638.0,43.0,7.0,20.0,5.0,10.0,11.0,3.0,0.0,0.0,0.0,79.49,50.0,13.33,58.82,44.0,45.71,0.0,100.0,1.995299689997776,0.6609319185329464,16.0,23.0,0.7484864399999999,11.0,0.0,7.0,0.84125317,46.0,4.93730407523511,0.2821316614420063,12.836990595611288,0.2821316614420063,17.49216300940439,0.0,0.4231974921630094,0.8463949843260189,3.5266457680250785,2.115987460815047,0.5642633228840126,4.7962382445141065,5.501567398119122,4.514106583072101,0.2821316614420063,0.2821316614420063,6.065830721003136,0.987460815047022,2.8213166144200628,0.7053291536050157,1.4106583072100314,1.5517241379310345,0.4231974921630094,0.0,0.0,0.0,79.49,50.0,13.33,58.82,44.0,45.71,0.0,100.0,0.2814686083068963,0.0932349101378764,2.2570532915360504,3.2445141065830723,0.1055858614420062,1.5517241379310345,0.0,0.987460815047022,0.1186720772727272,6.4890282131661445,RM/RCM,27,47,53,7,43,7,90,47,100,100,80,100,100,73,7,33,100,47,100,53,97,100,90,53,50,50,67,70,47,87,73,33,7,97,100,53,100,93,93,100,7,13,60,27,20,47,27,7,13,7,93,40,93,93,73,100,100,67,7,40,93,40,100,60,93,100,87,53,50,50,67,70,47,87,73,33,7,97,87,47,100,93,93,93,7,13,40,13,Czech League
Mladá Boleslav,2qui2adwsi022vu84b8gdw4z0,dh934ddg4sxkbekgyph8or74l,J. Klíma,Jirí Klíma,29,Attacker,Czechia,Striker,26.0,2.0,47.0,3.0,71.0,9.0,1.0,7.0,15.0,12.0,6.0,8.0,9.0,21.0,3.0,2.0,525.0,25.0,9.0,3.0,0.0,3.0,5.0,4.0,0.0,0.0,0.0,72.45,75.0,50.0,37.5,33.33,33.87,42.86,0.0,1.4740380883562456,0.6483103762376912,3.0,6.0,0.16466488,1.0,9.0,12.0,0.60382143,35.0,4.457142857142857,0.3428571428571428,8.057142857142857,0.5142857142857143,12.171428571428573,1.542857142857143,0.1714285714285714,1.2,2.571428571428572,2.0571428571428574,1.0285714285714287,1.3714285714285714,1.542857142857143,3.6,0.5142857142857143,0.3428571428571428,4.285714285714286,1.542857142857143,0.5142857142857143,0.0,0.5142857142857143,0.8571428571428572,0.6857142857142857,0.0,0.0,0.0,72.45,75.0,50.0,37.5,33.33,33.87,42.86,0.0,0.2526922437182135,0.111138921640747,0.5142857142857143,1.0285714285714287,0.0282282651428571,0.1714285714285714,1.542857142857143,2.0571428571428574,0.1035122451428571,6.0,RW,50,62,50,50,50,100,88,75,62,75,75,38,38,50,50,25,50,75,38,25,50,50,88,62,62,62,50,100,100,38,50,25,50,25,75,50,25,50,50,50,50,62,50,50,50,75,50,50,50,100,100,75,100,100,75,25,25,25,50,25,75,75,25,25,50,50,100,62,62,62,50,100,100,38,50,25,50,25,100,75,25,25,25,50,75,75,50,50,Czech League
Mladá Boleslav,2qui2adwsi022vu84b8gdw4z0,dhxzg4r1an7bun05y1x43ctsl,O. Karafiát,Ondrej Karafiát,31,Defender,Czechia,Defender,283.0,2.0,116.0,25.0,397.0,8.0,0.0,2.0,2.0,1.0,1.0,1.0,1.0,25.0,48.0,8.0,715.0,6.0,6.0,1.0,10.0,1.0,1.0,0.0,0.0,0.0,0.0,88.03,55.56,33.33,100.0,50.0,56.82,47.06,83.33,0.2230686532850004,0.2183933066963482,0.0,7.0,0.13516572,3.0,29.0,33.0,1.0103603800000005,221.0,35.62237762237762,0.2517482517482517,14.601398601398602,3.1468531468531467,49.97202797202797,1.0069930069930069,0.0,0.2517482517482517,0.2517482517482517,0.1258741258741258,0.1258741258741258,0.1258741258741258,0.1258741258741258,3.1468531468531467,6.041958041958042,1.0069930069930069,0.7552447552447552,0.7552447552447552,0.1258741258741258,1.2587412587412588,0.1258741258741258,0.1258741258741258,0.0,0.0,0.0,0.0,88.03,55.56,33.33,100.0,50.0,56.82,47.06,83.33,0.0280785717421678,0.0274900665771627,0.0,0.8811188811188811,0.0170138668531468,0.3776223776223776,3.6503496503496495,4.153846153846153,0.1271782296503497,27.818181818181817,CB,82,92,87,70,84,33,41,55,45,34,64,43,43,53,82,72,59,58,59,87,72,59,41,45,51,51,63,66,83,88,86,42,21,86,47,66,32,83,79,83,84,89,95,79,71,84,63,53,71,13,41,29,32,29,61,34,34,16,53,53,42,42,53,76,66,45,41,45,51,51,63,66,83,88,86,42,21,86,29,50,32,66,63,74,66,76,87,66,Czech League
Mladá Boleslav,2qui2adwsi022vu84b8gdw4z0,f3f1ixb8dnk7nodu00a5awy22,D. Kozel,David Kozel,24,Midfielder,Czechia,Midfielder,63.0,3.0,68.0,5.0,128.0,0.0,1.0,6.0,6.0,3.0,3.0,16.0,17.0,23.0,1.0,2.0,371.0,8.0,9.0,6.0,4.0,3.0,2.0,1.0,0.0,0.0,0.0,83.66,41.67,21.43,37.5,33.33,51.11,0.0,50.0,0.5545480928571304,0.4893502937355993,2.0,8.0,0.17119899,3.0,9.0,16.0,0.3686768799999999,56.0,15.28301886792453,0.7277628032345014,16.495956873315365,1.2129380053908356,31.0512129380054,0.0,0.2425876010781671,1.4555256064690028,1.4555256064690028,0.7277628032345014,0.7277628032345014,3.8814016172506745,4.123989218328841,5.579514824797844,0.2425876010781671,0.4851752021563343,1.9407008086253368,2.183288409703504,1.4555256064690028,0.9703504043126686,0.7277628032345014,0.4851752021563343,0.2425876010781671,0.0,0.0,0.0,83.66,41.67,21.43,37.5,33.33,51.11,0.0,50.0,0.1345264915286839,0.1187103138442154,0.4851752021563343,1.9407008086253368,0.0415307522911051,0.7277628032345014,2.183288409703504,3.8814016172506745,0.0894364398921832,13.58490566037736,CM/AM,61,36,28,42,44,7,67,31,35,42,54,89,89,56,11,44,36,68,78,56,39,47,71,50,51,51,67,47,29,19,64,56,7,32,42,25,43,40,25,36,38,51,25,46,86,39,39,50,53,7,81,39,44,53,69,97,94,78,11,56,44,78,83,61,50,58,78,50,51,51,67,47,29,19,64,56,7,32,56,36,53,56,36,53,42,64,25,53,Czech League
Pardubice,4xbgquadoen1b303u4hi9nhg9,20aj0zcehiq6qz6kgxnlb24iy,D. Krčík,Dávid Krcík,27,Defender,Slovakia,Defender,100.0,0.0,79.0,24.0,179.0,5.0,0.0,0.0,2.0,1.0,0.0,0.0,0.0,10.0,18.0,0.0,295.0,1.0,2.0,0.0,2.0,1.0,2.0,2.0,0.0,0.0,0.0,91.79,80.0,0.0,0.0,100.0,35.71,38.46,66.67,0.0611395167724951,0.0,1.0,6.0,0.11559507,4.0,20.0,25.0,0.38401199,84.0,30.508474576271187,0.0,24.10169491525424,7.322033898305085,54.61016949152543,1.5254237288135597,0.0,0.0,0.6101694915254238,0.3050847457627119,0.0,0.0,0.0,3.050847457627119,5.491525423728814,0.0,0.3050847457627119,0.6101694915254238,0.0,0.6101694915254238,0.3050847457627119,0.6101694915254238,0.6101694915254238,0.0,0.0,0.0,91.79,80.0,0.0,0.0,100.0,35.71,38.46,66.67,0.0186527339305917,0.0,0.3050847457627119,1.8305084745762712,0.0352662925423728,1.2203389830508475,6.101694915254238,7.627118644067797,0.117156200338983,25.6271186440678,RB/RCB,55,14,43,90,52,36,38,5,34,34,28,7,7,9,50,5,7,16,12,9,57,84,93,48,52,52,100,100,14,12,98,10,28,64,17,5,66,57,52,78,55,57,24,48,97,14,100,100,100,52,38,5,52,41,28,7,7,14,93,5,7,24,12,14,72,100,100,48,52,52,100,100,14,12,98,10,28,64,24,5,76,97,86,93,97,100,52,86,Czech League
Pardubice,4xbgquadoen1b303u4hi9nhg9,27chkyk622r5lmd02mnnz8jys,M. Traore,Mouhamed Traore,23,Defender,Côte d'Ivoire,Defender,97.0,1.0,41.0,11.0,137.0,8.0,0.0,1.0,3.0,3.0,0.0,0.0,0.0,24.0,22.0,6.0,367.0,3.0,4.0,0.0,5.0,0.0,0.0,0.0,0.0,0.0,0.0,77.4,34.38,33.33,0.0,0.0,54.55,57.14,41.67,0.3655380891470991,0.0932121290832965,0.0,1.0,0.01935132,1.0,10.0,12.0,0.3449381099999999,81.0,23.7874659400545,0.2452316076294278,10.05449591280654,2.697547683923706,33.59673024523161,1.9618528610354224,0.0,0.2452316076294278,0.7356948228882835,0.7356948228882835,0.0,0.0,0.0,5.885558583106268,5.395095367847412,1.471389645776567,0.7356948228882835,0.9809264305177112,0.0,1.226158038147139,0.0,0.0,0.0,0.0,0.0,0.0,77.4,34.38,33.33,0.0,0.0,54.55,57.14,41.67,0.0896414932513322,0.0228585602656585,0.0,0.2452316076294278,0.0047455553133514,0.2452316076294278,2.452316076294278,2.942779291553134,0.0845897272479563,19.863760217983653,LB/LCB,60,38,8,46,36,56,40,14,40,70,22,8,8,38,60,48,18,38,14,34,12,24,38,48,52,52,36,16,76,14,24,56,54,12,56,24,16,18,12,22,28,28,28,46,80,52,20,84,68,80,40,16,60,96,22,8,8,88,84,84,40,60,14,64,12,24,38,48,52,52,36,16,76,14,24,56,54,12,84,32,16,24,16,28,48,36,44,76,Czech League
Pardubice,4xbgquadoen1b303u4hi9nhg9,2q96bh24g7zn9eh6wfyel6mtw,M. Icha,Marek Icha,24,Defender,Czechia,Defender,99.0,2.0,52.0,17.0,149.0,3.0,0.0,0.0,1.0,0.0,0.0,2.0,3.0,8.0,12.0,6.0,406.0,1.0,3.0,0.0,1.0,1.0,1.0,0.0,0.0,0.0,0.0,82.32,50.0,22.22,0.0,100.0,27.59,33.33,50.0,0.0514084560005081,0.0,1.0,6.0,0.13158895,2.0,14.0,23.0,0.6195015399999999,82.0,21.94581280788177,0.4433497536945813,11.527093596059114,3.768472906403941,33.029556650246306,0.6650246305418719,0.0,0.0,0.2216748768472906,0.0,0.0,0.4433497536945813,0.6650246305418719,1.7733990147783252,2.6600985221674875,1.3300492610837438,0.2216748768472906,0.6650246305418719,0.0,0.2216748768472906,0.2216748768472906,0.2216748768472906,0.0,0.0,0.0,0.0,82.32,50.0,22.22,0.0,100.0,27.59,33.33,50.0,0.0113959631528219,0.0,0.2216748768472906,1.3300492610837438,0.0291699642857142,0.4433497536945813,3.103448275862069,5.098522167487685,0.1373279275862068,18.17733990147784,CB,39,92,39,53,39,11,41,11,26,13,28,62,71,7,17,51,12,26,25,12,72,59,41,45,51,51,32,51,74,25,95,3,8,29,21,12,78,76,74,67,54,74,68,29,21,95,45,79,24,8,41,11,26,13,28,68,79,5,13,71,11,37,25,11,82,63,41,45,51,51,32,51,74,25,95,3,8,29,21,12,84,82,82,76,58,87,89,24,Czech League
Pardubice,4xbgquadoen1b303u4hi9nhg9,4hwlycgbyl3s2jtqzc9dxuyuh,V. Drchal,Václav Drchal,27,Attacker,Czechia,Striker,19.0,2.0,43.0,3.0,60.0,2.0,1.0,5.0,10.0,7.0,1.0,6.0,6.0,19.0,3.0,1.0,437.0,24.0,5.0,4.0,6.0,3.0,4.0,2.0,0.0,0.0,0.0,72.29,75.0,28.57,66.67,40.0,51.35,18.18,75.0,1.1368965125318475,0.5191316227371483,3.0,10.0,0.45210222,2.0,5.0,5.0,0.3053619899999999,17.0,3.91304347826087,0.4118993135011441,8.855835240274601,0.6178489702517163,12.356979405034323,0.4118993135011441,0.205949656750572,1.0297482837528604,2.059496567505721,1.4416475972540046,0.205949656750572,1.2356979405034323,1.2356979405034323,3.91304347826087,0.6178489702517163,0.205949656750572,4.94279176201373,1.0297482837528604,0.8237986270022883,1.2356979405034323,0.6178489702517163,0.8237986270022883,0.4118993135011441,0.0,0.0,0.0,72.29,75.0,28.57,66.67,40.0,51.35,18.18,75.0,0.2341434465168564,0.1069149795110831,0.6178489702517163,2.059496567505721,0.0931102970251716,0.4118993135011441,1.0297482837528604,1.0297482837528604,0.0628891970251716,3.501144164759725,ST,65,82,67,76,67,15,83,64,40,39,28,40,36,47,31,62,57,35,71,94,75,57,75,51,51,49,53,90,76,93,69,94,8,74,44,75,69,88,94,65,74,67,61,58,56,75,53,69,50,11,83,56,33,36,28,33,33,36,22,61,47,39,72,92,72,53,81,51,51,49,53,90,76,93,69,94,8,74,36,75,61,89,92,67,69,53,61,33,Czech League
Pardubice,4xbgquadoen1b303u4hi9nhg9,6o1b2dp4do8gvxlhn41wlmhas,J. Noslin,Jason Noslin,26,Defender,Netherlands,Defender,113.0,3.0,79.0,18.0,189.0,24.0,0.0,4.0,10.0,7.0,1.0,3.0,3.0,45.0,35.0,8.0,589.0,12.0,4.0,1.0,7.0,3.0,1.0,0.0,0.0,0.0,0.0,76.21,34.62,60.0,33.33,10.0,63.38,64.86,43.75,0.936739031080135,0.2729748079588731,3.0,3.0,0.0704432099999999,2.0,23.0,31.0,0.8791151800000003,133.0,17.266553480475384,0.4584040747028862,12.071307300509336,2.7504244482173177,28.87945670628184,3.66723259762309,0.0,0.6112054329371817,1.528013582342954,1.069609507640068,0.1528013582342954,0.4584040747028862,0.4584040747028862,6.8760611205432935,5.34804753820034,1.222410865874363,1.833616298811545,0.6112054329371817,0.1528013582342954,1.069609507640068,0.4584040747028862,0.1528013582342954,0.0,0.0,0.0,0.0,76.21,34.62,60.0,33.33,10.0,63.38,64.86,43.75,0.1431349962601225,0.0417109214198617,0.4584040747028862,0.4584040747028862,0.0107638181663836,0.3056027164685908,3.514431239388794,4.736842105263158,0.1343299935483871,20.32258064516129,RB/RCB,59,60,43,79,59,93,38,62,95,95,69,29,29,84,86,78,78,38,31,55,84,59,40,48,52,52,21,28,100,47,45,83,83,14,93,48,91,31,28,40,69,67,62,72,52,62,24,79,41,100,38,45,97,93,66,34,34,86,86,76,76,28,31,48,90,45,40,48,52,52,21,28,100,47,45,83,83,14,93,41,90,24,21,34,55,69,66,69,Czech League
Pardubice,4xbgquadoen1b303u4hi9nhg9,6ylf2fimuffty7tjuqvdlx5d6,S. Šimek,Samuel Simek,24,Midfielder,Czechia,Midfielder,47.0,2.0,61.0,12.0,106.0,6.0,0.0,4.0,5.0,2.0,0.0,2.0,2.0,12.0,9.0,6.0,431.0,5.0,1.0,1.0,2.0,3.0,1.0,0.0,0.0,0.0,0.0,79.1,60.0,13.33,50.0,20.0,34.29,60.0,40.0,0.3741187919338561,0.2873700731804701,2.0,6.0,0.14909806,2.0,15.0,21.0,0.57651734,66.0,9.814385150812065,0.4176334106728538,12.73781902552204,2.505800464037123,22.13457076566125,1.2529002320185616,0.0,0.8352668213457077,1.0440835266821349,0.4176334106728538,0.0,0.4176334106728538,0.4176334106728538,2.505800464037123,1.8793503480278424,1.2529002320185616,1.0440835266821349,0.2088167053364269,0.2088167053364269,0.4176334106728538,0.6264501160092808,0.2088167053364269,0.0,0.0,0.0,0.0,79.1,60.0,13.33,50.0,20.0,34.29,60.0,40.0,0.078122253536072,0.0600076718938336,0.4176334106728538,1.2529002320185616,0.0311341656612529,0.4176334106728538,3.132250580046404,4.385150812064965,0.1203864515081206,13.781902552204176,DM/CM,18,77,32,54,18,71,34,43,45,45,11,14,14,4,62,46,48,5,16,4,45,48,39,52,52,50,29,80,57,39,57,4,79,18,39,43,45,52,50,36,38,50,46,36,14,82,39,82,21,79,34,46,54,54,11,14,14,11,79,64,57,4,11,4,46,57,39,52,52,50,29,80,57,39,57,4,79,18,46,46,54,43,46,39,57,64,61,36,Czech League
Pardubice,4xbgquadoen1b303u4hi9nhg9,7d652ns7jnbtq16jpq06qml1w,D. Smékal,Daniel Smékal,24,Attacker,Czechia,Striker,18.0,0.0,31.0,1.0,49.0,18.0,0.0,2.0,14.0,14.0,3.0,4.0,4.0,26.0,5.0,1.0,399.0,22.0,3.0,1.0,2.0,0.0,5.0,0.0,0.0,0.0,0.0,62.82,20.0,0.0,25.0,35.71,40.62,52.94,50.0,2.383670952897582,0.1314211697991052,2.0,5.0,0.20220612,1.0,2.0,4.0,0.08737373,17.0,4.060150375939849,0.0,6.992481203007518,0.225563909774436,11.052631578947368,4.060150375939849,0.0,0.4511278195488721,3.1578947368421053,3.1578947368421053,0.6766917293233082,0.9022556390977444,0.9022556390977444,5.864661654135338,1.1278195488721805,0.225563909774436,4.962406015037594,0.6766917293233082,0.225563909774436,0.4511278195488721,0.0,1.1278195488721805,0.0,0.0,0.0,0.0,62.82,20.0,0.0,25.0,35.71,40.62,52.94,50.0,0.5376701397513343,0.0296438728870162,0.4511278195488721,1.1278195488721805,0.0456104030075187,0.225563909774436,0.4511278195488721,0.9022556390977444,0.0197083601503759,3.834586466165413,ST,58,25,40,36,42,90,36,21,67,81,71,21,19,72,68,62,53,12,17,49,12,69,15,51,51,49,28,32,25,29,58,47,94,40,97,11,49,71,67,44,35,51,25,58,61,25,33,36,44,92,36,19,83,92,69,22,11,67,61,67,50,17,14,53,12,81,15,51,51,49,28,32,25,29,58,47,94,40,97,19,47,67,67,36,33,50,19,44,Czech League
Pardubice,4xbgquadoen1b303u4hi9nhg9,8s6bagu8tr59o4y8udyw6h15g,E. Godwin,Emmanuel Godwin,21,Defender,Nigeria,Defender,66.0,4.0,105.0,11.0,167.0,5.0,0.0,10.0,9.0,3.0,2.0,14.0,16.0,34.0,24.0,7.0,760.0,20.0,4.0,8.0,13.0,6.0,2.0,0.0,0.0,0.0,0.0,71.67,40.74,14.81,57.14,22.22,39.53,45.45,76.47,0.4520210156729867,1.1047112182302758,6.0,6.0,0.16532476,2.0,23.0,33.0,1.2815815000000002,89.0,7.815789473684211,0.4736842105263157,12.43421052631579,1.3026315789473684,19.776315789473685,0.5921052631578947,0.0,1.1842105263157894,1.0657894736842104,0.3552631578947368,0.2368421052631578,1.6578947368421053,1.894736842105263,4.026315789473684,2.8421052631578947,0.8289473684210527,2.3684210526315788,0.4736842105263157,0.9473684210526316,1.5394736842105263,0.7105263157894737,0.2368421052631578,0.0,0.0,0.0,0.0,71.67,40.74,14.81,57.14,22.22,39.53,45.45,76.47,0.0535288044875905,0.1308210653167432,0.7105263157894737,0.7105263157894737,0.0195779321052631,0.2368421052631578,2.723684210526316,3.907894736842105,0.1517662302631579,10.539473684210526,RB/RCB,36,81,76,47,48,36,38,100,90,74,91,93,93,55,59,67,98,38,97,90,97,84,40,48,52,52,17,52,34,79,55,21,34,90,76,97,100,57,62,40,69,76,90,52,10,66,34,21,10,24,38,79,83,52,78,88,90,34,28,45,90,21,97,79,93,64,40,48,52,52,17,52,34,79,55,21,34,90,52,83,97,38,45,17,34,45,69,17,Czech League
Pardubice,4xbgquadoen1b303u4hi9nhg9,8zjkoe9nrb4yb6wxfty7ri1ux,M. Hlavatý,Michal Hlavaty,28,Midfielder,Czechia,Midfielder,131.0,0.0,140.0,18.0,271.0,3.0,1.0,8.0,10.0,5.0,3.0,8.0,8.0,28.0,7.0,8.0,718.0,14.0,11.0,2.0,6.0,5.0,3.0,0.0,0.0,0.0,0.0,82.87,52.94,0.0,25.0,30.0,40.0,33.33,50.0,0.8618260766165247,0.5908031550145654,1.0,14.0,0.36344834,8.0,32.0,41.0,0.99235417,160.0,16.42061281337047,0.0,17.54874651810585,2.256267409470752,33.969359331476326,0.3760445682451253,0.1253481894150417,1.0027855153203342,1.2534818941504178,0.6267409470752089,0.3760445682451253,1.0027855153203342,1.0027855153203342,3.5097493036211698,0.8774373259052924,1.0027855153203342,1.7548746518105849,1.3788300835654597,0.2506963788300835,0.7520891364902507,0.6267409470752089,0.3760445682451253,0.0,0.0,0.0,0.0,82.87,52.94,0.0,25.0,30.0,40.0,33.33,50.0,0.1080283382945504,0.07405610578177,0.1253481894150417,1.7548746518105849,0.0455575913649025,1.0027855153203342,4.011142061281337,5.139275766016713,0.1243897984679665,20.055710306406684,DM/CM,71,25,68,82,75,39,80,82,80,89,73,79,79,61,50,71,96,80,36,50,75,89,39,52,52,50,43,68,25,12,79,14,29,30,82,64,18,91,96,93,79,82,79,82,50,25,57,57,50,29,71,68,68,71,54,54,54,21,29,39,82,68,21,25,50,82,39,52,52,50,43,68,25,12,79,14,29,30,64,57,7,82,89,79,75,79,64,68,Czech League
Pardubice,4xbgquadoen1b303u4hi9nhg9,921pe9ch3r00cir53qkf2xxjo,D. Halinský,Denis Halinsky,23,Defender,Czechia,Defender,82.0,0.0,30.0,8.0,112.0,8.0,0.0,2.0,0.0,0.0,0.0,0.0,0.0,20.0,17.0,3.0,270.0,2.0,7.0,0.0,5.0,0.0,0.0,0.0,0.0,0.0,0.0,81.16,40.0,0.0,0.0,0.0,76.92,72.73,100.0,0.0,0.246189847300736,0.0,4.0,0.0946878999999999,3.0,10.0,11.0,0.42732823,71.0,27.33333333333333,0.0,10.0,2.6666666666666665,37.333333333333336,2.6666666666666665,0.0,0.6666666666666666,0.0,0.0,0.0,0.0,0.0,6.666666666666667,5.666666666666667,1.0,0.6666666666666666,2.333333333333333,0.0,1.6666666666666667,0.0,0.0,0.0,0.0,0.0,0.0,81.16,40.0,0.0,0.0,0.0,76.92,72.73,100.0,0.0,0.0820632824335786,0.0,1.3333333333333333,0.0315626333333333,1.0,3.333333333333333,3.6666666666666665,0.1424427433333333,23.666666666666668,CB,26,34,5,18,16,33,41,55,8,13,28,16,16,34,34,26,22,63,25,58,28,22,41,45,51,51,26,16,34,25,22,100,84,95,8,74,32,59,55,83,36,36,53,21,47,34,34,34,42,68,41,84,8,13,28,16,16,92,45,49,34,95,25,89,28,22,41,45,51,51,26,16,34,25,22,100,84,95,8,92,32,86,87,92,61,63,92,45,Czech League
Pardubice,4xbgquadoen1b303u4hi9nhg9,967nbt67qy1hcw8mijqmkdt5,V. Patrák,Vojtech Patrák,26,Attacker,Czechia,Striker,13.0,0.0,20.0,2.0,33.0,2.0,0.0,5.0,5.0,2.0,2.0,5.0,5.0,15.0,4.0,1.0,222.0,11.0,9.0,2.0,2.0,3.0,3.0,1.0,0.0,0.0,0.0,76.74,66.67,0.0,40.0,60.0,51.72,40.0,100.0,0.3030066473176149,0.2800676387239788,2.0,0.0,0.0,3.0,1.0,3.0,0.08547469,12.0,5.27027027027027,0.0,8.108108108108107,0.8108108108108107,13.378378378378375,0.8108108108108107,0.0,2.0270270270270268,2.0270270270270268,0.8108108108108107,0.8108108108108107,2.0270270270270268,2.0270270270270268,6.081081081081081,1.6216216216216215,0.4054054054054054,4.45945945945946,3.6486486486486487,0.8108108108108107,0.8108108108108107,1.2162162162162162,1.2162162162162162,0.4054054054054054,0.0,0.0,0.0,76.74,66.67,0.0,40.0,60.0,51.72,40.0,100.0,0.1228405326963303,0.1135409346178292,0.8108108108108107,0.0,0.0,1.2162162162162162,0.4054054054054054,1.2162162162162162,0.0346519013513513,4.864864864864865,ST,33,25,11,58,19,15,36,64,11,6,49,32,29,19,53,62,10,79,36,49,75,46,49,51,51,49,78,83,25,51,97,97,44,94,6,50,49,7,7,75,12,33,22,24,72,25,47,81,56,33,36,97,31,8,78,61,61,72,89,83,36,97,69,75,97,83,78,51,51,49,78,83,25,51,97,97,44,94,8,78,81,7,7,94,28,67,36,75,Czech League
Pardubice,4xbgquadoen1b303u4hi9nhg9,9plkv3xyfpehai7ykea3mrxuc,T. Boledovič,Tobias Boledovic,20,Defender,Czechia,Defender,66.0,2.0,78.0,15.0,142.0,5.0,1.0,6.0,7.0,4.0,0.0,15.0,16.0,29.0,12.0,3.0,712.0,13.0,16.0,4.0,4.0,3.0,4.0,2.0,0.0,0.0,0.0,89.31,68.18,22.22,26.67,57.14,53.7,38.46,80.0,0.6855938840111997,0.4408562917252248,2.0,15.0,0.44089591,5.0,12.0,19.0,0.4391713,66.0,8.342696629213483,0.2528089887640449,9.859550561797752,1.896067415730337,17.94943820224719,0.6320224719101123,0.1264044943820224,0.7584269662921348,0.8848314606741573,0.5056179775280899,0.0,1.896067415730337,2.02247191011236,3.665730337078652,1.5168539325842696,0.3792134831460674,1.643258426966292,2.02247191011236,0.5056179775280899,0.5056179775280899,0.3792134831460674,0.5056179775280899,0.2528089887640449,0.0,0.0,0.0,89.31,68.18,22.22,26.67,57.14,53.7,38.46,80.0,0.0866621482598426,0.0557262166506604,0.2528089887640449,1.896067415730337,0.0557312245786516,0.6320224719101123,1.5168539325842696,2.401685393258427,0.0555132261235955,8.342696629213483,LB/LCB,36,62,52,68,40,38,86,72,86,86,22,96,96,66,36,20,96,96,86,20,76,98,98,48,52,52,88,100,52,36,92,48,24,74,84,64,82,94,96,74,40,40,32,40,16,56,16,48,8,20,80,60,80,80,22,88,88,40,24,8,84,92,72,16,72,96,100,48,52,52,88,100,52,36,92,48,24,74,80,60,80,88,96,60,20,24,12,20,Czech League
Pardubice,4xbgquadoen1b303u4hi9nhg9,av6j0sri3l8fon2wmbmxrei5m,S. Bammens,Simon Bammens,28,Defender,Belgium,Defender,70.0,0.0,34.0,11.0,104.0,8.0,0.0,1.0,0.0,0.0,0.0,1.0,1.0,13.0,23.0,3.0,315.0,1.0,1.0,0.0,2.0,0.0,0.0,0.0,0.0,0.0,0.0,78.79,42.31,0.0,0.0,0.0,50.0,57.14,50.0,0.0,0.0412191546117851,0.0,0.0,0.0,0.0,9.0,7.0,0.2133581199999999,60.0,20.0,0.0,9.714285714285714,3.142857142857143,29.714285714285715,2.2857142857142856,0.0,0.2857142857142857,0.0,0.0,0.0,0.2857142857142857,0.2857142857142857,3.7142857142857135,6.571428571428571,0.8571428571428571,0.2857142857142857,0.2857142857142857,0.0,0.5714285714285714,0.0,0.0,0.0,0.0,0.0,0.0,78.79,42.31,0.0,0.0,0.0,50.0,57.14,50.0,0.0,0.0117769013176528,0.0,0.0,0.0,0.0,2.571428571428572,2.0,0.0609594628571428,17.142857142857142,CB,13,34,11,36,8,33,41,32,8,13,28,43,43,18,37,26,12,13,25,28,28,22,41,45,51,51,24,24,34,25,22,18,50,29,8,26,32,13,13,21,29,17,16,17,16,34,32,50,18,50,41,41,8,13,28,47,47,24,84,39,13,11,25,42,28,22,41,45,51,51,24,24,34,25,22,18,50,29,8,29,32,13,13,21,45,26,26,18,Czech League
Pardubice,4xbgquadoen1b303u4hi9nhg9,demb824ov7b94i3wurdvsavis,J. Trédl,Jan Trédl,22,Defender,Czechia,Defender,53.0,0.0,37.0,10.0,90.0,3.0,1.0,2.0,2.0,2.0,0.0,2.0,2.0,9.0,7.0,7.0,409.0,4.0,5.0,0.0,1.0,0.0,0.0,0.0,0.0,0.0,0.0,74.38,38.46,0.0,0.0,0.0,33.33,27.27,100.0,0.1830207206621994,0.0509828753322754,0.0,1.0,0.0241224,1.0,8.0,11.0,0.2624685799999999,54.0,11.662591687041566,0.0,8.141809290953546,2.2004889975550124,19.804400977995112,0.6601466992665037,0.2200488997555012,0.4400977995110025,0.4400977995110025,0.4400977995110025,0.0,0.4400977995110025,0.4400977995110025,1.9804400977995111,1.5403422982885089,1.5403422982885089,0.880195599022005,1.1002444987775062,0.0,0.2200488997555012,0.0,0.0,0.0,0.0,0.0,0.0,74.38,38.46,0.0,0.0,0.0,33.33,27.27,100.0,0.0402735082141759,0.011218725623239,0.0,0.2200488997555012,0.0053081075794621,0.2200488997555012,1.76039119804401,2.4205378973105134,0.0577559222493887,11.882640586797066,LB/LCB,28,12,4,38,12,14,86,28,22,46,22,20,20,8,22,60,32,52,14,6,12,24,38,48,52,52,24,34,12,14,24,8,12,96,20,12,16,18,24,22,20,24,12,24,36,12,8,68,16,24,88,36,32,56,22,28,28,4,28,88,44,72,14,4,12,24,38,48,52,52,24,34,12,14,24,8,12,96,24,12,16,16,20,24,28,28,16,36,Czech League
Pardubice,4xbgquadoen1b303u4hi9nhg9,dy5id5li7v8wb5wjromm1ug44,V. Samuel,Victor Samuel,20,Attacker,Nigeria,Striker,7.0,2.0,22.0,3.0,27.0,2.0,0.0,4.0,8.0,7.0,3.0,7.0,8.0,10.0,6.0,1.0,271.0,19.0,2.0,2.0,2.0,1.0,2.0,0.0,0.0,0.0,0.0,54.0,37.5,33.33,28.57,25.0,33.33,25.0,50.0,0.8126680401349778,0.4035245780932645,1.0,8.0,0.24534061,1.0,4.0,6.0,0.33624228,14.0,2.3247232472324724,0.6642066420664207,7.306273062730628,0.996309963099631,8.966789667896679,0.6642066420664207,0.0,1.328413284132841,2.656826568265682,2.3247232472324724,0.996309963099631,2.3247232472324724,2.656826568265682,3.321033210332103,1.992619926199262,0.3321033210332103,6.3099630996309966,0.6642066420664207,0.6642066420664207,0.6642066420664207,0.3321033210332103,0.6642066420664207,0.0,0.0,0.0,0.0,54.0,37.5,33.33,28.57,25.0,33.33,25.0,50.0,0.2698897550263764,0.1340118525032981,0.3321033210332103,2.656826568265682,0.0814784313653136,0.3321033210332103,1.328413284132841,1.992619926199262,0.1116671778597786,4.649446494464945,ST,7,82,14,76,7,15,36,50,36,39,71,49,50,6,74,62,39,7,36,49,33,29,15,51,51,49,6,50,86,33,26,28,19,40,25,64,28,78,72,44,65,75,72,32,22,92,36,89,25,19,36,78,61,64,83,72,75,25,97,78,83,14,56,69,44,44,15,51,51,49,6,50,86,33,26,28,19,40,47,86,42,97,89,58,86,86,83,69,Czech League
Pardubice,4xbgquadoen1b303u4hi9nhg9,egd0soczfzl4sfqjg1h1cd0yc,T. Jelínek,Tomás Jelínek,20,Midfielder,Czechia,Midfielder,64.0,13.0,88.0,7.0,139.0,2.0,0.0,15.0,12.0,3.0,2.0,10.0,10.0,24.0,10.0,2.0,540.0,6.0,11.0,5.0,2.0,9.0,6.0,0.0,0.0,0.0,0.0,77.65,26.92,33.33,50.0,50.0,50.0,40.0,33.33,1.254299128628147,1.811322294778094,8.0,12.0,0.25093601,4.0,20.0,29.0,1.01869729,83.0,10.666666666666666,2.1666666666666665,14.666666666666666,1.1666666666666667,23.166666666666668,0.3333333333333333,0.0,2.5,2.0,0.5,0.3333333333333333,1.6666666666666667,1.6666666666666667,4.0,1.6666666666666667,0.3333333333333333,1.0,1.8333333333333333,0.8333333333333334,0.3333333333333333,1.5,1.0,0.0,0.0,0.0,0.0,77.65,26.92,33.33,50.0,50.0,50.0,40.0,33.33,0.2090498547713578,0.3018870491296823,1.3333333333333333,2.0,0.0418226683333333,0.6666666666666666,3.333333333333333,4.833333333333333,0.1697828816666666,13.833333333333334,CM/AM,64,96,49,61,50,35,24,83,68,42,39,67,56,62,94,44,26,81,62,24,89,89,29,50,51,51,31,25,64,47,83,50,42,10,86,94,92,64,44,50,75,82,69,64,53,97,33,47,31,28,24,81,67,36,31,50,47,33,94,36,19,72,58,14,89,83,29,50,51,51,31,25,64,47,83,50,42,10,81,92,89,58,39,44,67,83,69,61,Czech League
Pardubice,4xbgquadoen1b303u4hi9nhg9,eq790ntit6131xw3ag2x0siui,A. Tanko,Abdullahi Tanko,28,Attacker,Nigeria,Striker,10.0,2.0,46.0,1.0,54.0,6.0,0.0,3.0,11.0,8.0,2.0,7.0,7.0,16.0,3.0,5.0,466.0,27.0,5.0,3.0,0.0,3.0,4.0,1.0,0.0,0.0,0.0,67.5,25.0,22.22,42.86,36.36,40.0,50.0,0.0,1.7486958757670272,0.196612487656009,3.0,8.0,0.3032296,0.0,3.0,4.0,0.3748345299999999,19.0,1.931330472103004,0.3862660944206008,8.88412017167382,0.1931330472103004,10.429184549356222,1.1587982832618025,0.0,0.5793991416309012,2.124463519313305,1.5450643776824031,0.3862660944206008,1.351931330472103,1.351931330472103,3.0901287553648067,0.5793991416309012,0.965665236051502,5.214592274678111,0.965665236051502,0.5793991416309012,0.0,0.5793991416309012,0.7725321888412017,0.1931330472103004,0.0,0.0,0.0,67.5,25.0,22.22,42.86,36.36,40.0,50.0,0.0,0.3377309631309709,0.0379723688606025,0.5793991416309012,1.5450643776824031,0.0585636566523605,0.0,0.5793991416309012,0.7725321888412017,0.0723929349785407,3.669527896995708,ST,21,82,72,36,53,49,36,36,44,51,49,49,43,28,31,100,69,35,57,11,75,57,49,51,51,49,42,38,64,57,61,40,81,11,61,31,69,78,86,15,53,51,75,67,14,72,56,33,33,47,36,33,36,42,44,44,44,19,17,97,64,33,47,11,67,50,42,51,51,49,42,38,64,57,61,40,81,11,69,28,56,72,81,15,50,39,67,39,Czech League
Teplice,41eivtin75c5fu33x3zfx956b,3cfoswqxyk4xr6w4vf6vn7d2h,M. Čermák,Marcel Cermák,27,Midfielder,Czechia,Midfielder,52.0,6.0,96.0,2.0,142.0,4.0,0.0,10.0,14.0,7.0,7.0,13.0,13.0,25.0,6.0,3.0,658.0,26.0,6.0,8.0,3.0,7.0,3.0,1.0,0.0,0.0,0.0,74.74,22.22,21.43,61.54,21.43,49.02,33.33,42.86,1.5593374165082263,0.7719387616337697,5.0,3.0,0.07335491,4.0,15.0,14.0,0.53470016,56.0,7.112462006079028,0.8206686930091186,13.130699088145898,0.2735562310030395,19.42249240121581,0.547112462006079,0.0,1.3677811550151977,1.9148936170212767,0.9574468085106383,0.9574468085106383,1.778115501519757,1.778115501519757,3.419452887537994,0.8206686930091186,0.4103343465045593,3.556231003039514,0.8206686930091186,1.094224924012158,0.4103343465045593,0.9574468085106383,0.4103343465045593,0.1367781155015197,0.0,0.0,0.0,74.74,22.22,21.43,61.54,21.43,49.02,33.33,42.86,0.2132832332610036,0.1055843290988438,0.6838905775075989,0.4103343465045593,0.0100333463525835,0.547112462006079,2.0516717325227964,1.9148936170212767,0.0731352802431611,7.659574468085107,CM/AM,53,58,56,12,53,67,24,58,79,76,94,86,83,68,78,68,93,40,90,42,79,65,71,50,51,51,22,8,29,69,39,42,32,17,92,53,72,11,11,50,58,42,44,46,22,47,25,8,22,56,24,31,64,69,92,58,58,25,61,44,83,28,69,22,67,47,67,50,51,51,22,8,29,69,39,42,32,17,83,28,64,8,8,31,33,17,14,19,Czech League
Teplice,41eivtin75c5fu33x3zfx956b,4lx29wbwxbamo5go47tth9gtm,M. Radosta,Matej Radosta,25,Midfielder,Czechia,Midfielder,54.0,7.0,119.0,3.0,166.0,5.0,3.0,14.0,11.0,8.0,3.0,24.0,24.0,36.0,8.0,1.0,775.0,31.0,14.0,9.0,5.0,3.0,4.0,2.0,0.0,0.0,0.0,76.85,50.0,30.43,37.5,36.36,46.15,35.71,62.5,1.2849104882460027,1.2266105511977772,5.0,20.0,0.69126561,5.0,7.0,18.0,1.1271703399999995,69.0,6.270967741935484,0.8129032258064517,13.819354838709678,0.3483870967741935,19.27741935483871,0.5806451612903226,0.3483870967741935,1.6258064516129034,1.2774193548387098,0.9290322580645162,0.3483870967741935,2.7870967741935484,2.7870967741935484,4.180645161290323,0.9290322580645162,0.1161290322580645,3.6,1.6258064516129034,1.0451612903225806,0.5806451612903226,0.3483870967741935,0.4645161290322581,0.232258064516129,0.0,0.0,0.0,76.85,50.0,30.43,37.5,36.36,46.15,35.71,62.5,0.1492154115382455,0.1424450962681289,0.5806451612903226,2.3225806451612905,0.0802760063225806,0.5806451612903226,0.8129032258064517,2.0903225806451613,0.1308972007741935,8.012903225806452,RM/RCM,57,87,67,17,67,70,90,97,60,63,53,87,87,93,47,13,87,97,80,53,40,57,70,53,50,50,53,70,87,50,47,40,33,47,73,87,50,87,87,53,27,57,87,53,27,80,33,13,20,53,73,80,40,47,40,73,73,53,20,7,73,73,80,33,20,47,60,53,50,50,53,70,87,50,47,40,33,47,60,80,40,80,80,33,20,27,53,20,Czech League
Teplice,41eivtin75c5fu33x3zfx956b,73by8coqx38r9kfh2ns7n66s,J. Auta,John Auta,20,Midfielder,Nigeria,Midfielder,24.0,1.0,32.0,2.0,55.0,2.0,0.0,3.0,9.0,8.0,2.0,16.0,17.0,20.0,4.0,1.0,398.0,16.0,4.0,9.0,4.0,1.0,5.0,4.0,0.0,0.0,0.0,82.09,66.67,33.33,56.25,55.56,34.48,16.67,80.0,0.9597997632862448,0.2946902775566738,1.0,3.0,0.09888072,1.0,5.0,4.0,0.35439455,14.0,5.427135678391959,0.2261306532663316,7.236180904522612,0.4522613065326633,12.43718592964824,0.4522613065326633,0.0,0.6783919597989949,2.0351758793969847,1.809045226130653,0.4522613065326633,3.618090452261306,3.844221105527638,4.522613065326633,0.9045226130653266,0.2261306532663316,3.618090452261306,0.9045226130653266,2.0351758793969847,0.9045226130653266,0.2261306532663316,1.1306532663316582,0.9045226130653266,0.0,0.0,0.0,82.09,66.67,33.33,56.25,55.56,34.48,16.67,80.0,0.217040147476789,0.0666385049751272,0.2261306532663316,0.6783919597989949,0.0223599618090452,0.2261306532663316,1.1306532663316582,0.9045226130653266,0.0801394711055276,3.165829145728643,LM/LCM,40,33,27,43,33,43,40,33,80,90,67,93,93,60,43,37,70,30,90,63,13,93,100,50,53,53,80,97,87,80,93,13,27,77,80,40,30,13,20,23,37,13,47,7,33,27,7,40,27,40,40,20,73,93,80,87,87,33,40,33,60,27,93,47,7,100,100,50,53,53,80,97,87,80,93,13,27,77,80,33,27,13,13,20,20,13,53,7,Czech League
Teplice,41eivtin75c5fu33x3zfx956b,76p9u8gc0hy1reym8qg2ac844,J. Švanda,Josef Svanda,24,Midfielder,Czechia,Midfielder,53.0,1.0,72.0,3.0,124.0,2.0,0.0,5.0,3.0,0.0,1.0,4.0,4.0,15.0,11.0,7.0,349.0,1.0,4.0,2.0,6.0,3.0,1.0,0.0,0.0,0.0,0.0,83.78,30.0,11.11,50.0,33.33,51.72,40.0,75.0,0.1764116367018093,0.43962493663046,3.0,4.0,0.13790114,1.0,17.0,17.0,0.6109752299999999,68.0,13.667621776504298,0.2578796561604584,18.567335243553007,0.7736389684813754,31.97707736389685,0.5157593123209169,0.0,1.2893982808022924,0.7736389684813754,0.0,0.2578796561604584,1.0315186246418335,1.0315186246418335,3.8681948424068766,2.836676217765043,1.805157593123209,0.2578796561604584,1.0315186246418335,0.5157593123209169,1.5472779369627507,0.7736389684813754,0.2578796561604584,0.0,0.0,0.0,0.0,83.78,30.0,11.11,50.0,33.33,51.72,40.0,75.0,0.0454929722153662,0.1133703274978263,0.7736389684813754,1.0315186246418335,0.0355618985673352,0.2578796561604584,4.383954154727793,4.383954154727793,0.157558082234957,17.535816618911173,RM/RCM,47,27,27,17,43,20,20,30,7,7,20,30,27,20,70,77,7,20,33,70,40,23,27,53,50,50,93,20,40,70,40,73,53,80,7,27,30,17,27,13,60,47,33,47,87,33,87,40,93,40,20,60,13,7,27,33,27,33,93,100,7,47,33,80,73,33,27,53,50,50,93,20,40,70,40,73,53,80,13,73,60,33,33,13,100,93,80,100,Czech League
Teplice,41eivtin75c5fu33x3zfx956b,837n4oi7l69fz84lf5ra9m5g4,I. Hopi,Idris Hopi,18,Attacker,Czechia,Striker,10.0,0.0,14.0,1.0,24.0,3.0,0.0,1.0,6.0,4.0,3.0,8.0,9.0,10.0,0.0,3.0,224.0,10.0,1.0,3.0,2.0,2.0,0.0,0.0,0.0,0.0,0.0,60.0,25.0,0.0,37.5,0.0,34.48,50.0,66.67,0.519199654863929,0.1069824915749106,4.0,3.0,0.09875466,0.0,4.0,3.0,0.09469473,10.0,4.017857142857142,0.0,5.625,0.4017857142857143,9.642857142857142,1.2053571428571428,0.0,0.4017857142857143,2.4107142857142856,1.6071428571428572,1.2053571428571428,3.2142857142857144,3.616071428571429,4.017857142857142,0.0,1.2053571428571428,4.017857142857142,0.4017857142857143,1.2053571428571428,0.8035714285714286,0.8035714285714286,0.0,0.0,0.0,0.0,0.0,60.0,25.0,0.0,37.5,0.0,34.48,50.0,66.67,0.2086070041864,0.0429840367934908,1.6071428571428572,1.2053571428571428,0.0396782116071428,0.0,1.6071428571428572,1.2053571428571428,0.0380469897321428,4.017857142857142,RW,25,25,25,25,25,50,38,25,25,25,25,38,38,25,25,50,25,25,38,50,25,25,25,62,62,62,25,25,25,38,25,50,88,75,25,25,50,25,25,25,25,25,25,25,25,25,25,25,25,75,38,25,50,50,100,75,75,75,25,100,50,25,75,75,100,25,25,62,62,62,25,25,25,38,25,50,88,75,50,25,100,50,50,25,100,25,25,25,Czech League
Teplice,41eivtin75c5fu33x3zfx956b,95om33z10rzo9302j28pi6489,J. Fortelný,Jan Fortelny,27,Midfielder,Czechia,Midfielder,82.0,7.0,100.0,12.0,175.0,1.0,1.0,11.0,11.0,4.0,4.0,8.0,9.0,21.0,16.0,5.0,647.0,8.0,5.0,5.0,5.0,7.0,3.0,1.0,0.0,0.0,0.0,82.55,46.15,23.33,62.5,27.27,40.38,25.0,50.0,0.7605535516950409,0.8809690632817788,4.0,10.0,0.26001016,11.0,14.0,15.0,0.4395207400000001,74.0,11.406491499227204,0.973724884080371,13.91035548686244,1.669242658423493,24.34312210200927,0.1391035548686244,0.1391035548686244,1.5301391035548686,1.5301391035548686,0.5564142194744977,0.5564142194744977,1.1128284389489953,1.2519319938176197,2.921174652241113,2.2256568778979906,0.6955177743431221,1.1128284389489953,0.6955177743431221,0.6955177743431221,0.6955177743431221,0.973724884080371,0.4173106646058732,0.1391035548686244,0.0,0.0,0.0,82.55,46.15,23.33,62.5,27.27,40.38,25.0,50.0,0.1057957027087383,0.1225459284317775,0.5564142194744977,1.3910355486862442,0.0361683375579598,1.5301391035548686,1.947449768160742,2.0865533230293662,0.0611388973724884,10.293663060278206,CM/AM,83,65,61,82,69,18,67,62,62,53,72,47,46,44,100,86,36,31,62,67,79,65,71,50,51,51,64,53,36,72,53,17,24,32,50,58,62,50,50,97,51,46,36,61,61,53,31,78,36,14,50,50,53,42,56,33,33,17,100,75,25,19,47,44,69,50,69,50,51,51,64,53,36,72,53,17,24,32,33,39,58,31,28,86,28,22,8,31,Czech League
Teplice,41eivtin75c5fu33x3zfx956b,9pjlcs2jfk49p4a7fge6299ii,T. Zlatohlávek,Tomás Zlatohlávek,26,Attacker,Czechia,Striker,14.0,1.0,25.0,2.0,38.0,2.0,0.0,2.0,7.0,7.0,1.0,4.0,4.0,16.0,2.0,0.0,208.0,15.0,10.0,2.0,1.0,0.0,2.0,1.0,0.0,0.0,0.0,73.08,50.0,25.0,50.0,28.57,48.48,20.0,50.0,0.7308100444111586,0.1991070806215321,2.0,4.0,0.22198039,0.0,3.0,4.0,0.3196990599999998,10.0,6.057692307692308,0.4326923076923077,10.817307692307692,0.8653846153846154,16.442307692307693,0.8653846153846154,0.0,0.8653846153846154,3.028846153846154,3.028846153846154,0.4326923076923077,1.7307692307692308,1.7307692307692308,6.923076923076923,0.8653846153846154,0.0,6.490384615384616,4.3269230769230775,0.8653846153846154,0.4326923076923077,0.0,0.8653846153846154,0.4326923076923077,0.0,0.0,0.0,73.08,50.0,25.0,50.0,28.57,48.48,20.0,50.0,0.3162158846009821,0.086152102192009,0.8653846153846154,1.7307692307692308,0.0960492072115384,0.0,1.2980769230769231,1.7307692307692308,0.1383313240384614,4.3269230769230775,ST,39,58,25,58,25,15,36,21,26,39,28,21,19,28,15,24,24,89,36,28,12,29,49,51,51,49,65,62,69,72,36,86,15,40,19,33,49,62,69,15,53,51,64,18,78,78,81,83,78,36,36,50,72,86,47,50,50,92,47,24,89,100,75,47,12,61,83,51,51,49,65,62,69,72,36,86,15,40,64,61,83,81,97,15,83,81,89,58,Czech League
Teplice,41eivtin75c5fu33x3zfx956b,a0hxy44jzxrwm8k8h2idnm51,L. Mareček,Lukás Marecek,36,Midfielder,Czechia,Midfielder,118.0,0.0,176.0,19.0,294.0,10.0,1.0,8.0,14.0,5.0,3.0,6.0,6.0,24.0,21.0,9.0,690.0,8.0,3.0,2.0,7.0,9.0,4.0,3.0,0.0,0.0,0.0,86.98,57.58,0.0,33.33,28.57,45.28,58.82,77.78,1.1461690812288123,0.2905904059291898,9.0,11.0,0.24562008,6.0,41.0,56.0,0.8419297800000002,181.0,15.391304347826086,0.0,22.95652173913044,2.4782608695652173,38.34782608695652,1.3043478260869563,0.1304347826086956,1.0434782608695652,1.826086956521739,0.6521739130434783,0.3913043478260869,0.7826086956521738,0.7826086956521738,3.130434782608696,2.7391304347826084,1.1739130434782608,1.0434782608695652,0.3913043478260869,0.2608695652173913,0.9130434782608696,1.1739130434782608,0.5217391304347826,0.3913043478260869,0.0,0.0,0.0,86.98,57.58,0.0,33.33,28.57,45.28,58.82,77.78,0.1495003149428885,0.0379030964255464,1.1739130434782608,1.434782608695652,0.0320374017391304,0.7826086956521738,5.3478260869565215,7.304347826086956,0.1098169278260869,23.60869565217391,DM/CM,62,25,86,86,79,91,80,82,98,89,73,55,54,50,95,86,71,20,36,68,100,93,98,52,52,50,79,75,25,21,71,25,70,84,93,46,100,80,71,86,89,93,68,89,39,25,75,79,61,82,75,71,89,75,57,43,39,18,93,61,54,11,25,50,96,93,96,52,52,50,79,75,25,21,71,25,70,84,75,32,93,64,54,68,82,96,57,82,Czech League
Teplice,41eivtin75c5fu33x3zfx956b,cfdo1h4sk3lgm6ifd42oicqtx,M. Pulkrab,Matej Pulkrab,29,Attacker,Czechia,Striker,48.0,0.0,59.0,1.0,107.0,23.0,1.0,8.0,15.0,15.0,0.0,9.0,9.0,46.0,11.0,2.0,618.0,31.0,10.0,5.0,6.0,0.0,4.0,3.0,0.0,0.0,0.0,67.3,25.0,0.0,55.56,26.67,47.92,53.49,75.0,1.7859996536219722,0.661740432336079,2.0,5.0,0.17672497,1.0,4.0,3.0,0.32467657,30.0,6.990291262135923,0.0,8.592233009708739,0.145631067961165,15.582524271844662,3.3495145631067964,0.145631067961165,1.1650485436893203,2.184466019417476,2.184466019417476,0.0,1.3106796116504855,1.3106796116504855,6.699029126213593,1.6019417475728157,0.2912621359223301,4.514563106796117,1.4563106796116505,0.7281553398058253,0.8737864077669903,0.0,0.5825242718446603,0.4368932038834952,0.0,0.0,0.0,67.3,25.0,0.0,55.56,26.67,47.92,53.49,75.0,0.2600970369352386,0.0963699658741862,0.2912621359223301,0.7281553398058253,0.0257366461165048,0.145631067961165,0.5825242718446603,0.4368932038834952,0.0472829956310679,4.368932038834951,ST,97,25,83,36,89,94,83,89,74,86,11,64,60,97,96,86,86,89,78,94,12,57,88,51,51,49,39,38,25,83,31,83,97,74,69,89,49,71,64,44,65,33,67,82,89,25,50,31,69,81,75,67,39,50,11,38,38,89,86,75,39,56,58,81,12,36,86,51,51,49,39,38,25,83,31,83,97,74,42,67,36,44,58,31,53,19,50,64,Czech League
Teplice,41eivtin75c5fu33x3zfx956b,dfjd4y5a331n9bm2ez6un02c,M. Riznič,Matej Riznic,22,Midfielder,Slovakia,Midfielder,95.0,13.0,135.0,13.0,217.0,7.0,0.0,12.0,9.0,4.0,2.0,13.0,13.0,46.0,32.0,11.0,717.0,13.0,20.0,8.0,11.0,5.0,3.0,0.0,0.0,0.0,0.0,74.57,38.24,31.71,61.54,33.33,59.74,53.85,91.67,0.5567185086351748,1.4425907090907897,4.0,10.0,0.32818535,12.0,17.0,22.0,2.49073793,120.0,11.924686192468618,1.6317991631799162,16.94560669456067,1.6317991631799162,27.238493723849373,0.8786610878661087,0.0,1.506276150627615,1.1297071129707112,0.502092050209205,0.2510460251046025,1.6317991631799162,1.6317991631799162,5.7740585774058575,4.01673640167364,1.3807531380753135,1.6317991631799162,2.510460251046025,1.00418410041841,1.3807531380753135,0.6276150627615062,0.3765690376569037,0.0,0.0,0.0,0.0,74.57,38.24,31.71,61.54,33.33,59.74,53.85,91.67,0.0698809843475114,0.1810783316850363,0.502092050209205,1.2552301255230125,0.0411948138075313,1.506276150627615,2.133891213389121,2.7615062761506275,0.3126449284518828,15.06276150627615,LM/LCM,100,100,100,100,100,100,40,100,80,60,67,80,77,93,100,100,57,100,80,93,100,73,17,50,53,53,40,67,80,93,57,87,80,87,47,100,80,63,80,100,100,100,100,100,93,87,87,100,87,67,40,67,20,20,13,33,33,67,100,93,13,73,60,80,53,40,17,50,53,53,40,67,80,93,57,87,80,87,7,80,53,40,47,93,67,87,100,100,Czech League
Teplice,41eivtin75c5fu33x3zfx956b,dgugih9fue6fnth85f8nhecph,M. Bílek,Michal Bílek,28,Midfielder,Czechia,Midfielder,54.0,3.0,76.0,15.0,127.0,5.0,1.0,4.0,9.0,1.0,3.0,3.0,3.0,26.0,17.0,4.0,433.0,5.0,11.0,1.0,7.0,8.0,0.0,0.0,0.0,1.0,1.0,74.27,36.59,14.29,33.33,0.0,68.42,62.5,70.0,0.4243150158893264,0.4477829629996475,6.0,3.0,0.06656498,4.0,18.0,29.0,0.9881560299999996,76.0,11.224018475750578,0.6235565819861432,15.79676674364896,3.117782909930716,26.397228637413395,1.039260969976905,0.207852193995381,0.8314087759815243,1.8706697459584296,0.207852193995381,0.6235565819861432,0.6235565819861432,0.6235565819861432,5.404157043879908,3.533487297921478,0.8314087759815243,1.039260969976905,2.286374133949192,0.207852193995381,1.4549653579676676,1.6628175519630486,0.0,0.0,0.0,0.207852193995381,0.207852193995381,74.27,36.59,14.29,33.33,0.0,68.42,62.5,70.0,0.0881948069977814,0.0930726712932292,1.2471131639722863,0.6235565819861432,0.0138356771362586,0.8314087759815243,3.741339491916859,6.027713625866051,0.2053903988452655,15.79676674364896,RM/RCM,57,60,33,93,53,70,50,20,40,13,53,20,20,40,80,63,17,80,23,80,87,10,27,53,100,100,20,53,53,30,10,100,100,67,27,33,73,7,7,40,77,93,67,60,73,67,53,100,60,73,60,33,67,13,80,20,20,73,100,60,27,93,20,73,100,10,27,53,100,100,20,53,53,30,10,100,100,67,33,40,87,7,7,60,93,100,100,87,Czech League
Teplice,41eivtin75c5fu33x3zfx956b,dj91g7x3c6d31jkgegr8i9btg,D. Večerka,Dalibor Vecerka,23,Defender,Czechia,Defender,192.0,0.0,69.0,13.0,261.0,14.0,0.0,0.0,1.0,0.0,0.0,0.0,0.0,29.0,40.0,9.0,663.0,4.0,2.0,0.0,8.0,1.0,0.0,0.0,0.0,0.0,0.0,91.26,54.17,0.0,0.0,0.0,40.28,41.18,61.54,0.0,0.0,0.0,0.0,0.0,0.0,0.0,0.0,0.0,0.0,26.0633484162896,0.0,9.366515837104073,1.7647058823529411,35.42986425339367,1.900452488687783,0.0,0.0,0.1357466063348416,0.0,0.0,0.0,0.0,3.936651583710408,5.429864253393665,1.2217194570135748,0.5429864253393666,0.2714932126696833,0.0,1.0859728506787332,0.1357466063348416,0.0,0.0,0.0,0.0,0.0,91.26,54.17,0.0,0.0,0.0,40.28,41.18,61.54,0.0,0.0,0.0,0.0,0.0,0.0,0.0,0.0,0.0,0.0,LB/LCB,80,12,44,58,76,86,40,4,8,10,22,8,8,66,88,78,32,12,14,68,36,24,38,48,52,52,96,80,12,14,24,12,28,32,4,4,16,6,6,8,4,4,4,4,84,12,12,40,76,76,40,4,4,10,22,8,8,44,88,76,24,8,14,48,36,24,38,48,52,52,96,80,12,14,24,12,28,32,4,4,16,6,6,8,4,4,4,4,Czech League
Teplice,41eivtin75c5fu33x3zfx956b,izxx5y2bgk42v0ibnta8swa2,O. Vientiess,Oskars Vientiess,23,Defender,Latvia,Defender,242.0,1.0,135.0,35.0,376.0,22.0,2.0,4.0,1.0,0.0,1.0,0.0,0.0,33.0,53.0,7.0,810.0,5.0,4.0,0.0,3.0,1.0,0.0,0.0,1.0,0.0,0.0,88.06,55.56,33.33,0.0,0.0,53.23,48.89,42.86,0.0404257634456338,0.3836764656181034,1.0,4.0,0.0755008299999999,0.0,35.0,43.0,1.3256798899999995,255.0,26.88888888888889,0.1111111111111111,15.0,3.888888888888889,41.77777777777778,2.4444444444444446,0.2222222222222222,0.4444444444444444,0.1111111111111111,0.0,0.1111111111111111,0.0,0.0,3.6666666666666665,5.888888888888889,0.7777777777777778,0.5555555555555556,0.4444444444444444,0.0,0.3333333333333333,0.1111111111111111,0.0,0.0,0.1111111111111111,0.0,0.0,88.06,55.56,33.33,0.0,0.0,53.23,48.89,42.86,0.0044917514939593,0.0426307184020114,0.1111111111111111,0.4444444444444444,0.0083889811111111,0.0,3.888888888888889,4.777777777777778,0.1472977655555555,28.33333333333333,CB,76,78,89,97,82,84,100,82,26,13,64,16,16,71,92,62,51,39,25,43,72,22,41,95,51,51,66,66,83,25,22,29,26,16,16,87,78,59,50,21,96,99,100,84,45,71,67,82,55,55,89,57,17,13,57,16,16,21,50,34,24,22,25,13,59,22,41,89,51,51,66,66,83,25,22,29,26,16,16,68,67,47,42,21,78,84,95,68,Czech League
Artis Brno,6onh4wiqdb8r50qa6oyxlbafg,11n2y3idvspx0o5p0p61sw5xw,E. Fully,Emmanuel Fully,20,Defender,Liberia,Defender,105.0,2.0,62.0,20.0,165.0,12.0,0.0,2.0,3.0,2.0,3.0,0.0,0.0,27.0,19.0,9.0,503.0,7.0,6.0,0.0,5.0,1.0,0.0,0.0,0.0,0.0,0.0,78.2,42.55,66.67,0.0,0.0,54.0,60.0,55.56,0.3177228524323802,0.2029691009445495,1.0,4.0,0.1113981699999999,0.0,22.0,22.0,0.5736607599999999,96.0,18.78727634194831,0.3578528827037773,11.093439363817096,3.5785288270377738,29.52286282306164,2.1471172962226643,0.0,0.3578528827037773,0.5367793240556661,0.3578528827037773,0.5367793240556661,0.0,0.0,4.831013916500995,3.399602385685885,1.610337972166998,1.252485089463221,1.0735586481113322,0.0,0.8946322067594434,0.1789264413518886,0.0,0.0,0.0,0.0,0.0,78.2,42.55,66.67,0.0,0.0,54.0,60.0,55.56,0.056849019321897,0.0363165389364005,0.1789264413518886,0.7157057654075547,0.0199320781312127,0.0,3.936381709741551,3.936381709741551,0.1026430783300198,17.176938369781315,LB/LCB,68,62,28,90,48,74,40,28,40,46,92,8,8,56,50,78,60,68,14,34,36,24,38,48,52,52,40,48,100,14,24,52,62,20,44,40,52,48,52,8,64,56,48,56,64,68,24,92,52,84,40,24,40,36,96,8,8,60,48,92,64,68,14,40,44,24,38,48,52,52,40,48,100,14,24,52,62,20,44,48,64,52,56,8,88,84,60,60,Czech League
Artis Brno,6onh4wiqdb8r50qa6oyxlbafg,1eecexgki6vzi3b4g60tpfkyd,A. Alégué,Alexis Alégué,29,Attacker,Cameroon,Striker,73.0,13.0,94.0,8.0,154.0,2.0,0.0,15.0,15.0,11.0,6.0,23.0,26.0,30.0,7.0,5.0,710.0,26.0,13.0,9.0,3.0,4.0,7.0,1.0,0.0,0.0,0.0,83.24,61.54,37.14,39.13,46.67,48.39,50.0,50.0,1.1331430934644011,1.8208350123692807,6.0,25.0,0.6755967499999999,12.0,11.0,20.0,1.30624879,66.0,9.253521126760562,1.647887323943662,11.915492957746478,1.0140845070422535,19.52112676056338,0.2535211267605634,0.0,1.9014084507042253,1.9014084507042253,1.3943661971830985,0.7605633802816901,2.9154929577464785,3.295774647887324,3.8028169014084505,0.8873239436619718,0.6338028169014084,3.295774647887324,1.647887323943662,1.1408450704225352,0.380281690140845,0.5070422535211268,0.8873239436619718,0.1267605633802817,0.0,0.0,0.0,83.24,61.54,37.14,39.13,46.67,48.39,50.0,50.0,0.1436378569180226,0.2308100719904721,0.7605633802816901,3.169014084507042,0.0856390246478873,1.5211267605633805,1.3943661971830985,2.535211267605633,0.1655808325352112,8.366197183098592,RW,100,100,75,100,75,25,38,100,62,50,75,75,75,75,75,88,75,100,75,75,75,75,50,62,62,62,100,75,75,75,75,75,88,50,50,100,75,75,75,88,100,100,100,100,100,100,75,100,75,25,38,100,25,25,25,50,50,50,75,50,25,100,50,50,25,75,50,62,62,62,100,75,75,75,75,75,88,50,25,100,50,75,75,75,50,100,100,100,Czech League
Artis Brno,6onh4wiqdb8r50qa6oyxlbafg,2vfhae70oyyzm0qttlckworqi,A. Carlén,Adam Carlén,26,Midfielder,Sweden,Midfielder,36.0,0.0,25.0,6.0,61.0,4.0,0.0,0.0,2.0,1.0,2.0,2.0,2.0,17.0,7.0,1.0,414.0,3.0,1.0,1.0,8.0,1.0,0.0,0.0,0.0,0.0,0.0,70.11,37.5,0.0,50.0,0.0,47.22,44.44,72.73,0.1587537409697289,0.0,1.0,1.0,0.01870347,0.0,5.0,5.0,0.07735806,26.0,7.82608695652174,0.0,5.434782608695652,1.3043478260869563,13.260869565217392,0.8695652173913044,0.0,0.0,0.4347826086956522,0.2173913043478261,0.4347826086956522,0.4347826086956522,0.4347826086956522,3.695652173913044,1.5217391304347827,0.2173913043478261,0.6521739130434783,0.2173913043478261,0.2173913043478261,1.7391304347826089,0.2173913043478261,0.0,0.0,0.0,0.0,0.0,70.11,37.5,0.0,50.0,0.0,47.22,44.44,72.73,0.0345116828195062,0.0,0.2173913043478261,0.2173913043478261,0.0040659717391304,0.0,1.0869565217391306,1.0869565217391306,0.0168169695652173,5.652173913043479,DM/CM,7,25,4,21,7,59,34,4,9,32,48,14,14,25,50,9,29,5,16,75,9,20,39,52,52,50,4,25,25,39,20,29,38,68,11,7,18,4,4,5,11,12,4,14,4,25,4,25,4,61,34,4,14,32,68,18,18,25,61,11,36,7,14,89,11,20,39,52,52,50,4,25,25,39,20,29,38,68,18,7,18,4,4,5,4,7,4,4,Czech League
Artis Brno,6onh4wiqdb8r50qa6oyxlbafg,3r9l6aafy6rsty0329wzcdf6c,I. Fomba,Issa Fomba,25,Midfielder,Mali,Midfielder,12.0,4.0,26.0,4.0,34.0,0.0,0.0,2.0,7.0,5.0,1.0,10.0,11.0,8.0,3.0,0.0,265.0,7.0,2.0,3.0,2.0,2.0,2.0,1.0,0.0,0.0,0.0,66.67,57.14,30.77,30.0,28.57,36.36,0.0,66.67,0.8477253747724305,0.2426127748308648,1.0,11.0,0.30244904,4.0,4.0,8.0,0.5210955599999999,16.0,4.075471698113208,1.3584905660377358,8.830188679245282,1.3584905660377358,11.547169811320757,0.0,0.0,0.6792452830188679,2.3773584905660377,1.6981132075471697,0.3396226415094339,3.39622641509434,3.735849056603773,2.7169811320754715,1.018867924528302,0.0,2.3773584905660377,0.6792452830188679,1.018867924528302,0.6792452830188679,0.6792452830188679,0.6792452830188679,0.3396226415094339,0.0,0.0,0.0,66.67,57.14,30.77,30.0,28.57,36.36,0.0,66.67,0.2879067310547877,0.0823967914519918,0.3396226415094339,3.735849056603773,0.1027185418867924,1.3584905660377358,1.3584905660377358,2.7169811320754715,0.1769758505660376,5.433962264150943,LM/LCM,13,70,17,67,13,13,40,13,60,73,27,60,60,7,33,17,17,10,50,23,37,57,57,50,53,53,13,80,73,20,40,20,13,40,73,33,30,77,73,63,23,50,73,13,13,73,27,87,13,13,40,27,87,87,47,80,80,13,53,17,33,13,67,27,60,73,73,50,53,53,13,80,73,20,40,20,13,40,100,40,40,93,93,73,40,80,73,20,Czech League
Artis Brno,6onh4wiqdb8r50qa6oyxlbafg,3yskowb0w7b6ltgap7gl7zcpg,A. Labík,Albert Labík,22,Defender,Czechia,Defender,64.0,0.0,54.0,14.0,118.0,1.0,0.0,2.0,3.0,2.0,0.0,9.0,9.0,23.0,5.0,1.0,470.0,8.0,10.0,7.0,2.0,1.0,1.0,1.0,0.0,0.0,0.0,75.64,53.85,0.0,77.78,33.33,46.94,25.0,40.0,0.2784293815036778,0.1595415024476956,0.0,3.0,0.1197037,1.0,16.0,19.0,0.3935756299999999,47.0,12.25531914893617,0.0,10.340425531914894,2.680851063829788,22.595744680851062,0.1914893617021276,0.0,0.3829787234042553,0.5744680851063829,0.3829787234042553,0.0,1.7234042553191489,1.7234042553191489,4.404255319148936,0.9574468085106382,0.1914893617021276,1.5319148936170213,1.9148936170212765,1.3404255319148937,0.3829787234042553,0.1914893617021276,0.1914893617021276,0.1914893617021276,0.0,0.0,0.0,75.64,53.85,0.0,77.78,33.33,46.94,25.0,40.0,0.0533162645432574,0.0305505004687076,0.0,0.5744680851063829,0.0229219851063829,0.1914893617021276,3.0638297872340425,3.638297872340425,0.0753655461702127,9.0,CB,5,34,47,46,21,3,41,55,58,51,28,97,97,49,8,8,68,87,100,28,72,59,91,45,51,51,3,61,34,68,64,11,3,12,50,47,32,50,66,50,61,59,45,8,5,34,39,37,5,3,41,53,58,51,28,100,100,42,5,5,74,89,100,18,76,57,93,45,51,51,3,61,34,68,64,11,3,12,47,61,32,53,71,50,55,61,47,8,Czech League
Artis Brno,6onh4wiqdb8r50qa6oyxlbafg,58gt3dybri38935kmgdlfxzh1,M. Pospíšil,Martin Pospísil,35,Midfielder,Czechia,Midfielder,74.0,3.0,52.0,14.0,123.0,1.0,1.0,5.0,3.0,0.0,0.0,4.0,4.0,21.0,3.0,6.0,407.0,1.0,5.0,1.0,9.0,3.0,0.0,0.0,0.0,0.0,0.0,79.35,46.67,15.79,25.0,0.0,65.62,33.33,64.29,0.1992860606555221,0.5586628667031002,1.0,5.0,0.13808854,5.0,16.0,23.0,0.6146204,76.0,16.363636363636363,0.6633906633906634,11.498771498771498,3.095823095823096,27.1990171990172,0.2211302211302211,0.2211302211302211,1.1056511056511056,0.6633906633906634,0.0,0.0,0.8845208845208845,0.8845208845208845,4.643734643734644,0.6633906633906634,1.3267813267813269,0.2211302211302211,1.1056511056511056,0.2211302211302211,1.9901719901719903,0.6633906633906634,0.0,0.0,0.0,0.0,0.0,79.35,46.67,15.79,25.0,0.0,65.62,33.33,64.29,0.0440681706609262,0.1235372432512997,0.2211302211302211,1.1056511056511056,0.0305355493857493,1.1056511056511056,3.538083538083538,5.085995085995086,0.1359111449631449,16.805896805896808,DM/CM,38,88,25,68,29,16,80,50,21,14,11,34,34,38,11,46,11,39,16,82,45,20,39,52,52,50,32,43,61,12,20,93,29,46,25,61,18,39,46,73,45,62,50,39,46,93,29,89,39,14,93,79,25,14,11,50,50,50,4,68,11,50,18,93,54,20,39,52,52,50,32,43,61,12,20,93,29,46,25,96,21,39,39,89,71,75,71,50,Czech League
Artis Brno,6onh4wiqdb8r50qa6oyxlbafg,5bf54g7vm8pfgaqeu4us06yvo,E. Ndiaye,El Hadji Ndiaye,27,Attacker,Senegal,Striker,25.0,0.0,30.0,2.0,55.0,14.0,0.0,5.0,10.0,8.0,1.0,3.0,3.0,32.0,4.0,1.0,595.0,18.0,6.0,3.0,7.0,2.0,2.0,1.0,0.0,0.0,0.0,61.11,18.18,0.0,100.0,20.0,40.0,35.9,77.78,1.058844901044324,0.1950336993538204,2.0,2.0,0.04398591,0.0,8.0,11.0,0.1225449599999999,25.0,3.781512605042017,0.0,4.53781512605042,0.3025210084033614,8.319327731092438,2.117647058823529,0.0,0.7563025210084034,1.512605042016807,1.2100840336134455,0.1512605042016807,0.453781512605042,0.453781512605042,4.840336134453782,0.6050420168067228,0.1512605042016807,2.722689075630252,0.907563025210084,0.453781512605042,1.0588235294117647,0.3025210084033614,0.3025210084033614,0.1512605042016807,0.0,0.0,0.0,61.11,18.18,0.0,100.0,20.0,40.0,35.9,77.78,0.1601614136033431,0.0295008957005778,0.3025210084033614,0.3025210084033614,0.0066533309243697,0.0,1.2100840336134455,1.6638655462184877,0.0185362124369747,3.781512605042017,ST,83,25,35,58,57,82,36,64,40,51,28,11,8,88,53,62,33,50,57,100,56,29,49,51,51,49,25,28,25,100,21,40,42,81,42,28,49,36,31,15,85,86,28,74,53,25,8,47,19,67,36,44,11,31,25,6,6,53,19,50,6,28,33,88,42,14,31,51,51,49,25,28,25,100,21,40,42,81,19,17,39,25,19,15,75,78,14,42,Czech League
Artis Brno,6onh4wiqdb8r50qa6oyxlbafg,5hndhxoydfoz01r5o0nwmqot0,N. Glossoa,Neil Glossoa,22,Defender,France,Defender,155.0,8.0,85.0,17.0,232.0,4.0,2.0,9.0,3.0,3.0,1.0,17.0,17.0,41.0,26.0,7.0,670.0,6.0,14.0,7.0,12.0,0.0,0.0,0.0,0.0,0.0,0.0,77.08,40.48,50.0,41.18,0.0,61.19,44.44,70.59,0.3560210240614217,1.1146760664502635,0.0,7.0,0.17988846,2.0,18.0,25.0,1.777732619999999,135.0,20.82089552238806,1.0746268656716418,11.417910447761194,2.283582089552239,31.16417910447761,0.5373134328358209,0.2686567164179104,1.208955223880597,0.4029850746268656,0.4029850746268656,0.1343283582089552,2.283582089552239,2.283582089552239,5.507462686567164,3.492537313432836,0.9402985074626864,0.8059701492537313,1.880597014925373,0.9402985074626864,1.611940298507463,0.0,0.0,0.0,0.0,0.0,0.0,77.08,40.48,50.0,41.18,0.0,61.19,44.44,70.59,0.0478237196500417,0.1497326059410801,0.0,0.9402985074626864,0.0241641214925373,0.2686567164179104,2.417910447761194,3.3582089552238803,0.2387999041791043,18.13432835820896,RB/RCB,83,100,55,71,76,26,95,97,52,74,69,98,98,74,64,67,60,93,93,86,21,22,40,48,52,52,24,43,93,59,22,72,31,79,66,100,28,67,69,40,47,57,100,76,66,93,17,59,59,21,88,83,31,55,59,93,93,69,48,69,48,93,93,83,21,22,40,48,52,52,24,43,93,59,22,72,31,79,45,90,28,52,48,29,26,38,97,62,Czech League
Artis Brno,6onh4wiqdb8r50qa6oyxlbafg,6mlztsk5pqy7kiagn593y6jh0,Q. Adediran,Quadri Adediran,25,Attacker,Nigeria,Striker,14.0,1.0,14.0,2.0,27.0,14.0,1.0,1.0,13.0,11.0,2.0,10.0,13.0,29.0,3.0,0.0,364.0,21.0,7.0,2.0,5.0,2.0,4.0,2.0,0.0,0.0,0.0,58.7,66.67,25.0,20.0,30.77,39.73,43.75,83.33,1.5974407464980749,0.1639587385273061,3.0,0.0,0.0,0.0,2.0,2.0,0.3322644199999999,7.0,3.4615384615384617,0.2472527472527472,3.4615384615384617,0.4945054945054945,6.675824175824176,3.4615384615384617,0.2472527472527472,0.2472527472527472,3.2142857142857144,2.71978021978022,0.4945054945054945,2.4725274725274726,3.2142857142857144,7.170329670329671,0.7417582417582418,0.0,5.1923076923076925,1.7307692307692308,0.4945054945054945,1.2362637362637363,0.4945054945054945,0.989010989010989,0.4945054945054945,0.0,0.0,0.0,58.7,66.67,25.0,20.0,30.77,39.73,43.75,83.33,0.3949716131451284,0.0405392485369712,0.7417582417582418,0.0,0.0,0.0,0.4945054945054945,0.4945054945054945,0.0821532906593406,1.7307692307692308,ST,39,58,4,58,7,82,83,8,56,62,49,74,82,79,31,24,50,64,36,88,56,57,75,51,51,49,14,83,69,19,42,36,56,86,53,22,69,7,7,15,35,22,69,3,44,64,6,58,6,86,92,6,86,78,53,81,86,94,36,24,56,69,36,94,56,72,92,51,51,49,14,83,69,19,42,36,56,86,86,31,67,7,7,15,36,25,75,6,Czech League
Artis Brno,6onh4wiqdb8r50qa6oyxlbafg,7zy3nqjcujble4iy16c34p4dm,Papalélé,Hélio Alberto Delgado Silva,28,Attacker,Cabo Verde,Striker,27.0,5.0,59.0,6.0,81.0,12.0,2.0,9.0,7.0,6.0,1.0,22.0,23.0,39.0,2.0,7.0,599.0,23.0,10.0,5.0,7.0,1.0,1.0,0.0,0.0,0.0,0.0,69.23,37.5,31.25,22.73,14.29,53.42,66.67,58.33,0.700042690693462,0.9086852062718176,1.0,12.0,0.34017369,7.0,7.0,12.0,0.76619589,39.0,4.056761268781302,0.7512520868113522,8.864774624373956,0.9015025041736228,12.170283806343908,1.8030050083472453,0.3005008347245408,1.352253756260434,1.0517529215358932,0.9015025041736228,0.1502504173622704,3.3055091819699496,3.4557595993322203,5.859766277128547,0.3005008347245408,1.0517529215358932,3.4557595993322203,1.5025041736227045,0.7512520868113522,1.0517529215358932,0.1502504173622704,0.1502504173622704,0.0,0.0,0.0,0.0,69.23,37.5,31.25,22.73,14.29,53.42,66.67,58.33,0.1051817064480994,0.1365303314932614,0.1502504173622704,1.8030050083472453,0.0511112388981636,1.0517529215358932,1.0517529215358932,1.8030050083472453,0.1151212522537562,5.859766277128547,LW,40,60,40,100,40,80,90,80,30,40,50,80,80,100,40,100,60,90,30,100,40,20,20,60,60,60,20,20,80,20,20,80,80,80,20,80,20,40,60,80,50,70,40,60,20,60,20,100,20,80,80,80,20,40,40,60,80,80,40,100,40,80,20,80,40,20,20,60,60,60,20,20,80,20,20,80,80,80,20,80,20,40,40,40,40,60,40,20,Czech League
Artis Brno,6onh4wiqdb8r50qa6oyxlbafg,8sbuwkh69iyiy3rtepgvlmu0a,K. Pojezný,Karel Pojezny,24,Defender,Czechia,Defender,72.0,0.0,19.0,8.0,91.0,3.0,0.0,0.0,0.0,0.0,0.0,1.0,1.0,10.0,16.0,3.0,225.0,0.0,1.0,1.0,2.0,0.0,0.0,0.0,0.0,0.0,0.0,84.26,44.44,0.0,100.0,0.0,55.56,42.86,40.0,0.1424882758771975,0.0,0.0,0.0,0.0,0.0,3.0,6.0,0.13405437,54.0,28.8,0.0,7.6,3.2,36.4,1.2,0.0,0.0,0.0,0.0,0.0,0.4,0.4,4.0,6.4,1.2,0.0,0.4,0.4,0.8,0.0,0.0,0.0,0.0,0.0,0.0,84.26,44.44,0.0,100.0,0.0,55.56,42.86,40.0,0.056995310350879,0.0,0.0,0.0,0.0,0.0,1.2,2.4,0.053621748,21.6,CB,16,34,3,18,5,11,41,11,8,13,28,43,43,14,30,26,4,13,59,28,28,22,41,45,51,51,37,34,34,88,22,36,11,12,32,12,32,13,13,21,5,11,5,11,53,34,8,55,39,21,41,11,8,13,28,66,63,33,76,58,4,18,79,58,28,22,41,45,51,51,37,34,34,88,22,36,11,12,53,12,32,13,13,21,13,39,21,37,Czech League
Artis Brno,6onh4wiqdb8r50qa6oyxlbafg,c1k7kuw3phizkxjpqwb38wlw,S. Boháč,Sebastian Bohác,24,Midfielder,Czechia,Midfielder,39.0,0.0,27.0,4.0,66.0,4.0,0.0,1.0,4.0,3.0,2.0,7.0,8.0,18.0,6.0,4.0,214.0,5.0,5.0,1.0,4.0,1.0,0.0,0.0,0.0,0.0,0.0,80.49,33.33,0.0,14.29,0.0,52.94,44.44,50.0,0.3704291628915631,0.0,1.0,5.0,0.11862805,3.0,7.0,8.0,0.1510309899999999,22.0,16.401869158878505,0.0,11.355140186915888,1.6822429906542056,27.7570093457944,1.6822429906542056,0.0,0.4205607476635514,1.6822429906542056,1.2616822429906542,0.8411214953271028,2.94392523364486,3.364485981308411,7.570093457943925,2.5233644859813085,1.6822429906542056,2.102803738317757,2.102803738317757,0.4205607476635514,1.6822429906542056,0.4205607476635514,0.0,0.0,0.0,0.0,0.0,80.49,33.33,0.0,14.29,0.0,52.94,44.44,50.0,0.1557879657020592,0.0,0.4205607476635514,2.102803738317757,0.0498903014018691,1.2616822429906542,2.94392523364486,3.364485981308411,0.0635177060747663,9.25233644859813,RM/RCM,33,10,7,33,13,53,20,7,17,27,37,40,40,27,30,63,17,30,23,37,17,10,27,53,50,50,80,37,10,20,10,80,73,27,20,7,17,27,13,30,27,20,7,7,100,10,20,73,73,87,20,7,60,67,93,80,80,100,80,93,40,87,27,93,33,10,27,53,50,50,80,37,10,20,10,80,73,27,67,7,27,67,53,87,87,73,13,33,Czech League
Artis Brno,6onh4wiqdb8r50qa6oyxlbafg,crvtv5nm7gxssmewu2kbs1my2,D. Šimek,David Simek,28,Defender,Czechia,Defender,144.0,0.0,38.0,9.0,182.0,31.0,0.0,2.0,6.0,6.0,1.0,1.0,1.0,38.0,35.0,5.0,581.0,13.0,4.0,0.0,3.0,0.0,1.0,0.0,0.0,0.0,0.0,82.73,42.86,0.0,0.0,16.67,66.67,83.78,100.0,0.5654919501247293,0.1961545070000583,0.0,0.0,0.0,0.0,5.0,10.0,0.22688533,112.0,22.306368330464714,0.0,5.886402753872633,1.3941480206540446,28.19277108433735,4.802065404475043,0.0,0.3098106712564544,0.9294320137693632,0.9294320137693632,0.1549053356282272,0.1549053356282272,0.1549053356282272,5.886402753872633,5.421686746987952,0.774526678141136,2.0137693631669533,0.6196213425129088,0.0,0.4647160068846815,0.0,0.1549053356282272,0.0,0.0,0.0,0.0,82.73,42.86,0.0,0.0,16.67,66.67,83.78,100.0,0.0875977203291319,0.0303853797418334,0.0,0.0,0.0,0.0,0.774526678141136,1.549053356282272,0.035145748192771,17.349397590361445,CB,50,34,20,25,47,97,41,55,80,84,64,43,43,79,57,43,82,39,25,43,28,59,41,45,51,51,34,28,34,25,47,82,92,95,74,55,32,13,13,21,11,30,18,47,26,34,3,11,13,100,41,45,74,84,66,42,42,71,39,32,79,29,25,29,28,53,41,45,51,51,34,28,34,25,47,82,92,95,71,58,32,13,13,21,5,13,5,21,Czech League
Artis Brno,6onh4wiqdb8r50qa6oyxlbafg,cuzvy5d70w9zbxsu3po6clucp,D. Plechatý,Dominik Plechaty,27,Defender,Czechia,Defender,286.0,0.0,61.0,30.0,347.0,17.0,0.0,0.0,1.0,0.0,1.0,3.0,3.0,45.0,56.0,13.0,810.0,0.0,11.0,2.0,11.0,1.0,0.0,0.0,0.0,0.0,0.0,87.85,58.82,0.0,66.67,0.0,62.5,56.67,73.33,0.0495069983357991,0.0,1.0,0.0,0.0,0.0,12.0,15.0,0.3998215899999999,196.0,31.77777777777778,0.0,6.777777777777778,3.333333333333333,38.55555555555556,1.8888888888888888,0.0,0.0,0.1111111111111111,0.0,0.1111111111111111,0.3333333333333333,0.3333333333333333,5.0,6.222222222222222,1.4444444444444444,0.0,1.2222222222222223,0.2222222222222222,1.2222222222222223,0.1111111111111111,0.0,0.0,0.0,0.0,0.0,87.85,58.82,0.0,66.67,0.0,62.5,56.67,73.33,0.0055007775928665,0.0,0.1111111111111111,0.0,0.0,0.0,1.3333333333333333,1.6666666666666667,0.0444246211111111,21.77777777777778,CB,84,34,53,91,79,71,41,11,26,13,64,74,71,87,96,89,4,92,74,91,72,22,41,45,51,51,61,82,34,63,22,61,47,75,18,12,78,13,13,21,42,47,47,71,58,34,5,62,50,34,41,11,17,13,57,54,54,50,64,79,4,63,63,72,59,22,41,45,51,51,61,82,34,63,22,61,47,75,18,12,67,13,13,21,16,16,8,39,Czech League
Artis Brno,6onh4wiqdb8r50qa6oyxlbafg,dbku5mn74cqjzu7o91vzrlbtg,S. Komljenović,Sacha Komljenovic,23,Midfielder,Netherlands,Midfielder,52.0,0.0,47.0,12.0,99.0,8.0,0.0,3.0,5.0,5.0,0.0,4.0,5.0,29.0,9.0,3.0,421.0,9.0,14.0,3.0,3.0,0.0,2.0,1.0,0.0,0.0,0.0,76.74,54.55,0.0,75.0,40.0,60.42,57.14,75.0,0.4980117804235756,0.1940264147237731,0.0,4.0,0.12728559,0.0,10.0,11.0,0.20898095,42.0,11.116389548693586,0.0,10.04750593824228,2.565320665083135,21.163895486935864,1.7102137767220902,0.0,0.6413301662707838,1.0688836104513064,1.0688836104513064,0.0,0.8551068883610451,1.0688836104513064,6.199524940617577,1.9239904988123515,0.6413301662707838,1.9239904988123515,2.9928741092636577,0.6413301662707838,0.6413301662707838,0.0,0.4275534441805225,0.2137767220902612,0.0,0.0,0.0,76.74,54.55,0.0,75.0,40.0,60.42,57.14,75.0,0.1064633259812869,0.0414783309385738,0.0,0.8551068883610451,0.0272106961995249,0.0,2.137767220902613,2.351543942992874,0.0446752624703087,8.978622327790973,RM/RCM,40,10,20,83,20,87,20,13,27,53,7,30,33,53,57,50,40,97,40,23,7,37,57,53,50,50,47,80,10,100,60,93,87,80,40,13,7,17,20,7,47,30,13,20,67,10,13,87,40,93,20,13,20,53,7,27,33,87,60,53,33,100,47,40,7,40,53,53,50,50,47,80,10,100,60,93,87,80,47,13,7,20,27,7,40,33,7,27,Czech League
Artis Brno,6onh4wiqdb8r50qa6oyxlbafg,jxrq5a63f8wjyonu0prz48ut,D. Preisler,Dominik Preisler,31,Defender,Czechia,Defender,60.0,8.0,59.0,22.0,111.0,6.0,0.0,9.0,4.0,2.0,1.0,6.0,9.0,25.0,19.0,6.0,478.0,2.0,3.0,3.0,11.0,2.0,0.0,0.0,0.0,0.0,0.0,64.91,46.81,26.67,50.0,0.0,58.14,60.0,84.62,0.3704003621578635,0.7334489360030153,1.0,4.0,0.0990631,2.0,13.0,20.0,1.11349924,57.0,11.297071129707112,1.5062761506276152,11.108786610878662,4.142259414225942,20.89958158995816,1.1297071129707112,0.0,1.694560669456067,0.7531380753138076,0.3765690376569038,0.1882845188284519,1.1297071129707112,1.694560669456067,4.7071129707112975,3.577405857740586,1.1297071129707112,0.3765690376569038,0.5648535564853556,0.5648535564853556,2.071129707112971,0.3765690376569038,0.0,0.0,0.0,0.0,0.0,64.91,46.81,26.67,50.0,0.0,58.14,60.0,84.62,0.0697406539627776,0.1380970800005677,0.1882845188284519,0.7531380753138076,0.0186520481171548,0.3765690376569038,2.4476987447698746,3.765690376569038,0.2096546686192468,10.732217573221758,LB/LCB,32,94,24,96,28,44,40,90,54,46,58,72,82,46,50,48,10,24,70,88,60,24,38,48,52,52,4,72,64,66,24,72,62,80,60,88,52,48,48,40,46,48,88,28,32,96,28,100,28,52,40,96,68,44,68,72,84,48,60,72,12,28,80,92,68,24,38,48,52,52,4,72,64,66,24,72,62,80,60,88,68,56,52,44,44,76,96,28,Czech League
Sigma Olomouc,dchxm00ei80l8ljbcfpdill8k,24ag393ieajcfwhg66ui2zotm,A. Ghali,Ahmad Ghali,26,Midfielder,Nigeria,Midfielder,114.0,5.0,141.0,5.0,250.0,5.0,1.0,11.0,14.0,10.0,4.0,13.0,14.0,35.0,21.0,8.0,783.0,25.0,10.0,7.0,6.0,4.0,8.0,3.0,0.0,0.0,0.0,83.89,22.73,19.23,53.85,57.14,57.38,38.46,46.15,1.1620177824849696,0.711806314383009,5.0,17.0,0.41237344,9.0,19.0,21.0,1.0961768900000002,121.0,13.10344827586207,0.574712643678161,16.20689655172414,0.574712643678161,28.73563218390805,0.574712643678161,0.1149425287356322,1.264367816091954,1.6091954022988506,1.149425287356322,0.4597701149425288,1.4942528735632186,1.6091954022988506,4.022988505747127,2.413793103448276,0.9195402298850576,2.873563218390805,1.149425287356322,0.8045977011494253,0.6896551724137931,0.4597701149425288,0.9195402298850576,0.3448275862068966,0.0,0.0,0.0,83.89,22.73,19.23,53.85,57.14,57.38,38.46,46.15,0.1335652623545942,0.0818168177451734,0.574712643678161,1.9540229885057472,0.0473992459770115,1.0344827586206895,2.183908045977012,2.413793103448276,0.1259973436781609,13.908045977011495,RM/RCM,93,67,87,47,93,70,50,80,87,87,80,53,53,87,97,90,67,73,70,70,57,93,90,53,50,50,100,7,73,80,100,87,47,20,67,60,50,73,73,93,93,70,73,93,80,60,67,20,80,47,40,53,53,60,47,40,40,47,73,73,53,53,53,53,40,87,80,53,50,50,100,7,73,80,100,87,47,20,53,33,33,60,40,73,47,40,47,80,Czech League
Sigma Olomouc,dchxm00ei80l8ljbcfpdill8k,2ajvbnkl3znpich7x6k5a8w2y,D. Janošek,Dominik Janosek,28,Midfielder,Czechia,Midfielder,150.0,7.0,217.0,29.0,360.0,3.0,3.0,9.0,11.0,4.0,0.0,7.0,7.0,20.0,6.0,1.0,616.0,6.0,10.0,4.0,3.0,7.0,5.0,1.0,0.0,0.0,1.0,84.31,52.73,26.92,57.14,45.45,47.62,50.0,75.0,0.7684458420050821,1.0089825351199675,4.0,10.0,0.2533553899999999,7.0,40.0,48.0,1.3815481500000004,170.0,21.915584415584416,1.0227272727272727,31.704545454545457,4.237012987012987,52.5974025974026,0.4383116883116883,0.4383116883116883,1.314935064935065,1.6071428571428572,0.5844155844155845,0.0,1.0227272727272727,1.0227272727272727,2.9220779220779223,0.8766233766233766,0.1461038961038961,0.8766233766233766,1.4610389610389611,0.5844155844155845,0.4383116883116883,1.0227272727272727,0.7305194805194806,0.1461038961038961,0.0,0.0,0.1461038961038961,84.31,52.73,26.92,57.14,45.45,47.62,50.0,75.0,0.1122729314617815,0.1474162794818134,0.5844155844155845,1.4610389610389611,0.037016209577922,1.0227272727272727,5.8441558441558445,7.012987012987013,0.2018495673701299,24.837662337662337,DM/CM,79,100,89,93,89,39,98,95,91,80,11,70,70,32,39,9,59,75,66,11,91,98,84,52,52,100,50,64,89,57,93,32,50,77,79,100,80,75,79,89,86,89,100,86,79,100,96,96,89,36,100,96,75,68,11,61,61,14,25,7,50,71,64,11,89,100,79,52,52,100,50,64,89,57,93,32,50,77,68,100,71,68,64,82,89,93,89,86,Czech League
Sigma Olomouc,dchxm00ei80l8ljbcfpdill8k,2jtsn4w1j0qp3hhw0oycnbnfu,M. Beran,Michal Beran,26,Midfielder,Czechia,Midfielder,306.0,1.0,238.0,24.0,543.0,1.0,0.0,8.0,10.0,3.0,4.0,5.0,5.0,18.0,12.0,5.0,772.0,5.0,5.0,4.0,6.0,7.0,1.0,0.0,0.0,0.0,0.0,89.02,47.06,11.11,80.0,10.0,38.3,16.67,75.0,0.7396051568557352,0.6246943317724797,5.0,26.0,0.5794928999999999,10.0,55.0,58.0,1.2843996,328.0,35.67357512953368,0.116580310880829,27.74611398963731,2.7979274611398965,63.30310880829016,0.116580310880829,0.0,0.932642487046632,1.1658031088082903,0.349740932642487,0.466321243523316,0.5829015544041452,0.5829015544041452,2.098445595854922,1.3989637305699485,0.5829015544041452,0.5829015544041452,0.5829015544041452,0.466321243523316,0.6994818652849741,0.8160621761658031,0.116580310880829,0.0,0.0,0.0,0.0,89.02,47.06,11.11,80.0,10.0,38.3,16.67,75.0,0.0862233991153059,0.0728270594035274,0.5829015544041452,3.0310880829015545,0.0675574624352331,1.1658031088082903,6.411917098445596,6.761658031088083,0.1497357046632124,38.23834196891192,DM/CM,100,59,96,89,100,16,34,82,80,64,89,45,43,29,79,32,48,39,66,50,91,48,39,52,52,50,93,46,54,86,39,7,11,77,71,79,93,100,100,100,93,100,93,100,100,50,82,86,96,11,34,54,64,46,79,32,32,4,54,14,32,21,54,21,75,39,39,52,52,50,93,46,54,86,39,7,11,77,61,54,68,100,100,96,93,89,79,100,Czech League
Sigma Olomouc,dchxm00ei80l8ljbcfpdill8k,41dpaf86yifqltfknko0ow9yi,M. Soldo,Marko Soldo,22,Midfielder,Croatia,Midfielder,79.0,0.0,53.0,6.0,132.0,8.0,0.0,1.0,3.0,0.0,0.0,9.0,9.0,23.0,5.0,4.0,348.0,1.0,2.0,5.0,3.0,3.0,2.0,1.0,0.0,0.0,0.0,87.42,60.0,0.0,55.56,66.67,56.1,80.0,37.5,0.1721046565795511,0.0,2.0,5.0,0.12836069,4.0,9.0,8.0,0.14660613,57.0,20.43103448275862,0.0,13.706896551724135,1.5517241379310345,34.13793103448276,2.0689655172413794,0.0,0.2586206896551724,0.7758620689655172,0.0,0.0,2.327586206896552,2.327586206896552,5.948275862068965,1.293103448275862,1.0344827586206895,0.2586206896551724,0.5172413793103449,1.293103448275862,0.7758620689655172,0.7758620689655172,0.5172413793103449,0.2586206896551724,0.0,0.0,0.0,87.42,60.0,0.0,55.56,66.67,56.1,80.0,37.5,0.0445098249774701,0.0,0.5172413793103449,1.293103448275862,0.0331967301724137,1.0344827586206895,2.327586206896552,2.0689655172413794,0.0379153784482758,14.741379310344827,DM/CM,43,25,29,21,36,80,34,14,21,14,11,84,84,45,29,23,11,12,84,11,45,73,84,52,52,50,82,80,25,50,98,71,98,11,14,7,45,39,32,59,27,20,18,25,68,25,50,36,54,96,34,18,36,14,11,96,96,93,46,46,14,14,96,29,68,89,89,52,52,50,82,80,25,50,98,71,98,11,29,7,64,46,57,86,32,29,21,43,Czech League
Sigma Olomouc,dchxm00ei80l8ljbcfpdill8k,4oubhd9ynqsn29p2mqwhw02ui,L. Lurvink,Louis Lurvink,24,Defender,Switzerland,Defender,280.0,1.0,160.0,13.0,439.0,17.0,0.0,4.0,7.0,6.0,1.0,4.0,4.0,52.0,51.0,20.0,810.0,12.0,11.0,3.0,16.0,1.0,3.0,2.0,0.0,0.0,0.0,91.08,61.9,50.0,75.0,42.86,59.09,43.59,72.73,1.0793306169083745,0.2795764496109496,1.0,13.0,0.28061399,8.0,31.0,27.0,0.9425730900000004,255.0,31.11111111111111,0.1111111111111111,17.77777777777778,1.4444444444444444,48.77777777777778,1.8888888888888888,0.0,0.4444444444444444,0.7777777777777778,0.6666666666666666,0.1111111111111111,0.4444444444444444,0.4444444444444444,5.777777777777778,5.666666666666667,2.2222222222222223,1.3333333333333333,1.2222222222222223,0.3333333333333333,1.7777777777777777,0.1111111111111111,0.3333333333333333,0.2222222222222222,0.0,0.0,0.0,91.08,61.9,50.0,75.0,42.86,59.09,43.59,72.73,0.1199256241009305,0.0310640499567721,0.1111111111111111,1.4444444444444444,0.0311793322222222,0.8888888888888888,3.4444444444444446,3.0,0.1047303433333333,28.33333333333333,LB/LCB,100,38,100,58,100,96,40,54,86,100,58,40,38,96,96,100,90,84,70,92,36,90,98,48,52,52,92,92,92,94,84,84,32,56,100,48,52,88,80,94,92,78,72,100,96,28,88,36,92,72,40,44,72,92,46,32,32,84,96,100,68,76,52,84,26,84,96,48,52,52,92,92,92,94,84,84,32,56,100,40,34,72,64,84,72,40,64,96,Czech League
Sigma Olomouc,dchxm00ei80l8ljbcfpdill8k,6po5zochya9bx4ofzhuvbcglw,D. Tkáč,David Tkác,24,Midfielder,Czechia,Midfielder,57.0,0.0,64.0,2.0,121.0,2.0,0.0,2.0,9.0,7.0,2.0,10.0,10.0,37.0,1.0,3.0,470.0,19.0,18.0,3.0,10.0,2.0,4.0,2.0,0.0,0.0,0.0,79.08,25.0,0.0,30.0,44.44,47.44,20.0,71.43,0.9732531509878916,0.1613081585162491,1.0,17.0,0.43158292,7.0,14.0,10.0,0.29382808,48.0,10.914893617021276,0.0,12.25531914893617,0.3829787234042553,23.170212765957448,0.3829787234042553,0.0,0.3829787234042553,1.7234042553191489,1.3404255319148937,0.3829787234042553,1.9148936170212765,1.9148936170212765,7.085106382978723,0.1914893617021276,0.5744680851063829,3.638297872340425,3.4468085106382977,0.5744680851063829,1.9148936170212765,0.3829787234042553,0.7659574468085106,0.3829787234042553,0.0,0.0,0.0,79.08,25.0,0.0,30.0,44.44,47.44,20.0,71.43,0.1863676246572558,0.0308887963116221,0.1914893617021276,3.25531914893617,0.0826435378723404,1.3404255319148937,2.680851063829788,1.9148936170212765,0.0562649514893617,9.191489361702128,LM/LCM,83,13,67,43,80,43,40,13,80,80,67,60,47,87,10,73,87,93,50,87,37,83,87,50,53,53,60,30,13,20,80,53,40,60,87,13,30,93,87,87,93,70,33,73,87,13,33,33,73,33,40,7,60,73,53,40,40,93,7,60,67,100,33,100,20,80,80,50,53,53,60,30,13,20,80,53,40,60,67,7,20,73,80,67,87,40,20,67,Czech League
Sigma Olomouc,dchxm00ei80l8ljbcfpdill8k,71wijkzueuulwshsw7z5cmb8q,M. Malý,Matús Maly,25,Defender,Slovakia,Defender,317.0,0.0,82.0,25.0,399.0,17.0,0.0,1.0,2.0,2.0,2.0,0.0,0.0,26.0,34.0,7.0,607.0,4.0,5.0,0.0,5.0,0.0,0.0,0.0,0.0,0.0,0.0,91.51,58.14,0.0,0.0,0.0,49.06,53.12,71.43,0.1907170717542802,0.0910335574764727,0.0,1.0,0.0199707,0.0,9.0,16.0,0.4837700899999997,293.0,47.00164744645799,0.0,12.158154859967052,3.70675453047776,59.15980230642504,2.5205930807248764,0.0,0.1482701812191103,0.2965403624382207,0.2965403624382207,0.2965403624382207,0.0,0.0,3.8550247116968697,5.041186161449753,1.037891268533773,0.5930807248764415,0.7413509060955519,0.0,0.7413509060955519,0.0,0.0,0.0,0.0,0.0,0.0,91.51,58.14,0.0,0.0,0.0,49.06,53.12,71.43,0.0282776547905852,0.0134975620640569,0.0,0.1482701812191103,0.0029610593080724,0.0,1.3344316309719937,2.372322899505766,0.0717286789126852,43.44316309719934,CB,88,34,66,70,87,71,41,32,45,51,82,16,16,55,53,62,42,53,25,58,28,22,41,45,51,51,84,79,34,25,22,13,34,71,45,37,32,30,29,21,29,54,55,87,97,34,50,68,87,61,41,21,34,39,79,16,16,29,34,55,26,39,25,53,28,22,41,45,51,51,84,79,34,25,22,13,34,71,32,34,32,29,26,21,18,37,39,92,Czech League
Sigma Olomouc,dchxm00ei80l8ljbcfpdill8k,88zlgst2hpsk88eyu3pv654a,M. Hadaš,Matej Hadas,22,Defender,Czechia,Defender,24.0,1.0,23.0,4.0,46.0,0.0,1.0,3.0,3.0,3.0,0.0,3.0,3.0,10.0,6.0,1.0,200.0,5.0,7.0,0.0,2.0,0.0,1.0,0.0,0.0,0.0,0.0,77.97,66.67,20.0,0.0,33.33,43.48,0.0,66.67,0.2496939144590769,0.3634113769652737,1.0,1.0,0.05491138,2.0,7.0,6.0,0.35037784,21.0,10.8,0.4499999999999999,10.35,1.7999999999999998,20.7,0.0,0.4499999999999999,1.35,1.35,1.35,0.0,1.35,1.35,4.5,2.7,0.4499999999999999,2.25,3.15,0.0,0.8999999999999999,0.0,0.4499999999999999,0.0,0.0,0.0,0.0,77.97,66.67,20.0,0.0,33.33,43.48,0.0,66.67,0.1123622615065846,0.1635351196343731,0.4499999999999999,0.4499999999999999,0.024710121,0.8999999999999999,3.15,2.7,0.157670028,9.45,RB/RCB,3,34,3,19,3,5,81,40,52,74,28,29,29,9,9,12,50,66,12,9,21,59,40,48,52,52,34,97,57,12,78,24,5,64,48,72,66,7,21,40,10,10,17,3,24,55,7,41,17,5,97,90,90,100,28,76,76,41,24,14,86,100,12,36,21,97,40,48,52,52,34,97,57,12,78,24,5,64,79,97,86,21,59,81,45,21,72,10,Czech League
Sigma Olomouc,dchxm00ei80l8ljbcfpdill8k,af8gj4w5eg8rdl4iq7fi8aa96,A. Sylla,Abdoulaye Sylla,26,Defender,Guinea,Defender,260.0,3.0,154.0,17.0,411.0,9.0,2.0,7.0,5.0,1.0,1.0,4.0,4.0,55.0,50.0,8.0,810.0,7.0,7.0,3.0,23.0,4.0,3.0,0.0,1.0,0.0,0.0,82.86,30.36,20.0,75.0,60.0,73.33,52.94,63.89,0.2492981919697787,0.7452741903895757,3.0,10.0,0.22006849,7.0,35.0,36.0,1.5234762499999994,257.0,28.88888888888889,0.3333333333333333,17.11111111111111,1.8888888888888888,45.66666666666666,1.0,0.2222222222222222,0.7777777777777778,0.5555555555555556,0.1111111111111111,0.1111111111111111,0.4444444444444444,0.4444444444444444,6.111111111111111,5.555555555555555,0.8888888888888888,0.7777777777777778,0.7777777777777778,0.3333333333333333,2.555555555555556,0.4444444444444444,0.3333333333333333,0.0,0.1111111111111111,0.0,0.0,82.86,30.36,20.0,75.0,60.0,73.33,52.94,63.89,0.0276997991077531,0.0828082433766195,0.3333333333333333,1.1111111111111112,0.0244520544444444,0.7777777777777778,3.888888888888889,4.0,0.1692751388888888,28.55555555555556,RB/RCB,100,60,93,71,100,59,95,90,78,34,69,48,47,97,97,78,67,66,79,100,91,98,40,98,52,52,62,17,57,93,93,100,45,55,45,90,91,91,93,91,90,79,97,100,93,38,66,45,90,34,83,59,45,24,55,31,31,72,97,62,45,34,59,97,86,83,40,97,52,52,62,17,57,93,93,100,45,55,31,72,79,66,52,76,69,52,79,97,Czech League
Sigma Olomouc,dchxm00ei80l8ljbcfpdill8k,al7bdbzd91zkuh6ilsvw3fsru,V. Sejk,Václav Sejk,24,Attacker,Czechia,Striker,66.0,1.0,76.0,5.0,141.0,10.0,2.0,10.0,14.0,9.0,2.0,9.0,10.0,21.0,10.0,0.0,758.0,26.0,6.0,3.0,1.0,5.0,7.0,3.0,0.0,0.0,1.0,81.98,83.33,16.67,33.33,50.0,27.63,28.57,50.0,2.234459682896318,0.8626225882523938,5.0,14.0,0.45648663,9.0,7.0,11.0,0.5863528900000002,43.0,7.836411609498681,0.1187335092348284,9.023746701846964,0.5936675461741424,16.741424802110817,1.1873350923482848,0.2374670184696569,1.1873350923482848,1.6622691292875988,1.0686015831134563,0.2374670184696569,1.0686015831134563,1.1873350923482848,2.4934036939313984,1.1873350923482848,0.0,3.0870712401055407,0.7124010554089709,0.3562005277044854,0.1187335092348284,0.5936675461741424,0.8311345646437994,0.3562005277044854,0.0,0.0,0.1187335092348284,81.98,83.33,16.67,33.33,50.0,27.63,28.57,50.0,0.2653052393940219,0.1024222070484372,0.5936675461741424,1.6622691292875988,0.0542002594986807,1.0686015831134563,0.8311345646437994,1.306068601583113,0.0696197362796834,5.105540897097625,ST,100,58,89,90,100,71,99,96,67,56,49,64,69,65,92,24,65,50,57,28,90,85,88,51,51,99,94,97,57,38,88,11,24,40,92,94,89,97,97,100,79,86,92,89,97,50,58,67,81,50,89,69,22,19,33,28,28,3,67,24,14,19,25,22,69,56,64,51,51,97,94,97,57,38,88,11,24,40,44,72,58,78,78,89,67,69,64,78,Czech League
Sigma Olomouc,dchxm00ei80l8ljbcfpdill8k,brj06i09sbgce9dmhurjyktwq,P. Baráth,Péter Baráth,24,Midfielder,Hungary,Midfielder,183.0,1.0,151.0,16.0,333.0,10.0,1.0,7.0,14.0,7.0,3.0,5.0,6.0,27.0,7.0,11.0,630.0,12.0,4.0,2.0,6.0,7.0,5.0,3.0,0.0,0.0,0.0,84.95,57.14,20.0,40.0,35.71,43.55,66.67,54.55,1.5607568619497028,0.5395742783588164,5.0,5.0,0.132466,4.0,17.0,23.0,0.64178618,155.0,26.142857142857142,0.1428571428571428,21.571428571428573,2.2857142857142856,47.57142857142857,1.4285714285714286,0.1428571428571428,1.0,2.0,1.0,0.4285714285714285,0.7142857142857143,0.8571428571428571,3.857142857142857,1.0,1.5714285714285714,1.7142857142857142,0.5714285714285714,0.2857142857142857,0.8571428571428571,1.0,0.7142857142857143,0.4285714285714285,0.0,0.0,0.0,84.95,57.14,20.0,40.0,35.71,43.55,66.67,54.55,0.2229652659928147,0.0770820397655452,0.7142857142857143,0.7142857142857143,0.0189237142857142,0.5714285714285714,2.4285714285714284,3.2857142857142856,0.09168374,22.142857142857142,DM/CM,86,59,79,77,86,91,80,66,98,96,73,45,54,57,50,98,86,29,36,50,91,98,98,52,52,50,64,71,68,32,86,21,89,36,100,57,93,39,43,59,54,62,54,79,86,54,71,61,82,89,79,62,95,93,64,39,46,39,36,100,75,18,29,36,82,96,100,52,52,50,64,71,68,32,86,21,89,36,100,61,86,29,25,50,43,50,43,79,Czech League
Sigma Olomouc,dchxm00ei80l8ljbcfpdill8k,c1p51x3fg0dgss14z9vozfqc4,A. Ekeroth,Anton Ekeroth,25,Defender,Sweden,Defender,35.0,7.0,46.0,1.0,74.0,0.0,1.0,5.0,2.0,2.0,0.0,7.0,9.0,10.0,4.0,0.0,330.0,6.0,6.0,0.0,3.0,0.0,0.0,0.0,0.0,0.0,0.0,85.06,20.0,46.67,0.0,0.0,27.78,0.0,75.0,0.2288420302806054,0.5069910312167427,0.0,6.0,0.1446591099999999,2.0,3.0,5.0,0.2943758799999999,24.0,9.545454545454543,1.9090909090909087,12.545454545454549,0.2727272727272727,20.181818181818183,0.0,0.2727272727272727,1.3636363636363638,0.5454545454545455,0.5454545454545455,0.0,1.9090909090909087,2.4545454545454546,2.7272727272727275,1.090909090909091,0.0,1.6363636363636365,1.6363636363636365,0.0,0.8181818181818182,0.0,0.0,0.0,0.0,0.0,0.0,85.06,20.0,46.67,0.0,0.0,27.78,0.0,75.0,0.0624114628038014,0.1382702812409298,0.0,1.6363636363636365,0.0394524845454545,0.5454545454545455,0.8181818181818182,1.3636363636363638,0.0802843309090908,6.545454545454546,LB/LCB,12,86,20,4,4,4,86,66,22,46,22,80,82,12,6,4,52,68,14,12,12,24,38,48,52,52,72,4,84,14,24,4,4,68,32,72,16,64,64,40,8,12,16,8,24,100,36,4,20,4,96,78,44,84,22,92,96,12,8,4,76,80,14,32,12,24,38,48,52,52,72,4,84,14,24,4,4,68,52,92,16,80,84,52,8,16,40,8,Czech League
Sigma Olomouc,dchxm00ei80l8ljbcfpdill8k,db4zz1wfrrkxgkl5mwce73q50,F. Krivak,Fabijan Krivak,21,Midfielder,Croatia,Midfielder,23.0,4.0,63.0,7.0,82.0,0.0,1.0,6.0,2.0,2.0,0.0,7.0,7.0,6.0,0.0,3.0,224.0,7.0,2.0,3.0,1.0,0.0,2.0,1.0,0.0,0.0,0.0,79.61,63.64,50.0,42.86,100.0,28.57,0.0,100.0,0.1561178029655947,0.6913571036609122,0.0,10.0,0.22777701,2.0,8.0,10.0,0.31704867,34.0,9.241071428571429,1.6071428571428572,25.3125,2.8125,32.94642857142857,0.0,0.4017857142857143,2.4107142857142856,0.8035714285714286,0.8035714285714286,0.0,2.8125,2.8125,2.4107142857142856,0.0,1.2053571428571428,2.8125,0.8035714285714286,1.2053571428571428,0.4017857142857143,0.0,0.8035714285714286,0.4017857142857143,0.0,0.0,0.0,79.61,63.64,50.0,42.86,100.0,28.57,0.0,100.0,0.0627259029772478,0.2777774077209022,0.0,4.017857142857142,0.0915175486607142,0.8035714285714286,3.2142857142857144,4.017857142857142,0.1273856263392857,13.660714285714285,CM/AM,14,46,22,61,24,7,67,31,14,29,8,36,33,7,4,68,31,14,33,7,8,47,71,50,51,51,42,88,92,39,99,6,7,97,14,47,7,50,42,26,32,25,14,22,39,83,86,94,69,7,97,75,22,61,8,83,81,14,4,100,69,22,78,19,8,78,89,50,51,51,42,88,92,39,99,6,7,97,19,86,7,97,86,56,64,69,47,58,Czech League
Slavia Praha,8kpapuorr6hf0vosnovbreqqd,1zrqqif7sapaypdyrau1mauei,T. Vlček,Tomás Vlcek,25,Defender,Czechia,Defender,89.0,0.0,53.0,18.0,142.0,13.0,0.0,1.0,0.0,0.0,0.0,0.0,0.0,23.0,26.0,6.0,335.0,3.0,3.0,0.0,7.0,0.0,0.0,0.0,0.0,0.0,0.0,82.08,47.37,0.0,0.0,0.0,51.11,50.0,100.0,0.0,0.0422572522227838,0.0,1.0,0.01689528,0.0,15.0,15.0,0.2844136199999999,86.0,23.91044776119403,0.0,14.238805970149253,4.835820895522388,38.14925373134328,3.492537313432836,0.0,0.2686567164179104,0.0,0.0,0.0,0.0,0.0,6.17910447761194,6.985074626865671,1.611940298507463,0.8059701492537313,0.8059701492537313,0.0,1.880597014925373,0.0,0.0,0.0,0.0,0.0,0.0,82.08,47.37,0.0,0.0,0.0,51.11,50.0,100.0,0.0,0.0113526946270165,0.0,0.2686567164179104,0.0045390304477611,0.0,4.029850746268656,4.029850746268656,0.0764096292537313,23.104477611940297,CB,32,34,43,57,37,62,41,32,8,13,28,16,16,49,42,51,32,26,25,76,28,22,41,45,51,51,29,39,34,25,22,24,29,95,8,29,32,30,26,21,58,47,34,37,32,34,61,95,47,92,41,37,8,13,28,16,16,84,89,87,45,45,25,97,28,22,41,45,51,51,29,39,34,25,22,24,29,95,8,26,32,34,32,21,82,71,50,42,Czech League
Slavia Praha,8kpapuorr6hf0vosnovbreqqd,1zu783m2glrryfivtnjninklw,S. Isife,Samuel Isife,22,Defender,Nigeria,Defender,48.0,4.0,74.0,10.0,118.0,4.0,2.0,6.0,5.0,1.0,1.0,7.0,7.0,20.0,16.0,1.0,380.0,3.0,7.0,2.0,5.0,4.0,1.0,0.0,0.0,0.0,0.0,78.67,45.45,19.05,28.57,20.0,51.28,50.0,71.43,0.2820933707375856,0.6683882021237643,2.0,1.0,0.01870347,3.0,14.0,26.0,0.89690548,64.0,11.36842105263158,0.9473684210526316,17.526315789473685,2.3684210526315788,27.94736842105263,0.9473684210526316,0.4736842105263157,1.4210526315789471,1.1842105263157894,0.2368421052631578,0.2368421052631578,1.6578947368421053,1.6578947368421053,4.7368421052631575,3.789473684210526,0.2368421052631578,0.7105263157894737,1.6578947368421053,0.4736842105263157,1.1842105263157894,0.9473684210526316,0.2368421052631578,0.0,0.0,0.0,0.0,78.67,45.45,19.05,28.57,20.0,51.28,50.0,71.43,0.0668115878062702,0.1583024689240494,0.4736842105263157,0.2368421052631578,0.0044297692105263,0.7105263157894737,3.3157894736842106,6.157894736842105,0.2124249821052631,15.157894736842104,RB/RCB,21,81,34,41,28,26,95,79,78,34,69,76,76,41,41,12,31,66,57,41,91,59,40,48,52,52,38,62,52,38,52,34,38,83,52,86,83,7,7,64,31,62,72,28,31,90,69,62,31,31,100,97,86,34,78,88,83,52,59,10,38,86,69,55,97,64,40,48,52,52,38,62,52,38,52,34,38,83,62,93,93,7,3,72,48,90,93,41,Czech League
Slavia Praha,8kpapuorr6hf0vosnovbreqqd,5lwvt18g3d2qpuce2nqul4cet,L. Provod,Lukás Provod,29,Midfielder,Czechia,Midfielder,21.0,3.0,151.0,7.0,169.0,10.0,0.0,13.0,16.0,7.0,5.0,10.0,10.0,31.0,3.0,0.0,455.0,27.0,8.0,8.0,3.0,9.0,3.0,0.0,0.0,0.0,0.0,82.44,63.64,16.67,80.0,18.75,58.49,76.92,60.0,1.1210379207244654,1.2199642627032214,9.0,17.0,0.4804161399999999,7.0,22.0,31.0,1.7540348400000003,87.0,4.153846153846154,0.5934065934065934,29.86813186813187,1.3846153846153846,33.42857142857143,1.978021978021978,0.0,2.571428571428572,3.164835164835165,1.3846153846153846,0.989010989010989,1.978021978021978,1.978021978021978,6.131868131868132,0.5934065934065934,0.0,5.340659340659341,1.5824175824175826,1.5824175824175826,0.5934065934065934,1.7802197802197803,0.5934065934065934,0.0,0.0,0.0,0.0,82.44,63.64,16.67,80.0,18.75,58.49,76.92,60.0,0.2217437645389052,0.241311612402835,1.7802197802197803,3.3626373626373627,0.0950273683516483,1.3846153846153846,4.351648351648352,6.131868131868132,0.3469519463736265,17.208791208791208,CM/AM,8,36,83,61,67,97,24,74,88,76,85,67,56,78,44,11,97,61,90,42,89,65,29,50,51,51,61,88,18,86,36,86,94,49,72,72,94,93,97,71,81,89,94,68,6,28,94,56,78,94,24,83,97,81,97,64,64,89,33,11,100,61,89,36,97,64,29,50,51,51,61,88,18,86,36,86,94,49,86,78,97,89,89,78,83,92,100,75,Czech League
Slavia Praha,8kpapuorr6hf0vosnovbreqqd,5qmcavsj5qtswsjc2djmxn5sk,M. Konečný,Mikulás Konecny,20,Defender,Czechia,Defender,93.0,1.0,68.0,17.0,160.0,13.0,0.0,4.0,1.0,0.0,0.0,5.0,5.0,35.0,26.0,3.0,451.0,3.0,4.0,4.0,7.0,1.0,0.0,0.0,0.0,0.0,0.0,80.81,45.95,50.0,80.0,0.0,64.81,76.47,50.0,0.0700577600662007,0.3661467172788778,0.0,3.0,0.07883663,1.0,13.0,24.0,0.6778888400000002,90.0,18.55875831485588,0.1995565410199556,13.569844789356983,3.3924611973392462,31.929046563192905,2.5942350332594235,0.0,0.7982261640798226,0.1995565410199556,0.0,0.0,0.9977827050997784,0.9977827050997784,6.984478935698448,5.188470066518847,0.5986696230598669,0.5986696230598669,0.7982261640798226,0.7982261640798226,1.3968957871396896,0.1995565410199556,0.0,0.0,0.0,0.0,0.0,80.81,45.95,50.0,80.0,0.0,64.81,76.47,50.0,0.0139804842704169,0.0730669724059844,0.0,0.5986696230598669,0.01573236518847,0.1995565410199556,2.5942350332594235,4.789356984478935,0.1352771521064301,17.96008869179601,LB/LCB,56,38,38,82,44,80,40,54,8,10,22,58,54,76,68,20,18,38,86,54,36,24,38,48,52,52,52,68,92,100,24,96,88,16,8,60,16,38,40,22,46,62,56,52,60,48,52,88,60,96,40,68,8,10,22,60,60,100,76,20,32,48,88,72,48,24,38,48,52,52,52,68,92,100,24,96,88,16,8,68,16,48,48,20,56,96,72,68,Czech League
Slavia Praha,8kpapuorr6hf0vosnovbreqqd,6hv9tqpqwe60p2z34uzr91l3o,W. Nowak,Wiktor Nowak,22,Midfielder,Poland,Midfielder,57.0,2.0,88.0,7.0,143.0,6.0,1.0,8.0,17.0,11.0,2.0,12.0,12.0,28.0,14.0,6.0,621.0,22.0,9.0,5.0,6.0,6.0,7.0,5.0,0.0,0.0,0.0,80.34,36.84,66.67,41.67,41.18,43.08,40.0,75.0,1.937675020738796,0.6067917943768556,6.0,8.0,0.17833835,4.0,15.0,17.0,0.36233887,70.0,8.26086956521739,0.2898550724637681,12.753623188405795,1.0144927536231882,20.72463768115941,0.8695652173913043,0.144927536231884,1.1594202898550725,2.463768115942029,1.5942028985507246,0.2898550724637681,1.7391304347826086,1.7391304347826086,4.057971014492753,2.0289855072463765,0.8695652173913043,3.188405797101449,1.3043478260869563,0.7246376811594203,0.8695652173913043,0.8695652173913043,1.0144927536231882,0.7246376811594203,0.0,0.0,0.0,80.34,36.84,66.67,41.67,41.18,43.08,40.0,75.0,0.2808224667737385,0.0879408397647616,0.8695652173913043,1.1594202898550725,0.0258461376811594,0.5797101449275363,2.1739130434782608,2.463768115942029,0.0525128797101449,10.144927536231885,CM/AM,56,25,49,61,56,83,67,51,92,99,39,82,78,72,97,90,85,68,62,74,69,92,97,50,51,51,47,31,97,35,75,22,42,81,100,36,79,40,31,50,58,56,22,58,25,19,19,36,28,75,56,19,81,86,25,56,53,39,97,86,72,50,50,56,61,89,97,50,51,51,47,31,97,35,75,22,42,81,94,14,78,22,19,36,39,36,3,28,Czech League
Slavia Praha,8kpapuorr6hf0vosnovbreqqd,71bvjduiimaomxmjznjxwdfys,A. N'Guessan,Ange N'Guessan,23,Defender,France,Defender,80.0,0.0,42.0,8.0,122.0,9.0,1.0,2.0,3.0,2.0,0.0,2.0,2.0,16.0,8.0,8.0,249.0,4.0,4.0,0.0,1.0,1.0,0.0,0.0,0.0,0.0,0.0,90.37,61.54,0.0,0.0,0.0,53.33,69.23,33.33,0.3197095260036928,0.2624715112299887,1.0,1.0,0.0241224,1.0,10.0,11.0,0.2479314399999999,88.0,28.91566265060241,0.0,15.180722891566266,2.891566265060241,44.09638554216868,3.253012048192771,0.3614457831325301,0.7228915662650602,1.0843373493975903,0.7228915662650602,0.0,0.7228915662650602,0.7228915662650602,5.783132530120482,2.891566265060241,2.891566265060241,1.4457831325301205,1.4457831325301205,0.0,0.3614457831325301,0.3614457831325301,0.0,0.0,0.0,0.0,0.0,90.37,61.54,0.0,0.0,0.0,53.33,69.23,33.33,0.1155576600013347,0.0948692209265019,0.3614457831325301,0.3614457831325301,0.0087189397590361,0.3614457831325301,3.614457831325301,3.975903614457832,0.0896137734939758,31.80722891566265,CB,21,34,29,18,24,46,89,55,58,51,28,62,61,29,11,72,42,39,25,12,72,22,41,45,51,51,74,89,34,25,22,32,78,8,55,76,78,30,32,50,36,36,29,39,55,34,71,42,58,84,100,87,82,71,28,82,82,66,16,100,63,76,25,16,87,22,41,45,51,51,74,89,34,25,22,32,78,8,79,95,95,39,45,68,63,68,55,76,Czech League
Slavia Praha,8kpapuorr6hf0vosnovbreqqd,7oz324ar8tp6nkd934y096q22,D. Zima,David Zima,25,Defender,Czechia,Defender,116.0,1.0,50.0,5.0,165.0,17.0,0.0,1.0,4.0,2.0,3.0,5.0,5.0,31.0,33.0,8.0,470.0,7.0,9.0,4.0,1.0,2.0,1.0,1.0,0.0,0.0,0.0,87.3,41.67,50.0,80.0,25.0,59.62,58.62,50.0,0.3745027615851285,0.1024352214342669,2.0,6.0,0.13234949,3.0,12.0,7.0,0.26966043,104.0,22.21276595744681,0.1914893617021276,9.574468085106382,0.9574468085106382,31.595744680851062,3.25531914893617,0.0,0.1914893617021276,0.7659574468085106,0.3829787234042553,0.5744680851063829,0.9574468085106382,0.9574468085106382,5.9361702127659575,6.319148936170213,1.5319148936170213,1.3404255319148937,1.7234042553191489,0.7659574468085106,0.1914893617021276,0.3829787234042553,0.1914893617021276,0.1914893617021276,0.0,0.0,0.0,87.3,41.67,50.0,80.0,25.0,59.62,58.62,50.0,0.0717132947716203,0.0196152551682638,0.3829787234042553,1.1489361702127658,0.0253435193617021,0.5744680851063829,2.297872340425532,1.3404255319148937,0.0516371036170212,19.91489361702128,CB,45,78,36,9,45,71,41,32,67,51,93,87,86,64,50,72,66,79,88,12,95,59,91,45,51,51,51,21,89,72,57,55,53,29,68,39,96,76,76,83,42,17,32,45,24,82,26,5,21,87,41,24,68,51,97,87,87,74,68,82,61,84,95,8,89,57,93,45,51,51,51,21,89,72,57,55,53,29,66,37,97,79,76,82,37,11,18,29,Czech League
Slavia Praha,8kpapuorr6hf0vosnovbreqqd,897kbab7cx7bnhxhaghpy3f11,T. Holeš,Tomás Holes,33,Defender,Czechia,Defender,124.0,0.0,91.0,26.0,215.0,10.0,0.0,2.0,4.0,2.0,1.0,2.0,2.0,25.0,21.0,3.0,430.0,14.0,4.0,2.0,8.0,2.0,1.0,1.0,0.0,0.0,0.0,80.52,43.33,0.0,100.0,25.0,54.35,52.63,88.89,0.3593728789018227,0.1558508688829289,2.0,3.0,0.09111866,0.0,27.0,32.0,0.6242866699999997,122.0,25.953488372093023,0.0,19.046511627906977,5.441860465116279,45.0,2.0930232558139537,0.0,0.4186046511627907,0.8372093023255814,0.4186046511627907,0.2093023255813953,0.4186046511627907,0.4186046511627907,5.232558139534884,4.395348837209302,0.627906976744186,2.9302325581395348,0.8372093023255814,0.4186046511627907,1.6744186046511629,0.4186046511627907,0.2093023255813953,0.2093023255813953,0.0,0.0,0.0,80.52,43.33,0.0,100.0,25.0,54.35,52.63,88.89,0.0752175793050326,0.0326199493010781,0.4186046511627907,0.627906976744186,0.0190713474418604,0.0,5.651162790697675,6.697674418604652,0.130664651860465,25.53488372093023,RB/RCB,69,14,67,93,72,69,38,21,67,55,69,21,21,45,55,28,90,38,57,60,78,59,83,48,52,52,55,59,14,100,60,48,41,93,69,24,83,31,45,5,79,72,41,69,86,14,76,97,86,72,38,31,76,59,72,24,24,59,69,28,97,41,62,90,83,52,86,48,52,52,55,59,14,100,60,48,41,93,66,31,83,34,41,5,93,97,62,83,Czech League
Slavia Praha,8kpapuorr6hf0vosnovbreqqd,9qoc020keotb4s72a09zm5pzp,M. Sadílek,Michal Sadílek,27,Midfielder,Czechia,Midfielder,119.0,10.0,148.0,16.0,257.0,11.0,3.0,16.0,13.0,9.0,4.0,1.0,1.0,43.0,8.0,3.0,720.0,22.0,13.0,1.0,13.0,4.0,2.0,1.0,0.0,0.0,0.0,79.57,41.03,20.83,100.0,15.38,64.18,52.38,72.22,1.121908091826439,1.7201375972519768,2.0,6.0,0.16343184,4.0,27.0,28.0,0.8915228700000001,122.0,14.875,1.25,18.5,2.0,32.125,1.375,0.375,2.0,1.625,1.125,0.5,0.125,0.125,5.375,1.0,0.375,2.75,1.625,0.125,1.625,0.5,0.25,0.125,0.0,0.0,0.0,79.57,41.03,20.83,100.0,15.38,64.18,52.38,72.22,0.1402385114783048,0.2150171996564971,0.25,0.75,0.02042898,0.5,3.375,3.5,0.11144035875,15.25,CM/AM,92,81,81,94,89,100,100,88,74,86,72,7,6,94,89,68,85,83,14,97,54,47,71,50,51,51,39,42,25,97,28,94,75,72,75,89,43,25,19,50,89,78,64,86,81,61,47,81,61,89,92,69,58,72,50,6,6,75,75,42,64,64,8,97,33,36,64,50,51,51,39,42,25,97,28,94,75,72,61,75,25,11,11,25,69,58,39,69,Czech League
Slavia Praha,8kpapuorr6hf0vosnovbreqqd,9vdhoij110u7e94lh8uflo5w5,T. Chorý,Tomás Chory,31,Attacker,Czechia,Striker,11.0,0.0,42.0,5.0,53.0,16.0,0.0,4.0,14.0,13.0,0.0,3.0,4.0,28.0,7.0,0.0,340.0,29.0,9.0,2.0,1.0,1.0,6.0,4.0,0.0,0.0,0.0,67.95,83.33,0.0,66.67,42.86,50.0,51.61,100.0,1.7534963127911185,0.2561651771475015,0.0,1.0,0.02953272,1.0,2.0,3.0,0.08180182,17.0,2.911764705882353,0.0,11.117647058823527,1.3235294117647058,14.029411764705882,4.235294117647059,0.0,1.0588235294117647,3.7058823529411766,3.4411764705882355,0.0,0.7941176470588236,1.0588235294117647,7.411764705882353,1.8529411764705883,0.0,7.676470588235294,2.3823529411764706,0.5294117647058824,0.2647058823529412,0.2647058823529412,1.5882352941176472,1.0588235294117647,0.0,0.0,0.0,67.95,83.33,0.0,66.67,42.86,50.0,51.61,100.0,0.464160788680002,0.0678084292449268,0.0,0.2647058823529412,0.0078174847058823,0.2647058823529412,0.5294117647058824,0.7941176470588236,0.0216534229411764,4.5,ST,26,25,64,90,49,86,36,50,67,74,11,11,19,75,81,24,76,79,36,28,33,75,97,51,51,49,44,97,25,93,76,92,92,94,64,44,11,19,25,44,35,33,17,58,28,25,83,94,61,94,36,61,94,97,11,19,19,97,92,24,97,86,40,28,39,92,100,51,51,49,44,97,25,93,76,92,92,94,94,53,11,19,28,46,42,47,25,67,Czech League
Slavia Praha,8kpapuorr6hf0vosnovbreqqd,bjpmvbkbhw7ynfyvtqehg68t0,E. Ayaosi,Emmanuel Ayaosi,21,Midfielder,Nigeria,Midfielder,22.0,2.0,85.0,4.0,105.0,5.0,1.0,8.0,11.0,9.0,4.0,18.0,20.0,30.0,6.0,3.0,488.0,37.0,9.0,12.0,3.0,2.0,5.0,3.0,0.0,0.0,0.0,72.41,36.36,20.0,66.67,45.45,46.88,33.33,75.0,1.9366074323550435,0.5259784499907005,6.0,10.0,0.36489901,3.0,7.0,18.0,0.78426572,54.0,4.057377049180328,0.3688524590163934,15.67622950819672,0.7377049180327868,19.364754098360656,0.9221311475409836,0.1844262295081967,1.4754098360655736,2.028688524590164,1.6598360655737705,0.7377049180327868,3.319672131147541,3.6885245901639343,5.532786885245901,1.1065573770491803,0.5532786885245902,6.823770491803279,1.6598360655737705,2.2131147540983607,0.5532786885245902,0.3688524590163934,0.9221311475409836,0.5532786885245902,0.0,0.0,0.0,72.41,36.36,20.0,66.67,45.45,46.88,33.33,75.0,0.3571612067867908,0.0970042223343505,1.1065573770491803,1.8442622950819672,0.0672969485655737,0.5532786885245902,1.290983606557377,3.319672131147541,0.1446391696721311,9.959016393442624,RM/RCM,13,47,47,33,27,70,50,60,60,77,80,80,80,60,30,50,93,63,93,23,27,73,90,53,50,50,13,47,80,93,90,47,23,80,93,40,73,53,67,30,27,57,53,40,13,53,47,33,27,67,53,73,80,87,87,93,93,80,33,47,100,80,93,27,27,93,100,53,50,50,13,47,80,93,90,47,23,80,100,60,73,53,67,27,27,67,60,40,Czech League
Slavia Praha,8kpapuorr6hf0vosnovbreqqd,cr8xd43b3omkv85qgiwpiducp,D. Šturm,Danijel Sturm,27,Attacker,Slovenia,Striker,30.0,7.0,93.0,4.0,116.0,1.0,2.0,10.0,15.0,11.0,6.0,21.0,23.0,23.0,2.0,1.0,582.0,39.0,4.0,10.0,4.0,4.0,7.0,1.0,0.0,0.0,0.0,76.32,36.36,19.44,47.62,46.67,32.39,8.33,50.0,2.081382282744991,1.040692791030347,7.0,8.0,0.27131918,4.0,8.0,19.0,1.1866937,52.0,4.639175257731958,1.0824742268041236,14.381443298969073,0.6185567010309279,17.938144329896907,0.1546391752577319,0.3092783505154639,1.5463917525773196,2.319587628865979,1.7010309278350515,0.9278350515463918,3.247422680412371,3.556701030927835,3.556701030927835,0.3092783505154639,0.1546391752577319,6.030927835051546,0.6185567010309279,1.5463917525773196,0.6185567010309279,0.6185567010309279,1.0824742268041236,0.1546391752577319,0.0,0.0,0.0,76.32,36.36,19.44,47.62,46.67,32.39,8.33,50.0,0.3218632395997409,0.1609318749016,1.0824742268041236,1.2371134020618555,0.0419565742268041,0.6185567010309279,1.2371134020618555,2.938144329896907,0.1835093350515463,8.041237113402062,ST,89,97,97,83,93,6,99,96,74,62,94,100,100,69,15,62,97,22,99,79,85,85,49,51,51,49,75,47,61,64,83,22,6,40,83,97,94,78,78,85,85,97,100,97,69,97,92,72,83,6,97,86,47,47,81,94,97,31,8,53,81,11,97,67,75,75,36,51,51,49,75,47,61,64,83,22,6,40,67,92,89,69,64,78,78,94,97,92,Czech League
Slavia Praha,8kpapuorr6hf0vosnovbreqqd,cxnlzyy9fxaca1u53y4soqk89,M. Chytil,Mojmír Chytil,27,Attacker,Czechia,Striker,10.0,1.0,30.0,0.0,39.0,10.0,0.0,7.0,16.0,14.0,1.0,6.0,6.0,16.0,3.0,1.0,412.0,29.0,5.0,1.0,0.0,2.0,9.0,4.0,0.0,0.0,0.0,67.24,0.0,33.33,16.67,56.25,33.33,50.0,0.0,1.849302749812772,0.5796589420215816,1.0,2.0,0.09002464,1.0,2.0,6.0,0.21558035,18.0,2.184466019417476,0.2184466019417476,6.553398058252427,0.0,8.519417475728156,2.184466019417476,0.0,1.529126213592233,3.4951456310679614,3.058252427184466,0.2184466019417476,1.3106796116504855,1.3106796116504855,3.4951456310679614,0.6553398058252428,0.2184466019417476,6.33495145631068,1.0922330097087378,0.2184466019417476,0.0,0.4368932038834952,1.966019417475728,0.8737864077669903,0.0,0.0,0.0,67.24,0.0,33.33,16.67,56.25,33.33,50.0,0.0,0.4039739016581298,0.126624526169763,0.2184466019417476,0.4368932038834952,0.0196655766990291,0.2184466019417476,0.4368932038834952,1.3106796116504855,0.0470927949029126,3.932038834951456,ST,21,58,35,14,28,71,36,81,81,81,28,40,36,28,31,62,76,35,17,11,56,97,97,51,51,49,36,14,86,14,92,28,81,11,75,83,28,36,47,44,35,75,42,64,19,61,22,14,22,69,36,81,92,89,31,38,38,28,25,64,86,42,11,11,53,100,97,51,51,49,36,14,86,14,92,28,81,11,92,83,31,42,47,33,31,72,47,50,Czech League
Slavia Praha,8kpapuorr6hf0vosnovbreqqd,d2es8bsls5h79dhlqtpfrekgk,M. Suleiman,Mubarak Suleiman,19,Midfielder,Nigeria,Midfielder,36.0,7.0,60.0,5.0,89.0,6.0,1.0,10.0,11.0,8.0,6.0,8.0,8.0,22.0,11.0,2.0,359.0,16.0,7.0,2.0,4.0,3.0,2.0,1.0,0.0,0.0,0.0,70.63,27.78,53.85,25.0,18.18,50.0,54.55,57.14,1.0251560186598807,0.829451463550833,4.0,9.0,0.26031473,2.0,8.0,13.0,0.8321783,50.0,9.025069637883009,1.7548746518105849,15.041782729805014,1.2534818941504178,22.31197771587744,1.504178272980501,0.2506963788300835,2.5069637883008355,2.75766016713092,2.0055710306406684,1.504178272980501,2.0055710306406684,2.0055710306406684,5.515320334261839,2.75766016713092,0.5013927576601671,4.011142061281337,1.7548746518105849,0.5013927576601671,1.0027855153203342,0.7520891364902507,0.5013927576601671,0.2506963788300835,0.0,0.0,0.0,70.63,27.78,53.85,25.0,18.18,50.0,54.55,57.14,0.2570029016138976,0.2079404783275068,1.0027855153203342,2.256267409470752,0.0652599601671309,0.5013927576601671,2.0055710306406684,3.2590529247910864,0.2086240863509749,12.534818941504176,LM/LCM,67,93,60,77,60,87,90,93,93,90,100,40,33,67,87,53,70,57,27,63,63,57,57,50,53,53,33,43,100,7,27,60,90,27,93,87,80,53,53,40,63,87,80,80,67,100,67,80,67,93,80,100,100,100,100,60,53,60,87,53,80,53,27,53,67,60,40,50,53,53,33,43,100,7,27,60,90,27,87,87,93,60,60,47,60,100,80,80,Czech League
Slavia Praha,8kpapuorr6hf0vosnovbreqqd,driu8wojk2aig2t9yesy71vro,Š. Chaloupek,Stepán Chaloupek,23,Defender,Czechia,Defender,124.0,0.0,113.0,36.0,237.0,15.0,1.0,4.0,8.0,5.0,3.0,5.0,5.0,44.0,40.0,18.0,569.0,11.0,4.0,4.0,13.0,3.0,3.0,1.0,1.0,0.0,0.0,78.22,56.25,0.0,80.0,37.5,57.89,55.56,61.9,0.747669724038291,0.1879598026191523,2.0,5.0,0.10060953,2.0,33.0,37.0,0.6541103800000003,174.0,19.61335676625659,0.0,17.873462214411248,5.6942003514938495,37.48681898066784,2.372583479789104,0.1581722319859402,0.632688927943761,1.265377855887522,0.7908611599297013,0.4745166959578207,0.7908611599297013,0.7908611599297013,6.959578207381371,6.32688927943761,2.8471001757469248,1.7398945518453428,0.632688927943761,0.632688927943761,2.0562390158172232,0.4745166959578207,0.4745166959578207,0.1581722319859402,0.1581722319859402,0.0,0.0,78.22,56.25,0.0,80.0,37.5,57.89,55.56,61.9,0.1182605890394485,0.029730021503908,0.3163444639718805,0.7908611599297013,0.0159136339191564,0.3163444639718805,5.219683655536028,5.85237258347979,0.1034620987697715,27.521968365553604,CB,47,34,84,100,53,66,89,82,84,79,93,87,86,84,74,99,78,39,88,100,100,93,91,95,51,51,16,72,34,72,71,51,42,50,84,53,96,68,61,67,87,93,79,63,13,34,82,100,45,53,87,82,87,79,89,84,84,97,71,97,76,34,89,100,95,89,89,97,51,51,16,72,34,72,71,51,42,50,82,55,92,63,61,63,89,92,66,61,Czech League
