Team,contestantId,playerId,Short Name,Player Name,Age,Position_x,Nationality,Position_y,total accurate back zone pass_Total,total accurate cross_Total,total accurate fwd zone pass_Total,total accurate long balls_Total,total accurate pass_Total,total aerial won_Total,total att assist_Total,total attempt_Total,total attempts ibox_Total,total attempts obox_Total,total blocked scoring att_Total,total duels won_Total,total interception_Total,total mins played,total touches in opposition box_Total,total was fouled_Total,total won tackle_Total,total effective clearance_Total,total goals_Total,total ontarget attempt_Total,total big chances saved_Total,total contest_Total,total dribbles attempted_Total,total won contest_Total,total assists_Total,total direct setpiece goals_Total,total direct corner goals_Total,pass_success_pct_Total,long_balls_success_pct_Total,cross_success_pct_Total,dribble_success_pct_Total,attempt_success_pct_Total,duel_success_pct_Total,aerial_success_pct_Total,tackle_success_pct_Total,xG_Total,xA_Total,CreatedOwnShot_Total,Total Carries_Total,Total Carry xT_Total,Total Final Third Carries_Total,passes_into_final_third_Total,progressive_passes_Total,xT_pass_Total,forward_passes_Total,total accurate back zone pass_p90,total accurate cross_p90,total accurate fwd zone pass_p90,total accurate long balls_p90,total accurate pass_p90,total aerial won_p90,total att assist_p90,total attempt_p90,total attempts ibox_p90,total attempts obox_p90,total blocked scoring att_p90,total duels won_p90,total interception_p90,total touches in opposition box_p90,total was fouled_p90,total won tackle_p90,total effective clearance_p90,total goals_p90,total ontarget attempt_p90,total big chances saved_p90,total contest_p90,total dribbles attempted_p90,total won contest_p90,total assists_p90,total direct setpiece goals_p90,total direct corner goals_p90,pass_success_pct_p90,long_balls_success_pct_p90,cross_success_pct_p90,dribble_success_pct_p90,attempt_success_pct_p90,duel_success_pct_p90,aerial_success_pct_p90,tackle_success_pct_p90,xG_p90,xA_p90,CreatedOwnShot_p90,Total Carries_p90,Total Carry xT_p90,Total Final Third Carries_p90,passes_into_final_third_p90,progressive_passes_p90,xT_pass_p90,forward_passes_p90,Pos.,total accurate back zone pass_TotalPR,total accurate cross_TotalPR,total accurate fwd zone pass_TotalPR,total accurate long balls_TotalPR,total accurate pass_TotalPR,total aerial won_TotalPR,total att assist_TotalPR,total attempt_TotalPR,total attempts ibox_TotalPR,total attempts obox_TotalPR,total blocked scoring att_TotalPR,total duels won_TotalPR,total interception_TotalPR,total touches in opposition box_TotalPR,total was fouled_TotalPR,total won tackle_TotalPR,total effective clearance_TotalPR,total goals_TotalPR,total ontarget attempt_TotalPR,total big chances saved_TotalPR,total contest_TotalPR,total dribbles attempted_TotalPR,total won contest_TotalPR,total assists_TotalPR,total direct setpiece goals_TotalPR,total direct corner goals_TotalPR,pass_success_pct_TotalPR,long_balls_success_pct_TotalPR,cross_success_pct_TotalPR,dribble_success_pct_TotalPR,attempt_success_pct_TotalPR,duel_success_pct_TotalPR,aerial_success_pct_TotalPR,tackle_success_pct_TotalPR,xG_TotalPR,xA_TotalPR,CreatedOwnShot_TotalPR,Total Carries_TotalPR,Total Carry xT_TotalPR,Total Final Third Carries_TotalPR,passes_into_final_third_TotalPR,progressive_passes_TotalPR,xT_pass_TotalPR,forward_passes_TotalPR,total accurate back zone pass_p90PR,total accurate cross_p90PR,total accurate fwd zone pass_p90PR,total accurate long balls_p90PR,total accurate pass_p90PR,total aerial won_p90PR,total att assist_p90PR,total attempt_p90PR,total attempts ibox_p90PR,total attempts obox_p90PR,total blocked scoring att_p90PR,total duels won_p90PR,total interception_p90PR,total touches in opposition box_p90PR,total was fouled_p90PR,total won tackle_p90PR,total effective clearance_p90PR,total goals_p90PR,total ontarget attempt_p90PR,total big chances saved_p90PR,total contest_p90PR,total dribbles attempted_p90PR,total won contest_p90PR,total assists_p90PR,total direct setpiece goals_p90PR,total direct corner goals_p90PR,pass_success_pct_p90PR,long_balls_success_pct_p90PR,cross_success_pct_p90PR,dribble_success_pct_p90PR,attempt_success_pct_p90PR,duel_success_pct_p90PR,aerial_success_pct_p90PR,tackle_success_pct_p90PR,xG_p90PR,xA_p90PR,CreatedOwnShot_p90PR,Total Carries_p90PR,Total Carry xT_p90PR,Total Final Third Carries_p90PR,passes_into_final_third_p90PR,progressive_passes_p90PR,xT_pass_p90PR,forward_passes_p90PR,League
Horsens,a9vw7ikerpr4cuweeeka5aneg,14wqefw9b78oou3ocb1wrojys,J. Tauriainen,Jimi Tauriainen,22.0,Midfielder,Finland,Midfielder,31.0,5.0,37.0,6.0,63.0,2.0,6.0,5.0,0.0,5.0,1.0,16.0,3.0,295.0,3.0,6.0,4.0,2.0,0.0,2.0,0.0,6.0,6.0,2.0,3.0,0.0,0.0,75.9,50.0,35.71,33.33,40.0,37.21,20.0,66.67,0.2643882929025947,0.6489847572347478,2.0,5.0,0.12773753,0.0,9.0,9.0,0.4485210799999999,23.0,9.457627118644067,1.5254237288135597,11.28813559322034,1.8305084745762712,19.220338983050848,0.6101694915254238,1.8305084745762712,1.5254237288135597,0.0,1.5254237288135597,0.3050847457627119,4.88135593220339,0.9152542372881356,0.9152542372881356,1.8305084745762712,1.2203389830508475,0.6101694915254238,0.0,0.6101694915254238,0.0,1.8305084745762712,1.8305084745762712,0.6101694915254238,0.9152542372881356,0.0,0.0,75.9,50.0,35.71,33.33,40.0,37.21,20.0,66.67,0.0806608351228255,0.1979953496648383,0.6101694915254238,1.5254237288135597,0.0389707718644067,0.0,2.745762711864407,2.745762711864407,0.1368369396610169,7.016949152542373,DM/CM,7,91,7,35,7,19,74,59,22,87,56,20,19,37,54,20,7,35,74,48,70,67,63,100,52,52,15,56,81,39,69,4,15,74,48,93,59,52,67,7,22,22,59,6,7,96,15,52,11,37,93,85,22,100,67,52,33,59,81,44,11,35,93,48,89,89,74,100,52,52,15,56,81,39,69,4,15,74,70,93,74,70,74,7,56,48,81,7,Danish Superliga
Horsens,a9vw7ikerpr4cuweeeka5aneg,2gsd0ocro9aqgqn4ql3rg8e8k,M. Kupijbida,Mikkel Kupijbida,18.0,Defender,Denmark,Defender,262.0,0.0,68.0,9.0,330.0,11.0,0.0,0.0,0.0,0.0,0.0,20.0,3.0,623.0,0.0,2.0,4.0,43.0,0.0,0.0,1.0,2.0,2.0,1.0,0.0,0.0,0.0,88.24,24.32,0.0,50.0,0.0,57.14,64.71,66.67,0.0005981850620907,0.0,0.0,2.0,0.0348216,0.0,9.0,6.0,0.27666732,147.0,37.84911717495987,0.0,9.823434991974317,1.3001605136436596,47.67255216693419,1.5890850722311396,0.0,0.0,0.0,0.0,0.0,2.889245585874799,0.4333868378812199,0.0,0.2889245585874799,0.5778491171749599,6.211878009630818,0.0,0.0,0.1444622792937399,0.2889245585874799,0.2889245585874799,0.1444622792937399,0.0,0.0,0.0,88.24,24.32,0.0,50.0,0.0,57.14,64.71,66.67,8.641517750908988e-05,0.0,0.0,0.2889245585874799,0.0050304077046548,0.0,1.3001605136436596,0.8667736757624398,0.0399679916532905,21.235955056179776,CB,79,33,18,30,67,59,8,8,9,32,32,58,23,6,26,39,85,36,24,95,67,67,67,41,52,52,48,9,33,70,24,47,79,58,24,15,33,29,27,20,39,33,27,48,58,33,12,27,39,48,8,8,9,32,32,24,15,6,18,18,73,36,24,91,61,58,64,41,52,52,48,9,33,70,24,47,79,58,24,15,33,30,27,20,30,21,27,45,Danish Superliga
Horsens,a9vw7ikerpr4cuweeeka5aneg,4braldrfw3y7g030lctguuuol,V. Pálsson,Victor Pálsson,35.0,Defender,Iceland,Defender,129.0,5.0,125.0,28.0,249.0,18.0,4.0,4.0,3.0,1.0,2.0,39.0,10.0,719.0,14.0,2.0,12.0,38.0,0.0,0.0,1.0,3.0,3.0,2.0,0.0,0.0,0.0,74.77,44.44,31.25,66.67,0.0,59.09,51.43,70.59,0.3688458050083061,0.221214557295966,0.0,3.0,0.06748893,6.0,31.0,34.0,1.43706943,132.0,16.14742698191933,0.6258692628650904,15.64673157162726,3.5048678720445063,31.168289290681503,2.2531293463143256,0.5006954102920723,0.5006954102920723,0.3755215577190542,0.125173852573018,0.2503477051460361,4.881780250347705,1.2517385257301807,1.7524339360222532,0.2503477051460361,1.502086230876217,4.756606397774687,0.0,0.0,0.125173852573018,0.3755215577190542,0.3755215577190542,0.2503477051460361,0.0,0.0,0.0,74.77,44.44,31.25,66.67,0.0,59.09,51.43,70.59,0.0461698504182858,0.0276902783819707,0.0,0.3755215577190542,0.0084478493741307,0.7510431154381085,3.88038942976356,4.255910987482615,0.1798835169680111,16.522948539638385,RB/RCB,67,88,58,100,67,100,71,50,75,46,75,100,83,92,25,92,92,46,25,96,42,38,58,42,54,54,8,83,75,71,25,67,58,50,58,58,29,33,33,79,83,75,83,75,33,67,33,83,25,92,33,33,42,42,58,50,58,67,17,83,75,46,25,92,25,25,25,42,54,54,8,83,75,71,25,67,58,50,33,42,29,33,33,42,67,67,67,58,Danish Superliga
Horsens,a9vw7ikerpr4cuweeeka5aneg,4lxxyqy78jkglhv2w6crzcnsa,O. Kolskogen,Ole Kolskogen,25.0,Defender,Norway,Defender,307.0,0.0,75.0,10.0,382.0,4.0,2.0,2.0,2.0,0.0,0.0,20.0,7.0,697.0,2.0,2.0,7.0,40.0,1.0,2.0,0.0,0.0,0.0,0.0,0.0,0.0,0.0,94.79,52.63,0.0,0.0,100.0,46.51,26.67,50.0,0.0,0.0,0.0,0.0,0.0,0.0,0.0,0.0,0.0,0.0,39.64131994261119,0.0,9.684361549497847,1.291248206599713,49.32568149210904,0.5164992826398852,0.2582496413199426,0.2582496413199426,0.2582496413199426,0.0,0.0,2.582496413199426,0.9038737446197992,0.2582496413199426,0.2582496413199426,0.9038737446197992,5.164992826398852,0.1291248206599713,0.2582496413199426,0.0,0.0,0.0,0.0,0.0,0.0,0.0,94.79,52.63,0.0,0.0,100.0,46.51,26.67,50.0,0.0,0.0,0.0,0.0,0.0,0.0,0.0,0.0,0.0,0.0,CB,88,33,30,38,79,26,48,39,45,32,32,58,62,15,26,82,74,85,85,45,20,18,24,41,52,52,97,65,33,24,97,15,9,27,12,15,33,11,11,20,9,9,9,9,64,33,9,24,42,12,39,21,24,32,32,9,36,15,12,55,45,76,76,45,20,18,24,41,52,52,97,65,33,24,97,15,9,27,12,15,33,11,11,20,9,9,9,9,Danish Superliga
Horsens,a9vw7ikerpr4cuweeeka5aneg,51ymbnikkta369rn3exb1g7bo,A. Moro,Abdul Moro,20.0,Midfielder,Ghana,Midfielder,168.0,0.0,92.0,17.0,260.0,4.0,2.0,1.0,0.0,1.0,0.0,22.0,11.0,432.0,2.0,2.0,8.0,14.0,1.0,1.0,0.0,3.0,3.0,0.0,0.0,0.0,0.0,88.74,58.62,0.0,0.0,100.0,43.14,44.44,50.0,0.1522683867645441,0.1372491530503954,1.0,1.0,0.02385149,1.0,14.0,21.0,0.36704258,124.0,35.0,0.0,19.166666666666668,3.541666666666667,54.16666666666667,0.8333333333333334,0.4166666666666667,0.2083333333333333,0.0,0.2083333333333333,0.0,4.583333333333334,2.291666666666667,0.4166666666666667,0.4166666666666667,1.6666666666666667,2.916666666666667,0.2083333333333333,0.2083333333333333,0.0,0.625,0.625,0.0,0.0,0.0,0.0,88.74,58.62,0.0,0.0,100.0,43.14,44.44,50.0,0.0317225805759466,0.0285935735521657,0.2083333333333333,0.2083333333333333,0.0049690604166666,0.2083333333333333,2.916666666666667,4.375,0.0764672041666666,25.833333333333336,DM/CM,85,28,48,91,70,54,20,19,22,31,20,41,74,24,17,61,80,80,44,48,41,41,13,30,52,52,81,78,28,13,98,22,48,31,26,30,41,6,7,24,50,67,44,78,100,28,56,96,89,59,22,22,22,37,20,41,96,22,22,85,93,85,52,48,37,37,13,30,52,52,81,78,28,13,98,22,48,31,30,30,44,4,4,22,59,81,44,85,Danish Superliga
Horsens,a9vw7ikerpr4cuweeeka5aneg,7353ysa16qgg30b9z5qiagys4,A. Saine,Alagie Saine,23.0,Defender,Gambia,Defender,182.0,1.0,113.0,13.0,294.0,9.0,7.0,6.0,6.0,0.0,0.0,48.0,8.0,720.0,16.0,9.0,13.0,49.0,0.0,2.0,1.0,17.0,17.0,10.0,1.0,0.0,0.0,81.67,35.14,12.5,58.82,33.33,51.06,36.0,65.0,0.7190904538910352,0.6593732453693764,0.0,6.0,0.13919967,4.0,12.0,18.0,0.90389627,112.0,22.75,0.125,14.125,1.625,36.75,1.125,0.875,0.75,0.75,0.0,0.0,6.0,1.0,2.0,1.125,1.625,6.125,0.0,0.25,0.125,2.125,2.125,1.25,0.125,0.0,0.0,81.67,35.14,12.5,58.82,33.33,51.06,36.0,65.0,0.0898863067363794,0.082421655671172,0.0,0.75,0.01739995875,0.5,1.5,2.25,0.11298703375,14.0,LB/LCB,87,33,87,73,93,90,90,87,100,23,27,100,87,93,73,97,100,47,93,97,100,100,100,77,53,53,60,47,33,60,87,40,40,67,93,80,23,50,33,57,53,53,80,93,67,20,33,40,47,60,73,60,87,23,27,87,40,67,60,67,100,47,73,93,100,93,100,60,53,53,60,47,33,60,87,40,40,67,73,67,23,27,27,40,33,27,40,47,Danish Superliga
Horsens,a9vw7ikerpr4cuweeeka5aneg,7hso2bszmf4qal560jhrg2904,Y. Ouorou,Yamirou Ouorou,20.0,Attacker,Benin,Striker,30.0,5.0,51.0,4.0,76.0,1.0,9.0,12.0,7.0,5.0,3.0,18.0,2.0,457.0,19.0,2.0,7.0,5.0,2.0,7.0,0.0,11.0,12.0,6.0,1.0,0.0,0.0,69.09,36.36,27.78,54.55,58.33,37.5,12.5,77.78,0.9569123015968248,1.0803794035254346,5.0,7.0,0.30482024,2.0,5.0,14.0,0.9145729699999998,29.0,5.908096280087528,0.9846827133479212,10.043763676148798,0.7877461706783371,14.967177242888404,0.1969365426695842,1.7724288840262583,2.3632385120350112,1.3785557986870898,0.9846827133479212,0.5908096280087528,3.5448577680525166,0.3938730853391685,3.741794310722101,0.3938730853391685,1.3785557986870898,0.9846827133479212,0.3938730853391685,1.3785557986870898,0.0,2.166301969365427,2.3632385120350112,1.1816192560175056,0.1969365426695842,0.0,0.0,69.09,36.36,27.78,54.55,58.33,37.5,12.5,77.78,0.1884510003144731,0.2127661845017267,0.9846827133479212,1.3785557986870898,0.0600302442013129,0.3938730853391685,0.9846827133479212,2.7571115973741795,0.1801128387308533,5.711159737417943,ST,96,98,80,92,84,16,92,66,56,86,80,48,90,66,12,100,64,74,84,52,80,80,84,80,48,50,36,52,88,68,92,28,16,56,48,100,88,86,88,62,74,94,100,84,84,100,76,84,72,16,84,48,40,76,68,24,80,32,8,96,56,68,76,52,72,68,76,72,48,50,36,52,88,68,92,28,16,56,32,96,84,76,68,44,64,92,100,84,Danish Superliga
Horsens,a9vw7ikerpr4cuweeeka5aneg,9dh7cnu4uzbraeck0t5iqlj4k,A. Herdonsson,Adam Herdonsson,22.0,Midfielder,Sweden,Midfielder,108.0,0.0,61.0,4.0,169.0,20.0,2.0,3.0,0.0,3.0,0.0,38.0,11.0,435.0,4.0,7.0,8.0,11.0,0.0,2.0,0.0,2.0,2.0,0.0,0.0,0.0,0.0,77.52,21.05,0.0,0.0,66.67,58.46,71.43,72.73,0.1765870504876484,0.0478805328194468,3.0,5.0,0.11512953,2.0,10.0,11.0,0.2093019899999998,66.0,22.344827586206897,0.0,12.620689655172416,0.8275862068965518,34.96551724137931,4.137931034482759,0.4137931034482759,0.6206896551724138,0.0,0.6206896551724138,0.0,7.862068965517242,2.2758620689655173,0.8275862068965518,1.4482758620689655,1.6551724137931036,2.2758620689655173,0.0,0.4137931034482759,0.0,0.4137931034482759,0.4137931034482759,0.0,0.0,0.0,0.0,77.52,21.05,0.0,0.0,66.67,58.46,71.43,72.73,0.0365352518250307,0.0099063171350579,0.6206896551724138,1.0344827586206895,0.0238199027586206,0.4137931034482759,2.0689655172413794,2.2758620689655173,0.0433038599999999,13.655172413793103,DM/CM,63,28,30,19,48,100,20,46,22,63,20,93,74,50,67,61,63,35,74,48,26,26,13,30,52,52,22,7,28,13,91,85,93,89,33,11,78,52,52,48,28,31,11,41,70,28,22,19,48,100,19,48,22,67,20,96,89,56,59,81,74,35,78,48,22,22,13,30,52,52,22,7,28,13,91,85,93,89,37,15,81,56,56,48,22,37,19,41,Danish Superliga
Horsens,a9vw7ikerpr4cuweeeka5aneg,bcdrn5rkq3ig50nwr1vtbwfmc,K. Ehibhatiomhan,Kelvin Ehibhatiomhan,23.0,Attacker,England,Striker,15.0,0.0,33.0,1.0,48.0,15.0,1.0,16.0,12.0,4.0,2.0,37.0,1.0,525.0,23.0,14.0,3.0,8.0,4.0,11.0,0.0,13.0,14.0,4.0,0.0,0.0,0.0,66.67,100.0,0.0,30.77,68.75,44.05,46.88,75.0,1.6810652152574872,0.1011314436429228,7.0,5.0,0.15998931,3.0,1.0,6.0,0.1371745299999999,10.0,2.571428571428572,0.0,5.6571428571428575,0.1714285714285714,8.22857142857143,2.571428571428572,0.1714285714285714,2.742857142857143,2.0571428571428574,0.6857142857142857,0.3428571428571428,6.342857142857143,0.1714285714285714,3.942857142857143,2.4,0.5142857142857143,1.3714285714285714,0.6857142857142857,1.885714285714286,0.0,2.2285714285714286,2.4,0.6857142857142857,0.0,0.0,0.0,66.67,100.0,0.0,30.77,68.75,44.05,46.88,75.0,0.288182608329855,0.0173368189102153,1.2,0.8571428571428572,0.0274267388571428,0.5142857142857143,0.1714285714285714,1.0285714285714287,0.0235156337142856,1.7142857142857144,ST,58,40,60,46,62,94,12,90,78,80,62,96,66,80,96,68,88,100,100,52,84,86,74,32,48,50,24,92,40,24,100,56,52,50,80,12,94,74,56,86,16,58,52,28,20,40,8,40,8,52,8,60,60,56,44,64,64,36,76,56,68,84,92,52,76,72,56,32,48,50,24,92,40,24,100,56,52,50,56,8,92,36,36,60,12,48,40,8,Danish Superliga
Horsens,a9vw7ikerpr4cuweeeka5aneg,dfxs5u8rdcxhzp33aks3acdn8,K. Lusavec,Karlo Lusavec,22.0,Midfielder,Croatia,Midfielder,184.0,0.0,125.0,16.0,309.0,3.0,1.0,1.0,0.0,1.0,1.0,19.0,13.0,562.0,0.0,5.0,8.0,11.0,0.0,0.0,0.0,0.0,0.0,0.0,0.0,0.0,0.0,92.79,76.19,0.0,0.0,0.0,41.3,42.86,72.73,0.0939121916851022,0.0512785903802559,0.0,5.0,0.0925880499999999,0.0,14.0,14.0,0.3357784199999999,142.0,29.466192170818506,0.0,20.01779359430605,2.5622775800711746,49.48398576512456,0.4804270462633452,0.1601423487544484,0.1601423487544484,0.0,0.1601423487544484,0.1601423487544484,3.0427046263345194,2.0818505338078293,0.0,0.800711743772242,1.2811387900355873,1.7615658362989324,0.0,0.0,0.0,0.0,0.0,0.0,0.0,0.0,0.0,92.79,76.19,0.0,0.0,0.0,41.3,42.86,72.73,0.0150393189531302,0.0082118739043114,0.0,0.800711743772242,0.0148272677935942,0.0,2.2419928825622777,2.2419928825622777,0.0537723448398576,22.740213523131672,DM/CM,96,28,67,83,85,39,11,19,22,31,56,33,85,9,43,61,63,35,17,48,6,6,13,30,52,52,100,96,28,13,17,15,44,89,19,15,17,52,33,7,50,44,33,85,89,28,63,78,81,22,15,19,22,26,44,11,74,9,37,56,56,35,17,48,6,6,13,30,52,52,100,96,28,13,17,15,44,89,19,11,17,37,22,7,33,33,22,78,Danish Superliga
Horsens,a9vw7ikerpr4cuweeeka5aneg,e9o7q10wnhex4e8eo47mobbvt,J. Bonde,Jakob Bonde,32.0,Midfielder,Denmark,Midfielder,62.0,0.0,93.0,5.0,155.0,6.0,2.0,8.0,6.0,2.0,2.0,16.0,2.0,344.0,14.0,5.0,1.0,12.0,1.0,3.0,0.0,6.0,6.0,3.0,0.0,0.0,0.0,84.24,55.56,0.0,50.0,37.5,50.0,0.0,50.0,0.8445272961565249,0.1621053343381201,1.0,3.0,0.06732521,4.0,17.0,13.0,0.3433181399999999,67.0,16.22093023255814,0.0,24.33139534883721,1.3081395348837208,40.552325581395344,1.569767441860465,0.5232558139534883,2.093023255813953,1.569767441860465,0.5232558139534883,0.5232558139534883,4.186046511627906,0.5232558139534883,3.6627906976744176,1.3081395348837208,0.2616279069767441,3.13953488372093,0.2616279069767441,0.7848837209302325,0.0,1.569767441860465,1.569767441860465,0.7848837209302325,0.0,0.0,0.0,84.24,55.56,0.0,50.0,37.5,50.0,0.0,50.0,0.2209519088781605,0.0424112793326477,0.2616279069767441,0.7848837209302325,0.0176141537790697,1.0465116279069766,4.447674418604651,3.4011627906976742,0.0898216063953488,17.52906976744186,CM/AM,52,13,35,48,43,78,9,37,65,28,30,22,35,33,43,9,87,52,54,52,39,37,43,30,50,52,74,78,13,63,65,67,7,35,52,9,20,13,4,33,50,26,26,39,78,13,57,48,61,91,9,57,83,35,48,35,43,61,52,9,96,61,65,52,61,57,52,30,50,52,74,78,13,63,65,67,7,35,70,9,26,13,4,43,70,48,17,52,Danish Superliga
Horsens,a9vw7ikerpr4cuweeeka5aneg,eso2tbbpnxu9qvx6zy07m5jx0,J. Madsen,Julius Madsen,23.0,Midfielder,Denmark,Midfielder,74.0,4.0,117.0,12.0,187.0,3.0,11.0,12.0,5.0,7.0,2.0,23.0,3.0,697.0,12.0,12.0,3.0,13.0,0.0,4.0,0.0,6.0,6.0,2.0,1.0,0.0,0.0,83.48,54.55,20.0,33.33,33.33,34.33,25.0,50.0,0.9384804016359104,0.955004604315552,5.0,6.0,0.14062299,1.0,25.0,17.0,0.85701216,89.0,9.555236728837876,0.5164992826398852,15.107604017216644,1.5494978479196555,24.146341463414632,0.3873744619799139,1.4203730272596844,1.5494978479196555,0.6456241032998565,0.9038737446197992,0.2582496413199426,2.96987087517934,0.3873744619799139,1.5494978479196555,1.5494978479196555,0.3873744619799139,1.678622668579627,0.0,0.5164992826398852,0.0,0.7747489239598279,0.7747489239598279,0.2582496413199426,0.1291248206599713,0.0,0.0,83.48,54.55,20.0,33.33,33.33,34.33,25.0,50.0,0.1211811135541347,0.1233147982616925,0.6456241032998565,0.7747489239598279,0.0181579183644189,0.1291248206599713,3.2281205164992826,2.1951219512195124,0.1106615414634146,11.492109038737446,CM/AM,61,72,48,93,61,46,70,78,41,78,30,59,50,26,87,24,93,20,76,52,39,37,33,72,50,52,61,65,37,30,52,13,15,35,57,70,78,22,22,11,72,50,65,52,39,61,17,61,22,17,35,35,26,65,17,9,30,17,70,13,83,20,52,52,13,13,26,61,50,52,61,65,37,30,52,13,15,35,30,39,52,9,9,9,43,13,30,26,Danish Superliga
Horsens,a9vw7ikerpr4cuweeeka5aneg,uiyol728wan4mxco2foplknp,A. Justinussen,Adrian Justinussen,28.0,Attacker,Faroe Islands,Striker,35.0,0.0,36.0,2.0,71.0,8.0,4.0,10.0,3.0,7.0,0.0,23.0,0.0,400.0,9.0,5.0,5.0,4.0,2.0,3.0,0.0,5.0,5.0,3.0,0.0,1.0,0.0,81.61,100.0,0.0,60.0,30.0,40.35,33.33,71.43,0.5902527127438465,0.2776505783308428,4.0,5.0,0.2131289499999999,3.0,5.0,8.0,0.1654351499999998,32.0,7.875,0.0,8.1,0.4499999999999999,15.975,1.7999999999999998,0.8999999999999999,2.25,0.6749999999999999,1.575,0.0,5.175,0.0,2.025,1.125,1.125,0.8999999999999999,0.4499999999999999,0.6749999999999999,0.0,1.125,1.125,0.6749999999999999,0.0,0.2249999999999999,0.0,81.61,100.0,0.0,60.0,30.0,40.35,33.33,71.43,0.1328068603673654,0.0624713801244396,0.8999999999999999,1.125,0.0479540137499999,0.6749999999999999,1.125,1.7999999999999998,0.0372229087499999,7.199999999999999,ST,100,40,68,70,76,50,50,52,16,96,12,74,28,18,56,88,54,74,50,52,52,48,60,32,98,50,92,92,40,76,32,40,32,44,28,48,78,74,72,86,74,76,60,88,96,40,40,64,80,40,40,36,12,96,12,32,28,4,48,76,48,72,40,52,36,28,48,32,96,50,92,92,40,76,32,40,32,44,20,36,76,60,60,76,72,76,64,88,Danish Superliga
AGF,5rz9enoyknpg8ji78za5b82p0,1ax8roimt2kq507xi3xyutxqs,M. Camara,Mouhammade Camara,19.0,Defender,Mali,Defender,160.0,0.0,84.0,10.0,244.0,12.0,1.0,2.0,1.0,1.0,0.0,19.0,8.0,307.0,7.0,3.0,3.0,30.0,0.0,0.0,0.0,1.0,1.0,0.0,0.0,0.0,0.0,87.77,35.71,0.0,0.0,0.0,52.78,48.0,75.0,0.1208349078951422,0.0942135454166039,1.0,3.0,0.05760273,1.0,15.0,17.0,0.3660453199999999,171.0,46.90553745928339,0.0,24.62540716612378,2.931596091205212,71.53094462540717,3.5179153094462543,0.2931596091205212,0.5863192182410424,0.2931596091205212,0.2931596091205212,0.0,5.570032573289902,2.345276872964169,2.052117263843648,0.8794788273615636,0.8794788273615636,8.794788273615636,0.0,0.0,0.0,0.2931596091205212,0.2931596091205212,0.0,0.0,0.0,0.0,87.77,35.71,0.0,0.0,0.0,52.78,48.0,75.0,0.035423914366654,0.02761960614819,0.2931596091205212,0.8794788273615636,0.0168867938110749,0.2931596091205212,4.397394136807818,4.98371335504886,0.107309702931596,50.13029315960912,CB,42,33,39,38,36,68,29,39,24,74,32,48,70,56,48,26,55,36,24,45,48,47,24,41,52,52,39,27,33,24,24,36,33,80,36,42,79,38,33,44,56,55,42,65,85,33,70,61,85,94,45,55,33,85,32,82,100,73,64,52,100,36,24,45,64,61,24,41,52,52,39,27,33,24,24,36,33,80,36,45,91,52,52,52,76,76,73,97,Danish Superliga
AGF,5rz9enoyknpg8ji78za5b82p0,1sbqjod03ch1xm77et7fzn4lw,J. Bogere,James Bogere,18.0,Attacker,Uganda,Striker,23.0,0.0,31.0,1.0,54.0,2.0,4.0,15.0,12.0,3.0,4.0,13.0,0.0,346.0,18.0,3.0,4.0,3.0,1.0,7.0,0.0,5.0,5.0,3.0,0.0,0.0,0.0,77.14,100.0,0.0,60.0,46.67,37.14,15.38,80.0,1.2999095000050271,0.2695786345760774,2.0,3.0,0.0682155,2.0,3.0,6.0,0.07166159,21.0,5.982658959537572,0.0,8.0635838150289,0.2601156069364161,14.046242774566474,0.5202312138728323,1.0404624277456649,3.9017341040462425,3.121387283236994,0.7803468208092486,1.0404624277456649,3.3815028901734103,0.0,4.682080924855491,0.7803468208092486,1.0404624277456649,0.7803468208092486,0.2601156069364161,1.8208092485549128,0.0,1.300578034682081,1.300578034682081,0.7803468208092486,0.0,0.0,0.0,77.14,100.0,0.0,60.0,46.67,37.14,15.38,80.0,0.3381267485562209,0.0701216101498467,0.5202312138728323,0.7803468208092486,0.017743916184971,0.5202312138728323,0.7803468208092486,1.560693641618497,0.0186402979768786,5.46242774566474,ST,88,40,54,46,68,22,50,82,78,66,96,16,28,60,28,80,42,46,84,52,52,48,60,32,48,50,68,92,40,76,78,20,20,60,68,44,54,34,20,62,60,58,36,68,88,40,36,44,56,20,48,84,88,68,92,20,28,56,16,68,32,40,88,52,48,48,72,32,48,50,68,92,40,76,78,20,20,60,68,44,48,24,16,64,48,72,28,80,Danish Superliga
AGF,5rz9enoyknpg8ji78za5b82p0,2k1v6526ielemu1w3rayxdkkq,S. Jørgensen,Sebastian Jørgensen,26.0,Midfielder,Denmark,Midfielder,44.0,6.0,131.0,11.0,169.0,0.0,17.0,15.0,8.0,7.0,5.0,12.0,2.0,430.0,29.0,5.0,1.0,4.0,0.0,5.0,0.0,14.0,14.0,5.0,2.0,0.0,0.0,82.84,55.0,31.58,35.71,33.33,38.71,0.0,50.0,1.1894181535322736,1.7813373272821555,6.0,17.0,0.50299989,6.0,24.0,27.0,1.09016554,80.0,9.209302325581396,1.255813953488372,27.41860465116279,2.302325581395349,35.372093023255815,0.0,3.558139534883721,3.1395348837209305,1.6744186046511629,1.4651162790697674,1.0465116279069768,2.511627906976744,0.4186046511627907,6.069767441860465,1.0465116279069768,0.2093023255813953,0.8372093023255814,0.0,1.0465116279069768,0.0,2.9302325581395348,2.9302325581395348,1.0465116279069768,0.4186046511627907,0.0,0.0,82.84,55.0,31.58,35.71,33.33,38.71,0.0,50.0,0.248947985623034,0.3728380452451023,1.255813953488372,3.558139534883721,0.105279046744186,1.255813953488372,5.023255813953488,5.651162790697675,0.2281741827906977,16.74418604651163,RM/RCM,67,92,67,100,67,25,100,92,67,100,75,17,42,100,58,17,50,42,92,58,50,50,50,100,58,58,83,100,75,17,50,33,25,42,100,100,92,50,50,50,83,83,83,67,67,83,83,100,83,25,100,100,100,83,83,17,50,100,50,17,33,42,83,58,50,50,33,100,58,58,83,100,75,17,50,33,25,42,83,100,67,67,50,50,100,100,67,100,Danish Superliga
AGF,5rz9enoyknpg8ji78za5b82p0,349g9rdismqpb1aarjp011bd,C. McCowatt,Callum McCowatt,27.0,Midfielder,New Zealand,Midfielder,83.0,4.0,103.0,11.0,182.0,7.0,10.0,14.0,6.0,8.0,6.0,23.0,4.0,448.0,14.0,4.0,4.0,4.0,2.0,4.0,0.0,11.0,14.0,5.0,2.0,0.0,0.0,75.21,39.29,21.05,45.45,28.57,42.59,58.33,57.14,1.2871295496886197,0.990744859596433,7.0,9.0,0.23177346,4.0,19.0,19.0,0.7707742399999998,90.0,16.674107142857142,0.8035714285714286,20.691964285714285,2.2098214285714284,36.5625,1.40625,2.008928571428571,2.8125,1.2053571428571428,1.6071428571428572,1.2053571428571428,4.620535714285714,0.8035714285714286,2.8125,0.8035714285714286,0.8035714285714286,0.8035714285714286,0.4017857142857143,0.8035714285714286,0.0,2.2098214285714284,2.8125,1.0044642857142856,0.4017857142857143,0.0,0.0,75.21,39.29,21.05,45.45,28.57,42.59,58.33,57.14,0.2585751327499459,0.1990335655439262,1.40625,1.8080357142857144,0.0465616325892857,0.8035714285714286,3.8169642857142856,3.8169642857142856,0.1548430392857142,18.080357142857142,CM/AM,78,72,43,83,52,87,52,83,65,85,91,59,67,33,30,46,37,80,76,52,76,78,65,93,50,52,17,26,43,52,39,43,83,52,74,74,87,26,30,33,61,61,61,57,83,78,48,87,57,83,70,83,61,91,91,52,70,43,26,43,39,83,78,52,65,78,70,93,50,52,17,26,43,52,39,43,83,52,83,74,87,26,30,30,61,52,65,57,Danish Superliga
AGF,5rz9enoyknpg8ji78za5b82p0,3gemcjqban843su9c9y5l2sk4,J. Andersen,Jacob Andersen,22.0,Defender,Denmark,Defender,108.0,1.0,86.0,3.0,193.0,3.0,3.0,4.0,2.0,2.0,0.0,16.0,4.0,344.0,9.0,5.0,5.0,6.0,0.0,0.0,0.0,2.0,2.0,0.0,0.0,0.0,0.0,88.94,33.33,11.11,0.0,0.0,38.1,25.0,62.5,0.3215085703706039,0.1327281118997383,2.0,7.0,0.20337972,6.0,15.0,20.0,0.3358361199999999,72.0,28.25581395348837,0.2616279069767441,22.5,0.7848837209302325,50.49418604651162,0.7848837209302325,0.7848837209302325,1.0465116279069766,0.5232558139534883,0.5232558139534883,0.0,4.186046511627906,1.0465116279069766,2.3546511627906974,1.3081395348837208,1.3081395348837208,1.569767441860465,0.0,0.0,0.0,0.5232558139534883,0.5232558139534883,0.0,0.0,0.0,0.0,88.94,33.33,11.11,0.0,0.0,38.1,25.0,62.5,0.0841156143411463,0.0347253781133036,0.5232558139534883,1.8313953488372088,0.0532098104651162,1.569767441860465,3.924418604651162,5.232558139534883,0.0878641011627906,18.83720930232558,CB,27,79,42,14,27,17,61,70,45,94,32,29,36,71,70,56,6,36,24,45,67,67,24,41,52,52,64,23,74,24,24,3,5,50,52,52,97,65,73,91,56,64,33,33,36,88,61,18,45,18,79,88,67,97,32,52,42,79,88,85,12,36,24,45,73,73,24,41,52,52,64,23,74,24,24,3,5,50,70,52,97,79,85,100,73,85,45,42,Danish Superliga
AGF,5rz9enoyknpg8ji78za5b82p0,3uytpqx0e0jr6zgbfl1znsm7e,T. Bech,Tobias Bech,24.0,Attacker,Denmark,Striker,19.0,0.0,63.0,6.0,82.0,0.0,7.0,8.0,3.0,5.0,3.0,9.0,0.0,436.0,16.0,6.0,0.0,2.0,0.0,0.0,0.0,3.0,4.0,3.0,0.0,0.0,0.0,77.36,54.55,0.0,100.0,0.0,34.62,0.0,0.0,0.6627413359488505,0.6018677001195802,4.0,4.0,0.14939803,2.0,11.0,14.0,0.4588706599999999,48.0,3.922018348623853,0.0,13.004587155963304,1.2385321100917432,16.926605504587158,0.0,1.444954128440367,1.651376146788991,0.6192660550458716,1.0321100917431194,0.6192660550458716,1.8577981651376148,0.0,3.302752293577982,1.2385321100917432,0.0,0.4128440366972477,0.0,0.0,0.0,0.6192660550458716,0.8256880733944955,0.6192660550458716,0.0,0.0,0.0,77.36,54.55,0.0,100.0,0.0,34.62,0.0,0.0,0.1368044042096251,0.124238745437528,0.8256880733944955,0.8256880733944955,0.0308390428899082,0.4128440366972477,2.2706422018348627,2.889908256880734,0.0947210077981651,9.908256880733946,ST,68,40,88,100,88,8,78,36,16,86,80,12,28,44,74,14,26,16,6,52,24,32,60,32,48,50,72,64,40,98,6,12,8,14,36,76,78,58,52,62,96,94,84,100,52,40,92,96,88,8,64,32,8,84,72,4,28,20,56,14,20,16,6,52,20,24,36,32,48,50,72,64,40,98,6,12,8,14,24,64,72,32,44,52,96,96,84,96,Danish Superliga
AGF,5rz9enoyknpg8ji78za5b82p0,4vmgmzg2004twoc39sk7zkzqh,G. Links,Gift Links,27.0,Midfielder,South Africa,Midfielder,51.0,5.0,100.0,6.0,146.0,0.0,6.0,8.0,4.0,4.0,3.0,39.0,4.0,268.0,17.0,12.0,5.0,0.0,0.0,3.0,0.0,17.0,18.0,15.0,0.0,0.0,0.0,83.91,46.15,13.51,88.24,37.5,81.25,0.0,41.67,0.539590413959523,0.6074246450892702,5.0,29.0,0.93815603,9.0,5.0,12.0,0.85273423,45.0,17.12686567164179,1.67910447761194,33.582089552238806,2.014925373134328,49.02985074626866,0.0,2.014925373134328,2.686567164179104,1.343283582089552,1.343283582089552,1.007462686567164,13.097014925373134,1.343283582089552,5.708955223880597,4.029850746268656,1.67910447761194,0.0,0.0,1.007462686567164,0.0,5.708955223880597,6.044776119402985,5.037313432835821,0.0,0.0,0.0,83.91,46.15,13.51,88.24,37.5,81.25,0.0,41.67,0.1812057360311831,0.2039858882762474,1.67910447761194,9.738805970149253,0.3150523981343283,3.0223880597014925,1.67910447761194,4.029850746268656,0.286365972761194,15.111940298507465,RM/RCM,83,67,50,50,50,25,50,42,50,33,42,83,83,50,83,42,17,42,50,58,67,75,83,42,58,58,100,50,33,100,92,100,25,17,33,50,58,92,100,75,25,50,67,50,100,100,100,83,100,25,83,67,50,67,67,100,83,83,100,50,17,42,67,58,100,100,100,42,58,58,100,50,33,100,92,100,25,17,67,67,100,100,100,100,33,67,100,67,Danish Superliga
AGF,5rz9enoyknpg8ji78za5b82p0,61sojkdsmaz9hbwaskt4rws15,M. Anderson,Mikael Anderson,28.0,Midfielder,Iceland,Midfielder,27.0,2.0,56.0,1.0,81.0,4.0,5.0,11.0,6.0,5.0,7.0,23.0,1.0,372.0,18.0,8.0,3.0,4.0,0.0,1.0,0.0,11.0,11.0,6.0,0.0,0.0,0.0,80.2,33.33,8.0,54.55,9.09,39.66,33.33,60.0,0.9765852700698204,0.4433984902161499,3.0,14.0,0.3588902,7.0,5.0,9.0,0.2563850999999998,32.0,6.532258064516128,0.4838709677419354,13.548387096774192,0.2419354838709677,19.596774193548384,0.9677419354838708,1.2096774193548383,2.661290322580645,1.4516129032258065,1.2096774193548383,1.693548387096774,5.564516129032257,0.2419354838709677,4.354838709677419,1.935483870967741,0.7258064516129031,0.9677419354838708,0.0,0.2419354838709677,0.0,2.661290322580645,2.661290322580645,1.4516129032258065,0.0,0.0,0.0,80.2,33.33,8.0,54.55,9.09,39.66,33.33,60.0,0.2362706298556016,0.1072738282781007,0.7258064516129031,3.387096774193548,0.0868282741935483,1.693548387096774,1.2096774193548383,2.177419354838709,0.0620286532258064,7.741935483870967,CM/AM,9,50,17,7,17,61,24,70,65,70,100,59,20,61,70,24,37,20,17,52,76,74,76,30,50,52,39,17,26,74,13,17,30,59,65,26,61,52,48,65,4,15,9,13,22,52,13,9,13,70,26,78,78,70,100,74,22,78,87,26,52,20,17,52,78,74,87,30,50,52,39,17,26,74,13,17,30,59,78,30,61,65,61,65,9,9,9,9,Danish Superliga
AGF,5rz9enoyknpg8ji78za5b82p0,76av5tb8cxhmr0yh3pbmk8npw,F. Emmery,Frederik Emmery,19.0,Attacker,Denmark,Striker,28.0,11.0,81.0,1.0,98.0,2.0,10.0,19.0,14.0,5.0,7.0,41.0,1.0,545.0,47.0,15.0,5.0,4.0,1.0,5.0,0.0,33.0,35.0,16.0,2.0,0.0,0.0,76.56,20.0,28.95,48.48,26.32,56.16,66.67,62.5,1.1851045869021597,1.1999916952004868,10.0,24.0,0.74422274,9.0,5.0,9.0,1.52905375,26.0,4.623853211009174,1.81651376146789,13.376146788990829,0.1651376146788991,16.18348623853211,0.3302752293577982,1.651376146788991,3.137614678899083,2.311926605504587,0.8256880733944955,1.1559633027522935,6.770642201834862,0.1651376146788991,7.761467889908257,2.4770642201834865,0.8256880733944955,0.6605504587155964,0.1651376146788991,0.8256880733944955,0.0,5.4495412844036695,5.779816513761468,2.642201834862385,0.3302752293577982,0.0,0.0,76.56,20.0,28.95,48.48,26.32,56.16,66.67,62.5,0.1957053446260447,0.1981637661798969,1.651376146788991,3.963302752293578,0.1228991680733945,1.4862385321100915,0.8256880733944955,1.4862385321100915,0.2525042889908257,4.293577981651376,LW,86,100,86,36,71,64,71,100,100,71,79,100,50,100,100,100,86,57,79,57,71,71,86,93,57,57,86,29,100,71,57,100,100,57,43,86,100,100,100,100,50,43,100,29,57,100,57,29,29,43,43,71,71,57,43,86,57,86,86,86,71,57,71,57,86,86,86,86,57,57,86,29,100,71,57,100,100,57,29,100,86,100,100,100,43,43,86,14,Danish Superliga
AGF,5rz9enoyknpg8ji78za5b82p0,7je01bs3a4q6c2gd02ee6da3u,K. Arnstad,Kristian Arnstad,23.0,Midfielder,Norway,Midfielder,98.0,2.0,163.0,2.0,259.0,3.0,11.0,8.0,6.0,2.0,3.0,28.0,6.0,566.0,20.0,10.0,7.0,6.0,2.0,3.0,0.0,8.0,9.0,4.0,0.0,0.0,0.0,83.01,22.22,22.22,50.0,37.5,40.0,27.27,63.64,0.4675668386317053,0.7030091913103098,3.0,15.0,0.6063573600000001,5.0,21.0,32.0,0.6147896499999999,120.0,15.583038869257951,0.3180212014134275,25.918727915194346,0.3180212014134275,41.18374558303887,0.4770318021201413,1.7491166077738516,1.2720848056537102,0.9540636042402828,0.3180212014134275,0.4770318021201413,4.4522968197879855,0.9540636042402828,3.180212014134276,1.5901060070671378,1.1130742049469964,0.9540636042402828,0.3180212014134275,0.4770318021201413,0.0,1.2720848056537102,1.431095406360424,0.6360424028268551,0.0,0.0,0.0,83.01,22.22,22.22,50.0,37.5,40.0,27.27,63.64,0.0743480838813665,0.1117859138125934,0.4770318021201413,2.385159010600707,0.0964172480565371,0.7950530035335689,3.3392226148409896,5.088339222614841,0.0977580715547703,19.08127208480565,CM/AM,91,50,74,17,83,46,70,37,65,28,54,74,83,76,80,72,65,80,54,52,57,63,54,30,50,52,57,4,50,63,65,22,22,65,13,48,61,59,78,46,65,74,39,74,74,43,65,13,65,22,43,26,39,13,39,43,78,48,74,61,48,74,35,52,30,43,39,30,50,52,57,4,50,63,65,22,22,65,9,35,43,39,70,26,48,65,22,61,Danish Superliga
AGF,5rz9enoyknpg8ji78za5b82p0,7m68sk6x5j4izvmi83h2e6kbu,M. Knudsen,Magnus Knudsen,25.0,Midfielder,Norway,Midfielder,104.0,1.0,139.0,12.0,242.0,2.0,3.0,2.0,1.0,1.0,2.0,37.0,4.0,481.0,3.0,9.0,13.0,8.0,0.0,0.0,0.0,8.0,9.0,5.0,1.0,0.0,0.0,88.0,57.14,20.0,62.5,0.0,58.73,18.18,61.9,0.2428002881689194,0.2526273212712135,1.0,3.0,0.0640638,4.0,18.0,18.0,0.5984102399999999,100.0,19.45945945945946,0.1871101871101871,26.00831600831601,2.245322245322245,45.28066528066528,0.3742203742203742,0.5613305613305614,0.3742203742203742,0.1871101871101871,0.1871101871101871,0.3742203742203742,6.923076923076923,0.7484407484407485,0.5613305613305614,1.6839916839916842,2.4324324324324325,1.496881496881497,0.0,0.0,0.0,1.496881496881497,1.6839916839916842,0.9355509355509356,0.1871101871101871,0.0,0.0,88.0,57.14,20.0,62.5,0.0,58.73,18.18,61.9,0.0454304073496938,0.0472691453522021,0.1871101871101871,0.5613305613305614,0.0119869896049896,0.7484407484407485,3.3679833679833684,3.3679833679833684,0.1119686519750519,18.71101871101872,DM/CM,56,65,81,59,67,19,37,35,59,31,80,89,33,37,78,100,44,35,17,48,85,85,85,72,52,52,74,72,67,89,17,89,11,67,41,41,41,20,19,74,70,56,78,59,52,67,89,67,67,19,37,37,63,33,85,93,22,33,78,100,37,35,17,48,81,85,89,74,52,52,74,72,67,89,17,89,11,67,44,41,41,19,15,78,67,56,74,70,Danish Superliga
AGF,5rz9enoyknpg8ji78za5b82p0,9delpquqv81o7ftrgefb0wpp0,L. Callø,Luka Callø,20.0,Defender,Denmark,Defender,142.0,0.0,74.0,12.0,216.0,11.0,1.0,1.0,1.0,0.0,0.0,15.0,4.0,281.0,3.0,1.0,2.0,18.0,0.0,0.0,0.0,0.0,1.0,0.0,0.0,0.0,0.0,91.91,63.16,0.0,0.0,0.0,46.88,52.38,66.67,0.1412868621083393,0.0761113751923792,0.0,0.0,0.0,0.0,7.0,5.0,0.0973640699999999,30.0,45.480427046263344,0.0,23.701067615658364,3.8434163701067616,69.1814946619217,3.5231316725978647,0.3202846975088968,0.3202846975088968,0.3202846975088968,0.0,0.0,4.804270462633452,1.2811387900355873,0.9608540925266904,0.3202846975088968,0.6405693950177936,5.765124555160142,0.0,0.0,0.0,0.0,0.3202846975088968,0.0,0.0,0.0,0.0,91.91,63.16,0.0,0.0,0.0,46.88,52.38,66.67,0.0452520198923506,0.0243773087804773,0.0,0.0,0.0,0.0,2.2419928825622777,1.601423487544484,0.031184221708185,9.608540925266905,CB,36,33,27,45,30,59,29,21,24,32,32,20,36,18,9,12,30,36,24,45,20,47,24,41,52,52,82,94,33,24,24,18,55,58,42,33,33,11,11,20,30,26,18,24,76,33,64,73,79,97,48,30,36,32,32,64,52,36,27,30,61,36,24,45,20,67,24,41,52,52,82,94,33,24,24,18,55,58,48,42,33,11,11,20,42,36,18,24,Danish Superliga
AGF,5rz9enoyknpg8ji78za5b82p0,an7okg1fciccqu6300k8phisq,R. Carstensen,Rasmus Carstensen,25.0,Defender,Denmark,Defender,30.0,1.0,46.0,2.0,75.0,4.0,1.0,7.0,6.0,1.0,2.0,12.0,1.0,209.0,12.0,4.0,2.0,8.0,1.0,2.0,0.0,5.0,5.0,2.0,0.0,0.0,0.0,79.79,25.0,20.0,40.0,28.57,60.0,80.0,100.0,0.7359736899823002,0.0933719433583713,1.0,6.0,0.1839946499999999,1.0,2.0,6.0,0.54797844,26.0,12.91866028708134,0.4306220095693779,19.808612440191386,0.8612440191387559,32.29665071770334,1.7224880382775118,0.4306220095693779,3.014354066985646,2.583732057416268,0.4306220095693779,0.8612440191387559,5.167464114832535,0.4306220095693779,5.167464114832535,1.7224880382775118,0.8612440191387559,3.444976076555024,0.4306220095693779,0.8612440191387559,0.0,2.15311004784689,2.15311004784689,0.8612440191387559,0.0,0.0,0.0,79.79,25.0,20.0,40.0,28.57,60.0,80.0,100.0,0.3169264693703684,0.0402080138863799,0.4306220095693779,2.583732057416268,0.0792321459330143,0.4306220095693779,0.8612440191387559,2.583732057416268,0.2359715770334927,11.196172248803826,RB/RCB,17,25,17,25,17,25,17,100,100,46,75,17,8,75,58,17,21,96,92,46,54,50,58,42,54,54,25,29,38,29,75,75,92,96,100,33,62,54,58,33,25,25,50,25,25,33,58,42,33,83,25,100,100,75,100,67,8,100,100,25,67,100,100,46,100,100,83,42,54,54,25,29,38,29,75,75,92,96,100,50,92,83,92,33,25,33,83,25,Danish Superliga
AGF,5rz9enoyknpg8ji78za5b82p0,as6coaak724tr7igyz1wwlfc9,C. Rösler,Colin Rösler,26.0,Defender,Norway,Defender,97.0,2.0,55.0,1.0,150.0,4.0,3.0,1.0,1.0,0.0,0.0,8.0,3.0,226.0,1.0,0.0,2.0,12.0,0.0,0.0,0.0,1.0,1.0,1.0,0.0,0.0,0.0,87.72,7.14,100.0,100.0,0.0,53.33,50.0,66.67,0.0,0.0,0.0,0.0,0.0,0.0,0.0,0.0,0.0,0.0,38.6283185840708,0.7964601769911505,21.90265486725664,0.3982300884955752,59.73451327433629,1.592920353982301,1.1946902654867255,0.3982300884955752,0.3982300884955752,0.0,0.0,3.185840707964602,1.1946902654867255,0.3982300884955752,0.0,0.7964601769911505,4.778761061946903,0.0,0.0,0.0,0.3982300884955752,0.3982300884955752,0.3982300884955752,0.0,0.0,0.0,87.72,7.14,100.0,100.0,0.0,53.33,50.0,66.67,0.0,0.0,0.0,0.0,0.0,0.0,0.0,0.0,0.0,0.0,RB/RCB,42,42,25,8,33,25,50,21,25,21,29,8,25,8,8,17,42,46,25,46,17,17,25,42,54,54,83,8,100,92,25,33,46,38,17,17,29,12,12,17,12,12,12,12,100,75,75,8,92,67,92,25,58,21,29,17,50,17,8,17,83,46,25,46,33,33,50,42,54,54,83,8,100,92,25,33,46,38,17,17,29,12,12,17,12,12,12,12,Danish Superliga
AGF,5rz9enoyknpg8ji78za5b82p0,cgkvw4q8ddcjl0po181upzwx6,E. Kahl,Eric Kahl,24.0,Defender,Sweden,Defender,198.0,2.0,200.0,21.0,396.0,8.0,3.0,2.0,0.0,2.0,1.0,35.0,10.0,556.0,3.0,11.0,7.0,25.0,0.0,0.0,0.0,4.0,4.0,4.0,0.0,0.0,0.0,87.8,52.5,15.38,100.0,0.0,64.81,47.06,58.33,0.1031680628490457,0.3288929692157581,2.0,13.0,0.32941177,10.0,61.0,53.0,1.1963511599999996,235.0,32.05035971223021,0.3237410071942446,32.37410071942446,3.399280575539568,64.10071942446042,1.2949640287769784,0.4856115107913669,0.3237410071942446,0.0,0.3237410071942446,0.1618705035971223,5.66546762589928,1.618705035971223,0.4856115107913669,1.7805755395683454,1.1330935251798562,4.046762589928058,0.0,0.0,0.0,0.6474820143884892,0.6474820143884892,0.6474820143884892,0.0,0.0,0.0,87.8,52.5,15.38,100.0,0.0,64.81,47.06,58.33,0.0166998662885145,0.0532380705565076,0.3237410071942446,2.1043165467625897,0.0533220491007194,1.618705035971223,9.87410071942446,8.579136690647482,0.1936539647482013,38.03956834532374,LB/LCB,100,53,100,100,100,80,43,40,20,70,67,80,100,20,93,57,90,47,27,47,70,70,73,30,53,53,87,87,47,90,27,87,67,60,27,47,70,90,87,97,100,100,93,100,93,53,100,87,100,73,33,27,20,53,60,80,80,20,93,47,73,47,27,47,60,60,73,30,53,53,87,87,47,90,27,87,67,60,20,33,53,80,67,87,100,100,73,100,Danish Superliga
AGF,5rz9enoyknpg8ji78za5b82p0,czpstoiy12awqpasz573ckp91,D. Grétarsson,Daníel Grétarsson,30.0,Defender,Iceland,Defender,103.0,1.0,67.0,17.0,169.0,5.0,3.0,5.0,3.0,2.0,3.0,27.0,5.0,352.0,8.0,5.0,8.0,18.0,0.0,1.0,0.0,1.0,1.0,1.0,0.0,0.0,0.0,74.12,36.17,33.33,100.0,20.0,57.45,35.71,50.0,0.4733667838049842,0.3491933193363071,2.0,5.0,0.33824145,2.0,27.0,29.0,0.6830810299999999,89.0,26.33522727272728,0.2556818181818182,17.13068181818182,4.346590909090909,43.21022727272727,1.278409090909091,0.7670454545454546,1.278409090909091,0.7670454545454546,0.5113636363636364,0.7670454545454546,6.903409090909091,1.278409090909091,2.0454545454545454,1.278409090909091,2.0454545454545454,4.602272727272728,0.0,0.2556818181818182,0.0,0.2556818181818182,0.2556818181818182,0.2556818181818182,0.0,0.0,0.0,74.12,36.17,33.33,100.0,20.0,57.45,35.71,50.0,0.121031279950138,0.0892823827848512,0.5113636363636364,1.278409090909091,0.0864821889204545,0.5113636363636364,6.903409090909091,7.414772727272727,0.174651399715909,22.75568181818182,LB/LCB,60,33,43,90,60,60,43,73,70,70,93,67,50,57,63,70,70,47,70,47,23,17,47,30,53,53,27,60,80,90,67,60,33,33,73,60,70,33,93,37,93,90,60,67,87,47,60,100,67,67,67,73,93,73,100,100,67,73,67,93,87,47,80,47,27,13,47,30,53,53,27,60,80,90,67,60,33,33,93,73,80,53,93,47,87,80,60,87,Danish Superliga
AGF,5rz9enoyknpg8ji78za5b82p0,esasiq4j83g377zb8zi0bgpnt,J. Serra,Janni Serra,28.0,Attacker,Germany,Striker,9.0,0.0,22.0,0.0,31.0,9.0,6.0,10.0,10.0,0.0,0.0,15.0,0.0,211.0,22.0,2.0,1.0,2.0,3.0,3.0,0.0,3.0,3.0,3.0,0.0,0.0,0.0,79.49,0.0,0.0,100.0,30.0,68.18,75.0,100.0,1.4119058189661056,0.3537207177253297,0.0,4.0,0.1729201899999999,2.0,0.0,1.0,0.0369303999999999,10.0,3.838862559241706,0.0,9.38388625592417,0.0,13.222748815165875,3.838862559241706,2.559241706161137,4.265402843601896,4.265402843601896,0.0,0.0,6.398104265402844,0.0,9.38388625592417,0.8530805687203791,0.4265402843601895,0.8530805687203791,1.2796208530805686,1.2796208530805686,0.0,1.2796208530805686,1.2796208530805686,1.2796208530805686,0.0,0.0,0.0,79.49,0.0,0.0,100.0,30.0,68.18,75.0,100.0,0.602234709511609,0.1508761355226524,0.0,1.706161137440758,0.0737574270142179,0.8530805687203791,0.0,0.4265402843601895,0.0157523033175355,4.265402843601896,ST,24,40,24,18,20,66,66,52,68,14,12,26,28,76,12,36,26,92,50,52,24,20,60,32,48,50,84,18,40,98,32,100,100,86,72,64,12,58,60,62,6,16,16,28,48,40,68,18,52,92,96,92,96,14,12,68,28,96,24,48,44,100,68,52,44,44,80,32,48,50,84,18,40,98,32,100,100,86,96,76,12,92,88,88,6,20,20,44,Danish Superliga
Brøndby,9qsmopgutr7ut5g6workk8w4i,13z6jj0jpv4z3c3uh9t7bz9m2,M. Frøkjær-Jensen,Mads Frökjaer-Jensen,27.0,Midfielder,Denmark,Midfielder,40.0,13.0,208.0,11.0,235.0,2.0,18.0,16.0,4.0,12.0,6.0,25.0,7.0,591.0,15.0,5.0,3.0,2.0,2.0,5.0,0.0,22.0,24.0,9.0,0.0,0.0,0.0,77.3,42.31,30.95,40.91,31.25,41.67,50.0,33.33,1.3478800970307971,1.722299344858914,8.0,30.0,0.7968731099999998,27.0,30.0,53.0,1.86378776,140.0,6.091370558375635,1.9796954314720807,31.675126903553306,1.6751269035532996,35.786802030456855,0.3045685279187817,2.741116751269036,2.436548223350254,0.6091370558375635,1.8274111675126905,0.9137055837563453,3.807106598984772,1.065989847715736,2.284263959390863,0.7614213197969544,0.4568527918781726,0.3045685279187817,0.3045685279187817,0.7614213197969544,0.0,3.3502538071066,3.654822335025381,1.370558375634518,0.0,0.0,0.0,77.3,42.31,30.95,40.91,31.25,41.67,50.0,33.33,0.2052609284818473,0.2622790880495808,1.218274111675127,4.568527918781726,0.1213512350253806,4.111675126903553,4.568527918781726,8.071065989847716,0.2838255472081218,21.31979695431472,CM/AM,39,96,87,83,70,22,96,87,26,100,91,70,87,43,43,24,20,80,89,52,96,96,91,30,50,52,22,39,70,48,48,28,63,9,83,96,91,100,100,100,83,96,100,83,13,96,70,74,52,9,87,61,22,100,87,26,83,35,22,17,13,70,61,52,87,87,83,30,50,52,22,39,70,48,48,28,63,9,52,91,83,91,91,100,74,91,100,70,Danish Superliga
Brøndby,9qsmopgutr7ut5g6workk8w4i,1thbt0dca4eqad81ldqa5iqz8,O. Fenger,Oskar Fenger,18.0,Attacker,Denmark,Striker,7.0,0.0,12.0,0.0,19.0,2.0,1.0,4.0,4.0,0.0,1.0,8.0,0.0,286.0,21.0,3.0,2.0,3.0,1.0,1.0,0.0,3.0,4.0,1.0,1.0,0.0,0.0,67.86,0.0,0.0,33.33,25.0,28.57,16.67,100.0,0.5535714483514808,0.1260115941699189,0.0,2.0,0.29256688,0.0,0.0,0.0,0.00551751,4.0,2.202797202797203,0.0,3.776223776223776,0.0,5.979020979020979,0.6293706293706294,0.3146853146853147,1.2587412587412588,1.2587412587412588,0.0,0.3146853146853147,2.517482517482517,0.0,6.608391608391609,0.944055944055944,0.6293706293706294,0.944055944055944,0.3146853146853147,0.3146853146853147,0.0,0.944055944055944,1.2587412587412588,0.3146853146853147,0.3146853146853147,0.0,0.0,67.86,0.0,0.0,33.33,25.0,28.57,16.67,100.0,0.1742008054252911,0.039653998165359,0.0,0.6293706293706294,0.0920665006993007,0.0,0.0,0.0,0.0017362793706293,1.2587412587412588,ST,8,40,4,18,4,22,12,16,34,14,38,6,28,72,28,52,42,46,18,52,24,32,22,80,48,50,28,18,40,34,22,8,24,86,24,20,12,18,84,14,6,6,4,4,4,40,4,18,4,24,12,12,32,14,32,12,28,80,36,64,52,52,12,52,32,36,24,84,48,50,28,18,40,34,22,8,24,86,28,16,12,20,96,14,6,6,4,4,Danish Superliga
Brøndby,9qsmopgutr7ut5g6workk8w4i,2tthm6h5o033dz440e476rhbe,M. Divković,Marko Divkovic,27.0,Defender,Croatia,Defender,39.0,5.0,59.0,2.0,93.0,0.0,6.0,3.0,0.0,3.0,1.0,7.0,6.0,198.0,5.0,1.0,4.0,3.0,0.0,1.0,0.0,4.0,4.0,1.0,1.0,0.0,0.0,83.78,50.0,26.32,25.0,33.33,38.89,0.0,80.0,0.1517457777067909,0.7352886911161964,3.0,7.0,0.2498877999999998,3.0,11.0,17.0,0.6419024399999999,43.0,17.727272727272727,2.2727272727272725,26.818181818181817,0.9090909090909092,42.27272727272727,0.0,2.727272727272727,1.3636363636363635,0.0,1.3636363636363635,0.4545454545454545,3.1818181818181817,2.727272727272727,2.2727272727272725,0.4545454545454545,1.818181818181818,1.3636363636363635,0.0,0.4545454545454545,0.0,1.818181818181818,1.818181818181818,0.4545454545454545,0.4545454545454545,0.0,0.0,83.78,50.0,26.32,25.0,33.33,38.89,0.0,80.0,0.0689753535030867,0.3342221323255438,1.3636363636363635,3.1818181818181817,0.1135853636363635,1.3636363636363635,5.0,7.727272727272727,0.2917738363636363,19.545454545454543,LB/LCB,20,83,20,10,13,7,77,57,20,80,67,7,63,37,13,40,7,47,70,47,70,70,47,77,53,53,67,80,60,27,87,20,10,73,40,87,83,70,67,47,43,43,53,33,47,100,87,13,60,7,100,93,20,100,80,33,100,80,27,87,7,47,100,47,87,80,67,100,53,53,67,80,60,27,87,20,10,73,67,100,100,100,100,73,80,87,100,67,Danish Superliga
Brøndby,9qsmopgutr7ut5g6workk8w4i,2z8u8kyv91shp0la8alkn6kus,M. Ejdum,Max Ejdum,21.0,Midfielder,Denmark,Midfielder,87.0,1.0,192.0,3.0,278.0,5.0,11.0,9.0,5.0,4.0,3.0,22.0,5.0,537.0,19.0,7.0,3.0,10.0,0.0,0.0,0.0,8.0,8.0,5.0,2.0,0.0,0.0,85.54,37.5,50.0,62.5,0.0,42.31,45.45,60.0,0.8023390690461879,0.6333168655181035,2.0,15.0,0.3498235099999999,4.0,26.0,32.0,0.899465,144.0,14.58100558659218,0.1675977653631284,32.17877094972067,0.5027932960893855,46.59217877094972,0.8379888268156425,1.843575418994413,1.5083798882681565,0.8379888268156425,0.6703910614525139,0.5027932960893855,3.687150837988826,0.8379888268156425,3.184357541899441,1.1731843575418994,0.5027932960893855,1.675977653631285,0.0,0.0,0.0,1.340782122905028,1.340782122905028,0.8379888268156425,0.3351955307262569,0.0,0.0,85.54,37.5,50.0,62.5,0.0,42.31,45.45,60.0,0.1344702350356739,0.1061424914276151,0.3351955307262569,2.5139664804469275,0.058629638547486,0.6703910614525139,4.35754189944134,5.363128491620111,0.1507483240223463,24.134078212290504,CM/AM,83,33,83,30,91,67,70,48,41,63,54,48,78,67,61,24,83,20,7,52,57,54,65,93,50,52,83,22,93,80,7,39,52,59,48,30,39,59,43,33,78,74,70,87,65,26,74,26,78,61,57,30,35,52,43,17,74,52,48,22,78,20,7,52,48,39,57,87,50,52,83,22,93,80,7,39,52,59,35,26,35,48,39,17,65,74,57,78,Danish Superliga
Brøndby,9qsmopgutr7ut5g6workk8w4i,3luquna7mmn8rvooqevn0q0h5,B. Slisz,Bartosz Slisz,27.0,Midfielder,Poland,Midfielder,138.0,1.0,266.0,13.0,403.0,6.0,6.0,6.0,1.0,5.0,3.0,34.0,17.0,630.0,5.0,6.0,8.0,20.0,1.0,2.0,0.0,10.0,10.0,6.0,1.0,0.0,0.0,89.56,65.0,16.67,60.0,33.33,50.0,60.0,50.0,0.4118418446997633,0.4359443147124828,5.0,41.0,0.9386604,12.0,58.0,49.0,1.0482084599999997,251.0,19.714285714285715,0.1428571428571428,38.0,1.8571428571428568,57.57142857142857,0.8571428571428571,0.8571428571428571,0.8571428571428571,0.1428571428571428,0.7142857142857143,0.4285714285714285,4.857142857142857,2.4285714285714284,0.7142857142857143,0.8571428571428571,1.1428571428571428,2.857142857142857,0.1428571428571428,0.2857142857142857,0.0,1.4285714285714286,1.4285714285714286,0.8571428571428571,0.1428571428571428,0.0,0.0,89.56,65.0,16.67,60.0,33.33,50.0,60.0,50.0,0.0588345492428233,0.0622777592446404,0.7142857142857143,5.857142857142857,0.1340943428571428,1.7142857142857142,8.285714285714286,7.0,0.1497440657142856,35.857142857142854,DM/CM,78,65,100,67,96,70,74,74,59,87,91,80,100,61,54,61,96,80,74,48,89,89,89,72,52,52,89,89,63,81,61,54,74,31,74,63,98,100,100,100,100,98,89,100,59,56,100,57,93,63,59,52,46,70,89,48,100,48,41,37,89,70,59,48,74,74,85,59,52,52,89,89,63,81,61,54,74,31,52,48,93,100,100,100,96,96,85,96,Danish Superliga
Brøndby,9qsmopgutr7ut5g6workk8w4i,3sadup8mjwu4dc96wz6lmixn9,P. Mortensen,Patrick Mortensen,37.0,Attacker,Denmark,Striker,13.0,0.0,24.0,0.0,37.0,11.0,0.0,11.0,9.0,2.0,4.0,17.0,1.0,265.0,13.0,5.0,1.0,10.0,1.0,1.0,0.0,0.0,0.0,0.0,0.0,0.0,0.0,80.43,0.0,0.0,0.0,9.09,56.67,68.75,100.0,1.279830420090739,0.0,1.0,4.0,0.10846817,1.0,1.0,1.0,0.0566286699999997,10.0,4.415094339622641,0.0,8.150943396226415,0.0,12.566037735849056,3.735849056603773,0.0,3.735849056603773,3.056603773584905,0.6792452830188679,1.3584905660377358,5.773584905660377,0.3396226415094339,4.415094339622641,1.6981132075471697,0.3396226415094339,3.39622641509434,0.3396226415094339,0.3396226415094339,0.0,0.0,0.0,0.0,0.0,0.0,0.0,80.43,0.0,0.0,0.0,9.09,56.67,68.75,100.0,0.4346593879553453,0.0,0.3396226415094339,1.3584905660377358,0.0368382464150943,0.3396226415094339,0.3396226415094339,0.3396226415094339,0.0192323784905659,3.39622641509434,ST,38,40,32,18,28,76,4,60,64,46,96,38,66,38,56,36,100,46,18,52,6,6,8,32,48,50,88,18,40,8,12,88,92,86,64,4,34,58,48,36,16,16,32,28,64,40,44,18,44,84,4,80,84,52,100,48,72,52,68,36,100,60,20,52,6,6,8,32,48,50,88,18,40,8,12,88,92,86,84,4,36,72,52,40,20,12,32,28,Danish Superliga
Brøndby,9qsmopgutr7ut5g6workk8w4i,56sjqxlsf5iitgww0hogez8ph,J. Vanlerberghe,Jordi Vanlerberghe,30.0,Defender,Belgium,Defender,212.0,0.0,172.0,16.0,384.0,10.0,0.0,4.0,3.0,1.0,1.0,27.0,10.0,538.0,4.0,1.0,8.0,23.0,1.0,1.0,1.0,1.0,1.0,1.0,0.0,0.0,0.0,88.28,42.11,0.0,100.0,25.0,61.36,50.0,53.33,0.4468447197226515,0.0,1.0,14.0,0.26521116,6.0,47.0,36.0,0.7799732599999997,278.0,35.46468401486989,0.0,28.77323420074349,2.676579925650558,64.23791821561338,1.6728624535315986,0.0,0.6691449814126395,0.5018587360594795,0.1672862453531598,0.1672862453531598,4.516728624535316,1.6728624535315986,0.6691449814126395,0.1672862453531598,1.338289962825279,3.8475836431226766,0.1672862453531598,0.1672862453531598,0.1672862453531598,0.1672862453531598,0.1672862453531598,0.1672862453531598,0.0,0.0,0.0,88.28,42.11,0.0,100.0,25.0,61.36,50.0,53.33,0.0747509754182874,0.0,0.1672862453531598,2.3420074349442377,0.0443661791821561,1.003717472118959,7.862453531598513,6.022304832713755,0.1304787981412639,46.50557620817844,CB,70,33,88,59,82,55,8,70,68,74,73,76,79,30,9,92,44,85,62,95,48,47,67,41,52,52,52,36,33,92,59,76,41,33,73,15,79,97,91,91,100,94,88,94,52,33,88,52,73,55,8,67,64,76,76,58,79,24,9,88,30,88,64,94,48,45,67,41,52,52,52,36,33,92,59,76,41,33,67,15,79,88,79,85,100,97,82,88,Danish Superliga
Brøndby,9qsmopgutr7ut5g6workk8w4i,8l12vx57ou6ho0vptjh22r5yh,L. Binks,Luis Binks,25.0,Defender,England,Defender,280.0,0.0,213.0,29.0,493.0,23.0,5.0,9.0,8.0,1.0,2.0,39.0,7.0,630.0,20.0,8.0,2.0,45.0,1.0,2.0,0.0,2.0,2.0,1.0,2.0,0.0,0.0,88.67,46.77,0.0,50.0,22.22,61.9,67.65,28.57,0.9635831084815186,0.4113007036661682,1.0,17.0,0.3545907999999999,6.0,40.0,42.0,1.0603313899999998,334.0,40.0,0.0,30.428571428571427,4.142857142857143,70.42857142857143,3.2857142857142856,0.7142857142857143,1.2857142857142858,1.1428571428571428,0.1428571428571428,0.2857142857142857,5.571428571428571,1.0,2.857142857142857,1.1428571428571428,0.2857142857142857,6.428571428571429,0.1428571428571428,0.2857142857142857,0.0,0.2857142857142857,0.2857142857142857,0.1428571428571428,0.2857142857142857,0.0,0.0,88.67,46.77,0.0,50.0,22.22,61.9,67.65,28.57,0.137654729783074,0.0587572433808811,0.1428571428571428,2.4285714285714284,0.0506558285714285,0.8571428571428571,5.714285714285714,6.0,0.1514759128571428,47.71428571428572,CB,82,33,100,92,94,97,83,97,97,74,89,94,62,94,92,12,91,85,85,45,67,67,67,100,52,52,58,39,33,70,52,79,94,6,97,82,79,100,94,91,92,100,97,98,67,33,97,77,82,91,71,94,94,64,80,85,39,91,79,8,79,79,79,45,58,55,55,100,52,52,58,39,33,70,52,79,94,6,91,76,67,91,82,79,85,94,88,92,Danish Superliga
Brøndby,9qsmopgutr7ut5g6workk8w4i,8wb6zb0imo0295asm428cur55,M. Köhlert,Mats Köhlert,28.0,Defender,Germany,Defender,111.0,8.0,125.0,10.0,228.0,1.0,7.0,2.0,1.0,1.0,0.0,12.0,1.0,432.0,9.0,3.0,8.0,10.0,0.0,1.0,0.0,1.0,1.0,0.0,1.0,0.0,0.0,90.84,66.67,25.81,0.0,50.0,35.29,16.67,100.0,0.222470696831582,0.7801350789085538,1.0,7.0,0.1719104,4.0,14.0,22.0,0.8530925099999997,97.0,23.125,1.6666666666666667,26.041666666666668,2.083333333333333,47.5,0.2083333333333333,1.4583333333333337,0.4166666666666667,0.2083333333333333,0.2083333333333333,0.0,2.5,0.2083333333333333,1.875,0.625,1.6666666666666667,2.083333333333333,0.0,0.2083333333333333,0.0,0.2083333333333333,0.2083333333333333,0.0,0.2083333333333333,0.0,0.0,90.84,66.67,25.81,0.0,50.0,35.29,16.67,100.0,0.0463480618399129,0.162528141439282,0.2083333333333333,1.4583333333333337,0.0358146666666666,0.8333333333333334,2.916666666666667,4.583333333333334,0.1777276062499999,20.208333333333336,LB/LCB,67,93,93,67,80,17,90,40,47,53,27,27,7,70,33,70,30,47,70,47,23,17,13,77,53,53,100,100,53,13,100,7,20,97,53,93,53,70,47,57,73,67,73,80,73,93,80,67,73,13,87,47,40,47,27,13,7,60,40,73,27,47,60,47,13,7,13,73,53,53,100,100,53,13,100,7,20,97,53,87,47,60,53,60,67,73,67,73,Danish Superliga
Brøndby,9qsmopgutr7ut5g6workk8w4i,94560hgwsjkx8qgz48f7gzitw,O. Hyseni,Olti Hyseni,19.0,Attacker,Denmark,Striker,23.0,4.0,44.0,1.0,63.0,2.0,6.0,16.0,10.0,6.0,6.0,20.0,2.0,314.0,27.0,10.0,3.0,1.0,2.0,5.0,0.0,14.0,16.0,5.0,2.0,0.0,0.0,65.62,25.0,25.0,35.71,31.25,38.46,40.0,75.0,1.4468687659731456,0.6832720270844981,6.0,7.0,0.1630878,2.0,2.0,5.0,1.08405312,19.0,6.592356687898089,1.1464968152866242,12.611464968152866,0.286624203821656,18.05732484076433,0.5732484076433121,1.7197452229299364,4.585987261146497,2.8662420382165603,1.7197452229299364,1.7197452229299364,5.732484076433121,0.5732484076433121,7.738853503184713,2.8662420382165603,0.8598726114649682,0.286624203821656,0.5732484076433121,1.4331210191082802,0.0,4.012738853503184,4.585987261146497,1.4331210191082802,0.5732484076433121,0.0,0.0,65.62,25.0,25.0,35.71,31.25,38.46,40.0,75.0,0.4147076080814748,0.1958423007567032,1.7197452229299364,2.006369426751592,0.0467449108280254,0.5732484076433121,0.5732484076433121,1.4331210191082802,0.3107158624203822,5.445859872611465,LW,64,64,14,36,14,64,36,57,36,93,57,29,71,43,79,71,43,86,79,57,43,43,21,93,57,57,29,57,57,14,86,57,86,100,86,57,50,14,14,36,14,29,57,14,86,71,43,57,71,86,57,100,86,100,86,71,71,71,100,100,43,100,86,57,43,43,29,100,57,57,29,57,57,14,86,57,86,100,100,86,100,29,14,43,14,29,100,29,Danish Superliga
Brøndby,9qsmopgutr7ut5g6workk8w4i,9auqrrixu34cgkpe8trlkaoh6,F. Bundgaard,Filip Bundgaard,22.0,Attacker,Denmark,Striker,20.0,1.0,52.0,1.0,71.0,2.0,3.0,12.0,6.0,6.0,5.0,19.0,3.0,379.0,22.0,7.0,2.0,3.0,0.0,2.0,0.0,12.0,12.0,7.0,0.0,0.0,0.0,73.2,25.0,9.09,58.33,16.67,43.18,25.0,66.67,0.8622934291987757,0.3032643040502783,6.0,9.0,0.25282156,1.0,5.0,4.0,0.4773642299999999,27.0,4.749340369393139,0.2374670184696569,12.348284960422165,0.2374670184696569,16.860158311345646,0.4749340369393139,0.7124010554089709,2.849604221635884,1.4248021108179418,1.4248021108179418,1.1873350923482848,4.511873350923483,0.7124010554089709,5.224274406332453,1.6622691292875988,0.4749340369393139,0.7124010554089709,0.0,0.4749340369393139,0.0,2.849604221635884,2.849604221635884,1.6622691292875988,0.0,0.0,0.0,73.2,25.0,9.09,58.33,16.67,43.18,25.0,66.67,0.2047662496778095,0.0720152700910951,1.4248021108179418,2.1372031662269126,0.0600367820580474,0.2374670184696569,1.1873350923482848,0.949868073878628,0.1133582604221635,6.411609498680739,LW,43,29,29,36,43,64,14,14,14,93,36,14,86,14,43,43,64,29,14,57,29,29,43,29,57,57,57,57,29,100,14,71,57,79,14,14,50,36,29,14,50,14,29,43,71,29,29,43,43,71,14,43,14,86,71,14,86,14,57,57,86,29,14,57,29,29,43,29,57,57,57,57,29,100,14,71,57,79,43,14,57,43,43,14,71,14,29,71,Danish Superliga
Brøndby,9qsmopgutr7ut5g6workk8w4i,adra6wrtnrz7de6pmaf1ugm50,M. Younis,Marcus Younis,21.0,Attacker,Australia,Striker,15.0,4.0,60.0,1.0,71.0,3.0,7.0,13.0,12.0,1.0,4.0,23.0,1.0,465.0,30.0,9.0,4.0,0.0,1.0,4.0,0.0,12.0,12.0,4.0,1.0,0.0,0.0,86.59,100.0,20.0,33.33,30.77,37.1,42.86,57.14,1.2179001604931328,0.6210331272221071,3.0,16.0,0.53722086,1.0,2.0,2.0,0.4113367599999999,13.0,2.9032258064516125,0.7741935483870968,11.61290322580645,0.1935483870967742,13.741935483870966,0.5806451612903225,1.3548387096774193,2.5161290322580645,2.32258064516129,0.1935483870967742,0.7741935483870968,4.451612903225806,0.1935483870967742,5.806451612903225,1.7419354838709675,0.7741935483870968,0.0,0.1935483870967742,0.7741935483870968,0.0,2.32258064516129,2.32258064516129,0.7741935483870968,0.1935483870967742,0.0,0.0,86.59,100.0,20.0,33.33,30.77,37.1,42.86,57.14,0.2357226117083482,0.1201999601075046,0.5806451612903225,3.096774193548387,0.1039782309677419,0.1935483870967742,0.3870967741935484,0.3870967741935484,0.0796135664516128,2.5161290322580645,RW,40,70,100,90,80,100,70,100,100,70,100,100,80,100,100,90,40,70,100,60,80,80,70,90,60,60,80,100,60,60,40,40,60,40,100,60,90,100,100,30,100,40,40,40,40,60,80,80,60,80,60,80,100,40,80,80,60,80,80,60,40,60,80,60,40,40,60,80,60,60,80,100,60,60,40,40,60,40,80,60,80,60,80,20,80,20,20,20,Danish Superliga
Brøndby,9qsmopgutr7ut5g6workk8w4i,bxx5rebv553opcpvc2x70g6sq,O. Villadsen,Oliver Villadsen,24.0,Defender,Denmark,Defender,125.0,6.0,180.0,5.0,299.0,4.0,12.0,4.0,1.0,3.0,2.0,31.0,15.0,602.0,14.0,9.0,9.0,16.0,0.0,1.0,1.0,12.0,13.0,6.0,0.0,0.0,0.0,87.94,33.33,30.0,50.0,25.0,55.36,66.67,75.0,0.3205891569995595,0.8608577553396123,0.0,31.0,0.81089119,13.0,35.0,48.0,1.33247489,141.0,18.687707641196013,0.8970099667774086,26.91029900332225,0.7475083056478405,44.70099667774086,0.5980066445182725,1.7940199335548173,0.5980066445182725,0.1495016611295681,0.4485049833887043,0.2990033222591362,4.634551495016611,2.242524916943521,2.093023255813953,1.345514950166113,1.345514950166113,2.39202657807309,0.0,0.1495016611295681,0.1495016611295681,1.7940199335548173,1.943521594684385,0.8970099667774086,0.0,0.0,0.0,87.94,33.33,30.0,50.0,25.0,55.36,66.67,75.0,0.047928611511562,0.1286996644195433,0.0,4.634551495016611,0.1212295799003322,1.943521594684385,5.232558139534883,7.176079734219269,0.1992072094684385,21.079734219269103,RB/RCB,58,100,100,50,83,25,100,50,25,88,75,75,100,92,100,83,67,46,62,96,100,100,96,42,54,54,92,58,67,46,62,50,83,75,50,100,29,100,100,100,100,100,75,83,50,92,92,33,75,8,100,42,17,83,75,42,83,83,75,75,33,46,50,100,92,92,100,42,54,54,92,58,67,46,62,50,83,75,50,92,29,100,100,100,92,83,75,83,Danish Superliga
Brøndby,9qsmopgutr7ut5g6workk8w4i,d854rlweyk5wq6d2veyviukq2,C. Winther,Casper Winther,23.0,Midfielder,Denmark,Midfielder,77.0,18.0,211.0,13.0,270.0,3.0,15.0,10.0,2.0,8.0,5.0,21.0,8.0,540.0,4.0,6.0,6.0,13.0,1.0,3.0,0.0,1.0,1.0,1.0,0.0,1.0,0.0,84.11,44.83,41.86,100.0,30.0,53.85,37.5,54.55,0.564224201005613,1.6030605086128236,1.0,12.0,0.2625648799999999,7.0,49.0,50.0,1.1457698799999998,154.0,12.833333333333334,3.0,35.166666666666664,2.1666666666666665,45.0,0.5,2.5,1.6666666666666667,0.3333333333333333,1.3333333333333333,0.8333333333333334,3.5,1.3333333333333333,0.6666666666666666,1.0,1.0,2.1666666666666665,0.1666666666666666,0.5,0.0,0.1666666666666666,0.1666666666666666,0.1666666666666666,0.0,0.1666666666666666,0.0,84.11,44.83,41.86,100.0,30.0,53.85,37.5,54.55,0.0940373668342688,0.2671767514354706,0.1666666666666666,2.0,0.0437608133333333,1.1666666666666667,8.166666666666666,8.333333333333334,0.1909616466666666,25.666666666666668,CM/AM,65,100,91,100,87,46,91,57,11,85,80,43,91,9,52,61,93,52,54,52,4,4,20,30,100,52,70,48,87,100,43,83,35,48,17,91,20,43,35,65,98,91,83,91,61,100,78,83,74,35,74,43,9,74,78,13,96,9,39,57,87,39,48,52,4,4,13,30,100,52,70,48,87,100,43,83,35,48,17,100,17,35,26,57,96,96,83,87,Danish Superliga
København,b3r6d8ydtmtjckam6pku9y400,2ubad2kxha6n1c8c8sr2ogmad,B. Meling,Birger Meling,31.0,Defender,Norway,Defender,81.0,1.0,87.0,13.0,167.0,2.0,7.0,4.0,2.0,2.0,0.0,23.0,2.0,406.0,6.0,8.0,9.0,11.0,4.0,4.0,1.0,3.0,4.0,1.0,1.0,0.0,0.0,88.36,76.47,10.0,33.33,100.0,65.71,40.0,75.0,0.5470122416225,0.525276361323207,1.0,10.0,0.2407305299999999,4.0,15.0,24.0,0.7600972799999999,80.0,17.95566502463054,0.2216748768472906,19.285714285714285,2.8817733990147785,37.01970443349754,0.4433497536945813,1.5517241379310345,0.8866995073891626,0.4433497536945813,0.4433497536945813,0.0,5.098522167487685,0.4433497536945813,1.3300492610837438,1.7733990147783252,1.995073891625616,2.438423645320197,0.8866995073891626,0.8866995073891626,0.2216748768472906,0.6650246305418719,0.8866995073891626,0.2216748768472906,0.2216748768472906,0.0,0.0,88.36,76.47,10.0,33.33,100.0,65.71,40.0,75.0,0.121258871295628,0.1164405727071148,0.2216748768472906,2.2167487684729066,0.0533639105911329,0.8866995073891626,3.3251231527093594,5.320197044334975,0.1684944709359605,17.733990147783253,CB,15,79,45,48,21,8,98,70,45,94,32,67,12,48,92,98,23,100,97,95,77,85,67,89,52,52,55,97,68,56,97,97,21,80,79,88,79,82,82,79,56,76,85,39,18,82,52,58,21,9,97,79,58,94,32,76,18,55,100,94,18,100,97,100,85,88,79,97,52,52,55,97,68,56,97,97,21,80,88,94,82,85,88,82,67,88,91,39,Danish Superliga
København,b3r6d8ydtmtjckam6pku9y400,43q9ytkbmtk5y3tgv77v7pmg9,M. Madsen,Mads Emil Madsen,28.0,Midfielder,Denmark,Midfielder,54.0,0.0,75.0,2.0,129.0,3.0,8.0,11.0,5.0,6.0,2.0,20.0,1.0,398.0,15.0,4.0,9.0,3.0,2.0,4.0,0.0,4.0,4.0,1.0,1.0,0.0,0.0,79.63,50.0,0.0,25.0,36.36,51.28,42.86,75.0,0.9459096242157964,0.6928852244526152,5.0,12.0,0.3713057999999999,5.0,9.0,13.0,0.3823822599999998,59.0,12.21105527638191,0.0,16.959798994974875,0.4522613065326633,29.17085427135678,0.6783919597989949,1.809045226130653,2.487437185929648,1.1306532663316582,1.3567839195979898,0.4522613065326633,4.522613065326633,0.2261306532663316,3.3919597989949746,0.9045226130653266,2.0351758793969847,0.6783919597989949,0.4522613065326633,0.9045226130653266,0.0,0.9045226130653266,0.9045226130653266,0.2261306532663316,0.2261306532663316,0.0,0.0,79.63,50.0,0.0,25.0,36.36,51.28,42.86,75.0,0.2138991612548283,0.1566825884440587,1.1306532663316582,2.71356783919598,0.0839636231155778,1.1306532663316582,2.0351758793969847,2.939698492462312,0.0864683502512562,13.341708542713569,CM/AM,43,13,22,17,30,46,41,70,41,74,30,37,20,43,30,89,26,80,76,52,20,20,20,72,50,52,35,54,13,17,57,78,46,83,61,39,78,43,57,46,26,26,30,35,57,13,26,22,43,43,52,65,57,78,35,48,17,57,30,91,26,91,83,52,17,17,17,74,50,52,35,54,13,17,57,78,46,83,61,52,78,52,57,52,22,39,13,43,Danish Superliga
København,b3r6d8ydtmtjckam6pku9y400,4gqnyyx3i92fayq6cxvekqwut,T. Delaney,Thomas Delaney,35.0,Midfielder,Denmark,Midfielder,106.0,0.0,97.0,14.0,203.0,9.0,5.0,1.0,1.0,0.0,1.0,28.0,6.0,378.0,5.0,7.0,9.0,7.0,0.0,0.0,0.0,2.0,2.0,0.0,0.0,0.0,0.0,86.02,51.85,0.0,0.0,0.0,63.64,69.23,75.0,0.1063132819350369,0.3513922727731859,0.0,4.0,0.1180693399999999,2.0,17.0,23.0,0.51315586,102.0,25.23809523809524,0.0,23.09523809523809,3.333333333333333,48.33333333333333,2.142857142857143,1.1904761904761905,0.238095238095238,0.238095238095238,0.0,0.238095238095238,6.666666666666666,1.4285714285714286,1.1904761904761905,1.6666666666666663,2.142857142857143,1.6666666666666663,0.0,0.0,0.0,0.4761904761904761,0.4761904761904761,0.0,0.0,0.0,0.0,86.02,51.85,0.0,0.0,0.0,63.64,69.23,75.0,0.0253126861750087,0.0836648268507585,0.0,0.9523809523809524,0.0281117476190475,0.4761904761904761,4.047619047619048,5.476190476190476,0.1221799666666666,24.285714285714285,DM/CM,59,28,52,76,54,89,63,19,59,11,56,54,50,61,67,80,37,35,17,48,26,26,13,30,52,52,63,67,28,13,17,93,89,96,22,56,17,31,56,48,63,81,70,63,81,28,78,93,74,93,78,26,67,11,59,89,59,70,70,96,48,35,17,48,30,30,13,30,52,52,63,67,28,13,17,93,89,96,26,74,17,52,59,56,74,93,78,81,Danish Superliga
København,b3r6d8ydtmtjckam6pku9y400,4pu28itweq7urzmmew3rwa8d1,A. Sørensen,Asger Sørensen,30.0,Defender,Denmark,Defender,205.0,0.0,73.0,21.0,278.0,7.0,1.0,2.0,2.0,0.0,0.0,15.0,3.0,362.0,4.0,3.0,4.0,21.0,1.0,1.0,0.0,0.0,0.0,0.0,0.0,0.0,0.0,92.98,77.78,0.0,0.0,50.0,55.56,46.67,80.0,0.0,0.0,0.0,0.0,0.0,0.0,0.0,0.0,0.0,0.0,50.966850828729285,0.0,18.14917127071823,5.220994475138122,69.11602209944752,1.7403314917127073,0.2486187845303867,0.4972375690607735,0.4972375690607735,0.0,0.0,3.729281767955801,0.7458563535911602,0.994475138121547,0.7458563535911602,0.994475138121547,5.220994475138122,0.2486187845303867,0.2486187845303867,0.0,0.0,0.0,0.0,0.0,0.0,0.0,92.98,77.78,0.0,0.0,50.0,55.56,46.67,80.0,0.0,0.0,0.0,0.0,0.0,0.0,0.0,0.0,0.0,0.0,CB,65,33,24,76,52,42,29,39,45,32,32,20,23,30,48,39,38,85,62,45,20,18,24,41,52,52,85,100,33,24,83,39,30,88,12,15,33,11,11,20,9,9,9,9,91,33,42,97,76,61,33,45,61,32,32,45,30,39,48,64,48,97,73,45,20,18,24,41,52,52,85,100,33,24,83,39,30,88,12,15,33,11,11,20,9,9,9,9,Danish Superliga
København,b3r6d8ydtmtjckam6pku9y400,5lrx5tf18h09gaw67xjbt2vpw,A. Markgráf,Ákos Markgráf,21.0,Defender,Hungary,Defender,121.0,0.0,35.0,15.0,156.0,3.0,1.0,1.0,0.0,1.0,1.0,13.0,4.0,270.0,0.0,5.0,3.0,11.0,0.0,0.0,0.0,0.0,0.0,0.0,0.0,0.0,0.0,86.67,53.57,0.0,0.0,0.0,76.47,60.0,50.0,0.0,0.0,0.0,0.0,0.0,0.0,0.0,0.0,0.0,0.0,40.333333333333336,0.0,11.666666666666666,5.0,52.0,1.0,0.3333333333333333,0.3333333333333333,0.0,0.3333333333333333,0.3333333333333333,4.333333333333333,1.3333333333333333,0.0,1.6666666666666667,1.0,3.6666666666666665,0.0,0.0,0.0,0.0,0.0,0.0,0.0,0.0,0.0,86.67,53.57,0.0,0.0,0.0,76.47,60.0,50.0,0.0,0.0,0.0,0.0,0.0,0.0,0.0,0.0,0.0,0.0,CB,30,33,6,55,18,17,29,21,9,74,73,8,36,6,70,26,23,36,24,45,20,18,24,41,52,52,36,73,33,24,24,100,67,27,12,15,33,11,11,20,9,9,9,9,70,33,15,88,48,32,52,33,9,88,85,55,59,6,97,70,27,36,24,45,20,18,24,41,52,52,36,73,33,24,24,100,67,27,12,15,33,11,11,20,9,9,9,9,Danish Superliga
København,b3r6d8ydtmtjckam6pku9y400,6tckvu2rw7ns18dq7dim0sout,M. Elyounoussi,Mohamed Elyounoussi,32.0,Midfielder,Norway,Midfielder,62.0,10.0,118.0,7.0,170.0,5.0,22.0,23.0,13.0,10.0,3.0,38.0,4.0,613.0,32.0,10.0,6.0,5.0,6.0,10.0,0.0,33.0,34.0,16.0,2.0,0.0,0.0,82.93,63.64,29.41,48.48,43.48,46.91,50.0,85.71,2.2659052798119768,1.8093846884807856,10.0,21.0,0.57114454,13.0,15.0,14.0,1.00550099,86.0,9.102773246329528,1.468189233278956,17.32463295269168,1.0277324632952691,24.95921696574225,0.734094616639478,3.2300163132137034,3.376835236541599,1.9086460032626429,1.468189233278956,0.4404567699836868,5.579119086460032,0.5872756933115824,4.698205546492659,1.468189233278956,0.8809135399673736,0.734094616639478,0.8809135399673736,1.468189233278956,0.0,4.8450244698205545,4.99184339314845,2.349102773246329,0.2936378466557912,0.0,0.0,82.93,63.64,29.41,48.48,43.48,46.91,50.0,85.71,0.3326777735449884,0.2656519118487287,1.468189233278956,3.0831973898858074,0.0838548264274062,1.9086460032626429,2.202283849918434,2.0554649265905383,0.1476265727569331,12.626427406199022,CM/AM,52,91,52,65,48,67,100,100,96,91,54,85,67,96,80,61,54,100,100,52,100,100,100,93,50,52,52,91,65,57,87,52,63,100,100,100,96,80,74,91,43,37,78,48,35,87,30,39,35,52,100,96,87,87,26,78,48,83,65,52,30,100,96,52,100,100,100,83,50,52,52,91,65,57,87,52,63,100,87,96,91,61,52,78,30,4,52,35,Danish Superliga
København,b3r6d8ydtmtjckam6pku9y400,7hw1plnv7nvxnqpnfnxcxszpx,A. Cornelius,Andreas Cornelius,33.0,Attacker,Denmark,Striker,14.0,0.0,26.0,2.0,40.0,14.0,6.0,4.0,3.0,1.0,1.0,18.0,0.0,231.0,17.0,2.0,1.0,1.0,0.0,2.0,0.0,0.0,0.0,0.0,0.0,0.0,0.0,59.7,66.67,0.0,0.0,50.0,56.25,66.67,50.0,0.5130401078306153,0.3196395548752624,1.0,1.0,0.10805102,0.0,2.0,2.0,0.05288428,13.0,5.454545454545454,0.0,10.12987012987013,0.7792207792207791,15.584415584415584,5.454545454545454,2.3376623376623376,1.5584415584415583,1.1688311688311688,0.3896103896103896,0.3896103896103896,7.012987012987012,0.0,6.623376623376623,0.7792207792207791,0.3896103896103896,0.3896103896103896,0.0,0.7792207792207791,0.0,0.0,0.0,0.0,0.0,0.0,0.0,59.7,66.67,0.0,0.0,50.0,56.25,66.67,50.0,0.1998857562976423,0.1245348915098424,0.3896103896103896,0.3896103896103896,0.0420978,0.0,0.7792207792207791,0.7792207792207791,0.0206042649350649,5.064935064935065,ST,48,40,42,70,38,86,66,16,16,32,38,48,28,52,12,36,12,16,34,52,6,6,8,32,48,50,8,72,40,8,86,84,88,36,20,60,34,10,44,14,38,32,28,44,76,40,80,80,76,96,92,28,28,40,56,84,28,84,12,44,12,16,44,52,6,6,8,32,48,50,8,72,40,8,86,84,88,36,36,68,40,12,56,14,44,36,36,68,Danish Superliga
København,b3r6d8ydtmtjckam6pku9y400,9taxidttdt94nmvc3mqhqq0ut,A. Král,Alex Král,28.0,Midfielder,Czechia,Midfielder,75.0,1.0,72.0,8.0,146.0,6.0,3.0,5.0,1.0,4.0,2.0,18.0,3.0,497.0,8.0,3.0,6.0,10.0,1.0,2.0,0.0,5.0,6.0,0.0,1.0,0.0,0.0,79.78,47.06,14.29,0.0,40.0,45.0,66.67,66.67,0.3579398498286789,0.2714643360411004,3.0,4.0,0.0878928,1.0,12.0,11.0,0.3599361999999998,53.0,13.58148893360161,0.1810865191146881,13.038229376257544,1.448692152917505,26.438631790744463,1.0865191146881288,0.5432595573440644,0.9054325955734408,0.1810865191146881,0.7243460764587525,0.3621730382293762,3.2595573440643864,0.5432595573440644,1.448692152917505,0.5432595573440644,1.0865191146881288,1.8108651911468807,0.1810865191146881,0.3621730382293762,0.0,0.9054325955734408,1.0865191146881288,0.0,0.1810865191146881,0.0,0.0,79.78,47.06,14.29,0.0,40.0,45.0,66.67,66.67,0.0648180814579096,0.0491585316774628,0.5432595573440644,0.7243460764587525,0.0159162012072434,0.1810865191146881,2.1730382293762576,1.9919517102615687,0.0651795935613681,9.59758551307847,DM/CM,41,65,37,46,37,70,37,59,59,76,80,30,19,76,31,31,56,80,74,48,56,67,13,72,52,52,37,44,59,13,69,30,83,74,63,52,78,31,30,24,43,31,41,33,33,63,26,44,26,70,33,59,59,74,81,19,11,78,33,26,59,78,74,48,52,59,13,67,52,52,37,44,59,13,69,30,83,74,59,44,70,26,30,15,30,26,41,19,Danish Superliga
København,b3r6d8ydtmtjckam6pku9y400,9yvanqi097mgyaqvdyhkyb9ck,V. Daðason,Viktor Dadason,18.0,Attacker,Iceland,Striker,14.0,0.0,26.0,2.0,40.0,8.0,4.0,10.0,8.0,2.0,3.0,15.0,0.0,248.0,17.0,4.0,1.0,3.0,1.0,3.0,0.0,5.0,6.0,2.0,0.0,0.0,0.0,72.73,66.67,0.0,40.0,30.0,57.69,61.54,100.0,1.0169102561916892,0.2806072068200922,3.0,3.0,0.07652591,2.0,3.0,2.0,0.0454509699999997,8.0,5.080645161290323,0.0,9.435483870967742,0.7258064516129032,14.516129032258064,2.903225806451613,1.4516129032258065,3.629032258064516,2.903225806451613,0.7258064516129032,1.0887096774193548,5.443548387096774,0.0,6.169354838709677,1.4516129032258065,0.3629032258064516,1.0887096774193548,0.3629032258064516,1.0887096774193548,0.0,1.814516129032258,2.177419354838709,0.7258064516129032,0.0,0.0,0.0,72.73,66.67,0.0,40.0,30.0,57.69,61.54,100.0,0.3690400123276291,0.1018332605395496,1.0887096774193548,1.0887096774193548,0.0277714995967741,0.7258064516129032,1.0887096774193548,0.7258064516129032,0.0164943036290321,2.903225806451613,ST,48,40,42,70,38,50,50,52,60,46,80,26,28,52,40,36,42,46,50,52,52,58,40,32,48,50,52,72,40,44,32,92,84,86,52,52,66,34,28,62,60,32,24,14,68,40,72,76,68,72,68,76,76,60,96,40,28,72,64,40,60,64,56,52,60,64,64,32,48,50,52,72,40,44,32,92,84,86,72,60,88,56,40,80,68,32,24,16,Danish Superliga
København,b3r6d8ydtmtjckam6pku9y400,aswmi1pnkzkvkexp8ngief6j9,F. Beijmo,Felix Beijmo,28.0,Defender,Sweden,Defender,347.0,5.0,128.0,20.0,470.0,7.0,2.0,3.0,3.0,0.0,1.0,25.0,11.0,720.0,9.0,3.0,8.0,39.0,1.0,1.0,0.0,1.0,1.0,1.0,0.0,0.0,0.0,91.8,50.0,35.71,100.0,33.33,59.52,43.75,57.14,0.0,0.0,0.0,0.0,0.0,0.0,0.0,0.0,0.0,0.0,43.375,0.625,16.0,2.5,58.75,0.875,0.25,0.375,0.375,0.0,0.125,3.125,1.375,1.125,0.375,1.0,4.875,0.125,0.125,0.0,0.125,0.125,0.125,0.0,0.0,0.0,91.8,50.0,35.71,100.0,33.33,59.52,43.75,57.14,0.0,0.0,0.0,0.0,0.0,0.0,0.0,0.0,0.0,0.0,CB,97,97,73,71,91,42,48,55,68,32,73,73,86,71,48,92,70,85,62,45,48,47,67,41,52,52,79,59,85,92,71,67,27,41,12,15,33,11,11,20,9,9,9,9,73,97,36,48,64,27,36,39,42,32,64,33,64,45,30,70,42,73,48,45,39,36,48,41,52,52,79,59,85,92,71,67,27,41,12,15,33,11,11,20,9,9,9,9,Danish Superliga
København,b3r6d8ydtmtjckam6pku9y400,bbezbukg20q5b6kfnjuzhs55g,Robert Silva,Robert Vinicius Rodrigues Silva,21.0,Midfielder,Brazil,Midfielder,37.0,2.0,92.0,5.0,127.0,2.0,3.0,20.0,9.0,11.0,4.0,22.0,1.0,528.0,34.0,3.0,3.0,9.0,1.0,8.0,0.0,26.0,31.0,12.0,1.0,0.0,0.0,81.94,71.43,25.0,46.15,40.0,34.92,33.33,60.0,1.8656748144251192,0.3024423034484684,8.0,29.0,0.8112467999999999,16.0,9.0,9.0,0.4463649799999999,42.0,6.306818181818183,0.3409090909090909,15.681818181818183,0.8522727272727273,21.64772727272728,0.3409090909090909,0.5113636363636364,3.409090909090909,1.5340909090909092,1.875,0.6818181818181819,3.75,0.1704545454545454,5.795454545454546,0.5113636363636364,0.5113636363636364,1.5340909090909092,0.1704545454545454,1.3636363636363638,0.0,4.431818181818183,5.284090909090909,2.0454545454545454,0.1704545454545454,0.0,0.0,81.94,71.43,25.0,46.15,40.0,34.92,33.33,60.0,0.3180127524588271,0.0515526653605343,1.3636363636363638,4.943181818181818,0.1382807045454545,2.7272727272727275,1.5340909090909092,1.5340909090909092,0.0760849397727272,7.159090909090909,LM/LCM,100,50,100,100,100,33,33,100,100,100,100,67,50,100,50,83,100,100,100,67,100,100,100,100,67,67,67,100,83,100,83,33,33,100,100,33,100,100,100,100,100,100,67,100,67,33,67,100,67,33,33,100,100,100,67,33,33,100,33,67,100,100,100,67,33,100,67,100,67,67,67,100,83,100,83,33,33,100,100,33,100,100,100,100,67,67,67,33,Danish Superliga
København,b3r6d8ydtmtjckam6pku9y400,bdcpptlf4dznvgwq5st8hxwyc,J. Suzuki,Junnosuke Suzuki,23.0,Defender,Japan,Defender,99.0,1.0,64.0,2.0,162.0,11.0,3.0,6.0,3.0,3.0,2.0,25.0,3.0,429.0,5.0,2.0,5.0,15.0,0.0,1.0,0.0,5.0,6.0,2.0,2.0,0.0,0.0,82.65,18.18,20.0,40.0,16.67,64.1,91.67,50.0,0.4633668214185029,0.3435387817820956,1.0,9.0,0.21025272,4.0,9.0,12.0,0.53279426,67.0,20.76923076923077,0.2097902097902098,13.426573426573428,0.4195804195804196,33.98601398601399,2.307692307692308,0.6293706293706294,1.2587412587412588,0.6293706293706294,0.6293706293706294,0.4195804195804196,5.244755244755245,0.6293706293706294,1.048951048951049,0.4195804195804196,1.048951048951049,3.146853146853147,0.0,0.2097902097902098,0.0,1.048951048951049,1.2587412587412588,0.4195804195804196,0.4195804195804196,0.0,0.0,82.65,18.18,20.0,40.0,16.67,64.1,91.67,50.0,0.0972098226752104,0.0720710731011389,0.2097902097902098,1.888111888111888,0.0441089622377622,0.8391608391608392,1.888111888111888,2.517482517482517,0.1117750195804195,14.055944055944057,RB/RCB,50,25,42,25,42,92,50,83,75,88,75,67,25,42,25,38,50,46,62,46,54,62,58,96,54,54,58,17,38,29,50,83,100,17,83,67,62,67,67,54,38,33,42,42,67,17,17,17,42,100,50,92,92,92,83,83,25,50,33,42,50,46,67,46,67,58,58,100,54,54,58,17,38,29,50,83,100,17,92,67,58,67,50,67,42,25,33,42,Danish Superliga
København,b3r6d8ydtmtjckam6pku9y400,dux0skggr99ydjz3kn58p3wmh,M. López,Marcos López,26.0,Defender,Peru,Defender,118.0,4.0,110.0,17.0,224.0,7.0,6.0,5.0,1.0,4.0,1.0,21.0,9.0,414.0,7.0,10.0,1.0,13.0,1.0,1.0,1.0,2.0,2.0,1.0,1.0,0.0,0.0,87.16,62.96,26.67,50.0,20.0,58.33,77.78,33.33,0.2387149523871881,0.6332260725164803,4.0,13.0,0.3290636799999999,10.0,11.0,17.0,0.9366986000000004,102.0,25.65217391304348,0.8695652173913044,23.91304347826087,3.695652173913044,48.69565217391305,1.5217391304347827,1.3043478260869563,1.0869565217391306,0.2173913043478261,0.8695652173913044,0.2173913043478261,4.565217391304349,1.956521739130435,1.5217391304347827,2.173913043478261,0.2173913043478261,2.8260869565217392,0.2173913043478261,0.2173913043478261,0.2173913043478261,0.4347826086956522,0.4347826086956522,0.2173913043478261,0.2173913043478261,0.0,0.0,87.16,62.96,26.67,50.0,20.0,58.33,77.78,33.33,0.05189455486678,0.1376578418514087,0.8695652173913044,2.8260869565217392,0.0715355826086956,2.173913043478261,2.391304347826088,3.695652173913044,0.2036301304347827,22.17391304347826,LB/LCB,80,70,80,90,73,73,77,73,47,93,67,53,93,47,83,13,40,97,70,97,53,47,47,77,53,53,80,93,67,40,67,67,93,13,60,73,97,90,80,97,43,43,87,87,80,73,73,93,87,87,80,67,53,93,73,53,93,47,100,7,47,100,67,100,53,53,40,80,53,53,80,93,67,40,67,67,93,13,60,80,93,93,87,93,53,53,80,80,Danish Superliga
København,b3r6d8ydtmtjckam6pku9y400,ftw3io63hk5vuoa3lyfgowes,W. Clem,William Clem,22.0,Midfielder,Denmark,Midfielder,136.0,0.0,132.0,16.0,268.0,3.0,6.0,5.0,0.0,5.0,1.0,28.0,12.0,499.0,6.0,8.0,6.0,9.0,0.0,1.0,0.0,6.0,6.0,2.0,1.0,0.0,0.0,85.08,45.71,0.0,33.33,20.0,45.9,37.5,40.0,0.3395025060761166,0.4008013735057604,3.0,9.0,0.26236328,7.0,22.0,21.0,0.4730571799999997,98.0,24.529058116232463,0.0,23.80761523046092,2.885771543086173,48.33667334669339,0.5410821643286573,1.0821643286573146,0.9018036072144288,0.0,0.9018036072144288,0.1803607214428857,5.050100200400801,2.164328657314629,1.0821643286573146,1.4428857715430865,1.0821643286573146,1.623246492985972,0.0,0.1803607214428857,0.0,1.0821643286573146,1.0821643286573146,0.3607214428857715,0.1803607214428857,0.0,0.0,85.08,45.71,0.0,33.33,20.0,45.9,37.5,40.0,0.0612329169275561,0.0722888248807984,0.5410821643286573,1.623246492985972,0.0473200304609218,1.2625250501002003,3.967935871743487,3.787575150300601,0.085320934268537,17.675350701402806,DM/CM,74,28,74,83,74,39,74,59,22,87,56,54,81,67,74,31,52,35,44,48,70,67,63,72,52,52,56,41,28,39,46,33,37,7,59,59,78,76,85,89,76,67,63,56,78,28,81,89,78,26,67,56,22,85,52,59,81,63,56,22,44,35,44,48,63,56,63,63,52,52,56,41,28,39,46,33,37,7,56,63,67,74,85,93,70,70,56,63,Danish Superliga
København,b3r6d8ydtmtjckam6pku9y400,smdx2p6sb134e5pd1d9socno,G. Vianney Ndjee,Geovanni Vianney Ndjee,18.0,Attacker,Cameroon,Striker,14.0,0.0,31.0,0.0,45.0,5.0,4.0,3.0,1.0,2.0,2.0,19.0,1.0,228.0,9.0,5.0,3.0,1.0,0.0,1.0,0.0,10.0,10.0,6.0,0.0,0.0,0.0,77.59,0.0,0.0,60.0,33.33,42.22,55.56,100.0,0.2950949128442582,0.3192055202622791,1.0,2.0,0.05338421,1.0,2.0,1.0,0.0365344599999998,10.0,5.526315789473684,0.0,12.23684210526316,0.0,17.763157894736842,1.973684210526316,1.5789473684210529,1.1842105263157896,0.3947368421052631,0.7894736842105263,0.7894736842105263,7.5,0.3947368421052631,3.5526315789473686,1.973684210526316,1.1842105263157896,0.3947368421052631,0.0,0.3947368421052631,0.0,3.947368421052632,3.947368421052632,2.368421052631579,0.0,0.0,0.0,77.59,0.0,0.0,60.0,33.33,42.22,55.56,100.0,0.1164848340174703,0.1260021790508996,0.3947368421052631,0.7894736842105263,0.0210727144736842,0.3947368421052631,0.7894736842105263,0.3947368421052631,0.0144214973684209,3.947368421052632,ST,48,40,54,18,48,34,50,4,4,46,62,58,66,18,56,68,12,16,18,52,76,76,84,32,48,50,76,18,40,76,46,48,76,86,4,56,34,18,12,36,38,16,12,28,80,40,88,18,92,48,76,4,4,72,84,92,84,28,72,84,16,16,24,52,96,96,92,32,48,50,76,18,40,76,46,48,76,86,8,72,44,28,20,48,52,16,16,40,Danish Superliga
København,b3r6d8ydtmtjckam6pku9y400,ydn8nn9o4v0n7duafpjk9fdg,T. Maseko,Thapelo Maseko,22.0,Attacker,South Africa,Striker,16.0,0.0,21.0,0.0,37.0,1.0,1.0,5.0,4.0,1.0,3.0,7.0,1.0,176.0,11.0,4.0,1.0,0.0,2.0,2.0,0.0,5.0,6.0,1.0,0.0,0.0,0.0,78.72,0.0,0.0,20.0,40.0,46.67,50.0,100.0,0.3740386833143407,0.1094245245083928,3.0,7.0,0.27543448,2.0,1.0,2.0,0.3273315799999999,11.0,8.181818181818182,0.0,10.738636363636363,0.0,18.920454545454547,0.5113636363636364,0.5113636363636364,2.556818181818182,2.0454545454545454,0.5113636363636364,1.5340909090909092,3.5795454545454546,0.5113636363636364,5.625,2.0454545454545454,0.5113636363636364,0.0,1.0227272727272727,1.0227272727272727,0.0,2.556818181818182,3.0681818181818183,0.5113636363636364,0.0,0.0,0.0,78.72,0.0,0.0,20.0,40.0,46.67,50.0,100.0,0.1912697812402878,0.0559557227599735,1.5340909090909092,3.5795454545454546,0.1408471772727272,1.0227272727272727,0.5113636363636364,1.0227272727272727,0.1673854670454545,5.625,RW,60,20,20,40,20,50,20,60,60,70,80,40,80,40,50,40,40,100,60,60,40,40,40,40,60,60,20,40,20,40,80,100,90,100,40,20,90,40,60,60,60,40,20,20,80,20,40,40,80,60,20,100,80,100,100,40,100,60,100,40,40,100,100,60,60,60,40,40,60,60,20,40,20,40,80,100,90,100,60,20,100,100,100,60,100,80,80,80,Danish Superliga
Midtjylland,59as3grjvj19voay31j3yfgni,2ddhjp7d5sagi9cnwaszy8178,K. Wätjen,Kjell Wätjen,20.0,Midfielder,Germany,Midfielder,30.0,5.0,42.0,5.0,67.0,1.0,7.0,7.0,3.0,4.0,2.0,13.0,0.0,248.0,5.0,1.0,4.0,0.0,0.0,3.0,0.0,7.0,7.0,2.0,0.0,0.0,0.0,77.91,55.56,38.46,28.57,42.86,41.94,25.0,44.44,0.5879181639973683,0.6830821609746957,2.0,10.0,0.2811197899999998,3.0,6.0,7.0,0.30426854,33.0,10.887096774193548,1.814516129032258,15.241935483870968,1.814516129032258,24.31451612903226,0.3629032258064516,2.540322580645161,2.540322580645161,1.0887096774193548,1.4516129032258065,0.7258064516129032,4.717741935483871,0.0,1.814516129032258,0.3629032258064516,1.4516129032258065,0.0,0.0,1.0887096774193548,0.0,2.540322580645161,2.540322580645161,0.7258064516129032,0.0,0.0,0.0,77.91,55.56,38.46,28.57,42.86,41.94,25.0,44.44,0.2133573982248514,0.2478927197085589,0.7258064516129032,3.629032258064516,0.1020192786290321,1.0887096774193548,2.177419354838709,2.540322580645161,0.1104200346774193,11.975806451612904,CM/AM,17,83,9,48,9,9,33,24,20,63,30,9,7,13,9,46,4,20,54,52,48,48,33,30,50,52,26,78,78,22,83,35,15,20,26,35,39,33,39,20,11,7,17,17,48,91,22,78,26,13,78,70,52,83,65,61,7,26,9,74,4,20,87,52,74,70,48,30,50,52,26,78,78,22,83,35,15,20,57,87,65,70,74,48,26,22,26,30,Danish Superliga
Midtjylland,59as3grjvj19voay31j3yfgni,33cny48k38nlo8pcx3i24ldqt,P. Billing,Philip Billing,30.0,Midfielder,Denmark,Midfielder,111.0,5.0,135.0,18.0,241.0,8.0,8.0,6.0,2.0,4.0,3.0,43.0,11.0,583.0,11.0,18.0,9.0,13.0,0.0,1.0,0.0,3.0,3.0,2.0,2.0,0.0,0.0,84.56,64.29,50.0,66.67,16.67,55.13,47.06,60.0,0.4421484602613584,0.6202083693743073,3.0,11.0,0.23949044,7.0,36.0,35.0,1.1222919100000002,106.0,17.13550600343053,0.7718696397941681,20.840480274442537,2.778730703259005,37.2041166380789,1.234991423670669,1.234991423670669,0.9262435677530017,0.3087478559176672,0.6174957118353345,0.4631217838765008,6.638078902229846,1.69811320754717,1.69811320754717,2.778730703259005,1.3893653516295026,2.006861063464837,0.0,0.1543739279588336,0.0,0.4631217838765008,0.4631217838765008,0.3087478559176672,0.3087478559176672,0.0,0.0,84.56,64.29,50.0,66.67,16.67,55.13,47.06,60.0,0.0682561945514961,0.0957440021332549,0.4631217838765008,1.69811320754717,0.0369710799313893,1.0806174957118353,5.55746140651801,5.4030874785591765,0.1732526104631218,16.363636363636363,DM/CM,67,91,78,96,63,83,98,74,80,76,91,96,74,85,100,80,74,35,44,48,41,41,63,93,52,52,52,85,96,93,37,74,52,54,78,89,78,83,81,89,91,93,93,70,44,85,74,85,56,74,81,63,74,63,93,85,70,81,96,59,67,35,37,48,26,26,48,81,52,52,52,85,96,93,37,74,52,54,67,78,63,78,70,89,93,89,89,52,Danish Superliga
Midtjylland,59as3grjvj19voay31j3yfgni,6ul2nma4j0a7e2li6wyyrpal1,M. Jensen,Magnus Jensen,29.0,Defender,Denmark,Defender,205.0,2.0,102.0,34.0,305.0,27.0,3.0,5.0,5.0,0.0,0.0,44.0,13.0,600.0,18.0,10.0,5.0,37.0,1.0,3.0,0.0,0.0,0.0,0.0,0.0,0.0,0.0,85.67,57.63,100.0,0.0,60.0,61.97,62.79,71.43,0.6443337219158369,0.3716511708211542,0.0,5.0,0.08546812,1.0,20.0,33.0,0.7437777999999998,217.0,30.75,0.3,15.3,5.1,45.75,4.05,0.4499999999999999,0.75,0.75,0.0,0.0,6.6,1.95,2.7,1.5,0.75,5.55,0.15,0.4499999999999999,0.0,0.0,0.0,0.0,0.0,0.0,0.0,85.67,57.63,100.0,0.0,60.0,61.97,62.79,71.43,0.0966500582873755,0.0557476756231731,0.0,0.75,0.0128202179999999,0.15,3.0,4.95,0.1115666699999999,32.55,CB,65,94,61,97,58,100,61,85,91,32,32,100,100,91,100,56,61,85,94,45,20,18,24,41,52,52,27,88,98,24,91,82,76,71,94,76,33,52,48,44,74,86,82,82,39,91,30,91,30,100,55,73,82,32,32,100,94,88,94,33,52,82,91,45,20,18,24,41,52,52,27,88,98,24,91,82,76,71,82,73,33,42,42,45,64,73,76,73,Danish Superliga
Midtjylland,59as3grjvj19voay31j3yfgni,7574bxep9nzun9uhbnhy01no4,S. Johannesen,Sofus Johannesen,19.0,Midfielder,Denmark,Midfielder,15.0,7.0,37.0,2.0,45.0,3.0,6.0,5.0,3.0,2.0,2.0,14.0,6.0,238.0,11.0,8.0,0.0,1.0,0.0,1.0,0.0,12.0,13.0,2.0,0.0,0.0,0.0,71.43,25.0,25.0,16.67,20.0,41.18,50.0,0.0,0.4127094226305424,0.6957673905350554,0.0,4.0,0.10563998,1.0,5.0,6.0,0.6982198399999998,21.0,5.6722689075630255,2.647058823529412,13.991596638655462,0.7563025210084033,17.016806722689076,1.134453781512605,2.26890756302521,1.8907563025210083,1.134453781512605,0.7563025210084033,0.7563025210084033,5.294117647058823,2.26890756302521,4.159663865546219,3.0252100840336134,0.0,0.3781512605042016,0.0,0.3781512605042016,0.0,4.53781512605042,4.915966386554622,0.7563025210084033,0.0,0.0,0.0,71.43,25.0,25.0,16.67,20.0,41.18,50.0,0.0,0.1560665883897009,0.2631053157485504,0.0,1.512605042016807,0.0399478915966386,0.3781512605042016,1.8907563025210083,2.26890756302521,0.2640327126050419,7.9411764705882355,LM/LCM,33,100,33,67,33,67,100,50,50,50,50,33,100,33,100,33,33,50,33,67,33,33,33,50,67,67,33,67,83,33,33,67,67,33,33,100,50,33,33,33,67,67,100,33,33,100,33,67,33,67,100,67,67,67,100,67,100,33,100,33,33,50,33,67,67,33,33,50,67,67,33,67,83,33,33,67,67,33,33,100,50,33,33,33,100,100,100,100,Danish Superliga
Midtjylland,59as3grjvj19voay31j3yfgni,78kzajya12k4sm0ebfl37d6ok,D. Castillo,Denil Castillo,22.0,Midfielder,Ecuador,Midfielder,42.0,1.0,50.0,3.0,91.0,3.0,3.0,6.0,3.0,3.0,1.0,23.0,2.0,333.0,10.0,13.0,2.0,5.0,1.0,1.0,0.0,6.0,6.0,3.0,0.0,0.0,0.0,79.13,42.86,25.0,50.0,16.67,56.1,27.27,50.0,0.4490189204735059,0.2696715831349192,3.0,2.0,0.04790334,2.0,6.0,7.0,0.2370582299999999,34.0,11.35135135135135,0.2702702702702702,13.513513513513512,0.8108108108108107,24.5945945945946,0.8108108108108107,0.8108108108108107,1.6216216216216215,0.8108108108108107,0.8108108108108107,0.2702702702702702,6.216216216216216,0.5405405405405405,2.702702702702702,3.513513513513513,0.5405405405405405,1.351351351351351,0.2702702702702702,0.2702702702702702,0.0,1.6216216216216215,1.6216216216216215,0.8108108108108107,0.0,0.0,0.0,79.13,42.86,25.0,50.0,16.67,56.1,27.27,50.0,0.1213564649928394,0.0728842116580862,0.8108108108108107,0.5405405405405405,0.0129468486486486,0.5405405405405405,1.6216216216216215,1.891891891891892,0.0640697918918918,9.18918918918919,DM/CM,11,65,22,11,15,39,37,74,85,63,56,46,7,81,93,13,26,80,44,48,70,67,76,30,52,52,30,37,76,65,37,81,22,31,81,48,78,13,15,48,7,17,22,11,19,74,33,15,22,56,56,89,85,81,63,78,7,89,100,11,33,89,56,48,85,81,81,30,52,52,30,37,76,65,37,81,22,31,85,67,96,15,19,67,7,15,37,15,Danish Superliga
Midtjylland,59as3grjvj19voay31j3yfgni,8ilf7i6y4c9ezpgddh5h3ohlg,F. Etim,Friday Etim,24.0,Attacker,Nigeria,Striker,9.0,0.0,37.0,2.0,46.0,14.0,7.0,14.0,14.0,0.0,0.0,36.0,2.0,358.0,38.0,10.0,5.0,7.0,3.0,9.0,0.0,14.0,15.0,6.0,2.0,0.0,0.0,60.53,50.0,0.0,42.86,64.29,45.57,53.85,83.33,2.0583524257965795,0.6945937861735298,1.0,6.0,0.26004794,1.0,8.0,9.0,0.4796171499999999,21.0,2.2625698324022347,0.0,9.30167597765363,0.5027932960893855,11.564245810055866,3.519553072625698,1.759776536312849,3.519553072625698,3.519553072625698,0.0,0.0,9.05027932960894,0.5027932960893855,9.553072625698324,2.5139664804469275,1.2569832402234635,1.759776536312849,0.7541899441340782,2.2625698324022347,0.0,3.519553072625698,3.770949720670391,1.5083798882681565,0.5027932960893855,0.0,0.0,60.53,50.0,0.0,42.86,64.29,45.57,53.85,83.33,0.5174629003399223,0.1746185495966974,0.2513966480446927,1.5083798882681565,0.0653751804469273,0.2513966480446927,2.011173184357542,2.2625698324022347,0.1205741438547485,5.279329608938547,ST,24,40,72,70,54,86,78,76,96,14,12,92,90,92,86,88,82,92,96,52,90,94,84,100,48,50,12,58,40,52,96,68,72,66,92,88,34,80,80,36,92,80,88,68,8,40,64,72,36,80,80,72,92,14,12,100,92,100,88,88,84,96,100,52,88,92,88,100,48,50,12,58,40,52,96,68,72,66,92,88,28,84,80,32,92,80,88,76,Danish Superliga
Midtjylland,59as3grjvj19voay31j3yfgni,a87w6l9zsbahdi4knm1347zs9,M. Bech,Mads Bech,27.0,Defender,Denmark,Defender,151.0,1.0,107.0,23.0,257.0,12.0,3.0,4.0,4.0,0.0,0.0,22.0,6.0,405.0,11.0,4.0,5.0,19.0,1.0,2.0,0.0,0.0,0.0,0.0,0.0,0.0,0.0,85.38,47.92,25.0,0.0,50.0,59.46,70.59,83.33,0.4565592100344202,0.266979990053856,0.0,4.0,0.08673306,3.0,26.0,26.0,0.8421426300000002,161.0,33.55555555555556,0.2222222222222222,23.77777777777778,5.111111111111111,57.11111111111112,2.6666666666666665,0.6666666666666666,0.8888888888888888,0.8888888888888888,0.0,0.0,4.888888888888889,1.3333333333333333,2.4444444444444446,0.8888888888888888,1.1111111111111112,4.222222222222222,0.2222222222222222,0.4444444444444444,0.0,0.0,0.0,0.0,0.0,0.0,0.0,85.38,47.92,25.0,0.0,50.0,59.46,70.59,83.33,0.1014576022298711,0.0593288866786346,0.0,0.8888888888888888,0.0192740133333333,0.6666666666666666,5.777777777777778,5.777777777777778,0.1871428066666667,35.77777777777778,CB,39,79,64,82,39,68,61,70,83,32,32,64,55,79,62,56,33,85,85,45,20,18,24,41,52,52,24,45,82,24,83,64,100,91,76,70,33,47,52,67,82,82,94,61,42,85,67,94,61,79,67,82,88,32,32,73,59,85,67,76,33,94,88,45,20,18,24,41,52,52,24,45,82,24,83,64,100,91,85,79,33,55,55,73,91,91,94,76,Danish Superliga
Midtjylland,59as3grjvj19voay31j3yfgni,bsy8n8mst274cc8gkxslofrpw,B. Junior,Beni Junior,21.0,Defender,Côte d'Ivoire,Defender,53.0,5.0,47.0,5.0,95.0,1.0,2.0,1.0,0.0,1.0,0.0,11.0,4.0,274.0,4.0,5.0,2.0,5.0,0.0,0.0,0.0,2.0,2.0,1.0,1.0,0.0,0.0,80.51,27.78,41.67,50.0,0.0,40.74,33.33,50.0,0.0657059967170722,0.2224466270283384,1.0,3.0,0.0792698,1.0,8.0,11.0,0.6987273799999998,50.0,17.40875912408759,1.6423357664233578,15.437956204379564,1.6423357664233578,31.2043795620438,0.3284671532846716,0.6569343065693432,0.3284671532846716,0.0,0.3284671532846716,0.0,3.613138686131387,1.3138686131386863,1.3138686131386863,1.6423357664233578,0.6569343065693432,1.6423357664233578,0.0,0.0,0.0,0.6569343065693432,0.6569343065693432,0.3284671532846716,0.3284671532846716,0.0,0.0,80.51,27.78,41.67,50.0,0.0,40.74,33.33,50.0,0.0215822616953886,0.0730664103377753,0.3284671532846716,0.9854014598540146,0.0260375255474452,0.3284671532846716,2.6277372262773726,3.613138686131387,0.2295089934306568,16.423357664233578,LB/LCB,33,83,7,20,20,17,30,23,20,53,27,20,33,27,63,30,13,47,27,47,53,47,47,77,53,53,53,27,87,40,27,27,27,33,20,27,53,27,27,27,33,30,67,43,40,87,40,47,33,20,53,33,20,60,27,40,73,40,80,33,13,47,27,47,67,67,53,93,53,53,53,27,87,40,27,27,27,33,27,60,60,47,33,33,60,47,93,60,Danish Superliga
Midtjylland,59as3grjvj19voay31j3yfgni,bwfg9frq2ecbzg7wlzqjtnv2s,P. Bravo,Pedro Bravo,21.0,Midfielder,Colombia,Midfielder,101.0,0.0,115.0,14.0,216.0,6.0,3.0,3.0,0.0,3.0,0.0,21.0,6.0,522.0,0.0,3.0,7.0,4.0,0.0,2.0,0.0,6.0,8.0,2.0,0.0,0.0,0.0,89.63,82.35,0.0,33.33,66.67,44.68,66.67,70.0,0.2003627844937046,0.1954339251777925,2.0,11.0,0.23727345,3.0,27.0,20.0,0.3578039,95.0,17.413793103448278,0.0,19.82758620689655,2.413793103448276,37.241379310344826,1.0344827586206895,0.5172413793103449,0.5172413793103449,0.0,0.5172413793103449,0.0,3.6206896551724137,1.0344827586206895,0.0,0.5172413793103449,1.206896551724138,0.6896551724137931,0.0,0.3448275862068966,0.0,1.0344827586206895,1.3793103448275863,0.3448275862068966,0.0,0.0,0.0,89.63,82.35,0.0,33.33,66.67,44.68,66.67,70.0,0.0345453076713283,0.0336955043409987,0.3448275862068966,1.896551724137931,0.0409092155172413,0.5172413793103449,4.655172413793103,3.4482758620689657,0.0616903275862069,16.379310344827587,DM/CM,48,28,63,76,59,70,37,46,22,63,20,37,50,9,31,43,22,35,74,48,70,81,63,30,52,52,93,100,28,39,91,26,83,81,37,33,59,83,78,65,81,59,37,52,48,28,59,74,59,67,26,41,22,56,20,30,41,9,26,41,19,35,67,48,59,70,56,30,52,52,93,100,28,39,91,26,83,81,33,37,56,81,78,63,81,59,26,56,Danish Superliga
Midtjylland,59as3grjvj19voay31j3yfgni,dhz1y5vtlo24r5s99p3tywu1g,S. Iheanacho,Stanley Iheanacho,21.0,Attacker,Nigeria,Striker,7.0,1.0,17.0,0.0,23.0,7.0,1.0,13.0,13.0,0.0,1.0,16.0,1.0,243.0,19.0,3.0,3.0,1.0,2.0,4.0,0.0,4.0,4.0,1.0,1.0,0.0,0.0,69.7,0.0,25.0,25.0,30.77,44.44,36.84,60.0,2.1564163371860263,0.1450678491715121,2.0,1.0,0.04647721,0.0,1.0,0.0,0.2409281199999997,6.0,2.592592592592593,0.3703703703703703,6.296296296296296,0.0,8.518518518518517,2.592592592592593,0.3703703703703703,4.814814814814815,4.814814814814815,0.0,0.3703703703703703,5.925925925925926,0.3703703703703703,7.037037037037036,1.111111111111111,1.111111111111111,0.3703703703703703,0.7407407407407407,1.4814814814814814,0.0,1.4814814814814814,1.4814814814814814,0.3703703703703703,0.3703703703703703,0.0,0.0,69.7,0.0,25.0,25.0,30.77,44.44,36.84,60.0,0.798672717476306,0.0537288330264859,0.7407407407407407,0.3703703703703703,0.0172137814814814,0.0,0.3703703703703703,0.0,0.0892326370370369,2.222222222222222,ST,8,84,12,18,12,40,12,72,88,14,38,32,66,66,28,68,12,74,62,52,36,32,22,80,48,50,40,18,84,20,40,64,36,40,96,24,54,10,8,14,16,6,76,8,24,84,16,18,12,60,16,100,100,14,52,60,76,88,44,72,8,92,80,52,56,56,28,92,48,50,40,18,84,20,40,64,36,40,100,28,64,8,12,14,24,6,80,12,Danish Superliga
Midtjylland,59as3grjvj19voay31j3yfgni,dn3llv8xjdbbndltfym5ar561,R. Kristensen,Rasmus Kristensen,29.0,Defender,Denmark,Defender,149.0,4.0,162.0,26.0,307.0,5.0,8.0,6.0,4.0,2.0,3.0,23.0,8.0,605.0,14.0,3.0,8.0,11.0,0.0,2.0,0.0,10.0,10.0,6.0,0.0,0.0,0.0,86.48,56.52,28.57,60.0,33.33,51.11,45.45,88.89,0.5594125356518921,0.6573404051830467,2.0,15.0,0.3638924699999999,11.0,30.0,44.0,1.1861459399999996,193.0,22.165289256198346,0.5950413223140496,24.09917355371901,3.8677685950413214,45.66942148760331,0.743801652892562,1.1900826446280992,0.8925619834710744,0.5950413223140496,0.2975206611570248,0.4462809917355372,3.4214876033057853,1.1900826446280992,2.0826446280991737,0.4462809917355372,1.1900826446280992,1.6363636363636362,0.0,0.2975206611570248,0.0,1.487603305785124,1.487603305785124,0.8925619834710744,0.0,0.0,0.0,86.48,56.52,28.57,60.0,33.33,51.11,45.45,88.89,0.0832183937333393,0.0977861759776433,0.2975206611570248,2.231404958677686,0.0541327641322313,1.6363636363636362,4.462809917355372,6.545454545454545,0.1764514621487602,28.71074380165289,RB/RCB,83,71,92,92,92,58,92,83,92,67,100,58,62,92,46,62,33,46,92,46,83,83,96,42,54,54,75,100,58,58,88,17,33,83,92,83,83,88,92,92,75,92,67,100,75,58,83,92,83,33,83,75,75,50,92,25,42,75,42,50,17,46,75,46,75,75,92,42,54,54,75,100,58,58,88,17,33,83,67,83,67,75,75,92,83,75,58,92,Danish Superliga
Midtjylland,59as3grjvj19voay31j3yfgni,e5fnoxb8f2hycjx4gnmce2wvd,M. Erlić,Martin Erlic,28.0,Defender,Croatia,Defender,190.0,0.0,71.0,23.0,261.0,14.0,1.0,3.0,3.0,0.0,0.0,29.0,11.0,447.0,10.0,6.0,7.0,28.0,1.0,1.0,0.0,1.0,1.0,1.0,0.0,0.0,0.0,85.86,53.49,0.0,100.0,33.33,58.0,53.85,87.5,0.4269658132823334,0.1764661576233215,0.0,1.0,0.01935132,2.0,10.0,14.0,0.44985404,154.0,38.25503355704698,0.0,14.295302013422818,4.630872483221476,52.5503355704698,2.8187919463087248,0.2013422818791946,0.6040268456375839,0.6040268456375839,0.0,0.0,5.8389261744966445,2.214765100671141,2.013422818791946,1.2080536912751678,1.4093959731543624,5.6375838926174495,0.2013422818791946,0.2013422818791946,0.0,0.2013422818791946,0.2013422818791946,0.2013422818791946,0.0,0.0,0.0,85.86,53.49,0.0,100.0,33.33,58.0,53.85,87.5,0.0859662711306711,0.0355300988503331,0.0,0.2013422818791946,0.0038962389261744,0.4026845637583892,2.013422818791946,2.8187919463087248,0.0905746389261745,31.00671140939597,CB,61,33,21,82,42,86,29,55,68,32,32,82,86,76,82,82,52,85,62,45,48,47,67,41,52,52,30,70,33,92,71,55,58,97,64,55,33,23,24,56,42,48,52,58,61,33,27,85,52,82,23,61,76,32,32,91,97,70,82,91,55,91,68,45,55,52,76,41,52,52,30,70,33,92,71,55,58,97,73,55,33,21,21,58,39,55,48,64,Danish Superliga
Midtjylland,59as3grjvj19voay31j3yfgni,ou0gnms7vf5ff66o508nowoa,Cho Gue-Sung,Gue-Sung Cho,28.0,Attacker,Korea Republic,Striker,9.0,0.0,35.0,0.0,44.0,15.0,3.0,9.0,6.0,3.0,3.0,28.0,0.0,352.0,13.0,10.0,0.0,6.0,0.0,2.0,0.0,5.0,5.0,1.0,0.0,0.0,0.0,64.71,0.0,0.0,20.0,22.22,45.9,44.12,0.0,0.9386133079240804,0.2382056310450414,3.0,4.0,0.10011543,2.0,2.0,10.0,0.1301891499999999,19.0,2.301136363636364,0.0,8.948863636363637,0.0,11.25,3.835227272727273,0.7670454545454546,2.301136363636364,1.5340909090909092,0.7670454545454546,0.7670454545454546,7.159090909090909,0.0,3.3238636363636367,2.556818181818182,0.0,1.5340909090909092,0.0,0.5113636363636364,0.0,1.278409090909091,1.278409090909091,0.2556818181818182,0.0,0.0,0.0,64.71,0.0,0.0,20.0,22.22,45.9,44.12,0.0,0.2399863571396796,0.0609048488467435,0.7670454545454546,1.0227272727272727,0.0255976951704545,0.5113636363636364,0.5113636363636364,2.556818181818182,0.0332869985795454,4.857954545454546,ST,24,40,64,18,44,94,40,42,50,66,80,88,28,38,86,14,74,16,34,52,52,48,22,32,48,50,20,18,40,16,16,72,44,14,44,40,66,58,40,62,38,86,48,60,12,40,52,18,32,88,32,40,44,64,80,88,28,24,92,14,76,16,28,52,40,40,16,32,48,50,20,18,40,16,16,72,44,14,44,32,68,44,32,56,28,88,52,64,Danish Superliga
Nordsjælland,77tfx9me4aaqhzv78bmgsy9bg,1ylzr03ex5mu3gs6mu8jjbvca,Ibrahim Adel,Ibrahim Adel Ali Mohamed Hassan,25.0,Attacker,Egypt,Striker,18.0,1.0,70.0,2.0,87.0,0.0,6.0,17.0,11.0,6.0,4.0,25.0,2.0,381.0,39.0,5.0,6.0,0.0,1.0,7.0,0.0,29.0,31.0,12.0,1.0,0.0,0.0,73.11,66.67,33.33,41.38,41.18,40.32,0.0,75.0,1.6500905842283826,0.641302145242086,7.0,16.0,0.6033280599999998,9.0,6.0,10.0,0.56712405,40.0,4.251968503937007,0.2362204724409448,16.53543307086614,0.4724409448818897,20.551181102362204,0.0,1.4173228346456692,4.015748031496063,2.598425196850393,1.4173228346456692,0.9448818897637796,5.905511811023622,0.4724409448818897,9.21259842519685,1.1811023622047243,1.4173228346456692,0.0,0.2362204724409448,1.653543307086614,0.0,6.850393700787402,7.322834645669292,2.8346456692913384,0.2362204724409448,0.0,0.0,73.11,66.67,33.33,41.38,41.18,40.32,0.0,75.0,0.3897851773767833,0.151488695726477,1.653543307086614,3.779527559055118,0.1425184393700787,2.125984251968504,1.4173228346456692,2.3622047244094486,0.133966311023622,9.448818897637794,ST,64,84,96,70,98,8,66,96,72,92,96,82,90,96,56,96,4,46,84,52,100,100,100,80,48,50,60,72,94,48,60,36,8,50,76,84,94,100,100,100,82,86,92,94,60,80,96,68,96,8,60,88,68,88,88,56,88,92,52,100,4,36,84,52,100,100,96,76,48,50,60,72,94,48,60,36,8,50,76,80,96,100,100,100,88,84,92,92,Danish Superliga
Nordsjælland,77tfx9me4aaqhzv78bmgsy9bg,2r8s61bmydlumhg62wd0y6fis,J. Janssen,Justin Janssen,20.0,Midfielder,Denmark,Midfielder,174.0,2.0,202.0,33.0,374.0,2.0,8.0,7.0,1.0,6.0,0.0,33.0,8.0,508.0,4.0,11.0,11.0,3.0,1.0,2.0,0.0,4.0,4.0,2.0,0.0,0.0,0.0,87.79,70.21,13.33,50.0,28.57,66.0,28.57,61.11,0.5948891106856927,0.6724586455048208,4.0,13.0,0.31507789,4.0,53.0,49.0,1.2487262299999995,204.0,30.826771653543304,0.3543307086614173,35.78740157480315,5.846456692913385,66.25984251968504,0.3543307086614173,1.4173228346456692,1.2401574803149606,0.1771653543307086,1.062992125984252,0.0,5.846456692913385,1.4173228346456692,0.7086614173228346,1.9488188976377951,1.9488188976377951,0.5314960629921259,0.1771653543307086,0.3543307086614173,0.0,0.7086614173228346,0.7086614173228346,0.3543307086614173,0.0,0.0,0.0,87.79,70.21,13.33,50.0,28.57,66.0,28.57,61.11,0.1053937400821109,0.1191363742036099,0.7086614173228346,2.3031496062992125,0.055820886023622,0.7086614173228346,9.38976377952756,8.681102362204724,0.2212310249999999,36.14173228346456,DM/CM,89,78,93,100,93,19,98,87,59,98,20,74,57,50,87,94,17,80,74,48,48,48,63,30,52,52,70,93,56,65,52,100,28,61,85,96,91,91,93,74,96,98,100,93,93,78,96,100,100,15,89,74,56,93,20,74,56,44,89,93,4,74,70,48,44,44,59,30,52,52,70,93,56,65,52,100,28,61,78,89,89,89,89,74,100,100,96,100,Danish Superliga
Nordsjælland,77tfx9me4aaqhzv78bmgsy9bg,35ku8nrvbs0s788bhtem2a904,M. Sadio,Mamadou Sadio,18.0,Midfielder,Senegal,Midfielder,23.0,1.0,55.0,2.0,77.0,3.0,2.0,8.0,3.0,5.0,3.0,16.0,1.0,240.0,15.0,4.0,6.0,3.0,0.0,3.0,0.0,8.0,8.0,3.0,0.0,0.0,0.0,77.78,25.0,50.0,37.5,37.5,53.33,60.0,100.0,0.7856611794571635,0.1649218731238703,4.0,9.0,0.3541947599999999,3.0,5.0,8.0,0.1767225499999999,24.0,8.625,0.375,20.625,0.75,28.875,1.125,0.75,3.0,1.125,1.875,1.125,6.0,0.375,5.625,1.5,2.25,1.125,0.0,1.125,0.0,3.0,3.0,1.125,0.0,0.0,0.0,77.78,25.0,50.0,37.5,37.5,53.33,60.0,100.0,0.2946229422964363,0.0618457024214513,1.5,3.375,0.1328230349999999,1.125,1.875,3.0,0.0662709562499999,9.0,RM/RCM,17,17,25,33,17,83,17,42,33,67,42,33,17,33,25,67,33,42,50,58,33,33,25,42,58,58,33,25,100,33,92,50,83,100,50,17,33,33,33,25,25,33,17,17,33,33,33,33,33,83,17,83,33,100,100,50,33,67,67,83,83,42,100,58,67,67,67,42,58,58,33,25,100,33,92,50,83,100,100,17,83,50,83,33,50,33,17,33,Danish Superliga
Nordsjælland,77tfx9me4aaqhzv78bmgsy9bg,5r1v2w303bvj0vv1893qr5d5h,M. Brink,Mark Brink,28.0,Midfielder,Denmark,Midfielder,110.0,2.0,150.0,9.0,258.0,2.0,12.0,5.0,5.0,0.0,1.0,17.0,2.0,364.0,7.0,4.0,8.0,5.0,1.0,2.0,0.0,3.0,3.0,1.0,2.0,0.0,0.0,84.04,50.0,40.0,33.33,40.0,60.71,50.0,80.0,0.6454014767968415,0.9383473002186462,0.0,10.0,0.2196210199999999,4.0,31.0,32.0,0.75606327,136.0,27.1978021978022,0.4945054945054945,37.08791208791209,2.2252747252747254,63.7912087912088,0.4945054945054945,2.967032967032967,1.2362637362637363,1.2362637362637363,0.0,0.2472527472527472,4.203296703296704,0.4945054945054945,1.7307692307692308,0.989010989010989,1.978021978021978,1.2362637362637363,0.2472527472527472,0.4945054945054945,0.0,0.7417582417582418,0.7417582417582418,0.2472527472527472,0.4945054945054945,0.0,0.0,84.04,50.0,40.0,33.33,40.0,60.71,50.0,80.0,0.1595772882189992,0.2320089478562587,0.0,2.4725274725274726,0.0543019005494505,0.989010989010989,7.664835164835165,7.912087912087912,0.1869387206043956,33.62637362637363,CM/AM,96,50,70,72,78,22,83,15,41,4,13,26,35,22,30,80,54,52,33,52,11,11,20,93,50,52,65,54,83,30,76,100,63,91,35,65,7,33,26,33,87,74,52,78,100,57,83,91,96,26,96,22,65,4,13,39,39,22,35,87,74,52,39,52,9,9,22,100,50,52,65,54,83,30,76,100,63,91,43,83,7,43,35,39,91,87,78,96,Danish Superliga
Nordsjælland,77tfx9me4aaqhzv78bmgsy9bg,5ucbttulfcdufwr751zj0zcic,J. Lähteenmäki,Juho Lähteenmäki,20.0,Defender,Finland,Defender,100.0,1.0,120.0,10.0,219.0,2.0,6.0,4.0,4.0,0.0,1.0,19.0,2.0,576.0,34.0,9.0,5.0,7.0,0.0,1.0,0.0,2.0,2.0,0.0,1.0,0.0,0.0,82.95,52.63,11.11,0.0,25.0,44.19,25.0,62.5,0.5919048596312013,0.5338359535539624,1.0,13.0,0.40669496,7.0,19.0,23.0,1.2111251100000004,109.0,15.625,0.15625,18.75,1.5625,34.21875,0.3125,0.9375,0.625,0.625,0.0,0.15625,2.96875,0.3125,5.3125,1.40625,0.78125,1.09375,0.0,0.15625,0.0,0.3125,0.3125,0.0,0.15625,0.0,0.0,82.95,52.63,11.11,0.0,25.0,44.19,25.0,62.5,0.0924851343173752,0.0834118677428066,0.15625,2.03125,0.0635460875,1.09375,2.96875,3.59375,0.1892382984375,17.03125,CB,24,79,70,38,33,8,91,70,83,32,73,48,12,100,97,56,9,36,62,45,67,67,24,89,52,52,20,65,74,24,59,9,5,50,85,94,79,94,100,97,70,71,100,42,15,70,45,30,18,3,88,64,79,32,73,27,9,100,91,39,6,36,61,45,67,64,24,88,52,52,20,65,74,24,59,9,5,50,79,85,73,82,91,88,61,64,97,36,Danish Superliga
Nordsjælland,77tfx9me4aaqhzv78bmgsy9bg,766yz5r437tgwjkn0ey8j2wwk,R. Norheim,Runar Norheim,21.0,Defender,Norway,Defender,95.0,1.0,98.0,3.0,192.0,5.0,6.0,12.0,11.0,1.0,3.0,17.0,4.0,571.0,27.0,2.0,5.0,9.0,1.0,6.0,0.0,4.0,4.0,3.0,1.0,0.0,0.0,82.05,23.08,20.0,75.0,50.0,48.57,38.46,71.43,1.4068597149526074,0.5309802897708626,1.0,9.0,0.24827873,0.0,8.0,6.0,0.44245676,73.0,14.973730297723291,0.1576182136602452,15.44658493870403,0.4728546409807356,30.26269702276708,0.788091068301226,0.9457092819614712,1.8914185639229424,1.733800350262697,0.1576182136602452,0.4728546409807356,2.679509632224168,0.6304728546409808,4.25569176882662,0.3152364273204904,0.788091068301226,1.418563922942207,0.1576182136602452,0.9457092819614712,0.0,0.6304728546409808,0.6304728546409808,0.4728546409807356,0.1576182136602452,0.0,0.0,82.05,23.08,20.0,75.0,50.0,48.57,38.46,71.43,0.2217467151413917,0.0836921647624827,0.1576182136602452,1.418563922942207,0.0391332499124343,0.0,1.2609457092819616,0.9457092819614712,0.0697392441330998,11.5061295971979,CB,21,79,58,14,24,33,91,100,100,74,98,35,36,97,26,56,17,85,100,45,86,85,97,89,52,52,12,6,79,79,83,24,18,71,100,91,79,76,85,20,35,33,48,36,12,73,33,9,9,21,91,100,100,73,97,12,24,97,24,42,9,85,100,45,82,82,97,91,52,52,12,6,79,79,83,24,18,71,100,88,76,73,76,20,27,27,36,30,Danish Superliga
Nordsjælland,77tfx9me4aaqhzv78bmgsy9bg,7cpkykvmy8ujrahzdz7ksk2c5,P. Ankersen,Peter Ankersen,35.0,Defender,Denmark,Defender,186.0,3.0,142.0,20.0,325.0,8.0,5.0,6.0,2.0,4.0,0.0,21.0,4.0,455.0,3.0,7.0,5.0,8.0,0.0,2.0,0.0,1.0,1.0,1.0,1.0,0.0,0.0,89.29,48.78,60.0,100.0,33.33,56.76,61.54,100.0,0.4227619758056115,0.6580593221174977,4.0,15.0,0.31531502,4.0,33.0,41.0,1.47370708,177.0,36.7912087912088,0.5934065934065934,28.087912087912088,3.956043956043956,64.28571428571429,1.5824175824175826,0.989010989010989,1.1868131868131868,0.3956043956043956,0.7912087912087913,0.0,4.153846153846154,0.7912087912087913,0.5934065934065934,1.3846153846153846,0.989010989010989,1.5824175824175826,0.0,0.3956043956043956,0.0,0.1978021978021978,0.1978021978021978,0.1978021978021978,0.1978021978021978,0.0,0.0,89.29,48.78,60.0,100.0,33.33,56.76,61.54,100.0,0.0836232479615495,0.1301655801990655,0.7912087912087913,2.967032967032967,0.0623700039560439,0.7912087912087913,6.527472527472527,8.10989010989011,0.2915024993406593,35.010989010989015,RB/RCB,100,54,83,83,100,75,83,83,50,100,29,50,42,29,75,38,21,46,92,46,17,17,25,83,54,54,100,92,92,92,88,58,75,96,75,92,100,88,83,54,92,83,100,92,92,50,100,100,100,58,67,83,50,100,29,33,33,25,83,33,8,46,92,46,8,8,17,83,54,54,100,92,92,92,88,58,75,96,75,100,100,92,83,50,100,100,100,100,Danish Superliga
Nordsjælland,77tfx9me4aaqhzv78bmgsy9bg,8dqghahifyr8tjcndw9pip3x0,H. Rasmussen,Hjalte Boe Rasmussen,18.0,Midfielder,Denmark,Midfielder,14.0,0.0,25.0,4.0,39.0,2.0,3.0,10.0,8.0,2.0,4.0,5.0,0.0,224.0,20.0,0.0,0.0,1.0,2.0,4.0,0.0,6.0,6.0,1.0,1.0,0.0,0.0,73.58,80.0,0.0,16.67,40.0,20.83,40.0,0.0,1.3399461045445689,0.232206125511127,5.0,2.0,0.0813279299999999,0.0,7.0,7.0,0.2833951599999997,24.0,5.625,0.0,10.044642857142858,1.6071428571428572,15.669642857142858,0.8035714285714286,1.2053571428571428,4.017857142857142,3.2142857142857144,0.8035714285714286,1.6071428571428572,2.008928571428571,0.0,8.035714285714285,0.0,0.0,0.4017857142857143,0.8035714285714286,1.6071428571428572,0.0,2.4107142857142856,2.4107142857142856,0.4017857142857143,0.4017857142857143,0.0,0.0,73.58,80.0,0.0,16.67,40.0,20.83,40.0,0.0,0.5383712027188,0.0932971040000063,2.008928571428571,0.8035714285714286,0.0326764004464285,0.0,2.8125,2.8125,0.1138641267857141,9.642857142857142,CM/AM,4,13,4,39,4,22,15,57,87,28,72,4,7,76,4,4,11,80,76,52,39,37,20,72,50,52,9,100,13,13,76,4,39,4,78,13,78,7,13,4,17,7,13,4,9,13,4,65,4,57,22,100,100,57,96,4,7,100,4,4,17,96,100,52,70,65,30,93,50,52,9,100,13,13,76,4,39,4,100,22,100,17,17,4,39,35,39,22,Danish Superliga
Nordsjælland,77tfx9me4aaqhzv78bmgsy9bg,apspqh3shqfwobvh35x60q5g4,N. Markmann,Noah Markmann,19.0,Defender,Denmark,Defender,174.0,0.0,88.0,8.0,262.0,3.0,3.0,2.0,2.0,0.0,1.0,13.0,5.0,315.0,4.0,2.0,7.0,9.0,0.0,0.0,0.0,4.0,4.0,1.0,0.0,0.0,0.0,91.29,47.06,0.0,25.0,0.0,46.43,37.5,100.0,0.1409857100302537,0.1288649051744419,1.0,11.0,0.23701937,2.0,12.0,15.0,0.3565483699999999,132.0,49.71428571428572,0.0,25.142857142857142,2.2857142857142856,74.85714285714286,0.8571428571428571,0.8571428571428571,0.5714285714285714,0.5714285714285714,0.0,0.2857142857142857,3.7142857142857135,1.4285714285714286,1.1428571428571428,0.5714285714285714,2.0,2.571428571428572,0.0,0.0,0.0,1.1428571428571428,1.1428571428571428,0.2857142857142857,0.0,0.0,0.0,91.29,47.06,0.0,25.0,0.0,46.43,37.5,100.0,0.0402816314372153,0.0368185443355548,0.2857142857142857,3.142857142857143,0.06771982,0.5714285714285714,3.4285714285714284,4.285714285714286,0.1018709628571428,37.71428571428572,CB,48,33,48,27,45,17,61,39,45,32,73,8,47,30,26,82,17,36,24,45,86,85,67,41,52,52,76,42,33,52,24,12,15,100,39,45,79,86,79,56,48,52,39,45,88,33,73,36,94,24,83,48,70,32,80,42,67,48,45,97,21,36,24,45,94,94,82,41,52,52,76,42,33,52,24,12,15,100,45,61,88,97,94,62,70,67,64,79,Danish Superliga
Nordsjælland,77tfx9me4aaqhzv78bmgsy9bg,ayistjficdvpd0v10681qf578,V. Berthelsen,Villum Berthelsen,20.0,Midfielder,Denmark,Midfielder,38.0,1.0,79.0,9.0,116.0,2.0,11.0,11.0,9.0,2.0,2.0,19.0,1.0,341.0,23.0,7.0,3.0,1.0,1.0,3.0,0.0,5.0,5.0,4.0,0.0,0.0,0.0,80.56,60.0,50.0,80.0,27.27,48.72,50.0,50.0,1.4833057167165844,0.8428635274243972,3.0,17.0,0.43200731,7.0,13.0,18.0,0.5815763499999997,50.0,10.02932551319648,0.2639296187683284,20.85043988269795,2.375366568914956,30.6158357771261,0.5278592375366569,2.903225806451613,2.903225806451613,2.375366568914956,0.5278592375366569,0.5278592375366569,5.0146627565982405,0.2639296187683284,6.070381231671554,1.8475073313783,0.7917888563049854,0.2639296187683284,0.2639296187683284,0.7917888563049854,0.0,1.3196480938416422,1.3196480938416422,1.0557184750733135,0.0,0.0,0.0,80.56,60.0,50.0,80.0,27.27,48.72,50.0,50.0,0.3914883123298903,0.2224566494668497,0.7917888563049854,4.486803519061584,0.114019524633431,1.8475073313783,3.43108504398827,4.750733137829912,0.1534952243401759,13.196480938416425,CM/AM,35,33,26,72,22,22,70,70,91,28,30,30,20,91,61,24,11,52,54,52,28,26,54,30,50,52,43,87,93,96,30,61,63,35,91,57,61,70,61,65,39,57,35,22,43,39,52,100,48,39,91,91,91,39,52,65,26,91,83,39,9,65,70,52,39,30,78,30,50,52,43,87,93,96,30,61,63,35,96,78,70,87,87,70,52,57,61,39,Danish Superliga
Nordsjælland,77tfx9me4aaqhzv78bmgsy9bg,c1s6vw84nupd8c0mbj8gov5lg,S. Acquah,Stephen Acquah,20.0,Defender,Ghana,Defender,281.0,1.0,151.0,16.0,431.0,8.0,1.0,4.0,2.0,2.0,0.0,18.0,6.0,447.0,4.0,5.0,3.0,24.0,0.0,1.0,0.0,5.0,5.0,2.0,0.0,0.0,0.0,94.31,48.48,100.0,40.0,25.0,47.37,66.67,75.0,0.3273621224740892,0.0798705493080391,2.0,3.0,0.0626893799999999,4.0,23.0,13.0,0.4524094499999998,150.0,56.57718120805369,0.2013422818791946,30.40268456375839,3.221476510067114,86.77852348993288,1.610738255033557,0.2013422818791946,0.8053691275167785,0.4026845637583892,0.4026845637583892,0.0,3.624161073825504,1.2080536912751678,0.8053691275167785,1.006711409395973,0.6040268456375839,4.832214765100671,0.0,0.2013422818791946,0.0,1.006711409395973,1.006711409395973,0.4026845637583892,0.0,0.0,0.0,94.31,48.48,100.0,40.0,25.0,47.37,66.67,75.0,0.0659118367397495,0.0160813186526253,0.4026845637583892,0.6040268456375839,0.0126220228187919,0.8053691275167785,4.630872483221476,2.61744966442953,0.0910891510067113,30.201342281879192,CB,85,79,82,59,88,50,29,70,45,94,32,41,55,30,70,26,48,36,62,45,97,95,91,41,52,52,91,48,98,61,59,21,86,80,55,36,97,38,39,79,79,45,55,52,100,79,94,64,100,52,23,76,45,91,32,39,48,30,73,24,39,36,68,45,91,91,91,41,52,52,91,48,98,61,59,21,86,80,64,36,94,39,39,76,79,52,52,61,Danish Superliga
Nordsjælland,77tfx9me4aaqhzv78bmgsy9bg,chjcbjc5nv8uyiusfafts5zv9,T. Salquist,Tobias Salquist,31.0,Defender,Denmark,Defender,259.0,0.0,116.0,2.0,375.0,5.0,1.0,0.0,0.0,0.0,0.0,14.0,4.0,413.0,4.0,2.0,6.0,21.0,0.0,0.0,0.0,0.0,0.0,0.0,1.0,0.0,0.0,95.42,16.67,0.0,0.0,0.0,63.64,50.0,85.71,0.0,0.2017135913613331,0.0,4.0,0.07614868,0.0,11.0,7.0,0.34934914,256.0,56.440677966101696,0.0,25.27845036319613,0.4358353510895884,81.71912832929783,1.089588377723971,0.2179176755447942,0.0,0.0,0.0,0.0,3.050847457627119,0.8716707021791769,0.8716707021791769,0.4358353510895884,1.3075060532687652,4.576271186440678,0.0,0.0,0.0,0.0,0.0,0.0,0.2179176755447942,0.0,0.0,95.42,16.67,0.0,0.0,0.0,63.64,50.0,85.71,0.0,0.0439569569552541,0.0,0.8716707021791769,0.0165941433414043,0.0,2.397094430992736,1.5254237288135597,0.0761293525423729,55.78692493946732,CB,76,33,67,8,76,33,29,8,9,32,32,12,36,30,26,70,38,36,24,45,20,18,24,89,52,52,100,3,33,24,24,94,41,94,12,58,33,47,45,20,45,39,36,88,97,33,76,6,97,36,27,8,9,32,32,30,33,33,39,82,36,36,24,45,20,18,24,94,52,52,100,3,33,24,24,94,41,94,12,64,33,48,48,20,48,33,39,100,Danish Superliga
Nordsjælland,77tfx9me4aaqhzv78bmgsy9bg,cugmerpydsw8kqbo2rle9npm2,A. Lind,Alexander Lind,24.0,Attacker,Denmark,Striker,11.0,0.0,27.0,1.0,38.0,8.0,10.0,4.0,3.0,1.0,1.0,19.0,0.0,266.0,17.0,8.0,1.0,9.0,1.0,1.0,0.0,6.0,6.0,2.0,1.0,0.0,0.0,74.51,33.33,0.0,33.33,25.0,44.19,53.33,100.0,0.6006285229534369,0.6367956460881262,0.0,4.0,0.2570804,0.0,2.0,3.0,0.0957250799999998,14.0,3.721804511278195,0.0,9.13533834586466,0.3383458646616541,12.857142857142856,2.706766917293233,3.3834586466165413,1.3533834586466165,1.0150375939849623,0.3383458646616541,0.3383458646616541,6.428571428571428,0.0,5.75187969924812,2.706766917293233,0.3383458646616541,3.045112781954887,0.3383458646616541,0.3383458646616541,0.0,2.0300751879699246,2.0300751879699246,0.6766917293233082,0.3383458646616541,0.0,0.0,74.51,33.33,0.0,33.33,25.0,44.19,53.33,100.0,0.2032201769391328,0.2154571734884637,0.0,1.3533834586466165,0.0869820902255639,0.0,0.6766917293233082,1.0150375939849623,0.0323881849624059,4.7368421052631575,ST,32,40,48,46,32,50,96,16,16,32,38,58,28,52,80,36,94,46,18,52,68,58,40,80,48,50,64,44,40,34,22,60,68,86,32,80,12,58,76,14,38,46,44,50,44,40,56,56,48,64,100,16,20,36,40,72,28,68,96,32,96,56,16,52,68,60,52,88,48,50,64,44,40,34,22,60,68,86,40,100,12,68,92,14,36,44,48,56,Danish Superliga
Nordsjælland,77tfx9me4aaqhzv78bmgsy9bg,drzdo6ouxi5n4jafhfajpor85,N. Røjkjær,Nicklas Røjkjær,28.0,Midfielder,Denmark,Midfielder,91.0,3.0,166.0,6.0,254.0,3.0,8.0,8.0,6.0,2.0,3.0,23.0,3.0,389.0,21.0,5.0,8.0,2.0,1.0,3.0,0.0,4.0,4.0,3.0,0.0,0.0,0.0,90.07,54.55,15.79,75.0,37.5,47.92,60.0,66.67,0.7133147136467761,0.805464893719859,3.0,21.0,0.4876402,9.0,25.0,21.0,0.6914069599999998,110.0,21.053984575835475,0.6940874035989718,38.40616966580977,1.3881748071979436,58.76606683804628,0.6940874035989718,1.850899742930592,1.850899742930592,1.3881748071979436,0.4627249357326478,0.6940874035989718,5.32133676092545,0.6940874035989718,4.858611825192803,1.1568123393316196,1.850899742930592,0.4627249357326478,0.2313624678663239,0.6940874035989718,0.0,0.9254498714652956,0.9254498714652956,0.6940874035989718,0.0,0.0,0.0,90.07,54.55,15.79,75.0,37.5,47.92,60.0,66.67,0.1650342525146783,0.1863543455907128,0.6940874035989718,4.858611825192803,0.1128216401028277,2.082262210796915,5.784061696658098,4.858611825192803,0.1599656205655526,25.44987146529564,CM/AM,87,61,78,59,74,46,41,37,65,28,54,59,50,83,43,80,20,52,54,52,20,20,43,30,50,52,96,65,30,91,65,57,87,70,43,52,61,80,65,74,72,65,43,70,91,70,91,57,91,48,61,48,74,26,61,70,57,87,43,83,22,48,57,52,22,22,43,30,50,52,96,65,30,91,65,57,87,70,48,61,57,96,83,87,83,61,70,83,Danish Superliga
Nordsjælland,77tfx9me4aaqhzv78bmgsy9bg,tjwcwnzx8w0rv41nr6ebhxck,P. Amoako,Prince Amoako,19.0,Attacker,Ghana,Striker,8.0,3.0,74.0,2.0,79.0,0.0,8.0,17.0,13.0,4.0,10.0,27.0,4.0,353.0,41.0,6.0,1.0,0.0,0.0,3.0,0.0,52.0,56.0,19.0,0.0,0.0,0.0,60.31,11.11,27.27,36.54,17.65,36.99,0.0,50.0,1.2721022841675178,0.5664399017059565,3.0,11.0,0.3167004499999999,5.0,10.0,15.0,0.7859810300000002,49.0,2.039660056657224,0.764872521246459,18.86685552407932,0.509915014164306,20.14164305949009,0.0,2.039660056657224,4.334277620396601,3.314447592067989,1.019830028328612,2.54957507082153,6.883852691218131,1.019830028328612,10.453257790368273,1.529745042492918,0.254957507082153,0.0,0.0,0.764872521246459,0.0,13.257790368271955,14.277620396600566,4.8441926345609065,0.0,0.0,0.0,60.31,11.11,27.27,36.54,17.65,36.99,0.0,50.0,0.3243320271248629,0.1444181052508104,0.764872521246459,2.8045325779036827,0.080745157223796,1.274787535410765,2.54957507082153,3.824362606232295,0.2003917640226629,12.492917847025495,LW,14,43,71,79,57,21,57,79,71,50,100,57,100,71,29,14,21,29,36,57,100,100,100,29,57,57,14,14,71,29,36,29,21,43,57,43,21,57,57,71,86,100,43,100,29,57,100,86,86,21,86,86,100,71,100,100,100,100,29,14,21,29,57,57,100,100,100,29,57,57,14,14,71,29,36,29,21,43,71,43,29,71,57,86,100,100,71,100,Danish Superliga
Lyngby,anga7587r1zv4ey71ge9zxol3,4qqaok0kamm887gckta83gv6d,J. Thomasen,Jens Thomasen,30.0,Midfielder,Denmark,Midfielder,35.0,0.0,88.0,3.0,123.0,3.0,1.0,2.0,0.0,2.0,1.0,15.0,3.0,206.0,0.0,3.0,7.0,9.0,0.0,1.0,0.0,3.0,3.0,0.0,0.0,0.0,0.0,84.25,42.86,0.0,0.0,50.0,60.0,75.0,70.0,0.0970313408858598,0.0696586600410838,2.0,4.0,0.0898248099999999,1.0,12.0,13.0,0.3319344499999999,69.0,15.29126213592233,0.0,38.44660194174757,1.3106796116504855,53.737864077669904,1.3106796116504855,0.4368932038834952,0.8737864077669903,0.0,0.8737864077669903,0.4368932038834952,6.553398058252427,1.3106796116504855,0.0,1.3106796116504855,3.058252427184466,3.932038834951456,0.0,0.4368932038834952,0.0,1.3106796116504855,1.3106796116504855,0.0,0.0,0.0,0.0,84.25,42.86,0.0,0.0,50.0,60.0,75.0,70.0,0.0423923333967348,0.0304333951635803,0.8737864077669903,1.7475728155339807,0.0392438490291261,0.4368932038834952,5.242718446601942,5.6796116504854375,0.1450199053398057,30.145631067961165,CM/AM,30,13,30,30,26,46,4,4,4,28,13,15,50,4,17,72,78,20,17,52,11,11,7,30,50,52,78,43,13,7,98,96,100,78,4,4,39,17,17,11,35,26,22,43,70,13,96,52,87,78,4,4,4,61,22,87,87,4,57,100,100,20,30,52,35,26,7,30,50,52,78,43,13,7,98,96,100,78,4,4,74,22,22,13,78,78,48,91,Danish Superliga
Lyngby,anga7587r1zv4ey71ge9zxol3,5ezedgrsrflkr1gi8o6eu7j3e,M. Fischer,Mikkel Fischer,22.0,Defender,Denmark,Defender,137.0,0.0,188.0,14.0,325.0,18.0,5.0,2.0,2.0,0.0,1.0,34.0,11.0,630.0,13.0,6.0,6.0,40.0,0.0,0.0,0.0,0.0,0.0,0.0,0.0,0.0,0.0,82.91,28.57,0.0,0.0,0.0,62.96,62.07,60.0,0.2582093750074222,0.5010372888098016,0.0,6.0,0.10586484,1.0,43.0,36.0,0.8070626299999999,196.0,19.571428571428573,0.0,26.857142857142858,2.0,46.42857142857143,2.571428571428572,0.7142857142857143,0.2857142857142857,0.2857142857142857,0.0,0.1428571428571428,4.857142857142857,1.5714285714285714,1.8571428571428568,0.8571428571428571,0.8571428571428571,5.714285714285714,0.0,0.0,0.0,0.0,0.0,0.0,0.0,0.0,0.0,82.91,28.57,0.0,0.0,0.0,62.96,62.07,60.0,0.0368870535724888,0.0715767555442573,0.0,0.8571428571428571,0.0151235485714285,0.1428571428571428,6.142857142857143,5.142857142857143,0.1152946614285714,28.0,CB,33,33,97,52,62,91,83,39,45,32,73,91,86,82,82,70,74,36,24,45,20,18,24,41,52,52,15,15,33,24,24,88,70,45,48,85,33,58,55,44,97,94,91,79,21,33,82,33,35,76,71,24,27,32,68,70,71,64,58,45,58,36,24,45,20,18,24,41,52,52,15,15,33,24,24,88,70,45,39,82,33,45,45,41,94,79,79,58,Danish Superliga
Lyngby,anga7587r1zv4ey71ge9zxol3,5k2hgogp2g5ivgdnq99ejp27e,Í. Þorvaldsson,Ísak Thorvaldsson,25.0,Attacker,Iceland,Striker,15.0,0.0,57.0,2.0,72.0,16.0,8.0,21.0,18.0,3.0,2.0,42.0,1.0,559.0,40.0,15.0,2.0,5.0,3.0,7.0,0.0,5.0,7.0,4.0,1.0,0.0,0.0,67.92,100.0,0.0,80.0,33.33,53.85,48.48,28.57,2.492115987079203,0.4968844152135718,4.0,9.0,0.44121492,4.0,7.0,7.0,0.2287939899999999,27.0,2.415026833631485,0.0,9.177101967799642,0.3220035778175313,11.592128801431128,2.5760286225402504,1.2880143112701252,3.3810375670840784,2.8980322003577816,0.4830053667262969,0.3220035778175313,6.762075134168157,0.1610017889087656,6.440071556350626,2.415026833631485,0.3220035778175313,0.8050089445438282,0.4830053667262969,1.1270125223613596,0.0,0.8050089445438282,1.1270125223613596,0.6440071556350626,0.1610017889087656,0.0,0.0,67.92,100.0,0.0,80.0,33.33,53.85,48.48,28.57,0.4012351320878859,0.0799992797302709,0.6440071556350626,1.4490161001788908,0.0710363914132379,0.6440071556350626,1.1270125223613596,1.1270125223613596,0.0368362416815742,4.347048300536673,ST,58,40,84,70,80,100,86,100,100,66,62,100,66,100,100,52,64,92,84,52,52,64,74,80,48,50,32,92,40,92,46,80,56,28,100,68,78,92,96,96,88,68,72,80,16,40,60,52,40,56,56,68,72,44,36,76,56,76,80,28,36,76,64,52,28,32,44,68,48,50,32,92,40,92,46,80,56,28,80,52,52,80,84,72,76,60,60,48,Danish Superliga
Lyngby,anga7587r1zv4ey71ge9zxol3,6d0lxiep13vdv32bdb0xwyrys,L. Sandgrav,Lauge Sandgrav,21.0,Midfielder,Denmark,Midfielder,81.0,0.0,256.0,11.0,337.0,14.0,5.0,7.0,5.0,2.0,3.0,42.0,4.0,608.0,15.0,9.0,9.0,17.0,0.0,1.0,0.0,9.0,9.0,6.0,0.0,0.0,0.0,81.6,40.74,0.0,66.67,14.29,51.22,56.0,69.23,0.6358905141547971,0.3790206233452355,1.0,26.0,0.64661081,13.0,40.0,41.0,1.3000269399999995,161.0,11.990131578947368,0.0,37.89473684210526,1.6282894736842106,49.88486842105263,2.0723684210526314,0.7401315789473685,1.0361842105263157,0.7401315789473685,0.2960526315789473,0.4440789473684211,6.217105263157895,0.5921052631578947,2.2203947368421053,1.332236842105263,1.332236842105263,2.5164473684210527,0.0,0.1480263157894736,0.0,1.332236842105263,1.332236842105263,0.8881578947368421,0.0,0.0,0.0,81.6,40.74,0.0,66.67,14.29,51.22,56.0,69.23,0.0941285300558087,0.0561050264820249,0.1480263157894736,3.848684210526316,0.0957154159539473,1.924342105263158,5.921052631578948,6.069078947368421,0.192438198355263,23.832236842105264,CM/AM,70,13,100,83,96,96,24,24,41,28,54,91,67,43,74,89,100,20,17,52,67,63,76,30,50,52,48,35,13,87,17,74,78,74,30,22,20,89,87,91,91,87,87,96,52,13,87,70,83,96,13,17,30,9,30,83,52,30,61,70,91,20,13,52,43,35,61,30,50,52,48,35,13,87,17,74,78,74,22,13,13,78,65,83,87,83,87,74,Danish Superliga
Lyngby,anga7587r1zv4ey71ge9zxol3,6zhj070huc77sl5o5bx6ey5g4,G. Fraulo,Gustav Fraulo,21.0,Midfielder,Denmark,Midfielder,37.0,6.0,167.0,10.0,198.0,1.0,12.0,15.0,10.0,5.0,6.0,22.0,2.0,600.0,24.0,5.0,5.0,6.0,1.0,3.0,0.0,18.0,18.0,7.0,0.0,0.0,0.0,76.15,50.0,31.58,38.89,20.0,31.43,11.11,50.0,1.0996193851963512,1.401696913025159,6.0,18.0,0.50862864,9.0,17.0,29.0,1.87062876,91.0,5.55,0.8999999999999999,25.05,1.5,29.7,0.15,1.7999999999999998,2.25,1.5,0.75,0.8999999999999999,3.3,0.3,3.6,0.75,0.75,0.8999999999999999,0.15,0.4499999999999999,0.0,2.7,2.7,1.05,0.0,0.0,0.0,76.15,50.0,31.58,38.89,20.0,31.43,11.11,50.0,0.1649429077794526,0.2102545369537738,0.8999999999999999,2.7,0.076294296,1.35,2.55,4.35,0.280594314,13.65,RM/RCM,33,92,100,83,83,58,83,92,100,67,100,50,42,75,58,42,67,83,50,58,83,75,67,42,58,58,17,75,75,50,33,17,50,42,83,83,92,67,67,75,67,100,100,83,17,58,67,67,50,50,67,50,83,33,50,33,17,33,17,33,50,83,33,58,33,33,50,42,58,58,17,75,75,50,33,17,50,42,50,83,50,33,33,67,67,83,83,50,Danish Superliga
Lyngby,anga7587r1zv4ey71ge9zxol3,76ccxx0spulpjip53ecuhgb9w,D. Aronsson,Davíd Aronsson,19.0,Defender,Iceland,Defender,68.0,0.0,60.0,7.0,128.0,9.0,0.0,0.0,0.0,0.0,0.0,15.0,2.0,275.0,1.0,1.0,1.0,14.0,0.0,0.0,0.0,1.0,1.0,0.0,0.0,0.0,0.0,77.58,22.58,0.0,0.0,0.0,71.43,0.0,20.0,0.0,0.0,0.0,0.0,0.0,0.0,0.0,0.0,0.0,0.0,22.254545454545458,0.0,19.63636363636364,2.290909090909091,41.89090909090909,2.9454545454545458,0.0,0.0,0.0,0.0,0.0,4.909090909090909,0.6545454545454545,0.3272727272727272,0.3272727272727272,0.3272727272727272,4.581818181818182,0.0,0.0,0.0,0.3272727272727272,0.3272727272727272,0.0,0.0,0.0,0.0,77.58,22.58,0.0,0.0,0.0,71.43,0.0,20.0,0.0,0.0,0.0,0.0,0.0,0.0,0.0,0.0,0.0,0.0,LB/LCB,53,10,27,40,33,90,13,10,20,23,27,47,13,13,13,13,47,47,27,47,23,17,13,30,53,53,47,13,10,13,27,100,10,7,10,13,23,10,10,13,10,10,10,10,60,10,67,73,53,100,13,10,20,23,27,60,27,13,7,13,80,47,27,47,33,20,13,30,53,53,47,13,10,13,27,100,10,7,10,13,23,10,10,13,10,10,10,10,Danish Superliga
Lyngby,anga7587r1zv4ey71ge9zxol3,8822s8ns7oyvjqade4oaxzg0l,O. Buur,Oskar Buur,28.0,Defender,Denmark,Defender,60.0,5.0,129.0,10.0,184.0,4.0,4.0,0.0,0.0,0.0,0.0,18.0,14.0,545.0,9.0,2.0,8.0,16.0,0.0,0.0,0.0,6.0,8.0,1.0,2.0,0.0,0.0,81.42,41.67,38.46,16.67,0.0,46.15,44.44,72.73,0.0,0.5532044598406166,0.0,10.0,0.3039533199999999,5.0,9.0,16.0,1.45709779,82.0,9.908256880733946,0.8256880733944955,21.30275229357798,1.651376146788991,30.38532110091744,0.6605504587155964,0.6605504587155964,0.0,0.0,0.0,0.0,2.9724770642201834,2.311926605504587,1.4862385321100915,0.3302752293577982,1.3211009174311927,2.642201834862385,0.0,0.0,0.0,0.9908256880733946,1.3211009174311927,0.1651376146788991,0.3302752293577982,0.0,0.0,81.42,41.67,38.46,16.67,0.0,46.15,44.44,72.73,0.0,0.0913548649278082,0.0,1.651376146788991,0.050194126238532,0.8256880733944955,1.4862385321100915,2.642201834862385,0.2406216533944954,13.541284403669724,RB/RCB,33,88,67,67,50,25,71,8,8,21,29,33,92,62,25,62,67,46,25,46,71,75,25,96,54,54,50,75,83,8,25,8,25,62,17,75,29,75,75,67,38,42,92,50,17,83,67,67,17,25,58,8,8,21,29,8,92,58,25,67,42,46,25,46,58,67,8,92,54,54,50,75,83,8,25,8,25,62,17,75,29,50,67,58,33,42,92,33,Danish Superliga
Lyngby,anga7587r1zv4ey71ge9zxol3,8jyfsal0lbf0ia92axymn2l1w,O. Højer,Oliver Højer,19.0,Midfielder,Denmark,Midfielder,20.0,2.0,74.0,0.0,92.0,8.0,4.0,5.0,3.0,2.0,2.0,31.0,1.0,281.0,16.0,3.0,3.0,3.0,0.0,2.0,0.0,16.0,16.0,7.0,0.0,0.0,0.0,83.64,0.0,15.38,43.75,40.0,58.49,80.0,23.08,0.4974757523291008,0.4043656017198387,0.0,8.0,0.25587449,3.0,3.0,4.0,0.1773773399999999,24.0,6.405693950177936,0.6405693950177936,23.701067615658364,0.0,29.466192170818506,2.5622775800711746,1.2811387900355873,1.601423487544484,0.9608540925266904,0.6405693950177936,0.6405693950177936,9.9288256227758,0.3202846975088968,5.124555160142349,0.9608540925266904,0.9608540925266904,0.9608540925266904,0.0,0.6405693950177936,0.0,5.124555160142349,5.124555160142349,2.2419928825622777,0.0,0.0,0.0,83.64,0.0,15.38,43.75,40.0,58.49,80.0,23.08,0.1593338708527369,0.1295121144298416,0.0,2.5622775800711746,0.0819526836298932,0.9608540925266904,0.9608540925266904,1.2811387900355873,0.0568112476868327,7.686832740213523,LM/LCM,67,50,67,33,67,100,67,50,50,50,50,100,50,67,50,83,67,50,67,67,67,67,67,50,67,67,100,33,33,67,83,100,100,67,67,67,50,67,67,67,33,33,33,67,100,67,100,33,100,100,67,33,33,33,33,100,67,67,67,100,67,50,67,67,100,67,100,50,67,67,100,33,33,67,83,100,100,67,67,67,50,67,67,67,33,33,33,67,Danish Superliga
Lyngby,anga7587r1zv4ey71ge9zxol3,8npu0cbqjrhwv5km1w29kh016,S. Colyn,Simon Colyn,24.0,Midfielder,Canada,Midfielder,31.0,4.0,126.0,2.0,153.0,24.0,11.0,18.0,16.0,2.0,5.0,63.0,1.0,563.0,48.0,24.0,10.0,7.0,2.0,5.0,0.0,9.0,10.0,3.0,1.0,0.0,0.0,73.91,40.0,26.67,33.33,27.78,55.75,64.86,76.92,2.155264124813705,1.1656496027610015,2.0,12.0,0.4897656499999999,6.0,6.0,17.0,0.7308094299999999,54.0,4.9555950266429845,0.6394316163410302,20.14209591474245,0.3197158081705151,24.45825932504441,3.836589698046181,1.758436944937833,2.877442273534636,2.5577264653641207,0.3197158081705151,0.7992895204262878,10.071047957371226,0.1598579040852575,7.673179396092363,3.836589698046181,1.5985790408525755,1.119005328596803,0.3197158081705151,0.7992895204262878,0.0,1.438721136767318,1.5985790408525755,0.4795737122557726,0.1598579040852575,0.0,0.0,73.91,40.0,26.67,33.33,27.78,55.75,64.86,76.92,0.3445360057428658,0.1863383023951867,0.3197158081705151,1.9182948490230909,0.0782929103019538,0.9591474245115452,0.9591474245115452,2.717584369449378,0.1168256637655417,8.632326820603907,CM/AM,22,72,61,17,39,100,70,93,100,28,80,100,20,100,100,96,72,80,89,52,67,70,43,72,50,52,13,30,61,30,35,87,91,87,96,87,39,43,70,54,11,50,48,30,4,65,43,17,30,100,48,87,96,17,70,100,13,96,100,78,70,78,74,52,52,61,35,70,50,52,13,30,61,30,35,87,91,87,91,57,30,30,48,35,4,30,43,13,Danish Superliga
Lyngby,anga7587r1zv4ey71ge9zxol3,9yvaqepplk8s4cjqjbtyb24gk,R. Tytens,Renzo Tytens,21.0,Defender,Belgium,Defender,40.0,3.0,102.0,6.0,139.0,5.0,4.0,8.0,4.0,4.0,4.0,31.0,7.0,549.0,8.0,10.0,13.0,15.0,1.0,1.0,0.0,2.0,2.0,1.0,0.0,0.0,0.0,72.4,22.22,14.29,50.0,12.5,56.36,55.56,86.67,0.5648396759357048,0.3363046755177838,4.0,6.0,0.1786548799999999,5.0,13.0,23.0,0.5531313699999997,61.0,6.557377049180328,0.4918032786885246,16.721311475409838,0.9836065573770492,22.78688524590164,0.819672131147541,0.6557377049180328,1.3114754098360657,0.6557377049180328,0.6557377049180328,0.6557377049180328,5.081967213114754,1.1475409836065575,1.3114754098360657,1.639344262295082,2.1311475409836067,2.459016393442623,0.1639344262295082,0.1639344262295082,0.0,0.3278688524590164,0.3278688524590164,0.1639344262295082,0.0,0.0,0.0,72.4,22.22,14.29,50.0,12.5,56.36,55.56,86.67,0.0925966681861811,0.0551319140193088,0.6557377049180328,0.9836065573770492,0.0292876852459016,0.819672131147541,2.1311475409836067,3.7704918032786887,0.0906772737704917,10.0,LB/LCB,27,60,67,30,47,60,60,93,83,93,100,73,77,57,83,97,53,97,70,47,53,47,47,30,53,53,20,7,40,40,53,53,80,87,87,53,97,50,53,67,63,77,40,53,7,60,53,20,27,47,47,80,73,87,87,67,60,33,73,100,33,93,53,47,40,27,27,30,53,53,20,7,40,40,53,53,80,87,80,40,87,40,40,53,47,60,33,40,Danish Superliga
Lyngby,anga7587r1zv4ey71ge9zxol3,ajjw1ikceu3g39sy6dsf9kdg4,M. Garan'anga,Munashe Garan'anga,25.0,Defender,Zimbabwe,Defender,91.0,0.0,55.0,10.0,146.0,13.0,1.0,5.0,4.0,1.0,2.0,24.0,3.0,387.0,8.0,2.0,4.0,37.0,0.0,2.0,0.0,0.0,0.0,0.0,0.0,0.0,0.0,82.95,41.67,0.0,0.0,40.0,58.54,68.42,40.0,0.6282795767348991,0.0,1.0,1.0,0.01685596,0.0,8.0,9.0,0.17089289,55.0,21.16279069767442,0.0,12.790697674418606,2.3255813953488373,33.95348837209303,3.0232558139534884,0.2325581395348837,1.162790697674419,0.9302325581395348,0.2325581395348837,0.4651162790697674,5.5813953488372094,0.6976744186046512,1.8604651162790693,0.4651162790697674,0.9302325581395348,8.604651162790699,0.0,0.4651162790697674,0.0,0.0,0.0,0.0,0.0,0.0,0.0,82.95,41.67,0.0,0.0,40.0,58.54,68.42,40.0,0.1461115294732323,0.0,0.2325581395348837,0.2325581395348837,0.0039199906976744,0.0,1.8604651162790693,2.0930232558139537,0.0397425325581395,12.790697674418606,CB,18,33,12,38,12,79,29,85,83,74,89,70,23,64,26,39,61,36,85,45,20,18,24,41,52,52,20,33,33,24,76,58,97,14,91,15,79,23,21,20,35,42,21,27,24,33,21,42,15,88,30,91,91,79,94,88,27,67,42,58,97,36,94,45,20,18,24,41,52,52,20,33,33,24,76,58,97,14,94,15,85,24,24,20,36,41,24,33,Danish Superliga
OB,dbl7ir1qugqz8nvp1vzn8im50,1hbucfyn2l3bxcw5r4zcb1dlg,C. Gammelgaard,Christian Gammelgaard,23.0,Attacker,Denmark,Striker,24.0,6.0,54.0,1.0,72.0,1.0,8.0,3.0,3.0,0.0,1.0,3.0,0.0,262.0,9.0,1.0,0.0,1.0,0.0,1.0,0.0,2.0,2.0,0.0,0.0,0.0,0.0,90.0,50.0,25.0,0.0,33.33,21.43,50.0,0.0,0.2907712322782008,0.9757859820911302,0.0,10.0,0.2491796899999999,4.0,1.0,3.0,0.51035626,17.0,8.244274809160306,2.0610687022900764,18.549618320610687,0.3435114503816794,24.73282442748092,0.3435114503816794,2.748091603053436,1.0305343511450382,1.0305343511450382,0.0,0.3435114503816794,1.0305343511450382,0.0,3.0916030534351147,0.3435114503816794,0.0,0.3435114503816794,0.0,0.3435114503816794,0.0,0.6870229007633588,0.6870229007633588,0.0,0.0,0.0,0.0,90.0,50.0,25.0,0.0,33.33,21.43,50.0,0.0,0.0998832477291529,0.3351936579702356,0.0,3.435114503816794,0.0855960767175572,1.3740458015267176,0.3435114503816794,1.0305343511450382,0.1753132190839694,5.8396946564885495,RW,100,100,80,90,100,50,100,20,20,20,50,20,30,20,20,20,90,30,30,60,20,20,20,40,60,60,100,80,80,20,60,20,90,20,20,100,20,60,20,80,60,90,80,80,100,100,100,100,100,40,100,20,40,20,60,20,30,20,20,20,100,30,40,60,20,20,20,40,60,60,100,80,80,20,60,20,90,20,20,100,20,80,40,80,60,100,100,100,Danish Superliga
OB,dbl7ir1qugqz8nvp1vzn8im50,2mhcqwpftx46hwl2r7smhog6h,F. Arp,Fiete Arp,26.0,Attacker,Germany,Striker,20.0,2.0,66.0,4.0,84.0,0.0,6.0,12.0,4.0,8.0,0.0,22.0,0.0,343.0,8.0,5.0,5.0,6.0,2.0,5.0,0.0,14.0,14.0,11.0,0.0,1.0,1.0,71.79,28.57,12.5,78.57,41.67,37.29,0.0,83.33,1.057536093501002,0.7429273973796359,8.0,4.0,0.09270623,1.0,13.0,18.0,0.6316814699999999,40.0,5.247813411078718,0.5247813411078718,17.31778425655977,1.0495626822157436,22.040816326530614,0.0,1.5743440233236152,3.1486880466472305,1.0495626822157436,2.099125364431487,0.0,5.772594752186589,0.0,2.099125364431487,1.3119533527696794,1.3119533527696794,1.5743440233236152,0.5247813411078718,1.3119533527696794,0.0,3.673469387755102,3.673469387755102,2.8862973760932946,0.0,0.2623906705539359,0.2623906705539359,71.79,28.57,12.5,78.57,41.67,37.29,0.0,83.33,0.2774876047087177,0.194937217971333,2.099125364431487,1.0495626822157436,0.0243252498542274,0.2623906705539359,3.4110787172011663,4.723032069970846,0.1657473244897959,10.495626822157435,ST,76,92,92,92,92,8,66,66,34,100,12,68,28,10,56,88,74,74,68,52,90,86,96,32,98,100,48,36,80,88,64,24,8,66,60,92,100,58,36,36,100,100,96,94,72,92,100,92,100,8,72,64,24,100,12,44,28,8,60,92,80,80,72,52,92,88,100,32,100,100,48,36,80,88,64,24,8,66,48,92,100,52,28,36,100,100,96,100,Danish Superliga
OB,dbl7ir1qugqz8nvp1vzn8im50,3leszpgxgiq8157tjrvi4fe21,P. Therkildsen,Peter Therkildsen,28.0,Defender,Denmark,Defender,53.0,1.0,63.0,4.0,115.0,5.0,2.0,2.0,2.0,0.0,0.0,20.0,8.0,287.0,9.0,3.0,8.0,16.0,0.0,0.0,0.0,2.0,3.0,1.0,0.0,0.0,0.0,79.86,25.0,9.09,50.0,0.0,54.05,50.0,72.73,0.2962363749711375,0.1417813035675477,0.0,6.0,0.15861766,3.0,10.0,25.0,0.46196722,62.0,16.62020905923345,0.313588850174216,19.756097560975608,1.254355400696864,36.06271777003485,1.56794425087108,0.627177700348432,0.627177700348432,0.627177700348432,0.0,0.0,6.2717770034843205,2.508710801393728,2.822299651567944,0.940766550522648,2.508710801393728,5.017421602787456,0.0,0.0,0.0,0.627177700348432,0.940766550522648,0.313588850174216,0.0,0.0,0.0,79.86,25.0,9.09,50.0,0.0,54.05,50.0,72.73,0.0928964242069769,0.0444610359619487,0.0,1.881533101045296,0.0497407296167247,0.940766550522648,3.1358885017421603,7.8397212543554,0.1448677693379791,19.44250871080139,RB/RCB,25,25,33,42,25,58,33,33,50,21,29,42,62,62,46,62,67,46,25,46,33,38,25,42,54,54,38,29,17,46,25,42,46,62,33,42,29,54,50,42,50,67,33,33,42,25,50,58,58,50,42,58,83,21,29,100,100,92,50,100,92,46,25,46,42,50,33,42,54,54,38,29,17,46,25,42,46,62,83,58,29,58,58,83,58,92,50,67,Danish Superliga
OB,dbl7ir1qugqz8nvp1vzn8im50,3ukx6q0q54uzz78gl7k10o2dw,M. Andersen,Magnus Andersen,20.0,Defender,Denmark,Defender,14.0,1.0,83.0,1.0,96.0,1.0,3.0,1.0,1.0,0.0,0.0,15.0,1.0,215.0,8.0,3.0,7.0,2.0,0.0,1.0,0.0,3.0,3.0,1.0,0.0,0.0,0.0,88.89,50.0,10.0,33.33,100.0,60.0,50.0,70.0,0.0766537295390986,0.3801510630893058,0.0,6.0,0.16802862,3.0,3.0,5.0,0.50064823,25.0,5.8604651162790695,0.4186046511627907,34.74418604651163,0.4186046511627907,40.18604651162791,0.4186046511627907,1.255813953488372,0.4186046511627907,0.4186046511627907,0.0,0.0,6.279069767441861,0.4186046511627907,3.3488372093023258,1.255813953488372,2.9302325581395348,0.8372093023255814,0.0,0.4186046511627907,0.0,1.255813953488372,1.255813953488372,0.4186046511627907,0.0,0.0,0.0,88.89,50.0,10.0,33.33,100.0,60.0,50.0,70.0,0.0320876077140412,0.1591330031536628,0.0,2.511627906976744,0.0703375618604651,1.255813953488372,1.255813953488372,2.0930232558139537,0.2095736776744186,10.465116279069768,CB,3,79,35,3,9,3,61,21,24,32,32,20,6,64,48,82,3,36,62,45,77,76,67,41,52,52,61,59,68,56,97,71,41,65,27,79,33,58,67,67,20,26,64,21,3,94,100,3,27,6,94,42,48,32,32,97,12,94,85,100,3,36,85,45,97,97,94,41,52,52,61,59,68,56,97,71,41,65,33,97,33,94,97,94,24,41,100,27,Danish Superliga
OB,dbl7ir1qugqz8nvp1vzn8im50,49m6v23y89mzt0tfccsamswoa,N. Ganaus,Noah Ganaus,25.0,Attacker,Germany,Striker,20.0,5.0,72.0,1.0,87.0,9.0,11.0,16.0,13.0,3.0,3.0,25.0,1.0,541.0,24.0,5.0,0.0,5.0,1.0,6.0,0.0,15.0,15.0,8.0,0.0,0.0,0.0,79.09,33.33,55.56,53.33,37.5,40.98,45.0,0.0,1.935195313257052,0.9535196153444758,4.0,10.0,0.33561351,1.0,2.0,7.0,0.40617928,22.0,3.3271719038817005,0.8317929759704251,11.977818853974124,0.166358595194085,14.473197781885398,1.497227356746765,1.829944547134936,2.6617375231053604,2.162661737523105,0.499075785582255,0.499075785582255,4.1589648798521255,0.166358595194085,3.992606284658041,0.8317929759704251,0.0,0.8317929759704251,0.166358595194085,0.99815157116451,0.0,2.4953789279112755,2.4953789279112755,1.3308687615526802,0.0,0.0,0.0,79.09,33.33,55.56,53.33,37.5,40.98,45.0,0.0,0.3219363737396205,0.1586261836987113,0.6654343807763401,1.6635859519408502,0.055832192051756,0.166358595194085,0.33271719038817,1.1645101663585953,0.0675714144177449,3.659889094269871,ST,76,98,100,46,98,66,100,90,88,66,80,82,66,84,56,14,64,46,72,52,96,94,92,32,48,50,80,44,100,64,52,44,48,14,84,96,78,96,92,36,38,68,80,76,36,96,84,36,64,36,88,56,64,48,64,28,60,40,20,14,40,32,48,52,84,80,84,32,48,50,80,44,100,64,52,44,48,14,64,84,56,88,64,28,16,64,76,32,Danish Superliga
OB,dbl7ir1qugqz8nvp1vzn8im50,4n002w0ii1wqwx8t5xc1bzf2s,J. Berthel Askou,Julius Berthel Askou,20.0,Defender,Denmark,Defender,182.0,1.0,155.0,18.0,336.0,13.0,4.0,2.0,2.0,0.0,0.0,29.0,3.0,483.0,6.0,6.0,5.0,37.0,0.0,0.0,1.0,1.0,1.0,1.0,0.0,0.0,0.0,90.57,48.65,50.0,100.0,0.0,55.77,59.09,55.56,0.3439001898556802,0.2502367500880215,0.0,3.0,0.05929272,2.0,15.0,25.0,0.5649211299999998,172.0,33.913043478260875,0.1863354037267081,28.881987577639755,3.354037267080745,62.60869565217392,2.4223602484472053,0.7453416149068324,0.3726708074534162,0.3726708074534162,0.0,0.0,5.403726708074535,0.5590062111801243,1.1180124223602486,1.1180124223602486,0.9316770186335404,6.8944099378882,0.0,0.0,0.1863354037267081,0.1863354037267081,0.1863354037267081,0.1863354037267081,0.0,0.0,0.0,90.57,48.65,50.0,100.0,0.0,55.77,59.09,55.56,0.0640807807184497,0.0466279658549108,0.0,0.5590062111801243,0.0110483329192546,0.3726708074534162,2.7950310559006213,4.658385093167702,0.1052648068322981,32.04968944099379,CB,55,79,85,67,70,79,74,39,45,32,32,82,23,48,82,56,61,36,24,95,48,47,67,41,52,52,70,52,92,92,24,42,64,36,61,67,33,38,36,56,56,79,67,70,45,76,91,67,70,73,76,36,39,32,32,79,21,42,76,61,88,36,24,97,52,48,70,41,52,52,70,52,92,92,24,42,64,36,58,67,33,36,36,55,55,70,70,70,Danish Superliga
OB,dbl7ir1qugqz8nvp1vzn8im50,8f1mw21tbkct0slelpdznf7dg,M. McCoy,Marcus McCoy,21.0,Defender,Denmark,Defender,131.0,3.0,131.0,8.0,259.0,9.0,1.0,5.0,3.0,2.0,2.0,35.0,3.0,603.0,7.0,8.0,8.0,23.0,0.0,0.0,0.0,11.0,11.0,4.0,0.0,0.0,0.0,84.36,30.77,18.75,36.36,0.0,53.03,52.94,57.14,0.3795876786346288,0.142382434815127,2.0,4.0,0.10997153,6.0,28.0,21.0,0.7761462299999998,106.0,19.55223880597015,0.4477611940298507,19.55223880597015,1.1940298507462686,38.656716417910445,1.343283582089552,0.1492537313432835,0.7462686567164178,0.4477611940298507,0.2985074626865671,0.2985074626865671,5.223880597014925,0.4477611940298507,1.044776119402985,1.1940298507462686,1.1940298507462686,3.432835820895522,0.0,0.0,0.0,1.6417910447761193,1.6417910447761193,0.5970149253731343,0.0,0.0,0.0,84.36,30.77,18.75,36.36,0.0,53.03,52.94,57.14,0.0566548774081535,0.0212511096738995,0.2985074626865671,0.5970149253731343,0.0164136611940298,0.8955223880597015,4.17910447761194,3.134328358208955,0.1158427208955223,15.82089552238806,RB/RCB,75,54,75,58,75,83,17,67,75,67,75,83,25,50,88,62,83,46,25,46,92,92,79,42,54,54,67,42,25,17,25,25,67,25,67,50,83,42,42,79,67,58,58,58,58,42,42,50,67,42,8,67,67,58,67,75,17,42,58,58,58,46,25,46,83,83,67,42,54,54,67,42,25,17,25,25,67,25,58,33,75,42,42,75,75,58,42,50,Danish Superliga
OB,dbl7ir1qugqz8nvp1vzn8im50,8qn89v5q0gjb5q5imnhu8ztyi,T. Keskinen,Topi Keskinen,23.0,Attacker,Finland,Striker,23.0,4.0,88.0,2.0,107.0,2.0,11.0,13.0,13.0,0.0,7.0,28.0,0.0,544.0,43.0,4.0,4.0,3.0,0.0,4.0,0.0,31.0,32.0,13.0,0.0,0.0,0.0,73.29,25.0,15.38,41.94,30.77,35.44,22.22,44.44,1.1193664690650142,1.0764399142812409,7.0,16.0,0.51355105,4.0,4.0,13.0,1.08679011,36.0,3.8051470588235294,0.6617647058823529,14.558823529411764,0.3308823529411764,17.702205882352942,0.3308823529411764,1.8198529411764703,2.150735294117647,2.150735294117647,0.0,1.1580882352941178,4.632352941176471,0.0,7.113970588235294,0.6617647058823529,0.6617647058823529,0.4963235294117647,0.0,0.6617647058823529,0.0,5.128676470588236,5.294117647058823,2.150735294117647,0.0,0.0,0.0,73.29,25.0,15.38,41.94,30.77,35.44,22.22,44.44,0.1851893055438442,0.1780874858185876,1.1580882352941178,2.647058823529412,0.0849624898897058,0.6617647058823529,0.6617647058823529,2.150735294117647,0.179799834375,5.955882352941177,LW,64,64,100,79,93,64,86,36,71,14,79,71,21,86,14,86,64,29,57,57,57,57,57,29,57,57,71,57,43,57,71,14,43,29,29,71,71,71,71,57,29,64,71,57,43,43,71,71,57,57,71,14,43,14,57,29,21,57,14,71,57,29,43,57,57,57,57,29,57,57,71,57,43,57,71,14,43,29,14,57,43,57,71,57,29,57,57,43,Danish Superliga
OB,dbl7ir1qugqz8nvp1vzn8im50,aulhjgm35swnx4k3rexbds8ut,U. Yttergård Jenssen,Ulrik Yttergård Jenssen,30.0,Defender,Norway,Defender,58.0,0.0,84.0,9.0,142.0,4.0,0.0,5.0,4.0,1.0,2.0,8.0,5.0,251.0,9.0,1.0,1.0,10.0,0.0,1.0,0.0,1.0,1.0,1.0,0.0,0.0,0.0,84.52,40.91,0.0,100.0,20.0,36.36,36.36,50.0,0.480034724954447,0.0,1.0,6.0,0.14304416,7.0,22.0,23.0,0.4625196299999999,75.0,20.796812749003983,0.0,30.1195219123506,3.227091633466136,50.91633466135458,1.4342629482071714,0.0,1.7928286852589643,1.4342629482071714,0.3585657370517928,0.7171314741035857,2.8685258964143427,1.7928286852589643,3.227091633466136,0.3585657370517928,0.3585657370517928,3.5856573705179287,0.0,0.3585657370517928,0.0,0.3585657370517928,0.3585657370517928,0.3585657370517928,0.0,0.0,0.0,84.52,40.91,0.0,100.0,20.0,36.36,36.36,50.0,0.1721240049637459,0.0,0.3585657370517928,2.1513944223107573,0.0512907346613545,2.50996015936255,7.888446215139442,8.247011952191235,0.1658436920318725,26.892430278884465,LB/LCB,40,10,60,57,53,47,13,73,83,53,87,13,50,70,13,13,30,47,70,47,23,17,47,30,53,53,73,73,10,90,67,13,47,33,80,13,53,50,40,73,80,77,27,60,53,10,93,80,93,80,13,100,100,67,93,27,87,100,13,20,60,47,87,47,47,33,60,30,53,53,73,73,10,90,67,13,47,33,100,13,67,87,60,100,93,93,53,93,Danish Superliga
OB,dbl7ir1qugqz8nvp1vzn8im50,b9etqcvi0eueu0bh49roth638,I. Ouédraogo,Ismahila Ouédraogo,26.0,Midfielder,Burkina Faso,Midfielder,127.0,0.0,210.0,17.0,337.0,0.0,1.0,2.0,0.0,2.0,1.0,23.0,9.0,585.0,0.0,6.0,8.0,12.0,0.0,0.0,0.0,2.0,2.0,1.0,0.0,0.0,0.0,88.92,50.0,0.0,50.0,0.0,53.49,0.0,50.0,0.1641758834051652,0.0841837133159364,1.0,9.0,0.18776978,6.0,34.0,30.0,0.5566606599999999,169.0,19.53846153846154,0.0,32.30769230769231,2.6153846153846154,51.84615384615385,0.0,0.1538461538461538,0.3076923076923077,0.0,0.3076923076923077,0.1538461538461538,3.5384615384615383,1.3846153846153846,0.0,0.9230769230769232,1.2307692307692308,1.8461538461538465,0.0,0.0,0.0,0.3076923076923077,0.3076923076923077,0.1538461538461538,0.0,0.0,0.0,88.92,50.0,0.0,50.0,0.0,53.49,0.0,50.0,0.0252578282161792,0.012951340510144,0.1538461538461538,1.3846153846153846,0.0288876584615384,0.9230769230769232,5.230769230769231,4.615384615384615,0.0856401015384615,26.0,DM/CM,70,28,96,91,89,6,11,35,22,48,56,46,63,9,54,61,70,35,17,48,26,26,39,30,52,52,85,56,28,65,17,63,6,31,30,19,41,76,74,81,85,89,74,89,56,28,93,81,85,6,11,30,22,44,41,26,52,9,48,48,63,35,17,48,19,19,26,30,52,52,85,56,28,65,17,63,6,31,22,19,37,67,63,81,89,85,59,89,Danish Superliga
OB,dbl7ir1qugqz8nvp1vzn8im50,bbripu6sojfgwvdahoparudey,A. Ahl-Holmström,Alexander Ahl-Holmström,27.0,Attacker,Sweden,Striker,7.0,0.0,13.0,0.0,20.0,13.0,2.0,9.0,6.0,3.0,1.0,18.0,0.0,184.0,11.0,5.0,0.0,4.0,0.0,4.0,0.0,1.0,1.0,0.0,1.0,0.0,0.0,54.05,0.0,0.0,0.0,44.44,60.0,72.22,0.0,1.0254674969543212,0.1503143945383852,2.0,0.0,0.0,0.0,2.0,2.0,0.0153422199999999,8.0,3.423913043478261,0.0,6.358695652173914,0.0,9.782608695652174,6.358695652173914,0.9782608695652176,4.402173913043479,2.9347826086956523,1.4673913043478262,0.4891304347826087,8.804347826086957,0.0,5.380434782608696,2.4456521739130435,0.0,1.956521739130435,0.0,1.956521739130435,0.0,0.4891304347826087,0.4891304347826087,0.0,0.4891304347826087,0.0,0.0,54.05,0.0,0.0,0.0,44.44,60.0,72.22,0.0,0.5015873626407006,0.0735233451546449,0.9782608695652176,0.0,0.0,0.0,0.9782608695652176,0.9782608695652176,0.0075043467391303,3.91304347826087,ST,8,40,8,18,8,80,28,42,50,66,38,48,28,26,56,14,54,16,62,52,12,12,8,80,48,50,4,18,40,8,72,96,96,14,56,28,54,4,4,14,38,32,8,14,40,40,20,18,24,100,44,96,80,92,60,96,28,64,84,14,88,16,96,52,12,12,8,96,48,50,4,18,40,8,72,96,96,14,88,48,80,4,4,14,60,40,8,36,Danish Superliga
OB,dbl7ir1qugqz8nvp1vzn8im50,bxamae8lo647u6k3kruigir8q,A. Sørensen,Adam Sørensen,25.0,Defender,Denmark,Defender,21.0,6.0,59.0,2.0,74.0,4.0,7.0,6.0,4.0,2.0,2.0,16.0,6.0,297.0,6.0,3.0,2.0,8.0,0.0,0.0,0.0,5.0,6.0,4.0,0.0,0.0,0.0,81.32,28.57,46.15,80.0,0.0,57.14,66.67,40.0,0.5591284756078682,0.8612132548305284,2.0,12.0,0.3787877,4.0,6.0,4.0,0.4871485499999999,23.0,6.363636363636364,1.8181818181818183,17.87878787878788,0.6060606060606061,22.424242424242426,1.2121212121212122,2.121212121212121,1.8181818181818183,1.2121212121212122,0.6060606060606061,0.6060606060606061,4.848484848484849,1.8181818181818183,1.8181818181818183,0.9090909090909092,0.6060606060606061,2.4242424242424243,0.0,0.0,0.0,1.5151515151515151,1.8181818181818183,1.2121212121212122,0.0,0.0,0.0,81.32,28.57,46.15,80.0,0.0,57.14,66.67,40.0,0.1694328713963236,0.2609737135850086,0.6060606060606061,3.6363636363636367,0.1147841515151515,1.2121212121212122,1.8181818181818183,1.2121212121212122,0.1476207727272727,6.96969696969697,CB,6,100,15,8,3,26,98,91,83,94,89,29,55,48,48,12,12,36,24,45,97,100,100,41,52,52,9,15,88,82,24,47,86,14,82,100,97,91,97,79,27,21,61,18,6,100,39,12,6,45,100,97,97,100,100,67,88,61,70,27,15,36,24,45,100,100,100,41,52,52,9,15,88,82,24,47,86,14,97,100,100,100,100,91,33,30,85,18,Danish Superliga
OB,dbl7ir1qugqz8nvp1vzn8im50,ev2s21ogvpjtata4fndi868ve,J. Gomez,James Gomez,24.0,Defender,Gambia,Defender,237.0,0.0,185.0,26.0,422.0,14.0,2.0,2.0,2.0,0.0,0.0,32.0,9.0,619.0,4.0,1.0,6.0,42.0,0.0,1.0,0.0,4.0,4.0,2.0,0.0,0.0,0.0,90.36,54.17,0.0,50.0,50.0,49.23,51.85,40.0,0.2581609276919209,0.1303011546683624,0.0,11.0,0.2230477,10.0,37.0,23.0,0.5991636399999997,266.0,34.458804523424874,0.0,26.89822294022617,3.7802907915993536,61.35702746365104,2.035541195476575,0.2907915993537964,0.2907915993537964,0.2907915993537964,0.0,0.0,4.652665589660743,1.308562197092084,0.5815831987075929,0.1453957996768982,0.8723747980613893,6.106623586429725,0.0,0.1453957996768982,0.0,0.5815831987075929,0.5815831987075929,0.2907915993537964,0.0,0.0,0.0,90.36,54.17,0.0,50.0,50.0,49.23,51.85,40.0,0.0375355145270967,0.0189452405818297,0.0,1.5993537964458804,0.0324301987075928,1.4539579967689822,5.379644588045234,3.344103392568659,0.0871158765751211,38.67528271405492,CB,73,33,94,88,85,86,48,39,45,32,32,88,76,30,9,70,82,36,62,45,86,85,91,41,52,52,67,76,33,70,83,27,48,14,45,48,33,86,76,100,88,71,70,91,48,33,85,70,67,67,42,27,30,32,32,61,55,21,6,48,70,36,58,45,76,76,85,41,52,52,67,76,33,70,83,27,48,14,42,39,33,76,70,97,82,61,42,85,Danish Superliga
OB,dbl7ir1qugqz8nvp1vzn8im50,rq6npjy37kolscu8lrj4r2dx,R. Falk,Rasmus Falk,34.0,Midfielder,Denmark,Midfielder,123.0,2.0,240.0,12.0,361.0,0.0,7.0,5.0,3.0,2.0,1.0,20.0,9.0,472.0,6.0,3.0,6.0,4.0,0.0,0.0,0.0,8.0,8.0,5.0,0.0,0.0,0.0,91.39,70.59,22.22,62.5,0.0,41.67,0.0,50.0,0.5642747046233216,0.6972897283468356,0.0,16.0,0.3657565499999999,11.0,49.0,55.0,1.3868812,211.0,23.45338983050848,0.3813559322033898,45.76271186440678,2.288135593220339,68.83474576271186,0.0,1.3347457627118644,0.9533898305084746,0.5720338983050848,0.3813559322033898,0.1906779661016949,3.8135593220338975,1.7161016949152543,1.1440677966101696,0.5720338983050848,1.1440677966101696,0.7627118644067796,0.0,0.0,0.0,1.5254237288135593,1.5254237288135593,0.9533898305084746,0.0,0.0,0.0,91.39,70.59,22.22,62.5,0.0,41.67,0.0,50.0,0.1075947530002096,0.1329577871847779,0.0,3.0508474576271185,0.0697417150423728,2.097457627118644,9.34322033898305,10.48728813559322,0.2644476864406779,40.233050847457626,CM/AM,100,50,96,93,100,4,33,15,20,28,13,37,98,17,17,61,37,20,7,52,57,54,65,30,50,52,100,96,50,80,7,28,7,35,22,43,7,65,52,78,98,100,91,100,96,48,100,96,100,4,30,9,17,22,9,30,100,13,17,65,35,20,7,52,57,52,65,30,50,52,100,96,50,80,7,28,7,35,26,43,7,57,43,91,100,100,96,100,Danish Superliga
Randers,9w3sjm5ml4sjr2v81oxzdrt8v,3cdo7b8vwb5kzeoaxzqm6esk4,S. Hansen,Sabil Hansen,20.0,Midfielder,Denmark,Midfielder,39.0,4.0,55.0,1.0,90.0,10.0,5.0,2.0,1.0,1.0,0.0,29.0,6.0,400.0,10.0,4.0,9.0,24.0,0.0,0.0,0.0,7.0,7.0,3.0,1.0,0.0,0.0,79.65,25.0,30.77,42.86,0.0,55.77,71.43,75.0,0.1130359166321413,0.5887436113417199,1.0,5.0,0.11805152,3.0,7.0,5.0,0.6300228099999998,37.0,8.775,0.8999999999999999,12.375,0.2249999999999999,20.25,2.25,1.125,0.4499999999999999,0.2249999999999999,0.2249999999999999,0.0,6.525,1.35,2.25,0.8999999999999999,2.025,5.4,0.0,0.0,0.0,1.575,1.575,0.6749999999999999,0.2249999999999999,0.0,0.0,79.65,25.0,30.77,42.86,0.0,55.77,71.43,75.0,0.0254330812422317,0.1324673125518869,0.2249999999999999,1.125,0.026561592,0.6749999999999999,1.575,1.125,0.1417551322499999,8.325,RM/RCM,50,50,25,17,33,100,33,17,17,17,17,67,100,17,25,83,100,42,17,58,17,17,25,83,58,58,50,25,50,67,17,67,100,83,17,33,17,17,17,25,50,17,33,33,50,58,17,17,17,100,33,17,17,17,17,67,100,17,33,67,100,42,17,58,17,17,17,83,58,58,50,25,50,67,17,67,100,83,17,50,17,17,17,17,17,17,50,17,Danish Superliga
Randers,9w3sjm5ml4sjr2v81oxzdrt8v,4o4vrnjw7c3g7j5aw5utyw1cl,K. Junker,Kasper Junker,32.0,Attacker,Denmark,Striker,13.0,0.0,20.0,1.0,33.0,9.0,2.0,4.0,3.0,1.0,1.0,23.0,2.0,297.0,8.0,11.0,2.0,7.0,1.0,2.0,0.0,2.0,2.0,1.0,1.0,0.0,0.0,70.21,50.0,0.0,50.0,50.0,43.4,30.0,100.0,0.4139708899754338,0.0966350891990827,1.0,3.0,0.07209629,2.0,2.0,2.0,0.0449592399999999,10.0,3.939393939393939,0.0,6.0606060606060606,0.303030303030303,10.0,2.7272727272727275,0.6060606060606061,1.2121212121212122,0.9090909090909092,0.303030303030303,0.303030303030303,6.96969696969697,0.6060606060606061,2.4242424242424243,3.333333333333333,0.6060606060606061,2.121212121212121,0.303030303030303,0.6060606060606061,0.0,0.6060606060606061,0.6060606060606061,0.303030303030303,0.303030303030303,0.0,0.0,70.21,50.0,0.0,50.0,50.0,43.4,30.0,100.0,0.1254457242349799,0.0292833603633583,0.303030303030303,0.9090909090909092,0.0218473606060606,0.6060606060606061,0.6060606060606061,0.6060606060606061,0.013624012121212,3.0303030303030303,ST,38,40,20,46,24,66,28,16,16,32,38,74,90,10,92,52,82,46,34,52,16,16,22,80,48,50,44,58,40,58,86,52,28,86,16,8,34,34,24,62,38,32,20,28,56,40,12,48,28,68,20,8,16,28,28,80,96,16,100,60,92,44,32,52,16,16,20,80,48,50,44,58,40,58,86,52,28,86,16,12,32,40,24,68,32,24,12,20,Danish Superliga
Randers,9w3sjm5ml4sjr2v81oxzdrt8v,4vfbiav52mg5s9vnx53f0nhuc,M. Themsen,Mike Themsen,20.0,Midfielder,Denmark,Midfielder,62.0,9.0,131.0,5.0,184.0,6.0,10.0,18.0,7.0,11.0,6.0,32.0,9.0,615.0,17.0,3.0,14.0,7.0,3.0,8.0,0.0,19.0,21.0,7.0,1.0,0.0,0.0,78.97,55.56,23.08,36.84,44.44,43.24,54.55,82.35,1.472044760058433,1.0113661153171856,11.0,26.0,0.7029359899999998,13.0,18.0,36.0,0.7635120399999998,94.0,9.073170731707318,1.3170731707317074,19.17073170731708,0.7317073170731707,26.92682926829269,0.8780487804878049,1.4634146341463414,2.6341463414634148,1.024390243902439,1.6097560975609757,0.8780487804878049,4.682926829268293,1.3170731707317074,2.4878048780487805,0.4390243902439024,2.048780487804878,1.024390243902439,0.4390243902439024,1.170731707317073,0.0,2.780487804878049,3.073170731707317,1.024390243902439,0.1463414634146341,0.0,0.0,78.97,55.56,23.08,36.84,44.44,43.24,54.55,82.35,0.215421184398795,0.1480047973634905,1.6097560975609757,3.804878048780488,0.1028686814634146,1.902439024390244,2.6341463414634148,5.2682926829268295,0.1117334692682926,13.75609756097561,CM/AM,52,87,65,48,57,78,52,93,80,96,91,78,98,57,17,100,72,96,96,52,83,83,83,72,50,52,30,78,57,39,91,48,74,96,87,78,100,89,91,91,57,83,57,61,30,83,39,30,39,65,39,74,43,96,83,57,91,39,13,96,61,87,91,52,83,83,74,65,50,52,30,78,57,39,91,48,74,96,65,48,96,74,78,74,35,70,35,48,Danish Superliga
Randers,9w3sjm5ml4sjr2v81oxzdrt8v,60z63hezwwosjnhvamcwxtre1,N. Dyhr,Nikolas Dyhr,25.0,Defender,Denmark,Defender,38.0,4.0,50.0,9.0,84.0,5.0,2.0,1.0,1.0,0.0,0.0,13.0,4.0,431.0,5.0,4.0,2.0,18.0,0.0,0.0,0.0,1.0,2.0,0.0,0.0,0.0,0.0,71.19,36.0,50.0,0.0,0.0,65.0,83.33,40.0,0.2024205911656446,0.2683975876545371,0.0,1.0,0.04647721,0.0,4.0,11.0,0.5586493099999998,38.0,7.935034802784223,0.8352668213457077,10.440835266821344,1.8793503480278424,17.54060324825986,1.0440835266821349,0.4176334106728538,0.2088167053364269,0.2088167053364269,0.0,0.0,2.71461716937355,0.8352668213457077,1.0440835266821349,0.8352668213457077,0.4176334106728538,3.758700696055685,0.0,0.0,0.0,0.2088167053364269,0.4176334106728538,0.0,0.0,0.0,0.0,71.19,36.0,50.0,0.0,0.0,65.0,83.33,40.0,0.0422688009394617,0.0560458999742652,0.0,0.2088167053364269,0.0097052178654292,0.0,0.8352668213457077,2.296983758700696,0.1166553083526681,7.935034802784223,LB/LCB,13,70,13,57,7,60,30,23,47,23,27,37,33,37,47,30,70,47,27,47,23,47,13,30,53,53,7,53,93,13,27,93,100,20,47,33,23,20,20,13,27,30,47,27,20,67,7,53,7,53,27,20,47,23,27,20,33,27,53,27,67,47,27,47,20,47,13,30,53,53,7,53,93,13,27,93,100,20,40,47,23,20,20,13,27,33,47,33,Danish Superliga
Randers,9w3sjm5ml4sjr2v81oxzdrt8v,6uj3c69lgu6boblkjiuhoy6eh,J. Björkengren,John Björkengren,27.0,Midfielder,Sweden,Midfielder,87.0,0.0,51.0,5.0,138.0,3.0,0.0,2.0,1.0,1.0,0.0,12.0,5.0,341.0,2.0,6.0,1.0,17.0,0.0,0.0,0.0,2.0,2.0,1.0,0.0,0.0,0.0,88.46,35.71,0.0,50.0,0.0,50.0,33.33,50.0,0.3062234164640114,0.0,0.0,4.0,0.07675743,1.0,8.0,6.0,0.15224156,48.0,22.96187683284457,0.0,13.460410557184751,1.3196480938416422,36.422287390029325,0.7917888563049854,0.0,0.5278592375366569,0.2639296187683284,0.2639296187683284,0.0,3.1671554252199416,1.3196480938416422,0.5278592375366569,1.5835777126099708,0.2639296187683284,4.486803519061584,0.0,0.0,0.0,0.5278592375366569,0.5278592375366569,0.2639296187683284,0.0,0.0,0.0,88.46,35.71,0.0,50.0,0.0,50.0,33.33,50.0,0.0808214295652816,0.0,0.0,1.0557184750733135,0.0202585592375366,0.2639296187683284,2.1114369501466275,1.5835777126099708,0.0401810568914956,12.668621700879768,DM/CM,44,28,26,28,30,39,4,35,59,31,20,7,44,24,54,6,85,35,17,48,26,26,39,30,52,52,78,22,28,65,17,54,33,31,52,4,17,31,22,24,19,9,4,30,74,28,30,37,52,48,4,44,70,41,20,15,48,30,67,4,96,35,17,48,33,33,41,30,52,52,78,22,28,65,17,54,33,31,74,4,17,63,48,26,26,7,11,37,Danish Superliga
Randers,9w3sjm5ml4sjr2v81oxzdrt8v,8cox96ikk1k4c24f0y5ef45x,W. Dammers,Wessel Dammers,31.0,Defender,Netherlands,Defender,187.0,0.0,96.0,23.0,283.0,12.0,0.0,3.0,3.0,0.0,2.0,18.0,8.0,450.0,7.0,4.0,0.0,38.0,0.0,0.0,0.0,2.0,2.0,1.0,0.0,0.0,0.0,88.16,48.94,0.0,50.0,0.0,60.0,66.67,0.0,0.3286777146362453,0.0,0.0,6.0,0.13093335,3.0,31.0,33.0,0.4863468799999997,192.0,37.4,0.0,19.2,4.6,56.6,2.4,0.0,0.6,0.6,0.0,0.4,3.6,1.6,1.4,0.8,0.0,7.6,0.0,0.0,0.0,0.4,0.4,0.2,0.0,0.0,0.0,88.16,48.94,0.0,50.0,0.0,60.0,66.67,0.0,0.065735542927249,0.0,0.0,1.2,0.02618667,0.6,6.2,6.6,0.0972693759999999,38.4,CB,58,33,55,82,55,68,8,55,68,32,89,41,70,56,62,3,67,36,24,45,67,67,67,41,52,52,45,55,33,70,24,71,86,3,58,15,33,58,58,67,85,86,58,76,55,33,48,82,58,70,8,58,73,32,88,36,76,58,52,3,91,36,24,45,70,70,73,41,52,52,45,55,33,70,24,71,86,3,61,15,33,64,67,70,97,100,58,82,Danish Superliga
Randers,9w3sjm5ml4sjr2v81oxzdrt8v,8domjmewnw5h6b19vef8w0afp,M. Greve,Mathias Greve,31.0,Midfielder,Denmark,Midfielder,57.0,1.0,100.0,4.0,156.0,11.0,3.0,2.0,2.0,0.0,1.0,29.0,4.0,517.0,8.0,5.0,8.0,14.0,0.0,1.0,0.0,1.0,1.0,1.0,0.0,0.0,0.0,79.59,40.0,25.0,100.0,50.0,49.15,73.33,66.67,0.2517554130487468,0.1289636868453312,0.0,6.0,0.18681453,2.0,11.0,11.0,0.24470925,66.0,9.922630560928432,0.1740812379110251,17.408123791102515,0.6963249516441006,27.15667311411992,1.9148936170212767,0.5222437137330754,0.3481624758220503,0.3481624758220503,0.0,0.1740812379110251,5.048355899419729,0.6963249516441006,1.3926499032882012,0.8704061895551257,1.3926499032882012,2.437137330754352,0.0,0.1740812379110251,0.0,0.1740812379110251,0.1740812379110251,0.1740812379110251,0.0,0.0,0.0,79.59,40.0,25.0,100.0,50.0,49.15,73.33,66.67,0.0438258939543273,0.022450158251605,0.0,1.0444874274661509,0.0325209046421663,0.3481624758220503,1.9148936170212767,1.9148936170212767,0.0425992891682785,11.48936170212766,DM/CM,26,65,56,19,44,93,37,35,80,11,56,59,33,76,43,61,80,35,44,48,13,13,39,30,52,52,33,31,76,98,83,44,96,74,44,26,17,69,70,48,35,31,26,41,11,59,52,11,33,85,30,33,81,11,48,56,19,74,44,63,78,35,41,48,15,15,33,30,52,52,33,31,76,98,83,44,96,74,41,26,17,59,67,41,19,19,15,30,Danish Superliga
Randers,9w3sjm5ml4sjr2v81oxzdrt8v,b2uznyb9b8fxsy57450mbmwru,M. Sankoh,Mohamed Sankoh,22.0,Attacker,Netherlands,Striker,24.0,0.0,24.0,3.0,48.0,9.0,2.0,7.0,4.0,3.0,1.0,17.0,0.0,262.0,12.0,3.0,0.0,2.0,2.0,3.0,0.0,4.0,4.0,2.0,0.0,0.0,0.0,82.76,75.0,0.0,50.0,42.86,45.95,52.94,0.0,0.8318878896478509,0.184449184199258,2.0,3.0,0.18681389,3.0,2.0,3.0,0.1568073699999999,14.0,8.244274809160306,0.0,8.244274809160306,1.0305343511450382,16.48854961832061,3.0916030534351147,0.6870229007633588,2.404580152671756,1.3740458015267176,1.0305343511450382,0.3435114503816794,5.8396946564885495,0.0,4.122137404580153,1.0305343511450382,0.0,0.6870229007633588,0.6870229007633588,1.0305343511450382,0.0,1.3740458015267176,1.3740458015267176,0.6870229007633588,0.0,0.0,0.0,82.76,75.0,0.0,50.0,42.86,45.95,52.94,0.0,0.2857630155278877,0.0633604067860046,0.6870229007633588,1.0305343511450382,0.0641727103053435,1.0305343511450382,0.6870229007633588,1.0305343511450382,0.0538651270992366,4.809160305343512,ST,92,40,32,84,62,66,28,32,34,66,38,38,28,32,28,14,26,74,50,52,36,32,40,32,48,50,100,80,40,58,68,76,64,14,40,36,54,34,64,86,38,46,56,50,100,40,48,88,84,76,28,52,36,80,48,52,28,44,40,14,28,88,52,52,52,52,60,32,48,50,100,80,40,58,68,76,64,14,52,40,60,48,76,96,40,52,68,60,Danish Superliga
Randers,9w3sjm5ml4sjr2v81oxzdrt8v,brsecgiiou4wcogoimzawyhp0,L. Pedersen,Laurits Pedersen,20.0,Midfielder,Denmark,Midfielder,102.0,0.0,101.0,6.0,203.0,5.0,7.0,0.0,0.0,0.0,0.0,30.0,14.0,557.0,3.0,2.0,10.0,29.0,0.0,0.0,0.0,1.0,1.0,1.0,2.0,0.0,0.0,83.2,50.0,0.0,100.0,0.0,54.55,62.5,45.45,0.0,0.4364405113491985,0.0,5.0,0.10059481,4.0,15.0,11.0,0.22811819,104.0,16.481149012567325,0.0,16.31956912028725,0.9694793536804308,32.80071813285458,0.8078994614003591,1.131059245960503,0.0,0.0,0.0,0.0,4.847396768402154,2.2621184919210053,0.4847396768402154,0.3231597845601436,1.615798922800718,4.685816876122082,0.0,0.0,0.0,0.1615798922800718,0.1615798922800718,0.1615798922800718,0.3231597845601436,0.0,0.0,83.2,50.0,0.0,100.0,0.0,54.55,62.5,45.45,0.0,0.0705200108104629,0.0,0.8078994614003591,0.0162540985637342,0.6463195691202872,2.423698384201077,1.77737881508079,0.0368593125673249,16.80430879712747,DM/CM,52,28,59,35,54,61,89,6,22,11,20,63,89,37,17,87,100,35,17,48,13,13,39,93,52,52,44,56,28,98,17,70,78,15,6,67,17,52,44,74,56,31,19,67,41,28,48,26,41,52,74,6,22,11,20,44,85,26,4,78,100,35,17,48,11,11,30,85,52,52,44,56,28,98,17,70,78,15,6,59,17,41,33,70,44,11,7,59,Danish Superliga
Randers,9w3sjm5ml4sjr2v81oxzdrt8v,cszc9gru0hty21nad6sqxyzqi,M. Sjølstad,Martin Sjølstad,26.0,Defender,Norway,Defender,35.0,1.0,67.0,2.0,101.0,3.0,4.0,2.0,2.0,0.0,1.0,22.0,6.0,472.0,15.0,4.0,5.0,9.0,0.0,0.0,0.0,10.0,12.0,6.0,1.0,0.0,0.0,75.94,40.0,11.11,60.0,0.0,50.0,37.5,55.56,0.1380085091901392,0.3125784312605699,0.0,11.0,0.32277217,8.0,3.0,7.0,0.3589482599999999,37.0,6.673728813559322,0.1906779661016949,12.77542372881356,0.3813559322033898,19.258474576271187,0.5720338983050848,0.7627118644067796,0.3813559322033898,0.3813559322033898,0.0,0.1906779661016949,4.194915254237288,1.1440677966101696,2.860169491525424,0.7627118644067796,0.9533898305084746,1.7161016949152543,0.0,0.0,0.0,1.9067796610169487,2.288135593220339,1.1440677966101696,0.1906779661016949,0.0,0.0,75.94,40.0,11.11,60.0,0.0,50.0,37.5,55.56,0.0263151818371028,0.0596018195200239,0.0,2.097457627118644,0.0615455408898305,1.5254237288135593,0.5720338983050848,1.3347457627118644,0.0684435241525423,7.055084745762712,LB/LCB,7,33,43,10,27,33,60,40,60,23,67,60,63,87,47,47,20,47,27,47,87,87,80,77,53,53,40,67,27,67,27,33,57,53,33,40,23,80,73,80,20,20,20,20,13,40,27,7,13,40,60,40,60,23,67,47,53,87,47,40,20,47,27,47,93,100,93,67,53,53,40,67,27,67,27,33,57,53,33,53,23,73,80,80,20,20,20,20,Danish Superliga
Randers,9w3sjm5ml4sjr2v81oxzdrt8v,d1j2a0az2datf1l2efdzne7vu,E. Mahmoud,Elies Mahmoud,25.0,Midfielder,France,Midfielder,72.0,2.0,158.0,9.0,228.0,1.0,11.0,14.0,9.0,5.0,5.0,63.0,3.0,583.0,24.0,13.0,21.0,7.0,2.0,5.0,0.0,29.0,29.0,17.0,0.0,0.0,0.0,79.72,50.0,10.53,58.62,35.71,58.88,20.0,65.62,0.9310410610527224,0.7976163099045571,5.0,29.0,0.7799365699999998,14.0,27.0,24.0,0.8363511100000002,107.0,11.11492281303602,0.3087478559176672,24.39108061749571,1.3893653516295026,35.19725557461406,0.1543739279588336,1.69811320754717,2.1612349914236706,1.3893653516295026,0.7718696397941681,0.7718696397941681,9.72555746140652,0.4631217838765008,3.704974271012007,2.006861063464837,3.241852487135506,1.0806174957118353,0.3087478559176672,0.7718696397941681,0.0,4.476843910806175,4.476843910806175,2.624356775300172,0.0,0.0,0.0,79.72,50.0,10.53,58.62,35.71,58.88,20.0,65.62,0.143728465685669,0.1231311627639968,0.7718696397941681,4.476843910806175,0.1204018718696397,2.1612349914236706,4.168096054888507,3.704974271012007,0.1291108060034305,16.518010291595196,RM/RCM,100,33,83,67,100,58,67,67,83,67,75,100,67,75,100,100,83,100,92,58,100,100,100,42,58,58,67,75,17,83,67,83,67,67,67,67,58,92,83,100,100,67,50,100,83,17,50,50,67,67,50,33,67,50,33,83,67,50,83,100,67,100,50,58,83,83,83,42,58,58,67,75,17,83,67,83,67,67,33,33,33,83,67,83,83,50,33,83,Danish Superliga
Randers,9w3sjm5ml4sjr2v81oxzdrt8v,effgiwtme6eu08o1ninlnqqqd,D. Høegh,Daniel Høegh,35.0,Defender,Denmark,Defender,179.0,0.0,146.0,29.0,325.0,13.0,1.0,1.0,1.0,0.0,0.0,29.0,12.0,630.0,5.0,6.0,7.0,56.0,0.0,0.0,0.0,0.0,0.0,0.0,0.0,0.0,0.0,87.84,54.72,0.0,0.0,0.0,59.18,52.0,70.0,0.0899268340189115,0.0812149112843605,0.0,3.0,0.06333723,1.0,20.0,18.0,0.4350537699999997,174.0,25.571428571428573,0.0,20.857142857142858,4.142857142857143,46.42857142857143,1.8571428571428568,0.1428571428571428,0.1428571428571428,0.1428571428571428,0.0,0.0,4.142857142857143,1.7142857142857142,0.7142857142857143,0.8571428571428571,1.0,8.0,0.0,0.0,0.0,0.0,0.0,0.0,0.0,0.0,0.0,87.84,54.72,0.0,0.0,0.0,59.18,52.0,70.0,0.0128466905741302,0.01160213018348,0.0,0.4285714285714285,0.0090481757142857,0.1428571428571428,2.857142857142857,2.571428571428572,0.0621505385714285,24.857142857142858,CB,52,33,79,92,62,79,29,21,24,32,32,82,95,42,82,82,100,36,24,45,20,18,24,41,52,52,42,79,33,24,24,61,52,65,33,39,33,38,42,44,74,59,45,73,30,33,58,77,35,64,17,17,20,32,32,48,83,27,58,70,94,36,24,45,20,18,24,41,52,52,42,79,33,24,24,61,52,65,30,33,33,33,33,41,58,47,33,55,Danish Superliga
Silkeborg,ahnt9ejgwj58ul8auzdvi3czf,1txj6px5loenmb9jayi95y1p0,W. Møller,William Møller,18.0,Defender,Denmark,Defender,197.0,1.0,66.0,6.0,262.0,3.0,0.0,0.0,0.0,0.0,0.0,13.0,3.0,485.0,0.0,2.0,7.0,25.0,0.0,0.0,0.0,1.0,2.0,1.0,0.0,0.0,0.0,88.51,31.58,100.0,100.0,0.0,59.09,37.5,100.0,0.0,0.0,0.0,0.0,0.0,0.0,0.0,0.0,0.0,0.0,36.55670103092783,0.1855670103092783,12.24742268041237,1.11340206185567,48.618556701030926,0.556701030927835,0.0,0.0,0.0,0.0,0.0,2.4123711340206184,0.556701030927835,0.0,0.3711340206185566,1.2989690721649485,4.639175257731958,0.0,0.0,0.0,0.1855670103092783,0.3711340206185566,0.1855670103092783,0.0,0.0,0.0,88.51,31.58,100.0,100.0,0.0,59.09,37.5,100.0,0.0,0.0,0.0,0.0,0.0,0.0,0.0,0.0,0.0,0.0,LB/LCB,93,33,33,30,87,33,13,10,20,23,27,37,20,7,27,57,90,47,27,47,23,47,47,30,53,53,93,33,100,90,27,73,57,97,10,13,23,10,10,13,10,10,10,10,100,33,20,27,80,33,13,10,20,23,27,7,13,7,20,53,93,47,27,47,7,40,33,30,53,53,93,33,100,90,27,73,57,97,10,13,23,10,10,13,10,10,10,10,Danish Superliga
Silkeborg,ahnt9ejgwj58ul8auzdvi3czf,3ylgelxr6ssp42hidfnchqp2i,K. Kirkegaard,Kristian Kirkegaard,28.0,Midfielder,Denmark,Midfielder,29.0,1.0,46.0,3.0,74.0,2.0,3.0,4.0,2.0,2.0,0.0,15.0,3.0,363.0,16.0,7.0,3.0,4.0,1.0,2.0,0.0,5.0,6.0,0.0,1.0,0.0,0.0,69.81,23.08,20.0,0.0,50.0,30.0,28.57,50.0,0.3061547267342617,0.2507383512168474,1.0,2.0,0.07600993,3.0,8.0,9.0,0.24048064,28.0,7.1900826446281,0.2479338842975206,11.40495867768595,0.7438016528925621,18.34710743801653,0.4958677685950413,0.7438016528925621,0.9917355371900828,0.4958677685950413,0.4958677685950413,0.0,3.71900826446281,0.7438016528925621,3.96694214876033,1.7355371900826446,0.7438016528925621,0.9917355371900828,0.2479338842975206,0.4958677685950413,0.0,1.2396694214876034,1.487603305785124,0.0,0.2479338842975206,0.0,0.0,69.81,23.08,20.0,0.0,50.0,30.0,28.57,50.0,0.0759061305952715,0.0621665333595489,0.2479338842975206,0.4958677685950413,0.0188454371900826,0.7438016528925621,1.983471074380165,2.231404958677686,0.0596232991735537,6.9421487603305785,CM/AM,13,33,13,30,13,22,15,9,11,28,4,15,50,52,61,24,37,52,33,52,28,37,7,72,50,52,4,9,37,7,98,9,26,35,9,17,20,7,9,20,22,15,4,9,26,35,9,35,9,30,17,13,13,30,4,22,65,70,78,35,57,57,43,52,26,48,7,78,50,52,4,9,37,7,98,9,26,35,13,17,22,4,13,22,17,17,4,4,Danish Superliga
Silkeborg,ahnt9ejgwj58ul8auzdvi3czf,5lz41celw55rz3zh8pohclw5w,O. Ross,Oliver Ross,21.0,Attacker,Denmark,Striker,37.0,0.0,70.0,5.0,107.0,4.0,6.0,13.0,10.0,3.0,3.0,21.0,0.0,405.0,25.0,9.0,2.0,7.0,2.0,7.0,0.0,9.0,11.0,5.0,1.0,0.0,0.0,78.68,83.33,0.0,55.56,53.85,48.84,36.36,66.67,1.3629121042393015,0.487962007276567,3.0,9.0,0.2585598699999999,2.0,11.0,13.0,0.4660427199999997,45.0,8.222222222222221,0.0,15.555555555555555,1.1111111111111112,23.77777777777778,0.8888888888888888,1.3333333333333333,2.888888888888889,2.2222222222222223,0.6666666666666666,0.6666666666666666,4.666666666666667,0.0,5.555555555555555,2.0,0.4444444444444444,1.5555555555555556,0.4444444444444444,1.5555555555555556,0.0,2.0,2.4444444444444446,1.1111111111111112,0.2222222222222222,0.0,0.0,78.68,83.33,0.0,55.56,53.85,48.84,36.36,66.67,0.3028693564976226,0.1084360016170148,0.6666666666666666,2.0,0.0574577488888888,0.4444444444444444,2.4444444444444446,2.888888888888889,0.1035650488888888,10.0,LW,100,14,57,100,93,100,36,36,36,29,14,43,21,29,57,43,100,86,100,57,14,14,21,64,57,57,100,100,14,86,100,86,71,79,71,29,21,36,43,36,100,64,14,86,100,14,86,100,100,100,29,57,57,43,14,43,21,29,71,43,100,86,100,57,14,14,14,71,57,57,100,100,14,86,100,86,71,79,57,29,14,14,29,29,86,86,14,86,Danish Superliga
Silkeborg,ahnt9ejgwj58ul8auzdvi3czf,6wrch4yhbs6utcc0doguj90q,M. Larsen,Mads Larsen,24.0,Midfielder,Denmark,Midfielder,236.0,0.0,169.0,13.0,405.0,4.0,7.0,1.0,1.0,0.0,0.0,32.0,15.0,630.0,2.0,7.0,11.0,18.0,0.0,0.0,1.0,6.0,6.0,3.0,0.0,0.0,0.0,91.63,61.9,0.0,50.0,0.0,65.31,50.0,61.11,0.0813288826382461,0.4463715237226907,0.0,15.0,0.31116735,7.0,36.0,26.0,0.6576225199999998,220.0,33.714285714285715,0.0,24.142857142857142,1.8571428571428568,57.85714285714285,0.5714285714285714,1.0,0.1428571428571428,0.1428571428571428,0.0,0.0,4.571428571428571,2.142857142857143,0.2857142857142857,1.0,1.5714285714285714,2.571428571428572,0.0,0.0,0.1428571428571428,0.8571428571428571,0.8571428571428571,0.4285714285714285,0.0,0.0,0.0,91.63,61.9,0.0,50.0,0.0,65.31,50.0,61.11,0.0116184118054637,0.0637673605318129,0.0,2.142857142857143,0.0444524785714285,1.0,5.142857142857143,3.7142857142857135,0.0939460742857142,31.428571428571427,DM/CM,100,28,89,67,100,54,89,19,59,11,20,70,93,24,67,94,89,35,17,98,70,67,76,30,52,52,96,81,28,65,17,96,57,61,15,70,17,96,89,89,91,85,85,96,96,28,85,57,96,30,63,13,46,11,20,37,78,19,52,70,81,35,17,96,48,48,67,30,52,52,96,81,28,65,17,96,57,61,15,52,17,85,81,85,85,63,67,93,Danish Superliga
Silkeborg,ahnt9ejgwj58ul8auzdvi3czf,7h39w16zvj1lbfb0rqr7kvt1x,J. Gammelby,Jens Gammelby,31.0,Defender,Denmark,Defender,68.0,0.0,83.0,5.0,151.0,5.0,4.0,7.0,6.0,1.0,3.0,15.0,2.0,611.0,15.0,2.0,4.0,23.0,0.0,2.0,0.0,4.0,4.0,2.0,0.0,0.0,0.0,79.47,33.33,0.0,50.0,28.57,57.69,62.5,66.67,0.5992121537882106,0.2495793371614872,1.0,9.0,0.25592425,4.0,3.0,6.0,0.2830674399999998,61.0,10.016366612111293,0.0,12.225859247135842,0.7364975450081833,22.24222585924713,0.7364975450081833,0.5891980360065466,1.0310965630114566,0.88379705400982,0.1472995090016366,0.44189852700491,2.20949263502455,0.2945990180032733,2.20949263502455,0.2945990180032733,0.5891980360065466,3.387888707037644,0.0,0.2945990180032733,0.0,0.5891980360065466,0.5891980360065466,0.2945990180032733,0.0,0.0,0.0,79.47,33.33,0.0,50.0,28.57,57.69,62.5,66.67,0.0882636560408166,0.0367629138208409,0.1472995090016366,1.32569558101473,0.0376975163666121,0.5891980360065466,0.44189852700491,0.88379705400982,0.0416956949263502,8.985270049099837,CB,9,33,35,18,15,33,74,94,94,74,98,20,12,85,26,39,44,36,85,45,86,85,91,41,52,52,6,23,33,70,67,52,73,58,88,64,79,76,88,79,20,33,30,30,9,33,18,15,3,15,64,85,85,70,91,3,6,76,21,21,24,36,82,45,79,79,88,41,52,52,6,23,33,70,67,52,73,58,76,58,70,70,73,67,18,24,30,21,Danish Superliga
Silkeborg,ahnt9ejgwj58ul8auzdvi3czf,7wiwi4mzr6ku2fremmsqs366s,W. Kirk,William Kirk,19.0,Midfielder,Denmark,Midfielder,52.0,1.0,42.0,2.0,93.0,3.0,3.0,7.0,5.0,2.0,0.0,17.0,4.0,447.0,12.0,2.0,8.0,8.0,1.0,3.0,0.0,5.0,5.0,1.0,1.0,0.0,0.0,73.23,20.0,100.0,20.0,42.86,40.48,25.0,72.73,0.6429867123854096,0.091635334546732,2.0,2.0,0.04282587,2.0,7.0,6.0,0.4173212699999999,42.0,10.46979865771812,0.2013422818791946,8.456375838926174,0.4026845637583892,18.7248322147651,0.6040268456375839,0.6040268456375839,1.4093959731543624,1.006711409395973,0.4026845637583892,0.0,3.4228187919463084,0.8053691275167785,2.416107382550336,0.4026845637583892,1.610738255033557,1.610738255033557,0.2013422818791946,0.6040268456375839,0.0,1.006711409395973,1.006711409395973,0.2013422818791946,0.2013422818791946,0.0,0.0,73.23,20.0,100.0,20.0,42.86,40.48,25.0,72.73,0.1294604118896797,0.0184500673584024,0.4026845637583892,0.4026845637583892,0.0086226583892617,0.4026845637583892,1.4093959731543624,1.2080536912751678,0.0840244167785234,8.456375838926174,DM/CM,19,65,15,7,19,39,37,87,89,48,20,26,33,89,17,61,44,80,94,48,56,54,39,72,52,52,11,4,100,28,74,11,19,89,89,22,59,13,11,48,13,9,48,15,15,70,4,4,4,33,41,81,89,48,20,22,30,85,19,74,41,81,89,48,56,52,37,78,52,52,11,4,100,28,74,11,19,89,89,22,59,11,11,44,4,4,52,11,Danish Superliga
Silkeborg,ahnt9ejgwj58ul8auzdvi3czf,8h3cyhuw5049gcxrsld3rw1ec,V. Westh,Villads Westh,22.0,Midfielder,Denmark,Midfielder,175.0,6.0,130.0,10.0,299.0,2.0,4.0,6.0,1.0,5.0,2.0,34.0,10.0,570.0,7.0,10.0,8.0,11.0,0.0,2.0,0.0,17.0,17.0,8.0,0.0,0.0,0.0,86.42,37.04,37.5,47.06,33.33,53.12,28.57,57.14,0.3352399534862499,0.4856209921702797,2.0,4.0,0.0997371,3.0,17.0,17.0,0.6095060500000001,122.0,27.63157894736842,0.9473684210526316,20.526315789473685,1.5789473684210529,47.21052631578947,0.3157894736842105,0.6315789473684211,0.9473684210526316,0.1578947368421052,0.7894736842105263,0.3157894736842105,5.368421052631579,1.5789473684210529,1.105263157894737,1.5789473684210529,1.2631578947368425,1.736842105263158,0.0,0.3157894736842105,0.0,2.6842105263157894,2.6842105263157894,1.2631578947368425,0.0,0.0,0.0,86.42,37.04,37.5,47.06,33.33,53.12,28.57,57.14,0.052932624234671,0.0766769987637283,0.3157894736842105,0.6315789473684211,0.0157479631578947,0.4736842105263158,2.6842105263157894,2.6842105263157894,0.096237797368421,19.26315789473684,DM/CM,93,96,70,54,81,19,56,74,59,87,80,80,67,70,81,61,63,35,74,48,93,93,94,30,52,52,67,26,87,52,61,59,28,48,56,78,59,31,37,65,63,52,81,74,85,89,70,48,70,11,48,67,52,78,74,67,67,67,63,52,52,35,63,48,93,93,93,30,52,52,67,26,87,52,61,59,28,48,48,70,52,22,26,52,52,44,70,74,Danish Superliga
Silkeborg,ahnt9ejgwj58ul8auzdvi3czf,9pv2ame21kaydllf78eo1nqc4,A. Priesborg,Alexander Priesborg,21.0,Defender,Denmark,Defender,165.0,0.0,65.0,14.0,230.0,4.0,1.0,4.0,2.0,2.0,0.0,37.0,9.0,585.0,2.0,8.0,14.0,51.0,0.0,1.0,0.0,6.0,6.0,4.0,0.0,0.0,0.0,79.86,31.11,0.0,66.67,25.0,67.27,36.36,66.67,0.3091534942359007,0.0,2.0,1.0,0.01685596,0.0,16.0,18.0,0.39100174,128.0,25.384615384615383,0.0,10.0,2.1538461538461537,35.38461538461539,0.6153846153846154,0.1538461538461538,0.6153846153846154,0.3076923076923077,0.3076923076923077,0.0,5.6923076923076925,1.3846153846153846,0.3076923076923077,1.2307692307692308,2.1538461538461537,7.846153846153846,0.0,0.1538461538461538,0.0,0.9230769230769232,0.9230769230769232,0.6153846153846154,0.0,0.0,0.0,79.86,31.11,0.0,66.67,25.0,67.27,36.36,66.67,0.0475620760362924,0.0,0.3076923076923077,0.1538461538461538,0.0025932246153846,0.0,2.4615384615384617,2.769230769230769,0.0601541138461538,19.692307692307693,RB/RCB,92,8,50,75,58,25,17,50,50,67,29,92,75,17,88,100,100,46,62,46,71,62,79,42,54,54,38,50,8,71,62,92,17,38,42,17,83,25,25,17,58,50,25,67,83,8,8,75,50,17,17,50,25,67,29,92,67,8,67,92,100,46,58,46,50,42,75,42,54,54,38,50,8,71,62,92,17,38,42,17,83,25,25,17,50,50,25,75,Danish Superliga
Silkeborg,ahnt9ejgwj58ul8auzdvi3czf,9zhmwx3g0m6xi2oh57g4z35nu,R. Østrøm,Robin Østrøm,24.0,Defender,Norway,Defender,322.0,0.0,51.0,7.0,373.0,8.0,1.0,0.0,0.0,0.0,0.0,17.0,8.0,630.0,1.0,2.0,4.0,41.0,0.0,0.0,0.0,0.0,0.0,0.0,0.0,0.0,0.0,93.72,38.89,0.0,0.0,0.0,50.0,42.11,57.14,0.0,0.0573287190181778,0.0,2.0,0.0399414,0.0,5.0,3.0,0.2649262300000001,221.0,46.0,0.0,7.285714285714286,1.0,53.285714285714285,1.1428571428571428,0.1428571428571428,0.0,0.0,0.0,0.0,2.4285714285714284,1.1428571428571428,0.1428571428571428,0.2857142857142857,0.5714285714285714,5.857142857142857,0.0,0.0,0.0,0.0,0.0,0.0,0.0,0.0,0.0,93.72,38.89,0.0,0.0,0.0,50.0,42.11,57.14,0.0,0.0081898170025968,0.0,0.2857142857142857,0.0057059142857142,0.0,0.7142857142857143,0.4285714285714285,0.0378466042857143,31.571428571428573,CB,92,33,9,24,73,50,29,8,9,32,32,35,70,12,26,39,79,36,24,45,20,18,24,41,52,52,88,30,33,24,24,30,24,41,12,30,33,29,30,20,24,18,24,85,79,33,3,21,55,39,17,8,9,32,32,6,45,12,15,15,67,36,24,45,20,18,24,41,52,52,88,30,33,24,24,30,24,41,12,30,33,27,30,20,21,18,21,67,Danish Superliga
Silkeborg,ahnt9ejgwj58ul8auzdvi3czf,btbcy3kby79fi3ulyi9is6j8,L. Riisgaard,Lucas Riisgaard,22.0,Attacker,Denmark,Striker,19.0,4.0,44.0,0.0,59.0,0.0,4.0,5.0,4.0,1.0,0.0,21.0,1.0,411.0,25.0,7.0,4.0,1.0,1.0,3.0,0.0,18.0,19.0,8.0,0.0,0.0,0.0,79.73,0.0,16.67,44.44,60.0,42.86,0.0,66.67,0.6398096678255436,0.4597335384707309,2.0,13.0,0.4214690199999999,7.0,1.0,3.0,0.72555006,20.0,4.160583941605839,0.8759124087591241,9.635036496350365,0.0,12.91970802919708,0.0,0.8759124087591241,1.094890510948905,0.8759124087591241,0.218978102189781,0.0,4.598540145985401,0.218978102189781,5.474452554744526,1.5328467153284673,0.8759124087591241,0.218978102189781,0.218978102189781,0.6569343065693432,0.0,3.9416058394160585,4.160583941605839,1.7518248175182485,0.0,0.0,0.0,79.73,0.0,16.67,44.44,60.0,42.86,0.0,66.67,0.1401043068231117,0.1006715777673133,0.437956204379562,2.8467153284671536,0.0922924861313868,1.5328467153284673,0.218978102189781,0.6569343065693432,0.1588795751824817,4.37956204379562,RW,80,70,60,40,60,20,40,60,60,70,20,80,80,80,80,90,90,70,80,60,100,100,100,40,60,60,40,40,40,90,100,60,20,60,60,40,60,80,80,100,60,90,100,100,60,80,20,40,20,20,40,40,20,60,20,100,80,40,60,80,80,80,60,60,100,100,100,40,60,60,40,40,40,90,100,60,20,60,40,40,60,40,60,100,40,60,60,40,Danish Superliga
Silkeborg,ahnt9ejgwj58ul8auzdvi3czf,ejv587h08dn1hgxhfgib3reqy,R. Al Hajj,Rami Al Hajj,24.0,Midfielder,Sweden,Midfielder,82.0,1.0,120.0,6.0,201.0,6.0,13.0,8.0,5.0,3.0,4.0,38.0,2.0,439.0,19.0,13.0,4.0,5.0,1.0,2.0,0.0,21.0,22.0,11.0,0.0,0.0,0.0,87.01,54.55,33.33,52.38,25.0,56.72,42.86,44.44,0.6696952090340031,0.9335597428034076,2.0,20.0,0.6214433699999998,6.0,17.0,15.0,0.90438566,103.0,16.810933940774486,0.20501138952164,24.60136674259681,1.2300683371298404,41.207289293849655,1.2300683371298404,2.665148063781321,1.6400911161731206,1.0250569476082003,0.6150341685649202,0.8200455580865603,7.790432801822322,0.4100227790432801,3.895216400911161,2.665148063781321,0.8200455580865603,1.0250569476082003,0.20501138952164,0.4100227790432801,0.0,4.305239179954442,4.5102505694760815,2.2551252847380407,0.0,0.0,0.0,87.01,54.55,33.33,52.38,25.0,56.72,42.86,44.44,0.1372951453600462,0.1913903800735915,0.4100227790432801,4.100227790432801,0.1274029687927106,1.2300683371298404,3.4851936218678814,3.075170842824601,0.1854093608200455,21.116173120728927,CM/AM,74,33,57,59,65,78,87,37,41,54,72,85,35,67,91,46,54,52,33,52,89,87,96,30,50,52,87,65,74,70,26,91,46,20,39,61,39,74,83,54,50,43,74,65,87,30,61,43,70,74,83,39,48,48,74,91,35,65,91,48,65,43,26,52,96,96,96,30,50,52,87,65,74,70,26,91,46,20,39,65,39,83,96,61,57,43,74,65,Danish Superliga
Sønderjyske,aljua8crr0vkwit0j3m59jw9j,26lyiy5yb1jbhfmrdjcikl0mi,J. Christensen,Jacob Christensen,25.0,Midfielder,Denmark,Midfielder,66.0,7.0,46.0,4.0,105.0,2.0,6.0,4.0,1.0,3.0,1.0,8.0,4.0,274.0,2.0,1.0,2.0,2.0,0.0,2.0,0.0,2.0,2.0,1.0,1.0,0.0,0.0,83.33,33.33,43.75,50.0,50.0,40.0,40.0,50.0,0.3593735896683636,0.7253413145536467,2.0,1.0,0.01689528,0.0,7.0,7.0,0.1933892599999998,46.0,21.67883211678832,2.2992700729927007,15.109489051094892,1.3138686131386863,34.48905109489051,0.6569343065693432,1.9708029197080288,1.3138686131386863,0.3284671532846716,0.9854014598540146,0.3284671532846716,2.6277372262773726,1.3138686131386863,0.6569343065693432,0.3284671532846716,0.6569343065693432,0.6569343065693432,0.0,0.6569343065693432,0.0,0.6569343065693432,0.6569343065693432,0.3284671532846716,0.3284671532846716,0.0,0.0,83.33,33.33,43.75,50.0,50.0,40.0,40.0,50.0,0.118042419964061,0.2382507967511978,0.6569343065693432,0.3284671532846716,0.0055495445255474,0.0,2.2992700729927007,2.2992700729927007,0.0635220197080291,15.109489051094892,DM/CM,33,100,19,19,22,19,74,52,59,63,56,4,33,24,4,13,7,35,74,48,26,26,39,72,52,52,48,19,93,65,83,7,41,31,67,100,59,6,4,7,13,17,7,26,67,100,41,33,44,41,100,78,78,89,78,4,44,41,7,15,15,35,96,48,41,41,52,89,52,52,48,19,93,65,83,7,41,31,81,100,85,7,7,7,37,41,33,44,Danish Superliga
Sønderjyske,aljua8crr0vkwit0j3m59jw9j,5ram2md0ezy9gq621zaa22fpw,A. Hoeg,Anders Hoeg,20.0,Midfielder,Denmark,Midfielder,27.0,3.0,25.0,1.0,49.0,3.0,4.0,0.0,0.0,0.0,0.0,13.0,2.0,186.0,0.0,4.0,4.0,2.0,0.0,0.0,0.0,3.0,3.0,1.0,1.0,0.0,0.0,79.03,25.0,37.5,33.33,0.0,48.15,75.0,80.0,0.0,0.4781309191899,0.0,5.0,0.12163528,1.0,5.0,4.0,0.43820043,23.0,13.064516129032256,1.4516129032258065,12.096774193548386,0.4838709677419354,23.70967741935484,1.4516129032258065,1.935483870967741,0.0,0.0,0.0,0.0,6.290322580645161,0.9677419354838708,0.0,1.935483870967741,1.935483870967741,0.9677419354838708,0.0,0.0,0.0,1.4516129032258065,1.4516129032258065,0.4838709677419354,0.4838709677419354,0.0,0.0,79.03,25.0,37.5,33.33,0.0,48.15,75.0,80.0,0.0,0.231353670575758,0.0,2.419354838709677,0.0588557806451612,0.4838709677419354,2.419354838709677,1.935483870967741,0.2120324661290322,11.129032258064514,DM/CM,4,83,4,4,4,39,56,6,22,11,20,11,7,9,37,20,7,35,17,48,41,41,39,72,52,52,26,11,87,39,17,41,100,100,6,74,17,52,63,24,4,4,56,6,30,93,19,7,19,81,96,6,22,11,20,81,37,9,85,89,26,35,17,48,78,78,70,93,52,52,26,11,87,39,17,41,100,100,6,96,17,96,93,59,41,22,93,22,Danish Superliga
Sønderjyske,aljua8crr0vkwit0j3m59jw9j,5t2a8rmxvvps3k6hw7zdpm68k,I. Seydi,Ismaïl Seydi,25.0,Attacker,France,Striker,7.0,1.0,37.0,0.0,43.0,2.0,7.0,5.0,4.0,1.0,1.0,14.0,0.0,298.0,21.0,4.0,3.0,0.0,0.0,1.0,0.0,9.0,11.0,4.0,1.0,0.0,0.0,81.13,0.0,50.0,44.44,20.0,43.75,40.0,75.0,0.8710892011121811,0.6265664287527779,1.0,6.0,0.2493734,1.0,0.0,2.0,0.4172973899999999,16.0,2.114093959731544,0.3020134228187919,11.174496644295305,0.0,12.986577181208055,0.6040268456375839,2.114093959731544,1.51006711409396,1.2080536912751678,0.3020134228187919,0.3020134228187919,4.228187919463087,0.0,6.342281879194632,1.2080536912751678,0.906040268456376,0.0,0.0,0.3020134228187919,0.0,2.718120805369128,3.322147651006712,1.2080536912751678,0.3020134228187919,0.0,0.0,81.13,0.0,50.0,44.44,20.0,43.75,40.0,75.0,0.2630806312083769,0.1892314717709732,0.3020134228187919,1.812080536912752,0.0753141140939597,0.3020134228187919,0.0,0.6040268456375839,0.1260294130872483,4.832214765100671,RW,20,40,40,40,40,80,70,60,60,70,50,60,30,60,50,60,40,30,30,60,60,60,70,90,60,60,60,40,100,90,20,80,40,80,80,80,40,20,40,30,20,40,60,60,20,40,60,40,40,100,80,60,60,80,40,60,30,100,40,100,40,30,20,60,80,80,80,100,60,60,60,40,100,90,20,80,40,80,100,80,40,20,20,40,20,40,40,60,Danish Superliga
Sønderjyske,aljua8crr0vkwit0j3m59jw9j,5x8064b3yr7txk0czddfjtffu,S. Emini,Sefer Emini,26.0,Midfielder,North Macedonia,Midfielder,62.0,3.0,85.0,13.0,144.0,0.0,6.0,6.0,0.0,6.0,1.0,16.0,8.0,486.0,4.0,2.0,6.0,6.0,0.0,1.0,0.0,7.0,7.0,4.0,1.0,0.0,0.0,70.24,31.71,23.08,57.14,16.67,55.17,0.0,60.0,0.3668175961837592,0.5670728732326639,5.0,5.0,0.10027108,1.0,22.0,22.0,1.2383301799999995,83.0,11.48148148148148,0.5555555555555555,15.74074074074074,2.4074074074074074,26.666666666666664,0.0,1.111111111111111,1.111111111111111,0.0,1.111111111111111,0.1851851851851851,2.962962962962963,1.4814814814814814,0.7407407407407407,0.3703703703703703,1.111111111111111,1.111111111111111,0.0,0.1851851851851851,0.0,1.2962962962962965,1.2962962962962965,0.7407407407407407,0.1851851851851851,0.0,0.0,70.24,31.71,23.08,57.14,16.67,55.17,0.0,60.0,0.0679291844784739,0.1050134950430859,0.9259259259259258,0.9259259259259258,0.0185687185185185,0.1851851851851851,4.0740740740740735,4.0740740740740735,0.2293204037037036,15.37037037037037,DM/CM,30,83,44,67,33,6,74,74,22,98,56,20,57,50,17,31,31,35,44,48,81,78,81,72,52,52,4,15,70,78,37,78,6,54,70,85,98,52,41,24,76,76,96,48,26,81,44,70,30,6,70,70,22,96,56,7,63,52,13,31,30,35,48,48,67,63,78,70,52,52,4,15,70,78,37,78,6,54,63,85,100,48,44,19,78,78,100,48,Danish Superliga
Sønderjyske,aljua8crr0vkwit0j3m59jw9j,637840asun7f3wo16c5zkhi50,M. Cherif,Mohamed Cherif,20.0,Midfielder,Guinea,Midfielder,56.0,0.0,68.0,7.0,124.0,15.0,4.0,16.0,13.0,3.0,2.0,52.0,4.0,589.0,20.0,11.0,7.0,6.0,3.0,7.0,0.0,18.0,21.0,11.0,0.0,0.0,0.0,77.5,50.0,0.0,61.11,43.75,49.52,50.0,46.67,1.4890969456067156,0.200653724108036,4.0,5.0,0.1085172,2.0,11.0,14.0,0.2123039199999999,44.0,8.556876061120544,0.0,10.390492359932088,1.069609507640068,18.94736842105264,2.292020373514432,0.6112054329371817,2.444821731748726,1.9864176570458405,0.4584040747028862,0.3056027164685908,7.945670628183362,0.6112054329371817,3.0560271646859083,1.6808149405772497,1.069609507640068,0.9168081494057724,0.4584040747028862,1.069609507640068,0.0,2.7504244482173177,3.208828522920204,1.6808149405772497,0.0,0.0,0.0,77.5,50.0,0.0,61.11,43.75,49.52,50.0,46.67,0.2275360358312468,0.0306601615784774,0.6112054329371817,0.7640067911714771,0.0165815755517826,0.3056027164685908,1.6808149405772497,2.139219015280136,0.0324403273344651,6.723259762308999,DM/CM,22,28,33,41,26,96,56,100,100,63,80,100,33,96,87,43,31,100,100,48,98,100,100,30,52,52,19,56,28,85,78,48,57,19,100,37,91,52,48,48,35,44,15,22,4,28,11,30,7,96,44,96,96,52,70,100,15,93,74,19,22,96,100,48,96,96,100,30,52,52,19,56,28,85,78,48,57,19,96,33,78,30,37,37,11,30,4,4,Danish Superliga
Sønderjyske,aljua8crr0vkwit0j3m59jw9j,6rd849oap6uh93wdwjk8590q1,M. Soulas,Maxime Soulas,27.0,Defender,France,Defender,169.0,1.0,95.0,17.0,263.0,20.0,6.0,5.0,3.0,2.0,0.0,43.0,12.0,630.0,17.0,3.0,9.0,46.0,0.0,1.0,0.0,5.0,5.0,1.0,1.0,0.0,0.0,85.95,54.84,50.0,20.0,20.0,51.19,54.05,47.37,0.4427042536225084,0.6352170723434861,0.0,7.0,0.14225519,4.0,16.0,18.0,0.7247278500000002,153.0,24.142857142857142,0.1428571428571428,13.571428571428571,2.4285714285714284,37.57142857142857,2.857142857142857,0.8571428571428571,0.7142857142857143,0.4285714285714285,0.2857142857142857,0.0,6.142857142857143,1.7142857142857142,2.4285714285714284,0.4285714285714285,1.2857142857142858,6.571428571428571,0.0,0.1428571428571428,0.0,0.7142857142857143,0.7142857142857143,0.1428571428571428,0.1428571428571428,0.0,0.0,85.95,54.84,50.0,20.0,20.0,51.19,54.05,47.37,0.0632434648032155,0.0907452960490694,0.0,1.0,0.02032217,0.5714285714285714,2.2857142857142856,2.571428571428572,0.10353255,21.857142857142858,CB,45,79,52,64,48,94,91,85,68,94,32,97,95,88,48,98,94,36,62,45,97,95,67,89,52,52,33,82,92,48,48,33,61,21,70,97,33,65,61,79,64,59,79,55,27,67,24,45,24,85,83,70,52,82,32,94,83,82,33,79,82,36,52,45,88,85,55,83,52,52,33,82,92,48,48,33,61,21,55,91,33,58,58,62,45,47,67,48,Danish Superliga
Sønderjyske,aljua8crr0vkwit0j3m59jw9j,7sbdudf1vycn8hinw0giakpyi,E. Duru,Ebube Duru,27.0,Defender,Nigeria,Defender,62.0,1.0,77.0,14.0,138.0,13.0,4.0,3.0,3.0,0.0,0.0,36.0,7.0,618.0,11.0,4.0,10.0,21.0,0.0,0.0,0.0,9.0,9.0,7.0,0.0,0.0,0.0,71.5,33.33,9.09,77.78,0.0,54.55,56.52,83.33,0.2970579202001051,0.3646366873201996,0.0,6.0,0.2128774,2.0,13.0,20.0,0.5133918,50.0,9.029126213592232,0.145631067961165,11.21359223300971,2.0388349514563107,20.09708737864078,1.8932038834951457,0.5825242718446603,0.4368932038834952,0.4368932038834952,0.0,0.0,5.242718446601942,1.019417475728155,1.6019417475728157,0.5825242718446603,1.4563106796116505,3.058252427184466,0.0,0.0,0.0,1.3106796116504855,1.3106796116504855,1.019417475728155,0.0,0.0,0.0,71.5,33.33,9.09,77.78,0.0,54.55,56.52,83.33,0.0432608621650638,0.053102430192262,0.0,0.8737864077669903,0.0310015631067961,0.2912621359223301,1.8932038834951457,2.912621359223301,0.0747657961165048,7.281553398058253,LB/LCB,47,33,53,80,40,100,60,57,70,23,27,87,77,80,47,80,80,47,27,47,80,80,90,30,53,53,13,40,20,73,27,47,87,80,67,67,23,50,60,37,63,60,33,43,27,27,13,60,20,93,40,53,67,23,27,73,47,53,33,60,53,47,27,47,73,73,80,30,53,53,13,40,20,73,27,47,87,80,47,27,23,33,47,27,40,40,27,27,Danish Superliga
Sønderjyske,aljua8crr0vkwit0j3m59jw9j,9ki0zmbky1zluxnz63008ozmy,M. Hoppe,Matthew Hoppe,25.0,Attacker,USA,Striker,22.0,0.0,24.0,4.0,46.0,3.0,2.0,5.0,5.0,0.0,2.0,8.0,0.0,290.0,7.0,3.0,0.0,2.0,0.0,2.0,0.0,6.0,8.0,2.0,0.0,0.0,0.0,82.14,100.0,0.0,33.33,40.0,27.59,60.0,0.0,0.3734308222593303,0.1507586845019008,0.0,7.0,0.19898275,3.0,4.0,2.0,0.17764643,17.0,6.827586206896552,0.0,7.448275862068965,1.2413793103448276,14.275862068965516,0.9310344827586208,0.6206896551724138,1.5517241379310345,1.5517241379310345,0.0,0.6206896551724138,2.4827586206896552,0.0,2.1724137931034484,0.9310344827586208,0.0,0.6206896551724138,0.0,0.6206896551724138,0.0,1.862068965517241,2.4827586206896552,0.6206896551724138,0.0,0.0,0.0,82.14,100.0,0.0,33.33,40.0,27.59,60.0,0.0,0.1158923241494473,0.0467871779488657,0.0,2.1724137931034484,0.0617532672413793,0.9310344827586208,1.2413793103448276,0.6206896551724138,0.0551316506896551,5.275862068965517,ST,84,40,32,92,54,28,28,28,44,14,62,6,28,4,28,14,26,16,34,52,68,70,40,32,48,50,96,92,40,34,56,4,80,14,12,32,12,86,68,86,68,32,64,56,92,40,32,100,60,28,24,24,52,14,76,8,28,12,28,14,24,16,36,52,64,76,40,32,48,50,96,92,40,34,56,4,80,14,4,24,12,96,72,92,84,28,72,72,Danish Superliga
Sønderjyske,aljua8crr0vkwit0j3m59jw9j,aa0mhubrs6jsmf19f5sost79w,D. Frimpong,David Frimpong,19.0,Attacker,Ghana,Striker,8.0,1.0,18.0,1.0,25.0,5.0,2.0,4.0,4.0,0.0,0.0,14.0,2.0,233.0,11.0,0.0,3.0,3.0,0.0,0.0,0.0,6.0,8.0,2.0,0.0,0.0,0.0,64.1,33.33,33.33,33.33,0.0,40.0,50.0,42.86,0.3105923391046959,0.111025468335407,0.0,3.0,0.08059468,2.0,3.0,4.0,0.08897189,12.0,3.0901287553648067,0.3862660944206008,6.952789699570815,0.3862660944206008,9.656652360515022,1.931330472103004,0.7725321888412017,1.5450643776824031,1.5450643776824031,0.0,0.0,5.407725321888412,0.7725321888412017,4.24892703862661,0.0,1.1587982832618025,1.1587982832618025,0.0,0.0,0.0,2.317596566523605,3.0901287553648067,0.7725321888412017,0.0,0.0,0.0,64.1,33.33,33.33,33.33,0.0,40.0,50.0,42.86,0.1199712897829297,0.0428853740351357,0.0,1.1587982832618025,0.0311309922746781,0.7725321888412017,1.1587982832618025,1.5450643776824031,0.0343668244635193,4.63519313304721,ST,16,84,16,46,16,34,28,16,34,14,12,20,90,26,4,68,42,16,6,52,68,70,40,32,48,50,16,44,94,34,6,32,60,32,8,16,12,34,32,62,60,52,40,40,28,88,28,60,16,44,36,20,48,14,12,36,100,48,4,80,64,16,6,52,80,84,68,32,48,50,16,44,94,34,6,32,60,32,12,20,12,64,48,84,80,68,56,52,Danish Superliga
Sønderjyske,aljua8crr0vkwit0j3m59jw9j,bocqh11yx20xyy11g8ej6z7x1,A. Munksgaard,Alexander Munksgaard,28.0,Defender,Denmark,Defender,24.0,4.0,41.0,2.0,61.0,5.0,3.0,1.0,1.0,0.0,0.0,15.0,5.0,269.0,3.0,5.0,2.0,5.0,1.0,1.0,0.0,1.0,1.0,1.0,0.0,0.0,0.0,79.22,40.0,26.67,100.0,100.0,71.43,0.0,40.0,0.0,0.0,0.0,0.0,0.0,0.0,0.0,0.0,0.0,0.0,8.029739776951672,1.338289962825279,13.717472118959108,0.6691449814126395,20.4089219330855,1.6728624535315986,1.003717472118959,0.3345724907063197,0.3345724907063197,0.0,0.0,5.018587360594795,1.6728624535315986,1.003717472118959,1.6728624535315986,0.6691449814126395,1.6728624535315986,0.3345724907063197,0.3345724907063197,0.0,0.3345724907063197,0.3345724907063197,0.3345724907063197,0.0,0.0,0.0,79.22,40.0,26.67,100.0,100.0,71.43,0.0,40.0,0.0,0.0,0.0,0.0,0.0,0.0,0.0,0.0,0.0,0.0,RB/RCB,8,71,8,25,8,58,50,21,25,21,29,25,50,29,67,17,8,96,62,46,17,17,25,42,54,54,17,67,50,92,100,100,8,8,17,17,29,12,12,17,12,12,12,12,8,100,25,25,8,75,75,17,33,21,29,58,75,33,92,8,25,92,83,46,17,17,42,42,54,54,17,67,50,92,100,100,8,8,17,17,29,12,12,17,12,12,12,12,Danish Superliga
Sønderjyske,aljua8crr0vkwit0j3m59jw9j,dd53d1radlkv7y24724vkol49,B. Bjarnason,Brynjar Ingi Bjarnason,26.0,Defender,Iceland,Defender,69.0,0.0,19.0,6.0,88.0,3.0,0.0,0.0,0.0,0.0,0.0,7.0,5.0,234.0,0.0,0.0,2.0,15.0,0.0,0.0,0.0,0.0,0.0,0.0,0.0,0.0,0.0,79.28,28.57,0.0,0.0,0.0,43.75,33.33,50.0,0.0,0.0,0.0,0.0,0.0,0.0,0.0,0.0,0.0,0.0,26.538461538461537,0.0,7.3076923076923075,2.3076923076923075,33.84615384615385,1.1538461538461535,0.0,0.0,0.0,0.0,0.0,2.692307692307692,1.923076923076923,0.0,0.0,0.7692307692307692,5.769230769230769,0.0,0.0,0.0,0.0,0.0,0.0,0.0,0.0,0.0,79.28,28.57,0.0,0.0,0.0,43.75,33.33,50.0,0.0,0.0,0.0,0.0,0.0,0.0,0.0,0.0,0.0,0.0,CB,12,33,3,21,6,17,8,8,9,32,32,3,47,6,3,12,27,36,24,45,20,18,24,41,52,52,3,15,33,24,24,6,12,27,12,15,33,11,11,20,9,9,9,9,33,33,6,39,12,42,8,8,9,32,32,15,91,6,3,36,64,36,24,45,20,18,24,41,52,52,3,15,33,24,24,6,12,27,12,15,33,11,11,20,9,9,9,9,Danish Superliga
Viborg,cftj6g399tknheudaxsdpfdgb,5f3wfx327z9hef9k9l37c90wl,J. Grønning,Jeppe Grønning,35.0,Midfielder,Denmark,Midfielder,146.0,0.0,143.0,10.0,289.0,5.0,1.0,1.0,0.0,1.0,0.0,36.0,16.0,630.0,4.0,14.0,10.0,19.0,0.0,1.0,0.0,0.0,0.0,0.0,0.0,0.0,0.0,86.01,40.0,0.0,0.0,100.0,46.15,55.56,55.56,0.0640050189636669,0.0081298355993734,1.0,6.0,0.12077624,2.0,17.0,22.0,0.4321847900000002,127.0,20.857142857142858,0.0,20.428571428571427,1.4285714285714286,41.285714285714285,0.7142857142857143,0.1428571428571428,0.1428571428571428,0.0,0.1428571428571428,0.0,5.142857142857143,2.2857142857142856,0.5714285714285714,2.0,1.4285714285714286,2.7142857142857144,0.0,0.1428571428571428,0.0,0.0,0.0,0.0,0.0,0.0,0.0,86.01,40.0,0.0,0.0,100.0,46.15,55.56,55.56,0.0091435741376666,0.0011614050856247,0.1428571428571428,0.8571428571428571,0.0172537485714285,0.2857142857142857,2.4285714285714284,3.142857142857143,0.0617406842857143,18.142857142857142,DM/CM,81,28,85,54,78,61,11,19,22,31,20,85,96,50,96,87,93,35,44,48,6,6,13,30,52,52,59,31,28,13,98,37,63,44,11,7,41,69,59,48,63,76,52,81,63,28,67,41,63,44,7,13,22,22,20,63,93,37,93,67,85,35,33,48,6,6,13,30,52,52,59,31,28,13,98,37,63,44,11,7,33,44,41,33,48,52,30,67,Danish Superliga
Viborg,cftj6g399tknheudaxsdpfdgb,6d8194j12jdzgqk5uwcemecr8,C. Nouck,Charly Nouck,22.0,Attacker,Denmark,Striker,9.0,8.0,69.0,1.0,70.0,0.0,13.0,17.0,13.0,4.0,5.0,30.0,1.0,563.0,37.0,10.0,2.0,0.0,2.0,3.0,0.0,34.0,36.0,14.0,1.0,0.0,0.0,71.43,33.33,28.57,41.18,17.65,37.04,0.0,33.33,2.10172135999637,1.2047276682701813,9.0,21.0,0.70043101,7.0,6.0,14.0,1.1137182,38.0,1.438721136767318,1.2788632326820604,11.030195381882772,0.1598579040852575,11.190053285968029,0.0,2.0781527531083483,2.717584369449378,2.0781527531083483,0.6394316163410302,0.7992895204262878,4.795737122557727,0.1598579040852575,5.914742451154529,1.5985790408525755,0.3197158081705151,0.0,0.3197158081705151,0.4795737122557726,0.0,5.435168738898756,5.754884547069272,2.238010657193606,0.1598579040852575,0.0,0.0,71.43,33.33,28.57,41.18,17.65,37.04,0.0,33.33,0.3359767715802367,0.1925852400431906,1.438721136767318,3.3570159857904085,0.11196943321492,1.119005328596803,0.9591474245115452,2.238010657193606,0.1780366571936057,6.074600355239787,LW,29,86,43,36,29,21,100,79,71,50,36,86,50,57,79,43,21,86,36,57,86,86,71,64,57,57,43,86,86,43,36,43,21,14,100,100,86,86,86,86,71,86,86,71,14,86,14,14,14,21,100,29,29,29,29,57,43,43,43,29,21,71,29,57,71,71,71,57,57,57,43,86,86,43,36,43,21,14,86,71,71,86,86,71,57,71,43,57,Danish Superliga
Viborg,cftj6g399tknheudaxsdpfdgb,6ja2xnbktah4mog04g3kmjgmh,Ž. Zaletel,Zan Zaletel,26.0,Defender,Slovenia,Defender,373.0,0.0,137.0,20.0,510.0,7.0,4.0,1.0,1.0,0.0,1.0,19.0,11.0,630.0,4.0,6.0,2.0,44.0,0.0,0.0,0.0,1.0,1.0,1.0,1.0,0.0,0.0,94.62,62.5,0.0,100.0,0.0,63.33,50.0,40.0,0.080529046445465,0.340749694988883,0.0,9.0,0.17871332,2.0,17.0,22.0,0.6700243199999999,334.0,53.285714285714285,0.0,19.571428571428573,2.857142857142857,72.85714285714286,1.0,0.5714285714285714,0.1428571428571428,0.1428571428571428,0.0,0.1428571428571428,2.7142857142857144,1.5714285714285714,0.5714285714285714,0.8571428571428571,0.2857142857142857,6.285714285714286,0.0,0.0,0.0,0.1428571428571428,0.1428571428571428,0.1428571428571428,0.1428571428571428,0.0,0.0,94.62,62.5,0.0,100.0,0.0,63.33,50.0,40.0,0.0115041494922092,0.0486785278555547,0.0,1.2857142857142858,0.0255304742857142,0.2857142857142857,2.4285714285714284,3.142857142857143,0.0957177599999999,47.71428571428572,CB,100,33,76,71,100,42,74,21,24,32,73,48,86,30,82,12,88,36,24,45,48,47,67,89,52,52,94,91,33,92,24,91,41,14,30,73,33,76,70,56,67,67,73,98,94,33,55,55,91,32,58,17,20,32,68,18,71,18,58,8,76,36,24,45,42,39,55,83,52,52,94,91,33,92,24,91,41,14,27,70,33,67,64,48,52,58,55,92,Danish Superliga
Viborg,cftj6g399tknheudaxsdpfdgb,9w4k8gszipnfq1cgws1sllv6c,Dorian Junior,Dorian Junior Hanza Meha,25.0,Attacker,Equatorial Guinea,Striker,20.0,0.0,42.0,0.0,62.0,8.0,8.0,15.0,13.0,2.0,1.0,20.0,2.0,576.0,30.0,6.0,3.0,9.0,2.0,7.0,0.0,4.0,4.0,3.0,1.0,0.0,0.0,72.94,0.0,0.0,75.0,46.67,35.71,38.1,100.0,1.946143004167392,0.5850592219763637,1.0,3.0,0.06317351,0.0,6.0,7.0,0.1894201799999998,21.0,3.125,0.0,6.5625,0.0,9.6875,1.25,1.25,2.34375,2.03125,0.3125,0.15625,3.125,0.3125,4.6875,0.9375,0.46875,1.40625,0.3125,1.09375,0.0,0.625,0.625,0.46875,0.15625,0.0,0.0,72.94,0.0,0.0,75.0,46.67,35.71,38.1,100.0,0.3040848444011549,0.0914155034338068,0.15625,0.46875,0.0098708609375,0.0,0.9375,1.09375,0.0295969031249999,3.28125,ST,76,40,76,18,72,50,86,82,88,46,38,64,90,88,74,68,94,74,84,52,36,32,60,80,48,50,56,18,40,84,78,16,40,86,88,72,34,34,16,14,82,68,68,68,32,40,24,18,20,32,52,44,56,32,24,16,68,60,32,52,72,48,60,52,24,20,32,64,48,50,56,18,40,84,78,16,40,86,60,56,24,16,8,14,56,56,44,24,Danish Superliga
Viborg,cftj6g399tknheudaxsdpfdgb,acp1ba2irpv5wfmxke7ucmaga,O. Bundgaard,Oliver Bundgaard,25.0,Defender,Denmark,Defender,117.0,11.0,105.0,8.0,211.0,3.0,12.0,9.0,5.0,4.0,1.0,44.0,4.0,608.0,20.0,12.0,12.0,17.0,0.0,3.0,0.0,12.0,13.0,7.0,2.0,0.0,0.0,75.9,25.0,32.35,58.33,33.33,62.86,50.0,54.55,0.7360316254392143,1.4210032821711396,3.0,14.0,0.37728815,9.0,25.0,29.0,1.5329082399999998,95.0,17.31907894736842,1.6282894736842106,15.542763157894736,1.1842105263157894,31.23355263157895,0.4440789473684211,1.7763157894736843,1.332236842105263,0.7401315789473685,0.5921052631578947,0.1480263157894736,6.5131578947368425,0.5921052631578947,2.960526315789474,1.7763157894736843,1.7763157894736843,2.5164473684210527,0.0,0.4440789473684211,0.0,1.7763157894736843,1.924342105263158,1.0361842105263157,0.2960526315789473,0.0,0.0,75.9,25.0,32.35,58.33,33.33,62.86,50.0,54.55,0.1089520498183047,0.2103458805845436,0.4440789473684211,2.0723684210526314,0.0558485748355263,1.332236842105263,3.700657894736842,4.292763157894737,0.2269107592105262,14.0625,LB/LCB,73,100,73,47,67,33,100,100,93,93,67,93,33,100,100,87,60,47,100,47,93,93,90,100,53,53,33,20,73,53,87,80,73,47,100,100,83,100,100,87,87,90,100,73,33,80,47,33,40,27,93,87,80,80,53,93,20,93,87,80,40,47,93,47,80,87,87,87,53,53,33,20,73,53,87,80,73,47,87,93,73,67,73,67,73,67,87,53,Danish Superliga
Viborg,cftj6g399tknheudaxsdpfdgb,dyzzo6n83rg4fpvmqqa69moes,A. Beck,Asker Beck,23.0,Midfielder,Denmark,Midfielder,74.0,0.0,75.0,5.0,149.0,7.0,7.0,10.0,9.0,1.0,4.0,31.0,2.0,486.0,22.0,2.0,6.0,3.0,2.0,3.0,0.0,18.0,18.0,8.0,0.0,0.0,0.0,80.11,50.0,0.0,44.44,30.0,54.39,58.33,42.86,1.1474262259494814,0.5277943760480385,0.0,13.0,0.5743857799999998,9.0,10.0,21.0,0.5069014999999999,66.0,13.703703703703702,0.0,13.888888888888888,0.9259259259259258,27.59259259259259,1.2962962962962965,1.2962962962962965,1.851851851851852,1.6666666666666663,0.1851851851851851,0.7407407407407407,5.7407407407407405,0.3703703703703703,4.0740740740740735,0.3703703703703703,1.111111111111111,0.5555555555555555,0.3703703703703703,0.5555555555555555,0.0,3.333333333333333,3.333333333333333,1.4814814814814814,0.0,0.0,0.0,80.11,50.0,0.0,44.44,30.0,54.39,58.33,42.86,0.2124863381387928,0.0977396992681552,0.0,2.4074074074074074,0.106367737037037,1.6666666666666663,1.851851851851852,3.888888888888889,0.0938706481481481,12.22222222222222,DM/CM,37,28,41,28,41,78,89,94,96,31,96,67,7,100,17,31,17,94,94,48,98,96,94,30,52,52,41,56,28,48,56,67,70,11,93,81,17,91,96,96,28,67,67,41,37,28,37,22,37,78,85,93,93,30,96,70,4,96,13,31,7,93,85,48,100,100,96,30,52,52,41,56,28,48,56,67,70,11,93,81,17,93,96,96,15,74,63,33,Danish Superliga
Viborg,cftj6g399tknheudaxsdpfdgb,ekx0wotp433tuaw4g93nybjmc,S. Jalal,Sami Jalal,22.0,Midfielder,Denmark,Midfielder,34.0,4.0,100.0,1.0,130.0,8.0,10.0,10.0,7.0,3.0,3.0,43.0,4.0,485.0,22.0,18.0,4.0,5.0,0.0,2.0,0.0,21.0,23.0,8.0,0.0,0.0,0.0,88.44,25.0,100.0,38.1,20.0,50.0,66.67,40.0,1.2156318577573657,1.032677370293558,3.0,27.0,0.7762411599999999,12.0,10.0,14.0,1.41027363,51.0,6.309278350515464,0.7422680412371133,18.55670103092784,0.1855670103092783,24.123711340206185,1.4845360824742266,1.855670103092784,1.855670103092784,1.2989690721649485,0.556701030927835,0.556701030927835,7.979381443298968,0.7422680412371133,4.082474226804123,3.34020618556701,0.7422680412371133,0.9278350515463916,0.0,0.3711340206185566,0.0,3.896907216494845,4.268041237113402,1.4845360824742266,0.0,0.0,0.0,88.44,25.0,100.0,38.1,20.0,50.0,66.67,40.0,0.2255811694807482,0.1916308522194231,0.556701030927835,5.010309278350515,0.1440447513402061,2.22680412371134,1.855670103092784,2.597938144329897,0.2617002612371134,9.463917525773196,CM/AM,26,72,39,7,35,91,52,57,80,54,54,96,67,87,96,46,54,20,33,52,89,91,87,30,50,52,91,13,100,43,22,67,96,13,70,83,61,96,96,83,30,37,96,26,17,74,35,4,17,87,65,52,70,43,57,96,61,74,96,30,43,20,22,52,91,91,91,30,50,52,91,13,100,43,22,67,96,13,74,70,48,100,100,96,13,26,91,17,Danish Superliga
Viborg,cftj6g399tknheudaxsdpfdgb,wnin2353js3p5rh4d7e2ymwa,M. Søndergaard,Mads Søndergaard,23.0,Midfielder,Denmark,Midfielder,43.0,0.0,38.0,8.0,81.0,8.0,3.0,10.0,8.0,2.0,5.0,15.0,3.0,338.0,17.0,2.0,1.0,8.0,2.0,2.0,1.0,5.0,5.0,1.0,2.0,0.0,0.0,71.05,57.14,0.0,20.0,20.0,41.67,57.14,25.0,1.1879820521172897,0.2556230534290857,1.0,3.0,0.0829799599999999,1.0,12.0,14.0,0.3012791999999998,43.0,11.449704142011834,0.0,10.118343195266272,2.1301775147929,21.568047337278102,2.1301775147929,0.7988165680473372,2.662721893491124,2.1301775147929,0.5325443786982249,1.331360946745562,3.994082840236687,0.7988165680473372,4.526627218934912,0.5325443786982249,0.2662721893491124,2.1301775147929,0.5325443786982249,0.5325443786982249,0.2662721893491124,1.331360946745562,1.331360946745562,0.2662721893491124,0.5325443786982249,0.0,0.0,71.05,57.14,0.0,20.0,20.0,41.67,57.14,25.0,0.3163265819247221,0.0680653100846677,0.2662721893491124,0.7988165680473372,0.0220952556213017,0.2662721893491124,3.195266272189349,3.727810650887574,0.080222272189349,11.449704142011834,DM/CM,15,28,11,46,11,83,37,94,93,48,100,15,19,93,17,6,44,94,74,98,56,54,39,93,52,52,7,72,28,28,46,19,67,4,96,44,41,20,26,24,43,44,30,19,22,28,7,63,15,89,52,100,100,59,100,33,26,100,30,7,70,100,81,100,70,67,44,96,52,52,7,72,28,28,46,19,67,4,100,56,48,33,52,30,63,67,48,26,Danish Superliga
Viborg,cftj6g399tknheudaxsdpfdgb,xyt0wq20toh97811t65vu4no,L. Kirkegaard,Lukas Kirkegaard,21.0,Defender,Denmark,Defender,322.0,0.0,179.0,42.0,501.0,12.0,4.0,4.0,3.0,1.0,0.0,20.0,0.0,629.0,8.0,3.0,3.0,47.0,0.0,1.0,0.0,1.0,1.0,1.0,0.0,0.0,0.0,90.6,57.53,0.0,100.0,25.0,62.5,66.67,75.0,0.428573007894496,0.2231663646503615,0.0,8.0,0.15542969,0.0,40.0,36.0,0.7087243600000004,171.0,46.0731319554849,0.0,25.6120826709062,6.009538950715421,71.6852146263911,1.7170111287758347,0.5723370429252782,0.5723370429252782,0.4292527821939587,0.1430842607313195,0.0,2.861685214626391,0.0,1.1446740858505564,0.4292527821939587,0.4292527821939587,6.724960254372019,0.0,0.1430842607313195,0.0,0.1430842607313195,0.1430842607313195,0.1430842607313195,0.0,0.0,0.0,90.6,57.53,0.0,100.0,25.0,62.5,66.67,75.0,0.0613220520039819,0.031931594306093,0.0,1.1446740858505564,0.0222395422893481,0.0,5.723370429252782,5.151033386327504,0.1014073011128776,24.467408585055644,CB,92,33,91,100,97,68,74,70,68,74,32,58,3,64,48,26,97,36,62,45,48,47,67,41,52,52,73,85,33,92,59,85,86,80,67,61,33,70,64,20,92,94,76,65,82,33,79,100,88,58,61,52,55,67,32,21,3,52,36,12,85,36,55,45,45,42,61,41,52,52,73,85,33,92,59,85,86,80,52,48,33,61,61,20,88,82,61,52,Danish Superliga
