Team,contestantId,playerId,Short Name,Player Name,Age,Position_x,Nationality,Position_y,total accurate back zone pass_Total,total accurate fwd zone pass_Total,total accurate pass_Total,total aerial won_Total,total duels won_Total,total mins played,total was fouled_Total,total accurate cross_Total,total accurate long balls_Total,total att assist_Total,total attempt_Total,total attempts ibox_Total,total attempts obox_Total,total blocked scoring att_Total,total contest_Total,total dribbles attempted_Total,total effective clearance_Total,total goals_Total,total interception_Total,total ontarget attempt_Total,total touches in opposition box_Total,total won tackle_Total,total won contest_Total,total direct setpiece goals_Total,total assists_Total,total big chances saved_Total,pass_success_pct_Total,long_balls_success_pct_Total,cross_success_pct_Total,dribble_success_pct_Total,attempt_success_pct_Total,duel_success_pct_Total,aerial_success_pct_Total,tackle_success_pct_Total,xG_Total,xA_Total,CreatedOwnShot_Total,Total Carries_Total,Total Carry xT_Total,Total Final Third Carries_Total,passes_into_final_third_Total,progressive_passes_Total,xT_pass_Total,forward_passes_Total,total accurate back zone pass_p90,total accurate fwd zone pass_p90,total accurate pass_p90,total aerial won_p90,total duels won_p90,total was fouled_p90,total accurate cross_p90,total accurate long balls_p90,total att assist_p90,total attempt_p90,total attempts ibox_p90,total attempts obox_p90,total blocked scoring att_p90,total contest_p90,total dribbles attempted_p90,total effective clearance_p90,total goals_p90,total interception_p90,total ontarget attempt_p90,total touches in opposition box_p90,total won tackle_p90,total won contest_p90,total direct setpiece goals_p90,total assists_p90,total big chances saved_p90,pass_success_pct_p90,long_balls_success_pct_p90,cross_success_pct_p90,dribble_success_pct_p90,attempt_success_pct_p90,duel_success_pct_p90,aerial_success_pct_p90,tackle_success_pct_p90,xG_p90,xA_p90,CreatedOwnShot_p90,Total Carries_p90,Total Carry xT_p90,Total Final Third Carries_p90,passes_into_final_third_p90,progressive_passes_p90,xT_pass_p90,forward_passes_p90,Pos.,total accurate back zone pass_TotalPR,total accurate fwd zone pass_TotalPR,total accurate pass_TotalPR,total aerial won_TotalPR,total duels won_TotalPR,total was fouled_TotalPR,total accurate cross_TotalPR,total accurate long balls_TotalPR,total att assist_TotalPR,total attempt_TotalPR,total attempts ibox_TotalPR,total attempts obox_TotalPR,total blocked scoring att_TotalPR,total contest_TotalPR,total dribbles attempted_TotalPR,total effective clearance_TotalPR,total goals_TotalPR,total interception_TotalPR,total ontarget attempt_TotalPR,total touches in opposition box_TotalPR,total won tackle_TotalPR,total won contest_TotalPR,total direct setpiece goals_TotalPR,total assists_TotalPR,total big chances saved_TotalPR,pass_success_pct_TotalPR,long_balls_success_pct_TotalPR,cross_success_pct_TotalPR,dribble_success_pct_TotalPR,attempt_success_pct_TotalPR,duel_success_pct_TotalPR,aerial_success_pct_TotalPR,tackle_success_pct_TotalPR,xG_TotalPR,xA_TotalPR,CreatedOwnShot_TotalPR,Total Carries_TotalPR,Total Carry xT_TotalPR,Total Final Third Carries_TotalPR,passes_into_final_third_TotalPR,progressive_passes_TotalPR,xT_pass_TotalPR,forward_passes_TotalPR,total accurate back zone pass_p90PR,total accurate fwd zone pass_p90PR,total accurate pass_p90PR,total aerial won_p90PR,total duels won_p90PR,total was fouled_p90PR,total accurate cross_p90PR,total accurate long balls_p90PR,total att assist_p90PR,total attempt_p90PR,total attempts ibox_p90PR,total attempts obox_p90PR,total blocked scoring att_p90PR,total contest_p90PR,total dribbles attempted_p90PR,total effective clearance_p90PR,total goals_p90PR,total interception_p90PR,total ontarget attempt_p90PR,total touches in opposition box_p90PR,total won tackle_p90PR,total won contest_p90PR,total direct setpiece goals_p90PR,total assists_p90PR,total big chances saved_p90PR,pass_success_pct_p90PR,long_balls_success_pct_p90PR,cross_success_pct_p90PR,dribble_success_pct_p90PR,attempt_success_pct_p90PR,duel_success_pct_p90PR,aerial_success_pct_p90PR,tackle_success_pct_p90PR,xG_p90PR,xA_p90PR,CreatedOwnShot_p90PR,Total Carries_p90PR,Total Carry xT_p90PR,Total Final Third Carries_p90PR,passes_into_final_third_p90PR,progressive_passes_p90PR,xT_pass_p90PR,forward_passes_p90PR,League
AB,1uovb0izovmuzdhoq7eyk3ou3,1x74ueydb3hpmz8tkzblt68oa,Gabriel Noga,Gabriel Rodrigues Noga,24.0,Defender,Brazil,Defender,130.0,67.0,197.0,15.0,24.0,357.0,5.0,0.0,19.0,0.0,6.0,6.0,0.0,1.0,0.0,0.0,17.0,0.0,10.0,1.0,6.0,2.0,0.0,0.0,0.0,1.0,84.91,50.0,0.0,0.0,16.67,57.14,60.0,50.0,0.6940986366310916,0.0,0.0,0.0,0.0,0.0,10.0,18.0,0.3282720899999998,133.0,32.77310924369748,16.89075630252101,49.66386554621849,3.7815126050420167,6.050420168067227,1.2605042016806722,0.0,4.7899159663865545,0.0,1.512605042016807,1.512605042016807,0.0,0.2521008403361344,0.0,0.0,4.285714285714286,0.0,2.5210084033613445,0.2521008403361344,1.512605042016807,0.5042016806722689,0.0,0.0,0.0,0.2521008403361344,84.91,50.0,0.0,0.0,16.67,57.14,60.0,50.0,0.1749828495708634,0.0,0.0,0.0,0.0,0.0,2.5210084033613445,4.53781512605042,0.0827576697478991,33.529411764705884,CB,43,24,36,58,47,72,36,69,14,69,82,28,64,15,15,38,38,65,46,49,21,25,51,39,85,53,74,36,25,29,36,54,28,75,17,26,14,14,19,44,49,28,50,56,39,56,83,81,89,36,86,14,92,100,28,75,15,15,39,38,94,56,61,25,25,51,39,97,53,74,36,25,29,36,54,28,94,17,26,14,14,19,44,64,39,83,Danish 2nd Tier
AB,1uovb0izovmuzdhoq7eyk3ou3,33sxiwcjeqcop3ukuok86ujmd,M. Dal Hende,Marc Dal Hende,35.0,Defender,Denmark,Defender,84.0,83.0,167.0,13.0,18.0,360.0,1.0,0.0,18.0,2.0,0.0,0.0,0.0,0.0,0.0,0.0,23.0,0.0,8.0,0.0,3.0,1.0,0.0,0.0,0.0,0.0,78.04,39.13,0.0,0.0,0.0,56.25,61.9,25.0,0.0,0.2654687160091378,0.0,1.0,0.06442595,0.0,23.0,25.0,0.55566947,105.0,21.0,20.75,41.75,3.25,4.5,0.25,0.0,4.5,0.5,0.0,0.0,0.0,0.0,0.0,0.0,5.75,0.0,2.0,0.0,0.75,0.25,0.0,0.0,0.0,0.0,78.04,39.13,0.0,0.0,0.0,56.25,61.9,25.0,0.0,0.0663671790022844,0.0,0.25,0.0161064875,0.0,5.75,6.25,0.1389173675,26.25,CB,17,42,28,53,31,17,36,64,53,6,6,28,24,15,15,51,38,56,12,18,8,25,51,39,38,11,39,36,25,12,31,58,8,10,64,26,35,50,19,57,57,53,42,31,61,33,75,49,19,36,81,64,6,6,28,24,15,15,64,38,81,12,28,10,25,51,39,38,11,39,36,25,12,31,58,8,10,81,26,36,61,19,86,86,75,56,Danish 2nd Tier
AB,1uovb0izovmuzdhoq7eyk3ou3,4m23g10w898skztiwfiedqcd0,M. Vesterholm,Marco Vesterholm,27.0,Midfielder,Denmark,Midfielder,93.0,166.0,256.0,7.0,42.0,484.0,17.0,3.0,19.0,10.0,3.0,0.0,3.0,1.0,4.0,4.0,3.0,0.0,5.0,0.0,6.0,9.0,2.0,0.0,0.0,0.0,77.58,45.24,21.43,50.0,0.0,56.76,50.0,56.25,0.1589381023361624,0.7648574770156216,3.0,15.0,0.34651244,7.0,36.0,42.0,1.16033167,149.0,17.293388429752063,30.86776859504132,47.603305785123965,1.3016528925619837,7.8099173553719,3.161157024793388,0.5578512396694214,3.5330578512396693,1.8595041322314048,0.5578512396694214,0.0,0.5578512396694214,0.1859504132231405,0.743801652892562,0.743801652892562,0.5578512396694214,0.0,0.9297520661157024,0.0,1.1157024793388428,1.6735537190082643,0.371900826446281,0.0,0.0,0.0,77.58,45.24,21.43,50.0,0.0,56.76,50.0,56.25,0.0295546058063111,0.1422255639078635,0.5578512396694214,2.789256198347107,0.0644341314049586,1.3016528925619837,6.694214876033057,7.8099173553719,0.2157641535123966,27.706611570247933,CM/AM,81,81,81,83,90,96,60,96,69,13,8,50,27,31,31,37,19,75,8,15,90,35,48,31,50,23,42,50,54,8,81,81,42,12,65,65,67,65,63,88,88,85,88,92,96,96,69,100,100,58,96,73,8,8,46,23,23,23,23,19,65,8,19,96,27,48,31,50,23,42,50,54,8,81,81,42,12,62,69,81,65,73,92,92,88,96,Danish 2nd Tier
AB,1uovb0izovmuzdhoq7eyk3ou3,4po6qfkmrc30lep6z6ka5db10,M. Rasmussen,Milan Rasmussen,23.0,Attacker,Denmark,Striker,29.0,90.0,117.0,3.0,23.0,679.0,4.0,2.0,2.0,4.0,23.0,14.0,9.0,2.0,26.0,27.0,1.0,4.0,0.0,12.0,25.0,3.0,12.0,0.0,0.0,0.0,70.48,40.0,33.33,46.15,52.17,39.66,30.0,75.0,2.368418141699453,0.3302683728139017,9.0,15.0,0.34083595,2.0,11.0,16.0,0.4857533399999998,49.0,3.8438880706921945,11.929307805596466,15.508100147275403,0.3976435935198822,3.0486008836524303,0.5301914580265096,0.2650957290132548,0.2650957290132548,0.5301914580265096,3.0486008836524303,1.855670103092784,1.1929307805596463,0.2650957290132548,3.4462444771723124,3.57879234167894,0.1325478645066274,0.5301914580265096,0.0,1.5905743740795288,3.313696612665685,0.3976435935198822,1.5905743740795288,0.0,0.0,0.0,70.48,40.0,33.33,46.15,52.17,39.66,30.0,75.0,0.3139287669410173,0.0437763675305613,1.1929307805596463,1.988217967599411,0.0451770773195876,0.2650957290132548,1.4580265095729013,2.1207658321060383,0.0643855678939616,6.494845360824742,ST,74,86,81,29,55,38,78,50,31,86,76,93,40,100,100,21,97,21,95,53,64,97,50,31,52,31,34,86,59,93,41,21,52,86,48,95,97,86,47,83,81,66,79,45,69,59,10,24,10,76,31,17,66,59,69,28,93,93,17,86,21,83,31,38,93,50,31,52,31,34,86,59,93,41,21,52,76,28,76,79,55,38,62,62,55,62,Danish 2nd Tier
AB,1uovb0izovmuzdhoq7eyk3ou3,4z0ebjgc0s506zay6ekwf5gmi,A. Liu,Aidan Liu,26.0,Defender,USA,Defender,221.0,76.0,297.0,43.0,57.0,572.0,5.0,0.0,28.0,0.0,7.0,7.0,0.0,1.0,0.0,0.0,43.0,0.0,8.0,0.0,13.0,9.0,0.0,0.0,0.0,1.0,82.73,50.0,0.0,0.0,0.0,73.08,76.79,100.0,1.0289215269993643,0.0,0.0,3.0,0.05249403,1.0,24.0,30.0,0.5405846299999998,178.0,34.77272727272727,11.958041958041958,46.73076923076923,6.765734265734266,8.968531468531468,0.7867132867132868,0.0,4.405594405594406,0.0,1.1013986013986017,1.1013986013986017,0.0,0.1573426573426573,0.0,0.0,6.765734265734266,0.0,1.2587412587412588,0.0,2.0454545454545454,1.4160839160839165,0.0,0.0,0.0,0.1573426573426573,82.73,50.0,0.0,0.0,0.0,73.08,76.79,100.0,0.1618932472551447,0.0,0.0,0.472027972027972,0.0082595501748251,0.1573426573426573,3.776223776223776,4.720279720279721,0.0850570222027971,28.00699300699301,CB,69,36,64,97,97,72,36,83,14,79,89,28,64,15,15,83,38,56,12,81,90,25,51,39,85,31,74,36,25,12,97,97,96,89,17,26,50,47,43,62,61,50,68,67,19,42,100,100,69,36,78,14,69,92,28,64,15,15,75,38,33,12,75,86,25,51,39,89,31,74,36,25,12,97,97,96,92,17,26,47,42,44,58,72,44,67,Danish 2nd Tier
AB,1uovb0izovmuzdhoq7eyk3ou3,5crdnyx54gw8u104sjprb7das,N. Engell,Noah Engell Christensen,22.0,Attacker,Denmark,Striker,20.0,85.0,101.0,7.0,20.0,332.0,6.0,4.0,7.0,8.0,5.0,2.0,3.0,0.0,11.0,12.0,2.0,1.0,0.0,2.0,9.0,3.0,4.0,1.0,0.0,0.0,70.63,70.0,33.33,36.36,40.0,43.48,43.75,100.0,0.5145121268691168,0.765656117966165,1.0,11.0,0.30816946,8.0,11.0,20.0,0.5700728399999999,50.0,5.421686746987952,23.0421686746988,27.379518072289155,1.897590361445783,5.421686746987952,1.6265060240963851,1.0843373493975903,1.897590361445783,2.1686746987951806,1.355421686746988,0.5421686746987951,0.8132530120481927,0.0,2.9819277108433733,3.2530120481927707,0.5421686746987951,0.2710843373493976,0.0,0.5421686746987951,2.439759036144578,0.8132530120481927,1.0843373493975903,0.2710843373493976,0.0,0.0,70.63,70.0,33.33,36.36,40.0,43.48,43.75,100.0,0.1394761789705437,0.20755738137637,0.2710843373493976,2.9819277108433733,0.0835399138554216,2.1686746987951806,2.9819277108433733,5.421686746987952,0.1545378180722891,13.55421686746988,ST,43,81,69,59,52,60,86,86,81,12,9,50,9,74,72,36,52,21,28,16,64,67,100,31,52,34,86,86,41,62,66,69,88,17,79,22,83,76,97,83,90,69,84,66,93,83,62,62,72,93,90,93,14,10,48,9,90,90,41,66,21,31,10,76,79,100,31,52,34,86,86,41,62,66,69,88,24,93,24,100,97,100,90,97,83,90,Danish 2nd Tier
AB,1uovb0izovmuzdhoq7eyk3ou3,6hms8o682fsh33l3hp4qo39ey,C. Grening,Casper Dirch Hagel Grening,25.0,Attacker,Denmark,Striker,13.0,44.0,57.0,3.0,5.0,320.0,1.0,0.0,7.0,2.0,3.0,3.0,0.0,1.0,7.0,9.0,2.0,1.0,2.0,2.0,15.0,0.0,1.0,0.0,0.0,0.0,64.04,46.67,0.0,14.29,66.67,17.86,30.0,0.0,0.283521103097421,0.1986214942347018,0.0,9.0,0.24614381,5.0,4.0,8.0,0.1585993399999999,18.0,3.65625,12.375,16.03125,0.84375,1.40625,0.28125,0.0,1.96875,0.5625,0.84375,0.84375,0.0,0.28125,1.96875,2.53125,0.5625,0.28125,0.5625,0.5625,4.21875,0.0,0.28125,0.0,0.0,0.0,64.04,46.67,0.0,14.29,66.67,17.86,30.0,0.0,0.0797403102461496,0.0558622952535098,0.0,2.53125,0.0692279465625,1.40625,1.125,2.25,0.0446060643749999,5.0625,LW,14,14,29,71,14,14,21,86,21,14,14,14,21,29,43,64,43,64,29,14,29,21,43,36,57,14,57,21,14,100,14,57,29,14,29,14,29,14,57,29,14,14,14,14,29,29,71,14,14,21,100,29,14,14,14,29,43,57,71,43,71,43,14,29,14,43,36,57,14,57,21,14,100,14,57,29,14,29,14,14,14,57,57,43,14,29,Danish 2nd Tier
AB,1uovb0izovmuzdhoq7eyk3ou3,7pdl6jqfaq1x1trdi5k30wsus,O. Mullings,O'Vonte Mullings,25.0,Attacker,Canada,Striker,25.0,100.0,124.0,3.0,38.0,720.0,15.0,1.0,3.0,13.0,7.0,7.0,0.0,3.0,17.0,19.0,8.0,0.0,5.0,3.0,30.0,5.0,9.0,0.0,3.0,0.0,82.12,50.0,11.11,52.94,42.86,52.05,33.33,45.45,0.7206026457792871,1.2158801465048374,1.0,20.0,0.6649791899999999,5.0,14.0,23.0,1.33209152,52.0,3.125,12.5,15.5,0.375,4.75,1.875,0.125,0.375,1.625,0.875,0.875,0.0,0.375,2.125,2.375,1.0,0.0,0.625,0.375,3.75,0.625,1.125,0.0,0.375,0.0,82.12,50.0,11.11,52.94,42.86,52.05,33.33,45.45,0.0900753307224108,0.1519850183131046,0.125,2.5,0.0831223987499999,0.625,1.75,2.875,0.16651144,6.5,RW,33,67,67,67,100,100,33,33,100,67,100,33,83,100,100,67,33,100,100,100,100,67,67,100,67,67,33,33,33,67,67,67,33,100,100,67,100,100,83,100,100,100,100,33,33,33,67,67,100,33,33,67,33,67,33,67,67,67,33,33,67,33,67,67,67,67,100,67,67,33,33,33,67,67,67,33,67,67,33,33,67,67,33,33,67,33,Danish 2nd Tier
AB,1uovb0izovmuzdhoq7eyk3ou3,7zr3gif60ntltgt3s5yi6qjca,T. Sousa,Travian Sousa,24.0,Defender,USA,Defender,55.0,76.0,122.0,5.0,12.0,369.0,3.0,9.0,6.0,7.0,1.0,1.0,0.0,0.0,3.0,4.0,13.0,0.0,3.0,0.0,5.0,3.0,1.0,0.0,0.0,1.0,73.94,25.0,26.47,33.33,0.0,50.0,45.45,100.0,0.1382376104674028,0.7651467978750071,0.0,3.0,0.06902893,4.0,12.0,22.0,0.85244219,68.0,13.414634146341465,18.53658536585366,29.75609756097561,1.2195121951219514,2.926829268292684,0.7317073170731708,2.1951219512195124,1.4634146341463417,1.707317073170732,0.2439024390243902,0.2439024390243902,0.0,0.0,0.7317073170731708,0.9756097560975612,3.1707317073170733,0.0,0.7317073170731708,0.0,1.2195121951219514,0.7317073170731708,0.2439024390243902,0.0,0.0,0.2439024390243902,73.94,25.0,26.47,33.33,0.0,50.0,45.45,100.0,0.0337164903579031,0.1866211702134163,0.0,0.7317073170731708,0.0168363243902439,0.9756097560975612,2.926829268292684,5.365853658536586,0.2079127292682927,16.585365853658537,LB/LCB,27,27,27,50,9,27,64,36,55,32,50,27,23,45,45,45,45,41,27,32,18,41,55,27,91,18,55,27,68,27,36,55,100,64,64,23,36,36,45,45,45,45,45,55,45,45,64,18,36,100,64,73,36,64,27,23,55,55,73,45,64,27,45,27,45,55,27,100,18,55,27,68,27,36,55,100,64,73,23,36,36,55,64,73,82,73,Danish 2nd Tier
AB,1uovb0izovmuzdhoq7eyk3ou3,8gma3ufrjv0hj0k2nulcbodn8,S. Diop,Saliou Diop,21.0,Attacker,Senegal,Striker,9.0,33.0,42.0,3.0,24.0,242.0,3.0,0.0,2.0,3.0,9.0,5.0,4.0,2.0,21.0,22.0,1.0,0.0,0.0,2.0,19.0,4.0,13.0,0.0,0.0,0.0,73.68,66.67,0.0,61.9,22.22,44.44,20.0,80.0,0.7228024802489443,0.1822293805278287,5.0,6.0,0.2062051699999999,3.0,3.0,6.0,0.19573636,12.0,3.3471074380165287,12.272727272727272,15.6198347107438,1.1157024793388428,8.925619834710742,1.1157024793388428,0.0,0.743801652892562,1.1157024793388428,3.3471074380165287,1.8595041322314048,1.487603305785124,0.743801652892562,7.8099173553719,8.181818181818182,0.371900826446281,0.0,0.0,0.743801652892562,7.066115702479339,1.487603305785124,4.8347107438016526,0.0,0.0,0.0,73.68,66.67,0.0,61.9,22.22,44.44,20.0,80.0,0.2688108397620041,0.0677712572210933,1.8595041322314048,2.2314049586776856,0.0766878731404958,1.1157024793388428,1.1157024793388428,2.2314049586776856,0.0727945140495867,4.462809917355371,ST,17,28,21,29,60,22,33,50,16,31,29,60,40,97,97,21,17,21,28,41,81,100,50,31,52,52,76,33,90,34,69,12,60,34,24,72,48,45,62,28,52,45,21,28,72,66,48,97,45,33,76,48,79,62,93,69,100,100,24,17,21,52,90,95,100,50,31,52,52,76,33,90,34,69,12,60,59,48,100,83,90,83,52,66,62,48,Danish 2nd Tier
AB,1uovb0izovmuzdhoq7eyk3ou3,8ii8snymcafyrv1x9srwkrtka,S. Ilsøe,Søren Ulrik Ilsøe,26.0,Midfielder,Denmark,Midfielder,96.0,172.0,262.0,13.0,38.0,691.0,4.0,6.0,31.0,9.0,6.0,2.0,4.0,1.0,2.0,2.0,19.0,0.0,16.0,4.0,5.0,12.0,0.0,0.0,0.0,0.0,68.77,40.79,40.0,0.0,66.67,42.7,41.94,57.14,0.4586244396887917,0.8533998666424283,2.0,17.0,0.3664998299999999,5.0,39.0,47.0,1.4211428399999997,168.0,12.503617945007235,22.40231548480463,34.124457308248914,1.6931982633863965,4.949348769898697,0.5209840810419681,0.7814761215629522,4.0376266280752535,1.1722141823444283,0.7814761215629522,0.260492040520984,0.5209840810419681,0.130246020260492,0.260492040520984,0.260492040520984,2.4746743849493487,0.0,2.083936324167873,0.5209840810419681,0.6512301013024602,1.5629522431259044,0.0,0.0,0.0,0.0,68.77,40.79,40.0,0.0,66.67,42.7,41.94,57.14,0.0597340080636631,0.1111519363210109,0.260492040520984,2.2141823444283646,0.0477351442836468,0.6512301013024602,5.07959479015919,6.121562952243126,0.1850981991316931,21.881331403762665,DM/CM,48,88,60,100,92,26,100,94,98,72,64,78,44,26,26,94,38,100,88,48,88,18,52,38,52,4,20,72,18,98,28,48,46,68,96,66,84,72,68,88,96,96,84,20,60,24,84,60,16,92,92,80,52,44,60,28,12,12,72,38,96,80,32,64,18,52,38,52,4,20,72,18,98,28,48,46,48,88,48,68,68,56,76,88,88,72,Danish 2nd Tier
AB,1uovb0izovmuzdhoq7eyk3ou3,c6s8nbgk1z9xvasi3rh3a82s4,M. Clement,Mikkel Clement,22.0,Midfielder,Denmark,Midfielder,46.0,44.0,89.0,8.0,24.0,226.0,3.0,1.0,7.0,1.0,3.0,0.0,3.0,0.0,1.0,1.0,8.0,0.0,3.0,0.0,1.0,8.0,0.0,0.0,0.0,0.0,74.17,41.18,100.0,0.0,0.0,64.86,61.54,61.54,0.1779249566332688,0.0711731643178185,2.0,7.0,0.15076839,3.0,10.0,12.0,0.2304031899999999,44.0,18.31858407079646,17.52212389380531,35.4424778761062,3.185840707964602,9.557522123893806,1.1946902654867255,0.3982300884955752,2.7876106194690267,0.3982300884955752,1.1946902654867255,0.0,1.1946902654867255,0.0,0.3982300884955752,0.3982300884955752,3.185840707964602,0.0,1.1946902654867255,0.0,0.3982300884955752,3.185840707964602,0.0,0.0,0.0,0.0,74.17,41.18,100.0,0.0,0.0,64.86,61.54,61.54,0.070855071225638,0.0283432955247949,0.7964601769911505,2.7876106194690267,0.0600405092920354,1.1946902654867255,3.982300884955752,4.778761061946903,0.0917534827433627,17.52212389380531,DM/CM,20,6,8,94,56,18,56,36,8,46,14,64,14,14,14,56,38,26,24,16,68,18,52,38,52,8,24,100,18,24,92,84,52,24,16,66,50,48,50,22,22,16,16,48,20,36,100,100,64,76,68,18,72,14,92,14,28,28,96,38,52,24,26,92,18,52,38,52,8,24,100,18,24,92,84,52,64,20,92,80,72,80,40,56,44,36,Danish 2nd Tier
AB,1uovb0izovmuzdhoq7eyk3ou3,clf3fgzelbfqh8sya98k5pdlg,F. Lindgaard,Frederik Lindgaard,21.0,Defender,Denmark,Defender,22.0,44.0,65.0,2.0,9.0,229.0,3.0,1.0,3.0,4.0,0.0,0.0,0.0,0.0,2.0,2.0,7.0,0.0,7.0,0.0,6.0,2.0,1.0,0.0,0.0,0.0,79.27,27.27,33.33,50.0,0.0,40.91,28.57,66.67,0.0,0.3443750378707295,0.0,8.0,0.2527800999999999,3.0,5.0,6.0,0.1938997299999999,24.0,8.646288209606988,17.292576419213976,25.54585152838428,0.7860262008733625,3.537117903930131,1.1790393013100438,0.3930131004366812,1.1790393013100438,1.572052401746725,0.0,0.0,0.0,0.0,0.7860262008733625,0.7860262008733625,2.7510917030567685,0.0,2.7510917030567685,0.0,2.3580786026200875,0.7860262008733625,0.3930131004366812,0.0,0.0,0.0,79.27,27.27,33.33,50.0,0.0,40.91,28.57,66.67,0.0,0.1353439013465749,0.0,3.14410480349345,0.0993458908296942,1.1790393013100438,1.9650655021834065,2.3580786026200875,0.0762051340611353,9.43231441048035,RB/RCB,7,27,13,17,17,50,37,7,57,13,13,33,27,53,50,20,47,73,40,60,30,50,53,40,43,60,13,73,67,40,20,13,47,20,60,37,67,73,43,37,37,40,40,13,53,13,27,40,60,47,7,93,13,13,33,27,67,67,40,47,100,40,73,53,67,53,40,43,60,13,73,67,40,20,13,47,20,87,37,93,93,73,53,40,40,53,Danish 2nd Tier
AB,1uovb0izovmuzdhoq7eyk3ou3,ernnq3ugpx34joskjyj373lgq,T. Damtoft,Tobias Damtoft Andersen,24.0,Attacker,Denmark,Striker,88.0,117.0,199.0,3.0,25.0,605.0,8.0,6.0,14.0,6.0,5.0,3.0,2.0,2.0,10.0,10.0,17.0,0.0,7.0,0.0,9.0,10.0,2.0,0.0,1.0,0.0,75.38,36.84,40.0,20.0,0.0,49.02,60.0,83.33,0.3866259958995672,0.6455108569196352,1.0,8.0,0.1895247199999998,8.0,21.0,36.0,1.55572012,114.0,13.09090909090909,17.40495867768595,29.60330578512397,0.4462809917355372,3.71900826446281,1.1900826446280992,0.8925619834710744,2.0826446280991737,0.8925619834710744,0.743801652892562,0.4462809917355372,0.2975206611570248,0.2975206611570248,1.487603305785124,1.487603305785124,2.5289256198347108,0.0,1.0413223140495869,0.0,1.3388429752066116,1.487603305785124,0.2975206611570248,0.0,0.1487603305785124,0.0,75.38,36.84,40.0,20.0,0.0,49.02,60.0,83.33,0.0575146109602661,0.0960264084673837,0.1487603305785124,1.1900826446280992,0.0281937599999999,1.1900826446280992,3.12396694214876,5.355371900826446,0.2314294393388429,16.958677685950413,ST,97,90,97,29,66,71,93,97,64,12,17,33,40,69,66,100,17,97,3,16,97,31,50,72,52,59,31,97,21,3,90,100,69,14,72,22,57,31,97,97,97,100,97,97,76,93,17,34,52,90,97,38,3,7,24,31,45,41,100,17,97,3,7,95,21,50,69,52,59,31,97,21,3,90,100,69,10,62,17,41,24,86,97,93,93,93,Danish 2nd Tier
AB,1uovb0izovmuzdhoq7eyk3ou3,zpl7lyln792rt0b2oedamvbo,J. Mathys,Jonathan Mathys,22.0,Attacker,Denmark,Striker,18.0,52.0,70.0,4.0,22.0,393.0,7.0,0.0,2.0,2.0,11.0,10.0,1.0,1.0,12.0,12.0,2.0,0.0,4.0,4.0,26.0,3.0,7.0,0.0,0.0,0.0,83.33,66.67,0.0,58.33,36.36,41.51,40.0,75.0,1.360203579961335,0.1624291061682941,3.0,12.0,0.3855307199999999,1.0,2.0,9.0,0.2396741299999999,21.0,4.122137404580153,11.908396946564888,16.03053435114504,0.9160305343511452,5.0381679389312986,1.603053435114504,0.0,0.4580152671755725,0.4580152671755725,2.5190839694656493,2.290076335877863,0.2290076335877862,0.2290076335877862,2.748091603053436,2.748091603053436,0.4580152671755725,0.0,0.9160305343511452,0.9160305343511452,5.954198473282443,0.6870229007633588,1.603053435114504,0.0,0.0,0.0,83.33,66.67,0.0,58.33,36.36,41.51,40.0,75.0,0.3114970030445805,0.0371975052293803,0.6870229007633588,2.748091603053436,0.0882894778625954,0.2290076335877862,0.4580152671755725,2.0610687022900764,0.0548872053435114,4.809160305343512,LW,43,43,43,86,57,43,21,29,21,50,86,36,21,57,57,64,14,86,50,57,79,71,43,36,57,71,86,21,100,64,43,71,71,57,14,43,43,43,14,14,36,29,29,29,14,14,86,71,29,21,29,14,43,71,29,14,71,71,57,14,86,71,71,86,86,43,36,57,71,86,21,100,64,43,71,71,71,14,43,29,29,14,14,29,29,14,Danish 2nd Tier
AaB,36g6ifzjliec1jqnbtf7yesme,48sqqhgtmfmpqb3602iirspd6,K. Normann,Kornelius Normann,25.0,Attacker,Norway,Striker,38.0,111.0,146.0,2.0,28.0,556.0,12.0,3.0,4.0,7.0,21.0,9.0,12.0,5.0,20.0,22.0,7.0,3.0,2.0,7.0,37.0,1.0,9.0,1.0,0.0,0.0,80.66,44.44,33.33,45.0,33.33,43.08,25.0,20.0,1.5280926480008428,0.7321207913242629,10.0,30.0,1.2575120599999998,13.0,5.0,10.0,0.6055458999999999,45.0,6.151079136690647,17.967625899280574,23.633093525179856,0.3237410071942446,4.532374100719425,1.9424460431654675,0.4856115107913669,0.6474820143884892,1.1330935251798562,3.399280575539568,1.4568345323741008,1.9424460431654675,0.8093525179856115,3.237410071942446,3.5611510791366907,1.1330935251798562,0.4856115107913669,0.3237410071942446,1.1330935251798562,5.989208633093525,0.1618705035971223,1.4568345323741008,0.1618705035971223,0.0,0.0,80.66,44.44,33.33,45.0,33.33,43.08,25.0,20.0,0.2473531264749565,0.1185087611855821,1.618705035971223,4.856115107913669,0.2035541104316546,2.1043165467625897,0.8093525179856115,1.618705035971223,0.0980200197841726,7.284172661870503,LW,71,71,71,50,71,57,57,43,57,86,64,86,79,86,86,86,86,64,79,86,57,86,93,36,57,57,43,93,86,43,57,43,57,86,57,86,86,86,86,43,57,71,71,43,71,71,57,43,57,57,43,43,71,57,100,57,86,86,86,71,57,86,86,57,71,100,36,57,57,43,93,86,43,57,43,57,57,57,86,86,100,86,29,14,57,43,Danish 2nd Tier
AaB,36g6ifzjliec1jqnbtf7yesme,4sgxth7onhb5mu29bgyupby3u,J. Adedeji,Jubril Adedeji,26.0,Attacker,England,Striker,47.0,85.0,131.0,3.0,33.0,419.0,19.0,1.0,4.0,9.0,14.0,8.0,6.0,4.0,12.0,13.0,2.0,1.0,2.0,3.0,23.0,3.0,7.0,0.0,1.0,0.0,88.51,57.14,25.0,58.33,21.43,47.83,20.0,75.0,1.1047380876491115,0.4699178865476217,4.0,13.0,0.3618825,7.0,4.0,11.0,0.26473503,41.0,10.095465393794749,18.25775656324582,28.138424821002385,0.6443914081145584,7.088305489260143,4.081145584725537,0.2147971360381861,0.8591885441527446,1.933174224343676,3.007159904534606,1.7183770883054892,1.2887828162291168,0.8591885441527446,2.5775656324582337,2.79236276849642,0.4295942720763723,0.2147971360381861,0.4295942720763723,0.6443914081145584,4.940334128878281,0.6443914081145584,1.503579952267303,0.0,0.2147971360381861,0.0,88.51,57.14,25.0,58.33,21.43,47.83,20.0,75.0,0.2372945772993318,0.1009370162035464,0.8591885441527446,2.79236276849642,0.0777313245823388,1.503579952267303,0.8591885441527446,2.362768496420048,0.0568643262529832,8.806682577565631,ST,93,81,86,29,79,97,69,76,90,64,48,81,79,83,81,36,52,69,40,48,64,88,50,72,52,97,59,78,83,31,83,12,52,48,55,60,93,93,88,36,69,52,69,90,79,86,31,90,100,72,79,86,59,55,79,83,83,79,34,52,66,38,66,69,90,50,76,52,97,59,78,83,31,83,12,52,48,69,62,90,93,93,34,72,52,76,Danish 2nd Tier
AaB,36g6ifzjliec1jqnbtf7yesme,5521epytthhw9afm2r3jn3384,V. Møller,Valdemar Møller,19.0,Midfielder,Denmark,Midfielder,30.0,60.0,90.0,8.0,17.0,287.0,2.0,0.0,5.0,4.0,10.0,8.0,2.0,3.0,4.0,4.0,2.0,1.0,1.0,2.0,13.0,3.0,3.0,0.0,0.0,0.0,83.33,55.56,0.0,75.0,20.0,58.62,80.0,75.0,1.0772835034030852,0.2893206673104291,1.0,6.0,0.144977,3.0,13.0,19.0,0.2844006499999998,43.0,9.40766550522648,18.81533101045296,28.22299651567944,2.508710801393728,5.331010452961672,0.627177700348432,0.0,1.56794425087108,1.254355400696864,3.1358885017421603,2.508710801393728,0.627177700348432,0.940766550522648,1.254355400696864,1.254355400696864,0.627177700348432,0.313588850174216,0.313588850174216,0.627177700348432,4.076655052264808,0.940766550522648,0.940766550522648,0.0,0.0,0.0,83.33,55.56,0.0,75.0,20.0,58.62,80.0,75.0,0.3378240951438246,0.0907277353935143,0.313588850174216,1.881533101045296,0.0454631707317073,0.940766550522648,4.076655052264808,5.958188153310104,0.0891848728222995,13.484320557491287,CM/AM,27,19,19,88,42,21,19,46,17,63,75,33,67,31,31,19,62,21,38,54,38,48,48,31,50,60,50,19,92,17,88,100,79,69,15,31,35,23,35,46,56,19,27,50,31,35,92,73,23,19,65,31,85,88,54,85,42,42,31,81,31,50,65,54,69,48,31,50,60,50,19,92,17,88,100,79,88,23,42,38,27,42,69,81,38,50,Danish 2nd Tier
AaB,36g6ifzjliec1jqnbtf7yesme,5y2mfgruizah0ylcz7q1abw9g,A. Håpnes,Alexander Håpnes,25.0,Midfielder,Norway,Midfielder,63.0,106.0,168.0,6.0,26.0,573.0,5.0,1.0,9.0,3.0,2.0,1.0,1.0,2.0,9.0,9.0,6.0,0.0,5.0,0.0,6.0,5.0,4.0,0.0,0.0,0.0,80.38,52.94,50.0,44.44,0.0,40.62,30.0,45.45,0.179787284720712,0.1878402498096887,0.0,8.0,0.18737509,6.0,13.0,11.0,0.23982768,53.0,9.895287958115183,16.649214659685864,26.387434554973822,0.9424083769633508,4.0837696335078535,0.7853403141361257,0.1570680628272251,1.4136125654450262,0.4712041884816754,0.3141361256544502,0.1570680628272251,0.1570680628272251,0.3141361256544502,1.4136125654450262,1.4136125654450262,0.9424083769633508,0.0,0.7853403141361257,0.0,0.9424083769633508,0.7853403141361257,0.6282722513089005,0.0,0.0,0.0,80.38,52.94,50.0,44.44,0.0,40.62,30.0,45.45,0.028238840532049,0.0295037041585898,0.0,1.256544502617801,0.0294306424083769,0.9424083769633508,2.0418848167539267,1.7277486910994766,0.0376692691099476,8.324607329842932,DM/CM,30,36,40,72,66,44,56,44,32,20,38,32,72,80,78,30,38,44,24,56,38,80,52,38,52,28,52,84,64,24,12,24,18,28,32,18,56,56,78,42,16,24,26,8,12,16,60,44,36,52,28,24,12,32,24,64,72,72,16,38,32,24,48,40,76,52,38,52,28,52,84,64,24,12,24,18,24,24,18,48,48,72,20,16,16,16,Danish 2nd Tier
AaB,36g6ifzjliec1jqnbtf7yesme,697f50qoetodmfe8ybcuey2ac,E. Makolli,Elison Makolli,21.0,Defender,Sweden,Defender,268.0,165.0,433.0,10.0,24.0,720.0,6.0,0.0,16.0,3.0,1.0,1.0,0.0,0.0,6.0,6.0,43.0,1.0,7.0,1.0,5.0,1.0,4.0,0.0,1.0,1.0,88.19,32.0,0.0,66.67,100.0,53.33,55.56,25.0,0.1668891969166479,0.1567037766676615,0.0,1.0,0.01935132,2.0,36.0,35.0,0.7095384299999994,220.0,33.5,20.625,54.125,1.25,3.0,0.75,0.0,2.0,0.375,0.125,0.125,0.0,0.0,0.75,0.75,5.375,0.125,0.875,0.125,0.625,0.125,0.5,0.0,0.125,0.125,88.19,32.0,0.0,66.67,100.0,53.33,55.56,25.0,0.0208611496145809,0.0195879720834576,0.0,0.125,0.002418915,0.25,4.5,4.375,0.0886923037499999,27.5,CB,92,83,86,49,47,83,36,50,69,15,19,28,24,90,90,83,85,43,46,39,8,93,51,86,85,78,18,36,88,100,14,33,8,28,56,26,35,32,58,88,75,67,81,61,56,64,25,15,61,36,19,56,11,11,28,24,81,78,58,79,14,28,21,6,88,51,78,78,78,18,36,88,100,14,33,8,25,53,26,28,28,53,76,58,47,61,Danish 2nd Tier
AaB,36g6ifzjliec1jqnbtf7yesme,8bi1tlz62rjwyak4pnnzgp562,A. Jasson,Andres Jasson,24.0,Midfielder,USA,Striker,302.0,256.0,551.0,4.0,56.0,712.0,23.0,7.0,24.0,9.0,12.0,1.0,11.0,3.0,16.0,16.0,13.0,0.0,8.0,5.0,3.0,13.0,10.0,0.0,2.0,0.0,92.61,61.54,24.14,62.5,41.67,58.33,36.36,68.42,0.7477509265840997,0.933958308420304,9.0,23.0,0.55717326,8.0,61.0,51.0,1.2166163699999997,222.0,38.174157303370784,32.359550561797754,69.64887640449437,0.5056179775280899,7.078651685393258,2.907303370786517,0.8848314606741573,3.033707865168539,1.1376404494382022,1.5168539325842696,0.1264044943820224,1.3904494382022472,0.3792134831460674,2.02247191011236,2.02247191011236,1.643258426966292,0.0,1.0112359550561798,0.6320224719101123,0.3792134831460674,1.643258426966292,1.2640449438202246,0.0,0.2528089887640449,0.0,92.61,61.54,24.14,62.5,41.67,58.33,36.36,68.42,0.0945190777985519,0.1180565277497575,1.1376404494382022,2.907303370786517,0.0704292042134831,1.0112359550561798,7.71067415730337,6.4466292134831455,0.1537857771067415,28.06179775280899,ST,100,100,100,47,97,100,97,100,90,55,3,98,60,90,90,90,17,100,60,3,100,93,50,93,52,100,64,72,93,66,100,47,45,38,97,95,100,100,97,100,100,93,100,100,97,100,21,86,97,86,100,55,21,3,86,38,69,66,83,17,93,34,3,100,83,50,83,52,100,64,72,93,66,100,47,45,14,76,72,93,83,79,100,100,79,100,Danish 2nd Tier
AaB,36g6ifzjliec1jqnbtf7yesme,91cvtiaq4im9hiydjiualozdg,B. Nwadik,Brian Nwadik,21.0,Attacker,Japan,Striker,29.0,49.0,78.0,24.0,42.0,521.0,10.0,0.0,2.0,2.0,7.0,6.0,1.0,2.0,7.0,8.0,6.0,0.0,0.0,1.0,18.0,2.0,6.0,0.0,0.0,0.0,78.0,66.67,0.0,85.71,14.29,53.16,51.06,100.0,0.7045150472532379,0.1359326266900928,0.0,3.0,0.0637928899999999,1.0,5.0,3.0,0.0736436899999999,28.0,5.009596928982726,8.464491362763916,13.47408829174664,4.1458733205374285,7.255278310940499,1.727447216890595,0.0,0.345489443378119,0.345489443378119,1.2092130518234163,1.0364683301343571,0.1727447216890595,0.345489443378119,1.2092130518234163,1.381957773512476,1.0364683301343571,0.0,0.0,0.1727447216890595,3.109404990403071,0.345489443378119,1.0364683301343571,0.0,0.0,0.0,78.0,66.67,0.0,85.71,14.29,53.16,51.06,100.0,0.1217012557635151,0.0234816437660429,0.0,0.5182341650671786,0.0110198850287907,0.1727447216890595,0.8637236084452975,0.5182341650671786,0.0127215587332053,4.836852207293666,ST,74,48,53,90,90,84,33,50,9,24,40,16,40,43,48,71,17,21,12,38,41,81,50,31,52,72,76,33,100,10,97,86,88,28,14,9,17,14,28,50,28,17,55,62,31,45,90,93,79,33,34,7,7,17,17,34,31,38,66,17,21,7,21,31,76,50,31,52,72,76,33,100,10,97,86,88,17,17,9,14,14,24,38,21,17,52,Danish 2nd Tier
AaB,36g6ifzjliec1jqnbtf7yesme,97p6b1r72br3soq4k7fpjnrl6,T. Persyn,Tibo Persyn,24.0,Defender,Belgium,Defender,50.0,41.0,87.0,2.0,9.0,219.0,2.0,4.0,9.0,6.0,1.0,1.0,0.0,1.0,1.0,1.0,15.0,0.0,2.0,0.0,5.0,4.0,0.0,0.0,2.0,0.0,75.65,45.0,30.77,0.0,0.0,37.5,40.0,80.0,0.0664281159760935,0.6625946875292013,0.0,1.0,0.0241224,3.0,7.0,12.0,0.7755861299999998,44.0,20.54794520547945,16.84931506849315,35.75342465753425,0.8219178082191781,3.6986301369863015,0.8219178082191781,1.6438356164383563,3.6986301369863015,2.4657534246575343,0.4109589041095891,0.4109589041095891,0.0,0.4109589041095891,0.4109589041095891,0.4109589041095891,6.164383561643836,0.0,0.8219178082191781,0.0,2.054794520547945,1.6438356164383563,0.0,0.0,0.8219178082191781,0.0,75.65,45.0,30.77,0.0,0.0,37.5,40.0,80.0,0.0272992257436,0.2722991866558361,0.0,0.4109589041095891,0.0099133150684931,1.2328767123287672,2.876712328767124,4.931506849315069,0.3187340260273972,18.08219178082192,RB/RCB,27,20,20,17,17,27,77,47,80,33,37,33,67,30,27,60,47,17,40,40,57,20,53,90,43,40,80,67,20,40,7,30,80,40,80,37,33,33,43,47,53,67,57,67,47,53,33,53,47,100,87,100,40,53,33,100,40,33,93,47,40,40,67,87,20,53,100,43,40,80,67,20,40,7,30,80,53,100,37,33,33,87,87,87,93,80,Danish 2nd Tier
AaB,36g6ifzjliec1jqnbtf7yesme,9yb0exf35kl3avhdnlhv23glx,B. Tiedemann,Benjamin Tiedemann,32.0,Defender,Denmark,Defender,104.0,39.0,143.0,6.0,10.0,212.0,2.0,0.0,11.0,0.0,3.0,3.0,0.0,1.0,0.0,0.0,10.0,0.0,3.0,1.0,7.0,2.0,0.0,0.0,0.0,0.0,91.08,55.0,0.0,0.0,33.33,62.5,75.0,100.0,0.2998389968869382,0.0,1.0,0.0,0.0,0.0,7.0,8.0,0.2306617499999997,92.0,44.15094339622642,16.556603773584904,60.70754716981132,2.547169811320755,4.245283018867925,0.8490566037735848,0.0,4.669811320754717,0.0,1.2735849056603774,1.2735849056603774,0.0,0.4245283018867924,0.0,0.0,4.245283018867925,0.0,1.2735849056603774,0.4245283018867924,2.971698113207548,0.8490566037735848,0.0,0.0,0.0,0.0,91.08,55.0,0.0,0.0,33.33,62.5,75.0,100.0,0.1272901401878511,0.0,0.4245283018867924,0.0,0.0,0.0,2.971698113207548,3.39622641509434,0.0979224410377357,39.0566037735849,CB,31,7,14,24,6,32,36,26,14,38,54,28,64,15,15,10,38,10,46,56,21,25,51,39,38,100,89,36,25,65,75,92,96,36,17,64,14,14,19,31,28,25,36,97,36,78,56,39,72,36,83,14,83,97,28,89,15,15,36,38,36,89,89,56,25,51,39,38,100,89,36,25,65,75,92,96,78,17,92,14,14,19,47,44,61,92,Danish 2nd Tier
AaB,36g6ifzjliec1jqnbtf7yesme,az9olsp7tglzt73awei9a4cgk,M. Kubel,Mathias Kubel,24.0,Attacker,Denmark,Midfielder,38.0,83.0,121.0,1.0,16.0,362.0,6.0,0.0,3.0,7.0,10.0,8.0,2.0,3.0,13.0,14.0,3.0,1.0,2.0,5.0,23.0,0.0,8.0,0.0,0.0,0.0,85.82,100.0,0.0,61.54,50.0,43.24,11.11,0.0,0.918534643028263,0.538507284248857,3.0,27.0,0.7623850799999999,7.0,9.0,15.0,0.5741583799999999,51.0,9.447513812154696,20.6353591160221,30.0828729281768,0.2486187845303867,3.977900552486188,1.4917127071823204,0.0,0.7458563535911602,1.7403314917127073,2.4861878453038675,1.988950276243094,0.4972375690607735,0.7458563535911602,3.232044198895028,3.4806629834254146,0.7458563535911602,0.2486187845303867,0.4972375690607735,1.2430939226519335,5.718232044198895,0.0,1.988950276243094,0.0,0.0,0.0,85.82,100.0,0.0,61.54,50.0,43.24,11.11,0.0,0.2283649664987394,0.1338830264707103,0.7458563535911602,6.712707182320442,0.1895432519337016,1.7403314917127073,2.2375690607734806,3.729281767955801,0.1427465585635358,12.679558011049725,CM/AM,35,42,46,27,37,58,19,33,50,63,75,33,67,75,77,37,62,38,79,77,6,85,48,31,50,81,96,19,77,94,31,23,6,58,46,65,100,96,63,38,42,46,40,54,38,42,31,35,65,19,35,65,77,81,42,69,96,96,46,65,35,88,88,6,96,48,31,50,81,96,19,77,94,31,23,6,69,50,77,100,100,96,38,38,65,42,Danish 2nd Tier
AaB,36g6ifzjliec1jqnbtf7yesme,bcdp9e3dezuaybm8ndrsanbx0,M. Nielsen,Marc Nielsen,25.0,Defender,Denmark,Defender,99.0,143.0,238.0,3.0,13.0,443.0,3.0,4.0,21.0,9.0,8.0,1.0,7.0,3.0,1.0,1.0,13.0,0.0,8.0,2.0,3.0,5.0,0.0,0.0,0.0,0.0,77.27,35.59,10.81,0.0,25.0,61.9,50.0,71.43,0.4332792673110613,0.7754537132788553,2.0,12.0,0.3107418,12.0,27.0,39.0,0.8858065000000002,125.0,20.112866817155755,29.051918735891647,48.35214446952595,0.6094808126410834,2.641083521444695,0.6094808126410834,0.8126410835214446,4.266365688487585,1.8284424379232505,1.6252821670428892,0.2031602708803611,1.4221218961625282,0.6094808126410834,0.2031602708803611,0.2031602708803611,2.641083521444695,0.0,1.6252821670428892,0.4063205417607223,0.6094808126410834,1.015801354401806,0.0,0.0,0.0,0.0,77.27,35.59,10.81,0.0,25.0,61.9,50.0,71.43,0.0880251333137596,0.1575413864449141,0.4063205417607223,2.437923250564334,0.063130388261851,2.437923250564334,5.485327313769751,7.923250564334086,0.1799606884875846,25.395033860045142,CB,28,75,42,8,17,50,94,75,94,88,19,100,96,42,42,24,38,56,79,18,60,25,51,39,38,8,33,75,25,50,69,21,65,53,94,82,89,92,94,72,83,81,44,28,86,47,8,8,56,92,75,97,97,17,100,97,47,47,14,38,64,86,17,72,25,51,39,38,8,33,75,25,50,69,21,65,58,94,89,97,94,100,83,92,89,53,Danish 2nd Tier
AaB,36g6ifzjliec1jqnbtf7yesme,brinkgys7026490q3ixx6h9uc,N. Arnórsson,Nóel Atli Arnórsson,19.0,Defender,Iceland,Defender,348.0,161.0,506.0,13.0,31.0,694.0,11.0,3.0,22.0,2.0,1.0,1.0,0.0,1.0,2.0,2.0,27.0,0.0,10.0,0.0,4.0,1.0,2.0,0.0,0.0,1.0,90.2,45.83,37.5,100.0,0.0,58.49,52.0,20.0,0.0,0.0,0.0,0.0,0.0,0.0,0.0,0.0,0.0,0.0,45.12968299711815,20.878962536023053,65.61959654178675,1.685878962536023,4.020172910662824,1.4265129682997115,0.3890489913544668,2.8530259365994235,0.2593659942363112,0.1296829971181556,0.1296829971181556,0.0,0.1296829971181556,0.2593659942363112,0.2593659942363112,3.5014409221902016,0.0,1.296829971181556,0.0,0.5187319884726225,0.1296829971181556,0.2593659942363112,0.0,0.0,0.1296829971181556,90.2,45.83,37.5,100.0,0.0,58.49,52.0,20.0,0.0,0.0,0.0,0.0,0.0,0.0,0.0,0.0,0.0,0.0,LB/LCB,100,82,100,91,82,95,27,82,9,32,50,27,59,27,23,100,45,100,27,18,9,73,55,27,91,100,91,73,100,27,73,64,9,14,14,23,14,14,18,14,14,14,14,100,82,100,82,45,73,27,82,9,27,45,27,55,18,18,91,45,100,27,18,9,73,55,27,82,100,91,73,100,27,73,64,9,14,14,23,14,14,18,14,14,14,14,Danish 2nd Tier
AaB,36g6ifzjliec1jqnbtf7yesme,e0j0uakuzduvis9wqsocngwrt,M. Kaasa,Markus Kaasa,29.0,Midfielder,Norway,Midfielder,106.0,137.0,243.0,5.0,42.0,553.0,18.0,0.0,15.0,10.0,8.0,4.0,4.0,1.0,15.0,15.0,10.0,1.0,4.0,2.0,15.0,6.0,7.0,0.0,0.0,0.0,84.38,53.57,0.0,46.67,25.0,62.69,35.71,50.0,0.7129564323353119,0.7912870080389195,3.0,11.0,0.29673771,7.0,28.0,38.0,0.7837994299999996,110.0,17.25135623869801,22.29656419529837,39.54792043399638,0.8137432188065099,6.835443037974684,2.929475587703436,0.0,2.4412296564195297,1.6274864376130198,1.301989150090416,0.650994575045208,0.650994575045208,0.162748643761302,2.4412296564195297,2.4412296564195297,1.6274864376130198,0.162748643761302,0.650994575045208,0.325497287522604,2.4412296564195297,0.9764918625678118,1.1392405063291138,0.0,0.0,0.0,84.38,53.57,0.0,46.67,25.0,62.69,35.71,50.0,0.1160326924234684,0.1287808873842726,0.4882459312839059,1.7902350813743215,0.0482936598553345,1.1392405063291138,4.556962025316455,6.184448462929475,0.1275622942133815,17.90235081374322,CM/AM,88,62,77,62,90,100,19,88,69,48,48,65,27,81,81,94,62,58,38,58,75,79,48,31,50,69,46,19,38,29,96,46,29,46,69,65,50,50,63,77,81,69,73,88,50,73,50,96,96,19,85,54,35,42,62,19,77,73,81,50,46,23,38,58,81,48,31,50,69,46,19,38,29,96,46,29,42,42,62,35,31,62,81,85,54,77,Danish 2nd Tier
AaB,36g6ifzjliec1jqnbtf7yesme,egwhlgopjtjkop7ozy7ltk1cl,F. Børsting,Frederik Børsting,31.0,Midfielder,Denmark,Midfielder,89.0,100.0,182.0,4.0,27.0,522.0,10.0,7.0,5.0,8.0,4.0,3.0,1.0,2.0,1.0,1.0,13.0,1.0,5.0,1.0,10.0,7.0,0.0,0.0,0.0,0.0,80.89,29.41,29.17,0.0,25.0,52.94,40.0,53.85,0.5549170240675116,0.9018424174129368,0.0,5.0,0.10995547,5.0,15.0,19.0,1.1858969199999998,83.0,15.344827586206897,17.24137931034483,31.379310344827587,0.6896551724137931,4.655172413793103,1.7241379310344829,1.206896551724138,0.8620689655172414,1.3793103448275863,0.6896551724137931,0.5172413793103449,0.1724137931034483,0.3448275862068966,0.1724137931034483,0.1724137931034483,2.241379310344828,0.1724137931034483,0.8620689655172414,0.1724137931034483,1.7241379310344829,1.206896551724138,0.0,0.0,0.0,0.0,80.89,29.41,29.17,0.0,25.0,52.94,40.0,53.85,0.0956753489771571,0.1554900719677477,0.0,0.8620689655172414,0.0189578396551724,0.8620689655172414,2.586206896551724,3.2758620689655173,0.2044649862068965,14.310344827586208,RM/RCM,100,71,86,79,71,100,100,100,93,43,64,29,79,14,14,86,71,86,50,36,86,14,57,50,57,57,57,71,14,57,100,71,43,71,100,14,14,14,36,71,86,100,86,86,57,71,71,86,86,100,71,86,29,57,29,86,14,14,57,57,86,43,43,71,14,57,50,57,57,57,71,14,57,100,71,43,57,86,14,14,14,29,71,57,86,57,Danish 2nd Tier
Aarhus Fremad,bfwi3pjyg3whbn0tpsz19e8hq,186mdd3akww1wyxdc9ouw6kno,F. Grube,Frederik Grube Andersen,26.0,Midfielder,Denmark,Midfielder,285.0,229.0,512.0,3.0,22.0,690.0,4.0,2.0,21.0,4.0,3.0,0.0,3.0,2.0,4.0,4.0,26.0,0.0,7.0,0.0,0.0,8.0,3.0,0.0,1.0,0.0,89.98,45.65,33.33,75.0,0.0,62.86,50.0,66.67,0.1893681553350448,0.3805805501684766,1.0,28.0,0.61283579,12.0,37.0,39.0,1.1440827099999995,223.0,37.17391304347826,29.869565217391305,66.78260869565217,0.3913043478260869,2.869565217391304,0.5217391304347826,0.2608695652173913,2.7391304347826084,0.5217391304347826,0.3913043478260869,0.0,0.3913043478260869,0.2608695652173913,0.5217391304347826,0.5217391304347826,3.391304347826087,0.0,0.9130434782608696,0.0,0.0,1.0434782608695652,0.3913043478260869,0.0,0.1304347826086956,0.0,89.98,45.65,33.33,75.0,0.0,62.86,50.0,66.67,0.0247001941741362,0.049640941326323,0.1304347826086956,3.652173913043478,0.0799351030434782,1.5652173913043477,4.826086956521739,5.08695652173913,0.1492281795652173,29.08695652173913,DM/CM,100,96,100,36,46,26,72,84,48,46,14,64,72,52,50,100,38,56,24,6,68,74,52,88,52,92,40,64,96,24,84,64,68,32,60,44,96,92,92,84,84,88,96,96,84,100,28,20,20,64,56,28,16,14,44,56,36,36,100,38,36,24,6,48,68,52,76,52,92,40,64,96,24,84,64,68,20,44,36,92,88,92,68,68,76,88,Danish 2nd Tier
Aarhus Fremad,bfwi3pjyg3whbn0tpsz19e8hq,2lvlyvfvdoz7kyqtib6jm9btg,A. Pisani,Andreas Pisani Laugesen,23.0,Defender,Denmark,Defender,253.0,137.0,390.0,18.0,46.0,713.0,19.0,0.0,18.0,2.0,10.0,8.0,2.0,5.0,3.0,3.0,28.0,1.0,11.0,2.0,11.0,2.0,1.0,0.0,0.0,2.0,83.33,33.96,0.0,33.33,20.0,56.79,58.06,25.0,1.0682985635734144,0.1258332631817582,2.0,11.0,0.24863128,5.0,26.0,37.0,0.7486419599999998,178.0,31.93548387096774,17.29312762973352,49.22861150070126,2.2720897615708275,5.806451612903226,2.3983169705469845,0.0,2.2720897615708275,0.2524544179523141,1.262272089761571,1.0098176718092566,0.2524544179523141,0.6311360448807853,0.3786816269284712,0.3786816269284712,3.534361851332398,0.126227208976157,1.3884992987377278,0.2524544179523141,1.3884992987377278,0.2524544179523141,0.126227208976157,0.0,0.0,0.2524544179523141,83.33,33.96,0.0,33.33,20.0,56.79,58.06,25.0,0.1348483460331098,0.0158835816077955,0.2524544179523141,1.3884992987377278,0.0313840325385694,0.6311360448807853,3.281907433380084,4.670406732117812,0.0944989851332398,22.46844319775596,CB,83,72,81,74,88,100,36,64,53,97,97,78,100,69,69,56,85,71,79,72,21,60,51,39,99,33,31,36,54,38,33,44,8,94,53,82,86,86,89,68,81,72,68,53,42,50,44,78,97,36,33,46,81,88,69,100,64,64,28,86,47,58,58,14,56,51,39,100,33,31,36,54,38,33,44,8,81,50,74,83,81,81,53,67,53,44,Danish 2nd Tier
Aarhus Fremad,bfwi3pjyg3whbn0tpsz19e8hq,2n8fvjqe4es6a04l4ki18uvbo,C. Nygaard,Carl Nygaard,20.0,Midfielder,Denmark,Midfielder,89.0,83.0,171.0,5.0,26.0,537.0,10.0,1.0,4.0,3.0,3.0,3.0,0.0,1.0,9.0,11.0,9.0,0.0,3.0,0.0,7.0,4.0,2.0,0.0,0.0,0.0,85.93,30.77,25.0,22.22,0.0,50.98,41.67,44.44,0.292840912524174,0.2553781546223891,0.0,9.0,0.2195863,4.0,5.0,11.0,0.6355979299999999,54.0,14.916201117318437,13.910614525139664,28.65921787709497,0.8379888268156425,4.35754189944134,1.675977653631285,0.1675977653631284,0.6703910614525139,0.5027932960893855,0.5027932960893855,0.5027932960893855,0.0,0.1675977653631284,1.5083798882681565,1.843575418994413,1.5083798882681565,0.0,0.5027932960893855,0.0,1.1731843575418994,0.6703910614525139,0.3351955307262569,0.0,0.0,0.0,85.93,30.77,25.0,22.22,0.0,50.98,41.67,44.44,0.0490794825459509,0.0428008080372719,0.0,1.5083798882681565,0.0368021731843575,0.6703910614525139,0.8379888268156425,1.843575418994413,0.1065247927374301,9.05027932960894,LM/LCM,100,33,83,58,17,75,58,75,17,17,33,17,17,33,33,75,33,50,25,17,25,17,58,50,58,67,33,67,33,25,33,50,17,33,17,17,33,33,25,17,33,50,50,100,17,33,50,17,67,50,50,17,17,17,17,17,33,33,83,33,33,25,17,17,17,58,50,58,67,33,67,33,25,33,50,17,33,17,17,33,33,33,17,17,17,50,Danish 2nd Tier
Aarhus Fremad,bfwi3pjyg3whbn0tpsz19e8hq,4qyfoq5fjiochtj89w426lm21,S. Andreasen,Søren Andreasen,30.0,Attacker,Denmark,Striker,36.0,63.0,97.0,2.0,15.0,522.0,4.0,2.0,3.0,5.0,10.0,9.0,1.0,3.0,8.0,9.0,6.0,2.0,1.0,5.0,26.0,3.0,4.0,0.0,0.0,0.0,74.62,50.0,33.33,50.0,50.0,40.54,15.38,60.0,1.108692260329336,0.5211578377141631,2.0,5.0,0.33409586,1.0,10.0,9.0,0.5739482900000001,39.0,6.206896551724138,10.862068965517242,16.724137931034484,0.3448275862068966,2.586206896551724,0.6896551724137931,0.3448275862068966,0.5172413793103449,0.8620689655172414,1.7241379310344829,1.5517241379310345,0.1724137931034483,0.5172413793103449,1.3793103448275863,1.5517241379310345,1.0344827586206895,0.3448275862068966,0.1724137931034483,0.8620689655172414,4.482758620689656,0.5172413793103449,0.6896551724137931,0.0,0.0,0.0,74.62,50.0,33.33,50.0,50.0,40.54,15.38,60.0,0.1911538379878165,0.0898547996058902,0.3448275862068966,0.8620689655172414,0.0576027344827586,0.1724137931034483,1.7241379310344829,1.5517241379310345,0.0989566017241379,6.724137931034483,ST,83,62,64,16,28,38,78,67,52,36,59,16,60,55,59,71,79,50,60,59,64,67,50,31,52,55,47,86,69,90,48,7,33,52,62,34,40,79,28,71,64,72,66,86,62,72,7,14,24,79,59,34,28,45,14,52,41,45,62,72,41,59,55,59,59,50,31,52,55,47,86,69,90,48,7,33,38,59,28,24,69,21,69,55,69,69,Danish 2nd Tier
Aarhus Fremad,bfwi3pjyg3whbn0tpsz19e8hq,5o1k2hd9rdooxpjgbnabuh94a,S. Bækgård,Simon Baekgaard,26.0,Midfielder,Denmark,Midfielder,69.0,59.0,128.0,0.0,7.0,257.0,5.0,0.0,2.0,2.0,0.0,0.0,0.0,0.0,0.0,0.0,7.0,0.0,1.0,0.0,1.0,2.0,0.0,0.0,1.0,0.0,84.77,16.67,0.0,0.0,0.0,43.75,0.0,100.0,0.0,0.1504902555287663,0.0,7.0,0.13135856,0.0,8.0,12.0,0.23949961,54.0,24.16342412451361,20.66147859922179,44.824902723735406,0.0,2.45136186770428,1.7509727626459144,0.0,0.7003891050583657,0.7003891050583657,0.0,0.0,0.0,0.0,0.0,0.0,2.45136186770428,0.0,0.3501945525291828,0.0,0.3501945525291828,0.7003891050583657,0.0,0.0,0.3501945525291828,0.0,84.77,16.67,0.0,0.0,0.0,43.75,0.0,100.0,0.0,0.0527008676948987,0.0,2.45136186770428,0.0460010521400778,0.0,2.801556420233463,4.202334630350195,0.0838714587548638,18.91050583657588,DM/CM,40,22,24,8,4,44,24,6,20,6,14,12,14,6,6,44,38,8,24,16,12,18,52,88,52,52,4,24,18,24,34,8,98,10,28,18,50,40,12,16,22,20,32,80,52,56,8,12,84,24,8,40,6,14,12,14,6,6,68,38,8,24,20,28,18,52,96,52,52,4,24,18,24,34,8,98,10,48,18,76,64,12,28,52,28,48,Danish 2nd Tier
Aarhus Fremad,bfwi3pjyg3whbn0tpsz19e8hq,5q7msbcrmtsr3b7tykgb6l05w,Magnus Kirchheiner,Magnus Kirchheiner,25.0,Midfielder,Denmark,Midfielder,157.0,150.0,306.0,2.0,35.0,561.0,7.0,1.0,12.0,7.0,14.0,6.0,8.0,8.0,11.0,11.0,6.0,1.0,7.0,3.0,12.0,14.0,8.0,0.0,1.0,0.0,87.18,52.17,14.29,72.73,21.43,61.4,40.0,77.78,1.2856285089860493,0.5449129815220499,4.0,15.0,0.43337896,6.0,27.0,30.0,0.5487351799999998,153.0,25.18716577540107,24.06417112299465,49.09090909090909,0.320855614973262,5.614973262032086,1.1229946524064172,0.160427807486631,1.925133689839572,1.1229946524064172,2.2459893048128343,0.962566844919786,1.2834224598930482,1.2834224598930482,1.7647058823529411,1.7647058823529411,0.962566844919786,0.160427807486631,1.1229946524064172,0.481283422459893,1.925133689839572,2.2459893048128343,1.2834224598930482,0.0,0.160427807486631,0.0,87.18,52.17,14.29,72.73,21.43,61.4,40.0,77.78,0.2062505629389384,0.0874191948965855,0.6417112299465241,2.406417112299465,0.0695260363636363,0.962566844919786,4.331550802139037,4.81283422459893,0.0880323818181817,24.545454545454547,DM/CM,88,66,84,24,88,84,56,52,82,100,98,92,100,86,86,30,88,56,76,92,94,94,52,88,52,80,48,52,92,52,80,40,80,100,76,86,76,80,78,56,68,56,70,84,68,68,20,72,52,56,40,72,100,100,100,100,80,80,20,92,48,76,72,84,96,52,80,52,80,48,52,92,52,80,40,80,100,72,80,72,84,76,56,60,36,80,Danish 2nd Tier
Aarhus Fremad,bfwi3pjyg3whbn0tpsz19e8hq,61vr9xr91fr4g6ayzga5vn9w5,A. Ludwig,Alexander Ludwig,33.0,Defender,Denmark,Defender,365.0,78.0,442.0,37.0,46.0,720.0,3.0,1.0,17.0,2.0,5.0,5.0,0.0,0.0,2.0,2.0,67.0,1.0,13.0,2.0,11.0,4.0,1.0,0.0,0.0,1.0,85.99,32.08,100.0,50.0,40.0,63.89,67.27,80.0,0.7427229533614664,0.0501900168531826,0.0,0.0,0.0,1.0,9.0,13.0,0.4152305699999998,247.0,45.625,9.75,55.25,4.625,5.75,0.375,0.125,2.125,0.25,0.625,0.625,0.0,0.0,0.25,0.25,8.375,0.125,1.625,0.25,1.375,0.5,0.125,0.0,0.0,0.125,85.99,32.08,100.0,50.0,40.0,63.89,67.27,80.0,0.0928403691701833,0.0062737521066478,0.0,0.0,0.0,0.125,1.125,1.625,0.0519038212499999,30.875,CB,100,39,94,94,88,50,76,56,53,60,75,28,24,58,58,100,85,85,79,72,42,60,51,39,85,69,22,100,74,81,81,78,76,81,36,26,14,14,43,42,42,36,86,100,8,72,92,75,26,74,28,39,40,58,28,24,50,50,97,79,61,51,54,22,51,51,39,78,69,22,100,74,81,81,78,76,64,36,26,14,14,39,28,25,25,75,Danish 2nd Tier
Aarhus Fremad,bfwi3pjyg3whbn0tpsz19e8hq,6zxcmzp7w6esj54g05tvk7ai1,K. Lunding,Kasper Lunding,27.0,Midfielder,Denmark,Midfielder,28.0,71.0,96.0,2.0,23.0,593.0,6.0,3.0,1.0,7.0,3.0,2.0,1.0,0.0,20.0,23.0,7.0,0.0,3.0,0.0,19.0,3.0,8.0,0.0,0.0,0.0,87.27,25.0,16.67,40.0,0.0,43.4,25.0,42.86,0.3185153775277444,0.5256325686220142,1.0,32.0,1.08790516,8.0,0.0,4.0,0.6515585699999998,15.0,4.249578414839798,10.775716694772344,14.569983136593592,0.3035413153456998,3.490725126475548,0.9106239460370996,0.4553119730185497,0.1517706576728499,1.0623946037099494,0.4553119730185497,0.3035413153456998,0.1517706576728499,0.0,3.0354131534569984,3.490725126475548,1.0623946037099494,0.0,0.4553119730185497,0.0,2.8836424957841484,0.4553119730185497,1.2141652613827991,0.0,0.0,0.0,87.27,25.0,16.67,40.0,0.0,43.4,25.0,42.86,0.0483412883263018,0.0797756006340325,0.1517706576728499,4.856661045531197,0.165112081618887,1.2141652613827991,0.0,0.6070826306913997,0.0988874726812816,2.2765598650927488,RM/RCM,43,50,43,50,57,57,71,29,71,21,36,29,21,86,86,43,29,64,21,100,50,71,57,50,57,71,43,36,57,21,43,36,29,29,71,43,100,100,86,14,14,57,14,14,14,14,29,43,57,57,29,57,14,43,14,21,57,57,43,29,29,21,57,29,57,57,50,57,71,43,36,57,21,43,36,29,14,71,29,86,86,57,14,14,43,14,Danish 2nd Tier
Aarhus Fremad,bfwi3pjyg3whbn0tpsz19e8hq,7zb57r5m7lmvj3xlf9y1ldez8,Marcus Kirchheiner,Marcus Løvenbalk Kirchheiner,29.0,Defender,Denmark,Defender,155.0,107.0,261.0,8.0,30.0,529.0,7.0,1.0,26.0,2.0,4.0,2.0,2.0,2.0,9.0,9.0,39.0,0.0,6.0,0.0,6.0,8.0,4.0,0.0,0.0,0.0,78.38,37.68,12.5,44.44,0.0,48.39,57.14,72.73,0.2828766805826839,0.2586021140556059,3.0,12.0,0.29778432,6.0,30.0,30.0,0.8281323899999999,162.0,26.370510396975423,18.20415879017013,44.40453686200378,1.3610586011342154,5.103969754253308,1.1909262759924384,0.1701323251417769,4.4234404536862,0.3402646502835538,0.6805293005671077,0.3402646502835538,0.3402646502835538,0.3402646502835538,1.5311909262759924,1.5311909262759924,6.6351606805293,0.0,1.0207939508506616,0.0,1.0207939508506616,1.3610586011342154,0.6805293005671077,0.0,0.0,0.0,78.38,37.68,12.5,44.44,0.0,48.39,57.14,72.73,0.0481264673959197,0.0439965789508592,0.5103969754253308,2.041587901701323,0.0506627387523629,1.0207939508506616,5.103969754253308,5.103969754253308,0.1408920890359168,27.56143667296786,RB/RCB,100,80,80,80,87,77,37,100,23,80,63,87,93,97,93,100,47,67,40,60,87,83,53,40,43,53,53,33,60,40,60,87,73,73,47,83,80,80,77,93,93,73,93,93,60,73,67,93,67,27,100,20,73,40,87,93,87,87,100,47,60,40,47,73,87,53,40,43,53,53,33,60,40,60,87,73,73,40,87,73,73,60,93,93,67,100,Danish 2nd Tier
Aarhus Fremad,bfwi3pjyg3whbn0tpsz19e8hq,8rqctff92ui8fanzbk6skyyac,E. Egerton,Elias Caspersen Egerton,22.0,Midfielder,Norway,Midfielder,50.0,95.0,145.0,1.0,27.0,630.0,14.0,0.0,3.0,7.0,13.0,9.0,4.0,6.0,13.0,13.0,5.0,1.0,1.0,3.0,27.0,4.0,5.0,0.0,3.0,0.0,81.46,75.0,0.0,38.46,23.08,39.13,7.69,57.14,1.2584638543194595,0.5587390600914284,5.0,17.0,0.52369847,7.0,8.0,9.0,0.4600841,44.0,7.142857142857143,13.571428571428571,20.714285714285715,0.1428571428571428,3.857142857142857,2.0,0.0,0.4285714285714285,1.0,1.8571428571428568,1.2857142857142858,0.5714285714285714,0.8571428571428571,1.8571428571428568,1.8571428571428568,0.7142857142857143,0.1428571428571428,0.1428571428571428,0.4285714285714285,3.857142857142857,0.5714285714285714,0.7142857142857143,0.0,0.4285714285714285,0.0,81.46,75.0,0.0,38.46,23.08,39.13,7.69,57.14,0.1797805506170656,0.0798198657273469,0.7142857142857143,2.4285714285714284,0.0748140671428571,1.0,1.1428571428571428,1.2857142857142858,0.0657263,6.285714285714286,CM/AM,58,54,50,27,65,90,19,33,50,77,83,65,81,75,71,60,62,21,58,88,54,73,48,96,50,42,81,19,27,23,19,19,46,73,50,81,77,85,63,35,27,38,31,27,15,23,19,31,81,19,23,8,50,65,50,73,58,54,38,42,19,38,58,35,58,48,85,50,42,81,19,27,23,19,19,46,62,19,73,62,77,50,19,19,23,15,Danish 2nd Tier
Aarhus Fremad,bfwi3pjyg3whbn0tpsz19e8hq,9nafz0c0x2qvmo5ldm0djmcq1,M. Kaastrup,Magnus Kaastrup,25.0,Attacker,Denmark,Striker,101.0,200.0,292.0,2.0,59.0,712.0,34.0,9.0,12.0,16.0,23.0,9.0,14.0,11.0,54.0,58.0,0.0,4.0,0.0,7.0,42.0,3.0,20.0,1.0,1.0,0.0,86.14,63.16,20.93,37.04,30.43,52.68,66.67,100.0,1.5809542215359715,1.4145063579483272,17.0,48.0,1.3081492699999997,18.0,21.0,32.0,0.6473213100000001,101.0,12.766853932584269,25.280898876404493,36.91011235955056,0.2528089887640449,7.457865168539326,4.297752808988764,1.1376404494382022,1.5168539325842696,2.02247191011236,2.907303370786517,1.1376404494382022,1.7696629213483146,1.3904494382022472,6.825842696629214,7.331460674157303,0.0,0.5056179775280899,0.0,0.8848314606741573,5.308988764044944,0.3792134831460674,2.528089887640449,0.1264044943820224,0.1264044943820224,0.0,86.14,63.16,20.93,37.04,30.43,52.68,66.67,100.0,0.1998397190143784,0.1787999609766143,2.148876404494382,6.067415730337078,0.1653559470505617,2.2752808988764044,2.654494382022472,4.044943820224719,0.0818243228932584,12.766853932584269,LW,100,100,100,50,100,100,86,100,86,100,64,100,100,100,100,21,100,21,79,100,79,100,93,86,57,86,71,57,71,29,100,100,100,100,86,100,100,100,100,100,100,86,100,100,100,100,43,100,100,71,86,71,57,43,86,100,100,100,21,100,21,57,57,71,100,86,71,57,86,71,57,71,29,100,100,100,43,71,100,100,86,100,86,86,43,100,Danish 2nd Tier
Aarhus Fremad,bfwi3pjyg3whbn0tpsz19e8hq,df9m624q4gqk35f4y3ohxch04,M. Ryberg,Marcus Ryberg,20.0,Midfielder,Denmark,Midfielder,142.0,162.0,304.0,6.0,20.0,446.0,10.0,0.0,7.0,6.0,2.0,2.0,0.0,2.0,2.0,2.0,4.0,0.0,7.0,0.0,8.0,2.0,0.0,0.0,0.0,0.0,93.54,70.0,0.0,0.0,0.0,57.14,75.0,50.0,0.1967981066744962,0.5120073676844747,0.0,16.0,0.41978074,6.0,33.0,32.0,0.8000893499999999,160.0,28.654708520179373,32.690582959641254,61.345291479820624,1.210762331838565,4.035874439461884,2.0179372197309418,0.0,1.412556053811659,1.210762331838565,0.4035874439461883,0.4035874439461883,0.0,0.4035874439461883,0.4035874439461883,0.4035874439461883,0.8071748878923767,0.0,1.412556053811659,0.0,1.6143497757847534,0.4035874439461883,0.0,0.0,0.0,0.0,93.54,70.0,0.0,0.0,0.0,57.14,75.0,50.0,0.0397126224231046,0.1033198724026966,0.0,3.2286995515695067,0.0847091179372197,1.210762331838565,6.659192825112108,6.457399103139013,0.1614530078475336,32.28699551569507,DM/CM,80,78,80,72,36,90,24,36,70,20,64,12,72,26,26,6,38,56,24,76,12,18,52,38,52,100,100,24,18,24,64,100,28,36,72,18,80,76,78,72,76,68,80,92,92,92,72,36,92,24,24,88,20,68,12,72,32,32,12,38,68,24,68,12,18,52,38,52,100,100,24,18,24,64,100,28,36,80,18,88,92,84,92,96,80,96,Danish 2nd Tier
Esbjerg,f1h34qp5zbfl489q8vnkhiq9s,15yli690oxmbr4dl1ksti2p9m,M. Maden,Mikail Maden,24.0,Midfielder,Norway,Midfielder,63.0,73.0,131.0,2.0,21.0,464.0,6.0,5.0,4.0,4.0,6.0,3.0,3.0,1.0,7.0,7.0,8.0,0.0,2.0,4.0,13.0,4.0,6.0,0.0,1.0,0.0,86.18,44.44,18.52,85.71,66.67,70.0,40.0,57.14,0.485867815297247,0.4268686495321608,4.0,4.0,0.11708857,3.0,13.0,17.0,0.3000733899999999,58.0,12.219827586206897,14.159482758620689,25.409482758620687,0.3879310344827586,4.073275862068965,1.1637931034482758,0.9698275862068964,0.7758620689655172,0.7758620689655172,1.1637931034482758,0.5818965517241379,0.5818965517241379,0.1939655172413793,1.357758620689655,1.357758620689655,1.5517241379310345,0.0,0.3879310344827586,0.7758620689655172,2.521551724137931,0.7758620689655172,1.1637931034482758,0.0,0.1939655172413793,0.0,86.18,44.44,18.52,85.71,66.67,70.0,40.0,57.14,0.0942416021050694,0.0827977984006346,0.7758620689655172,0.7758620689655172,0.0227111450431034,0.5818965517241379,2.521551724137931,3.297413793103448,0.0582038903017241,11.25,DM/CM,30,32,28,24,40,70,94,14,48,72,82,64,44,70,70,56,38,18,88,96,24,84,52,88,52,68,36,56,100,98,100,40,46,80,68,86,30,32,50,42,40,32,36,16,4,8,24,40,56,100,16,48,64,80,68,40,68,68,40,38,12,100,96,36,88,52,88,52,68,36,56,100,98,100,40,46,84,68,88,32,36,48,24,24,20,24,Danish 2nd Tier
Esbjerg,f1h34qp5zbfl489q8vnkhiq9s,37mo55lynu3blqnb8k9ln8k16,P. Tjørnelund,Patrick Tjørnelund,24.0,Defender,Denmark,Defender,39.0,64.0,101.0,7.0,12.0,302.0,2.0,2.0,7.0,5.0,3.0,2.0,1.0,0.0,1.0,1.0,9.0,1.0,3.0,1.0,13.0,2.0,0.0,0.0,1.0,0.0,72.66,41.18,25.0,0.0,33.33,42.86,50.0,66.67,0.4459178363663431,0.3056586466889132,1.0,3.0,0.06207,4.0,8.0,14.0,0.39764663,44.0,11.62251655629139,19.072847682119203,30.09933774834437,2.086092715231788,3.576158940397351,0.5960264900662251,0.5960264900662251,2.086092715231788,1.490066225165563,0.8940397350993378,0.5960264900662251,0.2980132450331125,0.0,0.2980132450331125,0.2980132450331125,2.6821192052980134,0.2980132450331125,0.8940397350993378,0.2980132450331125,3.874172185430464,0.5960264900662251,0.0,0.0,0.2980132450331125,0.0,72.66,41.18,25.0,0.0,33.33,42.86,50.0,66.67,0.1328894214336784,0.0910903251721926,0.2980132450331125,0.8940397350993378,0.0184976821192052,1.1920529801324502,2.3841059602649004,4.172185430463576,0.1185039625827814,13.112582781456954,RB/RCB,20,40,27,73,40,27,57,30,70,67,63,73,27,30,27,30,97,33,83,80,30,20,53,80,43,13,67,53,20,93,33,67,47,80,53,73,47,47,60,53,60,47,57,20,67,40,93,47,33,67,40,80,80,80,80,27,33,27,33,100,47,87,100,27,20,53,87,43,13,67,53,20,93,33,67,47,93,67,73,47,40,80,73,80,53,67,Danish 2nd Tier
Esbjerg,f1h34qp5zbfl489q8vnkhiq9s,3wcovk788oghhwozsg5v69las,J. Ampofo,James Ampofo,22.0,Attacker,Ghana,Striker,6.0,26.0,32.0,1.0,5.0,219.0,1.0,0.0,1.0,4.0,8.0,5.0,3.0,1.0,3.0,3.0,2.0,1.0,1.0,2.0,14.0,1.0,1.0,0.0,0.0,0.0,80.0,50.0,0.0,33.33,25.0,33.33,33.33,50.0,0.0,0.0,0.0,0.0,0.0,0.0,0.0,0.0,0.0,0.0,2.4657534246575343,10.684931506849315,13.15068493150685,0.4109589041095891,2.054794520547945,0.4109589041095891,0.0,0.4109589041095891,1.6438356164383563,3.2876712328767126,2.054794520547945,1.2328767123287672,0.4109589041095891,1.2328767123287672,1.2328767123287672,0.8219178082191781,0.4109589041095891,0.4109589041095891,0.8219178082191781,5.753424657534247,0.4109589041095891,0.4109589041095891,0.0,0.0,0.0,80.0,50.0,0.0,33.33,25.0,33.33,33.33,50.0,0.0,0.0,0.0,0.0,0.0,0.0,0.0,0.0,0.0,0.0,ST,10,14,14,9,7,3,33,29,31,28,29,50,24,12,10,36,52,50,28,28,21,19,50,31,52,86,47,33,34,38,16,31,21,5,5,9,7,7,10,5,5,5,5,24,59,38,14,7,7,33,45,76,69,69,72,41,34,31,55,79,62,55,72,45,34,50,31,52,86,47,33,34,38,16,31,21,5,5,9,7,7,10,5,5,5,5,Danish 2nd Tier
Esbjerg,f1h34qp5zbfl489q8vnkhiq9s,4krwgfspxdgpq1pli11b04iga,M. Brajanac,Muamer Brajanac,25.0,Attacker,Denmark,Striker,28.0,69.0,97.0,28.0,40.0,707.0,3.0,0.0,3.0,5.0,26.0,15.0,11.0,7.0,12.0,13.0,15.0,1.0,2.0,12.0,30.0,2.0,6.0,0.0,0.0,0.0,75.78,75.0,0.0,50.0,46.15,37.74,41.18,66.67,2.262983216666636,0.476299350022244,13.0,9.0,0.2843876899999999,2.0,10.0,9.0,0.7059105499999997,35.0,3.5643564356435644,8.783592644978784,12.347949080622348,3.5643564356435644,5.091937765205092,0.3818953323903819,0.0,0.3818953323903819,0.6364922206506365,3.30975954738331,1.9094766619519088,1.4002828854314004,0.8910891089108911,1.5275813295615277,1.654879773691655,1.9094766619519088,0.1272984441301273,0.2545968882602546,1.5275813295615277,3.818953323903819,0.2545968882602546,0.7637906647807639,0.0,0.0,0.0,75.78,75.0,0.0,50.0,46.15,37.74,41.18,66.67,0.2880742425742535,0.0606321661980225,1.654879773691655,1.1456859971711455,0.0362021104667609,0.2545968882602546,1.272984441301273,1.1456859971711455,0.0898613147100424,4.455445544554456,ST,69,66,64,93,83,22,33,67,52,97,83,98,97,83,81,93,52,69,95,88,41,81,50,31,52,66,90,33,69,86,31,66,40,83,59,100,66,72,47,71,64,79,59,41,34,34,86,55,3,33,41,24,72,66,90,86,52,52,86,34,55,79,41,24,66,50,31,52,66,90,33,69,86,31,66,40,62,41,97,38,31,34,55,48,66,45,Danish 2nd Tier
Esbjerg,f1h34qp5zbfl489q8vnkhiq9s,4yyiv4t6irqpeayug5qgvmkmh,B. Hvidt,Benjamin Hvidt,26.0,Midfielder,Denmark,Midfielder,144.0,117.0,261.0,3.0,26.0,611.0,5.0,0.0,15.0,4.0,3.0,1.0,2.0,0.0,11.0,11.0,19.0,1.0,11.0,1.0,2.0,11.0,1.0,0.0,0.0,0.0,80.06,42.86,0.0,9.09,33.33,41.27,25.0,64.71,0.2735772921348373,0.3092338419859852,1.0,13.0,0.28073564,4.0,29.0,28.0,0.7561166299999998,123.0,21.21112929623568,17.23404255319149,38.44517184942717,0.44189852700491,3.8297872340425534,0.7364975450081833,0.0,2.20949263502455,0.5891980360065466,0.44189852700491,0.1472995090016366,0.2945990180032733,0.0,1.620294599018003,1.620294599018003,2.7986906710310966,0.1472995090016366,1.620294599018003,0.1472995090016366,0.2945990180032733,1.620294599018003,0.1472995090016366,0.0,0.0,0.0,80.06,42.86,0.0,9.09,33.33,41.27,25.0,64.71,0.0402978008054588,0.0455499930912253,0.1472995090016366,1.9148936170212767,0.0413522219312602,0.5891980360065466,4.271685761047463,4.124386252045826,0.1113756083469721,18.117839607201308,DM/CM,84,40,56,36,66,44,24,70,48,46,38,48,14,86,86,94,88,84,58,26,84,46,52,38,52,24,28,24,36,70,16,20,60,52,44,44,70,68,60,66,62,64,60,60,16,48,36,32,32,24,44,36,24,28,32,14,76,76,76,84,72,52,12,68,36,52,38,52,24,28,24,36,70,16,20,60,40,40,40,52,52,52,52,48,60,40,Danish 2nd Tier
Esbjerg,f1h34qp5zbfl489q8vnkhiq9s,5sha6xhovfmuzd7rolx1om39w,J. Lucena,Julius Lucena,18.0,Attacker,Denmark,Striker,4.0,15.0,19.0,6.0,13.0,210.0,4.0,0.0,0.0,1.0,3.0,2.0,1.0,0.0,3.0,3.0,2.0,0.0,3.0,1.0,6.0,0.0,0.0,0.0,0.0,0.0,48.72,0.0,0.0,0.0,33.33,41.94,37.5,0.0,0.3134762246059096,0.0532473871485632,1.0,3.0,0.08476302,0.0,2.0,1.0,0.0153082099999999,8.0,1.7142857142857142,6.428571428571428,8.142857142857142,2.571428571428571,5.571428571428571,1.7142857142857142,0.0,0.0,0.4285714285714285,1.2857142857142856,0.8571428571428571,0.4285714285714285,0.0,1.2857142857142856,1.2857142857142856,0.8571428571428571,0.0,1.2857142857142856,0.4285714285714285,2.571428571428571,0.0,0.0,0.0,0.0,0.0,48.72,0.0,0.0,0.0,33.33,41.94,37.5,0.0,0.1343469534025327,0.0228203087779556,0.4285714285714285,1.2857142857142856,0.0363270085714285,0.0,0.8571428571428571,0.4285714285714285,0.0065606614285713,3.4285714285714284,ST,5,3,3,55,21,38,33,12,3,3,9,16,9,12,10,36,17,83,12,7,5,9,50,31,52,3,12,33,9,43,55,53,5,10,10,22,17,17,10,22,12,10,14,3,14,10,72,69,76,33,12,10,10,14,34,9,38,34,59,17,100,21,14,5,9,50,31,52,3,12,33,9,43,55,53,5,21,10,34,48,34,10,31,17,10,31,Danish 2nd Tier
Esbjerg,f1h34qp5zbfl489q8vnkhiq9s,6m4anciafmzc24s44xszymbc9,P. Bjur,Peter Bjur,26.0,Midfielder,Denmark,Midfielder,17.0,58.0,72.0,1.0,14.0,279.0,0.0,3.0,4.0,5.0,6.0,3.0,3.0,1.0,13.0,13.0,8.0,1.0,2.0,1.0,12.0,3.0,9.0,0.0,0.0,0.0,77.42,40.0,30.0,69.23,16.67,46.67,25.0,75.0,0.398045264943498,0.5892705466208907,5.0,12.0,0.42352499,3.0,7.0,12.0,0.7203706499999998,29.0,5.483870967741935,18.70967741935484,23.225806451612904,0.3225806451612903,4.516129032258064,0.0,0.9677419354838708,1.2903225806451613,1.6129032258064515,1.935483870967741,0.9677419354838708,0.9677419354838708,0.3225806451612903,4.193548387096774,4.193548387096774,2.5806451612903225,0.3225806451612903,0.6451612903225806,0.3225806451612903,3.870967741935484,0.9677419354838708,2.903225806451613,0.0,0.0,0.0,77.42,40.0,30.0,69.23,16.67,46.67,25.0,75.0,0.1284016983688703,0.1900872731035131,1.6129032258064515,3.870967741935484,0.136620964516129,0.9677419354838708,2.258064516129032,3.870967741935484,0.2323776290322579,9.35483870967742,RM/RCM,14,29,14,21,43,14,71,71,57,64,64,64,50,64,64,57,71,36,50,57,50,86,57,50,57,43,71,86,100,43,57,36,86,43,86,86,71,71,14,57,57,71,43,29,71,43,43,71,14,86,100,100,71,71,86,71,86,86,71,100,57,71,71,57,86,57,50,57,43,71,86,100,43,57,36,86,71,100,86,71,71,43,57,86,100,43,Danish 2nd Tier
Esbjerg,f1h34qp5zbfl489q8vnkhiq9s,8uqsrzfe8mnhs8v3ii2v7b2tw,G. Bjerge,Gustav Bjerge,20.0,Defender,Denmark,Defender,147.0,97.0,241.0,9.0,26.0,437.0,2.0,3.0,13.0,5.0,1.0,1.0,0.0,0.0,4.0,4.0,21.0,0.0,12.0,0.0,2.0,9.0,2.0,0.0,1.0,0.0,85.46,39.39,37.5,50.0,0.0,57.78,47.37,69.23,0.0843486554859036,0.5717012785678044,1.0,4.0,0.0999366099999999,2.0,5.0,10.0,0.8604719399999998,89.0,30.27459954233409,19.977116704805493,49.63386727688788,1.853546910755149,5.354691075514874,0.4118993135011441,0.6178489702517163,2.677345537757437,1.0297482837528604,0.205949656750572,0.205949656750572,0.0,0.0,0.8237986270022883,0.8237986270022883,4.324942791762014,0.0,2.471395881006865,0.0,0.4118993135011441,1.853546910755149,0.4118993135011441,0.0,0.205949656750572,0.0,85.46,39.39,37.5,50.0,0.0,57.78,47.37,69.23,0.0173715766446941,0.1177416820849025,0.205949656750572,0.8237986270022883,0.0205819105263157,0.4118993135011441,1.0297482837528604,2.059496567505721,0.1772139006864988,18.32951945080092,CB,56,50,44,42,62,32,89,42,85,15,19,28,24,81,79,47,38,78,12,10,90,79,51,86,38,64,44,86,74,12,44,14,61,19,92,64,54,61,58,22,36,78,33,44,53,53,31,67,31,86,44,89,14,19,28,24,83,83,42,38,92,12,8,94,83,51,89,38,64,44,86,74,12,44,14,61,22,92,67,64,75,69,22,31,86,33,Danish 2nd Tier
Esbjerg,f1h34qp5zbfl489q8vnkhiq9s,ajk0mbprro09pccglih9y740k,A. Sønderskov,Anders Sønderskov,20.0,Defender,Denmark,Defender,219.0,112.0,331.0,16.0,25.0,516.0,2.0,0.0,12.0,1.0,4.0,4.0,0.0,0.0,3.0,3.0,42.0,1.0,8.0,2.0,5.0,4.0,2.0,0.0,0.0,0.0,89.46,40.0,0.0,66.67,50.0,58.14,59.26,80.0,0.5472789534082478,0.060782962988436,0.0,5.0,0.09349494,1.0,21.0,32.0,0.4523195199999997,173.0,38.19767441860465,19.53488372093023,57.73255813953488,2.7906976744186047,4.3604651162790695,0.3488372093023256,0.0,2.0930232558139537,0.1744186046511628,0.6976744186046512,0.6976744186046512,0.0,0.0,0.5232558139534884,0.5232558139534884,7.325581395348837,0.1744186046511628,1.3953488372093024,0.3488372093023256,0.872093023255814,0.6976744186046512,0.3488372093023256,0.0,0.0,0.0,89.46,40.0,0.0,66.67,50.0,58.14,59.26,80.0,0.0954556314084153,0.0106016795910062,0.0,0.872093023255814,0.0163072569767441,0.1744186046511628,3.6627906976744176,5.5813953488372094,0.0788929395348836,30.17441860465116,CB,67,58,72,67,56,32,36,36,33,50,67,28,24,69,69,78,85,56,79,39,42,79,51,39,38,89,47,36,88,90,53,47,76,64,39,26,62,58,43,53,68,44,62,78,47,75,64,42,22,36,25,33,47,67,28,24,69,69,89,94,50,78,31,42,81,51,39,38,89,47,36,88,90,53,47,76,69,39,26,67,64,47,56,75,36,72,Danish 2nd Tier
Esbjerg,f1h34qp5zbfl489q8vnkhiq9s,auv81snxkpk2ybxzi8giy5azt,N. Strunck,Nicklas Strunck,27.0,Midfielder,Denmark,Midfielder,47.0,68.0,114.0,0.0,8.0,270.0,4.0,1.0,4.0,5.0,4.0,0.0,4.0,2.0,1.0,1.0,6.0,1.0,2.0,1.0,7.0,3.0,1.0,0.0,0.0,0.0,91.2,57.14,100.0,100.0,25.0,50.0,0.0,100.0,0.0,0.0,0.0,0.0,0.0,0.0,0.0,0.0,0.0,0.0,15.666666666666666,22.666666666666668,38.0,0.0,2.6666666666666665,1.3333333333333333,0.3333333333333333,1.3333333333333333,1.6666666666666667,1.3333333333333333,0.0,1.3333333333333333,0.6666666666666666,0.3333333333333333,0.3333333333333333,2.0,0.3333333333333333,0.6666666666666666,0.3333333333333333,2.333333333333333,1.0,0.3333333333333333,0.0,0.0,0.0,91.2,57.14,100.0,100.0,25.0,50.0,0.0,100.0,0.0,0.0,0.0,0.0,0.0,0.0,0.0,0.0,0.0,0.0,CM/AM,48,31,40,10,10,38,44,42,31,27,8,65,48,4,4,73,62,38,21,19,38,21,48,31,50,100,54,98,100,29,69,10,96,4,4,10,4,4,8,4,4,4,4,77,58,69,10,12,58,42,54,58,38,8,73,65,8,8,92,85,50,27,35,62,23,48,31,50,100,54,98,100,29,69,10,96,4,4,10,4,4,8,4,4,4,4,Danish 2nd Tier
Esbjerg,f1h34qp5zbfl489q8vnkhiq9s,cod92jjb3qqrg6n1tu15ciwpg,M. Hansen,Marcus Winther Hansen,24.0,Midfielder,Denmark,Midfielder,17.0,48.0,64.0,6.0,10.0,186.0,2.0,1.0,3.0,4.0,7.0,6.0,1.0,1.0,5.0,5.0,4.0,0.0,2.0,2.0,12.0,1.0,1.0,0.0,1.0,0.0,86.49,100.0,7.69,20.0,28.57,41.67,75.0,100.0,1.0016976992093574,0.4066056440863784,0.0,4.0,0.12000353,2.0,3.0,5.0,0.51365582,24.0,8.225806451612902,23.2258064516129,30.96774193548387,2.9032258064516125,4.838709677419354,0.9677419354838708,0.4838709677419354,1.4516129032258065,1.935483870967741,3.387096774193548,2.9032258064516125,0.4838709677419354,0.4838709677419354,2.419354838709677,2.419354838709677,1.935483870967741,0.0,0.9677419354838708,0.9677419354838708,5.806451612903225,0.4838709677419354,0.4838709677419354,0.0,0.4838709677419354,0.0,86.49,100.0,7.69,20.0,28.57,41.67,75.0,100.0,0.4846924351013019,0.1967446664934088,0.0,1.935483870967741,0.0580662241935483,0.9677419354838708,1.4516129032258065,2.419354838709677,0.2485431387096774,11.61290322580645,CM/AM,15,15,15,73,15,21,44,33,17,40,58,17,27,44,42,48,19,38,38,48,17,21,48,69,50,85,96,38,15,35,23,96,96,65,31,10,17,19,23,15,17,42,19,35,62,50,96,62,42,54,58,77,88,92,38,50,73,69,88,19,73,79,92,31,31,48,96,50,85,96,38,15,35,23,96,96,96,85,10,42,58,46,27,31,92,35,Danish 2nd Tier
Esbjerg,f1h34qp5zbfl489q8vnkhiq9s,cy4iqzsaxd9c9v07s4m93caac,J. Foss,Jonathan Foss,22.0,Defender,Denmark,Defender,254.0,184.0,438.0,15.0,33.0,720.0,1.0,0.0,31.0,0.0,5.0,4.0,1.0,1.0,0.0,0.0,58.0,1.0,14.0,1.0,5.0,11.0,0.0,0.0,0.0,2.0,85.05,39.24,0.0,0.0,20.0,67.35,57.69,64.71,0.5579729223841021,0.0,1.0,7.0,0.13432084,2.0,31.0,33.0,0.6748630599999996,251.0,31.75,23.0,54.75,1.875,4.125,0.125,0.0,3.875,0.0,0.625,0.5,0.125,0.125,0.0,0.0,7.25,0.125,1.75,0.125,0.625,1.375,0.0,0.0,0.0,0.25,85.05,39.24,0.0,0.0,20.0,67.35,57.69,64.71,0.0697466152980127,0.0,0.125,0.875,0.016790105,0.25,3.875,4.125,0.0843578824999999,31.375,CB,86,89,90,58,72,17,36,88,14,60,67,64,64,15,15,94,85,89,46,39,97,25,51,39,99,56,42,36,25,38,86,42,47,67,17,64,75,72,58,76,72,64,89,50,69,68,33,35,12,36,64,14,40,44,56,51,15,15,86,79,75,28,21,83,25,51,39,94,56,42,36,25,38,86,42,47,47,17,54,71,67,53,62,56,42,78,Danish 2nd Tier
Esbjerg,f1h34qp5zbfl489q8vnkhiq9s,djm3hebvv79jo679zzd2b71g4,J. Kolawole,Oluwatomiwa Kolawole,22.0,Midfielder,Nigeria,Midfielder,41.0,71.0,111.0,3.0,23.0,413.0,5.0,1.0,7.0,8.0,3.0,2.0,1.0,0.0,17.0,17.0,0.0,0.0,4.0,2.0,10.0,3.0,11.0,0.0,3.0,0.0,75.0,36.84,14.29,64.71,66.67,54.76,42.86,75.0,0.283636602917814,0.6178465174873761,1.0,12.0,0.33999496,5.0,19.0,19.0,0.6437559199999999,47.0,8.934624697336563,15.472154963680389,24.18886198547216,0.6537530266343826,5.012106537530267,1.089588377723971,0.2179176755447942,1.5254237288135597,1.7433414043583535,0.6537530266343826,0.4358353510895884,0.2179176755447942,0.0,3.7046004842615017,3.7046004842615017,0.0,0.0,0.8716707021791769,0.4358353510895884,2.179176755447942,0.6537530266343826,2.397094430992736,0.0,0.6537530266343826,0.0,75.0,36.84,14.29,64.71,66.67,54.76,42.86,75.0,0.0618094292072718,0.134639676934295,0.2179176755447942,2.6150121065375305,0.0740909113801452,1.089588377723971,4.14043583535109,4.14043583535109,0.1402857937046004,10.242130750605329,CM/AM,38,37,33,46,52,50,44,52,62,13,31,17,8,88,88,4,19,58,38,42,38,98,48,96,50,15,23,42,81,100,77,60,79,15,58,31,56,58,48,60,56,54,35,42,23,27,42,69,50,38,62,69,15,27,12,8,100,100,4,19,58,42,31,42,100,48,100,50,15,23,42,81,100,77,60,79,19,54,23,65,73,58,73,50,62,31,Danish 2nd Tier
Esbjerg,f1h34qp5zbfl489q8vnkhiq9s,f5gja2wqjlm60rideia16jpm2,S. Strand,Sander Eng Strand,25.0,Defender,Norway,Defender,85.0,154.0,227.0,3.0,24.0,714.0,7.0,12.0,10.0,11.0,2.0,1.0,1.0,1.0,8.0,10.0,18.0,0.0,7.0,1.0,11.0,8.0,2.0,0.0,2.0,0.0,77.47,23.81,28.57,25.0,50.0,50.0,33.33,66.67,0.1133721662501293,1.386553778929782,1.0,22.0,0.5242892199999999,18.0,23.0,29.0,1.43339345,98.0,10.714285714285714,19.41176470588235,28.61344537815126,0.3781512605042016,3.0252100840336134,0.8823529411764706,1.512605042016807,1.2605042016806722,1.3865546218487397,0.2521008403361344,0.1260504201680672,0.1260504201680672,0.1260504201680672,1.0084033613445378,1.2605042016806722,2.26890756302521,0.0,0.8823529411764706,0.1260504201680672,1.3865546218487397,1.0084033613445378,0.2521008403361344,0.0,0.2521008403361344,0.0,77.47,23.81,28.57,25.0,50.0,50.0,33.33,66.67,0.0142906091911927,0.1747756864197204,0.1260504201680672,2.773109243697479,0.0660868764705882,2.26890756302521,2.899159663865546,3.6554621848739495,0.1806798466386554,12.352941176470589,LB/LCB,45,73,64,27,50,55,82,64,73,50,50,59,59,82,77,55,45,82,59,64,64,73,55,86,41,45,45,55,45,82,36,32,45,36,73,64,82,82,91,64,68,73,64,18,64,27,27,27,45,73,36,64,45,36,55,45,73,73,45,45,82,55,64,45,64,55,82,41,45,45,55,45,82,36,32,45,36,64,45,73,73,91,55,55,64,45,Danish 2nd Tier
Esbjerg,f1h34qp5zbfl489q8vnkhiq9s,lmrff8mviimc33yyrpjzr2tw,O. Boesen,Oskar Boesen,21.0,Midfielder,Denmark,Midfielder,70.0,118.0,185.0,0.0,16.0,410.0,2.0,3.0,8.0,7.0,2.0,0.0,2.0,0.0,6.0,7.0,8.0,0.0,5.0,0.0,1.0,7.0,3.0,0.0,0.0,0.0,82.22,44.44,50.0,50.0,0.0,48.48,0.0,63.64,0.1209837454557929,0.5876007611448298,1.0,12.0,0.25522161,3.0,19.0,18.0,0.38030772,80.0,15.365853658536588,25.902439024390244,40.609756097560975,0.0,3.5121951219512195,0.4390243902439024,0.6585365853658537,1.7560975609756098,1.5365853658536586,0.4390243902439024,0.0,0.4390243902439024,0.0,1.3170731707317074,1.5365853658536586,1.7560975609756098,0.0,1.0975609756097562,0.0,0.2195121951219512,1.5365853658536586,0.6585365853658537,0.0,0.0,0.0,82.22,44.44,50.0,50.0,0.0,48.48,0.0,63.64,0.0265574075390764,0.1289855329342309,0.2195121951219512,2.6341463414634148,0.0560242558536585,0.6585365853658537,4.170731707317073,3.951219512195122,0.0834821824390244,17.5609756097561,CM/AM,73,58,62,10,37,21,60,63,50,4,8,33,8,56,58,83,19,75,8,4,81,48,48,31,50,46,38,90,54,8,63,10,52,8,54,31,56,42,35,60,50,35,62,73,81,81,10,19,15,65,73,50,4,8,27,8,46,50,85,19,88,8,4,92,46,48,31,50,46,38,90,54,8,63,10,52,8,46,27,69,50,27,77,42,35,73,Danish 2nd Tier
Fredericia,6wwwud48qahpwrfxs20334qk5,1ai0gvdx68lxclbj6m255w72t,S. Crone,Svenn Crone,31.0,Defender,Denmark,Defender,136.0,194.0,328.0,5.0,23.0,704.0,7.0,2.0,13.0,12.0,8.0,4.0,4.0,2.0,8.0,8.0,9.0,0.0,8.0,2.0,24.0,1.0,5.0,0.0,2.0,0.0,85.64,56.52,9.09,62.5,25.0,46.0,31.25,16.67,0.6735093016261863,0.9824460569465164,6.0,42.0,1.18985622,22.0,14.0,22.0,1.0498846399999997,121.0,17.386363636363637,24.801136363636363,41.93181818181818,0.6392045454545455,2.940340909090909,0.8948863636363636,0.2556818181818182,1.6619318181818183,1.5340909090909092,1.0227272727272727,0.5113636363636364,0.5113636363636364,0.2556818181818182,1.0227272727272727,1.0227272727272727,1.150568181818182,0.0,1.0227272727272727,0.2556818181818182,3.0681818181818183,0.1278409090909091,0.6392045454545455,0.0,0.2556818181818182,0.0,85.64,56.52,9.09,62.5,25.0,46.0,31.25,16.67,0.0861020414010749,0.1255967970528217,0.7670454545454546,5.369318181818182,0.1521123008522727,2.8125,1.7897727272727273,2.8125,0.1342182068181817,15.46875,RB/RCB,87,100,100,50,73,77,57,63,100,93,87,100,93,87,87,30,47,83,93,100,10,97,53,90,43,93,93,27,73,80,40,20,7,87,93,100,100,100,100,73,80,80,87,47,80,67,13,13,53,40,20,87,87,73,100,87,80,80,20,47,67,80,93,7,80,53,80,43,93,93,27,73,80,40,20,7,80,80,100,100,100,100,40,53,60,73,Danish 2nd Tier
Fredericia,6wwwud48qahpwrfxs20334qk5,23sc7wc7my7wes6cuaxw1v0no,J. Lindekilde,Jonatan Lindekilde,20.0,Midfielder,Denmark,Midfielder,36.0,105.0,141.0,5.0,32.0,379.0,3.0,0.0,4.0,13.0,16.0,12.0,4.0,3.0,20.0,21.0,0.0,0.0,3.0,8.0,35.0,6.0,15.0,0.0,0.0,0.0,81.5,100.0,0.0,75.0,50.0,66.67,50.0,66.67,1.5825445440435884,1.208420327880415,4.0,25.0,0.7111885199999999,5.0,8.0,13.0,0.6102600899999999,47.0,8.54881266490765,24.934036939313984,33.482849604221634,1.1873350923482848,7.598944591029023,0.7124010554089709,0.0,0.949868073878628,3.0870712401055407,3.799472295514512,2.849604221635884,0.949868073878628,0.7124010554089709,4.749340369393139,4.986807387862797,0.0,0.0,0.7124010554089709,1.899736147757256,8.311345646437994,1.4248021108179418,3.5620052770448547,0.0,0.0,0.0,81.5,100.0,0.0,75.0,50.0,66.67,50.0,66.67,0.3758021344694537,0.2869599723198874,0.949868073878628,5.936675461741425,0.168883817414248,1.1873350923482848,1.899736147757256,3.0870712401055407,0.1449166440633245,11.160949868073878,LM/LCM,50,50,33,58,67,17,25,75,83,67,67,92,75,83,83,25,33,50,83,67,58,100,58,50,58,50,100,25,100,83,100,67,58,67,83,67,83,83,50,33,50,33,33,50,83,100,67,67,33,25,67,100,83,83,100,83,67,67,25,33,83,100,83,67,100,58,50,58,50,100,25,100,83,100,67,58,83,100,83,83,83,50,50,50,50,67,Danish 2nd Tier
Fredericia,6wwwud48qahpwrfxs20334qk5,2zt1yrfv8m2mhpo720n0uydck,D. Haarbo,Daniel Haarbo,23.0,Midfielder,Denmark,Midfielder,113.0,164.0,273.0,6.0,17.0,470.0,5.0,4.0,13.0,6.0,3.0,2.0,1.0,1.0,0.0,0.0,6.0,0.0,4.0,1.0,5.0,2.0,0.0,0.0,1.0,0.0,90.4,59.09,66.67,0.0,33.33,42.5,31.58,33.33,0.2850909044418588,0.5821588821588365,0.0,11.0,0.2265487899999998,4.0,35.0,33.0,0.8775719299999999,132.0,21.638297872340424,31.40425531914893,52.27659574468085,1.1489361702127658,3.25531914893617,0.9574468085106382,0.7659574468085106,2.48936170212766,1.1489361702127658,0.5744680851063829,0.3829787234042553,0.1914893617021276,0.1914893617021276,0.0,0.0,1.1489361702127658,0.0,0.7659574468085106,0.1914893617021276,0.9574468085106382,0.3829787234042553,0.0,0.0,0.1914893617021276,0.0,90.4,59.09,66.67,0.0,33.33,42.5,31.58,33.33,0.0545918753186538,0.1114772327538197,0.0,2.106382978723404,0.0433816831914893,0.7659574468085106,6.702127659574468,6.319148936170213,0.1680456887234042,25.27659574468085,DM/CM,64,84,76,72,30,44,88,58,70,46,64,32,44,6,6,30,38,36,58,48,12,18,52,88,52,96,76,96,18,70,24,28,4,56,84,18,62,64,60,80,80,84,64,68,88,76,64,28,48,88,48,76,36,64,28,36,6,6,24,38,24,56,52,8,18,52,84,52,96,76,96,18,70,24,28,4,44,92,18,60,56,60,96,92,84,84,Danish 2nd Tier
Fredericia,6wwwud48qahpwrfxs20334qk5,3od63zrf6cay4d6ync9i2iuqc,F. Rieper,Frederik Rieper,27.0,Defender,Denmark,Defender,303.0,230.0,532.0,19.0,23.0,720.0,0.0,1.0,62.0,7.0,13.0,8.0,5.0,1.0,1.0,1.0,35.0,3.0,6.0,5.0,19.0,2.0,1.0,0.0,0.0,0.0,84.71,55.86,50.0,100.0,38.46,52.27,59.38,66.67,1.444013845469218,0.5033934914442816,4.0,7.0,0.12724618,2.0,72.0,87.0,1.72005657,388.0,37.875,28.75,66.5,2.375,2.875,0.0,0.125,7.75,0.875,1.625,1.0,0.625,0.125,0.125,0.125,4.375,0.375,0.75,0.625,2.375,0.25,0.125,0.0,0.0,0.0,84.71,55.86,50.0,100.0,38.46,52.27,59.38,66.67,0.1805017306836522,0.0629241864305352,0.5,0.875,0.0159057725,0.25,9.0,10.875,0.21500707125,48.5,CB,97,100,100,81,42,6,76,100,92,100,97,97,64,42,42,61,99,32,100,94,21,60,51,39,38,50,92,93,97,78,11,50,54,100,89,100,75,69,58,100,100,97,100,72,83,89,49,11,6,74,100,83,94,82,92,51,32,32,46,97,10,97,86,10,51,51,39,38,50,92,93,97,78,11,50,54,97,75,94,71,58,53,100,100,94,100,Danish 2nd Tier
Fredericia,6wwwud48qahpwrfxs20334qk5,42j3pc9y10qfcabdvjwu179qs,L. Dauerhøj,Lauritz Dauerhøj,21.0,Defender,Denmark,Defender,100.0,240.0,330.0,2.0,34.0,720.0,8.0,10.0,7.0,23.0,14.0,7.0,7.0,6.0,11.0,12.0,5.0,1.0,3.0,2.0,26.0,16.0,5.0,0.0,0.0,0.0,83.33,25.93,28.57,45.45,14.29,50.0,33.33,84.21,1.0878463485420449,2.120846014579474,4.0,34.0,1.04960386,19.0,32.0,55.0,2.2059624600000003,157.0,12.5,30.0,41.25,0.25,4.25,1.0,1.25,0.875,2.875,1.75,0.875,0.875,0.75,1.375,1.5,0.625,0.125,0.375,0.25,3.25,2.0,0.625,0.0,0.0,0.0,83.33,25.93,28.57,45.45,14.29,50.0,33.33,84.21,0.1359807935677556,0.2651057518224342,0.5,4.25,0.1312004825,2.375,4.0,6.875,0.2757453075,19.625,LB/LCB,64,91,82,9,91,64,73,45,100,100,100,100,100,100,100,18,95,41,82,100,100,100,55,27,41,82,64,55,82,55,36,32,82,100,91,100,100,100,100,91,91,91,91,36,91,73,9,55,55,64,27,100,100,100,100,100,100,82,18,91,18,73,100,91,100,55,27,41,82,64,55,82,55,36,32,82,100,91,100,100,100,100,73,91,91,82,Danish 2nd Tier
Fredericia,6wwwud48qahpwrfxs20334qk5,45ssaw51hm80y1tfalyesap9m,E. Simonsen,Emilio Simonsen,26.0,Midfielder,Denmark,Midfielder,43.0,110.0,152.0,2.0,46.0,419.0,16.0,1.0,0.0,8.0,19.0,15.0,4.0,6.0,30.0,31.0,0.0,1.0,3.0,7.0,41.0,9.0,13.0,0.0,0.0,0.0,86.36,0.0,33.33,43.33,36.84,45.1,15.38,60.0,1.7634228883099423,0.7490863823230437,5.0,28.0,0.9217454,8.0,14.0,23.0,0.9764653000000002,68.0,9.236276849642003,23.62768496420048,32.64916467780429,0.4295942720763723,9.880668257756565,3.4367541766109784,0.2147971360381861,0.0,1.7183770883054892,4.081145584725537,3.221957040572792,0.8591885441527446,1.2887828162291168,6.443914081145584,6.658711217183771,0.0,0.2147971360381861,0.6443914081145584,1.503579952267303,8.806682577565631,1.933174224343676,2.79236276849642,0.0,0.0,0.0,86.36,0.0,33.33,43.33,36.84,45.1,15.38,60.0,0.3787781860331618,0.1609016095681955,1.0739856801909309,6.014319809069212,0.1979882720763723,1.7183770883054892,3.007159904534606,4.940334128878281,0.2097419498806683,14.606205250596656,LM/LCM,67,67,50,25,83,100,58,17,67,83,83,92,100,100,100,25,67,50,67,83,92,83,58,50,58,83,17,83,67,50,17,17,33,83,50,100,100,100,100,83,83,67,83,67,67,83,17,100,83,67,17,50,100,100,83,100,100,100,25,67,50,83,100,100,67,58,50,58,83,17,83,67,50,17,17,33,100,67,100,100,100,83,83,100,83,100,Danish 2nd Tier
Fredericia,6wwwud48qahpwrfxs20334qk5,5k4gsy5f7ius93bbks9wbvqei,A. Pyndt,Andreas Pyndt,25.0,Midfielder,Denmark,Midfielder,76.0,160.0,229.0,0.0,8.0,279.0,1.0,7.0,8.0,10.0,7.0,1.0,6.0,1.0,2.0,2.0,8.0,0.0,2.0,3.0,8.0,4.0,1.0,0.0,1.0,0.0,85.45,88.89,50.0,50.0,42.86,72.73,0.0,66.67,0.5220502164447334,0.9966112532679308,3.0,13.0,0.29247359,12.0,32.0,31.0,1.2861702000000002,122.0,24.516129032258064,51.61290322580645,73.87096774193549,0.0,2.5806451612903225,0.3225806451612903,2.258064516129032,2.5806451612903225,3.225806451612903,2.258064516129032,0.3225806451612903,1.935483870967741,0.3225806451612903,0.6451612903225806,0.6451612903225806,2.5806451612903225,0.0,0.6451612903225806,0.9677419354838708,2.5806451612903225,1.2903225806451613,0.3225806451612903,0.0,0.3225806451612903,0.0,85.45,88.89,50.0,50.0,42.86,72.73,0.0,66.67,0.1684032956273333,0.3214875010541712,0.9677419354838708,4.193548387096774,0.0943463193548387,3.870967741935484,10.32258064516129,10.0,0.4148936129032258,39.354838709677416,CM/AM,77,73,73,10,10,6,73,63,69,40,19,77,27,10,10,83,19,38,58,27,54,21,48,69,50,77,88,90,54,88,100,10,62,38,77,65,62,46,98,83,69,88,81,100,100,100,10,8,12,100,88,100,58,19,96,31,19,19,96,19,42,79,42,85,19,48,81,50,77,88,90,54,88,100,10,62,50,100,88,96,92,100,100,100,100,100,Danish 2nd Tier
Fredericia,6wwwud48qahpwrfxs20334qk5,65g5cfsdr10378yvmkpm19444,A. Dahl,Anders Dahl,24.0,Defender,Denmark,Defender,76.0,118.0,194.0,3.0,10.0,364.0,2.0,0.0,11.0,5.0,7.0,5.0,2.0,0.0,4.0,4.0,3.0,0.0,6.0,4.0,13.0,4.0,1.0,0.0,0.0,0.0,85.84,64.71,0.0,25.0,57.14,34.48,50.0,100.0,0.7986696412897675,0.3385355520927117,0.0,8.0,0.18369774,2.0,20.0,25.0,0.5817739399999999,93.0,18.791208791208792,29.17582417582417,47.96703296703297,0.7417582417582418,2.4725274725274726,0.4945054945054945,0.0,2.71978021978022,1.2362637362637363,1.7307692307692308,1.2362637362637363,0.4945054945054945,0.0,0.989010989010989,0.989010989010989,0.7417582417582418,0.0,1.4835164835164836,0.989010989010989,3.2142857142857144,0.989010989010989,0.2472527472527472,0.0,0.0,0.0,85.84,64.71,0.0,25.0,57.14,34.48,50.0,100.0,0.1974732629562612,0.0837038452976485,0.0,1.978021978021978,0.0454197708791208,0.4945054945054945,4.945054945054945,6.181318681318682,0.1438452049450549,22.994505494505496,CB,11,61,33,8,6,32,36,26,85,79,75,78,24,81,79,3,38,32,97,81,42,60,51,39,38,67,100,36,50,97,6,21,96,83,78,26,82,83,58,50,57,56,39,19,89,44,14,6,36,36,47,92,100,94,83,24,86,86,3,38,53,100,94,64,69,51,39,38,67,100,36,50,97,6,21,96,100,83,26,89,89,75,81,83,81,47,Danish 2nd Tier
Fredericia,6wwwud48qahpwrfxs20334qk5,7foqorbwhgqjghtxa2nax6kgk,A. Lyng,Alexander Lyng,21.0,Attacker,Denmark,Striker,17.0,45.0,56.0,0.0,7.0,198.0,4.0,6.0,1.0,10.0,9.0,8.0,1.0,3.0,3.0,3.0,0.0,1.0,0.0,1.0,20.0,0.0,1.0,0.0,1.0,0.0,71.79,14.29,33.33,33.33,11.11,33.33,0.0,0.0,0.8036647231217342,1.0724737895394174,1.0,8.0,0.30714511,4.0,6.0,9.0,0.3037975899999999,24.0,7.727272727272727,20.454545454545453,25.454545454545453,0.0,3.1818181818181817,1.818181818181818,2.727272727272727,0.4545454545454545,4.545454545454545,4.090909090909091,3.636363636363636,0.4545454545454545,1.3636363636363635,1.3636363636363635,1.3636363636363635,0.0,0.4545454545454545,0.0,0.4545454545454545,9.09090909090909,0.0,0.4545454545454545,0.0,0.4545454545454545,0.0,71.79,14.29,33.33,33.33,11.11,33.33,0.0,0.0,0.3653021468735155,0.4874880861542806,0.4545454545454545,3.636363636363636,0.1396114136363636,1.818181818181818,2.727272727272727,4.090909090909091,0.1380898136363635,10.909090909090908,LW,29,29,14,14,29,29,71,14,71,29,43,36,43,14,14,21,43,21,14,36,29,21,43,86,57,29,14,93,57,14,29,21,29,29,71,29,14,29,36,57,36,43,43,71,86,86,14,29,43,100,14,100,86,100,43,86,14,14,21,57,21,14,100,29,43,43,100,57,29,14,93,57,14,29,21,29,86,100,29,57,71,71,100,100,86,86,Danish 2nd Tier
Fredericia,6wwwud48qahpwrfxs20334qk5,7rt4wpc0qphwnvhn8jeazesfe,F. Winther,Felix Winther,26.0,Midfielder,Denmark,Midfielder,81.0,127.0,208.0,7.0,25.0,319.0,6.0,0.0,13.0,3.0,3.0,1.0,2.0,2.0,4.0,4.0,6.0,0.0,7.0,1.0,7.0,8.0,0.0,0.0,0.0,0.0,84.55,68.42,0.0,0.0,33.33,55.56,70.0,66.67,0.0,0.0,0.0,0.0,0.0,0.0,0.0,0.0,0.0,0.0,22.85266457680251,35.8307210031348,58.68338557993731,1.974921630094044,7.053291536050157,1.6927899686520378,0.0,3.6677115987460818,0.8463949843260189,0.8463949843260189,0.2821316614420063,0.5642633228840126,0.5642633228840126,1.1285266457680252,1.1285266457680252,1.6927899686520378,0.0,1.974921630094044,0.2821316614420063,1.974921630094044,2.2570532915360504,0.0,0.0,0.0,0.0,84.55,68.42,0.0,0.0,33.33,55.56,70.0,66.67,0.0,0.0,0.0,0.0,0.0,0.0,0.0,0.0,0.0,0.0,DM/CM,44,52,44,86,60,70,24,58,32,46,38,48,72,52,50,30,38,56,58,64,68,18,52,38,52,48,96,24,18,70,56,96,68,10,8,18,8,8,12,8,8,8,8,72,96,84,96,88,76,24,84,56,60,52,64,80,60,56,48,38,92,64,80,88,18,52,38,52,48,96,24,18,70,56,96,68,10,8,18,8,8,12,8,8,8,8,Danish 2nd Tier
Fredericia,6wwwud48qahpwrfxs20334qk5,9fvf8z6p8ok0n5vu999ysfywa,C. Jørgensen,Casper Jørgensen,24.0,Midfielder,Denmark,Midfielder,48.0,143.0,180.0,4.0,24.0,532.0,4.0,11.0,10.0,13.0,14.0,6.0,8.0,3.0,10.0,11.0,6.0,1.0,6.0,5.0,24.0,9.0,4.0,0.0,0.0,0.0,76.27,58.82,26.83,40.0,35.71,44.44,44.44,75.0,0.996490987091676,1.331949995733411,7.0,10.0,0.34291174,8.0,19.0,26.0,1.02952441,74.0,8.120300751879698,24.19172932330827,30.45112781954887,0.6766917293233082,4.060150375939849,0.6766917293233082,1.8609022556390973,1.6917293233082706,2.199248120300752,2.3684210526315788,1.0150375939849623,1.3533834586466165,0.5075187969924811,1.6917293233082706,1.8609022556390973,1.0150375939849623,0.169172932330827,1.0150375939849623,0.8458646616541353,4.060150375939849,1.5225563909774436,0.6766917293233082,0.0,0.0,0.0,76.27,58.82,26.83,40.0,35.71,44.44,44.44,75.0,0.1685793023275391,0.2253298864962537,1.1842105263157894,1.6917293233082706,0.0580113845864661,1.3533834586466165,3.214285714285714,4.398496240601504,0.1741676633458646,12.518796992481205,CM/AM,54,65,58,54,58,38,98,75,85,81,58,81,67,65,65,73,62,88,79,81,90,63,48,31,50,19,58,58,31,69,37,69,79,62,88,92,44,62,75,60,62,77,58,31,73,46,46,38,27,92,69,88,69,62,77,54,54,58,58,54,77,62,62,88,50,48,31,50,19,58,58,31,69,37,69,79,54,92,92,31,54,77,54,58,77,38,Danish 2nd Tier
Fredericia,6wwwud48qahpwrfxs20334qk5,9jqox80arzpytv1b136jobhpm,A. Bøndergaard,Asbjørn Bøndergaard,22.0,Attacker,Denmark,Striker,4.0,18.0,22.0,1.0,4.0,176.0,3.0,0.0,0.0,4.0,5.0,5.0,0.0,0.0,1.0,1.0,0.0,0.0,0.0,1.0,13.0,0.0,0.0,0.0,0.0,0.0,73.33,0.0,0.0,0.0,20.0,40.0,33.33,0.0,0.0,0.0,0.0,0.0,0.0,0.0,0.0,0.0,0.0,0.0,2.0454545454545454,9.204545454545457,11.25,0.5113636363636364,2.0454545454545454,1.5340909090909092,0.0,0.0,2.0454545454545454,2.556818181818182,2.556818181818182,0.0,0.0,0.5113636363636364,0.5113636363636364,0.0,0.0,0.0,0.5113636363636364,6.647727272727273,0.0,0.0,0.0,0.0,0.0,73.33,0.0,0.0,0.0,20.0,40.0,33.33,0.0,0.0,0.0,0.0,0.0,0.0,0.0,0.0,0.0,0.0,0.0,ST,5,7,7,9,3,22,33,12,31,12,29,5,9,3,3,9,17,21,12,24,5,9,50,31,52,41,12,33,9,24,45,31,5,5,5,9,7,7,10,5,5,5,5,10,41,24,24,3,66,33,12,90,45,83,5,9,7,7,9,17,21,28,83,5,9,50,31,52,41,12,33,9,24,45,31,5,5,5,9,7,7,10,5,5,5,5,Danish 2nd Tier
Fredericia,6wwwud48qahpwrfxs20334qk5,b1kyjkhaaiw32cb4bubbpm7tg,J. Kudsk,Jeppe Kudsk,23.0,Defender,Denmark,Defender,161.0,85.0,246.0,10.0,19.0,346.0,3.0,0.0,14.0,3.0,4.0,3.0,1.0,1.0,0.0,0.0,17.0,0.0,6.0,1.0,6.0,6.0,0.0,0.0,1.0,0.0,88.49,42.42,0.0,0.0,25.0,61.29,62.5,85.71,0.3871540890049857,0.0850492285457935,1.0,2.0,0.03870264,2.0,23.0,18.0,0.4230901999999999,145.0,41.878612716763,22.10982658959537,63.98843930635838,2.601156069364162,4.942196531791907,0.7803468208092486,0.0,3.6416184971098255,0.7803468208092486,1.0404624277456649,0.7803468208092486,0.2601156069364161,0.2601156069364161,0.0,0.0,4.421965317919075,0.0,1.560693641618497,0.2601156069364161,1.560693641618497,1.560693641618497,0.0,0.0,0.2601156069364161,0.0,88.49,42.42,0.0,0.0,25.0,61.29,62.5,85.71,0.1007048208394471,0.022122631702663,0.2601156069364161,0.5202312138728323,0.0100671606936416,0.5202312138728323,5.982658959537572,4.682080924855491,0.1100523641618496,37.71676300578034,CB,61,44,50,49,35,50,36,46,69,50,54,64,64,15,15,38,38,32,46,49,76,25,51,86,38,83,50,36,25,50,64,61,88,47,47,64,46,39,58,57,49,39,53,89,67,83,58,61,67,36,61,81,67,72,72,81,15,15,50,38,58,61,64,92,25,51,92,38,83,50,36,25,50,64,61,88,72,56,78,50,44,78,89,69,64,89,Danish 2nd Tier
Fredericia,6wwwud48qahpwrfxs20334qk5,dgcbjg2ymgi70yv1n8ugkv02c,A. Nygaard,Adam Nygaard,21.0,Defender,Denmark,Defender,141.0,109.0,250.0,9.0,15.0,331.0,2.0,0.0,9.0,2.0,3.0,3.0,0.0,0.0,1.0,1.0,12.0,0.0,5.0,1.0,8.0,2.0,0.0,0.0,0.0,0.0,90.91,50.0,0.0,0.0,33.33,57.69,64.29,50.0,0.0,0.0,0.0,0.0,0.0,0.0,0.0,0.0,0.0,0.0,38.338368580060425,29.637462235649547,67.97583081570997,2.447129909365559,4.078549848942599,0.5438066465256798,0.0,2.447129909365559,0.5438066465256798,0.8157099697885197,0.8157099697885197,0.0,0.0,0.2719033232628399,0.2719033232628399,3.262839879154079,0.0,1.3595166163141994,0.2719033232628399,2.175226586102719,0.5438066465256798,0.0,0.0,0.0,0.0,90.91,50.0,0.0,0.0,33.33,57.69,64.29,50.0,0.0,0.0,0.0,0.0,0.0,0.0,0.0,0.0,0.0,0.0,CB,50,56,53,42,26,32,36,19,53,38,54,28,24,42,42,17,38,21,46,61,21,25,51,39,38,97,74,36,25,65,42,68,28,10,17,26,14,14,19,8,8,8,8,81,92,92,53,31,47,36,36,69,53,75,28,24,53,53,25,38,42,64,78,28,25,51,39,38,97,74,36,25,65,42,68,28,10,17,26,14,14,19,8,8,8,8,Danish 2nd Tier
Fredericia,6wwwud48qahpwrfxs20334qk5,dqp8e2et9fm9r6zo47u1njq50,N. Thomsen,Nemo Thomsen,22.0,Attacker,Greenland,Striker,13.0,41.0,53.0,13.0,29.0,477.0,8.0,1.0,0.0,4.0,33.0,28.0,5.0,3.0,9.0,11.0,2.0,1.0,3.0,13.0,41.0,5.0,2.0,0.0,1.0,0.0,75.71,0.0,14.29,22.22,39.39,42.03,56.52,83.33,3.761758691387335,0.255685403078992,7.0,8.0,0.1928662199999999,4.0,1.0,3.0,0.1755381399999999,19.0,2.452830188679245,7.735849056603774,10.0,2.452830188679245,5.471698113207547,1.509433962264151,0.1886792452830188,0.0,0.7547169811320755,6.226415094339623,5.283018867924529,0.9433962264150944,0.5660377358490566,1.69811320754717,2.0754716981132075,0.3773584905660377,0.1886792452830188,0.5660377358490566,2.452830188679245,7.735849056603774,0.9433962264150944,0.3773584905660377,0.0,0.1886792452830188,0.0,75.71,0.0,14.29,22.22,39.39,42.03,56.52,83.33,0.709765790827799,0.0482425288828286,1.3207547169811322,1.509433962264151,0.0363898528301886,0.7547169811320755,0.1886792452830188,0.5660377358490566,0.0331204037735848,3.5849056603773586,ST,24,40,34,76,72,71,69,12,31,100,100,69,60,64,69,36,52,83,100,97,90,31,50,72,52,62,12,69,24,59,59,97,69,100,31,88,57,34,71,14,28,38,47,21,21,19,69,66,62,69,12,28,100,100,59,55,59,69,28,48,79,100,100,79,28,50,72,52,62,12,69,24,59,59,97,69,100,31,86,62,38,72,14,28,34,38,Danish 2nd Tier
Fredericia,6wwwud48qahpwrfxs20334qk5,ewh6t7yo6clfewu89uznll9uc,E. Hansborg-Sørensen,Elias Hansborg-Sørensen,21.0,Attacker,Denmark,Striker,22.0,128.0,137.0,3.0,11.0,340.0,6.0,13.0,2.0,15.0,13.0,6.0,7.0,5.0,7.0,7.0,3.0,1.0,3.0,5.0,29.0,1.0,0.0,0.0,0.0,0.0,86.71,66.67,35.14,0.0,38.46,29.73,37.5,50.0,1.1515859016489751,1.6139528502098166,3.0,11.0,0.27228866,7.0,10.0,13.0,1.2535773599999995,65.0,5.823529411764706,33.88235294117647,36.26470588235294,0.7941176470588236,2.911764705882353,1.5882352941176472,3.4411764705882355,0.5294117647058824,3.9705882352941178,3.4411764705882355,1.5882352941176472,1.8529411764705883,1.3235294117647058,1.8529411764705883,1.8529411764705883,0.7941176470588236,0.2647058823529412,0.7941176470588236,1.3235294117647058,7.676470588235294,0.2647058823529412,0.0,0.0,0.0,0.0,86.71,66.67,35.14,0.0,38.46,29.73,37.5,50.0,0.3048315622011993,0.4272228132908338,0.7941176470588236,2.911764705882353,0.07207641,1.8529411764705883,2.647058823529412,3.4411764705882355,0.3318293011764704,17.205882352941178,ST,48,95,90,29,12,60,100,50,100,59,40,90,88,43,36,52,52,83,60,78,21,9,50,31,52,93,76,93,9,52,10,53,21,55,100,47,83,69,88,71,72,97,90,72,100,97,41,21,69,100,62,100,86,48,100,97,66,62,52,62,86,72,97,28,9,50,31,52,93,76,93,9,52,10,53,21,72,100,59,97,86,97,83,83,100,97,Danish 2nd Tier
HB Køge,8cfkisxf1fkxdqtt6tx1tup48,14mwsmzsrmev2646t2gg22has,R. Brodersen,Rasmus Brodersen,24.0,Defender,Denmark,Defender,78.0,82.0,152.0,6.0,30.0,579.0,10.0,8.0,4.0,6.0,3.0,3.0,0.0,1.0,7.0,10.0,11.0,1.0,4.0,2.0,14.0,5.0,2.0,0.0,1.0,0.0,77.55,13.79,28.57,28.57,66.67,48.39,42.86,41.67,0.3526745048985365,0.556466423327753,1.0,8.0,0.2236531,4.0,11.0,11.0,0.8642154499999999,53.0,12.124352331606218,12.746113989637305,23.626943005181342,0.932642487046632,4.66321243523316,1.5544041450777202,1.243523316062176,0.6217616580310881,0.932642487046632,0.466321243523316,0.466321243523316,0.0,0.155440414507772,1.088082901554404,1.5544041450777202,1.709844559585492,0.155440414507772,0.6217616580310881,0.310880829015544,2.176165803108808,0.7772020725388601,0.310880829015544,0.0,0.155440414507772,0.0,77.55,13.79,28.57,28.57,66.67,48.39,42.86,41.67,0.0548198712277517,0.0864973715017232,0.155440414507772,1.243523316062176,0.0347647305699481,0.6217616580310881,1.709844559585492,1.709844559585492,0.1343340077720207,8.238341968911916,LB/LCB,36,36,36,64,68,77,55,23,45,68,77,27,59,73,77,36,95,64,82,86,32,73,55,59,41,55,9,55,55,91,18,45,18,73,45,64,55,55,45,36,36,55,36,27,18,18,45,73,82,55,9,27,64,82,27,64,82,91,27,100,45,91,91,36,82,55,64,41,55,9,55,55,91,18,45,18,82,45,73,55,55,45,36,27,36,27,Danish 2nd Tier
HB Køge,8cfkisxf1fkxdqtt6tx1tup48,3mgrufy83uhzs9liw8pwxi784,G. Larsen,Gabriel M. Larsen,19.0,Midfielder,Denmark,Midfielder,109.0,150.0,259.0,2.0,27.0,459.0,6.0,0.0,14.0,5.0,6.0,3.0,3.0,1.0,13.0,15.0,8.0,1.0,4.0,3.0,10.0,7.0,8.0,0.0,0.0,0.0,86.91,58.33,0.0,61.54,50.0,49.09,50.0,63.64,0.4758644333705407,0.2951327733359257,2.0,26.0,0.6167128399999999,7.0,28.0,25.0,0.52919352,110.0,21.372549019607845,29.411764705882355,50.7843137254902,0.3921568627450981,5.294117647058824,1.1764705882352942,0.0,2.7450980392156863,0.9803921568627452,1.1764705882352942,0.5882352941176471,0.5882352941176471,0.196078431372549,2.549019607843137,2.9411764705882355,1.5686274509803924,0.196078431372549,0.7843137254901962,0.5882352941176471,1.9607843137254903,1.3725490196078431,1.5686274509803924,0.0,0.0,0.0,86.91,58.33,0.0,61.54,50.0,49.09,50.0,63.64,0.0933067516412824,0.0578691712423383,0.3921568627450981,5.098039215686275,0.1209240862745098,1.3725490196078431,5.490196078431373,4.901960784313726,0.1037634352941176,21.5686274509804,DM/CM,58,66,52,24,72,70,24,64,60,72,82,64,44,92,98,56,88,36,76,86,56,94,52,38,52,76,72,24,80,86,40,64,56,76,40,66,92,96,88,60,56,48,56,64,80,72,32,68,60,24,60,64,68,84,72,44,100,100,44,96,28,84,76,56,100,52,38,52,76,72,24,80,86,40,64,56,80,52,68,96,100,88,80,64,52,64,Danish 2nd Tier
HB Køge,8cfkisxf1fkxdqtt6tx1tup48,43m33adgmas68tl6m34gkuzth,T. Thomsen,Tobias Thomsen,33.0,Attacker,Denmark,Striker,34.0,79.0,113.0,16.0,32.0,688.0,9.0,0.0,8.0,7.0,23.0,22.0,1.0,7.0,3.0,3.0,8.0,2.0,0.0,3.0,44.0,5.0,1.0,0.0,0.0,0.0,71.97,61.54,0.0,33.33,13.04,41.56,38.1,83.33,2.617824146311754,0.5741880284380724,2.0,12.0,0.3382536299999998,5.0,10.0,18.0,0.9006341799999997,38.0,4.447674418604651,10.334302325581396,14.781976744186046,2.093023255813953,4.186046511627906,1.1773255813953487,0.0,1.0465116279069766,0.9156976744186046,3.008720930232558,2.877906976744186,0.130813953488372,0.9156976744186046,0.3924418604651162,0.3924418604651162,1.0465116279069766,0.2616279069767441,0.0,0.3924418604651162,5.755813953488372,0.6540697674418604,0.130813953488372,0.0,0.0,0.0,71.97,61.54,0.0,33.33,13.04,41.56,38.1,83.33,0.3424479261163631,0.075111806045678,0.2616279069767441,1.569767441860465,0.0442482946220929,0.6540697674418604,1.3081395348837208,2.3546511627906974,0.117815517732558,4.970930232558139,ST,79,72,76,79,76,78,33,90,72,86,97,16,97,12,10,76,79,21,40,100,90,19,50,31,52,38,64,33,34,7,52,59,69,90,69,34,90,83,79,71,86,86,62,52,52,55,66,41,48,33,83,45,62,90,10,90,3,3,69,59,21,17,76,72,17,50,31,52,38,64,33,34,7,52,59,69,79,52,21,66,52,62,59,69,76,59,Danish 2nd Tier
HB Køge,8cfkisxf1fkxdqtt6tx1tup48,5733iw16239m83syv5dm8huj9,M. Rømer,Marcel Rømer,35.0,Midfielder,Denmark,Midfielder,237.0,121.0,356.0,4.0,31.0,531.0,10.0,2.0,23.0,9.0,3.0,0.0,3.0,0.0,2.0,2.0,17.0,0.0,11.0,0.0,4.0,9.0,1.0,0.0,0.0,0.0,84.96,40.35,50.0,50.0,0.0,67.39,50.0,56.25,0.2069785217704623,0.9839244812611692,2.0,6.0,0.15383079,1.0,29.0,31.0,1.2125709500000008,173.0,40.16949152542372,20.508474576271187,60.33898305084745,0.6779661016949152,5.2542372881355925,1.694915254237288,0.3389830508474576,3.8983050847457625,1.5254237288135593,0.5084745762711864,0.0,0.5084745762711864,0.0,0.3389830508474576,0.3389830508474576,2.8813559322033897,0.0,1.8644067796610169,0.0,0.6779661016949152,1.5254237288135593,0.1694915254237288,0.0,0.0,0.0,84.96,40.35,50.0,50.0,0.0,67.39,50.0,56.25,0.0350811053848241,0.1667668612307066,0.3389830508474576,1.0169491525423728,0.0260730152542372,0.1694915254237288,4.915254237288135,5.2542372881355925,0.2055205000000001,29.322033898305083,DM/CM,96,48,92,48,76,90,72,88,98,46,14,64,14,26,26,88,38,84,24,40,80,46,52,38,52,56,16,84,72,24,96,64,40,40,100,66,40,52,30,66,72,92,90,100,44,88,44,64,80,68,88,92,28,14,56,14,20,20,80,38,84,24,36,60,40,52,38,52,56,16,84,72,24,96,64,40,32,96,60,40,40,28,72,72,92,92,Danish 2nd Tier
HB Køge,8cfkisxf1fkxdqtt6tx1tup48,5nved2kta2hk8103hkyhq33hm,M. Jakobsen,Mattias Jakobsen,23.0,Defender,Denmark,Defender,271.0,167.0,438.0,16.0,24.0,720.0,1.0,0.0,22.0,1.0,9.0,6.0,3.0,1.0,1.0,1.0,35.0,1.0,12.0,2.0,11.0,5.0,0.0,0.0,0.0,0.0,89.21,46.81,0.0,0.0,22.22,55.81,55.17,71.43,0.7207583622343068,0.0849511134434473,2.0,13.0,0.25322086,3.0,31.0,32.0,0.73942729,314.0,33.875,20.875,54.75,2.0,3.0,0.125,0.0,2.75,0.125,1.125,0.75,0.375,0.125,0.125,0.125,4.375,0.125,1.5,0.25,1.375,0.625,0.0,0.0,0.0,0.0,89.21,46.81,0.0,0.0,22.22,55.81,55.17,71.43,0.0900947952792883,0.0106188891804309,0.25,1.625,0.0316526075,0.375,3.875,4.0,0.09242841125,39.25,CB,94,86,90,67,47,17,36,78,33,93,82,86,64,42,42,61,85,78,79,72,60,25,51,39,38,86,64,36,25,44,28,31,65,78,44,82,92,89,76,76,68,69,97,64,64,68,42,15,12,36,50,28,72,69,78,51,32,32,46,79,56,51,54,32,25,51,39,38,86,64,36,25,44,28,31,65,61,42,69,86,83,62,62,53,50,94,Danish 2nd Tier
HB Køge,8cfkisxf1fkxdqtt6tx1tup48,619s1phj5bkgkug3aszc1y9cl,M. Jensen,Mike Jensen,38.0,Midfielder,Denmark,Midfielder,110.0,178.0,278.0,2.0,28.0,712.0,10.0,10.0,10.0,16.0,15.0,3.0,12.0,7.0,5.0,5.0,2.0,0.0,6.0,5.0,8.0,9.0,4.0,0.0,0.0,0.0,84.5,37.04,26.32,80.0,33.33,46.67,50.0,75.0,1.398765011954498,1.642833475774951,6.0,17.0,0.4228791899999998,11.0,32.0,38.0,0.6591604099999999,113.0,13.904494382022472,22.5,35.140449438202246,0.2528089887640449,3.539325842696629,1.2640449438202246,1.2640449438202246,1.2640449438202246,2.02247191011236,1.896067415730337,0.3792134831460674,1.5168539325842696,0.8848314606741573,0.6320224719101123,0.6320224719101123,0.2528089887640449,0.0,0.7584269662921348,0.6320224719101123,1.0112359550561798,1.1376404494382022,0.5056179775280899,0.0,0.0,0.0,84.5,37.04,26.32,80.0,33.33,46.67,50.0,75.0,0.1768101840953719,0.2076615348591932,0.7584269662921348,2.148876404494382,0.0534538301966291,1.3904494382022472,4.044943820224719,4.803370786516854,0.0833208383426966,14.28370786516854,CM/AM,96,85,92,38,69,77,88,75,94,85,40,96,87,44,42,19,19,88,79,27,90,63,48,31,50,73,27,54,96,52,50,81,79,81,96,87,77,77,90,83,81,58,77,65,54,62,35,27,54,73,50,85,54,23,88,77,15,15,8,19,54,54,15,73,35,48,31,50,73,27,54,96,52,50,81,79,58,88,85,50,38,81,65,65,31,54,Danish 2nd Tier
HB Køge,8cfkisxf1fkxdqtt6tx1tup48,67p0s4o54xcmiustgy8k5gljo,S. Hald,Silas Hald,20.0,Defender,Denmark,Defender,129.0,149.0,272.0,12.0,20.0,545.0,1.0,6.0,25.0,4.0,7.0,7.0,0.0,1.0,6.0,6.0,6.0,0.0,8.0,0.0,15.0,4.0,1.0,0.0,0.0,0.0,81.44,58.14,35.29,16.67,0.0,40.0,54.55,66.67,0.8104105485046016,0.4915018122240437,0.0,9.0,0.19232703,6.0,17.0,20.0,1.3672036799999998,111.0,21.30275229357798,24.605504587155963,44.91743119266055,1.981651376146789,3.302752293577982,0.1651376146788991,0.9908256880733946,4.128440366972478,0.6605504587155964,1.1559633027522935,1.1559633027522935,0.0,0.1651376146788991,0.9908256880733946,0.9908256880733946,0.9908256880733946,0.0,1.3211009174311927,0.0,2.4770642201834865,0.6605504587155964,0.1651376146788991,0.0,0.0,0.0,81.44,58.14,35.29,16.67,0.0,40.0,54.55,66.67,0.1338292648906681,0.0811654368810347,0.0,1.4862385321100915,0.031760426972477,0.9908256880733946,2.8073394495412844,3.302752293577982,0.2257767544954128,18.3302752293578,RB/RCB,80,87,87,87,60,7,87,93,57,87,97,33,67,77,73,13,47,83,40,87,57,50,53,40,43,67,100,80,40,40,13,73,47,93,73,37,73,67,77,87,73,87,80,73,73,80,87,27,7,73,93,33,93,100,33,67,73,73,7,47,73,40,80,33,40,53,40,43,67,100,80,40,40,13,73,47,100,60,37,67,67,53,80,67,80,87,Danish 2nd Tier
HB Køge,8cfkisxf1fkxdqtt6tx1tup48,6gmm4awyvlf9p7jr9dvnmp0tm,L. Bust,Laurits Bust Sørensen,27.0,Defender,Denmark,Defender,226.0,155.0,368.0,9.0,19.0,536.0,3.0,13.0,37.0,10.0,5.0,2.0,3.0,0.0,3.0,3.0,19.0,0.0,10.0,1.0,4.0,6.0,1.0,0.0,0.0,0.0,85.19,46.84,46.43,33.33,20.0,54.29,60.0,100.0,0.301770594863054,1.1014939954986889,3.0,8.0,0.1464906099999999,4.0,43.0,44.0,1.66187998,208.0,37.94776119402985,26.02611940298508,61.7910447761194,1.5111940298507462,3.1902985074626864,0.503731343283582,2.1828358208955225,6.212686567164179,1.67910447761194,0.8395522388059701,0.335820895522388,0.503731343283582,0.0,0.503731343283582,0.503731343283582,3.1902985074626864,0.0,1.67910447761194,0.167910447761194,0.6716417910447761,1.007462686567164,0.167910447761194,0.0,0.0,0.0,85.19,46.84,46.43,33.33,20.0,54.29,60.0,100.0,0.0506704357046172,0.1849523499904515,0.503731343283582,1.343283582089552,0.0245973039179104,0.6716417910447761,7.220149253731343,7.388059701492537,0.2790470115671641,34.92537313432836,CB,72,79,75,42,35,50,100,94,97,60,38,86,24,69,69,43,38,65,46,29,76,60,51,39,38,58,67,89,54,38,17,54,96,42,97,93,82,78,86,92,86,94,78,75,78,81,28,19,39,100,92,94,56,28,89,24,67,67,22,38,72,44,25,69,61,51,39,38,58,67,89,54,38,17,54,96,33,97,97,81,78,83,94,89,100,86,Danish 2nd Tier
HB Køge,8cfkisxf1fkxdqtt6tx1tup48,7al9w77ailhli8g487tkl32tw,M. Westergren,Mads Westergren,24.0,Defender,Denmark,Defender,91.0,63.0,152.0,7.0,15.0,187.0,1.0,2.0,14.0,1.0,3.0,1.0,2.0,1.0,3.0,3.0,6.0,0.0,5.0,1.0,4.0,4.0,2.0,0.0,0.0,0.0,88.37,60.87,28.57,66.67,33.33,62.5,70.0,80.0,0.0,0.0,0.0,0.0,0.0,0.0,0.0,0.0,0.0,0.0,43.79679144385026,30.32085561497325,73.15508021390374,3.368983957219251,7.219251336898395,0.481283422459893,0.962566844919786,6.737967914438502,0.481283422459893,1.443850267379679,0.481283422459893,0.962566844919786,0.481283422459893,1.443850267379679,1.443850267379679,2.887700534759358,0.0,2.406417112299465,0.481283422459893,1.925133689839572,1.925133689839572,0.962566844919786,0.0,0.0,0.0,88.37,60.87,28.57,66.67,33.33,62.5,70.0,80.0,0.0,0.0,0.0,0.0,0.0,0.0,0.0,0.0,0.0,0.0,CB,19,19,22,32,26,17,83,46,33,38,19,78,64,69,69,6,38,21,46,29,42,79,51,39,38,81,97,81,88,65,75,89,76,10,17,26,14,14,19,8,8,8,8,94,94,97,78,89,33,94,94,61,89,42,97,94,94,94,19,38,86,94,72,97,97,51,39,38,81,97,81,88,65,75,89,76,10,17,26,14,14,19,8,8,8,8,Danish 2nd Tier
HB Køge,8cfkisxf1fkxdqtt6tx1tup48,8qzac8nxm8nxbckdaisnooutw,E. Semovski,Erkan Semovski,21.0,Attacker,North Macedonia,Striker,25.0,54.0,79.0,3.0,13.0,503.0,3.0,0.0,4.0,5.0,16.0,14.0,2.0,1.0,12.0,13.0,0.0,0.0,0.0,7.0,27.0,3.0,2.0,0.0,0.0,0.0,79.0,100.0,0.0,16.67,43.75,24.07,33.33,60.0,1.648909697361487,0.3045390132185273,4.0,11.0,0.36786229,2.0,5.0,3.0,0.1171978299999999,18.0,4.473161033797217,9.66202783300199,14.135188866799206,0.5367793240556661,2.326043737574553,0.5367793240556661,0.0,0.7157057654075547,0.8946322067594434,2.862823061630219,2.5049701789264414,0.3578528827037773,0.1789264413518886,2.1471172962226643,2.326043737574553,0.0,0.0,0.0,1.252485089463221,4.831013916500995,0.5367793240556661,0.3578528827037773,0.0,0.0,0.0,79.0,100.0,0.0,16.67,43.75,24.07,33.33,60.0,0.2950335442595106,0.0544900818880068,0.7157057654075547,1.968190854870776,0.0658202904572564,0.3578528827037773,0.8946322067594434,0.5367793240556661,0.0209697906560636,3.2206759443339963,ST,66,52,59,29,21,22,33,76,52,71,76,33,24,83,81,9,17,21,78,66,64,31,50,31,52,79,97,33,17,74,3,31,33,72,41,60,83,97,47,50,28,28,38,55,45,48,28,10,14,33,72,41,55,76,28,21,76,72,9,17,21,66,59,62,24,50,31,52,79,97,33,17,74,3,31,33,66,34,55,76,76,48,45,24,28,28,Danish 2nd Tier
HB Køge,8cfkisxf1fkxdqtt6tx1tup48,diwrq7ulrey4juxk4dafct0q1,M. Warming,Magnus Warming,26.0,Attacker,Denmark,Striker,11.0,28.0,39.0,4.0,19.0,467.0,10.0,0.0,1.0,4.0,10.0,8.0,2.0,4.0,11.0,13.0,2.0,0.0,1.0,2.0,17.0,2.0,3.0,0.0,0.0,0.0,73.58,50.0,0.0,27.27,20.0,38.0,36.36,100.0,0.8404868103047087,0.3127716462943229,3.0,5.0,0.19766177,3.0,4.0,4.0,0.1766573599999998,18.0,2.119914346895075,5.3961456102783725,7.516059957173447,0.7708779443254817,3.661670235546038,1.9271948608137044,0.0,0.1927194860813704,0.7708779443254817,1.9271948608137044,1.5417558886509637,0.3854389721627408,0.7708779443254817,2.119914346895075,2.505353319057816,0.3854389721627408,0.0,0.1927194860813704,0.3854389721627408,3.276231263383297,0.3854389721627408,0.5781584582441113,0.0,0.0,0.0,73.58,50.0,0.0,27.27,20.0,38.0,36.36,100.0,0.1619781861400937,0.060277190934666,0.5781584582441113,0.9635974304068522,0.038093274732334,0.5781584582441113,0.7708779443254817,0.7708779443254817,0.0340453156316916,3.468950749464668,ST,21,17,17,47,47,84,33,29,31,36,48,33,79,74,81,36,17,50,28,34,41,48,50,31,52,47,47,33,28,24,38,47,88,41,45,47,40,41,62,36,34,41,38,14,7,7,38,31,90,33,28,31,34,41,31,79,72,76,31,17,45,14,28,34,52,50,31,52,47,47,33,28,24,38,47,88,31,38,45,31,41,59,28,38,38,34,Danish 2nd Tier
HB Køge,8cfkisxf1fkxdqtt6tx1tup48,egxik3guom123v43rthy89c7o,V. Sørensen,Viktor Løvgren Sørensen,20.0,Midfielder,Denmark,Midfielder,66.0,71.0,134.0,7.0,22.0,341.0,3.0,3.0,11.0,6.0,2.0,2.0,0.0,1.0,8.0,9.0,7.0,0.0,11.0,0.0,8.0,8.0,2.0,0.0,0.0,0.0,78.36,55.0,33.33,25.0,0.0,53.66,46.67,80.0,0.2324490927439605,0.3751316344208075,1.0,1.0,0.01935132,0.0,12.0,14.0,0.5455304899999999,61.0,17.41935483870968,18.73900293255132,35.36656891495601,1.8475073313783,5.806451612903226,0.7917888563049854,0.7917888563049854,2.903225806451613,1.5835777126099708,0.5278592375366569,0.5278592375366569,0.0,0.2639296187683284,2.1114369501466275,2.375366568914956,1.8475073313783,0.0,2.903225806451613,0.0,2.1114369501466275,2.1114369501466275,0.5278592375366569,0.0,0.0,0.0,78.36,55.0,33.33,25.0,0.0,53.66,46.67,80.0,0.0613502004309573,0.0990083492606236,0.2639296187683284,0.2639296187683284,0.0051073865102639,0.0,3.1671554252199416,3.6950146627566,0.1439816542521994,16.099706744868037,DM/CM,36,28,32,86,46,18,82,48,70,20,64,12,44,76,78,44,38,84,24,76,68,64,52,38,52,12,60,64,46,24,52,56,88,48,56,44,16,16,12,32,36,52,40,40,36,32,92,76,40,96,72,96,32,76,12,60,92,96,52,38,100,24,92,76,72,52,38,52,12,60,64,46,24,52,56,88,52,76,52,16,16,12,32,32,72,32,Danish 2nd Tier
HB Køge,8cfkisxf1fkxdqtt6tx1tup48,k43cten7yb6p59yo0firhb84,M. Schütt,Mads Schütt Rasmussen,20.0,Midfielder,Denmark,Midfielder,84.0,71.0,155.0,4.0,10.0,332.0,3.0,0.0,4.0,1.0,3.0,0.0,3.0,0.0,3.0,3.0,12.0,0.0,0.0,0.0,2.0,0.0,1.0,0.0,0.0,0.0,88.07,44.44,0.0,33.33,0.0,35.71,80.0,0.0,0.1946258320485551,0.0,1.0,11.0,0.23797731,5.0,6.0,6.0,0.25267295,60.0,22.7710843373494,19.246987951807228,42.01807228915662,1.0843373493975903,2.710843373493976,0.8132530120481927,0.0,1.0843373493975903,0.2710843373493976,0.8132530120481927,0.0,0.8132530120481927,0.0,0.8132530120481927,0.8132530120481927,3.2530120481927707,0.0,0.0,0.0,0.5421686746987951,0.0,0.2710843373493976,0.0,0.0,0.0,88.07,44.44,0.0,33.33,0.0,35.71,80.0,0.0,0.0527600147119577,0.0,0.2710843373493976,2.9819277108433733,0.0645119213855421,1.355421686746988,1.6265060240963851,1.6265060240963851,0.0684956792168674,16.265060240963855,RM/RCM,86,50,57,79,14,43,14,71,14,21,14,64,21,29,29,71,29,14,21,14,14,29,57,50,57,86,86,14,36,21,14,100,14,14,14,43,57,29,36,43,29,14,57,100,86,100,100,14,43,14,86,14,43,14,71,21,29,29,100,29,14,21,14,14,29,57,50,57,86,86,14,36,21,14,100,14,29,14,43,57,43,71,43,29,29,86,Danish 2nd Tier
Hillerød,aqtkb4mgrz8c6iqfufj6qjbv9,1n4eldqa7h9jvcx1693zqu06i,T. Arndal,Tobias Arndal,29.0,Midfielder,Denmark,Midfielder,27.0,87.0,111.0,12.0,32.0,588.0,5.0,3.0,2.0,7.0,9.0,6.0,3.0,1.0,6.0,7.0,9.0,1.0,7.0,3.0,12.0,5.0,4.0,0.0,1.0,0.0,73.51,22.22,18.75,66.67,33.33,48.48,38.71,45.45,0.7436759193460596,0.4843891056461427,2.0,10.0,0.3185940099999998,8.0,11.0,14.0,0.71119719,56.0,4.13265306122449,13.316326530612246,16.989795918367346,1.836734693877551,4.8979591836734695,0.7653061224489796,0.4591836734693877,0.3061224489795918,1.0714285714285714,1.3775510204081634,0.9183673469387756,0.4591836734693877,0.1530612244897959,0.9183673469387756,1.0714285714285714,1.3775510204081634,0.1530612244897959,1.0714285714285714,0.4591836734693877,1.836734693877551,0.7653061224489796,0.6122448979591837,0.0,0.1530612244897959,0.0,73.51,22.22,18.75,66.67,33.33,48.48,38.71,45.45,0.1138279468386826,0.0741411896397157,0.3061224489795918,1.530612244897959,0.0487643892857142,1.2244897959183674,1.683673469387755,2.142857142857143,0.108856712755102,8.571428571428571,CM/AM,19,50,33,92,83,50,60,21,50,56,58,50,27,56,58,88,62,96,58,48,65,63,48,69,50,12,15,46,87,52,63,54,19,50,38,50,44,54,75,42,38,65,50,12,12,12,81,65,31,50,12,15,42,54,31,15,27,35,65,46,85,46,27,46,42,48,62,50,12,15,46,87,52,63,54,19,38,15,35,27,35,65,31,27,50,27,Danish 2nd Tier
Hillerød,aqtkb4mgrz8c6iqfufj6qjbv9,3bf4r3xgrs0ttlhgzb93as5t6,M. Julø,Mads Julø,28.0,Defender,Denmark,Defender,70.0,70.0,137.0,3.0,26.0,384.0,12.0,3.0,11.0,4.0,6.0,2.0,4.0,1.0,6.0,6.0,12.0,0.0,7.0,2.0,15.0,4.0,3.0,0.0,2.0,0.0,73.66,28.95,11.11,50.0,33.33,55.32,50.0,50.0,0.5076395192602425,0.3939717518276651,3.0,5.0,0.1512441899999999,3.0,5.0,11.0,0.62488153,42.0,16.40625,16.40625,32.109375,0.703125,6.09375,2.8125,0.703125,2.578125,0.9375,1.40625,0.46875,0.9375,0.234375,1.40625,1.40625,2.8125,0.0,1.640625,0.46875,3.515625,0.9375,0.703125,0.0,0.46875,0.0,73.66,28.95,11.11,50.0,33.33,55.32,50.0,50.0,0.1189780123266193,0.092337129334609,0.703125,1.171875,0.0354478570312499,0.703125,1.171875,2.578125,0.14645660859375,9.84375,CB,8,31,8,8,62,97,89,26,76,69,38,93,64,90,90,17,38,43,79,86,42,89,51,97,38,6,8,78,74,65,22,21,28,61,83,93,62,81,76,22,39,58,19,11,33,11,11,83,100,89,39,86,86,39,94,69,92,92,17,38,67,92,100,61,92,51,100,38,6,8,78,74,65,22,21,28,75,86,100,78,86,86,31,39,83,22,Danish 2nd Tier
Hillerød,aqtkb4mgrz8c6iqfufj6qjbv9,3rok7i8nrt4yzx2melj4qiuqc,S. Opoku,Solomon Opoku,22.0,Midfielder,Denmark,Midfielder,18.0,75.0,93.0,2.0,27.0,261.0,10.0,0.0,3.0,7.0,5.0,3.0,2.0,2.0,14.0,15.0,1.0,2.0,0.0,3.0,11.0,4.0,9.0,0.0,0.0,0.0,90.29,75.0,0.0,64.29,60.0,56.25,25.0,66.67,0.5438721331319752,0.4302640516168105,1.0,12.0,0.2930356399999999,6.0,9.0,10.0,0.35646415,24.0,6.206896551724138,25.86206896551724,32.06896551724138,0.6896551724137931,9.310344827586206,3.4482758620689657,0.0,1.0344827586206895,2.413793103448276,1.7241379310344829,1.0344827586206895,0.6896551724137931,0.6896551724137931,4.827586206896552,5.172413793103448,0.3448275862068966,0.6896551724137931,0.0,1.0344827586206895,3.793103448275862,1.3793103448275863,3.103448275862069,0.0,0.0,0.0,90.29,75.0,0.0,64.29,60.0,56.25,25.0,66.67,0.1875421148730949,0.1483669143506243,0.3448275862068966,4.137931034482759,0.101046772413793,2.0689655172413794,3.103448275862069,3.4482758620689657,0.1229186724137931,8.275862068965518,LM/LCM,17,17,17,25,42,75,25,42,42,42,33,50,42,50,50,50,83,17,50,33,25,67,58,50,58,100,83,25,83,100,67,33,58,50,33,33,50,50,67,50,17,17,17,33,100,67,33,83,100,25,83,67,50,50,67,67,83,83,50,83,17,50,50,50,83,58,50,58,100,83,25,83,100,67,33,58,50,50,33,67,67,100,100,67,33,33,Danish 2nd Tier
Hillerød,aqtkb4mgrz8c6iqfufj6qjbv9,4m7gr5z6b40dj02yrmlwgeluc,S. Larsen,Sebastian Larsen,22.0,Defender,Denmark,Defender,66.0,83.0,146.0,6.0,26.0,480.0,10.0,3.0,11.0,5.0,3.0,2.0,1.0,1.0,9.0,10.0,17.0,0.0,4.0,0.0,10.0,4.0,2.0,0.0,0.0,0.0,75.26,40.74,42.86,22.22,0.0,47.27,46.15,50.0,0.1603721210661926,0.399965044721862,3.0,5.0,0.1394543499999999,4.0,9.0,11.0,0.77051738,48.0,12.375,15.5625,27.375,1.125,4.875,1.875,0.5625,2.0625,0.9375,0.5625,0.375,0.1875,0.1875,1.6875,1.875,3.1875,0.0,0.75,0.0,1.875,0.75,0.375,0.0,0.0,0.0,75.26,40.74,42.86,22.22,0.0,47.27,46.15,50.0,0.0300697726999111,0.0749934458853491,0.5625,0.9375,0.0261476906249999,0.75,1.6875,2.0625,0.14447200875,9.0,RB/RCB,43,53,47,67,80,93,67,53,70,67,63,73,67,97,100,73,47,50,40,73,57,70,53,40,43,33,60,100,47,40,53,60,20,67,67,83,57,60,60,60,47,60,67,27,40,27,50,80,93,60,33,47,60,47,73,73,93,93,53,47,33,40,60,47,60,53,40,43,33,60,100,47,40,53,60,20,60,53,93,53,60,40,33,33,73,40,Danish 2nd Tier
Hillerød,aqtkb4mgrz8c6iqfufj6qjbv9,559w0q3q2smb3aeotyi724s9g,W. Glindtvad,William Glindtvad,20.0,Defender,Denmark,Defender,92.0,32.0,124.0,6.0,14.0,278.0,6.0,0.0,8.0,0.0,3.0,2.0,1.0,0.0,2.0,2.0,12.0,0.0,4.0,1.0,3.0,1.0,0.0,0.0,0.0,0.0,83.78,50.0,0.0,0.0,33.33,58.33,85.71,50.0,0.2022341417090677,0.0,1.0,1.0,0.04066992,3.0,7.0,7.0,0.17244354,45.0,29.784172661870503,10.359712230215829,40.14388489208633,1.9424460431654675,4.532374100719425,1.9424460431654675,0.0,2.5899280575539567,0.0,0.9712230215827338,0.6474820143884892,0.3237410071942446,0.0,0.6474820143884892,0.6474820143884892,3.884892086330935,0.0,1.2949640287769784,0.3237410071942446,0.9712230215827338,0.3237410071942446,0.0,0.0,0.0,0.0,83.78,50.0,0.0,0.0,33.33,58.33,85.71,50.0,0.0654714847259571,0.0,0.3237410071942446,0.3237410071942446,0.0131665208633093,0.9712230215827338,2.2661870503597124,2.2661870503597124,0.055827045323741,14.568345323741006,CB,22,3,6,24,22,83,36,14,14,38,38,64,24,58,58,17,38,14,46,18,8,25,51,39,38,36,74,36,25,65,56,100,28,31,17,64,35,42,76,31,22,22,22,42,17,28,39,53,94,36,42,14,61,61,75,24,78,75,33,38,39,75,33,17,25,51,39,38,36,74,36,25,65,56,100,28,44,17,81,44,53,89,39,33,31,25,Danish 2nd Tier
Hillerød,aqtkb4mgrz8c6iqfufj6qjbv9,5z7y55t2o577r8ki3i5855as,J. Witt,Jonathan Witt,33.0,Defender,Denmark,Defender,255.0,195.0,450.0,32.0,51.0,630.0,6.0,0.0,50.0,5.0,8.0,7.0,1.0,3.0,1.0,1.0,41.0,0.0,20.0,2.0,13.0,6.0,1.0,0.0,1.0,0.0,84.27,54.35,0.0,100.0,25.0,79.69,76.19,50.0,1.0409986622023857,0.4538376728070215,1.0,4.0,0.0841133,1.0,54.0,61.0,1.4763001199999997,279.0,36.42857142857143,27.857142857142858,64.28571428571429,4.571428571428571,7.285714285714286,0.8571428571428571,0.0,7.142857142857143,0.7142857142857143,1.1428571428571428,1.0,0.1428571428571428,0.4285714285714285,0.1428571428571428,0.1428571428571428,5.857142857142857,0.0,2.857142857142857,0.2857142857142857,1.8571428571428568,0.8571428571428571,0.1428571428571428,0.0,0.1428571428571428,0.0,84.27,54.35,0.0,100.0,25.0,79.69,76.19,50.0,0.1487140946003408,0.0648339532581459,0.1428571428571428,0.5714285714285714,0.0120161857142857,0.1428571428571428,7.714285714285714,8.714285714285714,0.210900017142857,39.85714285714285,CB,89,97,97,92,92,83,36,97,85,88,89,64,96,42,42,75,38,100,79,81,76,60,51,86,38,44,86,36,97,50,100,94,28,92,86,64,54,53,43,97,94,92,94,69,81,86,89,92,78,36,97,78,78,82,67,92,42,42,69,38,97,67,69,58,58,51,83,38,44,86,36,97,50,100,94,28,89,78,61,53,50,42,97,97,92,97,Danish 2nd Tier
Hillerød,aqtkb4mgrz8c6iqfufj6qjbv9,9gr9rdahnavv0irjauh5xim8k,M. Munck,Magnus Munck,21.0,Midfielder,Denmark,Midfielder,68.0,86.0,146.0,1.0,25.0,377.0,8.0,8.0,14.0,6.0,5.0,2.0,3.0,2.0,12.0,13.0,3.0,1.0,4.0,1.0,4.0,5.0,3.0,0.0,0.0,0.0,83.91,66.67,29.63,25.0,20.0,44.64,16.67,38.46,0.310385071371644,0.7224960110431005,2.0,6.0,0.14624718,3.0,16.0,17.0,0.2960037199999999,60.0,16.23342175066313,20.53050397877984,34.85411140583554,0.2387267904509283,5.968169761273209,1.909814323607427,1.909814323607427,3.342175066312997,1.4323607427055702,1.1936339522546418,0.4774535809018567,0.7161803713527851,0.4774535809018567,2.8647214854111405,3.103448275862069,0.7161803713527851,0.2387267904509283,0.9549071618037136,0.2387267904509283,0.9549071618037136,1.1936339522546418,0.7161803713527851,0.0,0.0,0.0,83.91,66.67,29.63,25.0,20.0,44.64,16.67,38.46,0.0740972318924349,0.1724791538299178,0.4774535809018567,1.4323607427055702,0.0349131198938992,0.7161803713527851,3.819628647214854,4.058355437665782,0.0706640180371352,14.323607427055702,CM/AM,67,46,54,27,62,67,77,81,38,35,31,50,48,69,71,37,62,58,21,8,65,48,48,31,50,65,77,73,19,17,42,27,15,19,62,50,35,27,35,50,46,27,54,81,35,58,27,88,77,96,92,42,31,35,65,46,88,88,42,62,69,15,12,81,62,48,31,50,65,77,73,19,17,42,27,15,23,73,58,23,15,31,62,46,27,58,Danish 2nd Tier
Hillerød,aqtkb4mgrz8c6iqfufj6qjbv9,bpldj4qdzfdm1n739atcadbmc,B. Kücükylidiz,Berzan Kücükylidiz,25.0,Midfielder,Denmark,Midfielder,130.0,140.0,269.0,6.0,32.0,452.0,13.0,1.0,15.0,2.0,3.0,1.0,2.0,1.0,3.0,3.0,15.0,0.0,7.0,0.0,2.0,5.0,1.0,0.0,0.0,0.0,87.91,55.56,33.33,33.33,0.0,52.46,60.0,41.67,0.1542748729506284,0.0849129248536378,2.0,11.0,0.22108072,2.0,21.0,20.0,0.36290629,94.0,25.884955752212388,27.876106194690266,53.56194690265487,1.1946902654867255,6.371681415929204,2.588495575221239,0.1991150442477876,2.9867256637168142,0.3982300884955752,0.5973451327433629,0.1991150442477876,0.3982300884955752,0.1991150442477876,0.5973451327433629,0.5973451327433629,2.9867256637168142,0.0,1.393805309734513,0.0,0.3982300884955752,0.995575221238938,0.1991150442477876,0.0,0.0,0.0,87.91,55.56,33.33,33.33,0.0,52.46,60.0,41.67,0.0307184481538861,0.0169074407894411,0.3982300884955752,2.190265486725664,0.0440204973451327,0.3982300884955752,4.18141592920354,3.982300884955752,0.0722601019911504,18.716814159292035,DM/CM,72,60,68,72,80,98,56,70,20,46,38,48,44,40,38,80,38,56,24,26,38,46,52,38,52,88,68,64,54,24,48,80,10,20,20,66,62,60,42,52,46,36,48,88,76,80,68,80,100,60,76,18,40,36,48,48,40,40,84,38,64,24,26,44,44,52,38,52,88,68,64,54,24,48,80,10,28,16,72,64,60,40,48,40,24,44,Danish 2nd Tier
Hillerød,aqtkb4mgrz8c6iqfufj6qjbv9,bqcjd0macjc7hmtz7zx34ym6t,R. Çorlu,Rezan Corlu,29.0,Attacker,Denmark,Striker,24.0,80.0,104.0,0.0,18.0,362.0,6.0,0.0,5.0,5.0,11.0,5.0,6.0,3.0,17.0,17.0,10.0,1.0,1.0,4.0,15.0,5.0,7.0,0.0,1.0,0.0,78.2,55.56,0.0,41.18,36.36,45.0,0.0,100.0,0.7117629223670642,0.3958634950930775,6.0,10.0,0.25301765,2.0,11.0,14.0,0.2639158499999998,43.0,5.966850828729282,19.88950276243094,25.85635359116022,0.0,4.475138121546961,1.4917127071823204,0.0,1.2430939226519335,1.2430939226519335,2.7348066298342544,1.2430939226519335,1.4917127071823204,0.7458563535911602,4.226519337016574,4.226519337016574,2.4861878453038675,0.2486187845303867,0.2486187845303867,0.994475138121547,3.729281767955801,1.2430939226519335,1.7403314917127073,0.0,0.2486187845303867,0.0,78.2,55.56,0.0,41.18,36.36,45.0,0.0,100.0,0.1769576326326955,0.0984191009899916,1.4917127071823204,2.4861878453038675,0.0629049406077348,0.4972375690607735,2.7348066298342544,3.4806629834254146,0.0656144378453038,10.69060773480663,ST,60,76,72,3,40,60,33,83,52,47,29,81,60,93,93,83,52,50,47,31,90,88,50,72,52,76,55,33,48,48,76,3,88,31,52,81,74,55,47,83,76,48,72,79,83,76,3,48,59,33,86,62,52,21,97,72,97,97,97,55,48,62,34,90,97,50,79,52,76,55,33,48,48,76,3,88,34,66,93,86,72,55,86,86,59,83,Danish 2nd Tier
Hillerød,aqtkb4mgrz8c6iqfufj6qjbv9,c119s9yebqgzdc4qrvvjw5bmc,A. Høyer,Andreas Høyer,20.0,Defender,Denmark,Defender,49.0,62.0,110.0,3.0,21.0,276.0,5.0,1.0,4.0,4.0,0.0,0.0,0.0,0.0,2.0,3.0,1.0,0.0,2.0,0.0,0.0,11.0,0.0,0.0,0.0,0.0,75.86,19.05,20.0,0.0,0.0,65.62,0.0,84.62,0.0006065889965792,0.408033733428575,0.0,10.0,0.28324548,5.0,2.0,8.0,0.5025234699999999,30.0,15.978260869565217,20.217391304347824,35.869565217391305,0.9782608695652172,6.8478260869565215,1.6304347826086956,0.3260869565217391,1.3043478260869563,1.3043478260869563,0.0,0.0,0.0,0.0,0.6521739130434783,0.9782608695652172,0.3260869565217391,0.0,0.6521739130434783,0.0,0.0,3.5869565217391304,0.0,0.0,0.0,0.0,75.86,19.05,20.0,0.0,0.0,65.62,0.0,84.62,0.000197800759754,0.1330544782919266,0.0,3.260869565217391,0.0923626565217391,1.6304347826086956,0.6521739130434783,2.608695652173913,0.1638663489130434,9.782608695652174,LB/LCB,18,18,18,27,27,45,14,23,32,14,18,27,23,27,36,9,45,18,27,9,82,14,55,27,41,36,18,9,14,27,91,9,91,27,27,23,64,64,64,27,27,27,27,73,73,64,55,100,91,18,45,55,14,18,27,23,45,64,9,45,55,27,9,100,14,55,27,41,36,18,9,14,27,91,9,91,27,55,23,82,82,82,27,36,55,36,Danish 2nd Tier
Hillerød,aqtkb4mgrz8c6iqfufj6qjbv9,cqqkcrvqu2k0tmbtkvtcdk5jo,J. Sigurðsson,Jakob Sigurdsson,19.0,Attacker,Iceland,Striker,24.0,39.0,63.0,23.0,41.0,637.0,13.0,0.0,0.0,8.0,11.0,9.0,2.0,3.0,5.0,5.0,9.0,2.0,2.0,5.0,31.0,1.0,3.0,0.0,1.0,0.0,59.43,0.0,0.0,60.0,45.45,48.81,51.11,50.0,1.5930494749350137,0.7913699513308168,3.0,10.0,0.35193188,2.0,4.0,5.0,0.2933191499999998,12.0,3.390894819466248,5.510204081632653,8.901098901098901,3.249607535321821,5.792778649921507,1.836734693877551,0.0,0.0,1.130298273155416,1.554160125588697,1.2715855572998431,0.282574568288854,0.423861852433281,0.7064364207221351,0.7064364207221351,1.2715855572998431,0.282574568288854,0.282574568288854,0.7064364207221351,4.379905808477237,0.141287284144427,0.423861852433281,0.0,0.141287284144427,0.0,59.43,0.0,0.0,60.0,45.45,48.81,51.11,50.0,0.2250776338212735,0.1118105111770384,0.423861852433281,1.4128728414442702,0.0497234995290423,0.282574568288854,0.565149136577708,0.7064364207221351,0.0414422660910517,1.695447409733124,ST,60,34,41,86,86,91,33,12,81,47,59,33,60,26,24,79,79,69,60,93,21,48,50,72,52,7,12,33,86,81,86,90,21,69,86,47,74,90,47,36,41,55,21,31,10,14,83,72,86,33,12,52,24,24,21,45,14,14,79,69,59,48,52,14,38,50,66,52,7,12,33,86,81,86,90,21,45,72,31,55,62,45,21,31,41,10,Danish 2nd Tier
Hillerød,aqtkb4mgrz8c6iqfufj6qjbv9,e0u730to91qqtvvx16uhajz10,S. Jalaei,Saman Sebastean Jalaei,20.0,Attacker,Denmark,Striker,36.0,55.0,90.0,1.0,19.0,363.0,14.0,1.0,5.0,5.0,17.0,11.0,6.0,5.0,8.0,8.0,1.0,2.0,1.0,9.0,20.0,0.0,2.0,0.0,0.0,0.0,87.38,71.43,10.0,25.0,52.94,47.5,0.0,0.0,1.478247004072108,0.4229416043075463,6.0,16.0,0.4482625999999999,4.0,7.0,11.0,0.4764812600000001,31.0,8.925619834710744,13.636363636363637,22.31404958677686,0.2479338842975206,4.710743801652892,3.471074380165289,0.2479338842975206,1.2396694214876034,1.2396694214876034,4.214876033057851,2.7272727272727275,1.487603305785124,1.2396694214876034,1.983471074380165,1.983471074380165,0.2479338842975206,0.4958677685950413,0.2479338842975206,2.231404958677686,4.958677685950414,0.0,0.4958677685950413,0.0,0.0,0.0,87.38,71.43,10.0,25.0,52.94,47.5,0.0,0.0,0.3665075216707706,0.1048615547869949,1.487603305785124,3.96694214876033,0.1111394876033057,0.9917355371900828,1.7355371900826446,2.7272727272727275,0.1181358495867768,7.685950413223141,LW,57,57,57,29,43,71,43,57,43,71,100,71,79,43,29,43,71,43,100,36,29,43,43,36,57,100,100,43,43,86,71,21,29,71,43,57,57,57,36,79,71,57,57,86,43,57,29,57,86,43,71,57,100,86,71,71,57,29,43,86,43,100,43,29,57,43,36,57,100,100,43,43,86,71,21,29,100,43,71,71,57,43,71,71,71,57,Danish 2nd Tier
Hillerød,aqtkb4mgrz8c6iqfufj6qjbv9,eubjlxwqsk71ecwvbedspt7v8,O. Sejer,Oliver Sejer,19.0,Defender,Denmark,Defender,97.0,24.0,121.0,5.0,8.0,270.0,2.0,0.0,7.0,0.0,2.0,2.0,0.0,0.0,0.0,0.0,12.0,0.0,3.0,1.0,2.0,1.0,0.0,0.0,0.0,0.0,83.45,33.33,0.0,0.0,50.0,47.06,55.56,100.0,0.0,0.0,0.0,0.0,0.0,0.0,0.0,0.0,0.0,0.0,32.333333333333336,8.0,40.333333333333336,1.6666666666666667,2.6666666666666665,0.6666666666666666,0.0,2.333333333333333,0.0,0.6666666666666666,0.6666666666666666,0.0,0.0,0.0,0.0,4.0,0.0,1.0,0.3333333333333333,0.6666666666666666,0.3333333333333333,0.0,0.0,0.0,0.0,83.45,33.33,0.0,0.0,50.0,47.06,55.56,100.0,0.0,0.0,0.0,0.0,0.0,0.0,0.0,0.0,0.0,0.0,RB/RCB,60,7,33,50,7,27,13,30,10,50,63,33,27,7,7,47,47,33,83,13,10,20,53,40,43,87,40,13,20,100,47,80,97,20,17,37,17,17,17,17,17,17,17,100,7,60,80,7,40,13,67,10,67,87,33,27,7,7,73,47,53,93,13,13,20,53,40,43,87,40,13,20,100,47,80,97,20,17,37,17,17,17,17,17,17,17,Danish 2nd Tier
Hillerød,aqtkb4mgrz8c6iqfufj6qjbv9,ezbixgm2km8iapnsl57bn4wkp,M. Mouritz,Mikkel Mouritz Jensen,29.0,Midfielder,Denmark,Midfielder,175.0,177.0,347.0,1.0,14.0,675.0,1.0,5.0,31.0,7.0,9.0,0.0,9.0,1.0,2.0,2.0,16.0,1.0,8.0,5.0,0.0,5.0,0.0,0.0,0.0,0.0,85.68,55.36,41.67,0.0,55.56,43.75,10.0,41.67,0.4712546990637248,0.5744797716740911,8.0,4.0,0.079681,1.0,42.0,44.0,0.8386883599999999,173.0,23.33333333333333,23.6,46.266666666666666,0.1333333333333333,1.8666666666666667,0.1333333333333333,0.6666666666666666,4.133333333333334,0.9333333333333332,1.2,0.0,1.2,0.1333333333333333,0.2666666666666666,0.2666666666666666,2.1333333333333333,0.1333333333333333,1.0666666666666669,0.6666666666666666,0.0,0.6666666666666666,0.0,0.0,0.0,0.0,85.68,55.36,41.67,0.0,55.56,43.75,10.0,41.67,0.0628339598751633,0.0765973028898788,1.0666666666666669,0.5333333333333333,0.0106241333333333,0.1333333333333333,5.6,5.866666666666666,0.1118251146666666,23.066666666666663,DM/CM,92,92,88,16,18,10,94,94,82,82,14,98,44,26,26,84,88,68,98,6,38,18,52,38,52,60,64,76,18,92,34,16,10,72,80,100,30,28,30,92,90,80,90,76,64,60,16,4,8,84,96,60,76,14,96,32,16,16,64,80,40,96,6,24,18,52,38,52,60,64,76,18,92,34,16,10,56,64,100,20,20,24,84,80,64,76,Danish 2nd Tier
Hillerød,aqtkb4mgrz8c6iqfufj6qjbv9,khqldwfq14b7giakss24l9t5,K. Enghardt,Kasper Enghardt,34.0,Defender,Denmark,Defender,38.0,50.0,88.0,3.0,10.0,234.0,0.0,0.0,4.0,0.0,0.0,0.0,0.0,0.0,0.0,0.0,10.0,0.0,3.0,0.0,1.0,6.0,0.0,0.0,0.0,0.0,72.13,19.05,0.0,0.0,0.0,62.5,0.0,85.71,0.0,0.0,0.0,0.0,0.0,0.0,0.0,0.0,0.0,0.0,14.615384615384617,19.23076923076923,33.84615384615385,1.1538461538461535,3.846153846153846,0.0,0.0,1.5384615384615383,0.0,0.0,0.0,0.0,0.0,0.0,0.0,3.846153846153846,0.0,1.1538461538461535,0.0,0.3846153846153846,2.3076923076923075,0.0,0.0,0.0,0.0,72.13,19.05,0.0,0.0,0.0,62.5,0.0,85.71,0.0,0.0,0.0,0.0,0.0,0.0,0.0,0.0,0.0,0.0,CB,3,14,3,8,6,6,36,4,14,6,6,28,24,15,15,10,38,10,12,4,76,25,51,39,38,3,3,36,25,12,75,3,88,10,17,26,14,14,19,8,8,8,8,8,44,14,19,25,6,36,8,14,6,6,28,24,15,15,31,38,31,12,6,100,25,51,39,38,3,3,36,25,12,75,3,88,10,17,26,14,14,19,8,8,8,8,Danish 2nd Tier
Hobro,b2vft81kyjurzbmekvgrqwr64,2qedb8t85t1ieeed9613c9crt,C. Enemark,Christian Enemark,27.0,Defender,Denmark,Defender,151.0,123.0,271.0,6.0,13.0,714.0,1.0,3.0,26.0,2.0,5.0,2.0,3.0,0.0,1.0,1.0,19.0,0.0,8.0,1.0,9.0,5.0,0.0,0.0,0.0,0.0,80.42,44.83,60.0,0.0,20.0,28.26,28.57,83.33,0.4210794348548325,0.2949569329384831,1.0,7.0,0.13589805,2.0,35.0,31.0,1.0173324399999997,154.0,19.03361344537815,15.504201680672267,34.159663865546214,0.7563025210084033,1.638655462184874,0.1260504201680672,0.3781512605042016,3.277310924369748,0.2521008403361344,0.6302521008403361,0.2521008403361344,0.3781512605042016,0.0,0.1260504201680672,0.1260504201680672,2.394957983193277,0.0,1.0084033613445378,0.1260504201680672,1.134453781512605,0.6302521008403361,0.0,0.0,0.0,0.0,80.42,44.83,60.0,0.0,20.0,28.26,28.57,83.33,0.0530772396875839,0.0371794453283802,0.1260504201680672,0.8823529411764706,0.017130006302521,0.2521008403361344,4.411764705882352,3.907563025210084,0.128235181512605,19.41176470588235,CB,58,67,58,24,17,17,89,81,53,60,38,86,24,42,42,43,38,56,46,67,60,25,51,39,38,22,56,97,25,38,3,6,83,50,69,64,75,75,58,83,64,83,58,22,31,17,17,3,17,83,56,42,44,22,81,24,36,36,11,38,28,33,47,36,25,51,39,38,22,56,97,25,38,3,6,83,36,67,58,75,69,58,72,50,67,39,Danish 2nd Tier
Hobro,b2vft81kyjurzbmekvgrqwr64,3c7oy1stwyquawdfzzom13xn8,A. Noshe,Anders Noshe,20.0,Defender,Denmark,Defender,59.0,95.0,153.0,4.0,33.0,678.0,4.0,1.0,4.0,2.0,6.0,5.0,1.0,2.0,24.0,25.0,16.0,0.0,7.0,1.0,23.0,6.0,12.0,0.0,1.0,0.0,79.27,26.67,7.69,50.0,16.67,51.56,50.0,46.15,0.5977329096076212,0.3172563330281749,3.0,16.0,0.39612273,9.0,8.0,9.0,0.52804946,40.0,7.831858407079646,12.610619469026547,20.309734513274336,0.5309734513274337,4.380530973451328,0.5309734513274337,0.1327433628318584,0.5309734513274337,0.2654867256637168,0.7964601769911505,0.6637168141592921,0.1327433628318584,0.2654867256637168,3.185840707964602,3.31858407079646,2.1238938053097347,0.0,0.9292035398230089,0.1327433628318584,3.0530973451327434,0.7964601769911505,1.592920353982301,0.0,0.1327433628318584,0.0,79.27,26.67,7.69,50.0,16.67,51.56,50.0,46.15,0.0793450764965868,0.0421136725258639,0.3982300884955752,2.1238938053097347,0.0525826632743362,1.1946902654867255,1.0619469026548674,1.1946902654867255,0.0700950610619469,5.3097345132743365,CB,6,47,25,17,72,64,76,4,53,69,75,64,88,100,100,32,38,43,46,97,76,100,51,86,38,19,6,72,74,29,8,21,18,72,75,93,94,94,92,38,32,47,17,3,22,3,6,44,44,78,3,50,50,64,64,83,100,100,8,38,19,39,92,53,100,51,81,38,19,6,72,74,29,8,21,18,56,69,86,92,92,92,25,22,33,17,Danish 2nd Tier
Hobro,b2vft81kyjurzbmekvgrqwr64,4dmz3u7j1eoz4ofr1o8tbxedw,O. Meedom,Oscar Meedom,21.0,Midfielder,Denmark,Midfielder,6.0,34.0,40.0,3.0,6.0,197.0,2.0,0.0,0.0,2.0,4.0,1.0,3.0,0.0,5.0,5.0,1.0,1.0,0.0,2.0,9.0,0.0,0.0,0.0,1.0,0.0,83.33,0.0,0.0,0.0,50.0,25.0,42.86,0.0,0.3290084361129354,0.2405153463524688,1.0,6.0,0.2040632399999999,1.0,2.0,2.0,0.06811246,7.0,2.741116751269036,15.532994923857869,18.274111675126903,1.3705583756345177,2.741116751269036,0.9137055837563453,0.0,0.0,0.9137055837563453,1.8274111675126905,0.4568527918781725,1.3705583756345177,0.0,2.284263959390863,2.284263959390863,0.4568527918781725,0.4568527918781725,0.0,0.9137055837563453,4.1116751269035525,0.0,0.0,0.0,0.4568527918781725,0.0,83.33,0.0,0.0,0.0,50.0,25.0,42.86,0.0,0.1503084225896659,0.109880107470671,0.4568527918781725,2.741116751269036,0.0932268609137055,0.4568527918781725,0.9137055837563453,0.9137055837563453,0.0311173675126903,3.197969543147208,CM/AM,4,12,8,46,4,21,19,6,4,27,19,50,8,44,42,8,62,8,38,37,6,8,48,69,50,60,6,19,8,94,4,60,6,27,8,31,35,38,15,12,10,8,8,4,27,15,73,15,38,19,6,4,46,31,81,8,65,62,19,96,8,65,69,6,8,48,92,50,60,6,19,8,94,4,60,6,46,31,50,73,85,15,12,12,8,8,Danish 2nd Tier
Hobro,b2vft81kyjurzbmekvgrqwr64,4iwabfgtbuz5xmm2d99ov6v6y,R. Hauge,Runar Hauge,25.0,Midfielder,Norway,Midfielder,23.0,43.0,61.0,2.0,13.0,190.0,6.0,5.0,1.0,7.0,5.0,3.0,2.0,1.0,5.0,6.0,0.0,0.0,1.0,4.0,11.0,2.0,2.0,0.0,1.0,0.0,81.33,20.0,71.43,40.0,80.0,44.83,50.0,66.67,0.5226028306880042,0.7954323827631995,3.0,4.0,0.2158435,3.0,5.0,6.0,0.5945094799999999,22.0,10.894736842105264,20.36842105263158,28.894736842105264,0.9473684210526316,6.157894736842105,2.8421052631578947,2.3684210526315788,0.4736842105263157,3.3157894736842106,2.3684210526315788,1.4210526315789471,0.9473684210526316,0.4736842105263157,2.3684210526315788,2.8421052631578947,0.0,0.0,0.4736842105263157,1.894736842105263,5.2105263157894735,0.9473684210526316,0.9473684210526316,0.0,0.4736842105263157,0.0,81.33,20.0,71.43,40.0,80.0,44.83,50.0,66.67,0.2475487092732651,0.3767837602562524,1.4210526315789471,1.894736842105263,0.1022416578947368,1.4210526315789471,2.3684210526315788,2.8421052631578947,0.2816097536842105,10.421052631578949,ST,53,45,38,16,21,60,90,29,72,12,17,33,24,26,28,9,17,50,47,21,41,31,50,72,52,90,24,100,45,100,72,83,40,21,90,47,28,48,62,50,52,76,52,93,86,90,45,79,93,97,52,97,38,34,62,48,79,83,9,17,72,97,69,83,72,50,97,52,90,24,100,45,100,72,83,40,52,97,90,72,100,90,79,76,97,79,Danish 2nd Tier
Hobro,b2vft81kyjurzbmekvgrqwr64,876cmwkx9p9wsqgdddfzmipzo,M. Staghøj Huldahl,Martin Huldahl,21.0,Attacker,Denmark,Striker,15.0,61.0,76.0,34.0,45.0,684.0,5.0,0.0,0.0,4.0,11.0,11.0,0.0,0.0,8.0,9.0,5.0,1.0,0.0,5.0,29.0,1.0,4.0,0.0,1.0,0.0,61.79,0.0,0.0,50.0,45.45,37.19,39.53,50.0,1.525043548358426,0.2051672092054538,0.0,7.0,0.23023691,0.0,1.0,2.0,0.1590115299999999,19.0,1.973684210526316,8.026315789473685,10.0,4.473684210526316,5.921052631578948,0.6578947368421053,0.0,0.0,0.5263157894736842,1.4473684210526316,1.4473684210526316,0.0,0.0,1.0526315789473684,1.1842105263157896,0.6578947368421053,0.131578947368421,0.0,0.6578947368421053,3.8157894736842106,0.131578947368421,0.5263157894736842,0.0,0.131578947368421,0.0,61.79,0.0,0.0,50.0,45.45,37.19,39.53,50.0,0.2006636247840034,0.0269956854217702,0.0,0.9210526315789476,0.0302943302631578,0.0,0.131578947368421,0.2631578947368421,0.020922569736842,2.5,ST,31,55,48,97,93,48,33,12,31,47,67,5,9,55,59,64,52,21,60,78,21,67,50,72,52,14,12,33,69,81,28,62,21,62,28,9,52,52,10,14,19,34,47,7,24,19,97,76,21,33,12,14,17,38,5,9,28,28,48,38,21,41,38,10,48,50,62,52,14,12,33,69,81,28,62,21,41,21,9,28,28,10,10,14,24,17,Danish 2nd Tier
Hobro,b2vft81kyjurzbmekvgrqwr64,9xub4z9b3bog8wqhn5yfihecp,M. Pedersen,Mikkel Pedersen,30.0,Midfielder,Denmark,Midfielder,163.0,188.0,340.0,15.0,44.0,706.0,11.0,11.0,33.0,11.0,9.0,4.0,5.0,2.0,3.0,3.0,5.0,1.0,11.0,3.0,9.0,9.0,1.0,0.0,2.0,1.0,82.52,64.71,36.67,33.33,33.33,51.76,62.5,52.94,0.7068978840117555,1.3845929294406856,2.0,17.0,0.42036233,4.0,39.0,38.0,1.36899294,175.0,20.77903682719547,23.96600566572238,43.34277620396601,1.912181303116148,5.609065155807365,1.4022662889518414,1.4022662889518414,4.206798866855524,1.4022662889518414,1.1473087818696883,0.509915014164306,0.6373937677053825,0.254957507082153,0.3824362606232295,0.3824362606232295,0.6373937677053825,0.1274787535410765,1.4022662889518414,0.3824362606232295,1.1473087818696883,1.1473087818696883,0.1274787535410765,0.0,0.254957507082153,0.1274787535410765,82.52,64.71,36.67,33.33,33.33,51.76,62.5,52.94,0.090114461134643,0.1765061808068862,0.254957507082153,2.1671388101983005,0.0535872658640226,0.509915014164306,4.971671388101983,4.8441926345609065,0.1745175135977337,22.308781869688385,CM/AM,100,92,100,96,96,83,98,100,77,56,48,73,48,19,19,60,62,100,58,37,90,21,48,85,100,50,73,81,23,52,73,88,35,42,92,50,77,73,42,92,81,92,100,96,69,92,85,81,62,85,100,35,27,38,58,27,12,12,35,38,96,35,23,77,15,48,69,100,50,73,81,23,52,73,88,35,27,77,31,54,42,19,85,69,81,88,Danish 2nd Tier
Hobro,b2vft81kyjurzbmekvgrqwr64,ayhdul772mr22qoly04psb3f8,O. Dorph,Oliver Dorph,22.0,Defender,Denmark,Defender,234.0,70.0,304.0,46.0,62.0,632.0,6.0,0.0,20.0,1.0,7.0,7.0,0.0,2.0,1.0,1.0,59.0,1.0,17.0,1.0,16.0,3.0,0.0,0.0,0.0,0.0,85.39,46.51,0.0,0.0,14.29,61.39,65.71,27.27,0.9747437735035024,0.0424182429082174,0.0,2.0,0.04790334,0.0,13.0,14.0,0.3784853799999997,201.0,33.322784810126585,9.968354430379748,43.29113924050633,6.550632911392405,8.829113924050633,0.8544303797468354,0.0,2.848101265822785,0.1424050632911392,0.9968354430379748,0.9968354430379748,0.0,0.2848101265822785,0.1424050632911392,0.1424050632911392,8.401898734177216,0.1424050632911392,2.420886075949367,0.1424050632911392,2.278481012658228,0.4272151898734177,0.0,0.0,0.0,0.0,85.39,46.51,0.0,0.0,14.29,61.39,65.71,27.27,0.1388084487584101,0.0060405725660436,0.0,0.2848101265822785,0.0068216781645569,0.0,1.8512658227848104,1.993670886075949,0.0538982344936708,28.623417721518987,CB,78,31,69,100,100,83,36,72,33,79,89,28,88,42,42,97,85,97,46,89,31,25,51,39,38,61,61,36,25,25,67,75,14,86,33,26,46,44,19,47,44,33,75,58,11,36,97,97,75,36,53,31,64,78,28,86,39,39,100,92,89,42,83,19,25,51,39,38,61,61,36,25,25,67,75,14,83,33,26,39,39,19,36,28,28,69,Danish 2nd Tier
Hobro,b2vft81kyjurzbmekvgrqwr64,cflwegqpzch8y30pb3dhigqnd,E. Søgaard,Emil Søgaard Jensen,29.0,Defender,Denmark,Defender,102.0,57.0,158.0,5.0,18.0,466.0,2.0,1.0,18.0,2.0,1.0,1.0,0.0,0.0,1.0,1.0,20.0,0.0,3.0,0.0,5.0,7.0,1.0,0.0,0.0,0.0,74.53,34.62,16.67,100.0,0.0,51.43,45.45,70.0,0.070458450165971,0.176673017089074,0.0,5.0,0.09736773,4.0,10.0,15.0,0.4376362299999998,38.0,19.69957081545064,11.008583690987123,30.515021459227462,0.965665236051502,3.476394849785408,0.3862660944206008,0.1931330472103004,3.476394849785408,0.3862660944206008,0.1931330472103004,0.1931330472103004,0.0,0.0,0.1931330472103004,0.1931330472103004,3.862660944206009,0.0,0.5793991416309012,0.0,0.965665236051502,1.351931330472103,0.1931330472103004,0.0,0.0,0.0,74.53,34.62,16.67,100.0,0.0,51.43,45.45,70.0,0.013607855182269,0.0341213981502503,0.0,0.965665236051502,0.0188049263948497,0.7725321888412017,1.931330472103004,2.896995708154506,0.0845220186695278,7.339055793991416,RB/RCB,73,33,53,50,53,27,37,83,23,33,37,33,27,30,27,80,47,33,40,40,80,50,53,40,43,27,47,40,93,40,67,50,67,47,40,37,57,53,60,67,67,53,47,60,13,47,40,33,20,33,80,27,27,33,33,27,20,20,67,47,13,40,40,67,47,53,40,43,27,47,40,93,40,67,50,67,40,33,37,60,47,47,47,60,47,33,Danish 2nd Tier
Hobro,b2vft81kyjurzbmekvgrqwr64,e0rgqk3gxzs005m9ok9hvp1ck,T. Hansen,Théo Hansen,21.0,Midfielder,Denmark,Midfielder,42.0,119.0,160.0,5.0,33.0,607.0,13.0,1.0,5.0,8.0,10.0,6.0,4.0,4.0,15.0,15.0,5.0,1.0,1.0,4.0,21.0,4.0,7.0,0.0,0.0,0.0,82.47,50.0,12.5,46.67,40.0,50.0,45.45,50.0,1.0077807115992423,0.7054099161144081,2.0,13.0,0.46074275,6.0,12.0,22.0,0.67441036,64.0,6.227347611202636,17.644151565074136,23.72322899505766,0.7413509060955519,4.892915980230643,1.9275123558484348,0.1482701812191103,0.7413509060955519,1.186161449752883,1.4827018121911038,0.8896210873146623,0.5930807248764415,0.5930807248764415,2.224052718286656,2.224052718286656,0.7413509060955519,0.1482701812191103,0.1482701812191103,0.5930807248764415,3.113673805601318,0.5930807248764415,1.037891268533773,0.0,0.0,0.0,82.47,50.0,12.5,46.67,40.0,50.0,45.45,50.0,0.1494238287379436,0.1045912560960407,0.2965403624382207,1.9275123558484348,0.0683144110378912,0.8896210873146623,1.7792421746293243,3.2619439868204285,0.0999949462932454,9.489291598023064,DM/CM,8,44,36,58,84,98,56,20,90,90,98,78,88,100,98,16,88,8,88,100,24,88,52,38,52,36,44,48,68,80,44,52,28,96,92,66,70,84,78,32,52,60,44,4,28,4,48,56,88,48,12,84,96,92,76,84,96,92,8,88,4,88,100,16,84,52,38,52,36,44,48,68,80,44,52,28,92,84,56,56,80,68,16,20,48,20,Danish 2nd Tier
Hobro,b2vft81kyjurzbmekvgrqwr64,e19g5bz7s9wqcvj8mttztxi0a,O. Klitten,Oliver Klitten,26.0,Midfielder,Denmark,Midfielder,47.0,67.0,114.0,1.0,12.0,254.0,5.0,0.0,1.0,4.0,3.0,2.0,1.0,1.0,3.0,3.0,4.0,0.0,4.0,1.0,8.0,3.0,2.0,0.0,0.0,0.0,87.02,20.0,0.0,66.67,33.33,48.0,33.33,75.0,0.3180735782654177,0.3220040805529043,1.0,4.0,0.10190693,0.0,7.0,12.0,0.3005855699999999,52.0,16.653543307086615,23.74015748031496,40.39370078740157,0.3543307086614173,4.251968503937007,1.7716535433070866,0.0,0.3543307086614173,1.4173228346456692,1.062992125984252,0.7086614173228346,0.3543307086614173,0.3543307086614173,1.062992125984252,1.062992125984252,1.4173228346456692,0.0,1.4173228346456692,0.3543307086614173,2.8346456692913384,1.062992125984252,0.7086614173228346,0.0,0.0,0.0,87.02,20.0,0.0,66.67,33.33,48.0,33.33,75.0,0.1127032363932582,0.1140959340541786,0.3543307086614173,1.4173228346456692,0.0361087547244094,0.0,2.4803149606299213,4.251968503937007,0.106506698031496,18.4251968503937,CM/AM,48,27,40,27,23,50,19,13,17,13,31,17,27,19,19,48,19,58,21,27,38,35,48,31,50,88,12,19,87,52,54,42,79,23,23,31,17,12,8,31,33,31,46,85,65,77,38,50,73,19,19,38,23,46,19,35,35,31,69,19,100,31,46,69,54,48,31,50,88,12,19,87,52,54,42,79,35,35,46,19,19,8,42,54,46,81,Danish 2nd Tier
Hobro,b2vft81kyjurzbmekvgrqwr64,ea2x4o6ufsqoz2zz7tqcnvo16,L. Klitten,Lukas Klitten,26.0,Defender,Denmark,Defender,114.0,188.0,291.0,3.0,30.0,720.0,9.0,11.0,8.0,15.0,7.0,3.0,4.0,2.0,10.0,11.0,13.0,0.0,6.0,3.0,18.0,10.0,4.0,0.0,3.0,0.0,82.44,32.0,29.73,40.0,42.86,55.56,37.5,66.67,0.5838191477528187,1.7641567386113812,3.0,18.0,0.5430280399999998,14.0,24.0,36.0,2.12508206,130.0,14.25,23.5,36.375,0.375,3.75,1.125,1.375,1.0,1.875,0.875,0.375,0.5,0.25,1.25,1.375,1.625,0.0,0.75,0.375,2.25,1.25,0.5,0.0,0.375,0.0,82.44,32.0,29.73,40.0,42.86,55.56,37.5,66.67,0.0729773934691023,0.2205195923264226,0.375,2.25,0.0678785049999999,1.75,3.0,4.5,0.2656352575,16.25,CB,36,92,61,8,67,93,97,14,100,79,54,93,88,94,94,24,38,32,93,92,94,93,51,100,38,28,18,83,60,83,25,8,54,69,100,93,97,97,100,62,78,100,47,6,72,19,3,22,83,97,6,100,58,35,86,72,89,89,6,38,10,81,81,81,88,51,97,38,28,18,83,60,83,25,8,54,50,100,83,94,97,97,50,61,97,31,Danish 2nd Tier
Hobro,b2vft81kyjurzbmekvgrqwr64,ebd3uvtt54wkdsahc2127j02c,F. Dietz,Frederik Dietz Nielsen,22.0,Defender,Denmark,Defender,231.0,192.0,423.0,24.0,56.0,713.0,9.0,0.0,33.0,2.0,9.0,8.0,1.0,2.0,17.0,17.0,40.0,3.0,15.0,3.0,26.0,12.0,7.0,0.0,0.0,1.0,79.21,38.82,0.0,41.18,33.33,54.9,64.86,75.0,1.1757863535368331,0.1203302056354131,2.0,21.0,0.5486114699999999,13.0,34.0,45.0,1.0347152299999998,261.0,29.158485273492285,24.23562412342216,53.394109396914445,3.02945301542777,7.068723702664796,1.1360448807854138,0.0,4.165497896213184,0.2524544179523141,1.1360448807854138,1.0098176718092566,0.126227208976157,0.2524544179523141,2.14586255259467,2.14586255259467,5.049088359046283,0.3786816269284712,1.893408134642356,0.3786816269284712,3.281907433380084,1.514726507713885,0.8835904628330995,0.0,0.0,0.126227208976157,79.21,38.82,0.0,41.18,33.33,54.9,64.86,75.0,0.1484162297592075,0.0151889460128852,0.2524544179523141,2.6507713884992987,0.0692496946704067,1.640953716690042,4.29172510518934,5.680224403927069,0.1306092155680224,32.945301542777,CB,75,94,83,86,94,93,36,92,53,93,97,64,88,97,97,71,99,93,93,100,100,97,51,39,85,17,36,36,64,65,19,72,69,97,50,82,100,100,97,81,89,86,92,39,75,61,72,86,86,36,72,46,75,88,58,78,97,97,53,100,78,83,97,89,94,51,39,83,17,36,36,64,65,19,72,69,86,47,74,100,100,94,69,78,69,81,Danish 2nd Tier
Hvidovre,8gxd9ry2580pu1b1dd5ny9ymy,1hlx5mvl8th7y82gocnuxacd0,D. Bagou,Donavan Bagou,22.0,Attacker,Côte d'Ivoire,Striker,15.0,32.0,47.0,8.0,18.0,615.0,5.0,0.0,1.0,2.0,23.0,17.0,6.0,4.0,7.0,8.0,3.0,5.0,0.0,9.0,29.0,1.0,4.0,0.0,0.0,0.0,66.2,100.0,0.0,57.14,39.13,36.73,34.78,100.0,3.4380162285477964,0.1559682241849767,6.0,4.0,0.0961481399999999,5.0,4.0,5.0,0.1104836199999998,16.0,2.1951219512195124,4.682926829268293,6.878048780487805,1.170731707317073,2.6341463414634148,0.7317073170731707,0.0,0.1463414634146341,0.2926829268292683,3.3658536585365857,2.4878048780487805,0.8780487804878049,0.5853658536585367,1.024390243902439,1.170731707317073,0.4390243902439024,0.7317073170731707,0.0,1.3170731707317074,4.243902439024391,0.1463414634146341,0.5853658536585367,0.0,0.0,0.0,66.2,100.0,0.0,57.14,39.13,36.73,34.78,100.0,0.5031243261289459,0.0228246181734112,0.8780487804878049,0.5853658536585367,0.0140704595121951,0.7317073170731707,0.5853658536585367,0.7317073170731707,0.0161683346341463,2.341463414634146,ST,31,24,24,62,40,48,33,29,9,86,88,81,79,43,48,52,100,21,90,78,21,67,50,31,52,21,97,33,79,55,24,41,88,97,17,81,28,21,79,36,41,24,31,17,3,3,52,17,31,33,24,3,83,72,52,59,24,24,38,97,21,69,48,17,55,50,31,52,21,97,33,79,55,24,41,88,93,14,66,17,17,69,24,34,21,14,Danish 2nd Tier
Hvidovre,8gxd9ry2580pu1b1dd5ny9ymy,3pk6hii2s8tbv2zux8mvbapec,N. Jungvig,Nicolaj Jungvig,22.0,Defender,Denmark,Defender,35.0,29.0,63.0,3.0,10.0,202.0,5.0,1.0,4.0,3.0,1.0,1.0,0.0,0.0,1.0,1.0,10.0,0.0,0.0,0.0,3.0,2.0,0.0,0.0,0.0,0.0,76.83,26.67,20.0,0.0,0.0,52.63,42.86,100.0,0.0843655318223685,0.1107457861872058,0.0,2.0,0.0427186799999999,1.0,5.0,6.0,0.08891056,21.0,15.594059405940596,12.92079207920792,28.06930693069307,1.3366336633663367,4.455445544554456,2.227722772277228,0.4455445544554455,1.7821782178217822,1.3366336633663367,0.4455445544554455,0.4455445544554455,0.0,0.0,0.4455445544554455,0.4455445544554455,4.455445544554456,0.0,0.0,0.0,1.3366336633663367,0.8910891089108911,0.0,0.0,0.0,0.0,76.83,26.67,20.0,0.0,0.0,52.63,42.86,100.0,0.0375886032871938,0.0493421819645966,0.0,0.8910891089108911,0.0190330752475247,0.4455445544554455,2.227722772277228,2.6732673267326734,0.0396136158415841,9.356435643564357,RB/RCB,13,13,7,27,27,63,37,13,40,33,37,33,27,30,27,40,47,7,40,23,30,20,53,40,43,47,7,47,20,40,73,40,97,53,33,37,40,40,33,37,37,33,33,40,33,33,60,73,100,53,27,67,47,60,33,27,47,40,80,47,7,40,53,60,20,53,40,43,47,7,47,20,40,73,40,97,67,47,37,40,53,33,67,47,33,47,Danish 2nd Tier
Hvidovre,8gxd9ry2580pu1b1dd5ny9ymy,4e7sicg0km2z5jq80ptgaxo4q,O. Jensen,Oliver Jensen,24.0,Midfielder,Denmark,Midfielder,95.0,181.0,266.0,6.0,23.0,585.0,4.0,10.0,8.0,7.0,4.0,1.0,3.0,3.0,2.0,2.0,10.0,0.0,6.0,0.0,5.0,6.0,0.0,0.0,2.0,0.0,87.21,61.54,37.04,0.0,0.0,58.97,66.67,46.15,0.3562877266020319,0.4485958772306873,3.0,15.0,0.35557736,10.0,45.0,51.0,0.8883594399999998,154.0,14.615384615384617,27.846153846153847,40.92307692307692,0.9230769230769232,3.5384615384615383,0.6153846153846154,1.5384615384615383,1.2307692307692308,1.0769230769230769,0.6153846153846154,0.1538461538461538,0.4615384615384615,0.4615384615384615,0.3076923076923077,0.3076923076923077,1.5384615384615383,0.0,0.9230769230769232,0.0,0.7692307692307693,0.9230769230769232,0.0,0.0,0.3076923076923077,0.0,87.21,61.54,37.04,0.0,0.0,58.97,66.67,46.15,0.0548134964003126,0.0690147503431826,0.4615384615384615,2.3076923076923075,0.0547042092307692,1.5384615384615383,6.923076923076923,7.846153846153846,0.136670683076923,23.692307692307693,CM/AM,85,88,88,73,52,38,88,63,50,27,19,50,67,10,10,94,19,88,8,12,75,8,48,85,50,92,63,85,8,8,92,92,23,35,35,65,67,69,85,100,96,73,92,69,85,85,65,23,19,88,46,19,12,15,35,42,4,4,77,19,62,8,8,50,8,48,77,50,92,63,85,8,8,92,92,23,15,12,54,58,46,88,96,96,58,92,Danish 2nd Tier
Hvidovre,8gxd9ry2580pu1b1dd5ny9ymy,630daj1ef34rczbhng0eoncvd,M. Kiilerich,Malte Kiilerich,30.0,Defender,Denmark,Defender,96.0,46.0,142.0,16.0,25.0,479.0,3.0,0.0,11.0,1.0,3.0,3.0,0.0,1.0,2.0,2.0,43.0,0.0,5.0,1.0,6.0,4.0,1.0,0.0,0.0,1.0,84.02,45.83,0.0,50.0,33.33,59.52,64.0,80.0,0.2590867220817313,0.0764399582176939,0.0,1.0,0.01689528,0.0,2.0,3.0,0.07731794,51.0,18.03757828810021,8.643006263048017,26.680584551148225,3.0062630480167014,4.697286012526097,0.5636743215031316,0.0,2.066805845511482,0.1878914405010438,0.5636743215031316,0.5636743215031316,0.0,0.1878914405010438,0.3757828810020877,0.3757828810020877,8.079331941544886,0.0,0.9394572025052192,0.1878914405010438,1.1273486430062631,0.7515657620041754,0.1878914405010438,0.0,0.0,0.1878914405010438,84.02,45.83,0.0,50.0,33.33,59.52,64.0,80.0,0.0486801774266301,0.0143624138613621,0.0,0.1878914405010438,0.0031744784968684,0.0,0.3757828810020877,0.5636743215031316,0.0145273791231732,9.582463465553236,CB,25,11,11,67,56,50,36,26,33,38,54,28,64,58,58,83,38,21,46,49,42,60,51,39,85,39,58,36,74,65,58,64,76,33,42,26,35,28,19,17,17,17,28,14,3,6,69,58,50,36,22,36,31,50,28,67,61,61,92,38,22,47,44,47,64,51,39,92,39,58,36,74,65,58,64,76,31,44,26,33,33,19,17,17,17,19,Danish 2nd Tier
Hvidovre,8gxd9ry2580pu1b1dd5ny9ymy,6dzg820946z4848whaa6ny2nd,N. Clausen,Nicolai Clausen,31.0,Defender,Denmark,Defender,122.0,97.0,218.0,7.0,30.0,450.0,11.0,1.0,25.0,3.0,3.0,0.0,3.0,1.0,1.0,1.0,20.0,0.0,3.0,1.0,6.0,7.0,0.0,0.0,0.0,1.0,81.95,40.98,100.0,0.0,33.33,75.0,53.85,58.33,0.1362881347228866,0.4178237870573917,1.0,1.0,0.02385149,0.0,31.0,29.0,0.5834249500000002,132.0,24.4,19.4,43.6,1.4,6.0,2.2,0.2,5.0,0.6,0.6,0.0,0.6,0.2,0.2,0.2,4.0,0.0,0.6,0.2,1.2,1.4,0.0,0.0,0.0,0.2,81.95,40.98,100.0,0.0,33.33,75.0,53.85,58.33,0.0272576269445773,0.0835647574114783,0.2,0.2,0.004770298,0.0,6.2,5.8,0.11668499,26.4,LB/LCB,82,45,55,77,68,95,14,91,18,68,18,77,59,9,9,73,45,41,59,45,50,14,55,27,91,73,82,100,14,64,100,73,27,55,36,64,27,27,18,82,68,36,82,91,55,82,73,91,100,9,95,18,73,18,82,73,9,9,100,45,36,64,36,64,14,55,27,91,73,82,100,14,64,100,73,27,55,27,82,27,27,18,91,82,27,91,Danish 2nd Tier
Hvidovre,8gxd9ry2580pu1b1dd5ny9ymy,907vtkod58b7986k7u1619gr8,E. Aby,Emmanuel Aby,18.0,Attacker,Denmark,Striker,8.0,19.0,27.0,4.0,11.0,205.0,2.0,0.0,0.0,3.0,6.0,3.0,3.0,3.0,6.0,7.0,0.0,1.0,0.0,1.0,7.0,1.0,3.0,0.0,0.0,0.0,79.41,0.0,0.0,50.0,16.67,28.95,30.77,50.0,0.6799114767392184,0.1804935522634997,1.0,3.0,0.10069116,1.0,2.0,2.0,0.1068552599999998,6.0,3.5121951219512195,8.341463414634147,11.853658536585366,1.7560975609756098,4.829268292682927,0.8780487804878049,0.0,0.0,1.3170731707317074,2.6341463414634148,1.3170731707317074,1.3170731707317074,1.3170731707317074,2.6341463414634148,3.073170731707317,0.0,0.4390243902439024,0.0,0.4390243902439024,3.073170731707317,0.4390243902439024,1.3170731707317074,0.0,0.0,0.0,79.41,0.0,0.0,50.0,16.67,28.95,30.77,50.0,0.2984977214952666,0.0792410717254389,0.4390243902439024,1.3170731707317074,0.0442058751219512,0.4390243902439024,0.8780487804878049,0.8780487804878049,0.0469120653658535,2.6341463414634148,ST,14,10,10,47,12,9,33,12,16,21,17,50,60,33,36,9,52,21,12,10,21,48,50,31,52,83,12,33,69,14,7,24,21,24,21,22,17,24,28,22,19,21,10,38,28,31,59,52,38,33,12,66,48,31,83,93,86,86,9,83,21,24,17,48,86,50,31,52,83,12,33,69,14,7,24,21,69,55,38,52,48,52,41,41,45,21,Danish 2nd Tier
Hvidovre,8gxd9ry2580pu1b1dd5ny9ymy,9dnceiwcpsatrdrj2m1uz6pnu,L. Prip,Louka Prip,29.0,Midfielder,Denmark,Midfielder,64.0,164.0,219.0,6.0,30.0,588.0,11.0,9.0,15.0,15.0,31.0,10.0,21.0,10.0,16.0,16.0,5.0,2.0,0.0,10.0,20.0,4.0,7.0,1.0,0.0,0.0,89.39,78.95,29.03,43.75,32.26,42.86,30.0,66.67,2.188717842397612,1.2449600585341447,8.0,22.0,0.6133235699999999,6.0,19.0,29.0,1.04335291,100.0,9.79591836734694,25.10204081632653,33.52040816326531,0.9183673469387756,4.591836734693878,1.683673469387755,1.3775510204081634,2.295918367346939,2.295918367346939,4.744897959183674,1.530612244897959,3.2142857142857144,1.530612244897959,2.4489795918367347,2.4489795918367347,0.7653061224489796,0.3061224489795918,0.0,1.530612244897959,3.061224489795918,0.6122448979591837,1.0714285714285714,0.1530612244897959,0.0,0.0,89.39,78.95,29.03,43.75,32.26,42.86,30.0,66.67,0.3350078330200426,0.1905551110001242,1.2244897959183674,3.36734693877551,0.093876056632653,0.9183673469387756,2.9081632653061225,4.438775510204081,0.1596968739795918,15.306122448979592,CM/AM,62,77,69,73,77,83,81,88,88,96,88,100,100,85,85,60,90,8,96,69,54,79,98,31,50,96,85,65,35,38,27,38,62,96,81,96,90,92,54,60,65,81,69,58,77,54,62,58,69,77,81,92,96,69,100,100,81,77,50,77,8,92,50,38,73,100,31,50,96,85,65,35,38,27,38,62,85,81,96,88,88,38,46,62,69,65,Danish 2nd Tier
Hvidovre,8gxd9ry2580pu1b1dd5ny9ymy,a30gduuv9d1s4pkthgu2jhyol,D. Stenderup,Daniel Stenderup,37.0,Defender,Denmark,Defender,145.0,155.0,300.0,15.0,35.0,700.0,6.0,0.0,31.0,3.0,2.0,1.0,1.0,1.0,5.0,5.0,40.0,0.0,7.0,0.0,4.0,6.0,2.0,0.0,0.0,0.0,84.03,50.82,0.0,40.0,0.0,71.43,68.18,46.15,0.1072063959415489,0.2063935038105966,0.0,6.0,0.12168431,3.0,48.0,64.0,1.1149976,196.0,18.642857142857142,19.928571428571427,38.57142857142857,1.9285714285714288,4.5,0.7714285714285715,0.0,3.9857142857142858,0.3857142857142857,0.2571428571428572,0.1285714285714286,0.1285714285714286,0.1285714285714286,0.6428571428571429,0.6428571428571429,5.142857142857143,0.0,0.9,0.0,0.5142857142857143,0.7714285714285715,0.2571428571428572,0.0,0.0,0.0,84.03,50.82,0.0,40.0,0.0,71.43,68.18,46.15,0.0137836794781991,0.0265363076327909,0.0,0.7714285714285715,0.0156451255714285,0.3857142857142857,6.171428571428572,8.22857142857143,0.1433568342857142,25.2,CB,53,79,67,58,79,83,36,88,69,25,19,64,64,86,85,71,38,43,12,29,76,79,51,39,38,42,81,36,60,12,94,86,18,22,61,26,69,67,76,94,97,89,72,17,50,25,36,49,64,36,67,58,18,14,61,58,75,72,56,38,17,12,14,50,75,51,39,38,42,81,36,60,12,94,86,18,19,61,26,61,56,67,92,94,78,50,Danish 2nd Tier
Hvidovre,8gxd9ry2580pu1b1dd5ny9ymy,aejgqvdw1jftxaa538kaa15w4,O. Juul,Oliver Astradsson Juul Jensen,25.0,Defender,Denmark,Defender,86.0,114.0,196.0,5.0,24.0,611.0,4.0,4.0,9.0,8.0,2.0,1.0,1.0,0.0,9.0,11.0,19.0,0.0,3.0,2.0,8.0,9.0,3.0,0.0,1.0,0.0,73.96,20.45,26.67,33.33,100.0,45.28,55.56,75.0,0.132755026626957,0.5726611735815101,1.0,27.0,0.66902358,8.0,28.0,32.0,0.98977256,96.0,12.667757774140751,16.79214402618658,28.870703764320787,0.7364975450081833,3.53518821603928,0.5891980360065466,0.5891980360065466,1.32569558101473,1.1783960720130933,0.2945990180032733,0.1472995090016366,0.1472995090016366,0.0,1.32569558101473,1.620294599018003,2.7986906710310966,0.0,0.44189852700491,0.2945990180032733,1.1783960720130933,1.32569558101473,0.44189852700491,0.0,0.1472995090016366,0.0,73.96,20.45,26.67,33.33,100.0,45.28,55.56,75.0,0.0195547502396499,0.0843527096928574,0.1472995090016366,3.97708674304419,0.0985468448445171,1.1783960720130933,4.124386252045826,4.713584288052373,0.1457930121112929,14.14075286415712,LB/LCB,55,55,45,50,50,36,41,55,64,50,50,59,23,91,91,64,45,41,82,55,73,91,55,59,41,27,27,36,68,100,9,82,64,45,55,64,91,91,73,73,82,64,55,45,27,36,36,36,27,36,55,45,55,55,64,23,91,100,55,45,27,82,27,55,91,55,55,41,27,27,36,68,100,9,82,64,45,36,64,91,91,64,82,64,45,55,Danish 2nd Tier
Hvidovre,8gxd9ry2580pu1b1dd5ny9ymy,bfvdr7ckiersz26ya2kq9f1g4,A. Iljazovski,Ahmed Iljazovski,29.0,Defender,North Macedonia,Defender,66.0,101.0,167.0,4.0,14.0,320.0,2.0,0.0,8.0,3.0,0.0,0.0,0.0,0.0,1.0,2.0,13.0,0.0,5.0,0.0,3.0,6.0,1.0,0.0,0.0,0.0,82.27,29.63,0.0,100.0,0.0,42.42,40.0,85.71,0.0,0.0,0.0,0.0,0.0,0.0,0.0,0.0,0.0,0.0,18.5625,28.40625,46.96875,1.125,3.9375,0.5625,0.0,2.25,0.84375,0.0,0.0,0.0,0.0,0.28125,0.5625,3.65625,0.0,1.40625,0.0,0.84375,1.6875,0.28125,0.0,0.0,0.0,82.27,29.63,0.0,100.0,0.0,42.42,40.0,85.71,0.0,0.0,0.0,0.0,0.0,0.0,0.0,0.0,0.0,0.0,RB/RCB,43,73,67,33,47,27,13,40,40,13,13,33,27,30,50,53,47,60,40,23,73,50,53,40,43,73,27,13,93,40,27,30,87,20,17,37,17,17,17,17,17,17,17,53,93,87,50,67,27,13,60,40,13,13,33,27,27,47,60,47,80,40,27,100,53,53,40,43,73,27,13,93,40,27,30,87,20,17,37,17,17,17,17,17,17,17,Danish 2nd Tier
Hvidovre,8gxd9ry2580pu1b1dd5ny9ymy,cl4xl80n4gew1ox03r3ooshrd,O. Kjærgaard,Oliver Kjærgaard,28.0,Midfielder,Denmark,Midfielder,108.0,230.0,333.0,7.0,46.0,720.0,8.0,5.0,15.0,16.0,24.0,15.0,9.0,8.0,19.0,20.0,22.0,3.0,5.0,8.0,28.0,14.0,9.0,1.0,2.0,0.0,82.84,38.46,33.33,47.37,33.33,45.54,43.75,63.64,1.913306215843635,1.3188521690549455,6.0,22.0,0.60265267,12.0,41.0,47.0,1.3926523999999996,167.0,13.5,28.75,41.625,0.875,5.75,1.0,0.625,1.875,2.0,3.0,1.875,1.125,1.0,2.375,2.5,2.75,0.375,0.625,1.0,3.5,1.75,1.125,0.125,0.25,0.0,82.84,38.46,33.33,47.37,33.33,45.54,43.75,63.64,0.2391632769804543,0.1648565211318682,0.75,2.75,0.07533158375,1.5,5.125,5.875,0.1740815499999999,20.875,CM/AM,92,100,96,83,100,67,69,88,94,92,96,85,92,96,96,100,96,75,92,92,100,90,98,85,50,54,35,77,42,52,46,65,52,92,85,87,90,88,98,96,92,96,96,62,92,88,54,85,46,62,77,81,81,73,69,92,69,81,100,88,38,85,54,100,77,96,65,50,54,35,77,42,52,46,65,52,73,69,81,77,81,85,88,77,73,85,Danish 2nd Tier
Hvidovre,8gxd9ry2580pu1b1dd5ny9ymy,dncrhma6gwcn6pxiu7hfc6qz8,A. Smed,Andreas Smed,29.0,Attacker,Denmark,Striker,38.0,128.0,165.0,9.0,24.0,565.0,9.0,1.0,13.0,11.0,11.0,8.0,3.0,1.0,4.0,4.0,12.0,1.0,6.0,2.0,20.0,3.0,3.0,0.0,2.0,0.0,69.92,46.43,11.11,75.0,18.18,47.06,45.0,100.0,0.877325021273029,0.809120732915764,4.0,9.0,0.2684439699999999,5.0,19.0,25.0,1.06182715,68.0,6.053097345132744,20.38938053097345,26.283185840707965,1.4336283185840708,3.8230088495575214,1.4336283185840708,0.1592920353982301,2.070796460176992,1.752212389380531,1.752212389380531,1.2743362831858407,0.4778761061946903,0.1592920353982301,0.6371681415929203,0.6371681415929203,1.9115044247787607,0.1592920353982301,0.9557522123893806,0.3185840707964602,3.185840707964602,0.4778761061946903,0.4778761061946903,0.0,0.3185840707964602,0.0,69.92,46.43,11.11,75.0,18.18,47.06,45.0,100.0,0.1397508883443763,0.1288864884290597,0.6371681415929203,1.4336283185840708,0.0427609863716814,0.7964601769911505,3.026548672566372,3.982300884955752,0.1691406079646017,10.831858407079649,ST,86,95,93,66,60,78,69,93,97,47,48,50,24,21,19,86,52,93,28,45,64,48,50,93,52,28,38,66,97,17,79,76,88,45,93,60,66,66,79,93,93,90,93,83,90,79,55,38,55,66,93,79,31,28,41,17,10,10,90,45,90,10,24,55,41,50,90,52,28,38,66,97,17,79,76,88,28,79,48,59,45,76,93,90,90,86,Danish 2nd Tier
Kolding,b8oqgvx1ijeyn6y1cn6929ix4,3j4yxqk470udckpmequhkmdjo,Abdul Arshad,Abdul Samad Shahzad Arshad,23.0,Midfielder,Pakistan,Midfielder,44.0,119.0,162.0,2.0,33.0,385.0,9.0,1.0,2.0,4.0,16.0,7.0,9.0,3.0,27.0,28.0,1.0,0.0,3.0,6.0,17.0,6.0,15.0,0.0,0.0,0.0,89.5,100.0,16.67,55.56,37.5,48.53,33.33,85.71,1.1236192499239084,0.3133167527651863,8.0,30.0,0.8242674699999999,10.0,17.0,17.0,0.7518377399999998,82.0,10.285714285714286,27.81818181818182,37.87012987012987,0.4675324675324675,7.714285714285714,2.103896103896104,0.2337662337662337,0.4675324675324675,0.935064935064935,3.74025974025974,1.6363636363636365,2.103896103896104,0.7012987012987013,6.311688311688312,6.545454545454546,0.2337662337662337,0.0,0.7012987012987013,1.4025974025974026,3.9740259740259742,1.4025974025974026,3.5064935064935066,0.0,0.0,0.0,89.5,100.0,16.67,55.56,37.5,48.53,33.33,85.71,0.2626642402419526,0.0732428772697838,1.87012987012987,7.012987012987013,0.192685902077922,2.3376623376623376,3.9740259740259742,3.9740259740259742,0.1757542768831168,19.16883116883117,RM/RCM,57,86,71,50,100,86,29,43,43,100,93,100,100,100,100,14,29,64,100,79,71,100,57,50,57,100,100,36,86,86,71,57,100,100,43,100,86,86,100,86,71,86,71,71,100,86,57,100,100,29,43,43,100,86,100,100,100,100,14,29,71,86,86,100,100,57,50,57,100,100,36,86,86,71,57,100,100,57,100,100,100,100,100,100,71,100,Danish 2nd Tier
Kolding,b8oqgvx1ijeyn6y1cn6929ix4,3q6uah3ucqhk39bymyfma9xp1,F. Lesniak,Filip Lesniak,30.0,Midfielder,Slovakia,Midfielder,115.0,153.0,268.0,5.0,23.0,700.0,5.0,0.0,7.0,3.0,10.0,4.0,6.0,3.0,5.0,5.0,12.0,0.0,13.0,5.0,8.0,5.0,2.0,0.0,0.0,0.0,86.17,36.84,0.0,40.0,50.0,58.97,55.56,45.45,0.8297792578526726,0.3130691114132182,3.0,6.0,0.12384759,2.0,34.0,28.0,0.8118780999999997,153.0,14.785714285714286,19.67142857142857,34.457142857142856,0.6428571428571429,2.9571428571428573,0.6428571428571429,0.0,0.9,0.3857142857142857,1.2857142857142858,0.5142857142857143,0.7714285714285715,0.3857142857142857,0.6428571428571429,0.6428571428571429,1.542857142857143,0.0,1.6714285714285717,0.6428571428571429,1.0285714285714287,0.6428571428571429,0.2571428571428572,0.0,0.0,0.0,86.17,36.84,0.0,40.0,50.0,58.97,55.56,45.45,0.1066859045810579,0.0402517428959851,0.3857142857142857,0.7714285714285715,0.0159232615714285,0.2571428571428572,4.371428571428572,3.6,0.1043843271428571,19.67142857142857,DM/CM,68,72,64,58,52,44,24,36,32,90,90,84,84,62,62,76,38,92,98,76,38,64,52,38,52,64,12,24,60,86,68,72,18,92,48,80,40,36,42,76,62,72,70,28,40,28,40,24,28,24,20,12,84,72,80,68,48,48,36,38,76,92,56,20,52,52,38,52,64,12,24,60,86,68,72,18,88,32,64,28,28,32,60,28,56,52,Danish 2nd Tier
Kolding,b8oqgvx1ijeyn6y1cn6929ix4,5u9zrgsm6wycfcbk04m64wd1w,N. Morberg,Niels Henrik Melsæther Morberg,25.0,Midfielder,Denmark,Midfielder,43.0,59.0,102.0,3.0,14.0,301.0,5.0,0.0,6.0,1.0,2.0,1.0,1.0,2.0,7.0,7.0,5.0,0.0,4.0,0.0,7.0,4.0,1.0,0.0,0.0,0.0,78.46,54.55,0.0,14.29,0.0,38.89,37.5,80.0,0.2159915115514994,0.1348684725360297,0.0,2.0,0.03733942,1.0,12.0,13.0,0.29097565,53.0,12.857142857142856,17.641196013289036,30.49833887043189,0.8970099667774086,4.186046511627906,1.495016611295681,0.0,1.7940199335548173,0.2990033222591362,0.5980066445182725,0.2990033222591362,0.2990033222591362,0.5980066445182725,2.093023255813953,2.093023255813953,1.495016611295681,0.0,1.196013289036545,0.0,2.093023255813953,1.196013289036545,0.2990033222591362,0.0,0.0,0.0,78.46,54.55,0.0,14.29,0.0,38.89,37.5,80.0,0.0645821795336709,0.0403261213562879,0.0,0.5980066445182725,0.0111646106312292,0.2990033222591362,3.5880398671096345,3.88704318936877,0.0870026860465116,15.847176079734218,DM/CM,12,22,20,36,18,44,24,26,8,20,38,32,72,70,70,16,38,36,24,64,24,46,52,38,52,16,56,24,40,24,8,32,88,44,24,18,22,20,30,32,30,28,26,24,24,20,56,48,72,24,36,4,44,56,36,88,88,88,28,38,56,24,88,52,56,52,38,52,16,56,24,40,24,8,32,88,60,36,18,24,24,36,36,36,32,28,Danish 2nd Tier
Kolding,b8oqgvx1ijeyn6y1cn6929ix4,6bajck5osvj7trnwt2a5mc3dg,I. Tånnander,Isak Frederik Tånnander,25.0,Midfielder,Denmark,Midfielder,32.0,66.0,98.0,18.0,32.0,426.0,1.0,0.0,3.0,5.0,11.0,9.0,2.0,3.0,7.0,7.0,6.0,1.0,5.0,4.0,22.0,5.0,4.0,0.0,0.0,0.0,71.01,37.5,0.0,57.14,36.36,44.44,50.0,55.56,1.4021070543224836,0.2827274707988154,1.0,4.0,0.11767533,5.0,5.0,6.0,0.2857102499999999,33.0,6.76056338028169,13.943661971830986,20.70422535211268,3.8028169014084505,6.76056338028169,0.2112676056338028,0.0,0.6338028169014085,1.056338028169014,2.323943661971831,1.9014084507042253,0.4225352112676056,0.6338028169014085,1.4788732394366195,1.4788732394366195,1.267605633802817,0.2112676056338028,1.056338028169014,0.8450704225352113,4.647887323943662,1.056338028169014,0.8450704225352113,0.0,0.0,0.0,71.01,37.5,0.0,57.14,36.36,44.44,50.0,55.56,0.2962198002089754,0.0597311558025666,0.2112676056338028,0.8450704225352113,0.0248609852112676,1.056338028169014,1.056338028169014,1.267605633802817,0.0603613204225351,6.971830985915493,CM/AM,31,23,27,100,83,6,19,33,31,69,83,33,67,62,58,73,62,75,69,73,65,63,48,31,50,8,31,19,69,73,37,81,38,85,12,31,17,15,48,23,23,23,23,23,19,19,100,92,4,19,31,12,62,77,23,62,50,46,62,58,81,58,77,65,65,48,31,50,8,31,19,69,73,37,81,38,81,8,19,12,12,54,15,15,15,19,Danish 2nd Tier
Kolding,b8oqgvx1ijeyn6y1cn6929ix4,7apuo8j6dbzbr264gwsckrr4k,H. Høllsberg,Hans Høllsberg,24.0,Midfielder,Denmark,Midfielder,67.0,123.0,187.0,7.0,29.0,660.0,7.0,3.0,4.0,8.0,6.0,2.0,4.0,2.0,6.0,6.0,21.0,2.0,9.0,2.0,10.0,9.0,2.0,0.0,1.0,0.0,76.02,15.38,33.33,33.33,33.33,49.15,41.18,69.23,0.430001548724693,0.4363182480295831,3.0,9.0,0.25225615,6.0,20.0,25.0,0.4981036199999998,108.0,9.136363636363637,16.772727272727273,25.5,0.9545454545454546,3.954545454545455,0.9545454545454546,0.4090909090909091,0.5454545454545455,1.090909090909091,0.8181818181818182,0.2727272727272727,0.5454545454545455,0.2727272727272727,0.8181818181818182,0.8181818181818182,2.863636363636364,0.2727272727272727,1.2272727272727273,0.2727272727272727,1.3636363636363638,1.2272727272727273,0.2727272727272727,0.0,0.1363636363636363,0.0,76.02,15.38,33.33,33.33,33.33,49.15,41.18,69.23,0.0586365748260945,0.0594979429131249,0.4090909090909091,1.2272727272727273,0.0343985659090909,0.8181818181818182,2.7272727272727275,3.409090909090909,0.0679232209090908,14.727272727272728,RM/RCM,71,100,100,100,86,71,71,71,93,64,36,86,79,43,43,100,100,100,71,36,100,43,57,100,57,14,29,100,36,71,86,86,71,57,57,71,36,43,64,100,100,43,100,57,43,57,86,57,71,43,57,71,57,29,57,43,43,43,86,71,100,57,29,86,43,57,100,57,14,29,100,36,71,86,86,71,43,43,71,29,29,14,86,71,14,71,Danish 2nd Tier
Kolding,b8oqgvx1ijeyn6y1cn6929ix4,8dr71eytprtykleoyga6noxyh,M. Soomets,Markus Soomets,26.0,Midfielder,Estonia,Midfielder,46.0,50.0,96.0,0.0,12.0,243.0,6.0,0.0,4.0,2.0,2.0,1.0,1.0,0.0,1.0,1.0,5.0,0.0,3.0,0.0,3.0,6.0,0.0,0.0,1.0,0.0,86.49,66.67,0.0,0.0,0.0,63.16,0.0,100.0,0.0,0.0,0.0,0.0,0.0,0.0,0.0,0.0,0.0,0.0,17.037037037037035,18.51851851851852,35.55555555555555,0.0,4.444444444444444,2.222222222222222,0.0,1.4814814814814814,0.7407407407407407,0.7407407407407407,0.3703703703703703,0.3703703703703703,0.0,0.3703703703703703,0.3703703703703703,1.851851851851852,0.0,1.111111111111111,0.0,1.111111111111111,2.222222222222222,0.0,0.0,0.3703703703703703,0.0,86.49,66.67,0.0,0.0,0.0,63.16,0.0,100.0,0.0,0.0,0.0,0.0,0.0,0.0,0.0,0.0,0.0,0.0,DM/CM,20,16,16,8,12,70,24,14,20,20,38,32,14,14,14,16,38,26,24,34,50,18,52,88,52,72,86,24,18,24,88,8,98,10,8,18,8,8,12,8,8,8,8,36,32,40,8,52,96,24,32,44,48,60,40,14,24,24,56,38,44,24,60,80,18,52,100,52,72,86,24,18,24,88,8,98,10,8,18,8,8,12,8,8,8,8,Danish 2nd Tier
Kolding,b8oqgvx1ijeyn6y1cn6929ix4,8ewvm6ux4yvpwgrzjkc1chqwa,A. Nørager,Albert Nørager,26.0,Defender,Denmark,Defender,118.0,134.0,236.0,15.0,35.0,710.0,2.0,16.0,16.0,17.0,9.0,4.0,5.0,3.0,6.0,7.0,26.0,0.0,8.0,4.0,12.0,13.0,1.0,0.0,2.0,0.0,77.63,32.65,41.03,16.67,44.44,56.45,68.18,76.47,0.7280164399739905,2.2932463568053847,1.0,6.0,0.17220839,4.0,16.0,24.0,1.62793469,126.0,14.957746478873238,16.985915492957744,29.91549295774648,1.9014084507042253,4.436619718309859,0.2535211267605634,2.028169014084507,2.028169014084507,2.1549295774647885,1.1408450704225352,0.5070422535211268,0.6338028169014084,0.380281690140845,0.7605633802816901,0.8873239436619718,3.295774647887324,0.0,1.0140845070422535,0.5070422535211268,1.5211267605633805,1.647887323943662,0.1267605633802817,0.0,0.2535211267605634,0.0,77.63,32.65,41.03,16.67,44.44,56.45,68.18,76.47,0.09228377408121,0.290693200158429,0.1267605633802817,0.7605633802816901,0.0218292325352112,0.5070422535211268,2.028169014084507,3.0422535211267605,0.2063579184507042,15.971830985915492,LB/LCB,73,64,73,100,100,14,100,73,82,91,91,91,91,64,64,91,45,91,100,73,91,41,55,86,41,64,73,82,27,73,64,100,73,91,100,64,45,45,45,55,55,82,73,64,36,55,100,64,9,91,73,82,91,91,91,91,64,45,82,45,91,100,73,73,36,55,91,41,64,73,82,27,73,64,100,73,91,100,55,45,45,36,45,45,73,64,Danish 2nd Tier
Kolding,b8oqgvx1ijeyn6y1cn6929ix4,9bmo8w8t7slkzbb5owilyoqju,G. Friberg,Gustav Friberg,24.0,Defender,Sweden,Defender,29.0,51.0,76.0,7.0,20.0,364.0,2.0,4.0,3.0,4.0,0.0,0.0,0.0,0.0,2.0,2.0,9.0,0.0,1.0,0.0,5.0,7.0,1.0,0.0,2.0,0.0,66.09,23.08,66.67,50.0,0.0,62.5,58.33,70.0,0.0,0.0,0.0,0.0,0.0,0.0,0.0,0.0,0.0,0.0,7.170329670329671,12.60989010989011,18.791208791208792,1.7307692307692308,4.945054945054945,0.4945054945054945,0.989010989010989,0.7417582417582418,0.989010989010989,0.0,0.0,0.0,0.0,0.4945054945054945,0.4945054945054945,2.2252747252747254,0.0,0.2472527472527472,0.0,1.2362637362637363,1.7307692307692308,0.2472527472527472,0.0,0.4945054945054945,0.0,66.09,23.08,66.67,50.0,0.0,62.5,58.33,70.0,0.0,0.0,0.0,0.0,0.0,0.0,0.0,0.0,0.0,0.0,LB/LCB,9,9,9,77,18,14,41,9,32,14,18,27,23,27,23,27,45,9,27,32,50,41,55,86,41,9,36,91,91,27,82,91,55,14,14,23,14,14,18,14,14,14,14,9,9,9,91,82,18,45,18,36,14,18,27,23,27,27,36,45,9,27,55,82,55,55,100,41,9,36,91,91,27,82,91,55,14,14,23,14,14,18,14,14,14,14,Danish 2nd Tier
Kolding,b8oqgvx1ijeyn6y1cn6929ix4,9ircna8pbskreztmy1wiqwx9m,S. Yatéké,Sterling Yatéké,26.0,Attacker,Central African Republic,Striker,20.0,30.0,50.0,19.0,28.0,390.0,3.0,0.0,2.0,5.0,19.0,17.0,2.0,3.0,8.0,8.0,5.0,3.0,2.0,8.0,29.0,2.0,4.0,0.0,0.0,0.0,62.5,50.0,0.0,50.0,42.11,37.84,44.19,100.0,2.1591696050320537,0.2756853960303901,2.0,0.0,0.0,1.0,1.0,1.0,0.03475134,12.0,4.615384615384616,6.923076923076923,11.53846153846154,4.384615384615385,6.461538461538462,0.6923076923076924,0.0,0.4615384615384615,1.153846153846154,4.384615384615385,3.9230769230769234,0.4615384615384615,0.6923076923076924,1.8461538461538465,1.8461538461538465,1.153846153846154,0.6923076923076924,0.4615384615384615,1.8461538461538465,6.6923076923076925,0.4615384615384615,0.9230769230769232,0.0,0.0,0.0,62.5,50.0,0.0,50.0,42.11,37.84,44.19,100.0,0.4982699088535509,0.0636197067762438,0.4615384615384615,0.0,0.0,0.2307692307692307,0.2307692307692307,0.2307692307692307,0.00801954,2.7692307692307696,ST,43,21,31,83,69,22,33,50,52,79,88,33,60,55,48,64,91,69,84,78,41,67,50,31,52,17,47,33,69,69,34,72,88,79,34,34,7,7,28,14,12,14,21,59,17,28,93,83,28,33,48,59,93,97,38,66,62,59,76,93,69,93,86,52,69,50,31,52,17,47,33,69,69,34,72,88,90,45,41,7,7,28,17,10,14,24,Danish 2nd Tier
Kolding,b8oqgvx1ijeyn6y1cn6929ix4,a6vduk9b8pcf250he49x1vitw,T. Augustinus-Jensen,Tobias Augustinus-Jensen,21.0,Midfielder,Denmark,Midfielder,68.0,206.0,264.0,0.0,15.0,653.0,2.0,10.0,8.0,20.0,17.0,7.0,10.0,7.0,18.0,19.0,2.0,2.0,1.0,7.0,33.0,3.0,9.0,0.0,0.0,0.0,80.0,61.54,29.41,50.0,41.18,30.61,0.0,75.0,1.3088821978120684,2.012333792485982,4.0,25.0,0.7962076499999999,9.0,25.0,52.0,2.119691810000001,126.0,9.372128637059724,28.39203675344564,36.38591117917305,0.0,2.0673813169984685,0.2756508422664624,1.3782542113323124,1.10260336906585,2.756508422664625,2.343032159264931,0.9647779479326188,1.3782542113323124,0.9647779479326188,2.4808575803981623,2.6186830015313936,0.2756508422664624,0.2756508422664624,0.1378254211332312,0.9647779479326188,4.548238897396631,0.4134762633996937,1.2404287901990811,0.0,0.0,0.0,80.0,61.54,29.41,50.0,41.18,30.61,0.0,75.0,0.1803972401272376,0.2773507524100128,0.5513016845329249,3.445635528330781,0.1097376546707503,1.2404287901990811,3.445635528330781,7.166921898928025,0.2921474163859113,17.366003062787136,CM/AM,67,96,85,10,31,21,88,63,100,88,67,88,87,92,92,19,90,21,88,96,38,90,48,31,50,31,63,69,54,81,8,10,79,77,100,77,96,100,81,73,100,100,85,46,88,65,10,4,8,81,42,96,65,58,85,88,85,85,12,69,15,73,73,27,88,48,31,50,31,63,69,54,81,8,10,79,65,96,65,92,96,69,58,88,96,69,Danish 2nd Tier
Kolding,b8oqgvx1ijeyn6y1cn6929ix4,cpmf0lnxudnkpgskcw6pzbrbo,L. Laursen,Lasse Bak Laursen,24.0,Defender,Denmark,Defender,174.0,70.0,244.0,31.0,44.0,700.0,4.0,0.0,12.0,4.0,2.0,2.0,0.0,0.0,0.0,0.0,53.0,1.0,13.0,1.0,8.0,5.0,0.0,0.0,0.0,0.0,78.46,33.33,0.0,0.0,50.0,57.89,67.39,55.56,0.3005381417761827,0.2887011556070047,0.0,1.0,0.01935132,0.0,7.0,7.0,0.36855399,146.0,22.37142857142857,9.0,31.37142857142857,3.9857142857142858,5.6571428571428575,0.5142857142857143,0.0,1.542857142857143,0.5142857142857143,0.2571428571428572,0.2571428571428572,0.0,0.0,0.0,0.0,6.814285714285714,0.1285714285714286,1.6714285714285717,0.1285714285714286,1.0285714285714287,0.6428571428571429,0.0,0.0,0.0,0.0,78.46,33.33,0.0,0.0,50.0,57.89,67.39,55.56,0.0386406182283663,0.0371187200066148,0.0,0.1285714285714286,0.0024880268571428,0.0,0.9,0.9,0.047385513,18.77142857142857,CB,64,31,47,89,83,64,36,36,76,25,38,28,24,15,15,92,85,85,46,61,60,25,51,39,38,14,28,36,25,90,49,81,38,39,67,26,35,32,19,31,22,31,56,33,6,8,86,72,42,36,11,67,18,25,28,24,15,15,78,89,69,36,39,39,25,51,39,38,14,28,36,25,90,49,81,38,28,64,26,31,31,19,19,19,19,36,Danish 2nd Tier
Kolding,b8oqgvx1ijeyn6y1cn6929ix4,ditbnaezwo4x10717bf53uwb8,M. Døj,Magnus Døj,21.0,Defender,Denmark,Defender,98.0,81.0,179.0,15.0,48.0,591.0,12.0,0.0,14.0,0.0,3.0,3.0,0.0,1.0,5.0,5.0,33.0,0.0,18.0,0.0,6.0,11.0,5.0,0.0,0.0,1.0,72.76,28.57,0.0,100.0,0.0,64.86,62.5,68.75,0.0,0.0,0.0,0.0,0.0,0.0,0.0,0.0,0.0,0.0,14.923857868020304,12.33502538071066,27.258883248730964,2.284263959390863,7.309644670050762,1.8274111675126905,0.0,2.1319796954314723,0.0,0.4568527918781726,0.4568527918781726,0.0,0.1522842639593908,0.7614213197969544,0.7614213197969544,5.025380710659898,0.0,2.741116751269036,0.0,0.9137055837563453,1.6751269035532996,0.7614213197969544,0.0,0.0,0.1522842639593908,72.76,28.57,0.0,100.0,0.0,64.86,62.5,68.75,0.0,0.0,0.0,0.0,0.0,0.0,0.0,0.0,0.0,0.0,RB/RCB,67,47,73,100,100,100,13,73,10,67,80,33,67,63,60,93,47,100,40,60,93,97,53,40,93,20,20,13,93,40,100,100,60,20,17,37,17,17,17,17,17,17,17,33,27,20,100,100,87,13,53,10,53,67,33,60,60,60,87,47,93,40,33,93,100,53,40,100,20,20,13,93,40,100,100,60,20,17,37,17,17,17,17,17,17,17,Danish 2nd Tier
Vejle,c165yjiny1qnmfdvefxvflnkc,1xjhud4hyekcg08nue1iosmsq,T. Gundelund,Thomas Gundelund,24.0,Defender,Denmark,Defender,149.0,185.0,327.0,5.0,22.0,614.0,9.0,7.0,18.0,10.0,2.0,1.0,1.0,1.0,1.0,1.0,16.0,0.0,4.0,0.0,5.0,4.0,0.0,0.0,3.0,1.0,82.58,43.9,38.89,0.0,0.0,57.89,45.45,50.0,0.1403283016338202,1.2377255429985397,0.0,19.0,0.52533481,11.0,48.0,59.0,2.33377403,172.0,21.84039087947883,27.11726384364821,47.931596091205215,0.7328990228013029,3.224755700325733,1.3192182410423454,1.026058631921824,2.638436482084691,1.4657980456026058,0.2931596091205212,0.1465798045602606,0.1465798045602606,0.1465798045602606,0.1465798045602606,0.1465798045602606,2.345276872964169,0.0,0.5863192182410424,0.0,0.7328990228013029,0.5863192182410424,0.0,0.0,0.4397394136807818,0.1465798045602606,82.58,43.9,38.89,0.0,0.0,57.89,45.45,50.0,0.0205692950277586,0.1814255681919683,0.0,2.785016286644951,0.0770034737785016,1.6123778501628665,7.035830618892509,8.648208469055374,0.3420841412052117,25.211726384364823,RB/RCB,93,93,93,50,67,87,93,83,93,50,37,73,67,30,27,67,47,50,40,40,57,20,53,100,93,80,73,87,20,40,80,50,20,60,100,37,93,87,93,100,100,100,100,80,87,93,20,20,73,80,73,73,33,27,67,53,13,13,27,47,20,40,20,20,20,53,93,93,80,73,87,20,40,80,50,20,47,93,37,87,80,93,100,100,100,93,Danish 2nd Tier
Vejle,c165yjiny1qnmfdvefxvflnkc,2i92r2eksw9ty9kis974k3uqy,V. Lund,Valdemar Lund,23.0,Defender,Denmark,Defender,108.0,39.0,147.0,8.0,13.0,250.0,2.0,0.0,5.0,0.0,1.0,1.0,0.0,0.0,0.0,0.0,15.0,0.0,1.0,0.0,3.0,2.0,0.0,0.0,0.0,0.0,89.63,31.25,0.0,0.0,0.0,68.42,57.14,66.67,0.1591150897727356,0.0,0.0,0.0,0.0,0.0,5.0,7.0,0.13502161,57.0,38.88,14.04,52.92,2.88,4.680000000000001,0.72,0.0,1.8,0.0,0.36,0.36,0.0,0.0,0.0,0.0,5.4,0.0,0.36,0.0,1.08,0.72,0.0,0.0,0.0,0.0,89.63,31.25,0.0,0.0,0.0,68.42,57.14,66.67,0.0572814323181848,0.0,0.0,0.0,0.0,0.0,1.8,2.52,0.0486077796,20.52,CB,33,7,17,36,17,32,36,8,14,15,19,28,24,15,15,28,38,6,12,18,21,25,51,39,38,92,11,36,25,12,89,36,54,25,17,26,14,14,19,22,22,19,31,86,25,58,67,56,58,36,14,14,22,31,28,24,15,15,61,38,6,12,42,44,25,51,39,38,92,11,36,25,12,89,36,54,42,17,26,14,14,19,33,36,22,42,Danish 2nd Tier
Vejle,c165yjiny1qnmfdvefxvflnkc,4nzauesd85d6utkwdc1s1a1as,B. Edjeodji,Bismark Edjeodji,19.0,Midfielder,Ghana,Midfielder,12.0,27.0,38.0,5.0,11.0,232.0,2.0,1.0,0.0,3.0,12.0,12.0,0.0,1.0,5.0,6.0,2.0,1.0,0.0,5.0,26.0,1.0,3.0,0.0,0.0,0.0,79.17,0.0,100.0,60.0,41.67,33.33,25.0,100.0,1.5319334950843433,0.2954363012258545,0.0,5.0,0.15549662,2.0,1.0,2.0,0.1465987899999999,10.0,4.655172413793103,10.474137931034482,14.741379310344827,1.939655172413793,4.267241379310344,0.7758620689655172,0.3879310344827586,0.0,1.1637931034482758,4.655172413793103,4.655172413793103,0.0,0.3879310344827586,1.939655172413793,2.327586206896552,0.7758620689655172,0.3879310344827586,0.0,1.939655172413793,10.086206896551724,0.3879310344827586,1.1637931034482758,0.0,0.0,0.0,79.17,0.0,100.0,60.0,41.67,33.33,25.0,100.0,0.5942845455068573,0.1146089099583056,0.0,1.939655172413793,0.0603219646551724,0.7758620689655172,0.3879310344827586,0.7758620689655172,0.0568702202586206,3.879310344827586,CM/AM,12,4,4,62,19,21,44,6,8,73,92,6,27,44,50,19,62,8,79,85,17,48,48,31,50,27,6,98,73,85,12,33,96,88,19,10,27,35,23,8,10,12,12,15,8,8,88,54,35,46,6,23,92,100,6,38,62,65,54,92,8,100,100,23,85,48,31,50,27,6,98,73,85,12,33,96,100,38,10,46,62,35,8,8,12,12,Danish 2nd Tier
Vejle,c165yjiny1qnmfdvefxvflnkc,5lssweodhkyifhj333v6f6r6c,T. Bach,Tobias Bach,23.0,Midfielder,Denmark,Midfielder,26.0,147.0,160.0,33.0,53.0,716.0,9.0,13.0,3.0,21.0,23.0,21.0,2.0,3.0,16.0,17.0,9.0,7.0,7.0,9.0,53.0,6.0,3.0,0.0,1.0,0.0,74.77,50.0,44.83,18.75,39.13,53.0,75.0,75.0,2.968881716119585,2.078011871608403,4.0,16.0,0.56738191,4.0,12.0,17.0,2.05212093,60.0,3.2681564245810053,18.47765363128492,20.11173184357542,4.14804469273743,6.662011173184357,1.1312849162011174,1.6340782122905029,0.3770949720670391,2.6396648044692737,2.8910614525139664,2.6396648044692737,0.2513966480446927,0.3770949720670391,2.011173184357542,2.136871508379888,1.1312849162011174,0.8798882681564245,0.8798882681564245,1.1312849162011174,6.662011173184357,0.7541899441340782,0.3770949720670391,0.0,0.1256983240223463,0.0,74.77,50.0,44.83,18.75,39.13,53.0,75.0,75.0,0.3731834559368193,0.2612026095597154,0.5027932960893855,2.011173184357542,0.0713189551675977,0.5027932960893855,1.5083798882681565,2.136871508379888,0.2579481615921787,7.541899441340782,LM/LCM,33,100,67,100,100,50,100,42,100,100,100,50,75,67,67,75,100,100,100,100,58,42,58,100,58,17,67,100,17,67,50,100,100,100,100,67,67,67,25,67,67,100,67,17,33,17,100,50,50,100,33,83,67,67,33,50,50,50,67,100,100,67,67,33,33,58,100,58,17,67,100,17,67,50,100,100,67,83,50,50,50,17,33,33,100,17,Danish 2nd Tier
Vejle,c165yjiny1qnmfdvefxvflnkc,5qvy65ckiigykkowpyco05zv9,M. Duelund,Mikkel Duelund,29.0,Midfielder,Denmark,Midfielder,43.0,146.0,189.0,1.0,29.0,625.0,14.0,0.0,7.0,12.0,35.0,24.0,11.0,9.0,21.0,24.0,3.0,4.0,2.0,12.0,53.0,2.0,11.0,0.0,3.0,0.0,80.43,63.64,0.0,52.38,34.29,48.33,25.0,66.67,3.294501121732323,0.9870257941771944,9.0,20.0,0.5029644499999999,11.0,21.0,34.0,0.7102406600000002,90.0,6.192,21.024,27.216,0.144,4.176,2.016,0.0,1.008,1.728,5.04,3.456,1.584,1.296,3.024,3.456,0.432,0.576,0.288,1.728,7.632,0.288,1.584,0.0,0.432,0.0,80.43,63.64,0.0,52.38,34.29,48.33,25.0,66.67,0.4744081615294545,0.1421317143615159,1.296,2.88,0.0724268807999999,1.584,3.024,4.896,0.10227465504,12.96,CM/AM,42,69,65,27,73,90,19,52,81,100,100,92,96,100,100,37,100,38,100,100,27,98,48,96,50,35,69,19,65,65,58,33,62,100,73,100,85,81,90,69,73,62,65,19,42,31,23,42,85,19,38,62,100,96,92,96,92,92,15,100,23,96,96,12,92,48,88,50,35,69,19,65,65,58,33,62,92,58,100,85,69,92,50,73,42,46,Danish 2nd Tier
Vejle,c165yjiny1qnmfdvefxvflnkc,6hmsrr08cllpl4iumu92zskbt,L. From,Lucas Skjoldberg From,27.0,Attacker,Denmark,Striker,19.0,62.0,78.0,4.0,17.0,493.0,5.0,3.0,2.0,9.0,14.0,9.0,5.0,1.0,9.0,9.0,3.0,2.0,0.0,8.0,27.0,3.0,4.0,0.0,2.0,0.0,73.58,66.67,25.0,44.44,57.14,33.33,25.0,75.0,1.379564144047106,0.7743869431946,7.0,9.0,0.25951214,4.0,5.0,16.0,0.88966056,44.0,3.4685598377281948,11.318458417849898,14.239350912778905,0.7302231237322515,3.103448275862069,0.9127789046653144,0.5476673427991886,0.3651115618661257,1.643002028397566,2.55578093306288,1.643002028397566,0.9127789046653144,0.1825557809330628,1.643002028397566,1.643002028397566,0.5476673427991886,0.3651115618661257,0.0,1.460446247464503,4.929006085192698,0.5476673427991886,0.7302231237322515,0.0,0.3651115618661257,0.0,73.58,66.67,25.0,44.44,57.14,33.33,25.0,75.0,0.2518474096637719,0.1413688131592576,1.27789046653144,1.643002028397566,0.0473754413793103,0.7302231237322515,0.9127789046653144,2.920892494929006,0.162412678296146,8.032454361054766,ST,38,59,53,47,33,48,83,50,90,64,59,69,24,64,59,52,79,21,84,66,64,67,50,93,52,47,76,78,55,97,16,17,52,59,83,88,66,62,71,50,81,83,76,34,66,52,34,28,41,83,38,72,41,52,55,24,55,48,45,76,21,76,62,66,62,50,93,52,47,76,78,55,97,16,17,52,55,83,83,69,59,66,48,79,86,72,Danish 2nd Tier
Vejle,c165yjiny1qnmfdvefxvflnkc,7uia9zlz3axnuc6usdn9u4kfe,L. Hetemi,Lundrim Hetemi,26.0,Midfielder,Albania,Midfielder,137.0,352.0,486.0,0.0,17.0,704.0,5.0,3.0,33.0,8.0,11.0,2.0,9.0,5.0,5.0,5.0,4.0,1.0,10.0,3.0,7.0,6.0,3.0,0.0,0.0,0.0,87.57,67.35,60.0,60.0,27.27,30.91,0.0,66.67,0.7113007550876903,0.5908673988516956,6.0,40.0,0.8742434899999999,16.0,85.0,82.0,1.6716828700000002,294.0,17.514204545454547,45.0,62.13068181818182,0.0,2.1732954545454546,0.6392045454545455,0.3835227272727273,4.21875,1.0227272727272727,1.40625,0.2556818181818182,1.150568181818182,0.6392045454545455,0.6392045454545455,0.6392045454545455,0.5113636363636364,0.1278409090909091,1.278409090909091,0.3835227272727273,0.8948863636363636,0.7670454545454546,0.3835227272727273,0.0,0.0,0.0,87.57,67.35,60.0,60.0,27.27,30.91,0.0,66.67,0.0909333351674604,0.0755370254213815,0.7670454545454546,5.113636363636364,0.111764082528409,2.0454545454545454,10.866477272727272,10.482954545454543,0.2137094578125,37.58522727272727,DM/CM,76,100,96,8,30,44,82,100,90,96,64,98,94,62,62,6,88,76,76,64,50,74,52,38,52,84,92,92,76,60,4,8,68,88,88,94,100,100,100,100,100,100,100,44,100,96,8,8,24,72,100,68,92,40,88,92,44,44,4,76,60,68,44,32,64,52,38,52,84,92,92,76,60,4,8,68,76,60,84,100,96,100,100,100,96,100,Danish 2nd Tier
Vejle,c165yjiny1qnmfdvefxvflnkc,8mcb1hiuk9rzf48cx3vj5i3th,C. Sørensen,Christian Sørensen,34.0,Defender,Denmark,Defender,170.0,302.0,457.0,3.0,22.0,720.0,10.0,15.0,40.0,18.0,6.0,3.0,3.0,2.0,5.0,5.0,23.0,0.0,6.0,0.0,14.0,5.0,1.0,0.0,2.0,0.0,83.85,51.95,23.81,20.0,0.0,51.16,30.0,62.5,0.425194479976934,2.0700246363363672,2.0,19.0,0.4643600599999999,12.0,59.0,84.0,2.5274465600000005,241.0,21.25,37.75,57.125,0.375,2.75,1.25,1.875,5.0,2.25,0.75,0.375,0.375,0.25,0.625,0.625,2.875,0.0,0.75,0.0,1.75,0.625,0.125,0.0,0.25,0.0,83.85,51.95,23.81,20.0,0.0,51.16,30.0,62.5,0.0531493099971167,0.2587530795420459,0.25,2.375,0.0580450074999999,1.5,7.375,10.5,0.31593082,30.125,LB/LCB,91,100,91,27,36,77,91,100,91,82,77,77,82,55,55,82,45,73,27,86,32,41,55,86,41,91,100,18,36,27,55,18,36,82,82,91,73,73,82,100,100,100,100,82,100,91,18,9,64,82,95,91,82,73,73,82,36,36,64,45,73,27,82,18,27,55,73,41,91,100,18,36,27,55,18,36,73,82,91,64,64,73,100,100,100,100,Danish 2nd Tier
Vejle,c165yjiny1qnmfdvefxvflnkc,8usynge181yxisdxkstt3c3px,G. Vatnhamar,Gunnar Vatnhamar,31.0,Defender,Faroe Islands,Defender,83.0,67.0,150.0,7.0,11.0,176.0,3.0,0.0,8.0,0.0,1.0,1.0,0.0,0.0,0.0,0.0,16.0,0.0,0.0,0.0,2.0,0.0,0.0,0.0,0.0,0.0,89.82,44.44,0.0,0.0,0.0,57.89,53.85,0.0,0.0,0.0,0.0,0.0,0.0,0.0,0.0,0.0,0.0,0.0,42.44318181818182,34.26136363636364,76.70454545454545,3.5795454545454546,5.625,1.5340909090909092,0.0,4.090909090909091,0.0,0.5113636363636364,0.5113636363636364,0.0,0.0,0.0,0.0,8.181818181818182,0.0,0.0,0.0,1.0227272727272727,0.0,0.0,0.0,0.0,0.0,89.82,44.44,0.0,0.0,0.0,57.89,53.85,0.0,0.0,0.0,0.0,0.0,0.0,0.0,0.0,0.0,0.0,0.0,CB,14,24,19,32,11,50,36,14,14,15,19,28,24,15,15,32,38,3,12,10,3,25,51,39,38,94,53,36,25,12,49,28,3,10,17,26,14,14,19,8,8,8,8,92,100,100,81,69,92,36,69,14,28,47,28,24,15,15,94,38,3,12,36,3,25,51,39,38,94,53,36,25,12,49,28,3,10,17,26,14,14,19,8,8,8,8,Danish 2nd Tier
Vejle,c165yjiny1qnmfdvefxvflnkc,8w7eh1ukicd4p0vp7kqqrzu38,A. Camara,Abdoulaye Camara,19.0,Attacker,Guinea,Striker,36.0,101.0,132.0,4.0,25.0,345.0,4.0,5.0,7.0,7.0,8.0,6.0,2.0,3.0,16.0,17.0,11.0,1.0,4.0,2.0,21.0,4.0,11.0,0.0,0.0,0.0,86.84,58.33,21.74,68.75,25.0,55.56,44.44,66.67,0.7085152986153394,0.759817687580985,1.0,16.0,0.47264032,5.0,12.0,13.0,1.02082628,48.0,9.391304347826086,26.34782608695652,34.43478260869565,1.0434782608695652,6.521739130434782,1.0434782608695652,1.3043478260869563,1.826086956521739,1.826086956521739,2.0869565217391304,1.5652173913043477,0.5217391304347826,0.7826086956521738,4.173913043478261,4.434782608695652,2.869565217391304,0.2608695652173913,1.0434782608695652,0.5217391304347826,5.478260869565217,1.0434782608695652,2.869565217391304,0.0,0.0,0.0,86.84,58.33,21.74,68.75,25.0,55.56,44.44,66.67,0.1848300778996537,0.1982133098037352,0.2608695652173913,4.173913043478261,0.1232974747826086,1.3043478260869563,3.130434782608696,3.391304347826087,0.2663025078260869,12.52173913043478,RW,100,100,100,100,67,67,67,67,67,100,67,83,83,67,67,100,83,67,50,67,67,100,67,50,67,100,67,67,67,33,100,100,67,67,67,67,67,67,83,67,33,67,67,100,100,100,100,100,67,67,67,100,100,100,100,100,100,100,100,100,100,100,100,100,100,67,50,67,100,67,67,67,33,100,100,67,100,100,100,100,100,100,100,100,100,100,Danish 2nd Tier
Vejle,c165yjiny1qnmfdvefxvflnkc,9mjzy2s8qv0a5qw9pyhs112ol,L. Nielsen,Lasse Nielsen,38.0,Defender,Denmark,Defender,127.0,107.0,233.0,19.0,25.0,294.0,0.0,1.0,17.0,2.0,2.0,2.0,0.0,0.0,1.0,1.0,23.0,0.0,12.0,1.0,6.0,4.0,0.0,0.0,1.0,0.0,87.92,56.67,50.0,0.0,50.0,64.1,67.86,66.67,0.3046948284656735,0.307671407427912,0.0,1.0,0.0199707,0.0,8.0,9.0,0.4322789299999999,48.0,38.87755102040816,32.755102040816325,71.3265306122449,5.816326530612245,7.653061224489796,0.0,0.3061224489795918,5.204081632653061,0.6122448979591837,0.6122448979591837,0.6122448979591837,0.0,0.0,0.3061224489795918,0.3061224489795918,7.040816326530613,0.0,3.673469387755102,0.3061224489795918,1.836734693877551,1.2244897959183674,0.0,0.0,0.3061224489795918,0.0,87.92,56.67,50.0,0.0,50.0,64.1,67.86,66.67,0.0932739270813286,0.0941851247228302,0.0,0.3061224489795918,0.0061134795918367,0.0,2.4489795918367347,2.7551020408163267,0.1323302846938775,14.693877551020408,CB,39,53,39,81,56,6,76,56,53,25,38,28,24,42,42,51,38,78,46,49,42,25,51,86,38,75,94,93,25,90,83,83,54,44,72,26,35,36,19,38,32,42,25,83,97,94,94,94,6,81,89,72,36,56,28,24,56,56,83,38,100,72,67,78,25,51,94,38,75,94,93,25,90,83,83,54,67,89,26,42,36,19,42,42,72,28,Danish 2nd Tier
Vejle,c165yjiny1qnmfdvefxvflnkc,ayxi2m0g0pm6rl1ba5pto66z9,G. Marcussen,Gustav Marcussen,28.0,Midfielder,Denmark,Midfielder,25.0,52.0,75.0,1.0,11.0,299.0,1.0,2.0,0.0,3.0,8.0,7.0,1.0,1.0,13.0,13.0,3.0,1.0,2.0,5.0,17.0,2.0,6.0,0.0,0.0,0.0,77.32,0.0,28.57,46.15,62.5,36.67,20.0,66.67,0.6746484313036873,0.1386834275494839,1.0,9.0,0.25758684,6.0,3.0,8.0,0.3372168599999998,22.0,7.525083612040134,15.652173913043477,22.5752508361204,0.3010033444816053,3.311036789297659,0.3010033444816053,0.6020066889632106,0.0,0.903010033444816,2.4080267558528425,2.1070234113712374,0.3010033444816053,0.3010033444816053,3.913043478260869,3.913043478260869,0.903010033444816,0.3010033444816053,0.6020066889632106,1.5050167224080266,5.117056856187291,0.6020066889632106,1.806020066889632,0.0,0.0,0.0,77.32,0.0,28.57,46.15,62.5,36.67,20.0,66.67,0.2030714341716784,0.041744175516567,0.3010033444816053,2.709030100334448,0.0775345003344481,1.806020066889632,0.903010033444816,2.4080267558528425,0.1015034026755852,6.622073578595318,RM/RCM,29,14,29,21,29,29,43,14,29,86,93,29,50,64,64,29,71,36,86,79,29,57,57,50,57,29,14,57,71,100,29,14,57,86,29,43,36,57,64,29,43,29,29,43,29,29,14,29,29,71,14,29,86,100,43,57,71,71,29,86,43,100,100,43,71,57,50,57,29,14,57,71,100,29,14,57,86,29,57,43,57,86,29,43,57,29,Danish 2nd Tier
Vejle,c165yjiny1qnmfdvefxvflnkc,e9kq60f4sugjddbxnc0pqo60a,W. Faghir,Wahid Faghir,23.0,Attacker,Denmark,Striker,23.0,41.0,64.0,11.0,17.0,357.0,3.0,0.0,2.0,7.0,16.0,11.0,5.0,3.0,6.0,7.0,1.0,3.0,1.0,7.0,25.0,1.0,2.0,0.0,2.0,0.0,77.11,100.0,0.0,33.33,43.75,35.42,34.38,100.0,2.1552261602371767,0.6469070490060949,5.0,5.0,0.19732051,1.0,6.0,5.0,0.1271245199999999,15.0,5.798319327731092,10.336134453781511,16.134453781512605,2.773109243697479,4.285714285714286,0.7563025210084033,0.0,0.5042016806722689,1.7647058823529411,4.033613445378151,2.773109243697479,1.2605042016806722,0.7563025210084033,1.512605042016807,1.7647058823529411,0.2521008403361344,0.7563025210084033,0.2521008403361344,1.7647058823529411,6.302521008403361,0.2521008403361344,0.5042016806722689,0.0,0.5042016806722689,0.0,77.11,100.0,0.0,33.33,43.75,35.42,34.38,100.0,0.5433343261102126,0.1630858106738054,1.2605042016806722,1.2605042016806722,0.0497446663865546,0.2521008403361344,1.512605042016807,1.2605042016806722,0.0320481983193277,3.7815126050420167,ST,53,40,45,69,33,22,33,50,72,71,67,69,60,33,36,21,91,50,78,53,21,31,50,93,52,69,97,33,34,74,21,38,88,76,76,72,40,38,28,59,41,31,28,69,55,69,76,45,34,33,55,83,90,86,76,76,48,55,21,100,52,90,79,21,45,50,100,52,69,97,33,34,74,21,38,88,97,90,79,45,66,31,66,52,31,41,Danish 2nd Tier
Vejle,c165yjiny1qnmfdvefxvflnkc,f58yr2jmfp8kpgprfxbokt1t6,M. Vestergård,Mike Vestergård,28.0,Midfielder,Denmark,Midfielder,46.0,46.0,92.0,4.0,16.0,201.0,0.0,0.0,6.0,6.0,3.0,2.0,1.0,1.0,3.0,3.0,7.0,1.0,1.0,1.0,3.0,8.0,2.0,0.0,0.0,0.0,82.88,66.67,0.0,66.67,33.33,59.26,40.0,80.0,0.3497227912468179,0.4025760295244709,1.0,2.0,0.04770298,1.0,10.0,13.0,0.5140914399999998,48.0,20.59701492537313,20.59701492537313,41.19402985074627,1.791044776119403,7.164179104477612,0.0,0.0,2.686567164179104,2.686567164179104,1.343283582089552,0.8955223880597015,0.4477611940298507,0.4477611940298507,1.343283582089552,1.343283582089552,3.134328358208955,0.4477611940298507,0.4477611940298507,0.4477611940298507,1.343283582089552,3.582089552238806,0.8955223880597015,0.0,0.0,0.0,82.88,66.67,0.0,66.67,33.33,59.26,40.0,80.0,0.1565922945881274,0.1802579236676735,0.4477611940298507,0.8955223880597015,0.021359543283582,0.4477611940298507,4.477611940298507,5.820895522388059,0.2301901970149253,21.49253731343284,DM/CM,20,12,12,48,24,4,24,26,70,46,64,32,44,40,38,44,88,8,58,34,68,64,52,38,52,40,86,24,88,70,72,40,88,60,64,44,22,24,30,22,30,44,20,52,48,52,88,92,4,24,52,100,88,96,52,76,64,64,92,100,16,72,64,96,80,52,38,52,40,86,24,88,70,72,40,88,96,100,76,36,32,44,64,76,100,60,Danish 2nd Tier
Vejle,c165yjiny1qnmfdvefxvflnkc,lh30ckelpek3u7jbzotxuvze,J. Karlsson,Johan Karlsson,25.0,Defender,Sweden,Defender,72.0,96.0,164.0,0.0,11.0,255.0,5.0,4.0,6.0,3.0,0.0,0.0,0.0,0.0,6.0,6.0,3.0,0.0,2.0,0.0,0.0,2.0,2.0,0.0,0.0,0.0,90.11,54.55,40.0,33.33,0.0,61.11,0.0,50.0,0.0,0.0,0.0,0.0,0.0,0.0,0.0,0.0,0.0,0.0,25.41176470588235,33.88235294117647,57.88235294117647,0.0,3.882352941176471,1.7647058823529411,1.4117647058823528,2.117647058823529,1.0588235294117647,0.0,0.0,0.0,0.0,2.117647058823529,2.117647058823529,1.0588235294117647,0.0,0.7058823529411764,0.0,0.0,0.7058823529411764,0.7058823529411764,0.0,0.0,0.0,90.11,54.55,40.0,33.33,0.0,61.11,0.0,50.0,0.0,0.0,0.0,0.0,0.0,0.0,0.0,0.0,0.0,0.0,RB/RCB,53,67,60,7,33,63,77,20,40,13,13,33,27,77,73,7,47,17,40,7,30,70,53,40,43,100,87,93,53,40,87,7,20,20,17,37,17,17,17,17,17,17,17,87,100,100,7,60,80,93,47,53,13,13,33,27,100,100,13,47,27,40,7,40,93,53,40,43,100,87,93,53,40,87,7,20,20,17,37,17,17,17,17,17,17,17,Danish 2nd Tier
Vendsyssel,7gkglopz9cjsysn2u6sbhuvc5,115owbh8c39gfwcja2wxuweay,H. Tangen,Harald Tangen,25.0,Midfielder,Norway,Midfielder,29.0,71.0,97.0,3.0,14.0,300.0,7.0,3.0,2.0,5.0,3.0,3.0,0.0,2.0,4.0,4.0,2.0,1.0,1.0,1.0,18.0,1.0,2.0,0.0,1.0,0.0,80.83,100.0,27.27,50.0,33.33,58.33,37.5,50.0,0.3412377514536214,0.5320075027849553,0.0,1.0,0.01935132,0.0,6.0,12.0,0.6264885699999998,51.0,8.7,21.3,29.1,0.8999999999999999,4.2,2.1,0.8999999999999999,0.6,1.5,0.8999999999999999,0.8999999999999999,0.0,0.6,1.2,1.2,0.6,0.3,0.3,0.3,5.4,0.3,0.6,0.0,0.3,0.0,80.83,100.0,27.27,50.0,33.33,58.33,37.5,50.0,0.1023713254360864,0.1596022508354866,0.0,0.3,0.005805396,0.0,1.7999999999999998,3.6,0.1879465709999999,15.3,CM/AM,23,37,23,46,27,62,60,21,31,13,40,6,48,31,31,19,62,21,21,65,17,35,48,69,50,38,96,62,54,52,85,50,29,31,42,10,8,8,8,27,33,50,40,38,46,38,58,46,88,69,27,46,19,50,6,58,38,38,27,73,27,19,85,15,38,48,73,50,38,96,62,54,52,85,50,29,31,65,10,8,8,8,35,35,85,62,Danish 2nd Tier
Vendsyssel,7gkglopz9cjsysn2u6sbhuvc5,3rxtektemoyt390x6pq1xreac,M. Holt,Malthe Holt Nielsen,20.0,Midfielder,Denmark,Midfielder,9.0,33.0,42.0,5.0,18.0,293.0,9.0,0.0,1.0,4.0,8.0,7.0,1.0,3.0,3.0,3.0,5.0,0.0,4.0,3.0,17.0,1.0,0.0,0.0,0.0,0.0,60.87,25.0,0.0,0.0,37.5,37.5,45.45,20.0,0.9016817104828676,0.3264192840323362,1.0,4.0,0.1472421899999998,2.0,4.0,5.0,0.19963393,23.0,2.7645051194539247,10.136518771331058,12.901023890784982,1.5358361774744027,5.5290102389078495,2.7645051194539247,0.0,0.3071672354948805,1.2286689419795225,2.4573378839590445,2.150170648464164,0.3071672354948805,0.9215017064846416,0.9215017064846416,0.9215017064846416,1.5358361774744027,0.0,1.2286689419795225,0.9215017064846416,5.221843003412969,0.3071672354948805,0.0,0.0,0.0,0.0,60.87,25.0,0.0,0.0,37.5,37.5,45.45,20.0,0.2769670783053177,0.1002653090884309,0.3071672354948805,1.2286689419795225,0.0452279764505118,0.6143344709897611,1.2286689419795225,1.5358361774744027,0.0613210023890785,7.064846416382252,CM/AM,8,8,12,62,46,73,19,13,17,48,67,17,67,19,19,60,19,58,58,62,17,8,48,31,50,4,19,19,8,77,15,73,12,54,27,31,17,31,23,19,17,15,15,8,4,4,77,77,92,19,15,27,73,85,15,81,31,27,73,19,92,69,81,19,8,48,31,50,4,19,19,8,77,15,73,12,77,27,38,15,23,23,23,23,19,23,Danish 2nd Tier
Vendsyssel,7gkglopz9cjsysn2u6sbhuvc5,3ylz4gki78fg6jxbbzae0hgk4,B. Konteh,Bilal Konteh,19.0,Defender,Sweden,Defender,136.0,51.0,187.0,6.0,20.0,454.0,5.0,0.0,17.0,0.0,0.0,0.0,0.0,0.0,1.0,1.0,35.0,0.0,5.0,0.0,1.0,5.0,1.0,0.0,0.0,0.0,87.79,51.52,0.0,100.0,0.0,68.97,42.86,62.5,0.0,0.0,0.0,0.0,0.0,0.0,0.0,0.0,0.0,0.0,26.96035242290749,10.110132158590307,37.0704845814978,1.1894273127753303,3.9647577092511015,0.9911894273127754,0.0,3.3700440528634363,0.0,0.0,0.0,0.0,0.0,0.198237885462555,0.198237885462555,6.938325991189427,0.0,0.9911894273127754,0.0,0.198237885462555,0.9911894273127754,0.198237885462555,0.0,0.0,0.0,87.79,51.52,0.0,100.0,0.0,68.97,42.86,62.5,0.0,0.0,0.0,0.0,0.0,0.0,0.0,0.0,0.0,0.0,CB,47,17,31,24,39,72,36,56,14,6,6,28,24,42,42,61,38,21,12,4,60,60,51,39,38,72,83,36,97,12,92,11,42,10,17,26,14,14,19,8,8,8,8,36,14,22,22,28,81,36,58,14,6,6,28,24,44,44,81,38,25,12,3,67,67,51,39,38,72,83,36,97,12,92,11,42,10,17,26,14,14,19,8,8,8,8,Danish 2nd Tier
Vendsyssel,7gkglopz9cjsysn2u6sbhuvc5,5jhfvec5tqv3sjtzejmu4b47o,S. Michael,Stephen Fumen Michael,19.0,Midfielder,Nigeria,Midfielder,109.0,162.0,271.0,6.0,47.0,654.0,6.0,0.0,20.0,4.0,9.0,2.0,7.0,5.0,14.0,14.0,11.0,0.0,14.0,1.0,5.0,14.0,9.0,0.0,0.0,0.0,84.16,60.61,0.0,64.29,11.11,56.63,66.67,53.85,0.5548717769946864,0.2204945054728175,6.0,21.0,0.47712,13.0,43.0,44.0,0.8292105799999999,159.0,15.0,22.29357798165137,37.293577981651374,0.8256880733944955,6.467889908256881,0.8256880733944955,0.0,2.752293577981652,0.5504587155963303,1.238532110091743,0.2752293577981651,0.963302752293578,0.6880733944954128,1.926605504587156,1.926605504587156,1.5137614678899085,0.0,1.926605504587156,0.1376146788990825,0.6880733944954128,1.926605504587156,1.238532110091743,0.0,0.0,0.0,84.16,60.61,0.0,64.29,11.11,56.63,66.67,53.85,0.0763585014212871,0.0303432805696537,0.8256880733944955,2.889908256880734,0.0656587155963302,1.788990825688073,5.91743119266055,6.055045871559633,0.114111547706422,21.88073394495413,DM/CM,58,78,72,72,100,70,24,80,48,82,64,88,94,96,92,72,38,96,58,48,94,100,52,38,52,44,80,24,84,48,60,90,36,84,36,94,88,88,96,96,90,76,76,32,56,44,52,84,44,24,64,32,80,48,84,96,84,84,32,38,88,48,40,72,92,52,38,52,44,80,24,84,48,60,90,36,68,28,96,84,76,96,88,84,68,68,Danish 2nd Tier
Vendsyssel,7gkglopz9cjsysn2u6sbhuvc5,6282fmbmx8lzirvh1ljkf33rp,A. Olsen,Ari Olsen,28.0,Defender,Faroe Islands,Defender,57.0,95.0,143.0,13.0,40.0,718.0,3.0,9.0,13.0,9.0,10.0,7.0,3.0,2.0,5.0,6.0,24.0,1.0,14.0,3.0,20.0,13.0,4.0,0.0,0.0,1.0,65.9,31.71,27.27,80.0,30.0,63.49,59.09,61.9,0.8969272408000389,0.9182163280099828,4.0,17.0,0.62127674,9.0,16.0,29.0,1.97315867,92.0,7.144846796657381,11.90807799442897,17.924791086350975,1.6295264623955432,5.013927576601671,0.3760445682451253,1.128133704735376,1.6295264623955432,1.128133704735376,1.2534818941504178,0.8774373259052924,0.3760445682451253,0.2506963788300835,0.6267409470752089,0.7520891364902507,3.0083565459610027,0.1253481894150417,1.7548746518105849,0.3760445682451253,2.5069637883008355,1.6295264623955432,0.5013927576601671,0.0,0.0,0.1253481894150417,65.9,31.71,27.27,80.0,30.0,63.49,59.09,61.9,0.112428205671314,0.1150967542073794,0.5013927576601671,2.13091922005571,0.0778759144846796,1.128133704735376,2.0055710306406684,3.635097493036212,0.2473318667130919,11.532033426183844,RB/RCB,33,60,40,93,93,50,100,63,87,100,97,93,93,63,73,87,97,93,100,93,100,83,53,40,93,7,33,60,80,87,93,93,33,100,87,93,87,93,87,80,87,93,73,7,20,7,73,87,13,87,13,60,100,93,93,80,53,53,47,93,87,100,87,80,73,53,40,87,7,33,60,80,87,93,93,33,87,73,80,80,87,67,60,73,87,60,Danish 2nd Tier
Vendsyssel,7gkglopz9cjsysn2u6sbhuvc5,6miatayfy07pf4og7qc7c7pqs,A. Vendelbo,Adam Vendelbo,23.0,Attacker,Denmark,Striker,45.0,121.0,151.0,7.0,41.0,654.0,17.0,15.0,6.0,21.0,11.0,7.0,4.0,4.0,14.0,16.0,12.0,1.0,7.0,4.0,32.0,12.0,3.0,0.0,1.0,0.0,76.26,35.29,23.44,21.43,36.36,52.56,58.33,85.71,0.8341300896618662,2.144198627902388,7.0,21.0,0.68808011,7.0,7.0,18.0,1.7695320999999995,60.0,6.192660550458716,16.65137614678899,20.779816513761467,0.963302752293578,5.6422018348623855,2.339449541284404,2.0642201834862384,0.8256880733944955,2.889908256880734,1.5137614678899085,0.963302752293578,0.5504587155963303,0.5504587155963303,1.926605504587156,2.201834862385321,1.651376146788991,0.1376146788990825,0.963302752293578,0.5504587155963303,4.403669724770642,1.651376146788991,0.4128440366972477,0.0,0.1376146788990825,0.0,76.26,35.29,23.44,21.43,36.36,52.56,58.33,85.71,0.1147885444488806,0.2950732056746405,0.963302752293578,2.889908256880734,0.0946899233944954,0.963302752293578,0.963302752293578,2.477064220183486,0.2435135917431192,8.256880733944953,LW,86,86,86,100,86,86,100,71,100,50,29,57,57,71,71,100,43,100,50,71,100,57,43,86,57,43,29,71,29,64,86,86,86,43,100,71,71,71,71,79,86,100,86,57,57,43,100,86,71,86,57,86,29,29,57,43,29,43,100,29,100,29,29,100,29,43,86,57,43,29,71,29,64,86,86,86,29,86,57,43,43,29,43,57,100,71,Danish 2nd Tier
Vendsyssel,7gkglopz9cjsysn2u6sbhuvc5,7ar33yy0wd5ah5o8om1l12pgq,M. Hannesbo,Marcus Hannesbo,24.0,Midfielder,Denmark,Midfielder,72.0,112.0,179.0,7.0,27.0,527.0,4.0,5.0,10.0,7.0,5.0,3.0,2.0,2.0,8.0,10.0,16.0,0.0,4.0,0.0,15.0,9.0,3.0,0.0,0.0,0.0,78.51,40.0,21.74,37.5,0.0,58.7,58.33,69.23,0.2801358142945073,0.8001579488594531,4.0,4.0,0.1139650899999999,7.0,17.0,24.0,1.14744456,75.0,12.296015180265655,19.127134724857687,30.569259962049337,1.1954459203036054,4.611005692599621,0.683111954459203,0.8538899430740039,1.7077798861480078,1.1954459203036054,0.8538899430740039,0.5123339658444023,0.3415559772296015,0.3415559772296015,1.366223908918406,1.7077798861480078,2.732447817836812,0.0,0.683111954459203,0.0,2.561669829222012,1.537001897533207,0.5123339658444023,0.0,0.0,0.0,78.51,40.0,21.74,37.5,0.0,58.7,58.33,69.23,0.0478410309041853,0.136649365080362,0.683111954459203,0.683111954459203,0.0194627288425047,1.1954459203036054,2.903225806451613,4.098671726755218,0.1959582740037951,12.808349146110055,LM/LCM,83,83,100,83,42,33,83,100,42,42,33,50,42,17,17,100,33,83,25,50,92,42,58,50,58,33,50,50,50,25,83,83,83,17,67,67,17,17,83,100,100,83,100,83,50,50,83,33,17,83,100,33,33,33,50,33,17,17,100,33,67,25,33,83,50,58,50,58,33,50,50,50,25,83,83,83,17,33,67,17,17,67,67,83,67,83,Danish 2nd Tier
Vendsyssel,7gkglopz9cjsysn2u6sbhuvc5,7pel84swlqfux6obt6lznze1h,R. Schüller,Rasmus Schüller,35.0,Midfielder,Finland,Midfielder,103.0,133.0,234.0,8.0,41.0,449.0,6.0,2.0,16.0,4.0,4.0,4.0,0.0,1.0,4.0,4.0,10.0,0.0,9.0,1.0,10.0,19.0,1.0,0.0,1.0,0.0,81.25,43.24,50.0,25.0,25.0,59.42,57.14,73.08,0.4078771235699669,0.3358485871628534,1.0,6.0,0.13941289,4.0,20.0,20.0,0.4456910499999997,99.0,20.64587973273942,26.65924276169265,46.90423162583519,1.6035634743875278,8.21826280623608,1.2026726057906458,0.4008908685968819,3.207126948775056,0.8017817371937639,0.8017817371937639,0.8017817371937639,0.0,0.2004454342984409,0.8017817371937639,0.8017817371937639,2.0044543429844097,0.0,1.8040089086859687,0.2004454342984409,2.0044543429844097,3.8084632516703785,0.2004454342984409,0.0,0.2004454342984409,0.0,81.25,43.24,50.0,25.0,25.0,59.42,57.14,73.08,0.0817571071743809,0.0673193159123759,0.2004454342984409,1.2026726057906458,0.0279446772828507,0.8017817371937639,4.008908685968819,4.008908685968819,0.0893367360801781,19.844097995545656,DM/CM,52,56,48,94,96,70,72,76,48,64,90,12,44,52,50,68,38,72,58,86,100,46,52,88,52,32,32,84,46,56,76,76,76,64,52,44,40,44,60,48,46,40,52,56,72,64,80,96,68,80,80,52,56,88,12,52,52,52,60,38,80,60,84,100,48,52,92,52,32,32,84,46,56,76,76,76,72,56,44,44,44,64,44,44,40,56,Danish 2nd Tier
Vendsyssel,7gkglopz9cjsysn2u6sbhuvc5,8rn42gm9xm3yunk883yan9vdg,B. Clemmensen,Benjamin Clemmensen,21.0,Defender,Denmark,Defender,130.0,136.0,266.0,18.0,35.0,593.0,4.0,0.0,12.0,2.0,4.0,4.0,0.0,1.0,4.0,5.0,38.0,0.0,15.0,2.0,8.0,7.0,2.0,0.0,1.0,1.0,84.44,32.43,0.0,50.0,50.0,57.38,64.29,63.64,0.4832903192094204,0.1726698765896433,1.0,5.0,0.11447351,3.0,26.0,23.0,0.64126487,173.0,19.73018549747049,20.64080944350759,40.37099494097808,2.7318718381112985,5.311973018549748,0.6070826306913997,0.0,1.821247892074199,0.3035413153456998,0.6070826306913997,0.6070826306913997,0.0,0.1517706576728499,0.6070826306913997,0.7588532883642496,5.767284991568297,0.0,2.2765598650927488,0.3035413153456998,1.2141652613827991,1.0623946037099494,0.3035413153456998,0.0,0.1517706576728499,0.1517706576728499,84.44,32.43,0.0,50.0,50.0,57.38,64.29,63.64,0.0733492895933353,0.0262062207302999,0.1517706576728499,0.7588532883642496,0.0173737198988195,0.4553119730185497,3.946037099494098,3.490725126475548,0.0973251910623946,26.25632377740304,CB,43,69,56,74,79,64,36,36,53,50,67,28,64,81,85,67,38,93,79,61,86,79,51,86,85,47,25,36,74,90,39,68,44,58,58,64,62,64,76,68,53,61,62,25,58,31,61,64,53,36,17,53,33,53,28,61,72,81,67,38,83,69,50,75,78,51,86,86,47,25,36,74,90,39,68,44,53,58,64,58,72,72,67,47,58,58,Danish 2nd Tier
Vendsyssel,7gkglopz9cjsysn2u6sbhuvc5,9adzm4ivhohkcvrvuui5fx0yc,Á. Atlason,Árni Atlason,20.0,Midfielder,Faroe Islands,Midfielder,35.0,44.0,79.0,4.0,8.0,271.0,1.0,0.0,2.0,1.0,0.0,0.0,0.0,0.0,3.0,4.0,9.0,0.0,2.0,0.0,1.0,1.0,1.0,0.0,0.0,0.0,79.8,22.22,0.0,33.33,0.0,42.11,66.67,50.0,0.0,0.0,0.0,0.0,0.0,0.0,0.0,0.0,0.0,0.0,11.62361623616236,14.612546125461256,26.236162361623617,1.328413284132841,2.656826568265682,0.3321033210332103,0.0,0.6642066420664207,0.3321033210332103,0.0,0.0,0.0,0.0,0.996309963099631,1.328413284132841,2.988929889298893,0.0,0.6642066420664207,0.0,0.3321033210332103,0.3321033210332103,0.3321033210332103,0.0,0.0,0.0,79.8,22.22,0.0,33.33,0.0,42.11,66.67,50.0,0.0,0.0,0.0,0.0,0.0,0.0,0.0,0.0,0.0,0.0,DM/CM,4,6,4,48,8,10,24,6,8,6,14,12,14,40,50,64,38,18,24,16,4,46,52,38,52,20,8,24,54,24,20,90,28,10,8,18,8,8,12,8,8,8,8,12,8,12,76,16,12,24,4,8,6,14,12,14,56,60,88,38,20,24,16,4,60,52,38,52,20,8,24,54,24,20,90,28,10,8,18,8,8,12,8,8,8,8,Danish 2nd Tier
Vendsyssel,7gkglopz9cjsysn2u6sbhuvc5,9l89n30nejpn2u22ygvchwnze,L. Steffensen,Lasse Steffensen,30.0,Attacker,Denmark,Striker,44.0,73.0,117.0,54.0,78.0,676.0,13.0,0.0,4.0,4.0,25.0,19.0,6.0,5.0,7.0,7.0,16.0,1.0,5.0,5.0,30.0,3.0,3.0,0.0,2.0,0.0,60.0,66.67,0.0,42.86,20.0,50.0,55.67,37.5,2.688080702302562,0.2897955857036147,5.0,5.0,0.12179816,2.0,14.0,8.0,0.3717440999999999,50.0,5.8579881656804735,9.718934911242604,15.576923076923077,7.189349112426036,10.384615384615383,1.7307692307692308,0.0,0.5325443786982249,0.5325443786982249,3.3284023668639056,2.529585798816568,0.7988165680473372,0.665680473372781,0.9319526627218936,0.9319526627218936,2.1301775147929,0.1331360946745562,0.665680473372781,0.665680473372781,3.994082840236687,0.3994082840236686,0.3994082840236686,0.0,0.2662721893491124,0.0,60.0,66.67,0.0,42.86,20.0,50.0,55.67,37.5,0.3578805668746014,0.0385822525345049,0.665680473372781,0.665680473372781,0.0162157313609467,0.2662721893491124,1.863905325443787,1.0650887573964498,0.0494925576923076,6.656804733727811,ST,90,69,81,100,100,91,33,76,31,93,93,81,88,43,36,97,52,90,60,88,64,48,50,93,52,10,76,33,52,24,93,93,10,93,38,72,40,28,47,90,59,59,84,76,48,62,100,100,83,33,66,21,76,79,45,62,21,17,93,41,83,45,45,41,31,50,86,52,10,76,33,52,24,93,93,10,83,24,52,21,21,41,72,45,48,66,Danish 2nd Tier
Vendsyssel,7gkglopz9cjsysn2u6sbhuvc5,b2e6na1kcw3l5tu7n32w1awwk,S. Lodberg,Sebastian Lodberg,19.0,Attacker,Denmark,Striker,33.0,55.0,80.0,0.0,7.0,375.0,3.0,8.0,14.0,5.0,4.0,2.0,2.0,1.0,2.0,3.0,7.0,1.0,0.0,2.0,8.0,2.0,2.0,0.0,0.0,0.0,75.47,73.68,32.0,100.0,50.0,38.89,0.0,100.0,0.3520991649356767,0.4934618362918546,1.0,11.0,0.2708489599999999,2.0,9.0,14.0,0.6437728199999999,29.0,7.919999999999999,13.2,19.2,0.0,1.68,0.72,1.92,3.36,1.2,0.96,0.48,0.48,0.24,0.48,0.72,1.68,0.24,0.0,0.48,1.92,0.48,0.48,0.0,0.0,0.0,75.47,73.68,32.0,100.0,50.0,38.89,0.0,100.0,0.0845037995845624,0.118430840710045,0.24,2.64,0.0650037503999999,0.48,2.16,3.36,0.1545054767999999,6.959999999999999,RW,67,33,33,33,33,33,100,100,33,33,33,83,33,33,33,33,83,33,50,33,33,33,67,50,67,33,100,100,100,100,33,33,100,33,33,67,33,33,33,33,67,33,33,67,67,67,33,33,33,100,100,33,67,33,67,33,33,33,67,67,33,67,33,33,33,67,50,67,33,100,100,100,100,33,33,100,33,33,67,67,33,33,67,67,33,67,Danish 2nd Tier
Vendsyssel,7gkglopz9cjsysn2u6sbhuvc5,d25swlwty2q67c514p61ci7f8,E. Pedersen,Emil Pedersen,28.0,Attacker,Norway,Striker,15.0,34.0,49.0,12.0,19.0,333.0,2.0,0.0,2.0,6.0,18.0,14.0,4.0,7.0,3.0,4.0,4.0,2.0,2.0,6.0,27.0,4.0,0.0,0.0,0.0,0.0,67.12,25.0,0.0,0.0,33.33,43.18,48.0,80.0,1.5590519578177249,0.5364572393087912,4.0,4.0,0.2538048999999999,0.0,8.0,6.0,0.38955286,18.0,4.0540540540540535,9.18918918918919,13.243243243243242,3.243243243243243,5.135135135135135,0.5405405405405405,0.0,0.5405405405405405,1.6216216216216215,4.864864864864865,3.783783783783784,1.081081081081081,1.891891891891892,0.8108108108108107,1.081081081081081,1.081081081081081,0.5405405405405405,0.5405405405405405,1.6216216216216215,7.297297297297297,1.081081081081081,0.0,0.0,0.0,0.0,67.12,25.0,0.0,0.0,33.33,43.18,48.0,80.0,0.4213653940047905,0.14498844305643,1.081081081081081,1.081081081081081,0.0685959189189188,0.0,2.162162162162162,1.6216216216216215,0.1052845567567567,4.864864864864865,ST,31,31,28,72,47,9,33,50,64,76,76,60,97,12,19,59,79,69,72,66,81,9,50,31,52,24,28,33,9,43,62,79,60,66,66,60,28,59,10,62,52,62,38,48,38,41,79,59,17,33,69,69,97,93,66,100,17,21,72,90,76,86,93,86,9,50,31,52,24,28,33,9,43,62,79,60,86,86,69,34,79,10,76,59,72,55,Danish 2nd Tier
Vendsyssel,7gkglopz9cjsysn2u6sbhuvc5,oywgthoxa153nf48la1j8v10,M. Lauritsen,Mads Lauritsen,21.0,Defender,Denmark,Defender,248.0,122.0,370.0,19.0,33.0,720.0,3.0,0.0,18.0,5.0,3.0,3.0,0.0,1.0,3.0,3.0,48.0,0.0,11.0,1.0,4.0,5.0,2.0,0.0,0.0,1.0,81.86,31.58,0.0,66.67,33.33,60.0,57.58,55.56,0.4479205162525208,0.3453390528519099,1.0,5.0,0.09287556,3.0,36.0,46.0,0.7641707499999997,221.0,31.0,15.25,46.25,2.375,4.125,0.375,0.0,2.25,0.625,0.375,0.375,0.0,0.125,0.375,0.375,6.0,0.0,1.375,0.125,0.5,0.625,0.25,0.0,0.0,0.125,81.86,31.58,0.0,66.67,33.33,60.0,57.58,55.56,0.0559900645315651,0.0431673816064887,0.125,0.625,0.011609445,0.375,4.5,5.75,0.0955213437499999,27.625,CB,81,64,78,81,72,50,36,64,85,38,54,28,64,69,69,89,38,71,46,29,60,79,51,39,85,25,14,36,88,65,61,39,38,56,81,64,62,56,76,88,92,75,83,47,28,39,49,35,26,36,31,75,25,35,28,51,58,58,72,38,44,28,11,32,72,51,39,78,25,14,36,88,65,61,39,38,39,72,54,56,47,62,76,81,56,64,Danish 2nd Tier
