Team,contestantId,playerId,Short Name,Player Name,Age,Position_x,Nationality,Position_y,total accurate back zone pass_Total,total accurate fwd zone pass_Total,total accurate long balls_Total,total accurate pass_Total,total aerial won_Total,total assists_Total,total att assist_Total,total attempt_Total,total attempts ibox_Total,total attempts obox_Total,total blocked scoring att_Total,total contest_Total,total dribbles attempted_Total,total duels won_Total,total effective clearance_Total,total interception_Total,total mins played,total touches in opposition box_Total,total was fouled_Total,total won contest_Total,total won tackle_Total,total accurate cross_Total,total big chances saved_Total,total goals_Total,total ontarget attempt_Total,total direct setpiece goals_Total,pass_success_pct_Total,long_balls_success_pct_Total,cross_success_pct_Total,dribble_success_pct_Total,attempt_success_pct_Total,duel_success_pct_Total,aerial_success_pct_Total,tackle_success_pct_Total,xG_Total,xA_Total,CreatedOwnShot_Total,Total Carries_Total,Total Carry xT_Total,Total Final Third Carries_Total,passes_into_final_third_Total,progressive_passes_Total,xT_pass_Total,forward_passes_Total,total accurate back zone pass_p90,total accurate fwd zone pass_p90,total accurate long balls_p90,total accurate pass_p90,total aerial won_p90,total assists_p90,total att assist_p90,total attempt_p90,total attempts ibox_p90,total attempts obox_p90,total blocked scoring att_p90,total contest_p90,total dribbles attempted_p90,total duels won_p90,total effective clearance_p90,total interception_p90,total touches in opposition box_p90,total was fouled_p90,total won contest_p90,total won tackle_p90,total accurate cross_p90,total big chances saved_p90,total goals_p90,total ontarget attempt_p90,total direct setpiece goals_p90,pass_success_pct_p90,long_balls_success_pct_p90,cross_success_pct_p90,dribble_success_pct_p90,attempt_success_pct_p90,duel_success_pct_p90,aerial_success_pct_p90,tackle_success_pct_p90,xG_p90,xA_p90,CreatedOwnShot_p90,Total Carries_p90,Total Carry xT_p90,Total Final Third Carries_p90,passes_into_final_third_p90,progressive_passes_p90,xT_pass_p90,forward_passes_p90,Pos.,total accurate back zone pass_TotalPR,total accurate fwd zone pass_TotalPR,total accurate long balls_TotalPR,total accurate pass_TotalPR,total aerial won_TotalPR,total assists_TotalPR,total att assist_TotalPR,total attempt_TotalPR,total attempts ibox_TotalPR,total attempts obox_TotalPR,total blocked scoring att_TotalPR,total contest_TotalPR,total dribbles attempted_TotalPR,total duels won_TotalPR,total effective clearance_TotalPR,total interception_TotalPR,total touches in opposition box_TotalPR,total was fouled_TotalPR,total won contest_TotalPR,total won tackle_TotalPR,total accurate cross_TotalPR,total big chances saved_TotalPR,total goals_TotalPR,total ontarget attempt_TotalPR,total direct setpiece goals_TotalPR,pass_success_pct_TotalPR,long_balls_success_pct_TotalPR,cross_success_pct_TotalPR,dribble_success_pct_TotalPR,attempt_success_pct_TotalPR,duel_success_pct_TotalPR,aerial_success_pct_TotalPR,tackle_success_pct_TotalPR,xG_TotalPR,xA_TotalPR,CreatedOwnShot_TotalPR,Total Carries_TotalPR,Total Carry xT_TotalPR,Total Final Third Carries_TotalPR,passes_into_final_third_TotalPR,progressive_passes_TotalPR,xT_pass_TotalPR,forward_passes_TotalPR,total accurate back zone pass_p90PR,total accurate fwd zone pass_p90PR,total accurate long balls_p90PR,total accurate pass_p90PR,total aerial won_p90PR,total assists_p90PR,total att assist_p90PR,total attempt_p90PR,total attempts ibox_p90PR,total attempts obox_p90PR,total blocked scoring att_p90PR,total contest_p90PR,total dribbles attempted_p90PR,total duels won_p90PR,total effective clearance_p90PR,total interception_p90PR,total touches in opposition box_p90PR,total was fouled_p90PR,total won contest_p90PR,total won tackle_p90PR,total accurate cross_p90PR,total big chances saved_p90PR,total goals_p90PR,total ontarget attempt_p90PR,total direct setpiece goals_p90PR,pass_success_pct_p90PR,long_balls_success_pct_p90PR,cross_success_pct_p90PR,dribble_success_pct_p90PR,attempt_success_pct_p90PR,duel_success_pct_p90PR,aerial_success_pct_p90PR,tackle_success_pct_p90PR,xG_p90PR,xA_p90PR,CreatedOwnShot_p90PR,Total Carries_p90PR,Total Carry xT_p90PR,Total Final Third Carries_p90PR,passes_into_final_third_p90PR,progressive_passes_p90PR,xT_pass_p90PR,forward_passes_p90PR,League
Birmingham City,8kreqtde5jdktcib0kg7dknac,11brjfbwv1v5jvz5rleiob5k9,L. Millar,Liam Millar,26.0,Attacker,Canada,Striker,21.0,35.0,1.0,53.0,2.0,3.0,7.0,4.0,2.0,2.0,1.0,13.0,13.0,12.0,5.0,1.0,232.0,9.0,2.0,4.0,3.0,3.0,0.0,0.0,1.0,0.0,81.54,100.0,27.27,30.77,25.0,42.86,40.0,75.0,0.0,0.0,0.0,0.0,0.0,0.0,0.0,0.0,0.0,0.0,8.14655172413793,13.577586206896552,0.3879310344827586,20.560344827586206,0.7758620689655172,1.1637931034482758,2.71551724137931,1.5517241379310345,0.7758620689655172,0.7758620689655172,0.3879310344827586,5.043103448275862,5.043103448275862,4.655172413793103,1.939655172413793,0.3879310344827586,3.4913793103448274,0.7758620689655172,1.5517241379310345,1.1637931034482758,1.1637931034482758,0.0,0.0,0.3879310344827586,0.0,81.54,100.0,27.27,30.77,25.0,42.86,40.0,75.0,0.0,0.0,0.0,0.0,0.0,0.0,0.0,0.0,0.0,0.0,LW,50,21,21,29,68,96,64,21,21,29,32,57,50,39,75,43,32,21,46,71,50,54,25,18,54,71,93,86,21,21,68,86,75,25,25,25,25,25,25,25,25,25,25,93,50,43,71,79,100,93,29,29,50,36,93,79,71,96,61,39,21,64,86,71,54,25,14,54,71,93,86,21,21,68,86,75,25,25,25,25,25,25,25,25,25,25,Championship
Birmingham City,8kreqtde5jdktcib0kg7dknac,2f1s166mgypfd94gce3k2cnx0,J. Solís,Jhon Solís,21.0,Midfielder,Colombia,Midfielder,74.0,85.0,4.0,158.0,7.0,0.0,4.0,2.0,0.0,2.0,0.0,11.0,11.0,27.0,3.0,6.0,420.0,1.0,5.0,9.0,2.0,1.0,0.0,0.0,0.0,0.0,80.2,44.44,100.0,81.82,0.0,49.09,35.0,33.33,0.1336295316238447,0.2168520502334589,2.0,9.0,0.19391204,1.0,14.0,9.0,0.2346807699999999,79.0,15.857142857142856,18.21428571428571,0.8571428571428571,33.857142857142854,1.5,0.0,0.8571428571428571,0.4285714285714285,0.0,0.4285714285714285,0.0,2.357142857142857,2.357142857142857,5.785714285714286,0.6428571428571428,1.2857142857142856,0.2142857142857142,1.0714285714285714,1.9285714285714284,0.4285714285714285,0.2142857142857142,0.0,0.0,0.0,0.0,80.2,44.44,100.0,81.82,0.0,49.09,35.0,33.33,0.028634899633681,0.0464682964785983,0.4285714285714285,1.9285714285714284,0.04155258,0.2142857142857142,3.0,1.9285714285714284,0.0502887364285714,16.928571428571427,DM/CM,38,35,18,35,71,41,58,32,17,53,20,98,98,75,15,59,18,45,98,13,58,47,41,26,51,15,40,96,78,26,28,26,16,39,63,70,75,72,45,48,38,39,60,28,22,17,24,83,41,57,28,17,52,20,98,98,87,9,61,15,39,100,12,54,47,41,26,51,15,40,96,78,26,28,26,16,37,52,67,72,72,41,43,37,37,48,Championship
Birmingham City,8kreqtde5jdktcib0kg7dknac,3bepi58wwope38a478y7jwlxw,A. Priske,August Priske,22.0,Attacker,Denmark,Striker,16.0,32.0,1.0,46.0,24.0,1.0,1.0,16.0,13.0,3.0,4.0,3.0,3.0,33.0,4.0,0.0,569.0,24.0,8.0,1.0,0.0,2.0,0.0,1.0,5.0,0.0,51.11,25.0,66.67,33.33,31.25,30.0,27.59,0.0,0.0,0.0,0.0,0.0,0.0,0.0,0.0,0.0,0.0,0.0,2.530755711775044,5.061511423550088,0.1581722319859402,7.275922671353252,3.796133567662566,0.1581722319859402,0.1581722319859402,2.530755711775044,2.0562390158172232,0.4745166959578207,0.632688927943761,0.4745166959578207,0.4745166959578207,5.219683655536028,0.632688927943761,0.0,3.796133567662566,1.265377855887522,0.1581722319859402,0.0,0.3163444639718805,0.0,0.1581722319859402,0.7908611599297013,0.0,51.11,25.0,66.67,33.33,31.25,30.0,27.59,0.0,0.0,0.0,0.0,0.0,0.0,0.0,0.0,0.0,0.0,0.0,ST,59,47,42,46,93,80,14,88,92,73,78,27,25,89,62,21,82,88,27,9,81,50,45,76,51,8,39,98,43,34,12,20,9,7,12,15,10,10,16,9,9,7,7,23,14,33,11,83,66,8,59,58,48,58,12,11,61,39,21,36,55,16,9,72,50,31,38,51,8,39,98,43,34,12,20,9,7,12,15,10,10,16,9,9,7,7,Championship
Birmingham City,8kreqtde5jdktcib0kg7dknac,4wah6i1aeytzatgkvfn7vakfd,B. Osayi-Samuel,Bright Osayi-Samuel,28.0,Defender,Nigeria,Defender,79.0,85.0,8.0,164.0,7.0,0.0,2.0,3.0,2.0,1.0,1.0,4.0,4.0,41.0,13.0,1.0,556.0,8.0,11.0,3.0,15.0,0.0,0.0,0.0,0.0,0.0,76.64,25.81,0.0,75.0,0.0,64.06,43.75,75.0,0.1718823514416392,0.115199754361764,2.0,0.0,0.0,0.0,15.0,8.0,0.2560882599999999,89.0,12.787769784172662,13.758992805755396,1.2949640287769784,26.546762589928058,1.1330935251798562,0.0,0.3237410071942446,0.4856115107913669,0.3237410071942446,0.1618705035971223,0.1618705035971223,0.6474820143884892,0.6474820143884892,6.636690647482014,2.1043165467625897,0.1618705035971223,1.2949640287769784,1.7805755395683454,0.4856115107913669,2.4280575539568345,0.0,0.0,0.0,0.0,0.0,76.64,25.81,0.0,75.0,0.0,64.06,43.75,75.0,0.0278226827873156,0.0186474422528035,0.3237410071942446,0.0,0.0,0.0,2.4280575539568345,1.2949640287769784,0.0414531356115107,14.406474820143885,RB/RCB,61,61,55,61,57,34,23,68,70,64,66,50,43,100,52,4,73,96,75,100,16,46,48,36,52,39,14,16,89,36,89,14,71,64,50,75,21,21,23,77,54,46,84,36,39,32,46,54,34,14,54,57,54,57,36,32,93,32,4,50,96,57,100,16,46,48,36,52,39,14,16,89,36,89,14,71,54,43,75,21,21,23,71,46,39,82,Championship
Birmingham City,8kreqtde5jdktcib0kg7dknac,5yo9doazzlnrrz27gtu27uqjt,C. Klarer,Christoph Klarer,26.0,Defender,Austria,Defender,114.0,101.0,12.0,214.0,45.0,0.0,3.0,6.0,6.0,0.0,1.0,1.0,1.0,56.0,54.0,11.0,630.0,20.0,4.0,0.0,2.0,1.0,1.0,0.0,1.0,0.0,76.7,31.58,33.33,0.0,16.67,58.33,62.5,25.0,0.0,0.0,0.0,0.0,0.0,0.0,0.0,0.0,0.0,0.0,16.285714285714285,14.428571428571429,1.7142857142857142,30.571428571428573,6.428571428571429,0.0,0.4285714285714285,0.8571428571428571,0.8571428571428571,0.0,0.1428571428571428,0.1428571428571428,0.1428571428571428,8.0,7.714285714285714,1.5714285714285714,2.857142857142857,0.5714285714285714,0.0,0.2857142857142857,0.1428571428571428,0.1428571428571428,0.0,0.1428571428571428,0.0,76.7,31.58,33.33,0.0,16.67,58.33,62.5,25.0,0.0,0.0,0.0,0.0,0.0,0.0,0.0,0.0,0.0,0.0,CB,39,77,60,52,100,45,80,92,95,38,72,45,44,100,95,93,100,64,25,28,82,92,42,69,51,8,23,88,25,59,52,61,15,20,34,43,25,25,37,20,21,20,20,11,56,30,20,100,45,73,70,78,38,61,36,34,97,84,77,98,43,25,19,73,84,42,59,51,8,23,88,25,59,52,61,15,20,34,43,25,25,37,20,21,20,20,Championship
Birmingham City,8kreqtde5jdktcib0kg7dknac,9fk3a8f7bhmecbubtfuqs9jvt,A. Cochrane,Alex Cochrane,26.0,Defender,England,Defender,56.0,91.0,13.0,134.0,7.0,1.0,12.0,2.0,0.0,2.0,1.0,4.0,4.0,24.0,19.0,5.0,568.0,4.0,4.0,2.0,9.0,13.0,0.0,0.0,1.0,0.0,68.72,26.53,24.53,50.0,50.0,61.54,58.33,81.82,0.0878862386023213,1.659361686748035,2.0,7.0,0.1952921099999999,4.0,13.0,16.0,1.54747262,61.0,8.873239436619718,14.419014084507042,2.059859154929577,21.232394366197184,1.1091549295774648,0.1584507042253521,1.9014084507042253,0.3169014084507042,0.0,0.3169014084507042,0.1584507042253521,0.6338028169014085,0.6338028169014085,3.802816901408451,3.0105633802816905,0.7922535211267606,0.6338028169014085,0.6338028169014085,0.3169014084507042,1.426056338028169,2.059859154929577,0.0,0.0,0.1584507042253521,0.0,68.72,26.53,24.53,50.0,50.0,61.54,58.33,81.82,0.0139256363982551,0.2629270278297942,0.3169014084507042,1.1091549295774648,0.0309441723591549,0.6338028169014085,2.059859154929577,2.535211267605634,0.2451981264084507,9.66549295774648,LB/LCB,45,74,84,52,63,82,97,45,18,85,52,53,50,52,79,56,47,44,55,90,97,45,42,73,52,10,29,48,52,92,68,65,84,55,97,94,71,74,69,68,73,100,65,10,42,65,23,45,74,90,26,18,71,35,39,39,35,61,29,26,23,42,68,97,45,42,68,52,10,29,48,52,92,68,65,84,52,97,90,58,61,55,55,55,97,52,Championship
Birmingham City,8kreqtde5jdktcib0kg7dknac,adfgsbp3tv9wgatujcr9mfuju,J. Stansfield,Jay Stansfield,23.0,Attacker,England,Striker,14.0,61.0,5.0,72.0,5.0,0.0,5.0,17.0,13.0,4.0,4.0,11.0,13.0,19.0,4.0,2.0,579.0,24.0,1.0,2.0,7.0,3.0,0.0,1.0,8.0,0.0,65.45,33.33,17.65,18.18,47.06,30.16,29.41,63.64,1.836737441075197,0.5041669736754348,5.0,6.0,0.1708002899999999,5.0,12.0,16.0,0.7195509199999999,37.0,2.176165803108808,9.481865284974091,0.7772020725388601,11.191709844559584,0.7772020725388601,0.0,0.7772020725388601,2.6424870466321244,2.0207253886010363,0.6217616580310881,0.6217616580310881,1.709844559585492,2.0207253886010363,2.953367875647668,0.6217616580310881,0.310880829015544,3.730569948186528,0.155440414507772,0.310880829015544,1.088082901554404,0.466321243523316,0.0,0.155440414507772,1.243523316062176,0.0,65.45,33.33,17.65,18.18,47.06,30.16,29.41,63.64,0.2855032291826731,0.0783679233692385,0.7772020725388601,0.932642487046632,0.0265492678756476,0.7772020725388601,1.865284974093264,2.4870466321243523,0.1118472932642486,5.751295336787565,ST,42,91,92,80,45,33,66,91,92,84,78,88,88,54,62,81,82,12,52,98,91,50,45,95,51,34,45,62,17,62,14,23,59,91,81,91,73,62,94,96,95,95,94,19,61,77,45,31,33,30,64,55,66,56,62,61,14,38,66,31,9,34,80,80,50,30,75,51,34,45,62,17,62,14,23,59,66,56,72,55,53,77,89,89,80,77,Championship
Birmingham City,8kreqtde5jdktcib0kg7dknac,bb2v7p23g1w8kb3nhuuwnil4a,Carlos Vicente,Carlos Vicente,27.0,Attacker,Spain,Striker,38.0,58.0,1.0,94.0,6.0,0.0,5.0,13.0,10.0,3.0,5.0,8.0,8.0,24.0,4.0,0.0,512.0,20.0,8.0,1.0,6.0,2.0,0.0,2.0,3.0,0.0,75.2,25.0,11.11,12.5,23.08,39.34,37.5,66.67,1.3680544499016831,0.606061522979007,5.0,8.0,0.3372827,5.0,3.0,7.0,0.5296499199999999,36.0,6.6796875,10.1953125,0.17578125,16.5234375,1.0546875,0.0,0.87890625,2.28515625,1.7578125,0.52734375,0.87890625,1.40625,1.40625,4.21875,0.703125,0.0,3.515625,1.40625,0.17578125,1.0546875,0.3515625,0.0,0.3515625,0.52734375,0.0,75.2,25.0,11.11,12.5,23.08,39.34,37.5,66.67,0.2404783212717802,0.1065342520861535,0.87890625,1.40625,0.0592879746093749,0.87890625,0.52734375,1.23046875,0.0931025249999999,6.328125,RW,90,60,40,70,85,35,55,75,75,75,90,60,60,70,70,20,60,85,20,95,55,55,70,40,55,10,35,10,10,30,60,80,80,90,60,60,40,50,80,35,35,50,70,80,10,20,20,90,35,40,50,60,60,80,20,20,50,50,20,40,70,10,100,30,55,60,30,55,10,35,10,10,30,60,80,80,60,50,60,20,30,60,30,30,50,30,Championship
Birmingham City,8kreqtde5jdktcib0kg7dknac,bu3iqwznwjvf7n05esj3hoet,P. Neumann,Phil Neumann,29.0,Defender,Germany,Defender,95.0,75.0,9.0,168.0,29.0,0.0,5.0,4.0,4.0,0.0,1.0,2.0,2.0,50.0,58.0,17.0,630.0,19.0,9.0,2.0,6.0,2.0,0.0,2.0,3.0,0.0,76.71,32.14,50.0,100.0,75.0,56.18,52.73,60.0,0.0,0.0,0.0,0.0,0.0,0.0,0.0,0.0,0.0,0.0,13.571428571428571,10.714285714285714,1.2857142857142858,24.0,4.142857142857143,0.0,0.7142857142857143,0.5714285714285714,0.5714285714285714,0.0,0.1428571428571428,0.2857142857142857,0.2857142857142857,7.142857142857143,8.285714285714286,2.4285714285714284,2.7142857142857144,1.2857142857142858,0.2857142857142857,0.8571428571428571,0.2857142857142857,0.0,0.2857142857142857,0.4285714285714285,0.0,76.71,32.14,50.0,100.0,75.0,56.18,52.73,60.0,0.0,0.0,0.0,0.0,0.0,0.0,0.0,0.0,0.0,0.0,CB,25,58,43,34,98,45,95,70,79,38,72,65,65,98,98,100,98,99,77,84,94,42,98,96,51,10,26,96,92,98,36,31,47,20,34,43,25,25,37,20,21,20,20,3,31,18,8,87,45,87,47,52,38,61,51,49,90,90,97,97,87,70,64,90,42,98,90,51,10,26,96,92,98,36,31,47,20,34,43,25,25,37,20,21,20,20,Championship
Birmingham City,8kreqtde5jdktcib0kg7dknac,cc5c5mmpywxpgrb33oztcdgid,Paik Seung-Ho,Seung-Ho Paik,29.0,Midfielder,Korea Republic,Midfielder,39.0,88.0,2.0,123.0,4.0,0.0,8.0,5.0,3.0,2.0,1.0,0.0,0.0,12.0,7.0,4.0,371.0,7.0,1.0,0.0,1.0,4.0,0.0,1.0,1.0,0.0,80.92,28.57,22.22,0.0,20.0,40.0,26.67,14.29,0.5246589120399492,0.820987313325565,2.0,4.0,0.1221294,5.0,12.0,13.0,0.5472087499999999,64.0,9.460916442048518,21.347708894878707,0.4851752021563343,29.83827493261456,0.9703504043126686,0.0,1.9407008086253368,1.2129380053908356,0.7277628032345014,0.4851752021563343,0.2425876010781671,0.0,0.0,2.911051212938005,1.69811320754717,0.9703504043126686,1.69811320754717,0.2425876010781671,0.0,0.2425876010781671,0.9703504043126686,0.0,0.2425876010781671,0.2425876010781671,0.0,80.92,28.57,22.22,0.0,20.0,40.0,26.67,14.29,0.1272757468560524,0.1991613428552583,0.4851752021563343,0.9703504043126686,0.0296270781671159,1.2129380053908356,2.911051212938005,3.1536388140161726,0.1327460579514824,15.525606469002698,CM/AM,44,59,24,51,64,29,79,41,51,42,24,4,4,33,90,64,37,17,12,13,81,47,67,40,50,46,15,63,12,45,36,31,10,64,85,53,31,33,64,56,55,72,62,38,64,21,51,56,29,82,36,54,44,23,4,4,21,85,72,33,13,12,10,77,47,74,31,50,46,15,63,12,45,36,31,10,67,82,62,31,33,79,59,51,72,74,Championship
Birmingham City,8kreqtde5jdktcib0kg7dknac,dua66xdc42wx57vmgh5t4ttxx,P. Roberts,Patrick Roberts,29.0,Midfielder,England,Midfielder,10.0,33.0,2.0,40.0,0.0,2.0,6.0,2.0,2.0,0.0,0.0,13.0,14.0,8.0,1.0,2.0,224.0,8.0,2.0,4.0,1.0,3.0,0.0,0.0,1.0,0.0,80.0,100.0,42.86,30.77,50.0,30.77,0.0,50.0,0.2156019100654392,0.7904825409761032,1.0,5.0,0.15048436,2.0,4.0,8.0,0.73807281,23.0,4.017857142857142,13.258928571428571,0.8035714285714286,16.07142857142857,0.0,0.8035714285714286,2.4107142857142856,0.8035714285714286,0.8035714285714286,0.0,0.0,5.223214285714286,5.625,3.2142857142857144,0.4017857142857143,0.8035714285714286,3.2142857142857144,0.8035714285714286,1.6071428571428572,0.4017857142857143,1.2053571428571428,0.0,0.0,0.4017857142857143,0.0,80.0,100.0,42.86,30.77,50.0,30.77,0.0,50.0,0.0866257674370068,0.31760459235647,0.4017857142857143,2.008928571428571,0.0604624660714285,0.8035714285714286,1.6071428571428572,3.2142857142857144,0.2965471111607143,9.241071428571429,RM/RCM,12,24,38,12,12,97,59,15,35,12,18,76,79,12,15,24,26,26,56,12,65,53,26,29,53,71,100,85,24,82,6,12,26,35,71,38,44,47,47,35,41,59,41,12,47,53,35,12,100,88,35,59,12,18,100,100,29,24,59,76,41,71,18,71,53,26,53,53,71,100,85,24,82,6,12,26,59,100,53,65,65,71,47,65,94,47,Championship
Birmingham City,8kreqtde5jdktcib0kg7dknac,v6ddixs4xh5qjb67smsht23t,T. Iwata,Tomoki Iwata,29.0,Midfielder,Japan,Midfielder,97.0,137.0,17.0,231.0,12.0,0.0,6.0,8.0,4.0,4.0,0.0,3.0,3.0,20.0,15.0,5.0,622.0,11.0,1.0,0.0,4.0,3.0,0.0,0.0,1.0,0.0,71.3,40.48,42.86,0.0,12.5,44.44,52.17,57.14,0.6830768769091212,0.5784911637813254,2.0,9.0,0.19421405,5.0,44.0,31.0,0.9668447999999998,132.0,14.035369774919614,19.823151125401928,2.459807073954984,33.42443729903537,1.7363344051446945,0.0,0.8681672025723473,1.157556270096463,0.5787781350482315,0.5787781350482315,0.0,0.4340836012861736,0.4340836012861736,2.893890675241157,2.170418006430868,0.7234726688102894,1.5916398713826363,0.1446945337620578,0.0,0.5787781350482315,0.4340836012861736,0.0,0.0,0.1446945337620578,0.0,71.3,40.48,42.86,0.0,12.5,44.44,52.17,57.14,0.0988374902280078,0.0837045092288091,0.2893890675241157,1.3022508038585208,0.0281017114147909,0.7234726688102894,6.366559485530546,4.485530546623794,0.13989715755627,19.09967845659164,RM/RCM,94,100,100,100,97,29,59,74,68,74,18,9,6,47,94,79,56,12,6,26,65,53,26,29,53,12,53,85,6,6,41,76,44,82,53,59,65,59,82,100,100,94,100,94,76,100,88,94,29,29,47,41,53,18,6,6,12,71,35,18,12,6,24,53,53,26,6,53,12,53,85,6,6,41,76,44,65,41,41,41,35,65,100,71,53,94,Championship
Blackburn Rovers,ep3im6aygoatju4u3ws8v3mog,16rur8pbshrs9xypsq7mnxzhl,O. Afolayan,Oladapo Afolayan,29.0,Attacker,England,Striker,42.0,94.0,7.0,135.0,7.0,1.0,2.0,16.0,8.0,8.0,5.0,22.0,25.0,34.0,9.0,1.0,501.0,22.0,11.0,9.0,4.0,1.0,0.0,2.0,6.0,0.0,81.33,63.64,14.29,40.91,37.5,38.64,31.82,50.0,1.338311276206899,0.0852773870117767,8.0,34.0,0.91686152,4.0,9.0,10.0,0.3933679999999998,41.0,7.544910179640719,16.88622754491018,1.25748502994012,24.251497005988025,1.25748502994012,0.1796407185628742,0.3592814371257485,2.874251497005988,1.437125748502994,1.437125748502994,0.8982035928143713,3.9520958083832336,4.491017964071856,6.107784431137725,1.6167664670658684,0.1796407185628742,3.9520958083832336,1.9760479041916168,1.6167664670658684,0.718562874251497,0.1796407185628742,0.0,0.3592814371257485,1.0778443113772456,0.0,81.33,63.64,14.29,40.91,37.5,38.64,31.82,50.0,0.2404151993186046,0.0153192910799598,1.437125748502994,6.107784431137725,0.1647056622754491,0.718562874251497,1.6167664670658684,1.796407185628743,0.0706649101796406,7.365269461077845,LW,86,93,100,93,93,61,11,100,86,93,79,79,86,93,100,43,71,86,86,93,25,54,79,96,54,64,57,36,57,64,36,64,50,100,50,89,93,93,68,86,79,57,93,86,79,93,93,86,50,7,93,93,79,64,71,71,79,86,29,57,79,71,64,14,54,79,100,54,64,57,36,57,64,36,64,50,93,50,86,93,86,64,86,71,57,79,Championship
Blackburn Rovers,ep3im6aygoatju4u3ws8v3mog,2ytdtlvxm0ba22gsmk6vu4vhm,R. Alebiosu,Ryan Alebiosu,24.0,Defender,Nigeria,Defender,89.0,117.0,9.0,201.0,4.0,0.0,6.0,8.0,4.0,4.0,3.0,18.0,21.0,20.0,14.0,3.0,584.0,14.0,3.0,8.0,2.0,5.0,0.0,0.0,1.0,0.0,88.55,56.25,15.15,44.44,12.5,50.0,40.0,40.0,0.5061940767045167,0.5859071741579615,4.0,23.0,0.6628503700000001,5.0,12.0,24.0,0.8381925899999998,89.0,13.715753424657532,18.03082191780822,1.386986301369863,30.976027397260275,0.6164383561643836,0.0,0.9246575342465754,1.2328767123287672,0.6164383561643836,0.6164383561643836,0.4623287671232877,2.773972602739726,3.2363013698630136,3.0821917808219177,2.1575342465753424,0.4623287671232877,2.1575342465753424,0.4623287671232877,1.2328767123287672,0.3082191780821918,0.7705479452054794,0.0,0.0,0.1541095890410959,0.0,88.55,56.25,15.15,44.44,12.5,50.0,40.0,40.0,0.07800936113597,0.0902939138257132,0.6164383561643836,3.544520547945205,0.1021515981164383,0.7705479452054794,1.8493150684931507,3.6986301369863015,0.1291735155821917,13.715753424657532,RB/RCB,71,79,70,71,29,34,91,93,89,96,98,98,100,61,57,30,93,54,96,14,89,46,48,82,52,86,86,54,46,73,39,9,7,82,93,96,96,100,82,64,88,89,84,46,75,39,54,11,34,68,89,86,96,93,89,93,18,43,18,75,36,93,4,86,46,48,71,52,86,86,54,46,73,39,9,7,86,86,89,96,100,68,61,86,79,75,Championship
Blackburn Rovers,ep3im6aygoatju4u3ws8v3mog,3cpoap17njgxl0qfuh65spn1l,H. Pickering,Harry Pickering,27.0,Defender,England,Defender,31.0,37.0,1.0,65.0,2.0,1.0,4.0,1.0,0.0,1.0,1.0,1.0,1.0,8.0,13.0,3.0,254.0,2.0,5.0,0.0,1.0,3.0,0.0,0.0,0.0,0.0,74.71,8.33,27.27,0.0,0.0,36.36,18.18,100.0,0.0557555275344785,0.3866678387325588,0.0,5.0,0.1344887699999999,0.0,4.0,5.0,0.2563584499999999,16.0,10.984251968503935,13.11023622047244,0.3543307086614173,23.03149606299213,0.7086614173228346,0.3543307086614173,1.4173228346456692,0.3543307086614173,0.0,0.3543307086614173,0.3543307086614173,0.3543307086614173,0.3543307086614173,2.8346456692913384,4.606299212598425,1.062992125984252,0.7086614173228346,1.7716535433070866,0.0,0.3543307086614173,1.062992125984252,0.0,0.0,0.0,0.0,74.71,8.33,27.27,0.0,0.0,36.36,18.18,100.0,0.0197558955830829,0.1370082893146861,0.0,1.7716535433070866,0.0476535011811023,0.0,1.4173228346456692,1.7716535433070866,0.0908356712598424,5.669291338582677,LB/LCB,13,11,8,15,10,82,40,21,18,61,52,11,11,5,55,23,19,55,10,8,48,45,42,32,52,26,3,65,10,32,3,3,95,52,61,39,61,65,24,45,45,48,45,32,35,13,29,23,94,68,35,18,81,84,26,19,6,81,58,29,84,10,10,68,45,42,32,52,26,3,65,10,32,3,3,95,58,77,39,77,84,24,52,52,48,45,Championship
Blackburn Rovers,ep3im6aygoatju4u3ws8v3mog,60gs7lod7de72ypcs6qfup8q2,A. Guðjohnsen,Andri Gudjohnsen,24.0,Attacker,Iceland,Striker,29.0,58.0,7.0,87.0,15.0,1.0,6.0,7.0,7.0,0.0,0.0,5.0,5.0,24.0,11.0,1.0,438.0,14.0,4.0,0.0,1.0,0.0,0.0,3.0,5.0,0.0,87.88,100.0,0.0,0.0,71.43,41.38,44.12,20.0,0.9181459872871266,0.5540866816382302,0.0,1.0,0.02855202,1.0,8.0,9.0,0.3078042999999998,33.0,5.958904109589041,11.917808219178085,1.4383561643835618,17.876712328767123,3.082191780821918,0.2054794520547945,1.2328767123287672,1.4383561643835618,1.4383561643835618,0.0,0.0,1.0273972602739727,1.0273972602739727,4.931506849315069,2.26027397260274,0.2054794520547945,2.876712328767124,0.8219178082191781,0.0,0.2054794520547945,0.0,0.0,0.6164383561643836,1.0273972602739727,0.0,87.88,100.0,0.0,0.0,71.43,41.38,44.12,20.0,0.1886601343740671,0.1138534277338829,0.0,0.2054794520547945,0.0058668534246575,0.2054794520547945,1.6438356164383563,1.8493150684931507,0.0632474589041095,6.78082191780822,ST,90,85,98,92,81,80,82,28,49,13,5,47,42,73,98,57,37,45,7,27,28,50,92,76,51,98,95,28,7,98,41,55,20,55,88,15,26,23,45,88,82,73,91,73,70,97,73,72,75,66,6,33,13,5,38,38,50,92,52,12,39,7,25,28,50,84,66,51,98,95,28,7,98,41,55,20,38,75,15,20,20,38,83,75,61,84,Championship
Blackburn Rovers,ep3im6aygoatju4u3ws8v3mog,7qzddbc1vk6kzwevpyae4v4t0,T. Atcheson,Tom Atcheson,19.0,Defender,Northern Ireland,Defender,156.0,90.0,19.0,246.0,17.0,1.0,1.0,1.0,0.0,1.0,0.0,3.0,3.0,25.0,34.0,2.0,519.0,0.0,0.0,3.0,4.0,0.0,0.0,0.0,0.0,0.0,76.4,28.79,0.0,100.0,0.0,49.02,51.52,80.0,0.0,0.0,0.0,0.0,0.0,0.0,0.0,0.0,0.0,0.0,27.052023121387283,15.606936416184972,3.294797687861272,42.65895953757226,2.947976878612717,0.1734104046242774,0.1734104046242774,0.1734104046242774,0.0,0.1734104046242774,0.0,0.5202312138728323,0.5202312138728323,4.335260115606936,5.895953757225434,0.3468208092485549,0.0,0.0,0.5202312138728323,0.6936416184971098,0.0,0.0,0.0,0.0,0.0,76.4,28.79,0.0,100.0,0.0,49.02,51.52,80.0,0.0,0.0,0.0,0.0,0.0,0.0,0.0,0.0,0.0,0.0,RB/RCB,93,66,96,82,98,80,9,38,18,64,29,36,29,73,98,16,4,9,75,43,16,46,48,36,52,36,18,16,96,36,32,46,84,23,20,29,21,21,23,20,20,20,20,89,54,93,79,89,75,4,32,18,61,29,32,25,43,93,7,4,9,68,25,16,46,48,36,52,36,18,16,96,36,32,46,84,23,20,29,21,21,23,20,20,20,20,Championship
Blackburn Rovers,ep3im6aygoatju4u3ws8v3mog,8u07m36pydqgg68citu7pilii,R. Morishita,Ryoya Morishita,29.0,Midfielder,Japan,Midfielder,41.0,110.0,12.0,148.0,3.0,1.0,6.0,8.0,3.0,5.0,2.0,22.0,24.0,22.0,4.0,1.0,590.0,22.0,8.0,9.0,2.0,3.0,0.0,1.0,4.0,0.0,78.31,85.71,23.08,40.91,50.0,32.84,25.0,100.0,0.6031725237479709,0.4741890320493672,4.0,14.0,0.38440735,10.0,16.0,27.0,0.8533145199999997,70.0,6.254237288135593,16.779661016949152,1.8305084745762712,22.57627118644068,0.4576271186440678,0.1525423728813559,0.9152542372881356,1.2203389830508475,0.4576271186440678,0.7627118644067797,0.3050847457627119,3.3559322033898304,3.6610169491525424,3.3559322033898304,0.6101694915254238,0.1525423728813559,3.3559322033898304,1.2203389830508475,1.3728813559322035,0.3050847457627119,0.4576271186440678,0.0,0.1525423728813559,0.6101694915254238,0.0,78.31,85.71,23.08,40.91,50.0,32.84,25.0,100.0,0.0920093680293515,0.0723339201431238,0.6101694915254238,2.135593220338983,0.0586384093220338,1.5254237288135597,2.440677966101695,4.11864406779661,0.1301666216949152,10.677966101694915,CM/AM,46,74,81,68,42,74,63,69,51,85,51,95,95,77,46,28,91,76,96,26,69,47,67,91,50,31,97,68,51,90,8,26,94,69,56,86,83,85,97,69,85,85,67,13,42,74,21,31,62,28,38,36,64,28,92,92,41,31,18,77,62,95,15,56,47,59,77,50,31,97,68,51,90,8,26,94,38,36,69,64,67,87,46,82,67,41,Championship
Blackburn Rovers,ep3im6aygoatju4u3ws8v3mog,9uptn5f9yy6vnsbj62iyj4sus,K. Montgomery,Kristi Montgomery,22.0,Midfielder,Scotland,Midfielder,141.0,126.0,6.0,267.0,7.0,0.0,5.0,4.0,3.0,1.0,0.0,8.0,10.0,30.0,12.0,15.0,598.0,10.0,3.0,3.0,9.0,0.0,0.0,1.0,2.0,0.0,90.2,40.0,0.0,37.5,50.0,49.18,38.89,52.94,0.3923858652332845,0.2872245109820843,1.0,5.0,0.12035092,1.0,11.0,7.0,0.21835128,78.0,21.220735785953178,18.963210702341136,0.903010033444816,40.18394648829431,1.0535117056856187,0.0,0.7525083612040133,0.6020066889632106,0.451505016722408,0.1505016722408026,0.0,1.2040133779264213,1.5050167224080266,4.51505016722408,1.806020066889632,2.25752508361204,1.5050167224080266,0.451505016722408,0.451505016722408,1.354515050167224,0.0,0.0,0.1505016722408026,0.3010033444816053,0.0,90.2,40.0,0.0,37.5,50.0,49.18,38.89,52.94,0.0590547288812635,0.0432277692113504,0.1505016722408026,0.7525083612040133,0.018113014715719,0.1505016722408026,1.6555183946488294,1.0535117056856187,0.0328622327759197,11.739130434782608,CM/AM,100,82,54,97,97,29,45,32,51,24,8,77,79,92,97,100,56,36,65,100,22,47,67,60,50,95,26,22,46,90,69,51,38,46,33,36,37,31,28,51,28,26,78,97,51,38,82,62,29,15,18,33,13,8,54,62,72,90,95,23,23,42,85,22,47,54,46,50,95,26,22,46,90,69,51,38,26,23,31,23,23,21,36,15,15,54,Championship
Blackburn Rovers,ep3im6aygoatju4u3ws8v3mog,ao2tl1brzen40y5leuuc3b5qt,A. Forshaw,Adam Forshaw,34.0,Midfielder,England,Midfielder,68.0,64.0,11.0,132.0,1.0,0.0,1.0,1.0,0.0,1.0,1.0,1.0,1.0,9.0,1.0,0.0,220.0,0.0,3.0,1.0,3.0,0.0,0.0,0.0,0.0,0.0,90.41,78.57,0.0,100.0,0.0,47.37,20.0,75.0,0.0,0.0,0.0,0.0,0.0,0.0,0.0,0.0,0.0,0.0,27.818181818181817,26.18181818181818,4.5,53.99999999999999,0.409090909090909,0.0,0.409090909090909,0.409090909090909,0.0,0.409090909090909,0.409090909090909,0.409090909090909,0.409090909090909,3.6818181818181817,0.409090909090909,0.0,0.0,1.227272727272727,0.409090909090909,1.227272727272727,0.0,0.0,0.0,0.0,0.0,90.41,78.57,0.0,100.0,0.0,47.37,20.0,75.0,0.0,0.0,0.0,0.0,0.0,0.0,0.0,0.0,0.0,0.0,DM/CM,30,21,60,24,13,41,11,15,17,30,48,23,22,7,5,4,7,23,39,27,23,47,41,26,51,80,93,23,90,26,22,8,67,15,15,23,16,16,20,15,15,15,15,91,72,100,80,17,41,22,26,17,50,61,39,39,17,7,4,7,50,54,65,23,47,41,26,51,80,93,23,90,26,22,8,67,15,15,23,16,16,20,15,15,15,15,Championship
Blackburn Rovers,ep3im6aygoatju4u3ws8v3mog,bzvr1umoce37zyxq8hvwu1lgp,T. Cantwell,Todd Cantwell,28.0,Midfielder,England,Midfielder,89.0,123.0,8.0,209.0,4.0,0.0,11.0,13.0,10.0,3.0,0.0,14.0,14.0,29.0,3.0,3.0,557.0,19.0,9.0,6.0,7.0,3.0,0.0,1.0,6.0,0.0,82.61,53.33,13.04,42.86,46.15,42.65,44.44,70.0,1.1114599180708948,0.6815078362490341,2.0,14.0,0.32361393,7.0,22.0,20.0,0.4235766799999998,73.0,14.38061041292639,19.87432675044884,1.2926391382405744,33.77019748653501,0.6463195691202872,0.0,1.77737881508079,2.1005385996409336,1.615798922800718,0.4847396768402154,0.0,2.2621184919210053,2.2621184919210053,4.685816876122082,0.4847396768402154,0.4847396768402154,3.0700179533213645,1.4542190305206462,0.9694793536804308,1.131059245960503,0.4847396768402154,0.0,0.1615798922800718,0.9694793536804308,0.0,82.61,53.33,13.04,42.86,46.15,42.65,44.44,70.0,0.1795895738355126,0.1101179627691437,0.3231597845601436,2.2621184919210053,0.0522895039497307,1.131059245960503,3.55475763016158,3.2315978456014363,0.0684414743267504,11.795332136445245,CM/AM,90,79,69,87,64,29,88,87,91,58,8,92,91,90,31,55,83,82,91,87,69,47,67,96,50,54,59,45,54,79,51,63,64,85,77,53,83,79,82,79,76,54,72,74,56,59,62,41,29,74,72,85,41,8,82,79,79,21,41,67,74,79,79,67,47,62,95,50,54,59,45,54,79,51,63,64,77,51,44,74,59,67,72,62,28,56,Championship
Blackburn Rovers,ep3im6aygoatju4u3ws8v3mog,c96r2deijlyvw3elwsphqnjvu,S. McLoughlin,Sean McLoughlin,29.0,Defender,Republic of Ireland,Defender,275.0,136.0,28.0,411.0,15.0,0.0,2.0,4.0,3.0,1.0,1.0,2.0,2.0,28.0,59.0,6.0,630.0,5.0,5.0,1.0,6.0,0.0,0.0,1.0,1.0,0.0,86.53,41.18,0.0,50.0,25.0,52.83,48.39,85.71,0.0,0.0,0.0,0.0,0.0,0.0,0.0,0.0,0.0,0.0,39.285714285714285,19.428571428571427,4.0,58.71428571428572,2.142857142857143,0.0,0.2857142857142857,0.5714285714285714,0.4285714285714285,0.1428571428571428,0.1428571428571428,0.2857142857142857,0.2857142857142857,4.0,8.428571428571429,0.8571428571428571,0.7142857142857143,0.7142857142857143,0.1428571428571428,0.8571428571428571,0.0,0.0,0.1428571428571428,0.1428571428571428,0.0,86.53,41.18,0.0,50.0,25.0,52.83,48.39,85.71,0.0,0.0,0.0,0.0,0.0,0.0,0.0,0.0,0.0,0.0,CB,98,86,95,94,65,45,67,70,58,84,72,65,65,68,100,60,52,79,59,84,36,42,89,69,51,57,51,36,61,70,20,20,83,20,34,43,25,25,37,20,21,20,20,80,79,89,80,41,45,55,47,36,75,61,51,49,37,92,36,30,64,51,64,36,42,84,59,51,57,51,36,61,70,20,20,83,20,34,43,25,25,37,20,21,20,20,Championship
Blackburn Rovers,ep3im6aygoatju4u3ws8v3mog,dgzuswl2pnk7t03ts7nguholx,Sam Morsy,Samy Sayed Mekawy Said Morsy,35.0,Midfielder,Egypt,Midfielder,112.0,170.0,18.0,282.0,5.0,1.0,4.0,6.0,2.0,4.0,3.0,3.0,4.0,16.0,15.0,4.0,473.0,2.0,5.0,2.0,4.0,0.0,0.0,0.0,0.0,0.0,87.58,54.55,0.0,66.67,0.0,51.61,45.45,80.0,0.0,0.0,0.0,0.0,0.0,0.0,0.0,0.0,0.0,0.0,21.3107822410148,32.346723044397464,3.4249471458773786,53.65750528541226,0.9513742071881608,0.1902748414376321,0.7610993657505285,1.1416490486257929,0.3805496828752642,0.7610993657505285,0.5708245243128964,0.5708245243128964,0.7610993657505285,3.044397463002114,2.854122621564482,0.7610993657505285,0.3805496828752642,0.9513742071881608,0.3805496828752642,0.7610993657505285,0.0,0.0,0.0,0.0,0.0,87.58,54.55,0.0,66.67,0.0,51.61,45.45,80.0,0.0,0.0,0.0,0.0,0.0,0.0,0.0,0.0,0.0,0.0,DM/CM,70,91,91,83,57,88,58,67,70,78,84,53,57,32,90,35,32,45,57,40,23,47,41,26,51,65,67,23,58,26,41,49,78,15,15,23,16,16,20,15,15,15,15,63,87,83,78,50,87,46,67,63,74,85,46,54,4,89,28,28,30,48,30,23,47,41,26,51,65,67,23,58,26,41,49,78,15,15,23,16,16,20,15,15,15,15,Championship
Blackburn Rovers,ep3im6aygoatju4u3ws8v3mog,dxwbpyrtulp583pp43xb8ugdm,J. Fevrier,Jayden Fevrier,23.0,Attacker,England,Striker,17.0,36.0,2.0,51.0,2.0,1.0,8.0,13.0,8.0,5.0,4.0,10.0,11.0,15.0,6.0,1.0,219.0,19.0,6.0,6.0,0.0,2.0,0.0,0.0,2.0,0.0,83.61,50.0,20.0,60.0,15.38,48.39,33.33,0.0,0.0,0.0,0.0,0.0,0.0,0.0,0.0,0.0,0.0,0.0,6.986301369863014,14.794520547945206,0.8219178082191781,20.95890410958904,0.8219178082191781,0.4109589041095891,3.2876712328767126,5.342465753424658,3.2876712328767126,2.054794520547945,1.6438356164383563,4.109589041095891,4.52054794520548,6.164383561643836,2.4657534246575343,0.4109589041095891,7.808219178082193,2.4657534246575343,2.4657534246575343,0.0,0.8219178082191781,0.0,0.0,0.8219178082191781,0.0,83.61,50.0,20.0,60.0,15.38,48.39,33.33,0.0,0.0,0.0,0.0,0.0,0.0,0.0,0.0,0.0,0.0,0.0,ST,67,56,62,55,22,80,95,80,62,92,78,82,80,36,78,57,66,70,93,9,81,50,14,21,51,94,62,67,84,11,70,32,9,7,12,15,10,10,16,9,9,7,7,84,83,80,81,33,98,98,100,88,100,97,88,92,72,95,75,95,94,95,9,91,50,14,44,51,94,62,67,84,11,70,32,9,7,12,15,10,10,16,9,9,7,7,Championship
Blackburn Rovers,ep3im6aygoatju4u3ws8v3mog,e5p0oz8nz3fvawtta6u98ow5x,Yuri Ribeiro,Yuri Oliveira Ribeiro,29.0,Defender,Portugal,Defender,82.0,110.0,8.0,187.0,4.0,0.0,6.0,1.0,0.0,1.0,1.0,4.0,4.0,15.0,15.0,2.0,378.0,0.0,5.0,1.0,4.0,5.0,0.0,0.0,0.0,0.0,80.6,29.63,17.86,25.0,0.0,42.86,33.33,80.0,0.0,0.0,0.0,0.0,0.0,0.0,0.0,0.0,0.0,0.0,19.52380952380952,26.19047619047619,1.9047619047619049,44.52380952380952,0.9523809523809524,0.0,1.4285714285714286,0.238095238095238,0.0,0.238095238095238,0.238095238095238,0.9523809523809524,0.9523809523809524,3.571428571428571,3.571428571428571,0.4761904761904761,0.0,1.1904761904761905,0.238095238095238,0.9523809523809524,1.1904761904761905,0.0,0.0,0.0,0.0,80.6,29.63,17.86,25.0,0.0,42.86,33.33,80.0,0.0,0.0,0.0,0.0,0.0,0.0,0.0,0.0,0.0,0.0,LB/LCB,66,81,58,76,37,35,66,21,18,61,52,53,50,24,65,11,5,55,31,35,74,45,42,32,52,55,40,29,19,32,16,27,76,26,23,39,23,23,24,23,23,23,23,74,84,61,84,37,35,71,18,18,63,52,52,48,27,68,6,5,68,39,42,71,45,42,32,52,55,40,29,19,32,16,27,76,26,23,39,23,23,24,23,23,23,23,Championship
Bolton Wanderers,69t8imcdaqlgfbds2p58596my,28d418ajrp2wn77h3nqwee295,Gaizka Larrazabal,Gaizka Larrazabal,28.0,Defender,Spain,Defender,49.0,53.0,7.0,99.0,4.0,0.0,4.0,3.0,2.0,1.0,0.0,6.0,6.0,15.0,9.0,6.0,396.0,7.0,4.0,1.0,5.0,3.0,0.0,0.0,0.0,0.0,72.79,41.18,27.27,16.67,0.0,40.54,44.44,83.33,0.2134728538090664,0.1755999195349231,1.0,3.0,0.06945748,3.0,8.0,9.0,0.27140482,37.0,11.136363636363637,12.045454545454543,1.5909090909090908,22.5,0.9090909090909092,0.0,0.9090909090909092,0.6818181818181818,0.4545454545454545,0.2272727272727272,0.0,1.3636363636363635,1.3636363636363635,3.4090909090909087,2.0454545454545454,1.3636363636363635,1.5909090909090908,0.9090909090909092,0.2272727272727272,1.1363636363636362,0.6818181818181818,0.0,0.0,0.0,0.0,72.79,41.18,27.27,16.67,0.0,40.54,44.44,83.33,0.0485165576838787,0.0399090726215734,0.2272727272727272,0.6818181818181818,0.0157857909090909,0.6818181818181818,1.818181818181818,2.0454545454545454,0.0616829136363636,8.409090909090908,RB/RCB,25,29,41,25,29,34,64,68,70,64,29,77,71,36,25,68,59,73,34,59,75,46,48,36,52,14,36,79,23,36,11,21,91,68,54,64,54,50,61,61,59,50,50,29,21,46,21,29,34,64,68,71,71,29,75,71,36,29,68,64,64,29,68,71,46,48,36,52,14,36,79,23,36,11,21,91,71,54,68,50,46,61,57,50,43,46,Championship
Bolton Wanderers,69t8imcdaqlgfbds2p58596my,5bu39lajv2ie81ra0b48hp3vt,S. Dalby,Sam Dalby,26.0,Attacker,England,Striker,15.0,47.0,2.0,61.0,35.0,0.0,5.0,9.0,9.0,0.0,1.0,5.0,5.0,48.0,6.0,1.0,549.0,18.0,5.0,1.0,3.0,1.0,0.0,2.0,4.0,0.0,58.65,66.67,50.0,20.0,44.44,50.0,51.47,42.86,1.2997322795494235,0.2744186497067667,1.0,6.0,0.1728287099999998,3.0,3.0,3.0,0.10928799,18.0,2.459016393442623,7.704918032786885,0.3278688524590164,10.0,5.737704918032788,0.0,0.819672131147541,1.475409836065574,1.475409836065574,0.0,0.1639344262295082,0.819672131147541,0.819672131147541,7.868852459016394,0.9836065573770492,0.1639344262295082,2.950819672131148,0.819672131147541,0.1639344262295082,0.4918032786885246,0.1639344262295082,0.0,0.3278688524590164,0.6557377049180328,0.0,58.65,66.67,50.0,20.0,44.44,50.0,51.47,42.86,0.2130708654999055,0.0449866638863552,0.1639344262295082,0.9836065573770492,0.028332575409836,0.4918032786885246,0.4918032786885246,0.4918032786885246,0.0179160639344262,2.950819672131148,ST,52,75,62,72,98,33,66,54,70,13,27,47,42,98,78,57,58,56,27,67,66,50,76,60,51,17,80,95,21,61,77,86,30,72,48,41,73,66,73,53,45,39,67,22,48,47,36,94,33,31,8,34,13,11,30,28,88,58,42,17,38,17,47,56,50,53,25,51,17,80,95,21,61,77,86,30,45,34,31,58,56,64,39,31,27,36,Championship
Bolton Wanderers,69t8imcdaqlgfbds2p58596my,74vpeqcguo2sb2qgpt3b6zq3t,E. Toal,Eoin Toal,27.0,Defender,Northern Ireland,Defender,65.0,22.0,5.0,87.0,2.0,0.0,0.0,2.0,2.0,0.0,0.0,1.0,1.0,8.0,6.0,3.0,188.0,3.0,0.0,0.0,4.0,0.0,0.0,0.0,1.0,0.0,87.88,33.33,0.0,0.0,50.0,53.33,28.57,66.67,0.0,0.0,0.0,0.0,0.0,0.0,0.0,0.0,0.0,0.0,31.117021276595743,10.53191489361702,2.3936170212765955,41.64893617021277,0.9574468085106382,0.0,0.0,0.9574468085106382,0.9574468085106382,0.0,0.0,0.4787234042553191,0.4787234042553191,3.829787234042553,2.872340425531915,1.4361702127659577,1.4361702127659577,0.0,0.0,1.9148936170212765,0.0,0.0,0.0,0.4787234042553191,0.0,87.88,33.33,0.0,0.0,50.0,53.33,28.57,66.67,0.0,0.0,0.0,0.0,0.0,0.0,0.0,0.0,0.0,0.0,CB,16,8,17,13,2,45,18,36,41,38,30,45,44,5,2,25,26,7,25,65,36,42,42,69,51,66,29,36,25,89,21,5,54,20,34,43,25,25,37,20,21,20,20,52,30,57,48,7,45,18,75,84,38,30,67,67,28,5,70,69,7,25,98,36,42,42,93,51,66,29,36,25,89,21,5,54,20,34,43,25,25,37,20,21,20,20,Championship
Bolton Wanderers,69t8imcdaqlgfbds2p58596my,76tis9hdvmec3jcvgnsf6cdex,A. Famewo,Akin Famewo,27.0,Defender,England,Defender,120.0,63.0,9.0,182.0,16.0,0.0,1.0,3.0,3.0,0.0,1.0,1.0,1.0,30.0,17.0,5.0,352.0,3.0,5.0,0.0,7.0,1.0,0.0,0.0,1.0,0.0,85.85,60.0,100.0,0.0,33.33,57.69,66.67,77.78,0.0,0.0,0.0,0.0,0.0,0.0,0.0,0.0,0.0,0.0,30.681818181818183,16.107954545454547,2.301136363636364,46.534090909090914,4.090909090909091,0.0,0.2556818181818182,0.7670454545454546,0.7670454545454546,0.0,0.2556818181818182,0.2556818181818182,0.2556818181818182,7.670454545454546,4.346590909090909,1.278409090909091,0.7670454545454546,1.278409090909091,0.0,1.7897727272727273,0.2556818181818182,0.0,0.0,0.2556818181818182,0.0,85.85,60.0,100.0,0.0,33.33,57.69,66.67,77.78,0.0,0.0,0.0,0.0,0.0,0.0,0.0,0.0,0.0,0.0,LB/LCB,90,27,66,71,87,35,8,69,82,23,52,11,11,74,71,56,32,55,10,74,24,45,42,73,52,84,100,100,10,81,48,79,65,26,23,39,23,23,24,23,23,23,23,97,52,74,87,94,35,6,74,84,23,58,13,13,87,77,81,42,74,10,81,26,45,42,77,52,84,100,100,10,81,48,79,65,26,23,39,23,23,24,23,23,23,23,Championship
Bolton Wanderers,69t8imcdaqlgfbds2p58596my,7iruezvsore21eboc96g7oqtx,J. Sheehan,Josh Sheehan,31.0,Midfielder,Wales,Midfielder,153.0,165.0,27.0,314.0,0.0,0.0,9.0,15.0,4.0,11.0,5.0,5.0,5.0,24.0,6.0,11.0,626.0,6.0,14.0,2.0,5.0,4.0,1.0,0.0,5.0,0.0,85.56,49.09,17.39,40.0,33.33,50.0,0.0,62.5,0.0,0.0,0.0,0.0,0.0,0.0,0.0,0.0,0.0,0.0,21.99680511182109,23.722044728434504,3.881789137380192,45.14376996805112,0.0,0.0,1.293929712460064,2.1565495207667733,0.5750798722044729,1.5814696485623003,0.7188498402555911,0.7188498402555911,0.7188498402555911,3.450479233226837,0.8626198083067093,1.5814696485623003,0.8626198083067093,2.012779552715655,0.2875399361022364,0.7188498402555911,0.5750798722044729,0.1437699680511182,0.0,0.7188498402555911,0.0,85.56,49.09,17.39,40.0,33.33,50.0,0.0,62.5,0.0,0.0,0.0,0.0,0.0,0.0,0.0,0.0,0.0,0.0,DM/CM,91,88,99,91,2,41,89,100,91,100,98,71,68,59,38,95,76,99,57,58,88,96,41,99,51,50,50,53,35,79,34,3,50,15,15,23,16,16,20,15,15,15,15,65,61,93,61,2,41,72,100,85,98,93,54,52,11,15,78,57,91,37,28,83,93,41,98,51,50,50,53,35,79,34,3,50,15,15,23,16,16,20,15,15,15,15,Championship
Bolton Wanderers,69t8imcdaqlgfbds2p58596my,8iwme9n9fhlu50yqm3pvtrd91,B. Davies,Ben Davies,31.0,Defender,England,Defender,107.0,26.0,9.0,133.0,14.0,0.0,0.0,0.0,0.0,0.0,0.0,0.0,0.0,18.0,31.0,3.0,315.0,0.0,2.0,0.0,2.0,0.0,0.0,0.0,0.0,0.0,85.26,45.0,0.0,0.0,0.0,62.07,63.64,100.0,0.0,0.0,0.0,0.0,0.0,0.0,0.0,0.0,0.0,0.0,30.571428571428573,7.428571428571429,2.571428571428572,38.0,4.0,0.0,0.0,0.0,0.0,0.0,0.0,0.0,0.0,5.142857142857143,8.857142857142858,0.8571428571428571,0.0,0.5714285714285714,0.0,0.5714285714285714,0.0,0.0,0.0,0.0,0.0,85.26,45.0,0.0,0.0,0.0,62.07,63.64,100.0,0.0,0.0,0.0,0.0,0.0,0.0,0.0,0.0,0.0,0.0,CB,33,15,43,25,57,45,18,6,8,38,30,18,17,34,59,25,2,34,25,28,36,42,42,29,51,52,56,36,25,29,67,65,94,20,34,43,25,25,37,20,21,20,20,51,15,64,38,81,45,18,6,8,38,30,18,17,66,95,36,2,43,25,40,36,42,42,29,51,52,56,36,25,29,67,65,94,20,34,43,25,25,37,20,21,20,20,Championship
Bolton Wanderers,69t8imcdaqlgfbds2p58596my,9p621hq50jdkujzy4309sagkq,S. Iling-Junior,Samuel Iling-Junior,22.0,Attacker,England,Striker,21.0,60.0,2.0,76.0,8.0,0.0,4.0,8.0,4.0,4.0,1.0,17.0,17.0,18.0,6.0,0.0,369.0,15.0,1.0,5.0,2.0,5.0,0.0,0.0,4.0,0.0,71.7,18.18,26.32,29.41,50.0,38.3,53.33,50.0,0.0,0.0,0.0,0.0,0.0,0.0,0.0,0.0,0.0,0.0,5.121951219512195,14.634146341463415,0.4878048780487805,18.53658536585366,1.951219512195122,0.0,0.9756097560975612,1.951219512195122,0.9756097560975612,0.9756097560975612,0.2439024390243902,4.146341463414634,4.146341463414634,4.390243902439025,1.4634146341463417,0.0,3.658536585365854,0.2439024390243902,1.2195121951219514,0.4878048780487805,1.2195121951219514,0.0,0.0,0.9756097560975612,0.0,71.7,18.18,26.32,29.41,50.0,38.3,53.33,50.0,0.0,0.0,0.0,0.0,0.0,0.0,0.0,0.0,0.0,0.0,ST,77,89,62,85,60,33,47,42,17,84,27,95,95,51,78,21,43,12,88,48,98,50,14,60,51,44,36,80,36,71,36,89,40,7,12,15,10,10,16,9,9,7,7,67,81,59,77,56,33,42,31,12,84,23,91,83,30,77,21,30,11,84,45,95,50,14,56,51,44,36,80,36,71,36,89,40,7,12,15,10,10,16,9,9,7,7,Championship
Bolton Wanderers,69t8imcdaqlgfbds2p58596my,a34py1ewvkzcai1daneg4ppex,J. McAtee,John McAtee,27.0,Attacker,England,Striker,32.0,25.0,5.0,57.0,2.0,1.0,4.0,8.0,5.0,3.0,2.0,5.0,5.0,15.0,1.0,2.0,332.0,13.0,2.0,2.0,5.0,0.0,0.0,0.0,3.0,0.0,76.0,55.56,0.0,40.0,37.5,44.12,50.0,55.56,0.0,0.0,0.0,0.0,0.0,0.0,0.0,0.0,0.0,0.0,8.674698795180722,6.77710843373494,1.355421686746988,15.451807228915662,0.5421686746987951,0.2710843373493976,1.0843373493975903,2.1686746987951806,1.355421686746988,0.8132530120481927,0.5421686746987951,1.355421686746988,1.355421686746988,4.066265060240964,0.2710843373493976,0.5421686746987951,3.5240963855421685,0.5421686746987951,0.5421686746987951,1.355421686746988,0.0,0.0,0.0,0.8132530120481927,0.0,76.0,55.56,0.0,40.0,37.5,44.12,50.0,55.56,0.0,0.0,0.0,0.0,0.0,0.0,0.0,0.0,0.0,0.0,ST,94,36,92,64,22,80,47,42,26,73,49,47,42,36,18,81,30,25,52,91,28,50,14,40,51,61,70,28,56,46,48,77,50,7,12,15,10,10,16,9,9,7,7,92,34,94,67,20,83,53,42,27,78,47,50,44,27,19,83,28,25,55,92,28,50,14,42,51,61,70,28,56,46,48,77,50,7,12,15,10,10,16,9,9,7,7,Championship
Bolton Wanderers,69t8imcdaqlgfbds2p58596my,a6pjrmdp1y0gazp1wfsof3gno,K. Dong,Kyliane Dong,21.0,Attacker,France,Striker,10.0,26.0,0.0,35.0,1.0,0.0,1.0,7.0,5.0,2.0,4.0,8.0,11.0,9.0,0.0,0.0,235.0,17.0,5.0,1.0,0.0,1.0,0.0,0.0,1.0,0.0,71.43,0.0,14.29,12.5,14.29,24.32,9.09,0.0,0.4995511075062815,0.1039430770316713,0.0,8.0,0.19246045,4.0,1.0,3.0,0.1268454199999999,10.0,3.829787234042553,9.95744680851064,0.0,13.404255319148936,0.3829787234042553,0.0,0.3829787234042553,2.680851063829788,1.9148936170212765,0.7659574468085106,1.5319148936170213,3.0638297872340425,4.212765957446808,3.4468085106382977,0.0,0.0,6.51063829787234,1.9148936170212765,0.3829787234042553,0.0,0.3829787234042553,0.0,0.0,0.3829787234042553,0.0,71.43,0.0,14.29,12.5,14.29,24.32,9.09,0.0,0.1913174454279376,0.0398079869482996,0.0,3.0638297872340425,0.0737082574468085,1.5319148936170213,0.3829787234042553,1.1489361702127658,0.0485790970212765,3.829787234042553,ST,26,38,16,31,9,33,14,28,26,53,78,68,80,8,7,21,51,56,27,9,66,50,14,9,51,42,16,59,15,9,3,3,9,23,27,15,81,73,85,26,45,47,37,47,66,16,58,11,33,17,66,52,73,94,81,86,19,7,21,86,78,42,9,75,50,14,11,51,42,16,59,15,9,3,3,9,39,33,15,94,91,95,28,48,55,59,Championship
Bolton Wanderers,69t8imcdaqlgfbds2p58596my,bl8nw0mpjkwwxcz80yy67ro8a,Rúben Rodrigues,Rúben da Rocha Rodrigues,30.0,Attacker,Portugal,Striker,23.0,53.0,5.0,72.0,1.0,0.0,9.0,5.0,4.0,1.0,1.0,10.0,12.0,14.0,1.0,0.0,214.0,11.0,7.0,5.0,1.0,4.0,0.0,1.0,3.0,0.0,78.26,71.43,23.53,50.0,60.0,48.28,33.33,100.0,0.0,0.0,0.0,0.0,0.0,0.0,0.0,0.0,0.0,0.0,9.67289719626168,22.289719626168225,2.102803738317757,30.2803738317757,0.4205607476635514,0.0,3.785046728971962,2.102803738317757,1.6822429906542056,0.4205607476635514,0.4205607476635514,4.205607476635514,5.046728971962617,5.88785046728972,0.4205607476635514,0.0,4.626168224299065,2.94392523364486,2.102803738317757,0.4205607476635514,1.6822429906542056,0.0,0.4205607476635514,1.2616822429906542,0.0,78.26,71.43,23.53,50.0,60.0,48.28,33.33,100.0,0.0,0.0,0.0,0.0,0.0,0.0,0.0,0.0,0.0,0.0,ST,81,80,92,80,9,33,97,11,17,33,27,82,85,30,18,21,22,81,88,27,96,50,45,40,51,75,84,70,73,86,69,32,94,7,12,15,10,10,16,9,9,7,7,98,98,100,98,16,33,100,39,41,45,41,92,97,67,23,21,56,100,91,36,100,50,67,78,51,75,84,70,73,86,69,32,94,7,12,15,10,10,16,9,9,7,7,Championship
Bolton Wanderers,69t8imcdaqlgfbds2p58596my,bvcz4ordpkkppks5baflhz3oq,M. Conway,Max Conway,23.0,Defender,England,Defender,98.0,99.0,12.0,194.0,11.0,0.0,7.0,3.0,2.0,1.0,1.0,9.0,9.0,41.0,22.0,6.0,466.0,4.0,8.0,6.0,11.0,3.0,0.0,0.0,0.0,0.0,78.54,30.77,25.0,66.67,0.0,63.08,61.11,68.75,0.0,0.0,0.0,0.0,0.0,0.0,0.0,0.0,0.0,0.0,18.92703862660944,19.12017167381974,2.317596566523605,37.46781115879829,2.124463519313305,0.0,1.351931330472103,0.5793991416309012,0.3862660944206008,0.1931330472103004,0.1931330472103004,1.7381974248927037,1.7381974248927037,7.918454935622317,4.24892703862661,1.1587982832618025,0.7725321888412017,1.5450643776824031,1.1587982832618025,2.124463519313305,0.5793991416309012,0.0,0.0,0.0,0.0,78.54,30.77,25.0,66.67,0.0,63.08,61.11,68.75,0.0,0.0,0.0,0.0,0.0,0.0,0.0,0.0,0.0,0.0,LB/LCB,77,77,77,81,81,35,79,69,63,61,52,87,84,95,84,73,47,84,95,97,48,45,42,32,52,39,55,52,84,32,74,74,55,26,23,39,23,23,24,23,23,23,23,71,61,77,65,74,35,65,58,58,55,42,81,81,90,74,65,45,81,90,97,42,45,42,32,52,39,55,52,84,32,74,74,55,26,23,39,23,23,24,23,23,23,23,Championship
Bolton Wanderers,69t8imcdaqlgfbds2p58596my,cgf79jslwhdpgr5bjk77njxbe,T. Gale,Thierry Gale,24.0,Attacker,Barbados,Striker,33.0,69.0,2.0,98.0,1.0,1.0,7.0,8.0,6.0,2.0,0.0,24.0,26.0,20.0,4.0,0.0,454.0,27.0,4.0,11.0,3.0,4.0,0.0,2.0,4.0,0.0,75.97,28.57,12.12,45.83,50.0,45.45,16.67,75.0,0.0,0.0,0.0,0.0,0.0,0.0,0.0,0.0,0.0,0.0,6.541850220264317,13.6784140969163,0.3964757709251101,19.4273127753304,0.198237885462555,0.198237885462555,1.3876651982378856,1.5859030837004406,1.1894273127753303,0.3964757709251101,0.0,4.757709251101322,5.154185022026432,3.9647577092511015,0.7929515418502203,0.0,5.352422907488987,0.7929515418502203,2.1806167400881056,0.5947136563876653,0.7929515418502203,0.0,0.3964757709251101,0.7929515418502203,0.0,75.97,28.57,12.12,45.83,50.0,45.45,16.67,75.0,0.0,0.0,0.0,0.0,0.0,0.0,0.0,0.0,0.0,0.0,LW,79,71,46,79,39,61,64,50,64,29,14,96,93,61,64,11,86,46,93,71,68,54,79,68,54,29,21,14,79,82,79,29,75,25,25,25,25,25,25,25,25,25,25,64,57,50,57,29,57,50,36,71,14,14,86,86,57,50,11,86,29,93,50,57,54,86,64,54,29,21,14,79,82,79,29,75,25,25,25,25,25,25,25,25,25,25,Championship
Bolton Wanderers,69t8imcdaqlgfbds2p58596my,cz9jf3ozld7o0hns2xmn54b56,E. Erhahon,Ethan Erhahon,25.0,Midfielder,Scotland,Midfielder,105.0,94.0,13.0,199.0,1.0,0.0,4.0,3.0,2.0,1.0,0.0,0.0,0.0,19.0,6.0,7.0,428.0,3.0,4.0,0.0,7.0,0.0,0.0,1.0,1.0,0.0,90.05,72.22,0.0,0.0,33.33,59.38,25.0,50.0,0.0,0.0,0.0,0.0,0.0,0.0,0.0,0.0,0.0,0.0,22.07943925233645,19.76635514018692,2.733644859813084,41.845794392523366,0.2102803738317757,0.0,0.8411214953271028,0.6308411214953271,0.4205607476635514,0.2102803738317757,0.0,0.0,0.0,3.9953271028037385,1.2616822429906542,1.47196261682243,0.6308411214953271,0.8411214953271028,0.0,1.47196261682243,0.0,0.0,0.2102803738317757,0.2102803738317757,0.0,90.05,72.22,0.0,0.0,33.33,59.38,25.0,50.0,0.0,0.0,0.0,0.0,0.0,0.0,0.0,0.0,0.0,0.0,DM/CM,61,47,74,54,13,41,58,48,70,30,20,8,8,39,38,73,46,32,14,80,23,47,89,63,51,76,88,23,14,79,83,15,34,15,15,23,16,16,20,15,15,15,15,70,41,70,59,4,41,54,39,70,28,20,8,8,35,33,70,43,26,14,78,23,47,93,63,51,76,88,23,14,79,83,15,34,15,15,23,16,16,20,15,15,15,15,Championship
Bolton Wanderers,69t8imcdaqlgfbds2p58596my,dbvkpe7bc9clualadtx9rf1uc,C. Forino,Chris Forino,26.0,Defender,St. Lucia,Defender,208.0,55.0,16.0,263.0,22.0,0.0,2.0,5.0,5.0,0.0,0.0,1.0,1.0,46.0,49.0,13.0,540.0,8.0,7.0,1.0,10.0,0.0,1.0,0.0,1.0,0.0,88.85,57.14,0.0,100.0,20.0,79.31,75.86,62.5,0.6266770173698712,0.0864525340867495,0.0,1.0,0.01685596,0.0,12.0,12.0,0.3212015299999997,164.0,34.666666666666664,9.166666666666666,2.6666666666666665,43.833333333333336,3.6666666666666665,0.0,0.3333333333333333,0.8333333333333334,0.8333333333333334,0.0,0.0,0.1666666666666666,0.1666666666666666,7.666666666666667,8.166666666666666,2.1666666666666665,1.3333333333333333,1.1666666666666667,0.1666666666666666,1.6666666666666667,0.0,0.1666666666666666,0.0,0.1666666666666666,0.0,88.85,57.14,0.0,100.0,20.0,79.31,75.86,62.5,0.1044461695616452,0.0144087556811249,0.0,0.1666666666666666,0.0028093266666666,0.0,2.0,2.0,0.0535335883333332,27.33333333333333,CB,80,44,75,67,88,45,67,84,90,38,30,45,44,95,90,98,80,90,59,99,36,92,42,69,51,75,89,36,92,62,97,92,51,92,74,43,55,51,37,68,67,66,84,66,20,68,52,76,45,65,67,75,38,30,39,38,95,87,92,61,85,58,93,36,91,42,63,51,75,89,36,92,62,97,92,51,85,75,43,54,51,37,64,64,64,77,Championship
Bolton Wanderers,69t8imcdaqlgfbds2p58596my,dhx0lu8rw0jupzzmbvqe8txwp,L. Brunt,Lewis Brunt,25.0,Defender,England,Defender,58.0,84.0,8.0,142.0,13.0,0.0,5.0,2.0,2.0,0.0,1.0,8.0,8.0,26.0,9.0,5.0,311.0,9.0,3.0,5.0,3.0,0.0,0.0,0.0,1.0,0.0,83.53,40.0,0.0,62.5,50.0,65.0,72.22,60.0,0.0,0.0,0.0,0.0,0.0,0.0,0.0,0.0,0.0,0.0,16.784565916398712,24.308681672025724,2.315112540192926,41.09324758842443,3.762057877813505,0.0,1.4469453376205788,0.5787781350482315,0.5787781350482315,0.0,0.2893890675241157,2.315112540192926,2.315112540192926,7.524115755627009,2.604501607717041,1.4469453376205788,2.604501607717041,0.8681672025723473,1.4469453376205788,0.8681672025723473,0.0,0.0,0.0,0.2893890675241157,0.0,83.53,40.0,0.0,62.5,50.0,65.0,72.22,60.0,0.0,0.0,0.0,0.0,0.0,0.0,0.0,0.0,0.0,0.0,RB/RCB,38,57,55,50,82,34,82,55,70,27,66,88,88,79,25,54,82,54,93,29,16,46,48,82,52,64,32,16,75,100,93,93,36,23,20,29,21,21,23,20,20,20,20,68,89,71,75,93,34,89,64,82,27,82,86,86,96,54,71,93,57,96,43,16,46,48,93,52,64,32,16,75,100,93,93,36,23,20,29,21,21,23,20,20,20,20,Championship
Bristol City,c5485h5qulh4l0k0py5b9xug1,16ha4qskzhhjplhiwdrg2n3rp,J. Wallace,Jed Wallace,32.0,Midfielder,England,Midfielder,15.0,35.0,1.0,48.0,1.0,1.0,1.0,4.0,1.0,3.0,1.0,5.0,6.0,13.0,7.0,3.0,282.0,4.0,2.0,2.0,5.0,2.0,0.0,0.0,2.0,0.0,75.0,14.29,16.67,40.0,50.0,48.15,14.29,62.5,0.2689720958595203,0.1307174601368773,2.0,4.0,0.11997595,1.0,7.0,9.0,0.4119185499999999,29.0,4.787234042553192,11.170212765957446,0.3191489361702128,15.319148936170214,0.3191489361702128,0.3191489361702128,0.3191489361702128,1.2765957446808511,0.3191489361702128,0.9574468085106383,0.3191489361702128,1.5957446808510638,1.9148936170212767,4.148936170212766,2.2340425531914896,0.9574468085106383,1.2765957446808511,0.6382978723404256,0.6382978723404256,1.5957446808510638,0.6382978723404256,0.0,0.0,0.6382978723404256,0.0,75.0,14.29,16.67,40.0,50.0,48.15,14.29,62.5,0.0858421582530384,0.0417183383415565,0.6382978723404256,1.2765957446808511,0.0382901968085106,0.3191489361702128,2.2340425531914896,2.872340425531915,0.1314633670212765,9.25531914893617,RM/RCM,18,35,26,18,32,74,12,47,12,59,44,24,26,35,65,50,6,26,29,41,50,53,26,65,53,29,26,53,59,82,59,24,53,53,24,59,29,35,26,50,50,47,47,18,29,24,18,41,88,18,65,6,82,35,35,41,53,76,76,6,35,41,82,59,53,26,76,53,29,26,53,59,82,59,24,53,53,29,71,35,41,29,59,59,47,53,Championship
Bristol City,c5485h5qulh4l0k0py5b9xug1,1la1hsnuheliwojwmcbxroy96,J. Knight,Jason Knight,25.0,Midfielder,Republic of Ireland,Midfielder,83.0,111.0,7.0,192.0,13.0,0.0,4.0,5.0,3.0,2.0,3.0,9.0,9.0,26.0,18.0,6.0,540.0,7.0,2.0,5.0,4.0,2.0,0.0,1.0,2.0,0.0,76.49,28.0,50.0,55.56,40.0,50.98,68.42,66.67,0.4224786442272586,0.2958753964081531,1.0,11.0,0.24193523,6.0,27.0,22.0,0.8262608599999999,100.0,13.833333333333334,18.5,1.1666666666666667,32.0,2.1666666666666665,0.0,0.6666666666666666,0.8333333333333334,0.5,0.3333333333333333,0.5,1.5,1.5,4.333333333333333,3.0,1.0,1.1666666666666667,0.3333333333333333,0.8333333333333334,0.6666666666666666,0.3333333333333333,0.0,0.1666666666666666,0.3333333333333333,0.0,76.49,28.0,50.0,55.56,40.0,50.98,68.42,66.67,0.0704131073712097,0.0493125660680255,0.1666666666666666,1.8333333333333333,0.0403225383333333,1.0,4.5,3.6666666666666665,0.1377101433333333,16.666666666666668,DM/CM,52,58,35,52,98,41,58,63,83,53,84,93,93,71,97,59,83,14,89,40,75,47,89,80,51,7,9,82,43,89,37,85,57,72,70,53,82,78,87,83,74,91,68,20,26,26,20,96,41,41,50,78,41,79,89,89,48,96,46,70,13,80,20,63,47,83,76,51,7,9,82,43,89,37,85,57,61,57,50,70,70,80,68,63,85,46,Championship
Bristol City,c5485h5qulh4l0k0py5b9xug1,2nmgtqp0gk1u32n7wu1w3597t,J. Williams,Joe Williams,29.0,Midfielder,England,Midfielder,77.0,93.0,10.0,170.0,8.0,0.0,2.0,4.0,1.0,3.0,0.0,0.0,0.0,17.0,13.0,3.0,392.0,1.0,3.0,0.0,5.0,0.0,0.0,0.0,1.0,0.0,78.34,37.04,0.0,0.0,25.0,54.84,72.73,83.33,0.2218039838018989,0.1798040694214182,2.0,4.0,0.07876224,3.0,18.0,22.0,0.4725161999999999,76.0,17.67857142857143,21.35204081632653,2.295918367346939,39.03061224489796,1.8367346938775515,0.0,0.4591836734693878,0.9183673469387756,0.2295918367346939,0.6887755102040817,0.0,0.0,0.0,3.903061224489796,2.984693877551021,0.6887755102040817,0.2295918367346939,0.6887755102040817,0.0,1.1479591836734695,0.0,0.0,0.0,0.2295918367346939,0.0,78.34,37.04,0.0,0.0,25.0,54.84,72.73,83.33,0.0509243840361502,0.0412815465508358,0.4591836734693878,0.9183673469387756,0.0180831673469387,0.6887755102040817,4.13265306122449,5.051020408163266,0.1084858622448979,17.448979591836736,DM/CM,46,43,54,43,83,41,28,58,48,68,20,8,8,37,79,24,18,23,14,58,23,47,41,63,51,11,22,23,14,65,59,92,90,59,57,70,50,48,70,62,74,63,50,43,50,61,48,93,41,28,54,43,70,20,8,8,30,93,20,17,20,14,57,23,47,41,65,51,11,22,23,14,65,59,92,90,50,50,72,46,43,76,63,80,63,52,Championship
Bristol City,c5485h5qulh4l0k0py5b9xug1,2rkdzc5ecbbj67m4dr4go915g,R. Cardines,Rio Cardines,20.0,Defender,Trinidad and Tobago,Defender,57.0,69.0,8.0,111.0,7.0,5.0,17.0,2.0,2.0,0.0,0.0,2.0,2.0,23.0,25.0,6.0,472.0,4.0,4.0,1.0,8.0,15.0,0.0,0.0,0.0,0.0,73.51,29.63,33.33,50.0,0.0,60.53,43.75,72.73,0.107562555250128,2.074425309968534,1.0,3.0,0.08059468,6.0,5.0,9.0,0.5995536999999997,38.0,10.86864406779661,13.15677966101695,1.5254237288135593,21.16525423728813,1.3347457627118644,0.9533898305084746,3.2415254237288136,0.3813559322033898,0.3813559322033898,0.0,0.0,0.3813559322033898,0.3813559322033898,4.385593220338983,4.766949152542373,1.1440677966101696,0.7627118644067796,0.7627118644067796,0.1906779661016949,1.5254237288135593,2.860169491525424,0.0,0.0,0.0,0.0,73.51,29.63,33.33,50.0,0.0,60.53,43.75,72.73,0.0205098092637955,0.3955471989346781,0.1906779661016949,0.5720338983050848,0.0153676296610169,1.1440677966101696,0.9533898305084746,1.7161016949152543,0.1143216800847457,7.245762711864407,LB/LCB,48,39,58,29,63,100,100,45,63,23,16,29,26,47,89,73,47,44,31,84,100,45,42,32,52,19,40,85,52,32,63,42,58,61,100,84,50,52,94,48,52,71,52,29,39,55,19,48,100,100,39,55,23,16,29,23,45,84,61,39,35,32,71,100,45,42,32,52,19,40,85,52,32,63,42,58,61,100,84,48,48,94,45,48,65,48,Championship
Bristol City,c5485h5qulh4l0k0py5b9xug1,3hqk0x7cf2w1dwisaapsqhg5w,D. Ballard,Dom Ballard,21.0,Attacker,England,Striker,11.0,14.0,0.0,25.0,3.0,0.0,3.0,10.0,10.0,0.0,0.0,9.0,10.0,12.0,2.0,0.0,214.0,18.0,3.0,2.0,3.0,0.0,0.0,2.0,4.0,0.0,73.53,0.0,0.0,22.22,40.0,36.36,33.33,75.0,1.5886467942463716,0.1782414426064915,4.0,2.0,0.04347372,1.0,1.0,3.0,0.0618810299999997,12.0,4.626168224299065,5.88785046728972,0.0,10.514018691588785,1.2616822429906542,0.0,1.2616822429906542,4.205607476635514,4.205607476635514,0.0,0.0,3.785046728971962,4.205607476635514,5.046728971962617,0.8411214953271028,0.0,7.570093457943925,1.2616822429906542,0.8411214953271028,1.2616822429906542,0.0,0.0,0.8411214953271028,1.6822429906542056,0.0,73.53,0.0,0.0,22.22,40.0,36.36,33.33,75.0,0.6681224835615581,0.074961354367216,1.6822429906542056,0.8411214953271028,0.0182833401869158,0.4205607476635514,0.4205607476635514,1.2616822429906542,0.0260247322429905,5.046728971962617,ST,31,5,16,12,33,33,30,62,77,13,5,74,73,21,31,21,58,37,52,67,28,50,76,60,51,55,16,28,26,52,28,32,79,81,34,84,38,34,45,26,45,28,46,62,22,16,39,45,33,67,91,95,13,5,83,84,58,50,21,94,53,67,88,28,50,94,94,51,55,16,28,26,52,28,32,79,100,55,97,52,42,61,33,58,38,72,Championship
Bristol City,c5485h5qulh4l0k0py5b9xug1,4dqnk85x37sf5ef9kvk26j5k9,G. Tanner,George Tanner,26.0,Defender,England,Defender,41.0,61.0,8.0,101.0,10.0,0.0,4.0,1.0,0.0,1.0,1.0,1.0,1.0,13.0,16.0,6.0,360.0,1.0,0.0,0.0,2.0,1.0,0.0,0.0,0.0,0.0,82.11,53.33,16.67,0.0,0.0,40.62,55.56,66.67,0.0523560498441556,0.4528102181599389,1.0,5.0,0.1081996999999999,4.0,15.0,13.0,0.5314033299999998,58.0,10.25,15.25,2.0,25.25,2.5,0.0,1.0,0.25,0.0,0.25,0.25,0.25,0.25,3.25,4.0,1.5,0.25,0.0,0.0,0.5,0.25,0.0,0.0,0.0,0.0,82.11,53.33,16.67,0.0,0.0,40.62,55.56,66.67,0.0130890124610389,0.1132025545399847,0.25,1.25,0.0270499249999999,1.0,3.75,3.25,0.1328508324999999,14.5,RB/RCB,21,39,55,29,71,34,64,38,18,64,66,12,11,18,64,68,7,9,11,14,48,46,48,36,52,61,82,61,11,36,14,54,50,46,86,64,66,61,71,77,68,64,64,21,46,59,36,79,34,77,39,18,75,71,14,11,25,73,77,7,9,11,16,57,46,48,36,52,61,82,61,11,36,14,54,50,46,93,71,75,61,84,89,75,82,86,Championship
Bristol City,c5485h5qulh4l0k0py5b9xug1,5fi4sga66xcx4qtwlf187logk,Y. Hirakawa,Yu Hirakawa,25.0,Midfielder,Japan,Midfielder,14.0,45.0,3.0,57.0,1.0,0.0,5.0,6.0,4.0,2.0,0.0,5.0,6.0,16.0,3.0,2.0,355.0,13.0,6.0,2.0,5.0,2.0,0.0,1.0,2.0,0.0,79.17,42.86,18.18,40.0,33.33,47.06,16.67,71.43,0.8179483760324607,0.4682655070048559,0.0,6.0,0.2036249699999998,1.0,3.0,5.0,0.3453917,14.0,3.549295774647887,11.408450704225352,0.7605633802816901,14.450704225352112,0.2535211267605634,0.0,1.2676056338028168,1.5211267605633805,1.0140845070422535,0.5070422535211268,0.0,1.2676056338028168,1.5211267605633805,4.056338028169014,0.7605633802816901,0.5070422535211268,3.295774647887324,1.5211267605633805,0.5070422535211268,1.2676056338028168,0.5070422535211268,0.0,0.2535211267605634,0.5070422535211268,0.0,79.17,42.86,18.18,40.0,33.33,47.06,16.67,71.43,0.2073671939237224,0.1187151989589775,0.0,1.5211267605633805,0.0516232318309858,0.2535211267605634,0.7605633802816901,1.2676056338028168,0.0875640929577464,3.549295774647887,ST,42,70,77,64,9,33,66,18,17,53,5,47,52,42,46,81,30,70,52,91,81,50,45,21,51,81,52,64,56,38,65,5,73,42,77,15,73,75,45,53,61,75,52,41,69,73,62,6,33,69,12,16,53,5,48,52,25,44,81,27,69,52,89,83,50,44,17,51,81,52,64,56,38,65,5,73,44,78,15,73,72,45,55,59,78,52,Championship
Bristol City,c5485h5qulh4l0k0py5b9xug1,7oikovl62nfxs6z54dzd85gx5,S. Greenwood,Sam Greenwood,24.0,Midfielder,England,Midfielder,16.0,22.0,1.0,37.0,1.0,0.0,2.0,6.0,3.0,3.0,2.0,2.0,2.0,9.0,3.0,2.0,223.0,4.0,6.0,1.0,0.0,1.0,0.0,0.0,3.0,0.0,74.0,16.67,16.67,50.0,50.0,34.62,16.67,0.0,0.3526694510933231,0.2035185075947569,4.0,4.0,0.10878136,2.0,1.0,4.0,0.1575758999999999,14.0,6.457399103139013,8.878923766816143,0.4035874439461883,14.932735426008968,0.4035874439461883,0.0,0.8071748878923767,2.42152466367713,1.210762331838565,1.210762331838565,0.8071748878923767,0.8071748878923767,0.8071748878923767,3.632286995515695,1.210762331838565,0.8071748878923767,1.6143497757847534,2.42152466367713,0.4035874439461883,0.0,0.4035874439461883,0.0,0.0,1.210762331838565,0.0,74.0,16.67,16.67,50.0,50.0,34.62,16.67,0.0,0.1423329623246595,0.0821375142759108,1.6143497757847534,1.6143497757847534,0.0439027910313901,0.8071748878923767,0.4035874439461883,1.6143497757847534,0.0635956547085201,5.650224215246636,LM/LCM,22,11,11,11,39,39,22,39,44,67,56,11,11,33,50,50,11,78,28,22,22,50,28,56,56,22,11,22,67,67,11,28,22,33,33,78,39,33,33,22,22,22,22,22,11,11,11,56,39,33,89,78,100,100,11,11,33,56,78,22,89,33,22,22,50,28,89,56,22,11,22,67,67,11,28,22,56,33,100,44,44,44,22,22,22,22,Championship
Bristol City,c5485h5qulh4l0k0py5b9xug1,7qzddjwh7d06ke65umodu5lh,R. Dickie,Rob Dickie,30.0,Defender,England,Defender,160.0,71.0,10.0,231.0,28.0,0.0,3.0,6.0,6.0,0.0,0.0,4.0,5.0,49.0,53.0,2.0,540.0,13.0,9.0,3.0,4.0,0.0,0.0,1.0,2.0,0.0,83.39,25.64,0.0,75.0,33.33,64.47,65.12,44.44,0.7180610228288158,0.2544822357016138,0.0,3.0,0.0562173,0.0,9.0,16.0,0.43827572,174.0,26.666666666666668,11.833333333333334,1.6666666666666667,38.5,4.666666666666667,0.0,0.5,1.0,1.0,0.0,0.0,0.6666666666666666,0.8333333333333334,8.166666666666666,8.833333333333334,0.3333333333333333,2.1666666666666665,1.5,0.5,0.6666666666666666,0.0,0.0,0.1666666666666666,0.3333333333333333,0.0,83.39,25.64,0.0,75.0,33.33,64.47,65.12,44.44,0.1196768371381359,0.0424137059502689,0.0,0.5,0.0093695499999999,0.0,1.5,2.6666666666666665,0.0730459533333333,29.0,CB,54,54,47,57,97,45,80,92,95,38,30,89,93,97,93,16,91,99,92,65,36,42,89,88,51,41,11,36,80,80,74,69,30,95,92,43,71,69,37,62,76,80,88,41,36,28,39,95,45,80,83,90,38,30,84,88,98,93,11,86,90,89,46,36,42,89,82,51,41,11,36,80,80,74,69,30,90,89,43,68,67,37,52,73,74,82,Championship
Bristol City,c5485h5qulh4l0k0py5b9xug1,8k1dkx2os668fsrfz7c3jipk9,S. Twine,Scott Twine,27.0,Midfielder,England,Midfielder,22.0,45.0,5.0,66.0,1.0,0.0,8.0,11.0,9.0,2.0,3.0,2.0,2.0,13.0,3.0,3.0,391.0,14.0,9.0,1.0,2.0,1.0,0.0,2.0,3.0,0.0,75.86,55.56,33.33,50.0,27.27,40.62,9.09,100.0,1.008241199156751,0.526692182197928,3.0,9.0,0.27582117,5.0,8.0,7.0,0.3494885899999999,40.0,5.063938618925832,10.358056265984656,1.1508951406649617,15.191815856777495,0.2301790281329923,0.0,1.8414322250639388,2.531969309462916,2.071611253196932,0.4603580562659847,0.690537084398977,0.4603580562659847,0.4603580562659847,2.9923273657289005,0.690537084398977,0.690537084398977,3.222506393861893,2.071611253196932,0.2301790281329923,0.4603580562659847,0.2301790281329923,0.0,0.4603580562659847,0.690537084398977,0.0,75.86,55.56,33.33,50.0,27.27,40.62,9.09,100.0,0.2320759793455437,0.121233494623564,0.690537084398977,2.071611253196932,0.0634882488491048,1.1508951406649617,1.8414322250639388,1.6112531969309465,0.0804449439897698,9.207161125319692,CM/AM,14,23,49,21,15,29,79,82,87,42,76,22,22,40,31,55,71,82,31,26,47,47,90,77,50,13,65,91,68,62,38,8,94,79,62,72,59,64,64,40,28,38,38,10,8,44,5,15,29,77,87,95,36,62,21,21,26,33,56,74,92,26,21,46,47,92,82,50,13,65,91,68,62,38,8,94,85,64,72,54,77,72,41,23,38,33,Championship
Bristol City,c5485h5qulh4l0k0py5b9xug1,aqajb3juen7k3mv3ji09skn6y,L. Tolaj,Lorent Tolaj,24.0,Attacker,Switzerland,Striker,14.0,35.0,0.0,49.0,11.0,1.0,6.0,21.0,17.0,4.0,4.0,5.0,5.0,22.0,4.0,1.0,450.0,27.0,7.0,2.0,1.0,0.0,0.0,2.0,4.0,0.0,72.06,0.0,0.0,40.0,19.05,34.38,36.67,50.0,2.121027006642193,0.3111701768194176,4.0,2.0,0.05338421,1.0,3.0,3.0,0.1788787399999998,23.0,2.8,7.0,0.0,9.8,2.2,0.2,1.2,4.2,3.4,0.8,0.8,1.0,1.0,4.4,0.8,0.2,5.4,1.4,0.4,0.2,0.0,0.0,0.4,0.8,0.0,72.06,0.0,0.0,40.0,19.05,34.38,36.67,50.0,0.4242054013284385,0.0622340353638835,0.8,0.4,0.010676842,0.2,0.6,0.6,0.0357757479999999,4.6,ST,42,52,16,50,73,80,82,97,95,84,78,47,42,62,62,57,91,81,52,27,28,50,76,60,51,47,16,28,56,14,22,41,40,94,56,84,38,38,45,53,45,52,77,31,38,16,33,62,73,59,89,89,77,67,35,34,31,47,48,77,62,45,22,28,50,66,39,51,47,16,28,56,14,22,41,40,86,39,77,31,30,36,44,34,47,66,Championship
Bristol City,c5485h5qulh4l0k0py5b9xug1,e6g14ckye86ly6nybigtj2gb8,L. Eissat,Lisav Eissat,21.0,Defender,Romania,Defender,115.0,85.0,18.0,200.0,19.0,0.0,3.0,3.0,3.0,0.0,0.0,4.0,4.0,29.0,36.0,4.0,506.0,8.0,0.0,2.0,4.0,0.0,0.0,1.0,2.0,0.0,81.63,43.9,0.0,50.0,66.67,60.42,79.17,50.0,0.3709775357939285,0.1747864501065372,0.0,4.0,0.10010683,5.0,21.0,21.0,0.4221668899999998,117.0,20.454545454545457,15.118577075098816,3.2015810276679844,35.57312252964427,3.379446640316206,0.0,0.5335968379446641,0.5335968379446641,0.5335968379446641,0.0,0.0,0.7114624505928854,0.7114624505928854,5.158102766798419,6.403162055335969,0.7114624505928854,1.4229249011857708,0.0,0.3557312252964427,0.7114624505928854,0.0,0.0,0.1778656126482213,0.3557312252964427,0.0,81.63,43.9,0.0,50.0,66.67,60.42,79.17,50.0,0.0659841466827145,0.031088499030807,0.0,0.7114624505928854,0.0178055626482213,0.8893280632411068,3.735177865612648,3.735177865612648,0.0750889725296442,20.8102766798419,LB/LCB,87,68,94,84,92,35,26,69,82,23,16,53,50,66,97,39,76,6,55,35,11,45,89,89,52,61,74,11,52,97,58,100,27,90,48,39,55,55,84,90,89,55,84,81,48,94,58,90,35,16,55,77,23,16,45,45,61,97,19,74,6,48,26,11,45,94,87,52,61,74,11,52,97,58,100,27,87,45,39,52,52,77,84,77,45,87,Championship
Burnley,64bxxwu2mv2qqlv0monbkj1om,20uzxhlbdk0tkehbz43gwb90q,A. Ramsey,Aaron Ramsey,23.0,Midfielder,England,Midfielder,51.0,86.0,8.0,137.0,4.0,0.0,1.0,19.0,7.0,12.0,8.0,8.0,10.0,21.0,7.0,1.0,457.0,15.0,4.0,4.0,7.0,0.0,0.0,1.0,3.0,0.0,78.29,47.06,0.0,50.0,15.79,50.0,57.14,77.78,1.3034031118231515,0.0505027431002518,9.0,11.0,0.3064449999999998,2.0,13.0,15.0,0.4028860299999998,60.0,10.043763676148798,16.936542669584245,1.5754923413566742,26.980306345733045,0.7877461706783371,0.0,0.1969365426695842,3.741794310722101,1.3785557986870898,2.3632385120350112,1.5754923413566742,1.5754923413566742,1.9693654266958425,4.13566739606127,1.3785557986870898,0.1969365426695842,2.954048140043764,0.7877461706783371,0.7877461706783371,1.3785557986870898,0.0,0.0,0.1969365426695842,0.5908096280087528,0.0,78.29,47.06,0.0,50.0,15.79,50.0,57.14,77.78,0.2566877025472289,0.0099458356214937,1.7724288840262583,2.166301969365427,0.0603502188183807,0.3938730853391685,2.560175054704595,2.954048140043764,0.0793429818380743,11.816192560175056,CM/AM,56,56,69,56,64,29,6,97,82,100,97,77,79,71,90,28,74,47,79,87,22,47,67,77,50,28,38,22,68,36,74,82,73,90,15,97,67,74,42,63,67,49,58,44,46,67,44,46,29,5,100,77,100,100,74,74,64,74,28,64,36,72,90,22,47,67,74,50,28,38,22,68,36,74,82,73,90,15,100,69,74,38,51,41,36,59,Championship
Burnley,64bxxwu2mv2qqlv0monbkj1om,43n6lws8fguddvg3e4ukfrpw,M. Alleyne,Max Alleyne,21.0,Defender,England,Defender,270.0,111.0,26.0,381.0,6.0,1.0,3.0,1.0,0.0,1.0,1.0,4.0,5.0,17.0,31.0,5.0,573.0,2.0,1.0,3.0,5.0,0.0,0.0,0.0,0.0,0.0,88.19,50.98,0.0,75.0,0.0,48.57,37.5,71.43,0.0,0.0,0.0,0.0,0.0,0.0,0.0,0.0,0.0,0.0,42.40837696335079,17.434554973821992,4.0837696335078535,59.84293193717278,0.9424083769633508,0.1570680628272251,0.4712041884816754,0.1570680628272251,0.0,0.1570680628272251,0.1570680628272251,0.6282722513089005,0.7853403141361257,2.6701570680628275,4.869109947643979,0.7853403141361257,0.3141361256544502,0.1570680628272251,0.4712041884816754,0.7853403141361257,0.0,0.0,0.0,0.0,0.0,88.19,50.98,0.0,75.0,0.0,48.57,37.5,71.43,0.0,0.0,0.0,0.0,0.0,0.0,0.0,0.0,0.0,0.0,CB,97,80,93,90,16,95,80,19,8,84,72,89,93,30,59,48,16,20,92,74,36,42,42,29,51,69,79,36,80,29,11,8,58,20,34,43,25,25,37,20,21,20,20,93,72,90,82,5,93,77,15,8,77,69,80,84,7,34,28,13,13,82,56,36,42,42,29,51,69,79,36,80,29,11,8,58,20,34,43,25,25,37,20,21,20,20,Championship
Burnley,64bxxwu2mv2qqlv0monbkj1om,447abno2j0ux8fsxzs6fel7th,A. Ahmedhodžić,Anel Ahmedhodzic,27.0,Defender,Bosnia and Herzegovina,Defender,125.0,31.0,5.0,156.0,4.0,0.0,1.0,2.0,2.0,0.0,0.0,0.0,0.0,8.0,15.0,5.0,225.0,3.0,0.0,0.0,3.0,0.0,1.0,0.0,0.0,0.0,92.31,41.67,0.0,0.0,0.0,57.14,57.14,75.0,0.0,0.0,0.0,0.0,0.0,0.0,0.0,0.0,0.0,0.0,50.0,12.4,2.0,62.4,1.6,0.0,0.4,0.8,0.8,0.0,0.0,0.0,0.0,3.2,6.0,2.0,1.2,0.0,0.0,1.2,0.0,0.4,0.0,0.0,0.0,92.31,41.67,0.0,0.0,0.0,57.14,57.14,75.0,0.0,0.0,0.0,0.0,0.0,0.0,0.0,0.0,0.0,0.0,CB,42,17,17,33,11,45,48,36,41,38,30,18,17,5,16,48,26,7,25,48,36,92,42,29,51,92,52,36,25,29,44,44,66,20,34,43,25,25,37,20,21,20,20,100,44,42,87,26,45,70,62,70,38,30,18,17,15,58,89,52,7,25,84,36,100,42,29,51,92,52,36,25,29,44,44,66,20,34,43,25,25,37,20,21,20,20,Championship
Burnley,64bxxwu2mv2qqlv0monbkj1om,50nv5gr7dsp0amdt59ous8vdh,J. Laurent,Josh Laurent,31.0,Midfielder,England,Midfielder,85.0,94.0,13.0,178.0,3.0,0.0,4.0,7.0,2.0,5.0,1.0,6.0,6.0,15.0,5.0,1.0,437.0,8.0,4.0,3.0,3.0,1.0,0.0,1.0,2.0,0.0,84.76,59.09,33.33,50.0,28.57,38.46,25.0,60.0,0.4679242016228345,0.2547849179486768,4.0,11.0,0.22431958,5.0,24.0,14.0,0.3419484799999998,105.0,17.50572082379863,19.35926773455378,2.677345537757437,36.65903890160183,0.6178489702517163,0.0,0.8237986270022883,1.4416475972540046,0.4118993135011441,1.0297482837528604,0.205949656750572,1.2356979405034323,1.2356979405034323,3.0892448512585813,1.0297482837528604,0.205949656750572,1.647597254004577,0.8237986270022883,0.6178489702517163,0.6178489702517163,0.205949656750572,0.0,0.205949656750572,0.4118993135011441,0.0,84.76,59.09,33.33,50.0,28.57,38.46,25.0,60.0,0.0963688287095082,0.0524728663967526,0.8237986270022883,2.265446224256293,0.0461985405034324,1.0297482837528604,4.94279176201373,2.883295194508009,0.0704241720823798,21.62471395881007,CM/AM,86,67,86,74,42,29,29,60,33,85,24,65,60,45,60,28,45,47,65,42,47,47,67,60,50,72,74,91,68,64,27,26,41,54,26,86,67,56,64,85,62,36,92,85,54,87,74,38,29,18,49,28,82,18,56,54,31,44,31,31,38,56,36,44,47,69,54,50,72,74,91,68,64,27,26,41,46,26,79,77,49,59,90,38,31,92,Championship
Burnley,64bxxwu2mv2qqlv0monbkj1om,55u45p7vwom7civ3xy3hdf71m,O. Sonne,Oliver Sonne,25.0,Defender,Peru,Defender,86.0,81.0,12.0,163.0,4.0,0.0,4.0,4.0,3.0,1.0,0.0,5.0,5.0,14.0,10.0,6.0,487.0,7.0,3.0,0.0,4.0,4.0,0.0,0.0,1.0,0.0,81.91,44.44,13.33,0.0,25.0,36.84,33.33,57.14,1.2269987705904848,0.3981436999980991,1.0,4.0,0.0970206,4.0,7.0,12.0,0.3973055599999999,56.0,15.893223819301848,14.969199178644764,2.217659137577002,30.123203285420946,0.7392197125256673,0.0,0.7392197125256673,0.7392197125256673,0.5544147843942505,0.1848049281314168,0.0,0.924024640657084,0.924024640657084,2.587268993839836,1.848049281314168,1.108829568788501,1.2936344969199178,0.5544147843942505,0.0,0.7392197125256673,0.7392197125256673,0.0,0.0,0.1848049281314168,0.0,81.91,44.44,13.33,0.0,25.0,36.84,33.33,57.14,0.2267554196163113,0.073578917864125,0.1848049281314168,0.7392197125256673,0.0179298850102669,0.7392197125256673,1.2936344969199178,2.217659137577002,0.0734240254620123,10.349075975359344,RB/RCB,68,54,79,57,29,34,64,79,84,64,29,62,57,29,32,68,59,54,11,43,82,46,48,82,52,57,50,50,11,84,7,4,27,100,79,64,59,57,71,57,64,54,61,61,43,68,50,18,34,54,71,79,64,29,57,50,7,25,61,46,50,11,29,82,46,48,82,52,57,50,50,11,84,7,4,27,100,79,61,54,50,64,50,54,50,54,Championship
Burnley,64bxxwu2mv2qqlv0monbkj1om,5qoh25z4i5vrunve7yxl2eqz8,D. Satpaev,Dastan Satpaev,18.0,Attacker,Kazakhstan,Striker,16.0,41.0,0.0,56.0,1.0,0.0,4.0,5.0,2.0,3.0,1.0,10.0,11.0,11.0,0.0,3.0,204.0,11.0,3.0,5.0,1.0,1.0,0.0,0.0,3.0,0.0,83.58,0.0,14.29,50.0,60.0,52.38,50.0,50.0,0.0,0.0,0.0,0.0,0.0,0.0,0.0,0.0,0.0,0.0,7.0588235294117645,18.08823529411765,0.0,24.705882352941178,0.4411764705882353,0.0,1.7647058823529411,2.2058823529411766,0.8823529411764706,1.3235294117647058,0.4411764705882353,4.411764705882353,4.852941176470589,4.852941176470589,0.0,1.3235294117647058,4.852941176470589,1.3235294117647058,2.2058823529411766,0.4411764705882353,0.4411764705882353,0.0,0.0,1.3235294117647058,0.0,83.58,0.0,14.29,50.0,60.0,52.38,50.0,50.0,0.0,0.0,0.0,0.0,0.0,0.0,0.0,0.0,0.0,0.0,ST,59,69,16,61,9,33,47,11,5,73,27,82,80,17,7,94,22,37,88,27,66,50,14,40,51,92,16,59,73,86,86,77,40,7,12,15,10,10,16,9,9,7,7,86,92,16,94,17,33,92,45,8,91,42,94,94,48,7,98,62,56,92,38,78,50,14,80,51,92,16,59,73,86,86,77,40,7,12,15,10,10,16,9,9,7,7,Championship
Burnley,64bxxwu2mv2qqlv0monbkj1om,5wqrzi7ar39jpu6mn8a67ngiy,Z. Amdouni,Zeki Amdouni,25.0,Attacker,Switzerland,Striker,21.0,38.0,4.0,59.0,4.0,1.0,4.0,17.0,11.0,6.0,6.0,16.0,16.0,19.0,4.0,1.0,362.0,18.0,5.0,6.0,3.0,0.0,0.0,1.0,4.0,0.0,81.94,80.0,0.0,37.5,23.53,36.54,26.67,75.0,1.7805587752631804,0.2606522720670906,8.0,5.0,0.1009299399999999,1.0,5.0,6.0,0.1457921299999999,29.0,5.220994475138122,9.447513812154696,0.994475138121547,14.668508287292818,0.994475138121547,0.2486187845303867,0.994475138121547,4.226519337016574,2.7348066298342544,1.4917127071823204,1.4917127071823204,3.977900552486188,3.977900552486188,4.723756906077348,0.994475138121547,0.2486187845303867,4.475138121546961,1.2430939226519335,1.4917127071823204,0.7458563535911602,0.0,0.0,0.2486187845303867,0.994475138121547,0.0,81.94,80.0,0.0,37.5,23.53,36.54,26.67,75.0,0.4426803584908459,0.0648030510664037,1.988950276243094,1.2430939226519335,0.0250930790055248,0.2486187845303867,1.2430939226519335,1.4917127071823204,0.0362466621546961,7.209944751381216,ST,77,62,87,69,41,80,47,91,84,98,95,94,94,54,62,57,58,56,93,67,28,50,45,60,51,89,89,28,50,17,31,17,79,89,45,98,65,52,45,76,66,50,84,69,59,86,64,41,81,45,92,81,97,92,84,81,45,62,59,50,52,86,66,28,50,42,61,51,89,89,28,50,17,31,17,79,88,41,98,66,52,44,70,69,48,88,Championship
Burnley,64bxxwu2mv2qqlv0monbkj1om,6x3qvqsp90kjsps3e4wx0oxqt,M. Edwards,Marcus Edwards,27.0,Attacker,England,Striker,11.0,34.0,1.0,41.0,0.0,0.0,7.0,0.0,0.0,0.0,0.0,6.0,7.0,5.0,2.0,1.0,207.0,6.0,2.0,2.0,0.0,4.0,0.0,0.0,0.0,0.0,78.85,50.0,36.36,33.33,0.0,26.32,0.0,0.0,0.0,0.759943844694043,0.0,15.0,0.42574481,5.0,3.0,8.0,0.5919492099999999,17.0,4.782608695652175,14.782608695652176,0.4347826086956522,17.826086956521742,0.0,0.0,3.0434782608695654,0.0,0.0,0.0,0.0,2.608695652173913,3.0434782608695654,2.173913043478261,0.8695652173913044,0.4347826086956522,2.608695652173913,0.8695652173913044,0.8695652173913044,0.0,1.7391304347826089,0.0,0.0,0.0,0.0,78.85,50.0,36.36,33.33,0.0,26.32,0.0,0.0,0.0,0.3304103672582796,0.0,6.521739130434783,0.1851064391304347,2.173913043478261,1.3043478260869563,3.4782608695652177,0.2573692217391304,7.391304347826088,RW,10,30,40,10,15,35,70,10,10,10,15,20,35,10,35,55,20,20,40,10,80,55,30,10,55,60,65,80,35,10,10,15,10,15,70,15,70,60,80,35,55,70,30,20,70,60,30,15,35,90,10,10,10,15,60,70,10,70,80,20,40,50,10,90,55,30,10,55,60,65,80,35,10,10,15,10,15,90,15,100,100,100,70,90,90,60,Championship
Burnley,64bxxwu2mv2qqlv0monbkj1om,9dnrpl2c7n769i8nbfnboq2tx,J. Bruun Larsen,Jacob Bruun Larsen,27.0,Attacker,Denmark,Striker,23.0,67.0,1.0,84.0,1.0,1.0,12.0,5.0,4.0,1.0,4.0,9.0,9.0,7.0,3.0,0.0,332.0,20.0,0.0,3.0,3.0,6.0,0.0,0.0,0.0,0.0,80.0,50.0,26.09,33.33,0.0,33.33,50.0,100.0,0.4213977017150472,0.9796855503212722,2.0,18.0,0.70547995,5.0,1.0,7.0,0.4304492899999999,30.0,6.234939759036144,18.16265060240964,0.2710843373493976,22.7710843373494,0.2710843373493976,0.2710843373493976,3.2530120481927707,1.355421686746988,1.0843373493975903,0.2710843373493976,1.0843373493975903,2.439759036144578,2.439759036144578,1.897590361445783,0.8132530120481927,0.0,5.421686746987952,0.0,0.8132530120481927,0.8132530120481927,1.6265060240963851,0.0,0.0,0.0,0.0,80.0,50.0,26.09,33.33,0.0,33.33,50.0,100.0,0.1142343167299826,0.265577408219622,0.5421686746987951,4.879518072289156,0.1912445647590361,1.355421686746988,0.2710843373493976,1.897590361445783,0.1166880605421686,8.132530120481928,LW,57,64,21,64,39,61,96,29,54,11,68,39,36,14,54,11,61,11,32,71,93,54,25,7,54,57,39,71,32,7,25,100,96,50,86,50,86,86,79,50,57,64,71,57,86,21,79,43,64,100,21,50,7,86,36,36,7,57,11,100,11,29,79,93,54,25,7,54,57,39,71,32,7,25,100,96,50,100,50,86,93,86,50,79,71,86,Championship
Burnley,64bxxwu2mv2qqlv0monbkj1om,9k0kubwlwu9axyiuwjp3zg2qx,C. Roberts,Connor Roberts,30.0,Defender,Wales,Defender,108.0,83.0,4.0,190.0,2.0,0.0,2.0,1.0,1.0,0.0,0.0,1.0,1.0,12.0,7.0,3.0,405.0,4.0,4.0,1.0,4.0,1.0,0.0,0.0,0.0,0.0,82.25,18.18,25.0,100.0,0.0,60.0,66.67,80.0,0.0,0.0,0.0,0.0,0.0,0.0,0.0,0.0,0.0,0.0,24.0,18.444444444444443,0.8888888888888888,42.22222222222222,0.4444444444444444,0.0,0.4444444444444444,0.2222222222222222,0.2222222222222222,0.0,0.0,0.2222222222222222,0.2222222222222222,2.6666666666666665,1.5555555555555556,0.6666666666666666,0.8888888888888888,0.8888888888888888,0.2222222222222222,0.8888888888888888,0.2222222222222222,0.0,0.0,0.0,0.0,82.25,18.18,25.0,100.0,0.0,60.0,66.67,80.0,0.0,0.0,0.0,0.0,0.0,0.0,0.0,0.0,0.0,0.0,CB,34,66,11,43,2,45,67,19,25,38,30,45,44,14,3,25,40,64,59,65,82,42,42,29,51,31,3,79,92,29,59,75,77,20,34,43,25,25,37,20,21,20,20,30,74,7,49,2,45,75,21,25,38,30,48,46,5,2,26,39,77,64,72,87,42,42,29,51,31,3,79,92,29,59,75,77,20,34,43,25,25,37,20,21,20,20,Championship
Burnley,64bxxwu2mv2qqlv0monbkj1om,artzh7xur73vi2kaso97fl756,H. Mejbri,Hannibal Mejbri,23.0,Midfielder,Tunisia,Midfielder,46.0,50.0,6.0,92.0,1.0,0.0,4.0,2.0,1.0,1.0,0.0,3.0,4.0,12.0,1.0,3.0,246.0,4.0,7.0,1.0,1.0,4.0,0.0,0.0,0.0,0.0,82.88,37.5,50.0,33.33,0.0,48.0,50.0,25.0,0.1604105697699306,0.5009173952545589,1.0,3.0,0.0555586,0.0,11.0,13.0,0.2978843099999999,44.0,16.829268292682926,18.29268292682927,2.1951219512195124,33.65853658536585,0.3658536585365853,0.0,1.4634146341463414,0.7317073170731707,0.3658536585365853,0.3658536585365853,0.0,1.0975609756097562,1.4634146341463414,4.390243902439025,0.3658536585365853,1.0975609756097562,1.4634146341463414,2.5609756097560976,0.3658536585365853,0.3658536585365853,1.4634146341463414,0.0,0.0,0.0,0.0,82.88,37.5,50.0,33.33,0.0,48.0,50.0,25.0,0.0586867938182672,0.1832624616784971,0.3658536585365853,1.0975609756097562,0.0203263170731707,0.0,4.024390243902439,4.7560975609756095,0.1089820646341463,16.097560975609756,DM/CM,17,13,28,15,13,41,58,32,48,30,20,53,57,18,5,24,59,67,39,3,88,47,41,26,51,35,24,82,33,26,24,58,8,46,83,53,43,41,20,39,50,46,37,37,24,57,22,13,41,74,48,59,46,20,74,87,50,4,48,83,96,46,9,96,47,41,26,51,35,24,82,33,26,24,58,8,57,100,61,52,48,20,61,78,65,41,Championship
Burnley,64bxxwu2mv2qqlv0monbkj1om,blvf8qsi6iy6ejyer58okyxka,L. Ramazani,Largie Ramazani,25.0,Attacker,Belgium,Striker,18.0,47.0,5.0,64.0,0.0,1.0,4.0,8.0,3.0,5.0,3.0,11.0,12.0,10.0,3.0,3.0,287.0,7.0,3.0,3.0,2.0,1.0,0.0,1.0,2.0,0.0,83.12,71.43,12.5,27.27,25.0,32.26,0.0,50.0,0.0,0.0,0.0,0.0,0.0,0.0,0.0,0.0,0.0,0.0,5.644599303135888,14.738675958188152,1.56794425087108,20.069686411149824,0.0,0.313588850174216,1.254355400696864,2.508710801393728,0.940766550522648,1.56794425087108,0.940766550522648,3.449477351916376,3.763066202090592,3.1358885017421603,0.940766550522648,0.940766550522648,2.195121951219512,0.940766550522648,0.940766550522648,0.627177700348432,0.313588850174216,0.0,0.313588850174216,0.627177700348432,0.0,83.12,71.43,12.5,27.27,25.0,32.26,0.0,50.0,0.0,0.0,0.0,0.0,0.0,0.0,0.0,0.0,0.0,0.0,LW,29,43,93,43,11,61,36,50,36,79,54,50,43,29,54,86,18,32,32,39,25,54,57,39,54,79,64,21,7,21,14,11,50,25,25,25,25,25,25,25,25,25,25,50,64,100,64,11,71,43,86,43,93,71,57,57,21,64,93,7,50,43,57,21,54,64,36,54,79,64,21,7,21,14,11,50,25,25,25,25,25,25,25,25,25,25,Championship
Burnley,64bxxwu2mv2qqlv0monbkj1om,dlxi9jrz36ge900qdsd9c0mlm,U. Raghouber,Ugo Raghouber,23.0,Midfielder,France,Midfielder,70.0,95.0,12.0,165.0,8.0,0.0,5.0,7.0,4.0,3.0,4.0,10.0,10.0,28.0,9.0,3.0,433.0,7.0,6.0,8.0,5.0,0.0,0.0,1.0,2.0,0.0,82.09,63.16,0.0,80.0,28.57,58.33,66.67,83.33,0.6788988222481204,0.2918468480700539,3.0,14.0,0.28870785,3.0,24.0,26.0,0.5900779799999998,78.0,14.549653579676676,19.745958429561203,2.4942263279445727,34.29561200923788,1.6628175519630486,0.0,1.039260969976905,1.4549653579676676,0.8314087759815243,0.6235565819861432,0.8314087759815243,2.07852193995381,2.07852193995381,5.81986143187067,1.8706697459584296,0.6235565819861432,1.4549653579676676,1.2471131639722863,1.6628175519630486,1.039260969976905,0.0,0.0,0.207852193995381,0.4157043879907621,0.0,82.09,63.16,0.0,80.0,28.57,58.33,66.67,83.33,0.141110609705152,0.0606610076819973,0.6235565819861432,2.909930715935335,0.0600085600461893,0.6235565819861432,4.988452655889145,5.404157043879908,0.1226490027713625,16.212471131639724,DM/CM,33,50,66,41,83,41,70,76,91,68,92,96,96,80,63,24,83,59,96,58,23,47,89,80,51,30,80,23,73,71,76,79,90,87,67,83,89,87,70,78,87,76,57,24,39,65,28,91,41,67,80,93,61,98,96,93,89,63,17,80,54,98,54,23,47,91,80,51,30,80,23,73,71,76,79,90,98,63,87,87,78,74,76,83,76,43,Championship
Burnley,64bxxwu2mv2qqlv0monbkj1om,e9wu8dcamrtj3ftbx3nmhusid,K. Walker,Kyle Walker,36.0,Defender,England,Defender,206.0,123.0,30.0,328.0,9.0,0.0,7.0,1.0,1.0,0.0,0.0,2.0,2.0,18.0,18.0,3.0,540.0,3.0,4.0,0.0,3.0,1.0,1.0,0.0,0.0,0.0,87.47,53.57,20.0,0.0,0.0,60.0,69.23,60.0,0.1130481816433545,0.5193002055936042,0.0,7.0,0.15454356,4.0,33.0,36.0,0.6511888999999997,163.0,34.333333333333336,20.5,5.0,54.66666666666666,1.5,0.0,1.1666666666666667,0.1666666666666666,0.1666666666666666,0.0,0.0,0.3333333333333333,0.3333333333333333,3.0,3.0,0.5,0.5,0.6666666666666666,0.0,0.5,0.1666666666666666,0.1666666666666666,0.0,0.0,0.0,87.47,53.57,20.0,0.0,0.0,60.0,69.23,60.0,0.0188413636072257,0.0865500342656007,0.0,1.1666666666666667,0.02575726,0.6666666666666666,5.5,6.0,0.1085314833333332,27.166666666666668,CB,78,82,98,84,34,45,98,19,25,38,30,65,65,34,29,25,26,64,25,48,82,92,42,29,51,62,85,75,25,29,59,80,47,46,98,43,87,87,93,92,93,87,82,61,87,97,74,23,45,93,16,20,38,30,59,59,11,8,16,20,59,25,34,80,91,42,29,51,62,85,75,25,29,59,80,47,46,95,43,87,87,95,92,93,87,75,Championship
Cardiff City,3ash57c0q2tgok6gvzbsta93,15xnepk8x55h1a46mq7t14tbe,R. Colwill,Rubin Colwill,24.0,Midfielder,Wales,Midfielder,36.0,77.0,9.0,113.0,2.0,1.0,3.0,5.0,2.0,3.0,1.0,1.0,1.0,11.0,4.0,3.0,293.0,11.0,5.0,0.0,3.0,0.0,0.0,1.0,3.0,1.0,79.58,100.0,0.0,0.0,60.0,35.48,40.0,75.0,0.3220387956085834,0.2768018518541023,0.0,15.0,0.6077548899999999,7.0,10.0,10.0,0.23696621,48.0,11.0580204778157,23.651877133105803,2.7645051194539247,34.7098976109215,0.6143344709897611,0.3071672354948805,0.9215017064846416,1.5358361774744027,0.6143344709897611,0.9215017064846416,0.3071672354948805,0.3071672354948805,0.3071672354948805,3.378839590443686,1.2286689419795225,0.9215017064846416,3.378839590443686,1.5358361774744027,0.0,0.9215017064846416,0.0,0.0,0.3071672354948805,0.9215017064846416,0.3071672354948805,79.58,100.0,0.0,0.0,60.0,35.48,40.0,75.0,0.0989197665691894,0.085024459613888,0.0,4.607508532423208,0.1866823894197952,2.150170648464164,3.0716723549488054,3.0716723549488054,0.0727882556313993,14.744027303754269,CM/AM,41,54,76,44,29,74,17,41,33,58,24,13,13,24,46,55,59,59,12,42,22,47,67,77,100,38,100,22,12,97,15,55,68,36,31,15,92,97,82,47,45,28,47,51,79,92,69,36,85,31,59,49,72,32,15,15,44,69,69,79,77,12,64,22,47,79,92,100,38,100,22,12,97,15,55,68,51,46,15,100,100,97,64,46,33,69,Championship
Cardiff City,3ash57c0q2tgok6gvzbsta93,2ez3wr6hm5xlj9jnuzql8f1pm,O. Tanner,Ollie Tanner,24.0,Attacker,England,Striker,30.0,107.0,5.0,132.0,2.0,1.0,14.0,15.0,12.0,3.0,2.0,22.0,22.0,28.0,2.0,3.0,557.0,41.0,4.0,10.0,6.0,5.0,0.0,0.0,6.0,0.0,79.52,83.33,12.82,45.45,40.0,42.42,25.0,50.0,1.3063995831941166,1.5401184060904898,4.0,13.0,0.4540864399999997,3.0,5.0,14.0,1.42396405,44.0,4.847396768402154,17.289048473967682,0.8078994614003591,21.32854578096948,0.3231597845601436,0.1615798922800718,2.2621184919210053,2.423698384201077,1.9389587073608616,0.4847396768402154,0.3231597845601436,3.55475763016158,3.55475763016158,4.524236983842011,0.3231597845601436,0.4847396768402154,6.624775583482944,0.6463195691202872,1.615798922800718,0.9694793536804308,0.8078994614003591,0.0,0.0,0.9694793536804308,0.0,79.52,83.33,12.82,45.45,40.0,42.42,25.0,50.0,0.2110879039272361,0.2488521661546572,0.6463195691202872,2.1005385996409336,0.0733712380610412,0.4847396768402154,0.8078994614003591,2.2621184919210053,0.2300839578096947,7.10951526032316,RW,70,90,80,90,60,80,90,90,90,75,50,100,90,85,35,90,90,45,90,95,90,55,30,90,55,70,100,20,65,70,70,55,45,80,90,50,60,70,45,70,90,90,90,30,80,80,70,50,70,80,80,80,40,40,100,100,70,30,90,80,20,90,80,70,55,30,60,55,70,100,20,65,70,70,55,45,50,80,40,50,40,40,50,70,80,40,Championship
Cardiff City,3ash57c0q2tgok6gvzbsta93,3s8ez8s6udfcdfhi7qt5bhc0k,J. Colwill,Joel Colwill,21.0,Midfielder,Wales,Midfielder,31.0,57.0,1.0,88.0,5.0,0.0,3.0,8.0,7.0,1.0,3.0,3.0,3.0,20.0,1.0,0.0,237.0,12.0,10.0,2.0,2.0,0.0,0.0,1.0,1.0,0.0,87.13,50.0,0.0,66.67,12.5,42.55,35.71,66.67,0.0,0.0,0.0,0.0,0.0,0.0,0.0,0.0,0.0,0.0,11.772151898734178,21.64556962025317,0.379746835443038,33.41772151898734,1.89873417721519,0.0,1.139240506329114,3.037974683544304,2.6582278481012658,0.379746835443038,1.139240506329114,1.139240506329114,1.139240506329114,7.59493670886076,0.379746835443038,0.0,4.556962025316456,3.79746835443038,0.759493670886076,0.759493670886076,0.0,0.0,0.379746835443038,0.379746835443038,0.0,87.13,50.0,0.0,66.67,12.5,42.55,35.71,66.67,0.0,0.0,0.0,0.0,0.0,0.0,0.0,0.0,0.0,0.0,CM/AM,33,33,15,28,83,29,17,69,82,24,76,32,32,64,9,9,63,88,49,26,22,47,67,40,50,85,47,22,92,29,49,41,56,8,8,15,8,8,10,6,6,6,6,56,69,15,59,97,29,49,92,97,33,92,49,49,97,13,9,95,100,69,51,22,47,87,49,50,85,47,22,92,29,49,41,56,8,8,15,8,8,10,6,6,6,6,Championship
Cardiff City,3ash57c0q2tgok6gvzbsta93,3ubbzhelrlm7kalianjj0zrl6,A. Robertson,Alex Robertson,23.0,Midfielder,Australia,Midfielder,184.0,259.0,23.0,440.0,8.0,0.0,11.0,10.0,0.0,10.0,5.0,3.0,3.0,27.0,15.0,13.0,618.0,1.0,6.0,3.0,8.0,3.0,0.0,0.0,3.0,0.0,88.89,53.49,10.0,100.0,30.0,64.29,72.73,80.0,0.6993210385916722,1.0956243117107416,3.0,30.0,0.66587471,11.0,52.0,50.0,1.3031963299999998,253.0,26.79611650485437,37.71844660194175,3.3495145631067964,64.07766990291263,1.1650485436893203,0.0,1.6019417475728157,1.4563106796116505,0.0,1.4563106796116505,0.7281553398058253,0.4368932038834952,0.4368932038834952,3.932038834951456,2.184466019417476,1.8932038834951457,0.145631067961165,0.8737864077669903,0.4368932038834952,1.1650485436893203,0.4368932038834952,0.0,0.0,0.4368932038834952,0.0,88.89,53.49,10.0,100.0,30.0,64.29,72.73,80.0,0.1018428696978163,0.1595569385986517,0.4368932038834952,4.368932038834951,0.096972045145631,1.6019417475728157,7.572815533980583,7.281553398058253,0.1897858733009708,36.84466019417476,DM/CM,100,100,93,100,83,41,95,98,17,98,98,53,50,75,90,100,18,59,67,85,80,47,41,91,51,74,65,46,90,74,96,92,78,89,100,83,100,100,98,100,98,98,100,85,93,80,96,63,41,87,83,17,96,96,41,41,33,78,93,13,28,59,59,74,47,41,83,51,74,65,46,90,74,96,92,78,78,93,70,100,100,93,96,96,93,98,Championship
Cardiff City,3ash57c0q2tgok6gvzbsta93,60aejqxzvo5z8jgcu245r2l1w,Y. Salech,Yousef Salech,24.0,Attacker,Denmark,Striker,14.0,36.0,2.0,50.0,27.0,0.0,6.0,21.0,20.0,1.0,4.0,2.0,5.0,34.0,6.0,0.0,610.0,42.0,5.0,1.0,0.0,0.0,0.0,1.0,11.0,0.0,63.29,40.0,0.0,50.0,52.38,44.74,55.1,0.0,3.035214107033175,0.4595442656725755,1.0,4.0,0.44426751,1.0,3.0,8.0,0.1411289499999997,18.0,2.065573770491804,5.311475409836065,0.2950819672131147,7.377049180327869,3.9836065573770494,0.0,0.8852459016393442,3.098360655737705,2.950819672131148,0.1475409836065573,0.5901639344262295,0.2950819672131147,0.7377049180327869,5.016393442622951,0.8852459016393442,0.0,6.19672131147541,0.7377049180327869,0.1475409836065573,0.0,0.0,0.0,0.1475409836065573,1.6229508196721312,0.0,63.29,40.0,0.0,50.0,52.38,44.74,55.1,0.0,0.4478184748081734,0.0678016129680849,0.1475409836065573,0.5901639344262295,0.065547665409836,0.1475409836065573,0.4426229508196721,1.180327868852459,0.0208223040983606,2.6557377049180326,ST,42,56,62,52,95,33,82,97,98,33,78,15,42,91,78,21,99,56,27,9,28,50,45,99,51,27,48,28,73,80,53,91,9,98,75,41,55,94,45,53,79,48,67,14,16,41,14,84,33,36,75,84,27,48,5,22,56,53,21,83,31,14,9,28,50,28,91,51,27,48,28,73,80,53,91,9,89,47,30,41,80,33,34,50,31,31,Championship
Cardiff City,3ash57c0q2tgok6gvzbsta93,8chwz6b784hulzo4f4etmq4t1,K. Bielik,Krystian Bielik,28.0,Defender,Poland,Defender,177.0,153.0,23.0,330.0,20.0,0.0,3.0,5.0,5.0,0.0,1.0,3.0,3.0,31.0,23.0,6.0,404.0,6.0,5.0,2.0,3.0,0.0,0.0,0.0,3.0,0.0,89.92,65.71,0.0,66.67,60.0,53.45,57.14,75.0,0.0,0.0,0.0,0.0,0.0,0.0,0.0,0.0,0.0,0.0,39.43069306930693,34.084158415841586,5.123762376237623,73.51485148514851,4.455445544554456,0.0,0.6683168316831684,1.113861386138614,1.113861386138614,0.0,0.2227722772277227,0.6683168316831684,0.6683168316831684,6.905940594059406,5.123762376237623,1.3366336633663367,1.3366336633663367,1.113861386138614,0.4455445544554455,0.6683168316831684,0.0,0.0,0.0,0.6683168316831684,0.0,89.92,65.71,0.0,66.67,60.0,53.45,57.14,75.0,0.0,0.0,0.0,0.0,0.0,0.0,0.0,0.0,0.0,0.0,CB,64,93,88,85,82,45,80,84,90,38,72,80,80,84,41,60,61,79,77,48,36,42,42,96,51,84,95,36,75,93,23,44,66,20,34,43,25,25,37,20,21,20,20,82,98,98,98,92,45,85,89,95,38,79,85,80,89,39,67,64,82,77,48,36,42,42,98,51,84,95,36,75,93,23,44,66,20,34,43,25,25,37,20,21,20,20,Championship
Cardiff City,3ash57c0q2tgok6gvzbsta93,9l4r1jnqa7dq8mxi59jm8ld78,C. Scanlon,Calum Scanlon,21.0,Defender,England,Defender,50.0,67.0,5.0,115.0,4.0,0.0,3.0,0.0,0.0,0.0,0.0,4.0,4.0,11.0,3.0,3.0,218.0,1.0,3.0,2.0,2.0,2.0,0.0,0.0,0.0,0.0,89.84,45.45,66.67,50.0,0.0,45.83,44.44,100.0,0.0,0.2707587470965126,0.0,5.0,0.1204875899999999,3.0,16.0,16.0,0.48514531,50.0,20.642201834862387,27.6605504587156,2.064220183486239,47.477064220183486,1.651376146788991,0.0,1.2385321100917432,0.0,0.0,0.0,0.0,1.651376146788991,1.651376146788991,4.541284403669725,1.2385321100917432,1.2385321100917432,0.4128440366972477,1.2385321100917432,0.8256880733944955,0.8256880733944955,0.8256880733944955,0.0,0.0,0.0,0.0,89.84,45.45,66.67,50.0,0.0,45.83,44.44,100.0,0.0,0.1117811341224134,0.0,2.064220183486239,0.0497425830275228,1.2385321100917432,6.605504587155964,6.605504587155964,0.2002893481651376,20.642201834862387,LB/LCB,34,35,40,35,37,35,26,6,18,23,16,53,50,16,3,23,11,32,55,16,32,45,42,32,52,100,79,97,52,32,23,45,95,26,55,39,61,61,61,77,73,58,61,84,94,68,90,65,35,58,6,18,23,16,77,77,52,6,74,10,71,77,32,52,45,42,32,52,100,79,97,52,32,23,45,95,26,71,39,84,87,97,94,94,90,84,Championship
Cardiff City,3ash57c0q2tgok6gvzbsta93,aph6w0h4bexir8fcwaol5s222,J. Moylan,Jack Moylan,25.0,Midfielder,Republic of Ireland,Midfielder,25.0,90.0,5.0,112.0,1.0,0.0,6.0,23.0,18.0,5.0,7.0,24.0,26.0,26.0,3.0,0.0,596.0,49.0,13.0,4.0,5.0,3.0,0.0,1.0,6.0,0.0,70.44,55.56,17.65,16.67,26.09,36.62,12.5,62.5,1.7476670372497596,0.562427963280856,11.0,14.0,0.4490574199999999,7.0,9.0,25.0,1.19942358,54.0,3.7751677852349,13.590604026845638,0.7550335570469799,16.91275167785235,0.1510067114093959,0.0,0.906040268456376,3.4731543624161074,2.718120805369128,0.7550335570469799,1.0570469798657718,3.624161073825504,3.926174496644296,3.926174496644296,0.4530201342281879,0.0,7.399328859060403,1.963087248322148,0.6040268456375839,0.7550335570469799,0.4530201342281879,0.0,0.1510067114093959,0.906040268456376,0.0,70.44,55.56,17.65,16.67,26.09,36.62,12.5,62.5,0.2639094519336885,0.0849303971397265,1.661073825503356,2.114093959731544,0.0678106842281879,1.0570469798657718,1.359060402684564,3.7751677852349,0.1811210104026845,8.154362416107382,CM/AM,18,62,49,41,15,29,63,100,100,85,91,99,99,85,31,9,100,97,79,71,69,47,67,96,50,3,65,54,23,59,21,13,46,97,67,100,83,90,82,44,82,95,54,3,21,28,13,10,29,26,97,100,62,85,97,97,59,18,9,100,90,54,49,54,47,56,90,50,3,65,54,23,59,21,13,46,95,44,97,62,79,62,28,79,90,23,Championship
Cardiff City,3ash57c0q2tgok6gvzbsta93,b643qk5rx4mihg4riyq39trdh,P. Ng,Perry Ng,30.0,Defender,England,Defender,153.0,213.0,34.0,365.0,5.0,0.0,4.0,9.0,3.0,6.0,2.0,6.0,6.0,36.0,12.0,8.0,630.0,6.0,13.0,4.0,7.0,1.0,0.0,1.0,3.0,0.0,86.08,56.67,33.33,66.67,33.33,62.07,50.0,50.0,0.5130850305609399,0.3108633293407535,5.0,26.0,0.6124582699999999,12.0,47.0,57.0,1.2705214699999998,186.0,21.857142857142858,30.428571428571427,4.857142857142857,52.142857142857146,0.7142857142857143,0.0,0.5714285714285714,1.2857142857142858,0.4285714285714285,0.8571428571428571,0.2857142857142857,0.8571428571428571,0.8571428571428571,5.142857142857143,1.7142857142857142,1.1428571428571428,0.8571428571428571,1.8571428571428568,0.5714285714285714,1.0,0.1428571428571428,0.0,0.1428571428571428,0.4285714285714285,0.0,86.08,56.67,33.33,66.67,33.33,62.07,50.0,50.0,0.0732978615087057,0.044409047048679,0.7142857142857143,3.7142857142857135,0.0874940385714285,1.7142857142857142,6.714285714285714,8.142857142857142,0.1815030671428571,26.571428571428573,RB/RCB,89,100,100,96,48,34,64,100,84,100,86,77,71,96,46,89,43,100,89,86,48,46,98,98,52,75,89,86,82,91,82,36,14,86,68,100,100,96,98,100,100,100,96,82,100,100,93,14,34,36,93,68,100,77,50,46,68,18,64,21,100,75,59,32,46,96,96,52,75,89,86,82,91,82,36,14,82,57,93,100,96,93,100,100,100,96,Championship
Cardiff City,3ash57c0q2tgok6gvzbsta93,bkq6fzbfvbv09ks5818fw759m,J. Bagan,Joel Bagan,25.0,Defender,Republic of Ireland,Defender,244.0,215.0,24.0,440.0,12.0,0.0,15.0,3.0,3.0,0.0,1.0,2.0,2.0,30.0,24.0,1.0,629.0,14.0,4.0,1.0,10.0,19.0,0.0,0.0,2.0,0.0,87.82,51.06,27.14,50.0,66.67,61.22,48.0,76.92,0.2125537665242733,2.0967429800035404,2.0,17.0,0.4279421599999998,14.0,39.0,54.0,1.7755635100000005,234.0,34.91255961844197,30.763116057233702,3.434022257551669,62.95707472178061,1.7170111287758347,0.0,2.146263910969793,0.4292527821939587,0.4292527821939587,0.0,0.1430842607313195,0.2861685214626391,0.2861685214626391,4.292527821939586,3.434022257551669,0.1430842607313195,2.0031796502384736,0.5723370429252782,0.1430842607313195,1.4308426073131957,2.718600953895072,0.0,0.0,0.2861685214626391,0.0,87.82,51.06,27.14,50.0,66.67,61.22,48.0,76.92,0.0304130985487831,0.3000109192373905,0.2861685214626391,2.4324324324324325,0.061231787599364,2.0031796502384736,5.580286168521463,7.726550079491256,0.254055192209857,33.48171701112877,CB,92,100,90,98,52,45,100,52,58,38,72,65,65,79,43,8,93,64,59,99,100,42,42,88,51,64,80,82,61,96,62,18,72,54,100,97,98,100,100,96,100,100,95,67,95,80,89,28,45,100,34,38,38,66,55,53,43,10,5,84,47,53,89,100,42,42,77,51,64,80,82,61,96,62,18,72,51,100,93,97,98,100,93,98,98,93,Championship
Cardiff City,3ash57c0q2tgok6gvzbsta93,bty8qu3hdcfdb3mlr9i70qga1,G. Osho,Gabriel Osho,28.0,Defender,Nigeria,Defender,217.0,194.0,26.0,411.0,12.0,0.0,3.0,0.0,0.0,0.0,0.0,2.0,2.0,28.0,28.0,5.0,540.0,3.0,6.0,2.0,6.0,0.0,0.0,0.0,0.0,0.0,94.27,81.25,0.0,100.0,0.0,62.22,57.14,75.0,0.0,0.0,0.0,0.0,0.0,0.0,0.0,0.0,0.0,0.0,36.16666666666666,32.333333333333336,4.333333333333333,68.5,2.0,0.0,0.5,0.0,0.0,0.0,0.0,0.3333333333333333,0.3333333333333333,4.666666666666667,4.666666666666667,0.8333333333333334,0.5,1.0,0.3333333333333333,1.0,0.0,0.0,0.0,0.0,0.0,94.27,81.25,0.0,100.0,0.0,62.22,57.14,75.0,0.0,0.0,0.0,0.0,0.0,0.0,0.0,0.0,0.0,0.0,CB,84,98,93,94,52,45,80,6,8,38,30,65,65,68,50,48,26,85,77,84,36,42,42,29,51,98,100,36,92,29,69,44,66,20,34,43,25,25,37,20,21,20,20,70,97,93,92,37,45,80,6,8,38,30,59,59,49,30,33,20,80,72,77,36,42,42,29,51,98,100,36,92,29,69,44,66,20,34,43,25,25,37,20,21,20,20,Championship
Cardiff City,3ash57c0q2tgok6gvzbsta93,cozz584rpfcg2otdd8eleuec4,C. Ashford,Cian Ashford,21.0,Attacker,Wales,Striker,24.0,59.0,0.0,83.0,1.0,1.0,4.0,8.0,6.0,2.0,2.0,7.0,7.0,15.0,4.0,0.0,300.0,13.0,6.0,5.0,2.0,0.0,0.0,2.0,5.0,0.0,94.32,0.0,0.0,71.43,62.5,51.72,33.33,66.67,0.9009449669483456,0.2482300542702344,3.0,19.0,0.5351476099999999,4.0,6.0,12.0,0.2510385899999999,29.0,7.199999999999999,17.7,0.0,24.9,0.3,0.3,1.2,2.4,1.7999999999999998,0.6,0.6,2.1,2.1,4.5,1.2,0.0,3.9,1.7999999999999998,1.5,0.6,0.0,0.0,0.6,1.5,0.0,94.32,0.0,0.0,71.43,62.5,51.72,33.33,66.67,0.2702834900845036,0.0744690162810703,0.8999999999999999,5.7,0.1605442829999999,1.2,1.7999999999999998,3.6,0.0753115769999999,8.7,ST,84,88,16,89,9,80,47,42,36,53,49,63,59,36,62,21,30,70,88,48,28,50,76,76,51,100,16,28,94,90,84,32,66,50,44,69,100,100,85,82,89,59,84,89,91,16,95,8,89,59,55,45,59,51,70,67,38,69,21,39,75,88,56,28,50,80,86,51,100,16,28,94,90,84,32,66,55,53,85,100,100,93,84,94,69,91,Championship
Cardiff City,3ash57c0q2tgok6gvzbsta93,eghtme1anaclmuh6bxzpcmbpx,C. Willock,Chris Willock,28.0,Midfielder,England,Midfielder,14.0,103.0,3.0,105.0,2.0,1.0,13.0,6.0,5.0,1.0,3.0,11.0,12.0,21.0,1.0,0.0,377.0,24.0,8.0,8.0,0.0,12.0,0.0,0.0,1.0,0.0,86.07,100.0,42.86,72.73,16.67,67.74,66.67,0.0,0.5300692876571056,1.4324868164052578,3.0,35.0,1.15563089,4.0,4.0,20.0,1.959903,38.0,3.342175066312997,24.588859416445622,0.7161803713527851,25.06631299734748,0.4774535809018567,0.2387267904509283,3.103448275862069,1.4323607427055702,1.1936339522546418,0.2387267904509283,0.7161803713527851,2.625994694960212,2.8647214854111405,5.013262599469496,0.2387267904509283,0.0,5.729442970822281,1.909814323607427,1.909814323607427,0.0,2.8647214854111405,0.0,0.0,0.2387267904509283,0.0,86.07,100.0,42.86,72.73,16.67,67.74,66.67,0.0,0.1265417397589907,0.3419729800436955,0.7161803713527851,8.355437665782492,0.2758800533156498,0.9549071618037136,0.9549071618037136,4.774535809018567,0.4678813527851458,9.07161803713528,LM/LCM,11,78,28,61,72,83,94,39,72,28,83,78,78,56,28,17,83,89,78,22,100,50,28,33,56,100,100,89,100,33,100,94,22,56,89,61,94,100,61,44,89,100,44,11,89,33,44,67,78,100,44,67,22,89,78,78,67,33,17,78,78,78,22,100,50,28,33,56,100,100,89,100,33,100,94,22,44,100,67,100,100,67,33,100,100,67,Championship
Charlton Athletic,2ezfenuwk3y65p8jdbj55xqt0,4h0bvme5usw8zalpeab4e5n56,M. Alli,Millenic Alli,26.0,Attacker,Republic of Ireland,Striker,19.0,32.0,3.0,50.0,1.0,1.0,3.0,6.0,3.0,3.0,2.0,3.0,4.0,9.0,5.0,1.0,232.0,9.0,4.0,1.0,1.0,1.0,0.0,0.0,2.0,0.0,86.21,75.0,20.0,33.33,33.33,33.33,33.33,33.33,0.0,0.0,0.0,0.0,0.0,0.0,0.0,0.0,0.0,0.0,7.370689655172414,12.413793103448276,1.1637931034482758,19.39655172413793,0.3879310344827586,0.3879310344827586,1.1637931034482758,2.327586206896552,1.1637931034482758,1.1637931034482758,0.7758620689655172,1.1637931034482758,1.5517241379310345,3.4913793103448274,1.939655172413793,0.3879310344827586,3.4913793103448274,1.5517241379310345,0.3879310344827586,0.3879310344827586,0.3879310344827586,0.0,0.0,0.7758620689655172,0.0,86.21,75.0,20.0,33.33,33.33,33.33,33.33,33.33,0.0,0.0,0.0,0.0,0.0,0.0,0.0,0.0,0.0,0.0,LW,36,14,75,14,39,61,21,36,36,50,43,14,14,21,75,43,32,46,11,18,25,54,25,39,54,86,75,50,32,50,25,75,25,25,25,25,25,25,25,25,25,25,25,79,29,86,50,50,79,36,71,64,64,57,14,21,36,96,61,39,64,7,36,29,54,25,57,54,86,75,50,32,50,25,75,25,25,25,25,25,25,25,25,25,25,25,Championship
Charlton Athletic,2ezfenuwk3y65p8jdbj55xqt0,4hgji0bnqpsqezk5ctxq3ggh6,T. Campbell,Tyreece Campbell,22.0,Attacker,Jamaica,Striker,31.0,54.0,3.0,81.0,1.0,0.0,4.0,11.0,7.0,4.0,6.0,18.0,19.0,20.0,6.0,4.0,563.0,28.0,7.0,8.0,1.0,4.0,0.0,3.0,4.0,0.0,78.64,50.0,13.33,44.44,36.36,40.82,16.67,25.0,0.7860207729794876,0.5113024959144408,7.0,10.0,0.33909902,1.0,3.0,2.0,0.8781562899999998,22.0,4.9555950266429845,8.632326820603907,0.4795737122557726,12.94849023090586,0.1598579040852575,0.0,0.6394316163410302,1.758436944937833,1.119005328596803,0.6394316163410302,0.9591474245115452,2.877442273534636,3.0373001776198936,3.197158081705151,0.9591474245115452,0.6394316163410302,4.476021314387212,1.119005328596803,1.2788632326820604,0.1598579040852575,0.6394316163410302,0.0,0.4795737122557726,0.6394316163410302,0.0,78.64,50.0,13.33,44.44,36.36,40.82,16.67,25.0,0.1256516333359749,0.0817357453504434,1.119005328596803,1.5985790408525755,0.0542076586145648,0.1598579040852575,0.4795737122557726,0.3197158081705151,0.1403802239786855,3.516873889875666,LW,71,57,75,57,39,18,36,71,71,64,86,64,68,61,89,96,96,64,75,18,68,54,96,68,54,43,39,29,68,57,50,29,14,64,64,79,57,64,54,61,50,93,61,36,7,57,7,21,18,14,43,57,43,79,43,43,29,71,86,71,57,57,14,43,54,93,43,54,43,39,29,68,57,50,29,14,57,64,71,57,64,50,57,50,93,50,Championship
Charlton Athletic,2ezfenuwk3y65p8jdbj55xqt0,6ok4k757utbtswx5618xffsru,I. Mesík,Ivan Mesík,25.0,Defender,Slovakia,Defender,41.0,26.0,3.0,65.0,4.0,0.0,5.0,1.0,1.0,0.0,1.0,5.0,5.0,30.0,10.0,3.0,395.0,13.0,10.0,2.0,6.0,2.0,0.0,0.0,0.0,0.0,67.71,20.0,33.33,40.0,0.0,60.0,28.57,42.86,0.0,0.0,0.0,0.0,0.0,0.0,0.0,0.0,0.0,0.0,9.341772151898734,5.924050632911392,0.6835443037974683,14.81012658227848,0.9113924050632912,0.0,1.1392405063291138,0.2278481012658227,0.2278481012658227,0.0,0.2278481012658227,1.1392405063291138,1.1392405063291138,6.835443037974683,2.278481012658228,0.6835443037974683,2.962025316455696,2.278481012658228,0.4556962025316455,1.3670886075949369,0.4556962025316455,0.0,0.0,0.0,0.0,67.71,20.0,33.33,40.0,0.0,60.0,28.57,42.86,0.0,0.0,0.0,0.0,0.0,0.0,0.0,0.0,0.0,0.0,LB/LCB,23,5,26,15,37,35,53,21,42,23,52,63,61,74,34,23,95,90,55,61,32,45,42,32,52,6,19,85,35,32,55,21,16,26,23,39,23,23,24,23,23,23,23,19,3,26,3,29,35,48,13,42,23,48,65,58,77,35,16,94,97,55,65,32,45,42,32,52,6,19,85,35,32,55,21,16,26,23,39,23,23,24,23,23,23,23,Championship
Charlton Athletic,2ezfenuwk3y65p8jdbj55xqt0,6x5749al9888agvdb1n3m06ei,D. McNamara,Dan McNamara,27.0,Defender,Republic of Ireland,Defender,58.0,63.0,11.0,116.0,11.0,0.0,3.0,2.0,1.0,1.0,2.0,2.0,3.0,24.0,11.0,2.0,469.0,2.0,6.0,1.0,5.0,5.0,0.0,0.0,0.0,0.0,76.32,42.31,35.71,50.0,0.0,63.16,61.11,83.33,0.1307839066782317,0.3301861198599928,1.0,7.0,0.1682881299999998,5.0,14.0,19.0,0.6202382899999997,61.0,11.130063965884862,12.08955223880597,2.11087420042644,22.260127931769723,2.11087420042644,0.0,0.5756929637526652,0.3837953091684435,0.1918976545842217,0.1918976545842217,0.3837953091684435,0.3837953091684435,0.5756929637526652,4.605543710021322,2.11087420042644,0.3837953091684435,0.3837953091684435,1.1513859275053304,0.1918976545842217,0.9594882729211088,0.9594882729211088,0.0,0.0,0.0,0.0,76.32,42.31,35.71,50.0,0.0,63.16,61.11,83.33,0.0250971249489143,0.0633619419773973,0.1918976545842217,1.343283582089552,0.0322940974413645,0.9594882729211088,2.686567164179104,3.646055437100213,0.1190222731343283,11.705756929637529,RB/RCB,38,43,75,41,75,34,41,55,46,64,86,23,29,68,39,16,12,89,34,59,89,46,48,36,52,29,43,89,55,36,86,71,91,54,71,64,75,64,82,70,82,75,68,25,25,64,18,71,34,39,46,43,68,89,21,29,57,36,11,11,82,25,50,89,46,48,36,52,29,43,89,55,36,86,71,91,50,71,64,79,75,79,75,82,68,64,Championship
Charlton Athletic,2ezfenuwk3y65p8jdbj55xqt0,8bky4refzk9ds940al5ts4ez9,K. Grant,Karlan Grant,28.0,Attacker,England,Striker,45.0,79.0,1.0,113.0,8.0,1.0,11.0,14.0,4.0,10.0,7.0,19.0,19.0,24.0,6.0,2.0,558.0,15.0,5.0,7.0,2.0,11.0,0.0,1.0,4.0,0.0,76.35,12.5,26.83,36.84,28.57,41.38,44.44,50.0,0.9112429116286176,1.2671622912995808,8.0,15.0,0.38727746,11.0,5.0,11.0,0.6532893799999999,39.0,7.258064516129032,12.741935483870968,0.1612903225806451,18.225806451612904,1.2903225806451613,0.1612903225806451,1.7741935483870968,2.258064516129032,0.6451612903225806,1.6129032258064515,1.129032258064516,3.064516129032258,3.064516129032258,3.870967741935484,0.9677419354838708,0.3225806451612903,2.419354838709677,0.8064516129032258,1.129032258064516,0.3225806451612903,1.7741935483870968,0.0,0.1612903225806451,0.6451612903225806,0.0,76.35,12.5,26.83,36.84,28.57,41.38,44.44,50.0,0.146974663165906,0.2043810147257388,1.2903225806451613,2.419354838709677,0.0624641064516129,1.7741935483870968,0.8064516129032258,1.7741935483870968,0.1053692548387096,6.290322580645161,LW,93,86,21,86,100,61,86,86,54,100,96,71,68,75,89,75,50,57,64,39,100,54,57,68,54,36,14,79,50,43,57,93,50,71,100,89,79,71,93,79,86,86,86,71,43,14,36,93,36,64,64,21,100,93,50,50,50,79,43,14,36,50,21,100,54,50,50,54,36,14,79,50,43,57,93,50,64,79,79,71,71,93,71,64,64,71,Championship
Charlton Athletic,2ezfenuwk3y65p8jdbj55xqt0,8u8he2dwkbgjf3yo8jsltq9qt,N. Chalobah,Nathaniel Chalobah,31.0,Midfielder,England,Midfielder,35.0,28.0,0.0,63.0,3.0,0.0,1.0,1.0,1.0,0.0,0.0,1.0,1.0,13.0,3.0,2.0,225.0,3.0,5.0,1.0,2.0,0.0,0.0,0.0,0.0,0.0,86.3,0.0,0.0,100.0,0.0,61.9,50.0,50.0,0.175595647879591,0.0687141809890115,0.0,1.0,0.0199707,0.0,3.0,3.0,0.0693357799999999,22.0,14.0,11.2,0.0,25.2,1.2,0.0,0.4,0.4,0.4,0.0,0.0,0.4,0.4,5.2,1.2,0.8,1.2,2.0,0.4,0.8,0.0,0.0,0.0,0.0,0.0,86.3,0.0,0.0,100.0,0.0,61.9,50.0,50.0,0.0702382591518364,0.0274856723956046,0.0,0.4,0.00798828,0.0,1.2,1.2,0.0277343119999999,8.8,DM/CM,8,5,4,4,39,41,11,15,48,9,20,23,22,24,15,17,46,45,39,13,23,47,41,26,51,54,4,23,90,26,87,58,34,52,30,23,34,35,20,32,32,33,33,22,7,4,9,65,41,20,24,65,9,20,36,36,67,29,33,72,89,51,33,23,47,41,26,51,54,4,23,90,26,87,58,34,59,43,23,35,35,20,30,30,30,33,Championship
Charlton Athletic,2ezfenuwk3y65p8jdbj55xqt0,8xn060vi8ku2xtl75cx38awb8,T. Bindon,Tyler Bindon,21.0,Defender,New Zealand,Defender,109.0,24.0,8.0,133.0,10.0,0.0,2.0,5.0,4.0,1.0,0.0,2.0,2.0,19.0,27.0,9.0,360.0,9.0,2.0,1.0,2.0,0.0,0.0,0.0,1.0,0.0,78.24,33.33,0.0,50.0,20.0,54.29,71.43,33.33,0.0,0.0,0.0,0.0,0.0,0.0,0.0,0.0,0.0,0.0,27.25,6.0,2.0,33.25,2.5,0.0,0.5,1.25,1.0,0.25,0.0,0.5,0.5,4.75,6.75,2.25,2.25,0.5,0.25,0.5,0.0,0.0,0.0,0.25,0.0,78.24,33.33,0.0,50.0,20.0,54.29,71.43,33.33,0.0,0.0,0.0,0.0,0.0,0.0,0.0,0.0,0.0,0.0,CB,37,11,34,25,39,45,67,84,79,84,30,65,65,39,48,84,87,34,59,28,36,42,42,69,51,13,29,36,61,62,28,85,24,20,34,43,25,25,37,20,21,20,20,43,7,42,26,48,45,80,90,90,87,30,71,71,54,72,93,89,38,66,34,36,42,42,72,51,13,29,36,61,62,28,85,24,20,34,43,25,25,37,20,21,20,20,Championship
Charlton Athletic,2ezfenuwk3y65p8jdbj55xqt0,94jio19h6b7dg11utni9hhcyx,S. Carey,Sonny Carey,25.0,Midfielder,England,Midfielder,27.0,44.0,0.0,69.0,3.0,1.0,6.0,4.0,1.0,3.0,2.0,6.0,7.0,7.0,5.0,0.0,236.0,5.0,0.0,3.0,1.0,2.0,0.0,0.0,1.0,0.0,93.24,0.0,20.0,50.0,25.0,36.84,50.0,100.0,0.2805966563081717,0.6484464967137942,3.0,5.0,0.1567019999999999,3.0,2.0,8.0,0.35133905,19.0,10.296610169491526,16.779661016949152,0.0,26.3135593220339,1.1440677966101696,0.3813559322033898,2.288135593220339,1.5254237288135593,0.3813559322033898,1.1440677966101696,0.7627118644067796,2.288135593220339,2.669491525423729,2.669491525423729,1.9067796610169487,0.0,1.9067796610169487,0.0,1.1440677966101696,0.3813559322033898,0.7627118644067796,0.0,0.0,0.3813559322033898,0.0,93.24,0.0,20.0,50.0,25.0,36.84,50.0,100.0,0.107007199439557,0.2472889182383113,1.1440677966101696,1.9067796610169487,0.0597592372881355,1.1440677966101696,0.7627118644067796,3.0508474576271185,0.1339852309322033,7.245762711864407,CM/AM,24,21,6,23,42,74,63,32,19,58,51,65,68,13,60,9,24,6,65,13,56,47,27,40,50,100,6,58,68,54,23,74,94,33,74,72,37,46,50,15,37,41,15,49,42,6,38,69,95,90,56,26,87,67,85,85,13,95,9,38,6,90,18,74,47,27,51,50,100,6,58,68,54,23,74,94,54,95,90,51,72,69,18,44,74,21,Championship
Charlton Athletic,2ezfenuwk3y65p8jdbj55xqt0,97ql3pswnu7lmoawpvlx651t6,B. Koumetio,Billy Koumetio,23.0,Defender,France,Defender,30.0,12.0,1.0,42.0,12.0,0.0,0.0,2.0,2.0,0.0,0.0,0.0,0.0,13.0,15.0,0.0,180.0,5.0,1.0,0.0,0.0,0.0,0.0,0.0,0.0,0.0,71.19,16.67,0.0,0.0,0.0,72.22,70.59,0.0,0.2916474115109399,0.0,0.0,0.0,0.0,0.0,2.0,0.0,0.03555166,22.0,15.0,6.0,0.5,21.0,6.0,0.0,0.0,1.0,1.0,0.0,0.0,0.0,0.0,6.5,7.5,0.0,2.5,0.5,0.0,0.0,0.0,0.0,0.0,0.0,0.0,71.19,16.67,0.0,0.0,0.0,72.22,70.59,0.0,0.1458237057554699,0.0,0.0,0.0,0.0,0.0,1.0,0.0,0.01777583,11.0,CB,2,2,2,2,52,45,18,36,41,38,30,18,17,18,16,2,52,20,25,4,36,42,42,29,51,2,2,36,25,29,89,84,4,62,34,43,25,25,37,42,21,43,43,8,7,2,5,98,45,18,83,90,38,30,18,17,85,82,2,90,38,25,4,36,42,42,29,51,2,2,36,25,29,89,84,4,98,34,43,25,25,37,50,21,44,51,Championship
Charlton Athletic,2ezfenuwk3y65p8jdbj55xqt0,9bamtyvun46xn9e64lqn9ogyx,O. Skipp,Oliver Skipp,25.0,Midfielder,England,Midfielder,45.0,25.0,3.0,70.0,3.0,0.0,1.0,3.0,1.0,2.0,0.0,0.0,0.0,14.0,5.0,6.0,265.0,1.0,5.0,0.0,5.0,0.0,0.0,0.0,0.0,0.0,83.33,42.86,0.0,0.0,0.0,63.64,50.0,83.33,0.0,0.0,0.0,0.0,0.0,0.0,0.0,0.0,0.0,0.0,15.283018867924527,8.490566037735848,1.018867924528302,23.77358490566037,1.018867924528302,0.0,0.3396226415094339,1.018867924528302,0.3396226415094339,0.6792452830188679,0.0,0.0,0.0,4.754716981132075,1.6981132075471697,2.037735849056604,0.3396226415094339,1.6981132075471697,0.0,1.6981132075471697,0.0,0.0,0.0,0.0,0.0,83.33,42.86,0.0,0.0,0.0,63.64,50.0,83.33,0.0,0.0,0.0,0.0,0.0,0.0,0.0,0.0,0.0,0.0,DM/CM,14,2,13,7,39,41,11,48,48,53,20,8,8,26,30,59,18,45,14,58,23,47,41,26,51,41,35,23,14,26,93,58,90,15,15,23,16,16,20,15,15,15,15,26,2,22,7,52,41,15,63,57,67,20,8,8,57,52,96,24,72,14,83,23,47,41,26,51,41,35,23,14,26,93,58,90,15,15,23,16,16,20,15,15,15,15,Championship
Charlton Athletic,2ezfenuwk3y65p8jdbj55xqt0,9c3iyi7y3hdraso115kxmd87p,L. Jones,Lloyd Jones,30.0,Defender,England,Defender,176.0,32.0,8.0,208.0,25.0,0.0,0.0,6.0,6.0,0.0,0.0,2.0,2.0,35.0,48.0,6.0,630.0,7.0,6.0,2.0,2.0,0.0,0.0,2.0,4.0,0.0,83.53,26.67,0.0,100.0,66.67,71.43,69.44,100.0,0.75163323230892,0.0,1.0,0.0,0.0,0.0,6.0,7.0,0.1547369699999998,83.0,25.142857142857142,4.571428571428571,1.1428571428571428,29.714285714285715,3.571428571428572,0.0,0.0,0.8571428571428571,0.8571428571428571,0.0,0.0,0.2857142857142857,0.2857142857142857,5.0,6.857142857142857,0.8571428571428571,1.0,0.8571428571428571,0.2857142857142857,0.2857142857142857,0.0,0.0,0.2857142857142857,0.5714285714285714,0.0,83.53,26.67,0.0,100.0,66.67,71.43,69.44,100.0,0.1073761760441314,0.0,0.1428571428571428,0.0,0.0,0.0,0.8571428571428571,1.0,0.0221052814285714,11.857142857142858,CB,62,20,34,51,93,45,18,92,95,38,30,65,65,92,88,60,71,85,77,28,36,42,98,98,51,44,16,36,92,96,87,82,94,97,34,89,25,25,37,52,59,54,61,34,5,11,16,74,45,18,70,78,38,30,51,49,60,74,36,46,75,70,19,36,42,98,95,51,44,16,36,92,96,87,82,94,87,34,85,25,25,37,48,52,48,52,Championship
Charlton Athletic,2ezfenuwk3y65p8jdbj55xqt0,9yzkqp8pfkjpcb3y6lzstpe5l,J. Rankin-Costello,Joe Rankin-Costello,27.0,Midfielder,England,Midfielder,16.0,23.0,3.0,39.0,3.0,0.0,0.0,2.0,1.0,1.0,1.0,2.0,2.0,7.0,1.0,1.0,178.0,3.0,0.0,2.0,0.0,0.0,0.0,0.0,1.0,0.0,78.0,60.0,0.0,100.0,50.0,38.89,37.5,0.0,0.1769231026349408,0.0,2.0,1.0,0.0241224,2.0,2.0,4.0,0.0556893099999998,9.0,8.089887640449438,11.629213483146067,1.5168539325842696,19.719101123595504,1.5168539325842696,0.0,0.0,1.0112359550561798,0.5056179775280899,0.5056179775280899,0.5056179775280899,1.0112359550561798,1.0112359550561798,3.539325842696629,0.5056179775280899,0.5056179775280899,1.5168539325842696,0.0,1.0112359550561798,0.0,0.0,0.0,0.0,0.5056179775280899,0.0,78.0,60.0,0.0,100.0,50.0,38.89,37.5,0.0,0.0894555013322734,0.0,1.0112359550561798,0.5056179775280899,0.0121967191011235,1.0112359550561798,1.0112359550561798,2.02247191011236,0.0281575162921347,4.550561797752809,CM/AM,3,3,35,3,42,29,3,13,19,24,24,22,22,13,9,28,15,6,49,5,22,47,27,40,50,26,79,22,100,90,31,47,5,23,8,53,18,18,42,15,17,13,13,28,13,64,15,87,29,3,28,38,46,54,36,36,49,23,46,26,6,82,5,22,47,27,67,50,26,79,22,100,90,31,47,5,36,8,87,21,21,54,26,31,13,13,Championship
Charlton Athletic,2ezfenuwk3y65p8jdbj55xqt0,c9fm58xo515iedprum1zmnp49,C. Coventry,Conor Coventry,26.0,Midfielder,Republic of Ireland,Midfielder,138.0,121.0,24.0,258.0,7.0,0.0,3.0,2.0,0.0,2.0,1.0,0.0,0.0,24.0,15.0,5.0,584.0,3.0,3.0,0.0,9.0,1.0,0.0,0.0,0.0,0.0,82.96,55.81,100.0,0.0,0.0,57.14,70.0,64.29,0.0,0.0,0.0,0.0,0.0,0.0,0.0,0.0,0.0,0.0,21.267123287671232,18.6472602739726,3.6986301369863015,39.76027397260274,1.0787671232876712,0.0,0.4623287671232877,0.3082191780821918,0.0,0.3082191780821918,0.1541095890410959,0.0,0.0,3.6986301369863015,2.3116438356164384,0.7705479452054794,0.4623287671232877,0.4623287671232877,0.0,1.386986301369863,0.1541095890410959,0.0,0.0,0.0,0.0,82.96,55.81,100.0,0.0,0.0,57.14,70.0,64.29,0.0,0.0,0.0,0.0,0.0,0.0,0.0,0.0,0.0,0.0,DM/CM,80,70,96,74,71,41,45,32,17,53,48,8,8,59,90,47,46,23,14,90,58,47,41,26,51,37,74,96,14,26,71,87,52,15,15,23,16,16,20,15,15,15,15,59,28,87,52,57,41,30,15,17,35,39,8,8,22,80,30,37,15,14,74,48,47,41,26,51,37,74,96,14,26,71,87,52,15,15,23,16,16,20,15,15,15,15,Championship
Charlton Athletic,2ezfenuwk3y65p8jdbj55xqt0,cd9o30ebm183hfyfp79flgixh,A. Bell,Amari'i Bell,32.0,Defender,Jamaica,Defender,104.0,53.0,6.0,157.0,3.0,0.0,1.0,0.0,0.0,0.0,0.0,2.0,3.0,30.0,13.0,7.0,540.0,0.0,12.0,1.0,7.0,0.0,0.0,0.0,0.0,0.0,78.89,25.0,0.0,50.0,0.0,68.18,37.5,50.0,0.0,0.0,0.0,0.0,0.0,0.0,0.0,0.0,0.0,0.0,17.333333333333332,8.833333333333334,1.0,26.166666666666668,0.5,0.0,0.1666666666666666,0.0,0.0,0.0,0.0,0.3333333333333333,0.5,5.0,2.1666666666666665,1.1666666666666667,0.0,2.0,0.1666666666666666,1.1666666666666667,0.0,0.0,0.0,0.0,0.0,78.89,25.0,0.0,50.0,0.0,68.18,37.5,50.0,0.0,0.0,0.0,0.0,0.0,0.0,0.0,0.0,0.0,0.0,LB/LCB,81,23,50,65,23,35,8,6,18,23,16,29,37,74,55,85,5,97,31,74,11,45,42,32,52,45,26,11,52,32,94,32,27,26,23,39,23,23,24,23,23,23,23,68,6,32,42,13,35,3,6,18,23,16,23,32,58,32,68,5,90,29,56,11,45,42,32,52,45,26,11,52,32,94,32,27,26,23,39,23,23,24,23,23,23,23,Championship
Charlton Athletic,2ezfenuwk3y65p8jdbj55xqt0,ebsl5dh99nsoun0lksywr31n8,M. Leaburn,Miles Leaburn,22.0,Attacker,England,Striker,15.0,23.0,1.0,37.0,43.0,0.0,1.0,9.0,7.0,2.0,2.0,6.0,9.0,68.0,19.0,2.0,476.0,22.0,13.0,2.0,6.0,1.0,0.0,0.0,1.0,0.0,42.53,12.5,50.0,33.33,11.11,53.12,61.43,60.0,0.9839266493466312,0.1224042016512448,4.0,3.0,0.0943439099999999,2.0,4.0,2.0,0.0955273799999998,16.0,2.8361344537815127,4.34873949579832,0.1890756302521008,6.995798319327731,8.130252100840336,0.0,0.1890756302521008,1.7016806722689075,1.3235294117647058,0.3781512605042016,0.3781512605042016,1.134453781512605,1.7016806722689075,12.857142857142858,3.592436974789916,0.3781512605042016,4.159663865546219,2.457983193277311,0.3781512605042016,1.134453781512605,0.1890756302521008,0.0,0.0,0.1890756302521008,0.0,42.53,12.5,50.0,33.33,11.11,53.12,61.43,60.0,0.1860365513470521,0.0231436515727143,0.7563025210084033,0.5672268907563025,0.0178381342436974,0.3781512605042016,0.7563025210084033,0.3781512605042016,0.0180618995798318,3.0252100840336134,ST,52,33,42,34,100,33,14,54,49,53,49,59,68,100,100,81,74,99,52,96,66,50,14,9,51,3,33,95,43,4,88,95,55,58,30,84,47,48,62,67,33,36,58,33,6,34,8,98,33,9,20,25,41,38,41,56,100,100,73,47,92,41,81,59,50,14,3,51,3,33,95,43,4,88,95,55,34,23,70,39,41,58,53,28,28,39,Championship
Derby County,3ptd7zlc5isrongig0wij2id4,1sq7flab4olx5b85rryme76xh,C. Morris,Carlton Morris,30.0,Attacker,England,Striker,16.0,38.0,1.0,54.0,18.0,1.0,3.0,7.0,7.0,0.0,3.0,2.0,2.0,24.0,6.0,0.0,268.0,25.0,3.0,1.0,2.0,0.0,0.0,1.0,2.0,0.0,62.79,50.0,0.0,50.0,28.57,42.11,51.43,100.0,1.0253906836084876,0.2364837123785013,1.0,4.0,0.2108291,1.0,2.0,3.0,0.0623409899999999,11.0,5.3731343283582085,12.761194029850746,0.335820895522388,18.13432835820896,6.044776119402985,0.335820895522388,1.007462686567164,2.3507462686567164,2.3507462686567164,0.0,1.007462686567164,0.6716417910447761,0.6716417910447761,8.059701492537313,2.014925373134328,0.0,8.395522388059701,1.007462686567164,0.335820895522388,0.6716417910447761,0.0,0.0,0.335820895522388,0.6716417910447761,0.0,62.79,50.0,0.0,50.0,28.57,42.11,51.43,100.0,0.344347617629716,0.0794161720674071,0.335820895522388,1.343283582089552,0.0708008171641791,0.335820895522388,0.6716417910447761,1.007462686567164,0.0209354070895522,3.694029850746269,ST,59,62,42,59,88,80,30,28,49,13,62,15,14,73,78,21,88,37,27,48,28,50,45,21,51,23,62,28,73,28,45,84,94,61,41,41,55,77,45,38,45,30,42,70,73,48,75,97,91,47,52,71,13,77,20,19,91,86,21,98,45,36,59,28,50,55,27,51,23,62,28,73,28,45,84,94,81,58,45,67,89,52,48,45,33,56,Championship
Derby County,3ptd7zlc5isrongig0wij2id4,2bvdj3mlti92jyqvp4ux8j5yh,D. Sanderson,Dion Sanderson,26.0,Defender,England,Defender,129.0,67.0,12.0,195.0,19.0,0.0,0.0,1.0,1.0,0.0,0.0,1.0,1.0,30.0,22.0,3.0,495.0,6.0,4.0,1.0,6.0,1.0,0.0,0.0,0.0,0.0,88.24,57.14,100.0,100.0,0.0,55.56,57.58,85.71,0.1284546608817005,0.0,0.0,2.0,0.03620728,0.0,4.0,4.0,0.0810909,42.0,23.454545454545453,12.181818181818182,2.1818181818181817,35.45454545454545,3.4545454545454546,0.0,0.0,0.1818181818181818,0.1818181818181818,0.0,0.0,0.1818181818181818,0.1818181818181818,5.454545454545454,4.0,0.5454545454545454,1.0909090909090908,0.7272727272727273,0.1818181818181818,1.0909090909090908,0.1818181818181818,0.0,0.0,0.0,0.0,88.24,57.14,100.0,100.0,0.0,55.56,57.58,85.71,0.0233553928875819,0.0,0.0,0.3636363636363636,0.0065831418181818,0.0,0.7272727272727273,0.7272727272727273,0.0147438,7.636363636363637,CB,48,52,60,46,78,45,18,19,25,38,30,45,44,79,39,25,61,64,59,84,82,42,42,29,51,70,89,100,92,29,33,49,83,48,34,43,63,64,37,46,48,44,48,28,41,51,28,72,45,18,18,21,38,30,43,41,72,18,18,49,66,61,80,85,42,42,29,51,70,89,100,92,29,33,49,83,49,34,43,61,61,37,46,44,43,43,Championship
Derby County,3ptd7zlc5isrongig0wij2id4,31q177jwvtfisk6irzsu4eiqy,B. Clark,Bobby Clark,21.0,Midfielder,England,Midfielder,30.0,117.0,9.0,144.0,1.0,2.0,8.0,14.0,12.0,2.0,3.0,24.0,26.0,28.0,2.0,4.0,559.0,33.0,6.0,12.0,7.0,3.0,0.0,2.0,3.0,0.0,77.84,52.94,13.04,50.0,21.43,39.44,10.0,77.78,1.6061050817874902,0.724715539529788,3.0,19.0,0.59605079,9.0,20.0,23.0,1.0008667699999998,76.0,4.83005366726297,18.83720930232558,1.4490161001788908,23.184257602862253,0.1610017889087656,0.3220035778175313,1.2880143112701252,2.25402504472272,1.932021466905188,0.3220035778175313,0.4830053667262969,3.864042933810376,4.186046511627907,4.508050089445439,0.3220035778175313,0.6440071556350626,5.3130590339892665,0.966010733452594,1.932021466905188,1.1270125223613596,0.4830053667262969,0.0,0.3220035778175313,0.4830053667262969,0.0,77.84,52.94,13.04,50.0,21.43,39.44,10.0,77.78,0.2585857913432453,0.1166804983142771,0.4830053667262969,3.0590339892665472,0.095965243470483,1.4490161001788908,3.220035778175313,3.70304114490161,0.161141340429338,12.236135957066187,CM/AM,31,77,76,62,15,95,79,90,96,42,76,99,99,87,19,64,97,69,100,87,69,47,90,77,50,23,56,45,68,49,33,10,73,95,79,72,95,92,95,77,79,87,74,8,49,62,28,13,87,54,74,90,28,46,100,100,69,10,54,97,51,97,74,59,47,82,59,50,23,56,45,68,49,33,10,73,92,59,56,87,95,85,67,77,85,62,Championship
Derby County,3ptd7zlc5isrongig0wij2id4,3q56m7iodtqny26jeqvhwivo5,L. Travis,Lewis Travis,28.0,Midfielder,England,Midfielder,35.0,74.0,8.0,108.0,4.0,0.0,1.0,2.0,0.0,2.0,1.0,2.0,2.0,16.0,6.0,0.0,260.0,1.0,3.0,1.0,6.0,1.0,0.0,0.0,0.0,0.0,82.44,53.33,100.0,50.0,0.0,42.11,80.0,75.0,0.1364482844675654,0.1077816137196162,1.0,7.0,0.18597286,4.0,15.0,13.0,0.3275672599999999,62.0,12.115384615384617,25.615384615384617,2.769230769230769,37.38461538461539,1.3846153846153846,0.0,0.3461538461538461,0.6923076923076923,0.0,0.6923076923076923,0.3461538461538461,0.6923076923076923,0.6923076923076923,5.538461538461538,2.076923076923077,0.0,0.3461538461538461,1.0384615384615383,0.3461538461538461,2.076923076923077,0.3461538461538461,0.0,0.0,0.0,0.0,82.44,53.33,100.0,50.0,0.0,42.11,80.0,75.0,0.0472320984695418,0.0373090201337133,0.3461538461538461,2.423076923076923,0.0643752207692307,1.3846153846153846,5.1923076923076925,4.5,0.1133886669230768,21.461538461538463,DM/CM,8,26,42,20,50,41,11,32,17,53,48,40,39,32,38,4,18,23,39,74,58,47,41,26,51,33,63,96,39,26,9,98,67,41,39,53,64,67,79,52,50,48,43,11,67,74,41,80,41,17,46,17,72,52,48,46,83,72,4,26,37,43,93,67,47,41,26,51,33,63,96,39,26,9,98,67,48,48,59,78,89,89,80,72,67,74,Championship
Derby County,3ptd7zlc5isrongig0wij2id4,4fkuou6jd53frctbllvnfiuj8,M. Fuseini,Mohammed Fuseini,24.0,Attacker,Ghana,Striker,7.0,46.0,0.0,51.0,1.0,0.0,2.0,2.0,0.0,2.0,0.0,9.0,15.0,16.0,0.0,1.0,199.0,6.0,8.0,4.0,3.0,2.0,0.0,0.0,1.0,0.0,87.93,0.0,18.18,44.44,50.0,51.61,25.0,100.0,0.0,0.0,0.0,0.0,0.0,0.0,0.0,0.0,0.0,0.0,3.165829145728643,20.804020100502512,0.0,23.065326633165828,0.4522613065326633,0.0,0.9045226130653266,0.9045226130653266,0.0,0.9045226130653266,0.0,4.0703517587939695,6.783919597989949,7.236180904522612,0.0,0.4522613065326633,2.71356783919598,3.618090452261306,1.809045226130653,1.3567839195979898,0.9045226130653266,0.0,0.0,0.4522613065326633,0.0,87.93,0.0,18.18,44.44,50.0,51.61,25.0,100.0,0.0,0.0,0.0,0.0,0.0,0.0,0.0,0.0,0.0,0.0,LW,14,36,7,21,39,18,11,11,7,29,14,39,57,50,11,43,7,71,46,71,43,54,25,18,54,93,7,43,68,82,93,46,96,25,25,25,25,25,25,25,25,25,25,14,93,7,86,57,18,21,14,7,57,14,79,100,100,11,79,21,100,79,100,64,54,25,21,54,93,7,43,68,82,93,46,96,25,25,25,25,25,25,25,25,25,25,Championship
Derby County,3ptd7zlc5isrongig0wij2id4,51e6y091ekygj4qyo05iw9q6t,R. Hedges,Ryan Hedges,31.0,Midfielder,Wales,Midfielder,20.0,65.0,3.0,82.0,3.0,0.0,2.0,2.0,2.0,0.0,1.0,7.0,7.0,17.0,8.0,3.0,277.0,6.0,4.0,3.0,4.0,3.0,0.0,0.0,1.0,0.0,80.39,37.5,60.0,42.86,50.0,44.74,25.0,57.14,0.0,0.0,0.0,0.0,0.0,0.0,0.0,0.0,0.0,0.0,6.498194945848375,21.11913357400722,0.9747292418772564,26.64259927797833,0.9747292418772564,0.0,0.6498194945848376,0.6498194945848376,0.6498194945848376,0.0,0.3249097472924188,2.274368231046932,2.274368231046932,5.523465703971119,2.5992779783393503,0.9747292418772564,1.9494584837545128,1.2996389891696751,0.9747292418772564,1.2996389891696751,0.9747292418772564,0.0,0.0,0.3249097472924188,0.0,80.39,37.5,60.0,42.86,50.0,44.74,25.0,57.14,0.0,0.0,0.0,0.0,0.0,0.0,0.0,0.0,0.0,0.0,LM/LCM,44,44,28,33,89,39,22,11,22,11,28,56,50,44,78,72,33,39,44,61,39,50,28,33,56,56,33,100,33,67,44,56,67,11,11,11,17,17,17,11,11,11,11,33,67,56,56,89,39,11,11,22,11,33,67,67,78,78,89,44,67,67,67,56,50,28,44,56,56,33,100,33,67,44,56,67,11,11,11,17,17,17,11,11,11,11,Championship
Derby County,3ptd7zlc5isrongig0wij2id4,710poxssyhhnb3q3vr3hsvdhw,D. Ozoh,David Ozoh,21.0,Midfielder,England,Midfielder,25.0,64.0,1.0,89.0,1.0,0.0,1.0,0.0,0.0,0.0,0.0,4.0,5.0,12.0,0.0,2.0,216.0,6.0,0.0,3.0,6.0,0.0,0.0,0.0,0.0,0.0,92.71,100.0,0.0,75.0,0.0,54.55,33.33,75.0,0.0,0.0,0.0,0.0,0.0,0.0,0.0,0.0,0.0,0.0,10.416666666666668,26.666666666666668,0.4166666666666667,37.083333333333336,0.4166666666666667,0.0,0.4166666666666667,0.0,0.0,0.0,0.0,1.6666666666666667,2.083333333333333,5.0,0.0,0.8333333333333334,2.5,0.0,1.25,2.5,0.0,0.0,0.0,0.0,0.0,92.71,100.0,0.0,75.0,0.0,54.55,33.33,75.0,0.0,0.0,0.0,0.0,0.0,0.0,0.0,0.0,0.0,0.0,DM/CM,4,21,9,11,13,41,11,5,17,9,20,61,68,18,2,17,76,4,67,74,23,47,41,26,51,98,100,23,65,26,57,23,67,15,15,23,16,16,20,15,15,15,15,4,74,9,37,20,41,24,5,17,9,20,91,96,65,2,35,93,4,91,98,23,47,41,26,51,98,100,23,65,26,57,23,67,15,15,23,16,16,20,15,15,15,15,Championship
Derby County,3ptd7zlc5isrongig0wij2id4,7loss4i2tdaso5gejo7nxclhx,A. Mowatt,Alex Mowatt,31.0,Midfielder,England,Midfielder,107.0,171.0,10.0,268.0,8.0,0.0,8.0,2.0,0.0,2.0,1.0,2.0,2.0,26.0,10.0,8.0,470.0,2.0,5.0,0.0,10.0,10.0,0.0,0.0,0.0,0.0,84.81,38.46,35.71,0.0,0.0,54.17,61.54,76.92,0.1172690975026558,0.8749090825160071,2.0,16.0,0.3533319699999999,8.0,30.0,24.0,0.6368163699999999,133.0,20.48936170212766,32.744680851063826,1.9148936170212765,51.319148936170215,1.5319148936170213,0.0,1.5319148936170213,0.3829787234042553,0.0,0.3829787234042553,0.1914893617021276,0.3829787234042553,0.3829787234042553,4.97872340425532,1.9148936170212765,1.5319148936170213,0.3829787234042553,0.9574468085106382,0.0,1.9148936170212765,1.9148936170212765,0.0,0.0,0.0,0.0,84.81,38.46,35.71,0.0,0.0,54.17,61.54,76.92,0.0224557846281681,0.1675357817583843,0.3829787234042553,3.0638297872340425,0.0676593134042553,1.5319148936170213,5.74468085106383,4.595744680851063,0.1219435602127659,25.46808510638298,DM/CM,65,93,54,78,83,41,86,32,17,53,48,40,39,71,70,82,32,45,14,96,100,47,41,26,51,48,26,72,14,26,52,74,72,37,91,70,92,91,91,90,84,80,85,52,89,46,74,87,41,78,22,17,48,43,33,33,63,67,74,30,33,14,87,100,47,41,26,51,48,26,72,14,26,52,74,72,35,96,63,93,93,91,83,74,74,87,Championship
Derby County,3ptd7zlc5isrongig0wij2id4,7w9hhlq31pw5r4xwrjtk6yrbp,L. Salvesen,Lars-Jørgen Salvesen,30.0,Attacker,Norway,Striker,14.0,7.0,1.0,21.0,7.0,0.0,1.0,10.0,9.0,1.0,2.0,3.0,3.0,10.0,2.0,1.0,182.0,10.0,0.0,2.0,0.0,0.0,0.0,1.0,5.0,0.0,58.33,100.0,0.0,66.67,50.0,25.0,28.0,0.0,1.0943310758804128,0.0,1.0,0.0,0.0,0.0,3.0,3.0,0.0365406599999997,5.0,6.923076923076923,3.4615384615384617,0.4945054945054945,10.384615384615383,3.4615384615384617,0.0,0.4945054945054945,4.945054945054945,4.450549450549451,0.4945054945054945,0.989010989010989,1.4835164835164836,1.4835164835164836,4.945054945054945,0.989010989010989,0.4945054945054945,4.945054945054945,0.0,0.989010989010989,0.0,0.0,0.0,0.4945054945054945,2.4725274725274726,0.0,58.33,100.0,0.0,66.67,50.0,25.0,28.0,0.0,0.5411527298309734,0.0,0.4945054945054945,0.0,0.0,0.0,1.4835164835164836,1.4835164835164836,0.0180695571428569,2.4725274725274726,ST,42,2,42,5,54,33,14,62,70,33,49,27,25,12,31,57,16,5,52,9,28,50,45,76,51,16,95,28,90,71,5,22,9,67,12,41,10,10,16,53,45,20,16,83,3,61,38,77,33,20,98,97,50,74,56,48,53,61,80,66,5,78,9,28,50,72,100,51,16,95,28,90,71,5,22,9,95,12,52,10,10,16,73,67,30,27,Championship
Derby County,3ptd7zlc5isrongig0wij2id4,87kc5hjp3ry2z624wty5h7g4q,O. Fraulo,Oscar Fraulo,22.0,Midfielder,Denmark,Midfielder,18.0,41.0,0.0,58.0,4.0,1.0,4.0,6.0,3.0,3.0,3.0,4.0,4.0,11.0,2.0,1.0,336.0,8.0,5.0,1.0,1.0,1.0,0.0,0.0,2.0,0.0,74.36,0.0,16.67,25.0,33.33,42.31,36.36,100.0,0.4954446030418734,0.4074888657480366,2.0,3.0,0.09366255,0.0,6.0,12.0,0.5534552799999999,24.0,4.821428571428571,10.982142857142858,0.0,15.535714285714285,1.0714285714285714,0.2678571428571428,1.0714285714285714,1.6071428571428572,0.8035714285714286,0.8035714285714286,0.8035714285714286,1.0714285714285714,1.0714285714285714,2.946428571428571,0.5357142857142857,0.2678571428571428,2.142857142857143,1.3392857142857142,0.2678571428571428,0.2678571428571428,0.2678571428571428,0.0,0.0,0.5357142857142857,0.0,74.36,0.0,16.67,25.0,33.33,42.31,36.36,100.0,0.1327083758147875,0.1091488033253669,0.5357142857142857,0.8035714285714286,0.0250881830357142,0.0,1.6071428571428572,3.2142857142857144,0.1482469499999999,6.428571428571429,CM/AM,8,15,6,13,64,74,29,51,51,58,76,44,44,24,19,28,45,59,31,13,47,47,27,60,50,8,6,51,29,71,46,44,94,62,44,53,26,28,10,35,51,74,21,5,10,6,8,67,74,46,64,56,69,72,41,41,23,28,36,49,69,28,13,49,47,27,69,50,8,6,51,29,71,46,44,94,69,49,64,26,28,10,33,56,82,18,Championship
Derby County,3ptd7zlc5isrongig0wij2id4,8cpku3mo35wk9hkbhqgmydh7u,S. Langås,Sondre Langås,25.0,Defender,Norway,Defender,150.0,124.0,14.0,274.0,13.0,0.0,2.0,1.0,1.0,0.0,0.0,1.0,1.0,25.0,34.0,5.0,630.0,7.0,2.0,0.0,6.0,0.0,1.0,0.0,0.0,0.0,88.67,50.0,0.0,0.0,0.0,55.56,59.09,60.0,0.0,0.0,0.0,0.0,0.0,0.0,0.0,0.0,0.0,0.0,21.428571428571427,17.714285714285715,2.0,39.142857142857146,1.8571428571428568,0.0,0.2857142857142857,0.1428571428571428,0.1428571428571428,0.0,0.0,0.1428571428571428,0.1428571428571428,3.571428571428572,4.857142857142857,0.7142857142857143,1.0,0.2857142857142857,0.0,0.8571428571428571,0.0,0.1428571428571428,0.0,0.0,0.0,88.67,50.0,0.0,0.0,0.0,55.56,59.09,60.0,0.0,0.0,0.0,0.0,0.0,0.0,0.0,0.0,0.0,0.0,RB/RCB,86,82,82,89,82,34,23,38,46,27,29,12,11,73,98,54,59,32,11,75,16,96,48,36,52,89,70,16,11,36,61,64,36,23,20,29,21,21,23,20,20,20,20,79,68,59,71,68,34,11,29,36,27,29,7,7,39,86,25,32,25,11,38,16,95,48,36,52,89,70,16,11,36,61,64,36,23,20,29,21,21,23,20,20,20,20,Championship
Derby County,3ptd7zlc5isrongig0wij2id4,9niqvxfgy02wzphokpoh6u66t,C. Taylor,Charlie Taylor,32.0,Defender,England,Defender,88.0,136.0,22.0,223.0,9.0,0.0,1.0,2.0,0.0,2.0,2.0,2.0,2.0,27.0,25.0,7.0,629.0,4.0,4.0,1.0,6.0,1.0,1.0,0.0,0.0,0.0,81.99,50.0,6.67,50.0,0.0,54.0,52.94,46.15,0.1038364186182799,0.0496652033021591,1.0,8.0,0.1634844799999999,1.0,27.0,37.0,0.6865240099999999,118.0,12.59141494435612,19.45945945945946,3.14785373608903,31.90779014308426,1.287758346581876,0.0,0.1430842607313195,0.2861685214626391,0.0,0.2861685214626391,0.2861685214626391,0.2861685214626391,0.2861685214626391,3.863275039745628,3.5771065182829886,1.0015898251192368,0.5723370429252782,0.5723370429252782,0.1430842607313195,0.8585055643879174,0.1430842607313195,0.1430842607313195,0.0,0.0,0.0,81.99,50.0,6.67,50.0,0.0,54.0,52.94,46.15,0.0148573571949844,0.0071063088985601,0.1430842607313195,1.1446740858505564,0.0233920559618441,0.1430842607313195,3.863275039745628,5.294117647058823,0.098230780445151,16.883942766295707,CB,21,86,84,54,34,45,48,36,8,94,92,65,65,62,46,69,40,64,59,84,82,92,42,29,51,26,74,72,61,29,26,33,31,43,67,89,92,89,77,89,95,89,70,2,80,74,23,15,45,39,25,8,89,84,55,53,34,13,51,23,47,53,69,75,85,42,29,51,26,74,72,61,29,26,33,31,43,67,87,85,82,74,85,92,84,62,Championship
Derby County,3ptd7zlc5isrongig0wij2id4,es0kugb0laflbbe0ik28ohmmt,S. Szmodics,Sam Szmodics,30.0,Attacker,Republic of Ireland,Striker,31.0,92.0,6.0,120.0,2.0,1.0,3.0,14.0,7.0,7.0,5.0,8.0,9.0,14.0,3.0,1.0,455.0,21.0,5.0,2.0,3.0,3.0,0.0,2.0,5.0,0.0,81.08,66.67,25.0,25.0,35.71,42.42,25.0,60.0,1.426935503715359,0.2286472472130317,4.0,9.0,0.23074241,4.0,13.0,19.0,0.3656091199999999,47.0,6.131868131868132,18.1978021978022,1.1868131868131868,23.736263736263737,0.3956043956043956,0.1978021978021978,0.5934065934065934,2.769230769230769,1.3846153846153846,1.3846153846153846,0.989010989010989,1.5824175824175826,1.7802197802197803,2.769230769230769,0.5934065934065934,0.1978021978021978,4.153846153846154,0.989010989010989,0.3956043956043956,0.5934065934065934,0.5934065934065934,0.0,0.3956043956043956,0.989010989010989,0.0,81.08,66.67,25.0,25.0,35.71,42.42,25.0,60.0,0.2822509787568842,0.0452269280201601,0.7912087912087913,1.7802197802197803,0.0456413558241758,0.7912087912087913,2.571428571428572,3.758241758241758,0.0723182874725274,9.296703296703296,ST,92,97,95,95,22,80,30,84,49,100,90,68,68,30,46,57,70,56,52,67,91,50,76,76,51,88,80,75,30,42,47,12,55,78,39,84,84,78,85,98,97,77,95,77,94,92,91,12,72,23,70,28,92,74,61,59,12,36,47,45,42,44,55,86,50,64,59,51,88,80,75,30,42,47,12,55,64,36,75,78,69,81,100,97,62,92,Championship
Derby County,3ptd7zlc5isrongig0wij2id4,kxfjnow9ky2mxefjujv392ol,J. Ward,Joe Ward,31.0,Midfielder,England,Midfielder,32.0,79.0,3.0,103.0,3.0,0.0,8.0,2.0,1.0,1.0,1.0,9.0,9.0,12.0,12.0,5.0,273.0,7.0,0.0,6.0,1.0,8.0,0.0,0.0,1.0,0.0,76.3,20.0,13.79,66.67,50.0,50.0,42.86,33.33,0.1590978243639322,0.8880638755476263,1.0,5.0,0.12267565,4.0,13.0,19.0,0.81470567,51.0,10.54945054945055,26.043956043956044,0.989010989010989,33.95604395604396,0.989010989010989,0.0,2.6373626373626373,0.6593406593406593,0.3296703296703296,0.3296703296703296,0.3296703296703296,2.967032967032967,2.967032967032967,3.956043956043956,3.956043956043956,1.6483516483516485,2.307692307692308,0.0,1.978021978021978,0.3296703296703296,2.6373626373626373,0.0,0.0,0.3296703296703296,0.0,76.3,20.0,13.79,66.67,50.0,50.0,42.86,33.33,0.0524498322078897,0.2927683106200966,0.3296703296703296,1.6483516483516485,0.0404425219780219,1.3186813186813189,4.285714285714286,6.263736263736264,0.2685842868131868,16.813186813186814,RM/RCM,44,71,50,71,56,29,82,15,12,35,44,59,56,24,88,79,15,6,74,12,88,53,26,29,53,41,35,47,94,82,71,68,6,24,76,38,44,41,74,65,71,71,65,59,100,59,94,76,29,94,12,18,47,47,71,71,47,100,100,24,6,94,6,100,53,26,41,53,41,35,47,94,82,71,68,6,29,88,47,59,47,82,82,100,88,88,Championship
Lincoln City,b3vbyitzi3nrw9ehj1eoko219,1lgxmhkrkllqcs780ifgpjw4q,D. Jefferies,Dom Jefferies,24.0,Midfielder,Wales,Midfielder,19.0,26.0,1.0,42.0,2.0,0.0,2.0,5.0,3.0,2.0,3.0,6.0,6.0,18.0,14.0,4.0,324.0,8.0,1.0,1.0,10.0,3.0,1.0,0.0,1.0,0.0,82.35,33.33,33.33,16.67,20.0,52.94,50.0,71.43,0.4550279385094573,0.2910617824906706,3.0,2.0,0.03867189,1.0,4.0,6.0,0.6478716499999999,15.0,5.277777777777778,7.222222222222222,0.2777777777777778,11.666666666666666,0.5555555555555556,0.0,0.5555555555555556,1.3888888888888888,0.8333333333333333,0.5555555555555556,0.8333333333333333,1.6666666666666663,1.6666666666666663,5.0,3.888888888888889,1.1111111111111112,2.2222222222222223,0.2777777777777778,0.2777777777777778,2.7777777777777777,0.8333333333333333,0.2777777777777778,0.0,0.2777777777777778,0.0,82.35,33.33,33.33,16.67,20.0,52.94,50.0,71.43,0.1263966495859603,0.0808504951362973,0.8333333333333333,0.5555555555555556,0.0107421916666666,0.2777777777777778,1.1111111111111112,1.6666666666666663,0.1799643472222221,4.166666666666667,CM,50,50,50,50,50,50,50,50,50,50,50,50,50,50,100,100,50,50,50,100,50,100,50,50,50,100,50,100,50,75,100,100,100,50,50,50,50,50,75,50,100,100,50,100,50,50,50,50,50,50,50,50,50,50,50,50,100,100,100,50,50,50,100,50,100,50,50,50,100,50,100,50,75,100,100,100,50,50,50,50,50,100,100,100,100,100,Championship
Lincoln City,b3vbyitzi3nrw9ehj1eoko219,24g0rf7o960uai5a4h42d6rkk,D. Elerewe,Deji Elerewe,22.0,Defender,England,Defender,93.0,38.0,11.0,130.0,19.0,0.0,1.0,4.0,4.0,0.0,0.0,2.0,2.0,29.0,35.0,7.0,540.0,16.0,3.0,1.0,3.0,1.0,0.0,0.0,0.0,0.0,73.86,34.38,25.0,50.0,0.0,59.18,61.29,50.0,0.527418650419063,0.1370108705031218,0.0,6.0,0.16429128,3.0,12.0,10.0,0.4058498899999999,59.0,15.5,6.333333333333333,1.8333333333333333,21.666666666666668,3.1666666666666665,0.0,0.1666666666666666,0.6666666666666666,0.6666666666666666,0.0,0.0,0.3333333333333333,0.3333333333333333,4.833333333333333,5.833333333333333,1.1666666666666667,2.6666666666666665,0.5,0.1666666666666666,0.5,0.1666666666666666,0.0,0.0,0.0,0.0,73.86,34.38,25.0,50.0,0.0,59.18,61.29,50.0,0.0879031084031771,0.0228351450838536,0.0,1.0,0.02738188,0.5,2.0,1.6666666666666667,0.0676416483333333,9.833333333333334,CB,23,28,52,21,78,45,48,70,79,38,30,65,65,72,72,69,97,48,59,48,82,42,42,29,51,5,31,79,61,29,54,57,36,85,80,43,83,90,90,68,62,74,52,10,11,35,7,67,45,43,52,58,38,30,59,59,56,56,57,95,38,58,34,80,42,42,29,51,5,31,79,61,29,54,57,36,79,79,43,82,90,89,64,62,70,44,Championship
Lincoln City,b3vbyitzi3nrw9ehj1eoko219,2iy84h1v8wt8l6prv701uohk9,R. Hackett,Reeco Hackett,28.0,Midfielder,St. Lucia,Midfielder,20.0,47.0,5.0,59.0,2.0,1.0,8.0,7.0,4.0,3.0,3.0,7.0,7.0,12.0,11.0,3.0,370.0,20.0,2.0,2.0,6.0,8.0,0.0,1.0,1.0,0.0,73.75,45.45,47.06,28.57,14.29,31.58,33.33,100.0,0.6051723535944616,1.0043692228168457,2.0,2.0,0.06479232,2.0,6.0,4.0,0.4000301199999998,22.0,4.864864864864865,11.432432432432432,1.2162162162162162,14.351351351351353,0.4864864864864865,0.2432432432432432,1.945945945945946,1.7027027027027029,0.972972972972973,0.7297297297297298,0.7297297297297298,1.7027027027027029,1.7027027027027029,2.91891891891892,2.675675675675676,0.7297297297297298,4.864864864864865,0.4864864864864865,0.4864864864864865,1.4594594594594597,1.945945945945946,0.0,0.2432432432432432,0.2432432432432432,0.0,73.75,45.45,47.06,28.57,14.29,31.58,33.33,100.0,0.1472040860094636,0.2443060271716652,0.4864864864864865,0.4864864864864865,0.015760294054054,0.4864864864864865,1.4594594594594597,0.972972972972973,0.0973046237837837,5.351351351351352,RM/RCM,24,41,71,32,47,74,82,62,68,59,82,38,35,24,79,50,88,26,29,68,88,53,71,29,53,18,76,94,18,15,12,44,94,71,94,59,24,24,47,41,26,35,35,24,35,65,12,47,76,71,76,71,59,94,41,35,18,88,41,94,18,24,65,88,53,65,18,53,18,76,94,18,15,12,44,94,76,76,59,24,24,47,41,24,41,35,Championship
Lincoln City,b3vbyitzi3nrw9ehj1eoko219,43dtg3eg858i3agncnpq3p1wp,B. House,Ben House,27.0,Attacker,Scotland,Striker,17.0,22.0,3.0,39.0,10.0,0.0,1.0,10.0,10.0,0.0,1.0,8.0,9.0,38.0,9.0,2.0,397.0,25.0,10.0,1.0,9.0,0.0,0.0,1.0,3.0,0.0,72.22,60.0,0.0,12.5,30.0,51.35,45.45,52.94,1.304360513108444,0.0,1.0,1.0,0.05491138,1.0,1.0,1.0,0.0241104199999998,6.0,3.853904282115869,4.987405541561713,0.6801007556675063,8.841309823677582,2.267002518891688,0.0,0.2267002518891687,2.267002518891688,2.267002518891688,0.0,0.2267002518891687,1.81360201511335,2.040302267002519,8.614609571788412,2.040302267002519,0.4534005037783375,5.6675062972292185,2.267002518891688,0.2267002518891687,2.040302267002519,0.0,0.0,0.2267002518891687,0.6801007556675063,0.0,72.22,60.0,0.0,12.5,30.0,51.35,45.45,52.94,0.2956988568759696,0.0,0.2267002518891687,0.2267002518891687,0.0124484236775818,0.2267002518891687,0.2267002518891687,0.2267002518891687,0.0054658382871536,1.3602015113350123,ST,67,29,77,38,71,33,14,62,77,13,27,68,68,92,94,81,88,94,27,100,28,50,45,40,51,49,74,28,15,33,83,61,48,73,12,41,26,41,45,26,23,17,19,48,12,69,25,64,33,11,48,67,13,19,66,62,94,88,78,80,88,23,100,28,50,39,28,51,49,74,28,15,33,83,61,48,67,12,39,22,33,42,19,22,14,16,Championship
Lincoln City,b3vbyitzi3nrw9ehj1eoko219,4vyhozjol9crh23fh7str9ln9,C. Elder,Callum Elder,31.0,Defender,Australia,Defender,26.0,26.0,5.0,49.0,3.0,1.0,5.0,1.0,1.0,0.0,0.0,0.0,0.0,8.0,4.0,1.0,180.0,1.0,0.0,0.0,4.0,3.0,0.0,0.0,0.0,0.0,80.33,45.45,37.5,0.0,0.0,47.06,33.33,80.0,0.0,0.0,0.0,0.0,0.0,0.0,0.0,0.0,0.0,0.0,13.0,13.0,2.5,24.5,1.5,0.5,2.5,0.5,0.5,0.0,0.0,0.0,0.0,4.0,2.0,0.5,0.5,0.0,0.0,2.0,1.5,0.0,0.0,0.0,0.0,80.33,45.45,37.5,0.0,0.0,47.06,33.33,80.0,0.0,0.0,0.0,0.0,0.0,0.0,0.0,0.0,0.0,0.0,LB/LCB,6,5,40,3,23,82,53,21,42,23,16,3,3,5,6,5,11,6,10,35,48,45,42,32,52,52,79,94,10,32,26,27,76,26,23,39,23,23,24,23,23,23,23,39,32,87,32,58,97,97,45,68,23,16,3,3,39,26,10,13,6,10,87,84,45,42,32,52,52,79,94,10,32,26,27,76,26,23,39,23,23,24,23,23,23,23,Championship
Lincoln City,b3vbyitzi3nrw9ehj1eoko219,5moxxj16czqfkrkruk9dlkm50,A. Coubiș,Andrei Coubis,22.0,Defender,Romania,Defender,43.0,35.0,8.0,77.0,10.0,1.0,4.0,4.0,3.0,1.0,2.0,1.0,1.0,16.0,12.0,3.0,219.0,9.0,1.0,0.0,4.0,1.0,0.0,0.0,1.0,0.0,79.38,47.06,20.0,0.0,25.0,57.14,62.5,80.0,0.0,0.0,0.0,0.0,0.0,0.0,0.0,0.0,0.0,0.0,17.67123287671233,14.383561643835618,3.2876712328767126,31.64383561643836,4.109589041095891,0.4109589041095891,1.6438356164383563,1.6438356164383563,1.2328767123287672,0.4109589041095891,0.8219178082191781,0.4109589041095891,0.4109589041095891,6.575342465753425,4.931506849315069,1.2328767123287672,3.6986301369863015,0.4109589041095891,0.0,1.6438356164383563,0.4109589041095891,0.0,0.0,0.4109589041095891,0.0,79.38,47.06,20.0,0.0,25.0,57.14,62.5,80.0,0.0,0.0,0.0,0.0,0.0,0.0,0.0,0.0,0.0,0.0,CB,5,22,34,6,39,95,89,70,58,84,92,45,44,25,11,25,87,20,25,65,82,42,42,69,51,20,61,75,25,70,44,61,77,20,34,43,25,25,37,20,21,20,20,16,54,75,21,85,98,97,95,98,93,98,64,64,87,36,61,100,31,25,92,93,42,42,89,51,20,61,75,25,70,44,61,77,20,34,43,25,25,37,20,21,20,20,Championship
Lincoln City,b3vbyitzi3nrw9ehj1eoko219,6hkzb4vehsx4wwm9y98euwacq,R. Street,Rob Street,24.0,Attacker,England,Striker,9.0,20.0,1.0,27.0,8.0,0.0,3.0,8.0,8.0,0.0,3.0,1.0,1.0,22.0,10.0,0.0,280.0,14.0,5.0,0.0,4.0,2.0,0.0,0.0,1.0,0.0,72.97,25.0,28.57,0.0,12.5,57.89,47.06,44.44,0.9610779201982432,0.3520849691322901,0.0,3.0,0.07535379,1.0,5.0,7.0,0.5540907399999998,14.0,2.892857142857143,6.428571428571429,0.3214285714285714,8.678571428571429,2.571428571428571,0.0,0.9642857142857144,2.571428571428571,2.571428571428571,0.0,0.9642857142857144,0.3214285714285714,0.3214285714285714,7.071428571428571,3.2142857142857144,0.0,4.5,1.6071428571428572,0.0,1.2857142857142856,0.6428571428571428,0.0,0.0,0.3214285714285714,0.0,72.97,25.0,28.57,0.0,12.5,57.89,47.06,44.44,0.3089179029208639,0.1131701686496646,0.0,0.9642857142857144,0.0242208610714285,0.3214285714285714,1.6071428571428572,2.25,0.1781005949999999,4.5,ST,19,24,42,17,60,33,30,42,62,13,62,6,6,62,96,21,37,56,7,81,81,50,14,9,51,53,39,81,7,6,95,69,31,56,64,15,47,42,45,76,73,88,52,34,30,45,20,66,33,41,61,78,13,72,8,6,77,97,21,54,70,7,91,89,50,14,8,51,53,39,81,7,6,95,69,31,73,73,15,56,47,50,80,83,94,64,Championship
Lincoln City,b3vbyitzi3nrw9ehj1eoko219,6ru9t59kkjbpa3pwp3qbp6o5x,A. Reach,Adam Reach,33.0,Midfielder,England,Midfielder,56.0,54.0,11.0,105.0,8.0,0.0,4.0,10.0,4.0,6.0,4.0,6.0,7.0,24.0,20.0,8.0,537.0,7.0,4.0,4.0,7.0,5.0,0.0,1.0,1.0,0.0,72.92,40.74,26.32,66.67,10.0,60.0,66.67,87.5,0.8909409035064613,0.3213753997115715,1.0,4.0,0.13191383,4.0,12.0,17.0,0.87708144,52.0,9.385474860335195,9.05027932960894,1.843575418994413,17.59776536312849,1.340782122905028,0.0,0.6703910614525139,1.675977653631285,0.6703910614525139,1.005586592178771,0.6703910614525139,1.005586592178771,1.1731843575418994,4.022346368715084,3.35195530726257,1.340782122905028,1.1731843575418994,0.6703910614525139,0.6703910614525139,1.1731843575418994,0.8379888268156425,0.0,0.1675977653631284,0.1675977653631284,0.0,72.92,40.74,26.32,66.67,10.0,60.0,66.67,87.5,0.1493197044982896,0.0538617988343415,0.1675977653631284,0.6703910614525139,0.0221084631284916,0.6703910614525139,2.011173184357542,2.8491620111731844,0.1469968893854748,8.71508379888268,LM/LCM,89,33,100,61,100,39,44,83,56,100,100,44,50,67,100,100,44,39,61,78,61,50,61,33,56,11,56,67,89,22,78,94,89,78,44,28,39,44,61,78,78,67,89,67,22,78,22,100,39,22,67,33,89,78,33,22,44,100,100,11,22,56,56,44,50,56,22,56,11,56,67,89,22,78,94,89,67,22,22,33,33,33,78,56,56,44,Championship
Lincoln City,b3vbyitzi3nrw9ehj1eoko219,9kacd96xriqrc23e0a8vzov3e,R. Towler,Ryley Towler,24.0,Defender,England,Defender,57.0,18.0,6.0,75.0,11.0,0.0,1.0,2.0,1.0,1.0,2.0,0.0,0.0,19.0,18.0,8.0,362.0,6.0,4.0,0.0,1.0,0.0,0.0,0.0,0.0,0.0,77.32,37.5,0.0,0.0,0.0,70.37,61.11,25.0,0.0,0.0,0.0,0.0,0.0,0.0,0.0,0.0,0.0,0.0,14.171270718232044,4.475138121546961,1.4917127071823204,18.646408839779006,2.7348066298342544,0.0,0.2486187845303867,0.4972375690607735,0.2486187845303867,0.2486187845303867,0.4972375690607735,0.0,0.0,4.723756906077348,4.475138121546961,1.988950276243094,1.4917127071823204,0.994475138121547,0.0,0.2486187845303867,0.0,0.0,0.0,0.0,0.0,77.32,37.5,0.0,0.0,0.0,70.37,61.11,25.0,0.0,0.0,0.0,0.0,0.0,0.0,0.0,0.0,0.0,0.0,CB,9,4,23,3,46,45,48,36,25,84,92,18,17,39,29,77,61,64,25,13,36,42,42,29,51,11,39,36,25,29,85,56,15,20,34,43,25,25,37,20,21,20,20,5,2,21,2,54,45,51,41,26,85,95,18,17,52,21,87,74,79,25,16,36,42,42,29,51,11,39,36,25,29,85,56,15,20,34,43,25,25,37,20,21,20,20,Championship
Lincoln City,b3vbyitzi3nrw9ehj1eoko219,a6sikfu3j1pp7mlfcdte2inoq,T. Hamer,Tom Hamer,26.0,Defender,England,Defender,9.0,12.0,2.0,21.0,14.0,0.0,1.0,1.0,1.0,0.0,0.0,0.0,0.0,18.0,20.0,2.0,180.0,4.0,3.0,0.0,1.0,0.0,0.0,0.0,0.0,0.0,58.33,66.67,0.0,0.0,0.0,66.67,66.67,100.0,0.1264380807098658,0.112297787638296,0.0,2.0,0.04347372,0.0,3.0,5.0,0.15491747,14.0,4.5,6.0,1.0,10.5,7.0,0.0,0.5,0.5,0.5,0.0,0.0,0.0,0.0,9.0,10.0,1.0,2.0,1.5,0.0,0.5,0.0,0.0,0.0,0.0,0.0,58.33,66.67,0.0,0.0,0.0,66.67,66.67,100.0,0.0632190403549329,0.056148893819148,0.0,1.0,0.02173686,0.0,1.5,2.5,0.077458735,7.0,RB/RCB,7,4,7,4,89,34,9,38,46,27,29,4,4,52,82,16,27,54,11,4,16,46,48,36,52,4,96,16,11,36,96,82,98,50,46,29,48,46,23,45,45,43,39,7,4,25,4,100,34,27,57,75,27,29,4,4,100,100,54,71,88,11,16,16,46,48,36,52,4,96,16,11,36,96,82,98,79,64,29,62,54,23,54,61,54,43,Championship
Lincoln City,b3vbyitzi3nrw9ehj1eoko219,b6ctnwazqrxkw1639gn3vbahh,C. McGrandles,Conor McGrandles,30.0,Midfielder,Scotland,Midfielder,76.0,62.0,16.0,136.0,4.0,0.0,3.0,2.0,1.0,1.0,0.0,5.0,6.0,31.0,7.0,9.0,526.0,6.0,9.0,4.0,8.0,2.0,0.0,0.0,1.0,0.0,75.56,50.0,40.0,80.0,50.0,54.39,66.67,57.14,0.0,0.0,0.0,0.0,0.0,0.0,0.0,0.0,0.0,0.0,13.003802281368822,10.608365019011408,2.737642585551331,23.26996197718632,0.6844106463878328,0.0,0.5133079847908746,0.3422053231939164,0.1711026615969582,0.1711026615969582,0.0,0.855513307984791,1.0266159695817492,5.304182509505703,1.1977186311787074,1.5399239543726235,1.0266159695817492,1.5399239543726235,0.6844106463878328,1.3688212927756656,0.3422053231939164,0.0,0.0,0.1711026615969582,0.0,75.56,50.0,40.0,80.0,50.0,54.39,66.67,57.14,0.0,0.0,0.0,0.0,0.0,0.0,0.0,0.0,0.0,0.0,DM/CM,43,17,87,26,50,41,45,32,48,30,20,71,79,90,50,86,76,82,80,85,75,47,41,63,51,2,54,74,73,96,54,79,43,15,15,23,16,16,20,15,15,15,15,15,4,72,4,39,41,33,20,39,24,20,61,67,74,26,76,65,65,74,72,65,47,41,59,51,2,54,74,73,96,54,79,43,15,15,23,16,16,20,15,15,15,15,Championship
Lincoln City,b3vbyitzi3nrw9ehj1eoko219,dbwxbxu6sah8hsb0fp1o0mlg4,I. Varfolomeev,Ivan Varfolomeev,22.0,Midfielder,Ukraine,Midfielder,62.0,51.0,5.0,106.0,5.0,0.0,4.0,5.0,1.0,4.0,2.0,3.0,3.0,20.0,9.0,6.0,365.0,2.0,1.0,2.0,6.0,7.0,0.0,0.0,1.0,0.0,78.52,41.67,41.18,66.67,20.0,52.63,62.5,50.0,0.3739549536390655,0.4905688290721934,4.0,0.0,0.0,1.0,3.0,8.0,0.4883797899999997,39.0,15.287671232876711,12.575342465753426,1.2328767123287672,26.136986301369863,1.2328767123287672,0.0,0.9863013698630138,1.2328767123287672,0.2465753424657534,0.9863013698630138,0.4931506849315069,0.7397260273972603,0.7397260273972603,4.931506849315069,2.219178082191781,1.479452054794521,0.4931506849315069,0.2465753424657534,0.4931506849315069,1.479452054794521,1.726027397260274,0.0,0.0,0.2465753424657534,0.0,78.52,41.67,41.18,66.67,20.0,52.63,62.5,50.0,0.0922080707603175,0.1209621770314997,0.9863013698630138,0.0,0.0,0.2465753424657534,0.7397260273972603,1.9726027397260275,0.1204224139726026,9.616438356164384,CM/AM,67,26,49,36,83,29,29,41,19,74,51,32,32,64,95,88,8,17,49,78,91,47,27,40,50,36,31,97,92,45,85,87,31,41,59,86,8,8,28,22,37,62,33,79,15,51,36,82,29,36,41,13,77,51,26,26,82,97,87,3,15,49,92,95,47,27,33,50,36,31,97,92,45,85,87,31,41,62,85,8,8,28,15,28,64,36,Championship
Lincoln City,b3vbyitzi3nrw9ehj1eoko219,eydnlstoc5zlgqj650v05oums,F. Draper,Freddie Draper,22.0,Attacker,England,Striker,4.0,26.0,2.0,30.0,18.0,0.0,6.0,8.0,5.0,3.0,1.0,5.0,6.0,30.0,3.0,1.0,380.0,19.0,7.0,1.0,2.0,0.0,0.0,1.0,4.0,0.0,57.69,40.0,0.0,20.0,50.0,31.91,37.5,50.0,0.6305460444247197,0.3828865333006048,3.0,5.0,0.13540321,2.0,1.0,0.0,0.1138541599999997,10.0,0.9473684210526316,6.157894736842105,0.4736842105263157,7.105263157894736,4.263157894736842,0.0,1.4210526315789471,1.894736842105263,1.1842105263157894,0.7105263157894737,0.2368421052631578,1.1842105263157894,1.4210526315789471,7.105263157894736,0.7105263157894737,0.2368421052631578,4.5,1.6578947368421053,0.2368421052631578,0.4736842105263157,0.0,0.0,0.2368421052631578,0.9473684210526316,0.0,57.69,40.0,0.0,20.0,50.0,31.91,37.5,50.0,0.1493398526269073,0.0906836526238274,0.7105263157894737,1.1842105263157894,0.0320691813157894,0.4736842105263157,0.2368421052631578,0.0,0.0269654589473683,2.3684210526315788,ST,2,38,62,23,88,33,82,42,26,73,27,47,52,88,46,57,66,81,27,48,28,50,45,60,51,14,48,28,21,71,17,45,40,33,67,69,65,55,62,26,9,42,37,2,27,56,9,86,33,77,29,20,70,21,43,47,78,41,55,54,72,25,41,28,50,41,54,51,14,48,28,21,71,17,45,40,23,67,66,62,61,62,20,9,41,23,Championship
Middlesbrough,cq0jd5ztepqjjeikk5trb15vr,237j1qagaotsy5j9wo3xqfgtl,Neto Borges,Vivaldo Borges dos Santos Neto,30.0,Defender,Brazil,Defender,113.0,140.0,5.0,250.0,9.0,0.0,7.0,4.0,1.0,3.0,3.0,2.0,2.0,17.0,16.0,5.0,436.0,6.0,3.0,2.0,1.0,3.0,0.0,0.0,0.0,0.0,88.34,41.67,30.0,100.0,0.0,56.67,60.0,33.33,0.2332268117815048,0.6388144066296041,4.0,5.0,0.10354476,5.0,18.0,17.0,1.0742457199999995,127.0,23.32568807339449,28.89908256880734,1.0321100917431194,51.60550458715597,1.8577981651376148,0.0,1.444954128440367,0.8256880733944955,0.2064220183486238,0.6192660550458716,0.6192660550458716,0.4128440366972477,0.4128440366972477,3.5091743119266057,3.302752293577982,1.0321100917431194,1.2385321100917432,0.6192660550458716,0.4128440366972477,0.2064220183486238,0.6192660550458716,0.0,0.0,0.0,0.0,88.34,41.67,30.0,100.0,0.0,56.67,60.0,33.33,0.0481431492209528,0.1318653591666614,0.8256880733944955,1.0321100917431194,0.0213739183486238,1.0321100917431194,3.7155963302752295,3.5091743119266057,0.2217479697247705,26.21559633027524,LB/LCB,84,87,40,87,73,35,79,82,42,94,98,29,26,35,68,56,68,32,55,8,48,45,42,32,52,94,71,73,97,32,42,69,8,81,81,100,61,58,84,84,77,87,87,90,100,35,97,71,35,74,77,39,94,94,32,26,19,65,48,68,19,52,6,45,45,42,32,52,94,71,73,97,32,42,69,8,81,74,100,55,55,90,81,68,94,94,Championship
Middlesbrough,cq0jd5ztepqjjeikk5trb15vr,33ci88veciqvd4w5y145dyooa,K. Joseph,Kyle Joseph,25.0,Attacker,Scotland,Striker,9.0,32.0,0.0,41.0,9.0,0.0,4.0,6.0,5.0,1.0,2.0,15.0,15.0,24.0,3.0,3.0,300.0,18.0,7.0,3.0,4.0,0.0,0.0,0.0,2.0,0.0,64.06,0.0,0.0,20.0,33.33,47.06,64.29,80.0,0.6600523420005324,0.2219449220889115,0.0,8.0,0.23193959,4.0,3.0,5.0,0.10940005,12.0,2.7,9.6,0.0,12.3,2.7,0.0,1.2,1.7999999999999998,1.5,0.3,0.6,4.5,4.5,7.199999999999999,0.8999999999999999,0.8999999999999999,5.4,2.1,0.8999999999999999,1.2,0.0,0.0,0.0,0.6,0.0,64.06,0.0,0.0,20.0,33.33,47.06,64.29,80.0,0.1980157026001597,0.0665834766266734,0.0,2.4,0.069581877,1.2,0.8999999999999999,1.5,0.032820015,3.6,ST,19,47,16,42,66,33,47,18,26,33,49,91,91,73,46,94,58,81,70,81,28,50,14,21,51,31,16,28,21,38,65,97,85,38,38,15,81,80,85,53,61,41,46,29,62,16,55,67,33,59,25,38,33,51,95,90,81,55,93,77,81,70,86,28,50,14,22,51,31,16,28,21,38,65,97,85,42,45,15,88,84,93,62,70,44,53,Championship
Middlesbrough,cq0jd5ztepqjjeikk5trb15vr,43knl3z17afypz27sz4qzkxnu,M. Peart-Harris,Myles Peart-Harris,23.0,Midfielder,England,Midfielder,28.0,73.0,1.0,101.0,4.0,0.0,1.0,4.0,3.0,1.0,2.0,3.0,3.0,11.0,4.0,5.0,194.0,5.0,4.0,2.0,0.0,0.0,0.0,0.0,1.0,0.0,87.07,50.0,0.0,66.67,25.0,64.71,66.67,0.0,0.4552616742822749,0.0524186406403981,2.0,4.0,0.08895225,5.0,5.0,7.0,0.20231538,40.0,12.989690721649485,33.8659793814433,0.4639175257731959,46.855670103092784,1.855670103092784,0.0,0.4639175257731959,1.855670103092784,1.3917525773195878,0.4639175257731959,0.9278350515463918,1.3917525773195878,1.3917525773195878,5.103092783505155,1.855670103092784,2.31958762886598,2.31958762886598,1.855670103092784,0.9278350515463918,0.0,0.0,0.0,0.0,0.4639175257731959,0.0,87.07,50.0,0.0,66.67,25.0,64.71,66.67,0.0,0.2112038695123955,0.0243179260702877,0.9278350515463918,1.855670103092784,0.0412665077319587,2.31958762886598,2.31958762886598,3.247422680412371,0.0938576505154639,18.55670103092784,CM/AM,28,42,15,33,64,29,6,32,51,24,51,32,32,24,46,74,24,47,49,5,22,47,27,40,50,82,47,22,92,54,100,90,5,51,18,53,31,26,64,28,28,21,38,64,97,18,95,95,29,8,67,79,38,79,62,56,85,92,97,56,82,77,5,22,47,27,56,50,82,47,22,92,54,100,90,5,82,18,82,49,44,100,44,64,41,90,Championship
Middlesbrough,cq0jd5ztepqjjeikk5trb15vr,48x7ll37uv2jck8ibaenqk3ro,M. Arfsten,Max Arfsten,25.0,Defender,USA,Defender,45.0,75.0,1.0,116.0,6.0,0.0,6.0,2.0,1.0,1.0,2.0,12.0,12.0,25.0,13.0,1.0,242.0,9.0,0.0,10.0,5.0,4.0,0.0,0.0,0.0,0.0,85.93,16.67,30.77,83.33,0.0,67.57,60.0,55.56,0.1228342833257754,0.6788867421385398,1.0,8.0,0.24988489,1.0,7.0,10.0,0.7577242399999999,39.0,16.735537190082642,27.892561983471072,0.371900826446281,43.14049586776859,2.2314049586776856,0.0,2.2314049586776856,0.743801652892562,0.371900826446281,0.371900826446281,0.743801652892562,4.462809917355371,4.462809917355371,9.297520661157025,4.8347107438016526,0.371900826446281,3.3471074380165287,0.0,3.7190082644628095,1.8595041322314048,1.487603305785124,0.0,0.0,0.0,0.0,85.93,16.67,30.77,83.33,0.0,67.57,60.0,55.56,0.0456821714847925,0.2524785404647462,0.371900826446281,2.975206611570248,0.092932397107438,0.371900826446281,2.603305785123967,3.7190082644628095,0.2817982710743801,14.504132231404958,LB/LCB,27,55,8,39,55,35,66,45,42,61,84,98,94,58,55,5,81,6,100,48,65,45,42,32,52,87,16,77,90,32,90,69,42,71,84,84,74,87,48,60,55,74,55,65,97,16,81,77,35,94,71,52,84,97,100,100,94,87,3,97,6,100,84,81,45,42,32,52,87,16,77,90,32,90,69,42,74,94,94,97,97,52,68,74,100,68,Championship
Middlesbrough,cq0jd5ztepqjjeikk5trb15vr,537yyv46hctf4ig8h7x63cokq,A. Malanda,Adilson Malanda,24.0,Defender,France,Defender,252.0,177.0,16.0,429.0,16.0,0.0,5.0,6.0,4.0,2.0,2.0,5.0,5.0,31.0,32.0,8.0,540.0,8.0,2.0,3.0,3.0,0.0,0.0,0.0,2.0,0.0,91.67,66.67,0.0,60.0,33.33,64.58,80.0,30.0,0.574650081183987,0.3261908413477686,1.0,3.0,0.06317351,2.0,36.0,24.0,0.7283993199999999,297.0,42.0,29.5,2.6666666666666665,71.5,2.6666666666666665,0.0,0.8333333333333334,1.0,0.6666666666666666,0.3333333333333333,0.3333333333333333,0.8333333333333334,0.8333333333333334,5.166666666666667,5.333333333333333,1.3333333333333333,1.3333333333333333,0.3333333333333333,0.5,0.5,0.0,0.0,0.0,0.3333333333333333,0.0,91.67,66.67,0.0,60.0,33.33,64.58,80.0,30.0,0.0957750135306644,0.0543651402246281,0.1666666666666666,0.5,0.0105289183333333,0.3333333333333333,6.0,4.0,0.1213998866666666,49.5,CB,93,97,75,97,71,45,95,92,79,94,92,96,93,84,64,77,80,34,92,48,36,42,42,88,51,90,98,36,70,80,75,97,21,89,93,89,71,73,85,93,87,92,98,90,93,68,97,52,45,89,83,58,92,87,89,88,67,48,66,61,30,89,34,36,42,42,82,51,90,98,36,70,80,75,97,21,80,92,89,68,70,82,97,84,95,98,Championship
Middlesbrough,cq0jd5ztepqjjeikk5trb15vr,54b4j04ondrq28e4eenma1rai,S. Berhalter,Sebastian Berhalter,25.0,Midfielder,USA,Midfielder,64.0,165.0,13.0,217.0,3.0,1.0,13.0,12.0,6.0,6.0,6.0,0.0,0.0,17.0,6.0,2.0,476.0,14.0,3.0,0.0,5.0,12.0,1.0,2.0,3.0,0.0,83.78,54.17,31.58,0.0,25.0,51.52,33.33,45.45,0.9770599413251484,1.2704985481880442,7.0,11.0,0.2940641299999998,4.0,32.0,38.0,1.2573127199999998,129.0,12.100840336134452,31.19747899159664,2.457983193277311,41.02941176470589,0.5672268907563025,0.1890756302521008,2.457983193277311,2.26890756302521,1.134453781512605,1.134453781512605,1.134453781512605,0.0,0.0,3.2142857142857144,1.134453781512605,0.3781512605042016,2.647058823529412,0.5672268907563025,0.0,0.9453781512605042,2.26890756302521,0.1890756302521008,0.3781512605042016,0.5672268907563025,0.0,83.78,54.17,31.58,0.0,25.0,51.52,33.33,45.45,0.1847382242001331,0.2402203137330335,1.3235294117647058,2.0798319327731094,0.0556003607142856,0.7563025210084033,6.050420168067227,7.184873949579832,0.2377271949579831,24.39075630252101,CM/AM,72,97,86,90,42,74,92,85,77,90,87,4,4,49,77,45,71,36,12,71,99,97,90,77,50,62,62,87,12,54,82,36,23,77,92,95,67,72,55,97,96,97,97,59,95,82,87,33,67,92,77,69,85,90,4,4,38,54,38,59,28,12,67,100,95,85,72,50,62,62,87,12,54,82,36,23,79,90,92,56,62,46,95,97,100,97,Championship
Middlesbrough,cq0jd5ztepqjjeikk5trb15vr,5bdvton4u0cb8zryxg58oa221,C. Brittain,Callum Brittain,28.0,Defender,England,Defender,94.0,141.0,17.0,233.0,8.0,1.0,4.0,7.0,6.0,1.0,2.0,18.0,18.0,34.0,13.0,4.0,540.0,15.0,1.0,9.0,8.0,2.0,0.0,0.0,1.0,0.0,84.42,50.0,12.5,50.0,14.29,47.89,57.14,50.0,0.6076484789721165,0.2204760240230924,3.0,11.0,0.2687111199999999,12.0,20.0,24.0,0.7246176599999999,85.0,15.666666666666666,23.5,2.833333333333333,38.833333333333336,1.3333333333333333,0.1666666666666666,0.6666666666666666,1.1666666666666667,1.0,0.1666666666666666,0.3333333333333333,3.0,3.0,5.666666666666667,2.1666666666666665,0.6666666666666666,2.5,0.1666666666666666,1.5,1.3333333333333333,0.3333333333333333,0.0,0.0,0.1666666666666666,0.0,84.42,50.0,12.5,50.0,14.29,47.89,57.14,50.0,0.1012747464953527,0.0367460040038487,0.5,1.8333333333333333,0.0447851866666666,2.0,3.333333333333333,4.0,0.1207696099999999,14.166666666666666,RB/RCB,75,93,93,77,64,80,64,86,98,64,86,98,96,91,52,39,96,20,100,93,68,46,48,82,52,68,70,43,55,79,25,59,14,89,57,86,89,89,98,89,88,86,79,54,82,89,68,61,71,45,86,96,57,86,95,89,86,46,21,84,21,100,75,68,46,48,77,52,68,70,43,55,79,25,59,14,89,50,80,89,82,96,82,93,71,79,Championship
Middlesbrough,cq0jd5ztepqjjeikk5trb15vr,8y00pa70lrue8u1tevqh70161,R. McGree,Riley McGree,27.0,Midfielder,Australia,Midfielder,42.0,76.0,4.0,117.0,0.0,1.0,6.0,8.0,4.0,4.0,1.0,4.0,4.0,5.0,4.0,3.0,305.0,13.0,0.0,1.0,3.0,1.0,0.0,0.0,1.0,0.0,82.39,50.0,25.0,25.0,12.5,25.0,0.0,75.0,1.7750379984648268,0.5638963151468053,5.0,8.0,0.2356064599999999,1.0,10.0,14.0,0.6535527099999998,48.0,12.39344262295082,22.426229508196723,1.180327868852459,34.52459016393443,0.0,0.2950819672131147,1.7704918032786885,2.360655737704918,1.180327868852459,1.180327868852459,0.2950819672131147,1.180327868852459,1.180327868852459,1.475409836065574,1.180327868852459,0.8852459016393442,3.836065573770492,0.0,0.2950819672131147,0.8852459016393442,0.2950819672131147,0.0,0.0,0.2950819672131147,0.0,82.39,50.0,25.0,25.0,12.5,25.0,0.0,75.0,0.5237817044650309,0.1663956339777458,1.475409836065574,2.360655737704918,0.069523217704918,0.2950819672131147,2.950819672131148,4.131147540983607,0.1928516193442622,14.163934426229508,CM/AM,49,49,42,46,4,74,63,69,68,74,24,44,44,6,46,55,67,6,31,42,47,47,27,40,50,51,47,77,29,29,3,4,68,100,69,92,54,59,28,47,62,79,47,62,77,46,67,4,82,72,79,72,90,26,51,51,5,59,64,87,6,36,56,51,47,27,44,50,51,47,77,29,29,3,4,68,100,79,95,82,82,31,62,85,95,64,Championship
Middlesbrough,cq0jd5ztepqjjeikk5trb15vr,983mn5yig2f4upkq9e97hx87p,L. Ayling,Luke Ayling,35.0,Defender,England,Defender,163.0,150.0,18.0,311.0,8.0,1.0,5.0,4.0,3.0,1.0,0.0,4.0,5.0,16.0,12.0,2.0,379.0,4.0,3.0,2.0,3.0,2.0,0.0,0.0,1.0,0.0,89.11,56.25,25.0,50.0,25.0,48.48,53.33,100.0,0.4322769585731496,0.4048908276080551,2.0,12.0,0.25887867,6.0,39.0,46.0,1.17178383,230.0,38.70712401055409,35.620052770448545,4.274406332453825,73.85224274406332,1.899736147757256,0.2374670184696569,1.1873350923482848,0.949868073878628,0.7124010554089709,0.2374670184696569,0.0,0.949868073878628,1.1873350923482848,3.799472295514512,2.849604221635884,0.4749340369393139,0.949868073878628,0.7124010554089709,0.4749340369393139,0.7124010554089709,0.4749340369393139,0.0,0.0,0.2374670184696569,0.0,89.11,56.25,25.0,50.0,25.0,48.48,53.33,100.0,0.1026515205054972,0.0961482176377967,0.4749340369393139,2.849604221635884,0.0614751459102902,1.4248021108179418,9.261213720316622,10.923482849604222,0.2782600124010554,54.61741424802111,CB,57,92,80,80,29,95,95,70,58,84,30,89,93,25,11,16,40,48,77,48,94,42,42,69,51,77,87,79,61,70,10,35,94,75,95,97,97,97,98,96,97,98,93,77,100,92,100,33,97,95,72,62,84,30,95,97,25,3,15,43,62,84,51,95,42,42,70,51,77,87,79,61,70,10,35,94,84,98,97,100,100,98,100,100,100,100,Championship
Middlesbrough,cq0jd5ztepqjjeikk5trb15vr,a0tgok5roew54rmf6szq64fmc,W. Lankshear,Will Lankshear,21.0,Attacker,England,Striker,19.0,46.0,4.0,64.0,9.0,0.0,4.0,21.0,19.0,2.0,8.0,3.0,3.0,14.0,1.0,0.0,497.0,35.0,2.0,2.0,1.0,1.0,0.0,5.0,9.0,0.0,78.05,100.0,25.0,66.67,42.86,31.82,45.0,100.0,2.9388998216554225,0.3594210959610797,1.0,5.0,0.13654715,3.0,10.0,10.0,0.4344740199999998,21.0,3.4406438631790746,8.329979879275655,0.7243460764587525,11.58953722334004,1.6297786720321932,0.0,0.7243460764587525,3.802816901408451,3.4406438631790746,0.3621730382293762,1.448692152917505,0.5432595573440644,0.5432595573440644,2.535211267605634,0.1810865191146881,0.0,6.338028169014085,0.3621730382293762,0.3621730382293762,0.1810865191146881,0.1810865191146881,0.0,0.9054325955734408,1.6297786720321932,0.0,78.05,100.0,25.0,66.67,42.86,31.82,45.0,100.0,0.5321951387303582,0.0650863151639782,0.1810865191146881,0.9054325955734408,0.0247268480885311,0.5432595573440644,1.8108651911468807,1.8108651911468807,0.0786773879275653,3.802816901408451,ST,73,73,87,73,66,33,47,97,97,53,98,27,25,30,18,21,97,25,52,27,66,50,98,97,51,72,95,75,90,57,16,59,94,97,66,41,65,56,73,91,84,80,73,39,52,70,50,53,33,25,83,91,38,91,16,14,9,14,21,84,18,38,20,58,50,97,92,51,72,95,75,90,57,16,59,94,94,42,33,53,50,66,88,72,73,58,Championship
Middlesbrough,cq0jd5ztepqjjeikk5trb15vr,a9qoqaop3g6wk5cxm9fwaevsa,A. Morris,Aidan Morris,24.0,Midfielder,USA,Midfielder,148.0,208.0,9.0,356.0,3.0,0.0,5.0,9.0,0.0,9.0,5.0,2.0,2.0,30.0,6.0,7.0,450.0,4.0,9.0,2.0,6.0,0.0,0.0,1.0,2.0,0.0,92.23,56.25,0.0,100.0,22.22,58.82,37.5,37.5,0.5932978849015956,0.16642667887204,6.0,13.0,0.27659027,10.0,34.0,34.0,0.6809445899999997,205.0,29.6,41.6,1.8,71.2,0.6,0.0,1.0,1.8,0.0,1.8,1.0,0.4,0.4,6.0,1.2,1.4,0.8,1.8,0.4,1.2,0.0,0.0,0.2,0.4,0.0,92.23,56.25,0.0,100.0,22.22,58.82,37.5,37.5,0.1186595769803191,0.0332853357744079,1.2,2.6,0.055318054,2.0,6.8,6.8,0.1361889179999999,41.0,DM/CM,89,98,49,98,39,41,70,93,17,96,98,40,39,86,38,73,59,82,57,74,23,47,89,80,51,93,76,23,90,60,78,29,20,83,50,99,87,85,96,96,96,83,98,98,100,43,100,35,41,64,96,17,100,100,36,36,91,29,65,54,83,51,63,23,47,89,78,51,93,76,23,90,60,78,29,20,85,46,100,83,76,100,93,91,83,100,Championship
Millwall,40d2qd8lr1tgsvmg5l1fzaf4o,1w4wz4w7gbuxzjrwka5c6kjbp,J. Cooper,Jake Cooper,31.0,Defender,England,Defender,193.0,94.0,22.0,286.0,20.0,1.0,2.0,4.0,4.0,0.0,1.0,1.0,1.0,27.0,38.0,7.0,532.0,8.0,5.0,0.0,1.0,1.0,0.0,0.0,0.0,0.0,82.18,38.6,33.33,0.0,0.0,61.36,68.97,50.0,0.382110984746576,0.2001069331477986,0.0,2.0,0.03371192,0.0,13.0,15.0,0.3829867199999999,114.0,32.650375939849624,15.902255639097744,3.721804511278195,48.38345864661654,3.3834586466165413,0.169172932330827,0.3383458646616541,0.6766917293233082,0.6766917293233082,0.0,0.169172932330827,0.169172932330827,0.169172932330827,4.56766917293233,6.428571428571428,1.1842105263157894,1.3533834586466165,0.8458646616541353,0.0,0.169172932330827,0.169172932330827,0.0,0.0,0.0,0.0,82.18,38.6,33.33,0.0,0.0,61.36,68.97,50.0,0.0646428357653982,0.0338526766603418,0.0,0.3383458646616541,0.0057031443609022,0.0,2.199248120300752,2.537593984962406,0.0647909864661653,19.285714285714285,CB,74,72,84,74,82,95,67,70,79,38,72,45,44,62,75,69,80,79,25,13,82,42,42,29,51,28,46,88,25,29,64,79,36,72,87,43,63,61,37,71,73,72,67,56,67,85,61,70,95,67,54,61,38,74,41,39,48,62,59,66,74,25,11,84,42,42,29,51,28,46,88,25,29,64,79,36,62,85,43,59,59,37,70,69,69,66,Championship
Millwall,40d2qd8lr1tgsvmg5l1fzaf4o,4e1aqvw3hyaqccwxrec2rwe3u,Z. Sturge,Zak Sturge,22.0,Defender,England,Defender,51.0,71.0,14.0,118.0,5.0,1.0,4.0,2.0,2.0,0.0,0.0,11.0,13.0,25.0,11.0,6.0,513.0,8.0,5.0,3.0,6.0,4.0,0.0,0.0,0.0,0.0,77.12,48.28,19.05,27.27,0.0,45.45,45.45,50.0,0.0,0.0,0.0,0.0,0.0,0.0,0.0,0.0,0.0,0.0,8.947368421052632,12.456140350877192,2.456140350877193,20.70175438596491,0.8771929824561403,0.175438596491228,0.7017543859649122,0.3508771929824561,0.3508771929824561,0.0,0.0,1.9298245614035088,2.280701754385965,4.385964912280701,1.9298245614035088,1.0526315789473684,1.4035087719298245,0.8771929824561403,0.5263157894736842,1.0526315789473684,0.7017543859649122,0.0,0.0,0.0,0.0,77.12,48.28,19.05,27.27,0.0,45.45,45.45,50.0,0.0,0.0,0.0,0.0,0.0,0.0,0.0,0.0,0.0,0.0,LB/LCB,39,42,89,42,50,82,40,45,63,23,16,94,97,58,42,73,76,55,69,61,65,45,42,32,52,32,90,34,23,32,19,48,27,26,23,39,23,23,24,23,23,23,23,13,23,84,13,26,81,29,32,48,23,16,90,94,48,23,55,71,39,61,52,48,45,42,32,52,32,90,34,23,32,19,48,27,26,23,39,23,23,24,23,23,23,23,Championship
Millwall,40d2qd8lr1tgsvmg5l1fzaf4o,552cgdv8qya776at130r2d0mi,C. Taylor,Caleb Taylor,23.0,Defender,England,Defender,206.0,87.0,11.0,292.0,22.0,0.0,2.0,8.0,7.0,1.0,3.0,0.0,0.0,30.0,31.0,10.0,540.0,13.0,3.0,0.0,2.0,1.0,0.0,1.0,2.0,0.0,87.43,47.83,50.0,0.0,25.0,56.6,57.89,40.0,0.831204683527495,0.0659529223020879,1.0,1.0,0.01689528,0.0,14.0,16.0,0.4239572999999997,189.0,34.333333333333336,14.5,1.8333333333333333,48.66666666666666,3.6666666666666665,0.0,0.3333333333333333,1.3333333333333333,1.1666666666666667,0.1666666666666666,0.5,0.0,0.0,5.0,5.166666666666667,1.6666666666666667,2.1666666666666665,0.5,0.0,0.3333333333333333,0.1666666666666666,0.0,0.1666666666666666,0.3333333333333333,0.0,87.43,47.83,50.0,0.0,25.0,56.6,57.89,40.0,0.1385341139212491,0.0109921537170146,0.1666666666666666,0.1666666666666666,0.0028158799999999,0.0,2.333333333333333,2.6666666666666665,0.0706595499999999,31.5,CB,78,69,52,75,88,45,67,98,98,84,99,18,17,79,59,90,91,48,25,28,82,42,89,88,51,61,63,96,25,70,39,51,27,98,70,89,55,53,37,75,76,77,90,61,57,35,66,76,45,65,93,97,79,97,18,17,60,43,81,86,38,25,25,80,42,89,82,51,61,63,96,25,70,39,51,27,95,69,89,54,52,37,74,73,72,90,Championship
Millwall,40d2qd8lr1tgsvmg5l1fzaf4o,5curv1gquatwkxsin86fghvkk,C. Neghli,Camiel Neghli,24.0,Midfielder,Algeria,Midfielder,53.0,109.0,11.0,154.0,4.0,1.0,13.0,11.0,6.0,5.0,4.0,4.0,4.0,15.0,7.0,0.0,497.0,14.0,2.0,3.0,4.0,8.0,0.0,1.0,3.0,0.0,80.21,78.57,30.77,75.0,27.27,45.45,44.44,66.67,1.058676872532895,1.3206760517923393,4.0,12.0,0.3665197499999998,4.0,12.0,24.0,0.9602755899999996,74.0,9.59758551307847,19.738430583501007,1.9919517102615687,27.88732394366197,0.7243460764587525,0.1810865191146881,2.3541247484909458,1.9919517102615687,1.0865191146881288,0.9054325955734408,0.7243460764587525,0.7243460764587525,0.7243460764587525,2.716297786720322,1.267605633802817,0.0,2.535211267605634,0.3621730382293762,0.5432595573440644,0.7243460764587525,1.448692152917505,0.0,0.1810865191146881,0.5432595573440644,0.0,80.21,78.57,30.77,75.0,27.27,45.45,44.44,66.67,0.1917121097142063,0.2391566290972043,0.7243460764587525,2.1730382293762576,0.0663717857142856,0.7243460764587525,2.1730382293762576,4.346076458752515,0.1738929639839033,13.40040241448692,ST,99,100,100,100,41,80,100,70,36,92,78,35,33,36,87,21,37,25,70,81,100,50,45,40,51,83,88,84,97,27,57,57,66,62,100,84,91,89,85,96,100,100,100,97,97,98,97,27,70,97,33,17,83,62,22,20,11,73,21,6,18,56,62,98,50,34,19,51,83,88,84,97,27,57,57,66,41,100,67,84,81,73,92,98,92,98,Championship
Millwall,40d2qd8lr1tgsvmg5l1fzaf4o,5pafzbbuucga9ut20l6ckj7u2,J. Coburn,Josh Coburn,23.0,Attacker,England,Striker,6.0,20.0,0.0,25.0,12.0,0.0,5.0,8.0,8.0,0.0,1.0,2.0,2.0,24.0,2.0,0.0,304.0,24.0,7.0,1.0,4.0,1.0,0.0,2.0,5.0,0.0,54.35,0.0,25.0,50.0,62.5,57.14,66.67,100.0,1.0203594584584763,0.4008326349463956,1.0,1.0,0.02385149,1.0,3.0,4.0,0.25140762,11.0,1.7763157894736843,5.921052631578948,0.0,7.401315789473684,3.5526315789473686,0.0,1.480263157894737,2.3684210526315788,2.3684210526315788,0.0,0.2960526315789473,0.5921052631578947,0.5921052631578947,7.105263157894737,0.5921052631578947,0.0,7.105263157894737,2.0723684210526314,0.2960526315789473,1.1842105263157894,0.2960526315789473,0.0,0.5921052631578947,1.480263157894737,0.0,54.35,0.0,25.0,50.0,62.5,57.14,66.67,100.0,0.3020801028331015,0.1186675563986039,0.2960526315789473,0.2960526315789473,0.0070612963815789,0.2960526315789473,0.8881578947368421,1.1842105263157894,0.0744298875,3.256578947368421,ST,11,24,16,12,77,33,66,42,62,13,27,15,14,73,31,21,82,81,27,81,66,50,76,76,51,12,16,75,73,90,94,99,94,59,72,41,26,20,45,53,55,61,42,9,23,16,16,78,33,83,53,73,13,30,19,17,80,34,21,91,80,30,84,69,50,78,84,51,12,16,75,73,90,94,99,94,69,77,44,25,22,48,59,52,67,45,Championship
Millwall,40d2qd8lr1tgsvmg5l1fzaf4o,6cbmv64s014sx9nyc4gev61w4,K. Lisbie,Kyrell Lisbie,22.0,Attacker,England,Striker,6.0,16.0,0.0,22.0,2.0,0.0,1.0,9.0,9.0,0.0,6.0,6.0,7.0,10.0,2.0,2.0,200.0,18.0,2.0,2.0,2.0,0.0,0.0,0.0,1.0,0.0,66.67,0.0,0.0,33.33,11.11,45.45,50.0,50.0,0.6916355632094546,0.1459939930332384,2.0,4.0,0.15494278,0.0,2.0,2.0,0.26711566,7.0,2.7,7.199999999999999,0.0,9.9,0.8999999999999999,0.0,0.4499999999999999,4.05,4.05,0.0,2.7,2.7,3.15,4.5,0.8999999999999999,0.8999999999999999,8.1,0.8999999999999999,0.8999999999999999,0.8999999999999999,0.0,0.0,0.0,0.4499999999999999,0.0,66.67,0.0,0.0,33.33,11.11,45.45,50.0,50.0,0.3112360034442545,0.0656972968649572,0.8999999999999999,1.7999999999999998,0.069724251,0.0,0.8999999999999999,0.8999999999999999,0.1202020469999999,3.15,ST,11,9,16,9,22,33,14,54,70,13,95,59,59,12,31,81,58,25,52,48,28,50,14,9,51,37,16,28,43,4,57,77,40,41,31,56,55,59,16,38,33,66,24,29,39,16,34,36,33,19,86,94,13,100,77,78,38,55,93,97,41,70,75,28,50,14,14,51,37,16,28,43,4,57,77,40,75,44,85,80,88,16,62,44,81,42,Championship
Millwall,40d2qd8lr1tgsvmg5l1fzaf4o,73z9v9oz73hlmnswrzp860yj9,C. De Norre,Casper De Norre,29.0,Midfielder,Belgium,Midfielder,81.0,83.0,13.0,163.0,2.0,0.0,2.0,3.0,1.0,2.0,2.0,1.0,1.0,12.0,7.0,4.0,309.0,3.0,0.0,1.0,3.0,1.0,0.0,0.0,0.0,0.0,86.7,50.0,100.0,100.0,0.0,52.17,40.0,33.33,0.200977307294766,0.1782504168908127,2.0,6.0,0.12139119,2.0,29.0,24.0,0.6882727199999998,79.0,23.59223300970874,24.1747572815534,3.7864077669902914,47.47572815533981,0.5825242718446603,0.0,0.5825242718446603,0.8737864077669903,0.2912621359223301,0.5825242718446603,0.5825242718446603,0.2912621359223301,0.2912621359223301,3.4951456310679614,2.0388349514563107,1.1650485436893203,0.8737864077669903,0.0,0.2912621359223301,0.8737864077669903,0.2912621359223301,0.0,0.0,0.0,0.0,86.7,50.0,100.0,100.0,0.0,52.17,40.0,33.33,0.058537079794592,0.0519175971526639,0.5825242718446603,1.7475728155339807,0.0353566572815534,0.5825242718446603,8.446601941747574,6.990291262135923,0.2004677825242718,23.00970873786408,DM/CM,48,30,74,37,27,41,28,48,48,53,67,23,22,18,50,35,46,4,39,27,58,47,41,26,51,59,54,96,90,26,45,35,16,57,52,70,57,54,57,87,84,85,60,74,63,91,67,30,41,37,52,48,59,87,22,20,13,70,54,59,4,39,41,61,47,41,26,51,59,54,96,90,26,45,35,16,54,59,83,67,63,70,98,93,98,78,Championship
Millwall,40d2qd8lr1tgsvmg5l1fzaf4o,7nlijkywjl13h3ks132026iok,T. Arconte,Taïryk Arconte,22.0,Attacker,Guadeloupe,Striker,5.0,16.0,0.0,21.0,5.0,0.0,2.0,12.0,10.0,2.0,5.0,5.0,6.0,18.0,4.0,1.0,361.0,27.0,9.0,3.0,1.0,0.0,0.0,2.0,3.0,0.0,61.76,0.0,0.0,60.0,25.0,54.55,41.67,100.0,1.1102293221971236,0.2735838231566378,4.0,1.0,0.04066992,0.0,0.0,1.0,0.5229753599999999,6.0,1.2465373961218835,3.988919667590028,0.0,5.235457063711912,1.2465373961218835,0.0,0.4986149584487535,2.9916897506925206,2.4930747922437675,0.4986149584487535,1.2465373961218835,1.2465373961218835,1.4958448753462603,4.487534626038781,0.997229916897507,0.2493074792243767,6.731301939058172,2.2437673130193905,0.7479224376731302,0.2493074792243767,0.0,0.0,0.4986149584487535,0.7479224376731302,0.0,61.76,0.0,0.0,60.0,25.0,54.55,41.67,100.0,0.2767884736779532,0.068206493307749,0.997229916897507,0.2493074792243767,0.010139315235457,0.0,0.0,0.2493074792243767,0.1303816686980609,1.4958448753462603,ST,6,9,16,5,45,33,23,77,77,53,90,47,52,51,62,57,91,91,70,27,28,50,76,40,51,20,16,28,84,22,91,53,94,69,47,84,26,30,16,9,23,83,19,3,5,16,3,44,33,22,73,75,52,88,47,50,34,64,61,88,86,66,28,28,50,73,34,51,20,16,28,84,22,91,53,94,59,48,89,23,27,16,9,23,86,17,Championship
Millwall,40d2qd8lr1tgsvmg5l1fzaf4o,acxwj28vkxzoyd0kuzizsmadw,J. Metcalfe,Jenson Metcalfe,22.0,Midfielder,England,Midfielder,70.0,76.0,15.0,139.0,6.0,2.0,11.0,6.0,3.0,3.0,2.0,5.0,5.0,32.0,6.0,1.0,462.0,5.0,10.0,2.0,7.0,7.0,0.0,0.0,0.0,0.0,77.65,68.18,23.33,40.0,0.0,48.48,42.86,50.0,0.4752378881372162,1.2473126380245398,1.0,6.0,0.12831954,2.0,17.0,18.0,0.5595938299999998,60.0,13.636363636363637,14.805194805194803,2.922077922077922,27.077922077922075,1.1688311688311688,0.3896103896103896,2.142857142857143,1.1688311688311688,0.5844155844155844,0.5844155844155844,0.3896103896103896,0.974025974025974,0.974025974025974,6.233766233766233,1.1688311688311688,0.1948051948051948,0.974025974025974,1.948051948051948,0.3896103896103896,1.3636363636363635,1.3636363636363635,0.0,0.0,0.0,0.0,77.65,68.18,23.33,40.0,0.0,48.48,42.86,50.0,0.0925788093773797,0.2429829814333519,0.1948051948051948,1.1688311688311688,0.0249973129870129,0.3896103896103896,3.311688311688312,3.506493506493506,0.109011785064935,11.688311688311687,CM/AM,76,49,95,59,92,95,88,51,51,58,51,54,51,95,77,28,24,88,49,87,91,47,27,13,50,18,92,72,49,13,67,59,31,59,90,36,45,38,42,72,69,77,58,67,26,95,46,74,97,85,33,46,54,41,33,33,92,56,26,18,87,38,87,92,47,27,13,50,18,92,72,49,13,67,59,31,44,92,33,36,26,36,69,69,51,51,Championship
Millwall,40d2qd8lr1tgsvmg5l1fzaf4o,cg4bmud9481c19996tx2sn5rd,L. Dykes,Lyndon Dykes,30.0,Attacker,Scotland,Striker,6.0,33.0,0.0,39.0,34.0,0.0,4.0,9.0,7.0,2.0,2.0,1.0,1.0,39.0,6.0,2.0,299.0,17.0,1.0,1.0,1.0,0.0,0.0,3.0,3.0,0.0,48.15,0.0,0.0,100.0,33.33,50.0,57.63,33.33,1.7279614031643749,0.3161629860291222,2.0,5.0,0.12758708,2.0,6.0,7.0,0.2623984299999999,17.0,1.806020066889632,9.933110367892976,0.0,11.739130434782608,10.23411371237458,0.0,1.2040133779264213,2.709030100334448,2.1070234113712374,0.6020066889632106,0.6020066889632106,0.3010033444816053,0.3010033444816053,11.739130434782608,1.806020066889632,0.6020066889632106,5.117056856187291,0.3010033444816053,0.3010033444816053,0.3010033444816053,0.0,0.0,0.903010033444816,0.903010033444816,0.0,48.15,0.0,0.0,100.0,33.33,50.0,57.63,33.33,0.5201221614876045,0.0951661161960568,0.6020066889632106,1.5050167224080266,0.0384041377926421,0.6020066889632106,1.806020066889632,2.1070234113712374,0.0789828050167223,5.117056856187291,ST,11,50,16,38,97,33,47,54,49,53,49,6,6,95,78,81,51,12,27,27,28,50,92,40,51,6,16,28,99,38,77,92,25,88,58,56,65,53,62,82,73,64,62,11,64,16,52,100,33,62,67,62,61,53,6,5,98,84,84,70,16,33,30,28,50,95,50,51,6,16,28,99,38,77,92,25,92,69,56,72,64,67,86,81,75,73,Championship
Millwall,40d2qd8lr1tgsvmg5l1fzaf4o,e9j1r70xh3lz11vo7dz2ds3bp,M. Sykes,Mark Sykes,29.0,Midfielder,Republic of Ireland,Midfielder,43.0,67.0,9.0,102.0,3.0,0.0,8.0,3.0,2.0,1.0,0.0,3.0,5.0,12.0,5.0,3.0,341.0,11.0,2.0,1.0,6.0,8.0,0.0,1.0,1.0,0.0,77.27,47.37,53.33,33.33,33.33,48.0,42.86,100.0,0.1904623091195881,0.9946391759552036,1.0,5.0,0.17170876,1.0,17.0,20.0,1.2090487099999998,61.0,11.348973607038124,17.683284457478006,2.375366568914956,26.920821114369502,0.7917888563049854,0.0,2.1114369501466275,0.7917888563049854,0.5278592375366569,0.2639296187683284,0.0,0.7917888563049854,1.3196480938416422,3.1671554252199416,1.3196480938416422,0.7917888563049854,2.903225806451613,0.5278592375366569,0.2639296187683284,1.5835777126099708,2.1114369501466275,0.0,0.2639296187683284,0.2639296187683284,0.0,77.27,47.37,53.33,33.33,33.33,48.0,42.86,100.0,0.0502686446356684,0.2625147385219012,0.2639296187683284,1.3196480938416422,0.0453190275659824,0.2639296187683284,4.486803519061584,5.278592375366569,0.3191037651026392,16.099706744868037,RM/RCM,65,65,88,65,56,29,82,32,35,35,18,9,18,24,56,50,56,26,15,68,88,53,71,29,53,47,82,100,32,38,53,68,94,29,88,38,44,53,26,76,76,100,71,71,65,94,59,53,29,82,29,35,29,18,18,18,24,59,53,65,29,18,76,94,53,76,29,53,47,82,100,32,38,53,68,94,24,82,35,47,59,24,88,88,100,82,Championship
Norwich City,suz80crpy3anixyzccmu6jzp,1329qhvvxpp6j4q5esh4n3hii,M. Touré,Mohamed Touré,22.0,Attacker,Australia,Striker,13.0,23.0,1.0,36.0,3.0,0.0,5.0,10.0,10.0,0.0,1.0,4.0,5.0,9.0,1.0,1.0,441.0,22.0,4.0,1.0,1.0,0.0,0.0,4.0,5.0,0.0,76.6,50.0,0.0,25.0,50.0,27.27,25.0,100.0,1.710237075628342,0.5420174160404738,3.0,3.0,0.09990558,2.0,3.0,7.0,0.2554094299999997,15.0,2.653061224489796,4.693877551020408,0.2040816326530612,7.346938775510203,0.6122448979591836,0.0,1.020408163265306,2.0408163265306123,2.0408163265306123,0.0,0.2040816326530612,0.8163265306122448,1.020408163265306,1.8367346938775508,0.2040816326530612,0.2040816326530612,4.489795918367347,0.8163265306122448,0.2040816326530612,0.2040816326530612,0.0,0.0,0.8163265306122448,1.020408163265306,0.0,76.6,50.0,0.0,25.0,50.0,27.27,25.0,100.0,0.349027974618029,0.1106157991919334,0.6122448979591836,0.6122448979591836,0.020388893877551,0.4081632653061224,0.6122448979591836,1.4285714285714284,0.0521243734693876,3.061224489795918,ST,35,33,42,33,33,33,66,62,77,13,27,35,42,8,18,57,74,45,27,27,28,50,97,76,51,64,62,28,30,71,8,12,94,86,84,69,47,50,62,53,73,62,55,27,11,36,12,25,33,48,36,56,13,14,28,36,5,16,50,52,33,20,23,28,50,92,64,51,64,62,28,30,71,8,12,94,83,72,59,42,44,59,45,66,58,41,Championship
Norwich City,suz80crpy3anixyzccmu6jzp,17e766t2zpr5pmshhww0iu4us,O. Schwartau,Oscar Schwartau,20.0,Attacker,Denmark,Striker,16.0,53.0,3.0,65.0,2.0,0.0,7.0,8.0,3.0,5.0,1.0,7.0,7.0,12.0,1.0,4.0,307.0,13.0,3.0,2.0,2.0,4.0,0.0,1.0,2.0,0.0,69.15,75.0,28.57,28.57,25.0,38.71,33.33,40.0,0.605714465887365,0.7472556253624327,5.0,3.0,0.08995093,1.0,10.0,13.0,0.4306214299999999,38.0,4.690553745928339,15.537459283387625,0.8794788273615636,19.05537459283388,0.5863192182410424,0.0,2.052117263843648,2.345276872964169,0.8794788273615636,1.4657980456026058,0.2931596091205212,2.052117263843648,2.052117263843648,3.5179153094462543,0.2931596091205212,1.1726384364820848,3.811074918566776,0.8794788273615636,0.5863192182410424,0.5863192182410424,1.1726384364820848,0.0,0.2931596091205212,0.5863192182410424,0.0,69.15,75.0,28.57,28.57,25.0,38.71,33.33,40.0,0.1775710160581851,0.2190651670443614,1.4657980456026058,0.8794788273615636,0.0263699794788273,0.2931596091205212,2.931596091205212,3.811074918566776,0.1262408100977198,11.140065146579804,LW,21,50,75,50,68,18,64,50,36,79,32,25,25,39,32,96,43,32,21,39,68,54,57,39,54,14,75,93,14,21,43,75,36,57,71,71,50,50,54,93,93,71,79,29,71,79,43,71,18,79,79,36,86,29,29,29,43,43,100,50,43,21,43,79,54,57,29,54,14,75,93,14,21,43,75,36,71,86,93,50,50,57,100,93,79,93,Championship
Norwich City,suz80crpy3anixyzccmu6jzp,1wmfn9bky6owvj3jc4iftsxnu,B. Chrisene,Ben Chrisene,22.0,Defender,England,Defender,97.0,79.0,8.0,175.0,7.0,0.0,6.0,4.0,3.0,1.0,1.0,2.0,3.0,34.0,19.0,6.0,573.0,5.0,7.0,1.0,15.0,1.0,0.0,0.0,1.0,0.0,76.42,34.78,12.5,50.0,25.0,64.15,41.18,78.95,0.0,0.0,0.0,0.0,0.0,0.0,0.0,0.0,0.0,0.0,15.23560209424084,12.408376963350786,1.256544502617801,27.4869109947644,1.099476439790576,0.0,0.9424083769633508,0.6282722513089005,0.4712041884816754,0.1570680628272251,0.1570680628272251,0.3141361256544502,0.4712041884816754,5.340314136125655,2.984293193717278,0.9424083769633508,0.7853403141361257,1.099476439790576,0.1570680628272251,2.356020942408377,0.1570680628272251,0.0,0.0,0.1570680628272251,0.0,76.42,34.78,12.5,50.0,25.0,64.15,41.18,78.95,0.0,0.0,0.0,0.0,0.0,0.0,0.0,0.0,0.0,0.0,LB/LCB,73,65,58,68,63,35,66,82,82,61,52,29,37,85,79,73,58,74,31,100,24,45,42,73,52,29,61,24,52,71,79,39,68,26,23,39,23,23,24,23,23,23,23,55,19,39,45,42,35,39,68,65,48,32,16,29,65,58,39,48,61,23,100,23,45,42,65,52,29,61,24,52,71,79,39,68,26,23,39,23,23,24,23,23,23,23,Championship
Norwich City,suz80crpy3anixyzccmu6jzp,4w81878nkgucue9xq5zt37yp6,J. Córdoba,José Córdoba,25.0,Defender,Panama,Defender,227.0,135.0,23.0,361.0,8.0,1.0,1.0,1.0,1.0,0.0,0.0,1.0,1.0,19.0,32.0,4.0,604.0,1.0,4.0,1.0,2.0,1.0,1.0,0.0,0.0,0.0,82.23,31.08,33.33,100.0,0.0,55.88,53.33,33.33,0.1110540101778869,0.0,0.0,0.0,0.0,0.0,11.0,11.0,0.2191774,72.0,33.82450331125828,20.1158940397351,3.4271523178807946,53.79139072847682,1.1920529801324502,0.1490066225165562,0.1490066225165562,0.1490066225165562,0.1490066225165562,0.0,0.0,0.1490066225165562,0.1490066225165562,2.831125827814569,4.768211920529801,0.5960264900662251,0.1490066225165562,0.5960264900662251,0.1490066225165562,0.2980132450331125,0.1490066225165562,0.1490066225165562,0.0,0.0,0.0,82.23,31.08,33.33,100.0,0.0,55.88,53.33,33.33,0.0165477829735261,0.0,0.0,0.0,0.0,0.0,1.6390728476821192,1.6390728476821192,0.0326588841059602,10.728476821192054,CB,89,84,88,89,29,95,48,19,25,38,30,45,44,39,64,36,7,64,59,28,82,92,42,29,51,30,21,88,92,29,34,35,24,44,34,43,25,25,37,65,65,61,57,59,84,79,72,8,92,41,13,18,38,30,38,36,8,33,23,5,51,56,21,77,87,42,29,51,30,21,88,92,29,34,35,24,44,34,43,25,25,37,56,61,54,48,Championship
Norwich City,suz80crpy3anixyzccmu6jzp,5n6lr1uyju3p7lfydma4mk0lw,R. McConville,Ruairi McConville,21.0,Defender,Northern Ireland,Defender,150.0,77.0,6.0,227.0,15.0,0.0,2.0,4.0,4.0,0.0,0.0,3.0,3.0,22.0,34.0,5.0,470.0,4.0,0.0,3.0,3.0,0.0,0.0,0.0,0.0,0.0,84.39,20.69,0.0,100.0,0.0,73.33,75.0,75.0,0.4349157094860407,0.1786748027126469,0.0,7.0,0.1427078399999999,1.0,22.0,17.0,0.4754466399999999,151.0,28.72340425531915,14.74468085106383,1.1489361702127658,43.46808510638298,2.872340425531915,0.0,0.3829787234042553,0.7659574468085106,0.7659574468085106,0.0,0.0,0.5744680851063829,0.5744680851063829,4.212765957446808,6.51063829787234,0.9574468085106382,0.7659574468085106,0.0,0.5744680851063829,0.5744680851063829,0.0,0.0,0.0,0.0,0.0,84.39,20.69,0.0,100.0,0.0,73.33,75.0,75.0,0.0832817316037099,0.0342143239236983,0.0,1.3404255319148937,0.0273270331914893,0.1914893617021276,4.212765957446808,3.25531914893617,0.0910429736170212,28.91489361702128,CB,52,61,23,56,65,45,67,70,79,38,30,80,80,47,70,48,40,7,92,48,36,42,42,29,51,48,7,36,92,29,90,90,66,77,82,43,87,85,77,87,80,82,79,49,61,13,51,61,45,69,61,69,38,30,77,77,39,66,43,31,7,93,43,36,42,42,29,51,48,7,36,92,29,90,90,66,75,87,43,92,89,77,87,79,80,80,Championship
Norwich City,suz80crpy3anixyzccmu6jzp,61mthil4f8vk7oo4uigi4uxre,A. Ben Slimane,Anis Ben Slimane,25.0,Midfielder,Tunisia,Midfielder,26.0,55.0,3.0,81.0,4.0,1.0,6.0,4.0,3.0,1.0,3.0,5.0,6.0,12.0,5.0,5.0,311.0,6.0,2.0,1.0,4.0,0.0,0.0,0.0,0.0,0.0,80.2,60.0,0.0,20.0,0.0,35.29,44.44,80.0,0.3411014852596373,0.4520194304626236,0.0,6.0,0.12380825,4.0,13.0,11.0,0.47360028,40.0,7.524115755627009,15.916398713826366,0.8681672025723473,23.440514469453376,1.157556270096463,0.2893890675241157,1.7363344051446945,1.157556270096463,0.8681672025723473,0.2893890675241157,0.8681672025723473,1.4469453376205788,1.7363344051446945,3.472668810289389,1.4469453376205788,1.4469453376205788,1.7363344051446945,0.5787781350482315,0.2893890675241157,1.157556270096463,0.0,0.0,0.0,0.0,0.0,80.2,60.0,0.0,20.0,0.0,35.29,44.44,80.0,0.0987110407503773,0.1308094814843605,0.0,1.7363344051446945,0.0358287540192926,1.157556270096463,3.762057877813505,3.183279742765273,0.1370547434083601,11.57556270096463,CM/AM,21,28,35,26,64,74,63,32,51,24,76,54,60,33,60,74,32,26,31,58,22,47,27,13,50,41,79,22,26,13,13,63,79,38,51,15,45,36,55,63,49,59,38,21,36,36,33,72,79,67,31,59,21,77,64,72,46,77,85,36,31,33,82,22,47,27,13,50,41,79,22,26,13,13,63,79,49,67,15,44,41,74,74,54,79,49,Championship
Norwich City,suz80crpy3anixyzccmu6jzp,6eeqjr5cqfksw9mgx1b3vvnpx,K. McLean,Kenny McLean,34.0,Midfielder,Scotland,Midfielder,146.0,187.0,27.0,326.0,6.0,0.0,11.0,9.0,1.0,8.0,3.0,1.0,1.0,33.0,13.0,10.0,620.0,2.0,14.0,1.0,6.0,7.0,0.0,0.0,2.0,0.0,81.3,51.92,26.92,100.0,22.22,58.93,50.0,50.0,0.547432135217361,0.9875289951700916,4.0,23.0,0.49365413,9.0,45.0,51.0,1.3332710999999997,198.0,21.19354838709677,27.14516129032258,3.919354838709677,47.32258064516129,0.8709677419354839,0.0,1.596774193548387,1.3064516129032258,0.1451612903225806,1.161290322580645,0.4354838709677419,0.1451612903225806,0.1451612903225806,4.790322580645161,1.8870967741935485,1.4516129032258065,0.2903225806451612,2.032258064516129,0.1451612903225806,0.8709677419354839,1.0161290322580645,0.0,0.0,0.2903225806451612,0.0,81.3,51.92,26.92,100.0,22.22,58.93,50.0,50.0,0.0794659551121975,0.143350983169852,0.5806451612903225,3.3387096774193545,0.0716594704838709,1.3064516129032258,6.532258064516129,7.403225806451612,0.1935393532258064,28.741935483870964,DM/CM,87,96,99,93,63,41,95,93,48,93,84,23,22,93,79,90,32,99,39,74,96,47,41,80,51,24,61,63,90,60,80,58,34,80,98,92,98,98,93,98,100,100,96,54,78,96,65,46,41,85,78,35,85,67,15,15,59,65,67,20,93,28,39,93,47,41,70,51,24,61,63,90,60,80,58,34,72,91,80,96,96,87,91,98,96,91,Championship
Norwich City,suz80crpy3anixyzccmu6jzp,6oynq4ickyxictf2e0ilemqne,A. Musaba,Anthony Musaba,25.0,Attacker,Netherlands,Striker,15.0,46.0,3.0,58.0,2.0,1.0,6.0,10.0,7.0,3.0,4.0,23.0,25.0,22.0,3.0,0.0,328.0,31.0,5.0,9.0,3.0,3.0,0.0,1.0,5.0,0.0,68.24,60.0,33.33,39.13,50.0,45.83,40.0,50.0,0.8268224487859182,0.6326451197038213,6.0,11.0,0.44785304,3.0,7.0,5.0,0.7520059699999997,21.0,4.115853658536586,12.621951219512196,0.8231707317073171,15.914634146341465,0.5487804878048781,0.274390243902439,1.6463414634146345,2.7439024390243905,1.920731707317073,0.8231707317073171,1.0975609756097562,6.310975609756098,6.859756097560976,6.036585365853659,0.8231707317073171,0.0,8.50609756097561,1.3719512195121952,2.4695121951219514,0.8231707317073171,0.8231707317073171,0.0,0.274390243902439,1.3719512195121952,0.0,68.24,60.0,33.33,39.13,50.0,45.83,40.0,50.0,0.22687201338638,0.1735916486992192,1.6463414634146345,3.018292682926829,0.1228865048780487,0.8231707317073171,1.920731707317073,1.3719512195121952,0.2063431015243901,5.76219512195122,ST,52,73,77,67,22,80,82,62,49,73,78,97,98,62,46,21,95,56,95,67,91,50,45,76,51,41,74,86,52,71,62,51,40,45,91,95,89,95,73,85,61,98,73,55,72,81,70,22,84,88,69,53,80,83,100,100,70,48,21,100,61,97,69,92,50,47,81,51,41,74,86,52,71,62,51,40,48,95,95,92,95,84,91,62,98,78,Championship
Norwich City,suz80crpy3anixyzccmu6jzp,8h1n2t5gh4w25tb9sf1pn7p5g,K. Fisher,Kellen Fisher,22.0,Defender,England,Defender,57.0,36.0,4.0,93.0,7.0,0.0,1.0,6.0,3.0,3.0,3.0,0.0,1.0,24.0,10.0,9.0,302.0,5.0,8.0,0.0,7.0,0.0,1.0,0.0,2.0,0.0,75.0,30.77,0.0,0.0,33.33,57.14,50.0,77.78,0.4630837005812331,0.2005191268641158,3.0,8.0,0.1827886299999999,2.0,7.0,5.0,0.3473981499999999,34.0,16.986754966887418,10.728476821192054,1.1920529801324502,27.71523178807947,2.086092715231788,0.0,0.2980132450331125,1.7880794701986755,0.8940397350993378,0.8940397350993378,0.8940397350993378,0.0,0.2980132450331125,7.152317880794702,2.980132450331126,2.6821192052980134,1.490066225165563,2.3841059602649004,0.0,2.086092715231788,0.0,0.2980132450331125,0.0,0.5960264900662251,0.0,75.0,30.77,0.0,0.0,33.33,57.14,50.0,77.78,0.1380050763321555,0.0597573556879815,0.8940397350993378,2.3841059602649004,0.0544734327814569,0.5960264900662251,2.086092715231788,1.490066225165563,0.1035292499999999,10.132450331125828,CB,9,25,11,15,22,45,48,92,58,98,99,18,44,52,8,84,52,95,25,94,36,92,42,88,51,7,18,36,25,80,44,24,74,80,89,100,92,92,85,57,53,69,44,13,33,15,13,39,45,57,98,80,98,100,18,56,92,7,98,72,100,25,100,36,97,42,97,51,7,18,36,25,80,44,24,74,93,93,100,95,95,93,69,57,85,46,Championship
Norwich City,suz80crpy3anixyzccmu6jzp,bplpqy3ierwlm12d1f3prue7e,P. Mattsson,Pelle Mattsson,25.0,Midfielder,Denmark,Midfielder,108.0,135.0,14.0,243.0,7.0,1.0,12.0,8.0,4.0,4.0,3.0,7.0,7.0,35.0,13.0,11.0,561.0,9.0,12.0,4.0,10.0,0.0,0.0,0.0,3.0,0.0,80.73,48.28,0.0,57.14,37.5,49.3,50.0,83.33,0.753466732091446,0.8697147313038185,4.0,7.0,0.2289403999999998,3.0,21.0,22.0,0.79631158,115.0,17.326203208556148,21.657754010695182,2.2459893048128343,38.98395721925134,1.1229946524064172,0.160427807486631,1.925133689839572,1.2834224598930482,0.6417112299465241,0.6417112299465241,0.481283422459893,1.1229946524064172,1.1229946524064172,5.614973262032086,2.085561497326203,1.7647058823529411,1.4438502673796791,1.925133689839572,0.6417112299465241,1.60427807486631,0.0,0.0,0.0,0.481283422459893,0.0,80.73,48.28,0.0,57.14,37.5,49.3,50.0,83.33,0.1208770158435474,0.139526427481896,0.6417112299465241,1.1229946524064172,0.0367284064171122,0.481283422459893,3.3689839572192515,3.5294117647058822,0.1277505208556149,18.449197860962567,DM/CM,67,73,80,72,71,88,100,86,91,78,84,88,87,96,79,95,91,96,80,96,23,47,41,91,51,20,48,23,46,86,30,58,90,93,89,92,64,76,70,72,74,89,78,41,52,59,46,59,83,96,74,87,65,76,76,74,85,74,89,78,87,70,80,23,47,41,89,51,20,48,23,46,86,30,58,90,87,89,89,57,67,59,54,61,78,57,Championship
Norwich City,suz80crpy3anixyzccmu6jzp,bzbs68yvjb8lsqs6qwserqicq,A. Brooks,Andre Brooks,23.0,Midfielder,Jamaica,Midfielder,29.0,66.0,4.0,95.0,1.0,1.0,7.0,18.0,12.0,6.0,3.0,17.0,17.0,22.0,2.0,8.0,518.0,29.0,6.0,7.0,6.0,0.0,0.0,2.0,8.0,0.0,79.83,57.14,0.0,41.18,44.44,37.93,33.33,75.0,1.7475762991290305,0.5854528748576173,6.0,17.0,0.4998345199999999,2.0,7.0,15.0,0.40433293,30.0,5.038610038610039,11.467181467181469,0.694980694980695,16.505791505791507,0.1737451737451737,0.1737451737451737,1.2162162162162162,3.1274131274131274,2.0849420849420848,1.0424710424710424,0.5212355212355212,2.9536679536679538,2.9536679536679538,3.8223938223938223,0.3474903474903475,1.38996138996139,5.038610038610039,1.0424710424710424,1.2162162162162162,1.0424710424710424,0.0,0.0,0.3474903474903475,1.38996138996139,0.0,79.83,57.14,0.0,41.18,44.44,37.93,33.33,75.0,0.3036329477251211,0.1017196114617481,1.0424710424710424,2.9536679536679538,0.0868438355212355,0.3474903474903475,1.2162162162162162,2.606177606177606,0.0702508951737451,5.212355212355212,RM/RCM,35,59,62,47,32,74,71,100,100,91,82,91,91,53,26,100,100,71,85,68,15,53,94,100,53,65,94,15,65,59,24,44,79,100,59,91,85,94,47,50,62,41,53,29,41,47,41,24,65,53,100,94,94,76,65,65,35,18,88,100,59,53,41,15,53,94,100,53,65,94,15,65,59,24,44,79,100,53,94,76,82,41,35,47,29,29,Championship
Norwich City,suz80crpy3anixyzccmu6jzp,bzjzvw54k5cmo93wdkjv89knp,J. Stacey,Jack Stacey,30.0,Defender,England,Defender,33.0,60.0,6.0,92.0,4.0,1.0,3.0,0.0,0.0,0.0,0.0,5.0,6.0,17.0,6.0,7.0,328.0,8.0,0.0,3.0,5.0,1.0,0.0,0.0,0.0,0.0,80.0,42.86,9.09,60.0,0.0,50.0,40.0,50.0,0.0,0.0,0.0,0.0,0.0,0.0,0.0,0.0,0.0,0.0,9.054878048780488,16.463414634146343,1.6463414634146345,25.243902439024392,1.0975609756097562,0.274390243902439,0.8231707317073171,0.0,0.0,0.0,0.0,1.3719512195121952,1.6463414634146345,4.664634146341464,1.6463414634146345,1.920731707317073,2.1951219512195124,0.0,0.8231707317073171,1.3719512195121952,0.274390243902439,0.0,0.0,0.0,0.0,80.0,42.86,9.09,60.0,0.0,50.0,40.0,50.0,0.0,0.0,0.0,0.0,0.0,0.0,0.0,0.0,0.0,0.0,RB/RCB,14,36,34,21,29,80,41,14,18,27,29,62,71,46,14,80,73,9,75,59,48,46,48,36,52,50,46,36,68,36,39,9,14,23,20,29,21,21,23,20,20,20,20,14,61,54,32,50,86,57,14,18,27,29,79,82,61,14,93,79,9,89,79,61,46,48,36,52,50,46,36,68,36,39,9,14,23,20,29,21,21,23,20,20,20,20,Championship
Norwich City,suz80crpy3anixyzccmu6jzp,z7zqjo07fa4i5o2k8ry7dskp,H. Darling,Harry Darling,27.0,Defender,England,Defender,75.0,25.0,5.0,100.0,11.0,0.0,0.0,2.0,1.0,1.0,1.0,1.0,1.0,11.0,15.0,0.0,186.0,4.0,0.0,0.0,0.0,0.0,0.0,0.0,0.0,0.0,84.75,38.46,0.0,0.0,0.0,55.0,84.62,0.0,0.1430496508769194,0.0,1.0,1.0,0.01689528,0.0,7.0,3.0,0.1150691899999999,56.0,36.29032258064516,12.096774193548386,2.419354838709677,48.38709677419354,5.32258064516129,0.0,0.0,0.9677419354838708,0.4838709677419354,0.4838709677419354,0.4838709677419354,0.4838709677419354,0.4838709677419354,5.32258064516129,7.258064516129031,0.0,1.935483870967741,0.0,0.0,0.0,0.0,0.0,0.0,0.0,0.0,84.75,38.46,0.0,0.0,0.0,55.0,84.62,0.0,0.069217573004961,0.0,0.4838709677419354,0.4838709677419354,0.0081751354838709,0.0,3.387096774193548,1.4516129032258065,0.0556786403225805,27.096774193548384,CB,18,13,17,16,46,45,18,36,25,84,72,45,44,11,16,2,40,7,25,4,36,42,42,29,51,49,44,36,25,29,31,98,4,51,34,89,55,53,37,57,44,48,51,72,39,62,64,97,45,18,77,44,97,93,69,69,69,80,2,82,7,25,4,36,42,42,29,51,49,44,36,25,29,31,98,4,64,34,98,64,62,37,80,56,66,74,Championship
Portsmouth,80jtkz2echk6yyyb9e2595cxr,102xw59l2wg2jsd03w6vkgine,C. Shaughnessy,Conor Shaughnessy,30.0,Defender,Republic of Ireland,Defender,109.0,73.0,12.0,182.0,21.0,0.0,1.0,5.0,5.0,0.0,0.0,0.0,0.0,29.0,48.0,4.0,450.0,8.0,4.0,0.0,1.0,0.0,0.0,1.0,1.0,0.0,83.49,50.0,0.0,0.0,20.0,67.44,65.62,25.0,0.694451267308794,0.0633924047184264,0.0,4.0,0.08656934,2.0,15.0,21.0,0.3786691499999999,132.0,21.8,14.6,2.4,36.4,4.2,0.0,0.2,1.0,1.0,0.0,0.0,0.0,0.0,5.8,9.6,0.8,1.6,0.8,0.0,0.2,0.0,0.0,0.2,0.2,0.0,83.49,50.0,0.0,0.0,20.0,67.44,65.62,25.0,0.1388902534617588,0.0126784809436852,0.0,0.8,0.017313868,0.4,3.0,4.2,0.0757338299999999,26.4,CB,37,56,60,38,85,45,48,84,90,38,30,18,17,72,88,36,80,64,25,13,36,42,89,69,51,43,74,36,25,62,80,70,15,93,69,43,79,80,85,79,84,70,74,26,59,59,31,89,45,48,83,90,38,30,18,17,77,97,30,76,69,25,15,36,42,93,68,51,43,74,36,25,62,80,70,15,97,72,43,75,75,85,77,87,77,72,Championship
Portsmouth,80jtkz2echk6yyyb9e2595cxr,1s6yn52hlqtmmz4lerscf457u,R. Shein,Rocco Shein,23.0,Midfielder,Estonia,Midfielder,56.0,92.0,7.0,148.0,4.0,0.0,2.0,3.0,0.0,3.0,2.0,4.0,4.0,12.0,6.0,1.0,345.0,3.0,1.0,0.0,3.0,0.0,0.0,0.0,1.0,0.0,82.22,43.75,0.0,0.0,33.33,36.36,80.0,37.5,0.1574919996497908,0.1298732365835933,3.0,14.0,0.3187041299999999,7.0,15.0,14.0,0.4123054099999999,71.0,14.608695652173912,24.0,1.826086956521739,38.60869565217392,1.0434782608695652,0.0,0.5217391304347826,0.7826086956521738,0.0,0.7826086956521738,0.5217391304347826,1.0434782608695652,1.0434782608695652,3.130434782608696,1.5652173913043477,0.2608695652173913,0.7826086956521738,0.2608695652173913,0.0,0.7826086956521738,0.0,0.0,0.0,0.2608695652173913,0.0,82.22,43.75,0.0,0.0,33.33,36.36,80.0,37.5,0.0410848694738584,0.0338799747609373,0.7826086956521738,3.652173913043478,0.0831402078260869,1.826086956521739,3.9130434782608696,3.652173913043478,0.1075579330434782,18.52173913043478,CM/AM,62,64,60,68,64,29,12,23,6,58,51,44,44,33,77,28,15,17,12,42,22,47,27,40,50,49,36,22,12,71,18,97,14,21,23,72,83,77,82,67,62,51,69,77,82,72,79,59,29,10,26,6,67,56,38,38,33,79,33,15,18,12,54,22,47,27,36,50,49,36,22,12,71,18,97,14,21,21,77,90,87,90,77,74,49,87,Championship
Portsmouth,80jtkz2echk6yyyb9e2595cxr,53g522ox4zpljnu57fcf4meei,A. Segečić,Adrian Segecic,22.0,Midfielder,Croatia,Midfielder,25.0,70.0,2.0,83.0,4.0,1.0,12.0,20.0,8.0,12.0,9.0,14.0,14.0,28.0,3.0,1.0,540.0,18.0,11.0,8.0,1.0,12.0,0.0,1.0,4.0,1.0,79.05,40.0,30.77,57.14,20.0,52.83,40.0,20.0,1.4304780402162445,1.470897984556204,6.0,5.0,0.14541337,1.0,5.0,4.0,0.35865013,24.0,4.166666666666667,11.666666666666666,0.3333333333333333,13.833333333333334,0.6666666666666666,0.1666666666666666,2.0,3.333333333333333,1.3333333333333333,2.0,1.5,2.333333333333333,2.333333333333333,4.666666666666667,0.5,0.1666666666666666,3.0,1.8333333333333333,1.3333333333333333,0.1666666666666666,2.0,0.0,0.1666666666666666,0.6666666666666666,0.1666666666666666,79.05,40.0,30.77,57.14,20.0,52.83,40.0,20.0,0.2384130067027074,0.2451496640927006,1.0,0.8333333333333334,0.0242355616666666,0.1666666666666666,0.8333333333333334,0.6666666666666666,0.0597750216666666,4.0,CM,100,100,100,100,100,100,100,100,100,100,100,100,100,100,50,50,100,100,100,50,100,50,100,100,100,50,100,50,100,75,50,50,50,100,100,100,100,100,75,100,50,50,100,50,100,100,100,100,100,100,100,100,100,100,100,100,50,50,50,100,100,100,50,100,50,100,100,100,50,100,50,100,75,50,50,50,100,100,100,100,100,50,50,50,50,50,Championship
Portsmouth,80jtkz2echk6yyyb9e2595cxr,6d9maq3oecwobp2t2220vf4r9,C. Bishop,Colby Bishop,29.0,Attacker,England,Striker,10.0,31.0,2.0,40.0,18.0,0.0,6.0,3.0,3.0,0.0,0.0,2.0,2.0,27.0,7.0,1.0,378.0,16.0,5.0,0.0,2.0,1.0,0.0,0.0,3.0,0.0,52.63,66.67,50.0,0.0,100.0,39.13,36.73,50.0,0.3555926008938461,0.6658677201510417,0.0,2.0,0.08564724,3.0,1.0,2.0,0.5423526699999999,10.0,2.380952380952381,7.3809523809523805,0.4761904761904761,9.523809523809524,4.285714285714286,0.0,1.4285714285714286,0.7142857142857143,0.7142857142857143,0.0,0.0,0.4761904761904761,0.4761904761904761,6.428571428571428,1.6666666666666663,0.238095238095238,3.809523809523809,1.1904761904761905,0.0,0.4761904761904761,0.238095238095238,0.0,0.0,0.7142857142857143,0.0,52.63,66.67,50.0,0.0,100.0,39.13,36.73,50.0,0.0846649049747252,0.1585399333692956,0.0,0.4761904761904761,0.0203922,0.7142857142857143,0.238095238095238,0.4761904761904761,0.129131588095238,2.380952380952381,ST,26,42,62,41,88,33,82,3,11,13,5,15,14,84,87,57,48,56,7,48,66,50,14,40,51,9,80,95,7,100,39,42,40,16,94,15,38,47,73,26,33,86,37,20,42,58,28,88,33,80,2,6,13,5,14,12,73,81,56,38,48,7,44,64,50,14,30,51,9,80,95,7,100,39,42,40,14,89,15,38,45,72,22,30,84,25,Championship
Portsmouth,80jtkz2echk6yyyb9e2595cxr,73mz7xafzid0mvbi59kb9u0dm,A. Kamara,Abu Kamara,23.0,Attacker,England,Striker,29.0,80.0,6.0,107.0,9.0,1.0,12.0,13.0,8.0,5.0,3.0,11.0,11.0,28.0,5.0,2.0,511.0,23.0,11.0,5.0,2.0,2.0,0.0,0.0,4.0,0.0,77.54,75.0,40.0,45.45,30.77,50.91,69.23,66.67,0.9525086839398876,0.982935030623294,10.0,18.0,0.6226611599999998,5.0,4.0,11.0,0.8733408899999999,42.0,5.107632093933463,14.090019569471623,1.0567514677103718,18.8454011741683,1.5851272015655578,0.1761252446183953,2.1135029354207435,2.2896281800391387,1.4090019569471623,0.8806262230919765,0.5283757338551859,1.9373776908023483,1.9373776908023483,4.931506849315069,0.8806262230919765,0.3522504892367906,4.050880626223091,1.9373776908023483,0.8806262230919765,0.3522504892367906,0.3522504892367906,0.0,0.0,0.7045009784735812,0.0,77.54,75.0,40.0,45.45,30.77,50.91,69.23,66.67,0.1677608249600584,0.1731196727125175,1.761252446183953,3.1702544031311155,0.1096663491193737,0.8806262230919765,0.7045009784735812,1.9373776908023483,0.153817377886497,7.397260273972602,RW,60,80,95,80,100,80,80,75,60,100,65,75,70,85,90,80,75,100,70,40,55,55,30,60,55,40,90,90,65,40,100,100,80,50,80,100,90,100,80,55,80,80,80,40,60,100,60,100,80,70,60,40,100,60,50,50,90,80,60,60,90,60,20,40,55,30,40,55,40,90,90,65,40,100,100,80,40,70,90,80,80,70,40,50,70,70,Championship
Portsmouth,80jtkz2echk6yyyb9e2595cxr,7qy8by5ysig5af425m7tl4aac,R. Kavuma-McQueen,Ryan Kavuma-McQueen,17.0,Attacker,England,Striker,10.0,16.0,3.0,26.0,1.0,0.0,4.0,12.0,7.0,5.0,4.0,15.0,15.0,26.0,4.0,1.0,268.0,12.0,4.0,11.0,5.0,0.0,0.0,1.0,3.0,0.0,72.22,60.0,0.0,73.33,25.0,59.09,20.0,50.0,0.6357955753782875,0.0816740490698633,9.0,3.0,0.08349579,2.0,2.0,7.0,0.11866694,9.0,3.3582089552238803,5.3731343283582085,1.007462686567164,8.73134328358209,0.335820895522388,0.0,1.343283582089552,4.029850746268656,2.3507462686567164,1.67910447761194,1.343283582089552,5.037313432835821,5.037313432835821,8.73134328358209,1.343283582089552,0.335820895522388,4.029850746268656,1.343283582089552,3.694029850746269,1.67910447761194,0.0,0.0,0.335820895522388,1.007462686567164,0.0,72.22,60.0,0.0,73.33,25.0,59.09,20.0,50.0,0.2135134394927084,0.0274278522995809,3.0223880597014925,1.007462686567164,0.0280396309701492,0.6716417910447761,0.6716417910447761,2.3507462686567164,0.0398508380597014,3.0223880597014925,ST,26,9,77,16,9,33,47,77,49,92,78,91,91,81,62,57,25,45,97,91,28,50,45,40,51,49,74,28,95,22,100,8,40,34,23,100,47,45,62,38,73,45,32,36,17,89,22,9,33,72,84,71,98,89,97,95,95,75,67,42,58,100,95,28,50,55,62,51,49,74,28,95,22,100,8,40,47,25,100,59,55,70,48,84,52,38,Championship
Portsmouth,80jtkz2echk6yyyb9e2595cxr,8gm7yexdkebkw32rabbh2o55g,B. Arthur,Benjamin Arthur,20.0,Defender,England,Defender,130.0,63.0,10.0,193.0,15.0,0.0,3.0,2.0,1.0,1.0,2.0,1.0,1.0,25.0,50.0,4.0,447.0,4.0,4.0,0.0,3.0,0.0,0.0,0.0,0.0,0.0,83.19,34.48,0.0,0.0,0.0,59.52,51.72,50.0,0.0,0.0,0.0,0.0,0.0,0.0,0.0,0.0,0.0,0.0,26.174496644295303,12.68456375838926,2.013422818791946,38.85906040268456,3.02013422818792,0.0,0.6040268456375839,0.4026845637583892,0.2013422818791946,0.2013422818791946,0.4026845637583892,0.2013422818791946,0.2013422818791946,5.033557046979865,10.06711409395973,0.8053691275167785,0.8053691275167785,0.8053691275167785,0.0,0.6040268456375839,0.0,0.0,0.0,0.0,0.0,83.19,34.48,0.0,0.0,0.0,59.52,51.72,50.0,0.0,0.0,0.0,0.0,0.0,0.0,0.0,0.0,0.0,0.0,CB,50,49,47,44,65,45,80,36,25,84,92,45,44,55,92,36,40,64,25,48,36,42,42,29,51,38,33,36,25,29,56,30,36,20,34,43,25,25,37,20,21,20,20,39,46,44,41,66,45,84,31,23,80,90,46,44,62,100,31,33,70,25,44,36,42,42,29,51,38,33,36,25,29,56,30,36,20,34,43,25,25,37,20,21,20,20,Championship
Portsmouth,80jtkz2echk6yyyb9e2595cxr,8m1ccd5sp0zpygjsunq7cmpgq,T. Devlin,Terry Devlin,22.0,Midfielder,Northern Ireland,Midfielder,83.0,110.0,12.0,192.0,10.0,0.0,4.0,7.0,2.0,5.0,3.0,4.0,4.0,38.0,17.0,6.0,535.0,9.0,14.0,1.0,9.0,1.0,0.0,1.0,1.0,0.0,78.05,42.86,9.09,25.0,14.29,67.86,76.92,64.29,0.454475208289547,0.1941106170304771,4.0,5.0,0.10628414,2.0,24.0,29.0,0.8646636000000001,91.0,13.962616822429906,18.50467289719626,2.0186915887850465,32.299065420560744,1.6822429906542056,0.0,0.6728971962616822,1.1775700934579438,0.3364485981308411,0.8411214953271028,0.5046728971962616,0.6728971962616822,0.6728971962616822,6.392523364485981,2.8598130841121496,1.0093457943925233,1.514018691588785,2.355140186915888,0.1682242990654205,1.514018691588785,0.1682242990654205,0.0,0.1682242990654205,0.1682242990654205,0.0,78.05,42.86,9.09,25.0,14.29,67.86,76.92,64.29,0.07645377335712,0.0326541224911083,0.6728971962616822,0.8411214953271028,0.017879574953271,0.3364485981308411,4.037383177570093,4.878504672897196,0.1454574280373831,15.30841121495327,RM/RCM,88,76,94,88,88,29,38,62,35,82,82,18,12,100,100,94,41,100,15,100,35,53,71,29,53,59,59,29,12,15,94,94,59,59,29,79,44,29,47,94,88,76,88,88,71,88,82,88,29,24,53,24,71,65,12,12,71,94,82,12,94,12,71,29,53,53,12,53,59,59,29,12,15,94,94,59,47,24,76,29,29,35,76,76,59,76,Championship
Portsmouth,80jtkz2echk6yyyb9e2595cxr,aj68ohnw0hxqnfxzjhpcwsavo,Marezi,Marko Milovanovic,23.0,Attacker,Serbia,Striker,4.0,17.0,0.0,21.0,7.0,0.0,0.0,10.0,10.0,0.0,1.0,1.0,1.0,17.0,1.0,0.0,193.0,15.0,6.0,0.0,3.0,0.0,0.0,2.0,5.0,0.0,72.41,0.0,0.0,0.0,50.0,35.42,25.93,75.0,0.654323180793138,0.0,1.0,0.0,0.0,0.0,1.0,0.0,0.0136773999999999,7.0,1.865284974093264,7.927461139896374,0.0,9.792746113989638,3.2642487046632125,0.0,0.0,4.663212435233161,4.663212435233161,0.0,0.466321243523316,0.466321243523316,0.466321243523316,7.927461139896374,0.466321243523316,0.0,6.994818652849741,2.7979274611398965,0.0,1.3989637305699485,0.0,0.0,0.932642487046632,2.3316062176165806,0.0,72.41,0.0,0.0,0.0,50.0,35.42,25.93,75.0,0.3051247993335876,0.0,0.466321243523316,0.0,0.0,0.0,0.466321243523316,0.0,0.0063780621761657,3.2642487046632125,ST,2,13,16,5,54,33,4,62,77,13,27,6,6,47,18,21,43,70,7,67,28,50,76,76,51,52,16,28,7,71,27,16,79,36,12,41,10,10,16,26,9,14,24,12,50,16,31,73,33,4,95,100,13,44,11,9,89,25,21,89,98,7,94,28,50,98,97,51,52,16,28,7,71,27,16,79,70,12,50,10,10,16,38,9,17,47,Championship
Portsmouth,80jtkz2echk6yyyb9e2595cxr,ano65cbqb9vqdaa1v8oy5gid,E. Adams,Ebou Adams,30.0,Midfielder,Gambia,Midfielder,49.0,73.0,6.0,122.0,8.0,1.0,5.0,4.0,3.0,1.0,0.0,1.0,1.0,28.0,9.0,8.0,278.0,8.0,8.0,0.0,11.0,0.0,0.0,1.0,1.0,0.0,87.14,46.15,0.0,0.0,25.0,62.22,66.67,84.62,0.3860418310966423,0.2317630782899978,1.0,8.0,0.18941397,4.0,18.0,19.0,0.3738358899999999,53.0,15.863309352517986,23.633093525179856,1.9424460431654675,39.49640287769784,2.5899280575539567,0.3237410071942446,1.618705035971223,1.2949640287769784,0.9712230215827338,0.3237410071942446,0.0,0.3237410071942446,0.3237410071942446,9.06474820143885,2.913669064748201,2.5899280575539567,2.5899280575539567,2.5899280575539567,0.0,3.5611510791366907,0.0,0.0,0.3237410071942446,0.3237410071942446,0.0,87.14,46.15,0.0,0.0,25.0,62.22,66.67,84.62,0.1249775712183374,0.0750312123960424,0.3237410071942446,2.5899280575539567,0.0613210694244604,1.2949640287769784,5.827338129496403,6.151079136690647,0.1210260075539567,17.158273381294965,DM/CM,20,24,28,22,83,88,70,58,83,30,20,23,22,80,63,82,87,74,14,100,23,47,89,63,51,63,43,23,14,65,89,79,98,67,65,53,71,70,79,62,62,54,39,30,59,48,50,98,91,89,76,98,37,20,26,24,100,91,98,96,98,14,100,23,47,96,74,51,63,43,23,14,65,89,79,98,89,70,54,80,80,85,85,87,72,50,Championship
Portsmouth,80jtkz2echk6yyyb9e2595cxr,dfpogkmamlohb4ta3q5ehecq1,Z. Swanson,Zak Swanson,25.0,Defender,England,Defender,62.0,90.0,12.0,148.0,4.0,0.0,3.0,1.0,0.0,1.0,0.0,8.0,8.0,15.0,11.0,4.0,378.0,3.0,2.0,3.0,5.0,4.0,0.0,0.0,0.0,0.0,81.77,48.0,19.05,37.5,0.0,53.57,50.0,83.33,0.0,0.0,0.0,0.0,0.0,0.0,0.0,0.0,0.0,0.0,14.76190476190476,21.428571428571427,2.857142857142857,35.238095238095234,0.9523809523809524,0.0,0.7142857142857143,0.238095238095238,0.0,0.238095238095238,0.0,1.9047619047619049,1.9047619047619049,3.571428571428571,2.619047619047619,0.9523809523809524,0.7142857142857143,0.4761904761904761,0.7142857142857143,1.1904761904761905,0.9523809523809524,0.0,0.0,0.0,0.0,81.77,48.0,19.05,37.5,0.0,53.57,50.0,83.33,0.0,0.0,0.0,0.0,0.0,0.0,0.0,0.0,0.0,0.0,LB/LCB,55,71,77,58,37,35,26,21,18,61,16,79,77,24,42,39,32,19,69,48,65,45,42,32,52,65,87,34,32,32,32,53,87,26,23,39,23,23,24,23,23,23,23,52,71,90,55,37,35,34,18,18,63,16,87,87,27,42,42,32,16,68,61,58,45,42,32,52,65,87,34,32,32,32,53,87,26,23,39,23,23,24,23,23,23,23,Championship
Portsmouth,80jtkz2echk6yyyb9e2595cxr,dypefa5ubw9m9xefxdd4365lh,M. Pack,Marlon Pack,35.0,Midfielder,England,Midfielder,75.0,90.0,16.0,164.0,19.0,0.0,3.0,0.0,0.0,0.0,0.0,2.0,2.0,25.0,18.0,1.0,411.0,2.0,1.0,0.0,4.0,1.0,0.0,0.0,0.0,0.0,80.79,64.0,50.0,0.0,0.0,60.98,82.61,80.0,0.0,0.0,0.0,0.0,0.0,0.0,0.0,0.0,0.0,0.0,16.423357664233578,19.708029197080293,3.5036496350364965,35.91240875912409,4.160583941605839,0.0,0.6569343065693432,0.0,0.0,0.0,0.0,0.437956204379562,0.437956204379562,5.474452554744526,3.9416058394160585,0.218978102189781,0.437956204379562,0.218978102189781,0.0,0.8759124087591241,0.218978102189781,0.0,0.0,0.0,0.0,80.79,64.0,50.0,0.0,0.0,60.98,82.61,80.0,0.0,0.0,0.0,0.0,0.0,0.0,0.0,0.0,0.0,0.0,DM/CM,41,41,87,39,100,41,45,5,17,9,20,40,39,65,97,11,32,10,14,40,58,47,41,26,51,22,83,82,14,26,85,100,78,15,15,23,16,16,20,15,15,15,15,33,37,85,35,100,41,39,5,17,9,20,43,43,80,100,9,35,9,14,43,57,47,41,26,51,22,83,82,14,26,85,100,78,15,15,23,16,16,20,15,15,15,15,Championship
Preston North End,5kq4izdz28qjaxoa6ujclwghj,20l52ulrx2ozl6zoc7iro0vrp,J. Thompson,Jordan Thompson,29.0,Midfielder,Northern Ireland,Midfielder,71.0,117.0,12.0,179.0,3.0,1.0,6.0,7.0,0.0,7.0,2.0,4.0,4.0,20.0,9.0,4.0,513.0,0.0,9.0,4.0,1.0,9.0,0.0,1.0,3.0,0.0,79.56,36.36,42.86,100.0,42.86,55.56,37.5,20.0,0.4140604727309493,0.7158316916438181,3.0,6.0,0.1494011699999999,3.0,27.0,31.0,0.94282001,113.0,12.456140350877192,20.526315789473685,2.1052631578947367,31.403508771929825,0.5263157894736842,0.175438596491228,1.0526315789473684,1.2280701754385963,0.0,1.2280701754385963,0.3508771929824561,0.7017543859649122,0.7017543859649122,3.508771929824561,1.5789473684210529,0.7017543859649122,0.0,1.5789473684210529,0.7017543859649122,0.175438596491228,1.5789473684210529,0.0,0.175438596491228,0.5263157894736842,0.0,79.56,36.36,42.86,100.0,42.86,55.56,37.5,20.0,0.0726421881984121,0.1255845073059329,0.5263157894736842,1.0526315789473684,0.0262107315789473,0.5263157894736842,4.7368421052631575,5.43859649122807,0.1654070192982456,19.82456140350877,DM/CM,35,63,66,46,39,88,76,76,17,90,67,61,57,42,63,35,7,82,80,3,98,47,89,91,51,13,18,76,90,91,63,29,2,70,87,83,57,59,70,83,93,93,76,13,46,54,15,28,85,70,72,17,87,54,50,48,15,48,22,7,67,76,2,98,47,85,91,51,13,18,76,90,91,63,29,2,65,80,76,50,54,67,74,85,91,65,Championship
Preston North End,5kq4izdz28qjaxoa6ujclwghj,230qvyk9dg4plwzobjj6thmqy,L. Leroy,Léo Leroy,26.0,Midfielder,France,Midfielder,62.0,84.0,8.0,144.0,2.0,0.0,8.0,8.0,1.0,7.0,2.0,7.0,7.0,28.0,7.0,4.0,475.0,4.0,7.0,7.0,5.0,2.0,1.0,0.0,0.0,0.0,81.36,44.44,66.67,100.0,0.0,56.0,25.0,41.67,0.4944297490433088,0.6831165543501496,4.0,1.0,0.01870347,1.0,13.0,12.0,0.5510965,75.0,11.747368421052633,15.91578947368421,1.5157894736842106,27.28421052631579,0.3789473684210526,0.0,1.5157894736842106,1.5157894736842106,0.1894736842105263,1.3263157894736843,0.3789473684210526,1.3263157894736843,1.3263157894736843,5.305263157894737,1.3263157894736843,0.7578947368421053,0.7578947368421053,1.3263157894736843,1.3263157894736843,0.9473684210526316,0.3789473684210526,0.1894736842105263,0.0,0.0,0.0,81.36,44.44,66.67,100.0,0.0,56.0,25.0,41.67,0.0936814261345216,0.129432610297923,0.7578947368421053,0.1894736842105263,0.003543815368421,0.1894736842105263,2.463157894736842,2.273684210526316,0.1044182842105263,14.210526315789474,DM/CM,26,33,42,30,27,41,86,86,48,90,67,88,87,80,50,35,59,67,93,58,75,96,41,26,51,26,40,88,90,26,65,15,24,76,85,92,34,33,45,43,45,74,48,9,17,35,13,15,41,76,85,41,91,59,85,83,76,39,26,52,57,93,47,70,98,41,26,51,26,40,88,90,26,65,15,24,74,83,91,33,33,39,41,39,61,39,Championship
Preston North End,5kq4izdz28qjaxoa6ujclwghj,2wp3di1gnzpo1p9qh4f9fx33d,C. Lang,Callum Lang,28.0,Attacker,England,Striker,10.0,22.0,0.0,32.0,8.0,0.0,5.0,11.0,11.0,0.0,1.0,9.0,10.0,23.0,0.0,2.0,431.0,19.0,5.0,2.0,5.0,0.0,0.0,3.0,6.0,0.0,66.67,0.0,0.0,22.22,54.55,36.51,38.1,62.5,1.647278776835241,0.1842692783179758,1.0,2.0,0.05446458,1.0,2.0,1.0,0.0287157099999998,11.0,2.0881670533642693,4.593967517401392,0.0,6.682134570765662,1.6705336426914157,0.0,1.0440835266821349,2.296983758700696,2.296983758700696,0.0,0.2088167053364269,1.8793503480278424,2.0881670533642693,4.802784222737819,0.0,0.4176334106728538,3.967517401392112,1.0440835266821349,0.4176334106728538,1.0440835266821349,0.0,0.0,0.6264501160092808,1.2529002320185616,0.0,66.67,0.0,0.0,22.22,54.55,36.51,38.1,62.5,0.3439793269493543,0.0384785035930807,0.2088167053364269,0.4176334106728538,0.0113731141531322,0.2088167053364269,0.4176334106728538,0.2088167053364269,0.0059963199535962,2.296983758700696,ST,26,29,16,27,60,33,66,70,84,13,27,74,73,67,7,81,66,56,52,91,28,50,92,88,51,37,16,28,26,82,30,48,58,84,36,41,38,39,45,38,23,19,42,16,9,16,5,55,33,50,50,69,13,16,67,66,47,7,77,41,47,48,78,28,50,86,77,51,37,16,28,26,82,30,48,58,80,30,36,34,31,39,31,20,16,20,Championship
Preston North End,5kq4izdz28qjaxoa6ujclwghj,3n2imac1yp8jppsf36a4qg76y,D. Burgzorg,Delano Burgzorg,27.0,Attacker,Suriname,Striker,21.0,39.0,0.0,60.0,1.0,2.0,5.0,8.0,6.0,2.0,4.0,2.0,2.0,6.0,0.0,0.0,458.0,15.0,2.0,0.0,3.0,0.0,0.0,0.0,3.0,0.0,77.92,0.0,0.0,0.0,37.5,28.57,16.67,100.0,0.8874260769055763,0.2988542867815868,1.0,12.0,0.3785542399999998,4.0,3.0,1.0,0.06625117,14.0,4.1266375545851535,7.663755458515284,0.0,11.790393013100438,0.1965065502183406,0.3930131004366812,0.9825327510917032,1.572052401746725,1.1790393013100438,0.3930131004366812,0.7860262008733625,0.3930131004366812,0.3930131004366812,1.1790393013100438,0.0,0.0,2.947598253275109,0.3930131004366812,0.0,0.5895196506550219,0.0,0.0,0.0,0.5895196506550219,0.0,77.92,0.0,0.0,0.0,37.5,28.57,16.67,100.0,0.1743850369465106,0.0587268249134122,0.1965065502183406,2.3580786026200875,0.0743883877729257,0.7860262008733625,0.5895196506550219,0.1965065502183406,0.0130187888646288,2.7510917030567685,ST,77,66,16,70,9,98,66,42,36,53,78,15,14,3,7,21,43,25,7,67,28,50,14,40,51,70,16,28,7,46,9,5,94,48,52,41,91,91,85,53,23,33,52,56,47,16,53,3,95,44,16,19,42,66,9,8,2,7,21,16,20,7,52,28,50,14,20,51,70,16,28,7,46,9,5,94,30,38,34,86,92,79,41,19,20,33,Championship
Preston North End,5kq4izdz28qjaxoa6ujclwghj,4h9ah2f2n815dewjlljrl2qqd,A. Vukčević,Andrija Vukcevic,29.0,Defender,Montenegro,Defender,18.0,39.0,1.0,51.0,3.0,1.0,4.0,2.0,0.0,2.0,1.0,3.0,4.0,10.0,7.0,4.0,292.0,2.0,3.0,0.0,2.0,6.0,0.0,0.0,0.0,0.0,68.92,11.11,26.09,0.0,0.0,37.04,23.08,50.0,0.0,0.0,0.0,0.0,0.0,0.0,0.0,0.0,0.0,0.0,5.547945205479452,12.02054794520548,0.3082191780821918,15.71917808219178,0.9246575342465754,0.3082191780821918,1.2328767123287672,0.6164383561643836,0.0,0.6164383561643836,0.3082191780821918,0.9246575342465754,1.2328767123287672,3.0821917808219177,2.1575342465753424,1.2328767123287672,0.6164383561643836,0.9246575342465754,0.0,0.6164383561643836,1.8493150684931507,0.0,0.0,0.0,0.0,68.92,11.11,26.09,0.0,0.0,37.04,23.08,50.0,0.0,0.0,0.0,0.0,0.0,0.0,0.0,0.0,0.0,0.0,LB/LCB,3,19,8,6,23,82,40,45,18,85,52,44,50,11,18,39,19,32,10,16,84,45,42,32,52,13,8,55,10,32,6,13,27,26,23,39,23,23,24,23,23,23,23,3,13,6,6,32,87,55,65,18,90,71,48,65,10,29,71,23,42,10,23,94,45,42,32,52,13,8,55,10,32,6,13,27,26,23,39,23,23,24,23,23,23,23,Championship
Preston North End,5kq4izdz28qjaxoa6ujclwghj,51jdbxx5zm2favg4psybexb6x,A. McCann,Ali McCann,26.0,Midfielder,Northern Ireland,Midfielder,40.0,38.0,0.0,77.0,1.0,0.0,2.0,1.0,0.0,1.0,1.0,2.0,2.0,8.0,3.0,0.0,180.0,0.0,1.0,1.0,4.0,1.0,0.0,0.0,0.0,0.0,83.7,0.0,33.33,50.0,0.0,44.44,25.0,80.0,0.0856056039693841,0.1981796726300875,0.0,2.0,0.04024053,1.0,9.0,7.0,0.1772512699999998,38.0,20.0,19.0,0.0,38.5,0.5,0.0,1.0,0.5,0.0,0.5,0.5,1.0,1.0,4.0,1.5,0.0,0.0,0.5,0.5,2.0,0.5,0.0,0.0,0.0,0.0,83.7,0.0,33.33,50.0,0.0,44.44,25.0,80.0,0.042802801984692,0.0990898363150437,0.0,1.0,0.020120265,0.5,4.5,3.5,0.0886256349999999,19.0,DM/CM,11,11,4,9,13,41,28,15,17,30,48,40,39,3,15,4,7,10,39,40,58,47,41,26,51,43,4,67,39,26,13,15,78,35,61,23,38,37,45,37,35,35,35,48,30,4,43,26,41,64,33,17,54,79,67,63,37,43,4,7,17,63,89,78,47,41,26,51,43,4,67,39,26,13,15,78,43,74,23,48,46,62,68,58,50,61,Championship
Preston North End,5kq4izdz28qjaxoa6ujclwghj,6hq92cx2829wfuzxmfhg1xpm1,L. Gibson,Lewis Gibson,26.0,Defender,England,Defender,85.0,44.0,8.0,128.0,8.0,0.0,4.0,2.0,2.0,0.0,0.0,4.0,4.0,23.0,17.0,8.0,385.0,2.0,8.0,2.0,3.0,1.0,0.0,0.0,0.0,0.0,71.51,26.67,50.0,50.0,0.0,63.89,57.14,60.0,0.2493081153484022,0.211858727618683,0.0,4.0,0.08268855,2.0,14.0,14.0,0.40725328,79.0,19.87012987012987,10.285714285714286,1.87012987012987,29.92207792207792,1.87012987012987,0.0,0.935064935064935,0.4675324675324675,0.4675324675324675,0.0,0.0,0.935064935064935,0.935064935064935,5.376623376623376,3.9740259740259742,1.87012987012987,0.4675324675324675,1.87012987012987,0.4675324675324675,0.7012987012987013,0.2337662337662337,0.0,0.0,0.0,0.0,71.51,26.67,50.0,50.0,0.0,63.89,57.14,60.0,0.0582798191723537,0.0495254168459258,0.0,0.935064935064935,0.0193297909090909,0.4675324675324675,3.272727272727273,3.272727272727273,0.0952020654545454,18.467532467532468,CB,20,35,34,20,29,45,89,36,41,38,30,89,86,50,23,77,16,95,77,48,82,42,42,29,51,3,16,96,61,29,72,44,47,59,90,43,79,79,85,75,70,75,59,21,28,39,18,31,45,92,36,41,38,30,93,93,70,16,85,15,97,80,49,89,42,42,29,51,3,16,96,61,29,72,44,47,59,90,43,79,79,87,79,80,82,64,Championship
Preston North End,5kq4izdz28qjaxoa6ujclwghj,974u179078uk6zeamzlmb4d1,L. Lindsay,Liam Lindsay,30.0,Defender,Scotland,Defender,102.0,37.0,8.0,139.0,17.0,0.0,1.0,3.0,3.0,0.0,0.0,2.0,2.0,27.0,21.0,4.0,335.0,7.0,6.0,1.0,3.0,0.0,0.0,0.0,0.0,0.0,78.53,36.36,0.0,50.0,0.0,57.45,56.67,100.0,0.3729735655799894,0.125537224394454,0.0,2.0,0.03870264,0.0,7.0,4.0,0.1373289299999998,48.0,27.402985074626866,9.940298507462686,2.149253731343284,37.34328358208956,4.567164179104478,0.0,0.2686567164179104,0.8059701492537313,0.8059701492537313,0.0,0.0,0.5373134328358209,0.5373134328358209,7.253731343283582,5.641791044776119,1.0746268656716418,1.880597014925373,1.611940298507463,0.2686567164179104,0.8059701492537313,0.0,0.0,0.0,0.0,0.0,78.53,36.36,0.0,50.0,0.0,57.45,56.67,100.0,0.1002018534394001,0.0337264184940324,0.0,0.5373134328358209,0.0103977241791044,0.0,1.880597014925373,1.0746268656716418,0.036894339402985,12.8955223880597,CB,29,26,34,30,75,45,48,52,58,38,30,65,65,62,34,36,71,85,59,48,36,42,42,29,51,16,36,36,61,29,50,39,94,69,79,43,63,66,37,57,48,52,49,44,26,48,34,93,45,52,66,74,38,30,74,74,93,52,54,80,93,67,57,36,42,42,29,51,16,36,36,61,29,50,39,94,82,84,43,70,69,37,59,54,56,54,Championship
Preston North End,5kq4izdz28qjaxoa6ujclwghj,ad85phz3qiv2g2zl18kczvrze,S. Mills,Stanley Mills,22.0,Midfielder,England,Midfielder,8.0,33.0,1.0,37.0,12.0,0.0,4.0,2.0,1.0,1.0,1.0,11.0,11.0,28.0,3.0,2.0,280.0,9.0,3.0,4.0,6.0,4.0,0.0,0.0,1.0,0.0,54.41,14.29,18.18,36.36,50.0,53.85,66.67,66.67,0.0,0.0,0.0,0.0,0.0,0.0,0.0,0.0,0.0,0.0,2.571428571428571,10.607142857142858,0.3214285714285714,11.892857142857142,3.857142857142857,0.0,1.2857142857142856,0.6428571428571428,0.3214285714285714,0.3214285714285714,0.3214285714285714,3.5357142857142856,3.5357142857142856,9.0,0.9642857142857144,0.6428571428571428,2.892857142857143,0.9642857142857144,1.2857142857142856,1.9285714285714288,1.2857142857142856,0.0,0.0,0.3214285714285714,0.0,54.41,14.29,18.18,36.36,50.0,53.85,66.67,66.67,0.0,0.0,0.0,0.0,0.0,0.0,0.0,0.0,0.0,0.0,RM/RCM,6,24,26,6,97,29,38,15,12,35,44,65,65,76,38,24,41,47,56,68,76,53,26,29,53,6,26,59,41,82,82,88,68,12,12,15,12,12,12,12,12,12,12,6,18,29,6,100,29,59,6,12,41,41,76,76,94,47,29,59,53,59,94,76,53,26,35,53,6,26,59,41,82,82,88,68,12,12,15,12,12,12,12,12,12,12,Championship
Preston North End,5kq4izdz28qjaxoa6ujclwghj,au1cbzehllmo4yyt6s0d16rkk,J. Erabi,Jusef Erabi,23.0,Attacker,Sweden,Striker,17.0,21.0,0.0,38.0,6.0,0.0,1.0,12.0,10.0,2.0,5.0,6.0,7.0,16.0,2.0,0.0,251.0,15.0,4.0,3.0,2.0,0.0,0.0,1.0,3.0,0.0,80.85,0.0,0.0,50.0,25.0,38.1,30.0,66.67,1.0649072969014644,0.0,1.0,2.0,0.04282587,1.0,2.0,2.0,0.0432515899999998,9.0,6.095617529880478,7.52988047808765,0.0,13.625498007968128,2.1513944223107573,0.0,0.3585657370517928,4.302788844621515,3.5856573705179287,0.7171314741035857,1.7928286852589643,2.1513944223107573,2.50996015936255,5.7370517928286855,0.7171314741035857,0.0,5.378486055776893,1.4342629482071714,1.0756972111553786,0.7171314741035857,0.0,0.0,0.3585657370517928,1.0756972111553786,0.0,80.85,0.0,0.0,50.0,25.0,38.1,30.0,66.67,0.3818392698053059,0.0,0.3585657370517928,0.7171314741035857,0.0153558896414342,0.3585657370517928,0.7171314741035857,0.7171314741035857,0.0155085382470118,3.227091633466136,ST,67,27,16,36,49,33,14,77,77,53,90,59,59,42,31,21,43,45,70,48,28,50,45,40,51,85,16,28,73,22,34,26,66,64,12,41,38,33,45,38,33,25,32,75,45,16,61,61,33,14,94,92,72,98,72,72,66,42,21,75,66,80,61,28,50,59,70,51,85,16,28,73,22,34,26,66,84,12,47,47,38,55,52,39,25,44,Championship
Preston North End,5kq4izdz28qjaxoa6ujclwghj,b4e0nbqzrwklpje47mo0o5bd,J. Storey,Jordan Storey,29.0,Defender,England,Defender,104.0,31.0,4.0,135.0,15.0,0.0,0.0,3.0,3.0,0.0,1.0,0.0,0.0,30.0,28.0,12.0,450.0,8.0,8.0,0.0,2.0,0.0,0.0,0.0,1.0,0.0,78.49,22.22,0.0,0.0,33.33,81.08,78.95,28.57,0.4100977303757886,0.0,0.0,1.0,0.01935132,0.0,5.0,5.0,0.12832824,65.0,20.8,6.2,0.8,27.0,3.0,0.0,0.0,0.6,0.6,0.0,0.2,0.0,0.0,6.0,5.6,2.4,1.6,1.6,0.0,0.4,0.0,0.0,0.0,0.2,0.0,78.49,22.22,0.0,0.0,33.33,81.08,78.95,28.57,0.0820195460751577,0.0,0.0,0.2,0.003870264,0.0,1.0,1.0,0.025665648,13.0,CB,31,17,11,28,65,45,18,52,58,38,72,18,17,79,50,95,80,95,25,28,36,42,42,69,51,15,8,36,25,80,98,95,20,74,34,43,55,56,37,50,53,51,55,23,10,5,11,64,45,18,51,56,38,77,18,17,80,51,95,76,92,25,26,36,42,42,68,51,15,8,36,25,80,98,95,20,70,34,43,57,54,37,50,52,49,56,Championship
Preston North End,5kq4izdz28qjaxoa6ujclwghj,b7yfyzrvj7yjo48pu8faqnvft,H. Clarke,Harry Clarke,25.0,Defender,England,Defender,79.0,77.0,16.0,155.0,17.0,0.0,4.0,8.0,5.0,3.0,3.0,5.0,6.0,31.0,26.0,9.0,540.0,7.0,2.0,3.0,6.0,1.0,0.0,0.0,1.0,0.0,75.61,45.71,16.67,60.0,12.5,50.82,53.12,66.67,0.7377469791485587,0.4109192508429571,3.0,7.0,0.18587132,1.0,14.0,16.0,0.8456425599999999,78.0,13.166666666666666,12.833333333333334,2.6666666666666665,25.83333333333333,2.833333333333333,0.0,0.6666666666666666,1.3333333333333333,0.8333333333333334,0.5,0.5,0.8333333333333334,1.0,5.166666666666667,4.333333333333333,1.5,1.1666666666666667,0.3333333333333333,0.5,1.0,0.1666666666666666,0.0,0.0,0.1666666666666666,0.0,75.61,45.71,16.67,60.0,12.5,50.82,53.12,66.67,0.1229578298580931,0.0684865418071595,0.5,1.1666666666666667,0.0309785533333333,0.1666666666666666,2.333333333333333,2.6666666666666665,0.1409404266666666,13.0,RB/RCB,61,50,89,54,98,34,64,93,93,91,98,62,71,86,89,95,59,32,75,75,48,46,48,82,52,25,54,61,68,73,46,50,50,93,82,86,75,71,46,70,73,93,75,39,32,82,39,86,34,45,96,89,89,100,46,54,71,82,77,39,29,62,59,36,46,48,77,52,25,54,61,68,73,46,50,50,93,75,80,68,68,46,68,64,89,68,Championship
Preston North End,5kq4izdz28qjaxoa6ujclwghj,b8pl56k1d1btqlucywp077vje,A. Devine,Alfie Devine,22.0,Midfielder,England,Midfielder,61.0,138.0,14.0,190.0,2.0,0.0,18.0,10.0,2.0,8.0,7.0,5.0,6.0,19.0,3.0,6.0,598.0,19.0,6.0,3.0,4.0,9.0,0.0,0.0,1.0,0.0,80.85,58.33,25.71,60.0,10.0,52.78,50.0,50.0,0.7201693237788287,1.8052762739059296,3.0,14.0,0.33663944,8.0,28.0,41.0,1.1374743399999998,100.0,9.180602006688964,20.769230769230766,2.1070234113712374,28.59531772575251,0.3010033444816053,0.0,2.709030100334448,1.5050167224080266,0.3010033444816053,1.2040133779264213,1.0535117056856187,0.7525083612040133,0.903010033444816,2.8595317725752505,0.451505016722408,0.903010033444816,2.8595317725752505,0.903010033444816,0.451505016722408,0.6020066889632106,1.354515050167224,0.0,0.0,0.1505016722408026,0.0,80.85,58.33,25.71,60.0,10.0,52.78,50.0,50.0,0.1083866875252417,0.2716970980794877,0.451505016722408,2.1070234113712374,0.0506647986622073,1.2040133779264213,4.214046822742475,6.170568561872909,0.1711917903010033,15.050167224080267,CM/AM,64,87,91,79,29,29,100,79,33,97,91,54,60,56,31,88,83,69,65,58,95,47,27,40,50,44,71,79,85,26,87,74,31,72,97,72,83,82,91,92,100,92,87,31,62,77,49,23,29,97,54,18,92,82,28,31,18,15,67,62,49,42,31,90,47,27,26,50,44,71,79,85,26,87,74,31,59,97,54,59,54,77,82,90,87,72,Championship
Preston North End,5kq4izdz28qjaxoa6ujclwghj,cfqumn4zil4u8l64dwoza3ro5,A. Hughes,Andrew Hughes,34.0,Defender,Wales,Defender,27.0,37.0,3.0,64.0,9.0,0.0,3.0,2.0,2.0,0.0,2.0,2.0,2.0,15.0,10.0,2.0,181.0,2.0,2.0,2.0,0.0,0.0,0.0,0.0,0.0,0.0,78.05,27.27,0.0,100.0,0.0,65.22,69.23,0.0,0.2084889733556989,0.2015730158927206,0.0,3.0,0.06738174,2.0,7.0,12.0,0.1977579699999999,37.0,13.425414364640885,18.39779005524862,1.4917127071823204,31.823204419889503,4.475138121546961,0.0,1.4917127071823204,0.994475138121547,0.994475138121547,0.0,0.994475138121547,0.994475138121547,0.994475138121547,7.458563535911602,4.972375690607735,0.994475138121547,0.994475138121547,0.994475138121547,0.994475138121547,0.0,0.0,0.0,0.0,0.0,0.0,78.05,27.27,0.0,100.0,0.0,65.22,69.23,0.0,0.1036685502873641,0.100229676410745,0.0,1.4917127071823204,0.033504732596685,0.994475138121547,3.4806629834254146,5.966850828729282,0.0983326922651933,18.39779005524862,LB/LCB,10,11,26,10,73,35,26,45,63,23,84,29,26,24,34,11,19,19,55,3,11,45,42,32,52,35,32,11,97,32,84,90,3,77,52,39,50,48,55,60,61,45,48,48,58,48,48,100,35,77,84,94,23,100,58,52,84,90,45,58,52,84,3,11,45,42,32,52,35,32,11,97,32,84,90,3,90,68,39,74,68,81,77,90,55,74,Championship
Preston North End,5kq4izdz28qjaxoa6ujclwghj,xd3gpwotm25q4mo2fkip8vhm,O. Offiah,Odeluga Offiah,23.0,Defender,England,Defender,65.0,43.0,5.0,107.0,6.0,0.0,1.0,0.0,0.0,0.0,0.0,3.0,3.0,18.0,17.0,5.0,297.0,1.0,2.0,2.0,6.0,1.0,0.0,0.0,0.0,0.0,86.29,50.0,50.0,66.67,0.0,81.82,0.0,75.0,0.0,0.0,0.0,0.0,0.0,0.0,0.0,0.0,0.0,0.0,19.6969696969697,13.030303030303031,1.5151515151515151,32.42424242424243,1.8181818181818183,0.0,0.303030303030303,0.0,0.0,0.0,0.0,0.9090909090909092,0.9090909090909092,5.454545454545455,5.151515151515151,1.5151515151515151,0.303030303030303,0.6060606060606061,0.6060606060606061,1.8181818181818183,0.303030303030303,0.0,0.0,0.0,0.0,86.29,50.0,50.0,66.67,0.0,81.82,0.0,75.0,0.0,0.0,0.0,0.0,0.0,0.0,0.0,0.0,0.0,0.0,CB,16,33,17,18,16,45,48,6,8,38,30,80,80,34,23,48,7,34,77,84,82,42,42,29,51,56,74,96,75,29,100,2,66,20,34,43,25,25,37,20,21,20,20,20,49,23,25,30,45,59,6,8,38,30,92,92,74,41,74,11,54,95,97,92,42,42,29,51,56,74,96,75,29,100,2,66,20,34,43,25,25,37,20,21,20,20,Championship
Queens Park Rangers,72nmbktwvcj3wizfp37yjf0dp,1hi0c0og111ahi6k09blm3alm,R. Burrell,Rumarn Burrell,25.0,Attacker,Jamaica,Striker,8.0,36.0,0.0,44.0,9.0,1.0,11.0,14.0,12.0,2.0,4.0,10.0,13.0,20.0,2.0,1.0,513.0,30.0,7.0,3.0,0.0,0.0,0.0,2.0,6.0,0.0,64.71,0.0,0.0,30.0,42.86,32.79,36.0,0.0,1.9273621767527187,0.8891866609269121,8.0,4.0,0.18855927,1.0,5.0,7.0,0.3029876199999998,16.0,1.4035087719298245,6.315789473684211,0.0,7.719298245614035,1.5789473684210529,0.175438596491228,1.9298245614035088,2.456140350877193,2.1052631578947367,0.3508771929824561,0.7017543859649122,1.7543859649122806,2.280701754385965,3.508771929824561,0.3508771929824561,0.175438596491228,5.263157894736842,1.2280701754385963,0.5263157894736842,0.0,0.0,0.0,0.3508771929824561,1.0526315789473684,0.0,64.71,0.0,0.0,30.0,42.86,32.79,36.0,0.0,0.3381337152197752,0.1559976598117389,1.4035087719298245,0.7017543859649122,0.0330805736842105,0.175438596491228,0.8771929824561403,1.2280701754385963,0.0531557228070175,2.807017543859649,ST,16,56,16,44,66,80,98,84,88,53,78,82,88,56,31,57,94,81,70,9,28,50,76,88,51,33,16,28,38,57,19,39,9,92,98,98,55,72,45,76,73,72,58,5,28,16,17,50,69,94,56,61,34,61,64,70,20,20,44,73,50,53,9,28,50,58,69,51,33,16,28,38,57,19,39,9,77,88,92,44,62,34,58,56,59,34,Championship
Queens Park Rangers,72nmbktwvcj3wizfp37yjf0dp,37ea7qzvbzt3zr4y2q4o5boq,K. Poku,Kwame Poku,25.0,Midfielder,Ghana,Midfielder,22.0,30.0,0.0,52.0,1.0,0.0,3.0,10.0,7.0,3.0,3.0,8.0,9.0,16.0,0.0,3.0,294.0,14.0,3.0,5.0,4.0,0.0,0.0,0.0,3.0,0.0,82.54,0.0,0.0,62.5,30.0,45.71,16.67,57.14,0.6553335576330312,0.3019332642539546,8.0,9.0,0.2538630599999999,4.0,1.0,6.0,0.1965189999999997,16.0,6.73469387755102,9.183673469387756,0.0,15.918367346938776,0.3061224489795918,0.0,0.9183673469387756,3.061224489795918,2.142857142857143,0.9183673469387756,0.9183673469387756,2.4489795918367347,2.7551020408163267,4.8979591836734695,0.0,0.9183673469387756,4.285714285714286,0.9183673469387756,1.530612244897959,1.2244897959183674,0.0,0.0,0.0,0.9183673469387756,0.0,82.54,0.0,0.0,62.5,30.0,45.71,16.67,57.14,0.200612313561132,0.0924285502818228,2.4489795918367347,2.7551020408163267,0.077713181632653,1.2244897959183674,0.3061224489795918,1.836734693877551,0.0601588775510203,4.8979591836734695,RM/RCM,29,12,12,24,32,29,26,82,85,59,82,50,56,41,6,50,82,47,65,26,15,53,26,79,53,82,12,15,88,29,47,29,44,76,41,100,65,65,74,24,35,24,26,35,12,12,29,35,29,35,94,100,76,100,53,53,65,6,71,88,47,65,53,15,53,26,88,53,82,12,15,88,29,47,29,44,82,47,100,71,71,76,24,35,24,24,Championship
Queens Park Rangers,72nmbktwvcj3wizfp37yjf0dp,3odx6ohq49pi71ln8vuierppl,J. Dunne,Jimmy Dunne,28.0,Defender,Republic of Ireland,Defender,186.0,108.0,16.0,294.0,16.0,0.0,0.0,4.0,4.0,0.0,0.0,3.0,3.0,25.0,39.0,6.0,498.0,8.0,1.0,3.0,4.0,0.0,0.0,1.0,1.0,0.0,88.29,43.24,0.0,100.0,25.0,54.35,51.61,80.0,0.4686954549926267,0.0,0.0,7.0,0.13338905,2.0,21.0,27.0,0.6419475899999998,174.0,33.6144578313253,19.518072289156628,2.891566265060241,53.13253012048193,2.891566265060241,0.0,0.0,0.7228915662650602,0.7228915662650602,0.0,0.0,0.5421686746987951,0.5421686746987951,4.518072289156627,7.048192771084337,1.0843373493975903,1.4457831325301205,0.180722891566265,0.5421686746987951,0.7228915662650602,0.0,0.0,0.180722891566265,0.180722891566265,0.0,88.29,43.24,0.0,100.0,25.0,54.35,51.61,80.0,0.0847039978902337,0.0,0.0,1.2650602409638554,0.0241064548192771,0.3614457831325301,3.7951807228915664,4.879518072289157,0.1160146246987951,31.44578313253012,CB,72,79,75,77,71,45,18,70,79,38,30,80,80,55,78,60,80,20,92,65,36,42,89,69,51,72,54,36,92,70,30,28,77,82,34,43,87,84,85,85,89,85,88,57,82,70,70,62,45,18,57,66,38,30,75,75,46,77,56,70,15,92,52,36,42,92,66,51,72,54,36,92,70,30,28,77,77,34,43,89,85,84,84,90,90,89,Championship
Queens Park Rangers,72nmbktwvcj3wizfp37yjf0dp,4qlwxkv0qv6tpkdjf04r8xvc9,P. Smyth,Paul Smyth,29.0,Attacker,Northern Ireland,Striker,15.0,53.0,2.0,65.0,0.0,0.0,5.0,7.0,5.0,2.0,1.0,10.0,12.0,21.0,3.0,1.0,314.0,18.0,8.0,4.0,6.0,3.0,0.0,1.0,5.0,0.0,78.31,50.0,20.0,40.0,71.43,58.33,0.0,66.67,0.5472712904733625,0.6654133350624675,3.0,14.0,0.38867287,6.0,4.0,7.0,0.69204716,26.0,4.2993630573248405,15.19108280254777,0.5732484076433121,18.630573248407643,0.0,0.0,1.4331210191082802,2.006369426751592,1.4331210191082802,0.5732484076433121,0.286624203821656,2.8662420382165603,3.4394904458598727,6.019108280254777,0.8598726114649682,0.286624203821656,5.159235668789809,2.2929936305732483,1.1464968152866242,1.7197452229299364,0.8598726114649682,0.0,0.286624203821656,1.4331210191082802,0.0,78.31,50.0,20.0,40.0,71.43,58.33,0.0,66.67,0.1568611979063778,0.1907235673745926,0.8598726114649682,4.012738853503184,0.111403051910828,1.7197452229299364,1.1464968152866242,2.006369426751592,0.1983574662420382,7.452229299363057,ST,52,80,62,75,2,33,66,28,26,53,27,82,85,58,46,57,58,88,80,96,91,50,45,76,51,77,62,67,56,98,98,2,66,27,92,69,97,92,96,67,73,91,80,58,84,66,78,2,33,81,34,31,56,27,80,80,69,52,64,72,89,81,97,94,50,48,83,51,77,62,67,56,98,98,2,66,25,98,80,97,94,97,67,80,97,89,Championship
Queens Park Rangers,72nmbktwvcj3wizfp37yjf0dp,5m92dtsjzdu3ouuua0dec4u8k,A. Mbengue,Amadou Mbengue,24.0,Defender,Senegal,Defender,54.0,73.0,5.0,126.0,13.0,1.0,3.0,4.0,1.0,3.0,1.0,8.0,8.0,29.0,16.0,10.0,479.0,5.0,6.0,3.0,2.0,1.0,1.0,0.0,1.0,0.0,76.36,50.0,8.33,37.5,25.0,60.42,86.67,28.57,0.2941401618623971,0.2868018451068322,3.0,8.0,0.2468496099999998,3.0,18.0,16.0,0.6686745299999999,71.0,10.146137787056368,13.7160751565762,0.9394572025052192,23.674321503131527,2.44258872651357,0.1878914405010438,0.5636743215031316,0.7515657620041754,0.1878914405010438,0.5636743215031316,0.1878914405010438,1.5031315240083507,1.5031315240083507,5.448851774530271,3.0062630480167014,1.8789144050104385,0.9394572025052192,1.1273486430062631,0.5636743215031316,0.3757828810020877,0.1878914405010438,0.1878914405010438,0.0,0.1878914405010438,0.0,76.36,50.0,8.33,37.5,25.0,60.42,86.67,28.57,0.0552664187215359,0.0538876118154799,0.5636743215031316,1.5031315240083507,0.0463809288100208,0.5636743215031316,3.382045929018789,3.0062630480167014,0.1256382206680584,13.340292275574113,RB/RCB,32,46,27,46,82,80,41,79,46,91,66,88,88,82,64,100,34,89,75,14,48,96,48,82,52,32,70,32,43,84,75,100,4,79,64,86,82,86,61,82,73,79,71,18,36,18,25,75,79,32,79,39,93,61,82,75,75,61,89,29,79,71,7,43,100,48,86,52,32,70,32,43,84,75,100,4,75,61,86,82,86,57,86,71,75,71,Championship
Queens Park Rangers,72nmbktwvcj3wizfp37yjf0dp,5r5i2cbecv1046hj6omacsvyt,J. Clarke-Salter,Jake Clarke-Salter,28.0,Defender,England,Defender,212.0,84.0,6.0,296.0,7.0,0.0,1.0,0.0,0.0,0.0,0.0,1.0,1.0,13.0,21.0,5.0,487.0,0.0,1.0,1.0,1.0,0.0,0.0,0.0,0.0,0.0,90.8,26.09,0.0,100.0,0.0,41.94,43.75,25.0,0.0,0.0,0.0,0.0,0.0,0.0,0.0,0.0,0.0,0.0,39.17864476386037,15.523613963039011,1.108829568788501,54.70225872689938,1.2936344969199178,0.0,0.1848049281314168,0.0,0.0,0.0,0.0,0.1848049281314168,0.1848049281314168,2.402464065708419,3.880903490759753,0.924024640657084,0.0,0.1848049281314168,0.1848049281314168,0.1848049281314168,0.0,0.0,0.0,0.0,0.0,90.8,26.09,0.0,100.0,0.0,41.94,43.75,25.0,0.0,0.0,0.0,0.0,0.0,0.0,0.0,0.0,0.0,0.0,CB,82,67,23,79,22,45,48,6,8,38,30,45,44,18,34,48,2,20,59,13,36,42,42,29,51,85,13,36,92,29,3,13,15,20,34,43,25,25,37,20,21,20,20,79,66,10,75,16,45,46,6,8,38,30,44,43,2,15,41,2,16,62,13,36,42,42,29,51,85,13,36,92,29,3,13,15,20,34,43,25,25,37,20,21,20,20,Championship
Queens Park Rangers,72nmbktwvcj3wizfp37yjf0dp,6mshneopidq0hmx1c4ef7qj2s,K. Adamson,Kealey Adamson,23.0,Defender,Australia,Defender,45.0,65.0,4.0,110.0,4.0,0.0,2.0,1.0,0.0,1.0,1.0,2.0,2.0,10.0,8.0,3.0,258.0,3.0,2.0,1.0,3.0,0.0,0.0,0.0,0.0,0.0,88.0,57.14,0.0,50.0,0.0,41.67,40.0,100.0,0.0893924036332258,0.1428789461189881,0.0,12.0,0.2717427,2.0,6.0,11.0,0.30869859,41.0,15.69767441860465,22.67441860465116,1.3953488372093024,38.372093023255815,1.3953488372093024,0.0,0.6976744186046512,0.3488372093023256,0.0,0.3488372093023256,0.3488372093023256,0.6976744186046512,0.6976744186046512,3.488372093023256,2.7906976744186047,1.0465116279069768,1.0465116279069768,0.6976744186046512,0.3488372093023256,1.0465116279069768,0.0,0.0,0.0,0.0,0.0,88.0,57.14,0.0,50.0,0.0,41.67,40.0,100.0,0.0311833966162415,0.0498414928322051,0.0,4.186046511627907,0.094793965116279,0.6976744186046512,2.0930232558139537,3.8372093023255816,0.1076855546511628,14.30232558139535,LB/LCB,27,32,32,26,37,35,16,21,18,61,52,29,26,11,23,23,32,19,31,24,11,45,42,32,52,90,97,11,52,32,13,35,95,58,45,39,94,94,55,53,58,52,58,58,74,42,68,55,35,26,29,18,77,81,42,42,16,48,52,65,26,45,48,11,45,42,32,52,90,97,11,52,32,13,35,95,68,52,39,100,100,58,58,81,61,65,Championship
Queens Park Rangers,72nmbktwvcj3wizfp37yjf0dp,7xs1rx9jos4ls85u362y9hqeh,N. Madsen,Nicolas Madsen,26.0,Midfielder,Denmark,Midfielder,70.0,128.0,4.0,194.0,1.0,0.0,5.0,2.0,1.0,1.0,2.0,1.0,1.0,5.0,4.0,6.0,302.0,2.0,1.0,0.0,2.0,4.0,0.0,0.0,0.0,0.0,89.81,36.36,26.67,0.0,0.0,33.33,20.0,66.67,0.1076545313074425,0.5338041635473029,0.0,13.0,0.28392313,7.0,30.0,31.0,0.4388293199999999,97.0,20.86092715231788,38.14569536423841,1.1920529801324502,57.81456953642384,0.2980132450331125,0.0,1.490066225165563,0.5960264900662251,0.2980132450331125,0.2980132450331125,0.5960264900662251,0.2980132450331125,0.2980132450331125,1.490066225165563,1.1920529801324502,1.7880794701986755,0.5960264900662251,0.2980132450331125,0.0,0.5960264900662251,1.1920529801324502,0.0,0.0,0.0,0.0,89.81,36.36,26.67,0.0,0.0,33.33,20.0,66.67,0.0320824762174497,0.159080710990918,0.0,3.874172185430464,0.0846128533112582,2.086092715231788,8.940397350993377,9.23841059602649,0.1307769496688741,28.90728476821192,CM/AM,76,85,42,82,15,29,45,13,19,24,51,13,13,6,46,88,8,17,12,26,81,47,27,13,50,92,18,82,12,13,10,19,56,15,64,15,73,67,82,95,92,56,85,95,100,49,100,21,29,62,15,15,23,59,13,13,8,64,90,10,21,12,28,85,47,27,13,50,92,18,82,12,13,10,19,56,18,77,15,95,90,95,100,100,69,100,Championship
Queens Park Rangers,72nmbktwvcj3wizfp37yjf0dp,83jpq8fuprm9h1e2thoxv1tyh,T. Lamptey,Tariq Lamptey,25.0,Defender,Ghana,Defender,40.0,44.0,3.0,81.0,3.0,1.0,4.0,4.0,1.0,3.0,1.0,9.0,9.0,20.0,8.0,2.0,204.0,6.0,5.0,4.0,4.0,3.0,0.0,0.0,1.0,0.0,86.17,60.0,27.27,44.44,25.0,50.0,42.86,50.0,0.0,0.0,0.0,0.0,0.0,0.0,0.0,0.0,0.0,0.0,17.647058823529413,19.411764705882355,1.3235294117647058,35.73529411764706,1.3235294117647058,0.4411764705882353,1.7647058823529411,1.7647058823529411,0.4411764705882353,1.3235294117647058,0.4411764705882353,3.9705882352941178,3.9705882352941178,8.823529411764707,3.5294117647058822,0.8823529411764706,2.647058823529412,2.2058823529411766,1.7647058823529411,1.7647058823529411,1.3235294117647058,0.0,0.0,0.4411764705882353,0.0,86.17,60.0,27.27,44.44,25.0,50.0,42.86,50.0,0.0,0.0,0.0,0.0,0.0,0.0,0.0,0.0,0.0,0.0,CB,3,35,6,11,7,95,89,70,25,98,72,98,98,43,5,16,61,79,98,65,98,42,42,69,51,54,93,84,52,70,16,11,36,20,34,43,25,25,37,20,21,20,20,15,77,20,30,18,100,98,97,39,100,92,100,100,100,11,39,93,98,100,95,98,42,42,92,51,54,93,84,52,70,16,11,36,20,34,43,25,25,37,20,21,20,20,Championship
Queens Park Rangers,72nmbktwvcj3wizfp37yjf0dp,90ibgoec1k1npb1odsqwpfx1,G. Kamara,Glen Kamara,30.0,Midfielder,Finland,Midfielder,82.0,136.0,7.0,218.0,2.0,0.0,7.0,2.0,1.0,1.0,0.0,6.0,7.0,23.0,6.0,6.0,307.0,11.0,10.0,4.0,4.0,0.0,0.0,0.0,1.0,0.0,92.37,87.5,0.0,66.67,50.0,65.71,40.0,57.14,0.144381756031629,0.4573226517148376,2.0,9.0,0.2126645999999999,2.0,33.0,28.0,0.7194849700000001,104.0,24.03908794788273,39.86970684039088,2.052117263843648,63.90879478827362,0.5863192182410424,0.0,2.052117263843648,0.5863192182410424,0.2931596091205212,0.2931596091205212,0.0,1.7589576547231272,2.052117263843648,6.742671009771987,1.7589576547231272,1.7589576547231272,3.224755700325733,2.931596091205212,1.1726384364820848,1.1726384364820848,0.0,0.0,0.0,0.2931596091205212,0.0,92.37,87.5,0.0,66.67,50.0,65.71,40.0,57.14,0.0423268991623668,0.134068529818682,0.5863192182410424,2.638436482084691,0.0623446710097719,0.5863192182410424,9.6742671009772,8.208469055374593,0.2109239325732899,30.488599348534205,DM/CM,50,76,35,63,27,41,80,32,48,30,20,82,87,52,38,59,99,90,80,40,23,47,41,63,51,96,98,23,58,96,98,35,43,43,78,70,75,74,57,93,90,87,74,76,98,52,93,33,41,100,37,50,33,20,93,91,96,54,87,100,100,89,61,23,47,41,72,51,96,98,23,58,96,98,35,43,41,87,85,85,85,72,100,100,100,93,Championship
Queens Park Rangers,72nmbktwvcj3wizfp37yjf0dp,9i1gqo2wugpaygigl5knhdjsa,H. Vale,Harvey Vale,23.0,Midfielder,Republic of Ireland,Midfielder,51.0,122.0,8.0,163.0,5.0,1.0,17.0,17.0,11.0,6.0,4.0,7.0,8.0,23.0,3.0,5.0,540.0,23.0,3.0,3.0,6.0,10.0,0.0,0.0,4.0,0.0,75.46,44.44,26.32,42.86,23.53,51.11,41.67,50.0,1.314695070360925,1.7820006971518687,6.0,9.0,0.27020256,3.0,14.0,30.0,0.9352785299999996,79.0,8.5,20.33333333333333,1.3333333333333333,27.166666666666668,0.8333333333333334,0.1666666666666666,2.833333333333333,2.833333333333333,1.8333333333333333,1.0,0.6666666666666666,1.1666666666666667,1.3333333333333333,3.8333333333333335,0.5,0.8333333333333334,3.8333333333333335,0.5,0.5,1.0,1.6666666666666667,0.0,0.0,0.6666666666666666,0.0,75.46,44.44,26.32,42.86,23.53,51.11,41.67,50.0,0.2191158450601541,0.2970001161919781,1.0,1.5,0.04503376,0.5,2.333333333333333,5.0,0.1558797549999999,13.166666666666666,RM/RCM,76,88,82,76,79,74,100,94,94,91,100,38,44,62,38,79,94,47,44,68,100,53,26,88,53,35,68,65,71,24,76,59,26,88,100,91,65,71,65,71,94,82,82,47,82,76,65,65,59,100,88,88,88,88,24,24,41,29,65,82,24,29,32,82,53,26,82,53,35,68,65,71,24,76,59,26,88,94,88,53,53,53,65,82,71,65,Championship
Queens Park Rangers,72nmbktwvcj3wizfp37yjf0dp,b4llr08d8tnltvsnv7agrxnxm,D. Cirkins,Dennis Cirkin,24.0,Defender,Latvia,Defender,33.0,73.0,2.0,103.0,5.0,0.0,1.0,3.0,2.0,1.0,1.0,7.0,7.0,23.0,9.0,7.0,283.0,12.0,3.0,4.0,5.0,3.0,1.0,0.0,1.0,0.0,83.06,22.22,33.33,57.14,33.33,60.53,55.56,41.67,0.0,0.0,0.0,0.0,0.0,0.0,0.0,0.0,0.0,0.0,10.49469964664311,23.215547703180214,0.6360424028268551,32.75618374558304,1.5901060070671378,0.0,0.3180212014134275,0.9540636042402828,0.6360424028268551,0.3180212014134275,0.3180212014134275,2.2261484098939928,2.2261484098939928,7.314487632508834,2.862190812720848,2.2261484098939928,3.8162544169611294,0.9540636042402828,1.2720848056537102,1.5901060070671378,0.9540636042402828,0.3180212014134275,0.0,0.3180212014134275,0.0,83.06,22.22,33.33,57.14,33.33,60.53,55.56,41.67,0.0,0.0,0.0,0.0,0.0,0.0,0.0,0.0,0.0,0.0,LB/LCB,18,50,18,23,50,35,8,69,63,61,52,73,73,47,27,85,87,32,77,48,48,95,42,73,52,74,23,85,76,81,63,58,13,26,23,39,23,23,24,23,23,23,23,26,81,23,52,61,35,13,81,81,74,74,94,90,81,52,100,100,45,94,74,61,100,42,81,52,74,23,85,76,81,63,58,13,26,23,39,23,23,24,23,23,23,23,Championship
Queens Park Rangers,72nmbktwvcj3wizfp37yjf0dp,ck7rfibui5rdzsyymxx4d6mtw,A. Lloyd,Alfie Lloyd,23.0,Attacker,England,Striker,17.0,28.0,0.0,43.0,2.0,0.0,1.0,11.0,10.0,1.0,4.0,7.0,7.0,12.0,0.0,0.0,217.0,18.0,4.0,4.0,1.0,2.0,0.0,0.0,2.0,0.0,82.69,0.0,100.0,57.14,18.18,34.29,20.0,50.0,0.8148385738318055,0.0507232976806707,6.0,4.0,0.23316504,1.0,0.0,0.0,0.0362751599999998,8.0,7.050691244239632,11.612903225806452,0.0,17.83410138248848,0.8294930875576038,0.0,0.4147465437788019,4.56221198156682,4.147465437788019,0.4147465437788019,1.6589861751152075,2.903225806451613,2.903225806451613,4.976958525345623,0.0,0.0,7.465437788018433,1.6589861751152075,1.6589861751152075,0.4147465437788019,0.8294930875576038,0.0,0.0,0.8294930875576038,0.0,82.69,0.0,100.0,57.14,18.18,34.29,20.0,50.0,0.3379514822343893,0.0210373124021214,2.4884792626728114,1.6589861751152075,0.096704394470046,0.4147465437788019,0.0,0.0,0.0150449972350229,3.317972350230415,RW,35,10,10,20,60,35,10,60,75,25,80,40,35,40,15,20,50,45,60,20,55,55,30,30,55,80,10,100,100,20,30,40,45,40,20,75,20,30,20,15,15,20,20,90,30,10,40,70,35,10,100,100,30,90,70,60,100,15,20,90,80,100,30,80,55,30,50,55,80,10,100,100,20,30,40,45,90,20,100,40,70,20,15,15,20,20,Championship
Queens Park Rangers,72nmbktwvcj3wizfp37yjf0dp,em0i6q0h6q80melaxwx2nvz3e,R. Edwards,Ronnie Edwards,23.0,Defender,England,Defender,174.0,142.0,15.0,316.0,10.0,1.0,3.0,7.0,4.0,3.0,2.0,0.0,0.0,21.0,37.0,7.0,630.0,6.0,2.0,0.0,6.0,0.0,0.0,0.0,1.0,0.0,88.02,57.69,0.0,0.0,14.29,53.85,62.5,66.67,0.5765482228634919,0.1912868343661682,2.0,18.0,0.3900034399999998,4.0,31.0,28.0,0.8401663699999998,166.0,24.857142857142858,20.285714285714285,2.142857142857143,45.142857142857146,1.4285714285714286,0.1428571428571428,0.4285714285714285,1.0,0.5714285714285714,0.4285714285714285,0.2857142857142857,0.0,0.0,3.0,5.285714285714286,1.0,0.8571428571428571,0.2857142857142857,0.0,0.8571428571428571,0.0,0.0,0.0,0.1428571428571428,0.0,88.02,57.69,0.0,0.0,14.29,53.85,62.5,66.67,0.0823640318376417,0.0273266906237383,0.2857142857142857,2.571428571428572,0.0557147771428571,0.5714285714285714,4.428571428571429,4.0,0.1200237671428571,23.714285714285715,CB,61,89,71,82,39,95,80,97,79,98,92,18,17,44,74,69,61,34,25,84,36,42,42,69,51,67,92,36,25,57,25,61,54,90,84,97,100,98,93,90,90,97,85,31,85,46,57,20,90,73,83,52,95,82,18,17,11,46,48,37,24,25,64,36,42,42,59,51,67,92,36,25,57,25,61,54,74,80,92,98,97,91,89,84,93,69,Championship
Queens Park Rangers,72nmbktwvcj3wizfp37yjf0dp,f1a6mxwx48ea8qfvfyuxjg15,I. Chair,Ilias Chair,28.0,Midfielder,Morocco,Midfielder,31.0,73.0,8.0,99.0,1.0,1.0,9.0,10.0,8.0,2.0,2.0,3.0,4.0,6.0,0.0,2.0,293.0,19.0,3.0,1.0,0.0,5.0,0.0,2.0,5.0,0.0,79.84,50.0,29.41,33.33,50.0,40.0,33.33,0.0,1.1053238249181525,0.7720934468079965,2.0,12.0,0.40755728,3.0,13.0,14.0,0.7649306199999999,47.0,9.522184300341298,22.42320819112628,2.4573378839590445,30.40955631399317,0.3071672354948805,0.3071672354948805,2.7645051194539247,3.0716723549488054,2.4573378839590445,0.6143344709897611,0.6143344709897611,0.9215017064846416,1.2286689419795225,1.843003412969284,0.0,0.6143344709897611,5.836177474402731,0.9215017064846416,0.3071672354948805,0.0,1.5358361774744027,0.0,0.6143344709897611,1.5358361774744027,0.0,79.84,50.0,29.41,33.33,50.0,40.0,33.33,0.0,0.3395192636267363,0.2371618095997258,0.6143344709897611,3.686006825938567,0.1251882430034129,0.9215017064846416,3.993174061433447,4.300341296928328,0.2349616238907849,14.436860068259383,LM/LCM,56,56,89,44,39,83,67,83,89,50,56,28,33,17,11,50,67,22,28,22,61,50,89,94,56,44,78,78,22,67,33,72,22,100,56,44,56,56,44,89,67,44,78,78,78,100,89,44,89,89,100,100,56,67,22,33,11,11,67,89,44,22,22,89,50,100,100,56,44,78,78,22,67,33,72,22,100,78,56,67,67,56,100,89,89,89,Championship
Queens Park Rangers,72nmbktwvcj3wizfp37yjf0dp,tgu7kztdu9azmvirwu8rrip6,K. Saito,Koki Saito,25.0,Attacker,Japan,Striker,23.0,54.0,2.0,76.0,2.0,0.0,6.0,4.0,2.0,2.0,0.0,9.0,9.0,11.0,4.0,0.0,309.0,16.0,1.0,4.0,3.0,1.0,0.0,1.0,1.0,0.0,80.85,40.0,16.67,44.44,25.0,50.0,66.67,75.0,0.3880687308441972,0.6170019187833229,2.0,13.0,0.4519968699999997,8.0,5.0,12.0,0.5743986299999999,33.0,6.699029126213593,15.728155339805824,0.5825242718446603,22.135922330097088,0.5825242718446603,0.0,1.7475728155339807,1.1650485436893203,0.5825242718446603,0.5825242718446603,0.0,2.621359223300971,2.621359223300971,3.2038834951456314,1.1650485436893203,0.0,4.660194174757282,0.2912621359223301,1.1650485436893203,0.8737864077669903,0.2912621359223301,0.0,0.2912621359223301,0.2912621359223301,0.0,80.85,40.0,16.67,44.44,25.0,50.0,66.67,75.0,0.1130297274303487,0.1797092967330066,0.5825242718446603,3.7864077669902914,0.1316495737864076,2.330097087378641,1.4563106796116505,3.4951456310679614,0.1673005718446601,9.611650485436892,ST,81,83,62,85,22,33,82,6,5,53,5,74,68,17,62,21,48,12,80,67,66,50,45,9,51,85,48,61,63,22,77,99,79,20,89,56,95,97,100,76,89,89,91,80,89,67,86,23,33,91,5,5,58,5,75,75,16,67,21,58,12,83,72,67,50,50,6,51,85,48,61,63,22,77,99,79,16,97,55,95,97,100,72,92,91,94,Championship
Sheffield United,bws31egwjda253q9lvykgnivo,2u0613a3yx2fk1pefmb722rbp,J. Rothwell,Joe Rothwell,31.0,Midfielder,England,Midfielder,27.0,40.0,7.0,64.0,1.0,1.0,5.0,2.0,1.0,1.0,2.0,1.0,1.0,3.0,3.0,4.0,255.0,2.0,0.0,0.0,2.0,3.0,0.0,0.0,0.0,0.0,88.89,70.0,50.0,0.0,0.0,42.86,33.33,100.0,0.1843968024209913,0.6116451565231681,0.0,1.0,0.0241224,1.0,12.0,4.0,0.1458956099999999,31.0,9.529411764705882,14.117647058823527,2.4705882352941173,22.588235294117645,0.3529411764705882,0.3529411764705882,1.7647058823529411,0.7058823529411764,0.3529411764705882,0.3529411764705882,0.7058823529411764,0.3529411764705882,0.3529411764705882,1.0588235294117647,1.0588235294117647,1.4117647058823528,0.7058823529411764,0.0,0.0,0.7058823529411764,1.0588235294117647,0.0,0.0,0.0,0.0,88.89,70.0,50.0,0.0,0.0,42.86,33.33,100.0,0.0650812243838792,0.215874761125824,0.0,0.3529411764705882,0.0085137882352941,0.3529411764705882,4.235294117647059,1.4117647058823528,0.051492568235294,10.941176470588236,CM/AM,24,13,60,18,15,74,45,13,19,24,51,13,13,3,31,64,8,6,12,26,69,47,27,13,50,90,95,100,12,13,55,36,94,26,72,15,18,18,28,56,17,15,29,41,23,85,23,28,92,69,23,23,31,64,18,18,3,46,82,13,6,12,38,79,47,27,13,50,90,95,100,12,13,55,36,94,28,85,15,18,18,33,85,21,23,44,Championship
Sheffield United,bws31egwjda253q9lvykgnivo,4csqktt1i4u9zu8fy4u8aok5w,R. Donovan,Romelle Donovan,19.0,Midfielder,England,Midfielder,32.0,28.0,0.0,59.0,0.0,0.0,1.0,4.0,4.0,0.0,0.0,17.0,17.0,25.0,1.0,2.0,339.0,9.0,5.0,8.0,5.0,1.0,0.0,1.0,2.0,0.0,77.63,0.0,11.11,47.06,50.0,40.98,0.0,41.67,0.0,0.0,0.0,0.0,0.0,0.0,0.0,0.0,0.0,0.0,8.495575221238939,7.433628318584071,0.0,15.663716814159292,0.0,0.0,0.2654867256637168,1.0619469026548674,1.0619469026548674,0.0,0.0,4.513274336283186,4.513274336283186,6.6371681415929205,0.2654867256637168,0.5309734513274337,2.3893805309734515,1.327433628318584,2.1238938053097347,1.327433628318584,0.2654867256637168,0.0,0.2654867256637168,0.5309734513274337,0.0,77.63,0.0,11.11,47.06,50.0,40.98,0.0,41.67,0.0,0.0,0.0,0.0,0.0,0.0,0.0,0.0,0.0,0.0,RM/RCM,44,6,12,32,12,29,12,47,68,12,18,91,91,71,15,24,41,65,94,41,35,53,71,65,53,53,12,35,82,82,29,12,18,12,12,15,12,12,12,12,12,12,12,41,6,12,24,12,29,6,41,76,12,18,88,88,76,12,18,35,71,100,59,35,53,82,59,53,53,12,35,82,82,29,12,18,12,12,15,12,12,12,12,12,12,12,Championship
Sheffield United,bws31egwjda253q9lvykgnivo,4wiondmvhv7loiwvu76iqzwq2,S. McCallum,Sam McCallum,26.0,Defender,England,Defender,50.0,63.0,12.0,113.0,23.0,1.0,3.0,7.0,6.0,1.0,1.0,5.0,6.0,54.0,34.0,7.0,465.0,12.0,16.0,4.0,4.0,0.0,0.0,0.0,2.0,0.0,64.94,30.0,0.0,80.0,28.57,75.0,74.19,33.33,0.7804379910178405,0.4528739697101711,0.0,2.0,0.0452365,4.0,17.0,20.0,0.5258684799999999,66.0,9.67741935483871,12.193548387096774,2.32258064516129,21.870967741935484,4.451612903225806,0.1935483870967742,0.5806451612903225,1.3548387096774193,1.161290322580645,0.1935483870967742,0.1935483870967742,0.9677419354838708,1.161290322580645,10.451612903225806,6.580645161290322,1.3548387096774193,2.32258064516129,3.096774193548387,0.7741935483870968,0.7741935483870968,0.0,0.0,0.0,0.3870967741935484,0.0,64.94,30.0,0.0,80.0,28.57,75.0,74.19,33.33,0.1510525143905497,0.0876530263955169,0.0,0.3870967741935484,0.0087554516129032,0.7741935483870968,3.290322580645161,3.870967741935484,0.1017809961290322,12.774193548387096,LB/LCB,34,27,77,32,100,82,26,92,95,61,52,63,66,100,94,85,87,100,77,35,11,45,42,89,52,3,48,11,87,74,100,97,8,97,65,39,45,45,69,81,84,61,71,23,16,81,26,97,84,23,97,100,58,45,55,61,100,100,87,90,100,71,29,11,45,42,90,52,3,48,11,87,74,100,97,8,97,58,39,45,45,68,74,84,58,61,Championship
Sheffield United,bws31egwjda253q9lvykgnivo,5gb7v3m0qisn24c7h49xn250p,J. Tanganga,Japhet Tanganga,27.0,Defender,England,Defender,126.0,50.0,13.0,176.0,24.0,0.0,0.0,3.0,3.0,0.0,0.0,0.0,0.0,33.0,39.0,10.0,540.0,4.0,5.0,0.0,1.0,0.0,0.0,1.0,1.0,0.0,79.28,36.11,0.0,0.0,33.33,68.75,66.67,20.0,0.354965881882349,0.0,0.0,1.0,0.02401521,1.0,4.0,5.0,0.15571614,65.0,21.0,8.333333333333334,2.1666666666666665,29.33333333333333,4.0,0.0,0.0,0.5,0.5,0.0,0.0,0.0,0.0,5.5,6.5,1.6666666666666667,0.6666666666666666,0.8333333333333334,0.0,0.1666666666666666,0.0,0.0,0.1666666666666666,0.1666666666666666,0.0,79.28,36.11,0.0,0.0,33.33,68.75,66.67,20.0,0.0591609803137248,0.0,0.0,0.1666666666666666,0.004002535,0.1666666666666666,0.6666666666666666,0.8333333333333334,0.02595269,10.833333333333334,CB,45,39,65,36,90,45,18,52,58,38,30,18,17,89,78,90,40,79,25,13,36,42,89,69,51,18,34,36,25,80,83,75,9,67,34,43,55,57,77,46,53,56,55,25,18,49,15,81,45,18,43,48,38,30,18,17,75,64,81,26,72,25,10,36,42,89,63,51,18,34,36,25,80,83,75,9,61,34,43,54,56,75,44,48,51,49,Championship
Sheffield United,bws31egwjda253q9lvykgnivo,5wbpdr8hezdpypdiit8flbj10,O. Arblaster,Oliver Arblaster,22.0,Midfielder,England,Midfielder,18.0,42.0,2.0,60.0,4.0,0.0,2.0,0.0,0.0,0.0,0.0,3.0,3.0,7.0,1.0,6.0,176.0,1.0,2.0,1.0,0.0,0.0,0.0,0.0,0.0,0.0,75.0,40.0,0.0,33.33,0.0,58.33,80.0,0.0,0.0,0.1253188372981917,0.0,2.0,0.04950342,1.0,5.0,7.0,0.2653901799999999,22.0,9.204545454545457,21.477272727272727,1.0227272727272727,30.681818181818183,2.0454545454545454,0.0,1.0227272727272727,0.0,0.0,0.0,0.0,1.5340909090909092,1.5340909090909092,3.5795454545454546,0.5113636363636364,3.0681818181818183,0.5113636363636364,1.0227272727272727,0.5113636363636364,0.0,0.0,0.0,0.0,0.0,0.0,75.0,40.0,0.0,33.33,0.0,58.33,80.0,0.0,0.0,0.0640834963456662,0.0,1.0227272727272727,0.0253142488636363,0.5113636363636364,2.556818181818182,3.5795454545454546,0.1357108874999999,11.25,CM/AM,8,18,24,15,64,29,12,3,6,6,8,32,32,13,9,88,3,26,31,5,22,47,27,13,50,10,26,22,38,13,95,97,5,8,21,15,23,23,28,28,28,31,18,33,67,41,54,100,29,38,3,6,6,8,69,64,51,26,100,8,54,51,5,22,47,27,13,50,10,26,22,38,13,95,97,5,8,31,15,33,31,41,49,72,77,46,Championship
Sheffield United,bws31egwjda253q9lvykgnivo,6q6i9x4w4vcdwwmiwq8k6sixh,P. Bamford,Patrick Bamford,33.0,Attacker,England,Striker,19.0,38.0,0.0,57.0,9.0,1.0,5.0,8.0,6.0,2.0,1.0,5.0,5.0,15.0,2.0,0.0,380.0,13.0,3.0,0.0,2.0,0.0,0.0,2.0,4.0,0.0,64.04,0.0,0.0,0.0,50.0,29.41,30.0,66.67,1.0892421185098689,0.3419850567739566,1.0,7.0,0.17290713,4.0,4.0,6.0,0.19747336,17.0,4.5,9.0,0.0,13.5,2.131578947368421,0.2368421052631578,1.1842105263157894,1.894736842105263,1.4210526315789471,0.4736842105263157,0.2368421052631578,1.1842105263157894,1.1842105263157894,3.552631578947368,0.4736842105263157,0.0,3.0789473684210527,0.7105263157894737,0.0,0.4736842105263157,0.0,0.0,0.4736842105263157,0.9473684210526316,0.0,64.04,0.0,0.0,0.0,50.0,29.41,30.0,66.67,0.2579783964891795,0.0809964608148844,0.2368421052631578,1.6578947368421053,0.0409516886842105,0.9473684210526316,0.9473684210526316,1.4210526315789471,0.0467700063157894,4.026315789473684,ST,73,62,16,64,66,80,66,42,36,53,27,47,42,36,31,21,30,37,7,48,28,50,76,60,51,30,16,28,7,71,11,26,66,66,62,41,77,67,85,67,66,53,62,61,58,16,59,59,77,56,29,30,47,21,43,41,22,27,21,23,30,7,41,28,50,70,54,51,30,16,28,7,71,11,26,66,52,61,41,77,67,86,64,64,53,61,Championship
Sheffield United,bws31egwjda253q9lvykgnivo,8pvha1gcylcga0biqxrf805pl,T. Campbell,Tyrese Campbell,26.0,Attacker,England,Striker,6.0,25.0,2.0,30.0,3.0,1.0,4.0,2.0,1.0,1.0,0.0,2.0,2.0,5.0,0.0,1.0,206.0,7.0,0.0,1.0,0.0,1.0,0.0,0.0,2.0,0.0,65.22,40.0,33.33,50.0,100.0,26.32,27.27,0.0,0.0,0.0,0.0,0.0,0.0,0.0,0.0,0.0,0.0,0.0,2.621359223300971,10.92233009708738,0.8737864077669903,13.106796116504857,1.3106796116504855,0.4368932038834952,1.7475728155339807,0.8737864077669903,0.4368932038834952,0.4368932038834952,0.0,0.8737864077669903,0.8737864077669903,2.184466019417476,0.0,0.4368932038834952,3.058252427184466,0.0,0.4368932038834952,0.0,0.4368932038834952,0.0,0.0,0.8737864077669903,0.0,65.22,40.0,33.33,50.0,100.0,26.32,27.27,0.0,0.0,0.0,0.0,0.0,0.0,0.0,0.0,0.0,0.0,0.0,LW,7,7,46,7,82,61,36,11,14,11,14,7,7,7,11,43,18,11,11,7,25,54,25,39,54,7,29,100,86,100,7,57,7,25,25,25,25,25,25,25,25,25,25,7,14,71,14,100,86,57,7,14,21,14,7,7,14,11,71,29,11,14,7,36,54,25,79,54,7,29,100,86,100,7,57,7,25,25,25,25,25,25,25,25,25,25,Championship
Sheffield United,bws31egwjda253q9lvykgnivo,aki4rp2wba5l3t05fzymgot0p,B. Brereton,Ben Brereton,27.0,Attacker,Chile,Striker,17.0,33.0,2.0,49.0,0.0,0.0,2.0,3.0,2.0,1.0,1.0,3.0,3.0,11.0,0.0,1.0,247.0,5.0,6.0,1.0,2.0,1.0,0.0,0.0,1.0,0.0,75.38,33.33,25.0,33.33,33.33,35.48,0.0,50.0,0.0,0.0,0.0,0.0,0.0,0.0,0.0,0.0,0.0,0.0,6.194331983805668,12.024291497975709,0.728744939271255,17.85425101214575,0.0,0.0,0.728744939271255,1.0931174089068827,0.728744939271255,0.3643724696356275,0.3643724696356275,1.0931174089068827,1.0931174089068827,4.008097165991903,0.0,0.3643724696356275,1.8218623481781373,2.1862348178137654,0.3643724696356275,0.728744939271255,0.3643724696356275,0.0,0.0,0.3643724696356275,0.0,75.38,33.33,25.0,33.33,33.33,35.48,0.0,50.0,0.0,0.0,0.0,0.0,0.0,0.0,0.0,0.0,0.0,0.0,RW,35,20,70,30,15,35,20,20,20,25,35,10,10,30,15,55,10,70,20,40,20,55,30,20,55,20,50,60,35,50,50,15,45,15,10,15,10,10,10,15,15,10,10,60,40,70,50,15,35,20,20,20,20,50,10,10,40,15,70,10,100,30,60,50,55,30,20,55,20,50,60,35,50,50,15,45,15,10,15,10,10,10,15,15,10,10,Championship
Sheffield United,bws31egwjda253q9lvykgnivo,anpfg5yoixkfqipv6yj45h3sa,T. Cannon,Thomas Cannon,23.0,Attacker,Republic of Ireland,Striker,5.0,18.0,1.0,22.0,19.0,0.0,0.0,5.0,3.0,2.0,1.0,5.0,5.0,25.0,4.0,3.0,295.0,9.0,2.0,3.0,0.0,1.0,0.0,2.0,3.0,0.0,47.83,50.0,50.0,60.0,60.0,45.45,46.34,0.0,0.0,0.0,0.0,0.0,0.0,0.0,0.0,0.0,0.0,0.0,1.5254237288135597,5.491525423728814,0.3050847457627119,6.711864406779661,5.796610169491526,0.0,0.0,1.5254237288135597,0.9152542372881356,0.6101694915254238,0.3050847457627119,1.5254237288135597,1.5254237288135597,7.627118644067797,1.2203389830508475,0.9152542372881356,2.745762711864407,0.6101694915254238,0.9152542372881356,0.0,0.3050847457627119,0.0,0.6101694915254238,0.9152542372881356,0.0,47.83,50.0,50.0,60.0,60.0,45.45,46.34,0.0,0.0,0.0,0.0,0.0,0.0,0.0,0.0,0.0,0.0,0.0,ST,6,16,42,9,91,33,4,11,11,53,27,47,42,79,62,94,9,25,70,9,66,50,76,40,51,5,62,95,84,86,57,64,9,7,12,15,10,10,16,9,9,7,7,8,19,42,6,95,33,4,14,11,62,33,58,53,84,70,95,11,27,73,9,70,50,81,52,51,5,62,95,84,86,57,64,9,7,12,15,10,10,16,9,9,7,7,Championship
Sheffield United,bws31egwjda253q9lvykgnivo,c211o2dh2p85auu0008zjxgix,M. McGuinness,Mark McGuinness,25.0,Defender,Republic of Ireland,Defender,59.0,18.0,3.0,77.0,11.0,0.0,0.0,1.0,1.0,0.0,0.0,0.0,0.0,16.0,22.0,5.0,360.0,4.0,1.0,0.0,3.0,0.0,1.0,0.0,0.0,0.0,81.05,50.0,0.0,0.0,0.0,47.06,47.83,75.0,0.1309090670411886,0.0,0.0,0.0,0.0,0.0,2.0,3.0,0.0294551,12.0,14.75,4.5,0.75,19.25,2.75,0.0,0.0,0.25,0.25,0.0,0.0,0.0,0.0,4.0,5.5,1.25,1.0,0.25,0.0,0.75,0.0,0.25,0.0,0.0,0.0,81.05,50.0,0.0,0.0,0.0,47.06,47.83,75.0,0.0327272667602971,0.0,0.0,0.0,0.0,0.0,0.5,0.75,0.007363775,3.0,CB,12,4,6,6,46,45,18,19,25,38,30,18,17,25,39,48,40,20,25,48,36,92,42,29,51,25,74,36,25,29,8,16,66,49,34,43,25,25,37,42,44,41,41,7,3,3,3,57,45,18,23,28,38,30,18,17,37,49,62,46,21,25,54,36,95,42,29,51,25,74,36,25,29,8,16,66,52,34,43,25,25,37,41,46,41,41,Championship
Sheffield United,bws31egwjda253q9lvykgnivo,c2kzyykn8bwtswj6lacvrj3s9,H. Choudhury,Hamza Choudhury,28.0,Midfielder,Bangladesh,Midfielder,56.0,36.0,3.0,91.0,3.0,0.0,2.0,0.0,0.0,0.0,0.0,0.0,0.0,10.0,4.0,7.0,237.0,0.0,0.0,0.0,5.0,1.0,2.0,0.0,0.0,0.0,84.26,42.86,50.0,0.0,0.0,45.45,42.86,71.43,0.0,0.0,0.0,0.0,0.0,0.0,0.0,0.0,0.0,0.0,21.26582278481013,13.670886075949369,1.139240506329114,34.55696202531646,1.139240506329114,0.0,0.759493670886076,0.0,0.0,0.0,0.0,0.0,0.0,3.79746835443038,1.518987341772152,2.6582278481012658,0.0,0.0,0.0,1.89873417721519,0.379746835443038,0.759493670886076,0.0,0.0,0.0,84.26,42.86,50.0,0.0,0.0,45.45,42.86,71.43,0.0,0.0,0.0,0.0,0.0,0.0,0.0,0.0,0.0,0.0,DM/CM,23,9,13,13,39,41,28,5,17,9,20,8,8,9,25,73,7,4,14,58,58,100,41,26,51,46,35,82,14,26,15,41,63,15,15,23,16,16,20,15,15,15,15,57,11,24,33,61,41,43,5,17,9,20,8,8,26,46,100,7,4,14,85,72,100,41,26,51,46,35,82,14,26,15,41,63,15,15,23,16,16,20,15,15,15,15,Championship
Sheffield United,bws31egwjda253q9lvykgnivo,cn99mhxce1ujxfdqqb6guwrqi,F. Seriki,Femi Seriki,24.0,Defender,England,Defender,4.0,24.0,1.0,28.0,2.0,0.0,1.0,0.0,0.0,0.0,0.0,6.0,7.0,11.0,8.0,2.0,180.0,5.0,3.0,1.0,3.0,0.0,0.0,0.0,0.0,0.0,59.57,11.11,0.0,16.67,0.0,52.38,66.67,60.0,0.0,0.0488348663256816,0.0,1.0,0.02855202,3.0,4.0,7.0,0.13320763,18.0,2.0,12.0,0.5,14.0,1.0,0.0,0.5,0.0,0.0,0.0,0.0,3.0,3.5,5.5,4.0,1.0,2.5,1.5,0.5,1.5,0.0,0.0,0.0,0.0,0.0,59.57,11.11,0.0,16.67,0.0,52.38,66.67,60.0,0.0,0.0244174331628408,0.0,0.5,0.01427601,1.5,2.0,3.5,0.066603815,9.0,RB/RCB,4,7,4,7,7,34,9,14,18,27,29,77,82,5,18,16,34,54,34,29,16,46,48,36,52,7,4,16,23,36,50,82,36,23,39,29,43,43,61,50,50,39,43,4,18,7,7,45,34,27,14,18,27,29,95,96,79,73,54,84,88,62,89,16,46,48,36,52,7,4,16,23,36,50,82,36,23,46,29,46,43,89,64,79,46,50,Championship
Sheffield United,bws31egwjda253q9lvykgnivo,dwrnys3htjlb3asfou6425g16,L. Kitching,Liam Kitching,26.0,Defender,England,Defender,56.0,24.0,2.0,80.0,3.0,0.0,0.0,2.0,2.0,0.0,0.0,0.0,0.0,6.0,9.0,7.0,180.0,2.0,0.0,0.0,3.0,0.0,0.0,0.0,0.0,0.0,85.11,20.0,0.0,0.0,0.0,60.0,0.0,100.0,0.0,0.0,0.0,0.0,0.0,0.0,0.0,0.0,0.0,0.0,28.0,12.0,1.0,40.0,1.5,0.0,0.0,1.0,1.0,0.0,0.0,0.0,0.0,3.0,4.5,3.5,1.0,0.0,0.0,1.5,0.0,0.0,0.0,0.0,0.0,85.11,20.0,0.0,0.0,0.0,60.0,0.0,100.0,0.0,0.0,0.0,0.0,0.0,0.0,0.0,0.0,0.0,0.0,CB,7,11,3,10,7,45,18,36,41,38,30,18,17,2,7,69,16,7,25,48,36,42,42,29,51,51,5,36,25,29,59,2,94,20,34,43,25,25,37,20,21,20,20,48,38,8,44,23,45,18,83,90,38,30,18,17,11,24,100,46,7,25,90,36,42,42,29,51,51,5,36,25,29,59,2,94,20,34,43,25,25,37,20,21,20,20,Championship
Sheffield United,bws31egwjda253q9lvykgnivo,tdopjymjnzgac7bwum9oxrmc,S. Peck,Sydie Peck,22.0,Midfielder,England,Midfielder,74.0,111.0,8.0,181.0,6.0,2.0,11.0,9.0,3.0,6.0,2.0,6.0,6.0,21.0,12.0,4.0,512.0,5.0,10.0,1.0,2.0,4.0,0.0,1.0,3.0,0.0,75.73,30.77,17.39,16.67,33.33,42.0,42.86,50.0,0.7295939326912277,0.9557934164574808,6.0,7.0,0.16759542,7.0,19.0,22.0,0.5204344,100.0,13.0078125,19.51171875,1.40625,31.81640625,1.0546875,0.3515625,1.93359375,1.58203125,0.52734375,1.0546875,0.3515625,1.0546875,1.0546875,3.69140625,2.109375,0.703125,0.87890625,1.7578125,0.17578125,0.3515625,0.703125,0.0,0.17578125,0.52734375,0.0,75.73,30.77,17.39,16.67,33.33,42.0,42.86,50.0,0.1282489334808798,0.1680105614866665,1.0546875,1.23046875,0.0294601324218749,1.23046875,3.33984375,3.8671875,0.091482609375,17.578125,DM/CM,38,58,42,48,63,98,95,93,83,86,67,82,79,47,74,35,68,90,39,13,88,47,89,91,51,4,11,53,29,79,7,41,34,91,96,99,64,65,89,66,74,70,68,17,33,30,17,54,98,98,87,83,80,57,72,70,20,76,24,61,76,33,7,85,47,87,93,51,4,11,53,29,79,7,41,34,91,98,98,61,61,83,50,65,54,54,Championship
Southampton,d5ydtvt96bv7fq04yqm2w2632,3rrges782prcprsn207dk4zit,C. Larin,Cyle Larin,31.0,Attacker,Canada,Striker,12.0,38.0,0.0,50.0,12.0,0.0,6.0,28.0,26.0,2.0,6.0,8.0,8.0,23.0,2.0,2.0,512.0,42.0,4.0,4.0,2.0,0.0,0.0,7.0,11.0,0.0,74.63,0.0,0.0,50.0,39.29,32.86,40.0,66.67,3.5712140150437546,0.3910452091679064,4.0,4.0,0.17122453,2.0,4.0,4.0,0.2197590799999999,24.0,2.109375,6.6796875,0.0,8.7890625,2.109375,0.0,1.0546875,4.921875,4.5703125,0.3515625,1.0546875,1.40625,1.40625,4.04296875,0.3515625,0.3515625,7.3828125,0.703125,0.703125,0.3515625,0.0,0.0,1.23046875,1.93359375,0.0,74.63,0.0,0.0,50.0,39.29,32.86,40.0,66.67,0.62775246358191,0.068738415674046,0.703125,0.703125,0.0300980619140625,0.3515625,0.703125,0.703125,0.0386295257812499,4.21875,ST,33,62,16,52,77,33,82,100,100,53,95,68,64,67,31,81,99,45,80,48,28,50,100,99,51,59,16,28,73,50,20,51,66,100,69,84,55,64,62,67,55,58,78,17,33,16,23,58,33,52,97,98,36,80,52,45,23,22,69,92,28,59,31,28,50,100,95,51,59,16,28,73,50,20,51,66,98,50,64,45,58,53,50,38,50,62,Championship
Southampton,d5ydtvt96bv7fq04yqm2w2632,3zw39xix3plzadostqy8z06ol,R. Manning,Ryan Manning,30.0,Defender,Republic of Ireland,Defender,97.0,166.0,14.0,255.0,2.0,1.0,11.0,7.0,2.0,5.0,3.0,2.0,2.0,17.0,9.0,5.0,550.0,5.0,11.0,1.0,3.0,8.0,0.0,1.0,1.0,0.0,82.26,36.84,29.63,50.0,14.29,51.52,22.22,100.0,0.3079296943975453,1.2435920218873409,0.0,14.0,0.2833748599999998,2.0,41.0,36.0,1.16378055,137.0,15.872727272727271,27.163636363636364,2.290909090909091,41.72727272727273,0.3272727272727272,0.1636363636363636,1.8,1.1454545454545455,0.3272727272727272,0.8181818181818182,0.4909090909090909,0.3272727272727272,0.3272727272727272,2.781818181818182,1.4727272727272729,0.8181818181818182,0.8181818181818182,1.8,0.1636363636363636,0.4909090909090909,1.309090909090909,0.0,0.1636363636363636,0.1636363636363636,0.0,82.26,36.84,29.63,50.0,14.29,51.52,22.22,100.0,0.050388495446871,0.2034968763088376,0.0,2.290909090909091,0.0463704316363636,0.3272727272727272,6.70909090909091,5.890909090909092,0.1904368172727273,22.41818181818181,LB/LCB,73,100,89,90,10,82,94,92,63,100,98,29,26,35,27,56,58,94,31,24,90,45,89,73,52,71,65,68,52,65,29,8,95,84,94,39,97,97,55,97,94,90,90,61,90,71,77,6,77,87,90,45,100,90,19,16,3,13,32,52,87,26,13,77,45,87,71,52,71,65,68,52,65,29,8,95,84,87,39,90,81,48,97,87,84,90,Championship
Southampton,d5ydtvt96bv7fq04yqm2w2632,44zyk38a8ffdjr5bmj355bt2h,F. Downes,Flynn Downes,27.0,Midfielder,England,Midfielder,166.0,146.0,5.0,312.0,8.0,2.0,5.0,2.0,1.0,1.0,1.0,5.0,5.0,43.0,11.0,9.0,540.0,3.0,11.0,4.0,6.0,0.0,0.0,0.0,0.0,0.0,92.86,35.71,0.0,80.0,0.0,63.24,53.33,30.0,0.1729211698806005,0.3350151669547867,0.0,3.0,0.06849342,3.0,19.0,21.0,0.3316833499999999,145.0,27.666666666666668,24.33333333333333,0.8333333333333334,52.0,1.3333333333333333,0.3333333333333333,0.8333333333333334,0.3333333333333333,0.1666666666666666,0.1666666666666666,0.1666666666666666,0.8333333333333334,0.8333333333333334,7.166666666666667,1.8333333333333333,1.5,0.5,1.8333333333333333,0.6666666666666666,1.0,0.0,0.0,0.0,0.0,0.0,92.86,35.71,0.0,80.0,0.0,63.24,53.33,30.0,0.0288201949801,0.0558358611591311,0.0,0.5,0.01141557,0.5,3.1666666666666665,3.5,0.0552805583333333,24.166666666666668,DM/CM,96,79,23,89,83,98,70,32,48,30,48,71,68,100,72,86,46,93,80,74,23,47,41,26,51,100,15,23,73,26,91,66,13,50,72,23,43,46,70,66,67,52,91,89,65,15,76,74,93,52,17,37,20,41,59,57,98,61,72,41,85,72,50,23,47,41,26,51,100,15,23,73,26,91,66,13,39,61,23,37,41,62,46,58,39,85,Championship
Southampton,d5ydtvt96bv7fq04yqm2w2632,45pygbjknhl8zym8wzu5o46ad,J. Bree,James Bree,28.0,Defender,England,Defender,112.0,126.0,3.0,233.0,7.0,1.0,7.0,4.0,2.0,2.0,2.0,2.0,2.0,19.0,17.0,7.0,630.0,9.0,3.0,1.0,6.0,5.0,1.0,0.0,0.0,0.0,91.02,50.0,29.41,50.0,0.0,55.88,63.64,75.0,0.2337563070691459,0.7718071985488694,1.0,7.0,0.18939094,7.0,19.0,27.0,1.0564095699999998,116.0,16.0,18.0,0.4285714285714285,33.285714285714285,1.0,0.1428571428571428,1.0,0.5714285714285714,0.2857142857142857,0.2857142857142857,0.2857142857142857,0.2857142857142857,0.2857142857142857,2.7142857142857144,2.4285714285714284,1.0,1.2857142857142858,0.4285714285714285,0.1428571428571428,0.8571428571428571,0.7142857142857143,0.1428571428571428,0.0,0.0,0.0,91.02,50.0,29.41,50.0,0.0,55.88,63.64,75.0,0.0333937581527351,0.110258171221267,0.1428571428571428,1.0,0.0270558485714285,1.0,2.7142857142857144,3.857142857142857,0.1509156528571428,16.571428571428573,RB/RCB,82,86,14,77,57,80,96,79,70,82,86,23,20,57,71,80,82,54,34,75,89,96,48,36,52,93,70,82,55,36,64,75,71,75,100,64,75,79,89,86,93,96,93,64,71,4,57,45,68,77,61,54,79,77,18,14,11,50,54,43,32,21,38,75,95,48,36,52,93,70,82,55,36,64,75,71,61,89,57,62,64,84,79,89,96,89,Championship
Southampton,d5ydtvt96bv7fq04yqm2w2632,4mjzjj2p0pzyw0hcq4no9y0o9,F. Azaz,Finn Azaz,26.0,Midfielder,Republic of Ireland,Midfielder,63.0,139.0,8.0,199.0,0.0,4.0,14.0,16.0,12.0,4.0,8.0,8.0,10.0,15.0,1.0,1.0,558.0,23.0,3.0,4.0,7.0,3.0,0.0,3.0,3.0,0.0,82.92,50.0,23.08,50.0,18.75,38.46,0.0,87.5,1.55154567313863,1.3969499549145985,3.0,28.0,0.70555543,8.0,26.0,20.0,1.1333602799999998,108.0,10.161290322580644,22.41935483870968,1.2903225806451613,32.096774193548384,0.0,0.6451612903225806,2.258064516129032,2.5806451612903225,1.935483870967741,0.6451612903225806,1.2903225806451613,1.2903225806451613,1.6129032258064515,2.419354838709677,0.1612903225806451,0.1612903225806451,3.70967741935484,0.4838709677419354,0.6451612903225806,1.129032258064516,0.4838709677419354,0.0,0.4838709677419354,0.4838709677419354,0.0,82.92,50.0,23.08,50.0,18.75,38.46,0.0,87.5,0.2502493021191338,0.2253145088571933,0.4838709677419354,4.516129032258064,0.1137992629032258,1.2903225806451613,4.193548387096774,3.225806451612903,0.1828000451612902,17.419354838709676,CM/AM,69,90,69,85,4,100,95,92,96,74,97,77,79,45,9,28,95,36,79,87,69,47,100,77,50,56,47,68,68,41,27,4,85,92,95,72,100,100,91,90,76,90,95,46,74,56,56,4,100,87,90,92,56,97,59,69,10,3,21,85,26,59,77,63,47,95,63,50,56,47,68,68,41,27,4,85,87,87,59,97,97,82,79,59,92,82,Championship
Southampton,d5ydtvt96bv7fq04yqm2w2632,63245yg2ywq2p2s85w4vdokd0,K. Matsuki,Kuryu Matsuki,23.0,Midfielder,Japan,Midfielder,57.0,111.0,3.0,168.0,5.0,1.0,5.0,8.0,4.0,4.0,3.0,8.0,8.0,23.0,11.0,3.0,476.0,13.0,7.0,3.0,6.0,0.0,0.0,1.0,3.0,0.0,86.6,37.5,0.0,37.5,37.5,44.23,35.71,75.0,0.5921445408747099,0.2986019716055669,3.0,17.0,0.42036457,13.0,18.0,15.0,0.3872144799999998,72.0,10.777310924369749,20.987394957983195,0.5672268907563025,31.764705882352946,0.9453781512605042,0.1890756302521008,0.9453781512605042,1.512605042016807,0.7563025210084033,0.7563025210084033,0.5672268907563025,1.512605042016807,1.512605042016807,4.34873949579832,2.0798319327731094,0.5672268907563025,2.457983193277311,1.3235294117647058,0.5672268907563025,1.134453781512605,0.0,0.0,0.1890756302521008,0.5672268907563025,0.0,86.6,37.5,0.0,37.5,37.5,44.23,35.71,75.0,0.1119601022662266,0.0564583559758424,0.5672268907563025,3.2142857142857144,0.0794806960084033,2.457983193277311,3.403361344537815,2.8361344537815127,0.0732128218487394,13.61344537815126,RM/RCM,82,82,50,82,79,74,47,74,68,74,82,50,44,62,79,50,74,76,44,68,15,53,71,79,53,94,47,15,47,47,35,53,79,65,35,71,85,82,97,82,62,29,76,65,88,41,76,71,71,41,71,53,65,82,29,29,59,65,24,41,65,35,47,15,53,59,65,53,94,47,15,47,47,35,53,79,71,35,65,88,76,94,71,53,35,71,Championship
Southampton,d5ydtvt96bv7fq04yqm2w2632,6hpilb50j57i7slstsx5jc0t0,C. Bragg,Cameron Bragg,21.0,Midfielder,Scotland,Midfielder,87.0,113.0,8.0,200.0,1.0,1.0,5.0,2.0,1.0,1.0,2.0,1.0,1.0,12.0,3.0,1.0,268.0,5.0,5.0,0.0,3.0,0.0,0.0,0.0,0.0,0.0,90.91,57.14,0.0,0.0,0.0,52.17,50.0,50.0,0.1625581244320111,0.3437937657642458,0.0,10.0,0.2541674199999999,5.0,13.0,13.0,0.2927376899999999,77.0,29.21641791044776,37.94776119402985,2.686567164179104,67.16417910447761,0.335820895522388,0.335820895522388,1.67910447761194,0.6716417910447761,0.335820895522388,0.335820895522388,0.6716417910447761,0.335820895522388,0.335820895522388,4.029850746268656,1.007462686567164,0.335820895522388,1.67910447761194,1.67910447761194,0.0,1.007462686567164,0.0,0.0,0.0,0.0,0.0,90.91,57.14,0.0,0.0,0.0,52.17,50.0,50.0,0.0545904149211977,0.1154531302939631,0.0,3.3582089552238803,0.0853547305970149,1.67910447761194,4.365671641791045,4.365671641791045,0.0983074332089551,25.85820895522388,DM/CM,54,61,42,57,13,88,70,32,48,30,67,23,22,18,15,11,68,45,14,27,23,47,41,26,51,85,78,23,14,26,45,58,34,48,74,23,78,83,84,43,50,43,53,96,96,67,98,11,96,93,43,54,43,91,28,26,39,17,11,87,70,14,52,23,47,41,26,51,85,78,23,14,26,45,58,34,52,76,23,98,98,96,65,70,59,89,Championship
Southampton,d5ydtvt96bv7fq04yqm2w2632,6qujoqysad60h70f3ac5n9ch6,K. Schlotterbeck,Keven Schlotterbeck,29.0,Defender,Germany,Defender,184.0,75.0,12.0,259.0,20.0,0.0,0.0,4.0,4.0,0.0,0.0,3.0,3.0,29.0,33.0,9.0,447.0,7.0,3.0,2.0,2.0,0.0,1.0,1.0,2.0,0.0,84.36,40.0,0.0,66.67,50.0,74.36,76.92,50.0,0.0,0.0,0.0,0.0,0.0,0.0,0.0,0.0,0.0,0.0,37.04697986577181,15.100671140939596,2.416107382550336,52.147651006711406,4.026845637583892,0.0,0.0,0.8053691275167785,0.8053691275167785,0.0,0.0,0.6040268456375839,0.6040268456375839,5.8389261744966445,6.644295302013423,1.812080536912752,1.4093959731543624,0.6040268456375839,0.4026845637583892,0.4026845637583892,0.0,0.2013422818791946,0.2013422818791946,0.4026845637583892,0.0,84.36,40.0,0.0,66.67,50.0,74.36,76.92,50.0,0.0,0.0,0.0,0.0,0.0,0.0,0.0,0.0,0.0,0.0,CB,68,58,60,66,82,45,18,70,79,38,30,80,80,72,68,84,71,48,77,28,36,92,89,88,51,46,48,36,75,89,93,93,36,20,34,43,25,25,37,20,21,20,20,75,64,61,69,84,45,18,64,72,38,30,79,79,79,69,84,67,52,74,28,36,93,95,87,51,46,48,36,75,89,93,93,36,20,34,43,25,25,37,20,21,20,20,Championship
Southampton,d5ydtvt96bv7fq04yqm2w2632,7r6vds5j65fohi1k28cnqjqvp,J. Ward-Prowse,James Ward-Prowse,31.0,Midfielder,England,Midfielder,106.0,135.0,16.0,237.0,1.0,1.0,7.0,7.0,2.0,5.0,2.0,1.0,1.0,11.0,7.0,6.0,388.0,2.0,5.0,0.0,2.0,4.0,0.0,0.0,2.0,0.0,91.86,66.67,25.0,0.0,28.57,57.89,25.0,40.0,0.0,0.0,0.0,0.0,0.0,0.0,0.0,0.0,0.0,0.0,24.587628865979383,31.31443298969072,3.711340206185567,54.97422680412372,0.2319587628865979,0.2319587628865979,1.6237113402061856,1.6237113402061856,0.4639175257731959,1.1597938144329898,0.4639175257731959,0.2319587628865979,0.2319587628865979,2.5515463917525776,1.6237113402061856,1.3917525773195878,0.4639175257731959,1.1597938144329898,0.0,0.4639175257731959,0.9278350515463918,0.0,0.0,0.4639175257731959,0.0,91.86,66.67,25.0,0.0,28.57,57.89,25.0,40.0,0.0,0.0,0.0,0.0,0.0,0.0,0.0,0.0,0.0,0.0,DM/CM,63,73,87,65,13,88,80,76,70,83,67,23,22,12,50,59,32,45,14,13,88,47,41,80,51,91,85,59,14,71,74,15,22,15,15,23,16,16,20,15,15,15,15,78,85,89,87,7,89,91,89,74,83,74,20,17,2,50,63,39,43,14,17,89,47,41,87,51,91,85,59,14,71,74,15,22,15,15,23,16,16,20,15,15,15,15,Championship
Southampton,d5ydtvt96bv7fq04yqm2w2632,9ocgzf0djtk4tvng6zvmsbhpm,T. Fellows,Tom Fellows,23.0,Midfielder,England,Midfielder,35.0,33.0,0.0,65.0,0.0,0.0,3.0,2.0,2.0,0.0,1.0,6.0,6.0,7.0,2.0,1.0,266.0,7.0,4.0,2.0,1.0,3.0,0.0,1.0,1.0,0.0,85.53,0.0,33.33,33.33,50.0,33.33,0.0,100.0,0.2226842602054596,0.4090653095333516,0.0,19.0,0.4836817199999998,2.0,3.0,4.0,0.45419945,16.0,11.842105263157894,11.165413533834586,0.0,21.99248120300752,0.0,0.0,1.0150375939849623,0.6766917293233082,0.6766917293233082,0.0,0.3383458646616541,2.0300751879699246,2.0300751879699246,2.3684210526315788,0.6766917293233082,0.3383458646616541,2.3684210526315788,1.3533834586466165,0.6766917293233082,0.3383458646616541,1.0150375939849623,0.0,0.3383458646616541,0.3383458646616541,0.0,85.53,0.0,33.33,33.33,50.0,33.33,0.0,100.0,0.075344298565757,0.138405555857149,0.0,6.428571428571428,0.163651709774436,0.6766917293233082,1.0150375939849623,1.3533834586466165,0.1536765056390977,5.413533834586466,RM/RCM,59,24,12,41,12,29,26,15,35,12,44,29,26,6,26,9,15,59,29,12,65,53,71,29,53,88,12,76,32,82,18,12,94,41,47,15,94,88,47,29,26,53,26,76,24,12,47,12,29,47,18,47,12,53,47,47,6,35,12,29,76,47,12,65,53,88,47,53,88,12,76,32,82,18,12,94,41,59,15,94,94,59,29,29,65,41,Championship
Southampton,d5ydtvt96bv7fq04yqm2w2632,aw0rj02265vpzna0vci2mzkve,N. Wood,Nathan Wood,24.0,Defender,England,Defender,185.0,50.0,9.0,235.0,17.0,0.0,0.0,2.0,2.0,0.0,1.0,0.0,0.0,26.0,24.0,5.0,456.0,3.0,3.0,0.0,5.0,0.0,0.0,0.0,0.0,0.0,89.35,40.91,0.0,0.0,0.0,61.9,58.62,83.33,0.0,0.0,0.0,0.0,0.0,0.0,0.0,0.0,0.0,0.0,36.51315789473684,9.86842105263158,1.7763157894736843,46.381578947368425,3.355263157894737,0.0,0.0,0.3947368421052631,0.3947368421052631,0.0,0.1973684210526315,0.0,0.0,5.131578947368421,4.736842105263158,0.986842105263158,0.5921052631578948,0.5921052631578948,0.0,0.986842105263158,0.0,0.0,0.0,0.0,0.0,89.35,40.91,0.0,0.0,0.0,61.9,58.62,83.33,0.0,0.0,0.0,0.0,0.0,0.0,0.0,0.0,0.0,0.0,CB,70,39,43,59,75,45,18,36,41,38,72,18,17,57,43,48,26,48,25,74,36,42,42,29,51,80,49,36,25,29,66,52,80,20,34,43,25,25,37,20,21,20,20,74,25,33,59,69,45,18,30,33,38,75,18,17,64,31,46,25,49,25,75,36,42,42,29,51,80,49,36,25,29,66,52,80,20,34,43,25,25,37,20,21,20,20,Championship
Southampton,d5ydtvt96bv7fq04yqm2w2632,e6la6wx7o6x7k4srpq8tdsafp,J. Stephens,Jack Stephens,32.0,Defender,England,Defender,125.0,58.0,11.0,183.0,6.0,0.0,0.0,4.0,3.0,1.0,1.0,0.0,0.0,8.0,15.0,2.0,273.0,4.0,1.0,0.0,0.0,0.0,0.0,0.0,1.0,0.0,91.04,47.83,0.0,0.0,25.0,40.0,35.29,0.0,0.3804312253220269,0.0,1.0,4.0,0.0716482599999999,0.0,7.0,11.0,0.15905703,88.0,41.20879120879121,19.12087912087912,3.6263736263736255,60.32967032967033,1.978021978021978,0.0,0.0,1.3186813186813189,0.989010989010989,0.3296703296703296,0.3296703296703296,0.0,0.0,2.6373626373626373,4.945054945054945,0.6593406593406593,1.3186813186813189,0.3296703296703296,0.0,0.0,0.0,0.0,0.0,0.3296703296703296,0.0,91.04,47.83,0.0,0.0,25.0,40.0,35.29,0.0,0.1254168874688001,0.0,0.3296703296703296,1.3186813186813189,0.0236203054945054,0.0,2.307692307692308,3.6263736263736255,0.0524363835164835,29.01098901098901,CB,42,46,52,39,16,45,18,70,58,84,72,18,17,5,16,16,40,20,25,4,36,42,42,69,51,87,63,36,25,70,2,7,4,70,34,89,79,77,37,57,65,57,62,84,75,84,85,34,45,18,92,85,90,85,18,17,3,38,25,59,28,25,4,36,42,42,79,51,87,63,36,25,70,2,7,4,92,34,95,90,84,37,72,82,61,84,Championship
Southampton,d5ydtvt96bv7fq04yqm2w2632,f46s4bfeipn0k33s0brsu4yl0,Léo Scienza,Leonardo Weschenfelder Scienza,28.0,Midfielder,Brazil,Midfielder,45.0,121.0,5.0,159.0,0.0,2.0,13.0,13.0,9.0,4.0,3.0,22.0,24.0,38.0,1.0,0.0,537.0,35.0,20.0,12.0,2.0,7.0,0.0,2.0,5.0,0.0,85.03,55.56,25.0,54.55,38.46,61.29,0.0,33.33,1.0197494402214082,1.4483235055856358,6.0,35.0,1.09406471,7.0,6.0,13.0,0.97550089,41.0,7.541899441340782,20.279329608938543,0.8379888268156425,26.64804469273743,0.0,0.3351955307262569,2.17877094972067,2.17877094972067,1.5083798882681565,0.6703910614525139,0.5027932960893855,3.687150837988826,4.022346368715084,6.368715083798882,0.1675977653631284,0.0,5.865921787709497,3.35195530726257,2.011173184357542,0.3351955307262569,1.1731843575418994,0.0,0.3351955307262569,0.8379888268156425,0.0,85.03,55.56,25.0,54.55,38.46,61.29,0.0,33.33,0.1709077274114092,0.2427357830590451,1.005586592178771,5.865921787709497,0.1833628005586592,1.1731843575418994,1.005586592178771,2.17877094972067,0.163491769273743,6.871508379888268,LM/LCM,78,89,67,89,11,100,94,100,100,78,83,100,100,94,28,17,100,100,100,44,83,50,89,94,56,78,89,44,78,44,89,11,44,89,100,100,94,89,89,61,56,78,56,56,56,44,67,11,100,78,78,89,67,50,89,89,89,22,17,100,100,100,44,78,50,89,78,56,78,89,44,78,44,89,11,44,89,89,89,89,89,78,50,44,67,33,Championship
Stoke City,4qioq44vcv619vnyy2rpovk4e,1uyg5c61jzqickqaegb07yk15,G. Hirst,George Hirst,27.0,Attacker,Scotland,Striker,14.0,17.0,2.0,31.0,6.0,0.0,0.0,8.0,7.0,1.0,3.0,0.0,0.0,8.0,1.0,1.0,336.0,11.0,2.0,0.0,0.0,0.0,0.0,1.0,3.0,0.0,73.81,100.0,0.0,0.0,37.5,25.0,35.29,0.0,0.0,0.0,0.0,0.0,0.0,0.0,0.0,0.0,0.0,0.0,3.75,4.553571428571429,0.5357142857142857,8.303571428571429,1.6071428571428572,0.0,0.0,2.142857142857143,1.875,0.2678571428571428,0.8035714285714286,0.0,0.0,2.142857142857143,0.2678571428571428,0.2678571428571428,2.946428571428571,0.5357142857142857,0.0,0.0,0.0,0.0,0.2678571428571428,0.8035714285714286,0.0,73.81,100.0,0.0,0.0,37.5,25.0,35.29,0.0,0.0,0.0,0.0,0.0,0.0,0.0,0.0,0.0,0.0,0.0,ST,42,13,62,25,49,33,4,42,49,33,62,2,2,5,18,57,22,25,7,9,28,50,45,40,51,58,95,28,7,46,5,38,9,7,12,15,10,10,16,9,9,7,7,45,8,64,19,52,33,4,41,50,30,69,2,2,6,17,62,14,23,7,9,28,50,45,41,51,58,95,28,7,46,5,38,9,7,12,15,10,10,16,9,9,7,7,Championship
Stoke City,4qioq44vcv619vnyy2rpovk4e,3batawbh7y4sjkeo4hn34svzd,R. Boženík,Róbert Bozeník,26.0,Attacker,Slovakia,Striker,10.0,18.0,1.0,28.0,7.0,1.0,3.0,8.0,7.0,1.0,3.0,3.0,3.0,13.0,8.0,0.0,220.0,10.0,2.0,1.0,1.0,0.0,0.0,0.0,0.0,0.0,73.68,50.0,0.0,33.33,0.0,35.14,46.67,33.33,0.6615553419953986,0.2999474787342456,0.0,1.0,0.03511326,0.0,1.0,3.0,0.06521562,8.0,4.090909090909091,7.363636363636363,0.409090909090909,11.454545454545451,2.863636363636364,0.409090909090909,1.227272727272727,3.2727272727272725,2.863636363636364,0.409090909090909,1.227272727272727,1.227272727272727,1.227272727272727,5.3181818181818175,3.2727272727272725,0.0,4.090909090909091,0.8181818181818181,0.409090909090909,0.409090909090909,0.0,0.0,0.0,0.0,0.0,73.68,50.0,0.0,33.33,0.0,35.14,46.67,33.33,0.2706362762708448,0.1227057867549186,0.0,0.409090909090909,0.0143645154545454,0.0,0.409090909090909,1.227272727272727,0.0266791172727272,3.2727272727272725,ST,26,16,42,19,54,80,30,42,49,33,62,27,25,25,91,21,16,25,27,27,28,50,14,2,51,56,62,28,43,2,24,66,25,39,53,15,26,28,16,26,45,31,29,52,41,52,48,70,97,64,77,83,44,84,45,42,62,98,21,44,35,47,34,28,50,14,2,51,56,62,28,43,2,24,66,25,56,80,15,33,36,16,30,54,39,48,Championship
Stoke City,4qioq44vcv619vnyy2rpovk4e,40k5thbl2cv1u7hke0y8c6pgq,B. Lawal,Bosun Lawal,23.0,Defender,Republic of Ireland,Defender,59.0,20.0,4.0,79.0,4.0,0.0,1.0,3.0,3.0,0.0,0.0,3.0,3.0,12.0,19.0,1.0,283.0,4.0,2.0,2.0,1.0,0.0,1.0,0.0,0.0,0.0,82.29,25.0,0.0,66.67,0.0,50.0,57.14,25.0,0.24626996892074,0.0,0.0,3.0,0.06317351,1.0,5.0,5.0,0.0985065099999998,41.0,18.763250883392228,6.360424028268551,1.2720848056537102,25.12367491166078,1.2720848056537102,0.0,0.3180212014134275,0.9540636042402828,0.9540636042402828,0.0,0.0,0.9540636042402828,0.9540636042402828,3.8162544169611294,6.042402826855124,0.3180212014134275,1.2720848056537102,0.6360424028268551,0.6360424028268551,0.3180212014134275,0.0,0.3180212014134275,0.0,0.0,0.0,82.29,25.0,0.0,66.67,0.0,50.0,57.14,25.0,0.0783190713882212,0.0,0.0,0.9540636042402828,0.0200905155477031,0.3180212014134275,1.5901060070671378,1.5901060070671378,0.0313271586572437,13.03886925795053,CB,12,7,11,8,11,45,48,52,58,38,30,80,80,14,31,8,40,34,77,13,36,92,42,29,51,33,10,36,75,29,16,44,15,57,34,43,71,73,77,50,53,46,46,18,13,16,10,11,45,62,74,82,38,30,97,95,26,61,10,56,56,97,23,36,98,42,29,51,33,10,36,75,29,16,44,15,69,34,43,80,80,80,54,59,52,57,Championship
Stoke City,4qioq44vcv619vnyy2rpovk4e,4d8b8xuzx7zz2si2rumuxz4k,L. Graham,Luke Graham,22.0,Defender,Scotland,Defender,126.0,61.0,8.0,187.0,14.0,0.0,1.0,0.0,0.0,0.0,0.0,2.0,2.0,32.0,30.0,8.0,450.0,6.0,7.0,0.0,6.0,0.0,0.0,0.0,0.0,0.0,82.74,32.0,0.0,0.0,0.0,57.14,53.85,54.55,0.0,0.0,0.0,0.0,0.0,0.0,0.0,0.0,0.0,0.0,25.2,12.2,1.6,37.4,2.8,0.0,0.2,0.0,0.0,0.0,0.0,0.4,0.4,6.4,6.0,1.6,1.2,1.4,0.0,1.2,0.0,0.0,0.0,0.0,0.0,82.74,32.0,0.0,0.0,0.0,57.14,53.85,54.55,0.0,0.0,0.0,0.0,0.0,0.0,0.0,0.0,0.0,0.0,CB,45,48,34,41,57,45,48,6,8,38,30,65,65,87,54,77,61,90,25,84,36,42,42,29,51,34,25,36,25,29,44,38,42,20,34,43,25,25,37,20,21,20,20,36,43,26,36,59,45,48,6,8,38,30,62,62,84,58,79,52,89,25,84,36,42,42,29,51,34,25,36,25,29,44,38,42,20,34,43,25,25,37,20,21,20,20,Championship
Stoke City,4qioq44vcv619vnyy2rpovk4e,4st9b47hj4z24nnb92avpcmax,E. Galbraith,Ethan Galbraith,25.0,Midfielder,Northern Ireland,Midfielder,118.0,146.0,12.0,260.0,3.0,0.0,11.0,8.0,2.0,6.0,2.0,19.0,19.0,31.0,9.0,6.0,630.0,5.0,7.0,11.0,5.0,4.0,0.0,3.0,5.0,0.0,86.96,48.0,26.67,57.89,62.5,41.33,25.0,50.0,0.5418651591877314,0.9327768744859232,4.0,16.0,0.43179244,12.0,15.0,22.0,1.00777765,130.0,16.857142857142858,20.857142857142858,1.7142857142857142,37.142857142857146,0.4285714285714285,0.0,1.5714285714285714,1.1428571428571428,0.2857142857142857,0.8571428571428571,0.2857142857142857,2.7142857142857144,2.7142857142857144,4.428571428571429,1.2857142857142858,0.8571428571428571,0.7142857142857143,1.0,1.5714285714285714,0.7142857142857143,0.5714285714285714,0.0,0.4285714285714285,0.7142857142857143,0.0,86.96,48.0,26.67,57.89,62.5,41.33,25.0,50.0,0.0774093084553902,0.1332538392122747,0.5714285714285714,2.2857142857142856,0.0616846342857142,1.7142857142857142,2.142857142857143,3.142857142857143,0.1439682357142857,18.571428571428573,DM/CM,72,79,66,76,39,41,95,86,70,86,67,100,100,90,63,59,68,67,100,58,88,47,100,99,51,61,46,61,48,100,4,15,34,78,93,92,92,96,100,52,74,96,83,39,48,39,39,22,41,83,70,46,78,48,100,100,52,35,37,50,35,96,26,80,47,98,96,51,61,46,61,48,100,4,15,34,70,85,78,76,83,98,37,46,89,59,Championship
Stoke City,4qioq44vcv619vnyy2rpovk4e,6784eycsmgf7ac6xujgccvq7e,J. Devenny,Justin Devenny,22.0,Midfielder,Northern Ireland,Midfielder,18.0,36.0,2.0,51.0,2.0,0.0,6.0,8.0,4.0,4.0,2.0,6.0,7.0,11.0,3.0,0.0,217.0,5.0,2.0,2.0,4.0,3.0,0.0,2.0,4.0,0.0,78.46,66.67,27.27,33.33,50.0,44.0,50.0,80.0,0.0,0.0,0.0,0.0,0.0,0.0,0.0,0.0,0.0,0.0,7.465437788018433,14.930875576036868,0.8294930875576038,21.152073732718897,0.8294930875576038,0.0,2.4884792626728114,3.317972350230415,1.6589861751152075,1.6589861751152075,0.8294930875576038,2.4884792626728114,2.903225806451613,4.56221198156682,1.2442396313364057,0.0,2.0737327188940093,0.8294930875576038,0.8294930875576038,1.6589861751152075,1.2442396313364057,0.0,0.8294930875576038,1.6589861751152075,0.0,78.46,66.67,27.27,33.33,50.0,44.0,50.0,80.0,0.0,0.0,0.0,0.0,0.0,0.0,0.0,0.0,0.0,0.0,CM/AM,8,10,24,5,29,29,63,69,68,74,51,65,68,24,31,9,24,26,49,58,69,47,90,91,50,33,88,85,38,90,59,74,79,8,8,15,8,8,10,6,6,6,6,18,28,33,18,49,29,95,95,87,95,74,90,90,74,72,9,44,41,74,95,87,47,100,100,50,33,88,85,38,90,59,74,79,8,8,15,8,8,10,6,6,6,6,Championship
Stoke City,4qioq44vcv619vnyy2rpovk4e,6b6mxf7xtigxky4835fxozbsa,M. Talovierov,Maksym Talovierov,26.0,Defender,Ukraine,Defender,102.0,41.0,7.0,143.0,7.0,0.0,0.0,1.0,1.0,0.0,0.0,0.0,0.0,11.0,17.0,3.0,266.0,2.0,0.0,0.0,3.0,0.0,0.0,0.0,1.0,0.0,93.46,50.0,0.0,0.0,100.0,68.75,87.5,75.0,0.0,0.0,0.0,0.0,0.0,0.0,0.0,0.0,0.0,0.0,34.51127819548872,13.872180451127818,2.3684210526315788,48.38345864661654,2.3684210526315788,0.0,0.0,0.3383458646616541,0.3383458646616541,0.0,0.0,0.0,0.0,3.721804511278195,5.75187969924812,1.0150375939849623,0.6766917293233082,0.0,0.0,1.0150375939849623,0.0,0.0,0.0,0.3383458646616541,0.0,93.46,50.0,0.0,0.0,100.0,68.75,87.5,75.0,0.0,0.0,0.0,0.0,0.0,0.0,0.0,0.0,0.0,0.0,CB,29,31,27,31,22,45,18,19,25,38,30,18,17,11,23,25,16,7,25,48,36,42,42,69,51,95,74,36,25,100,83,100,66,20,34,43,25,25,37,20,21,20,20,64,51,56,61,43,45,18,28,31,38,30,18,17,23,54,52,28,7,25,79,36,42,42,85,51,95,74,36,25,100,83,100,66,20,34,43,25,25,37,20,21,20,20,Championship
Stoke City,4qioq44vcv619vnyy2rpovk4e,6gq38x5xbyz0moa1sk0aw082x,B. Johnson,Ben Johnson,26.0,Defender,England,Defender,55.0,76.0,3.0,126.0,10.0,0.0,7.0,6.0,5.0,1.0,1.0,8.0,9.0,34.0,11.0,8.0,540.0,12.0,6.0,5.0,7.0,5.0,0.0,1.0,3.0,0.0,81.29,30.0,21.74,62.5,50.0,64.15,66.67,53.85,0.0,0.0,0.0,0.0,0.0,0.0,0.0,0.0,0.0,0.0,9.166666666666666,12.666666666666666,0.5,21.0,1.6666666666666667,0.0,1.1666666666666667,1.0,0.8333333333333334,0.1666666666666666,0.1666666666666666,1.3333333333333333,1.5,5.666666666666667,1.8333333333333333,1.3333333333333333,2.0,1.0,0.8333333333333334,1.1666666666666667,0.8333333333333334,0.0,0.1666666666666666,0.5,0.0,81.29,30.0,21.74,62.5,50.0,64.15,66.67,53.85,0.0,0.0,0.0,0.0,0.0,0.0,0.0,0.0,0.0,0.0,LB/LCB,42,58,26,45,77,35,79,87,90,61,52,79,84,85,42,94,87,66,87,74,74,45,89,97,52,58,48,42,81,92,79,79,39,26,23,39,23,23,24,23,23,23,23,16,29,19,16,68,35,52,87,87,52,39,68,68,68,19,84,84,56,81,56,55,45,90,94,52,58,48,42,81,92,79,79,39,26,23,39,23,23,24,23,23,23,23,Championship
Stoke City,4qioq44vcv619vnyy2rpovk4e,6jo9v8a0t6fwgawl5cl1avndg,D. Soumaré,Djibril Soumaré,23.0,Midfielder,Senegal,Midfielder,99.0,105.0,6.0,204.0,5.0,0.0,2.0,1.0,0.0,1.0,0.0,2.0,2.0,25.0,14.0,7.0,532.0,0.0,9.0,0.0,5.0,0.0,0.0,0.0,0.0,0.0,83.27,31.58,0.0,0.0,0.0,47.17,45.45,45.45,0.0623166560499099,0.1371706091321253,0.0,3.0,0.05864487,2.0,13.0,9.0,0.2022221099999998,77.0,16.74812030075188,17.763157894736842,1.0150375939849623,34.51127819548872,0.8458646616541353,0.0,0.3383458646616541,0.169172932330827,0.0,0.169172932330827,0.0,0.3383458646616541,0.3383458646616541,4.2293233082706765,2.3684210526315788,1.1842105263157894,0.0,1.5225563909774436,0.0,0.8458646616541353,0.0,0.0,0.0,0.0,0.0,83.27,31.58,0.0,0.0,0.0,47.17,45.45,45.45,0.0105422914370148,0.0232055541764873,0.0,0.5075187969924811,0.0099211246240601,0.3383458646616541,2.199248120300752,1.5225563909774436,0.034210507330827,13.026315789473683,DM/CM,57,54,28,59,57,41,28,15,17,30,20,40,39,65,85,73,7,82,14,58,23,47,41,26,51,39,13,23,14,26,20,49,26,33,41,23,43,43,57,43,38,37,53,35,20,20,30,43,41,13,11,17,22,20,30,30,41,83,59,7,63,14,37,23,47,41,26,51,39,13,23,14,26,20,49,26,30,37,23,39,37,52,39,35,35,35,Championship
Stoke City,4qioq44vcv619vnyy2rpovk4e,9niphkn6fjc581t88l6mv561h,S. Gallagher,Sam Gallagher,30.0,Attacker,England,Striker,5.0,10.0,0.0,13.0,16.0,1.0,3.0,6.0,3.0,3.0,1.0,5.0,7.0,25.0,7.0,3.0,304.0,9.0,1.0,1.0,4.0,2.0,0.0,1.0,3.0,0.0,36.11,0.0,40.0,20.0,50.0,44.64,59.26,57.14,0.5616575380958605,0.2832354705189438,3.0,4.0,0.08300327,0.0,1.0,1.0,0.11696516,4.0,1.480263157894737,2.960526315789474,0.0,3.848684210526316,4.7368421052631575,0.2960526315789473,0.8881578947368421,1.7763157894736843,0.8881578947368421,0.8881578947368421,0.2960526315789473,1.480263157894737,2.0723684210526314,7.401315789473684,2.0723684210526314,0.8881578947368421,2.664473684210526,0.2960526315789473,0.2960526315789473,1.1842105263157894,0.5921052631578947,0.0,0.2960526315789473,0.8881578947368421,0.0,36.11,0.0,40.0,20.0,50.0,44.64,59.26,57.14,0.1662801921994323,0.0838526064036346,0.8881578947368421,1.1842105263157894,0.0245733365131578,0.0,0.2960526315789473,0.2960526315789473,0.0346278434210526,1.1842105263157894,ST,6,3,16,2,83,80,30,18,11,73,27,47,59,79,87,94,9,12,27,81,81,50,45,40,51,2,16,89,21,71,52,94,52,28,50,69,55,44,16,26,23,44,14,6,2,16,2,89,88,38,23,9,81,30,55,64,83,89,91,9,14,30,84,84,50,52,48,51,2,16,89,21,71,52,94,52,28,64,83,62,48,16,25,25,45,14,Championship
Stoke City,4qioq44vcv619vnyy2rpovk4e,cktiijy988jhwjoiavbh7p889,B. Wilmot,Ben Wilmot,26.0,Defender,England,Defender,162.0,91.0,15.0,253.0,8.0,0.0,2.0,2.0,2.0,0.0,1.0,5.0,5.0,22.0,30.0,13.0,585.0,6.0,2.0,3.0,8.0,0.0,0.0,0.0,0.0,0.0,83.22,46.88,0.0,60.0,0.0,48.89,50.0,88.89,0.2540103989825315,0.097029001473632,0.0,1.0,0.02953272,0.0,13.0,17.0,0.29394696,98.0,24.923076923076923,14.0,2.3076923076923075,38.92307692307692,1.2307692307692308,0.0,0.3076923076923077,0.3076923076923077,0.3076923076923077,0.0,0.1538461538461538,0.7692307692307693,0.7692307692307693,3.3846153846153846,4.615384615384615,2.0,0.9230769230769232,0.3076923076923077,0.4615384615384615,1.2307692307692308,0.0,0.0,0.0,0.0,0.0,83.22,46.88,0.0,60.0,0.0,48.89,50.0,88.89,0.0390785229203894,0.014927538688251,0.0,0.1538461538461538,0.0045434953846153,0.0,2.0,2.6153846153846154,0.0452226092307692,15.076923076923077,CB,56,70,71,62,29,45,67,36,41,38,72,96,93,47,54,98,61,34,92,97,36,42,42,29,51,39,59,36,70,29,13,24,87,61,77,43,55,59,37,71,80,62,65,33,52,54,43,10,45,61,26,30,38,67,87,82,21,28,89,41,26,79,87,36,42,42,29,51,39,59,36,70,29,13,24,87,56,77,43,51,57,37,64,70,57,61,Championship
Stoke City,4qioq44vcv619vnyy2rpovk4e,cyt00eh5qk5dkzfshamy992j8,Bae Jun-Ho,Jun-Ho Bae,23.0,Midfielder,Korea Republic,Midfielder,22.0,32.0,0.0,54.0,4.0,0.0,6.0,2.0,1.0,1.0,1.0,8.0,9.0,19.0,3.0,6.0,293.0,7.0,6.0,4.0,2.0,0.0,0.0,0.0,0.0,0.0,77.14,0.0,0.0,50.0,0.0,54.29,80.0,40.0,0.2250523190279849,0.4484531984958587,1.0,6.0,0.15076701,3.0,3.0,7.0,0.36410581,28.0,6.757679180887372,9.829351535836178,0.0,16.58703071672355,1.2286689419795225,0.0,1.843003412969284,0.6143344709897611,0.3071672354948805,0.3071672354948805,0.3071672354948805,2.4573378839590445,2.7645051194539247,5.836177474402731,0.9215017064846416,1.843003412969284,2.150170648464164,1.843003412969284,1.2286689419795225,0.6143344709897611,0.0,0.0,0.0,0.0,0.0,77.14,0.0,0.0,50.0,0.0,54.29,80.0,40.0,0.069128698677538,0.1377501292308098,0.3071672354948805,1.843003412969284,0.046310685665529,0.9215017064846416,0.9215017064846416,2.150170648464164,0.1118413750853242,8.600682593856655,CM/AM,14,8,6,8,64,29,63,13,19,24,24,77,74,56,31,88,37,69,79,26,22,47,27,13,50,15,6,22,68,13,90,97,19,28,49,36,45,44,50,22,28,44,26,15,5,6,10,79,29,79,21,21,26,32,87,87,87,38,92,51,79,92,33,22,47,27,13,50,15,6,22,68,13,90,97,19,33,72,41,46,51,51,21,33,56,31,Championship
Stoke City,4qioq44vcv619vnyy2rpovk4e,eakj3xa0pa88pajbvasbwqwdm,E. Bocat,Eric Bocat,27.0,Defender,France,Defender,82.0,77.0,2.0,156.0,4.0,2.0,6.0,10.0,6.0,4.0,2.0,9.0,10.0,25.0,18.0,13.0,552.0,14.0,6.0,5.0,6.0,3.0,0.0,2.0,2.0,0.0,79.59,11.76,30.0,55.56,20.0,56.82,50.0,60.0,0.7304958131685739,0.5622987984238013,3.0,9.0,0.21940034,5.0,14.0,19.0,0.5881361699999998,78.0,13.369565217391305,12.554347826086955,0.3260869565217391,25.43478260869565,0.6521739130434783,0.3260869565217391,0.9782608695652172,1.6304347826086956,0.9782608695652172,0.6521739130434783,0.3260869565217391,1.467391304347826,1.6304347826086956,4.076086956521739,2.934782608695652,2.119565217391304,2.282608695652174,0.9782608695652172,0.8152173913043478,0.9782608695652172,0.4891304347826086,0.0,0.3260869565217391,0.3260869565217391,0.0,79.59,11.76,30.0,55.56,20.0,56.82,50.0,60.0,0.1191025782340066,0.0916791519169241,0.4891304347826086,1.467391304347826,0.0357717945652173,0.8152173913043478,2.282608695652174,3.097826086956521,0.095891766847826,12.717391304347824,LB/LCB,66,61,18,61,37,97,66,100,95,97,84,87,90,58,74,100,100,66,87,61,48,45,98,89,52,48,13,73,69,68,45,53,50,94,74,97,81,77,84,71,81,68,81,45,26,10,35,19,90,42,100,90,97,77,71,74,42,55,97,87,48,74,45,35,45,97,84,52,48,13,73,69,68,45,53,50,94,61,97,71,74,71,61,65,52,58,Championship
Swansea City,410jti6axb01yhvbc0axsp8li,1y8al9ijg80ls3ne4jafn4o44,M. Yeo,Moussa Yeo,22.0,Midfielder,Mali,Midfielder,36.0,87.0,5.0,120.0,1.0,0.0,7.0,7.0,5.0,2.0,0.0,21.0,21.0,38.0,3.0,3.0,457.0,24.0,5.0,10.0,11.0,3.0,0.0,1.0,4.0,0.0,75.47,41.67,23.08,47.62,57.14,54.29,16.67,50.0,0.8371199852266977,0.8149576381286925,5.0,14.0,0.4138178599999998,6.0,6.0,9.0,1.01976135,46.0,7.089715536105033,17.13347921225383,0.9846827133479212,23.63238512035011,0.1969365426695842,0.0,1.3785557986870898,1.3785557986870898,0.9846827133479212,0.3938730853391685,0.0,4.13566739606127,4.13566739606127,7.483588621444202,0.5908096280087528,0.5908096280087528,4.726477024070023,0.9846827133479212,1.9693654266958425,2.166301969365427,0.5908096280087528,0.0,0.1969365426695842,0.7877461706783371,0.0,75.47,41.67,23.08,47.62,57.14,54.29,16.67,50.0,0.1648595156901593,0.1604949396752348,0.9846827133479212,2.7571115973741795,0.081495858643326,1.1816192560175056,1.1816192560175056,1.7724288840262583,0.2008282746170678,9.059080962800875,LM/LCM,67,67,67,78,39,39,56,61,72,50,11,89,89,94,50,72,83,61,89,89,39,50,61,72,56,33,67,33,56,94,67,28,56,67,67,89,67,67,78,61,44,89,67,44,33,67,33,22,39,56,33,44,33,11,100,100,100,44,56,67,56,89,100,33,50,67,67,56,33,67,33,56,94,67,28,56,78,67,78,56,56,89,67,33,78,56,Championship
Swansea City,410jti6axb01yhvbc0axsp8li,20ravs7guc7xweayjndidbnu2,Eom Ji-Sung,Ji-Sung Eom,24.0,Attacker,Korea Republic,Striker,16.0,62.0,1.0,74.0,3.0,2.0,7.0,6.0,4.0,2.0,1.0,5.0,5.0,17.0,4.0,2.0,294.0,10.0,6.0,3.0,2.0,4.0,0.0,2.0,4.0,0.0,71.84,16.67,30.77,60.0,66.67,54.84,37.5,40.0,0.5930557409566838,0.5497865655740658,3.0,16.0,0.4616832799999999,7.0,5.0,12.0,0.5254966799999999,33.0,4.8979591836734695,18.97959183673469,0.3061224489795918,22.6530612244898,0.9183673469387756,0.6122448979591837,2.142857142857143,1.836734693877551,1.2244897959183674,0.6122448979591837,0.3061224489795918,1.530612244897959,1.530612244897959,5.204081632653061,1.2244897959183674,0.6122448979591837,3.061224489795918,1.836734693877551,0.9183673469387756,0.6122448979591837,1.2244897959183674,0.0,0.6122448979591837,1.2244897959183674,0.0,71.84,16.67,30.77,60.0,66.67,54.84,37.5,40.0,0.1815476758030664,0.168302009869612,0.9183673469387756,4.8979591836734695,0.1413316163265306,2.142857142857143,1.530612244897959,3.673469387755102,0.1608663306122449,10.10204081632653,ST,59,92,42,83,33,98,91,18,17,53,27,47,42,47,62,81,16,70,70,48,96,50,76,60,51,45,34,84,84,95,92,45,28,30,86,69,98,98,98,76,89,84,91,66,95,44,88,38,100,95,27,22,64,34,59,55,59,72,86,22,77,75,58,97,50,83,72,51,45,34,84,84,95,92,45,28,33,94,88,98,98,98,78,95,89,95,Championship
Swansea City,410jti6axb01yhvbc0axsp8li,28nwcftua787pzd6y0iu8vch5,B. Cabango,Ben Cabango,26.0,Defender,Wales,Defender,195.0,54.0,11.0,249.0,11.0,0.0,0.0,3.0,3.0,0.0,1.0,0.0,0.0,16.0,41.0,6.0,374.0,5.0,1.0,0.0,4.0,0.0,0.0,0.0,0.0,0.0,87.06,37.93,0.0,0.0,0.0,57.14,64.71,100.0,0.4550832272806191,0.0,0.0,2.0,0.03555943,0.0,19.0,13.0,0.3047809799999998,139.0,46.92513368983957,12.994652406417112,2.647058823529412,59.91978609625668,2.647058823529412,0.0,0.0,0.7219251336898395,0.7219251336898395,0.0,0.2406417112299465,0.0,0.0,3.850267379679144,9.866310160427808,1.443850267379679,1.2032085561497323,0.2406417112299465,0.0,0.962566844919786,0.0,0.0,0.0,0.0,0.0,87.06,37.93,0.0,0.0,0.0,57.14,64.71,100.0,0.1095120065648548,0.0,0.0,0.481283422459893,0.0085570820855614,0.0,4.572192513368984,3.1283422459893044,0.07334301657754,33.44919786096256,CB,75,43,52,61,46,45,18,52,58,38,72,18,17,25,81,60,52,20,25,65,36,42,42,29,51,59,42,36,25,29,44,67,94,79,34,43,63,62,37,84,69,64,77,97,48,66,84,51,45,18,56,64,38,80,18,17,31,98,72,54,20,25,74,36,42,42,29,51,59,42,36,25,29,44,67,94,89,34,43,62,64,37,90,77,75,92,Championship
Swansea City,410jti6axb01yhvbc0axsp8li,3q4tnk1z46lop4rbdpjtfoc2c,M. Widell,Melker Widell,24.0,Midfielder,Sweden,Midfielder,52.0,76.0,1.0,128.0,6.0,0.0,4.0,9.0,2.0,7.0,4.0,13.0,14.0,43.0,6.0,2.0,338.0,8.0,12.0,9.0,8.0,0.0,0.0,0.0,3.0,0.0,83.12,14.29,0.0,69.23,33.33,59.72,37.5,50.0,0.0,0.0,0.0,0.0,0.0,0.0,0.0,0.0,0.0,0.0,13.846153846153848,20.236686390532544,0.2662721893491124,34.082840236686394,1.5976331360946745,0.0,1.0650887573964498,2.396449704142012,0.5325443786982249,1.863905325443787,1.0650887573964498,3.4615384615384617,3.727810650887574,11.449704142011834,1.5976331360946745,0.5325443786982249,2.1301775147929,3.195266272189349,2.396449704142012,2.1301775147929,0.0,0.0,0.0,0.7988165680473372,0.0,83.12,14.29,0.0,69.23,33.33,59.72,37.5,50.0,0.0,0.0,0.0,0.0,0.0,0.0,0.0,0.0,0.0,0.0,CM/AM,59,49,15,54,92,29,29,77,33,94,85,90,91,100,77,45,45,95,96,96,22,47,27,77,50,59,13,22,97,71,97,47,31,8,8,15,8,8,10,6,6,6,6,69,59,13,64,90,29,44,82,44,97,87,95,95,100,82,49,46,97,100,97,22,47,27,87,50,59,13,22,97,71,97,47,31,8,8,15,8,8,10,6,6,6,6,Championship
Swansea City,410jti6axb01yhvbc0axsp8li,3ubrnz9zh0n86wur5rug0p53o,F. Lissah,Filip Lissah,21.0,Defender,Czechia,Defender,210.0,90.0,15.0,299.0,16.0,0.0,1.0,0.0,0.0,0.0,0.0,6.0,6.0,34.0,22.0,9.0,513.0,3.0,6.0,2.0,8.0,1.0,0.0,0.0,0.0,0.0,85.43,31.25,12.5,33.33,0.0,53.97,59.26,80.0,0.0,0.0,0.0,0.0,0.0,0.0,0.0,0.0,0.0,0.0,36.84210526315789,15.789473684210526,2.631578947368421,52.45614035087719,2.807017543859649,0.0,0.175438596491228,0.0,0.0,0.0,0.0,1.0526315789473684,1.0526315789473684,5.964912280701754,3.8596491228070176,1.5789473684210529,0.5263157894736842,1.0526315789473684,0.3508771929824561,1.4035087719298245,0.175438596491228,0.0,0.0,0.0,0.0,85.43,31.25,12.5,33.33,0.0,53.97,59.26,80.0,0.0,0.0,0.0,0.0,0.0,0.0,0.0,0.0,0.0,0.0,RB/RCB,96,66,86,93,93,34,9,14,18,27,29,77,71,91,86,95,20,89,55,93,48,46,48,36,52,71,21,43,36,36,57,68,84,23,20,29,21,21,23,20,20,20,20,96,57,79,96,82,34,7,14,18,27,29,68,61,89,64,82,18,75,46,82,39,46,48,36,52,71,21,43,36,36,57,68,84,23,20,29,21,21,23,20,20,20,20,Championship
Swansea City,410jti6axb01yhvbc0axsp8li,488wl4pmgfxo4f7kgfm7sps2y,Ž. Vipotnik,Zan Vipotnik,24.0,Attacker,Slovenia,Striker,13.0,19.0,3.0,32.0,8.0,1.0,4.0,11.0,9.0,2.0,3.0,0.0,0.0,13.0,5.0,0.0,265.0,13.0,4.0,0.0,0.0,0.0,0.0,2.0,7.0,0.0,62.75,75.0,0.0,0.0,63.64,48.15,50.0,0.0,1.4276954122749363,0.2401188191020047,2.0,1.0,0.02855202,0.0,3.0,2.0,0.06741366,10.0,4.415094339622641,6.452830188679245,1.018867924528302,10.867924528301886,2.7169811320754715,0.3396226415094339,1.3584905660377358,3.735849056603773,3.056603773584905,0.6792452830188679,1.018867924528302,0.0,0.0,4.415094339622641,1.6981132075471697,0.0,4.415094339622641,1.3584905660377358,0.0,0.0,0.0,0.0,0.6792452830188679,2.3773584905660377,0.0,62.75,75.0,0.0,0.0,63.64,48.15,50.0,0.0,0.4848776871877142,0.0815497876195487,0.6792452830188679,0.3396226415094339,0.0096969124528301,0.0,1.018867924528302,0.6792452830188679,0.0228952052830188,3.39622641509434,ST,35,20,77,27,60,80,47,70,70,53,62,2,2,25,72,21,30,45,7,9,28,50,76,93,51,22,86,28,7,93,67,77,9,80,42,56,26,23,16,53,33,34,37,59,31,91,42,69,92,73,81,86,69,78,2,2,33,83,21,48,59,7,9,28,50,88,98,51,22,86,28,7,93,67,77,9,91,62,62,27,25,16,66,36,36,50,Championship
Swansea City,410jti6axb01yhvbc0axsp8li,56zd7s72x7izgeiybmmgc8acq,J. Key,Joshua Key,26.0,Defender,England,Defender,78.0,103.0,6.0,178.0,4.0,0.0,6.0,0.0,0.0,0.0,0.0,4.0,5.0,18.0,16.0,7.0,373.0,6.0,4.0,2.0,6.0,3.0,0.0,0.0,0.0,0.0,80.54,31.58,37.5,50.0,0.0,47.37,50.0,75.0,0.0,0.0,0.0,0.0,0.0,0.0,0.0,0.0,0.0,0.0,18.82037533512064,24.85254691689008,1.4477211796246647,42.94906166219839,0.9651474530831098,0.0,1.4477211796246647,0.0,0.0,0.0,0.0,0.9651474530831098,1.206434316353887,4.343163538873994,3.860589812332439,1.6890080428954422,1.4477211796246647,0.9651474530831098,0.4825737265415549,1.4477211796246647,0.7238605898123324,0.0,0.0,0.0,0.0,80.54,31.58,37.5,50.0,0.0,47.37,50.0,75.0,0.0,0.0,0.0,0.0,0.0,0.0,0.0,0.0,0.0,0.0,RB/RCB,52,71,34,64,29,34,91,14,18,27,29,50,57,52,64,80,43,73,55,75,75,46,48,36,52,54,25,93,55,36,21,36,71,23,20,29,21,21,23,20,20,20,20,75,93,43,82,36,34,93,14,18,27,29,61,64,46,68,86,57,68,54,86,79,46,48,36,52,54,25,93,55,36,21,36,71,23,20,29,21,21,23,20,20,20,20,Championship
Swansea City,410jti6axb01yhvbc0axsp8li,7xvf4wf0nsphx6e08ijfc2lex,J. Tymon,Josh Tymon,27.0,Defender,England,Defender,148.0,143.0,10.0,280.0,2.0,1.0,9.0,2.0,0.0,2.0,2.0,3.0,4.0,22.0,7.0,4.0,630.0,4.0,7.0,1.0,6.0,11.0,0.0,0.0,0.0,0.0,85.37,47.62,26.19,33.33,0.0,62.86,25.0,50.0,0.117164341168461,1.1926582918337365,1.0,9.0,0.19068529,7.0,19.0,21.0,0.84724852,141.0,21.142857142857142,20.428571428571427,1.4285714285714286,40.0,0.2857142857142857,0.1428571428571428,1.2857142857142858,0.2857142857142857,0.0,0.2857142857142857,0.2857142857142857,0.4285714285714285,0.5714285714285714,3.142857142857143,1.0,0.5714285714285714,0.5714285714285714,1.0,0.1428571428571428,0.8571428571428571,1.5714285714285714,0.0,0.0,0.0,0.0,85.37,47.62,26.19,33.33,0.0,62.86,25.0,50.0,0.0167377630240658,0.170379755976248,0.1428571428571428,1.2857142857142858,0.0272407557142857,1.0,2.7142857142857144,3.0,0.1210355028571428,20.142857142857142,LB/LCB,94,94,71,94,10,82,89,45,18,85,84,44,50,42,18,39,47,74,31,61,94,45,42,32,52,81,84,58,27,32,71,16,27,68,90,84,81,71,97,87,89,84,94,87,68,45,74,3,71,61,23,18,68,63,35,35,13,3,13,16,56,19,37,90,45,42,32,52,81,84,58,27,32,71,16,27,55,84,79,65,58,84,71,61,71,81,Championship
Swansea City,410jti6axb01yhvbc0axsp8li,83tm94lm2yguh2eri5gnqv8fe,M. Stamenić,Marko Stamenic,24.0,Midfielder,New Zealand,Midfielder,154.0,118.0,14.0,272.0,9.0,0.0,2.0,6.0,3.0,3.0,3.0,1.0,2.0,23.0,7.0,7.0,533.0,9.0,7.0,1.0,4.0,0.0,0.0,0.0,1.0,0.0,91.58,73.68,0.0,100.0,16.67,52.27,45.0,57.14,0.6514910547250823,0.1410382994972662,2.0,12.0,0.30345683,3.0,30.0,28.0,0.5311758499999998,137.0,26.00375234521576,19.924953095684803,2.363977485928705,45.92870544090056,1.5196998123827392,0.0,0.3377110694183864,1.0131332082551594,0.5065666041275797,0.5065666041275797,0.5065666041275797,0.1688555347091932,0.3377110694183864,3.883677298311445,1.1819887429643527,1.1819887429643527,1.5196998123827392,1.1819887429643527,0.1688555347091932,0.6754221388367729,0.0,0.0,0.0,0.1688555347091932,0.0,91.58,73.68,0.0,100.0,16.67,52.27,45.0,57.14,0.11000787040386,0.0238150974760862,0.3377110694183864,2.026266416510319,0.0512403652908067,0.5065666041275797,5.065666041275797,4.727954971857411,0.0896919821763601,23.13320825515948,DM/CM,93,65,80,80,92,41,28,67,83,68,84,23,39,52,50,73,91,67,39,40,23,47,41,63,51,87,91,23,90,57,48,46,43,85,43,70,85,89,70,90,90,72,89,80,43,63,63,85,41,11,61,80,57,83,17,28,28,24,57,85,46,30,22,23,47,41,57,51,87,91,23,90,57,48,46,43,83,39,57,74,74,65,78,76,52,80,Championship
Swansea City,410jti6axb01yhvbc0axsp8li,9z5mgvlru0x1bl4lhwe1irw15,S. Welsh,Stephen Welsh,26.0,Defender,Scotland,Defender,280.0,158.0,26.0,438.0,19.0,0.0,4.0,3.0,3.0,0.0,2.0,1.0,1.0,32.0,37.0,5.0,626.0,6.0,8.0,0.0,4.0,0.0,0.0,0.0,0.0,0.0,89.02,50.0,0.0,0.0,0.0,71.11,67.86,80.0,0.3304058298373264,0.3274410827729272,0.0,15.0,0.31273099,5.0,52.0,48.0,1.1874144699999996,313.0,40.2555910543131,22.71565495207668,3.7380191693290734,62.97124600638978,2.731629392971246,0.0,0.5750798722044729,0.4313099041533546,0.4313099041533546,0.0,0.2875399361022364,0.1437699680511182,0.1437699680511182,4.600638977635783,5.319488817891374,0.7188498402555911,0.8626198083067093,1.1501597444089458,0.0,0.5750798722044729,0.0,0.0,0.0,0.0,0.0,89.02,50.0,0.0,0.0,0.0,71.11,67.86,80.0,0.0475024355996156,0.0470761940088872,0.0,2.1565495207667733,0.0449613244408945,0.7188498402555911,7.476038338658147,6.900958466453674,0.1707145404153354,45.0,LB/LCB,100,97,98,100,92,35,40,69,82,23,84,11,11,81,100,56,68,84,10,35,11,45,42,32,52,97,94,11,10,32,97,84,76,87,58,39,100,100,84,100,97,94,100,100,77,100,100,81,35,19,42,61,23,68,6,6,55,94,23,55,65,10,19,11,45,42,32,52,97,94,11,10,32,97,84,76,77,48,39,87,77,65,100,97,77,100,Championship
Swansea City,410jti6axb01yhvbc0axsp8li,a4a4f09ue90nufjf16nrf766s,J. Opoku,Joseph Opoku,21.0,Attacker,Ghana,Striker,24.0,70.0,1.0,93.0,1.0,0.0,5.0,9.0,7.0,2.0,1.0,7.0,7.0,15.0,5.0,0.0,343.0,23.0,3.0,3.0,4.0,1.0,0.0,2.0,5.0,0.0,78.81,25.0,20.0,42.86,55.56,34.88,14.29,50.0,1.0710160727887477,0.2626743834491746,3.0,16.0,0.4683653999999999,2.0,11.0,7.0,0.26899379,28.0,6.297376093294461,18.367346938775512,0.2623906705539359,24.40233236151604,0.2623906705539359,0.0,1.3119533527696794,2.361516034985423,1.836734693877551,0.5247813411078718,0.2623906705539359,1.836734693877551,1.836734693877551,3.935860058309038,1.3119533527696794,0.0,6.034985422740525,0.7871720116618076,0.7871720116618076,1.0495626822157436,0.2623906705539359,0.0,0.5247813411078718,1.3119533527696794,0.0,78.81,25.0,20.0,42.86,55.56,34.88,14.29,50.0,0.2810246255130825,0.0689233076105706,0.7871720116618076,4.198250728862974,0.1228947113702623,0.5247813411078718,2.8862973760932946,1.836734693877551,0.0705814609329446,7.346938775510204,RW,50,70,40,60,35,35,55,50,50,50,35,40,35,50,90,20,75,30,50,70,20,55,70,80,55,50,35,40,50,90,40,30,45,70,30,40,80,80,30,90,35,30,40,70,100,30,100,30,35,60,70,70,50,30,30,30,30,90,20,70,30,40,90,10,55,70,90,55,50,35,40,50,90,40,30,45,80,30,50,90,90,50,100,40,30,50,Championship
Swansea City,410jti6axb01yhvbc0axsp8li,a6akbulf3p1ot4oze503w0u6t,J. Fulton,Jay Fulton,32.0,Midfielder,Scotland,Midfielder,120.0,120.0,7.0,240.0,6.0,0.0,0.0,0.0,0.0,0.0,0.0,5.0,5.0,23.0,8.0,5.0,395.0,3.0,6.0,4.0,2.0,0.0,0.0,0.0,0.0,0.0,86.64,38.89,0.0,80.0,0.0,53.49,40.0,28.57,0.0,0.0,0.0,0.0,0.0,0.0,0.0,0.0,0.0,0.0,27.34177215189873,27.34177215189873,1.5949367088607591,54.68354430379746,1.3670886075949369,0.0,0.0,0.0,0.0,0.0,0.0,1.1392405063291138,1.1392405063291138,5.240506329113924,1.8227848101265824,1.1392405063291138,0.6835443037974683,1.3670886075949369,0.9113924050632912,0.4556962025316455,0.0,0.0,0.0,0.0,0.0,86.64,38.89,0.0,80.0,0.0,53.49,40.0,28.57,0.0,0.0,0.0,0.0,0.0,0.0,0.0,0.0,0.0,0.0,DM/CM,74,67,35,70,63,41,2,5,17,9,20,71,68,52,57,47,46,59,80,13,23,47,41,26,51,57,28,23,73,26,50,35,11,15,15,23,16,16,20,15,15,15,15,87,80,37,85,78,41,2,5,17,9,20,78,76,70,59,52,46,59,83,15,23,47,41,26,51,57,28,23,73,26,50,35,11,15,15,23,16,16,20,15,15,15,15,Championship
Swansea City,410jti6axb01yhvbc0axsp8li,b4w5c354q8kv59sbav5g0vfmx,A. Idah,Adam Idah,25.0,Attacker,Republic of Ireland,Striker,29.0,58.0,1.0,86.0,5.0,1.0,3.0,17.0,11.0,6.0,5.0,11.0,11.0,13.0,4.0,1.0,365.0,24.0,0.0,4.0,3.0,1.0,0.0,3.0,5.0,0.0,77.48,25.0,25.0,36.36,29.41,35.14,33.33,75.0,2.3600578006660893,0.3258034401235737,6.0,5.0,0.2340246199999999,3.0,5.0,8.0,0.29746585,19.0,7.1506849315068495,14.3013698630137,0.2465753424657534,21.2054794520548,1.2328767123287672,0.2465753424657534,0.7397260273972603,4.191780821917808,2.712328767123288,1.479452054794521,1.2328767123287672,2.712328767123288,2.712328767123288,3.205479452054795,0.9863013698630138,0.2465753424657534,5.917808219178083,0.0,0.9863013698630138,0.7397260273972603,0.2465753424657534,0.0,0.7397260273972603,1.2328767123287672,0.0,77.48,25.0,25.0,36.36,29.41,35.14,33.33,75.0,0.5819320604382138,0.0803350948249907,1.479452054794521,1.2328767123287672,0.0577047008219177,0.7397260273972603,1.2328767123287672,1.9726027397260275,0.0733477438356164,4.684931506849315,ST,90,85,42,91,45,80,30,91,84,98,90,88,80,25,62,57,82,5,80,67,66,50,92,76,51,69,39,75,48,30,24,32,79,95,59,95,65,81,73,76,79,69,70,88,80,38,83,42,80,28,88,80,95,86,78,77,17,59,58,81,5,77,64,66,50,89,73,51,69,39,75,48,30,24,32,79,97,59,94,64,75,75,69,77,66,67,Championship
Swansea City,410jti6axb01yhvbc0axsp8li,b9g3gwxlao9u6y4elz1sdukmh,E. Just,Elijah Just,26.0,Attacker,New Zealand,Striker,41.0,95.0,4.0,134.0,4.0,1.0,7.0,7.0,2.0,5.0,3.0,6.0,7.0,17.0,2.0,0.0,369.0,10.0,6.0,3.0,1.0,2.0,0.0,0.0,3.0,0.0,77.46,26.67,40.0,50.0,42.86,41.46,44.44,25.0,0.4813255756452748,0.5083520008925155,3.0,6.0,0.16522625,4.0,10.0,20.0,0.73820679,67.0,10.0,23.17073170731708,0.9756097560975612,32.6829268292683,0.9756097560975612,0.2439024390243902,1.707317073170732,1.707317073170732,0.4878048780487805,1.2195121951219514,0.7317073170731708,1.4634146341463417,1.707317073170732,4.146341463414634,0.4878048780487805,0.0,2.439024390243903,1.4634146341463417,0.7317073170731708,0.2439024390243902,0.4878048780487805,0.0,0.0,0.7317073170731708,0.0,77.46,26.67,40.0,50.0,42.86,41.46,44.44,25.0,0.1173964818647011,0.1239882929006135,0.7317073170731708,1.4634146341463417,0.0402990853658536,0.9756097560975612,2.439024390243903,4.878048780487806,0.1800504365853658,16.34146341463415,ST,97,98,87,97,41,80,91,28,5,92,62,59,59,47,31,21,16,70,70,27,81,50,14,40,51,67,42,89,73,57,42,57,22,22,83,69,73,61,85,91,98,97,98,100,100,84,100,39,78,89,22,3,88,64,53,58,28,28,21,3,67,62,27,81,50,14,31,51,67,42,89,73,57,42,57,22,17,81,69,70,66,88,97,100,95,100,Championship
Swansea City,410jti6axb01yhvbc0axsp8li,cpmfjroqtibaahb1dr66pl2i1,S. Eustaquio,Stephen Eustaquio,29.0,Midfielder,Canada,Midfielder,85.0,105.0,14.0,188.0,1.0,1.0,6.0,1.0,0.0,1.0,0.0,3.0,3.0,10.0,6.0,2.0,317.0,8.0,3.0,1.0,2.0,2.0,0.0,0.0,1.0,0.0,86.64,60.87,20.0,33.33,100.0,41.67,16.67,40.0,0.0,0.0,0.0,0.0,0.0,0.0,0.0,0.0,0.0,0.0,24.13249211356467,29.810725552050474,3.9747634069400632,53.37539432176656,0.2839116719242902,0.2839116719242902,1.7034700315457414,0.2839116719242902,0.0,0.2839116719242902,0.0,0.8517350157728707,0.8517350157728707,2.8391167192429023,1.7034700315457414,0.5678233438485805,2.271293375394322,0.8517350157728707,0.2839116719242902,0.5678233438485805,0.5678233438485805,0.0,0.0,0.2839116719242902,0.0,86.64,60.87,20.0,33.33,100.0,41.67,16.67,40.0,0.0,0.0,0.0,0.0,0.0,0.0,0.0,0.0,0.0,0.0,CM/AM,86,72,91,77,15,74,63,5,6,24,8,32,32,18,77,45,45,36,31,26,56,47,27,40,50,79,85,58,38,100,41,15,19,8,8,15,8,8,10,6,6,6,6,100,92,100,97,18,77,64,5,6,18,8,31,28,15,87,51,54,44,31,23,69,47,27,41,50,79,85,58,38,100,41,15,19,8,8,15,8,8,10,6,6,6,6,Championship
Watford,4t83rqbdbekinxl5fz2ygsyta,1bd23slibfdzz32n8nhwosbqi,M. Payero,Martín Payero,28.0,Midfielder,Argentina,Midfielder,17.0,28.0,0.0,44.0,1.0,0.0,2.0,4.0,1.0,3.0,1.0,2.0,2.0,11.0,4.0,1.0,203.0,4.0,4.0,1.0,3.0,1.0,0.0,0.0,1.0,0.0,77.19,0.0,100.0,50.0,25.0,40.74,20.0,60.0,0.2945886773634349,0.1552645125193052,2.0,0.0,0.0,0.0,3.0,3.0,0.0678131999999999,14.0,7.536945812807882,12.413793103448276,0.0,19.507389162561577,0.4433497536945813,0.0,0.8866995073891626,1.7733990147783252,0.4433497536945813,1.3300492610837438,0.4433497536945813,0.8866995073891626,0.8866995073891626,4.876847290640394,1.7733990147783252,0.4433497536945813,1.7733990147783252,1.7733990147783252,0.4433497536945813,1.3300492610837438,0.4433497536945813,0.0,0.0,0.4433497536945813,0.0,77.19,0.0,100.0,50.0,25.0,40.74,20.0,60.0,0.1306058175502913,0.0688364833829432,0.8866995073891626,0.0,0.0,0.0,1.3300492610837438,1.3300492610837438,0.0300649655172413,6.206896551724138,DM/CM,2,5,4,2,13,41,28,58,48,68,48,40,39,12,25,11,59,32,39,27,58,47,41,63,51,9,4,96,39,65,2,8,48,63,46,70,16,16,20,32,32,30,30,2,9,4,2,24,41,59,93,72,93,72,63,59,61,57,13,91,78,61,67,76,47,41,85,51,9,4,96,39,65,2,8,48,96,65,96,16,16,20,33,33,33,30,Championship
Watford,4t83rqbdbekinxl5fz2ygsyta,1ltc40nsr2fkx99i5hf7i3mga,S. Coulibaly,Soumaïla Coulibaly,22.0,Defender,France,Defender,97.0,35.0,8.0,132.0,3.0,0.0,0.0,1.0,1.0,0.0,0.0,1.0,1.0,9.0,17.0,1.0,211.0,2.0,4.0,0.0,2.0,0.0,0.0,0.0,0.0,0.0,94.29,66.67,0.0,0.0,0.0,56.25,42.86,100.0,0.0,0.0,0.0,0.0,0.0,0.0,0.0,0.0,0.0,0.0,41.37440758293839,14.928909952606634,3.4123222748815163,56.30331753554502,1.2796208530805686,0.0,0.0,0.4265402843601895,0.4265402843601895,0.0,0.0,0.4265402843601895,0.4265402843601895,3.838862559241706,7.251184834123222,0.4265402843601895,0.8530805687203791,1.706161137440758,0.0,0.8530805687203791,0.0,0.0,0.0,0.0,0.0,94.29,66.67,0.0,0.0,0.0,56.25,42.86,100.0,0.0,0.0,0.0,0.0,0.0,0.0,0.0,0.0,0.0,0.0,CB,26,22,34,23,7,45,18,19,25,38,30,45,44,8,23,8,16,64,25,28,36,42,42,29,51,100,98,36,25,29,38,11,94,20,34,43,25,25,37,20,21,20,20,85,62,77,77,13,45,18,33,34,38,30,66,66,30,79,13,34,95,25,59,36,42,42,29,51,100,98,36,25,29,38,11,94,20,34,43,25,25,37,20,21,20,20,Championship
Watford,4t83rqbdbekinxl5fz2ygsyta,1plfjycmhwcdjrrgpqa7w1gk4,A. Nabizada,Amin Nabizada,19.0,Attacker,Afghanistan,Striker,35.0,52.0,1.0,85.0,1.0,0.0,3.0,8.0,6.0,2.0,3.0,7.0,7.0,10.0,5.0,1.0,333.0,12.0,1.0,1.0,3.0,2.0,0.0,3.0,4.0,0.0,84.16,20.0,22.22,14.29,50.0,27.78,25.0,42.86,0.5230224083815309,0.2768348080108416,6.0,6.0,0.15188807,6.0,4.0,10.0,0.2888292299999999,29.0,9.45945945945946,14.054054054054053,0.2702702702702702,22.97297297297297,0.2702702702702702,0.0,0.8108108108108107,2.162162162162162,1.6216216216216215,0.5405405405405405,0.8108108108108107,1.891891891891892,1.891891891891892,2.702702702702702,1.351351351351351,0.2702702702702702,3.243243243243243,0.2702702702702702,0.2702702702702702,0.8108108108108107,0.5405405405405405,0.0,0.8108108108108107,1.081081081081081,0.0,84.16,20.0,22.22,14.29,50.0,27.78,25.0,42.86,0.141357407670684,0.0748202183813085,1.6216216216216215,1.6216216216216215,0.0410508297297297,1.6216216216216215,1.081081081081081,2.702702702702702,0.078061954054054,7.837837837837838,RW,80,50,40,50,35,35,30,40,40,50,65,40,35,20,90,55,30,10,20,60,55,55,90,60,55,100,20,50,20,80,20,55,20,30,40,75,30,20,100,55,70,40,55,100,50,50,90,40,35,30,40,50,80,70,40,40,20,100,50,30,10,20,70,60,55,100,80,55,100,20,50,20,80,20,55,20,30,40,80,30,20,90,60,80,40,90,Championship
Watford,4t83rqbdbekinxl5fz2ygsyta,4cu8rbv55v6f6jiq50c4xatqs,E. Bove,Edoardo Bove,24.0,Midfielder,Italy,Midfielder,45.0,59.0,3.0,103.0,1.0,0.0,3.0,1.0,0.0,1.0,0.0,4.0,4.0,21.0,4.0,7.0,353.0,5.0,7.0,3.0,8.0,1.0,0.0,0.0,0.0,0.0,80.47,42.86,33.33,75.0,0.0,51.22,33.33,80.0,0.0604803708434228,0.1854454190413227,0.0,2.0,0.0440930999999999,1.0,8.0,10.0,0.4536418399999999,55.0,11.473087818696884,15.042492917847026,0.764872521246459,26.26062322946176,0.254957507082153,0.0,0.764872521246459,0.254957507082153,0.0,0.254957507082153,0.0,1.019830028328612,1.019830028328612,5.354107648725213,1.019830028328612,1.7847025495750708,1.274787535410765,1.7847025495750708,0.764872521246459,2.039660056657224,0.254957507082153,0.0,0.0,0.0,0.0,80.47,42.86,33.33,75.0,0.0,51.22,33.33,80.0,0.0154199245776432,0.0472807017385808,0.0,0.509915014164306,0.011241866855524,0.254957507082153,2.039660056657224,2.54957507082153,0.1156593926345608,14.022662889518417,DM/CM,14,15,13,17,13,41,45,15,17,30,20,61,57,47,25,73,68,67,67,85,58,47,41,26,51,17,35,67,65,26,39,23,78,30,59,23,38,39,45,35,41,61,41,7,15,13,11,9,41,48,13,17,30,20,70,65,78,20,91,74,80,78,91,59,47,41,26,51,17,35,67,65,26,39,23,78,33,54,23,41,39,46,35,41,70,37,Championship
Watford,4t83rqbdbekinxl5fz2ygsyta,6dg2ztkkig9alktiq5zakbm5l,O. Traoré,Omar Haktab Traoré,28.0,Defender,Germany,Defender,50.0,35.0,5.0,84.0,4.0,1.0,4.0,3.0,1.0,2.0,1.0,3.0,3.0,13.0,11.0,4.0,364.0,2.0,2.0,1.0,4.0,1.0,0.0,0.0,1.0,0.0,75.0,41.67,16.67,33.33,33.33,43.33,44.44,57.14,0.1457844125091218,0.3377395720424206,3.0,2.0,0.0884411599999999,2.0,5.0,9.0,0.47930357,44.0,12.362637362637363,8.653846153846153,1.2362637362637363,20.76923076923077,0.989010989010989,0.2472527472527472,0.989010989010989,0.7417582417582418,0.2472527472527472,0.4945054945054945,0.2472527472527472,0.7417582417582418,0.7417582417582418,3.2142857142857144,2.71978021978022,0.989010989010989,0.4945054945054945,0.4945054945054945,0.2472527472527472,0.989010989010989,0.2472527472527472,0.0,0.0,0.2472527472527472,0.0,75.0,41.67,16.67,33.33,33.33,43.33,44.44,57.14,0.0360455964995081,0.0835070370434556,0.7417582417582418,0.4945054945054945,0.0218673197802197,0.4945054945054945,1.2362637362637363,2.2252747252747254,0.1185091244505494,10.87912087912088,RB/RCB,29,14,27,18,29,80,64,68,46,82,66,36,29,18,39,39,12,32,34,43,48,46,48,82,52,21,39,61,36,91,18,21,27,61,75,86,48,54,52,54,59,57,54,32,7,29,14,39,82,71,75,50,86,68,39,39,21,57,46,14,46,36,54,54,46,48,89,52,21,39,61,36,91,18,21,27,64,82,100,43,57,54,46,57,64,57,Championship
Watford,4t83rqbdbekinxl5fz2ygsyta,6ffcfr6a1l2p5crr71rb5szys,Iker Bravo,Iker Bravo,21.0,Attacker,Spain,Striker,53.0,91.0,3.0,142.0,3.0,1.0,5.0,15.0,12.0,3.0,9.0,24.0,25.0,39.0,3.0,7.0,523.0,22.0,13.0,16.0,1.0,2.0,0.0,1.0,6.0,0.0,85.54,60.0,40.0,66.67,40.0,58.21,33.33,14.29,1.61308337285273,0.5023061449429809,5.0,8.0,0.17587563,6.0,14.0,14.0,0.7103684299999999,61.0,9.120458891013383,15.659655831739965,0.5162523900573613,24.435946462715105,0.5162523900573613,0.1720841300191204,0.8604206500956023,2.581261950286807,2.0650095602294454,0.5162523900573613,1.548757170172084,4.130019120458891,4.302103250478012,6.711281070745698,0.5162523900573613,1.2045889101338432,3.78585086042065,2.237093690248566,2.753346080305928,0.1720841300191204,0.3441682600382409,0.0,0.1720841300191204,1.032504780114723,0.0,85.54,60.0,40.0,66.67,40.0,58.21,33.33,14.29,0.2775860488656705,0.086438915955771,0.8604206500956023,1.3766730401529637,0.0302654047801147,1.032504780114723,2.4091778202676863,2.4091778202676863,0.1222431332695984,10.497131931166347,ST,99,95,77,98,33,80,66,86,88,73,100,98,98,95,46,99,74,99,100,27,81,50,45,88,51,97,74,89,90,52,97,32,19,83,78,91,81,69,96,100,94,94,97,94,88,62,92,19,67,34,62,59,55,95,89,88,75,31,97,34,83,98,19,73,50,33,67,51,97,74,89,90,52,97,32,19,61,66,81,69,59,91,95,88,83,97,Championship
Watford,4t83rqbdbekinxl5fz2ygsyta,73xp84wcireskxy001lvsm42c,O. Maamma,Othmane Maamma,20.0,Attacker,Morocco,Striker,34.0,63.0,7.0,94.0,1.0,0.0,7.0,8.0,8.0,0.0,3.0,29.0,31.0,27.0,8.0,7.0,443.0,24.0,7.0,12.0,5.0,3.0,0.0,0.0,3.0,0.0,77.05,43.75,13.64,41.38,37.5,45.76,50.0,71.43,0.6240081964230183,0.8060184827356075,3.0,13.0,0.33897137,3.0,11.0,9.0,0.6984864899999998,30.0,6.907449209932279,12.799097065462751,1.4221218961625282,19.09706546275395,0.2031602708803611,0.0,1.4221218961625282,1.6252821670428892,1.6252821670428892,0.0,0.6094808126410834,5.891647855530474,6.297968397291196,5.485327313769751,1.6252821670428892,1.4221218961625282,4.875846501128668,1.4221218961625282,2.437923250564334,1.015801354401806,0.6094808126410834,0.0,0.0,0.6094808126410834,0.0,77.05,43.75,13.64,41.38,37.5,45.76,50.0,71.43,0.126773674216866,0.1637509332871437,0.6094808126410834,2.641083521444695,0.0688655153498871,0.6094808126410834,2.234762979683973,1.8284424379232505,0.1419047045146726,6.094808126410835,ST,95,94,98,94,9,33,91,42,62,13,62,100,100,84,91,99,82,81,98,91,91,50,14,40,51,66,53,56,61,46,61,77,73,31,97,69,95,88,73,94,82,92,88,81,75,95,80,5,33,78,17,39,13,55,98,98,64,80,100,64,64,94,77,88,50,14,23,51,66,53,56,61,46,61,77,73,19,92,58,91,83,69,94,73,88,80,Championship
Watford,4t83rqbdbekinxl5fz2ygsyta,918sxflcvngsy0xvc9dh3jaei,J. Zemura,Jordan Zemura,26.0,Defender,Zimbabwe,Defender,61.0,73.0,5.0,128.0,7.0,0.0,9.0,3.0,1.0,2.0,2.0,9.0,9.0,29.0,14.0,7.0,452.0,3.0,7.0,5.0,8.0,6.0,0.0,0.0,1.0,0.0,73.99,27.78,20.69,55.56,33.33,55.77,70.0,80.0,0.189732150790427,1.0643716482884724,0.0,6.0,0.16061889,9.0,6.0,7.0,0.5817188599999998,62.0,12.146017699115044,14.535398230088497,0.995575221238938,25.48672566371681,1.393805309734513,0.0,1.7920353982300885,0.5973451327433629,0.1991150442477876,0.3982300884955752,0.3982300884955752,1.7920353982300885,1.7920353982300885,5.774336283185841,2.7876106194690267,1.393805309734513,0.5973451327433629,1.393805309734513,0.995575221238938,1.592920353982301,1.1946902654867255,0.0,0.0,0.1991150442477876,0.0,73.99,27.78,20.69,55.56,33.33,55.77,70.0,80.0,0.0377785255998637,0.2119324078450498,0.0,1.1946902654867255,0.0319816373893805,1.7920353982300885,1.1946902654867255,1.393805309734513,0.1158289765486725,12.345132743362832,LB/LCB,52,50,40,48,63,35,89,69,42,85,84,87,84,66,61,85,32,74,87,84,84,45,42,73,52,23,35,39,69,81,39,94,76,74,87,39,68,68,100,53,48,65,68,35,45,29,39,52,35,84,61,35,87,87,84,84,71,45,90,19,77,87,77,74,45,42,74,52,23,35,39,69,81,39,94,76,71,90,39,61,65,100,48,45,68,55,Championship
Watford,4t83rqbdbekinxl5fz2ygsyta,axyrfq1u8nwcj2ss5498u8qhg,L. Kjerrumgaard,Luca Kjerrumgaard,23.0,Attacker,Denmark,Striker,7.0,23.0,1.0,30.0,10.0,0.0,3.0,6.0,6.0,0.0,1.0,2.0,2.0,12.0,6.0,1.0,239.0,10.0,0.0,1.0,1.0,0.0,0.0,1.0,2.0,0.0,68.18,50.0,0.0,50.0,33.33,44.44,50.0,100.0,0.3872678727981424,0.3380362707548798,0.0,1.0,0.03485072,1.0,0.0,0.0,0.2185292799999998,6.0,2.6359832635983267,8.661087866108787,0.3765690376569038,11.297071129707112,3.765690376569038,0.0,1.1297071129707112,2.2594142259414225,2.2594142259414225,0.0,0.3765690376569038,0.7531380753138076,0.7531380753138076,4.518828451882845,2.2594142259414225,0.3765690376569038,3.765690376569038,0.0,0.3765690376569038,0.3765690376569038,0.0,0.0,0.3765690376569038,0.7531380753138076,0.0,68.18,50.0,0.0,50.0,33.33,44.44,50.0,100.0,0.1458330901750327,0.1272939931712936,0.0,0.3765690376569038,0.0131237020920502,0.3765690376569038,0.0,0.0,0.082291360669456,2.2594142259414225,ST,14,33,42,23,71,33,30,18,36,13,27,15,14,21,78,57,16,5,27,27,28,50,45,21,51,39,62,28,73,38,50,77,94,17,61,15,26,27,45,9,9,56,19,25,55,50,47,81,33,55,47,66,13,36,25,25,41,91,72,33,5,39,33,28,50,62,36,51,39,62,28,73,38,50,77,94,20,83,15,30,34,56,9,9,77,19,Championship
Watford,4t83rqbdbekinxl5fz2ygsyta,bos0z54lr710ov1ppq0rahje2,M. Pollock,Mattie Pollock,24.0,Defender,England,Defender,218.0,65.0,32.0,283.0,14.0,0.0,1.0,4.0,4.0,0.0,0.0,0.0,0.0,27.0,56.0,10.0,630.0,6.0,3.0,0.0,6.0,0.0,0.0,0.0,2.0,0.0,80.4,36.78,0.0,0.0,50.0,57.45,63.64,54.55,0.5355366876976272,0.0889771883115363,0.0,0.0,0.0,0.0,18.0,21.0,0.53897812,208.0,31.142857142857142,9.285714285714286,4.571428571428571,40.42857142857143,2.0,0.0,0.1428571428571428,0.5714285714285714,0.5714285714285714,0.0,0.0,0.0,0.0,3.857142857142857,8.0,1.4285714285714286,0.8571428571428571,0.4285714285714285,0.0,0.8571428571428571,0.0,0.0,0.0,0.2857142857142857,0.0,80.4,36.78,0.0,0.0,50.0,57.45,63.64,54.55,0.076505241099661,0.012711026901648,0.0,0.0,0.0,0.0,2.571428571428572,3.0,0.0769968742857142,29.714285714285715,CB,85,51,100,72,57,45,48,70,79,38,30,18,17,62,97,90,61,48,25,84,36,42,42,88,51,21,38,36,25,89,50,65,42,87,75,43,25,25,37,82,84,84,92,54,21,95,46,37,45,37,47,52,38,30,18,17,33,85,69,37,33,25,64,36,42,42,75,51,21,38,36,25,89,50,65,42,67,74,43,25,25,37,75,75,79,87,Championship
Watford,4t83rqbdbekinxl5fz2ygsyta,cur8gln3iugoe67ju15o1tses,M. Doumbia,Mamadou Doumbia,20.0,Attacker,Mali,Striker,17.0,35.0,2.0,51.0,17.0,0.0,4.0,7.0,6.0,1.0,3.0,4.0,4.0,23.0,7.0,3.0,419.0,14.0,0.0,1.0,4.0,1.0,0.0,1.0,1.0,0.0,63.75,66.67,25.0,25.0,14.29,38.33,45.95,80.0,0.8228201689234597,0.1720061523696949,1.0,2.0,0.04255496,0.0,7.0,4.0,0.1061789199999998,17.0,3.651551312649164,7.517899761336515,0.4295942720763723,10.954653937947493,3.651551312649164,0.0,0.8591885441527446,1.503579952267303,1.2887828162291168,0.2147971360381861,0.6443914081145584,0.8591885441527446,0.8591885441527446,4.940334128878281,1.503579952267303,0.6443914081145584,3.007159904534606,0.0,0.2147971360381861,0.8591885441527446,0.2147971360381861,0.0,0.2147971360381861,0.2147971360381861,0.0,63.75,66.67,25.0,25.0,14.29,38.33,45.95,80.0,0.1767394157592156,0.0369464289099583,0.2147971360381861,0.4295942720763723,0.0091406835322195,0.0,1.503579952267303,0.8591885441527446,0.0228069279236276,3.651551312649164,ST,67,52,62,55,84,33,47,28,36,33,62,35,33,67,87,94,37,5,27,81,66,50,45,9,51,28,80,75,30,9,38,62,85,44,33,41,38,31,16,85,55,38,62,44,44,55,44,80,33,33,11,23,28,59,31,30,52,78,88,20,5,22,70,62,50,38,5,51,28,80,75,30,9,38,62,85,31,28,38,36,23,16,77,42,34,55,Championship
Watford,4t83rqbdbekinxl5fz2ygsyta,dgrk1cgbyk03p3e32nj4yugru,E. Kayembe,Edo Kayembe,28.0,Midfielder,Congo DR,Midfielder,79.0,69.0,7.0,146.0,5.0,1.0,6.0,6.0,3.0,3.0,1.0,1.0,1.0,13.0,5.0,5.0,372.0,6.0,5.0,0.0,3.0,2.0,0.0,1.0,2.0,0.0,83.91,38.89,22.22,0.0,33.33,31.71,45.45,100.0,0.4431611992451437,0.4706352634793093,3.0,6.0,0.14323044,1.0,12.0,13.0,0.4941186599999997,69.0,19.11290322580645,16.693548387096772,1.693548387096774,35.32258064516129,1.2096774193548383,0.2419354838709677,1.4516129032258065,1.4516129032258065,0.7258064516129031,0.7258064516129031,0.2419354838709677,0.2419354838709677,0.2419354838709677,3.1451612903225805,1.2096774193548383,1.2096774193548383,1.4516129032258065,1.2096774193548383,0.0,0.7258064516129031,0.4838709677419354,0.0,0.2419354838709677,0.4838709677419354,0.0,83.91,38.89,22.22,0.0,33.33,31.71,45.45,100.0,0.1072164191722121,0.113863370196607,0.7258064516129031,1.4516129032258065,0.0346525258064516,0.2419354838709677,2.9032258064516125,3.1451612903225805,0.1195448370967741,16.693548387096772,CM/AM,82,36,60,64,83,74,63,51,51,58,24,13,13,40,60,74,32,59,12,42,56,47,67,60,50,64,21,63,12,71,5,67,94,49,54,72,45,41,28,56,55,64,64,90,38,69,72,77,72,59,51,51,59,21,10,10,36,67,77,21,59,12,41,63,47,72,63,50,64,21,63,12,71,5,67,94,56,54,74,41,38,26,56,49,62,79,Championship
Watford,4t83rqbdbekinxl5fz2ygsyta,eu71261se8nv26xcd39nrdous,K. Keben,Kévin Keben,22.0,Defender,Cameroon,Defender,179.0,77.0,13.0,255.0,6.0,0.0,2.0,1.0,1.0,0.0,0.0,12.0,12.0,23.0,32.0,4.0,630.0,2.0,2.0,5.0,6.0,1.0,0.0,0.0,0.0,0.0,83.06,30.95,33.33,41.67,0.0,46.94,50.0,60.0,0.1476006209095627,0.1969983968380303,0.0,6.0,0.13085697,4.0,14.0,15.0,0.4338517099999998,98.0,25.571428571428573,11.0,1.8571428571428568,36.42857142857143,0.8571428571428571,0.0,0.2857142857142857,0.1428571428571428,0.1428571428571428,0.0,0.0,1.7142857142857142,1.7142857142857142,3.2857142857142856,4.571428571428571,0.5714285714285714,0.2857142857142857,0.2857142857142857,0.7142857142857143,0.8571428571428571,0.1428571428571428,0.0,0.0,0.0,0.0,83.06,30.95,33.33,41.67,0.0,46.94,50.0,60.0,0.0210858029870803,0.0281426281197186,0.0,0.8571428571428571,0.0186938528571428,0.5714285714285714,2.0,2.142857142857143,0.0619788157142856,14.0,CB,66,61,65,64,16,45,67,19,25,38,30,100,100,50,64,36,16,34,100,84,82,42,42,29,51,36,20,88,51,29,7,24,47,52,85,43,83,82,93,75,73,79,65,38,34,38,33,3,45,55,11,16,38,30,98,98,20,26,20,10,24,98,64,73,42,42,29,51,36,20,88,51,29,7,24,47,48,82,43,77,77,91,64,66,67,59,Championship
Watford,4t83rqbdbekinxl5fz2ygsyta,ewtroels9b5fc9hv9c2laj90q,H. Kyprianou,Hector Kyprianou,25.0,Midfielder,Cyprus,Midfielder,142.0,98.0,14.0,239.0,9.0,0.0,3.0,7.0,6.0,1.0,3.0,5.0,5.0,30.0,23.0,12.0,630.0,10.0,5.0,3.0,3.0,1.0,0.0,0.0,1.0,0.0,81.85,51.85,33.33,60.0,14.29,50.0,56.25,23.08,0.7669917624316149,0.1030551511508184,1.0,8.0,0.1642559099999999,2.0,23.0,23.0,0.48571795,154.0,20.285714285714285,14.0,2.0,34.142857142857146,1.2857142857142858,0.0,0.4285714285714285,1.0,0.8571428571428571,0.1428571428571428,0.4285714285714285,0.7142857142857143,0.7142857142857143,4.285714285714286,3.2857142857142856,1.7142857142857142,1.4285714285714286,0.7142857142857143,0.4285714285714285,0.4285714285714285,0.1428571428571428,0.0,0.0,0.1428571428571428,0.0,81.85,51.85,33.33,60.0,14.29,50.0,56.25,23.08,0.109570251775945,0.0147221644501169,0.1428571428571428,1.1428571428571428,0.0234651299999999,0.2857142857142857,3.2857142857142856,3.2857142857142856,0.0693882785714285,22.0,DM/CM,85,52,80,67,92,41,45,76,100,30,84,71,68,86,100,98,96,45,67,27,58,47,41,63,51,28,59,67,51,53,34,72,4,96,37,53,71,63,57,76,80,65,93,50,13,50,26,70,41,26,59,96,17,65,52,50,43,98,85,76,22,57,12,46,47,41,52,51,28,59,67,51,53,34,72,4,80,33,46,59,50,50,48,52,43,76,Championship
West Bromwich Albion,d1lhefp805y0rcbjqkpu4fq0n,195m3d6cnwm71j1d2rjo25sdl,F. Myhre,Felix Myhre,27.0,Midfielder,Norway,Midfielder,35.0,73.0,0.0,108.0,4.0,1.0,4.0,2.0,2.0,0.0,0.0,5.0,5.0,20.0,5.0,0.0,415.0,19.0,5.0,3.0,5.0,0.0,0.0,0.0,0.0,0.0,85.71,0.0,0.0,60.0,0.0,51.28,50.0,62.5,0.2392937511767697,0.3683606018496254,0.0,4.0,0.199209,0.0,8.0,5.0,0.2032171899999998,49.0,7.590361445783133,15.83132530120482,0.0,23.421686746987955,0.8674698795180724,0.2168674698795181,0.8674698795180724,0.4337349397590362,0.4337349397590362,0.0,0.0,1.0843373493975903,1.0843373493975903,4.337349397590362,1.0843373493975903,0.0,4.120481927710844,1.0843373493975903,0.6506024096385543,1.0843373493975903,0.0,0.0,0.0,0.0,0.0,85.71,0.0,0.0,60.0,0.0,51.28,50.0,62.5,0.051895030375685,0.0798854317264247,0.0,0.8674698795180724,0.0432019518072289,0.0,1.7349397590361448,1.0843373493975903,0.0440711978313252,10.626506024096386,CM/AM,38,42,6,38,64,74,29,13,33,6,8,54,51,64,60,9,83,59,65,71,22,47,27,13,50,74,6,22,85,13,79,74,46,31,41,15,31,51,10,40,21,23,51,23,33,6,31,51,69,21,8,31,6,8,44,44,67,51,9,92,56,62,72,22,47,27,13,50,74,6,22,85,13,79,74,46,23,41,15,28,46,10,38,18,18,38,Championship
West Bromwich Albion,d1lhefp805y0rcbjqkpu4fq0n,3mvocoie04y5ipvojiozy41yh,O. Diakité,Ousmane Diakité,26.0,Midfielder,Mali,Midfielder,131.0,165.0,9.0,296.0,10.0,0.0,2.0,7.0,5.0,2.0,2.0,8.0,8.0,38.0,15.0,10.0,554.0,7.0,9.0,6.0,9.0,0.0,1.0,0.0,1.0,0.0,91.64,81.82,0.0,75.0,14.29,56.72,71.43,69.23,0.8039420391256185,0.1626891865735391,1.0,18.0,0.38834124,5.0,21.0,18.0,0.4266183199999998,123.0,21.28158844765343,26.805054151624542,1.4620938628158844,48.08664259927797,1.624548736462094,0.0,0.3249097472924188,1.1371841155234657,0.8122743682310469,0.3249097472924188,0.3249097472924188,1.2996389891696751,1.2996389891696751,6.1732851985559565,2.436823104693141,1.624548736462094,1.1371841155234657,1.4620938628158844,0.9747292418772564,1.4620938628158844,0.0,0.1624548736462094,0.0,0.1624548736462094,0.0,91.64,81.82,0.0,75.0,14.29,56.72,71.43,69.23,0.1306043023850282,0.0264296512484088,0.1624548736462094,2.9241877256317688,0.0630879270758122,0.8122743682310469,3.4115523465703967,2.9241877256317688,0.069306225270758,19.981949458483754,DM/CM,78,88,49,85,96,41,28,76,97,53,67,91,91,98,90,90,83,82,91,90,23,96,41,63,51,89,96,23,65,53,67,89,61,98,48,53,96,93,84,72,59,59,80,61,76,33,70,89,41,9,65,91,39,50,80,78,93,85,80,67,61,87,76,23,96,41,54,51,89,96,23,65,53,67,89,61,93,41,48,89,87,78,57,43,41,67,Championship
West Bromwich Albion,d1lhefp805y0rcbjqkpu4fq0n,3xyph8o33xq0j1xcqjct945bd,C. Styles,Callum Styles,26.0,Defender,Hungary,Defender,143.0,176.0,5.0,312.0,2.0,0.0,12.0,7.0,2.0,5.0,2.0,9.0,9.0,30.0,14.0,4.0,630.0,12.0,5.0,4.0,14.0,7.0,1.0,2.0,4.0,0.0,85.25,25.0,25.93,44.44,57.14,50.0,22.22,73.68,0.4307688420178393,0.997514013841556,3.0,33.0,0.92034808,12.0,21.0,24.0,0.7954126399999999,146.0,20.428571428571427,25.142857142857142,0.7142857142857143,44.57142857142857,0.2857142857142857,0.0,1.7142857142857142,1.0,0.2857142857142857,0.7142857142857143,0.2857142857142857,1.2857142857142858,1.2857142857142858,4.285714285714286,2.0,0.5714285714285714,1.7142857142857142,0.7142857142857143,0.5714285714285714,2.0,1.0,0.1428571428571428,0.2857142857142857,0.5714285714285714,0.0,85.25,25.0,25.93,44.44,57.14,50.0,22.22,73.68,0.0615384060025484,0.1425020019773651,0.4285714285714285,4.714285714285714,0.1314782971428571,1.7142857142857142,3.0,3.4285714285714284,0.1136303771428571,20.857142857142858,LM/LCM,100,100,67,100,72,39,78,61,22,89,56,67,67,78,89,89,56,61,61,100,83,100,89,72,56,89,22,56,44,94,56,44,78,44,78,61,78,78,100,100,100,56,100,100,100,22,100,33,39,67,22,11,78,22,44,44,56,67,44,33,33,44,78,67,100,78,56,56,89,22,56,44,94,56,44,78,22,56,33,78,78,100,89,78,33,100,Championship
West Bromwich Albion,d1lhefp805y0rcbjqkpu4fq0n,5c1wh9blcw96fkblothh6drf8,J. Morgan,Jimmy-Jay Morgan,20.0,Attacker,England,Striker,24.0,73.0,2.0,97.0,3.0,3.0,6.0,11.0,8.0,3.0,3.0,7.0,7.0,26.0,1.0,1.0,518.0,24.0,12.0,5.0,2.0,0.0,0.0,3.0,6.0,0.0,79.51,100.0,0.0,71.43,54.55,47.27,25.0,33.33,1.3161747454734347,0.3179049003639279,4.0,12.0,0.3025655299999999,7.0,3.0,8.0,0.3792488999999999,22.0,4.1698841698841695,12.683397683397684,0.3474903474903475,16.853281853281853,0.5212355212355212,0.5212355212355212,1.0424710424710424,1.9111969111969112,1.38996138996139,0.5212355212355212,0.5212355212355212,1.2162162162162162,1.2162162162162162,4.517374517374518,0.1737451737451737,0.1737451737451737,4.1698841698841695,2.0849420849420848,0.8687258687258688,0.3474903474903475,0.0,0.0,0.5212355212355212,1.0424710424710424,0.0,79.51,100.0,0.0,71.43,54.55,47.27,25.0,33.33,0.2286790098312917,0.0552344421481727,0.694980694980695,2.0849420849420848,0.0525693005791505,1.2162162162162162,0.5212355212355212,1.38996138996139,0.065892666023166,3.8223938223938223,LW,64,79,46,71,82,96,50,71,86,50,54,25,25,86,32,43,79,96,57,39,7,54,96,96,54,50,93,7,100,93,86,46,25,93,57,61,64,57,86,61,68,50,61,21,36,36,29,64,93,29,57,86,36,43,21,14,64,29,21,64,86,36,29,7,54,100,86,54,50,93,7,100,93,86,46,25,86,57,64,64,57,79,64,57,50,57,Championship
West Bromwich Albion,d1lhefp805y0rcbjqkpu4fq0n,8ckml3ywxcyv3w7978rki88vd,N. Phillips,Nathaniel Phillips,29.0,Defender,England,Defender,256.0,99.0,14.0,355.0,15.0,0.0,0.0,3.0,3.0,0.0,1.0,4.0,5.0,30.0,41.0,6.0,548.0,3.0,4.0,3.0,7.0,0.0,1.0,0.0,0.0,0.0,89.42,48.28,0.0,75.0,0.0,66.67,60.0,87.5,0.294882953312043,0.0,0.0,3.0,0.05679736,0.0,11.0,6.0,0.3233057,153.0,42.04379562043796,16.259124087591243,2.2992700729927007,58.3029197080292,2.4635036496350367,0.0,0.0,0.4927007299270073,0.4927007299270073,0.0,0.1642335766423358,0.6569343065693432,0.8211678832116789,4.927007299270073,6.733576642335767,0.9854014598540146,0.4927007299270073,0.6569343065693432,0.4927007299270073,1.1496350364963503,0.0,0.1642335766423358,0.0,0.0,0.0,89.42,48.28,0.0,75.0,0.0,66.67,60.0,87.5,0.0484296821132917,0.0,0.0,0.4927007299270073,0.0093280335766423,0.0,1.8065693430656933,0.9854014598540146,0.053097651459854,25.12773722627737,CB,95,75,68,87,65,45,18,52,58,38,72,89,93,79,81,60,26,64,92,94,36,92,42,29,51,82,66,36,80,29,79,54,85,64,34,43,71,70,37,65,57,67,80,92,69,52,79,46,45,18,39,46,38,72,82,85,57,70,44,18,57,85,82,36,89,42,29,51,82,66,36,80,29,79,54,85,57,34,43,66,66,37,57,49,62,70,Championship
West Bromwich Albion,d1lhefp805y0rcbjqkpu4fq0n,8v8c3iwgajawy736g8r7od2lm,I. Price,Isaac Price,22.0,Midfielder,Northern Ireland,Midfielder,99.0,189.0,16.0,283.0,1.0,1.0,9.0,17.0,10.0,7.0,8.0,11.0,11.0,21.0,6.0,6.0,630.0,22.0,9.0,5.0,4.0,5.0,0.0,2.0,8.0,0.0,84.48,50.0,13.89,45.45,47.06,42.86,25.0,66.67,1.0875152326531998,0.95709031453745,4.0,26.0,0.60009903,14.0,19.0,30.0,1.45766874,103.0,14.142857142857142,27.0,2.2857142857142856,40.42857142857143,0.1428571428571428,0.1428571428571428,1.2857142857142858,2.4285714285714284,1.4285714285714286,1.0,1.1428571428571428,1.5714285714285714,1.5714285714285714,3.0,0.8571428571428571,0.8571428571428571,3.142857142857143,1.2857142857142858,0.7142857142857143,0.5714285714285714,0.7142857142857143,0.0,0.2857142857142857,1.1428571428571428,0.0,84.48,50.0,13.89,45.45,47.06,42.86,25.0,66.67,0.1553593189504571,0.1367271877910642,0.5714285714285714,3.7142857142857135,0.0857284328571428,2.0,2.7142857142857144,4.285714285714286,0.2082383914285714,14.714285714285714,CM/AM,92,100,97,100,15,74,85,95,91,94,97,86,85,71,77,88,91,82,87,58,85,47,90,100,50,67,47,49,56,82,55,26,56,82,87,86,97,95,100,74,90,100,90,72,87,79,85,8,59,51,85,82,79,95,72,67,28,36,62,69,64,67,26,72,47,77,97,50,67,47,49,56,82,55,26,56,72,69,67,92,92,92,54,87,97,67,Championship
West Bromwich Albion,d1lhefp805y0rcbjqkpu4fq0n,bgusiylccuvwz4um0osox1990,N. Galves,Nolan Galves,23.0,Defender,France,Defender,78.0,111.0,3.0,188.0,4.0,0.0,2.0,0.0,0.0,0.0,0.0,4.0,4.0,23.0,11.0,5.0,464.0,7.0,5.0,0.0,8.0,1.0,0.0,0.0,0.0,0.0,88.26,25.0,12.5,0.0,0.0,58.97,66.67,53.33,0.0,0.0,0.0,0.0,0.0,0.0,0.0,0.0,0.0,0.0,15.129310344827584,21.530172413793103,0.5818965517241379,36.46551724137931,0.7758620689655172,0.0,0.3879310344827586,0.0,0.0,0.0,0.0,0.7758620689655172,0.7758620689655172,4.461206896551724,2.133620689655172,0.9698275862068964,1.357758620689655,0.9698275862068964,0.0,1.5517241379310345,0.1939655172413793,0.0,0.0,0.0,0.0,88.26,25.0,12.5,0.0,0.0,58.97,66.67,53.33,0.0,0.0,0.0,0.0,0.0,0.0,0.0,0.0,0.0,0.0,RB/RCB,52,75,14,68,29,34,23,14,18,27,29,50,43,64,39,54,59,82,11,93,48,46,48,36,52,82,11,43,11,36,68,82,21,23,20,29,21,21,23,20,20,20,20,50,79,11,64,21,34,21,14,18,27,29,43,43,54,39,43,54,71,11,93,46,46,48,36,52,82,11,43,11,36,68,82,21,23,20,29,21,21,23,20,20,20,20,Championship
West Bromwich Albion,d1lhefp805y0rcbjqkpu4fq0n,d4ye48utus6dfrp5jxhipjo8a,A. Heggebø,Aune Heggebø,25.0,Attacker,Norway,Striker,14.0,19.0,1.0,33.0,3.0,0.0,1.0,7.0,6.0,1.0,1.0,3.0,3.0,16.0,0.0,0.0,308.0,9.0,6.0,2.0,3.0,0.0,0.0,2.0,3.0,0.0,78.57,100.0,0.0,66.67,42.86,42.11,25.0,60.0,0.9078516357000402,0.0,1.0,0.0,0.0,0.0,1.0,2.0,0.0227057999999999,8.0,4.090909090909091,5.551948051948052,0.2922077922077922,9.642857142857144,0.8766233766233766,0.0,0.2922077922077922,2.0454545454545454,1.7532467532467533,0.2922077922077922,0.2922077922077922,0.8766233766233766,0.8766233766233766,4.675324675324676,0.0,0.0,2.62987012987013,1.7532467532467533,0.5844155844155845,0.8766233766233766,0.0,0.0,0.5844155844155845,0.8766233766233766,0.0,78.57,100.0,0.0,66.67,42.86,42.11,25.0,60.0,0.2652813221201416,0.0,0.2922077922077922,0.0,0.0,0.0,0.2922077922077922,0.5844155844155845,0.0066348116883116,2.337662337662338,ST,42,20,42,30,33,33,14,28,36,33,27,27,25,42,7,21,9,70,52,67,28,50,76,40,51,80,95,28,90,57,45,12,55,53,12,41,10,10,16,26,33,16,29,52,20,39,30,34,33,12,38,42,31,28,33,31,42,7,21,8,73,58,73,28,50,77,47,51,80,95,28,90,57,45,12,55,53,12,42,10,10,16,23,33,19,22,Championship
West Bromwich Albion,d1lhefp805y0rcbjqkpu4fq0n,dm57w3nxih25gl3hwzimyen10,R. Nzingoula,Rabby Nzingoula,20.0,Midfielder,France,Midfielder,44.0,55.0,4.0,98.0,4.0,0.0,1.0,4.0,3.0,1.0,0.0,13.0,13.0,30.0,8.0,5.0,289.0,8.0,8.0,6.0,8.0,1.0,0.0,0.0,2.0,0.0,80.33,44.44,12.5,46.15,50.0,56.6,80.0,66.67,0.0,0.0,0.0,0.0,0.0,0.0,0.0,0.0,0.0,0.0,13.702422145328718,17.1280276816609,1.245674740484429,30.51903114186851,1.245674740484429,0.0,0.3114186851211072,1.245674740484429,0.9342560553633218,0.3114186851211072,0.0,4.048442906574394,4.048442906574394,9.342560553633218,2.491349480968858,1.5570934256055362,2.491349480968858,2.491349480968858,1.868512110726644,2.491349480968858,0.3114186851211072,0.0,0.0,0.6228373702422145,0.0,80.33,44.44,12.5,46.15,50.0,56.6,80.0,66.67,0.0,0.0,0.0,0.0,0.0,0.0,0.0,0.0,0.0,0.0,RM/RCM,71,47,62,53,68,29,12,47,53,35,18,76,71,85,71,79,26,82,74,94,35,53,26,65,53,76,68,41,76,82,88,100,68,12,12,15,12,12,12,12,12,12,12,82,59,71,71,82,29,12,59,65,35,18,82,82,100,82,94,47,100,88,100,41,53,26,71,53,76,68,41,76,82,88,100,68,12,12,15,12,12,12,12,12,12,12,Championship
West Bromwich Albion,d1lhefp805y0rcbjqkpu4fq0n,ebhq4fl7e2p1zwhwpeu65a4iy,G. Campbell,George Campbell,25.0,Defender,USA,Defender,239.0,142.0,8.0,381.0,5.0,0.0,2.0,2.0,2.0,0.0,0.0,3.0,4.0,14.0,31.0,5.0,541.0,7.0,1.0,2.0,4.0,0.0,0.0,0.0,0.0,0.0,91.15,47.06,0.0,66.67,0.0,53.85,50.0,66.67,0.2174600005577841,0.0802596248912616,0.0,10.0,0.18651141,5.0,26.0,17.0,0.5338503499999999,235.0,39.75970425138632,23.622920517560075,1.3308687615526802,63.38262476894639,0.8317929759704251,0.0,0.33271719038817,0.33271719038817,0.33271719038817,0.0,0.0,0.499075785582255,0.6654343807763401,2.3290203327171906,5.157116451016636,0.8317929759704251,1.1645101663585953,0.166358595194085,0.33271719038817,0.6654343807763401,0.0,0.0,0.0,0.0,0.0,91.15,47.06,0.0,66.67,0.0,53.85,50.0,66.67,0.0361763402036979,0.0133518784477144,0.0,1.6635859519408502,0.031027776155268,0.8317929759704251,4.32532347504621,2.8280961182994453,0.0888105942698705,39.09426987060999,RB/RCB,100,96,55,100,48,34,23,55,70,27,29,36,43,29,93,54,59,20,55,43,16,46,48,36,52,96,57,16,82,36,54,36,50,71,43,29,86,75,82,96,79,68,100,100,86,36,100,25,34,18,43,61,27,29,29,36,4,89,36,36,18,43,21,16,46,48,36,52,96,57,16,82,36,54,36,50,68,39,29,86,71,71,93,68,57,100,Championship
West Bromwich Albion,d1lhefp805y0rcbjqkpu4fq0n,eghagvkvw6ct2blen644a04ix,J. Molumby,Jayson Molumby,27.0,Midfielder,Republic of Ireland,Midfielder,141.0,158.0,4.0,298.0,7.0,0.0,3.0,3.0,2.0,1.0,0.0,5.0,5.0,25.0,13.0,5.0,475.0,9.0,9.0,3.0,5.0,1.0,0.0,0.0,1.0,0.0,90.3,36.36,14.29,60.0,33.33,65.79,77.78,83.33,0.0,0.0,0.0,0.0,0.0,0.0,0.0,0.0,0.0,0.0,26.71578947368421,29.93684210526316,0.7578947368421053,56.463157894736845,1.3263157894736843,0.0,0.5684210526315789,0.5684210526315789,0.3789473684210526,0.1894736842105263,0.0,0.9473684210526316,0.9473684210526316,4.736842105263158,2.463157894736842,0.9473684210526316,1.7052631578947368,1.7052631578947368,0.5684210526315789,0.9473684210526316,0.1894736842105263,0.0,0.0,0.1894736842105263,0.0,90.3,36.36,14.29,60.0,33.33,65.79,77.78,83.33,0.0,0.0,0.0,0.0,0.0,0.0,0.0,0.0,0.0,0.0,DM/CM,83,83,18,87,71,41,45,48,70,30,20,71,68,65,79,47,91,82,67,58,58,47,41,63,51,78,18,49,51,79,100,96,90,15,15,23,16,16,20,15,15,15,15,83,83,11,89,72,41,35,35,61,26,20,65,61,54,87,40,89,74,67,47,52,47,41,61,51,78,18,49,51,79,100,96,90,15,15,23,16,16,20,15,15,15,15,Championship
West Bromwich Albion,d1lhefp805y0rcbjqkpu4fq0n,erw7v69vfrzcsd51tnel3ds0k,H. Whitwell,Harry Whitwell,20.0,Midfielder,England,Midfielder,34.0,65.0,2.0,99.0,1.0,1.0,6.0,3.0,2.0,1.0,2.0,18.0,18.0,30.0,5.0,3.0,346.0,12.0,9.0,7.0,7.0,0.0,0.0,1.0,1.0,0.0,74.44,25.0,0.0,38.89,33.33,48.39,25.0,53.85,0.2522777182604276,0.6967316931795455,1.0,12.0,0.3720938899999998,7.0,8.0,9.0,0.93811537,41.0,8.84393063583815,16.90751445086705,0.5202312138728323,25.7514450867052,0.2601156069364161,0.2601156069364161,1.560693641618497,0.7803468208092486,0.5202312138728323,0.2601156069364161,0.5202312138728323,4.682080924855491,4.682080924855491,7.803468208092485,1.300578034682081,0.7803468208092486,3.121387283236994,2.341040462427745,1.8208092485549128,1.8208092485549128,0.0,0.0,0.2601156069364161,0.2601156069364161,0.0,74.44,25.0,0.0,38.89,33.33,48.39,25.0,53.85,0.0656213718018453,0.1812307872432343,0.2601156069364161,3.121387283236994,0.096787428034682,1.8208092485549128,2.0809248554913293,2.341040462427745,0.2440184488439306,10.664739884393065,RM/RCM,53,53,38,59,32,74,59,32,35,35,62,100,100,85,56,50,65,88,85,88,15,53,71,29,53,24,41,15,53,38,65,35,35,47,65,38,76,76,88,59,50,88,59,53,53,35,53,29,82,65,24,29,24,71,94,94,88,53,47,71,88,82,88,15,53,71,24,53,24,41,15,53,38,65,35,35,35,65,29,82,88,88,53,41,82,59,Championship
West Ham United,4txjdaqveermfryvbfrr4taf7,27hwtukeqxh91ch1f3qr1it49,V. Castellanos,Valentín Castellanos,27.0,Attacker,Argentina,Striker,28.0,52.0,4.0,79.0,7.0,2.0,8.0,17.0,13.0,4.0,1.0,3.0,3.0,24.0,4.0,1.0,458.0,24.0,12.0,1.0,3.0,1.0,0.0,1.0,5.0,0.0,78.22,50.0,20.0,33.33,29.41,50.0,46.67,75.0,1.4227457150522491,0.7263453618439433,4.0,10.0,0.3046144699999999,4.0,3.0,12.0,0.3696280299999999,29.0,5.502183406113537,10.218340611353712,0.7860262008733625,15.524017467248909,1.3755458515283845,0.3930131004366812,1.572052401746725,3.3406113537117905,2.554585152838428,0.7860262008733625,0.1965065502183406,0.5895196506550219,0.5895196506550219,4.716157205240175,0.7860262008733625,0.1965065502183406,4.716157205240175,2.3580786026200875,0.1965065502183406,0.5895196506550219,0.1965065502183406,0.0,0.1965065502183406,0.9825327510917032,0.0,78.22,50.0,20.0,33.33,29.41,50.0,46.67,75.0,0.2795788523028437,0.1427316213230456,0.7860262008733625,1.9650655021834065,0.0598587386462882,0.7860262008733625,0.5895196506550219,2.3580786026200875,0.0726343290393013,5.698689956331879,ST,87,77,87,88,54,98,95,91,92,84,27,27,25,73,62,57,82,96,27,67,66,50,45,76,51,73,62,67,43,30,77,66,79,77,95,84,87,86,85,53,89,78,84,72,67,78,69,47,95,84,78,77,75,12,17,16,44,45,45,59,91,19,52,61,50,36,58,51,73,62,67,43,30,77,66,79,62,86,73,81,77,79,41,86,64,75,Championship
West Ham United,4txjdaqveermfryvbfrr4taf7,2nz313c0ot91untg011l3pc6h,M. Kilman,Maximilian Kilman,29.0,Defender,England,Defender,334.0,158.0,11.0,492.0,27.0,0.0,1.0,4.0,4.0,0.0,1.0,0.0,0.0,33.0,46.0,4.0,630.0,9.0,0.0,0.0,4.0,0.0,0.0,1.0,2.0,0.0,93.71,37.93,0.0,0.0,50.0,63.46,65.85,66.67,0.5057611843840222,0.0808694540085434,0.0,8.0,0.2430570899999998,6.0,41.0,53.0,0.79493187,327.0,47.71428571428572,22.571428571428573,1.5714285714285714,70.28571428571429,3.857142857142857,0.0,0.1428571428571428,0.5714285714285714,0.5714285714285714,0.0,0.1428571428571428,0.0,0.0,4.714285714285714,6.571428571428571,0.5714285714285714,1.2857142857142858,0.0,0.0,0.5714285714285714,0.0,0.0,0.1428571428571428,0.2857142857142857,0.0,93.71,37.93,0.0,0.0,50.0,63.46,65.85,66.67,0.072251597769146,0.0115527791440776,0.0,1.1428571428571428,0.0347224414285714,0.8571428571428571,5.857142857142857,7.571428571428571,0.1135616957142857,46.71428571428572,CB,100,95,52,100,95,45,48,70,79,38,72,18,17,89,85,36,87,7,25,65,36,42,89,88,51,97,42,36,25,89,70,72,54,84,72,43,92,95,98,100,98,95,100,98,89,25,95,79,45,37,47,52,38,61,18,17,51,67,20,57,7,25,40,36,42,84,75,51,97,42,36,25,89,70,72,54,66,70,43,84,92,97,95,97,89,97,Championship
West Ham United,4txjdaqveermfryvbfrr4taf7,2uiza5b6fbum38chxtvmnkzqh,K. Walker-Peters,Kyle Walker-Peters,29.0,Defender,England,Defender,111.0,137.0,8.0,247.0,3.0,2.0,8.0,0.0,0.0,0.0,0.0,5.0,5.0,16.0,9.0,2.0,439.0,9.0,4.0,3.0,5.0,1.0,0.0,0.0,0.0,0.0,93.92,80.0,50.0,60.0,0.0,48.48,75.0,71.43,0.0,0.6207038659920925,0.0,13.0,0.37456834,10.0,23.0,28.0,0.6932732300000001,110.0,22.756264236902048,28.08656036446469,1.6400911161731206,50.6378132118451,0.6150341685649202,0.4100227790432801,1.6400911161731206,0.0,0.0,0.0,0.0,1.0250569476082003,1.0250569476082003,3.2801822323462413,1.8451025056947608,0.4100227790432801,1.8451025056947608,0.8200455580865603,0.6150341685649202,1.0250569476082003,0.20501138952164,0.0,0.0,0.0,0.0,93.92,80.0,50.0,60.0,0.0,48.48,75.0,71.43,0.0,0.1272513620484927,0.0,2.665148063781321,0.0767907758542141,2.0501138952164006,4.715261958997722,5.740318906605922,0.1421289082004556,22.551252847380407,RB/RCB,79,89,55,86,11,98,100,14,18,27,29,62,57,41,25,16,82,73,75,59,48,46,48,36,52,100,100,100,68,36,29,96,61,23,96,29,93,93,93,93,96,82,89,86,96,50,89,7,96,96,14,18,27,29,64,57,29,21,14,68,54,79,64,50,46,48,36,52,100,100,100,68,36,29,96,61,23,96,29,93,93,100,96,96,93,93,Championship
West Ham United,4txjdaqveermfryvbfrr4taf7,40zl8kgb2t0glvixqhe6fk6qc,D. Mukasa,Divine Mukasa,19.0,Midfielder,England,Midfielder,72.0,99.0,12.0,171.0,3.0,0.0,4.0,6.0,5.0,1.0,2.0,5.0,5.0,18.0,1.0,5.0,399.0,9.0,4.0,3.0,4.0,0.0,0.0,2.0,3.0,0.0,85.93,50.0,0.0,60.0,50.0,41.86,33.33,50.0,0.528852572202895,0.3471915180546742,2.0,10.0,0.26392378,1.0,24.0,28.0,0.5022960599999999,78.0,16.240601503759397,22.330827067669173,2.706766917293233,38.57142857142857,0.6766917293233082,0.0,0.9022556390977444,1.3533834586466165,1.1278195488721805,0.225563909774436,0.4511278195488721,1.1278195488721805,1.1278195488721805,4.060150375939849,0.225563909774436,1.1278195488721805,2.0300751879699246,0.9022556390977444,0.6766917293233082,0.9022556390977444,0.0,0.0,0.4511278195488721,0.6766917293233082,0.0,85.93,50.0,0.0,60.0,50.0,41.86,33.33,50.0,0.1192900538803522,0.078313876252934,0.4511278195488721,2.255639097744361,0.0595316796992481,0.225563909774436,5.413533834586466,6.315789473684211,0.1132998631578947,17.593984962406015,CM/AM,79,69,81,72,42,29,29,51,74,24,51,54,51,51,9,74,53,47,65,58,22,47,90,77,50,77,47,22,85,90,44,36,31,67,38,53,62,62,28,85,87,67,78,82,72,90,77,44,29,23,46,67,15,44,46,46,62,5,74,41,46,64,62,22,47,90,79,50,77,47,22,85,90,44,36,31,62,38,51,72,69,23,92,92,59,85,Championship
West Ham United,4txjdaqveermfryvbfrr4taf7,5l8wtw156meo2vrtrgasif6jt,K. Mavropanos,Konstantinos Mavropanos,28.0,Defender,Greece,Defender,241.0,142.0,30.0,383.0,25.0,0.0,1.0,12.0,12.0,0.0,2.0,0.0,0.0,36.0,30.0,9.0,520.0,15.0,4.0,0.0,5.0,0.0,0.0,3.0,5.0,0.0,89.28,52.63,0.0,0.0,41.67,73.47,73.53,71.43,1.7653610916242948,0.0,0.0,11.0,0.20605862,0.0,40.0,35.0,0.6904391999999998,260.0,41.71153846153846,24.57692307692308,5.1923076923076925,66.28846153846153,4.326923076923077,0.0,0.173076923076923,2.076923076923077,2.076923076923077,0.0,0.3461538461538461,0.0,0.0,6.230769230769231,5.1923076923076925,1.5576923076923077,2.5961538461538463,0.6923076923076923,0.0,0.8653846153846154,0.0,0.0,0.5192307692307693,0.8653846153846154,0.0,89.28,52.63,0.0,0.0,41.67,73.47,73.53,71.43,0.305543265858051,0.0,0.0,1.903846153846154,0.0356639919230769,0.0,6.923076923076923,6.057692307692308,0.1194990923076922,45.0,CB,90,89,98,92,93,45,48,100,100,38,92,18,17,93,54,84,95,64,25,74,36,42,100,100,51,79,84,36,25,85,92,89,58,100,34,43,95,93,37,98,92,90,97,87,92,100,90,90,45,44,100,100,38,89,18,17,82,44,75,92,61,25,70,36,42,100,100,51,79,84,36,25,85,92,89,58,100,34,43,93,93,37,98,95,92,95,Championship
West Ham United,4txjdaqveermfryvbfrr4taf7,6ka58mn83rknx80e4y2jk3949,J. Piroe,Joël Piroe,27.0,Attacker,Suriname,Striker,16.0,52.0,3.0,68.0,3.0,0.0,5.0,11.0,7.0,4.0,1.0,3.0,3.0,9.0,2.0,0.0,353.0,19.0,2.0,1.0,2.0,0.0,0.0,3.0,6.0,0.0,76.4,100.0,0.0,33.33,54.55,37.5,27.27,66.67,1.3386921379390593,0.4168765520891638,2.0,10.0,0.27321639,4.0,10.0,12.0,0.30207521,27.0,4.079320113314448,13.257790368271955,0.764872521246459,17.337110481586404,0.764872521246459,0.0,1.274787535410765,2.8045325779036827,1.7847025495750708,1.019830028328612,0.254957507082153,0.764872521246459,0.764872521246459,2.294617563739377,0.509915014164306,0.0,4.8441926345609065,0.509915014164306,0.254957507082153,0.509915014164306,0.0,0.0,0.764872521246459,1.529745042492918,0.0,76.4,100.0,0.0,33.33,54.55,37.5,27.27,66.67,0.3413096102394202,0.1062858064816565,0.509915014164306,2.54957507082153,0.0696585696883852,1.019830028328612,2.54957507082153,3.059490084985836,0.0770163424929178,6.883852691218131,ST,59,77,77,78,33,33,66,70,49,84,27,27,25,8,31,21,66,25,27,48,28,50,92,88,51,62,95,28,43,82,33,19,66,75,73,56,87,84,85,91,89,70,81,50,78,75,72,30,33,70,72,44,86,25,27,27,8,30,21,61,22,27,48,28,50,91,88,51,62,95,28,43,82,33,19,66,78,70,53,89,86,89,98,91,72,86,Championship
West Ham United,4txjdaqveermfryvbfrr4taf7,6xzgcexqk70l1ps75vs22c9p0,M. Kanté,Mohamadou Kanté,20.0,Midfielder,France,Midfielder,67.0,82.0,5.0,149.0,5.0,0.0,1.0,8.0,5.0,3.0,1.0,3.0,4.0,16.0,4.0,2.0,334.0,11.0,3.0,2.0,5.0,0.0,0.0,2.0,3.0,0.0,88.17,55.56,0.0,66.67,37.5,43.24,55.56,83.33,1.126805892103602,0.0810241732595336,3.0,11.0,0.24213684,1.0,17.0,12.0,0.29087965,71.0,18.05389221556886,22.09580838323353,1.3473053892215567,40.1497005988024,1.3473053892215567,0.0,0.2694610778443114,2.155688622754491,1.3473053892215567,0.8083832335329341,0.2694610778443114,0.8083832335329341,1.0778443113772456,4.311377245508982,1.0778443113772456,0.5389221556886228,2.964071856287425,0.8083832335329341,0.5389221556886228,1.3473053892215567,0.0,0.0,0.5389221556886228,0.8083832335329341,0.0,88.17,55.56,0.0,66.67,37.5,43.24,55.56,83.33,0.3036303302075574,0.0218328610579581,0.8083832335329341,2.964071856287425,0.0652464538922155,0.2694610778443114,4.580838323353293,3.2335329341317363,0.078380744011976,19.131736526946103,DM/CM,28,28,23,33,57,41,11,86,97,68,48,53,57,32,25,17,99,23,57,58,23,47,98,91,51,70,71,23,58,86,11,70,90,100,35,83,82,80,45,59,45,41,46,46,54,28,54,76,41,7,98,100,76,46,57,72,46,22,15,98,24,65,70,23,47,100,100,51,70,71,23,58,86,11,70,90,100,35,93,91,91,48,72,50,46,63,Championship
West Ham United,4txjdaqveermfryvbfrr4taf7,b6woton2db3w4rm67vu69buy2,A. Engels,Arne Engels,23.0,Midfielder,Belgium,Midfielder,118.0,160.0,18.0,266.0,2.0,2.0,16.0,3.0,0.0,3.0,2.0,1.0,1.0,22.0,7.0,5.0,531.0,3.0,11.0,0.0,6.0,12.0,0.0,0.0,0.0,0.0,91.1,66.67,36.36,0.0,0.0,50.0,20.0,66.67,0.1551406593770489,1.827045141561663,2.0,8.0,0.18244338,6.0,36.0,38.0,0.6596922099999998,133.0,20.0,27.11864406779661,3.0508474576271185,45.08474576271186,0.3389830508474576,0.3389830508474576,2.711864406779661,0.5084745762711864,0.0,0.5084745762711864,0.3389830508474576,0.1694915254237288,0.1694915254237288,3.7288135593220337,1.1864406779661016,0.847457627118644,0.5084745762711864,1.8644067796610169,0.0,1.0169491525423728,2.0338983050847457,0.0,0.0,0.0,0.0,91.1,66.67,36.36,0.0,0.0,50.0,20.0,66.67,0.0262950270130591,0.3096686680612988,0.3389830508474576,1.3559322033898304,0.030922606779661,1.0169491525423728,6.101694915254237,6.440677966101695,0.1118122389830508,22.54237288135593,CM/AM,97,95,100,95,29,95,97,23,6,58,51,13,13,77,90,74,15,92,12,78,99,47,27,13,50,97,88,95,12,13,74,19,56,18,100,53,54,49,73,100,96,82,100,92,90,97,92,26,90,100,10,6,49,36,8,8,54,62,59,5,85,12,69,97,47,27,13,50,97,88,95,12,13,74,19,56,15,100,46,38,36,56,97,95,54,95,Championship
West Ham United,4txjdaqveermfryvbfrr4taf7,bh20puvz2w21mnag7ul1g3c9h,J. Veltman,Joël Veltman,34.0,Defender,Netherlands,Defender,59.0,58.0,8.0,116.0,4.0,1.0,3.0,0.0,0.0,0.0,0.0,3.0,4.0,16.0,5.0,7.0,298.0,3.0,3.0,1.0,6.0,1.0,0.0,0.0,0.0,0.0,78.91,50.0,20.0,33.33,0.0,59.26,44.44,75.0,0.0,0.0,0.0,0.0,0.0,0.0,0.0,0.0,0.0,0.0,17.818791946308725,17.516778523489933,2.416107382550336,35.033557046979865,1.2080536912751678,0.3020134228187919,0.906040268456376,0.0,0.0,0.0,0.0,0.906040268456376,1.2080536912751678,4.832214765100671,1.51006711409396,2.114093959731544,0.906040268456376,0.906040268456376,0.3020134228187919,1.812080536912752,0.3020134228187919,0.0,0.0,0.0,0.0,78.91,50.0,20.0,33.33,0.0,59.26,44.44,75.0,0.0,0.0,0.0,0.0,0.0,0.0,0.0,0.0,0.0,0.0,RB/RCB,43,32,55,41,29,80,41,14,18,27,29,36,43,41,11,80,20,54,34,75,48,46,48,36,52,46,70,70,36,36,71,21,71,23,20,29,21,21,23,20,20,20,20,71,64,75,61,57,89,61,14,18,27,29,54,68,64,11,96,25,61,39,96,64,46,48,36,52,46,70,70,36,36,71,21,71,23,20,29,21,21,23,20,20,20,20,Championship
West Ham United,4txjdaqveermfryvbfrr4taf7,bvlwv6fwawqnv446zj516y4no,Pablo,Pablo Felipe Pereira de Jesus,22.0,Attacker,Brazil,Striker,15.0,31.0,2.0,46.0,3.0,0.0,0.0,2.0,2.0,0.0,1.0,2.0,2.0,10.0,0.0,0.0,180.0,5.0,2.0,1.0,4.0,0.0,0.0,0.0,1.0,0.0,85.19,100.0,0.0,50.0,50.0,45.45,37.5,100.0,0.2921822838345991,0.0,0.0,0.0,0.0,0.0,3.0,4.0,0.0571595099999999,13.0,7.5,15.5,1.0,23.0,1.5,0.0,0.0,1.0,1.0,0.0,0.5,1.0,1.0,5.0,0.0,0.0,2.5,1.0,0.5,2.0,0.0,0.0,0.0,0.5,0.0,85.19,100.0,0.0,50.0,50.0,45.45,37.5,100.0,0.1460911419172995,0.0,0.0,0.0,0.0,0.0,1.5,2.0,0.0285797549999999,6.5,ST,52,42,62,46,33,33,4,2,5,13,27,15,14,12,7,21,2,25,27,81,28,50,14,9,51,95,95,28,73,71,57,45,94,14,12,15,10,10,16,53,55,27,48,91,86,88,89,48,33,4,3,14,13,45,35,34,55,7,21,5,44,50,98,28,50,14,16,51,95,95,28,73,71,57,45,94,22,12,15,10,10,16,75,78,42,81,Championship
West Ham United,4txjdaqveermfryvbfrr4taf7,cewu4eas8t4vqw2ade2o5apsk,O. Scarles,Ollie Scarles,20.0,Defender,England,Defender,63.0,129.0,9.0,187.0,2.0,0.0,5.0,0.0,0.0,0.0,0.0,1.0,1.0,17.0,12.0,4.0,435.0,5.0,1.0,1.0,10.0,5.0,1.0,0.0,0.0,0.0,82.02,32.14,26.32,100.0,0.0,54.84,28.57,76.92,0.0,0.4775592731947559,0.0,9.0,0.2574881799999999,4.0,12.0,14.0,0.7795288599999997,72.0,13.03448275862069,26.6896551724138,1.862068965517241,38.689655172413794,0.4137931034482759,0.0,1.0344827586206895,0.0,0.0,0.0,0.0,0.2068965517241379,0.2068965517241379,3.517241379310345,2.4827586206896552,0.8275862068965518,1.0344827586206895,0.2068965517241379,0.2068965517241379,2.0689655172413794,1.0344827586206895,0.2068965517241379,0.0,0.0,0.0,82.02,32.14,26.32,100.0,0.0,54.84,28.57,76.92,0.0,0.0988053668678805,0.0,1.862068965517241,0.0532734165517241,0.8275862068965518,2.4827586206896552,2.896551724137931,0.1612818331034482,14.896551724137932,LB/LCB,58,84,66,76,10,35,53,6,18,23,16,11,11,35,48,39,58,13,31,94,74,95,42,32,52,68,58,61,97,32,35,21,61,26,71,39,81,90,69,65,66,77,74,42,87,58,71,10,35,45,6,18,23,16,10,10,23,39,35,61,13,35,94,65,94,42,32,52,68,58,61,97,32,35,21,61,26,65,39,81,90,74,65,58,74,71,Championship
West Ham United,4txjdaqveermfryvbfrr4taf7,d0sidropcctyrxa1u47xwe590,L. Orford,Lewis Orford,20.0,Midfielder,England,Midfielder,56.0,86.0,10.0,140.0,2.0,0.0,2.0,4.0,1.0,3.0,1.0,0.0,0.0,8.0,2.0,4.0,219.0,1.0,3.0,0.0,2.0,2.0,0.0,0.0,0.0,0.0,85.89,55.56,66.67,0.0,0.0,57.14,0.0,66.67,0.2410129604358659,0.1789904818641067,1.0,4.0,0.08660598,0.0,15.0,16.0,0.3308872599999998,80.0,23.01369863013699,35.34246575342466,4.109589041095891,57.53424657534247,0.8219178082191781,0.0,0.8219178082191781,1.6438356164383563,0.4109589041095891,1.2328767123287672,0.4109589041095891,0.0,0.0,3.2876712328767126,0.8219178082191781,1.6438356164383563,0.4109589041095891,1.2328767123287672,0.0,0.8219178082191781,0.8219178082191781,0.0,0.0,0.0,0.0,85.89,55.56,66.67,0.0,0.0,57.14,0.0,66.67,0.0990464220969312,0.0735577322729205,0.4109589041095891,1.6438356164383563,0.0355914986301369,0.0,6.164383561643836,6.575342465753425,0.1359810657534245,32.87671232876713,DM/CM,23,37,54,28,27,41,28,58,48,68,48,8,8,3,9,35,18,23,14,13,75,47,41,26,51,52,71,88,14,26,71,3,57,61,54,53,50,50,20,52,57,50,63,72,91,98,91,41,41,50,91,67,89,63,8,8,9,13,83,33,52,14,35,87,47,41,26,51,52,71,88,14,26,71,3,57,76,67,65,65,65,20,89,89,80,96,Championship
West Ham United,4txjdaqveermfryvbfrr4taf7,d542ijpf3j9hdrtt1mfe6vwlx,J. Bowen,Jarrod Bowen,29.0,Attacker,England,Striker,42.0,124.0,6.0,152.0,6.0,3.0,23.0,29.0,25.0,4.0,13.0,21.0,23.0,32.0,3.0,7.0,620.0,56.0,8.0,11.0,5.0,14.0,0.0,4.0,10.0,0.0,76.77,54.55,33.33,52.38,34.48,44.44,42.86,71.43,2.799311176162284,2.8081100219898074,9.0,20.0,0.6095125899999999,3.0,18.0,31.0,1.80922584,75.0,6.096774193548387,18.0,0.8709677419354839,22.064516129032256,0.8709677419354839,0.4354838709677419,3.3387096774193545,4.209677419354838,3.629032258064516,0.5806451612903225,1.8870967741935485,3.048387096774193,3.3387096774193545,4.64516129032258,0.4354838709677419,1.0161290322580645,8.129032258064516,1.161290322580645,1.596774193548387,0.7258064516129031,2.032258064516129,0.0,0.5806451612903225,1.4516129032258065,0.0,76.77,54.55,33.33,52.38,34.48,44.44,42.86,71.43,0.406351622346138,0.4076288741598107,1.3064516129032258,2.9032258064516125,0.088477634032258,0.4354838709677419,2.6129032258064515,4.5,0.2626295574193548,10.887096774193548,RW,100,100,95,100,85,100,100,100,100,90,100,90,100,100,55,100,100,85,100,80,100,55,100,100,55,30,80,70,80,60,80,90,100,100,100,90,100,90,45,100,100,100,100,50,90,90,80,80,100,100,90,90,90,100,90,90,80,40,100,100,50,80,50,100,55,90,100,55,30,80,70,80,60,80,90,100,100,100,70,70,60,30,90,100,100,100,Championship
West Ham United,4txjdaqveermfryvbfrr4taf7,f0drogjsrwqv3hyjxuqcnk8vd,M. Solomon,Manor Solomon,27.0,Attacker,Israel,Striker,53.0,148.0,2.0,197.0,0.0,1.0,12.0,11.0,8.0,3.0,4.0,24.0,27.0,38.0,1.0,2.0,547.0,28.0,12.0,16.0,8.0,4.0,0.0,2.0,5.0,0.0,90.37,100.0,21.05,66.67,45.45,57.58,0.0,80.0,1.0821226831981343,1.2239024719317932,4.0,44.0,1.23142385,15.0,15.0,29.0,1.56404551,76.0,8.720292504570384,24.351005484460696,0.3290676416819013,32.41316270566728,0.0,0.1645338208409506,1.974405850091408,1.809872029250457,1.3162705667276051,0.4936014625228519,0.6581352833638026,3.948811700182816,4.442413162705668,6.252285191956124,0.1645338208409506,0.3290676416819013,4.606946983546618,1.974405850091408,2.6325411334552102,1.3162705667276051,0.6581352833638026,0.0,0.3290676416819013,0.8226691042047533,0.0,90.37,100.0,21.05,66.67,45.45,57.58,0.0,80.0,0.1780457796852506,0.2013733500436223,0.6581352833638026,7.239488117001828,0.2026108711151737,2.46800731261426,2.46800731261426,4.7714808043875685,0.2573383837294333,12.504570383912249,LW,100,100,46,100,11,61,96,71,86,50,68,96,100,100,32,75,96,96,100,100,68,54,79,86,54,100,93,57,93,71,100,11,86,86,93,61,100,100,100,100,100,100,100,100,100,29,100,11,43,71,50,79,29,50,64,64,86,21,50,79,71,100,93,50,54,71,71,54,100,93,57,93,71,100,11,86,79,71,57,100,100,100,93,100,100,100,Championship
Wolverhampton Wanderers,b9si1jn1lfxfund69e9ogcu2n,29f3jvukalzylzr19t9phgxgq,Toti Gomes,Tote António Gomes,27.0,Defender,Portugal,Defender,184.0,95.0,14.0,279.0,10.0,0.0,0.0,3.0,3.0,0.0,0.0,0.0,0.0,13.0,17.0,1.0,360.0,7.0,3.0,0.0,0.0,0.0,0.0,0.0,0.0,0.0,91.48,48.28,0.0,0.0,0.0,65.0,66.67,0.0,0.3292194337888555,0.0,0.0,3.0,0.05417292,0.0,8.0,9.0,0.1908737899999999,118.0,46.0,23.75,3.5,69.75,2.5,0.0,0.0,0.75,0.75,0.0,0.0,0.0,0.0,3.25,4.25,0.25,1.75,0.75,0.0,0.0,0.0,0.0,0.0,0.0,0.0,91.48,48.28,0.0,0.0,0.0,65.0,66.67,0.0,0.0823048584472138,0.0,0.0,0.75,0.01354323,0.0,2.0,2.25,0.0477184474999999,29.5,CB,68,74,68,70,39,45,18,52,58,38,30,18,17,18,23,8,71,48,25,4,36,42,42,29,51,89,66,36,25,29,77,75,4,66,34,43,71,67,37,61,61,59,70,95,90,82,93,48,45,18,59,67,38,30,18,17,18,20,8,79,67,25,4,36,42,42,29,51,89,66,36,25,29,77,75,4,72,34,43,74,72,37,64,67,59,85,Championship
Wolverhampton Wanderers,b9si1jn1lfxfund69e9ogcu2n,2apqk2zobhs8ypnaw0bzkch9m,Rodrigo Gomes,Rodrigo Martins Gomes,23.0,Attacker,Portugal,Striker,14.0,43.0,1.0,56.0,2.0,1.0,4.0,7.0,5.0,2.0,0.0,11.0,12.0,16.0,3.0,1.0,339.0,15.0,5.0,6.0,2.0,1.0,0.0,2.0,4.0,0.0,83.58,50.0,14.29,54.55,57.14,47.06,33.33,66.67,0.9556380446647836,0.4125049563273772,1.0,9.0,0.3258017199999999,4.0,7.0,8.0,0.5579044499999999,29.0,3.7168141592920354,11.415929203539823,0.2654867256637168,14.867256637168142,0.5309734513274337,0.2654867256637168,1.0619469026548674,1.8584070796460177,1.327433628318584,0.5309734513274337,0.0,2.920353982300885,3.185840707964602,4.247787610619469,0.7964601769911505,0.2654867256637168,3.982300884955752,1.327433628318584,1.592920353982301,0.5309734513274337,0.2654867256637168,0.0,0.5309734513274337,1.0619469026548674,0.0,83.58,50.0,14.29,54.55,57.14,47.06,33.33,66.67,0.2537092153977301,0.1095145901754098,0.2654867256637168,2.3893805309734515,0.086496031858407,1.0619469026548674,1.8584070796460177,2.1238938053097347,0.1481162256637168,7.699115044247788,RW,20,40,40,40,60,80,40,30,30,50,15,75,80,60,55,55,40,60,80,40,20,55,70,60,55,90,65,30,90,100,90,70,80,60,50,30,50,40,60,80,55,60,55,10,20,40,10,60,90,50,30,30,70,15,80,80,60,60,40,50,60,70,40,20,55,80,70,55,90,65,30,90,100,90,70,80,70,60,30,60,50,80,80,60,60,80,Championship
Wolverhampton Wanderers,b9si1jn1lfxfund69e9ogcu2n,39bcswfqnpa07b4afevezejo4,J. Tchatchoua,Jackson Tchatchoua,24.0,Defender,Cameroon,Defender,67.0,50.0,3.0,111.0,7.0,0.0,3.0,1.0,1.0,0.0,1.0,1.0,2.0,14.0,18.0,4.0,382.0,13.0,2.0,1.0,4.0,6.0,0.0,0.0,0.0,0.0,77.62,23.08,26.09,100.0,0.0,60.87,70.0,100.0,0.1396403619541942,0.2677637080879286,0.0,4.0,0.1742942599999999,4.0,1.0,5.0,0.5781909799999998,49.0,15.785340314136125,11.780104712041885,0.7068062827225131,26.151832460732983,1.649214659685864,0.0,0.7068062827225131,0.2356020942408377,0.2356020942408377,0.0,0.2356020942408377,0.2356020942408377,0.4712041884816754,3.298429319371728,4.240837696335079,0.9424083769633508,3.06282722513089,0.4712041884816754,0.2356020942408377,0.9424083769633508,1.4136125654450262,0.0,0.0,0.0,0.0,77.62,23.08,26.09,100.0,0.0,60.87,70.0,100.0,0.0328995617169567,0.0630856903872083,0.0,0.9424083769633508,0.041064092670157,0.9424083769633508,0.2356020942408377,1.1780104712041886,0.1362230057591622,11.544502617801047,RB/RCB,46,25,14,32,57,34,41,38,46,27,66,12,20,29,75,39,89,32,34,43,98,46,48,36,52,43,7,75,96,36,79,89,98,57,61,29,59,68,71,39,45,71,57,57,14,14,43,64,34,50,36,46,27,64,11,21,32,79,39,96,39,32,46,96,46,48,36,52,43,7,75,96,36,79,89,98,57,68,29,57,79,75,39,43,86,61,Championship
Wolverhampton Wanderers,b9si1jn1lfxfund69e9ogcu2n,5wa8lzp50ccfhxg3j4f65gt79,R. Jiménez,Raúl Jiménez,35.0,Attacker,Mexico,Striker,17.0,31.0,3.0,48.0,12.0,1.0,5.0,13.0,8.0,5.0,3.0,4.0,4.0,28.0,2.0,0.0,323.0,18.0,9.0,1.0,2.0,0.0,1.0,2.0,3.0,0.0,60.0,33.33,0.0,25.0,23.08,53.85,52.17,33.33,0.9047253263963324,0.5035849837081765,3.0,3.0,0.18406095,1.0,3.0,4.0,0.2752386299999995,18.0,4.7368421052631575,8.637770897832818,0.8359133126934984,13.374613003095975,3.343653250773994,0.2786377708978328,1.393188854489164,3.622291021671826,2.2291021671826625,1.393188854489164,0.8359133126934984,1.1145510835913313,1.1145510835913313,7.801857585139318,0.5572755417956656,0.0,5.015479876160991,2.5077399380804954,0.2786377708978328,0.5572755417956656,0.0,0.2786377708978328,0.5572755417956656,0.8359133126934984,0.0,60.0,33.33,0.0,25.0,23.08,53.85,52.17,33.33,0.2520906482218882,0.1403177973180677,0.8359133126934984,0.8359133126934984,0.0512863328173374,0.2786377708978328,0.8359133126934984,1.1145510835913313,0.0766918783281732,5.015479876160991,ST,67,42,77,48,77,80,66,80,62,92,62,35,33,86,31,21,58,91,27,48,28,100,76,40,51,19,45,28,30,16,89,88,25,52,80,69,47,70,45,53,55,67,67,64,53,83,56,75,86,75,80,64,94,70,39,39,86,33,21,69,95,28,50,28,100,75,45,51,19,45,28,30,16,89,88,25,50,84,78,50,70,47,56,47,70,70,Championship
Wolverhampton Wanderers,b9si1jn1lfxfund69e9ogcu2n,8qmm84tue6kuz8e5nhhdhmz8p,M. Munetsi,Marshall Munetsi,30.0,Midfielder,Zimbabwe,Midfielder,32.0,25.0,2.0,57.0,6.0,0.0,4.0,8.0,4.0,4.0,2.0,6.0,6.0,19.0,14.0,2.0,367.0,16.0,3.0,2.0,3.0,0.0,1.0,2.0,3.0,0.0,72.15,40.0,0.0,33.33,37.5,47.5,60.0,37.5,1.131631561420103,0.2627360113641974,1.0,1.0,0.0241224,0.0,2.0,2.0,0.2013040799999998,25.0,7.84741144414169,6.130790190735695,0.4904632152588556,13.978201634877385,1.471389645776567,0.0,0.9809264305177112,1.9618528610354224,0.9809264305177112,0.9809264305177112,0.4904632152588556,1.471389645776567,1.471389645776567,4.659400544959128,3.433242506811989,0.4904632152588556,3.923705722070845,0.7356948228882835,0.4904632152588556,0.7356948228882835,0.0,0.2452316076294278,0.4904632152588556,0.7356948228882835,0.0,72.15,40.0,0.0,33.33,37.5,47.5,60.0,37.5,0.2775118270512514,0.0644311744489857,0.2452316076294278,0.2452316076294278,0.0059155749318801,0.0,0.4904632152588556,0.4904632152588556,0.0493661231607629,6.130790190735695,CM/AM,36,5,24,10,92,29,29,69,68,74,51,65,60,56,100,45,77,36,49,42,22,97,90,77,50,5,26,22,38,77,64,85,14,87,28,36,18,18,10,15,13,18,23,26,3,23,3,85,29,33,69,62,74,49,67,59,77,100,44,90,33,46,44,22,97,97,85,50,5,26,22,38,77,64,85,14,97,33,36,15,15,10,13,13,21,15,Championship
Wolverhampton Wanderers,b9si1jn1lfxfund69e9ogcu2n,970owquiv1ukwfm4fn89gc7pw,Mateus Mané,Mateus Mané,18.0,Attacker,Portugal,Striker,20.0,44.0,3.0,59.0,1.0,0.0,10.0,15.0,10.0,5.0,7.0,23.0,24.0,24.0,1.0,1.0,335.0,20.0,10.0,8.0,3.0,5.0,0.0,0.0,4.0,0.0,74.68,60.0,25.0,34.78,26.67,42.86,16.67,60.0,0.9306844228477472,0.9496954159111646,9.0,14.0,0.40153741,4.0,4.0,8.0,0.47516901,21.0,5.3731343283582085,11.82089552238806,0.8059701492537313,15.850746268656716,0.2686567164179104,0.0,2.686567164179104,4.029850746268656,2.686567164179104,1.343283582089552,1.880597014925373,6.17910447761194,6.447761194029851,6.447761194029851,0.2686567164179104,0.2686567164179104,5.3731343283582085,2.686567164179104,2.149253731343284,0.8059701492537313,1.343283582089552,0.0,0.0,1.0746268656716418,0.0,74.68,60.0,25.0,34.78,26.67,42.86,16.67,60.0,0.2500346210635739,0.2551420520358352,2.417910447761194,3.761194029850746,0.1078757220895522,1.0746268656716418,1.0746268656716418,2.149253731343284,0.1276573459701492,5.641791044776119,LW,43,29,75,36,39,18,79,93,100,79,96,86,79,75,32,43,61,79,75,71,86,54,25,68,54,21,50,64,43,36,68,29,64,79,79,100,71,79,68,71,68,79,50,43,21,64,21,36,18,86,100,100,71,100,100,93,93,36,36,93,93,86,71,86,54,25,93,54,21,50,64,43,36,68,29,64,100,93,100,79,79,71,79,86,86,64,Championship
Wolverhampton Wanderers,b9si1jn1lfxfund69e9ogcu2n,9g4ojrys88awchyj6zgmd6oes,Fer López,Fer López,22.0,Midfielder,Spain,Midfielder,98.0,126.0,7.0,222.0,4.0,2.0,10.0,14.0,7.0,7.0,2.0,13.0,14.0,37.0,4.0,1.0,450.0,13.0,10.0,9.0,5.0,2.0,0.0,3.0,6.0,0.0,87.75,50.0,28.57,69.23,42.86,72.55,57.14,35.71,1.399434851666162,0.9082929073090518,4.0,34.0,0.8500780099999999,13.0,23.0,28.0,0.7849170399999996,96.0,19.6,25.2,1.4,44.4,0.8,0.4,2.0,2.8,1.4,1.4,0.4,2.6,2.8,7.4,0.8,0.2,2.6,2.0,1.8,1.0,0.4,0.0,0.6,1.2,0.0,87.75,50.0,28.57,69.23,42.86,72.55,57.14,35.71,0.2798869703332324,0.1816585814618103,0.8,6.8,0.170015602,2.6,4.6,5.6,0.1569834079999999,19.2,RM/RCM,100,94,76,94,68,97,94,88,85,100,62,76,79,94,47,9,74,94,100,41,50,53,100,94,53,100,88,71,100,53,100,82,12,94,82,79,100,100,97,88,82,65,94,100,94,82,100,59,94,76,82,82,100,59,59,59,82,41,6,53,82,76,32,47,53,100,94,53,100,88,71,100,53,100,82,12,94,71,82,100,100,100,94,94,76,100,Championship
Wolverhampton Wanderers,b9si1jn1lfxfund69e9ogcu2n,bgsz3d0fmlaw8003dn66i4m0a,André,André Trindade da Costa Neto,25.0,Midfielder,Brazil,Midfielder,100.0,89.0,13.0,189.0,3.0,2.0,7.0,3.0,3.0,0.0,2.0,6.0,6.0,24.0,6.0,5.0,409.0,4.0,5.0,1.0,10.0,0.0,0.0,0.0,0.0,0.0,90.87,72.22,0.0,16.67,0.0,48.98,42.86,66.67,0.3292004551062103,0.4430490441564758,1.0,4.0,0.1251434199999999,1.0,27.0,19.0,0.4172290599999997,94.0,22.004889975550125,19.58435207823961,2.860635696821516,41.58924205378973,0.6601466992665037,0.4400977995110025,1.5403422982885089,0.6601466992665037,0.6601466992665037,0.0,0.4400977995110025,1.3202933985330074,1.3202933985330074,5.28117359413203,1.3202933985330074,1.1002444987775062,0.880195599022005,1.1002444987775062,0.2200488997555012,2.2004889975550124,0.0,0.0,0.0,0.0,0.0,90.87,72.22,0.0,16.67,0.0,48.98,42.86,66.67,0.0724401979451318,0.0974924547043589,0.2200488997555012,0.880195599022005,0.0275376718826405,0.2200488997555012,5.941320293398533,4.180929095354523,0.0918107955990219,20.68459657701712,DM/CM,59,39,74,50,39,98,80,48,83,9,67,82,79,59,38,47,59,45,39,96,23,47,41,26,51,83,88,23,29,26,26,41,57,65,76,53,50,57,45,83,62,57,65,67,35,78,57,37,100,80,41,89,9,70,83,80,72,37,50,63,41,35,96,23,47,41,26,51,83,88,23,29,26,26,41,57,63,72,52,43,57,43,87,67,57,70,Championship
Wolverhampton Wanderers,b9si1jn1lfxfund69e9ogcu2n,dusjrdiyxfadenwx4pjr7catx,A. Armstrong,Adam Armstrong,29.0,Attacker,England,Striker,10.0,19.0,2.0,29.0,2.0,0.0,2.0,6.0,5.0,1.0,3.0,7.0,7.0,4.0,0.0,0.0,247.0,9.0,0.0,2.0,0.0,0.0,0.0,1.0,1.0,0.0,78.38,50.0,0.0,28.57,16.67,16.67,22.22,0.0,0.8408131873776855,0.1072842220810759,0.0,2.0,0.04797389,0.0,1.0,1.0,0.0408161399999996,7.0,3.643724696356276,6.923076923076923,0.728744939271255,10.566801619433198,0.728744939271255,0.0,0.728744939271255,2.1862348178137654,1.8218623481781373,0.3643724696356275,1.0931174089068827,2.5506072874493926,2.5506072874493926,1.45748987854251,0.0,0.0,3.279352226720648,0.0,0.728744939271255,0.0,0.0,0.0,0.3643724696356275,0.3643724696356275,0.0,78.38,50.0,0.0,28.57,16.67,16.67,22.22,0.0,0.3063691775870109,0.0390914169526187,0.0,0.728744939271255,0.0174803647773279,0.0,0.3643724696356275,0.3643724696356275,0.0148722777327933,2.5506072874493926,ST,26,20,62,20,22,33,23,18,26,33,62,63,59,2,7,21,9,5,52,9,28,50,45,9,51,78,62,28,34,12,2,9,9,47,28,15,38,36,16,26,23,23,24,42,36,72,41,28,33,27,44,48,39,81,73,73,3,7,21,25,5,61,9,28,50,61,9,51,78,62,28,34,12,2,9,9,72,31,15,48,39,16,27,27,22,28,Championship
Wolverhampton Wanderers,b9si1jn1lfxfund69e9ogcu2n,ecowfx5iwg3lw9pn3x7tn1gr8,N. Djiga,Nasser Djiga,23.0,Defender,Burkina Faso,Defender,167.0,39.0,7.0,206.0,11.0,0.0,0.0,0.0,0.0,0.0,0.0,2.0,2.0,17.0,33.0,4.0,360.0,1.0,2.0,2.0,2.0,0.0,0.0,0.0,0.0,0.0,92.79,46.67,0.0,100.0,0.0,77.27,73.33,100.0,0.0,0.0,0.0,0.0,0.0,0.0,0.0,0.0,0.0,0.0,41.75,9.75,1.75,51.5,2.75,0.0,0.0,0.0,0.0,0.0,0.0,0.5,0.5,4.25,8.25,1.0,0.25,0.5,0.5,0.5,0.0,0.0,0.0,0.0,0.0,92.79,46.67,0.0,100.0,0.0,77.27,73.33,100.0,0.0,0.0,0.0,0.0,0.0,0.0,0.0,0.0,0.0,0.0,CB,59,30,27,49,46,45,18,6,8,38,30,65,65,30,68,36,7,34,77,28,36,42,42,29,51,93,57,36,92,29,95,87,94,20,34,43,25,25,37,20,21,20,20,89,23,31,67,57,45,18,6,8,38,30,71,71,41,89,48,8,38,89,34,36,42,42,29,51,93,57,36,92,29,95,87,94,20,34,43,25,25,37,20,21,20,20,Championship
Wolverhampton Wanderers,b9si1jn1lfxfund69e9ogcu2n,f1lellpt59ka10kyngi7vsqy2,Hugo Bueno,Hugo Bueno,23.0,Defender,Spain,Defender,78.0,72.0,6.0,144.0,2.0,0.0,7.0,2.0,2.0,0.0,1.0,12.0,14.0,15.0,5.0,5.0,355.0,3.0,3.0,6.0,2.0,6.0,0.0,0.0,0.0,0.0,83.24,30.0,33.33,50.0,0.0,37.5,22.22,50.0,0.1134253213035088,0.6141678902416724,1.0,11.0,0.24645599,4.0,15.0,14.0,0.78491415,77.0,19.774647887323944,18.253521126760564,1.5211267605633805,36.50704225352113,0.5070422535211268,0.0,1.7746478873239435,0.5070422535211268,0.5070422535211268,0.0,0.2535211267605634,3.0422535211267605,3.549295774647887,3.8028169014084505,1.2676056338028168,1.2676056338028168,0.7605633802816901,0.7605633802816901,1.5211267605633805,0.5070422535211268,1.5211267605633805,0.0,0.0,0.0,0.0,83.24,30.0,33.33,50.0,0.0,37.5,22.22,50.0,0.0287557152600444,0.1557045355542268,0.2535211267605634,2.788732394366197,0.0624818002816901,1.0140845070422535,3.8028169014084505,3.549295774647887,0.1989923197183098,19.52112676056338,LB/LCB,61,45,50,55,10,35,79,45,63,23,52,98,100,24,10,56,32,32,95,16,84,45,42,32,52,77,48,85,52,32,10,8,27,65,77,84,90,84,69,74,66,81,77,77,55,52,61,16,35,81,48,71,23,55,97,97,32,10,77,35,32,97,16,87,45,42,32,52,77,48,85,52,32,10,8,27,65,81,87,94,94,87,87,71,87,77,Championship
Wrexham,206vnsjv8ho5kpf88y0u2gaic,17bkqk555bqa8e923cvnt9iw9,C. O'Hare,Callum O'Hare,28.0,Midfielder,England,Midfielder,50.0,72.0,3.0,122.0,9.0,0.0,4.0,7.0,7.0,0.0,2.0,11.0,13.0,36.0,5.0,1.0,483.0,19.0,15.0,6.0,4.0,0.0,0.0,1.0,1.0,0.0,77.71,60.0,0.0,54.55,14.29,56.25,69.23,66.67,0.8602311101768905,0.3077048908667247,2.0,14.0,0.40268747,6.0,5.0,10.0,0.2935451899999999,45.0,9.316770186335404,13.416149068322982,0.5590062111801243,22.732919254658388,1.6770186335403727,0.0,0.7453416149068324,1.3043478260869563,1.3043478260869563,0.0,0.3726708074534162,2.049689440993789,2.4223602484472053,6.708074534161491,0.9316770186335404,0.1863354037267081,3.5403726708074537,2.7950310559006213,1.1180124223602486,0.7453416149068324,0.0,0.0,0.1863354037267081,0.1863354037267081,0.0,77.71,60.0,0.0,54.55,14.29,56.25,69.23,66.67,0.1602915112130851,0.0573363150683338,0.3726708074534162,2.608695652173913,0.0750349322981366,1.1180124223602486,0.9316770186335404,1.863354037267081,0.0546978614906832,8.385093167701864,CM/AM,54,38,35,49,100,29,29,60,82,6,51,86,87,97,60,28,83,100,91,58,22,47,67,40,50,21,79,22,79,33,92,92,56,74,36,53,83,87,73,28,45,33,44,36,18,26,26,92,29,13,44,74,6,38,77,82,95,41,23,82,95,87,46,22,47,64,28,50,21,79,22,79,33,92,92,56,74,28,49,85,85,64,23,26,26,28,Championship
Wrexham,206vnsjv8ho5kpf88y0u2gaic,1dtqtpia68f64f7bqlmiyps5x,M. James,Matty James,35.0,Midfielder,England,Midfielder,126.0,94.0,12.0,216.0,4.0,0.0,4.0,2.0,2.0,0.0,0.0,6.0,6.0,16.0,3.0,4.0,380.0,3.0,5.0,4.0,3.0,4.0,0.0,0.0,1.0,0.0,88.16,50.0,20.0,66.67,50.0,55.17,66.67,100.0,0.1854389825406249,0.4923483377724202,0.0,6.0,0.11824798,2.0,16.0,14.0,0.5990280199999997,101.0,29.84210526315789,22.26315789473684,2.8421052631578947,51.1578947368421,0.9473684210526316,0.0,0.9473684210526316,0.4736842105263157,0.4736842105263157,0.0,0.0,1.4210526315789471,1.4210526315789471,3.789473684210526,0.7105263157894737,0.9473684210526316,0.7105263157894737,1.1842105263157894,0.9473684210526316,0.7105263157894737,0.9473684210526316,0.0,0.0,0.2368421052631578,0.0,88.16,50.0,20.0,66.67,50.0,55.17,66.67,100.0,0.0439197590227795,0.1166088168408363,0.0,1.4210526315789471,0.0280061005263157,0.4736842105263157,3.789473684210526,3.3157894736842106,0.1418750573684209,23.921052631578945,DM/CM,76,47,66,61,50,41,58,32,70,9,20,82,79,32,15,35,46,45,80,27,88,47,41,63,51,67,54,57,58,96,61,79,100,54,80,23,57,52,57,57,54,78,72,100,57,76,72,48,41,61,30,76,9,20,87,85,24,11,40,48,48,85,24,91,47,41,67,51,67,54,57,58,96,61,79,100,46,78,23,63,59,54,59,54,87,83,Championship
Wrexham,206vnsjv8ho5kpf88y0u2gaic,1eyn7y8mz9lzdoo33gcgy32p6,M. Cleworth,Max Cleworth,24.0,Defender,England,Defender,79.0,36.0,9.0,115.0,9.0,0.0,3.0,2.0,2.0,0.0,0.0,1.0,1.0,13.0,19.0,5.0,211.0,6.0,0.0,1.0,2.0,0.0,0.0,0.0,0.0,0.0,87.12,50.0,0.0,100.0,0.0,50.0,50.0,66.67,0.0,0.0,0.0,0.0,0.0,0.0,0.0,0.0,0.0,0.0,33.69668246445497,15.355450236966824,3.838862559241706,49.0521327014218,3.838862559241706,0.0,1.2796208530805686,0.8530805687203791,0.8530805687203791,0.0,0.0,0.4265402843601895,0.4265402843601895,5.545023696682464,8.104265402843602,2.132701421800948,2.559241706161137,0.0,0.4265402843601895,0.8530805687203791,0.0,0.0,0.0,0.0,0.0,87.12,50.0,0.0,100.0,0.0,50.0,50.0,66.67,0.0,0.0,0.0,0.0,0.0,0.0,0.0,0.0,0.0,0.0,RB/RCB,61,18,70,36,68,34,41,55,70,27,29,12,11,18,79,54,43,9,34,14,16,46,48,36,52,79,70,16,96,36,39,36,50,23,20,29,21,21,23,20,20,20,20,93,50,96,86,96,34,86,82,93,27,29,25,18,82,96,100,89,9,50,32,16,46,48,36,52,79,70,16,96,36,39,36,50,23,20,29,21,21,23,20,20,20,20,Championship
Wrexham,206vnsjv8ho5kpf88y0u2gaic,2p70qo9oxplufwnhlrl2b8v3e,I. Kaboré,Issa Kaboré,25.0,Defender,Burkina Faso,Defender,34.0,31.0,7.0,62.0,1.0,1.0,5.0,1.0,1.0,0.0,0.0,3.0,4.0,11.0,2.0,2.0,227.0,4.0,4.0,2.0,3.0,3.0,0.0,0.0,0.0,0.0,74.7,63.64,20.0,66.67,0.0,73.33,50.0,75.0,0.0,0.0,0.0,0.0,0.0,0.0,0.0,0.0,0.0,0.0,13.480176211453744,12.290748898678414,2.775330396475771,24.58149779735683,0.3964757709251101,0.3964757709251101,1.9823788546255507,0.3964757709251101,0.3964757709251101,0.0,0.0,1.1894273127753303,1.5859030837004406,4.361233480176211,0.7929515418502203,0.7929515418502203,1.5859030837004406,1.5859030837004406,0.7929515418502203,1.1894273127753303,1.1894273127753303,0.0,0.0,0.0,0.0,74.7,63.64,20.0,66.67,0.0,73.33,50.0,75.0,0.0,0.0,0.0,0.0,0.0,0.0,0.0,0.0,0.0,0.0,RB/RCB,18,11,41,11,4,80,82,38,46,27,29,36,43,5,4,16,27,73,55,29,75,46,48,36,52,18,93,70,82,36,100,36,71,23,20,29,21,21,23,20,20,20,20,43,29,86,29,4,93,100,50,64,27,29,71,79,50,4,32,61,93,86,71,93,46,48,36,52,18,93,70,82,36,100,36,71,23,20,29,21,21,23,20,20,20,20,Championship
Wrexham,206vnsjv8ho5kpf88y0u2gaic,4hfq1ngrroah5xew91woxg07o,J. Ekomié,Jacques Ekomié,23.0,Defender,Gabon,Defender,33.0,38.0,1.0,69.0,13.0,0.0,1.0,2.0,2.0,0.0,0.0,6.0,6.0,37.0,6.0,3.0,350.0,6.0,8.0,2.0,8.0,2.0,1.0,2.0,2.0,0.0,70.41,11.11,12.5,33.33,100.0,66.07,68.42,57.14,0.0,0.0,0.0,0.0,0.0,0.0,0.0,0.0,0.0,0.0,8.485714285714286,9.771428571428572,0.2571428571428572,17.742857142857144,3.342857142857143,0.0,0.2571428571428572,0.5142857142857143,0.5142857142857143,0.0,0.0,1.542857142857143,1.542857142857143,9.514285714285714,1.542857142857143,0.7714285714285715,1.542857142857143,2.0571428571428574,0.5142857142857143,2.0571428571428574,0.5142857142857143,0.2571428571428572,0.5142857142857143,0.5142857142857143,0.0,70.41,11.11,12.5,33.33,100.0,66.07,68.42,57.14,0.0,0.0,0.0,0.0,0.0,0.0,0.0,0.0,0.0,0.0,LB/LCB,18,16,8,19,84,35,8,45,63,23,16,68,66,90,13,23,68,84,55,84,32,95,98,89,52,16,8,24,27,100,87,87,45,26,23,39,23,23,24,23,23,23,23,6,10,3,10,87,35,10,52,74,23,16,74,71,97,16,26,77,94,58,90,39,97,100,97,52,16,8,24,27,100,87,87,45,26,23,39,23,23,24,23,23,23,23,Championship
Wrexham,206vnsjv8ho5kpf88y0u2gaic,5kyyaapya2gv5awlfgckmwpux,S. Smith,Sam Smith,28.0,Attacker,England,Striker,9.0,16.0,0.0,25.0,14.0,0.0,1.0,4.0,4.0,0.0,0.0,2.0,2.0,22.0,3.0,1.0,241.0,8.0,6.0,2.0,0.0,0.0,0.0,0.0,2.0,0.0,54.35,0.0,0.0,100.0,50.0,48.89,50.0,0.0,0.5040548815023929,0.0941481685582187,1.0,1.0,0.02855202,0.0,0.0,2.0,0.0407549299999998,7.0,3.3609958506224067,5.975103734439834,0.0,9.33609958506224,5.228215767634855,0.0,0.3734439834024896,1.4937759336099583,1.4937759336099583,0.0,0.0,0.7468879668049793,0.7468879668049793,8.215767634854773,1.120331950207469,0.3734439834024896,2.987551867219917,2.240663900414938,0.7468879668049793,0.0,0.0,0.0,0.0,0.7468879668049793,0.0,54.35,0.0,0.0,100.0,50.0,48.89,50.0,0.0,0.1882362628017234,0.0351590670964302,0.3734439834024896,0.3734439834024896,0.0106625800829875,0.0,0.0,0.7468879668049793,0.0152196834024895,2.6141078838174274,ST,19,9,16,12,80,33,14,6,17,13,5,15,14,62,46,57,5,70,52,9,28,50,14,21,51,12,16,28,99,71,72,77,9,25,25,41,26,23,16,9,33,22,24,38,25,16,27,91,33,16,9,36,13,5,23,23,92,66,70,19,84,64,9,28,50,14,33,51,12,16,28,99,71,72,77,9,36,27,48,28,28,16,9,41,23,30,Championship
Wrexham,206vnsjv8ho5kpf88y0u2gaic,5qg6b0sveb6kntieerdyhjgt1,B. Whiteman,Benjamin Whiteman,30.0,Midfielder,England,Midfielder,182.0,161.0,11.0,342.0,8.0,0.0,1.0,6.0,2.0,4.0,4.0,2.0,2.0,20.0,9.0,6.0,563.0,2.0,2.0,2.0,2.0,1.0,0.0,0.0,0.0,0.0,88.6,39.29,14.29,100.0,0.0,46.51,53.33,25.0,0.464109067204338,0.0751298306125745,3.0,7.0,0.15968297,3.0,21.0,20.0,0.5138618900000002,134.0,29.09413854351688,25.737122557726465,1.758436944937833,54.671403197158085,1.2788632326820604,0.0,0.1598579040852575,0.9591474245115452,0.3197158081705151,0.6394316163410302,0.6394316163410302,0.3197158081705151,0.3197158081705151,3.197158081705151,1.438721136767318,0.9591474245115452,0.3197158081705151,0.3197158081705151,0.3197158081705151,0.3197158081705151,0.1598579040852575,0.0,0.0,0.0,0.0,88.6,39.29,14.29,100.0,0.0,46.51,53.33,25.0,0.0741915027502494,0.0120100972560065,0.4795737122557726,1.119005328596803,0.025526584902309,0.4795737122557726,3.3570159857904085,3.197158081705151,0.0821448847246891,21.42095914742451,DM/CM,98,85,60,96,83,41,11,67,70,78,92,40,39,42,63,59,32,14,57,13,58,47,41,26,51,72,30,49,90,26,17,66,8,74,33,83,64,61,70,72,65,67,87,93,70,41,83,67,41,4,57,52,63,89,24,22,7,41,43,22,11,41,4,50,47,41,26,51,72,30,49,90,26,17,66,8,67,30,74,54,52,57,52,48,48,72,Championship
Wrexham,206vnsjv8ho5kpf88y0u2gaic,6kcz7wxabmd0c0se921y5tm5m,D. Imray,Danny Imray,23.0,Defender,England,Defender,32.0,40.0,4.0,66.0,4.0,2.0,5.0,8.0,6.0,2.0,2.0,15.0,15.0,12.0,4.0,3.0,376.0,20.0,2.0,3.0,2.0,6.0,0.0,1.0,3.0,0.0,70.97,36.36,46.15,20.0,37.5,32.43,57.14,66.67,0.8168791056858251,0.5328208364543828,3.0,5.0,0.20481932,2.0,3.0,4.0,0.4841893899999999,21.0,7.659574468085106,9.574468085106382,0.9574468085106382,15.797872340425531,0.9574468085106382,0.4787234042553191,1.1968085106382975,1.9148936170212765,1.4361702127659577,0.4787234042553191,0.4787234042553191,3.590425531914893,3.590425531914893,2.872340425531915,0.9574468085106382,0.7180851063829787,4.787234042553191,0.4787234042553191,0.7180851063829787,0.4787234042553191,1.4361702127659577,0.0,0.2393617021276595,0.7180851063829787,0.0,70.97,36.36,46.15,20.0,37.5,32.43,57.14,66.67,0.1955295731694794,0.1275369023428044,0.7180851063829787,1.1968085106382975,0.0490259010638297,0.4787234042553191,0.7180851063829787,0.9574468085106382,0.1158963965425531,5.026595744680851,RB/RCB,11,21,21,14,29,98,82,93,98,82,86,93,93,11,7,30,100,32,75,14,98,46,98,98,52,11,29,96,29,96,4,59,50,96,89,86,66,82,52,45,39,61,46,11,11,21,11,32,100,82,100,100,82,96,100,100,14,7,29,100,43,82,11,100,46,100,100,52,11,29,96,29,96,4,59,50,96,100,96,71,89,50,43,39,61,39,Championship
Wrexham,206vnsjv8ho5kpf88y0u2gaic,7fpcipp26a9fqes841ad7lh3p,N. Broadhead,Nathan Broadhead,28.0,Attacker,Wales,Striker,23.0,32.0,1.0,54.0,1.0,0.0,4.0,4.0,1.0,3.0,1.0,10.0,11.0,11.0,0.0,2.0,220.0,5.0,2.0,4.0,2.0,1.0,0.0,0.0,1.0,0.0,83.08,50.0,100.0,40.0,25.0,50.0,50.0,50.0,0.3874104220050536,0.3965463825886267,3.0,5.0,0.15038408,2.0,4.0,3.0,0.52158387,16.0,9.409090909090908,13.09090909090909,0.409090909090909,22.09090909090909,0.409090909090909,0.0,1.6363636363636362,1.6363636363636362,0.409090909090909,1.227272727272727,0.409090909090909,4.090909090909091,4.5,4.5,0.0,0.8181818181818181,2.0454545454545454,0.8181818181818181,1.6363636363636362,0.8181818181818181,0.409090909090909,0.0,0.0,0.409090909090909,0.0,83.08,50.0,100.0,40.0,25.0,50.0,50.0,50.0,0.1584860817293401,0.1622235201498927,1.227272727272727,2.0454545454545454,0.0615207599999999,0.8181818181818181,1.6363636363636362,1.227272727272727,0.2133752195454545,6.545454545454545,ST,81,47,42,59,9,33,47,6,2,73,27,82,80,17,7,81,2,25,80,48,66,50,14,9,51,91,62,100,56,22,77,77,40,19,70,69,65,58,62,67,45,81,58,95,77,52,84,14,33,86,19,2,89,39,86,90,38,7,89,2,35,89,67,77,50,14,12,51,91,62,100,56,22,77,77,40,27,91,91,83,78,83,81,54,100,83,Championship
Wrexham,206vnsjv8ho5kpf88y0u2gaic,7ybjr8x5s8j4zj17p544h6rmy,G. Thomason,George Thomason,25.0,Midfielder,England,Midfielder,19.0,37.0,4.0,56.0,1.0,0.0,2.0,3.0,2.0,1.0,1.0,3.0,3.0,6.0,6.0,1.0,179.0,5.0,1.0,0.0,4.0,0.0,0.0,0.0,0.0,0.0,81.16,40.0,0.0,0.0,0.0,37.5,33.33,100.0,0.2451415362978954,0.1871553155504808,1.0,0.0,0.0,0.0,2.0,6.0,0.2765061599999999,23.0,9.553072625698324,18.60335195530726,2.011173184357542,28.156424581005584,0.5027932960893855,0.0,1.005586592178771,1.5083798882681565,1.005586592178771,0.5027932960893855,0.5027932960893855,1.5083798882681565,1.5083798882681565,3.016759776536313,3.016759776536313,0.5027932960893855,2.5139664804469275,0.5027932960893855,0.0,2.011173184357542,0.0,0.0,0.0,0.0,0.0,81.16,40.0,0.0,0.0,0.0,37.5,33.33,100.0,0.1232555210436345,0.0941004379862752,0.5027932960893855,0.0,0.0,0.0,1.005586592178771,3.016759776536313,0.1390254435754189,11.564245810055866,LM/LCM,33,22,44,22,39,39,22,22,22,28,28,28,22,17,67,33,22,11,11,61,11,50,28,11,56,67,44,11,11,11,22,72,100,22,22,28,17,17,17,33,33,33,33,89,44,89,78,78,39,44,56,56,44,50,56,56,22,89,33,56,11,11,89,11,50,28,11,56,67,44,11,11,11,22,72,100,33,44,44,17,17,17,50,67,44,78,Championship
Wrexham,206vnsjv8ho5kpf88y0u2gaic,8aykdj591lych7ifwry8pqxg5,D. Hyam,Dominic Hyam,30.0,Defender,Scotland,Defender,226.0,52.0,19.0,278.0,15.0,0.0,0.0,3.0,3.0,0.0,1.0,0.0,0.0,27.0,43.0,8.0,563.0,3.0,7.0,0.0,1.0,0.0,0.0,0.0,0.0,0.0,88.82,51.35,0.0,0.0,0.0,50.94,45.45,20.0,0.2405100891284107,0.0,0.0,0.0,0.0,0.0,4.0,3.0,0.12255832,121.0,36.12788632326821,8.312611012433393,3.0373001776198936,44.4404973357016,2.397868561278864,0.0,0.0,0.4795737122557726,0.4795737122557726,0.0,0.1598579040852575,0.0,0.0,4.316163410301954,6.873889875666075,1.2788632326820604,0.4795737122557726,1.119005328596803,0.0,0.1598579040852575,0.0,0.0,0.0,0.0,0.0,88.82,51.35,0.0,0.0,0.0,50.94,45.45,20.0,0.0384474387594262,0.0,0.0,0.0,0.0,0.0,0.6394316163410302,0.4795737122557726,0.0195919161634103,19.342806394316163,CB,87,41,82,69,65,45,18,52,58,38,72,18,17,62,84,77,26,90,25,13,36,42,42,29,51,74,82,36,25,29,18,15,9,56,34,43,25,25,37,46,44,49,72,69,16,72,56,44,45,18,38,43,38,70,18,17,44,75,64,16,84,25,8,36,42,42,29,51,74,82,36,25,29,18,15,9,54,34,43,25,25,37,43,43,46,67,Championship
Wrexham,206vnsjv8ho5kpf88y0u2gaic,dcq0nu7mmecab5djjwg0n8ktm,L. O'Brien,Lewis O'Brien,27.0,Midfielder,England,Midfielder,107.0,140.0,7.0,241.0,5.0,1.0,6.0,3.0,3.0,0.0,1.0,3.0,3.0,22.0,6.0,7.0,507.0,9.0,8.0,1.0,5.0,6.0,0.0,0.0,0.0,0.0,88.28,58.33,24.0,33.33,0.0,50.0,50.0,62.5,0.38089604470904,0.7789352124993645,0.0,13.0,0.29390611,5.0,24.0,19.0,0.53796093,94.0,18.99408284023669,24.85207100591716,1.242603550295858,42.781065088757394,0.8875739644970414,0.1775147928994082,1.0650887573964496,0.5325443786982248,0.5325443786982248,0.0,0.1775147928994082,0.5325443786982248,0.5325443786982248,3.9053254437869818,1.0650887573964496,1.242603550295858,1.5976331360946745,1.4201183431952662,0.1775147928994082,0.8875739644970414,1.0650887573964496,0.0,0.0,0.0,0.0,88.28,58.33,24.0,33.33,0.0,50.0,50.0,62.5,0.0676146824927289,0.1382725229288812,0.0,2.3076923076923075,0.0521726822485207,0.8875739644970414,4.260355029585798,3.3727810650887573,0.095496023076923,16.686390532544376,CM/AM,95,92,60,92,83,74,63,23,51,6,24,32,32,77,77,97,53,76,31,71,87,47,27,13,50,87,71,74,38,13,74,74,46,44,82,15,73,69,64,85,72,69,82,87,85,54,90,54,64,41,13,41,6,15,23,23,56,49,79,28,72,23,59,82,47,27,13,50,87,71,74,38,13,74,74,46,31,74,15,79,56,49,87,67,44,77,Championship
Wrexham,206vnsjv8ho5kpf88y0u2gaic,dunnmxbormx1n48wfcm4o6jmx,Z. Vyner,Zak Vyner,29.0,Defender,Kenya,Defender,130.0,78.0,18.0,205.0,7.0,0.0,4.0,1.0,0.0,1.0,0.0,4.0,4.0,15.0,21.0,1.0,420.0,1.0,1.0,2.0,2.0,3.0,0.0,0.0,0.0,0.0,80.71,48.65,37.5,50.0,0.0,46.88,50.0,40.0,0.052520317106907,0.4217033725150137,0.0,3.0,0.07092965,1.0,16.0,20.0,0.7359793199999998,133.0,27.85714285714285,16.71428571428571,3.8571428571428568,43.92857142857142,1.5,0.0,0.8571428571428571,0.2142857142857142,0.0,0.2142857142857142,0.0,0.8571428571428571,0.8571428571428571,3.214285714285714,4.5,0.2142857142857142,0.2142857142857142,0.2142857142857142,0.4285714285714285,0.4285714285714285,0.6428571428571428,0.0,0.0,0.0,0.0,80.71,48.65,37.5,50.0,0.0,46.88,50.0,40.0,0.0112543536657657,0.0903650083960743,0.0,0.6428571428571428,0.0151992107142857,0.2142857142857142,3.4285714285714284,4.285714285714286,0.1577098542857142,28.5,CB,50,64,80,48,22,45,89,19,8,84,30,89,86,21,34,8,7,20,77,28,98,42,42,29,51,23,69,92,61,29,5,24,27,41,97,43,71,75,77,80,82,93,75,46,70,87,54,23,45,90,20,8,82,30,90,90,16,24,7,7,18,75,30,97,42,42,29,51,23,69,92,61,29,5,24,27,41,97,43,72,74,79,82,89,97,79,Championship
Wrexham,206vnsjv8ho5kpf88y0u2gaic,efq6i6kz6ca3u91snwmptef2t,K. Moore,Kieffer Moore,34.0,Attacker,Wales,Striker,28.0,39.0,0.0,67.0,24.0,0.0,4.0,11.0,8.0,3.0,1.0,9.0,10.0,44.0,10.0,1.0,398.0,22.0,12.0,4.0,2.0,0.0,0.0,2.0,7.0,0.0,63.21,0.0,0.0,44.44,63.64,50.0,50.0,50.0,1.2041998795221611,0.3046525805216319,3.0,7.0,0.2508400099999998,1.0,2.0,6.0,0.217368,21.0,6.331658291457286,8.819095477386934,0.0,15.15075376884422,5.427135678391959,0.0,0.9045226130653266,2.487437185929648,1.809045226130653,0.6783919597989949,0.2261306532663316,2.0351758793969847,2.2613065326633164,9.949748743718592,2.2613065326633164,0.2261306532663316,4.974874371859296,2.71356783919598,0.9045226130653266,0.4522613065326633,0.0,0.0,0.4522613065326633,1.5829145728643217,0.0,63.21,0.0,0.0,44.44,63.64,50.0,50.0,50.0,0.2723065054195842,0.0688912870526303,0.6783919597989949,1.5829145728643217,0.0567226153266331,0.2261306532663316,0.4522613065326633,1.3567839195979898,0.0491535678391959,4.748743718592965,ST,87,66,16,77,93,33,47,70,62,73,27,74,73,97,96,57,74,96,80,48,28,50,76,93,51,25,16,28,63,93,77,77,40,70,55,69,77,83,45,38,66,55,73,78,56,16,66,92,33,39,58,47,67,17,69,69,97,94,53,67,97,72,39,28,50,69,89,51,25,16,28,63,93,77,77,40,58,52,61,75,73,41,36,61,56,69,Championship
Wrexham,206vnsjv8ho5kpf88y0u2gaic,egmffc9b6n37w1w8e6iydpfqh,O. Rathbone,Oliver Rathbone,29.0,Midfielder,England,Midfielder,43.0,56.0,3.0,99.0,4.0,0.0,5.0,6.0,4.0,2.0,3.0,8.0,8.0,23.0,1.0,0.0,337.0,12.0,5.0,4.0,8.0,0.0,1.0,0.0,1.0,0.0,84.62,42.86,0.0,50.0,16.67,44.23,40.0,80.0,0.4743093447876053,0.4318004549431332,1.0,8.0,0.2115227699999999,2.0,6.0,9.0,0.38555369,31.0,11.483679525222552,14.955489614243325,0.8011869436201781,26.439169139465875,1.0682492581602374,0.0,1.3353115727002969,1.602373887240356,1.0682492581602374,0.5341246290801187,0.8011869436201781,2.136498516320475,2.136498516320475,6.142433234421365,0.2670623145400593,0.0,3.204747774480712,1.3353115727002969,1.0682492581602374,2.136498516320475,0.0,0.2670623145400593,0.0,0.2670623145400593,0.0,84.62,42.86,0.0,50.0,16.67,44.23,40.0,80.0,0.1266701514269569,0.1153176289165637,0.2670623145400593,2.136498516320475,0.0564897605341246,0.5341246290801187,1.602373887240356,2.4035608308605343,0.1029668608308605,8.27893175074184,CM/AM,51,31,35,31,64,29,45,51,68,42,76,77,72,82,9,9,63,59,79,96,22,97,27,40,50,69,33,22,68,38,62,55,79,56,46,36,54,54,42,35,41,46,29,54,31,31,41,64,29,56,62,64,51,69,79,77,90,8,9,72,67,85,100,22,100,27,38,50,69,33,22,68,38,62,55,79,64,56,38,67,64,44,31,36,46,26,Championship
Wrexham,206vnsjv8ho5kpf88y0u2gaic,u4p0xblzwysukkqdenv2j9qs,C. Doyle,Callum Doyle,22.0,Defender,England,Defender,214.0,142.0,26.0,353.0,22.0,0.0,5.0,9.0,8.0,1.0,2.0,7.0,7.0,41.0,25.0,12.0,630.0,13.0,5.0,4.0,6.0,3.0,1.0,1.0,4.0,0.0,78.79,39.39,23.08,57.14,44.44,58.57,57.89,60.0,1.1586283774571111,0.4578893354044938,1.0,10.0,0.24123872,5.0,38.0,49.0,1.21033204,216.0,30.571428571428573,20.285714285714285,3.7142857142857135,50.42857142857143,3.142857142857143,0.0,0.7142857142857143,1.2857142857142858,1.1428571428571428,0.1428571428571428,0.2857142857142857,1.0,1.0,5.857142857142857,3.571428571428572,1.7142857142857142,1.8571428571428568,0.7142857142857143,0.5714285714285714,0.8571428571428571,0.4285714285714285,0.1428571428571428,0.1428571428571428,0.5714285714285714,0.0,78.79,39.39,23.08,57.14,44.44,58.57,57.89,60.0,0.1655183396367301,0.0654127622006419,0.1428571428571428,1.4285714285714286,0.0344626742857142,0.7142857142857143,5.428571428571429,7.0,0.1729045771428571,30.857142857142858,LB/LCB,97,90,98,97,97,35,53,97,100,61,84,73,73,95,89,97,95,55,77,61,48,95,89,100,52,42,68,45,76,87,52,61,50,100,68,84,87,81,84,94,100,97,97,94,65,97,94,84,35,34,94,97,45,63,61,55,74,71,94,81,29,65,37,29,90,84,100,52,42,68,45,76,87,52,61,50,100,55,79,68,71,61,90,100,81,97,Championship
