Team,contestantId,playerId,Short Name,Player Name,Age,Position_x,Nationality,Position_y,total accurate back zone pass_Total,total accurate fwd zone pass_Total,total accurate long balls_Total,total accurate pass_Total,total aerial won_Total,total attempt_Total,total attempts ibox_Total,total duels won_Total,total effective clearance_Total,total interception_Total,total mins played,total ontarget attempt_Total,total touches in opposition box_Total,total was fouled_Total,total won tackle_Total,total assists_Total,total att assist_Total,total attempts obox_Total,total blocked scoring att_Total,total contest_Total,total dribbles attempted_Total,total goals_Total,total won contest_Total,total accurate cross_Total,total big chances saved_Total,pass_success_pct_Total,long_balls_success_pct_Total,cross_success_pct_Total,dribble_success_pct_Total,attempt_success_pct_Total,duel_success_pct_Total,aerial_success_pct_Total,tackle_success_pct_Total,xG_Total,xA_Total,CreatedOwnShot_Total,Total Carries_Total,Total Carry xT_Total,Total Final Third Carries_Total,passes_into_final_third_Total,progressive_passes_Total,xT_pass_Total,forward_passes_Total,total accurate back zone pass_p90,total accurate fwd zone pass_p90,total accurate long balls_p90,total accurate pass_p90,total aerial won_p90,total attempt_p90,total attempts ibox_p90,total duels won_p90,total effective clearance_p90,total interception_p90,total ontarget attempt_p90,total touches in opposition box_p90,total was fouled_p90,total won tackle_p90,total assists_p90,total att assist_p90,total attempts obox_p90,total blocked scoring att_p90,total contest_p90,total dribbles attempted_p90,total goals_p90,total won contest_p90,total accurate cross_p90,total big chances saved_p90,pass_success_pct_p90,long_balls_success_pct_p90,cross_success_pct_p90,dribble_success_pct_p90,attempt_success_pct_p90,duel_success_pct_p90,aerial_success_pct_p90,tackle_success_pct_p90,xG_p90,xA_p90,CreatedOwnShot_p90,Total Carries_p90,Total Carry xT_p90,Total Final Third Carries_p90,passes_into_final_third_p90,progressive_passes_p90,xT_pass_p90,forward_passes_p90,Pos.,total accurate back zone pass_TotalPR,total accurate fwd zone pass_TotalPR,total accurate long balls_TotalPR,total accurate pass_TotalPR,total aerial won_TotalPR,total attempt_TotalPR,total attempts ibox_TotalPR,total duels won_TotalPR,total effective clearance_TotalPR,total interception_TotalPR,total ontarget attempt_TotalPR,total touches in opposition box_TotalPR,total was fouled_TotalPR,total won tackle_TotalPR,total assists_TotalPR,total att assist_TotalPR,total attempts obox_TotalPR,total blocked scoring att_TotalPR,total contest_TotalPR,total dribbles attempted_TotalPR,total goals_TotalPR,total won contest_TotalPR,total accurate cross_TotalPR,total big chances saved_TotalPR,pass_success_pct_TotalPR,long_balls_success_pct_TotalPR,cross_success_pct_TotalPR,dribble_success_pct_TotalPR,attempt_success_pct_TotalPR,duel_success_pct_TotalPR,aerial_success_pct_TotalPR,tackle_success_pct_TotalPR,xG_TotalPR,xA_TotalPR,CreatedOwnShot_TotalPR,Total Carries_TotalPR,Total Carry xT_TotalPR,Total Final Third Carries_TotalPR,passes_into_final_third_TotalPR,progressive_passes_TotalPR,xT_pass_TotalPR,forward_passes_TotalPR,total accurate back zone pass_p90PR,total accurate fwd zone pass_p90PR,total accurate long balls_p90PR,total accurate pass_p90PR,total aerial won_p90PR,total attempt_p90PR,total attempts ibox_p90PR,total duels won_p90PR,total effective clearance_p90PR,total interception_p90PR,total ontarget attempt_p90PR,total touches in opposition box_p90PR,total was fouled_p90PR,total won tackle_p90PR,total assists_p90PR,total att assist_p90PR,total attempts obox_p90PR,total blocked scoring att_p90PR,total contest_p90PR,total dribbles attempted_p90PR,total goals_p90PR,total won contest_p90PR,total accurate cross_p90PR,total big chances saved_p90PR,pass_success_pct_p90PR,long_balls_success_pct_p90PR,cross_success_pct_p90PR,dribble_success_pct_p90PR,attempt_success_pct_p90PR,duel_success_pct_p90PR,aerial_success_pct_p90PR,tackle_success_pct_p90PR,xG_p90PR,xA_p90PR,CreatedOwnShot_p90PR,Total Carries_p90PR,Total Carry xT_p90PR,Total Final Third Carries_p90PR,passes_into_final_third_p90PR,progressive_passes_p90PR,xT_pass_p90PR,forward_passes_p90PR,League
Monaco,4t4hod56fsj7utpjdor8so5q6,28x7i681wkjueanvkevew3bh1,A. Golovin,Aleksandr Golovin,30,Midfielder,Russia,Midfielder,44.0,75.0,7.0,114.0,0.0,5.0,2.0,15.0,2.0,2.0,438.0,2.0,14.0,2.0,3.0,2.0,10.0,3.0,3.0,6.0,6.0,0.0,5.0,5.0,0.0,80.28,63.64,33.33,83.33,40.0,45.45,0.0,37.5,0.3421772102010209,1.0281979005619803,1.0,14.0,0.36472799,4.0,11.0,22.0,0.81021429,43.0,9.04109589041096,15.41095890410959,1.4383561643835618,23.424657534246577,0.0,1.0273972602739727,0.4109589041095891,3.082191780821918,0.4109589041095891,0.4109589041095891,0.4109589041095891,2.876712328767124,0.4109589041095891,0.6164383561643836,0.4109589041095891,2.054794520547945,0.6164383561643836,0.6164383561643836,1.2328767123287672,1.2328767123287672,0.0,1.0273972602739727,1.0273972602739727,0.0,80.28,63.64,33.33,83.33,40.0,45.45,0.0,37.5,0.070310385657744,0.2112735412113658,0.2054794520547945,2.876712328767124,0.0749441075342465,0.8219178082191781,2.26027397260274,4.52054794520548,0.1664823883561643,8.835616438356166,CM/AM,48,50,71,46,15,60,44,50,42,38,71,81,19,46,92,88,77,90,48,44,35,79,88,50,21,52,81,96,73,38,17,31,42,92,33,79,83,52,58,88,100,33,17,21,54,17,15,33,38,12,33,29,54,46,8,33,83,62,62,83,42,38,35,71,75,50,21,52,81,96,73,38,17,31,29,71,29,62,71,33,33,62,83,12,Ligue 1
Monaco,4t4hod56fsj7utpjdor8so5q6,2jc6sdkse1kxjztsgystidot1,D. Zakaria,Denis Zakaria,29,Midfielder,Switzerland,Midfielder,83.0,99.0,5.0,182.0,2.0,5.0,0.0,17.0,13.0,4.0,436.0,3.0,4.0,3.0,5.0,0.0,0.0,5.0,0.0,8.0,8.0,0.0,5.0,0.0,0.0,92.39,71.43,0.0,62.5,60.0,56.67,50.0,71.43,0.3082332056690435,0.0,3.0,6.0,0.13437951,5.0,16.0,17.0,0.2374789099999999,81.0,17.13302752293578,20.43577981651376,1.0321100917431194,37.56880733944954,0.4128440366972477,1.0321100917431194,0.0,3.5091743119266057,2.6834862385321103,0.8256880733944955,0.6192660550458716,0.8256880733944955,0.6192660550458716,1.0321100917431194,0.0,0.0,1.0321100917431194,0.0,1.651376146788991,1.651376146788991,0.0,1.0321100917431194,0.0,0.0,92.39,71.43,0.0,62.5,60.0,56.67,50.0,71.43,0.0636261204362704,0.0,0.6192660550458716,1.2385321100917432,0.027738889678899,1.0321100917431194,3.302752293577982,3.5091743119266057,0.0490208759174311,16.720183486238533,DM/CM,45,53,20,48,52,61,18,55,89,32,82,48,38,56,38,8,85,15,79,77,42,89,24,50,94,59,24,65,91,73,67,64,48,11,68,56,52,86,50,45,15,39,24,45,6,39,48,52,18,48,85,23,76,41,33,48,38,8,79,15,76,73,42,85,24,50,94,59,24,65,91,73,67,64,42,11,61,45,36,76,42,42,9,27,Ligue 1
Monaco,4t4hod56fsj7utpjdor8so5q6,370bp4zp3mxe27rtx3gwhcems,S. Idumbo,Stanis Idumbo,21,Midfielder,Belgium,Midfielder,29.0,58.0,3.0,85.0,0.0,10.0,4.0,18.0,8.0,1.0,325.0,3.0,11.0,4.0,4.0,0.0,4.0,6.0,3.0,13.0,13.0,1.0,8.0,2.0,0.0,85.86,37.5,40.0,61.54,30.0,51.43,0.0,66.67,0.7326704096985863,0.3629816399063862,7.0,16.0,0.42929859,7.0,4.0,5.0,0.35122986,29.0,8.03076923076923,16.06153846153846,0.8307692307692307,23.538461538461537,0.0,2.769230769230769,1.1076923076923078,4.984615384615385,2.2153846153846155,0.2769230769230769,0.8307692307692307,3.046153846153846,1.1076923076923078,1.1076923076923078,0.0,1.1076923076923078,1.6615384615384614,0.8307692307692307,3.6,3.6,0.2769230769230769,2.2153846153846155,0.5538461538461539,0.0,85.86,37.5,40.0,61.54,30.0,51.43,0.0,66.67,0.2028933442242239,0.1005179925894608,1.9384615384615385,4.430769230769231,0.1188826864615384,1.9384615384615385,1.1076923076923078,1.3846153846153846,0.0972636535384615,8.03076923076923,LM/LCM,38,25,31,25,25,100,75,75,88,25,81,75,88,62,31,44,100,100,100,100,94,100,56,56,50,12,62,75,62,75,25,62,88,50,100,81,88,100,25,12,25,25,25,25,25,25,25,100,88,88,88,38,88,75,75,62,31,50,100,100,100,100,100,100,62,56,50,12,62,75,62,75,25,62,100,50,100,88,88,100,25,12,25,12,Ligue 1
Monaco,4t4hod56fsj7utpjdor8so5q6,4dkerrlcqxybg52pose3qxas,P. Brunner,Paris Brunner,20,Attacker,Germany,Striker,11.0,38.0,2.0,49.0,7.0,16.0,12.0,21.0,4.0,0.0,390.0,9.0,24.0,5.0,2.0,0.0,5.0,4.0,3.0,13.0,13.0,4.0,3.0,0.0,0.0,73.13,66.67,0.0,23.08,56.25,42.0,58.33,33.33,1.8020668833967413,0.363747207625543,5.0,2.0,0.13190251,2.0,5.0,4.0,0.1907878099999999,24.0,2.5384615384615388,8.76923076923077,0.4615384615384615,11.307692307692308,1.6153846153846154,3.692307692307693,2.7692307692307696,4.846153846153847,0.9230769230769232,0.0,2.076923076923077,5.538461538461539,1.153846153846154,0.4615384615384615,0.0,1.153846153846154,0.9230769230769232,0.6923076923076924,3.0,3.0,0.9230769230769232,0.6923076923076924,0.0,0.0,73.13,66.67,0.0,23.08,56.25,42.0,58.33,33.33,0.4158615884761711,0.0839416632982022,1.153846153846154,0.4615384615384615,0.0304390407692307,0.4615384615384615,1.153846153846154,0.9230769230769232,0.0440279561538461,5.538461538461539,ST,22,61,46,39,67,87,87,70,87,17,93,78,61,61,33,67,91,80,100,91,93,61,39,52,30,30,39,26,74,48,83,35,91,61,91,22,48,63,70,37,48,70,9,52,35,26,61,83,74,57,83,17,87,57,52,61,33,43,87,78,96,87,91,48,39,52,30,30,39,26,74,48,83,35,83,43,83,17,43,65,65,26,30,61,Ligue 1
Monaco,4t4hod56fsj7utpjdor8so5q6,52bg33ueyjgfvlh0x4n4rks2c,M. Coulibaly,Mamadou Coulibaly,22,Midfielder,France,Midfielder,30.0,43.0,2.0,71.0,0.0,0.0,0.0,14.0,1.0,4.0,211.0,0.0,4.0,7.0,2.0,0.0,3.0,0.0,0.0,9.0,10.0,0.0,3.0,2.0,0.0,80.68,40.0,100.0,33.33,0.0,37.84,0.0,50.0,0.0,0.2647971900590639,0.0,5.0,0.16359375,3.0,3.0,4.0,0.1614842499999999,17.0,12.796208530805687,18.34123222748816,0.8530805687203791,30.28436018957346,0.0,0.0,0.0,5.971563981042654,0.4265402843601895,1.706161137440758,0.0,1.706161137440758,2.985781990521327,0.8530805687203791,0.0,1.2796208530805686,0.0,0.0,3.838862559241706,4.265402843601896,0.0,1.2796208530805686,0.8530805687203791,0.0,80.68,40.0,100.0,33.33,0.0,37.84,0.0,50.0,0.0,0.1129466687455722,0.0,2.132701421800948,0.0697793246445497,1.2796208530805686,1.2796208530805686,1.706161137440758,0.0688795379146919,7.251184834123222,RM/RCM,30,20,35,20,20,10,10,30,10,65,25,10,90,30,35,30,25,15,70,70,35,45,50,55,40,50,100,35,25,20,20,50,10,30,35,20,30,40,15,20,20,10,50,40,40,40,20,10,10,80,10,80,25,10,100,50,35,40,25,15,90,90,35,60,70,55,40,50,100,35,25,20,20,50,10,30,35,40,40,50,20,20,30,10,Ligue 1
Monaco,4t4hod56fsj7utpjdor8so5q6,7mg9ycwc9ay4fdedl0dpp5nca,Flávio Nazinho,Flávio Basilua Jacinto Nazinho,23,Defender,Portugal,Defender,103.0,114.0,4.0,214.0,2.0,1.0,1.0,17.0,16.0,9.0,440.0,1.0,3.0,4.0,5.0,1.0,5.0,0.0,0.0,4.0,4.0,1.0,1.0,3.0,0.0,84.58,28.57,18.75,25.0,100.0,53.12,50.0,50.0,0.1394521354400326,0.6141060223464994,0.0,7.0,0.15252704,2.0,22.0,20.0,0.5333944099999999,124.0,21.068181818181817,23.318181818181817,0.8181818181818181,43.77272727272727,0.409090909090909,0.2045454545454545,0.2045454545454545,3.477272727272727,3.2727272727272725,1.8409090909090908,0.2045454545454545,0.6136363636363635,0.8181818181818181,1.0227272727272727,0.2045454545454545,1.0227272727272727,0.0,0.0,0.8181818181818181,0.8181818181818181,0.2045454545454545,0.2045454545454545,0.6136363636363635,0.0,84.58,28.57,18.75,25.0,100.0,53.12,50.0,50.0,0.0285243004309157,0.1256125954799657,0.0,1.4318181818181817,0.0311987127272727,0.409090909090909,4.5,4.090909090909091,0.1091034020454545,25.363636363636363,LB/LCB,83,96,42,88,42,46,65,52,75,88,79,56,56,67,94,88,29,44,44,40,94,23,75,46,62,29,29,17,94,50,56,46,67,96,27,75,67,31,100,71,62,92,62,96,25,75,38,38,67,29,58,79,79,33,38,54,96,75,29,44,38,33,92,12,71,46,62,29,29,17,94,50,56,46,54,79,27,54,50,25,96,58,38,79,Ligue 1
Monaco,4t4hod56fsj7utpjdor8so5q6,8eq4c5cotvem9ae9uzb2yezo4,L. Camara,Lamine Camara,22,Midfielder,Senegal,Midfielder,144.0,120.0,23.0,262.0,3.0,2.0,1.0,46.0,4.0,8.0,450.0,1.0,1.0,11.0,17.0,1.0,3.0,1.0,0.0,11.0,11.0,0.0,6.0,2.0,0.0,91.93,71.88,28.57,54.55,50.0,64.79,42.86,65.38,0.1419719369177397,0.134417794098967,1.0,11.0,0.2239488399999999,3.0,24.0,18.0,0.6162987700000001,129.0,28.8,24.0,4.6,52.4,0.6,0.4,0.2,9.2,0.8,1.6,0.2,0.2,2.2,3.4,0.2,0.6,0.2,0.0,2.2,2.2,0.0,1.2,0.4,0.0,91.93,71.88,28.57,54.55,50.0,64.79,42.86,65.38,0.0283943873835479,0.0268835588197934,0.2,2.2,0.0447897679999999,0.6,4.8,3.6,0.123259754,25.8,DM/CM,82,77,89,82,64,24,47,97,29,82,47,18,100,97,86,36,23,15,97,92,42,95,80,50,82,64,64,58,82,88,58,42,27,27,30,79,73,55,80,52,79,73,70,62,79,67,55,21,36,97,21,68,41,9,97,97,76,27,12,15,86,85,42,94,77,50,82,64,64,58,82,88,58,42,24,27,18,76,70,44,64,45,70,61,Ligue 1
Monaco,4t4hod56fsj7utpjdor8so5q6,adb8skc3qbvgunhzd9651lij8,Vanderson,Vanderson de Oliveira Campos,25,Defender,Brazil,Defender,75.0,107.0,13.0,180.0,4.0,2.0,0.0,29.0,13.0,9.0,411.0,0.0,9.0,3.0,8.0,0.0,3.0,2.0,2.0,6.0,7.0,0.0,4.0,2.0,1.0,78.6,48.15,16.67,66.67,0.0,63.04,66.67,44.44,0.1346220954900729,0.3863576362083939,1.0,15.0,0.36871274,6.0,15.0,21.0,0.8966858100000001,82.0,16.423357664233578,23.43065693430657,2.8467153284671536,39.416058394160586,0.8759124087591241,0.437956204379562,0.0,6.35036496350365,2.8467153284671536,1.9708029197080288,0.0,1.9708029197080288,0.6569343065693432,1.7518248175182485,0.0,0.6569343065693432,0.437956204379562,0.437956204379562,1.3138686131386863,1.5328467153284673,0.0,0.8759124087591241,0.437956204379562,0.218978102189781,78.6,48.15,16.67,66.67,0.0,63.04,66.67,44.44,0.0294792909832276,0.0846038619434439,0.218978102189781,3.2846715328467155,0.0807400160583941,1.3138686131386863,3.2846715328467155,4.598540145985401,0.1963545569343066,17.956204379562045,RB/RCB,43,90,76,71,69,45,17,86,62,93,29,81,55,88,45,50,74,86,69,71,36,83,48,98,14,52,52,76,29,88,90,40,43,57,60,90,90,79,67,79,86,74,33,86,81,57,71,43,17,95,57,81,29,71,57,86,45,43,76,86,71,71,36,86,48,95,14,52,52,76,29,88,90,40,43,57,57,90,90,76,71,76,71,57,Ligue 1
Monaco,4t4hod56fsj7utpjdor8so5q6,az7wa6km1zhvsb8y4mndlogyd,E. Dier,Eric Dier,32,Defender,England,Defender,184.0,110.0,14.0,294.0,12.0,4.0,4.0,21.0,38.0,4.0,450.0,1.0,5.0,0.0,3.0,1.0,1.0,0.0,0.0,2.0,2.0,1.0,2.0,0.0,0.0,91.3,48.28,0.0,100.0,25.0,72.41,80.0,42.86,0.5470475947091225,0.141507968228175,0.0,0.0,0.0,0.0,11.0,11.0,0.3766281999999999,212.0,36.8,22.0,2.8,58.8,2.4,0.8,0.8,4.2,7.6,0.8,0.2,1.0,0.0,0.6,0.2,0.2,0.0,0.0,0.4,0.4,0.2,0.4,0.0,0.0,91.3,48.28,0.0,100.0,25.0,72.41,80.0,42.86,0.1094095189418244,0.0283015936456349,0.0,0.0,0.0,0.0,2.2,2.2,0.0753256399999999,42.4,CB,56,92,81,75,75,88,92,75,100,31,83,79,8,38,96,56,38,38,90,88,94,94,46,40,62,54,46,92,79,88,88,21,92,75,40,17,17,25,52,54,67,88,33,83,75,58,62,81,85,42,100,17,81,75,8,29,94,46,38,38,83,83,92,92,46,40,62,54,46,92,79,88,88,21,83,75,40,17,17,25,48,50,54,79,Ligue 1
Monaco,4t4hod56fsj7utpjdor8so5q6,bffc3dzdi9c6ix77k1yaepjpw,S. Sané,Sadibou Sané,22,Defender,Senegal,Defender,165.0,95.0,12.0,260.0,4.0,0.0,0.0,15.0,27.0,2.0,450.0,0.0,3.0,3.0,4.0,0.0,1.0,0.0,0.0,0.0,0.0,0.0,0.0,0.0,0.0,93.19,60.0,0.0,0.0,0.0,55.56,36.36,50.0,0.0007672799402073,0.0622285307930503,0.0,2.0,0.0409104899999999,2.0,24.0,23.0,0.4108438599999999,146.0,33.0,19.0,2.4,52.0,0.8,0.0,0.0,3.0,5.4,0.4,0.0,0.6,0.6,0.8,0.0,0.2,0.0,0.0,0.0,0.0,0.0,0.0,0.0,0.0,93.19,60.0,0.0,0.0,0.0,55.56,36.36,50.0,0.0001534559880414,0.01244570615861,0.0,0.4,0.0081820979999999,0.4,4.8,4.6,0.0821687719999999,29.2,RB/RCB,90,71,69,95,69,12,17,29,100,17,29,38,55,57,45,26,26,19,10,7,36,12,19,48,100,93,19,12,29,62,48,55,19,19,26,24,29,40,95,90,43,86,90,62,67,90,50,12,17,19,100,10,29,31,48,50,45,19,26,19,10,7,36,12,19,48,100,93,19,12,29,62,48,55,19,19,26,21,24,33,90,81,33,81,Ligue 1
Angers,75qj99fhg5c0ztj2tva5u4uii,2rsqkarlkh6z8vrb0clfbz6xh,B. van den Boomen,Branco van den Boomen,31,Midfielder,Netherlands,Midfielder,134.0,134.0,44.0,255.0,1.0,4.0,0.0,15.0,11.0,1.0,450.0,1.0,6.0,3.0,6.0,1.0,12.0,4.0,2.0,0.0,1.0,1.0,0.0,13.0,0.0,84.44,70.97,26.0,0.0,25.0,50.0,50.0,54.55,0.1860093799755129,1.3967979846429184,3.0,6.0,0.12904393,1.0,44.0,47.0,0.7686359400000001,128.0,26.8,26.8,8.8,51.0,0.2,0.8,0.0,3.0,2.2,0.2,0.2,1.2,0.6,1.2,0.2,2.4,0.8,0.4,0.0,0.2,0.2,0.0,2.6,0.0,84.44,70.97,26.0,0.0,25.0,50.0,50.0,54.55,0.0372018759951025,0.2793595969285837,0.6,1.2,0.025808786,0.2,8.8,9.4,0.153727188,25.6,CM/AM,100,96,100,100,38,42,12,50,96,19,38,23,40,83,69,96,92,67,4,8,81,10,100,50,50,71,62,10,42,75,75,54,21,100,77,31,17,12,100,100,96,100,100,75,100,96,29,25,12,8,96,12,23,17,12,62,54,83,77,54,4,4,71,10,100,50,50,71,62,10,42,75,75,54,17,96,56,12,8,8,100,100,71,96,Ligue 1
Angers,75qj99fhg5c0ztj2tva5u4uii,4nzndhd2pnky4szpunvlyxs2y,A. Sbaï,Amine Sbaï,25,Attacker,Morocco,Striker,17.0,76.0,8.0,86.0,2.0,12.0,5.0,19.0,0.0,2.0,427.0,2.0,21.0,8.0,1.0,1.0,17.0,7.0,6.0,16.0,16.0,1.0,7.0,7.0,0.0,71.07,72.73,31.82,43.75,16.67,48.72,66.67,50.0,1.3229575824032327,1.742191956147301,8.0,31.0,0.99356417,12.0,9.0,20.0,1.4666429600000002,51.0,3.583138173302108,16.018735362997656,1.6861826697892273,18.1264637002342,0.4215456674473068,2.529274004683841,1.053864168618267,4.004683840749414,0.0,0.4215456674473068,0.4215456674473068,4.426229508196721,1.6861826697892273,0.2107728337236534,0.2107728337236534,3.583138173302108,1.475409836065574,1.2646370023419204,3.3723653395784545,3.3723653395784545,0.2107728337236534,1.475409836065574,1.475409836065574,0.0,71.07,72.73,31.82,43.75,16.67,48.72,66.67,50.0,0.278843518539323,0.3672067354877215,1.6861826697892273,6.533957845433255,0.2094163355971897,2.529274004683841,1.8969555035128804,4.215456674473068,0.3091284927400469,10.749414519906324,LW,36,86,93,71,61,75,46,86,14,54,46,71,86,29,75,100,93,100,93,82,79,86,100,54,21,61,79,57,21,64,86,36,79,100,96,93,93,100,89,100,100,93,21,64,86,43,50,50,36,21,14,50,36,57,57,14,50,100,86,100,71,64,64,64,100,54,21,61,79,57,21,64,86,36,71,100,86,86,86,100,71,100,93,79,Ligue 1
Angers,75qj99fhg5c0ztj2tva5u4uii,5dgkxz69k6jmim0ryl5fgiqga,A. El Ouazzani,Amine El Ouazzani,25,Attacker,Morocco,Striker,26.0,29.0,3.0,55.0,16.0,9.0,5.0,30.0,3.0,1.0,385.0,2.0,16.0,7.0,3.0,2.0,4.0,4.0,4.0,4.0,4.0,1.0,3.0,0.0,0.0,73.33,75.0,0.0,75.0,22.22,48.39,51.61,75.0,1.0207928732644935,0.3044310915270475,2.0,2.0,0.09002464,0.0,6.0,7.0,0.2290038199999998,20.0,6.077922077922078,6.779220779220779,0.7012987012987013,12.857142857142858,3.74025974025974,2.103896103896104,1.1688311688311688,7.012987012987013,0.7012987012987013,0.2337662337662337,0.4675324675324675,3.74025974025974,1.6363636363636365,0.7012987012987013,0.4675324675324675,0.935064935064935,0.935064935064935,0.935064935064935,0.935064935064935,0.935064935064935,0.2337662337662337,0.7012987012987013,0.0,0.0,73.33,75.0,0.0,75.0,22.22,48.39,51.61,75.0,0.238626905438453,0.0711657097076215,0.4675324675324675,0.4675324675324675,0.021044721038961,0.0,1.4025974025974026,1.6363636363636365,0.0535333605194804,4.675324675324675,ST,61,43,74,52,91,50,15,93,70,50,15,28,83,74,98,48,91,91,41,37,46,61,39,52,35,46,39,83,13,78,70,57,30,48,46,22,30,20,85,67,57,54,52,13,70,35,83,17,4,83,57,43,13,17,61,70,96,35,91,83,35,30,30,52,39,52,35,46,39,83,13,78,70,57,22,35,39,22,30,20,74,61,48,43,Ligue 1
Angers,75qj99fhg5c0ztj2tva5u4uii,5vvhwzxwq395q3welimok3uqy,Y. Belkhdim,Yassin Belkhdim,24,Midfielder,Morocco,Midfielder,96.0,61.0,9.0,154.0,0.0,2.0,1.0,17.0,5.0,8.0,445.0,0.0,5.0,4.0,7.0,0.0,4.0,1.0,1.0,3.0,3.0,0.0,0.0,3.0,0.0,87.01,69.23,37.5,0.0,0.0,44.74,0.0,53.85,0.1367218703309834,0.1568528624484948,1.0,1.0,0.01685596,1.0,11.0,11.0,0.3155783599999998,71.0,19.41573033707865,12.337078651685394,1.820224719101124,31.146067415730336,0.0,0.4044943820224719,0.2022471910112359,3.438202247191011,1.0112359550561798,1.6179775280898876,0.0,1.0112359550561798,0.8089887640449438,1.4157303370786516,0.0,0.8089887640449438,0.2022471910112359,0.2022471910112359,0.6067415730337078,0.6067415730337078,0.0,0.0,0.6067415730337078,0.0,87.01,69.23,37.5,0.0,0.0,44.74,0.0,53.85,0.0276516142242438,0.0317230508322798,0.2022471910112359,0.2022471910112359,0.0034090705617977,0.2022471910112359,2.224719101123596,2.224719101123596,0.0638248368539325,14.359550561797752,DM/CM,55,24,44,36,12,24,47,55,39,82,20,59,53,76,38,53,23,52,41,38,42,8,89,50,30,55,67,8,20,36,17,27,24,30,30,8,6,23,29,29,30,33,33,6,33,12,12,24,39,39,30,73,20,55,39,70,38,36,15,39,30,30,42,8,85,50,30,55,67,8,20,36,17,27,21,30,21,6,6,15,15,12,18,15,Ligue 1
Angers,75qj99fhg5c0ztj2tva5u4uii,99yx7t2j59cyia4bkpi59q1as,O. Camara,Ousmane Camara,23,Defender,Mali,Defender,201.0,60.0,5.0,261.0,7.0,2.0,2.0,16.0,30.0,6.0,450.0,0.0,5.0,1.0,5.0,1.0,2.0,0.0,1.0,1.0,1.0,0.0,1.0,0.0,2.0,91.26,26.32,0.0,100.0,0.0,66.67,58.33,71.43,0.2993757958423921,0.2546616354635318,0.0,3.0,0.0647593,1.0,6.0,10.0,0.35156117,161.0,40.2,12.0,1.0,52.2,1.4,0.4,0.4,3.2,6.0,1.2,0.0,1.0,0.2,1.0,0.2,0.4,0.0,0.2,0.2,0.2,0.0,0.2,0.0,0.4,91.26,26.32,0.0,100.0,0.0,66.67,58.33,71.43,0.0598751591684784,0.0509323270927063,0.0,0.6,0.01295186,0.2,1.2,2.0,0.070312234,32.2,CB,75,38,21,54,40,50,60,42,71,60,40,79,29,77,96,85,38,81,69,65,46,79,46,100,58,21,46,92,40,58,42,62,62,96,40,73,83,60,25,46,58,67,50,25,10,33,29,42,54,29,60,50,40,75,25,62,94,83,38,75,62,56,46,73,46,100,58,21,46,92,40,58,42,62,50,88,40,62,67,54,17,40,50,46,Ligue 1
Angers,75qj99fhg5c0ztj2tva5u4uii,9vpulgx0cava98j7tzkc43lzo,J. Kalulu,Joseph Kalulu,21,Defender,France,Defender,60.0,59.0,5.0,117.0,0.0,1.0,0.0,17.0,10.0,4.0,360.0,0.0,3.0,5.0,7.0,0.0,2.0,1.0,1.0,6.0,6.0,0.0,5.0,2.0,0.0,82.39,35.71,20.0,83.33,0.0,62.96,0.0,100.0,0.0614999027204617,0.1346455942452774,1.0,4.0,0.08711666,3.0,13.0,14.0,0.27256806,59.0,15.0,14.75,1.25,29.25,0.0,0.25,0.0,4.25,2.5,1.0,0.0,0.75,1.25,1.75,0.0,0.5,0.25,0.25,1.5,1.5,0.0,1.25,0.5,0.0,82.39,35.71,20.0,83.33,0.0,62.96,0.0,100.0,0.0153749756801154,0.0336613985613193,0.25,1.0,0.021779165,0.75,3.25,3.5,0.068142015,14.75,LB/LCB,38,42,52,33,10,46,27,52,52,27,35,56,69,90,44,44,71,92,62,60,44,90,54,46,50,38,38,88,35,83,12,96,42,38,71,40,29,46,58,52,17,31,25,33,46,25,10,46,27,46,42,27,35,40,71,88,44,42,69,94,58,58,44,92,58,46,50,38,38,88,35,83,12,96,42,33,69,40,29,42,50,42,8,29,Ligue 1
Angers,75qj99fhg5c0ztj2tva5u4uii,ar3g1flq7vgbl90q9t1v4y02d,J. Lefort,Jordan Lefort,33,Defender,Mauritania,Defender,195.0,71.0,21.0,264.0,5.0,0.0,0.0,12.0,26.0,7.0,450.0,0.0,4.0,5.0,2.0,0.0,3.0,0.0,0.0,1.0,1.0,0.0,0.0,2.0,0.0,85.71,43.75,33.33,0.0,0.0,41.38,41.67,100.0,0.0009086644221126,0.3288880326228268,0.0,3.0,0.0542629,1.0,15.0,21.0,0.8468655099999998,155.0,39.0,14.2,4.2,52.8,1.0,0.0,0.0,2.4,5.2,1.4,0.0,0.8,1.0,0.4,0.0,0.6,0.0,0.0,0.2,0.2,0.0,0.0,0.4,0.0,85.71,43.75,33.33,0.0,0.0,41.38,41.67,100.0,0.0001817328844225,0.0657776065245653,0.0,0.6,0.01085258,0.2,3.0,4.2,0.1693731019999999,31.0,LB/LCB,96,60,96,96,73,15,27,27,96,81,35,67,69,33,44,56,29,44,6,6,44,6,54,46,67,62,71,6,35,17,50,96,25,58,27,23,17,17,67,75,88,96,96,21,92,96,60,15,27,17,96,50,35,50,54,27,44,46,29,44,4,4,44,6,40,46,67,62,71,6,35,17,50,96,25,54,27,12,12,12,40,62,83,96,Ligue 1
Angers,75qj99fhg5c0ztj2tva5u4uii,bt2pm0it9f1o216uxo3abfpbd,J. Allevinah,Jim Allevinah,31,Attacker,Gabon,Striker,35.0,59.0,3.0,90.0,3.0,14.0,10.0,19.0,3.0,2.0,364.0,3.0,24.0,11.0,2.0,0.0,4.0,4.0,7.0,8.0,8.0,0.0,2.0,4.0,0.0,81.82,50.0,25.0,25.0,21.43,43.18,42.86,66.67,1.054903978232545,0.5352088411333837,6.0,17.0,0.4982362899999999,10.0,7.0,10.0,0.8003365799999997,40.0,8.653846153846153,14.587912087912088,0.7417582417582418,22.25274725274725,0.7417582417582418,3.4615384615384617,2.4725274725274726,4.697802197802198,0.7417582417582418,0.4945054945054945,0.7417582417582418,5.934065934065934,2.71978021978022,0.4945054945054945,0.0,0.989010989010989,0.989010989010989,1.7307692307692308,1.978021978021978,1.978021978021978,0.0,0.4945054945054945,0.989010989010989,0.0,81.82,50.0,25.0,25.0,21.43,43.18,42.86,66.67,0.260827906705849,0.1323318563241882,1.4835164835164836,4.203296703296704,0.1231902914835164,2.4725274725274726,1.7307692307692308,2.4725274725274726,0.197885418131868,9.89010989010989,RW,67,33,33,33,58,58,67,67,75,50,33,83,83,67,25,17,75,100,42,42,33,25,75,50,67,33,58,17,17,50,50,83,50,50,75,50,17,83,50,33,50,33,50,33,33,50,50,67,67,83,83,50,33,50,83,67,25,17,83,83,33,33,33,33,83,50,67,33,58,17,17,50,50,83,67,33,83,50,33,67,50,33,50,33,Ligue 1
Angers,75qj99fhg5c0ztj2tva5u4uii,d3qx3gwypipcl2azrj9ing9ud,C. Arcus,Carlens Arcus,30,Defender,Haiti,Defender,73.0,53.0,4.0,121.0,2.0,3.0,3.0,9.0,9.0,5.0,330.0,1.0,8.0,0.0,4.0,0.0,5.0,0.0,1.0,3.0,3.0,1.0,0.0,5.0,0.0,88.32,40.0,45.45,0.0,33.33,52.94,50.0,57.14,0.3258714569579783,0.4748121225381022,0.0,4.0,0.09412054,6.0,2.0,11.0,0.5740522,55.0,19.90909090909091,14.454545454545457,1.090909090909091,33.0,0.5454545454545455,0.8181818181818182,0.8181818181818182,2.4545454545454546,2.4545454545454546,1.3636363636363638,0.2727272727272727,2.181818181818182,0.0,1.090909090909091,0.0,1.3636363636363638,0.0,0.2727272727272727,0.8181818181818182,0.8181818181818182,0.2727272727272727,0.0,1.3636363636363638,0.0,88.32,40.0,45.45,0.0,33.33,52.94,50.0,57.14,0.0888740337158122,0.1294942152376642,0.0,1.090909090909091,0.0256692381818181,1.6363636363636365,0.5454545454545455,3.0,0.1565596909090909,15.0,RB/RCB,33,33,31,19,36,55,74,14,43,62,69,76,10,57,45,76,26,57,45,38,81,12,69,48,76,26,83,12,81,43,69,67,57,71,26,38,33,79,12,33,52,24,43,29,29,38,29,71,86,14,38,67,67,81,10,71,45,71,26,67,48,38,81,12,71,48,76,26,83,12,81,43,69,67,57,71,26,48,43,90,10,31,67,50,Ligue 1
Auxerre,9bxav814mkuhueiyivyive82d,2173tp0hk6gsx2o46hx4h5mju,C. Akpa,Clément Akpa,24,Defender,Côte d'Ivoire,Defender,88.0,83.0,18.0,169.0,6.0,2.0,1.0,25.0,19.0,5.0,450.0,1.0,2.0,8.0,5.0,0.0,1.0,1.0,0.0,4.0,4.0,0.0,2.0,2.0,0.0,76.82,41.86,50.0,50.0,50.0,49.02,35.29,55.56,0.1907155912334379,0.0429892676423592,1.0,5.0,0.1036988,3.0,21.0,23.0,0.4312253999999996,116.0,17.6,16.6,3.6,33.8,1.2,0.4,0.2,5.0,3.8,1.0,0.2,0.4,1.6,1.0,0.0,0.2,0.2,0.0,0.8,0.8,0.0,0.4,0.4,0.0,76.82,41.86,50.0,50.0,50.0,49.02,35.29,55.56,0.0381431182466875,0.0085978535284718,0.2,1.0,0.02073976,0.6,4.2,4.6,0.0862450799999999,23.2,LB/LCB,56,81,88,71,85,71,65,83,88,50,79,35,92,67,44,27,71,44,44,40,44,42,54,46,8,50,83,52,83,33,46,58,79,17,71,54,46,46,96,83,38,81,38,48,83,38,71,62,56,62,75,27,71,25,83,50,44,17,60,44,33,29,44,38,40,46,8,50,83,52,83,33,46,58,71,17,56,40,21,38,88,67,21,67,Ligue 1
Auxerre,9bxav814mkuhueiyivyive82d,4o8pw1qn0edeihbsiau2hsowk,C. Makosso,Christ Makosso,22,Defender,Congo,Defender,57.0,32.0,8.0,89.0,4.0,0.0,0.0,10.0,25.0,8.0,305.0,0.0,0.0,1.0,3.0,1.0,2.0,0.0,0.0,2.0,2.0,0.0,2.0,0.0,0.0,79.46,40.0,0.0,100.0,0.0,45.45,50.0,100.0,0.0,0.208209940976273,0.0,3.0,0.05675826,0.0,12.0,10.0,0.26026761,52.0,16.81967213114754,9.442622950819672,2.360655737704918,26.262295081967213,1.180327868852459,0.0,0.0,2.950819672131148,7.377049180327869,2.360655737704918,0.0,0.0,0.2950819672131147,0.8852459016393442,0.2950819672131147,0.5901639344262295,0.0,0.0,0.5901639344262295,0.5901639344262295,0.0,0.5901639344262295,0.0,0.0,79.46,40.0,0.0,100.0,0.0,45.45,50.0,100.0,0.0,0.0614389989766051,0.0,0.8852459016393442,0.0167483390163934,0.0,3.540983606557377,2.950819672131148,0.0768002783606557,15.344262295081968,CB,4,17,50,4,8,17,21,8,62,88,40,8,29,38,96,85,38,38,90,88,46,94,46,40,4,38,46,92,40,17,29,98,15,92,40,73,62,25,58,46,46,17,4,12,58,4,12,17,21,21,92,96,40,8,38,54,100,92,38,38,92,88,46,96,46,40,4,38,46,92,40,17,29,98,15,92,40,79,79,25,71,71,58,17,Ligue 1
Auxerre,9bxav814mkuhueiyivyive82d,4sjs5ktvkun9g96w6h5a39puc,K. Danois,Kévin Danois,22,Midfielder,France,Midfielder,94.0,139.0,17.0,232.0,4.0,6.0,2.0,37.0,12.0,5.0,450.0,1.0,11.0,9.0,8.0,0.0,9.0,4.0,1.0,10.0,10.0,0.0,8.0,1.0,0.0,80.84,56.67,14.29,80.0,16.67,57.81,57.14,50.0,0.6742259966720743,0.7445785015430996,3.0,16.0,0.33792986,5.0,26.0,34.0,0.64108099,117.0,18.8,27.8,3.4,46.4,0.8,1.2,0.4,7.4,2.4,1.0,0.2,2.2,1.8,1.6,0.0,1.8,0.8,0.2,2.0,2.0,0.0,1.6,0.2,0.0,80.84,56.67,14.29,80.0,16.67,57.81,57.14,50.0,0.1348451993344148,0.1489157003086199,0.6,3.2,0.067585972,1.0,5.2,6.8,0.128216198,23.4,CM/AM,96,100,92,96,88,75,44,100,100,77,38,54,94,96,27,79,92,38,85,79,35,96,40,50,25,38,40,90,25,96,88,46,83,75,77,85,79,71,92,96,83,96,88,92,92,92,83,50,33,100,100,67,23,38,79,83,27,46,77,25,67,62,35,83,29,50,25,38,40,90,25,96,88,46,62,54,56,79,58,50,92,92,54,83,Ligue 1
Auxerre,9bxav814mkuhueiyivyive82d,4yxo8gwnou3m7jh6ph8lkuw44,R. Labeau Lascary,Rémy Labeau Lascary,23,Attacker,France,Striker,16.0,21.0,1.0,36.0,0.0,9.0,6.0,11.0,3.0,3.0,243.0,6.0,10.0,1.0,3.0,0.0,1.0,3.0,1.0,13.0,13.0,1.0,6.0,1.0,0.0,81.82,33.33,100.0,46.15,66.67,36.67,0.0,75.0,0.6800983406237099,0.0821485543508412,1.0,3.0,0.09536125,0.0,1.0,0.0,0.10036293,10.0,5.925925925925926,7.777777777777778,0.3703703703703703,13.333333333333332,0.0,3.333333333333333,2.222222222222222,4.0740740740740735,1.111111111111111,1.111111111111111,2.222222222222222,3.7037037037037033,0.3703703703703703,1.111111111111111,0.0,0.3703703703703703,1.111111111111111,0.3703703703703703,4.814814814814815,4.814814814814815,0.3703703703703703,2.222222222222222,0.3703703703703703,0.0,81.82,33.33,100.0,46.15,66.67,36.67,0.0,75.0,0.2518882743050777,0.0304253905003115,0.3703703703703703,1.111111111111111,0.0353189814814814,0.0,0.3703703703703703,0.0,0.0371714555555555,3.7037037037037033,LW,29,7,32,7,14,57,61,18,75,79,82,32,7,68,25,7,61,39,68,64,79,68,46,54,71,25,100,68,93,29,14,86,50,7,25,7,7,7,18,7,7,7,43,7,36,14,14,71,71,29,86,86,100,36,7,71,25,7,79,36,93,86,93,86,50,54,71,25,100,68,93,29,14,86,57,7,29,7,14,7,21,7,7,7,Ligue 1
Auxerre,9bxav814mkuhueiyivyive82d,7c5uk1ts8jlu88p1x6wubuz8p,R. Faivre,Romain Faivre,28,Midfielder,France,Midfielder,22.0,71.0,3.0,90.0,1.0,4.0,2.0,11.0,0.0,0.0,215.0,1.0,10.0,2.0,3.0,1.0,8.0,2.0,3.0,9.0,10.0,0.0,5.0,3.0,0.0,84.91,75.0,25.0,55.56,25.0,47.83,50.0,100.0,0.2857193162633605,0.6399276224996179,2.0,7.0,0.16060806,3.0,12.0,14.0,0.2646901599999999,53.0,9.209302325581396,29.72093023255814,1.255813953488372,37.674418604651166,0.4186046511627907,1.6744186046511629,0.8372093023255814,4.604651162790698,0.0,0.0,0.4186046511627907,4.186046511627907,0.8372093023255814,1.255813953488372,0.4186046511627907,3.3488372093023258,0.8372093023255814,1.255813953488372,3.767441860465116,4.186046511627907,0.0,2.0930232558139537,1.255813953488372,0.0,84.91,75.0,25.0,55.56,25.0,47.83,50.0,100.0,0.1196034347148951,0.2678766791858865,0.8372093023255814,2.9302325581395348,0.0672312809302325,1.255813953488372,5.023255813953488,5.8604651162790695,0.1108005320930232,22.186046511627907,CM/AM,6,38,23,29,38,42,44,21,10,6,38,42,19,46,69,67,56,90,77,79,35,79,73,50,58,85,56,67,42,54,75,96,33,71,52,42,38,31,65,52,8,48,25,96,46,71,46,79,67,58,10,6,58,88,42,67,88,96,83,96,100,100,35,96,79,50,58,85,56,67,42,54,75,96,46,92,83,67,54,67,88,79,33,79,Ligue 1
Auxerre,9bxav814mkuhueiyivyive82d,7gaf68yeu28zp80kkb0tqgpd6,C. Archer,Cameron Archer,24,Attacker,England,Striker,13.0,25.0,1.0,38.0,3.0,7.0,6.0,8.0,0.0,1.0,254.0,5.0,20.0,1.0,1.0,0.0,2.0,1.0,0.0,7.0,8.0,3.0,3.0,0.0,0.0,77.55,100.0,0.0,42.86,71.43,25.81,30.0,100.0,1.150584695509541,0.2440311002472298,2.0,3.0,0.08207596,0.0,2.0,2.0,0.2527730599999999,12.0,4.606299212598425,8.858267716535433,0.3543307086614173,13.464566929133856,1.062992125984252,2.4803149606299213,2.125984251968504,2.8346456692913384,0.0,0.3543307086614173,1.7716535433070866,7.086614173228346,0.3543307086614173,0.3543307086614173,0.0,0.7086614173228346,0.3543307086614173,0.0,2.4803149606299213,2.8346456692913384,1.062992125984252,1.062992125984252,0.0,0.0,77.55,100.0,0.0,42.86,71.43,25.81,30.0,100.0,0.4076874905348767,0.0864677126860263,0.7086614173228346,1.062992125984252,0.0290820330708661,0.0,0.7086614173228346,0.7086614173228346,0.0895652574803149,4.251968503937007,ST,30,24,17,26,33,24,26,15,17,50,61,65,9,39,33,24,35,7,70,74,78,61,39,52,57,85,39,43,96,9,22,87,57,39,46,39,26,20,26,17,65,17,30,57,22,39,30,39,43,26,17,61,74,87,13,43,33,26,43,7,74,74,96,83,39,52,57,85,39,43,96,9,22,87,78,48,61,43,39,20,35,17,83,26,Ligue 1
Auxerre,9bxav814mkuhueiyivyive82d,9dnne0ny6o6d5c6w3ayoo4vvu,N. Ahamada,Naouirou Ahamada,24,Midfielder,France,Midfielder,35.0,73.0,4.0,107.0,2.0,4.0,0.0,10.0,5.0,1.0,287.0,2.0,10.0,2.0,2.0,0.0,5.0,4.0,1.0,9.0,10.0,0.0,4.0,1.0,0.0,85.6,57.14,20.0,44.44,50.0,41.67,50.0,100.0,0.2108156070699552,0.3037995956741924,4.0,16.0,0.43666091,3.0,10.0,8.0,0.42460641,64.0,10.97560975609756,22.89198606271777,1.254355400696864,33.55400696864111,0.627177700348432,1.254355400696864,0.0,3.1358885017421603,1.56794425087108,0.313588850174216,0.627177700348432,3.1358885017421603,0.627177700348432,0.627177700348432,0.0,1.56794425087108,1.254355400696864,0.313588850174216,2.822299651567944,3.1358885017421603,0.0,1.254355400696864,0.313588850174216,0.0,85.6,57.14,20.0,44.44,50.0,41.67,50.0,100.0,0.0661094238198465,0.0952681658908617,1.254355400696864,5.017421602787456,0.1369319926829268,0.940766550522648,3.1358885017421603,2.508710801393728,0.1331518358885017,20.069686411149824,CM/AM,35,46,33,42,60,42,12,12,85,19,71,42,19,29,27,44,92,38,77,79,35,65,40,50,71,42,50,46,92,12,75,96,25,25,96,85,88,31,52,23,38,65,50,54,42,46,71,54,12,17,92,25,75,50,17,38,27,42,96,42,83,92,35,75,42,50,71,42,50,46,92,12,75,96,25,25,96,92,96,42,58,21,58,67,Ligue 1
Auxerre,9bxav814mkuhueiyivyive82d,9t2dfjl5agcsblpq8dpqojofe,L. Sy,Lamine Sy,24,Defender,France,Defender,65.0,80.0,7.0,143.0,4.0,4.0,2.0,20.0,7.0,7.0,449.0,1.0,10.0,2.0,1.0,0.0,4.0,2.0,1.0,17.0,19.0,1.0,10.0,2.0,0.0,79.89,50.0,12.5,58.82,25.0,45.45,40.0,25.0,0.4527082862782433,0.4077776669323639,3.0,18.0,0.46236382,2.0,13.0,16.0,0.58455324,69.0,13.028953229398663,16.035634743875278,1.4031180400890868,28.66369710467706,0.8017817371937639,0.8017817371937639,0.4008908685968819,4.008908685968819,1.4031180400890868,1.4031180400890868,0.2004454342984409,2.0044543429844097,0.4008908685968819,0.2004454342984409,0.0,0.8017817371937639,0.4008908685968819,0.2004454342984409,3.4075723830734965,3.8084632516703785,0.2004454342984409,2.0044543429844097,0.4008908685968819,0.0,79.89,50.0,12.5,58.82,25.0,45.45,40.0,25.0,0.0907433090535454,0.0817371715454627,0.6013363028953229,3.6080178173719375,0.0926787167037861,0.4008908685968819,2.6057906458797326,3.207126948775056,0.1171710280623608,13.830734966592429,RB/RCB,24,57,55,43,69,69,62,67,31,79,69,86,43,12,45,62,74,57,95,100,81,100,48,48,19,62,48,67,71,14,55,14,71,67,90,98,95,40,60,60,57,38,14,43,43,10,57,62,57,48,19,71,62,76,43,10,45,62,71,48,95,95,71,90,43,48,19,62,48,67,71,14,55,14,62,52,81,95,95,38,43,48,48,24,Ligue 1
Auxerre,9bxav814mkuhueiyivyive82d,cbai2262b47qtezzmkt5ctslw,A. Piedfort,Arthur Piedfort,21,Midfielder,Belgium,Midfielder,64.0,83.0,6.0,145.0,5.0,1.0,0.0,14.0,5.0,8.0,384.0,0.0,1.0,3.0,2.0,0.0,2.0,1.0,0.0,1.0,1.0,0.0,1.0,2.0,0.0,86.83,66.67,28.57,100.0,0.0,46.67,50.0,40.0,0.0700882797610507,0.180975079765937,0.0,9.0,0.20000942,0.0,14.0,13.0,0.30768972,78.0,15.0,19.453125,1.40625,33.984375,1.171875,0.234375,0.0,3.28125,1.171875,1.875,0.0,0.234375,0.703125,0.46875,0.0,0.46875,0.234375,0.0,0.234375,0.234375,0.0,0.234375,0.46875,0.0,86.83,66.67,28.57,100.0,0.0,46.67,50.0,40.0,0.0164269405689962,0.0424160343201414,0.0,2.109375,0.0468772078125,0.0,3.28125,3.046875,0.072114778125,18.28125,CM/AM,79,62,62,71,92,8,12,40,85,100,10,8,40,29,27,6,27,12,10,8,35,27,60,50,75,62,67,100,10,46,75,38,8,8,15,54,46,4,83,33,21,83,67,46,50,54,92,8,12,21,79,96,10,8,27,25,27,6,23,12,8,8,35,23,58,50,75,62,67,100,10,46,75,38,8,8,15,42,29,4,71,38,17,62,Ligue 1
Auxerre,9bxav814mkuhueiyivyive82d,cm78w42nflwgvshpnok680mlm,F. Oppegård,Fredrik Oppegård,24,Defender,Norway,Defender,22.0,25.0,1.0,46.0,0.0,0.0,0.0,5.0,8.0,4.0,205.0,0.0,2.0,1.0,0.0,0.0,2.0,0.0,0.0,5.0,6.0,0.0,3.0,1.0,0.0,79.31,20.0,50.0,60.0,0.0,26.32,0.0,0.0,0.0,0.1134517657459911,0.0,2.0,0.04878441,2.0,3.0,3.0,0.17593526,15.0,9.658536585365852,10.975609756097562,0.4390243902439024,20.195121951219512,0.0,0.0,0.0,2.1951219512195124,3.5121951219512195,1.7560975609756098,0.0,0.8780487804878049,0.4390243902439024,0.0,0.0,0.8780487804878049,0.0,0.0,2.1951219512195124,2.6341463414634148,0.0,1.3170731707317074,0.4390243902439024,0.0,79.31,20.0,50.0,60.0,0.0,26.32,0.0,0.0,0.0,0.0498080922787278,0.0,0.8780487804878049,0.0214175458536585,0.8780487804878049,1.3170731707317074,1.3170731707317074,0.0772398702439024,6.585365853658537,LB/LCB,8,8,8,4,10,15,27,10,46,27,35,35,17,8,44,44,29,44,56,60,44,58,31,46,25,17,83,73,35,8,12,8,12,33,27,10,12,31,12,8,8,8,8,12,12,4,10,15,27,12,62,71,35,62,21,8,44,58,29,44,75,92,44,100,50,46,25,17,83,73,35,8,12,8,12,46,27,21,25,50,17,8,12,8,Ligue 1
Auxerre,9bxav814mkuhueiyivyive82d,f3zl8ymo5ttze20sffzk044q1,D. Namaso,Danny Namaso,26,Attacker,Cameroon,Striker,33.0,69.0,2.0,102.0,8.0,10.0,7.0,27.0,4.0,1.0,406.0,6.0,19.0,5.0,8.0,1.0,7.0,3.0,2.0,12.0,14.0,1.0,6.0,0.0,0.0,82.26,28.57,0.0,50.0,60.0,46.55,53.33,88.89,0.8421424209413696,0.5166992136768468,4.0,13.0,0.34902062,8.0,14.0,15.0,0.4419602800000001,49.0,7.315270935960592,15.295566502463055,0.4433497536945813,22.610837438423644,1.7733990147783252,2.2167487684729066,1.5517241379310345,5.985221674876847,0.8866995073891626,0.2216748768472906,1.3300492610837438,4.211822660098522,1.1083743842364533,1.7733990147783252,0.2216748768472906,1.5517241379310345,0.6650246305418719,0.4433497536945813,2.6600985221674875,3.103448275862069,0.2216748768472906,1.3300492610837438,0.0,0.0,82.26,28.57,0.0,50.0,60.0,46.55,53.33,88.89,0.1866818174500573,0.1145392345589069,0.8866995073891626,2.8817733990147785,0.077369102955665,1.7733990147783252,3.103448275862069,3.3251231527093594,0.0979714906403941,10.862068965517242,ST,83,89,46,91,76,63,46,80,87,50,78,57,61,98,78,83,74,59,96,98,46,96,39,52,70,9,39,61,83,65,74,67,17,78,83,91,91,96,100,91,87,96,74,78,28,83,74,26,22,70,76,39,65,22,48,91,78,78,65,57,83,91,26,87,39,52,70,9,39,61,83,65,74,67,13,78,74,91,87,96,91,91,91,87,Ligue 1
Troyes,3unkqo2g6ag99gd5ynz1j7vse,6m85ntwegbkk9zkodmxka76dw,D. Karim,Dermane Karim,22,Midfielder,Togo,Midfielder,32.0,72.0,5.0,103.0,0.0,6.0,2.0,15.0,2.0,2.0,276.0,1.0,6.0,3.0,7.0,0.0,3.0,4.0,3.0,6.0,6.0,0.0,3.0,1.0,0.0,81.75,50.0,50.0,50.0,16.67,41.67,0.0,77.78,0.4890726118973429,0.2161760696996147,2.0,10.0,0.28983323,4.0,10.0,14.0,0.4824937599999999,64.0,10.434782608695652,23.47826086956521,1.6304347826086956,33.586956521739125,0.0,1.9565217391304344,0.6521739130434783,4.891304347826087,0.6521739130434783,0.6521739130434783,0.3260869565217391,1.9565217391304344,0.9782608695652172,2.282608695652174,0.0,0.9782608695652172,1.3043478260869563,0.9782608695652172,1.9565217391304344,1.9565217391304344,0.0,0.9782608695652172,0.3260869565217391,0.0,81.75,50.0,50.0,50.0,16.67,41.67,0.0,77.78,0.1594801995317422,0.0704921966411787,0.6521739130434783,3.260869565217391,0.0945108358695652,1.3043478260869563,3.260869565217391,4.565217391304348,0.1573349217391303,20.869565217391305,CM/AM,25,42,50,33,15,75,44,50,42,38,38,23,40,92,27,21,92,90,48,44,35,50,40,50,38,29,98,58,25,12,17,75,62,12,52,65,71,52,52,52,58,65,46,58,62,50,15,88,50,67,38,38,38,29,50,92,27,29,100,92,58,58,35,67,46,50,38,29,98,58,25,12,17,75,75,17,71,83,83,71,67,67,75,75,Ligue 1
Troyes,3unkqo2g6ag99gd5ynz1j7vse,82po88ekor7bhxfcnwmvsmdjo,A. Ouzenadji,Anis Ouzenadji,19,Defender,France,Defender,55.0,83.0,4.0,135.0,1.0,1.0,1.0,30.0,13.0,6.0,450.0,0.0,10.0,12.0,8.0,1.0,5.0,0.0,0.0,11.0,12.0,0.0,5.0,3.0,1.0,74.59,14.81,16.67,45.45,0.0,61.22,20.0,66.67,0.0642123716551998,0.3458381700849435,0.0,11.0,0.31838106,5.0,13.0,18.0,0.4620559999999998,78.0,11.0,16.6,0.8,27.0,0.2,0.2,0.2,6.0,2.6,1.2,0.0,2.0,2.4,1.6,0.2,1.0,0.0,0.0,2.2,2.4,0.0,1.0,0.6,0.2,74.59,14.81,16.67,45.45,0.0,61.22,20.0,66.67,0.0128424743310399,0.0691676340169887,0.0,2.2,0.063676212,1.0,2.6,3.6,0.0924111999999999,15.6,LB/LCB,25,81,42,46,29,46,65,96,60,69,35,88,100,96,94,88,29,44,96,98,44,90,75,96,4,8,25,42,35,71,27,79,50,62,27,92,96,77,58,65,46,54,12,48,21,21,21,31,56,81,50,38,35,81,100,79,90,65,29,44,79,81,44,69,65,92,4,8,25,42,35,71,27,79,38,58,27,88,92,54,29,50,25,33,Ligue 1
Troyes,3unkqo2g6ag99gd5ynz1j7vse,83jbypvdtua0f2a50we2ndz6y,I. Gomis,Iron Gomis,26,Midfielder,France,Midfielder,10.0,38.0,2.0,48.0,8.0,5.0,5.0,20.0,4.0,2.0,272.0,0.0,9.0,4.0,4.0,0.0,2.0,0.0,1.0,5.0,5.0,0.0,1.0,0.0,0.0,80.0,100.0,0.0,20.0,0.0,51.28,57.14,57.14,0.4844946521593316,0.064134888014672,2.0,3.0,0.06282504,1.0,9.0,6.0,0.1134751899999999,24.0,3.308823529411765,12.573529411764708,0.6617647058823529,15.882352941176473,2.647058823529412,1.6544117647058825,1.6544117647058825,6.61764705882353,1.3235294117647058,0.6617647058823529,0.0,2.9779411764705883,1.3235294117647058,1.3235294117647058,0.0,0.6617647058823529,0.0,0.3308823529411764,1.6544117647058825,1.6544117647058825,0.0,0.3308823529411764,0.0,0.0,80.0,100.0,0.0,20.0,0.0,51.28,57.14,57.14,0.1603107304938965,0.0212211026519135,0.6617647058823529,0.9926470588235294,0.0207876970588235,0.3308823529411764,2.9779411764705883,1.9852941176470589,0.037546937867647,7.9411764705882355,CM,100,100,100,100,100,100,100,100,100,100,100,100,100,100,100,100,100,100,100,100,100,100,100,100,100,100,100,100,100,100,100,100,100,100,100,100,100,100,100,100,100,100,100,100,100,100,100,100,100,100,100,100,100,100,100,100,100,100,100,100,100,100,100,100,100,100,100,100,100,100,100,100,100,100,100,100,100,100,100,100,100,100,100,100,Ligue 1
Troyes,3unkqo2g6ag99gd5ynz1j7vse,8bksz6c74dci1fvznxledrwiy,K. Diawara,Kandet Diawara,26,Attacker,Guinea,Striker,7.0,40.0,0.0,47.0,2.0,4.0,2.0,14.0,1.0,2.0,219.0,1.0,10.0,6.0,0.0,1.0,3.0,2.0,1.0,6.0,6.0,0.0,4.0,0.0,0.0,75.81,0.0,0.0,66.67,25.0,60.87,40.0,0.0,0.310558930576929,0.4077970565913824,2.0,11.0,0.35043425,5.0,3.0,7.0,0.44803234,23.0,2.876712328767124,16.438356164383563,0.0,19.315068493150687,0.8219178082191781,1.6438356164383563,0.8219178082191781,5.753424657534247,0.4109589041095891,0.8219178082191781,0.4109589041095891,4.109589041095891,2.4657534246575343,0.0,0.4109589041095891,1.2328767123287672,0.8219178082191781,0.4109589041095891,2.4657534246575343,2.4657534246575343,0.0,1.6438356164383563,0.0,0.0,75.81,0.0,0.0,66.67,25.0,60.87,40.0,0.0,0.1276269577713407,0.1675878314759105,0.8219178082191781,4.52054794520548,0.1440140753424657,2.054794520547945,1.2328767123287672,2.876712328767124,0.1841228794520548,9.45205479452055,LW,7,36,11,21,61,25,21,43,39,54,25,32,68,7,75,32,39,39,21,21,32,57,21,54,36,11,21,96,36,100,57,7,21,50,46,68,64,71,46,61,57,50,7,71,11,50,71,29,21,71,50,71,21,43,93,7,93,36,57,43,50,43,32,71,21,54,36,11,21,96,36,100,57,7,29,57,50,79,79,86,50,71,71,71,Ligue 1
Troyes,3unkqo2g6ag99gd5ynz1j7vse,8oi2f8vvytlvm1fx50q0l11ey,A. Mille,Antoine Mille,29,Midfielder,France,Midfielder,45.0,86.0,9.0,127.0,11.0,8.0,6.0,31.0,2.0,3.0,353.0,2.0,16.0,3.0,5.0,1.0,8.0,2.0,3.0,12.0,12.0,1.0,4.0,4.0,0.0,83.01,64.29,17.39,33.33,25.0,51.67,78.57,38.46,0.5992795391057288,0.9978420212673946,0.0,14.0,0.37688093,6.0,19.0,26.0,1.0770636300000005,76.0,11.473087818696884,21.926345609065155,2.294617563739377,32.37960339943343,2.8045325779036827,2.039660056657224,1.529745042492918,7.903682719546743,0.509915014164306,0.764872521246459,0.509915014164306,4.079320113314448,0.764872521246459,1.274787535410765,0.254957507082153,2.039660056657224,0.509915014164306,0.764872521246459,3.059490084985836,3.059490084985836,0.254957507082153,1.019830028328612,1.019830028328612,0.0,83.01,64.29,17.39,33.33,25.0,51.67,78.57,38.46,0.1527908173357382,0.2544073142041516,0.0,3.5694050991501416,0.0960886223796034,1.529745042492918,4.8441926345609065,6.628895184135978,0.2746054580736545,19.376770538243623,RM/RCM,50,70,90,60,100,80,95,100,35,50,80,85,45,75,85,80,75,85,85,80,85,60,90,55,60,90,60,35,75,60,100,40,80,100,35,80,80,60,80,90,100,75,40,60,80,50,100,80,90,100,30,50,80,80,50,60,100,80,70,90,80,80,90,50,90,55,60,90,60,35,75,60,100,40,80,90,35,80,90,60,90,90,100,80,Ligue 1
Troyes,3unkqo2g6ag99gd5ynz1j7vse,8y3eslj8a5bm2rj0aoaluf7kk,M. Diop,Mouhamed Diop,25,Midfielder,Senegal,Midfielder,66.0,80.0,16.0,146.0,1.0,7.0,5.0,16.0,9.0,5.0,412.0,0.0,8.0,4.0,6.0,0.0,1.0,2.0,1.0,3.0,3.0,0.0,1.0,0.0,0.0,89.57,76.19,0.0,33.33,0.0,35.56,20.0,60.0,0.7185193619885705,0.0,2.0,4.0,0.08380423,5.0,11.0,14.0,0.31911078,78.0,14.41747572815534,17.475728155339805,3.4951456310679614,31.893203883495147,0.2184466019417476,1.529126213592233,1.0922330097087378,3.4951456310679614,1.966019417475728,1.0922330097087378,0.0,1.7475728155339807,0.8737864077669903,1.3106796116504855,0.0,0.2184466019417476,0.4368932038834952,0.2184466019417476,0.6553398058252428,0.6553398058252428,0.0,0.2184466019417476,0.0,0.0,89.57,76.19,0.0,33.33,0.0,35.56,20.0,60.0,0.1569581130557557,0.0,0.4368932038834952,0.8737864077669903,0.0183067492718446,1.0922330097087378,2.402912621359224,3.058252427184466,0.0697086655339805,17.038834951456312,DM/CM,26,42,76,30,33,79,92,45,73,50,20,85,53,64,38,17,44,52,41,38,42,26,24,50,45,82,24,30,20,9,42,33,82,11,52,36,36,86,29,38,33,36,9,24,67,15,24,73,88,42,61,39,20,82,48,61,38,15,36,52,36,36,42,24,24,50,45,82,24,30,20,9,42,33,85,11,48,33,33,79,21,21,30,33,Ligue 1
Troyes,3unkqo2g6ag99gd5ynz1j7vse,9c649h97duf864wx0k6e3yn6d,A. Monfray,Adrien Monfray,35,Defender,France,Defender,133.0,97.0,26.0,230.0,12.0,6.0,4.0,31.0,21.0,9.0,450.0,1.0,6.0,4.0,13.0,0.0,4.0,2.0,2.0,1.0,1.0,0.0,1.0,0.0,0.0,85.5,57.78,0.0,100.0,16.67,73.81,70.59,86.67,0.5346570264832337,0.2413551724693618,2.0,2.0,0.03620728,0.0,35.0,35.0,0.7230560999999999,167.0,26.6,19.4,5.2,46.0,2.4,1.2,0.8,6.2,4.2,1.8,0.2,1.2,0.8,2.6,0.0,0.8,0.4,0.4,0.2,0.2,0.0,0.2,0.0,0.0,85.5,57.78,0.0,100.0,16.67,73.81,70.59,86.67,0.1069314052966467,0.0482710344938723,0.4,0.4,0.007241456,0.0,7.0,7.0,0.1446112199999999,33.4,RB/RCB,86,79,100,81,93,86,86,100,86,93,69,64,67,100,45,62,74,86,21,19,36,38,19,48,57,86,19,93,62,100,100,90,86,48,76,24,19,10,100,100,67,95,81,74,100,81,90,76,74,90,86,76,57,57,62,100,45,55,64,81,19,17,36,26,19,48,57,86,19,93,62,100,100,90,71,48,71,21,19,10,100,95,62,95,Ligue 1
Troyes,3unkqo2g6ag99gd5ynz1j7vse,9k8zmlixgthv1pw9hyitzpt6,L. Maronnier,Lucas Maronnier,26,Defender,France,Defender,20.0,34.0,2.0,49.0,2.0,4.0,2.0,16.0,3.0,3.0,238.0,1.0,2.0,3.0,4.0,0.0,4.0,2.0,1.0,2.0,3.0,1.0,2.0,5.0,0.0,74.24,22.22,45.45,100.0,25.0,69.57,40.0,44.44,0.2830531739468516,0.4968943109607183,2.0,7.0,0.15503458,2.0,7.0,5.0,0.7295034100000001,28.0,7.563025210084033,12.857142857142858,0.7563025210084033,18.529411764705884,0.7563025210084033,1.512605042016807,0.7563025210084033,6.050420168067227,1.134453781512605,1.134453781512605,0.3781512605042016,0.7563025210084033,1.134453781512605,1.512605042016807,0.0,1.512605042016807,0.7563025210084033,0.3781512605042016,0.7563025210084033,1.134453781512605,0.3781512605042016,0.7563025210084033,1.8907563025210083,0.0,74.24,22.22,45.45,100.0,25.0,69.57,40.0,44.44,0.1070369145177169,0.1879012100271624,0.7563025210084033,2.647058823529412,0.0586265218487394,0.7563025210084033,2.647058823529412,1.8907563025210083,0.2758626340336135,10.588235294117649,RB/RCB,5,5,12,5,36,69,62,45,10,38,69,26,55,57,45,62,74,57,31,38,81,60,69,48,10,10,83,93,71,95,55,40,52,76,76,62,62,40,26,14,76,10,5,24,14,5,43,81,67,86,10,57,81,38,71,76,45,86,86,76,43,52,90,76,86,48,10,10,83,93,71,95,55,40,76,90,90,81,71,52,48,19,90,10,Ligue 1
Troyes,3unkqo2g6ag99gd5ynz1j7vse,a7rdypucykxo0a9xmcuqzabpx,R. Ripart,Renaud Ripart,33,Attacker,France,Striker,10.0,25.0,4.0,34.0,13.0,8.0,7.0,24.0,0.0,1.0,275.0,3.0,14.0,7.0,3.0,0.0,1.0,1.0,1.0,2.0,2.0,1.0,0.0,1.0,0.0,56.67,80.0,50.0,0.0,37.5,48.98,46.43,75.0,0.8783064843097774,0.1142949291333117,1.0,1.0,0.01935132,1.0,5.0,6.0,0.09669793,14.0,3.272727272727273,8.181818181818182,1.309090909090909,11.127272727272729,4.254545454545455,2.618181818181818,2.290909090909091,7.854545454545455,0.0,0.3272727272727272,0.981818181818182,4.581818181818182,2.290909090909091,0.981818181818182,0.0,0.3272727272727272,0.3272727272727272,0.3272727272727272,0.6545454545454545,0.6545454545454545,0.3272727272727272,0.0,0.3272727272727272,0.0,56.67,80.0,50.0,0.0,37.5,48.98,46.43,75.0,0.2874457585013817,0.037405613170902,0.3272727272727272,0.3272727272727272,0.0063331592727272,0.3272727272727272,1.6363636363636365,1.963636363636364,0.0316465952727272,4.581818181818182,ST,17,24,87,17,87,37,46,74,17,50,28,20,83,74,33,11,35,28,20,17,46,9,80,52,4,59,91,9,35,83,57,57,22,13,26,9,9,46,70,57,17,30,22,30,87,17,91,52,52,87,17,57,26,26,96,78,33,9,35,26,22,22,57,9,83,52,4,59,91,9,35,83,57,57,39,17,22,9,9,52,87,78,17,39,Ligue 1
Troyes,3unkqo2g6ag99gd5ynz1j7vse,eja2nphte2kxb19bz108zk7is,J. Diaz,Junior Diaz,23,Defender,Côte d'Ivoire,Defender,106.0,61.0,13.0,167.0,8.0,3.0,2.0,14.0,14.0,6.0,450.0,1.0,5.0,1.0,5.0,0.0,1.0,1.0,2.0,1.0,1.0,0.0,0.0,0.0,1.0,89.78,59.09,0.0,0.0,33.33,53.85,66.67,83.33,0.2636270137130453,0.0541176059577554,1.0,3.0,0.07264512,1.0,15.0,12.0,0.22753431,102.0,21.2,12.2,2.6,33.4,1.6,0.6,0.4,2.8,2.8,1.2,0.2,1.0,0.2,1.0,0.0,0.2,0.2,0.4,0.2,0.2,0.0,0.0,0.0,0.2,89.78,59.09,0.0,0.0,33.33,53.85,66.67,83.33,0.052725402742609,0.010823521191551,0.2,0.6,0.0145290239999999,0.2,3.0,2.4,0.0455068619999999,20.4,CB,12,42,73,33,50,71,60,25,25,60,83,79,29,77,46,56,83,96,69,65,46,35,46,88,25,79,46,35,83,29,54,83,50,58,85,73,88,60,67,60,29,33,8,29,69,8,42,58,54,15,15,50,81,75,25,62,46,46,79,94,62,56,46,35,46,85,25,79,46,35,83,29,54,83,46,58,83,62,75,54,62,56,21,21,Ligue 1
Troyes,3unkqo2g6ag99gd5ynz1j7vse,ekinrtbex5kz9l7x9gbxikjkk,M. Ifnaoui,Merwan Ifnaoui,27,Midfielder,France,Midfielder,22.0,61.0,7.0,79.0,1.0,1.0,1.0,5.0,2.0,1.0,236.0,0.0,6.0,2.0,0.0,0.0,9.0,0.0,1.0,6.0,6.0,0.0,1.0,4.0,0.0,79.8,53.85,36.36,16.67,0.0,38.46,50.0,0.0,0.1025948520385224,0.8726235058719343,0.0,8.0,0.21545152,2.0,7.0,14.0,0.4705267399999998,34.0,8.389830508474576,23.26271186440678,2.669491525423729,30.1271186440678,0.3813559322033898,0.3813559322033898,0.3813559322033898,1.9067796610169487,0.7627118644067796,0.3813559322033898,0.0,2.288135593220339,0.7627118644067796,0.0,0.0,3.4322033898305087,0.0,0.3813559322033898,2.288135593220339,2.288135593220339,0.0,0.3813559322033898,1.5254237288135593,0.0,79.8,53.85,36.36,16.67,0.0,38.46,50.0,0.0,0.0391251554384195,0.3327801505443817,0.0,3.0508474576271185,0.0821637152542373,0.7627118644067796,2.669491525423729,5.338983050847458,0.1794381635593219,12.966101694915254,RM/RCM,10,50,75,40,50,30,30,10,35,20,25,20,25,15,35,90,25,35,30,25,35,15,90,55,30,70,90,10,25,30,90,15,30,90,35,50,50,20,40,60,50,35,10,70,90,30,60,40,40,10,60,30,25,30,40,15,35,100,25,40,50,40,35,20,100,55,30,70,90,10,25,30,90,15,30,100,35,60,60,30,60,70,60,40,Ligue 1
Troyes,3unkqo2g6ag99gd5ynz1j7vse,es8xeko9cu9hvx5smdxiqan84,H. Picard,Hugo Picard,23,Midfielder,France,Midfielder,24.0,74.0,3.0,86.0,0.0,3.0,1.0,7.0,1.0,3.0,316.0,0.0,7.0,2.0,4.0,0.0,12.0,2.0,2.0,4.0,4.0,0.0,0.0,12.0,0.0,84.31,75.0,46.15,0.0,0.0,33.33,0.0,80.0,0.2261274424474509,1.0405716104266671,1.0,20.0,0.5969215399999999,5.0,2.0,12.0,0.74102997,32.0,6.835443037974684,21.075949367088608,0.8544303797468354,24.49367088607595,0.0,0.8544303797468354,0.2848101265822785,1.993670886075949,0.2848101265822785,0.8544303797468354,0.0,1.993670886075949,0.569620253164557,1.139240506329114,0.0,3.4177215189873418,0.569620253164557,0.569620253164557,1.139240506329114,1.139240506329114,0.0,0.0,3.4177215189873418,0.0,84.31,75.0,46.15,0.0,0.0,33.33,0.0,80.0,0.0644033855071853,0.2963653320835444,0.2848101265822785,5.69620253164557,0.1700092993670885,1.4240506329113924,0.569620253164557,3.4177215189873418,0.211052839556962,9.113924050632912,LM/LCM,12,38,31,38,25,12,38,25,12,62,12,50,31,62,31,100,38,75,56,50,44,12,100,56,38,75,75,12,12,25,25,88,12,100,31,100,100,81,12,38,62,38,12,50,38,38,25,25,25,25,12,50,12,50,25,75,31,100,38,62,62,62,44,12,100,56,38,75,75,12,12,25,25,88,25,100,38,100,100,75,12,38,62,38,Ligue 1
Lorient,70nn27vgkt6l48lvv5e66q7ww,1cmhl6aqp9yml3peme245rb4k,M. Koné,Mamadou Koné,19,Attacker,Côte d'Ivoire,Striker,6.0,23.0,0.0,29.0,4.0,8.0,8.0,14.0,0.0,2.0,249.0,6.0,14.0,5.0,1.0,0.0,4.0,0.0,1.0,8.0,8.0,1.0,1.0,0.0,0.0,72.5,0.0,0.0,12.5,75.0,34.15,44.44,25.0,1.2940048581838235,0.2961495991197124,1.0,5.0,0.15332894,3.0,2.0,2.0,0.0922414699999999,7.0,2.1686746987951806,8.313253012048193,0.0,10.481927710843374,1.4457831325301205,2.891566265060241,2.891566265060241,5.0602409638554215,0.0,0.7228915662650602,2.1686746987951806,5.0602409638554215,1.8072289156626504,0.3614457831325301,0.0,1.4457831325301205,0.0,0.3614457831325301,2.891566265060241,2.891566265060241,0.3614457831325301,0.3614457831325301,0.0,0.0,72.5,0.0,0.0,12.5,75.0,34.15,44.44,25.0,0.4677125993435507,0.1070420237782093,0.3614457831325301,1.8072289156626504,0.0554200987951807,1.0843373493975903,0.7228915662650602,0.7228915662650602,0.0333402903614457,2.5301204819277108,ST,4,13,4,4,39,37,65,50,17,78,78,20,61,39,33,48,13,28,76,74,46,28,39,52,26,4,39,17,100,17,48,30,74,43,26,65,65,78,26,17,13,9,4,39,4,9,57,65,83,65,17,83,91,39,74,48,33,74,13,39,87,78,70,39,39,52,26,4,39,17,100,17,48,30,91,61,30,74,65,78,39,22,22,9,Ligue 1
Lorient,70nn27vgkt6l48lvv5e66q7ww,2zvbw080n4yro1phgv39ri3qi,T. Le Bris,Théo Le Bris,23,Midfielder,France,Midfielder,33.0,31.0,1.0,64.0,0.0,4.0,2.0,16.0,10.0,7.0,273.0,1.0,8.0,2.0,5.0,0.0,2.0,2.0,2.0,6.0,7.0,0.0,5.0,0.0,0.0,76.19,16.67,0.0,83.33,25.0,57.14,0.0,55.56,0.328226597889157,0.0517429288703514,2.0,4.0,0.09069257,2.0,3.0,3.0,0.10664079,23.0,10.87912087912088,10.21978021978022,0.3296703296703296,21.0989010989011,0.0,1.3186813186813189,0.6593406593406593,5.274725274725275,3.296703296703297,2.307692307692308,0.3296703296703296,2.6373626373626373,0.6593406593406593,1.6483516483516485,0.0,0.6593406593406593,0.6593406593406593,0.6593406593406593,1.978021978021978,2.307692307692308,0.0,1.6483516483516485,0.0,0.0,76.19,16.67,0.0,83.33,25.0,57.14,0.0,55.56,0.1082065707326891,0.0170581084187971,0.6593406593406593,1.3186813186813189,0.0298986494505494,0.6593406593406593,0.989010989010989,0.989010989010989,0.0351563043956043,7.582417582417583,RM/RCM,40,10,15,10,20,50,50,50,80,95,60,30,25,75,35,10,75,60,30,40,35,70,15,55,10,10,15,100,75,100,20,60,50,10,80,10,10,20,15,10,10,20,30,10,10,10,20,70,50,70,90,90,70,50,30,90,35,20,80,60,40,50,35,80,15,55,10,10,15,100,75,100,20,60,70,10,80,20,20,20,10,10,10,20,Ligue 1
Lorient,70nn27vgkt6l48lvv5e66q7ww,3rzjr8wdopfb1xj0d7sq0vrpw,G. Bernardeau,Gabin Bernardeau,20,Midfielder,France,Midfielder,34.0,34.0,2.0,62.0,3.0,5.0,3.0,19.0,4.0,1.0,333.0,1.0,14.0,8.0,4.0,0.0,3.0,2.0,2.0,7.0,7.0,0.0,3.0,6.0,0.0,63.27,33.33,42.86,42.86,20.0,50.0,37.5,80.0,0.465954661517519,0.4404639322254929,0.0,4.0,0.1293311099999999,4.0,5.0,5.0,0.4585279499999999,22.0,9.18918918918919,9.18918918918919,0.5405405405405405,16.756756756756754,0.8108108108108107,1.351351351351351,0.8108108108108107,5.135135135135135,1.081081081081081,0.2702702702702702,0.2702702702702702,3.783783783783784,2.162162162162162,1.081081081081081,0.0,0.8108108108108107,0.5405405405405405,0.5405405405405405,1.891891891891892,1.891891891891892,0.0,0.8108108108108107,1.6216216216216215,0.0,63.27,33.33,42.86,42.86,20.0,50.0,37.5,80.0,0.1259336923020321,0.1190443060068899,0.0,1.081081081081081,0.034954354054054,1.081081081081081,1.351351351351351,1.351351351351351,0.1239264729729729,5.945945945945946,CM/AM,29,4,15,4,79,60,65,73,73,19,38,81,88,62,27,21,56,67,58,56,35,50,92,50,4,12,92,42,33,75,56,83,54,46,15,8,21,52,12,8,50,4,21,8,12,8,88,58,62,79,75,21,33,71,92,58,27,21,58,79,50,50,35,50,92,50,4,12,92,42,33,75,56,83,50,42,15,4,21,54,8,8,42,8,Ligue 1
Lorient,70nn27vgkt6l48lvv5e66q7ww,5c2zuz7f53hvqn5be1k2nddsk,A. Kouassi,Arsène Kouassi,22,Defender,Burkina Faso,Defender,77.0,92.0,1.0,166.0,3.0,1.0,0.0,18.0,7.0,4.0,450.0,0.0,9.0,7.0,2.0,1.0,8.0,1.0,0.0,12.0,12.0,0.0,4.0,3.0,0.0,82.18,12.5,27.27,33.33,0.0,50.0,75.0,50.0,0.0396821938144846,0.7854469438195961,1.0,12.0,0.30183701,4.0,6.0,13.0,0.5682174300000001,60.0,15.4,18.4,0.2,33.2,0.6,0.2,0.0,3.6,1.4,0.8,0.0,1.8,1.4,0.4,0.2,1.6,0.2,0.0,2.4,2.4,0.0,0.8,0.6,0.0,82.18,12.5,27.27,33.33,0.0,50.0,75.0,50.0,0.0079364387628969,0.1570893887639192,0.2,2.4,0.060367402,0.8,1.2,2.6,0.113643486,12.0,LB/LCB,46,92,8,67,54,46,27,65,40,27,35,83,83,33,94,100,71,44,100,98,44,75,75,46,46,4,62,25,35,38,88,46,29,100,71,96,92,60,19,42,71,38,29,75,4,33,46,31,27,38,17,12,35,71,75,27,90,100,60,44,92,81,44,50,65,46,46,4,62,25,35,38,88,46,29,92,56,92,83,46,12,21,50,25,Ligue 1
Lorient,70nn27vgkt6l48lvv5e66q7ww,5wsz3usdkj01snq28pzpiwb2s,A. Avom,Arthur Avom,21,Midfielder,Cameroon,Midfielder,116.0,112.0,18.0,227.0,1.0,4.0,0.0,16.0,2.0,9.0,314.0,0.0,2.0,4.0,3.0,0.0,3.0,4.0,1.0,3.0,6.0,0.0,1.0,1.0,0.0,87.64,62.07,25.0,33.33,0.0,61.54,33.33,30.0,0.2576631994733357,0.2597110326122945,3.0,6.0,0.15378389,4.0,21.0,36.0,1.1788368500000004,136.0,33.2484076433121,32.101910828025474,5.159235668789809,65.06369426751593,0.286624203821656,1.1464968152866242,0.0,4.585987261146497,0.5732484076433121,2.579617834394905,0.0,0.5732484076433121,1.1464968152866242,0.8598726114649682,0.0,0.8598726114649682,1.1464968152866242,0.286624203821656,0.8598726114649682,1.7197452229299364,0.0,0.286624203821656,0.286624203821656,0.0,87.64,62.07,25.0,33.33,0.0,61.54,33.33,30.0,0.0738525094031854,0.074439467946199,0.8598726114649682,1.7197452229299364,0.0440781850318471,1.1464968152866242,6.019108280254777,10.318471337579618,0.3378831735668791,38.98089171974522,DM/CM,67,70,82,70,33,41,18,45,12,94,20,35,53,33,38,36,74,52,41,68,42,26,61,50,33,27,59,30,20,85,50,15,39,52,68,56,64,73,71,92,94,79,85,82,88,82,39,58,18,61,9,97,20,36,68,42,38,45,83,64,52,76,42,32,67,50,33,27,59,30,20,85,50,15,52,55,82,67,67,83,82,94,100,82,Ligue 1
Lorient,70nn27vgkt6l48lvv5e66q7ww,60no437awq8i5th7nlffh3dn9,J. Makengo,Jean-Victor Makengo,28,Midfielder,France,Midfielder,78.0,76.0,7.0,154.0,7.0,7.0,5.0,32.0,4.0,1.0,418.0,2.0,13.0,16.0,6.0,0.0,3.0,2.0,1.0,12.0,13.0,1.0,4.0,0.0,0.0,88.0,77.78,0.0,33.33,28.57,56.14,58.33,100.0,0.7778598767822449,0.2462059921359418,3.0,9.0,0.23803785,4.0,13.0,14.0,0.4509211099999999,53.0,16.79425837320574,16.363636363636363,1.507177033492823,33.1578947368421,1.507177033492823,1.507177033492823,1.076555023923445,6.889952153110047,0.8612440191387559,0.2153110047846889,0.4306220095693779,2.799043062200957,3.444976076555024,1.2918660287081338,0.0,0.6459330143540669,0.4306220095693779,0.2153110047846889,2.583732057416268,2.799043062200957,0.2153110047846889,0.8612440191387559,0.0,0.0,88.0,77.78,0.0,33.33,28.57,56.14,58.33,100.0,0.1674817916516795,0.0530108595508008,0.6459330143540669,1.9377990430622007,0.051252168660287,0.8612440191387559,2.799043062200957,3.014354066985646,0.0970882772727272,11.411483253588516,CM/AM,83,54,71,75,96,85,88,96,73,19,71,73,100,83,27,21,56,38,94,96,81,65,15,50,83,92,15,31,50,88,92,96,92,17,77,54,54,52,73,52,46,48,75,25,58,38,96,71,75,96,67,17,62,42,100,71,27,12,42,29,75,71,75,58,15,50,83,92,15,31,50,88,92,96,79,12,62,38,38,38,46,29,25,25,Ligue 1
Lorient,70nn27vgkt6l48lvv5e66q7ww,996i59930r3kd4xk48x9fsp2h,M. Talbi,Montassar Talbi,28,Defender,Tunisia,Defender,213.0,70.0,11.0,283.0,15.0,3.0,3.0,23.0,36.0,5.0,450.0,2.0,8.0,2.0,3.0,0.0,1.0,0.0,0.0,0.0,1.0,0.0,0.0,0.0,0.0,91.88,47.83,0.0,0.0,66.67,69.7,62.5,50.0,0.3797257126423757,0.0,0.0,3.0,0.05867334,0.0,16.0,14.0,0.4724275499999999,190.0,42.6,14.0,2.2,56.6,3.0,0.6,0.6,4.6,7.2,1.0,0.4,1.6,0.4,0.6,0.0,0.2,0.0,0.0,0.0,0.2,0.0,0.0,0.0,0.0,91.88,47.83,0.0,0.0,66.67,69.7,62.5,50.0,0.0759451425284751,0.0,0.0,0.6,0.011734668,0.0,3.2,2.8,0.0944855099999999,38.0,CB,79,54,62,71,96,71,79,92,92,46,94,96,58,38,46,56,38,38,29,65,46,35,46,40,75,50,46,35,94,62,46,31,75,27,40,73,67,25,73,71,83,79,58,46,48,50,81,58,73,65,88,33,92,88,50,29,46,46,38,38,29,56,46,35,46,40,75,50,46,35,94,62,46,31,67,27,40,62,58,25,67,67,79,71,Ligue 1
Lorient,70nn27vgkt6l48lvv5e66q7ww,ax69g2ukn2tsaz71n0waf58q2,N. Cadiou,Noah Cadiou,27,Midfielder,Guadeloupe,Midfielder,143.0,109.0,23.0,252.0,6.0,8.0,3.0,22.0,5.0,4.0,444.0,0.0,5.0,5.0,6.0,0.0,4.0,5.0,1.0,8.0,8.0,0.0,4.0,0.0,0.0,82.08,62.16,0.0,50.0,0.0,52.38,46.15,85.71,0.6322789717872724,0.2612617289298237,5.0,13.0,0.26066847,4.0,17.0,20.0,0.4735772499999999,125.0,28.986486486486484,22.0945945945946,4.662162162162162,51.08108108108108,1.2162162162162162,1.6216216216216215,0.6081081081081081,4.45945945945946,1.0135135135135134,0.8108108108108107,0.0,1.0135135135135134,1.0135135135135134,1.2162162162162162,0.0,0.8108108108108107,1.0135135135135134,0.2027027027027027,1.6216216216216215,1.6216216216216215,0.0,0.8108108108108107,0.0,0.0,82.08,62.16,0.0,50.0,0.0,52.38,46.15,85.71,0.128164656443366,0.0529584585668561,1.0135135135135134,2.635135135135135,0.0528382033783783,0.8108108108108107,3.4459459459459456,4.0540540540540535,0.0959953885135134,25.337837837837835,DM/CM,79,65,89,79,82,83,79,79,39,32,20,59,74,64,38,53,85,52,79,77,42,82,24,50,12,30,24,52,20,61,61,85,79,55,92,92,85,73,58,73,61,70,73,55,82,61,76,79,73,58,33,15,20,58,52,55,38,39,76,42,73,70,42,73,24,50,12,30,24,52,20,61,61,85,70,42,94,88,88,67,45,55,45,58,Ligue 1
Lorient,70nn27vgkt6l48lvv5e66q7ww,csye3q50ciculdiggvcefx8x6,N. Adjei,Nathaniel Adjei,24,Defender,Ghana,Defender,206.0,82.0,9.0,287.0,10.0,0.0,0.0,27.0,22.0,12.0,435.0,0.0,0.0,6.0,5.0,0.0,1.0,0.0,0.0,3.0,3.0,0.0,3.0,1.0,1.0,94.1,75.0,100.0,100.0,0.0,69.23,55.56,62.5,0.0,0.139005903944904,0.0,4.0,0.0944190999999999,6.0,17.0,26.0,0.5246590099999999,158.0,42.62068965517242,16.96551724137931,1.862068965517241,59.37931034482759,2.0689655172413794,0.0,0.0,5.586206896551724,4.551724137931035,2.4827586206896552,0.0,0.0,1.2413793103448276,1.0344827586206895,0.0,0.2068965517241379,0.0,0.0,0.6206896551724138,0.6206896551724138,0.0,0.6206896551724138,0.2068965517241379,0.2068965517241379,94.1,75.0,100.0,100.0,0.0,69.23,55.56,62.5,0.0,0.0287598421954973,0.0,0.8275862068965518,0.0195349862068965,1.2413793103448276,3.517241379310345,5.379310344827586,0.1085501399999999,32.689655172413794,LB/LCB,100,75,75,100,96,15,27,92,92,96,35,8,75,67,44,27,29,44,29,27,44,58,31,96,96,100,98,96,35,92,65,69,12,42,27,40,33,92,77,96,58,100,100,54,71,100,96,15,27,71,88,92,35,8,67,58,44,21,29,44,17,17,44,42,25,96,96,100,98,96,35,92,65,69,12,25,27,17,17,75,58,83,33,100,Ligue 1
Lorient,70nn27vgkt6l48lvv5e66q7ww,dqrtbk6lsscer7078jro6z3hm,D. Sylla,Dembo Sylla,23,Defender,Guinea,Defender,119.0,93.0,12.0,212.0,12.0,0.0,0.0,29.0,17.0,13.0,432.0,0.0,0.0,8.0,3.0,0.0,0.0,0.0,0.0,3.0,4.0,0.0,1.0,0.0,0.0,88.33,54.55,0.0,33.33,0.0,63.04,66.67,33.33,0.0,0.0,0.0,0.0,0.0,0.0,0.0,0.0,0.0,0.0,24.791666666666668,19.375,2.5,44.16666666666667,2.5,0.0,0.0,6.041666666666667,3.541666666666667,2.708333333333333,0.0,0.0,1.6666666666666667,0.625,0.0,0.0,0.0,0.0,0.625,0.8333333333333334,0.0,0.2083333333333333,0.0,0.0,88.33,54.55,0.0,33.33,0.0,63.04,66.67,33.33,0.0,0.0,0.0,0.0,0.0,0.0,0.0,0.0,0.0,0.0,RB/RCB,81,67,69,76,93,12,17,86,79,100,29,7,93,38,45,10,26,19,45,52,36,38,19,48,81,76,19,40,29,88,90,24,10,10,26,7,7,10,5,5,5,5,67,67,71,67,95,12,17,81,76,100,29,7,90,29,45,10,26,19,33,43,36,38,19,48,81,76,19,40,29,88,90,24,10,10,26,7,7,10,5,5,5,5,Ligue 1
Le Havre,23pqcgxu1tip265hbe01kszbt,1anl1jfwm7l4p3y0tmyvueiuh,A. Seko,Ayumu Seko,26,Defender,Japan,Defender,145.0,85.0,21.0,229.0,6.0,5.0,2.0,14.0,23.0,8.0,450.0,0.0,4.0,2.0,3.0,0.0,6.0,3.0,2.0,1.0,1.0,0.0,1.0,1.0,0.0,88.42,60.0,100.0,100.0,0.0,50.0,66.67,60.0,0.3811508211547345,0.5175547571354173,2.0,3.0,0.06279657,2.0,24.0,27.0,0.5841766399999999,128.0,29.0,17.0,4.2,45.8,1.2,1.0,0.4,2.8,4.6,1.6,0.0,0.8,0.4,0.6,0.0,1.2,0.6,0.4,0.2,0.2,0.0,0.2,0.2,0.0,88.42,60.0,100.0,100.0,0.0,50.0,66.67,60.0,0.0762301642309468,0.1035109514270834,0.4,0.6,0.0125593139999999,0.4,4.8,5.4,0.1168353279999999,25.6,CB,38,75,96,42,27,96,60,25,54,88,40,62,58,38,46,100,100,96,69,65,46,79,96,40,17,85,100,92,40,21,54,44,79,100,98,73,75,85,96,94,96,46,12,67,92,21,17,88,54,15,42,71,40,62,50,29,46,100,96,94,62,56,46,73,92,40,17,85,100,92,40,21,54,44,71,100,96,62,62,79,83,83,83,29,Ligue 1
Le Havre,23pqcgxu1tip265hbe01kszbt,31j3z9eqoxl2qlgncgdiz1zpw,E. Jelert,Elias Jelert,23,Defender,Denmark,Defender,50.0,48.0,6.0,96.0,0.0,0.0,0.0,5.0,7.0,2.0,279.0,0.0,1.0,0.0,2.0,0.0,2.0,0.0,0.0,3.0,4.0,0.0,1.0,2.0,1.0,84.96,46.15,11.76,33.33,0.0,25.0,0.0,50.0,0.0,0.1477309609047956,0.0,5.0,0.11139085,1.0,5.0,8.0,0.1677390999999999,37.0,16.129032258064516,15.483870967741934,1.935483870967741,30.96774193548387,0.0,0.0,0.0,1.6129032258064515,2.258064516129032,0.6451612903225806,0.0,0.3225806451612903,0.0,0.6451612903225806,0.0,0.6451612903225806,0.0,0.0,0.9677419354838708,1.2903225806451613,0.0,0.3225806451612903,0.6451612903225806,0.3225806451612903,84.96,46.15,11.76,33.33,0.0,25.0,0.0,50.0,0.0,0.0476551486789663,0.0,1.6129032258064515,0.0359325322580645,0.3225806451612903,1.6129032258064515,2.5806451612903225,0.0541093870967741,11.935483870967742,RB/RCB,14,29,43,14,7,12,17,10,31,17,29,17,10,24,45,40,26,19,45,52,36,38,48,98,43,48,43,40,29,10,14,55,10,38,26,52,52,24,19,24,14,19,24,38,62,29,7,12,17,10,33,29,29,19,10,38,45,38,26,19,52,62,36,48,57,100,43,48,43,40,29,10,14,55,10,43,26,52,57,29,19,24,19,14,Ligue 1
Le Havre,23pqcgxu1tip265hbe01kszbt,45lcfmo0varfc325n562ul2j8,A. Richardson,Amir Richardson,24,Midfielder,Morocco,Midfielder,82.0,95.0,10.0,175.0,9.0,9.0,3.0,29.0,12.0,8.0,442.0,3.0,7.0,7.0,7.0,0.0,10.0,6.0,1.0,11.0,12.0,0.0,3.0,2.0,0.0,84.13,62.5,100.0,27.27,33.33,48.33,52.94,70.0,0.7492798235112894,0.5664188130465175,6.0,10.0,0.22995937,5.0,15.0,20.0,0.5651172499999998,95.0,16.696832579185518,19.34389140271493,2.0361990950226243,35.633484162895925,1.832579185520362,1.832579185520362,0.6108597285067873,5.90497737556561,2.443438914027149,1.6289592760180995,0.6108597285067873,1.425339366515837,1.425339366515837,1.425339366515837,0.0,2.0361990950226243,1.2217194570135743,0.2036199095022624,2.239819004524887,2.443438914027149,0.0,0.6108597285067873,0.4072398190045249,0.0,84.13,62.5,100.0,27.27,33.33,48.33,52.94,70.0,0.1525682898552399,0.1153341474529108,1.2217194570135743,2.0361990950226243,0.0468243061085972,1.0180995475113122,3.0542986425339365,4.072398190045249,0.1150691233031673,19.34389140271493,DM/CM,42,48,53,45,95,88,79,88,85,82,82,77,86,76,38,92,91,52,97,98,42,70,80,50,15,39,95,18,55,42,76,61,91,85,100,76,79,86,41,73,73,52,21,42,45,30,91,88,76,76,76,76,73,73,82,73,38,88,88,45,91,91,42,58,82,50,15,39,95,18,55,42,76,61,76,79,100,73,76,73,36,58,67,42,Ligue 1
Le Havre,23pqcgxu1tip265hbe01kszbt,4y1je8y7jioje2r96vf8zutxw,J. Mwanga,Junior Mwanga,23,Midfielder,France,Midfielder,57.0,25.0,5.0,82.0,0.0,0.0,0.0,7.0,9.0,4.0,245.0,0.0,0.0,1.0,4.0,0.0,1.0,0.0,0.0,0.0,0.0,0.0,0.0,0.0,0.0,90.11,71.43,0.0,0.0,0.0,36.84,0.0,66.67,0.0,0.0,0.0,0.0,0.0,0.0,0.0,0.0,0.0,0.0,20.93877551020408,9.183673469387754,1.836734693877551,30.12244897959184,0.0,0.0,0.0,2.571428571428571,3.3061224489795915,1.469387755102041,0.0,0.0,0.3673469387755101,1.469387755102041,0.0,0.3673469387755101,0.0,0.0,0.0,0.0,0.0,0.0,0.0,0.0,90.11,71.43,0.0,0.0,0.0,36.84,0.0,66.67,0.0,0.0,0.0,0.0,0.0,0.0,0.0,0.0,0.0,0.0,DM/CM,18,3,20,3,12,5,18,8,73,32,20,5,14,47,38,17,6,15,3,3,42,8,24,50,55,59,24,8,20,14,17,52,5,11,9,3,3,8,3,3,3,3,39,3,36,9,12,5,18,24,91,61,20,5,18,76,38,18,6,15,3,3,42,8,24,50,55,59,24,8,20,14,17,52,5,11,9,3,3,8,3,3,3,3,Ligue 1
Le Havre,23pqcgxu1tip265hbe01kszbt,5qpyf80if6m1o5vkwf1yt034l,M. Samatta,Mbwana Samatta,33,Attacker,Tanzania,Striker,24.0,48.0,7.0,70.0,19.0,20.0,15.0,30.0,4.0,2.0,428.0,9.0,30.0,4.0,3.0,0.0,2.0,5.0,5.0,9.0,9.0,2.0,2.0,2.0,0.0,70.0,77.78,66.67,22.22,45.0,54.55,70.37,50.0,2.0506074090698383,0.2477045724886925,6.0,8.0,0.18965889,3.0,6.0,7.0,0.36785511,31.0,5.046728971962617,10.093457943925234,1.47196261682243,14.719626168224298,3.9953271028037385,4.205607476635514,3.154205607476636,6.308411214953271,0.8411214953271028,0.4205607476635514,1.892523364485981,6.308411214953271,0.8411214953271028,0.6308411214953271,0.0,0.4205607476635514,1.0514018691588785,1.0514018691588785,1.892523364485981,1.892523364485981,0.4205607476635514,0.4205607476635514,0.4205607476635514,0.0,70.0,77.78,66.67,22.22,45.0,54.55,70.37,50.0,0.4312024925614146,0.0520874101027624,1.2616822429906542,1.6822429906542056,0.0398815422897196,0.6308411214953271,1.2616822429906542,1.47196261682243,0.0773527100467289,6.518691588785047,LW,71,64,79,57,100,100,100,100,86,54,100,93,36,68,25,18,82,93,57,54,100,29,71,54,11,71,93,14,79,86,93,36,100,21,82,43,29,43,71,61,50,71,29,29,79,21,100,86,93,100,71,43,93,79,29,50,25,14,71,86,36,29,100,14,57,54,11,71,93,14,79,86,93,36,93,21,71,21,21,36,57,36,43,43,Ligue 1
Le Havre,23pqcgxu1tip265hbe01kszbt,65nkv8grj2jhs2hlja63bp90p,A. Touba,Ahmed Touba,28,Defender,Algeria,Defender,109.0,62.0,20.0,171.0,8.0,1.0,1.0,18.0,31.0,13.0,360.0,0.0,2.0,0.0,5.0,0.0,1.0,0.0,1.0,2.0,2.0,0.0,1.0,0.0,0.0,86.8,64.52,0.0,50.0,0.0,56.25,66.67,55.56,0.1284553251764116,0.1449795386256745,0.0,2.0,0.03870264,2.0,19.0,23.0,0.5153370599999999,115.0,27.25,15.5,5.0,42.75,2.0,0.25,0.25,4.5,7.75,3.25,0.0,0.5,0.0,1.25,0.0,0.25,0.0,0.25,0.5,0.5,0.0,0.25,0.0,0.0,86.8,64.52,0.0,50.0,0.0,56.25,66.67,55.56,0.0321138312941029,0.0362448846564186,0.0,0.5,0.00967566,0.5,4.75,5.75,0.1288342649999999,28.75,LB/LCB,88,48,92,75,92,46,65,65,100,100,35,35,6,67,44,27,29,92,17,15,44,23,10,46,83,92,10,52,35,62,79,58,62,46,27,10,8,31,85,83,54,75,79,38,96,71,92,46,71,54,100,100,35,29,6,67,44,29,29,94,12,12,44,21,10,46,83,92,10,52,35,62,79,58,58,38,27,8,8,31,100,94,58,83,Ligue 1
Le Havre,23pqcgxu1tip265hbe01kszbt,aou0s44ekqc7vyp71mjf8n3mc,S. Ebonog,Simon Ebonog,22,Midfielder,France,Midfielder,73.0,99.0,5.0,171.0,3.0,4.0,1.0,32.0,2.0,11.0,434.0,2.0,9.0,10.0,6.0,0.0,5.0,3.0,2.0,10.0,10.0,0.0,6.0,1.0,0.0,86.8,62.5,20.0,60.0,50.0,47.76,33.33,46.15,0.236318255067781,0.3383356743767751,2.0,17.0,0.40611243,14.0,15.0,19.0,0.5535318899999999,94.0,15.138248847926269,20.52995391705069,1.036866359447005,35.46082949308756,0.6221198156682028,0.8294930875576038,0.2073732718894009,6.63594470046083,0.4147465437788019,2.28110599078341,0.4147465437788019,1.8663594470046083,2.0737327188940093,1.2442396313364057,0.0,1.036866359447005,0.6221198156682028,0.4147465437788019,2.0737327188940093,2.0737327188940093,0.0,1.2442396313364057,0.2073732718894009,0.0,86.8,62.5,20.0,60.0,50.0,47.76,33.33,46.15,0.0490060897605997,0.0701617757924188,0.4147465437788019,3.525345622119816,0.0842168633640553,2.903225806451613,3.110599078341014,3.940092165898618,0.1147877191244239,19.493087557603687,DM/CM,33,53,20,39,64,41,47,92,12,100,65,88,94,64,38,65,61,85,88,86,42,95,61,50,27,39,52,61,82,39,50,21,36,64,52,97,97,100,41,62,70,48,12,48,9,27,59,35,45,91,6,94,59,85,94,58,38,58,56,77,82,82,42,97,48,50,27,39,52,61,82,39,50,21,33,52,45,97,97,100,39,52,64,45,Ligue 1
Le Havre,23pqcgxu1tip265hbe01kszbt,ausceoo438aoxbb6gl8tpes16,T. Pembélé,Timothée Pembélé,24,Defender,France,Defender,34.0,14.0,1.0,47.0,1.0,2.0,2.0,12.0,6.0,3.0,208.0,0.0,3.0,1.0,3.0,0.0,1.0,0.0,0.0,4.0,5.0,0.0,2.0,1.0,0.0,77.05,25.0,20.0,50.0,0.0,54.55,0.0,37.5,0.1752332999705269,0.1018672341866907,1.0,3.0,0.0775631399999999,4.0,2.0,6.0,0.1923278,24.0,14.711538461538463,6.057692307692308,0.4326923076923077,20.336538461538463,0.4326923076923077,0.8653846153846154,0.8653846153846154,5.1923076923076925,2.5961538461538463,1.2980769230769231,0.0,1.2980769230769231,0.4326923076923077,1.2980769230769231,0.0,0.4326923076923077,0.0,0.0,1.7307692307692308,2.1634615384615388,0.0,0.8653846153846154,0.4326923076923077,0.0,77.05,25.0,20.0,50.0,0.0,54.55,0.0,37.5,0.0758221009487856,0.0440771686384719,0.4326923076923077,1.2980769230769231,0.0335609740384615,1.7307692307692308,0.8653846153846154,2.5961538461538463,0.0832187596153846,10.384615384615383,LB/LCB,12,4,8,8,29,71,85,27,29,12,35,56,17,48,44,27,29,44,44,50,44,42,31,46,12,25,38,52,35,58,12,27,71,29,71,23,25,60,8,17,12,12,21,4,8,8,42,79,92,67,46,46,35,67,17,71,44,38,29,44,62,71,44,58,46,46,12,25,38,52,35,58,12,27,83,42,88,50,54,100,8,17,17,17,Ligue 1
Le Havre,23pqcgxu1tip265hbe01kszbt,c2zrg04h6qccgx692qm50yot0,D. Ouziad,Djibril Ouziad,17,Defender,France,Defender,40.0,44.0,3.0,76.0,2.0,5.0,3.0,21.0,7.0,5.0,225.0,0.0,7.0,8.0,1.0,0.0,2.0,2.0,2.0,8.0,9.0,0.0,7.0,8.0,0.0,81.72,100.0,47.06,87.5,0.0,61.76,33.33,25.0,0.4222992210033823,0.3001861124690078,2.0,5.0,0.1096727,3.0,7.0,8.0,0.35396797,35.0,16.0,17.6,1.2,30.4,0.8,2.0,1.2,8.4,2.8,2.0,0.0,2.8,3.2,0.4,0.0,0.8,0.8,0.8,3.2,3.6,0.0,2.8,3.2,0.0,81.72,100.0,47.06,87.5,0.0,61.76,33.33,25.0,0.1689196884013529,0.1200744449876031,0.8,2.0,0.04386908,1.2,2.8,3.2,0.141587188,14.0,RB/RCB,10,19,21,10,36,81,74,74,31,62,29,71,93,12,45,40,74,86,81,83,36,93,93,48,29,100,93,81,29,76,38,14,62,52,76,52,48,55,26,24,29,14,19,57,36,24,50,90,93,100,52,86,29,86,100,14,45,55,90,90,90,90,36,100,100,48,29,100,93,81,29,76,38,14,95,67,95,67,62,67,52,40,52,29,Ligue 1
Le Havre,23pqcgxu1tip265hbe01kszbt,duuan2ogcypv8ftmnypoed3sa,R. Ndiaye,Rassoul Ndiaye,24,Midfielder,Senegal,Midfielder,27.0,65.0,0.0,88.0,1.0,6.0,4.0,14.0,1.0,2.0,233.0,1.0,11.0,5.0,2.0,0.0,6.0,2.0,4.0,8.0,8.0,0.0,2.0,4.0,0.0,83.02,0.0,13.79,25.0,16.67,48.28,33.33,28.57,0.5602924755668715,0.6320539364102952,4.0,8.0,0.21086533,5.0,9.0,14.0,0.5148843099999998,46.0,10.429184549356222,25.107296137339056,0.0,33.99141630901288,0.3862660944206008,2.317596566523605,1.5450643776824031,5.407725321888412,0.3862660944206008,0.7725321888412017,0.3862660944206008,4.24892703862661,1.931330472103004,0.7725321888412017,0.0,2.317596566523605,0.7725321888412017,1.5450643776824031,3.0901287553648067,3.0901287553648067,0.0,0.7725321888412017,1.5450643776824031,0.0,83.02,0.0,13.79,25.0,16.67,48.28,33.33,28.57,0.2164219862704653,0.2441410054803715,1.5450643776824031,3.0901287553648067,0.0814501274678111,1.931330472103004,3.476394849785408,5.407725321888412,0.1988823515021458,17.76824034334764,CM/AM,17,29,6,21,38,75,79,40,25,38,38,54,62,29,27,52,56,100,69,67,35,40,81,50,46,6,33,25,25,62,44,12,75,62,96,46,50,71,44,52,67,38,42,67,6,58,38,96,92,88,29,54,42,92,83,46,27,75,71,100,96,88,35,46,83,50,46,6,33,25,25,62,44,12,92,88,100,75,79,92,79,75,96,58,Ligue 1
Le Havre,23pqcgxu1tip265hbe01kszbt,ew2sm4xxnq9jvmwq70oz4y2g9,J. Maja,Josh Maja,27,Attacker,Nigeria,Striker,26.0,26.0,2.0,52.0,2.0,7.0,7.0,8.0,3.0,0.0,269.0,3.0,16.0,4.0,0.0,0.0,6.0,0.0,2.0,4.0,4.0,1.0,2.0,0.0,0.0,83.87,100.0,0.0,50.0,42.86,38.1,25.0,0.0,1.18805480839929,0.4217098256290215,0.0,2.0,0.0454472999999999,0.0,4.0,5.0,0.1707733299999998,17.0,8.698884758364311,8.698884758364311,0.6691449814126395,17.397769516728623,0.6691449814126395,2.3420074349442377,2.3420074349442377,2.676579925650558,1.003717472118959,0.0,1.003717472118959,5.353159851301116,1.338289962825279,0.0,0.0,2.007434944237918,0.0,0.6691449814126395,1.338289962825279,1.338289962825279,0.3345724907063197,0.6691449814126395,0.0,0.0,83.87,100.0,0.0,50.0,42.86,38.1,25.0,0.0,0.3974904563417698,0.1410925067160295,0.0,0.6691449814126395,0.0152054163568772,0.0,1.338289962825279,1.6728624535315986,0.0571360583643122,5.687732342007435,ST,61,30,46,46,22,24,46,15,70,17,28,28,46,13,33,74,13,59,41,37,46,46,39,52,83,85,39,61,43,35,17,13,65,70,11,22,17,20,54,46,39,46,91,48,65,70,22,35,61,22,91,17,30,48,57,13,33,91,13,74,57,52,61,43,39,52,83,85,39,61,43,35,17,13,70,87,11,35,17,20,70,65,52,65,Ligue 1
Le Mans,bj8hrmj01r3zit0x8r6qm2eu2,1leoymz0kfu4y17i1bqdn8zu2,L. Calodat,Lucas Calodat,24,Defender,France,Defender,43.0,28.0,5.0,68.0,1.0,3.0,2.0,11.0,2.0,5.0,277.0,3.0,8.0,2.0,1.0,1.0,4.0,1.0,0.0,7.0,8.0,1.0,4.0,3.0,0.0,80.0,71.43,27.27,57.14,100.0,61.11,33.33,25.0,0.2840392688131207,0.5260284844566941,1.0,3.0,0.0747572,0.0,6.0,5.0,0.8950156499999999,30.0,13.971119133574009,9.097472924187723,1.624548736462094,22.093862815884474,0.3249097472924188,0.9747292418772564,0.6498194945848376,3.574007220216606,0.6498194945848376,1.624548736462094,0.9747292418772564,2.5992779783393503,0.6498194945848376,0.3249097472924188,0.3249097472924188,1.2996389891696751,0.3249097472924188,0.0,2.274368231046932,2.5992779783393503,0.3249097472924188,1.2996389891696751,0.9747292418772564,0.0,80.0,71.43,27.27,57.14,100.0,61.11,33.33,25.0,0.0922871270511944,0.1709117819534385,0.3249097472924188,0.9747292418772564,0.0242893429602888,0.0,1.9494584837545128,1.624548736462094,0.2907993086642599,9.747292418772563,LB/LCB,21,12,52,17,29,81,85,21,4,50,100,77,27,19,94,73,71,44,71,77,94,75,75,46,29,96,62,67,94,67,42,17,88,92,71,23,21,6,19,12,100,21,17,8,67,12,25,88,83,33,4,62,100,96,29,21,100,92,75,44,83,88,100,96,92,46,29,96,62,67,94,67,42,17,88,100,75,33,38,6,21,12,96,12,Ligue 1
Le Mans,bj8hrmj01r3zit0x8r6qm2eu2,27rvy5c5l3x2a9lqv0l87e4et,L. Mafouta,Louis Mafouta,32,Attacker,Central African Republic,Striker,25.0,27.0,3.0,52.0,5.0,13.0,11.0,12.0,1.0,0.0,423.0,8.0,22.0,5.0,1.0,1.0,2.0,2.0,2.0,2.0,3.0,3.0,1.0,0.0,0.0,74.29,75.0,0.0,50.0,61.54,40.0,31.25,100.0,1.8009130416796486,0.1516227464035619,4.0,4.0,0.12728559,2.0,2.0,6.0,0.2936586999999999,16.0,5.319148936170213,5.74468085106383,0.6382978723404255,11.063829787234042,1.0638297872340423,2.7659574468085104,2.3404255319148937,2.553191489361702,0.2127659574468085,0.0,1.702127659574468,4.680851063829787,1.0638297872340423,0.2127659574468085,0.2127659574468085,0.425531914893617,0.425531914893617,0.425531914893617,0.425531914893617,0.6382978723404255,0.6382978723404255,0.2127659574468085,0.0,0.0,74.29,75.0,0.0,50.0,61.54,40.0,31.25,100.0,0.3831729875914146,0.0322601588092684,0.851063829787234,0.851063829787234,0.0270820404255319,0.425531914893617,0.425531914893617,1.276595744680851,0.062480574468085,3.404255319148936,ST,52,37,74,46,46,76,83,35,39,17,87,72,61,39,78,24,54,59,20,26,78,28,39,52,39,46,39,61,87,43,26,87,87,22,83,50,43,63,26,57,78,39,35,9,57,13,35,61,57,17,39,17,70,30,39,30,74,13,48,52,17,17,74,17,39,52,39,46,39,61,87,43,26,87,65,13,70,39,35,61,17,35,65,13,Ligue 1
Le Mans,bj8hrmj01r3zit0x8r6qm2eu2,3wz6sqia8nhpkwaioa9h5nb3d,D. Gueye,Dame Gueye,31,Attacker,Senegal,Striker,26.0,18.0,1.0,42.0,21.0,5.0,5.0,27.0,7.0,3.0,297.0,1.0,6.0,1.0,1.0,0.0,0.0,0.0,0.0,0.0,0.0,1.0,0.0,2.0,0.0,65.62,100.0,66.67,0.0,20.0,45.0,46.67,20.0,1.041710524020345,0.0,0.0,2.0,0.0578966,1.0,2.0,0.0,0.0371772499999999,5.0,7.878787878787879,5.454545454545455,0.303030303030303,12.727272727272728,6.363636363636364,1.5151515151515151,1.5151515151515151,8.181818181818182,2.121212121212121,0.9090909090909092,0.303030303030303,1.8181818181818183,0.303030303030303,0.303030303030303,0.0,0.0,0.0,0.0,0.0,0.0,0.303030303030303,0.0,0.6060606060606061,0.0,65.62,100.0,66.67,0.0,20.0,45.0,46.67,20.0,0.3156698557637409,0.0,0.0,0.6060606060606061,0.0175444242424242,0.303030303030303,0.6060606060606061,0.0,0.0112658333333333,1.5151515151515151,ST,61,7,17,30,96,7,15,80,100,91,7,4,9,39,33,4,13,7,7,4,46,9,87,52,17,85,96,9,9,61,61,26,39,4,11,22,22,46,26,7,4,4,78,4,13,30,96,4,17,91,100,91,4,4,9,35,33,4,13,7,7,4,48,9,87,52,17,85,96,9,9,61,61,26,52,4,11,30,22,48,26,7,4,4,Ligue 1
Le Mans,bj8hrmj01r3zit0x8r6qm2eu2,6nhamg6enmjebvyarfg0e1pn8,R. Bamba,Rayan Bamba,22,Defender,France,Defender,105.0,65.0,6.0,165.0,1.0,1.0,1.0,16.0,6.0,3.0,360.0,0.0,2.0,1.0,8.0,1.0,3.0,0.0,1.0,8.0,9.0,0.0,3.0,5.0,0.0,87.3,50.0,33.33,37.5,0.0,50.0,50.0,72.73,0.0546574087240376,0.1502872692033516,1.0,4.0,0.12937026,5.0,13.0,13.0,0.3696669399999999,76.0,26.25,16.25,1.5,41.25,0.25,0.25,0.25,4.0,1.5,0.75,0.0,0.5,0.25,2.0,0.25,0.75,0.0,0.25,2.0,2.25,0.0,0.75,1.25,0.0,87.3,50.0,33.33,37.5,0.0,50.0,50.0,72.73,0.0136643521810094,0.0375718173008379,0.25,1.0,0.032342565,1.25,3.25,3.25,0.0924167349999999,19.0,RB/RCB,71,43,43,57,19,31,43,45,19,38,29,26,29,88,93,50,26,57,81,83,36,71,69,48,62,62,71,52,29,33,69,86,24,43,60,38,57,69,60,43,33,62,71,48,52,62,24,29,43,43,29,33,29,24,29,95,90,48,26,62,86,81,36,71,67,48,62,62,71,52,29,33,69,86,29,38,67,40,48,71,67,52,38,67,Ligue 1
Le Mans,bj8hrmj01r3zit0x8r6qm2eu2,71p6itylacjo1c0phfl1m0hxx,H. Voyer,Harold Voyer,29,Defender,Martinique,Defender,135.0,72.0,28.0,206.0,5.0,1.0,0.0,13.0,16.0,6.0,360.0,1.0,3.0,0.0,2.0,0.0,0.0,1.0,0.0,5.0,5.0,0.0,3.0,1.0,0.0,81.75,50.91,50.0,60.0,100.0,54.17,62.5,40.0,0.0471459376746874,0.0,1.0,5.0,0.1136067,2.0,16.0,23.0,0.4520063699999998,116.0,33.75,18.0,7.0,51.5,1.25,0.25,0.0,3.25,4.0,1.5,0.25,0.75,0.0,0.5,0.0,0.0,0.25,0.0,1.25,1.25,0.0,0.75,0.25,0.0,81.75,50.91,50.0,60.0,100.0,54.17,62.5,40.0,0.0117864844186718,0.0,0.25,1.25,0.028401675,0.5,4.0,5.75,0.1130015924999999,29.0,LB/LCB,92,67,100,83,73,46,27,33,75,69,79,56,6,33,44,8,71,44,56,50,44,58,31,46,42,83,83,73,94,54,75,35,38,8,71,54,50,31,71,83,42,81,88,62,100,83,83,46,27,25,79,54,83,40,6,33,44,8,69,44,50,50,44,46,29,46,42,83,83,73,94,54,75,35,33,8,69,46,42,31,79,94,46,88,Ligue 1
Le Mans,bj8hrmj01r3zit0x8r6qm2eu2,7vw44wtfbj77tii550l3o7ndg,A. Bourabaa,Adil Bourabaa,21,Midfielder,Algeria,Midfielder,57.0,61.0,5.0,117.0,2.0,7.0,3.0,19.0,4.0,6.0,398.0,3.0,9.0,5.0,2.0,2.0,8.0,4.0,2.0,13.0,13.0,3.0,6.0,1.0,0.0,81.25,71.43,14.29,46.15,42.86,43.18,40.0,33.33,0.6396697819181031,0.6177358086410502,4.0,13.0,0.29619011,6.0,7.0,13.0,0.2904921199999999,41.0,12.889447236180905,13.79396984924623,1.1306532663316582,26.457286432160803,0.4522613065326633,1.5829145728643217,0.6783919597989949,4.296482412060302,0.9045226130653266,1.3567839195979898,0.6783919597989949,2.0351758793969847,1.1306532663316582,0.4522613065326633,0.4522613065326633,1.809045226130653,0.9045226130653266,0.4522613065326633,2.939698492462312,2.939698492462312,0.6783919597989949,1.3567839195979898,0.2261306532663316,0.0,81.25,71.43,14.29,46.15,42.86,43.18,40.0,33.33,0.1446489456598725,0.1396890019540063,0.9045226130653266,2.939698492462312,0.0669776630653266,1.3567839195979898,1.5829145728643217,2.939698492462312,0.0656891728643215,9.271356783919597,CM/AM,71,25,50,52,60,85,65,73,73,90,90,33,62,29,92,67,92,67,100,96,100,88,40,50,31,77,40,50,83,21,62,21,79,58,96,75,75,83,21,33,17,25,58,12,33,29,50,75,54,54,71,83,79,33,58,21,92,50,88,67,88,83,100,79,38,50,31,77,40,50,83,21,62,21,71,46,88,71,50,75,12,25,12,17,Ligue 1
Le Mans,bj8hrmj01r3zit0x8r6qm2eu2,8lgdc9gtgcapv0pe6gvznt562,J. Vercruysse,Jean Vercruysse,26,Midfielder,France,Midfielder,27.0,29.0,2.0,56.0,2.0,4.0,1.0,8.0,2.0,3.0,228.0,1.0,1.0,3.0,2.0,1.0,2.0,3.0,2.0,1.0,1.0,0.0,1.0,0.0,0.0,77.78,40.0,0.0,100.0,25.0,34.78,40.0,100.0,0.4346577037122394,0.1674434291412531,2.0,1.0,0.0241224,4.0,7.0,7.0,0.23969829,22.0,10.657894736842106,11.447368421052632,0.7894736842105263,22.105263157894736,0.7894736842105263,1.5789473684210529,0.3947368421052631,3.1578947368421053,0.7894736842105263,1.1842105263157896,0.3947368421052631,0.3947368421052631,1.1842105263157896,0.7894736842105263,0.3947368421052631,0.7894736842105263,1.1842105263157896,0.7894736842105263,0.3947368421052631,0.3947368421052631,0.0,0.3947368421052631,0.0,0.0,77.78,40.0,0.0,100.0,25.0,34.78,40.0,100.0,0.1715754093600945,0.0660960904504946,0.7894736842105263,0.3947368421052631,0.009522,1.5789473684210529,2.763157894736842,2.763157894736842,0.0946177460526315,8.68421052631579,LM/LCM,25,12,12,12,62,38,38,38,31,62,38,12,62,25,62,25,56,75,12,12,44,38,19,56,12,25,19,94,44,38,81,100,50,25,62,12,12,50,38,25,12,12,38,12,12,12,62,75,50,38,62,75,50,12,88,25,62,25,88,88,12,12,44,50,19,56,12,25,19,94,44,38,81,100,75,38,75,12,12,88,38,25,12,25,Ligue 1
Le Mans,bj8hrmj01r3zit0x8r6qm2eu2,9bvpig7xdyplu9drlnn7jih3o,N. Boissé,Noa Boissé,20,Defender,France,Defender,93.0,37.0,16.0,130.0,4.0,0.0,0.0,16.0,13.0,3.0,315.0,0.0,0.0,1.0,6.0,0.0,1.0,0.0,0.0,2.0,2.0,0.0,2.0,0.0,0.0,83.87,57.14,0.0,100.0,0.0,47.06,33.33,66.67,0.0,0.0675255396618933,0.0,1.0,0.01870347,1.0,9.0,12.0,0.24010191,65.0,26.571428571428573,10.571428571428571,4.571428571428571,37.142857142857146,1.1428571428571428,0.0,0.0,4.571428571428571,3.7142857142857135,0.8571428571428571,0.0,0.0,0.2857142857142857,1.7142857142857142,0.0,0.2857142857142857,0.0,0.0,0.5714285714285714,0.5714285714285714,0.0,0.5714285714285714,0.0,0.0,83.87,57.14,0.0,100.0,0.0,47.06,33.33,66.67,0.0,0.0192930113319695,0.0,0.2857142857142857,0.0053438485714285,0.2857142857142857,2.571428571428572,3.4285714285714284,0.0686005457142857,18.571428571428573,RB/RCB,62,10,86,29,69,12,17,45,62,38,29,7,29,81,45,26,26,19,31,29,36,60,19,48,38,81,19,93,29,29,38,79,10,24,26,14,14,24,40,38,19,33,76,5,95,48,81,12,17,62,81,43,29,7,33,81,45,29,26,19,29,29,36,57,19,48,38,81,19,93,29,29,38,79,10,29,26,14,14,24,38,62,24,62,Ligue 1
Le Mans,bj8hrmj01r3zit0x8r6qm2eu2,9doxed39dbbpneo9rosk5pdlg,L. Bretelle,Lucas Bretelle,24,Midfielder,France,Midfielder,46.0,44.0,5.0,89.0,0.0,0.0,0.0,10.0,2.0,6.0,224.0,0.0,0.0,7.0,1.0,1.0,3.0,0.0,0.0,2.0,2.0,0.0,0.0,1.0,1.0,89.0,45.45,50.0,0.0,0.0,41.67,0.0,33.33,0.0,0.2741073637675061,0.0,3.0,0.06317351,1.0,3.0,6.0,0.1264682999999999,31.0,18.482142857142858,17.678571428571427,2.008928571428571,35.75892857142857,0.0,0.0,0.0,4.017857142857142,0.8035714285714286,2.4107142857142856,0.0,0.0,2.8125,0.4017857142857143,0.4017857142857143,1.2053571428571428,0.0,0.0,0.8035714285714286,0.8035714285714286,0.0,0.0,0.4017857142857143,0.4017857142857143,89.0,45.45,50.0,0.0,0.0,41.67,0.0,33.33,0.0,0.1101324229423015,0.0,1.2053571428571428,0.0253822138392857,0.4017857142857143,1.2053571428571428,2.4107142857142856,0.0508131562499999,12.455357142857142,CM/AM,58,21,50,25,15,4,12,12,42,90,10,4,81,10,69,21,8,12,21,21,35,10,40,100,88,21,98,10,10,12,17,21,4,21,15,4,4,12,4,12,4,17,83,38,75,62,15,4,12,42,62,100,10,4,96,17,79,38,8,12,25,25,35,10,50,100,88,21,98,10,10,12,17,21,4,38,15,17,4,17,4,12,4,38,Ligue 1
Le Mans,bj8hrmj01r3zit0x8r6qm2eu2,ecinw8qh468iydvlfhhxhgwl,A. Lauray,Alexandre Lauray,29,Midfielder,France,Midfielder,55.0,56.0,15.0,107.0,4.0,5.0,1.0,17.0,13.0,7.0,286.0,2.0,1.0,2.0,2.0,0.0,5.0,4.0,1.0,3.0,3.0,0.0,2.0,4.0,0.0,74.31,53.57,50.0,66.67,40.0,50.0,66.67,22.22,0.3264933534037583,0.5978619410828421,3.0,2.0,0.03620728,0.0,16.0,15.0,0.4504685499999999,52.0,17.30769230769231,17.622377622377623,4.720279720279721,33.67132867132867,1.2587412587412588,1.5734265734265735,0.3146853146853147,5.34965034965035,4.090909090909091,2.202797202797203,0.6293706293706294,0.3146853146853147,0.6293706293706294,0.6293706293706294,0.0,1.5734265734265735,1.2587412587412588,0.3146853146853147,0.944055944055944,0.944055944055944,0.0,0.6293706293706294,1.2587412587412588,0.0,74.31,53.57,50.0,66.67,40.0,50.0,66.67,22.22,0.1027426636585253,0.1881383730680272,0.944055944055944,0.6293706293706294,0.0113938993006993,0.0,5.034965034965035,4.720279720279721,0.1417558374125874,16.363636363636363,DM/CM,12,15,73,12,70,61,47,55,89,70,65,18,27,18,38,65,74,52,41,38,42,50,94,50,3,21,80,73,65,48,94,6,52,91,68,15,12,8,50,42,58,18,27,33,85,21,79,76,58,70,97,91,83,21,36,24,38,79,91,67,55,48,42,61,94,50,3,21,80,73,65,48,94,6,64,94,85,15,15,8,70,73,82,24,Ligue 1
Lille,be2k34rut1lz79jxenabttqlc,27wum5rq0cw9g7g33cbvc6kno,E. Mbappé,Ethan Mbappé,19,Midfielder,France,Midfielder,27.0,46.0,1.0,72.0,0.0,9.0,6.0,15.0,2.0,1.0,263.0,6.0,16.0,6.0,0.0,0.0,5.0,3.0,2.0,14.0,14.0,1.0,7.0,1.0,0.0,84.71,33.33,16.67,50.0,66.67,53.57,0.0,0.0,0.8803854006252014,0.5205745185120914,4.0,11.0,0.27620879,9.0,4.0,8.0,0.4451819599999998,34.0,9.23954372623574,15.741444866920151,0.3422053231939164,24.63878326996198,0.0,3.0798479087452475,2.0532319391634983,5.133079847908745,0.6844106463878328,0.3422053231939164,2.0532319391634983,5.475285171102662,2.0532319391634983,0.0,0.0,1.711026615969582,1.0266159695817492,0.6844106463878328,4.790874524714829,4.790874524714829,0.3422053231939164,2.3954372623574147,0.3422053231939164,0.0,84.71,33.33,16.67,50.0,66.67,53.57,0.0,0.0,0.3012725705561526,0.1781433713539476,1.3688212927756656,3.76425855513308,0.0945201182509505,3.0798479087452475,1.3688212927756656,2.737642585551331,0.152343636501901,11.634980988593156,RM/RCM,20,30,15,30,20,90,95,40,35,20,100,85,80,15,35,50,90,60,100,100,85,100,30,55,80,30,45,75,100,80,20,15,90,50,90,70,70,95,30,30,40,35,20,30,20,20,20,100,100,60,40,20,100,100,90,15,35,70,90,80,100,100,100,100,30,55,80,30,45,75,100,80,20,15,100,80,90,90,80,100,30,40,40,30,Ligue 1
Lille,be2k34rut1lz79jxenabttqlc,31sljkjull0n7082fed26stzp,B. André,Benjamin André,36,Midfielder,France,Midfielder,53.0,38.0,3.0,91.0,5.0,0.0,0.0,21.0,6.0,2.0,219.0,0.0,1.0,5.0,8.0,0.0,4.0,0.0,0.0,6.0,6.0,0.0,2.0,0.0,0.0,86.67,75.0,0.0,33.33,0.0,60.0,0.0,88.89,0.0,0.2060043827228131,0.0,1.0,0.0199707,0.0,6.0,5.0,0.09502023,41.0,21.780821917808225,15.616438356164386,1.2328767123287672,37.397260273972606,2.054794520547945,0.0,0.0,8.63013698630137,2.4657534246575343,0.8219178082191781,0.0,0.4109589041095891,2.054794520547945,3.2876712328767126,0.0,1.6438356164383563,0.0,0.0,2.4657534246575343,2.4657534246575343,0.0,0.8219178082191781,0.0,0.0,86.67,75.0,0.0,33.33,0.0,60.0,0.0,88.89,0.0,0.0846593353655396,0.0,0.4109589041095891,0.0082071369863013,0.0,2.4657534246575343,2.054794520547945,0.0390494095890411,16.84931506849315,DM/CM,9,6,6,6,76,5,18,73,50,9,20,18,74,88,38,53,6,15,70,68,42,50,24,50,24,76,24,30,20,82,17,91,5,45,9,8,9,8,8,6,6,9,45,9,15,36,94,5,18,94,79,18,20,27,91,94,38,82,6,15,94,94,42,76,24,50,24,76,24,30,20,82,17,91,5,67,9,9,9,8,24,9,6,30,Ligue 1
Lille,be2k34rut1lz79jxenabttqlc,3gelookco8f9ft0guaec03t3o,Tiago Santos,Tiago Carvalho Santos,24,Defender,Portugal,Defender,81.0,74.0,6.0,147.0,3.0,9.0,6.0,29.0,16.0,5.0,450.0,6.0,18.0,13.0,4.0,0.0,5.0,3.0,0.0,9.0,13.0,2.0,3.0,8.0,0.0,85.47,50.0,47.06,33.33,66.67,60.42,60.0,40.0,0.5944095573022815,0.660204353941251,3.0,9.0,0.25000478,8.0,10.0,15.0,1.03797684,75.0,16.2,14.8,1.2,29.4,0.6,1.8,1.2,5.8,3.2,1.0,1.2,3.6,2.6,0.8,0.0,1.0,0.6,0.0,1.8,2.6,0.4,0.6,1.6,0.0,85.47,50.0,47.06,33.33,66.67,60.42,60.0,40.0,0.1188819114604563,0.1320408707882502,0.6,1.8,0.050000956,1.6,2.0,3.0,0.207595368,15.0,RB/RCB,48,48,43,48,50,95,95,86,71,62,100,95,100,57,45,76,90,19,90,90,98,71,93,48,52,62,93,40,93,71,81,33,95,86,90,71,76,95,50,52,90,57,29,33,36,14,38,86,93,71,62,52,100,90,95,50,45,67,81,19,81,86,98,62,76,48,52,62,93,40,93,71,81,33,86,76,76,57,67,86,29,31,81,50,Ligue 1
Lille,be2k34rut1lz79jxenabttqlc,5awkzgwwh48prwgvxwewuc5hx,O. Giroud,Olivier Giroud,39,Attacker,France,Striker,8.0,24.0,1.0,32.0,11.0,5.0,4.0,14.0,2.0,0.0,255.0,2.0,7.0,2.0,0.0,2.0,4.0,1.0,1.0,1.0,1.0,1.0,1.0,0.0,0.0,64.0,50.0,0.0,100.0,40.0,56.0,61.11,0.0,0.6400177360700674,0.2019880529824987,1.0,0.0,0.0,0.0,1.0,3.0,0.06613545,11.0,2.8235294117647056,8.470588235294118,0.3529411764705882,11.294117647058822,3.882352941176471,1.7647058823529411,1.4117647058823528,4.941176470588235,0.7058823529411764,0.0,0.7058823529411764,2.4705882352941173,0.7058823529411764,0.0,0.7058823529411764,1.4117647058823528,0.3529411764705882,0.3529411764705882,0.3529411764705882,0.3529411764705882,0.3529411764705882,0.3529411764705882,0.0,0.0,64.0,50.0,0.0,100.0,40.0,56.0,61.11,0.0,0.225888612730612,0.0712899010526466,0.3529411764705882,0.0,0.0,0.0,0.3529411764705882,1.0588235294117647,0.0233419235294117,3.882352941176471,ST,9,17,17,9,83,7,4,50,54,17,15,9,22,13,98,48,35,28,13,11,46,28,39,52,13,20,39,93,39,96,91,13,13,26,26,4,4,20,13,28,9,13,17,43,17,22,87,9,9,61,65,17,22,9,26,13,100,65,39,30,13,9,65,35,39,52,13,20,39,93,39,96,91,13,17,39,26,4,4,20,13,30,9,17,Ligue 1
Lille,be2k34rut1lz79jxenabttqlc,67qku7vyvbw76086eu05nowd1,R. Perraud,Romain Perraud,29,Defender,France,Defender,88.0,79.0,6.0,164.0,3.0,4.0,2.0,19.0,16.0,4.0,391.0,0.0,8.0,4.0,5.0,0.0,1.0,2.0,3.0,4.0,5.0,0.0,4.0,3.0,0.0,86.32,50.0,27.27,100.0,0.0,51.35,30.0,62.5,0.2819745543744161,0.0730351330828637,2.0,9.0,0.2519262999999999,6.0,13.0,13.0,0.4056653899999999,71.0,20.255754475703327,18.1841432225064,1.381074168797954,37.74936061381074,0.690537084398977,0.9207161125319694,0.4603580562659847,4.373401534526854,3.6828644501278776,0.9207161125319694,0.0,1.8414322250639388,0.9207161125319694,1.1508951406649617,0.0,0.2301790281329923,0.4603580562659847,0.690537084398977,0.9207161125319694,1.1508951406649617,0.0,0.9207161125319694,0.690537084398977,0.0,86.32,50.0,27.27,100.0,0.0,51.35,30.0,62.5,0.0649046288841367,0.0168111559525773,0.4603580562659847,2.071611253196932,0.0579881508951406,1.381074168797954,2.9923273657289005,2.9923273657289005,0.0933756652173913,16.342710997442456,LB/LCB,56,71,60,62,54,90,85,75,75,27,35,77,56,67,44,27,94,100,44,50,44,75,75,46,71,75,62,96,35,42,38,69,83,21,94,85,88,92,58,42,33,50,58,67,54,54,54,83,79,50,71,21,35,75,42,62,44,25,92,100,42,42,44,62,75,46,71,75,62,96,35,42,38,69,79,21,92,79,75,83,33,25,29,38,Ligue 1
Lille,be2k34rut1lz79jxenabttqlc,6ynchgp6o4tajwvnfdnoo11at,N. Bentaleb,Nabil Bentaleb,31,Midfielder,Algeria,Midfielder,122.0,109.0,17.0,230.0,5.0,4.0,0.0,15.0,16.0,3.0,418.0,2.0,1.0,5.0,3.0,1.0,7.0,4.0,1.0,3.0,3.0,0.0,1.0,1.0,0.0,88.12,73.91,50.0,33.33,50.0,50.0,62.5,75.0,0.2858818537700448,0.4127935194143254,3.0,4.0,0.06999784,3.0,35.0,32.0,0.5888051899999998,140.0,26.26794258373205,23.4688995215311,3.6602870813397126,49.52153110047846,1.076555023923445,0.8612440191387559,0.0,3.229665071770335,3.444976076555024,0.6459330143540669,0.4306220095693779,0.2153110047846889,1.076555023923445,0.6459330143540669,0.2153110047846889,1.507177033492823,0.8612440191387559,0.2153110047846889,0.6459330143540669,0.6459330143540669,0.0,0.2153110047846889,0.2153110047846889,0.0,88.12,73.91,50.0,33.33,50.0,50.0,62.5,75.0,0.0615535091849378,0.0888789874337064,0.6459330143540669,0.8612440191387559,0.0150713052631578,0.6459330143540669,7.535885167464114,6.889952153110047,0.1267762370813396,30.143540669856456,DM/CM,70,65,79,73,76,41,18,39,97,17,65,18,74,33,86,88,74,52,41,38,42,26,61,50,36,70,80,30,82,48,82,70,42,70,68,36,24,55,91,88,76,82,58,58,70,52,71,39,18,36,94,9,67,15,61,27,85,76,70,48,33,33,42,20,55,50,36,70,80,30,82,48,82,70,39,70,67,30,18,52,88,85,73,76,Ligue 1
Lille,be2k34rut1lz79jxenabttqlc,9ov7tj31hixo7xp0tfffuhpn8,N. Mukau,Ngal'ayel Mukau,21,Midfielder,Congo DR,Midfielder,46.0,52.0,4.0,98.0,2.0,1.0,0.0,8.0,6.0,3.0,250.0,1.0,1.0,0.0,3.0,0.0,0.0,1.0,0.0,2.0,3.0,0.0,2.0,0.0,0.0,88.29,66.67,0.0,100.0,100.0,44.44,40.0,75.0,0.0763613248210338,0.0,1.0,4.0,0.07894317,1.0,6.0,9.0,0.15672374,48.0,16.560000000000002,18.72,1.44,35.28,0.72,0.36,0.0,2.88,2.16,1.08,0.36,0.36,0.0,1.08,0.0,0.0,0.36,0.0,0.72,1.08,0.0,0.72,0.0,0.0,88.29,66.67,0.0,100.0,100.0,44.44,40.0,75.0,0.0274900769355721,0.0,0.36,1.44,0.0284195412,0.36,2.16,3.24,0.0564205464,17.28,DM/CM,6,12,11,9,52,14,18,14,50,17,47,18,5,33,38,8,23,15,26,38,42,50,24,50,39,48,24,89,100,33,55,70,15,11,30,36,30,23,8,14,9,14,18,36,24,24,64,15,18,30,70,36,55,24,5,52,38,8,30,15,42,55,42,70,24,50,39,48,24,89,100,33,55,70,18,11,36,58,39,30,12,33,12,36,Ligue 1
Lille,be2k34rut1lz79jxenabttqlc,9t0jh9kfw1225c8hoj0pu8cbu,H. Haraldsson,Hákon Haraldsson,23,Midfielder,Iceland,Midfielder,51.0,68.0,4.0,117.0,2.0,8.0,6.0,16.0,6.0,3.0,371.0,4.0,16.0,6.0,1.0,0.0,9.0,2.0,3.0,8.0,8.0,1.0,4.0,2.0,0.0,87.97,80.0,33.33,50.0,50.0,43.24,50.0,25.0,0.7371914298178296,0.9003923027802713,2.0,6.0,0.12831359,6.0,8.0,16.0,0.4262545699999999,52.0,12.371967654986523,16.495956873315365,0.9703504043126686,28.38274932614556,0.4851752021563343,1.9407008086253368,1.4555256064690028,3.8814016172506745,1.4555256064690028,0.7277628032345014,0.9703504043126686,3.8814016172506745,1.4555256064690028,0.2425876010781671,0.0,2.183288409703504,0.4851752021563343,0.7277628032345014,1.9407008086253368,1.9407008086253368,0.2425876010781671,0.9703504043126686,0.4851752021563343,0.0,87.97,80.0,33.33,50.0,50.0,43.24,50.0,25.0,0.1788335004948913,0.2184240087607127,0.4851752021563343,1.4555256064690028,0.0311272859838274,1.4555256064690028,1.9407008086253368,3.8814016172506745,0.1034040735849056,12.61455525606469,CM/AM,62,33,33,52,60,92,92,60,92,56,98,92,75,10,27,79,56,90,69,67,81,65,60,50,79,98,81,58,92,25,75,8,88,83,52,31,12,83,33,75,42,42,54,29,21,33,58,83,88,38,88,46,100,79,67,4,27,67,54,88,54,54,88,62,62,50,79,98,81,58,92,25,75,8,83,79,46,21,17,83,29,54,29,42,Ligue 1
Lille,be2k34rut1lz79jxenabttqlc,a5jrqzijth7e3uxl4phi83sdm,N. Ngoy,Nathan Ngoy,23,Defender,Belgium,Defender,217.0,65.0,5.0,282.0,5.0,0.0,0.0,19.0,30.0,7.0,450.0,0.0,1.0,5.0,4.0,0.0,0.0,0.0,0.0,5.0,6.0,0.0,4.0,0.0,1.0,90.97,20.83,0.0,80.0,0.0,61.29,55.56,80.0,0.0007601773831194,0.0,0.0,5.0,0.09488062,0.0,9.0,7.0,0.2454512099999999,150.0,43.4,13.0,1.0,56.4,1.0,0.0,0.0,3.8,6.0,1.4,0.0,0.2,1.0,0.8,0.0,0.0,0.0,0.0,1.0,1.2,0.0,0.8,0.0,0.2,90.97,20.83,0.0,80.0,0.0,61.29,55.56,80.0,0.0001520354766238,0.0,0.0,1.0,0.018976124,0.0,1.8,1.4,0.0490902419999999,30.0,CB,83,46,21,67,17,17,21,65,71,73,40,23,94,58,46,19,38,38,100,100,46,100,46,88,54,4,46,79,40,42,35,73,29,27,40,92,92,25,40,38,38,62,67,38,10,46,8,17,21,38,60,62,40,19,90,48,46,19,38,38,100,100,46,100,46,85,54,4,46,79,40,42,35,73,29,27,40,88,88,25,31,25,29,38,Ligue 1
Lille,be2k34rut1lz79jxenabttqlc,avk0vktquq3oum9w6dyodlz6y,Alexsandro Ribeiro,Alexsandro Victor de Souza Ribeiro,27,Defender,Brazil,Defender,248.0,72.0,11.0,320.0,12.0,3.0,3.0,23.0,37.0,2.0,450.0,0.0,5.0,5.0,6.0,0.0,1.0,0.0,0.0,0.0,0.0,0.0,0.0,0.0,0.0,92.49,44.0,0.0,0.0,0.0,71.88,70.59,85.71,0.3200979714896362,0.0535214264623804,0.0,3.0,0.05294479,0.0,11.0,12.0,0.2445889099999998,179.0,49.6,14.4,2.2,64.0,2.4,0.6,0.6,4.6,7.4,0.4,0.0,1.0,1.0,1.2,0.0,0.2,0.0,0.0,0.0,0.0,0.0,0.0,0.0,0.0,92.49,44.0,0.0,0.0,0.0,71.88,70.59,85.71,0.0640195942979272,0.010704285292476,0.0,0.6,0.0105889579999999,0.0,2.2,2.4,0.0489177819999999,35.8,CB,96,58,62,92,75,71,79,92,96,8,40,79,94,96,46,56,38,38,29,25,46,35,46,40,79,42,46,35,40,79,67,92,67,54,40,73,58,25,52,60,33,73,96,50,48,79,62,58,73,65,96,8,40,75,90,77,46,46,38,38,29,25,46,35,46,40,79,42,46,35,40,79,67,92,58,54,40,62,54,25,48,56,25,62,Ligue 1
Lille,be2k34rut1lz79jxenabttqlc,ds0hd4ezvb5rw6l95rhbxtq1g,B. Önal,Basar Önal,22,Attacker,Türkiye,Striker,19.0,35.0,1.0,52.0,1.0,1.0,1.0,10.0,2.0,0.0,211.0,1.0,8.0,5.0,2.0,0.0,3.0,0.0,0.0,7.0,7.0,0.0,1.0,2.0,0.0,81.25,50.0,40.0,14.29,100.0,32.26,14.29,66.67,0.1097372021716703,0.4502290247154004,0.0,7.0,0.20480008,3.0,0.0,4.0,0.3342003499999999,11.0,8.104265402843602,14.928909952606634,0.4265402843601895,22.180094786729857,0.4265402843601895,0.4265402843601895,0.4265402843601895,4.265402843601896,0.8530805687203791,0.0,0.4265402843601895,3.4123222748815163,2.132701421800948,0.8530805687203791,0.0,1.2796208530805686,0.0,0.0,2.985781990521327,2.985781990521327,0.0,0.4265402843601895,0.8530805687203791,0.0,81.25,50.0,40.0,14.29,100.0,32.26,14.29,66.67,0.0468073374191958,0.1920408162293176,0.0,2.985781990521327,0.0873554843601895,1.2796208530805686,0.0,1.706161137440758,0.1425499123222748,4.691943127962085,LW,54,21,32,36,39,11,14,7,61,14,25,21,50,54,25,32,7,14,39,32,32,11,71,54,64,39,86,7,100,7,29,71,14,57,7,29,36,43,7,25,43,14,79,57,43,71,57,14,14,36,79,14,43,29,79,64,25,50,7,14,64,57,32,21,86,54,64,39,86,7,100,7,29,71,14,79,7,57,43,57,7,50,50,36,Ligue 1
Olympique Lyonnais,121le8unjfzug3iu9pgkqa1c7,58vrddf0ws30ev8rrkjpkkrxm,P. Šulc,Pavel Sulc,25,Midfielder,Czechia,Midfielder,22.0,43.0,3.0,65.0,2.0,4.0,2.0,10.0,4.0,0.0,258.0,2.0,11.0,2.0,4.0,3.0,7.0,2.0,1.0,3.0,3.0,0.0,1.0,0.0,0.0,81.25,75.0,0.0,33.33,50.0,38.46,25.0,80.0,0.3819480334414272,0.6362184387874867,2.0,5.0,0.15646984,1.0,7.0,7.0,0.49966065,31.0,7.674418604651163,15.0,1.0465116279069768,22.67441860465116,0.6976744186046512,1.3953488372093024,0.6976744186046512,3.488372093023256,1.3953488372093024,0.0,0.6976744186046512,3.8372093023255816,0.6976744186046512,1.3953488372093024,1.0465116279069768,2.441860465116279,0.6976744186046512,0.3488372093023256,1.0465116279069768,1.0465116279069768,0.0,0.3488372093023256,0.0,0.0,81.25,75.0,0.0,33.33,50.0,38.46,25.0,80.0,0.1332376860842188,0.2219366646933093,0.6976744186046512,1.744186046511628,0.0545825023255813,0.3488372093023256,2.441860465116279,2.441860465116279,0.174300226744186,10.813953488372093,CM/AM,6,15,23,12,60,42,44,12,73,6,71,54,19,62,100,58,56,38,29,29,35,27,15,50,31,85,15,31,92,4,33,83,50,67,52,17,29,12,21,17,62,17,4,17,25,12,75,62,58,25,83,6,83,75,21,75,100,88,67,46,29,29,35,29,15,50,31,85,15,31,92,4,33,83,58,83,75,29,42,12,42,17,88,21,Ligue 1
Olympique Lyonnais,121le8unjfzug3iu9pgkqa1c7,64ubq0xra74xaunooi8knyajt,L. Openda,Loïs Openda,26,Attacker,Belgium,Striker,12.0,37.0,1.0,49.0,3.0,16.0,13.0,17.0,3.0,0.0,334.0,6.0,34.0,9.0,1.0,1.0,4.0,3.0,4.0,7.0,8.0,1.0,3.0,0.0,0.0,74.24,50.0,0.0,42.86,37.5,58.62,75.0,50.0,1.8233591986304123,0.3633239335077268,2.0,9.0,0.35848784,2.0,1.0,5.0,0.2344090399999999,16.0,3.2335329341317363,9.97005988023952,0.2694610778443114,13.203592814371255,0.8083832335329341,4.311377245508982,3.502994011976048,4.580838323353293,0.8083832335329341,0.0,1.616766467065868,9.161676646706589,2.4251497005988023,0.2694610778443114,0.2694610778443114,1.0778443113772456,0.8083832335329341,1.0778443113772456,1.8862275449101795,2.155688622754491,0.2694610778443114,0.8083832335329341,0.0,0.0,74.24,50.0,0.0,42.86,37.5,58.62,75.0,50.0,0.4913243349602907,0.0979016587296269,0.5389221556886228,2.4251497005988023,0.096598519760479,0.5389221556886228,0.2694610778443114,1.3473053892215567,0.0631641125748502,4.311377245508982,LW,14,29,32,29,75,86,93,71,75,14,82,100,96,29,75,50,61,86,39,43,79,46,21,54,29,39,21,46,61,93,100,36,93,36,46,57,71,25,18,39,36,29,14,21,29,7,64,100,100,57,64,14,86,100,86,21,64,29,50,93,29,36,86,36,21,54,29,39,21,46,61,93,100,36,100,36,43,43,50,29,14,29,36,21,Ligue 1
Olympique Lyonnais,121le8unjfzug3iu9pgkqa1c7,9rf5uk6c2wce30b9wkmu3iuad,M. Niakhaté,Moussa Niakhaté,30,Defender,Senegal,Defender,191.0,75.0,17.0,266.0,5.0,0.0,0.0,9.0,19.0,8.0,360.0,0.0,2.0,2.0,0.0,0.0,1.0,0.0,0.0,1.0,1.0,0.0,1.0,0.0,1.0,90.78,56.67,0.0,100.0,0.0,45.0,45.45,0.0,0.0,0.0,0.0,0.0,0.0,0.0,0.0,0.0,0.0,0.0,47.75,18.75,4.25,66.5,1.25,0.0,0.0,2.25,4.75,2.0,0.0,0.5,0.5,0.0,0.0,0.25,0.0,0.0,0.25,0.25,0.0,0.25,0.0,0.25,90.78,56.67,0.0,100.0,0.0,45.0,45.45,0.0,0.0,0.0,0.0,0.0,0.0,0.0,0.0,0.0,0.0,0.0,CB,62,65,92,58,17,17,21,4,46,88,40,42,58,6,46,56,38,38,69,65,46,79,46,88,50,75,46,92,40,12,25,6,15,27,40,17,17,25,8,8,8,8,92,71,96,83,21,17,21,4,46,85,40,35,58,6,46,62,38,38,71,69,46,79,46,96,50,75,46,92,40,12,25,6,15,27,40,17,17,25,8,8,8,8,Ligue 1
Olympique Lyonnais,121le8unjfzug3iu9pgkqa1c7,ac6r3yi7rzqlcih7qw86jsro4,Z. Athekame,Zachary Athekame,21,Defender,Switzerland,Defender,86.0,97.0,9.0,178.0,1.0,3.0,1.0,21.0,17.0,3.0,450.0,2.0,3.0,6.0,5.0,2.0,7.0,2.0,1.0,6.0,6.0,2.0,1.0,5.0,0.0,82.41,37.5,23.81,16.67,66.67,52.5,33.33,38.46,0.4259024614779734,0.7850427850283308,0.0,11.0,0.3307658099999999,7.0,18.0,21.0,0.7122854399999998,73.0,17.2,19.4,1.8,35.6,0.2,0.6,0.2,4.2,3.4,0.6,0.4,0.6,1.2,1.0,0.4,1.4,0.4,0.2,1.2,1.2,0.4,0.2,1.0,0.0,82.41,37.5,23.81,16.67,66.67,52.5,33.33,38.46,0.0851804922955946,0.1570085570056661,0.0,2.2,0.0661531619999999,1.4,3.6,4.2,0.1424570879999999,14.6,RB/RCB,52,79,62,67,19,55,43,74,79,38,88,38,86,74,100,90,74,57,69,67,98,38,69,48,33,19,62,24,93,38,38,29,67,90,26,83,81,88,81,79,62,52,38,74,57,43,14,52,33,52,71,24,86,31,81,64,100,76,64,40,62,57,98,26,62,48,33,19,62,24,93,38,38,29,52,81,26,71,76,81,81,71,57,33,Ligue 1
Olympique Lyonnais,121le8unjfzug3iu9pgkqa1c7,bx16v7vdlpv2av8v7576ua2qy,F. Bacher,Felix Bacher,25,Defender,Austria,Defender,199.0,99.0,21.0,298.0,7.0,4.0,4.0,16.0,24.0,2.0,446.0,2.0,4.0,3.0,3.0,0.0,1.0,0.0,0.0,1.0,1.0,1.0,1.0,0.0,0.0,89.76,52.5,0.0,100.0,50.0,55.17,50.0,60.0,0.5361925032614173,0.0696270661786492,0.0,9.0,0.16762192,2.0,19.0,20.0,0.5400500800000001,180.0,40.15695067264574,19.977578475336323,4.237668161434978,60.13452914798206,1.412556053811659,0.8071748878923767,0.8071748878923767,3.2286995515695067,4.84304932735426,0.4035874439461883,0.4035874439461883,0.8071748878923767,0.6053811659192825,0.6053811659192825,0.0,0.2017937219730941,0.0,0.0,0.2017937219730941,0.2017937219730941,0.2017937219730941,0.2017937219730941,0.0,0.0,89.76,52.5,0.0,100.0,50.0,55.17,50.0,60.0,0.1082002809271918,0.0140503048342565,0.0,1.816143497757848,0.0338250511210762,0.4035874439461883,3.834080717488789,4.035874439461884,0.1089787156950672,36.32286995515695,RB/RCB,100,86,95,100,86,69,86,45,90,17,88,50,55,38,45,26,26,19,21,19,81,38,19,48,86,71,19,93,86,52,69,71,90,29,26,71,67,40,86,69,48,100,100,81,86,95,86,67,81,29,90,14,90,43,52,24,45,24,26,19,24,24,76,33,19,48,86,71,19,93,86,52,69,71,81,24,26,62,52,43,86,67,43,100,Ligue 1
Olympique Lyonnais,121le8unjfzug3iu9pgkqa1c7,d68byfvk16giaur32gqwpwded,C. Tolisso,Corentin Tolisso,32,Midfielder,France,Midfielder,61.0,114.0,8.0,172.0,6.0,8.0,4.0,26.0,6.0,7.0,381.0,5.0,14.0,10.0,5.0,2.0,9.0,4.0,1.0,5.0,5.0,1.0,3.0,3.0,0.0,83.09,61.54,33.33,60.0,62.5,49.06,37.5,62.5,0.7386563557897906,0.9081526645638536,3.0,11.0,0.27897113,4.0,14.0,19.0,1.1536707699999995,73.0,14.409448818897635,26.929133858267715,1.889763779527559,40.62992125984252,1.4173228346456692,1.889763779527559,0.9448818897637796,6.141732283464567,1.4173228346456692,1.653543307086614,1.1811023622047243,3.307086614173228,2.3622047244094486,1.1811023622047243,0.4724409448818897,2.125984251968504,0.9448818897637796,0.2362204724409448,1.1811023622047243,1.1811023622047243,0.2362204724409448,0.7086614173228346,0.7086614173228346,0.0,83.09,61.54,33.33,60.0,62.5,49.06,37.5,62.5,0.174485753336171,0.2145242514717764,0.7086614173228346,2.598425196850393,0.0658986921259842,0.9448818897637796,3.307086614173228,4.488188976377953,0.2725206543307085,17.244094488188978,LM/LCM,62,62,62,62,88,88,75,100,75,88,100,94,100,88,88,81,81,31,81,75,94,81,75,56,25,50,50,62,100,62,62,50,100,88,75,38,38,50,62,62,100,62,62,75,62,62,100,88,69,100,75,88,100,88,100,88,75,75,75,31,75,75,88,75,75,56,25,50,50,62,100,62,62,50,88,88,62,38,38,38,62,62,100,62,Ligue 1
Olympique Lyonnais,121le8unjfzug3iu9pgkqa1c7,dom2gtnelp3yqgtnchnli0ftg,E. Nuamah,Ernest Nuamah,22,Attacker,Ghana,Striker,18.0,46.0,7.0,61.0,3.0,14.0,11.0,16.0,2.0,1.0,307.0,5.0,23.0,5.0,0.0,1.0,5.0,3.0,4.0,12.0,13.0,3.0,7.0,3.0,0.0,79.22,77.78,18.75,58.33,35.71,53.33,75.0,0.0,1.4257494250773528,0.452298430592049,5.0,10.0,0.50969245,3.0,3.0,5.0,0.2531007899999999,23.0,5.276872964169382,13.485342019543976,2.052117263843648,17.882736156351793,0.8794788273615636,4.1042345276872965,3.224755700325733,4.690553745928339,0.5863192182410424,0.2931596091205212,1.4657980456026058,6.742671009771987,1.4657980456026058,0.0,0.2931596091205212,1.4657980456026058,0.8794788273615636,1.1726384364820848,3.5179153094462543,3.811074918566776,0.8794788273615636,2.052117263843648,0.8794788273615636,0.0,79.22,77.78,18.75,58.33,35.71,53.33,75.0,0.0,0.4179721441594845,0.1325956311181902,1.4657980456026058,2.931596091205212,0.1494212394136807,0.8794788273615636,0.8794788273615636,1.4657980456026058,0.0741989286644951,6.742671009771987,RW,17,17,50,17,58,58,83,33,50,25,75,58,42,25,67,42,42,67,67,67,92,83,50,50,33,83,33,67,50,67,83,25,100,17,50,17,33,42,17,17,17,17,17,17,50,17,100,83,83,67,50,17,67,83,67,25,67,67,67,67,83,83,100,67,67,50,33,83,33,67,50,67,83,25,83,50,67,17,67,50,17,17,17,17,Ligue 1
Olympique Lyonnais,121le8unjfzug3iu9pgkqa1c7,ds1wjqejslhsbcvzaufxubey2,M. Bidstrup,Mads Bidstrup,25,Midfielder,Denmark,Midfielder,35.0,35.0,0.0,70.0,1.0,3.0,2.0,23.0,3.0,5.0,384.0,0.0,8.0,5.0,10.0,0.0,2.0,1.0,0.0,2.0,2.0,0.0,1.0,0.0,0.0,79.55,0.0,0.0,50.0,0.0,57.5,33.33,62.5,0.3607197504620295,0.0647757537208646,1.0,5.0,0.11577754,3.0,7.0,4.0,0.27009676,25.0,8.203125,8.203125,0.0,16.40625,0.234375,0.703125,0.46875,5.390625,0.703125,1.171875,0.0,1.875,1.171875,2.34375,0.0,0.46875,0.234375,0.0,0.46875,0.46875,0.0,0.234375,0.0,0.0,79.55,0.0,0.0,50.0,0.0,57.5,33.33,62.5,0.0845436915145381,0.0151818172783276,0.234375,1.171875,0.0271353609375,0.703125,1.640625,0.9375,0.063303928125,5.859375,CM/AM,35,8,6,17,38,25,44,85,58,77,10,29,62,100,27,6,27,12,21,21,35,27,15,50,17,6,15,58,10,92,44,58,46,4,33,17,8,31,21,4,12,8,12,4,6,4,33,19,42,83,42,75,10,25,62,96,27,6,23,12,17,17,35,23,15,50,17,6,15,58,10,92,44,58,38,4,33,8,12,23,21,4,8,4,Ligue 1
Olympique Lyonnais,121le8unjfzug3iu9pgkqa1c7,j0b21u0klyu8taaxmooycdpm,T. Morton,Tyler Morton,23,Midfielder,England,Midfielder,84.0,93.0,21.0,174.0,3.0,2.0,1.0,12.0,3.0,3.0,366.0,0.0,5.0,3.0,1.0,0.0,3.0,1.0,1.0,1.0,1.0,0.0,0.0,3.0,0.0,85.29,70.0,30.0,0.0,0.0,46.15,37.5,16.67,0.1198994387349363,0.3292349116693006,2.0,6.0,0.15910257,4.0,31.0,29.0,0.4605070099999998,105.0,20.655737704918035,22.868852459016395,5.163934426229509,42.78688524590165,0.7377049180327869,0.4918032786885246,0.2459016393442623,2.950819672131148,0.7377049180327869,0.7377049180327869,0.0,1.2295081967213115,0.7377049180327869,0.2459016393442623,0.0,0.7377049180327869,0.2459016393442623,0.2459016393442623,0.2459016393442623,0.2459016393442623,0.0,0.0,0.7377049180327869,0.0,85.29,70.0,30.0,0.0,0.0,46.15,37.5,16.67,0.0294834685413777,0.0809594045088444,0.4918032786885246,1.475409836065574,0.0391235827868852,0.9836065573770492,7.622950819672131,7.131147540983607,0.1132394286885245,25.81967213114754,CM/AM,88,75,96,88,79,15,27,29,58,56,10,17,40,10,27,21,27,38,10,8,35,10,73,50,67,67,71,10,10,42,56,4,12,33,52,31,33,52,96,92,54,92,96,50,96,83,79,12,25,4,50,50,10,21,33,8,27,17,29,33,12,12,35,10,71,50,67,67,71,10,10,42,56,4,12,21,50,25,25,46,96,96,38,100,Ligue 1
Olympique Lyonnais,121le8unjfzug3iu9pgkqa1c7,yhfujfdzpt7tymqdmt7i0mzu,Abner Vinícius,Abner Vinícius da Silva Santos,26,Defender,Brazil,Defender,59.0,57.0,3.0,110.0,0.0,0.0,0.0,3.0,5.0,1.0,280.0,0.0,1.0,3.0,0.0,0.0,4.0,0.0,0.0,2.0,2.0,0.0,0.0,6.0,1.0,83.97,33.33,100.0,0.0,0.0,20.0,0.0,0.0,0.0,0.4231694776042826,0.0,3.0,0.09526162,4.0,11.0,11.0,0.50547782,55.0,18.964285714285715,18.32142857142857,0.9642857142857144,35.357142857142854,0.0,0.0,0.0,0.9642857142857144,1.6071428571428572,0.3214285714285714,0.0,0.3214285714285714,0.9642857142857144,0.0,0.0,1.2857142857142856,0.0,0.0,0.6428571428571428,0.6428571428571428,0.0,0.0,1.9285714285714288,0.3214285714285714,83.97,33.33,100.0,0.0,0.0,20.0,0.0,0.0,0.0,0.1360187606585194,0.0,0.9642857142857144,0.0306198064285714,1.2857142857142856,3.5357142857142856,3.5357142857142856,0.1624750135714285,17.678571428571427,LB/LCB,33,38,25,29,10,15,27,4,21,6,35,19,40,8,44,73,29,44,17,15,44,6,100,96,58,33,98,6,35,4,12,8,12,79,27,23,38,60,44,29,50,25,50,71,29,42,10,15,27,4,25,4,35,17,50,8,44,88,29,44,21,21,44,6,96,100,58,33,98,6,35,4,12,8,12,83,27,29,46,79,62,46,79,46,Ligue 1
Nice,bx0cdmzr2gwr70ez72dorx82p,16idj1wxzcbvuaov5duvpqhyi,E. Wahi,Elye Wahi,23,Attacker,Côte d'Ivoire,Striker,12.0,31.0,2.0,43.0,5.0,7.0,7.0,13.0,1.0,1.0,277.0,4.0,19.0,6.0,1.0,0.0,4.0,0.0,1.0,5.0,6.0,1.0,1.0,0.0,0.0,75.44,100.0,0.0,20.0,57.14,52.0,62.5,100.0,0.913525210873878,0.3117707720164414,0.0,5.0,0.1354906599999999,3.0,5.0,6.0,0.14404305,14.0,3.898916967509025,10.07220216606498,0.6498194945848376,13.971119133574009,1.624548736462094,2.274368231046932,2.274368231046932,4.223826714801444,0.3249097472924188,0.3249097472924188,1.2996389891696751,6.1732851985559565,1.9494584837545128,0.3249097472924188,0.0,1.2996389891696751,0.0,0.3249097472924188,1.624548736462094,1.9494584837545128,0.3249097472924188,0.3249097472924188,0.0,0.0,75.44,100.0,0.0,20.0,57.14,52.0,62.5,100.0,0.2968132454102852,0.1012973627490242,0.0,1.624548736462094,0.0440222361010829,0.9747292418772564,1.624548736462094,1.9494584837545128,0.0468009909747292,4.548736462093863,ST,26,52,46,35,46,24,46,41,39,50,43,57,74,39,33,48,13,28,57,61,46,28,39,52,43,85,39,22,78,91,96,87,26,52,11,65,57,78,70,57,30,30,26,65,61,43,65,30,48,48,43,52,57,70,91,39,33,57,13,22,61,61,52,30,39,52,43,85,39,22,78,91,96,87,43,52,11,70,61,74,83,74,35,35,Ligue 1
Nice,bx0cdmzr2gwr70ez72dorx82p,1pm0n6c6ao1dp7vgcxelrcxzo,X. Mandza,Xavier Mandza,17,Midfielder,France,Midfielder,229.0,121.0,18.0,348.0,7.0,4.0,0.0,20.0,21.0,9.0,448.0,1.0,2.0,3.0,7.0,0.0,4.0,4.0,1.0,4.0,5.0,0.0,1.0,2.0,0.0,90.16,54.55,50.0,25.0,25.0,58.82,77.78,70.0,0.2270547674566107,0.2320700787588457,4.0,6.0,0.11240471,3.0,25.0,24.0,0.5677166199999996,148.0,46.004464285714285,24.308035714285715,3.616071428571429,69.91071428571428,1.40625,0.8035714285714286,0.0,4.017857142857142,4.21875,1.8080357142857144,0.2008928571428571,0.4017857142857143,0.6026785714285714,1.40625,0.0,0.8035714285714286,0.8035714285714286,0.2008928571428571,0.8035714285714286,1.0044642857142856,0.0,0.2008928571428571,0.4017857142857143,0.0,90.16,54.55,50.0,25.0,25.0,58.82,77.78,70.0,0.0456136809622655,0.0466212211792323,0.8035714285714286,1.2053571428571428,0.0225813033482142,0.6026785714285714,5.022321428571429,4.821428571428571,0.1140502138392856,29.732142857142858,LM/LCM,100,75,94,100,100,38,12,88,100,100,38,25,62,100,31,44,81,31,56,75,44,38,56,56,75,38,94,25,44,88,100,75,25,38,88,25,25,19,75,75,38,88,100,62,75,100,88,12,12,75,100,100,25,25,38,100,31,38,50,12,38,50,44,25,50,56,75,38,94,25,44,88,100,75,12,25,88,25,25,12,75,75,38,75,Ligue 1
Nice,bx0cdmzr2gwr70ez72dorx82p,3r1zsjvt43kg7aoudhh7o3rl6,N. Nkounkou,Niels Nkounkou,25,Defender,France,Defender,21.0,35.0,3.0,56.0,3.0,1.0,1.0,14.0,4.0,6.0,223.0,0.0,2.0,2.0,2.0,0.0,1.0,0.0,0.0,9.0,9.0,0.0,2.0,0.0,0.0,78.87,42.86,0.0,22.22,0.0,48.28,60.0,28.57,0.0615626954172678,0.0830551835680337,0.0,4.0,0.12958464,1.0,8.0,13.0,0.33070333,29.0,8.475336322869955,14.125560538116591,1.210762331838565,22.600896860986545,1.210762331838565,0.4035874439461883,0.4035874439461883,5.650224215246636,1.6143497757847534,2.42152466367713,0.0,0.8071748878923767,0.8071748878923767,0.8071748878923767,0.0,0.4035874439461883,0.0,0.0,3.632286995515695,3.632286995515695,0.0,0.8071748878923767,0.0,0.0,78.87,42.86,0.0,22.22,0.0,48.28,60.0,28.57,0.0248459308858928,0.0335200292427041,0.0,1.6143497757847534,0.0522987336322869,0.4035874439461883,3.2286995515695067,5.246636771300448,0.1334677116591928,11.704035874439462,LB/LCB,4,17,25,12,54,46,65,38,15,69,35,35,27,33,44,27,29,44,88,85,44,42,10,46,17,54,10,12,35,29,71,21,46,25,27,40,54,17,25,42,25,17,4,17,38,17,79,67,75,75,29,88,35,54,33,46,44,33,29,44,100,100,44,54,10,46,17,54,10,12,35,29,71,21,50,29,27,62,71,21,46,79,67,21,Ligue 1
Nice,bx0cdmzr2gwr70ez72dorx82p,3v4tbmgdwxn6h8h9grse37lzo,D. Coulibaly,Djibril Coulibaly,17,Midfielder,France,Midfielder,93.0,79.0,7.0,172.0,10.0,5.0,2.0,21.0,7.0,4.0,433.0,2.0,7.0,5.0,4.0,0.0,3.0,3.0,2.0,5.0,5.0,0.0,2.0,0.0,0.0,91.98,77.78,0.0,40.0,40.0,38.18,52.63,100.0,0.3529981589492716,0.162693059386727,4.0,4.0,0.08469336,3.0,9.0,11.0,0.3225067799999999,65.0,19.33025404157044,16.420323325635106,1.4549653579676676,35.750577367205544,2.07852193995381,1.039260969976905,0.4157043879907621,4.364896073903003,1.4549653579676676,0.8314087759815243,0.4157043879907621,1.4549653579676676,1.039260969976905,0.8314087759815243,0.0,0.6235565819861432,0.6235565819861432,0.4157043879907621,1.039260969976905,1.039260969976905,0.0,0.4157043879907621,0.0,0.0,91.98,77.78,0.0,40.0,40.0,38.18,52.63,100.0,0.0733714418139363,0.033816109341352,0.8314087759815243,0.8314087759815243,0.0176037006928406,0.6235565819861432,1.8706697459584296,2.286374133949192,0.0670337418013856,13.51039260969977,DM/CM,52,39,35,42,100,61,65,73,62,32,65,77,74,47,38,36,61,85,62,59,42,50,24,50,85,86,24,42,65,18,73,97,58,39,82,36,39,55,23,29,36,27,30,21,27,33,97,55,64,55,52,27,64,76,58,36,38,30,61,82,58,52,42,42,24,50,85,86,24,42,65,18,73,97,48,33,76,24,30,48,9,15,21,12,Ligue 1
Nice,bx0cdmzr2gwr70ez72dorx82p,59234as8h70fejyfm7492np3p,A. Witsel,Axel Witsel,37,Midfielder,Belgium,Midfielder,85.0,102.0,7.0,187.0,1.0,5.0,3.0,7.0,4.0,6.0,322.0,1.0,4.0,3.0,1.0,0.0,2.0,2.0,1.0,5.0,5.0,0.0,2.0,0.0,0.0,95.41,87.5,0.0,40.0,20.0,36.84,20.0,100.0,0.5497800734932423,0.0574207420663761,2.0,3.0,0.05805396,1.0,17.0,10.0,0.2531478299999999,102.0,23.75776397515528,28.50931677018633,1.9565217391304344,52.267080745341616,0.2795031055900621,1.3975155279503104,0.8385093167701863,1.9565217391304344,1.1180124223602483,1.6770186335403725,0.2795031055900621,1.1180124223602483,0.8385093167701863,0.2795031055900621,0.0,0.5590062111801242,0.5590062111801242,0.2795031055900621,1.3975155279503104,1.3975155279503104,0.0,0.5590062111801242,0.0,0.0,95.41,87.5,0.0,40.0,20.0,36.84,20.0,100.0,0.1536652379328938,0.016049275732838,0.5590062111801242,0.8385093167701863,0.0162262621118012,0.2795031055900621,4.751552795031055,2.795031055900621,0.070755604658385,28.50931677018633,DM/CM,48,58,35,52,33,61,79,8,29,61,47,48,38,6,38,23,44,52,62,59,42,50,24,50,100,97,24,42,41,14,42,97,70,21,52,23,21,23,58,20,21,58,52,76,39,64,36,64,85,6,39,79,48,64,42,6,38,24,48,61,61,58,42,48,24,50,100,97,24,42,41,14,42,97,79,21,55,27,24,24,61,18,33,73,Ligue 1
Nice,bx0cdmzr2gwr70ez72dorx82p,7c0y2e3949kvohxadzfbmct7t,Y. Ndayishimiye,Youssouf Ndayishimiye,27,Midfielder,Burundi,Midfielder,307.0,130.0,14.0,437.0,5.0,1.0,1.0,13.0,25.0,9.0,418.0,0.0,2.0,4.0,2.0,0.0,0.0,0.0,0.0,1.0,1.0,0.0,1.0,0.0,1.0,92.0,35.9,0.0,100.0,0.0,52.0,50.0,66.67,0.1240669103553263,0.0,0.0,2.0,0.04057261,1.0,24.0,22.0,0.5330887099999999,318.0,66.10047846889951,27.99043062200957,3.014354066985646,94.09090909090908,1.076555023923445,0.2153110047846889,0.2153110047846889,2.799043062200957,5.382775119617224,1.9377990430622007,0.0,0.4306220095693779,0.8612440191387559,0.4306220095693779,0.0,0.0,0.0,0.0,0.2153110047846889,0.2153110047846889,0.0,0.2153110047846889,0.0,0.2153110047846889,92.0,35.9,0.0,100.0,0.0,52.0,50.0,66.67,0.0267129711291372,0.0,0.0,0.4306220095693779,0.0087357294258373,0.2153110047846889,5.167464114832535,4.7368421052631575,0.1147798657894736,68.4688995215311,DM/CM,100,85,68,97,76,14,47,36,100,94,20,35,53,18,38,8,6,15,12,12,42,26,24,100,88,6,24,89,20,58,67,52,21,11,9,15,15,23,80,80,67,100,100,70,64,97,71,9,52,27,100,88,20,30,45,12,38,8,6,15,6,6,42,20,24,100,88,6,24,89,20,58,67,52,15,11,9,12,12,21,76,76,61,100,Ligue 1
Nice,bx0cdmzr2gwr70ez72dorx82p,c4w6l0ha9pvwljyh3aejqz3yt,J. Clauss,Jonathan Clauss,33,Defender,France,Defender,53.0,133.0,4.0,177.0,4.0,12.0,8.0,15.0,7.0,2.0,428.0,3.0,18.0,1.0,3.0,0.0,10.0,4.0,4.0,8.0,8.0,0.0,4.0,9.0,0.0,80.09,23.53,20.93,50.0,25.0,55.56,0.0,50.0,0.8989315653989034,1.1665423673261366,3.0,11.0,0.34300659,5.0,17.0,22.0,1.4610291200000007,71.0,11.144859813084112,27.96728971962617,0.8411214953271028,37.2196261682243,0.8411214953271028,2.5233644859813085,1.6822429906542056,3.154205607476636,1.47196261682243,0.4205607476635514,0.6308411214953271,3.785046728971962,0.2102803738317757,0.6308411214953271,0.0,2.102803738317757,0.8411214953271028,0.8411214953271028,1.6822429906542056,1.6822429906542056,0.0,0.8411214953271028,1.892523364485981,0.0,80.09,23.53,20.93,50.0,25.0,55.56,0.0,50.0,0.1890276656212647,0.2453009650919446,0.6308411214953271,2.3130841121495327,0.0721275539719626,1.0514018691588785,3.574766355140187,4.626168224299065,0.3072257495327104,14.929906542056075,RB/RCB,19,95,31,62,69,100,100,29,31,17,95,95,29,38,45,100,95,100,81,76,36,83,100,48,24,14,57,62,71,62,14,55,100,100,90,83,86,69,76,86,100,43,10,95,19,52,67,100,100,24,24,19,95,95,24,33,45,100,95,95,76,76,36,81,90,48,24,14,57,62,71,62,14,55,100,100,86,76,81,62,76,86,95,43,Ligue 1
Nice,bx0cdmzr2gwr70ez72dorx82p,co59rv08x22hk5itwibbwq191,G. Hein,Gauthier Hein,30,Midfielder,France,Midfielder,68.0,182.0,16.0,248.0,1.0,5.0,4.0,9.0,3.0,1.0,385.0,1.0,11.0,1.0,3.0,1.0,7.0,1.0,2.0,8.0,8.0,0.0,3.0,2.0,0.0,90.51,76.19,9.52,37.5,20.0,29.03,25.0,75.0,0.3765591262186607,0.7403430731928102,1.0,30.0,0.7431604699999999,9.0,30.0,46.0,0.9755512499999998,110.0,15.896103896103895,42.54545454545455,3.74025974025974,57.97402597402598,0.2337662337662337,1.1688311688311688,0.935064935064935,2.103896103896104,0.7012987012987013,0.2337662337662337,0.2337662337662337,2.571428571428572,0.2337662337662337,0.7012987012987013,0.2337662337662337,1.6363636363636365,0.2337662337662337,0.4675324675324675,1.87012987012987,1.87012987012987,0.0,0.7012987012987013,0.4675324675324675,0.0,90.51,76.19,9.52,37.5,20.0,29.03,25.0,75.0,0.0880268087264401,0.1730672119152023,0.2337662337662337,7.012987012987013,0.1737258241558441,2.103896103896104,7.012987012987013,10.753246753246753,0.2280509415584415,25.714285714285715,RM/RCM,70,100,100,100,50,65,65,20,60,20,60,60,10,45,85,70,55,60,55,55,35,45,50,55,100,100,30,60,55,10,50,95,60,70,70,100,100,95,100,100,80,100,60,100,100,100,50,60,70,20,50,10,60,40,10,40,90,60,60,50,30,30,35,40,40,55,100,100,30,60,55,10,50,95,50,70,70,100,100,80,100,100,80,100,Ligue 1
Nice,bx0cdmzr2gwr70ez72dorx82p,ct32113pfx5q9avf2c0x208ru,S. Diop,Sofiane Diop,26,Midfielder,Morocco,Midfielder,29.0,77.0,8.0,104.0,0.0,2.0,1.0,12.0,1.0,3.0,256.0,2.0,10.0,2.0,4.0,1.0,8.0,1.0,0.0,7.0,8.0,0.0,5.0,2.0,0.0,78.79,50.0,25.0,71.43,100.0,48.0,0.0,80.0,0.2722368131299775,0.6151345393389049,0.0,5.0,0.1375478799999999,2.0,14.0,17.0,0.5599690200000002,42.0,10.1953125,27.0703125,2.8125,36.5625,0.0,0.703125,0.3515625,4.21875,0.3515625,1.0546875,0.703125,3.515625,0.703125,1.40625,0.3515625,2.8125,0.3515625,0.0,2.4609375,2.8125,0.0,1.7578125,0.703125,0.0,78.79,50.0,25.0,71.43,100.0,48.0,0.0,80.0,0.0957082546160077,0.2162582364863337,0.0,1.7578125,0.0483566765624999,0.703125,4.921875,5.9765625,0.19686410859375,14.765625,CM/AM,21,58,79,38,15,15,27,29,25,56,71,42,19,62,69,67,27,12,58,67,35,79,60,50,12,29,56,83,100,58,17,83,29,54,15,17,25,21,83,79,71,29,38,88,88,67,15,19,29,50,25,71,88,58,27,79,71,92,38,12,71,75,35,92,67,50,12,29,56,83,100,58,17,83,42,75,15,33,33,23,83,88,92,46,Ligue 1
Nice,bx0cdmzr2gwr70ez72dorx82p,eeye58v60p8uvt2noaj5u6rfu,Mohamed Abdelmonem,Mohamed Abdelmonem El Sayed Mohamed Ahmed,27,Defender,Egypt,Defender,164.0,116.0,11.0,280.0,6.0,3.0,2.0,17.0,16.0,6.0,341.0,0.0,2.0,2.0,5.0,0.0,0.0,1.0,1.0,2.0,3.0,0.0,1.0,0.0,0.0,93.65,55.0,0.0,50.0,0.0,60.71,85.71,62.5,0.275659683758308,0.0,2.0,9.0,0.18159683,2.0,19.0,27.0,0.5208113200000001,140.0,43.28445747800587,30.6158357771261,2.903225806451613,73.90029325513197,1.5835777126099708,0.7917888563049854,0.5278592375366569,4.486803519061584,4.222873900293255,1.5835777126099708,0.0,0.5278592375366569,0.5278592375366569,1.3196480938416422,0.0,0.0,0.2639296187683284,0.2639296187683284,0.5278592375366569,0.7917888563049854,0.0,0.2639296187683284,0.0,0.0,93.65,55.0,0.0,50.0,0.0,60.71,85.71,62.5,0.0727547552441282,0.0,0.5278592375366569,2.375366568914956,0.0479287821114369,0.5278592375366569,5.0146627565982405,7.126099706744868,0.1374575331378299,36.95014662756599,CB,50,96,62,62,27,71,60,48,38,60,40,42,58,77,46,19,83,81,90,96,46,79,46,40,92,67,46,73,40,38,92,56,54,27,98,96,96,85,83,94,92,58,62,96,83,92,38,75,65,50,31,67,40,44,62,88,46,19,92,79,88,96,46,83,46,40,92,67,46,73,40,38,92,56,62,27,100,100,100,88,88,96,92,67,Ligue 1
Olympique Marseille,27xvwccz8kpmqsefjv2b2sc0o,1xofhzib5lyqx285j8x36xg8a,C. Egan-Riley,CJ Egan-Riley,23,Defender,England,Defender,200.0,95.0,14.0,295.0,11.0,0.0,0.0,23.0,31.0,8.0,435.0,0.0,3.0,4.0,3.0,0.0,1.0,0.0,0.0,0.0,0.0,0.0,0.0,0.0,0.0,93.06,56.0,0.0,0.0,0.0,88.46,0.0,37.5,0.0,0.0,0.0,0.0,0.0,0.0,0.0,0.0,0.0,0.0,41.37931034482759,19.655172413793103,2.896551724137931,61.03448275862069,2.2758620689655173,0.0,0.0,4.758620689655173,6.413793103448277,1.6551724137931036,0.0,0.6206896551724138,0.8275862068965518,0.6206896551724138,0.0,0.2068965517241379,0.0,0.0,0.0,0.0,0.0,0.0,0.0,0.0,93.06,56.0,0.0,0.0,0.0,88.46,0.0,37.5,0.0,0.0,0.0,0.0,0.0,0.0,0.0,0.0,0.0,0.0,CB,71,79,81,79,62,17,21,92,79,88,40,56,85,38,46,56,38,38,29,25,46,35,46,40,83,71,46,35,40,100,4,12,15,27,40,17,17,25,8,8,8,8,54,75,79,75,54,17,21,75,75,75,40,58,83,38,46,58,38,38,29,25,46,35,46,40,83,71,46,35,40,100,4,12,15,27,40,17,17,25,8,8,8,8,Ligue 1
Olympique Marseille,27xvwccz8kpmqsefjv2b2sc0o,310zaj8t3k4c8aj54ml0n0kx5,H. Abdelli,Himad Abdelli,26,Midfielder,Algeria,Midfielder,108.0,103.0,6.0,210.0,1.0,1.0,0.0,10.0,6.0,1.0,379.0,0.0,4.0,2.0,3.0,0.0,3.0,1.0,0.0,6.0,6.0,0.0,3.0,1.0,0.0,91.3,75.0,50.0,50.0,0.0,43.48,20.0,75.0,0.050197490150762,0.1600689486964239,1.0,13.0,0.30553062,8.0,15.0,18.0,0.3933818499999999,103.0,25.646437994722955,24.45910290237467,1.4248021108179418,49.86807387862797,0.2374670184696569,0.2374670184696569,0.0,2.3746701846965697,1.4248021108179418,0.2374670184696569,0.0,0.949868073878628,0.4749340369393139,0.7124010554089709,0.0,0.7124010554089709,0.2374670184696569,0.0,1.4248021108179418,1.4248021108179418,0.0,0.7124010554089709,0.2374670184696569,0.0,91.3,75.0,50.0,50.0,0.0,43.48,20.0,75.0,0.0119202483207614,0.0380110959965122,0.2374670184696569,3.0870712401055407,0.0725534453825857,1.899736147757256,3.5620052770448547,4.274406332453825,0.0934152150395778,24.45910290237467,DM/CM,64,61,27,61,33,14,18,24,50,3,20,48,27,33,38,36,23,15,70,68,42,70,61,50,76,76,80,52,20,30,42,70,9,33,30,92,94,94,41,52,48,61,55,67,21,58,33,12,18,15,48,3,20,45,30,30,38,33,18,15,67,64,42,67,61,50,76,76,80,52,20,30,42,70,9,36,24,91,91,94,48,64,39,55,Ligue 1
Olympique Marseille,27xvwccz8kpmqsefjv2b2sc0o,3o0zpl9cnmna2hyk595ja0xrd,N. Aguerd,Nayef Aguerd,30,Defender,Morocco,Defender,147.0,99.0,7.0,246.0,14.0,2.0,2.0,15.0,14.0,3.0,298.0,0.0,2.0,0.0,1.0,0.0,0.0,0.0,1.0,0.0,0.0,0.0,0.0,0.0,0.0,90.77,36.84,0.0,0.0,0.0,53.57,66.67,100.0,0.2845127324147592,0.0,0.0,3.0,0.06255413,1.0,23.0,23.0,0.4028515299999996,179.0,44.395973154362416,29.899328859060404,2.114093959731544,74.29530201342283,4.228187919463087,0.6040268456375839,0.6040268456375839,4.530201342281879,4.228187919463087,0.906040268456376,0.0,0.6040268456375839,0.0,0.3020134228187919,0.0,0.0,0.0,0.3020134228187919,0.0,0.0,0.0,0.0,0.0,0.0,90.77,36.84,0.0,0.0,0.0,53.57,66.67,100.0,0.0859266641521084,0.0,0.0,0.906040268456376,0.0188921869127516,0.3020134228187919,6.946308724832215,6.946308724832215,0.1216665694630871,54.06040268456376,CB,42,83,42,50,88,50,60,35,25,17,40,42,8,15,46,19,38,81,29,25,46,35,46,40,46,33,46,35,40,25,54,98,58,27,40,73,71,60,92,88,75,73,75,92,42,96,96,67,79,58,38,25,40,54,8,17,46,19,38,83,29,25,46,35,46,40,46,33,46,35,40,25,54,98,79,27,40,83,83,67,96,92,88,96,Ligue 1
Olympique Marseille,27xvwccz8kpmqsefjv2b2sc0o,4zxrdmwphkxvkvo6bt30uanrp,P. Højbjerg,Pierre-Emile Højbjerg,31,Midfielder,Denmark,Midfielder,163.0,194.0,13.0,355.0,7.0,10.0,3.0,20.0,7.0,8.0,450.0,5.0,6.0,2.0,7.0,0.0,5.0,7.0,1.0,4.0,4.0,1.0,3.0,2.0,0.0,89.87,44.83,66.67,75.0,50.0,51.28,0.0,87.5,0.7413306193568581,0.4625948293400488,5.0,12.0,0.25698747,4.0,40.0,36.0,0.9077954799999997,236.0,32.6,38.8,2.6,71.0,1.4,2.0,0.6,4.0,1.4,1.6,1.0,1.2,0.4,1.4,0.0,1.0,1.4,0.2,0.8,0.8,0.2,0.6,0.4,0.0,89.87,44.83,66.67,75.0,50.0,51.28,0.0,87.5,0.1482661238713716,0.0925189658680097,1.0,2.4,0.051397494,0.8,8.0,7.2,0.1815590959999999,47.2,DM/CM,91,94,64,91,88,92,79,67,62,82,98,68,27,76,38,65,95,52,55,52,91,70,80,50,48,12,88,76,82,55,17,88,85,79,92,85,82,73,94,92,91,94,82,91,55,85,83,91,70,52,45,68,94,68,21,67,38,53,94,33,45,42,85,53,77,50,48,12,88,76,82,55,17,88,73,73,89,80,79,64,91,88,88,94,Ligue 1
Olympique Marseille,27xvwccz8kpmqsefjv2b2sc0o,6u2ob6fv950r1qve8uejkq2uh,A. Gouiri,Amine Gouiri,26,Attacker,Algeria,Striker,40.0,86.0,3.0,126.0,6.0,13.0,10.0,15.0,1.0,0.0,448.0,6.0,33.0,3.0,1.0,1.0,7.0,3.0,3.0,11.0,14.0,4.0,5.0,0.0,0.0,85.71,75.0,0.0,45.45,46.15,34.09,33.33,100.0,1.3719634285850872,0.6787071931518706,2.0,14.0,0.33874344,6.0,4.0,9.0,0.4705693,43.0,8.035714285714285,17.276785714285715,0.6026785714285714,25.3125,1.2053571428571428,2.611607142857143,2.008928571428571,3.013392857142857,0.2008928571428571,0.0,1.2053571428571428,6.629464285714286,0.6026785714285714,0.2008928571428571,0.2008928571428571,1.40625,0.6026785714285714,0.6026785714285714,2.2098214285714284,2.8125,0.8035714285714286,1.0044642857142856,0.0,0.0,85.71,75.0,0.0,45.45,46.15,34.09,33.33,100.0,0.2756176530639684,0.1363474271956883,0.4017857142857143,2.8125,0.0680511375,1.2053571428571428,0.8035714285714286,1.8080357142857144,0.0945340111607142,8.638392857142858,ST,100,96,74,96,57,76,78,57,39,17,78,96,35,39,78,83,74,80,91,98,93,89,39,52,96,46,39,52,48,13,33,87,78,91,46,96,87,91,54,83,91,91,83,87,48,87,43,48,30,30,35,17,48,78,22,26,65,61,52,70,70,70,83,74,39,52,96,46,39,52,48,13,33,87,30,83,35,87,78,83,43,70,87,83,Ligue 1
Olympique Marseille,27xvwccz8kpmqsefjv2b2sc0o,7nivkfkngr374fx5totgektm1,A. Gomes,Angel Gomes,26,Midfielder,England,Midfielder,60.0,104.0,7.0,164.0,2.0,10.0,8.0,16.0,0.0,3.0,372.0,3.0,13.0,4.0,3.0,1.0,4.0,2.0,2.0,5.0,5.0,1.0,2.0,0.0,0.0,90.11,63.64,0.0,40.0,30.0,47.06,33.33,37.5,1.045258451418518,0.4020490035410906,3.0,11.0,0.27988979,5.0,14.0,19.0,0.6681092799999999,71.0,14.516129032258062,25.161290322580644,1.693548387096774,39.67741935483871,0.4838709677419354,2.419354838709677,1.935483870967741,3.870967741935484,0.0,0.7258064516129031,0.7258064516129031,3.1451612903225805,0.9677419354838708,0.7258064516129031,0.2419354838709677,0.9677419354838708,0.4838709677419354,0.4838709677419354,1.2096774193548383,1.2096774193548383,0.2419354838709677,0.4838709677419354,0.0,0.0,90.11,63.64,0.0,40.0,30.0,47.06,33.33,37.5,0.2528851092141575,0.0972699202115541,0.7258064516129031,2.661290322580645,0.0677152717741935,1.2096774193548383,3.387096774193548,4.596774193548387,0.1616393419354838,17.177419354838708,CM/AM,75,83,71,83,60,98,96,60,10,56,90,73,50,46,69,35,56,67,38,33,81,40,15,50,96,52,15,38,54,50,44,31,96,42,77,71,67,71,83,83,92,79,62,71,67,75,54,100,100,33,10,42,92,54,46,42,67,25,50,75,38,33,83,38,15,50,96,52,15,38,54,50,44,31,96,33,79,54,62,62,75,71,79,54,Ligue 1
Olympique Marseille,27xvwccz8kpmqsefjv2b2sc0o,8qezzr83ofw7htqufohg2fwlx,Emerson,Emerson Palmieri dos Santos,32,Defender,Italy,Defender,98.0,163.0,3.0,257.0,3.0,3.0,1.0,23.0,6.0,6.0,443.0,1.0,12.0,7.0,3.0,0.0,4.0,2.0,0.0,9.0,10.0,0.0,5.0,4.0,0.0,88.01,17.65,23.53,55.56,33.33,62.16,50.0,37.5,0.1815095472203746,0.4997446989312473,3.0,18.0,0.42872365,8.0,19.0,27.0,0.8697844700000004,121.0,19.909706546275395,33.11512415349887,0.6094808126410834,52.21218961625282,0.6094808126410834,0.6094808126410834,0.2031602708803611,4.672686230248306,1.218961625282167,1.218961625282167,0.2031602708803611,2.437923250564334,1.4221218961625282,0.6094808126410834,0.0,0.8126410835214446,0.4063205417607223,0.0,1.8284424379232505,2.031602708803612,0.0,1.015801354401806,0.8126410835214446,0.0,88.01,17.65,23.53,55.56,33.33,62.16,50.0,37.5,0.036875528780663,0.1015282684058967,0.6094808126410834,3.656884875846501,0.0870996128668171,1.6252821670428892,3.860045146726862,5.485327313769751,0.1767056485327314,24.5823927765237,LB/LCB,79,100,25,92,54,81,65,79,29,69,79,94,83,48,44,73,94,44,88,92,44,90,90,46,88,12,52,62,73,79,56,27,75,83,100,100,100,100,85,100,92,88,54,100,17,92,50,71,62,58,12,42,75,92,79,38,44,54,88,44,71,67,44,79,88,46,88,12,52,62,73,79,56,27,67,71,96,100,100,92,71,88,88,71,Ligue 1
Olympique Marseille,27xvwccz8kpmqsefjv2b2sc0o,bt2h27b7sfmsa5w6tnfp7lw4p,A. Harit,Amine Harit,29,Midfielder,Morocco,Midfielder,44.0,112.0,5.0,155.0,0.0,5.0,3.0,23.0,1.0,6.0,416.0,2.0,18.0,9.0,4.0,1.0,9.0,2.0,2.0,12.0,13.0,0.0,8.0,1.0,0.0,85.16,62.5,10.0,66.67,40.0,50.0,0.0,66.67,0.3286222116800015,0.7832270621568687,3.0,21.0,0.5872582699999999,8.0,13.0,14.0,0.5891785699999998,69.0,9.51923076923077,24.23076923076924,1.0817307692307694,33.53365384615385,0.0,1.0817307692307694,0.6490384615384616,4.975961538461539,0.2163461538461538,1.2980769230769231,0.4326923076923077,3.8942307692307696,1.9471153846153848,0.8653846153846154,0.2163461538461538,1.9471153846153848,0.4326923076923077,0.4326923076923077,2.5961538461538463,2.8125000000000004,0.0,1.7307692307692308,0.2163461538461538,0.0,85.16,62.5,10.0,66.67,40.0,50.0,0.0,66.67,0.0710961515653849,0.169448162485861,0.6490384615384616,4.543269230769231,0.1270510680288461,1.7307692307692308,2.8125000000000004,3.028846153846154,0.1274665175480769,14.927884615384617,CM/AM,48,90,50,79,15,60,65,85,25,90,71,96,94,62,69,79,56,67,94,96,35,96,40,50,62,46,29,79,73,75,17,65,38,79,77,96,96,96,73,52,79,75,33,62,29,42,15,38,46,71,21,79,67,83,88,54,62,54,46,62,79,79,35,88,33,50,62,46,29,79,73,75,17,65,33,58,67,88,92,88,50,33,50,50,Ligue 1
Olympique Marseille,27xvwccz8kpmqsefjv2b2sc0o,e0cy0gwf04lohf0xjef0af8fe,Igor Paixão,Igor Guilherme Barbosa da Paixão,26,Attacker,Brazil,Striker,19.0,81.0,8.0,99.0,3.0,4.0,3.0,18.0,1.0,0.0,280.0,2.0,13.0,6.0,1.0,0.0,4.0,1.0,0.0,18.0,20.0,0.0,7.0,1.0,0.0,86.09,80.0,11.11,38.89,50.0,39.13,50.0,50.0,0.3278434549520118,0.250952372622344,1.0,25.0,0.72612388,6.0,5.0,6.0,0.1845922599999999,26.0,6.107142857142857,26.035714285714285,2.571428571428571,31.82142857142857,0.9642857142857144,1.2857142857142856,0.9642857142857144,5.785714285714286,0.3214285714285714,0.0,0.6428571428571428,4.178571428571429,1.9285714285714288,0.3214285714285714,0.0,1.2857142857142856,0.3214285714285714,0.0,5.785714285714286,6.428571428571429,0.0,2.25,0.3214285714285714,0.0,86.09,80.0,11.11,38.89,50.0,39.13,50.0,50.0,0.1053782533774323,0.0806632626286105,0.3214285714285714,8.035714285714285,0.2333969614285714,1.9285714285714288,1.6071428571428572,1.9285714285714288,0.0593332264285713,8.357142857142858,LW,54,93,93,79,75,25,29,79,39,14,46,46,68,29,25,50,21,14,100,100,32,86,46,54,93,82,43,36,86,43,68,36,29,29,25,86,86,79,61,50,21,64,50,93,100,86,86,21,29,79,43,14,50,50,64,36,25,57,14,14,100,100,32,93,43,54,93,82,43,36,86,43,68,36,21,29,14,93,93,79,64,57,29,64,Ligue 1
Olympique Marseille,27xvwccz8kpmqsefjv2b2sc0o,e5xxqwz0sdlwkkmp8bgs1k6w9,T. Weah,Timothy Weah,26,Attacker,USA,Striker,103.0,135.0,10.0,236.0,4.0,5.0,2.0,21.0,15.0,3.0,437.0,2.0,5.0,5.0,5.0,0.0,5.0,3.0,1.0,3.0,4.0,0.0,2.0,2.0,1.0,87.41,45.45,25.0,66.67,40.0,56.76,57.14,50.0,0.2845799781562423,0.4784228621400757,3.0,21.0,0.5195789400000002,14.0,25.0,33.0,0.8949583799999996,108.0,21.212814645308924,27.803203661327235,2.059496567505721,48.60411899313502,0.8237986270022883,1.0297482837528604,0.4118993135011441,4.324942791762014,3.0892448512585813,0.6178489702517163,0.4118993135011441,1.0297482837528604,1.0297482837528604,1.0297482837528604,0.0,1.0297482837528604,0.6178489702517163,0.205949656750572,0.6178489702517163,0.8237986270022883,0.0,0.4118993135011441,0.4118993135011441,0.205949656750572,87.41,45.45,25.0,66.67,40.0,56.76,57.14,50.0,0.0586091488193634,0.0985310242393748,0.6178489702517163,4.324942791762014,0.1070071043478261,2.883295194508009,5.148741418764303,6.796338672768879,0.184316371167048,22.242562929061787,RW,100,100,75,100,92,17,17,83,100,75,17,17,42,83,25,42,42,33,17,17,33,25,25,100,100,17,58,100,67,100,67,58,17,33,25,67,50,100,100,100,67,100,100,83,67,100,83,17,17,50,100,83,17,17,33,83,25,33,33,33,17,17,33,17,17,100,100,17,58,100,67,100,67,58,17,17,17,67,17,83,83,83,33,83,Ligue 1
Paris FC,8v00fx2zwhiwm05tqqkt122p5,4ho3e7wi6z5tq8g87l8tjtwtm,L. Koleosho,Luca Koleosho,22,Attacker,Italy,Striker,22.0,47.0,4.0,69.0,0.0,10.0,7.0,11.0,1.0,2.0,291.0,3.0,17.0,2.0,4.0,1.0,4.0,3.0,2.0,7.0,9.0,0.0,3.0,0.0,0.0,76.67,80.0,0.0,42.86,30.0,32.35,0.0,66.67,0.9176973527588452,0.3936194749776158,5.0,13.0,0.43185465,4.0,9.0,11.0,0.46316287,25.0,6.804123711340206,14.536082474226804,1.2371134020618555,21.34020618556701,0.0,3.09278350515464,2.164948453608248,3.402061855670103,0.3092783505154639,0.6185567010309279,0.9278350515463918,5.257731958762887,0.6185567010309279,1.2371134020618555,0.3092783505154639,1.2371134020618555,0.9278350515463918,0.6185567010309279,2.164948453608248,2.783505154639175,0.0,0.9278350515463918,0.0,0.0,76.67,80.0,0.0,42.86,30.0,32.35,0.0,66.67,0.2838239235336635,0.1217379819518399,1.5463917525773196,4.020618556701031,0.133563293814433,1.2371134020618555,2.783505154639175,3.402061855670103,0.1432462484536082,7.731958762886598,LW,64,57,71,50,14,64,75,18,39,54,61,57,18,82,75,50,61,61,39,54,32,46,21,54,50,82,21,46,43,14,14,71,71,43,68,79,79,61,89,86,71,57,64,50,71,64,14,64,64,7,29,57,57,71,14,93,71,43,64,64,43,50,32,50,21,54,50,82,21,46,43,14,14,71,79,50,79,71,71,43,93,86,57,57,Ligue 1
Paris FC,8v00fx2zwhiwm05tqqkt122p5,5l02insq2xjtf3dhna970modl,I. Kebbal,Ilan Kebbal,28,Midfielder,Algeria,Midfielder,85.0,112.0,6.0,193.0,1.0,11.0,5.0,23.0,2.0,2.0,405.0,4.0,22.0,8.0,3.0,1.0,10.0,6.0,4.0,12.0,13.0,1.0,6.0,4.0,0.0,84.65,50.0,25.0,50.0,36.36,40.35,14.29,37.5,0.8952471322413421,0.7720272997358532,9.0,15.0,0.40656141,7.0,10.0,13.0,0.77600129,76.0,18.88888888888889,24.88888888888889,1.3333333333333333,42.888888888888886,0.2222222222222222,2.4444444444444446,1.1111111111111112,5.111111111111111,0.4444444444444444,0.4444444444444444,0.8888888888888888,4.888888888888889,1.7777777777777777,0.6666666666666666,0.2222222222222222,2.2222222222222223,1.3333333333333333,0.8888888888888888,2.6666666666666665,2.888888888888889,0.2222222222222222,1.3333333333333333,0.8888888888888888,0.0,84.65,50.0,25.0,50.0,36.36,40.35,14.29,37.5,0.1989438071647427,0.1715616221635229,2.0,3.333333333333333,0.09034698,1.5555555555555556,2.2222222222222223,2.888888888888889,0.1724447311111111,16.88888888888889,RM/RCM,90,80,60,80,50,100,80,90,35,40,90,100,100,45,85,100,100,100,85,90,85,85,90,55,70,60,70,75,90,40,40,30,100,80,100,90,90,75,60,50,70,75,80,80,50,70,40,90,80,50,20,40,90,90,80,30,80,90,100,100,60,60,80,70,80,55,70,60,70,75,90,40,40,30,90,60,100,70,70,70,50,50,50,70,Ligue 1
Paris FC,8v00fx2zwhiwm05tqqkt122p5,5xswuoacpzuco82mmu00gjyms,P. Pagis,Pablo Pagis,23,Attacker,France,Striker,43.0,74.0,8.0,115.0,1.0,8.0,5.0,14.0,2.0,3.0,364.0,1.0,13.0,5.0,5.0,1.0,8.0,3.0,2.0,7.0,7.0,1.0,2.0,2.0,0.0,83.94,72.73,14.29,28.57,12.5,36.84,20.0,83.33,0.6901321808331797,0.7210698402928704,5.0,6.0,0.12910502,2.0,20.0,15.0,0.7823941500000001,65.0,10.631868131868131,18.296703296703296,1.978021978021978,28.43406593406593,0.2472527472527472,1.978021978021978,1.2362637362637363,3.4615384615384617,0.4945054945054945,0.7417582417582418,0.2472527472527472,3.2142857142857144,1.2362637362637363,1.2362637362637363,0.2472527472527472,1.978021978021978,0.7417582417582418,0.4945054945054945,1.7307692307692308,1.7307692307692308,0.2472527472527472,0.4945054945054945,0.4945054945054945,0.0,83.94,72.73,14.29,28.57,12.5,36.84,20.0,83.33,0.1706370776785334,0.1782864989735119,1.2362637362637363,1.4835164835164836,0.0319215708791208,0.4945054945054945,4.945054945054945,3.708791208791209,0.193449103021978,16.071428571428573,LW,100,75,93,93,39,46,46,43,61,79,25,46,50,96,75,86,61,61,39,32,79,29,71,54,79,61,50,21,14,36,36,93,57,86,68,21,14,25,100,93,86,100,86,79,93,79,29,36,43,14,57,64,14,21,43,86,57,79,43,57,21,21,79,29,64,54,79,61,50,21,14,36,36,93,36,71,64,14,7,21,100,93,79,100,Ligue 1
Paris FC,8v00fx2zwhiwm05tqqkt122p5,6ivohe6bn57t1z3ptqxlhs2jt,S. Chergui,Samir Chergui,27,Defender,Algeria,Defender,98.0,38.0,0.0,136.0,0.0,1.0,1.0,2.0,10.0,7.0,270.0,1.0,3.0,0.0,0.0,0.0,1.0,0.0,0.0,0.0,0.0,1.0,0.0,0.0,0.0,90.07,0.0,0.0,0.0,100.0,22.22,0.0,0.0,0.2235063667762365,0.0785602878826422,0.0,0.0,0.0,0.0,2.0,3.0,0.1586914,78.0,32.666666666666664,12.666666666666666,0.0,45.333333333333336,0.0,0.3333333333333333,0.3333333333333333,0.6666666666666666,3.333333333333333,2.333333333333333,0.3333333333333333,1.0,0.0,0.0,0.0,0.3333333333333333,0.0,0.0,0.0,0.0,0.3333333333333333,0.0,0.0,0.0,90.07,0.0,0.0,0.0,100.0,22.22,0.0,0.0,0.0745021222587455,0.0261867626275474,0.0,0.0,0.0,0.0,0.6666666666666666,1.0,0.0528971333333333,26.0,RB/RCB,67,14,5,33,7,31,43,5,48,79,69,38,10,5,45,26,26,19,10,7,81,12,19,48,90,5,19,12,100,5,14,5,48,33,26,7,7,10,12,10,10,67,86,19,5,76,7,38,52,5,67,90,76,50,10,5,45,33,26,19,10,7,86,12,19,48,90,5,19,12,100,5,14,5,48,33,26,7,7,10,14,10,14,71,Ligue 1
Paris FC,8v00fx2zwhiwm05tqqkt122p5,7l1uizt2vz2a70aarov383xm1,A. Camara,Adama Camara,29,Midfielder,France,Midfielder,107.0,76.0,2.0,183.0,2.0,1.0,1.0,21.0,14.0,4.0,450.0,0.0,9.0,3.0,8.0,0.0,3.0,0.0,0.0,6.0,6.0,0.0,2.0,0.0,0.0,84.72,25.0,0.0,33.33,0.0,55.26,28.57,57.14,0.1003065869801737,0.2404519910276378,0.0,6.0,0.13211205,2.0,11.0,10.0,0.3025156000000001,70.0,21.4,15.2,0.4,36.6,0.4,0.2,0.2,4.2,2.8,0.8,0.0,1.8,0.6,1.6,0.0,0.6,0.0,0.0,1.2,1.2,0.0,0.4,0.0,0.0,84.72,25.0,0.0,33.33,0.0,55.26,28.57,57.14,0.0200613173960347,0.0480903982055275,0.0,1.2,0.02642241,0.4,2.2,2.0,0.06050312,14.0,RM/RCM,100,60,35,70,75,30,30,80,90,65,25,45,45,90,35,30,25,15,30,25,35,30,15,55,90,20,15,35,25,90,60,75,20,20,35,30,20,20,70,40,30,60,90,20,30,60,70,20,20,40,80,60,25,20,20,80,35,10,25,15,20,20,35,30,15,55,90,20,15,35,25,90,60,75,20,20,35,10,10,10,40,30,20,50,Ligue 1
Paris FC,8v00fx2zwhiwm05tqqkt122p5,8o8o4rxbdhv002pj0q21l0f84,D. Coppola,Diego Coppola,22,Defender,Italy,Defender,286.0,77.0,6.0,363.0,7.0,0.0,0.0,13.0,32.0,6.0,450.0,0.0,1.0,1.0,4.0,0.0,1.0,0.0,0.0,0.0,0.0,0.0,0.0,0.0,0.0,91.44,21.43,0.0,0.0,0.0,44.83,35.0,80.0,0.0,0.0915137610832536,0.0,0.0,0.0,0.0,10.0,10.0,0.3907342099999998,235.0,57.2,15.4,1.2,72.6,1.4,0.0,0.0,2.6,6.4,1.2,0.0,0.2,0.2,0.8,0.0,0.2,0.0,0.0,0.0,0.0,0.0,0.0,0.0,0.0,91.44,21.43,0.0,0.0,0.0,44.83,35.0,80.0,0.0,0.0183027522166507,0.0,0.0,0.0,0.0,2.0,2.0,0.0781468419999999,47.0,CB,100,71,31,96,40,17,21,15,83,60,40,23,29,58,46,56,38,38,29,25,46,35,46,40,67,8,46,35,40,8,12,73,15,67,40,17,17,25,46,46,71,96,100,62,21,88,29,17,21,8,71,50,40,19,25,48,46,46,38,38,29,25,46,35,46,40,67,8,46,35,40,8,12,73,15,62,40,17,17,25,42,40,62,92,Ligue 1
Paris FC,8v00fx2zwhiwm05tqqkt122p5,aujgya83jg4eylvm7hjjbbasq,L. Sinayoko,Lassine Sinayoko,26,Attacker,Mali,Striker,29.0,46.0,3.0,75.0,6.0,17.0,14.0,29.0,2.0,7.0,435.0,9.0,27.0,9.0,6.0,1.0,9.0,3.0,5.0,5.0,5.0,4.0,5.0,0.0,0.0,78.95,100.0,0.0,100.0,52.94,51.79,33.33,66.67,1.775940546220976,0.5295947319334493,6.0,2.0,0.04255496,2.0,5.0,7.0,0.24860325,32.0,6.0,9.517241379310343,0.6206896551724138,15.517241379310343,1.2413793103448276,3.517241379310345,2.896551724137931,6.0,0.4137931034482759,1.4482758620689655,1.862068965517241,5.586206896551724,1.862068965517241,1.2413793103448276,0.2068965517241379,1.862068965517241,0.6206896551724138,1.0344827586206895,1.0344827586206895,1.0344827586206895,0.8275862068965518,1.0344827586206895,0.0,0.0,78.95,100.0,0.0,100.0,52.94,51.79,33.33,66.67,0.367435975080202,0.1095713238482998,1.2413793103448276,0.4137931034482759,0.0088044744827586,0.4137931034482759,1.0344827586206895,1.4482758620689655,0.0514351551724137,6.620689655172415,ST,78,74,74,74,57,93,93,87,54,100,93,89,93,91,78,96,74,96,57,50,93,89,39,52,65,85,39,93,61,87,33,43,83,83,96,22,13,63,70,67,61,83,43,61,52,61,48,78,87,74,48,100,83,61,87,83,70,87,61,87,39,39,87,78,39,52,65,85,39,93,61,87,33,43,57,65,87,13,13,57,52,52,43,74,Ligue 1
Paris FC,8v00fx2zwhiwm05tqqkt122p5,dl4e5ojyhccj6w0vgksfzvmxh,P. Lees-Melou,Pierre Lees-Melou,33,Midfielder,France,Midfielder,156.0,120.0,19.0,276.0,2.0,5.0,0.0,32.0,6.0,7.0,450.0,0.0,5.0,7.0,13.0,0.0,2.0,5.0,1.0,3.0,3.0,0.0,3.0,0.0,0.0,90.2,73.08,0.0,100.0,0.0,66.67,66.67,65.0,0.5773561627101521,0.093646799561569,5.0,7.0,0.2253977,0.0,28.0,19.0,0.3827399500000001,141.0,31.2,24.0,3.8,55.2,0.4,1.0,0.0,6.4,1.2,1.4,0.0,1.0,1.4,2.6,0.0,0.4,1.0,0.2,0.6,0.6,0.0,0.6,0.0,0.0,90.2,73.08,0.0,100.0,0.0,66.67,66.67,65.0,0.1154712325420304,0.0187293599123138,1.0,1.4,0.04507954,0.0,5.6,3.8,0.07654799,28.2,DM/CM,85,77,85,85,52,61,18,92,50,70,20,59,86,94,38,23,85,52,41,38,42,70,24,50,58,67,24,89,20,94,94,39,76,24,92,67,76,8,88,62,45,85,76,62,76,70,45,45,18,85,42,52,20,50,79,88,38,21,73,33,27,27,42,53,24,50,58,67,24,89,20,94,94,39,67,24,89,52,73,8,79,48,36,70,Ligue 1
Paris FC,8v00fx2zwhiwm05tqqkt122p5,ef4thhub6bsd2gtmltknkz8b9,M. Lopez,Maxime Lopez,28,Midfielder,France,Midfielder,200.0,149.0,5.0,346.0,0.0,3.0,0.0,9.0,4.0,6.0,382.0,1.0,2.0,1.0,2.0,1.0,6.0,3.0,1.0,1.0,1.0,0.0,1.0,3.0,0.0,93.51,45.45,100.0,100.0,33.33,50.0,0.0,28.57,0.1766236654887461,0.5823822367704736,3.0,8.0,0.15984572,3.0,26.0,20.0,0.6727265899999997,166.0,47.12041884816754,35.10471204188482,1.1780104712041886,81.51832460732984,0.0,0.7068062827225131,0.0,2.1204188481675392,0.9424083769633508,1.4136125654450262,0.2356020942408377,0.4712041884816754,0.2356020942408377,0.4712041884816754,0.2356020942408377,1.4136125654450262,0.7068062827225131,0.2356020942408377,0.2356020942408377,0.2356020942408377,0.0,0.2356020942408377,0.7068062827225131,0.0,93.51,45.45,100.0,100.0,33.33,50.0,0.0,28.57,0.0416129054816417,0.1372104746317869,0.7068062827225131,1.8848167539267016,0.0376599863874345,0.7068062827225131,6.12565445026178,4.712041884816754,0.1584957934554973,39.109947643979055,DM/CM,97,91,20,88,12,32,18,18,29,61,47,35,14,18,86,79,61,52,12,12,42,26,89,50,97,15,95,89,55,48,17,12,33,88,68,73,67,55,85,73,85,88,97,88,12,94,12,27,18,12,27,55,45,33,12,18,94,73,64,58,9,9,42,27,88,50,97,15,95,89,55,48,17,12,27,82,70,70,61,58,85,70,85,85,Ligue 1
Paris FC,8v00fx2zwhiwm05tqqkt122p5,xrh2szvp5808no7zm1et2zf9,H. Traoré,Hamari Traoré,34,Defender,Mali,Defender,84.0,43.0,3.0,127.0,1.0,0.0,0.0,10.0,4.0,1.0,241.0,0.0,1.0,3.0,2.0,0.0,0.0,0.0,0.0,3.0,3.0,0.0,1.0,0.0,0.0,94.78,60.0,0.0,33.33,0.0,52.63,25.0,40.0,0.0,0.0,0.0,0.0,0.0,0.0,0.0,0.0,0.0,0.0,31.36929460580913,16.058091286307054,1.120331950207469,47.427385892116185,0.3734439834024896,0.0,0.0,3.734439834024896,1.4937759336099583,0.3734439834024896,0.0,0.3734439834024896,1.120331950207469,0.7468879668049793,0.0,0.0,0.0,0.0,1.120331950207469,1.120331950207469,0.0,0.3734439834024896,0.0,0.0,94.78,60.0,0.0,33.33,0.0,52.63,25.0,40.0,0.0,0.0,0.0,0.0,0.0,0.0,0.0,0.0,0.0,0.0,LB/LCB,50,21,25,40,29,15,27,17,15,6,35,19,40,33,44,8,29,44,29,27,44,23,10,46,100,88,10,25,35,46,33,35,12,8,27,4,4,6,4,4,4,4,83,42,33,79,29,15,27,42,21,8,35,21,58,42,44,8,29,44,46,38,44,29,10,46,100,88,10,25,35,46,33,35,12,8,27,4,4,6,4,4,4,4,Ligue 1
Paris Saint-Germain,2b3mar72yy8d6uvat1ka6tn3r,1vr896w03yky9kmu8x5tjkicp,A. Hakimi,Achraf Hakimi,27,Defender,Morocco,Defender,74.0,168.0,3.0,241.0,2.0,8.0,2.0,17.0,1.0,3.0,309.0,1.0,18.0,5.0,2.0,0.0,5.0,6.0,3.0,18.0,18.0,0.0,7.0,1.0,0.0,87.64,60.0,8.33,38.89,12.5,45.95,0.0,66.67,0.4876421642192103,0.3873930762132632,4.0,18.0,0.4909984899999999,9.0,21.0,26.0,0.7294876699999997,109.0,21.55339805825243,48.932038834951456,0.8737864077669903,70.19417475728156,0.5825242718446603,2.330097087378641,0.5825242718446603,4.951456310679612,0.2912621359223301,0.8737864077669903,0.2912621359223301,5.242718446601942,1.4563106796116505,0.5825242718446603,0.0,1.4563106796116505,1.7475728155339807,0.8737864077669903,5.242718446601942,5.242718446601942,0.0,2.0388349514563107,0.2912621359223301,0.0,87.64,60.0,8.33,38.89,12.5,45.95,0.0,66.67,0.1420316983162748,0.112832934819397,1.1650485436893203,5.242718446601942,0.1430092689320388,2.621359223300971,6.116504854368932,7.572815533980583,0.2124721368932038,31.74757281553398,RB/RCB,38,100,21,86,36,90,62,57,5,38,69,95,76,24,45,76,100,95,100,95,36,93,38,48,67,93,38,57,57,19,14,79,81,62,100,98,100,100,90,95,71,81,52,100,24,100,33,95,62,67,5,48,71,100,86,19,45,81,100,100,100,100,36,95,38,48,67,93,38,57,57,19,14,79,90,62,100,100,100,100,95,100,86,86,Ligue 1
Paris Saint-Germain,2b3mar72yy8d6uvat1ka6tn3r,2s2fzli5c7h9dfcertq2dwxec,W. Zaïre-Emery,Warren Zaïre-Emery,20,Midfielder,France,Midfielder,131.0,156.0,18.0,287.0,4.0,5.0,4.0,16.0,3.0,1.0,381.0,1.0,5.0,3.0,4.0,0.0,1.0,1.0,1.0,3.0,3.0,0.0,1.0,0.0,0.0,93.49,81.82,0.0,33.33,20.0,45.71,40.0,50.0,0.5567950928416806,0.0,1.0,12.0,0.28616793,5.0,26.0,29.0,0.5812227200000001,150.0,30.94488188976377,36.8503937007874,4.251968503937007,67.79527559055119,0.9448818897637796,1.1811023622047243,0.9448818897637796,3.779527559055118,0.7086614173228346,0.2362204724409448,0.2362204724409448,1.1811023622047243,0.7086614173228346,0.9448818897637796,0.0,0.2362204724409448,0.2362204724409448,0.2362204724409448,0.7086614173228346,0.7086614173228346,0.0,0.2362204724409448,0.0,0.0,93.49,81.82,0.0,33.33,20.0,45.71,40.0,50.0,0.1315263998838615,0.0,0.2362204724409448,2.8346456692913384,0.0675987236220472,1.1811023622047243,6.141732283464567,6.850393700787402,0.137296705511811,35.43307086614173,LM/LCM,88,100,94,88,75,62,75,62,56,25,38,38,62,62,31,12,25,31,31,31,44,38,19,56,100,88,19,38,25,50,81,25,62,12,31,50,50,81,88,88,50,100,88,88,100,88,75,38,69,62,38,12,38,38,62,50,31,12,25,31,25,25,44,38,19,56,100,88,19,38,25,50,81,25,50,12,12,50,50,62,88,88,50,88,Ligue 1
Paris Saint-Germain,2b3mar72yy8d6uvat1ka6tn3r,2szgrzcosfeifh664tgt3mfvt,Ferran Torres,Ferran Torres,26,Attacker,Spain,Striker,17.0,43.0,2.0,60.0,2.0,9.0,7.0,5.0,0.0,2.0,252.0,5.0,10.0,3.0,0.0,0.0,4.0,2.0,1.0,0.0,1.0,4.0,0.0,0.0,0.0,84.51,100.0,0.0,0.0,55.56,38.46,40.0,0.0,1.123276048457294,0.3161017290933922,0.0,4.0,0.11977222,0.0,3.0,4.0,0.17141419,24.0,6.071428571428572,15.357142857142858,0.7142857142857143,21.42857142857143,0.7142857142857143,3.2142857142857144,2.5,1.7857142857142858,0.0,0.7142857142857143,1.7857142857142858,3.571428571428572,1.0714285714285714,0.0,0.0,1.4285714285714286,0.7142857142857143,0.3571428571428571,0.0,0.3571428571428571,1.4285714285714286,0.0,0.0,0.0,84.51,100.0,0.0,0.0,55.56,38.46,40.0,0.0,0.4011700173061764,0.1128934746762115,0.0,1.4285714285714286,0.0427757928571428,0.0,1.0714285714285714,1.4285714285714286,0.0612193535714285,8.571428571428571,ST,41,67,46,59,22,50,46,4,17,78,61,13,35,13,33,48,54,28,7,11,93,9,39,52,91,85,39,9,67,39,43,13,52,57,11,50,39,20,43,37,43,70,48,83,74,78,26,70,70,4,17,78,78,13,43,13,33,70,70,35,7,13,100,9,39,52,91,85,39,9,67,39,43,13,74,74,11,61,57,20,57,48,61,78,Ligue 1
Paris Saint-Germain,2b3mar72yy8d6uvat1ka6tn3r,4zy4d60v2qmaplm9xbe51y1gp,K. Kvaratskhelia,Khvicha Kvaratskhelia,25,Attacker,Georgia,Striker,36.0,108.0,3.0,142.0,0.0,12.0,7.0,14.0,0.0,1.0,283.0,5.0,21.0,3.0,1.0,1.0,9.0,5.0,1.0,15.0,15.0,0.0,8.0,2.0,0.0,92.21,60.0,20.0,53.33,41.67,43.75,0.0,33.33,0.8133234856633833,0.7085486756244564,3.0,35.0,1.0697021199999996,7.0,3.0,9.0,0.7497015100000002,34.0,11.448763250883392,34.34628975265018,0.9540636042402828,45.15901060070672,0.0,3.8162544169611294,2.2261484098939928,4.4522968197879855,0.0,0.3180212014134275,1.5901060070671378,6.678445229681979,0.9540636042402828,0.3180212014134275,0.3180212014134275,2.862190812720848,1.5901060070671378,0.3180212014134275,4.770318021201414,4.770318021201414,0.0,2.5441696113074204,0.6360424028268551,0.0,92.21,60.0,20.0,53.33,41.67,43.75,0.0,33.33,0.2586541120484258,0.2253335010819826,0.9540636042402828,11.130742049469966,0.3401879533568903,2.2261484098939928,0.9540636042402828,2.862190812720848,0.2384209749116608,10.812720848056538,LW,86,100,64,100,14,75,75,43,14,32,71,71,29,29,75,93,82,39,82,71,32,100,71,54,100,50,57,86,71,57,14,14,64,79,57,100,100,89,46,75,79,79,93,100,64,100,14,79,79,50,14,36,79,86,36,29,79,93,93,29,86,79,32,100,79,54,100,50,57,86,71,57,14,14,64,86,57,100,100,93,43,64,86,86,Ligue 1
Paris Saint-Germain,2b3mar72yy8d6uvat1ka6tn3r,8vhjmcgjbzpzd4vv3zb945p1w,M. Akliouche,Maghnes Akliouche,24,Midfielder,France,Midfielder,45.0,98.0,5.0,143.0,1.0,3.0,3.0,12.0,2.0,4.0,226.0,1.0,12.0,1.0,6.0,0.0,5.0,0.0,1.0,5.0,6.0,0.0,1.0,0.0,0.0,89.94,50.0,0.0,20.0,33.33,44.44,33.33,66.67,0.4952016723014095,0.3536769652041395,0.0,18.0,0.44928134,9.0,8.0,15.0,0.6523523399999999,61.0,17.920353982300885,39.02654867256637,1.991150442477876,56.94690265486726,0.3982300884955752,1.1946902654867255,1.1946902654867255,4.778761061946903,0.7964601769911505,1.592920353982301,0.3982300884955752,4.778761061946903,0.3982300884955752,2.3893805309734515,0.0,1.991150442477876,0.0,0.3982300884955752,1.991150442477876,2.3893805309734515,0.0,0.3982300884955752,0.0,0.0,89.94,50.0,0.0,20.0,33.33,44.44,33.33,66.67,0.1972042057837471,0.1408448091520909,0.0,7.168141592920354,0.1789173477876106,3.584070796460177,3.185840707964602,5.9734513274336285,0.2597863300884955,24.292035398230087,CM/AM,54,79,50,67,38,25,65,29,42,69,38,65,4,83,27,44,8,38,38,44,35,27,15,50,92,29,15,21,60,29,44,65,67,38,15,92,92,100,33,69,88,58,79,100,71,100,42,46,79,62,58,92,50,100,4,100,27,58,8,50,62,67,35,33,15,50,92,29,15,21,60,29,44,65,88,50,15,100,100,100,62,83,100,92,Ligue 1
Paris Saint-Germain,2b3mar72yy8d6uvat1ka6tn3r,8z0395s37qe2lqi9qsvyskgk5,Marquinhos,Marcos Aoás Corrêa,32,Defender,Brazil,Defender,225.0,161.0,53.0,386.0,11.0,4.0,4.0,15.0,14.0,1.0,450.0,4.0,5.0,2.0,1.0,0.0,2.0,0.0,0.0,0.0,0.0,3.0,0.0,0.0,1.0,89.98,67.09,0.0,0.0,100.0,41.67,44.0,50.0,0.6845918694832517,0.123952975222282,0.0,11.0,0.20797499,4.0,59.0,71.0,0.9180382400000004,274.0,45.0,32.2,10.6,77.2,2.2,0.8,0.8,3.0,2.8,0.2,0.8,1.0,0.4,0.2,0.0,0.4,0.0,0.0,0.0,0.0,0.6,0.0,0.0,0.2,89.98,67.09,0.0,0.0,100.0,41.67,44.0,50.0,0.1369183738966503,0.0247905950444564,0.0,2.2,0.041594998,0.8,11.8,14.2,0.1836076480000001,54.8,CB,88,100,100,100,62,88,92,35,25,4,100,79,58,15,46,85,38,38,29,25,100,35,46,88,33,92,46,35,100,4,21,31,96,71,40,100,100,100,100,100,100,100,79,100,100,100,50,81,85,25,15,4,100,75,50,12,46,83,38,38,29,25,100,35,46,85,33,92,46,35,100,4,21,31,88,67,40,96,96,100,100,100,100,100,Ligue 1
Paris Saint-Germain,2b3mar72yy8d6uvat1ka6tn3r,929ho421g2zacylfc97m23uac,João Neves,João Pedro Gonçalves Neves,21,Midfielder,Portugal,Midfielder,101.0,121.0,10.0,221.0,9.0,10.0,8.0,24.0,4.0,7.0,330.0,4.0,18.0,4.0,5.0,0.0,3.0,2.0,2.0,1.0,1.0,0.0,0.0,1.0,0.0,90.95,90.91,100.0,0.0,40.0,58.54,56.25,45.45,1.1570316933566784,0.1626506377033601,1.0,12.0,0.30207575,5.0,15.0,19.0,0.3476971399999999,89.0,27.545454545454547,33.0,2.7272727272727275,60.27272727272727,2.4545454545454546,2.7272727272727275,2.181818181818182,6.545454545454546,1.090909090909091,1.9090909090909087,1.090909090909091,4.909090909090909,1.090909090909091,1.3636363636363638,0.0,0.8181818181818182,0.5454545454545455,0.5454545454545455,0.2727272727272727,0.2727272727272727,0.0,0.0,0.2727272727272727,0.0,90.95,90.91,100.0,0.0,40.0,58.54,56.25,45.45,0.315554098188185,0.0443592648281891,0.2727272727272727,3.272727272727273,0.0823842954545454,1.3636363636363638,4.090909090909091,5.181818181818182,0.0948264927272727,24.27272727272728,DM/CM,58,82,53,67,95,92,97,82,29,70,92,100,53,56,38,36,44,85,12,12,42,8,61,50,70,100,95,8,65,76,79,18,97,36,30,85,91,86,41,62,39,45,64,85,58,76,100,100,97,88,36,85,97,100,64,64,38,42,45,85,12,12,42,8,64,50,70,100,95,8,65,76,79,18,97,39,27,94,94,91,52,79,42,52,Ligue 1
Paris Saint-Germain,2b3mar72yy8d6uvat1ka6tn3r,cionsifzpx5rhc8es29wv6i95,Vitinha,Vítor Machado Ferreira,26,Midfielder,Portugal,Midfielder,162.0,296.0,52.0,457.0,0.0,12.0,2.0,10.0,7.0,5.0,429.0,3.0,7.0,1.0,4.0,1.0,10.0,10.0,5.0,4.0,4.0,1.0,4.0,1.0,0.0,92.14,80.0,14.29,100.0,25.0,52.63,0.0,80.0,0.7475416307403528,0.877971163018459,4.0,35.0,0.7598666199999997,12.0,55.0,64.0,1.4748122699999988,260.0,33.98601398601399,62.0979020979021,10.90909090909091,95.87412587412588,0.0,2.517482517482517,0.4195804195804196,2.097902097902098,1.4685314685314683,1.048951048951049,0.6293706293706294,1.4685314685314683,0.2097902097902098,0.8391608391608392,0.2097902097902098,2.097902097902098,2.097902097902098,1.048951048951049,0.8391608391608392,0.8391608391608392,0.2097902097902098,0.8391608391608392,0.2097902097902098,0.0,92.14,80.0,14.29,100.0,25.0,52.63,0.0,80.0,0.1568269155399341,0.184189754479397,0.8391608391608392,7.3426573426573425,0.1594125776223775,2.517482517482517,11.538461538461538,13.426573426573428,0.3094011755244752,54.54545454545455,DM/CM,88,100,100,100,12,98,65,24,62,50,82,77,14,47,86,92,100,100,55,52,91,82,61,50,91,91,48,89,47,64,17,82,88,94,82,100,100,97,98,100,97,97,91,100,100,100,12,94,67,9,55,33,83,79,9,39,82,91,100,100,48,45,91,79,52,50,91,91,48,89,47,64,17,82,82,91,79,100,100,97,100,100,94,97,Ligue 1
Paris Saint-Germain,2b3mar72yy8d6uvat1ka6tn3r,ckaqxlw257qzj8vjdumvwbaad,O. Dembélé,Ousmane Dembélé,29,Attacker,France,Striker,23.0,91.0,10.0,112.0,0.0,16.0,8.0,5.0,0.0,1.0,211.0,4.0,21.0,0.0,0.0,1.0,9.0,8.0,5.0,8.0,8.0,0.0,5.0,2.0,0.0,83.58,83.33,12.5,62.5,25.0,41.67,0.0,0.0,1.3177532687166549,0.7519765910784388,9.0,27.0,0.6856428499999999,7.0,16.0,23.0,0.6813938899999998,55.0,9.81042654028436,38.81516587677725,4.265402843601896,47.77251184834123,0.0,6.824644549763033,3.4123222748815163,2.132701421800948,0.0,0.4265402843601895,1.706161137440758,8.957345971563981,0.0,0.0,0.4265402843601895,3.838862559241706,3.4123222748815163,2.132701421800948,3.4123222748815163,3.4123222748815163,0.0,2.132701421800948,0.8530805687203791,0.0,83.58,83.33,12.5,62.5,25.0,41.67,0.0,0.0,0.5620748539549713,0.3207483089908032,3.838862559241706,11.516587677725118,0.2924542962085307,2.985781990521327,6.824644549763033,9.81042654028436,0.2906419436018956,23.459715639810423,RW,33,67,75,67,17,92,42,17,17,25,50,33,17,25,67,83,100,83,42,42,33,50,25,50,83,100,17,83,33,33,25,25,83,67,100,100,67,67,67,83,33,67,67,100,100,83,17,100,100,17,17,33,83,100,17,25,100,100,100,100,67,50,33,83,50,50,83,100,17,83,33,33,25,25,100,83,100,100,100,100,100,100,83,100,Ligue 1
Paris Saint-Germain,2b3mar72yy8d6uvat1ka6tn3r,dzv5f93w5fsnfzohaev6e3rx0,D. Doué,Désiré Doué,21,Attacker,France,Striker,38.0,122.0,8.0,157.0,1.0,14.0,7.0,30.0,0.0,2.0,301.0,4.0,25.0,10.0,8.0,1.0,10.0,7.0,6.0,10.0,11.0,0.0,10.0,3.0,0.0,83.51,80.0,33.33,100.0,28.57,58.82,50.0,88.89,1.0307070018054447,1.0444109014399363,10.0,34.0,0.9982233199999998,10.0,12.0,23.0,1.4405970800000003,66.0,11.362126245847175,36.478405315614616,2.39202657807309,46.943521594684384,0.2990033222591362,4.186046511627906,2.093023255813953,8.970099667774086,0.0,0.5980066445182725,1.196013289036545,7.475083056478405,2.990033222591362,2.39202657807309,0.2990033222591362,2.990033222591362,2.093023255813953,1.7940199335548173,2.990033222591362,3.2890365448504983,0.0,2.990033222591362,0.8970099667774086,0.0,83.51,80.0,33.33,100.0,28.57,58.82,50.0,88.89,0.3081848178155815,0.3122823293342002,2.990033222591362,10.16611295681063,0.2984720890365447,2.990033222591362,3.5880398671096345,6.877076411960132,0.4307433129568107,19.73421926910299,ST,96,100,93,100,11,83,46,93,17,78,43,83,100,98,78,100,100,100,87,87,11,100,96,52,78,59,85,93,22,100,65,67,35,100,100,100,100,100,96,100,100,100,100,100,96,100,9,91,35,96,17,74,43,96,100,100,91,100,100,100,91,100,11,100,96,52,78,59,85,93,22,100,65,67,48,100,100,100,100,100,96,96,100,100,Ligue 1
Paris Saint-Germain,2b3mar72yy8d6uvat1ka6tn3r,ecwzzrkn1snbua5yu4gehxm2,W. Pacho,Willian Pacho,24,Defender,Ecuador,Defender,229.0,75.0,9.0,304.0,7.0,1.0,0.0,18.0,12.0,4.0,450.0,0.0,0.0,1.0,6.0,0.0,0.0,1.0,0.0,0.0,0.0,0.0,0.0,0.0,1.0,96.2,60.0,0.0,0.0,0.0,58.06,41.18,60.0,0.0912591199142574,0.0,1.0,1.0,0.0241224,2.0,13.0,3.0,0.2809094299999999,214.0,45.8,15.0,1.8,60.8,1.4,0.2,0.0,3.6,2.4,0.8,0.0,0.0,0.2,1.2,0.0,0.0,0.2,0.0,0.0,0.0,0.0,0.0,0.0,0.2,96.2,60.0,0.0,0.0,0.0,58.06,41.18,60.0,0.0182518239828514,0.0,0.2,0.2,0.00482448,0.4,2.6,0.6,0.0561818859999999,42.8,CB,92,65,54,88,40,35,21,56,15,31,40,8,29,96,46,19,83,38,29,25,46,35,46,88,100,85,46,35,40,33,17,44,33,27,85,40,46,85,62,21,50,92,83,56,38,71,29,33,21,33,4,17,40,8,25,77,46,19,79,38,29,25,46,35,46,85,100,85,46,35,40,33,17,44,33,27,83,35,38,79,54,17,38,83,Ligue 1
Paris Saint-Germain,2b3mar72yy8d6uvat1ka6tn3r,f3v58fkymhrprt5gs0ccm29xx,Fabián Ruiz,Fabián Ruiz,30,Midfielder,Spain,Midfielder,74.0,140.0,13.0,213.0,0.0,4.0,1.0,11.0,2.0,3.0,294.0,2.0,9.0,2.0,3.0,2.0,9.0,3.0,2.0,3.0,3.0,0.0,3.0,1.0,0.0,90.25,68.42,20.0,100.0,50.0,64.71,0.0,50.0,0.247199980548932,0.5478355791754643,1.0,13.0,0.29632557,3.0,33.0,35.0,0.8089934700000004,126.0,22.6530612244898,42.85714285714286,3.979591836734694,65.20408163265306,0.0,1.2244897959183674,0.3061224489795918,3.36734693877551,0.6122448979591837,0.9183673469387756,0.6122448979591837,2.7551020408163267,0.6122448979591837,0.9183673469387756,0.6122448979591837,2.7551020408163267,0.9183673469387756,0.6122448979591837,0.9183673469387756,0.9183673469387756,0.0,0.9183673469387756,0.3061224489795918,0.0,90.25,68.42,20.0,100.0,50.0,64.71,0.0,50.0,0.0756734634333465,0.1677047691353462,0.3061224489795918,3.979591836734694,0.0907119091836734,0.9183673469387756,10.10204081632653,10.714285714285715,0.2476510622448981,38.57142857142857,LM/LCM,75,88,75,75,25,38,38,50,31,62,62,62,31,38,88,81,56,75,31,31,44,81,38,56,88,62,38,94,81,100,25,25,38,62,31,62,62,19,100,100,75,75,75,100,88,75,25,50,38,50,25,62,62,62,50,38,100,88,62,75,50,38,44,88,38,56,88,62,38,94,81,100,25,25,38,75,50,75,75,25,100,100,88,100,Ligue 1
Strasbourg,71ajatxnuhc5cnm3xvgdky49w,144jdrezcfwd4uh3sk7zhtizu,S. Nanasi,Sebastian Nanasi,24,Midfielder,Sweden,Midfielder,46.0,80.0,7.0,122.0,1.0,6.0,6.0,5.0,3.0,1.0,380.0,3.0,14.0,0.0,1.0,2.0,7.0,0.0,1.0,5.0,5.0,0.0,2.0,4.0,0.0,87.77,87.5,50.0,40.0,50.0,20.83,20.0,50.0,0.666258971019806,0.6759568447758497,1.0,16.0,0.36347756,4.0,13.0,18.0,0.8997137499999999,66.0,10.894736842105264,18.94736842105263,1.6578947368421053,28.894736842105264,0.2368421052631578,1.4210526315789471,1.4210526315789471,1.1842105263157894,0.7105263157894737,0.2368421052631578,0.7105263157894737,3.3157894736842106,0.0,0.2368421052631578,0.4736842105263157,1.6578947368421053,0.0,0.2368421052631578,1.1842105263157894,1.1842105263157894,0.0,0.4736842105263157,0.9473684210526316,0.0,87.77,87.5,50.0,40.0,50.0,20.83,20.0,50.0,0.1577981773467961,0.1600950421837538,0.2368421052631578,3.789473684210526,0.0860867905263157,0.9473684210526316,3.0789473684210527,4.263157894736842,0.2130900986842105,15.63157894736842,LM/LCM,50,50,50,50,50,75,100,12,56,25,81,94,12,12,88,62,12,31,81,75,44,62,88,56,62,100,94,50,81,12,50,25,75,75,31,81,75,50,50,50,88,50,50,38,50,50,50,62,100,12,50,25,75,100,12,12,88,62,12,50,88,88,44,62,88,56,62,100,94,50,81,12,50,25,62,62,25,62,62,50,50,50,75,50,Ligue 1
Strasbourg,71ajatxnuhc5cnm3xvgdky49w,15nu0pkl5nko4fpoyf1j9e87o,G. Yassine,Gessime Yassine,20,Attacker,Morocco,Striker,30.0,74.0,2.0,100.0,1.0,9.0,8.0,45.0,3.0,4.0,434.0,5.0,23.0,15.0,8.0,1.0,6.0,1.0,0.0,33.0,34.0,2.0,18.0,4.0,0.0,81.3,66.67,50.0,54.55,55.56,53.57,0.0,72.73,0.7992630350388024,0.7538426359290493,3.0,24.0,0.72447699,3.0,5.0,14.0,1.4814761900000002,51.0,6.221198156682028,15.345622119815667,0.4147465437788019,20.737327188940093,0.2073732718894009,1.8663594470046083,1.6589861751152075,9.331797235023044,0.6221198156682028,0.8294930875576038,1.036866359447005,4.7695852534562215,3.110599078341014,1.6589861751152075,0.2073732718894009,1.2442396313364057,0.2073732718894009,0.0,6.84331797235023,7.050691244239632,0.4147465437788019,3.7327188940092166,0.8294930875576038,0.0,81.3,66.67,50.0,54.55,55.56,53.57,0.0,72.73,0.1657457906762493,0.1563268139023374,0.6221198156682028,4.976958525345623,0.1502371638248848,0.6221198156682028,1.036866359447005,2.903225806451613,0.3072185647465438,10.576036866359448,RW,50,50,17,50,33,33,42,100,75,100,75,58,100,100,67,67,17,17,100,100,67,100,75,50,50,67,100,50,83,83,25,100,33,83,25,83,100,42,33,50,100,50,33,50,17,33,33,33,33,100,67,100,50,33,100,100,50,50,17,17,100,100,67,100,33,50,50,67,100,50,83,83,25,100,33,67,33,83,83,33,33,50,100,50,Ligue 1
Strasbourg,71ajatxnuhc5cnm3xvgdky49w,2we9yak4ipkr1ljigj20puv6y,G. Reyna,Giovanni Reyna,23,Midfielder,USA,Midfielder,56.0,60.0,0.0,115.0,2.0,6.0,5.0,12.0,2.0,2.0,308.0,3.0,12.0,4.0,2.0,0.0,6.0,1.0,2.0,10.0,11.0,1.0,4.0,1.0,0.0,90.55,0.0,100.0,40.0,50.0,38.71,66.67,100.0,0.5428169637373539,0.4819983141907258,1.0,4.0,0.1141494,2.0,8.0,7.0,0.3573170100000001,39.0,16.363636363636363,17.532467532467532,0.0,33.603896103896105,0.5844155844155845,1.7532467532467533,1.4610389610389611,3.5064935064935066,0.5844155844155845,0.5844155844155845,0.8766233766233766,3.5064935064935066,1.168831168831169,0.5844155844155845,0.0,1.7532467532467533,0.2922077922077922,0.5844155844155845,2.9220779220779223,3.2142857142857144,0.2922077922077922,1.168831168831169,0.2922077922077922,0.0,90.55,0.0,100.0,40.0,50.0,38.71,66.67,100.0,0.1586153465466294,0.1408436632375497,0.2922077922077922,1.168831168831169,0.0333553441558441,0.5844155844155845,2.337662337662338,2.0454545454545454,0.1044108146103896,11.396103896103895,DM/CM,15,20,3,21,52,76,92,32,12,9,82,94,53,18,38,79,23,85,88,92,91,82,61,50,64,3,95,42,82,21,94,97,67,82,30,36,45,38,15,9,42,6,15,27,3,18,52,85,94,45,12,6,88,97,73,21,38,85,21,91,97,100,97,91,70,50,64,3,95,42,82,21,94,97,88,85,30,39,52,36,18,6,55,6,Ligue 1
Strasbourg,71ajatxnuhc5cnm3xvgdky49w,3yj2ba2v9rw4odrwqyx2v3f2s,J. Mitchell,Jeyland Mitchell,21,Defender,Costa Rica,Defender,184.0,55.0,6.0,239.0,11.0,2.0,1.0,19.0,24.0,8.0,360.0,0.0,2.0,0.0,5.0,0.0,0.0,1.0,0.0,0.0,1.0,0.0,0.0,0.0,0.0,87.87,27.27,0.0,0.0,0.0,70.37,78.57,62.5,0.340757982906579,0.0,1.0,1.0,0.02122129,1.0,16.0,16.0,0.3631978299999998,131.0,46.0,13.75,1.5,59.75,2.75,0.5,0.25,4.75,6.0,2.0,0.0,0.5,0.0,1.25,0.0,0.0,0.25,0.0,0.0,0.25,0.0,0.0,0.0,0.0,87.87,27.27,0.0,0.0,0.0,70.37,78.57,62.5,0.0851894957266447,0.0,0.25,0.25,0.0053053225,0.25,4.0,4.0,0.0907994574999999,32.75,CB,56,29,31,46,62,50,44,65,58,88,40,42,8,77,46,19,83,38,29,65,46,35,46,40,12,25,46,35,40,71,83,56,71,27,85,40,38,60,73,77,62,50,88,42,29,62,75,46,42,71,60,85,40,35,8,83,46,19,88,38,29,69,46,35,46,40,12,25,46,35,40,71,83,56,75,27,92,42,42,62,75,79,75,50,Ligue 1
Strasbourg,71ajatxnuhc5cnm3xvgdky49w,5jklag2n51cx568jfucefo1sk,Diogo Sousa,Diogo Lobão de Sousa,20,Midfielder,Portugal,Midfielder,44.0,69.0,7.0,112.0,1.0,5.0,3.0,8.0,7.0,4.0,384.0,4.0,11.0,2.0,2.0,1.0,5.0,2.0,1.0,6.0,6.0,1.0,2.0,1.0,0.0,79.43,46.67,25.0,33.33,80.0,25.81,16.67,66.67,0.9258796741280793,0.4563815329140909,2.0,7.0,0.13497954,3.0,12.0,18.0,0.44393784,57.0,10.3125,16.171875,1.640625,26.25,0.234375,1.171875,0.703125,1.875,1.640625,0.9375,0.9375,2.578125,0.46875,0.46875,0.234375,1.171875,0.46875,0.234375,1.40625,1.40625,0.234375,0.46875,0.234375,0.0,79.43,46.67,25.0,33.33,80.0,25.81,16.67,66.67,0.2170030486237685,0.10696442177674,0.46875,1.640625,0.0316358296875,0.703125,2.8125,4.21875,0.1040479312499999,13.359375,DM/CM,3,27,35,15,33,61,79,14,62,32,92,91,27,18,86,65,44,52,70,68,91,50,61,50,6,18,59,30,97,3,35,52,94,76,52,67,55,55,33,52,55,21,3,15,30,3,30,61,82,3,58,30,91,91,27,15,91,64,42,55,64,61,94,45,58,50,6,18,59,30,97,3,35,52,94,76,52,64,48,55,27,61,52,9,Ligue 1
Strasbourg,71ajatxnuhc5cnm3xvgdky49w,6bj5k49arillmrgqk04bxvx1w,Oso,Joaquín Martínez Gauna,23,Defender,Spain,Striker,64.0,63.0,4.0,127.0,3.0,4.0,2.0,18.0,3.0,5.0,270.0,0.0,6.0,7.0,5.0,0.0,3.0,2.0,0.0,7.0,7.0,0.0,3.0,0.0,0.0,86.39,40.0,0.0,42.86,0.0,62.07,75.0,100.0,0.2841512797355998,0.2675729458570113,2.0,6.0,0.17978747,5.0,9.0,9.0,0.34980204,69.0,21.33333333333333,21.0,1.3333333333333333,42.333333333333336,1.0,1.3333333333333333,0.6666666666666666,6.0,1.0,1.6666666666666667,0.0,2.0,2.333333333333333,1.6666666666666667,0.0,1.0,0.6666666666666666,0.0,2.333333333333333,2.333333333333333,0.0,1.0,0.0,0.0,86.39,40.0,0.0,42.86,0.0,62.07,75.0,100.0,0.0947170932451999,0.0891909819523371,0.6666666666666666,2.0,0.0599291566666666,1.6666666666666667,3.0,3.0,0.11660068,23.0,LB/LCB,42,54,42,40,54,90,85,65,8,50,35,71,83,67,44,56,94,44,71,69,44,58,10,46,75,46,10,38,35,75,88,96,92,50,94,67,75,77,31,23,29,46,67,88,50,67,60,96,88,81,8,67,35,81,96,83,44,65,96,44,88,75,44,69,10,46,75,46,10,38,35,75,88,96,92,67,100,75,79,96,40,29,54,62,Ligue 1
Strasbourg,71ajatxnuhc5cnm3xvgdky49w,6xtgpb1avbypyk8cql8znph5g,G. Antwi,Genesis Antwi,19,Defender,Sweden,Defender,106.0,56.0,7.0,159.0,4.0,1.0,0.0,18.0,13.0,6.0,439.0,0.0,6.0,1.0,9.0,0.0,0.0,1.0,1.0,5.0,5.0,0.0,3.0,3.0,0.0,87.85,41.18,30.0,60.0,0.0,54.55,50.0,90.0,0.0661746714418684,0.0,1.0,2.0,0.03996962,1.0,10.0,8.0,0.2402025000000001,72.0,21.73120728929385,11.480637813211844,1.4350797266514803,32.59681093394077,0.8200455580865603,0.20501138952164,0.0,3.6902050113895215,2.665148063781321,1.2300683371298404,0.0,1.2300683371298404,0.20501138952164,1.8451025056947608,0.0,0.0,0.20501138952164,0.20501138952164,1.0250569476082003,1.0250569476082003,0.0,0.6150341685649202,0.6150341685649202,0.0,87.85,41.18,30.0,60.0,0.0,54.55,50.0,90.0,0.0135665613434354,0.0,0.20501138952164,0.4100227790432801,0.0081942273348519,0.20501138952164,2.0501138952164006,1.6400911161731206,0.0492442482915717,14.760820045558086,RB/RCB,76,38,55,52,69,31,17,62,62,71,29,64,29,95,45,10,55,57,62,62,36,71,57,48,71,33,67,71,29,48,69,95,29,10,60,24,24,24,50,24,24,48,57,14,48,33,62,24,17,38,48,62,29,62,19,90,45,10,52,52,57,48,36,67,52,48,71,33,67,71,29,48,69,95,24,10,52,29,29,19,33,14,10,38,Ligue 1
Strasbourg,71ajatxnuhc5cnm3xvgdky49w,7bba28af7hqhh7ruo91x2mk9g,I. Doukouré,Ismaël Doukouré,23,Defender,France,Defender,121.0,26.0,3.0,147.0,7.0,1.0,1.0,14.0,11.0,3.0,250.0,0.0,1.0,3.0,3.0,0.0,0.0,0.0,0.0,2.0,2.0,0.0,1.0,0.0,0.0,89.63,23.08,0.0,50.0,0.0,70.0,87.5,75.0,0.1163779145936813,0.0,0.0,1.0,0.01870347,0.0,4.0,2.0,0.1415522899999999,91.0,43.56,9.36,1.08,52.92,2.52,0.36,0.36,5.04,3.96,1.08,0.0,0.36,1.08,1.08,0.0,0.0,0.0,0.0,0.72,0.72,0.0,0.36,0.0,0.0,89.63,23.08,0.0,50.0,0.0,70.0,87.5,75.0,0.0418960492537252,0.0,0.0,0.36,0.0067332492,0.0,1.44,0.72,0.0509588243999999,32.76,CB,29,4,6,10,40,35,44,25,8,17,40,23,77,38,46,19,38,38,90,88,46,79,46,40,21,15,46,73,40,67,96,67,38,27,40,40,33,25,17,17,17,23,71,8,17,38,71,38,46,79,21,42,40,29,96,71,46,19,38,38,96,92,46,88,46,40,21,15,46,73,40,67,96,67,38,27,40,46,46,25,21,21,33,54,Ligue 1
Strasbourg,71ajatxnuhc5cnm3xvgdky49w,7midzsc4xu11dxhw22s9b5e6s,P. Diop,Pape Diop,23,Midfielder,Senegal,Midfielder,139.0,77.0,10.0,216.0,0.0,5.0,1.0,18.0,9.0,5.0,314.0,0.0,1.0,4.0,8.0,0.0,4.0,4.0,2.0,1.0,1.0,0.0,1.0,0.0,0.0,90.38,62.5,0.0,100.0,0.0,66.67,0.0,61.54,0.2997835932402503,0.2627034812789297,2.0,5.0,0.10308768,4.0,18.0,11.0,0.23977226,96.0,39.84076433121019,22.07006369426752,2.8662420382165603,61.910828025477706,0.0,1.4331210191082802,0.286624203821656,5.159235668789809,2.579617834394905,1.4331210191082802,0.0,0.286624203821656,1.1464968152866242,2.2929936305732483,0.0,1.1464968152866242,1.1464968152866242,0.5732484076433121,0.286624203821656,0.286624203821656,0.0,0.286624203821656,0.0,0.0,90.38,62.5,0.0,100.0,0.0,66.67,0.0,61.54,0.0859252337312819,0.0752971761627505,0.5732484076433121,1.4331210191082802,0.0295474242038216,1.1464968152866242,5.159235668789809,3.1528662420382165,0.0687245331210191,27.515923566878985,DM/CM,76,35,53,64,12,61,47,62,73,50,20,18,53,88,38,53,74,85,12,12,42,26,24,50,61,39,24,89,20,94,17,36,45,58,52,48,42,73,64,29,18,55,94,52,61,79,12,67,55,67,82,58,20,18,68,82,38,61,83,88,15,15,42,32,24,50,61,39,24,89,20,94,17,36,55,58,58,55,45,83,73,27,24,64,Ligue 1
Strasbourg,71ajatxnuhc5cnm3xvgdky49w,ezzowlbde1lnuydv9zapzy8es,Jacobo Ortega,Jacobo Ortega,20,Attacker,Spain,Striker,9.0,27.0,2.0,35.0,8.0,6.0,5.0,13.0,2.0,0.0,302.0,4.0,18.0,2.0,2.0,1.0,4.0,1.0,1.0,4.0,5.0,1.0,1.0,1.0,0.0,61.4,66.67,33.33,25.0,66.67,35.14,66.67,100.0,0.6060130594088304,0.3693764977539768,2.0,5.0,0.20495726,0.0,2.0,0.0,0.28511056,14.0,2.6821192052980134,8.04635761589404,0.5960264900662251,10.43046357615894,2.3841059602649004,1.7880794701986755,1.490066225165563,3.874172185430464,0.5960264900662251,0.0,1.1920529801324502,5.364238410596027,0.5960264900662251,0.5960264900662251,0.2980132450331125,1.1920529801324502,0.2980132450331125,0.2980132450331125,1.1920529801324502,1.490066225165563,0.2980132450331125,0.2980132450331125,0.2980132450331125,0.0,61.4,66.67,33.33,25.0,66.67,35.14,66.67,100.0,0.18059991836687,0.1100790887346288,0.5960264900662251,1.490066225165563,0.0610799781456953,0.0,0.5960264900662251,0.0,0.0849667231788079,4.172185430463576,ST,13,37,46,22,76,13,15,41,54,17,43,46,22,61,78,48,35,28,41,50,46,28,80,52,9,30,85,30,91,26,100,87,9,65,46,65,78,20,26,7,70,30,13,26,43,4,78,13,13,35,52,17,39,52,17,65,87,52,30,17,48,57,43,26,78,52,9,30,85,30,91,26,100,87,9,70,52,65,74,20,22,7,78,22,Ligue 1
Lens,3xedluek08t2ka7oypwuullcn,36ylt0kjn7t0vajmelu4mbazu,A. Sima,Abdallah Sima,25,Attacker,Senegal,Striker,28.0,35.0,2.0,60.0,7.0,9.0,9.0,20.0,3.0,4.0,384.0,3.0,27.0,7.0,3.0,1.0,5.0,0.0,2.0,5.0,5.0,1.0,3.0,3.0,0.0,72.29,66.67,75.0,60.0,33.33,43.48,38.89,75.0,1.0802465733038067,0.4551393117123386,2.0,5.0,0.14959159,1.0,3.0,2.0,0.3534613799999998,21.0,6.5625,8.203125,0.46875,14.0625,1.640625,2.109375,2.109375,4.6875,0.703125,0.9375,0.703125,6.328125,1.640625,0.703125,0.234375,1.171875,0.0,0.46875,1.171875,1.171875,0.234375,0.703125,0.703125,0.0,72.29,66.67,75.0,60.0,33.33,43.48,38.89,75.0,0.2531827906180797,0.1066732761825793,0.46875,1.171875,0.03506052890625,0.234375,0.703125,0.46875,0.0828425109374999,4.921875,ST,72,57,46,59,67,50,72,65,70,96,28,89,83,74,78,67,13,59,57,50,46,61,96,52,22,30,100,70,30,52,39,57,48,74,46,65,61,46,43,17,83,61,57,35,39,48,70,22,39,52,61,96,17,74,65,74,83,48,13,61,43,43,35,57,91,52,22,30,100,70,30,52,39,57,26,57,43,48,48,39,30,13,74,57,Ligue 1
Lens,3xedluek08t2ka7oypwuullcn,4rlw04tze791jwt623h5ikg5x,R. Aguilar,Ruben Aguilar,33,Defender,France,Defender,70.0,76.0,2.0,140.0,3.0,1.0,1.0,13.0,4.0,8.0,278.0,0.0,4.0,1.0,2.0,1.0,6.0,0.0,1.0,4.0,4.0,0.0,1.0,6.0,0.0,92.72,40.0,54.55,25.0,0.0,46.43,0.0,25.0,0.0834029625291625,0.5417645230030983,0.0,9.0,0.24751379,7.0,9.0,20.0,1.07180057,82.0,22.66187050359712,24.60431654676259,0.6474820143884892,45.32374100719424,0.9712230215827338,0.3237410071942446,0.3237410071942446,4.2086330935251794,1.2949640287769784,2.5899280575539567,0.0,1.2949640287769784,0.3237410071942446,0.6474820143884892,0.3237410071942446,1.9424460431654675,0.0,0.3237410071942446,1.2949640287769784,1.2949640287769784,0.0,0.3237410071942446,1.9424460431654675,0.0,92.72,40.0,54.55,25.0,0.0,46.43,0.0,25.0,0.0270009590921749,0.1753913923391325,0.0,2.913669064748201,0.0801303636690647,2.2661870503597124,2.913669064748201,6.474820143884892,0.3469857960431654,26.546762589928058,RB/RCB,29,52,12,38,50,31,43,19,14,86,29,50,29,24,93,86,26,57,57,52,36,38,81,48,95,26,100,29,29,24,14,14,33,81,26,71,71,88,40,69,95,74,62,90,10,71,76,33,48,57,14,95,29,67,38,43,95,95,26,71,67,67,36,52,95,48,95,26,100,29,29,24,14,14,38,86,26,86,86,95,57,90,100,76,Ligue 1
Lens,3xedluek08t2ka7oypwuullcn,5fuphn1nsmp0e3i3qshhdeyac,K. Antonio,Kyllian Antonio,18,Defender,France,Defender,116.0,45.0,4.0,160.0,1.0,2.0,0.0,17.0,8.0,3.0,270.0,0.0,0.0,7.0,4.0,0.0,1.0,2.0,2.0,1.0,1.0,0.0,0.0,1.0,0.0,89.89,36.36,50.0,0.0,0.0,62.96,12.5,44.44,0.1349594131846586,0.0816093698979683,0.0,2.0,0.04347372,2.0,5.0,6.0,0.24637362,103.0,38.66666666666666,15.0,1.3333333333333333,53.333333333333336,0.3333333333333333,0.6666666666666666,0.0,5.666666666666667,2.6666666666666665,1.0,0.0,0.0,2.333333333333333,1.3333333333333333,0.0,0.3333333333333333,0.6666666666666666,0.6666666666666666,0.3333333333333333,0.3333333333333333,0.0,0.0,0.3333333333333333,0.0,89.89,36.36,50.0,0.0,0.0,62.96,12.5,44.44,0.0449864710615528,0.0272031232993227,0.0,0.6666666666666666,0.01449124,0.6666666666666666,1.6666666666666667,2.0,0.08212454,34.333333333333336,CB,21,25,12,25,4,50,21,48,4,17,40,8,100,58,46,56,96,96,69,65,46,35,96,40,29,29,94,35,40,54,8,25,42,62,40,52,54,85,21,29,42,38,38,56,25,42,4,71,21,88,8,33,40,8,100,92,46,69,100,100,77,77,46,35,96,40,29,29,94,35,40,54,8,25,42,71,40,75,71,92,25,40,67,58,Ligue 1
Lens,3xedluek08t2ka7oypwuullcn,8ijrlhafx325b0bd78jc8duz8,I. Ganiou,Ismaëlo Ganiou,21,Defender,France,Defender,98.0,66.0,7.0,163.0,5.0,3.0,3.0,13.0,12.0,5.0,259.0,2.0,5.0,2.0,5.0,0.0,1.0,0.0,1.0,0.0,0.0,1.0,0.0,1.0,0.0,90.56,50.0,50.0,0.0,66.67,72.22,55.56,83.33,0.4587317615774079,0.1781999390712905,0.0,3.0,0.06344442,2.0,17.0,17.0,0.48432774,126.0,34.054054054054056,22.93436293436293,2.4324324324324325,56.64092664092664,1.7374517374517375,1.0424710424710424,1.0424710424710424,4.517374517374518,4.1698841698841695,1.7374517374517375,0.694980694980695,1.7374517374517375,0.694980694980695,1.7374517374517375,0.0,0.3474903474903475,0.0,0.3474903474903475,0.0,0.0,0.3474903474903475,0.0,0.3474903474903475,0.0,90.56,50.0,50.0,0.0,66.67,72.22,55.56,83.33,0.1594048592353927,0.0619227587506414,0.0,1.0424710424710424,0.0220463235521235,0.694980694980695,5.907335907335908,5.907335907335908,0.1682992146718146,43.78378378378378,CB,8,50,42,29,17,71,79,15,15,46,94,79,58,77,46,56,38,81,29,25,94,35,96,40,42,58,94,35,94,83,35,83,83,83,40,73,79,85,79,83,88,42,25,88,62,54,46,92,92,54,25,79,96,96,71,96,46,75,38,88,29,25,96,35,100,40,42,58,94,35,94,83,35,83,96,96,40,92,92,96,92,88,96,88,Ligue 1
Lens,3xedluek08t2ka7oypwuullcn,8shwa0k28rt5duyrhuqza1hhx,F. Thauvin,Florian Thauvin,33,Attacker,France,Striker,64.0,109.0,15.0,160.0,4.0,16.0,12.0,18.0,1.0,3.0,450.0,9.0,32.0,6.0,1.0,2.0,14.0,4.0,3.0,16.0,19.0,3.0,6.0,13.0,0.0,77.67,57.69,26.53,37.5,56.25,40.91,80.0,50.0,1.119468787708415,1.765668680548698,6.0,16.0,0.7237484299999998,2.0,22.0,22.0,1.27912824,81.0,12.8,21.8,3.0,32.0,0.8,3.2,2.4,3.6,0.2,0.6,1.8,6.4,1.2,0.2,0.4,2.8,0.8,0.6,3.2,3.8,0.6,1.2,2.6,0.0,77.67,57.69,26.53,37.5,56.25,40.91,80.0,50.0,0.223893757541683,0.3531337361097396,1.2,3.2,0.1447496859999999,0.4,4.4,4.4,0.2558256479999999,16.2,RW,83,83,100,83,92,92,100,50,33,75,100,100,67,50,100,100,75,50,83,83,92,67,100,50,17,50,83,33,100,17,100,58,67,100,75,33,83,17,83,67,83,83,83,67,83,67,67,50,50,33,33,67,100,67,50,50,83,83,50,50,50,67,83,50,100,50,17,50,83,33,100,17,100,58,50,100,50,33,50,17,67,67,67,67,Ligue 1
Lens,3xedluek08t2ka7oypwuullcn,b1o88fddlthw3ph7w8bcgskd0,S. Sagnan,Souleymane Sagnan,21,Defender,Mali,Defender,95.0,48.0,7.0,142.0,5.0,1.0,0.0,18.0,13.0,5.0,246.0,1.0,0.0,1.0,7.0,0.0,0.0,1.0,0.0,1.0,1.0,0.0,1.0,1.0,0.0,89.87,50.0,50.0,100.0,100.0,75.0,83.33,63.64,0.0899204927070766,0.0,0.0,6.0,0.13434386,4.0,12.0,9.0,0.3050113,84.0,34.75609756097561,17.5609756097561,2.5609756097560976,51.95121951219512,1.829268292682927,0.3658536585365853,0.0,6.585365853658536,4.7560975609756095,1.829268292682927,0.3658536585365853,0.0,0.3658536585365853,2.5609756097560976,0.0,0.0,0.3658536585365853,0.0,0.3658536585365853,0.3658536585365853,0.0,0.3658536585365853,0.3658536585365853,0.0,89.87,50.0,50.0,100.0,100.0,75.0,83.33,63.64,0.0328977412342963,0.0,0.0,2.1951219512195124,0.0491501926829268,1.4634146341463414,4.390243902439025,3.292682926829268,0.1115895,30.73170731707317,LB/LCB,73,25,69,50,73,46,27,65,60,50,79,8,17,90,44,8,71,44,6,6,44,23,31,46,92,75,83,96,94,96,100,75,54,8,27,67,58,60,50,23,21,67,92,58,75,88,88,54,27,96,92,75,88,8,12,100,44,8,79,44,8,8,44,25,33,46,92,75,83,96,94,96,100,75,62,8,27,83,67,88,92,38,42,92,Ligue 1
Lens,3xedluek08t2ka7oypwuullcn,d7xmdbhg68ygcowv6pdofgvyt,M. Udol,Matthieu Udol,30,Defender,France,Defender,95.0,62.0,6.0,155.0,13.0,6.0,6.0,26.0,7.0,5.0,384.0,2.0,13.0,4.0,6.0,0.0,6.0,0.0,1.0,3.0,3.0,1.0,1.0,2.0,0.0,80.73,37.5,20.0,33.33,33.33,65.0,76.47,75.0,0.854191124199116,0.5114765591940426,0.0,4.0,0.1031585399999999,5.0,11.0,14.0,0.56924758,80.0,22.265625,14.53125,1.40625,36.328125,3.046875,1.40625,1.40625,6.09375,1.640625,1.171875,0.46875,3.046875,0.9375,1.40625,0.0,1.40625,0.0,0.234375,0.703125,0.703125,0.234375,0.234375,0.46875,0.0,80.73,37.5,20.0,33.33,33.33,65.0,76.47,75.0,0.2002010447341678,0.1198773185611037,0.0,0.9375,0.0241777828124999,1.171875,2.578125,3.28125,0.1334174015625,18.75,LB/LCB,73,48,60,54,100,100,100,88,40,50,94,100,56,83,44,96,29,92,29,27,94,23,54,46,33,42,38,25,73,88,96,83,100,88,27,40,42,77,44,52,75,58,71,29,58,46,100,100,100,88,33,33,96,100,46,75,44,96,29,88,25,25,96,17,54,46,33,42,38,25,73,88,96,83,100,75,27,25,33,62,25,33,62,54,Ligue 1
Lens,3xedluek08t2ka7oypwuullcn,i5s78vnnpjbs05skodkpk9hw,Y. Titraoui,Yacine Titraoui,23,Midfielder,Algeria,Midfielder,75.0,77.0,10.0,152.0,1.0,1.0,0.0,16.0,2.0,4.0,240.0,0.0,0.0,5.0,7.0,0.0,0.0,1.0,1.0,4.0,4.0,0.0,1.0,0.0,0.0,89.41,66.67,0.0,25.0,0.0,59.26,50.0,77.78,0.051068203631118,0.0,1.0,3.0,0.07847979,2.0,8.0,9.0,0.2709699999999999,83.0,28.125,28.875,3.75,57.0,0.375,0.375,0.0,6.0,0.75,1.5,0.0,0.0,1.875,2.625,0.0,0.0,0.375,0.375,1.5,1.5,0.0,0.375,0.0,0.0,89.41,66.67,0.0,25.0,0.0,59.26,50.0,77.78,0.0191505763616692,0.0,0.375,1.125,0.0294299212499999,0.75,3.0,3.375,0.1016137499999999,31.125,DM/CM,36,35,53,33,33,14,18,45,12,32,20,5,74,76,38,8,23,52,55,52,42,26,24,50,42,48,24,15,20,79,67,76,12,11,30,23,27,38,15,14,24,42,67,79,73,73,42,18,18,80,18,64,20,5,85,91,38,8,33,70,70,67,42,36,24,50,42,48,24,15,20,79,67,76,12,11,39,36,42,61,32,39,48,79,Ligue 1
Lens,3xedluek08t2ka7oypwuullcn,jyh107tl6vv8bd1pgautj46h,M. Skóraś,Michal Skóras,26,Attacker,Poland,Striker,40.0,74.0,2.0,110.0,1.0,1.0,0.0,14.0,10.0,7.0,273.0,0.0,5.0,9.0,2.0,1.0,7.0,1.0,0.0,3.0,3.0,0.0,1.0,4.0,0.0,85.27,33.33,30.77,33.33,0.0,53.85,50.0,66.67,0.0432834364130162,0.8231560087069054,1.0,11.0,0.31002373,4.0,7.0,9.0,0.97105223,44.0,13.186813186813188,24.3956043956044,0.6593406593406593,36.26373626373626,0.3296703296703296,0.3296703296703296,0.0,4.615384615384616,3.296703296703297,2.307692307692308,0.0,1.6483516483516485,2.967032967032967,0.6593406593406593,0.3296703296703296,2.307692307692308,0.3296703296703296,0.0,0.989010989010989,0.989010989010989,0.0,0.3296703296703296,1.3186813186813189,0.0,85.27,33.33,30.77,33.33,0.0,53.85,50.0,66.67,0.0142692647515438,0.2713701127605182,0.3296703296703296,3.6263736263736255,0.1022056252747252,1.3186813186813189,2.307692307692308,2.967032967032967,0.3201271087912088,14.505494505494504,LW,93,75,54,86,39,11,7,43,100,100,7,7,96,54,75,79,21,14,11,11,32,11,93,54,86,25,71,29,7,79,68,71,7,93,25,68,50,61,79,75,93,86,100,86,50,93,43,7,7,64,100,100,7,7,100,57,86,86,21,14,7,7,32,7,93,54,86,25,71,29,7,79,68,71,7,93,21,64,64,64,86,79,100,93,Ligue 1
Lens,3xedluek08t2ka7oypwuullcn,rktyecx75c47pgwyt4vm3i7d,M. Cuisance,Michaël Cuisance,27,Midfielder,France,Midfielder,70.0,60.0,7.0,130.0,0.0,5.0,4.0,10.0,3.0,4.0,307.0,2.0,7.0,1.0,3.0,0.0,3.0,1.0,2.0,10.0,10.0,0.0,3.0,0.0,0.0,90.91,77.78,0.0,30.0,40.0,30.3,0.0,50.0,0.5595695715046098,0.202717703611416,0.0,4.0,0.1366773499999999,2.0,17.0,11.0,0.20249258,61.0,20.52117263843648,17.58957654723127,2.052117263843648,38.11074918566776,0.0,1.4657980456026058,1.1726384364820848,2.931596091205212,0.8794788273615636,1.1726384364820848,0.5863192182410424,2.052117263843648,0.2931596091205212,0.8794788273615636,0.0,0.8794788273615636,0.2931596091205212,0.5863192182410424,2.931596091205212,2.931596091205212,0.0,0.8794788273615636,0.0,0.0,90.91,77.78,0.0,30.0,40.0,30.3,0.0,50.0,0.1640431968580289,0.0594286427525323,0.0,1.1726384364820848,0.0400682785016286,0.5863192182410424,4.98371335504886,3.224755700325733,0.0593626456026058,17.882736156351793,DM/CM,30,20,35,24,12,61,88,24,21,32,65,77,14,33,38,36,23,85,88,86,42,70,24,50,67,86,24,21,65,6,17,24,73,42,9,36,58,38,58,29,12,24,36,30,48,45,12,70,91,33,24,45,70,88,15,45,38,48,24,94,100,97,42,82,24,50,67,86,24,21,65,6,17,24,91,48,9,42,64,39,67,30,15,39,Ligue 1
Brest,3adj8hkws0z1al232bg2h6tk0,2ds26ub6ho0baamsjcmh7mmfo,B. Locko,Bradley Locko,24,Defender,France,Defender,94.0,71.0,17.0,161.0,6.0,0.0,0.0,35.0,15.0,10.0,448.0,0.0,0.0,10.0,12.0,0.0,4.0,0.0,0.0,7.0,7.0,0.0,5.0,4.0,0.0,78.92,43.59,23.53,71.43,0.0,76.09,75.0,80.0,0.0,0.3998379559569782,0.0,8.0,0.17451399,5.0,20.0,25.0,0.70802047,82.0,18.88392857142857,14.263392857142858,3.415178571428571,32.34375,1.2053571428571428,0.0,0.0,7.03125,3.013392857142857,2.008928571428571,0.0,0.0,2.008928571428571,2.4107142857142856,0.0,0.8035714285714286,0.0,0.0,1.40625,1.40625,0.0,1.0044642857142856,0.8035714285714286,0.0,78.92,43.59,23.53,71.43,0.0,76.09,75.0,80.0,0.0,0.0803245893663572,0.0,1.6071428571428572,0.0350586140625,1.0044642857142856,4.017857142857142,5.022321428571429,0.1422362551339285,16.473214285714285,LB/LCB,67,60,83,58,85,15,27,100,67,92,35,8,96,100,44,73,29,44,71,69,44,90,90,46,21,58,52,83,35,100,88,88,12,71,27,79,71,77,92,92,79,62,46,25,79,29,75,15,27,100,54,83,35,8,92,96,44,50,29,44,54,54,44,75,83,46,21,58,52,83,35,100,88,88,12,62,27,58,58,58,83,75,71,42,Ligue 1
Brest,3adj8hkws0z1al232bg2h6tk0,5lfki1zoxd4l96hjbr2rw3d2h,H. Magnetti,Hugo Magnetti,28,Midfielder,France,Midfielder,66.0,48.0,4.0,113.0,0.0,3.0,2.0,18.0,2.0,8.0,270.0,1.0,3.0,4.0,7.0,1.0,3.0,1.0,0.0,2.0,2.0,0.0,2.0,1.0,0.0,91.13,44.44,50.0,100.0,33.33,66.67,0.0,58.33,0.1580143212854954,0.2505819324276837,1.0,2.0,0.04797389,1.0,9.0,10.0,0.3934517299999999,48.0,22.0,16.0,1.3333333333333333,37.66666666666666,0.0,1.0,0.6666666666666666,6.0,0.6666666666666666,2.6666666666666665,0.3333333333333333,1.0,1.3333333333333333,2.333333333333333,0.3333333333333333,1.0,0.3333333333333333,0.0,0.6666666666666666,0.6666666666666666,0.0,0.6666666666666666,0.3333333333333333,0.0,91.13,44.44,50.0,100.0,33.33,66.67,0.0,58.33,0.0526714404284984,0.0835273108092278,0.3333333333333333,0.6666666666666666,0.0159912966666666,0.3333333333333333,3.0,3.333333333333333,0.1311505766666666,16.0,DM/CM,26,9,11,18,12,32,65,62,12,82,47,42,53,76,86,36,23,15,26,24,42,50,61,50,73,9,80,89,55,94,17,30,30,48,30,15,18,23,23,20,52,14,48,12,18,42,12,45,79,80,15,100,52,50,76,85,97,53,27,15,39,39,42,64,73,50,73,9,80,89,55,94,17,30,36,64,33,18,21,27,32,36,76,21,Ligue 1
Brest,3adj8hkws0z1al232bg2h6tk0,65b7kc7djr4vmbk55wumup72s,R. Le Guen,Raphaël Le Guen,20,Defender,France,Defender,157.0,57.0,16.0,214.0,21.0,9.0,8.0,27.0,35.0,4.0,450.0,0.0,10.0,1.0,2.0,0.0,3.0,1.0,0.0,0.0,0.0,0.0,0.0,0.0,0.0,87.7,53.33,0.0,0.0,0.0,77.14,75.0,40.0,0.9537377898319356,0.2074058571747225,1.0,2.0,0.04087117,1.0,9.0,13.0,0.3080542899999999,137.0,31.4,11.4,3.2,42.8,4.2,1.8,1.6,5.4,7.0,0.8,0.0,2.0,0.2,0.4,0.0,0.6,0.2,0.0,0.0,0.0,0.0,0.0,0.0,0.0,87.7,53.33,0.0,0.0,0.0,77.14,75.0,40.0,0.1907475579663871,0.0414811714349445,0.2,0.4,0.0081742339999999,0.2,1.8,2.6,0.0616108579999999,27.4,CB,46,33,88,38,100,100,100,100,88,31,40,100,29,21,46,96,83,38,29,25,46,35,46,40,8,62,46,35,40,96,77,17,100,88,85,52,50,60,40,67,54,54,17,21,88,17,92,100,100,83,83,17,40,100,25,21,46,96,79,38,29,25,46,35,46,40,8,62,46,35,40,96,77,17,100,83,83,50,50,54,31,62,46,33,Ligue 1
Brest,3adj8hkws0z1al232bg2h6tk0,7za8h1pgec0y2s1ihmkkfvpm2,J. Chotard,Joris Chotard,24,Midfielder,France,Midfielder,131.0,91.0,37.0,208.0,3.0,8.0,1.0,12.0,10.0,9.0,434.0,2.0,1.0,2.0,4.0,1.0,14.0,7.0,2.0,2.0,2.0,0.0,1.0,14.0,0.0,80.31,56.92,42.42,50.0,25.0,41.38,75.0,66.67,0.4206649662497248,1.7655918366885834,5.0,7.0,0.1689840799999999,1.0,20.0,25.0,0.5151192199999999,109.0,27.165898617511523,18.870967741935484,7.672811059907834,43.1336405529954,0.6221198156682028,1.6589861751152075,0.2073732718894009,2.4884792626728114,2.0737327188940093,1.8663594470046083,0.4147465437788019,0.2073732718894009,0.4147465437788019,0.8294930875576038,0.2073732718894009,2.903225806451613,1.4516129032258065,0.4147465437788019,0.4147465437788019,0.4147465437788019,0.0,0.2073732718894009,2.903225806451613,0.0,80.31,56.92,42.42,50.0,25.0,41.38,75.0,66.67,0.0872346704204498,0.3661365559953284,1.036866359447005,1.4516129032258065,0.0350427815668202,0.2073732718894009,4.147465437788019,5.184331797235023,0.1068219580645161,22.6036866359447,DM/CM,73,45,97,58,64,83,47,32,79,94,65,18,27,47,86,97,95,85,26,24,42,26,100,50,9,24,70,52,47,27,100,52,61,97,92,67,70,23,67,85,64,64,61,39,97,48,59,82,45,21,67,82,59,12,24,33,79,97,97,77,23,23,42,15,100,50,9,24,70,52,47,27,100,52,58,97,97,61,58,18,55,82,58,48,Ligue 1
Brest,3adj8hkws0z1al232bg2h6tk0,8gkexxgf3pypshhqwg6ibp7o4,K. Doumbia,Kamory Doumbia,23,Midfielder,Mali,Midfielder,59.0,74.0,9.0,133.0,1.0,12.0,10.0,21.0,1.0,5.0,407.0,5.0,15.0,10.0,1.0,1.0,6.0,2.0,4.0,8.0,9.0,4.0,5.0,0.0,0.0,85.26,75.0,0.0,62.5,41.67,41.18,16.67,20.0,1.8216033007328856,0.3717654145109554,0.0,6.0,0.15261753,2.0,8.0,14.0,0.3110207899999999,66.0,13.046683046683048,16.363636363636363,1.9901719901719903,29.41031941031941,0.2211302211302211,2.6535626535626538,2.211302211302211,4.643734643734644,0.2211302211302211,1.1056511056511056,1.1056511056511056,3.316953316953317,2.211302211302211,0.2211302211302211,0.2211302211302211,1.3267813267813269,0.4422604422604422,0.8845208845208845,1.769041769041769,1.9901719901719903,0.8845208845208845,1.1056511056511056,0.0,0.0,85.26,75.0,0.0,62.5,41.67,41.18,16.67,20.0,0.4028115407026037,0.0822085683193759,0.0,1.3267813267813269,0.0337483481572481,0.4422604422604422,1.769041769041769,3.095823095823096,0.068776096068796,14.594594594594597,DM/CM,21,30,44,27,33,98,100,73,3,50,98,97,94,6,86,79,44,97,79,82,100,89,24,50,18,76,24,65,73,24,35,3,100,67,9,56,61,38,15,38,27,30,6,18,42,6,27,97,100,64,3,42,100,94,100,3,88,70,39,97,79,79,100,88,24,50,18,76,24,65,73,24,35,3,100,61,9,48,55,33,6,24,27,18,Ligue 1
Brest,3adj8hkws0z1al232bg2h6tk0,8ipqhvaekpinqwwgb4eo0g6qc,P. Mboup,Pathé Mboup,22,Attacker,Senegal,Striker,31.0,41.0,1.0,72.0,4.0,19.0,10.0,26.0,0.0,4.0,397.0,7.0,21.0,7.0,5.0,0.0,6.0,9.0,3.0,13.0,16.0,1.0,6.0,0.0,0.0,78.26,100.0,0.0,46.15,36.84,36.62,33.33,55.56,1.6871296708940426,0.4516074135256277,8.0,8.0,0.22953537,7.0,2.0,5.0,0.1867013699999999,19.0,7.027707808564231,9.29471032745592,0.2267002518891687,16.32241813602015,0.906801007556675,4.307304785894206,2.267002518891688,5.894206549118388,0.0,0.906801007556675,1.5869017632241813,4.760705289672544,1.5869017632241813,1.1335012594458438,0.0,1.3602015113350123,2.040302267002519,0.6801007556675063,2.947103274559194,3.6272040302267,0.2267002518891687,1.3602015113350123,0.0,0.0,78.26,100.0,0.0,46.15,36.84,36.62,33.33,55.56,0.3824727213613698,0.1023795144012758,1.81360201511335,1.81360201511335,0.0520357261964735,1.5869017632241813,0.4534005037783375,1.1335012594458438,0.0423252476070528,4.307304785894206,LW,79,43,32,64,86,93,86,93,14,93,93,71,79,96,25,71,100,75,68,82,79,68,21,54,57,96,21,68,50,21,50,57,86,64,96,43,43,89,32,39,29,43,71,14,21,29,79,93,86,86,14,79,71,64,50,79,25,64,100,71,57,71,71,57,21,54,57,96,21,68,50,21,50,57,86,43,93,29,29,71,29,21,14,14,Ligue 1
Brest,3adj8hkws0z1al232bg2h6tk0,9vk8oyt5lma4ir9tbi3uvlrdh,G. Lloris,Gautier Lloris,31,Defender,France,Defender,123.0,30.0,3.0,153.0,14.0,2.0,2.0,22.0,16.0,9.0,341.0,1.0,2.0,3.0,3.0,0.0,0.0,0.0,0.0,0.0,0.0,0.0,0.0,0.0,0.0,90.0,23.08,0.0,0.0,50.0,70.97,70.0,60.0,0.2402806859095257,0.0,0.0,0.0,0.0,0.0,7.0,6.0,0.1575937999999999,92.0,32.4633431085044,7.917888563049853,0.7917888563049854,40.381231671554254,3.6950146627566,0.5278592375366569,0.5278592375366569,5.806451612903226,4.222873900293255,2.375366568914956,0.2639296187683284,0.5278592375366569,0.7917888563049854,0.7917888563049854,0.0,0.0,0.0,0.0,0.0,0.0,0.0,0.0,0.0,0.0,90.0,23.08,0.0,0.0,50.0,70.97,70.0,60.0,0.0634171898294935,0.0,0.0,0.0,0.0,0.0,1.8475073313783,1.5835777126099708,0.0415936715542521,24.281524926686217,CB,33,12,6,21,88,50,60,81,38,100,83,42,77,38,46,19,38,38,29,25,46,35,46,40,38,15,46,35,88,75,62,44,46,27,40,17,17,25,29,29,21,29,21,4,4,12,88,50,65,92,31,100,88,44,75,42,46,19,38,38,29,25,46,35,46,40,38,15,46,35,88,75,62,44,54,27,40,17,17,25,38,29,17,25,Ligue 1
Brest,3adj8hkws0z1al232bg2h6tk0,am0pcyvtaws1i69jt09dgnsnp,L. Ajorque,Ludovic Ajorque,32,Attacker,France,Striker,36.0,56.0,8.0,92.0,33.0,17.0,14.0,48.0,4.0,1.0,446.0,5.0,34.0,9.0,2.0,0.0,8.0,3.0,2.0,4.0,5.0,1.0,4.0,0.0,0.0,76.67,100.0,0.0,100.0,29.41,47.06,55.0,100.0,1.850635977637708,0.7466180812699699,3.0,3.0,0.09561883,0.0,5.0,8.0,0.28636297,24.0,7.26457399103139,11.300448430493272,1.6143497757847534,18.565022421524663,6.659192825112108,3.430493273542601,2.825112107623318,9.68609865470852,0.8071748878923767,0.2017937219730941,1.0089686098654709,6.860986547085202,1.816143497757848,0.4035874439461883,0.0,1.6143497757847534,0.6053811659192825,0.4035874439461883,0.8071748878923767,1.0089686098654709,0.2017937219730941,0.8071748878923767,0.0,0.0,76.67,100.0,0.0,100.0,29.41,47.06,55.0,100.0,0.3734467219448289,0.1506628415118773,0.6053811659192825,0.6053811659192825,0.0192952795964125,0.0,1.0089686098654709,1.6143497757847534,0.0577862495515695,4.84304932735426,ST,91,83,93,87,100,93,93,100,87,50,61,100,93,61,33,91,74,59,41,50,46,78,39,52,48,85,39,93,26,70,78,87,96,96,67,39,35,20,70,74,74,70,70,70,91,74,100,74,78,100,70,35,35,83,83,52,33,83,57,48,30,35,22,65,39,52,48,85,39,93,26,70,78,87,61,91,57,26,26,20,48,57,57,52,Ligue 1
Brest,3adj8hkws0z1al232bg2h6tk0,ef2n7d6rysar49toiz2k3obth,K. Lala,Kenny Lala,34,Defender,France,Defender,87.0,46.0,18.0,126.0,1.0,2.0,1.0,15.0,11.0,1.0,382.0,0.0,1.0,5.0,4.0,0.0,8.0,1.0,1.0,3.0,3.0,0.0,1.0,7.0,0.0,70.39,42.86,36.84,33.33,0.0,55.56,25.0,50.0,0.0876617106370822,0.9561940833819478,1.0,4.0,0.1034642099999999,4.0,8.0,14.0,0.8445410400000002,57.0,20.49738219895288,10.837696335078531,4.240837696335079,29.68586387434555,0.2356020942408377,0.4712041884816754,0.2356020942408377,3.534031413612565,2.5916230366492146,0.2356020942408377,0.0,0.2356020942408377,1.1780104712041886,0.9424083769633508,0.0,1.8848167539267016,0.2356020942408377,0.2356020942408377,0.7068062827225131,0.7068062827225131,0.0,0.2356020942408377,1.649214659685864,0.0,70.39,42.86,36.84,33.33,0.0,55.56,25.0,50.0,0.0206532826108308,0.225281328545485,0.2356020942408377,0.9424083769633508,0.0243763845549738,0.9424083769633508,1.8848167539267016,3.298429319371728,0.1989756376963351,13.429319371727749,RB/RCB,57,24,90,24,19,45,43,29,52,5,29,17,76,57,45,95,55,57,45,38,36,38,86,48,5,43,76,40,29,62,29,55,38,95,60,38,43,62,33,48,81,29,48,10,90,19,19,48,38,33,43,5,29,14,76,57,45,90,57,57,38,33,36,43,81,48,5,43,76,40,29,62,29,55,33,95,62,33,38,57,24,57,76,19,Ligue 1
Rennes,z1wbqtd0fz5t5eezjvrbld3h,36yupk7p1vks4dbguw53xhucp,M. Camara,Mahdi Camara,28,Midfielder,France,Midfielder,52.0,90.0,4.0,142.0,2.0,5.0,4.0,17.0,0.0,2.0,300.0,2.0,12.0,5.0,1.0,0.0,4.0,1.0,1.0,10.0,12.0,0.0,8.0,0.0,0.0,91.61,80.0,0.0,80.0,40.0,65.38,0.0,50.0,0.47399353996331,0.3237577946691954,1.0,9.0,0.26554909,4.0,8.0,14.0,0.4158822299999999,68.0,15.6,27.0,1.2,42.6,0.6,1.5,1.2,5.1,0.0,0.6,0.6,3.6,1.5,0.3,0.0,1.2,0.3,0.3,3.0,3.6,0.0,2.4,0.0,0.0,91.61,80.0,0.0,80.0,40.0,65.38,0.0,50.0,0.1421980619889929,0.0971273384007586,0.3,2.7,0.0796647269999999,1.2,2.4,4.2,0.1247646689999999,20.4,CM/AM,67,71,33,62,60,60,79,67,10,38,71,65,62,10,27,35,27,38,85,88,35,96,15,50,100,98,15,90,73,100,17,46,58,29,33,54,62,52,33,52,33,71,71,79,38,79,62,67,83,75,10,33,71,62,71,12,27,33,33,38,92,96,35,100,15,50,100,98,15,90,73,100,17,46,67,29,38,58,75,58,38,58,46,71,Ligue 1
Rennes,z1wbqtd0fz5t5eezjvrbld3h,4a7x84pflda40oka94y36gwk,Q. Merlin,Quentin Merlin,24,Defender,France,Defender,58.0,51.0,10.0,107.0,1.0,1.0,0.0,5.0,6.0,4.0,231.0,0.0,2.0,3.0,0.0,0.0,3.0,1.0,0.0,2.0,3.0,0.0,1.0,2.0,0.0,83.59,47.62,22.22,50.0,0.0,29.41,20.0,0.0,0.044318317905743,0.3691508708361596,1.0,5.0,0.19837993,1.0,10.0,17.0,0.56546785,59.0,22.5974025974026,19.87012987012987,3.896103896103896,41.688311688311686,0.3896103896103896,0.3896103896103896,0.0,1.948051948051948,2.3376623376623376,1.5584415584415583,0.0,0.7792207792207791,1.1688311688311688,0.0,0.0,1.1688311688311688,0.3896103896103896,0.0,0.7792207792207791,1.1688311688311688,0.0,0.3896103896103896,0.7792207792207791,0.0,83.59,47.62,22.22,50.0,0.0,29.41,20.0,0.0,0.0172668771061336,0.1438250146114907,0.3896103896103896,1.948051948051948,0.0772908818181818,0.3896103896103896,3.896103896103896,6.623376623376623,0.2203121493506493,22.987012987012985,LB/LCB,29,29,79,25,29,46,27,10,29,27,35,35,40,8,44,56,71,44,17,27,44,23,54,46,54,67,46,52,35,12,27,8,33,67,71,54,79,17,38,58,67,31,75,83,88,62,33,58,27,8,38,58,35,46,62,8,44,79,83,44,29,46,44,33,79,46,54,67,46,52,35,12,27,8,46,88,79,71,96,17,75,100,92,58,Ligue 1
Rennes,z1wbqtd0fz5t5eezjvrbld3h,504o2odlvra056ouwcgreopgp,S. Szymański,Sebastian Szymanski,27,Midfielder,Poland,Midfielder,24.0,43.0,2.0,63.0,0.0,3.0,0.0,9.0,2.0,2.0,227.0,1.0,2.0,2.0,5.0,1.0,6.0,3.0,0.0,2.0,2.0,1.0,0.0,4.0,0.0,82.89,40.0,30.77,0.0,33.33,50.0,0.0,71.43,0.1517281333128467,0.4675657575630814,3.0,6.0,0.18464182,6.0,4.0,8.0,0.35233356,31.0,9.515418502202644,17.048458149779737,0.7929515418502203,24.97797356828194,0.0,1.1894273127753303,0.0,3.5682819383259914,0.7929515418502203,0.7929515418502203,0.3964757709251101,0.7929515418502203,0.7929515418502203,1.9823788546255507,0.3964757709251101,2.378854625550661,1.1894273127753303,0.0,0.7929515418502203,0.7929515418502203,0.3964757709251101,0.0,1.5859030837004406,0.0,82.89,40.0,30.77,0.0,33.33,50.0,0.0,71.43,0.0601565286262387,0.1853784941880058,1.1894273127753303,2.378854625550661,0.0732060079295154,2.378854625550661,1.5859030837004406,3.1718061674008813,0.1396917198237885,12.290748898678414,CM/AM,12,15,15,8,15,25,12,4,42,38,38,12,19,75,69,52,77,12,21,21,81,10,81,50,42,17,75,10,60,75,17,71,17,50,77,31,42,83,8,23,25,17,29,33,17,21,15,42,12,29,54,58,46,12,38,88,75,79,92,12,21,21,92,10,88,50,42,17,75,10,60,75,17,71,21,62,92,46,67,96,17,50,67,33,Ligue 1
Rennes,z1wbqtd0fz5t5eezjvrbld3h,7y2h0upi10c3mp7u2oqn9kq38,A. Nagida,Aboubakar Nagida,21,Defender,Cameroon,Defender,42.0,56.0,3.0,93.0,0.0,2.0,0.0,16.0,10.0,7.0,219.0,0.0,2.0,4.0,5.0,0.0,3.0,2.0,0.0,8.0,8.0,0.0,3.0,5.0,0.0,81.58,23.08,50.0,37.5,0.0,44.44,0.0,55.56,0.1164966025158844,0.4097712833499954,1.0,6.0,0.1515243299999999,3.0,9.0,12.0,0.87002047,61.0,17.26027397260274,23.01369863013699,1.2328767123287672,38.21917808219178,0.0,0.8219178082191781,0.0,6.575342465753425,4.109589041095891,2.876712328767124,0.0,0.8219178082191781,1.6438356164383563,2.054794520547945,0.0,1.2328767123287672,0.8219178082191781,0.0,3.2876712328767126,3.2876712328767126,0.0,1.2328767123287672,2.054794520547945,0.0,81.58,23.08,50.0,37.5,0.0,44.44,0.0,55.56,0.0478753161024182,0.168399157541094,0.4109589041095891,2.4657534246575343,0.0622702726027396,1.2328767123287672,3.6986301369863015,4.931506849315069,0.3575426589041096,25.068493150684933,LB/LCB,17,33,25,21,10,71,27,44,52,81,35,35,56,67,44,56,94,44,79,77,44,58,96,46,38,21,83,33,35,23,12,58,58,75,71,67,62,46,31,33,96,42,33,92,42,58,10,75,27,92,83,96,35,58,88,92,44,83,100,44,96,96,44,88,100,46,38,21,83,33,35,23,12,58,75,96,83,96,88,71,67,71,100,75,Ligue 1
Rennes,z1wbqtd0fz5t5eezjvrbld3h,85n9nt673fj0927h3lwthtus4,A. Aït Boudlal,Abdelhamid Aït Boudlal,20,Defender,Morocco,Defender,119.0,29.0,7.0,148.0,9.0,0.0,0.0,20.0,16.0,7.0,270.0,0.0,1.0,1.0,6.0,0.0,0.0,0.0,0.0,0.0,0.0,0.0,0.0,0.0,0.0,93.08,87.5,0.0,0.0,0.0,74.07,90.0,60.0,0.0,0.0,0.0,0.0,0.0,0.0,0.0,0.0,0.0,0.0,39.66666666666666,9.666666666666666,2.333333333333333,49.333333333333336,3.0,0.0,0.0,6.666666666666667,5.333333333333333,2.333333333333333,0.0,0.3333333333333333,0.3333333333333333,2.0,0.0,0.0,0.0,0.0,0.0,0.0,0.0,0.0,0.0,0.0,93.08,87.5,0.0,0.0,0.0,74.07,90.0,60.0,0.0,0.0,0.0,0.0,0.0,0.0,0.0,0.0,0.0,0.0,CB,25,8,42,17,54,17,21,71,38,73,40,23,29,96,46,19,38,38,29,25,46,35,46,40,88,100,46,35,40,92,100,44,15,27,40,17,17,25,8,8,8,8,46,17,54,29,81,17,21,100,50,92,40,25,42,100,46,19,38,38,29,25,46,35,46,40,88,100,46,35,40,92,100,44,15,27,40,17,17,25,8,8,8,8,Ligue 1
Rennes,z1wbqtd0fz5t5eezjvrbld3h,8s259ktv9j6ei0f8rh2msqfh1,V. Rongier,Valentin Rongier,31,Midfielder,France,Midfielder,104.0,136.0,12.0,240.0,7.0,4.0,1.0,26.0,11.0,6.0,434.0,3.0,5.0,5.0,8.0,0.0,6.0,3.0,0.0,2.0,2.0,1.0,2.0,0.0,0.0,89.89,85.71,0.0,100.0,75.0,56.52,63.64,66.67,0.3351831918729764,0.2853400280343622,3.0,4.0,0.08121889,4.0,22.0,22.0,0.6773486999999997,135.0,21.566820276497698,28.202764976958527,2.4884792626728114,49.76958525345622,1.4516129032258065,0.8294930875576038,0.2073732718894009,5.391705069124424,2.28110599078341,1.2442396313364057,0.6221198156682028,1.036866359447005,1.036866359447005,1.6589861751152075,0.0,1.2442396313364057,0.6221198156682028,0.0,0.4147465437788019,0.4147465437788019,0.2073732718894009,0.4147465437788019,0.0,0.0,89.89,85.71,0.0,100.0,75.0,56.52,63.64,66.67,0.0695080351810319,0.059171895214499,0.6221198156682028,0.8294930875576038,0.0168426269585253,0.8294930875576038,4.56221198156682,4.56221198156682,0.1404640161290322,27.995391705069125,DM/CM,61,88,61,76,88,41,47,85,82,61,82,59,74,88,38,79,61,15,26,24,91,50,24,50,52,94,24,89,94,70,86,52,55,61,68,36,33,73,76,80,88,76,42,73,52,55,88,35,45,73,73,48,79,61,55,79,38,67,56,15,23,23,88,39,24,50,52,94,24,89,94,70,86,52,45,45,64,21,27,70,58,67,79,67,Ligue 1
Rennes,z1wbqtd0fz5t5eezjvrbld3h,9yfnfwqog4y572aoe2iztnbv9,L. Blas,Ludovic Blas,28,Attacker,France,Striker,17.0,69.0,9.0,83.0,0.0,11.0,7.0,10.0,0.0,2.0,217.0,3.0,18.0,2.0,4.0,0.0,7.0,4.0,3.0,6.0,7.0,0.0,4.0,3.0,0.0,87.37,90.0,27.27,66.67,27.27,47.62,0.0,100.0,1.2922368162663058,0.6267336129794232,4.0,11.0,0.31872552,3.0,9.0,19.0,0.5414905,39.0,7.050691244239632,28.617511520737327,3.7327188940092166,34.423963133640555,0.0,4.56221198156682,2.903225806451613,4.147465437788019,0.0,0.8294930875576038,1.2442396313364057,7.465437788018433,0.8294930875576038,1.6589861751152075,0.0,2.903225806451613,1.6589861751152075,1.2442396313364057,2.4884792626728114,2.903225806451613,0.0,1.6589861751152075,1.2442396313364057,0.0,87.37,90.0,27.27,66.67,27.27,47.62,0.0,100.0,0.5359507532901729,0.259935599853217,1.6589861751152075,4.56221198156682,0.1321903078341013,1.2442396313364057,3.7327188940092166,7.880184331797236,0.2245813133640553,16.175115207373274,ST,41,89,100,83,4,70,46,28,17,78,28,46,22,83,33,83,91,80,65,65,11,78,96,52,100,65,78,76,17,74,4,87,70,87,83,87,83,78,91,96,96,87,65,96,100,96,4,100,91,43,17,87,52,91,35,87,33,96,96,91,78,83,11,96,100,52,100,65,78,76,17,74,4,87,100,96,96,96,96,87,100,100,96,96,Ligue 1
Rennes,z1wbqtd0fz5t5eezjvrbld3h,a8pgjuz5yrbxyf1t905gj327d,Mousa Al Tamari,Mousa Mohammad Mousa Suleiman Al Tamari,29,Attacker,Jordan,Striker,18.0,45.0,0.0,61.0,1.0,8.0,6.0,14.0,1.0,1.0,284.0,3.0,28.0,2.0,4.0,0.0,5.0,2.0,3.0,15.0,17.0,0.0,7.0,2.0,0.0,76.25,0.0,25.0,46.67,37.5,41.18,25.0,100.0,0.6395954168758547,0.5344841664751179,6.0,8.0,0.3140302299999999,1.0,2.0,3.0,0.4522814399999999,14.0,5.704225352112676,14.26056338028169,0.0,19.33098591549296,0.3169014084507042,2.535211267605634,1.9014084507042253,4.436619718309859,0.3169014084507042,0.3169014084507042,0.9507042253521129,8.873239436619718,0.6338028169014085,1.267605633802817,0.0,1.5845070422535212,0.6338028169014085,0.9507042253521129,4.753521126760564,5.387323943661972,0.0,2.218309859154929,0.6338028169014085,0.0,76.25,0.0,25.0,46.67,37.5,41.18,25.0,100.0,0.2026886884465737,0.1693787851505655,1.9014084507042253,2.535211267605634,0.0995166221830985,0.3169014084507042,0.6338028169014085,0.9507042253521129,0.1433286253521126,4.436619718309859,LW,43,50,11,43,39,46,61,43,39,32,61,86,18,82,25,64,39,75,82,93,32,86,71,54,43,11,64,79,61,50,43,100,43,71,82,43,57,14,32,14,64,21,36,43,11,57,36,57,57,43,36,29,64,93,21,100,25,71,36,79,79,93,32,79,71,54,43,11,64,79,61,50,43,100,43,64,100,50,57,14,36,14,64,29,Ligue 1
Rennes,z1wbqtd0fz5t5eezjvrbld3h,aarmpoi343teu4medudpl49ka,C. Cresswell,Charlie Cresswell,24,Defender,England,Defender,172.0,83.0,14.0,255.0,22.0,4.0,4.0,30.0,26.0,4.0,450.0,0.0,5.0,5.0,5.0,0.0,0.0,0.0,1.0,0.0,1.0,0.0,0.0,0.0,0.0,85.0,42.42,0.0,0.0,0.0,62.5,66.67,100.0,0.4752990320767302,0.0,0.0,5.0,0.10102694,3.0,16.0,16.0,0.3787619299999998,160.0,34.4,16.6,2.8,51.0,4.4,0.8,0.8,6.0,5.2,0.8,0.0,1.0,1.0,1.0,0.0,0.0,0.0,0.2,0.0,0.2,0.0,0.0,0.0,0.0,85.0,42.42,0.0,0.0,0.0,62.5,66.67,100.0,0.095059806415346,0.0,0.0,1.0,0.0202053879999999,0.6,3.2,3.2,0.0757523859999999,32.0,RB/RCB,95,62,81,90,100,69,86,95,95,52,29,57,76,74,45,10,26,57,10,19,36,12,19,48,48,38,19,12,29,81,90,100,76,10,26,52,38,55,71,60,38,90,95,52,76,86,100,57,74,76,95,38,29,50,67,64,45,10,26,40,10,17,36,12,19,48,48,38,19,12,29,81,90,100,67,10,26,40,33,48,62,40,29,90,Ligue 1
Rennes,z1wbqtd0fz5t5eezjvrbld3h,bt4yy465bb33u7phdhnlr6pcl,P. Frankowski,Przemyslaw Frankowski,31,Midfielder,Poland,Midfielder,79.0,119.0,7.0,195.0,2.0,5.0,4.0,19.0,15.0,6.0,409.0,1.0,12.0,4.0,9.0,1.0,6.0,1.0,3.0,3.0,3.0,1.0,1.0,3.0,0.0,79.59,36.84,30.0,33.33,20.0,44.19,33.33,75.0,0.3922239469535609,0.6626480607221534,0.0,8.0,0.22769979,4.0,21.0,24.0,1.0624420500000002,98.0,17.3838630806846,26.18581907090465,1.5403422982885089,42.90953545232274,0.4400977995110025,1.1002444987775062,0.880195599022005,4.180929095354523,3.3007334963325183,1.3202933985330074,0.2200488997555012,2.640586797066015,0.880195599022005,1.9804400977995111,0.2200488997555012,1.3202933985330074,0.2200488997555012,0.6601466992665037,0.6601466992665037,0.6601466992665037,0.2200488997555012,0.2200488997555012,0.6601466992665037,0.0,79.59,36.84,30.0,33.33,20.0,44.19,33.33,75.0,0.0863084479848911,0.1458149766870264,0.0,1.76039119804401,0.0501050882640586,0.880195599022005,4.621026894865526,5.28117359413203,0.2337892041564792,21.56479217603912,RM/RCM,80,90,75,90,75,65,65,60,100,80,60,70,65,100,85,60,55,85,10,10,85,15,70,55,20,40,80,35,55,50,70,95,70,60,35,50,60,50,90,80,90,90,70,90,60,80,80,50,60,30,100,70,50,60,60,100,70,50,50,70,10,10,70,10,50,55,20,40,80,35,55,50,70,95,40,50,35,30,30,40,80,60,90,90,Ligue 1
Rennes,z1wbqtd0fz5t5eezjvrbld3h,c8u45gxriyq1rup5fpr30xrdh,A. Thomasson,Adrien Thomasson,32,Midfielder,France,Midfielder,85.0,112.0,9.0,189.0,8.0,4.0,4.0,24.0,3.0,6.0,373.0,1.0,15.0,7.0,2.0,2.0,14.0,0.0,2.0,5.0,6.0,1.0,3.0,8.0,0.0,84.75,64.29,34.78,60.0,25.0,45.28,72.73,33.33,0.5223296195653815,1.3839005906515038,0.0,10.0,0.25373816,3.0,12.0,13.0,0.57366214,100.0,20.50938337801609,27.024128686327074,2.171581769436997,45.60321715817694,1.93029490616622,0.9651474530831098,0.9651474530831098,5.790884718498659,0.7238605898123324,1.4477211796246647,0.2412868632707774,3.619302949061662,1.6890080428954422,0.4825737265415549,0.4825737265415549,3.3780160857908843,0.0,0.4825737265415549,1.206434316353887,1.4477211796246647,0.2412868632707774,0.7238605898123324,1.93029490616622,0.0,84.75,64.29,34.78,60.0,25.0,45.28,72.73,33.33,0.1260312754983494,0.3339170325968775,0.0,2.412868632707774,0.0612236847184986,0.7238605898123324,2.895442359249329,3.136729222520107,0.1384171383378016,24.128686327077745,CM/AM,92,90,83,92,100,42,79,92,58,90,38,88,81,29,92,100,8,67,38,44,81,50,96,50,54,58,88,75,42,33,100,21,71,96,15,65,58,31,65,33,75,88,92,83,83,88,100,29,71,92,46,88,29,67,75,29,96,100,8,71,33,46,79,42,96,50,54,58,88,75,42,33,100,21,54,100,15,50,46,29,54,46,62,88,Ligue 1
Rennes,z1wbqtd0fz5t5eezjvrbld3h,d1p2ke2ry7g9zfjfh93xmjvxm,I. Soumaré,Issa Soumaré,25,Attacker,Senegal,Striker,15.0,27.0,2.0,42.0,6.0,5.0,4.0,15.0,5.0,3.0,215.0,1.0,7.0,5.0,1.0,1.0,2.0,1.0,1.0,3.0,3.0,0.0,2.0,0.0,0.0,70.0,100.0,0.0,66.67,20.0,53.57,54.55,50.0,0.5657943772114055,0.0984020819322558,1.0,5.0,0.15689423,3.0,5.0,4.0,0.11490495,18.0,6.279069767441861,11.30232558139535,0.8372093023255814,17.58139534883721,2.511627906976744,2.0930232558139537,1.6744186046511629,6.279069767441861,2.0930232558139537,1.255813953488372,0.4186046511627907,2.9302325581395348,2.0930232558139537,0.4186046511627907,0.4186046511627907,0.8372093023255814,0.4186046511627907,0.4186046511627907,1.255813953488372,1.255813953488372,0.0,0.8372093023255814,0.0,0.0,70.0,100.0,0.0,66.67,20.0,53.57,54.55,50.0,0.2368441579024488,0.0411915691809442,0.4186046511627907,2.0930232558139537,0.0656766544186046,1.255813953488372,2.0930232558139537,1.6744186046511629,0.0480997465116279,7.534883720930233,LW,21,14,54,14,93,36,36,64,93,79,25,14,50,29,75,18,21,39,11,11,32,29,21,54,11,96,21,96,29,71,79,36,36,14,25,14,21,43,61,25,14,36,57,36,57,36,93,43,50,93,93,93,29,14,71,43,100,21,29,50,14,14,32,43,21,54,11,96,21,96,29,71,79,36,50,14,36,36,36,50,79,43,21,50,Ligue 1
Rennes,z1wbqtd0fz5t5eezjvrbld3h,f12l40tkknok5cqitoacfdsve,E. Lepaul,Estéban Lepaul,26,Attacker,France,Striker,34.0,30.0,3.0,64.0,6.0,19.0,16.0,10.0,4.0,2.0,376.0,10.0,22.0,3.0,0.0,0.0,4.0,3.0,1.0,3.0,3.0,3.0,1.0,0.0,0.0,83.12,75.0,0.0,33.33,52.63,37.04,46.15,0.0,1.9518519038840856,0.2396843471803849,3.0,5.0,0.17541785,1.0,6.0,9.0,0.1537580699999999,20.0,8.138297872340425,7.180851063829786,0.7180851063829787,15.319148936170212,1.4361702127659577,4.547872340425531,3.829787234042553,2.3936170212765955,0.9574468085106382,0.4787234042553191,2.3936170212765955,5.26595744680851,0.7180851063829787,0.0,0.0,0.9574468085106382,0.7180851063829787,0.2393617021276595,0.7180851063829787,0.7180851063829787,0.7180851063829787,0.2393617021276595,0.0,0.0,83.12,75.0,0.0,33.33,52.63,37.04,46.15,0.0,0.4671985940148077,0.0573712533144538,0.7180851063829787,1.1968085106382975,0.0419883151595744,0.2393617021276595,1.4361702127659577,2.154255319148936,0.0368037933510638,4.787234042553191,ST,87,48,74,67,57,100,100,28,87,78,100,72,35,13,33,48,74,28,28,26,78,28,39,52,74,46,39,35,57,30,52,13,100,35,67,65,70,46,85,83,35,54,87,17,78,57,52,96,100,13,87,70,100,43,30,13,33,39,74,13,26,26,78,22,39,52,74,46,39,35,57,30,52,13,87,30,65,52,52,43,78,83,26,48,Ligue 1
Toulouse,4aghw9tyi8ba3ju1ne83gmf9w,1cc4xhk65qvo9h3t7glirqm8k,S. Hidalgo,Santiago Hidalgo,21,Attacker,Argentina,Striker,15.0,18.0,1.0,33.0,1.0,9.0,7.0,9.0,2.0,1.0,203.0,5.0,17.0,4.0,1.0,0.0,1.0,2.0,3.0,3.0,3.0,0.0,2.0,0.0,0.0,76.74,100.0,0.0,66.67,55.56,34.62,20.0,50.0,1.1864198384348696,0.0493373408484099,3.0,3.0,0.13475465,0.0,0.0,3.0,0.1072469299999999,13.0,6.650246305418719,7.980295566502463,0.4433497536945813,14.630541871921183,0.4433497536945813,3.990147783251232,3.103448275862069,3.990147783251232,0.8866995073891626,0.4433497536945813,2.2167487684729066,7.536945812807882,1.7733990147783252,0.4433497536945813,0.0,0.4433497536945813,0.8866995073891626,1.3300492610837438,1.3300492610837438,1.3300492610837438,0.0,0.8866995073891626,0.0,0.0,76.74,100.0,0.0,66.67,55.56,34.62,20.0,50.0,0.5259989431484644,0.0218736979130881,1.3300492610837438,1.3300492610837438,0.0597434408866995,0.0,0.0,1.3300492610837438,0.0475478999999999,5.763546798029557,ST,35,7,17,13,11,50,46,22,54,50,61,37,46,39,33,11,54,80,28,26,11,46,39,52,52,85,39,76,67,22,13,39,61,9,67,39,52,20,7,28,22,22,61,22,28,52,13,87,96,39,76,65,96,100,70,57,33,17,83,96,52,48,11,70,39,52,52,85,39,76,67,22,13,39,96,9,91,57,70,20,7,43,39,70,Ligue 1
Toulouse,4aghw9tyi8ba3ju1ne83gmf9w,2o5wwfsh5xhyatdfelh9dzqax,R. Nicolaisen,Rasmus Nicolaisen,29,Defender,Denmark,Defender,110.0,37.0,5.0,147.0,14.0,4.0,4.0,18.0,20.0,4.0,270.0,0.0,5.0,2.0,0.0,0.0,1.0,0.0,0.0,1.0,1.0,0.0,0.0,0.0,0.0,95.45,71.43,0.0,0.0,0.0,62.07,73.68,0.0,0.47543044407901,0.0,0.0,0.0,0.0,1.0,8.0,6.0,0.1808015499999999,91.0,36.66666666666666,12.333333333333334,1.6666666666666667,49.0,4.666666666666667,1.3333333333333333,1.3333333333333333,6.0,6.666666666666667,1.3333333333333333,0.0,1.6666666666666667,0.6666666666666666,0.0,0.0,0.3333333333333333,0.0,0.0,0.3333333333333333,0.3333333333333333,0.0,0.0,0.0,0.0,95.45,71.43,0.0,0.0,0.0,62.07,73.68,0.0,0.1584768146930033,0.0,0.0,0.0,0.0,0.3333333333333333,2.6666666666666665,2.0,0.0602671833333333,30.33333333333333,CB,17,21,21,10,88,88,92,56,50,31,40,79,58,6,46,56,38,38,69,65,46,35,46,40,96,96,46,35,40,46,71,6,88,27,40,17,17,60,33,29,25,23,29,33,33,25,100,96,96,96,79,58,40,92,67,6,46,69,38,38,77,77,46,35,46,40,96,96,46,35,40,46,71,6,92,27,40,17,17,71,58,40,42,42,Ligue 1
Toulouse,4aghw9tyi8ba3ju1ne83gmf9w,3nu7bqtarr9yo5abdj3len04q,J. Russell-Rowe,Jacen Russell-Rowe,24,Attacker,Canada,Striker,21.0,43.0,1.0,64.0,2.0,10.0,9.0,7.0,4.0,1.0,342.0,5.0,19.0,1.0,0.0,0.0,2.0,1.0,2.0,8.0,8.0,1.0,3.0,0.0,0.0,84.21,50.0,0.0,37.5,50.0,20.0,14.29,0.0,1.0659880676970008,0.2022202501238316,2.0,10.0,0.3881276,2.0,0.0,5.0,0.11443163,17.0,5.526315789473684,11.31578947368421,0.2631578947368421,16.842105263157894,0.5263157894736842,2.631578947368421,2.368421052631579,1.842105263157895,1.0526315789473684,0.2631578947368421,1.3157894736842106,5.0,0.2631578947368421,0.0,0.0,0.5263157894736842,0.2631578947368421,0.5263157894736842,2.1052631578947367,2.1052631578947367,0.2631578947368421,0.7894736842105263,0.0,0.0,84.21,50.0,0.0,37.5,50.0,20.0,14.29,0.0,0.280523175709737,0.0532158552957451,0.5263157894736842,2.631578947368421,0.1021388421052631,0.5263157894736842,0.0,1.3157894736842106,0.0301135868421052,4.473684210526316,ST,48,67,17,67,22,63,72,9,87,50,61,57,9,13,33,24,35,59,76,74,46,61,39,52,87,20,39,39,52,4,9,13,43,30,46,83,96,63,7,46,26,46,39,74,9,65,17,57,65,9,96,48,61,35,4,13,33,22,26,65,65,65,39,61,39,52,87,20,39,39,52,4,9,13,35,26,48,83,91,70,7,39,13,30,Ligue 1
Toulouse,4aghw9tyi8ba3ju1ne83gmf9w,4aooo9gmqd70fj330jxb3s4r8,R. Messali,Rafik Messali,23,Midfielder,Algeria,Midfielder,66.0,58.0,5.0,122.0,3.0,1.0,1.0,20.0,5.0,7.0,247.0,0.0,9.0,4.0,4.0,0.0,3.0,0.0,1.0,8.0,8.0,0.0,6.0,2.0,0.0,81.88,62.5,16.67,75.0,0.0,52.63,37.5,57.14,0.2467002533754496,0.3551924621271577,0.0,8.0,0.19340688,7.0,8.0,18.0,0.5220793599999998,45.0,24.048582995951417,21.1336032388664,1.8218623481781373,44.45344129554656,1.0931174089068827,0.3643724696356275,0.3643724696356275,7.287449392712551,1.8218623481781373,2.5506072874493926,0.0,3.279352226720648,1.45748987854251,1.45748987854251,0.0,1.0931174089068827,0.0,0.3643724696356275,2.91497975708502,2.91497975708502,0.0,2.1862348178137654,0.728744939271255,0.0,81.88,62.5,16.67,75.0,0.0,52.63,37.5,57.14,0.0898907805821476,0.1294223546212315,0.0,2.91497975708502,0.0704721425101214,2.5506072874493926,2.91497975708502,6.558704453441296,0.1902313457489877,16.39676113360324,RM/RCM,60,40,50,50,90,30,30,70,70,95,25,45,65,60,35,30,25,35,55,55,35,85,50,55,50,80,45,90,25,70,80,75,40,40,35,50,40,75,50,70,60,50,100,50,70,90,90,30,30,90,70,100,25,70,70,70,35,30,25,30,70,70,35,90,60,55,50,80,45,90,25,70,80,75,60,40,35,50,50,90,70,80,70,60,Ligue 1
Toulouse,4aghw9tyi8ba3ju1ne83gmf9w,5enjhxrx2jrjqtgb9wwq0baax,M. McKenzie,Mark McKenzie,27,Defender,USA,Defender,195.0,105.0,13.0,300.0,12.0,0.0,0.0,22.0,30.0,5.0,450.0,0.0,3.0,4.0,5.0,0.0,2.0,0.0,0.0,0.0,0.0,0.0,0.0,0.0,0.0,91.46,44.83,0.0,0.0,0.0,62.86,75.0,83.33,0.0,0.1446584965432604,0.0,1.0,0.02401521,2.0,21.0,16.0,0.4418261699999998,210.0,39.0,21.0,2.6,60.0,2.4,0.0,0.0,4.4,6.0,1.0,0.0,0.6,0.8,1.0,0.0,0.4,0.0,0.0,0.0,0.0,0.0,0.0,0.0,0.0,91.46,44.83,0.0,0.0,0.0,62.86,75.0,83.33,0.0,0.028931699308652,0.0,0.2,0.0048030419999999,0.4,4.2,3.2,0.0883652339999999,42.0,CB,67,88,73,83,75,17,21,81,71,46,40,56,85,77,46,85,38,38,29,25,46,35,46,40,71,46,46,35,40,50,77,83,15,79,40,40,42,85,88,77,79,83,42,79,69,67,62,17,21,46,60,33,40,50,79,62,46,83,38,38,29,25,46,35,46,40,71,46,46,35,40,50,77,83,15,79,40,35,33,79,79,75,71,75,Ligue 1
Toulouse,4aghw9tyi8ba3ju1ne83gmf9w,6vjoq2kgaq2igxoh8cvq0ieax,C. Cásseres,Cristian Cásseres,26,Midfielder,Venezuela,Midfielder,169.0,210.0,28.0,371.0,7.0,5.0,2.0,47.0,15.0,4.0,450.0,1.0,6.0,10.0,18.0,4.0,18.0,3.0,1.0,11.0,12.0,0.0,7.0,8.0,0.0,85.88,62.22,44.44,63.64,20.0,68.12,63.64,78.26,0.4827063295721282,1.976503406997574,4.0,12.0,0.26175696,3.0,55.0,56.0,1.6714452399999995,224.0,33.8,42.0,5.6,74.2,1.4,1.0,0.4,9.4,3.0,0.8,0.2,1.2,2.0,3.6,0.8,3.6,0.6,0.2,2.2,2.4,0.0,1.4,1.6,0.0,85.88,62.22,44.44,63.64,20.0,68.12,63.64,78.26,0.0965412659144256,0.3953006813995148,0.8,2.4,0.052351392,0.6,11.0,11.2,0.3342890479999999,44.8,DM/CM,94,97,94,94,88,61,65,100,94,32,47,68,94,100,100,100,61,52,97,98,42,100,97,50,21,33,73,70,41,100,86,79,64,100,82,85,88,55,98,97,100,91,88,94,91,88,83,45,61,100,88,12,41,68,88,100,100,100,52,33,86,88,42,100,97,50,21,33,73,70,41,100,86,79,61,100,73,80,82,44,97,97,97,88,Ligue 1
Toulouse,4aghw9tyi8ba3ju1ne83gmf9w,bdz03qovxerzrv12lgljae1p0,C. Tapé,Christ Tapé,20,Defender,Côte d'Ivoire,Defender,93.0,91.0,7.0,183.0,5.0,5.0,5.0,16.0,18.0,4.0,444.0,2.0,12.0,3.0,1.0,0.0,5.0,0.0,0.0,9.0,9.0,1.0,6.0,1.0,0.0,86.73,50.0,11.11,66.67,40.0,44.44,55.56,50.0,0.6453484650661583,0.2784590784734989,1.0,9.0,0.22574836,6.0,17.0,18.0,0.7143064800000006,90.0,18.85135135135135,18.445945945945944,1.4189189189189189,37.09459459459459,1.0135135135135134,1.0135135135135134,1.0135135135135134,3.243243243243243,3.6486486486486487,0.8108108108108107,0.4054054054054054,2.4324324324324325,0.6081081081081081,0.2027027027027027,0.0,1.0135135135135134,0.0,0.0,1.8243243243243243,1.8243243243243243,0.2027027027027027,1.2162162162162162,0.2027027027027027,0.0,86.73,50.0,11.11,66.67,40.0,44.44,55.56,50.0,0.130813878053951,0.0564444077986822,0.2027027027027027,1.8243243243243243,0.0457598027027027,1.2162162162162162,3.4459459459459456,3.6486486486486487,0.1447918540540541,18.24324324324324,LB/LCB,62,88,69,79,73,96,96,44,83,27,94,94,40,19,44,88,29,44,88,85,94,100,31,46,79,75,21,79,79,23,65,46,96,54,71,85,83,92,77,65,83,71,42,79,62,50,67,92,96,21,67,17,92,88,25,17,44,71,29,44,67,62,88,83,21,46,79,75,21,79,79,23,65,46,96,50,62,67,62,67,54,54,75,50,Ligue 1
Toulouse,4aghw9tyi8ba3ju1ne83gmf9w,d95i3fwjrk3ti4co645mde76x,N. Schmidt,Niklas Schmidt,28,Midfielder,Germany,Midfielder,77.0,113.0,14.0,188.0,2.0,2.0,0.0,6.0,5.0,2.0,218.0,0.0,2.0,0.0,1.0,0.0,6.0,2.0,1.0,1.0,1.0,0.0,0.0,2.0,0.0,91.71,66.67,22.22,0.0,0.0,54.55,0.0,25.0,0.1031971936254461,0.4389179475600129,1.0,6.0,0.12750822,3.0,21.0,19.0,0.6428603999999997,113.0,31.788990825688074,46.65137614678899,5.779816513761468,77.61467889908258,0.8256880733944955,0.8256880733944955,0.0,2.4770642201834865,2.064220183486239,0.8256880733944955,0.0,0.8256880733944955,0.0,0.4128440366972477,0.0,2.4770642201834865,0.8256880733944955,0.4128440366972477,0.4128440366972477,0.4128440366972477,0.0,0.0,0.8256880733944955,0.0,91.71,66.67,22.22,0.0,0.0,54.55,0.0,25.0,0.0426043459921566,0.1812046572495466,0.4128440366972477,2.4770642201834865,0.0526410082568807,1.2385321100917432,8.669724770642203,7.844036697247707,0.2654010825688072,46.65137614678899,DM/CM,39,73,68,55,52,24,18,3,39,9,20,35,5,6,38,79,44,52,12,12,42,8,80,50,79,48,55,8,20,67,17,9,18,73,30,56,48,55,71,62,82,67,79,97,94,91,67,30,18,18,64,23,20,41,5,9,38,94,67,73,18,18,42,8,91,50,79,48,55,8,20,67,17,9,30,88,42,85,85,88,94,91,91,91,Ligue 1
Toulouse,4aghw9tyi8ba3ju1ne83gmf9w,hqovjub7s0u4vxreo51loqok,I. Azizi,Ilyas Azizi,18,Attacker,France,Striker,28.0,48.0,2.0,76.0,3.0,7.0,5.0,19.0,0.0,0.0,248.0,1.0,17.0,5.0,5.0,0.0,2.0,2.0,1.0,9.0,9.0,0.0,4.0,0.0,0.0,78.35,40.0,0.0,44.44,14.29,44.19,60.0,71.43,0.4935542012726267,0.1282445922479284,3.0,6.0,0.1916061599999999,4.0,3.0,9.0,0.2202192899999999,30.0,10.161290322580646,17.419354838709676,0.7258064516129032,27.580645161290324,1.0887096774193548,2.540322580645161,1.814516129032258,6.895161290322581,0.0,0.0,0.3629032258064516,6.169354838709677,1.814516129032258,1.814516129032258,0.0,0.7258064516129032,0.7258064516129032,0.3629032258064516,3.2661290322580645,3.2661290322580645,0.0,1.4516129032258065,0.0,0.0,78.35,40.0,0.0,44.44,14.29,44.19,60.0,71.43,0.1791124117521629,0.0465403762190062,1.0887096774193548,2.177419354838709,0.069534493548387,1.4516129032258065,1.0887096774193548,3.2661290322580645,0.0799182907258064,10.887096774193548,ST,72,78,46,78,33,24,15,61,17,17,7,37,61,87,33,24,54,28,83,83,11,78,39,52,61,13,39,48,4,57,87,48,4,17,67,78,74,87,43,83,52,78,96,91,83,91,39,43,26,78,17,17,9,65,78,96,33,30,78,43,100,96,11,91,39,52,61,13,39,48,4,57,87,48,4,22,78,78,83,91,61,87,70,91,Ligue 1
Toulouse,4aghw9tyi8ba3ju1ne83gmf9w,vrzye4jqrafujmjw3wakjpxw,T. Jørgensen,Thomas Jørgensen,20,Midfielder,Denmark,Midfielder,38.0,88.0,10.0,124.0,3.0,10.0,9.0,20.0,0.0,4.0,438.0,4.0,23.0,5.0,4.0,1.0,11.0,1.0,2.0,7.0,7.0,2.0,4.0,2.0,0.0,74.25,71.43,16.67,57.14,40.0,50.0,60.0,50.0,1.3386387435380729,0.9420057278274322,2.0,25.0,0.6065399499999998,7.0,9.0,15.0,0.4041805599999999,59.0,7.808219178082193,18.08219178082192,2.054794520547945,25.47945205479452,0.6164383561643836,2.054794520547945,1.8493150684931507,4.109589041095891,0.0,0.8219178082191781,0.8219178082191781,4.726027397260275,1.0273972602739727,0.8219178082191781,0.2054794520547945,2.26027397260274,0.2054794520547945,0.4109589041095891,1.4383561643835618,1.4383561643835618,0.4109589041095891,0.8219178082191781,0.4109589041095891,0.0,74.25,71.43,16.67,57.14,40.0,50.0,60.0,50.0,0.2750627555215219,0.1935628207864586,0.4109589041095891,5.136986301369864,0.1246314965753424,1.4383561643835618,1.8493150684931507,3.082191780821918,0.0830508,12.12328767123288,CM/AM,42,67,88,58,79,98,100,79,10,69,98,100,62,62,69,92,27,67,58,56,96,65,60,50,8,77,46,71,73,75,96,46,100,88,52,100,100,92,44,69,29,54,8,42,79,25,67,92,96,46,10,62,96,96,54,50,58,71,17,58,46,42,96,54,54,50,8,77,46,71,73,75,96,46,100,67,42,96,88,79,25,42,21,29,Ligue 1
