Team,contestantId,playerId,Short Name,Player Name,Age,Position_x,Nationality,Position_y,total accurate back zone pass_Total,total accurate fwd zone pass_Total,total accurate long balls_Total,total accurate pass_Total,total att assist_Total,total big chances saved_Total,total contest_Total,total dribbles attempted_Total,total duels won_Total,total effective clearance_Total,total mins played,total won contest_Total,total aerial won_Total,total assists_Total,total attempt_Total,total attempts ibox_Total,total attempts obox_Total,total blocked scoring att_Total,total goals_Total,total interception_Total,total ontarget attempt_Total,total touches in opposition box_Total,total was fouled_Total,total accurate cross_Total,total won tackle_Total,total direct setpiece goals_Total,pass_success_pct_Total,long_balls_success_pct_Total,cross_success_pct_Total,dribble_success_pct_Total,attempt_success_pct_Total,duel_success_pct_Total,aerial_success_pct_Total,tackle_success_pct_Total,xG_Total,xA_Total,CreatedOwnShot_Total,Total Carries_Total,Total Carry xT_Total,Total Final Third Carries_Total,passes_into_final_third_Total,progressive_passes_Total,xT_pass_Total,forward_passes_Total,total accurate back zone pass_p90,total accurate fwd zone pass_p90,total accurate long balls_p90,total accurate pass_p90,total att assist_p90,total big chances saved_p90,total contest_p90,total dribbles attempted_p90,total duels won_p90,total effective clearance_p90,total won contest_p90,total aerial won_p90,total assists_p90,total attempt_p90,total attempts ibox_p90,total attempts obox_p90,total blocked scoring att_p90,total goals_p90,total interception_p90,total ontarget attempt_p90,total touches in opposition box_p90,total was fouled_p90,total accurate cross_p90,total won tackle_p90,total direct setpiece goals_p90,pass_success_pct_p90,long_balls_success_pct_p90,cross_success_pct_p90,dribble_success_pct_p90,attempt_success_pct_p90,duel_success_pct_p90,aerial_success_pct_p90,tackle_success_pct_p90,xG_p90,xA_p90,CreatedOwnShot_p90,Total Carries_p90,Total Carry xT_p90,Total Final Third Carries_p90,passes_into_final_third_p90,progressive_passes_p90,xT_pass_p90,forward_passes_p90,Pos.,total accurate back zone pass_TotalPR,total accurate fwd zone pass_TotalPR,total accurate long balls_TotalPR,total accurate pass_TotalPR,total att assist_TotalPR,total big chances saved_TotalPR,total contest_TotalPR,total dribbles attempted_TotalPR,total duels won_TotalPR,total effective clearance_TotalPR,total won contest_TotalPR,total aerial won_TotalPR,total assists_TotalPR,total attempt_TotalPR,total attempts ibox_TotalPR,total attempts obox_TotalPR,total blocked scoring att_TotalPR,total goals_TotalPR,total interception_TotalPR,total ontarget attempt_TotalPR,total touches in opposition box_TotalPR,total was fouled_TotalPR,total accurate cross_TotalPR,total won tackle_TotalPR,total direct setpiece goals_TotalPR,pass_success_pct_TotalPR,long_balls_success_pct_TotalPR,cross_success_pct_TotalPR,dribble_success_pct_TotalPR,attempt_success_pct_TotalPR,duel_success_pct_TotalPR,aerial_success_pct_TotalPR,tackle_success_pct_TotalPR,xG_TotalPR,xA_TotalPR,CreatedOwnShot_TotalPR,Total Carries_TotalPR,Total Carry xT_TotalPR,Total Final Third Carries_TotalPR,passes_into_final_third_TotalPR,progressive_passes_TotalPR,xT_pass_TotalPR,forward_passes_TotalPR,total accurate back zone pass_p90PR,total accurate fwd zone pass_p90PR,total accurate long balls_p90PR,total accurate pass_p90PR,total att assist_p90PR,total big chances saved_p90PR,total contest_p90PR,total dribbles attempted_p90PR,total duels won_p90PR,total effective clearance_p90PR,total won contest_p90PR,total aerial won_p90PR,total assists_p90PR,total attempt_p90PR,total attempts ibox_p90PR,total attempts obox_p90PR,total blocked scoring att_p90PR,total goals_p90PR,total interception_p90PR,total ontarget attempt_p90PR,total touches in opposition box_p90PR,total was fouled_p90PR,total accurate cross_p90PR,total won tackle_p90PR,total direct setpiece goals_p90PR,pass_success_pct_p90PR,long_balls_success_pct_p90PR,cross_success_pct_p90PR,dribble_success_pct_p90PR,attempt_success_pct_p90PR,duel_success_pct_p90PR,aerial_success_pct_p90PR,tackle_success_pct_p90PR,xG_p90PR,xA_p90PR,CreatedOwnShot_p90PR,Total Carries_p90PR,Total Carry xT_p90PR,Total Final Third Carries_p90PR,passes_into_final_third_p90PR,progressive_passes_p90PR,xT_pass_p90PR,forward_passes_p90PR,League
Köln,8q1ul09cygzswb7tb456bmifv,3jruai7zu28e8f0ooj4t16l05,L. Lochoshvili,Luka Lochoshvili,28,Defender,Georgia,Defender,158.0,71.0,4.0,229.0,1.0,0.0,2.0,2.0,15.0,23.0,360.0,1.0,11.0,0.0,5.0,5.0,0.0,1.0,0.0,1.0,0.0,9.0,2.0,0.0,1.0,0.0,92.71,25.0,0.0,50.0,0.0,53.57,61.11,100.0,0.6956124939196415,0.0299205811480454,0.0,1.0,0.01870347,0.0,6.0,10.0,0.19245419,143.0,39.5,17.75,1.0,57.25,0.25,0.0,0.5,0.5,3.75,5.75,0.25,2.75,0.0,1.25,1.25,0.0,0.25,0.0,0.25,0.0,2.25,0.5,0.0,0.25,0.0,92.71,25.0,0.0,50.0,0.0,53.57,61.11,100.0,0.1739031234799103,0.0074801452870113,0.0,0.25,0.0046758675,0.0,1.5,2.5,0.0481135475,35.75,CB,90,53,17,73,50,48,75,75,33,47,65,57,42,87,87,38,67,42,7,33,83,47,45,13,50,90,10,45,55,33,37,60,90,87,40,38,40,37,22,33,40,27,67,87,53,7,70,38,48,75,75,28,43,58,52,42,82,82,38,58,42,5,33,83,43,45,7,50,90,10,45,55,33,37,60,90,87,40,38,35,33,22,33,40,27,67,Bundesliga
Köln,8q1ul09cygzswb7tb456bmifv,42rwtl17m029bdkerhfixiolw,M. Moore,Mikey Moore,19,Attacker,England,Striker,11.0,38.0,1.0,49.0,2.0,0.0,13.0,15.0,10.0,1.0,209.0,7.0,1.0,0.0,8.0,3.0,5.0,0.0,0.0,2.0,4.0,14.0,1.0,0.0,1.0,0.0,80.33,50.0,0.0,53.85,50.0,43.48,25.0,100.0,0.6266706588183778,0.2710509739769852,5.0,9.0,0.25061585,4.0,1.0,3.0,0.2781435599999999,15.0,4.7368421052631575,16.363636363636363,0.4306220095693779,21.10047846889952,0.8612440191387559,0.0,5.598086124401913,6.45933014354067,4.30622009569378,0.4306220095693779,3.014354066985646,0.4306220095693779,0.0,3.444976076555024,1.2918660287081338,2.15311004784689,0.0,0.0,0.8612440191387559,1.7224880382775118,6.028708133971292,0.4306220095693779,0.0,0.4306220095693779,0.0,80.33,50.0,0.0,53.85,50.0,43.48,25.0,100.0,0.2698581784385359,0.1167205151097065,2.15311004784689,3.8755980861244015,0.1079207009569377,1.7224880382775118,0.4306220095693779,1.2918660287081338,0.1197747387559808,6.45933014354067,LW,18,36,36,27,23,55,73,73,14,50,82,36,32,50,18,86,14,18,82,82,36,9,27,18,55,55,64,27,73,77,55,36,86,45,36,86,73,55,73,14,32,36,18,27,73,45,55,36,55,73,73,45,55,82,55,32,82,45,91,14,18,82,100,64,9,27,27,55,55,64,27,73,77,55,36,86,73,55,100,82,82,91,18,36,36,45,Bundesliga
Köln,8q1ul09cygzswb7tb456bmifv,512mx8ixg85cbefyan94g82y1,G. Mensah,Gideon Mensah,28,Defender,Ghana,Defender,75.0,93.0,8.0,165.0,2.0,0.0,8.0,8.0,10.0,7.0,334.0,2.0,2.0,0.0,4.0,0.0,4.0,2.0,0.0,6.0,0.0,0.0,2.0,3.0,2.0,0.0,89.19,61.54,23.08,25.0,0.0,37.04,0.0,50.0,0.4977617514321093,0.2265781055004916,3.0,12.0,0.22615737,4.0,21.0,27.0,0.66686471,74.0,20.20958083832335,25.05988023952096,2.155688622754491,44.461077844311376,0.5389221556886228,0.0,2.155688622754491,2.155688622754491,2.694610778443113,1.8862275449101795,0.5389221556886228,0.5389221556886228,0.0,1.0778443113772456,0.0,1.0778443113772456,0.5389221556886228,0.0,1.616766467065868,0.0,0.0,0.5389221556886228,0.8083832335329341,0.5389221556886228,0.0,89.19,61.54,23.08,25.0,0.0,37.04,0.0,50.0,0.1341274180505683,0.0610539805240845,0.8083832335329341,3.2335329341317363,0.0609406086826347,1.0778443113772456,5.658682634730539,7.275449101796407,0.1796940835329341,19.940119760479043,LB/LCB,70,80,95,70,35,50,88,85,15,28,72,22,32,78,12,98,80,40,72,22,5,35,78,18,52,85,95,72,42,22,15,8,32,90,45,98,80,75,72,90,95,70,65,65,75,85,65,40,50,90,90,15,20,75,20,32,70,12,95,85,40,70,22,5,30,80,15,52,85,95,72,42,22,15,8,32,75,45,95,75,75,70,85,95,65,60,Bundesliga
Köln,8q1ul09cygzswb7tb456bmifv,7dayrhr0c60zbc1b6lig8pm8l,A. Castro-Montes,Alessio Castro-Montes,29,Midfielder,Belgium,Midfielder,32.0,52.0,5.0,79.0,4.0,0.0,5.0,5.0,16.0,8.0,311.0,3.0,3.0,0.0,0.0,0.0,0.0,0.0,0.0,4.0,0.0,6.0,1.0,5.0,7.0,0.0,72.48,35.71,22.73,60.0,0.0,64.0,42.86,77.78,0.0,0.4736795273657448,0.0,14.0,0.3464208900000001,8.0,5.0,10.0,0.4487122699999999,43.0,9.260450160771704,15.048231511254018,1.4469453376205788,22.861736334405144,1.157556270096463,0.0,1.4469453376205788,1.4469453376205788,4.630225080385852,2.315112540192926,0.8681672025723473,0.8681672025723473,0.0,0.0,0.0,0.0,0.0,0.0,1.157556270096463,0.0,1.7363344051446945,0.2893890675241157,1.4469453376205788,2.02572347266881,0.0,72.48,35.71,22.73,60.0,0.0,64.0,42.86,77.78,0.0,0.1370776767296367,0.0,4.05144694533762,0.1002504183279743,2.315112540192926,1.4469453376205788,2.893890675241157,0.1298524254019292,12.443729903536976,RM/RCM,75,88,94,75,44,56,44,44,62,75,56,56,38,12,19,25,25,44,88,19,56,25,62,88,56,25,50,25,88,19,100,62,75,12,62,25,88,88,100,50,81,50,75,75,50,100,50,25,56,38,38,50,75,50,50,38,12,19,25,25,44,88,19,38,12,50,88,56,25,50,25,88,19,100,62,75,12,50,25,88,75,100,50,62,50,62,Bundesliga
Köln,8q1ul09cygzswb7tb456bmifv,bwhn9ve3o3jh21a4vuyjmzbbo,J. Simpson-Pusey,Jahmai Simpson-Pusey,20,Defender,England,Defender,131.0,82.0,10.0,213.0,0.0,0.0,6.0,6.0,23.0,26.0,360.0,4.0,10.0,0.0,0.0,0.0,0.0,0.0,0.0,5.0,0.0,0.0,5.0,0.0,3.0,0.0,87.65,41.67,0.0,66.67,0.0,65.71,55.56,75.0,0.0,0.0,0.0,0.0,0.0,0.0,0.0,0.0,0.0,0.0,32.75,20.5,2.5,53.25,0.0,0.0,1.5,1.5,5.75,6.5,1.0,2.5,0.0,0.0,0.0,0.0,0.0,0.0,1.25,0.0,0.0,1.25,0.0,0.75,0.0,87.65,41.67,0.0,66.67,0.0,65.71,55.56,75.0,0.0,0.0,0.0,0.0,0.0,0.0,0.0,0.0,0.0,0.0,CB,50,65,53,63,13,48,100,100,68,55,100,47,42,8,15,38,25,42,52,33,10,92,45,55,50,43,43,45,68,33,77,43,62,8,20,38,17,17,22,8,10,8,8,50,60,48,53,13,48,100,100,63,55,100,45,42,8,15,38,25,42,38,33,10,87,45,47,50,43,43,45,68,33,77,43,62,8,20,38,17,17,22,8,10,8,8,Bundesliga
Köln,8q1ul09cygzswb7tb456bmifv,cnf7quyillyf560nh14taliw9,L. Maina,Linton Maina,27,Midfielder,Germany,Midfielder,23.0,48.0,1.0,68.0,6.0,0.0,2.0,2.0,10.0,2.0,246.0,2.0,0.0,1.0,4.0,3.0,1.0,3.0,1.0,1.0,1.0,5.0,7.0,3.0,1.0,0.0,89.47,50.0,37.5,100.0,25.0,71.43,0.0,100.0,0.2201941080255779,0.6644171738979849,3.0,9.0,0.26005308,5.0,6.0,13.0,0.41018916,32.0,8.414634146341463,17.5609756097561,0.3658536585365853,24.87804878048781,2.1951219512195124,0.0,0.7317073170731707,0.7317073170731707,3.658536585365854,0.7317073170731707,0.7317073170731707,0.0,0.3658536585365853,1.4634146341463414,1.0975609756097562,0.3658536585365853,1.0975609756097562,0.3658536585365853,0.3658536585365853,0.3658536585365853,1.829268292682927,2.5609756097560976,1.0975609756097562,0.3658536585365853,0.0,89.47,50.0,37.5,100.0,25.0,71.43,0.0,100.0,0.0805588200093577,0.2430794538651164,1.0975609756097562,3.292682926829268,0.0951413707317073,1.829268292682927,2.1951219512195124,4.7560975609756095,0.1500692048780487,11.707317073170731,CM/AM,22,26,11,24,56,52,39,35,22,24,50,9,74,22,44,22,74,69,20,31,22,91,65,20,50,81,57,72,89,39,96,11,89,19,67,81,61,63,67,17,61,41,20,30,48,11,37,74,52,44,41,44,33,56,9,78,33,56,33,89,78,26,33,37,96,81,33,50,81,57,72,89,39,96,11,89,22,78,85,74,81,85,26,70,63,30,Bundesliga
Köln,8q1ul09cygzswb7tb456bmifv,dgysidzshgxqm3jegaihwi5wq,T. Krauß,Tom Krauß,25,Midfielder,Germany,Midfielder,70.0,67.0,1.0,136.0,4.0,0.0,3.0,3.0,10.0,10.0,348.0,0.0,2.0,0.0,5.0,5.0,0.0,1.0,0.0,6.0,2.0,8.0,4.0,1.0,2.0,0.0,85.0,14.29,25.0,0.0,40.0,33.33,40.0,50.0,0.5344558570863236,0.2827377089464329,0.0,6.0,0.14755098,1.0,8.0,5.0,0.23230303,66.0,18.103448275862068,17.32758620689655,0.2586206896551724,35.172413793103445,1.0344827586206895,0.0,0.7758620689655172,0.7758620689655172,2.586206896551724,2.586206896551724,0.0,0.5172413793103449,0.0,1.293103448275862,1.293103448275862,0.0,0.2586206896551724,0.0,1.5517241379310345,0.5172413793103449,2.0689655172413794,1.0344827586206895,0.2586206896551724,0.5172413793103449,0.0,85.0,14.29,25.0,0.0,40.0,33.33,40.0,50.0,0.1382213423499112,0.0731218212792498,0.0,1.5517241379310345,0.0381597362068965,0.2586206896551724,2.0689655172413794,1.293103448275862,0.0600783698275862,17.06896551724138,DM/CM,62,55,12,48,74,50,67,67,24,69,21,48,43,74,95,17,57,40,67,86,79,67,64,26,52,38,10,57,21,86,10,45,43,81,62,19,67,71,33,24,26,33,52,38,43,10,24,67,50,67,67,14,67,21,48,43,71,90,17,57,40,57,81,71,67,67,19,52,38,10,57,21,86,10,45,43,76,62,19,62,67,33,19,19,33,38,Bundesliga
Köln,8q1ul09cygzswb7tb456bmifv,ej8pxizgwjx9qjacvc136yusq,Í. Jóhannesson,Ísak Jóhannesson,23,Midfielder,Iceland,Midfielder,30.0,45.0,4.0,73.0,5.0,0.0,0.0,0.0,8.0,3.0,228.0,0.0,0.0,0.0,4.0,2.0,2.0,2.0,0.0,1.0,1.0,6.0,2.0,2.0,5.0,0.0,84.88,66.67,11.76,0.0,25.0,53.33,0.0,83.33,0.2828930969835646,0.532622394519681,2.0,8.0,0.176079,3.0,10.0,12.0,0.30503952,45.0,11.842105263157896,17.763157894736842,1.5789473684210529,28.81578947368421,1.973684210526316,0.0,0.0,0.0,3.1578947368421053,1.1842105263157896,0.0,0.0,0.0,1.5789473684210529,0.7894736842105263,0.7894736842105263,0.7894736842105263,0.0,0.3947368421052631,0.3947368421052631,2.368421052631579,0.7894736842105263,0.7894736842105263,1.973684210526316,0.0,84.88,66.67,11.76,0.0,25.0,53.33,0.0,83.33,0.1116683277566702,0.2102456820472425,0.7894736842105263,3.1578947368421053,0.0695048684210526,1.1842105263157896,3.947368421052632,4.736842105263158,0.1204103368421052,17.763157894736842,CM/AM,37,17,59,37,37,52,7,7,7,44,13,9,33,22,31,46,54,30,20,31,37,19,50,80,50,74,78,30,13,39,63,11,67,22,56,65,46,33,35,46,54,19,41,56,52,74,52,52,52,7,7,26,63,13,9,33,44,37,67,67,30,30,37,52,44,59,96,50,74,78,30,13,39,63,11,67,41,63,78,63,59,56,67,67,30,70,Bundesliga
Köln,8q1ul09cygzswb7tb456bmifv,ojqb7kv87o0cidbckgtg1rdh,E. Skhiri,Ellyes Skhiri,31,Midfielder,Tunisia,Midfielder,59.0,97.0,7.0,154.0,5.0,0.0,1.0,1.0,12.0,5.0,250.0,0.0,5.0,2.0,3.0,3.0,0.0,1.0,0.0,3.0,1.0,5.0,1.0,2.0,2.0,0.0,94.48,70.0,100.0,0.0,33.33,44.44,55.56,33.33,0.4702019991517026,0.4706342229548624,0.0,15.0,0.29518335,2.0,14.0,12.0,0.63949212,96.0,21.24,34.92,2.52,55.440000000000005,1.8,0.0,0.36,0.36,4.32,1.8,0.0,1.8,0.72,1.08,1.08,0.0,0.36,0.0,1.08,0.36,1.8,0.36,0.72,0.72,0.0,94.48,70.0,100.0,0.0,33.33,44.44,55.56,33.33,0.1692727196946129,0.1694283202637504,0.0,5.4,0.106266006,0.72,5.04,4.32,0.2302171632,34.56,DM/CM,36,86,81,76,86,50,31,29,43,43,21,83,98,48,69,17,57,40,29,60,57,17,86,26,52,100,93,98,21,67,29,74,17,76,86,19,100,100,57,64,64,90,76,62,100,90,90,95,50,38,38,57,48,21,95,100,62,76,17,71,40,33,71,62,19,95,33,52,100,93,98,21,67,29,74,17,81,90,19,100,100,62,71,71,90,95,Bundesliga
Union Berlin,a8d2gb2nag8fy0itbuxmcibh2,1vv29mash2uijx542ssjk666t,R. Khedira,Rani Khedira,32,Midfielder,Tunisia,Midfielder,36.0,33.0,3.0,67.0,1.0,0.0,0.0,0.0,17.0,9.0,360.0,0.0,6.0,0.0,0.0,0.0,0.0,0.0,0.0,2.0,0.0,4.0,3.0,2.0,6.0,0.0,68.37,23.08,100.0,0.0,0.0,56.67,66.67,75.0,0.0,0.1218706840640553,0.0,1.0,0.02401521,1.0,6.0,7.0,0.22381868,34.0,9.0,8.25,0.75,16.75,0.25,0.0,0.0,0.0,4.25,2.25,0.0,1.5,0.0,0.0,0.0,0.0,0.0,0.0,0.5,0.0,1.0,0.75,0.5,1.5,0.0,68.37,23.08,100.0,0.0,0.0,56.67,66.67,75.0,0.0,0.0304676710160138,0.0,0.25,0.0060038025,0.25,1.5,1.75,0.05595467,8.5,CM/AM,56,7,46,17,6,52,7,7,72,89,13,87,33,4,9,6,9,30,46,11,11,41,50,89,50,7,11,100,13,11,78,94,59,4,11,7,7,7,11,17,17,4,28,48,4,37,7,4,52,7,7,56,89,13,74,33,4,9,6,9,30,39,11,7,26,41,81,50,7,11,100,13,11,78,94,59,4,11,7,7,7,7,11,7,4,11,Bundesliga
Union Berlin,a8d2gb2nag8fy0itbuxmcibh2,1y77693pn6jwr0t3kel8z2g2x,E. Latte Lath,Emmanuel Latte Lath,27,Attacker,Côte d'Ivoire,Striker,2.0,13.0,0.0,14.0,0.0,0.0,3.0,3.0,13.0,1.0,245.0,1.0,8.0,0.0,4.0,4.0,0.0,0.0,1.0,1.0,2.0,6.0,2.0,1.0,1.0,0.0,42.42,0.0,100.0,33.33,50.0,43.33,44.44,50.0,0.5854670406040232,0.0,0.0,1.0,0.04066992,0.0,1.0,2.0,0.10159319,6.0,0.7346938775510203,4.775510204081632,0.0,5.142857142857142,0.0,0.0,1.1020408163265305,1.1020408163265305,4.775510204081632,0.3673469387755101,0.3673469387755101,2.9387755102040813,0.0,1.469387755102041,1.469387755102041,0.0,0.0,0.3673469387755101,0.3673469387755101,0.7346938775510203,2.204081632653061,0.7346938775510203,0.3673469387755101,0.3673469387755101,0.0,42.42,0.0,100.0,33.33,50.0,43.33,44.44,50.0,0.2150695251198452,0.0,0.0,0.3673469387755101,0.0149399706122448,0.0,0.3673469387755101,0.7346938775510203,0.0373199473469387,2.204081632653061,LW,9,9,14,9,9,55,14,14,41,50,18,100,32,18,36,18,14,59,55,23,18,27,64,18,55,9,14,95,36,77,45,64,23,36,9,9,9,9,18,14,14,9,9,9,9,14,9,9,55,18,18,73,45,18,100,32,18,55,18,14,82,73,27,18,36,73,18,55,9,14,95,36,77,45,64,23,55,9,9,9,9,18,9,18,9,9,Bundesliga
Union Berlin,a8d2gb2nag8fy0itbuxmcibh2,3j2pv0methgc8k8rtqbi079p1,F. Uduokhai,Felix Uduokhai,29,Defender,Germany,Defender,96.0,36.0,11.0,132.0,1.0,0.0,0.0,0.0,23.0,28.0,270.0,0.0,12.0,0.0,2.0,2.0,0.0,1.0,0.0,2.0,0.0,3.0,5.0,0.0,3.0,0.0,77.65,39.29,0.0,0.0,0.0,60.53,60.0,50.0,0.2628166331184286,0.0,0.0,1.0,0.02385149,1.0,12.0,12.0,0.25834298,86.0,32.0,12.0,3.6666666666666665,44.0,0.3333333333333333,0.0,0.0,0.0,7.666666666666667,9.333333333333334,0.0,4.0,0.0,0.6666666666666666,0.6666666666666666,0.0,0.3333333333333333,0.0,0.6666666666666666,0.0,1.0,1.6666666666666667,0.0,1.0,0.0,77.65,39.29,0.0,0.0,0.0,60.53,60.0,50.0,0.0876055443728095,0.0,0.0,0.3333333333333333,0.0079504966666666,0.3333333333333333,4.0,4.0,0.0861143266666666,28.666666666666668,CB,22,15,67,20,50,48,22,22,68,67,23,68,42,47,62,38,67,42,13,33,37,92,45,55,50,7,33,45,23,33,57,53,18,57,20,38,40,42,50,53,50,47,30,43,30,77,33,70,48,22,22,90,87,23,80,42,53,70,38,83,42,13,33,43,97,45,65,50,7,33,45,23,33,57,53,18,67,20,38,47,43,57,62,58,50,53,Bundesliga
Union Berlin,a8d2gb2nag8fy0itbuxmcibh2,4rtps64cca8vrscv80bgyvjf8,T. Rothe,Tom Rothe,21,Defender,Germany,Defender,49.0,59.0,1.0,107.0,3.0,2.0,6.0,6.0,25.0,13.0,360.0,1.0,9.0,1.0,5.0,5.0,0.0,1.0,0.0,5.0,3.0,10.0,3.0,1.0,10.0,0.0,69.93,5.56,12.5,16.67,60.0,52.08,60.0,83.33,0.5881323419760812,0.3848203101048255,0.0,2.0,0.0359572499999999,2.0,11.0,11.0,0.64121473,62.0,12.25,14.75,0.25,26.75,0.75,0.5,1.5,1.5,6.25,3.25,0.25,2.25,0.25,1.25,1.25,0.0,0.25,0.0,1.25,0.75,2.5,0.75,0.25,2.5,0.0,69.93,5.56,12.5,16.67,60.0,52.08,60.0,83.33,0.1470330854940203,0.0962050775262063,0.0,0.5,0.0089893124999999,0.5,2.75,2.75,0.1603036825,15.5,LB/LCB,40,45,8,40,62,100,75,75,80,72,48,90,72,98,100,18,55,40,60,98,80,60,45,95,52,20,5,30,30,90,35,70,90,95,70,22,25,20,38,45,55,65,40,40,45,5,40,55,100,75,70,72,68,38,90,68,75,100,18,50,40,55,98,65,50,32,90,52,20,5,30,30,90,35,70,90,90,70,22,15,15,35,45,52,60,40,Bundesliga
Union Berlin,a8d2gb2nag8fy0itbuxmcibh2,64vve6gzn5mwodos6ynufwa5m,A. Kemlein,Aljoscha Kemlein,22,Midfielder,Germany,Midfielder,48.0,38.0,3.0,86.0,1.0,0.0,4.0,4.0,9.0,13.0,213.0,2.0,4.0,0.0,0.0,0.0,0.0,0.0,0.0,1.0,0.0,1.0,0.0,0.0,2.0,0.0,77.48,33.33,0.0,50.0,0.0,50.0,66.67,66.67,0.0,0.0,0.0,0.0,0.0,0.0,0.0,0.0,0.0,0.0,20.281690140845072,16.056338028169012,1.267605633802817,36.33802816901408,0.4225352112676056,0.0,1.6901408450704225,1.6901408450704225,3.8028169014084505,5.492957746478873,0.8450704225352113,1.6901408450704225,0.0,0.0,0.0,0.0,0.0,0.0,0.4225352112676056,0.0,0.4225352112676056,0.0,0.0,0.8450704225352113,0.0,77.48,33.33,0.0,50.0,0.0,50.0,66.67,66.67,0.0,0.0,0.0,0.0,0.0,0.0,0.0,0.0,0.0,0.0,DM/CM,21,10,29,14,19,50,81,81,19,95,83,69,43,7,17,17,21,40,14,24,21,7,29,26,52,10,24,29,74,24,40,90,86,10,10,19,7,7,10,7,7,7,7,52,29,48,33,24,50,90,90,43,95,90,90,43,7,17,17,21,40,14,24,29,7,29,48,52,10,24,29,74,24,40,90,86,10,10,19,7,7,10,7,7,7,7,Bundesliga
Union Berlin,a8d2gb2nag8fy0itbuxmcibh2,92wxhgs6ts4tl5bv3heso90fe,L. Querfeld,Leopold Querfeld,22,Defender,Austria,Defender,85.0,37.0,15.0,122.0,4.0,0.0,0.0,0.0,22.0,29.0,270.0,0.0,14.0,1.0,3.0,3.0,0.0,2.0,1.0,5.0,1.0,15.0,1.0,0.0,4.0,0.0,79.22,46.88,0.0,0.0,33.33,52.38,51.85,57.14,0.3561439933822234,0.0,0.0,3.0,0.06759612,2.0,12.0,13.0,0.3598387099999999,75.0,28.33333333333333,12.333333333333334,5.0,40.66666666666666,1.3333333333333333,0.0,0.0,0.0,7.333333333333333,9.666666666666666,0.0,4.666666666666667,0.3333333333333333,1.0,1.0,0.0,0.6666666666666666,0.3333333333333333,1.6666666666666667,0.3333333333333333,5.0,0.3333333333333333,0.0,1.3333333333333333,0.0,79.22,46.88,0.0,0.0,33.33,52.38,51.85,57.14,0.1187146644607411,0.0,0.0,1.0,0.02253204,0.6666666666666666,4.0,4.333333333333333,0.1199462366666666,25.0,CB,17,22,92,17,93,48,22,22,63,72,23,78,90,65,75,38,93,92,52,73,100,28,45,70,50,13,52,45,23,77,33,33,33,73,20,38,58,60,67,53,57,53,23,23,33,100,23,97,48,22,22,83,90,23,87,97,73,77,38,100,100,67,80,100,33,45,77,50,13,52,45,23,77,33,33,33,73,20,38,63,67,73,62,67,77,40,Bundesliga
Union Berlin,a8d2gb2nag8fy0itbuxmcibh2,9kxuwgequrilkom3ru6sdxall,J. Juranović,Josip Juranovic,31,Defender,Croatia,Defender,28.0,57.0,9.0,77.0,9.0,0.0,0.0,0.0,7.0,5.0,254.0,0.0,1.0,2.0,4.0,0.0,4.0,2.0,0.0,4.0,2.0,0.0,0.0,8.0,6.0,0.0,66.96,36.0,26.67,0.0,50.0,63.64,33.33,100.0,0.2581784873621894,0.9917208611049774,3.0,2.0,0.04565085,2.0,8.0,11.0,0.29637055,37.0,9.921259842519683,20.196850393700785,3.188976377952756,27.283464566929133,3.188976377952756,0.0,0.0,0.0,2.4803149606299213,1.7716535433070866,0.0,0.3543307086614173,0.7086614173228346,1.4173228346456692,0.0,1.4173228346456692,0.7086614173228346,0.0,1.4173228346456692,0.7086614173228346,0.0,0.0,2.8346456692913384,2.125984251968504,0.0,66.96,36.0,26.67,0.0,50.0,63.64,33.33,100.0,0.0914805663881773,0.3513971555096376,1.062992125984252,0.7086614173228346,0.016175498031496,0.7086614173228346,2.8346456692913384,3.8976377952755903,0.105013187007874,13.11023622047244,RB/RCB,5,57,81,14,95,52,10,7,10,24,12,31,98,79,17,100,93,45,55,90,10,7,98,69,52,5,43,55,12,83,62,33,93,67,86,100,19,19,60,60,71,29,43,24,71,95,33,100,52,10,7,10,29,12,38,100,86,17,100,100,45,71,95,10,7,100,71,52,5,43,55,12,83,62,33,93,76,100,100,19,19,71,76,81,38,52,Bundesliga
Union Berlin,a8d2gb2nag8fy0itbuxmcibh2,arjwwth6yazptr851wu2u6e0a,Jeong Woo-Yeong,Woo-yeong Jeong,27,Midfielder,Korea Republic,Midfielder,16.0,43.0,1.0,55.0,4.0,0.0,6.0,6.0,14.0,2.0,205.0,3.0,6.0,0.0,6.0,6.0,0.0,2.0,0.0,1.0,1.0,9.0,4.0,4.0,1.0,0.0,78.57,100.0,44.44,50.0,16.67,53.85,75.0,100.0,0.4704636622458474,0.4029706970465247,0.0,9.0,0.24774652,3.0,8.0,6.0,0.64956553,35.0,7.024390243902439,18.87804878048781,0.4390243902439024,24.14634146341464,1.7560975609756098,0.0,2.6341463414634148,2.6341463414634148,6.146341463414634,0.8780487804878049,1.3170731707317074,2.6341463414634148,0.0,2.6341463414634148,2.6341463414634148,0.0,0.8780487804878049,0.0,0.4390243902439024,0.4390243902439024,3.951219512195122,1.7560975609756098,1.7560975609756098,0.4390243902439024,0.0,78.57,100.0,44.44,50.0,16.67,53.85,75.0,100.0,0.2065450224493964,0.1769139645570108,0.0,3.951219512195122,0.1087667648780487,1.3170731707317074,3.5121951219512195,2.6341463414634148,0.2851751107317073,15.365853658536588,RM/RCM,12,38,25,25,44,56,69,69,50,31,56,94,38,88,88,25,75,44,38,56,88,62,50,19,56,62,94,62,69,38,62,100,94,88,50,25,75,75,62,88,25,62,62,12,88,38,88,62,56,75,75,62,38,62,100,38,88,88,25,75,44,62,75,88,75,62,25,56,62,94,62,69,38,62,100,94,88,62,25,75,88,75,88,50,75,88,Bundesliga
Union Berlin,a8d2gb2nag8fy0itbuxmcibh2,avg54tzd7cxjld09569czfgus,M. Ljubičić,Marin Ljubicic,24,Attacker,Croatia,Striker,10.0,11.0,0.0,21.0,1.0,0.0,3.0,3.0,8.0,0.0,217.0,2.0,3.0,0.0,4.0,3.0,1.0,1.0,0.0,0.0,2.0,5.0,2.0,0.0,0.0,0.0,65.62,0.0,0.0,66.67,50.0,30.77,23.08,0.0,0.4301647850129437,0.0737519215218088,2.0,4.0,0.0988070899999999,0.0,1.0,1.0,0.14774955,8.0,4.147465437788019,4.56221198156682,0.0,8.70967741935484,0.4147465437788019,0.0,1.2442396313364057,1.2442396313364057,3.317972350230415,0.0,0.8294930875576038,1.2442396313364057,0.0,1.6589861751152075,1.2442396313364057,0.4147465437788019,0.4147465437788019,0.0,0.0,0.8294930875576038,2.0737327188940093,0.8294930875576038,0.0,0.0,0.0,65.62,0.0,0.0,66.67,50.0,30.77,23.08,0.0,0.1784093578394697,0.0305883545482156,0.8294930875576038,1.6589861751152075,0.0409798990783409,0.0,0.4147465437788019,0.4147465437788019,0.0612786152073732,3.317972350230415,ST,26,10,19,10,7,52,40,38,17,7,55,31,36,12,14,38,24,19,26,31,5,31,45,26,52,38,19,45,83,71,19,38,26,14,5,67,71,57,17,12,7,33,10,38,14,19,14,5,52,43,43,24,7,62,29,36,19,19,38,24,19,26,33,5,33,45,26,52,38,19,45,83,71,19,38,26,14,5,67,86,57,17,10,10,57,14,Bundesliga
Union Berlin,a8d2gb2nag8fy0itbuxmcibh2,bpfg11qh1q0zj2x6sqd3srvmx,M. Aebischer,Michel Aebischer,29,Midfielder,Switzerland,Midfielder,35.0,24.0,1.0,58.0,4.0,0.0,1.0,2.0,12.0,2.0,299.0,0.0,4.0,0.0,5.0,4.0,1.0,4.0,0.0,1.0,0.0,8.0,1.0,1.0,5.0,0.0,76.32,20.0,16.67,0.0,0.0,41.38,33.33,71.43,0.426345695517185,0.2805819048647447,1.0,1.0,0.01685596,0.0,2.0,4.0,0.17368348,29.0,10.535117056856189,7.224080267558528,0.3010033444816053,17.45819397993311,1.2040133779264213,0.0,0.3010033444816053,0.6020066889632106,3.612040133779264,0.6020066889632106,0.0,1.2040133779264213,0.0,1.5050167224080266,1.2040133779264213,0.3010033444816053,1.2040133779264213,0.0,0.3010033444816053,0.0,2.4080267558528425,0.3010033444816053,0.3010033444816053,1.5050167224080266,0.0,76.32,20.0,16.67,0.0,0.0,41.38,33.33,71.43,0.1283314802560088,0.0844560917653077,0.3010033444816053,0.3010033444816053,0.0050737003344481,0.0,0.6020066889632106,1.2040133779264213,0.052279308361204,8.729096989966555,RM/RCM,88,25,25,38,44,56,12,19,31,31,19,75,38,75,75,56,100,44,38,19,75,25,19,62,56,50,25,12,19,19,12,50,62,75,25,50,12,12,25,12,12,12,31,88,12,12,25,38,56,12,25,25,25,19,75,38,62,75,50,100,44,12,19,75,25,12,62,56,50,25,12,19,19,12,50,62,75,25,50,12,12,25,12,12,12,25,Bundesliga
Mainz 05,1c7qokc1j5z50cjj4tcu32haa,1po7tmdv73zfjentt0p20wdlh,S. Posch,Stefan Posch,29,Defender,Austria,Defender,77.0,62.0,9.0,138.0,1.0,0.0,2.0,2.0,18.0,8.0,268.0,2.0,4.0,0.0,2.0,1.0,1.0,0.0,0.0,4.0,1.0,1.0,5.0,1.0,4.0,0.0,87.34,56.25,25.0,100.0,50.0,64.29,44.44,57.14,0.1344478522857378,0.0850563741612302,1.0,0.0,0.0,2.0,12.0,16.0,0.3387201299999999,74.0,25.85820895522388,20.82089552238806,3.0223880597014925,46.34328358208955,0.335820895522388,0.0,0.6716417910447761,0.6716417910447761,6.044776119402985,2.686567164179104,0.6716417910447761,1.343283582089552,0.0,0.6716417910447761,0.335820895522388,0.335820895522388,0.0,0.0,1.343283582089552,0.335820895522388,0.335820895522388,1.67910447761194,0.335820895522388,1.343283582089552,0.0,87.34,56.25,25.0,100.0,50.0,64.29,44.44,57.14,0.0451503981556582,0.0285637077407116,0.335820895522388,0.0,0.0,0.6716417910447761,4.029850746268656,5.3731343283582085,0.1137492973880596,24.85074626865672,RB/RCB,76,76,81,71,26,52,38,33,57,43,52,55,33,48,40,67,31,45,55,67,21,74,43,48,52,76,90,48,90,83,67,45,38,38,24,69,10,10,60,88,86,43,76,81,76,90,86,19,52,43,33,71,52,57,62,33,57,48,71,31,45,62,71,24,81,48,57,52,76,90,48,90,83,67,45,38,43,24,81,10,10,67,90,86,52,95,Bundesliga
Mainz 05,1c7qokc1j5z50cjj4tcu32haa,5w7ztsau360j3zd1aai33d4b8,K. Potulski,Kacper Potulski,18,Defender,Poland,Defender,108.0,64.0,3.0,172.0,1.0,0.0,4.0,4.0,21.0,15.0,280.0,1.0,11.0,0.0,3.0,3.0,0.0,0.0,0.0,3.0,0.0,4.0,1.0,0.0,3.0,0.0,91.49,37.5,0.0,25.0,0.0,51.22,61.11,37.5,0.4575234450296116,0.0,0.0,2.0,0.03805479,1.0,12.0,8.0,0.23411375,88.0,34.714285714285715,20.57142857142857,0.9642857142857144,55.285714285714285,0.3214285714285714,0.0,1.2857142857142856,1.2857142857142856,6.75,4.821428571428571,0.3214285714285714,3.5357142857142856,0.0,0.9642857142857144,0.9642857142857144,0.0,0.0,0.0,0.9642857142857144,0.0,1.2857142857142856,0.3214285714285714,0.0,0.9642857142857144,0.0,91.49,37.5,0.0,25.0,0.0,51.22,61.11,37.5,0.1470611073309466,0.0,0.0,0.6428571428571428,0.0122318967857142,0.3214285714285714,3.857142857142857,2.571428571428571,0.0752508482142857,28.285714285714285,LB/LCB,100,50,35,80,15,50,62,60,65,85,48,95,32,50,82,18,22,40,35,22,30,18,15,38,52,100,48,15,42,22,25,75,15,80,10,22,25,28,20,50,25,30,80,100,65,35,95,15,50,65,60,85,85,60,95,32,55,75,18,22,40,35,22,40,20,15,40,52,100,48,15,42,22,25,75,15,95,10,22,25,25,15,60,45,30,80,Bundesliga
Mainz 05,1c7qokc1j5z50cjj4tcu32haa,6dtp194pewnyuhwkxcn2xpf8q,K. Sano,Kaishu Sano,25,Midfielder,Japan,Midfielder,59.0,110.0,4.0,168.0,7.0,0.0,7.0,7.0,15.0,3.0,358.0,1.0,2.0,2.0,4.0,1.0,3.0,1.0,0.0,15.0,0.0,12.0,6.0,1.0,3.0,0.0,91.3,57.14,100.0,14.29,0.0,44.12,40.0,50.0,0.3168581102288982,0.6067248386921114,3.0,4.0,0.0798828,2.0,21.0,19.0,0.7096614699999999,113.0,14.832402234636872,27.6536312849162,1.005586592178771,42.23463687150838,1.759776536312849,0.0,1.759776536312849,1.759776536312849,3.770949720670391,0.7541899441340782,0.2513966480446927,0.5027932960893855,0.5027932960893855,1.005586592178771,0.2513966480446927,0.7541899441340782,0.2513966480446927,0.0,3.770949720670391,0.0,3.016759776536313,1.5083798882681565,0.2513966480446927,0.7541899441340782,0.0,91.3,57.14,100.0,14.29,0.0,44.12,40.0,50.0,0.0796570668173207,0.1525285907326536,0.7541899441340782,1.005586592178771,0.0200822681564245,0.5027932960893855,5.279329608938547,4.776536312849162,0.1784065148044692,28.40782122905028,DM/CM,36,95,43,81,100,50,95,95,62,17,57,48,98,62,43,90,57,40,100,24,100,90,64,52,52,90,60,98,43,24,24,45,43,57,100,98,45,38,57,83,93,100,95,24,81,33,67,90,50,95,95,38,14,48,43,95,52,38,86,48,40,100,24,90,86,62,43,52,90,60,98,43,24,24,45,43,57,81,100,38,33,57,81,81,86,81,Bundesliga
Mainz 05,1c7qokc1j5z50cjj4tcu32haa,6u47fsriz3ejlf72hxtsew5bd,A. Caci,Anthony Caci,29,Defender,France,Defender,29.0,66.0,4.0,90.0,5.0,0.0,3.0,3.0,12.0,4.0,281.0,2.0,1.0,1.0,4.0,3.0,1.0,1.0,0.0,5.0,1.0,6.0,2.0,5.0,7.0,0.0,75.63,36.36,50.0,66.67,25.0,48.0,20.0,100.0,0.3771720316439242,0.5581817249403789,0.0,4.0,0.13843568,2.0,12.0,17.0,1.28173062,52.0,9.288256227758009,21.13879003558719,1.2811387900355873,28.82562277580071,1.601423487544484,0.0,0.9608540925266904,0.9608540925266904,3.8434163701067616,1.2811387900355873,0.6405693950177936,0.3202846975088968,0.3202846975088968,1.2811387900355873,0.9608540925266904,0.3202846975088968,0.3202846975088968,0.0,1.601423487544484,0.3202846975088968,1.9217081850533808,0.6405693950177936,1.601423487544484,2.2419928825622777,0.0,75.63,36.36,50.0,66.67,25.0,48.0,20.0,100.0,0.1208024300638903,0.1787770649275235,0.0,1.2811387900355873,0.0443388298932384,0.6405693950177936,3.8434163701067616,5.444839857651245,0.4105187039145908,16.654804270462634,RB/RCB,12,81,33,33,67,52,48,43,24,14,52,31,79,79,83,67,71,45,76,67,55,31,81,76,52,33,48,79,76,57,19,29,93,86,67,29,55,81,60,88,93,100,57,14,81,43,43,67,52,48,48,33,19,52,33,86,81,86,67,81,45,86,67,62,38,81,81,52,33,48,79,76,57,19,29,93,86,67,29,67,76,62,86,90,100,62,Bundesliga
Mainz 05,1c7qokc1j5z50cjj4tcu32haa,7c8ms7bw3fva4xeubax4ep8et,P. Mwene,Phillipp Mwene,32,Defender,Austria,Defender,34.0,46.0,3.0,79.0,3.0,0.0,2.0,2.0,19.0,10.0,344.0,1.0,1.0,1.0,4.0,4.0,0.0,1.0,1.0,2.0,2.0,12.0,8.0,1.0,6.0,0.0,75.96,37.5,14.29,50.0,50.0,61.29,20.0,66.67,0.4604055566685672,0.2691303219676027,0.0,2.0,0.03555943,0.0,13.0,9.0,0.2986718699999999,41.0,8.895348837209301,12.034883720930232,0.7848837209302325,20.66860465116279,0.7848837209302325,0.0,0.5232558139534883,0.5232558139534883,4.970930232558139,2.6162790697674416,0.2616279069767441,0.2616279069767441,0.2616279069767441,1.0465116279069766,1.0465116279069766,0.0,0.2616279069767441,0.2616279069767441,0.5232558139534883,0.5232558139534883,3.13953488372093,2.093023255813953,0.2616279069767441,1.569767441860465,0.0,75.96,37.5,14.29,50.0,50.0,61.29,20.0,66.67,0.12045494215166,0.0704120028403611,0.0,0.5232558139534883,0.009303339244186,0.0,3.4011627906976742,2.3546511627906974,0.0781408962209302,10.726744186046512,LB/LCB,25,30,35,20,62,50,25,22,50,42,48,10,72,78,95,18,55,90,18,88,92,90,45,70,52,40,48,35,78,78,65,15,57,85,65,22,25,15,8,57,40,40,30,20,30,30,20,65,50,25,25,35,35,55,15,80,65,80,18,60,95,10,90,95,90,40,70,52,40,48,35,78,78,65,15,57,70,55,22,20,20,8,55,40,35,30,Bundesliga
Mainz 05,1c7qokc1j5z50cjj4tcu32haa,7w63iqek6hmnizlirurla1cr9,N. Amiri,Nadiem Amiri,29,Midfielder,Germany,Midfielder,55.0,133.0,5.0,176.0,14.0,0.0,11.0,12.0,12.0,2.0,354.0,6.0,0.0,0.0,7.0,4.0,3.0,3.0,0.0,2.0,2.0,14.0,3.0,12.0,2.0,0.0,84.62,41.67,41.38,54.55,28.57,46.15,0.0,66.67,0.534064313711159,1.6558339731639826,1.0,13.0,0.32442707,6.0,26.0,28.0,0.76111013,94.0,13.983050847457628,33.8135593220339,1.2711864406779665,44.74576271186441,3.5593220338983054,0.0,2.796610169491525,3.050847457627119,3.050847457627119,0.5084745762711864,1.5254237288135597,0.0,0.0,1.779661016949153,1.0169491525423728,0.7627118644067797,0.7627118644067797,0.0,0.5084745762711864,0.5084745762711864,3.5593220338983054,0.7627118644067797,3.050847457627119,0.5084745762711864,0.0,84.62,41.67,41.38,54.55,28.57,46.15,0.0,66.67,0.1357790628079218,0.4209747389399956,0.2542372881355932,3.305084745762712,0.0824814584745762,1.5254237288135597,6.610169491525424,7.118644067796611,0.1935025754237288,23.898305084745765,CM/AM,74,89,69,85,100,52,81,87,39,24,87,9,33,65,61,67,74,30,46,52,76,41,98,44,50,67,41,81,63,44,41,11,46,52,100,31,83,81,80,87,89,81,85,74,85,63,85,100,52,81,85,17,15,85,9,33,56,48,59,63,30,46,52,70,31,100,37,50,67,41,81,63,44,41,11,46,44,100,22,78,70,74,85,89,74,85,Bundesliga
Mainz 05,1c7qokc1j5z50cjj4tcu32haa,8gtjbmdgsrf1pwqd4vmtcvcru,F. Gruber,Fabio Gruber,24,Defender,Peru,Defender,111.0,86.0,13.0,197.0,1.0,0.0,3.0,3.0,28.0,31.0,360.0,2.0,15.0,0.0,2.0,2.0,0.0,1.0,0.0,7.0,0.0,7.0,0.0,0.0,6.0,0.0,84.55,39.39,0.0,66.67,0.0,59.57,60.0,54.55,0.2686002630834126,0.0670037361302206,0.0,2.0,0.04320281,1.0,18.0,17.0,0.3951484999999999,150.0,27.75,21.5,3.25,49.25,0.25,0.0,0.75,0.75,7.0,7.75,0.5,3.75,0.0,0.5,0.5,0.0,0.25,0.0,1.75,0.0,1.75,0.0,0.0,1.5,0.0,84.55,39.39,0.0,66.67,0.0,59.57,60.0,54.55,0.0671500657708531,0.0167509340325551,0.0,0.5,0.0108007025,0.25,4.5,4.25,0.0987871249999999,37.5,CB,35,73,75,53,50,48,85,85,87,77,87,83,42,47,62,38,67,42,83,33,72,12,45,87,50,27,37,45,68,33,50,53,30,60,53,38,50,47,50,67,67,57,70,17,67,70,43,38,48,83,83,80,67,87,77,42,42,57,38,58,42,77,33,68,12,45,82,50,27,37,45,68,33,50,53,30,57,53,38,50,47,45,67,63,53,70,Bundesliga
Mainz 05,1c7qokc1j5z50cjj4tcu32haa,bwqqecmqm76v5b83v1cz891p1,Lee Jae-Sung,Jae-Sung Lee,34,Midfielder,Korea Republic,Midfielder,25.0,49.0,2.0,72.0,6.0,0.0,1.0,1.0,10.0,12.0,266.0,1.0,6.0,1.0,4.0,3.0,1.0,1.0,0.0,7.0,0.0,15.0,2.0,2.0,1.0,0.0,75.0,33.33,50.0,100.0,0.0,50.0,54.55,100.0,0.4690411629259455,0.6814959998564686,1.0,0.0,0.0,0.0,4.0,4.0,0.54337296,23.0,8.458646616541353,16.57894736842105,0.6766917293233082,24.360902255639097,2.0300751879699246,0.0,0.3383458646616541,0.3383458646616541,3.3834586466165413,4.060150375939849,0.3383458646616541,2.0300751879699246,0.3383458646616541,1.3533834586466165,1.0150375939849623,0.3383458646616541,0.3383458646616541,0.0,2.3684210526315788,0.0,5.075187969924812,0.6766917293233082,0.6766917293233082,0.3383458646616541,0.0,75.0,33.33,50.0,100.0,0.0,50.0,54.55,100.0,0.1586981378320868,0.2305813533348953,0.3383458646616541,0.0,0.0,0.0,1.3533834586466165,1.3533834586466165,0.1838479939849624,7.781954887218045,CM/AM,28,33,28,33,56,52,22,20,22,96,33,87,74,22,44,22,30,30,98,11,83,19,50,20,50,22,28,89,89,11,56,74,89,48,70,31,4,4,4,4,4,59,4,33,33,33,30,59,52,26,26,37,96,37,89,74,26,44,26,33,30,100,11,85,22,52,26,50,22,28,89,89,11,56,74,89,52,70,44,4,4,4,4,4,70,7,Bundesliga
Mainz 05,1c7qokc1j5z50cjj4tcu32haa,cywgibmici8hwp1ad1nhk3ufp,S. Becker,Sheraldo Becker,31,Attacker,Suriname,Striker,3.0,47.0,0.0,48.0,6.0,0.0,7.0,7.0,11.0,2.0,286.0,3.0,5.0,3.0,13.0,9.0,4.0,3.0,2.0,0.0,6.0,21.0,3.0,2.0,0.0,0.0,76.19,0.0,15.38,42.86,46.15,36.67,55.56,0.0,1.119663882310167,0.5959906274859986,5.0,4.0,0.17431781,3.0,3.0,5.0,0.7930609799999999,18.0,0.944055944055944,14.790209790209792,0.0,15.104895104895103,1.888111888111888,0.0,2.202797202797203,2.202797202797203,3.4615384615384617,0.6293706293706294,0.944055944055944,1.5734265734265735,0.944055944055944,4.090909090909091,2.8321678321678325,1.2587412587412588,0.944055944055944,0.6293706293706294,0.0,1.888111888111888,6.608391608391609,0.944055944055944,0.6293706293706294,0.0,0.0,76.19,0.0,15.38,42.86,46.15,36.67,55.56,0.0,0.352341781146556,0.1875494981599296,1.5734265734265735,1.2587412587412588,0.0548552548951048,0.944055944055944,0.944055944055944,1.5734265734265735,0.249564644055944,5.664335664335665,ST,5,93,19,57,86,52,81,79,45,40,71,60,100,76,62,90,76,55,26,71,67,52,100,26,52,76,19,90,33,62,43,95,26,52,90,93,71,76,90,43,64,100,57,5,100,19,52,95,52,81,81,33,38,76,62,100,81,57,86,76,57,26,81,76,52,100,26,52,76,19,90,33,62,43,95,26,52,95,95,67,81,90,43,62,100,62,Bundesliga
Mainz 05,1c7qokc1j5z50cjj4tcu32haa,dg6vrx8k026l7f8ytbu1xxj9x,P. Tietz,Phillip Tietz,29,Attacker,Germany,Striker,17.0,47.0,3.0,64.0,4.0,0.0,5.0,6.0,30.0,5.0,360.0,3.0,21.0,0.0,16.0,15.0,1.0,3.0,4.0,1.0,7.0,29.0,5.0,0.0,1.0,0.0,62.75,75.0,0.0,60.0,43.75,44.12,50.0,100.0,1.8173569212776777,0.3079894218574246,1.0,3.0,0.30532032,0.0,5.0,7.0,0.13396152,16.0,4.25,11.75,0.75,16.0,1.0,0.0,1.25,1.5,7.5,1.25,0.75,5.25,0.0,4.0,3.75,0.25,0.75,1.0,0.25,1.75,7.25,1.25,0.0,0.25,0.0,62.75,75.0,0.0,60.0,43.75,44.12,50.0,100.0,0.4543392303194194,0.0769973554643561,0.25,0.75,0.07633008,0.0,1.25,1.75,0.03349038,4.0,ST,67,93,69,86,60,52,64,69,95,86,71,100,36,93,98,38,76,95,71,83,100,83,45,64,52,19,69,45,76,52,71,81,83,90,57,36,52,100,17,67,86,29,48,43,67,67,57,38,52,48,62,95,76,57,100,36,76,95,24,52,90,52,67,81,62,45,52,52,19,69,45,76,52,71,81,83,81,48,14,38,100,17,52,76,24,24,Bundesliga
Borussia Dortmund,dt4pinj0vw0t0cvz7za6mhmzy,3uqn1adw8rarez1gpen9vng7p,W. Anton,Waldemar Anton,30,Defender,Germany,Defender,147.0,75.0,10.0,222.0,1.0,0.0,4.0,4.0,19.0,39.0,360.0,1.0,11.0,1.0,1.0,0.0,1.0,0.0,0.0,13.0,0.0,4.0,3.0,0.0,3.0,0.0,89.88,50.0,0.0,25.0,0.0,59.38,73.33,75.0,0.0382940224218983,0.1290811576983994,1.0,0.0,0.0,0.0,5.0,5.0,0.2500826499999999,92.0,36.75,18.75,2.5,55.5,0.25,0.0,1.0,1.0,4.75,9.75,0.25,2.75,0.25,0.25,0.0,0.25,0.0,0.0,3.25,0.0,1.0,0.75,0.0,0.75,0.0,89.88,50.0,0.0,25.0,0.0,59.38,73.33,75.0,0.0095735056054745,0.0322702894245998,0.25,0.0,0.0,0.0,1.25,1.25,0.0625206624999999,23.0,CB,78,57,53,70,50,48,92,90,57,93,65,57,90,27,15,82,25,42,100,33,50,72,45,55,50,63,65,45,47,33,47,87,62,17,83,83,17,17,22,25,27,43,33,72,57,48,67,38,48,92,90,53,93,58,52,88,23,15,80,25,42,100,33,43,63,45,47,50,63,65,45,47,33,47,87,62,17,80,80,17,17,22,23,25,40,23,Bundesliga
Borussia Dortmund,dt4pinj0vw0t0cvz7za6mhmzy,4pmk7ahjm3cym6adkdcixkcno,J. Gadou,Joane Gadou,19,Defender,France,Defender,120.0,80.0,4.0,200.0,0.0,0.0,1.0,1.0,11.0,16.0,333.0,1.0,4.0,0.0,0.0,0.0,0.0,0.0,0.0,2.0,0.0,0.0,0.0,0.0,3.0,0.0,90.5,50.0,0.0,100.0,0.0,64.71,57.14,50.0,0.0,0.0,0.0,0.0,0.0,0.0,0.0,0.0,0.0,0.0,32.43243243243243,21.62162162162162,1.081081081081081,54.05405405405405,0.0,0.0,0.2702702702702702,0.2702702702702702,2.972972972972973,4.324324324324324,0.2702702702702702,1.081081081081081,0.0,0.0,0.0,0.0,0.0,0.0,0.5405405405405405,0.0,0.0,0.0,0.0,0.8108108108108107,0.0,90.5,50.0,0.0,100.0,0.0,64.71,57.14,50.0,0.0,0.0,0.0,0.0,0.0,0.0,0.0,0.0,0.0,0.0,RB/RCB,95,90,33,100,7,52,24,21,19,76,31,55,33,12,17,29,31,45,29,26,10,7,17,36,52,100,76,17,90,26,71,76,24,12,7,29,10,10,12,7,7,7,7,100,86,29,95,7,52,24,19,19,71,29,52,33,12,17,29,31,45,24,26,10,7,17,33,52,100,76,17,90,26,71,76,24,12,7,29,10,10,12,7,7,7,7,Bundesliga
Borussia Dortmund,dt4pinj0vw0t0cvz7za6mhmzy,6384gzzxuxs6pvmrn8qx4d7u1,F. Nmecha,Felix Nmecha,25,Midfielder,Germany,Midfielder,35.0,74.0,7.0,109.0,5.0,0.0,6.0,7.0,17.0,5.0,234.0,3.0,4.0,0.0,6.0,4.0,2.0,1.0,2.0,5.0,3.0,6.0,3.0,0.0,7.0,0.0,90.08,87.5,0.0,50.0,50.0,58.62,50.0,100.0,0.5493077637837921,0.2882346456139564,2.0,6.0,0.12565008,2.0,17.0,12.0,0.3324741299999999,57.0,13.461538461538462,28.46153846153846,2.692307692307692,41.92307692307692,1.923076923076923,0.0,2.3076923076923075,2.692307692307692,6.538461538461538,1.923076923076923,1.1538461538461535,1.5384615384615383,0.0,2.3076923076923075,1.5384615384615383,0.7692307692307692,0.3846153846153846,0.7692307692307692,1.923076923076923,1.1538461538461535,2.3076923076923075,1.1538461538461535,0.0,2.692307692307692,0.0,90.08,87.5,0.0,50.0,50.0,58.62,50.0,100.0,0.21127221683992,0.1108594790822909,0.7692307692307692,2.3076923076923075,0.0483269538461538,0.7692307692307692,6.538461538461538,4.615384615384615,0.1278746653846153,21.923076923076923,CM/AM,48,59,83,52,37,52,70,74,72,76,67,67,33,52,61,46,30,89,80,72,37,41,15,98,50,85,96,15,52,74,85,59,89,56,19,65,22,19,22,76,54,33,59,67,81,89,81,48,52,70,74,100,85,70,78,33,81,78,63,41,96,96,89,48,56,15,100,50,85,96,15,52,74,85,59,89,59,26,74,48,30,22,81,63,48,78,Bundesliga
Borussia Dortmund,dt4pinj0vw0t0cvz7za6mhmzy,bmrdtenqr84jt4gmw6i7wez11,S. Guirassy,Serhou Guirassy,30,Attacker,Guinea,Striker,23.0,49.0,4.0,72.0,7.0,0.0,3.0,3.0,18.0,3.0,341.0,1.0,10.0,2.0,13.0,11.0,2.0,4.0,2.0,0.0,7.0,24.0,7.0,0.0,0.0,0.0,72.73,80.0,0.0,33.33,53.85,40.91,40.0,0.0,1.5838883479155306,0.6073077840156722,5.0,4.0,0.17599561,2.0,2.0,5.0,0.2171108,24.0,6.070381231671554,12.932551319648097,1.0557184750733135,19.00293255131965,1.8475073313783,0.0,0.7917888563049854,0.7917888563049854,4.750733137829912,0.7917888563049854,0.2639296187683284,2.6392961876832843,0.5278592375366569,3.43108504398827,2.903225806451613,0.5278592375366569,1.0557184750733135,0.5278592375366569,0.0,1.8475073313783,6.334310850439883,1.8475073313783,0.0,0.0,0.0,72.73,80.0,0.0,33.33,53.85,40.91,40.0,0.0,0.4180350478369435,0.1602865119102947,1.3196480938416422,1.0557184750733135,0.0464504542521994,0.5278592375366569,0.5278592375366569,1.3196480938416422,0.0573019706744868,6.334310850439883,ST,81,100,79,100,95,52,40,38,86,62,33,79,95,76,86,64,90,55,26,83,81,98,45,26,52,67,76,45,26,81,62,62,26,86,95,93,71,81,74,29,64,67,90,67,86,71,76,90,52,19,19,71,48,19,76,95,57,62,57,86,48,26,76,71,95,45,26,52,67,76,45,26,81,62,62,26,67,86,86,57,67,67,19,48,48,71,Bundesliga
Borussia Dortmund,dt4pinj0vw0t0cvz7za6mhmzy,c9e54hwefvwos94ri459uylbe,D. Svensson,Daniel Svensson,24,Defender,Sweden,Defender,88.0,71.0,6.0,158.0,1.0,0.0,3.0,3.0,26.0,20.0,360.0,1.0,5.0,0.0,1.0,1.0,0.0,1.0,0.0,8.0,0.0,4.0,7.0,1.0,9.0,0.0,89.77,60.0,16.67,33.33,0.0,60.47,35.71,69.23,0.0919391951677407,0.0,0.0,0.0,0.0,2.0,6.0,9.0,0.1923796199999999,34.0,22.0,17.75,1.5,39.5,0.25,0.0,0.75,0.75,6.5,5.0,0.25,1.25,0.0,0.25,0.25,0.0,0.25,0.0,2.0,0.0,1.0,1.75,0.25,2.25,0.0,89.77,60.0,16.67,33.33,0.0,60.47,35.71,69.23,0.0229847987919351,0.0,0.0,0.0,0.0,0.5,1.5,2.25,0.0480949049999999,8.5,LB/LCB,85,65,78,65,15,50,42,38,90,95,48,70,32,10,40,18,55,40,85,22,30,85,45,88,52,95,88,45,60,22,55,20,70,15,10,22,8,8,38,20,40,10,20,75,50,70,55,10,50,35,30,80,90,38,52,32,5,32,18,50,40,78,22,25,85,32,85,52,95,88,45,60,22,55,20,70,15,10,22,8,8,35,20,30,5,10,Bundesliga
Borussia Dortmund,dt4pinj0vw0t0cvz7za6mhmzy,cl6720rdjeubt0bc3su0qg3qh,J. Ryerson,Julian Ryerson,28,Defender,Norway,Defender,32.0,54.0,2.0,78.0,7.0,0.0,8.0,10.0,10.0,4.0,323.0,1.0,2.0,0.0,0.0,0.0,0.0,0.0,0.0,5.0,0.0,8.0,5.0,8.0,2.0,0.0,73.58,25.0,26.67,12.5,0.0,34.48,40.0,100.0,0.0,1.044798473033063,0.0,3.0,0.0793917099999999,3.0,5.0,7.0,1.10164427,30.0,8.91640866873065,15.046439628482972,0.5572755417956656,21.73374613003096,1.9504643962848296,0.0,2.2291021671826625,2.786377708978328,2.786377708978328,1.1145510835913313,0.2786377708978328,0.5572755417956656,0.0,0.0,0.0,0.0,0.0,0.0,1.393188854489164,0.0,2.2291021671826625,1.393188854489164,2.2291021671826625,0.5572755417956656,0.0,73.58,25.0,26.67,12.5,0.0,34.48,40.0,100.0,0.0,0.2911203175633922,0.0,0.8359133126934984,0.0221215291021671,0.8359133126934984,1.393188854489164,1.9504643962848296,0.3069597037151703,8.359133126934983,RB/RCB,19,48,14,19,81,52,86,90,14,14,31,43,33,12,17,29,31,45,76,26,74,74,98,21,52,24,14,55,24,26,10,38,93,12,95,29,31,33,79,31,40,90,21,10,52,14,10,86,52,86,90,14,5,33,43,33,12,17,29,31,45,67,26,67,76,95,19,52,24,14,55,24,26,10,38,93,12,90,29,29,43,81,29,43,90,19,Bundesliga
Borussia Dortmund,dt4pinj0vw0t0cvz7za6mhmzy,dw8cxbn8i288w0rqiemop6qs4,J. Bellingham,Jobe Bellingham,20,Midfielder,England,Midfielder,62.0,61.0,6.0,121.0,5.0,0.0,4.0,4.0,19.0,7.0,298.0,3.0,4.0,1.0,3.0,1.0,2.0,1.0,0.0,9.0,0.0,5.0,3.0,2.0,5.0,0.0,82.31,50.0,40.0,75.0,0.0,70.37,0.0,55.56,0.2519026238380912,0.3288409714046116,0.0,6.0,0.1854707399999999,1.0,14.0,12.0,0.2423938699999999,57.0,18.7248322147651,18.42281879194631,1.812080536912752,36.54362416107383,1.51006711409396,0.0,1.2080536912751678,1.2080536912751678,5.738255033557048,2.114093959731544,0.906040268456376,1.2080536912751678,0.3020134228187919,0.906040268456376,0.3020134228187919,0.6040268456375839,0.3020134228187919,0.0,2.718120805369128,0.0,1.51006711409396,0.906040268456376,0.6040268456375839,1.51006711409396,0.0,82.31,50.0,40.0,75.0,0.0,70.37,0.0,55.56,0.0760779736423765,0.0993143873369632,0.0,1.812080536912752,0.0560146530201342,0.3020134228187919,4.228187919463087,3.624161073825504,0.0732062023489932,17.21476510067114,DM/CM,43,38,69,33,86,50,81,81,76,52,95,69,88,48,43,69,57,40,90,24,57,48,86,79,52,29,40,76,86,24,95,12,57,48,67,19,67,81,33,64,64,43,29,48,48,71,38,86,50,81,81,90,52,95,62,90,48,48,67,62,40,90,24,57,57,86,86,52,29,40,76,86,24,95,12,57,52,71,19,71,86,38,52,57,52,43,Bundesliga
Borussia Dortmund,dt4pinj0vw0t0cvz7za6mhmzy,xuk3qlmk4985hs8ocjjd49ka,M. Beier,Maximilian Beier,23,Attacker,Germany,Striker,21.0,33.0,5.0,54.0,3.0,0.0,3.0,3.0,13.0,5.0,269.0,0.0,2.0,2.0,10.0,10.0,0.0,4.0,1.0,1.0,2.0,22.0,5.0,0.0,3.0,0.0,79.41,50.0,0.0,0.0,20.0,61.9,66.67,50.0,1.179955176435486,0.2827394258736351,1.0,8.0,0.23410979,3.0,2.0,2.0,0.14276306,23.0,7.026022304832714,11.04089219330855,1.6728624535315986,18.066914498141266,1.003717472118959,0.0,1.003717472118959,1.003717472118959,4.349442379182156,1.6728624535315986,0.0,0.6691449814126395,0.6691449814126395,3.345724907063197,3.345724907063197,0.0,1.338289962825279,0.3345724907063197,0.3345724907063197,0.6691449814126395,7.360594795539034,1.6728624535315986,0.0,1.003717472118959,0.0,79.41,50.0,0.0,0.0,20.0,61.9,66.67,50.0,0.3947805423018355,0.0945968339354169,0.3345724907063197,2.676579925650558,0.0783266955390334,1.003717472118959,0.6691449814126395,0.6691449814126395,0.0477645925650557,7.695167286245353,LW,55,27,91,45,45,55,14,14,41,95,9,64,82,73,100,18,86,59,55,23,91,64,27,77,55,45,64,27,9,18,100,77,23,91,45,32,59,45,64,36,14,27,45,64,27,91,36,45,55,9,9,64,100,9,64,91,73,100,18,82,45,64,18,91,64,27,82,55,45,64,27,9,18,100,77,23,91,36,36,64,55,64,36,9,27,64,Bundesliga
Bayer 04 Leverkusen,7ad69ngbpjuyzv96drf8d9sn2,2udtmz4lvh4vil16mxvo0j4l,Aleix García,Aleix García,29,Midfielder,Spain,Midfielder,155.0,203.0,22.0,346.0,13.0,0.0,2.0,2.0,9.0,4.0,360.0,2.0,1.0,0.0,6.0,3.0,3.0,2.0,0.0,6.0,2.0,6.0,1.0,12.0,0.0,0.0,92.02,73.33,34.29,100.0,33.33,56.25,33.33,0.0,0.432583871208392,1.435172292116495,1.0,13.0,0.2845852,4.0,42.0,34.0,0.7985359999999999,204.0,38.75,50.75,5.5,86.5,3.25,0.0,0.5,0.5,2.25,1.0,0.5,0.25,0.0,1.5,0.75,0.75,0.5,0.0,1.5,0.5,1.5,0.25,3.0,0.0,0.0,92.02,73.33,34.29,100.0,33.33,56.25,33.33,0.0,0.108145967802098,0.3587930730291238,0.25,3.25,0.0711463,1.0,10.5,8.5,0.1996339999999999,51.0,CM/AM,100,93,96,100,94,52,39,35,13,61,50,26,33,52,44,67,54,30,91,52,37,6,98,4,50,100,81,59,89,52,74,35,4,44,96,31,83,67,52,96,93,89,100,100,93,96,93,94,52,33,30,7,50,44,19,33,37,33,54,44,30,85,46,26,4,96,4,50,100,81,59,89,52,74,35,4,37,93,17,70,63,37,93,93,81,93,Bundesliga
Bayer 04 Leverkusen,7ad69ngbpjuyzv96drf8d9sn2,4hhwub45239nculr9sowalr10,Afonso Moreira,Afonso Bastardo Moreira,21,Attacker,Portugal,Striker,23.0,58.0,2.0,80.0,3.0,0.0,5.0,6.0,16.0,5.0,340.0,4.0,0.0,0.0,10.0,6.0,4.0,3.0,0.0,1.0,3.0,15.0,7.0,1.0,3.0,0.0,80.81,22.22,11.11,80.0,30.0,39.02,0.0,60.0,0.7072202403375779,0.223431345698389,5.0,17.0,0.43596211,5.0,5.0,11.0,0.5020482900000001,29.0,6.088235294117648,15.352941176470589,0.5294117647058824,21.176470588235293,0.7941176470588236,0.0,1.3235294117647058,1.5882352941176472,4.235294117647059,1.3235294117647058,1.0588235294117647,0.0,0.0,2.647058823529412,1.5882352941176472,1.0588235294117647,0.7941176470588236,0.0,0.2647058823529412,0.7941176470588236,3.9705882352941178,1.8529411764705883,0.2647058823529412,0.7941176470588236,0.0,80.81,22.22,11.11,80.0,30.0,39.02,0.0,60.0,0.1872053577364177,0.059143591508397,1.3235294117647058,4.5,0.115401735,1.3235294117647058,1.3235294117647058,2.911764705882353,0.1328951355882353,7.676470588235294,LW,77,64,59,64,45,55,32,41,68,95,50,9,32,73,73,73,64,18,55,50,45,82,64,77,55,73,36,55,100,41,27,9,45,55,27,86,91,91,86,82,86,64,64,55,55,55,64,27,55,27,36,36,91,55,9,32,55,64,73,64,18,36,45,27,82,55,73,55,73,36,55,100,41,27,9,45,45,27,82,91,91,82,82,82,64,55,Bundesliga
Bayer 04 Leverkusen,7ad69ngbpjuyzv96drf8d9sn2,9x0s8mzjc9ey0q812sn3poums,I. Maza,Ibrahim Maza,20,Midfielder,Algeria,Midfielder,35.0,92.0,6.0,122.0,13.0,0.0,16.0,16.0,19.0,4.0,360.0,9.0,2.0,1.0,17.0,10.0,7.0,4.0,1.0,2.0,2.0,36.0,4.0,5.0,3.0,0.0,72.62,54.55,35.71,56.25,11.76,39.58,40.0,75.0,1.5578419240168877,1.1564682806755815,9.0,18.0,0.70349544,8.0,18.0,16.0,1.3226134399999998,68.0,8.75,23.0,1.5,30.5,3.25,0.0,4.0,4.0,4.75,1.0,2.25,0.5,0.25,4.25,2.5,1.75,1.0,0.25,0.5,0.5,9.0,1.0,1.25,0.75,0.0,72.62,54.55,35.71,56.25,11.76,39.58,40.0,75.0,0.3894604810042219,0.2891170701688954,2.25,4.5,0.17587386,2.0,4.5,4.0,0.3306533599999999,17.0,CM/AM,48,74,76,70,94,52,100,98,85,61,100,41,74,100,100,100,91,69,46,52,100,61,85,63,50,15,67,63,67,30,19,41,59,100,89,100,96,96,93,81,70,100,74,41,63,70,63,94,52,89,89,70,50,100,39,67,100,96,96,81,59,39,46,100,48,85,52,50,15,67,63,67,30,19,41,59,100,85,100,93,89,93,78,56,93,67,Bundesliga
Bayer 04 Leverkusen,7ad69ngbpjuyzv96drf8d9sn2,9ydkbbygq6uocors9kcdnzbop,M. Diaby,Moussa Diaby,27,Attacker,France,Striker,15.0,44.0,3.0,59.0,4.0,0.0,10.0,11.0,8.0,1.0,202.0,5.0,1.0,0.0,9.0,6.0,3.0,3.0,0.0,1.0,1.0,20.0,1.0,0.0,1.0,0.0,84.29,60.0,0.0,50.0,11.11,50.0,0.0,100.0,0.7406634550273112,0.3928877788974591,3.0,14.0,0.49155499,5.0,6.0,10.0,0.451926,23.0,6.683168316831683,19.603960396039604,1.3366336633663367,26.287128712871286,1.7821782178217822,0.0,4.455445544554456,4.900990099009901,3.5643564356435644,0.4455445544554455,2.227722772277228,0.4455445544554455,0.0,4.00990099009901,2.6732673267326734,1.3366336633663367,1.3366336633663367,0.0,0.4455445544554455,0.4455445544554455,8.910891089108912,0.4455445544554455,0.0,0.4455445544554455,0.0,84.29,60.0,0.0,50.0,11.11,50.0,0.0,100.0,0.3299985690715743,0.175049010399858,1.3366336633663367,6.237623762376238,0.219009649009901,2.227722772277228,2.6732673267326734,4.455445544554456,0.2013531683168316,10.247524752475249,RW,50,75,62,75,62,62,50,50,50,38,88,50,38,75,75,88,88,25,62,38,100,50,38,50,62,100,50,38,100,25,100,25,88,75,50,100,100,100,100,88,88,75,75,100,100,75,100,75,62,75,75,50,50,100,75,38,100,75,100,100,25,75,50,100,50,38,50,62,100,50,38,100,25,100,25,88,75,100,100,100,100,100,100,100,75,100,Bundesliga
Bayer 04 Leverkusen,7ad69ngbpjuyzv96drf8d9sn2,br7zigajqee6fms35zhm1sb8p,F. Medina,Facundo Medina,27,Defender,Argentina,Defender,142.0,100.0,9.0,242.0,0.0,0.0,1.0,1.0,9.0,7.0,281.0,1.0,4.0,0.0,2.0,2.0,0.0,0.0,1.0,4.0,2.0,5.0,3.0,0.0,1.0,0.0,93.08,56.25,0.0,100.0,100.0,45.0,50.0,100.0,0.289095835794757,0.0,0.0,9.0,0.18781768,4.0,23.0,18.0,0.4905966399999996,156.0,45.480427046263344,32.02846975088968,2.882562277580071,77.50889679715303,0.0,0.0,0.3202846975088968,0.3202846975088968,2.882562277580071,2.2419928825622777,0.3202846975088968,1.2811387900355873,0.0,0.6405693950177936,0.6405693950177936,0.0,0.0,0.3202846975088968,1.2811387900355873,0.6405693950177936,1.601423487544484,0.9608540925266904,0.0,0.3202846975088968,0.0,93.08,56.25,0.0,100.0,100.0,45.0,50.0,100.0,0.0925929723186054,0.0,0.0,2.882562277580071,0.0601551288256227,1.2811387900355873,7.366548042704626,5.765124555160142,0.157130596441281,49.9644128113879,CB,72,83,43,83,13,48,55,55,8,7,65,13,42,47,62,38,25,92,30,92,58,72,45,13,50,97,77,45,88,98,20,25,90,63,20,38,82,80,87,80,70,80,80,100,90,67,93,13,48,63,63,13,7,80,20,42,50,67,38,25,97,47,100,63,83,45,23,50,97,77,45,88,98,20,25,90,70,20,38,90,87,93,90,80,93,93,Bundesliga
Bayer 04 Leverkusen,7ad69ngbpjuyzv96drf8d9sn2,c0ewvrtk657uw4t5rlv87mq51,P. Schick,Patrik Schick,30,Attacker,Czechia,Striker,8.0,28.0,2.0,36.0,4.0,0.0,4.0,4.0,11.0,8.0,261.0,2.0,4.0,1.0,17.0,15.0,2.0,2.0,4.0,0.0,7.0,28.0,4.0,0.0,0.0,0.0,80.0,100.0,0.0,50.0,41.18,45.83,36.36,0.0,2.029950930989768,0.3177048977319595,4.0,1.0,0.02855202,0.0,0.0,3.0,0.05895077,14.0,2.7586206896551726,9.655172413793103,0.6896551724137931,12.413793103448276,1.3793103448275863,0.0,1.3793103448275863,1.3793103448275863,3.793103448275862,2.7586206896551726,0.6896551724137931,1.3793103448275863,0.3448275862068966,5.862068965517242,5.172413793103448,0.6896551724137931,0.6896551724137931,1.3793103448275863,0.0,2.413793103448276,9.655172413793103,1.3793103448275863,0.0,0.0,0.0,80.0,100.0,0.0,50.0,41.18,45.83,36.36,0.0,0.6999830796516441,0.1095534130110205,1.3793103448275863,0.3448275862068966,0.009845524137931,0.0,0.0,1.0344827586206895,0.0203278517241379,4.827586206896552,ST,14,43,57,38,60,52,57,55,45,95,55,48,81,100,98,64,50,95,26,83,95,74,45,26,52,90,90,45,50,48,76,57,26,100,67,86,24,24,17,5,33,10,40,14,52,62,38,67,52,62,57,48,95,52,52,90,100,100,71,48,100,26,90,100,76,45,26,52,90,90,45,50,48,76,57,26,100,71,90,24,24,17,5,33,10,38,Bundesliga
Bayer 04 Leverkusen,7ad69ngbpjuyzv96drf8d9sn2,c1s9pmfkytw0du5ril4kv9i0a,E. Fernández,Equi Fernández,24,Midfielder,Argentina,Midfielder,73.0,103.0,6.0,176.0,4.0,0.0,5.0,5.0,20.0,4.0,274.0,2.0,1.0,0.0,5.0,3.0,2.0,2.0,1.0,3.0,1.0,8.0,6.0,0.0,7.0,0.0,93.62,66.67,0.0,40.0,20.0,58.82,50.0,63.64,0.5505262408632763,0.423714956498909,1.0,6.0,0.11533561,1.0,27.0,16.0,0.4979163699999998,107.0,23.978102189781023,33.83211678832117,1.9708029197080288,57.81021897810219,1.3138686131386863,0.0,1.6423357664233578,1.6423357664233578,6.569343065693431,1.3138686131386863,0.6569343065693432,0.3284671532846716,0.0,1.6423357664233578,0.9854014598540146,0.6569343065693432,0.6569343065693432,0.3284671532846716,0.9854014598540146,0.3284671532846716,2.6277372262773726,1.9708029197080288,0.0,2.2992700729927007,0.0,93.62,66.67,0.0,40.0,20.0,58.82,50.0,63.64,0.1808297871448717,0.1391764455653351,0.3284671532846716,1.9708029197080288,0.0378839594890511,0.3284671532846716,8.868613138686133,5.255474452554745,0.1635491726277371,35.14598540145985,DM/CM,71,90,69,86,74,50,90,90,86,31,83,29,43,74,69,69,81,88,29,60,79,90,29,93,52,95,79,29,57,48,86,64,76,86,81,57,67,57,33,100,86,71,90,90,95,76,100,71,50,86,86,95,19,81,33,43,86,71,71,81,90,29,62,86,95,29,100,52,95,79,29,57,48,86,64,76,86,76,62,76,62,43,100,86,81,100,Bundesliga
Bayer 04 Leverkusen,7ad69ngbpjuyzv96drf8d9sn2,c4hif6j7tldh0w7oeq8v9pcve,J. Quansah,Jarell Quansah,23,Defender,England,Defender,80.0,55.0,8.0,131.0,6.0,0.0,1.0,1.0,3.0,6.0,278.0,0.0,0.0,1.0,2.0,2.0,0.0,0.0,0.0,1.0,0.0,8.0,1.0,4.0,1.0,0.0,89.73,57.14,40.0,0.0,0.0,20.0,0.0,50.0,0.2241509045563807,0.7239866925956053,0.0,9.0,0.22637419,1.0,5.0,10.0,0.80952523,62.0,25.899280575539567,17.805755395683452,2.5899280575539567,42.41007194244604,1.9424460431654675,0.0,0.3237410071942446,0.3237410071942446,0.9712230215827338,1.9424460431654675,0.0,0.0,0.3237410071942446,0.6474820143884892,0.6474820143884892,0.0,0.0,0.0,0.3237410071942446,0.0,2.5899280575539567,0.3237410071942446,1.2949640287769784,0.3237410071942446,0.0,89.73,57.14,40.0,0.0,0.0,20.0,0.0,50.0,0.0725668396045836,0.2343841810561312,0.0,2.913669064748201,0.0732866082733812,0.3237410071942446,1.618705035971223,3.237410071942446,0.2620765133093525,20.071942446043163,RB/RCB,81,52,71,67,71,52,24,21,5,31,12,12,79,48,62,29,31,45,10,26,74,17,74,7,52,95,95,67,12,26,5,14,24,52,71,29,98,100,33,31,64,76,71,86,67,76,71,81,52,29,29,5,33,12,12,90,52,62,29,31,45,10,26,81,19,76,10,52,95,95,67,12,26,5,14,24,62,81,29,95,100,38,33,62,81,67,Bundesliga
Bayer 04 Leverkusen,7ad69ngbpjuyzv96drf8d9sn2,d7pzcnoztn30xoj5b2sr9slt6,Miguel Gutiérrez,Miguel Gutiérrez,25,Defender,Spain,Defender,74.0,120.0,5.0,188.0,10.0,0.0,3.0,3.0,12.0,3.0,353.0,1.0,1.0,3.0,4.0,2.0,2.0,2.0,1.0,2.0,2.0,12.0,3.0,6.0,4.0,0.0,89.1,45.45,23.08,33.33,50.0,57.14,50.0,57.14,0.2765891196506456,1.1632455485367506,2.0,28.0,0.7662875699999999,6.0,9.0,19.0,1.2830075200000004,81.0,18.86685552407932,30.59490084985836,1.274787535410765,47.93201133144476,2.54957507082153,0.0,0.764872521246459,0.764872521246459,3.059490084985836,0.764872521246459,0.254957507082153,0.254957507082153,0.764872521246459,1.019830028328612,0.509915014164306,0.509915014164306,0.509915014164306,0.254957507082153,0.509915014164306,0.509915014164306,3.059490084985836,0.764872521246459,1.529745042492918,1.019830028328612,0.0,89.1,45.45,23.08,33.33,50.0,57.14,50.0,57.14,0.0705184724321759,0.2965781851793415,0.509915014164306,7.138810198300283,0.1953707685552407,1.529745042492918,2.294617563739377,4.8441926345609065,0.3271123988668556,20.651558073654392,LB/LCB,65,85,65,90,85,50,42,38,28,8,48,10,100,78,65,78,80,90,18,88,92,60,90,52,52,80,68,72,60,78,48,45,40,60,90,85,100,100,98,38,80,100,70,60,85,60,75,80,50,40,35,20,5,50,10,95,60,65,80,75,80,5,85,90,55,85,45,52,80,68,72,60,78,48,45,40,60,80,85,100,95,95,40,75,100,65,Bundesliga
Bayer 04 Leverkusen,7ad69ngbpjuyzv96drf8d9sn2,djha3ac2mfhyb7oia64hq2nd,E. Tapsoba,Edmond Tapsoba,27,Defender,Burkina Faso,Defender,168.0,87.0,10.0,255.0,1.0,0.0,2.0,2.0,17.0,19.0,360.0,1.0,8.0,1.0,1.0,1.0,0.0,1.0,0.0,4.0,0.0,4.0,2.0,0.0,5.0,0.0,90.11,50.0,0.0,50.0,0.0,68.0,66.67,83.33,0.1131963477834851,0.1143664707811867,0.0,7.0,0.14658863,3.0,22.0,16.0,0.4171020399999998,179.0,42.0,21.75,2.5,63.75,0.25,0.0,0.5,0.5,4.25,4.75,0.25,2.0,0.25,0.25,0.25,0.0,0.25,0.0,1.0,0.0,1.0,0.5,0.0,1.25,0.0,90.11,50.0,0.0,50.0,0.0,68.0,66.67,83.33,0.0282990869458712,0.0285916176952966,0.0,1.75,0.0366471575,0.75,5.5,4.0,0.1042755099999999,44.75,CB,93,77,53,87,50,48,75,75,43,30,65,37,90,27,40,38,67,42,30,33,50,47,45,77,50,72,65,45,55,33,87,72,73,30,70,38,77,73,80,77,63,63,90,90,70,48,83,38,48,75,75,40,28,58,35,88,23,35,38,58,42,23,33,43,43,45,73,50,72,65,45,55,33,87,72,73,30,60,38,77,73,77,77,58,60,87,Bundesliga
Borussia M'gladbach,go76xxm0xyfgqt1h6tcrtimm,43eq31reskwn9veb3vickralm,J. Scally,Joe Scally,23,Defender,USA,Defender,48.0,36.0,0.0,84.0,1.0,0.0,6.0,6.0,18.0,9.0,257.0,2.0,0.0,0.0,3.0,2.0,1.0,0.0,1.0,1.0,1.0,7.0,7.0,0.0,5.0,0.0,87.5,0.0,0.0,33.33,33.33,66.67,0.0,55.56,0.3049794488723696,0.1561064250942231,2.0,4.0,0.13615078,0.0,2.0,5.0,0.31284363,36.0,16.80933852140078,12.607003891050583,0.0,29.41634241245136,0.3501945525291828,0.0,2.1011673151750974,2.1011673151750974,6.303501945525292,3.151750972762646,0.7003891050583657,0.0,0.0,1.050583657587549,0.7003891050583657,0.3501945525291828,0.0,0.3501945525291828,0.3501945525291828,0.3501945525291828,2.45136186770428,2.45136186770428,0.0,1.7509727626459144,0.0,87.5,0.0,0.0,33.33,33.33,66.67,0.0,55.56,0.1068021416284562,0.0546676196828018,0.7003891050583657,1.4007782101167314,0.0476792614785992,0.0,0.7003891050583657,1.7509727626459144,0.1095561350194552,12.607003891050583,RB/RCB,38,26,5,24,26,52,71,71,57,52,52,12,33,67,62,67,31,90,10,67,64,100,17,60,52,81,5,17,33,62,86,14,33,76,33,90,55,76,12,14,26,33,36,52,38,5,48,29,52,81,81,86,67,62,12,33,67,67,76,31,90,14,76,76,100,17,67,52,81,5,17,33,62,86,14,33,81,43,95,76,81,12,14,29,48,48,Bundesliga
Borussia M'gladbach,go76xxm0xyfgqt1h6tcrtimm,70tsvrcmklvp4ecdhxlugf8ix,K. Itakura,Ko Itakura,29,Defender,Japan,Defender,116.0,38.0,4.0,152.0,1.0,0.0,0.0,0.0,9.0,15.0,354.0,0.0,4.0,0.0,5.0,5.0,0.0,2.0,0.0,5.0,2.0,5.0,3.0,2.0,1.0,0.0,88.37,23.53,100.0,0.0,40.0,40.91,44.44,50.0,0.6972435260656757,0.121065548606663,0.0,4.0,0.08664806,3.0,5.0,6.0,0.4577189699999997,94.0,29.491525423728817,9.661016949152543,1.0169491525423728,38.64406779661017,0.2542372881355932,0.0,0.0,0.0,2.288135593220339,3.8135593220338975,0.0,1.0169491525423728,0.0,1.2711864406779665,1.2711864406779665,0.0,0.5084745762711864,0.0,1.2711864406779665,0.5084745762711864,1.2711864406779665,0.7627118644067797,0.5084745762711864,0.2542372881355932,0.0,88.37,23.53,100.0,0.0,40.0,40.91,44.44,50.0,0.1772653032370362,0.0307793767644058,0.0,1.0169491525423728,0.0220291677966101,0.7627118644067797,1.2711864406779665,1.5254237288135597,0.1163692296610168,23.898305084745765,CB,43,27,17,23,50,48,22,22,8,20,23,13,42,87,87,38,93,42,52,92,58,72,97,13,50,53,7,98,23,88,10,17,18,90,73,38,68,67,80,25,33,77,37,27,17,10,17,53,48,22,22,3,20,23,7,42,87,87,38,90,42,43,90,57,70,93,13,50,53,7,98,23,88,10,17,18,90,70,38,67,63,80,27,33,70,33,Bundesliga
Borussia M'gladbach,go76xxm0xyfgqt1h6tcrtimm,7hugqbtot3c8fmxtfqld9l15g,H. Bolin,Hugo Bolin,23,Midfielder,Sweden,Midfielder,21.0,48.0,3.0,68.0,5.0,0.0,4.0,5.0,15.0,4.0,309.0,2.0,1.0,0.0,12.0,8.0,4.0,6.0,2.0,2.0,5.0,19.0,6.0,1.0,3.0,0.0,80.95,50.0,33.33,50.0,41.67,65.22,50.0,50.0,1.185289496313194,0.5044695867304975,4.0,7.0,0.19387212,1.0,8.0,13.0,0.61840898,34.0,6.116504854368932,13.980582524271846,0.8737864077669903,19.80582524271845,1.4563106796116505,0.0,1.1650485436893203,1.4563106796116505,4.368932038834951,1.1650485436893203,0.5825242718446603,0.2912621359223301,0.0,3.4951456310679614,2.330097087378641,1.1650485436893203,1.7475728155339807,0.5825242718446603,0.5825242718446603,1.4563106796116505,5.533980582524272,1.7475728155339807,0.2912621359223301,0.8737864077669903,0.0,80.95,50.0,33.33,50.0,41.67,65.22,50.0,50.0,0.3452299503824836,0.1469328893389798,1.1650485436893203,2.0388349514563107,0.0564676077669903,0.2912621359223301,2.330097087378641,3.7864077669902914,0.1801191203883495,9.902912621359224,CM/AM,17,26,46,24,37,52,54,61,56,61,50,26,33,96,94,81,100,89,46,96,93,83,33,63,50,48,57,54,52,67,93,59,35,93,44,89,31,37,11,35,61,70,28,11,19,52,15,30,52,59,59,63,59,52,33,33,93,93,81,100,89,52,100,89,85,33,63,50,48,57,54,52,67,93,59,35,96,41,93,30,48,15,33,48,67,22,Bundesliga
Borussia M'gladbach,go76xxm0xyfgqt1h6tcrtimm,7xc0qldxpidl07vij2wgu1sk5,K. Diks,Kevin Diks,29,Defender,Indonesia,Defender,131.0,67.0,8.0,198.0,1.0,0.0,0.0,0.0,17.0,19.0,360.0,0.0,10.0,0.0,3.0,2.0,1.0,1.0,0.0,1.0,0.0,7.0,3.0,0.0,2.0,0.0,88.0,34.78,0.0,0.0,0.0,70.83,66.67,50.0,0.1291454405893443,0.1254658224157122,1.0,3.0,0.05802549,2.0,13.0,12.0,0.40164505,126.0,32.75,16.75,2.0,49.5,0.25,0.0,0.0,0.0,4.25,4.75,0.0,2.5,0.0,0.75,0.5,0.25,0.25,0.0,0.25,0.0,1.75,0.75,0.0,0.5,0.0,88.0,34.78,0.0,0.0,0.0,70.83,66.67,50.0,0.032286360147336,0.031366455603928,0.25,0.75,0.0145063725,0.5,3.25,3.0,0.1004112625,31.5,CB,50,50,40,57,50,48,22,22,43,30,23,47,42,65,62,82,67,42,7,33,72,72,45,35,50,50,27,45,23,33,93,72,18,40,77,83,58,53,67,60,50,60,63,50,47,37,47,38,48,22,22,40,28,23,45,42,57,57,80,58,42,5,33,68,63,45,30,50,50,27,45,23,33,93,72,18,37,77,80,55,53,62,50,47,57,60,Bundesliga
Borussia M'gladbach,go76xxm0xyfgqt1h6tcrtimm,7zbu2y3nlj4dyhe1qdj15g3xl,P. Sander,Philipp Sander,28,Midfielder,Germany,Midfielder,108.0,80.0,13.0,186.0,3.0,0.0,3.0,3.0,20.0,10.0,360.0,1.0,6.0,0.0,6.0,3.0,3.0,3.0,0.0,6.0,0.0,5.0,1.0,2.0,8.0,0.0,84.93,52.0,33.33,33.33,0.0,40.82,42.86,66.67,0.4442182753196392,0.3430657858362664,2.0,7.0,0.19169529,2.0,21.0,19.0,0.6194158000000002,89.0,27.0,20.0,3.25,46.5,0.75,0.0,0.75,0.75,5.0,2.5,0.25,1.5,0.0,1.5,0.75,0.75,0.75,0.0,1.5,0.0,1.25,0.25,0.5,2.0,0.0,84.93,52.0,33.33,33.33,0.0,40.82,42.86,66.67,0.1110545688299098,0.0857664464590666,0.5,1.75,0.0479238225,0.5,5.25,4.75,0.15485395,22.25,DM/CM,100,71,100,95,62,50,67,67,86,69,57,93,43,88,69,90,93,40,67,24,57,17,86,100,52,33,52,67,50,24,14,57,86,67,71,86,81,86,57,83,93,86,71,100,52,100,81,60,50,62,62,62,62,43,83,43,81,64,81,86,40,52,24,52,14,76,95,52,33,52,67,50,24,14,57,86,67,67,81,67,76,52,76,76,76,62,Bundesliga
Borussia M'gladbach,go76xxm0xyfgqt1h6tcrtimm,aopmwx748flafzpj58w2afwlx,T. Kleindienst,Tim Kleindienst,31,Attacker,Germany,Striker,15.0,13.0,5.0,28.0,2.0,0.0,2.0,2.0,15.0,5.0,219.0,1.0,10.0,0.0,6.0,6.0,0.0,2.0,0.0,0.0,1.0,13.0,1.0,0.0,0.0,0.0,65.12,100.0,0.0,50.0,16.67,41.67,45.45,0.0,0.6207451276456308,0.0769636601505481,0.0,1.0,0.01689528,0.0,6.0,4.0,0.09134473,10.0,6.164383561643836,5.342465753424658,2.054794520547945,11.506849315068497,0.8219178082191781,0.0,0.8219178082191781,0.8219178082191781,6.164383561643836,2.054794520547945,0.4109589041095891,4.109589041095891,0.0,2.4657534246575343,2.4657534246575343,0.0,0.8219178082191781,0.0,0.0,0.4109589041095891,5.342465753424658,0.4109589041095891,0.0,0.0,0.0,65.12,100.0,0.0,50.0,16.67,41.67,45.45,0.0,0.2551007373886154,0.0316289014317321,0.0,0.4109589041095891,0.0069432657534246,0.0,2.4657534246575343,1.6438356164383563,0.0375389301369863,4.109589041095891,ST,55,14,88,21,21,52,19,17,74,86,33,79,36,31,40,12,50,19,26,12,50,17,45,26,52,24,90,45,50,10,67,74,26,19,10,7,24,19,17,83,52,24,17,71,19,100,33,19,52,24,24,86,90,33,90,36,29,52,12,57,19,26,14,52,19,45,26,52,24,90,45,50,10,67,74,26,24,10,7,29,19,17,95,67,29,29,Bundesliga
Borussia M'gladbach,go76xxm0xyfgqt1h6tcrtimm,b5ovydnz8s9gf0nkwofutr7ys,L. Ullrich,Lukas Ullrich,22,Defender,Germany,Defender,23.0,29.0,1.0,51.0,3.0,0.0,3.0,4.0,15.0,5.0,235.0,1.0,4.0,2.0,4.0,3.0,1.0,3.0,0.0,6.0,0.0,7.0,3.0,1.0,3.0,0.0,72.86,10.0,20.0,33.33,0.0,51.72,57.14,42.86,0.3680167595474968,0.211232081711985,1.0,2.0,0.0452365,1.0,3.0,4.0,0.69095302,26.0,8.808510638297872,11.106382978723405,0.3829787234042553,19.53191489361702,1.1489361702127658,0.0,1.1489361702127658,1.5319148936170213,5.74468085106383,1.9148936170212765,0.3829787234042553,1.5319148936170213,0.7659574468085106,1.5319148936170213,1.1489361702127658,0.3829787234042553,1.1489361702127658,0.0,2.297872340425532,0.0,2.680851063829788,1.1489361702127658,0.3829787234042553,1.1489361702127658,0.0,72.86,10.0,20.0,33.33,0.0,51.72,57.14,42.86,0.1409425887628711,0.0808973929960793,0.3829787234042553,0.7659574468085106,0.0173246170212765,0.3829787234042553,1.1489361702127658,1.5319148936170213,0.2646203055319149,9.95744680851064,LB/LCB,10,15,8,15,62,50,42,60,38,18,48,52,90,78,82,52,98,40,72,22,70,60,45,38,52,25,10,60,60,22,30,62,25,70,35,60,25,35,20,8,12,75,15,15,25,10,15,75,50,60,75,60,25,65,75,100,100,95,70,100,40,90,22,80,70,60,50,52,25,10,60,60,22,30,62,25,80,65,75,45,40,25,10,15,85,25,Bundesliga
Borussia M'gladbach,go76xxm0xyfgqt1h6tcrtimm,e0hk5aepnpo7cne006zwahfx1,F. Honorat,Franck Honorat,30,Midfielder,France,Midfielder,22.0,49.0,3.0,63.0,11.0,0.0,5.0,5.0,8.0,3.0,238.0,2.0,3.0,2.0,4.0,0.0,4.0,1.0,0.0,1.0,2.0,5.0,1.0,8.0,2.0,0.0,78.75,50.0,30.77,40.0,50.0,47.06,50.0,100.0,0.2510746661850338,1.3266393967544845,3.0,5.0,0.19190773,0.0,3.0,8.0,0.8171296199999997,31.0,8.319327731092438,18.529411764705884,1.134453781512605,23.823529411764707,4.159663865546219,0.0,1.8907563025210083,1.8907563025210083,3.0252100840336134,1.134453781512605,0.7563025210084033,1.134453781512605,0.7563025210084033,1.512605042016807,0.0,1.512605042016807,0.3781512605042016,0.0,0.3781512605042016,0.7563025210084033,1.8907563025210083,0.3781512605042016,3.0252100840336134,0.7563025210084033,0.0,78.75,50.0,30.77,40.0,50.0,47.06,50.0,100.0,0.0949442014985422,0.5016703601172421,1.134453781512605,1.8907563025210083,0.07257015,0.0,1.134453781512605,3.0252100840336134,0.3089985957983192,11.722689075630251,RM/RCM,38,69,50,56,100,56,44,44,12,50,38,56,100,56,19,88,56,44,38,88,38,25,88,44,56,75,62,38,38,81,38,88,94,50,100,88,62,62,25,31,50,88,50,50,75,50,75,100,56,50,50,12,50,38,62,100,75,19,88,62,44,50,88,50,38,88,50,56,75,62,38,38,81,38,88,94,62,100,88,62,62,25,38,75,88,50,Bundesliga
Eintracht Frankfurt,c5hderjlkcoaze51e5wgvptk,1zumt9vkrqd8d3p3eqtwezi6t,R. Koch,Robin Koch,30,Defender,Germany,Defender,132.0,83.0,11.0,215.0,2.0,0.0,0.0,0.0,27.0,42.0,360.0,0.0,24.0,1.0,5.0,5.0,0.0,0.0,0.0,8.0,2.0,8.0,0.0,0.0,1.0,0.0,89.96,47.83,0.0,0.0,40.0,64.29,68.57,33.33,0.6219629721058865,0.0744606919743322,0.0,1.0,0.05491138,0.0,24.0,23.0,0.4370237699999999,169.0,33.0,20.75,2.75,53.75,0.5,0.0,0.0,0.0,6.75,10.5,0.0,6.0,0.25,1.25,1.25,0.0,0.0,0.0,2.0,0.5,2.0,0.0,0.0,0.25,0.0,89.96,47.83,0.0,0.0,40.0,64.29,68.57,33.33,0.1554907430264716,0.018615172993583,0.0,0.25,0.013727845,0.0,6.0,5.75,0.1092559424999999,42.25,CB,57,70,67,67,82,48,22,22,83,97,23,93,90,87,87,38,25,42,92,92,80,12,45,13,50,67,57,45,23,88,68,77,5,80,57,38,40,50,22,85,78,73,83,57,63,62,60,78,48,22,22,70,97,23,93,88,82,82,38,25,42,87,85,77,12,45,7,50,67,57,45,23,88,68,77,5,80,57,38,35,50,22,80,75,67,80,Bundesliga
Eintracht Frankfurt,c5hderjlkcoaze51e5wgvptk,4a59itr8bwm9auhz9f2dno104,C. Uzun,Can Uzun,20,Midfielder,Türkiye,Midfielder,45.0,83.0,9.0,121.0,11.0,0.0,15.0,16.0,16.0,2.0,324.0,6.0,1.0,0.0,8.0,7.0,1.0,2.0,2.0,0.0,3.0,16.0,6.0,7.0,1.0,0.0,84.03,81.82,38.89,40.0,37.5,44.44,0.0,33.33,0.8638637916504132,1.3162972703111242,1.0,14.0,0.32631116,4.0,16.0,23.0,0.7656611799999999,53.0,12.5,23.05555555555556,2.5,33.61111111111111,3.055555555555556,0.0,4.166666666666667,4.444444444444445,4.444444444444445,0.5555555555555556,1.6666666666666663,0.2777777777777778,0.0,2.2222222222222223,1.9444444444444444,0.2777777777777778,0.5555555555555556,0.5555555555555556,0.0,0.8333333333333333,4.444444444444445,1.6666666666666663,1.9444444444444444,0.2777777777777778,0.0,84.03,81.82,38.89,40.0,37.5,44.44,0.0,33.33,0.2399621643473369,0.3656381306419789,0.2777777777777778,3.888888888888889,0.0906419888888888,1.1111111111111112,4.444444444444445,6.388888888888888,0.2126836611111111,14.72222222222222,CM/AM,63,67,89,67,89,52,94,98,65,24,87,26,33,74,85,22,54,89,4,72,89,83,93,20,50,59,89,78,33,61,33,11,13,78,93,31,89,85,52,70,83,85,56,63,67,85,67,89,52,93,96,67,19,89,26,33,70,85,15,56,85,4,74,81,78,93,11,50,59,89,78,33,61,33,11,13,70,96,30,85,74,48,74,81,85,52,Bundesliga
Eintracht Frankfurt,c5hderjlkcoaze51e5wgvptk,7mn6lue4zatldcxp0gd7kt8mh,L. Brassier,Lilian Brassier,26,Defender,France,Defender,82.0,67.0,7.0,148.0,0.0,0.0,0.0,0.0,15.0,17.0,270.0,0.0,5.0,0.0,1.0,0.0,1.0,1.0,0.0,9.0,0.0,2.0,2.0,1.0,6.0,0.0,84.09,31.82,50.0,0.0,0.0,71.43,50.0,75.0,0.0441840220792332,0.0,1.0,4.0,0.0913969499999999,4.0,16.0,16.0,0.3412899199999999,102.0,27.33333333333333,22.33333333333333,2.333333333333333,49.333333333333336,0.0,0.0,0.0,0.0,5.0,5.666666666666667,0.0,1.6666666666666667,0.0,0.3333333333333333,0.0,0.3333333333333333,0.3333333333333333,0.0,3.0,0.0,0.6666666666666666,0.6666666666666666,0.3333333333333333,2.0,0.0,84.09,31.82,50.0,0.0,0.0,71.43,50.0,75.0,0.0147280073597444,0.0,0.3333333333333333,1.3333333333333333,0.0304656499999999,1.3333333333333333,5.333333333333333,5.333333333333333,0.1137633066666666,34.0,LB/LCB,75,55,88,55,5,50,8,8,38,90,15,70,32,10,12,52,55,40,95,22,12,35,45,70,52,65,30,95,15,22,95,45,78,5,10,60,57,55,72,75,70,45,90,95,70,100,80,5,50,8,8,45,95,15,80,32,15,12,55,65,40,100,22,10,40,55,75,52,65,30,95,15,22,95,45,78,5,10,65,65,60,85,80,85,45,100,Bundesliga
Eintracht Frankfurt,c5hderjlkcoaze51e5wgvptk,7o11dzx2cccrslutrjl16ik89,R. Doan,Ritsu Doan,28,Midfielder,Japan,Midfielder,18.0,45.0,1.0,63.0,4.0,0.0,12.0,12.0,10.0,1.0,238.0,3.0,0.0,1.0,5.0,1.0,4.0,1.0,0.0,2.0,0.0,11.0,3.0,0.0,3.0,0.0,82.89,33.33,0.0,25.0,0.0,37.04,0.0,75.0,0.4163799942170147,0.5273241974019329,2.0,9.0,0.48937757,3.0,8.0,8.0,0.32289618,32.0,6.80672268907563,17.016806722689076,0.3781512605042016,23.823529411764707,1.512605042016807,0.0,4.53781512605042,4.53781512605042,3.7815126050420167,0.3781512605042016,1.134453781512605,0.0,0.3781512605042016,1.8907563025210083,0.3781512605042016,1.512605042016807,0.3781512605042016,0.0,0.7563025210084033,0.0,4.159663865546219,1.134453781512605,0.0,1.134453781512605,0.0,82.89,33.33,0.0,25.0,0.0,37.04,0.0,75.0,0.1574546196618963,0.1994083099419074,0.7563025210084033,3.403361344537815,0.1850587449579832,1.134453781512605,3.0252100840336134,3.0252100840336134,0.1221035974789915,12.100840336134452,CM/AM,9,17,11,11,24,52,89,87,22,7,67,9,74,35,22,81,30,30,46,11,63,41,15,63,50,56,28,15,28,11,11,11,59,41,48,65,61,89,35,35,28,30,20,15,41,15,26,33,52,100,100,48,11,67,9,81,63,26,89,37,30,56,11,78,52,15,70,50,56,28,15,28,11,11,11,59,48,59,70,81,93,52,52,44,33,33,Bundesliga
Eintracht Frankfurt,c5hderjlkcoaze51e5wgvptk,ab3og2sas7q4czd31wbdbnro,K. Kosugi,Keita Kosugi,20,Defender,Japan,Defender,31.0,54.0,2.0,83.0,3.0,0.0,4.0,4.0,25.0,12.0,360.0,1.0,6.0,0.0,2.0,1.0,1.0,0.0,0.0,8.0,1.0,6.0,10.0,2.0,6.0,0.0,73.45,40.0,18.18,25.0,50.0,60.98,66.67,75.0,0.1500378370393099,0.2405194511159691,1.0,5.0,0.15111418,6.0,9.0,8.0,0.26236876,36.0,7.75,13.5,0.5,20.75,0.75,0.0,1.0,1.0,6.25,3.0,0.25,1.5,0.0,0.5,0.25,0.25,0.0,0.0,2.0,0.25,1.5,2.5,0.5,1.5,0.0,73.45,40.0,18.18,25.0,50.0,60.98,66.67,75.0,0.0375094592598274,0.0601298627789922,0.25,1.25,0.037778545,1.5,2.25,2.0,0.06559219,9.0,LB/LCB,20,35,20,30,62,50,62,60,80,65,48,82,32,28,40,52,22,40,85,62,55,98,68,70,52,35,55,55,42,78,60,88,78,40,60,60,65,65,98,38,25,35,25,10,35,15,25,55,50,50,45,72,55,38,70,32,25,32,38,22,40,78,50,55,98,68,65,52,35,55,55,42,78,60,88,78,35,40,50,60,65,90,35,20,20,15,Bundesliga
Eintracht Frankfurt,c5hderjlkcoaze51e5wgvptk,adcmwodw7raphk57z8m46f97u,Y. Ebnoutalib,Younes Ebnoutalib,23,Attacker,Germany,Striker,9.0,26.0,0.0,34.0,5.0,0.0,15.0,15.0,15.0,3.0,281.0,8.0,3.0,1.0,11.0,10.0,1.0,2.0,4.0,0.0,5.0,25.0,3.0,1.0,1.0,0.0,65.38,0.0,33.33,53.33,45.45,38.46,21.43,100.0,1.822074454032598,0.5210259786602061,1.0,4.0,0.16022728,1.0,2.0,3.0,0.3712245999999999,12.0,2.882562277580071,8.327402135231317,0.0,10.88967971530249,1.601423487544484,0.0,4.804270462633452,4.804270462633452,4.804270462633452,0.9608540925266904,2.5622775800711746,0.9608540925266904,0.3202846975088968,3.5231316725978647,3.202846975088968,0.3202846975088968,0.6405693950177936,1.2811387900355873,0.0,1.601423487544484,8.00711743772242,0.9608540925266904,0.3202846975088968,0.3202846975088968,0.0,65.38,0.0,33.33,53.33,45.45,38.46,21.43,100.0,0.5835825653485189,0.166876647969461,0.3202846975088968,1.2811387900355873,0.0513183459074733,0.3202846975088968,0.6405693950177936,0.9608540925266904,0.1188975587188611,3.8434163701067616,ST,19,38,19,33,76,52,100,100,74,62,95,31,81,62,71,38,50,95,26,64,88,52,93,64,52,33,19,98,67,57,50,29,83,95,81,36,71,71,48,29,33,90,31,24,33,19,19,71,52,100,100,76,62,100,24,86,67,81,33,38,95,26,62,95,57,90,71,52,33,19,98,67,57,50,29,83,95,90,43,71,71,52,29,29,95,19,Bundesliga
Eintracht Frankfurt,c5hderjlkcoaze51e5wgvptk,d1e8em0pe47h68uq73h8aq1w4,E. Baum,Elias Baum,20,Defender,Germany,Defender,46.0,43.0,4.0,89.0,3.0,0.0,6.0,6.0,21.0,10.0,307.0,3.0,5.0,1.0,4.0,4.0,0.0,2.0,0.0,4.0,2.0,10.0,2.0,0.0,9.0,0.0,74.17,28.57,0.0,50.0,50.0,47.73,50.0,81.82,0.3052076897511291,0.2284594261823342,1.0,4.0,0.12986581,2.0,6.0,10.0,0.5741369399999999,30.0,13.485342019543976,12.605863192182412,1.1726384364820848,26.091205211726383,0.8794788273615636,0.0,1.7589576547231272,1.7589576547231272,6.156351791530945,2.931596091205212,0.8794788273615636,1.4657980456026058,0.2931596091205212,1.1726384364820848,1.1726384364820848,0.0,0.5863192182410424,0.0,1.1726384364820848,0.5863192182410424,2.931596091205212,0.5863192182410424,0.0,2.638436482084691,0.0,74.17,28.57,0.0,50.0,50.0,47.73,50.0,81.82,0.0894745670280183,0.0669750760795116,0.2931596091205212,1.1726384364820848,0.0380714100977198,0.5863192182410424,1.7589576547231272,2.931596091205212,0.1683137609120521,8.794788273615636,RB/RCB,33,33,33,29,52,52,71,71,86,62,76,69,79,79,98,29,93,45,55,90,90,31,17,95,52,29,19,17,50,83,14,60,76,81,57,69,55,71,60,45,64,62,21,33,33,33,29,52,52,71,71,81,62,81,67,81,76,100,29,90,45,52,86,95,33,17,95,52,29,19,17,50,83,14,60,76,71,62,76,52,67,57,48,57,57,24,Bundesliga
Eintracht Frankfurt,c5hderjlkcoaze51e5wgvptk,d3tfdqfnab7bqxfdh3399y06i,J. Burkardt,Jonathan Burkardt,26,Attacker,Germany,Striker,25.0,38.0,6.0,63.0,6.0,0.0,6.0,7.0,15.0,1.0,319.0,3.0,6.0,1.0,11.0,11.0,0.0,4.0,3.0,3.0,4.0,22.0,5.0,0.0,1.0,0.0,82.89,75.0,0.0,50.0,36.36,38.46,30.0,100.0,1.5500784985240752,0.5376111976158537,1.0,6.0,0.24122957,2.0,4.0,3.0,0.3909736699999999,18.0,7.053291536050157,10.72100313479624,1.6927899686520378,17.774294670846395,1.6927899686520378,0.0,1.6927899686520378,1.974921630094044,4.231974921630094,0.2821316614420063,0.8463949843260189,1.6927899686520378,0.2821316614420063,3.103448275862069,3.103448275862069,0.0,1.1285266457680252,0.8463949843260189,0.8463949843260189,1.1285266457680252,6.206896551724138,1.4106583072100314,0.0,0.2821316614420063,0.0,82.89,75.0,0.0,50.0,36.36,38.46,30.0,100.0,0.4373262221541278,0.1516771403931875,0.2821316614420063,1.6927899686520378,0.0680584993730407,0.5642633228840126,1.1285266457680252,0.8463949843260189,0.1103060510971786,5.078369905956113,ST,88,71,98,81,86,52,74,79,74,24,71,69,81,62,86,12,90,76,100,52,74,83,45,64,52,95,69,45,50,38,50,50,83,81,86,36,90,90,74,50,33,95,57,76,57,90,67,76,52,67,71,62,14,67,67,76,48,71,12,95,71,100,48,62,81,45,57,52,95,69,45,50,38,50,50,83,71,81,19,90,86,71,48,14,86,43,Bundesliga
Eintracht Frankfurt,c5hderjlkcoaze51e5wgvptk,mkq18lpl3d44wxq974mci5wq,R. Onyedika,Raphael Onyedika,25,Midfielder,Nigeria,Midfielder,72.0,63.0,12.0,135.0,2.0,0.0,1.0,1.0,21.0,12.0,360.0,0.0,9.0,0.0,1.0,0.0,1.0,0.0,0.0,3.0,1.0,0.0,3.0,0.0,4.0,0.0,80.36,57.14,0.0,0.0,100.0,56.76,75.0,44.44,0.0628982281418094,0.1312662341388564,1.0,6.0,0.12507979,1.0,10.0,8.0,0.3515657300000001,77.0,18.0,15.75,3.0,33.75,0.5,0.0,0.25,0.25,5.25,3.0,0.0,2.25,0.0,0.25,0.0,0.25,0.0,0.0,0.75,0.25,0.0,0.75,0.0,1.0,0.0,80.36,57.14,0.0,0.0,100.0,56.76,75.0,44.44,0.0157245570354523,0.0328165585347141,0.25,1.5,0.0312699475,0.25,2.5,2.0,0.0878914325,19.25,DM/CM,67,48,95,43,43,50,31,29,98,86,21,100,43,24,17,43,21,40,29,60,7,48,29,69,52,14,60,29,21,98,74,100,33,29,48,57,67,62,33,33,40,67,62,33,24,95,19,36,50,21,19,74,81,21,100,43,17,17,36,21,40,24,50,7,38,29,52,52,14,60,29,21,98,74,100,33,29,43,45,57,52,24,31,36,57,52,Bundesliga
Augsburg,ex3psl8e3ajeypwjy4xfltpx6,3akb6xex1efr9ypj8yxr2uf4k,N. Banks,Noahkai Banks,19,Defender,USA,Defender,103.0,52.0,12.0,154.0,4.0,0.0,1.0,1.0,20.0,21.0,360.0,1.0,9.0,0.0,2.0,2.0,0.0,1.0,0.0,6.0,0.0,5.0,2.0,1.0,6.0,0.0,89.02,60.0,33.33,100.0,0.0,66.67,69.23,75.0,0.2565829568012073,0.2600370099103741,0.0,4.0,0.08565174,2.0,11.0,14.0,0.3403278299999998,98.0,25.75,13.0,3.0,38.5,1.0,0.0,0.25,0.25,5.0,5.25,0.25,2.25,0.0,0.5,0.5,0.0,0.25,0.0,1.5,0.0,1.25,0.5,0.25,1.5,0.0,89.02,60.0,33.33,100.0,0.0,66.67,69.23,75.0,0.0641457392003018,0.0650092524775935,0.0,1.0,0.021412935,0.5,2.75,3.5,0.0850819574999999,24.5,RB/RCB,86,43,100,76,60,52,24,21,74,88,31,90,33,48,62,29,71,45,90,26,48,31,43,69,52,90,100,62,90,26,86,81,55,62,62,29,55,48,60,81,81,48,100,76,43,86,62,60,52,19,14,43,86,24,90,33,33,52,29,62,45,76,26,43,24,33,62,52,90,100,62,90,26,86,81,55,52,52,29,45,38,48,71,76,29,90,Bundesliga
Augsburg,ex3psl8e3ajeypwjy4xfltpx6,46vm60m1v8o9t0aesa0bpr42y,H. Massengo,Han-Noah Massengo,25,Midfielder,France,Midfielder,50.0,47.0,5.0,95.0,5.0,0.0,0.0,0.0,7.0,8.0,317.0,0.0,0.0,1.0,1.0,1.0,0.0,0.0,0.0,5.0,0.0,1.0,2.0,2.0,2.0,0.0,80.51,50.0,28.57,0.0,0.0,46.67,0.0,40.0,0.1028304945023486,0.5603765442132717,0.0,2.0,0.04797389,3.0,13.0,13.0,0.2060611799999999,58.0,14.195583596214512,13.34384858044164,1.4195583596214512,26.97160883280757,1.4195583596214512,0.0,0.0,0.0,1.987381703470032,2.271293375394322,0.0,0.0,0.2839116719242902,0.2839116719242902,0.2839116719242902,0.0,0.0,0.0,1.4195583596214512,0.0,0.2839116719242902,0.5678233438485805,0.5678233438485805,0.5678233438485805,0.0,80.51,50.0,28.57,0.0,0.0,46.67,0.0,40.0,0.0291947776189633,0.1590974415747459,0.0,0.5678233438485805,0.0136203473186119,0.8517350157728707,3.690851735015773,3.690851735015773,0.058503174132492,16.466876971608833,DM/CM,29,14,60,24,86,50,10,7,10,60,21,10,88,24,43,17,21,40,50,24,21,29,86,26,52,19,40,62,21,24,33,12,24,33,95,19,17,14,79,52,71,29,33,19,10,57,10,81,50,10,7,5,57,21,10,86,24,43,17,21,40,48,24,19,24,81,24,52,19,40,62,21,24,33,12,24,33,86,19,14,14,76,43,62,29,29,Bundesliga
Augsburg,ex3psl8e3ajeypwjy4xfltpx6,5irixhhyayq9yl7sb2kohjrv9,M. Wolf,Marius Wolf,31,Defender,Germany,Defender,29.0,33.0,5.0,56.0,9.0,0.0,9.0,9.0,13.0,6.0,312.0,5.0,1.0,0.0,2.0,2.0,0.0,1.0,0.0,1.0,1.0,10.0,4.0,6.0,1.0,0.0,70.89,41.67,60.0,55.56,50.0,65.0,0.0,33.33,0.2513346833820354,1.1701977692952472,0.0,3.0,0.08224292,1.0,6.0,9.0,0.84503348,27.0,8.365384615384615,9.519230769230768,1.4423076923076923,16.153846153846153,2.5961538461538463,0.0,2.5961538461538463,2.5961538461538463,3.75,1.7307692307692306,1.4423076923076923,0.2884615384615384,0.0,0.5769230769230769,0.5769230769230769,0.0,0.2884615384615384,0.0,0.2884615384615384,0.2884615384615384,2.8846153846153846,1.1538461538461535,1.7307692307692306,0.2884615384615384,0.0,70.89,41.67,60.0,55.56,50.0,65.0,0.0,33.33,0.0725003894371256,0.3375570488351674,0.0,0.8653846153846153,0.0237239192307692,0.2884615384615384,1.7307692307692306,2.5961538461538463,0.2437596576923076,7.788461538461538,RB/RCB,12,10,45,5,95,52,90,86,31,31,93,31,33,48,62,29,71,45,10,67,90,57,86,7,52,10,67,88,62,83,76,14,7,57,100,29,31,43,33,45,55,81,14,5,10,48,5,95,52,90,86,29,24,90,24,33,48,57,29,76,45,5,57,90,57,86,5,52,10,67,88,62,83,76,14,7,57,95,29,33,48,29,38,52,76,14,Bundesliga
Augsburg,ex3psl8e3ajeypwjy4xfltpx6,7c6034wb3zsuq9nhxxiahiuol,M. Gregoritsch,Michael Gregoritsch,32,Attacker,Austria,Striker,11.0,36.0,2.0,47.0,4.0,0.0,1.0,2.0,15.0,3.0,293.0,0.0,12.0,0.0,9.0,7.0,2.0,0.0,3.0,1.0,8.0,12.0,2.0,0.0,1.0,0.0,67.14,40.0,0.0,0.0,88.89,46.88,44.44,100.0,1.4485359647384628,0.3052926830804499,1.0,0.0,0.0,1.0,6.0,8.0,0.1987881,23.0,3.378839590443686,11.0580204778157,0.6143344709897611,14.436860068259383,1.2286689419795225,0.0,0.3071672354948805,0.6143344709897611,4.607508532423208,0.9215017064846416,0.0,3.686006825938567,0.0,2.7645051194539247,2.150170648464164,0.6143344709897611,0.0,0.9215017064846416,0.3071672354948805,2.4573378839590445,3.686006825938567,0.6143344709897611,0.0,0.3071672354948805,0.0,67.14,40.0,0.0,0.0,88.89,46.88,44.44,100.0,0.4449427878036234,0.0937759094786364,0.3071672354948805,0.0,0.0,0.3071672354948805,1.843003412969284,2.4573378839590445,0.0610611911262798,7.064846416382252,ST,36,62,57,52,60,52,7,17,74,62,10,88,36,50,50,64,10,76,71,95,40,31,45,64,52,43,43,45,10,95,81,67,83,71,52,36,10,10,48,83,93,62,86,29,62,52,48,62,52,5,10,67,57,10,86,36,38,38,67,10,86,76,95,38,29,45,67,52,43,43,45,10,95,81,67,83,76,57,38,10,10,48,76,95,52,90,Bundesliga
Augsburg,ex3psl8e3ajeypwjy4xfltpx6,83usrrx99pkiihnkz44dt2gru,F. Rieder,Fabian Rieder,24,Midfielder,Switzerland,Midfielder,49.0,66.0,5.0,113.0,5.0,0.0,4.0,4.0,22.0,3.0,353.0,3.0,4.0,3.0,6.0,0.0,6.0,1.0,1.0,6.0,4.0,2.0,5.0,2.0,7.0,1.0,84.33,83.33,50.0,75.0,66.67,62.86,66.67,70.0,0.3123618340168395,0.5028956492576016,4.0,8.0,0.20352175,4.0,11.0,15.0,0.4437684800000001,59.0,12.492917847025495,16.827195467422097,1.274787535410765,28.81019830028329,1.274787535410765,0.0,1.019830028328612,1.019830028328612,5.609065155807365,0.764872521246459,0.764872521246459,1.019830028328612,0.764872521246459,1.529745042492918,0.0,1.529745042492918,0.254957507082153,0.254957507082153,1.529745042492918,1.019830028328612,0.509915014164306,1.274787535410765,0.509915014164306,1.7847025495750708,0.254957507082153,84.33,83.33,50.0,75.0,66.67,62.86,66.67,70.0,0.0796389945085426,0.1282170210571788,1.019830028328612,2.039660056657224,0.0518893980169971,1.019830028328612,2.8045325779036827,3.824362606232295,0.1131421053824362,15.042492917847026,CM/AM,67,56,69,59,37,52,54,52,89,44,67,67,100,52,9,94,30,69,91,87,4,74,50,98,100,63,93,89,74,94,89,94,52,30,37,89,46,48,52,54,67,48,63,59,37,67,48,26,52,48,48,78,37,59,63,100,41,9,93,20,67,89,83,4,70,44,93,100,63,93,89,74,94,89,94,52,19,33,81,35,37,41,48,52,26,56,Bundesliga
Augsburg,ex3psl8e3ajeypwjy4xfltpx6,bjm2mqn0a1c7tlgnpa9thbqp5,C. Brackelmann,Calvin Brackelmann,27,Defender,Germany,Defender,98.0,42.0,6.0,140.0,2.0,0.0,0.0,0.0,30.0,23.0,346.0,0.0,16.0,0.0,3.0,2.0,1.0,0.0,1.0,4.0,1.0,5.0,2.0,0.0,8.0,0.0,76.09,21.43,0.0,0.0,33.33,75.0,72.73,66.67,0.2607687976292917,0.1440467031639416,1.0,3.0,0.06945748,2.0,7.0,9.0,0.2148661499999999,84.0,25.491329479768787,10.92485549132948,1.560693641618497,36.41618497109827,0.5202312138728323,0.0,0.0,0.0,7.803468208092485,5.982658959537572,0.0,4.161849710982659,0.0,0.7803468208092486,0.5202312138728323,0.2601156069364161,0.0,0.2601156069364161,1.0404624277456649,0.2601156069364161,1.300578034682081,0.5202312138728323,0.0,2.0809248554913293,0.0,76.09,21.43,0.0,0.0,33.33,75.0,72.73,66.67,0.0678300340654227,0.0374687956206784,0.2601156069364161,0.7803468208092486,0.0180669745664739,0.5202312138728323,1.8208092485549128,2.341040462427745,0.055890039017341,21.84971098265896,LB/LCB,95,25,78,50,35,50,8,8,100,100,15,100,32,50,65,52,22,90,45,62,42,35,15,80,52,45,20,15,15,62,100,100,57,55,25,60,45,45,38,28,40,20,75,90,20,75,45,35,50,8,8,95,100,15,100,32,50,70,45,22,90,45,65,45,25,15,80,52,45,20,15,15,62,100,100,57,50,25,60,50,45,45,25,35,10,70,Bundesliga
Augsburg,ex3psl8e3ajeypwjy4xfltpx6,cyz9jisw86vjjf85xxgbae0yy,C. Matsima,Chrislain Matsima,24,Defender,France,Defender,131.0,29.0,2.0,160.0,1.0,3.0,2.0,2.0,13.0,34.0,360.0,1.0,8.0,0.0,1.0,1.0,0.0,0.0,0.0,9.0,1.0,2.0,0.0,0.0,2.0,0.0,92.49,28.57,0.0,50.0,100.0,59.09,61.54,50.0,0.1109008446353045,0.0334372207329964,0.0,0.0,0.0,0.0,1.0,0.0,0.11848105,117.0,32.75,7.25,0.5,40.0,0.25,0.75,0.5,0.5,3.25,8.5,0.25,2.0,0.0,0.25,0.25,0.0,0.0,0.0,2.25,0.25,0.5,0.0,0.0,0.5,0.0,92.49,28.57,0.0,50.0,100.0,59.09,61.54,50.0,0.0277252111588261,0.0083593051832491,0.0,0.0,0.0,0.0,0.25,0.0,0.0296202625,29.25,CB,50,7,3,30,50,100,75,75,27,87,65,37,42,27,40,38,25,42,97,73,25,12,45,35,50,87,17,45,55,98,40,63,18,27,43,38,17,17,22,17,10,17,57,50,7,3,20,38,100,75,75,23,73,58,35,42,23,35,38,25,42,97,67,23,12,45,30,50,87,17,45,55,98,40,63,18,27,43,38,17,17,22,17,10,17,57,Bundesliga
Augsburg,ex3psl8e3ajeypwjy4xfltpx6,e0ywbn79yd3cd9kfngcgffxg4,H. Behrens,Hennes Behrens,21,Defender,Germany,Defender,40.0,57.0,4.0,94.0,2.0,0.0,8.0,8.0,28.0,11.0,360.0,6.0,4.0,1.0,2.0,2.0,0.0,1.0,0.0,10.0,0.0,6.0,6.0,3.0,3.0,0.0,73.44,33.33,21.43,75.0,0.0,66.67,50.0,25.0,0.1287156423679268,0.225158959829494,0.0,3.0,0.1058917599999999,3.0,13.0,15.0,0.4848445999999999,64.0,10.0,14.25,1.0,23.5,0.5,0.0,2.0,2.0,7.0,2.75,1.5,1.0,0.25,0.5,0.5,0.0,0.25,0.0,2.5,0.0,1.5,1.5,0.75,0.75,0.0,73.44,33.33,21.43,75.0,0.0,66.67,50.0,25.0,0.0321789105919817,0.0562897399573735,0.0,0.75,0.0264729399999999,0.75,3.25,3.75,0.1212111499999999,16.0,LB/LCB,30,40,50,35,35,50,88,85,95,55,95,52,72,28,65,18,55,40,100,22,55,80,78,38,52,30,35,65,95,22,88,45,10,20,40,22,45,60,55,57,65,55,45,30,40,42,35,28,50,80,80,90,40,95,40,68,25,60,18,50,40,95,22,55,80,75,28,52,30,35,65,95,22,88,45,10,20,30,22,38,55,50,50,60,55,45,Bundesliga
Augsburg,ex3psl8e3ajeypwjy4xfltpx6,oivi495h0xuu6sw8i1ra6dpl,R. Fellhauer,Robin Fellhauer,28,Midfielder,Germany,Midfielder,18.0,30.0,0.0,46.0,4.0,0.0,5.0,5.0,7.0,3.0,304.0,0.0,3.0,0.0,6.0,4.0,2.0,3.0,2.0,1.0,3.0,6.0,1.0,2.0,1.0,0.0,64.79,0.0,33.33,0.0,50.0,30.43,50.0,33.33,0.7759658285101307,0.4156248278583954,2.0,3.0,0.07641872,3.0,5.0,6.0,0.3088373199999999,24.0,5.328947368421052,8.881578947368421,0.0,13.61842105263158,1.1842105263157894,0.0,1.480263157894737,1.480263157894737,2.0723684210526314,0.8881578947368421,0.0,0.8881578947368421,0.0,1.7763157894736843,1.1842105263157894,0.5921052631578947,0.8881578947368421,0.5921052631578947,0.2960526315789473,0.8881578947368421,1.7763157894736843,0.2960526315789473,0.5921052631578947,0.2960526315789473,0.0,64.79,0.0,33.33,0.0,50.0,30.43,50.0,33.33,0.2297267255457624,0.1230468240370249,0.5921052631578947,0.8881578947368421,0.0226239631578947,0.8881578947368421,1.480263157894737,1.7763157894736843,0.0914321013157894,7.105263157894737,CM/AM,9,4,4,4,24,52,63,61,4,44,13,54,33,52,61,46,74,89,20,72,37,6,50,20,50,4,4,54,13,74,4,59,13,70,33,65,15,15,35,7,7,26,7,4,7,4,4,22,52,63,63,4,44,13,52,33,52,59,48,78,93,19,78,33,7,48,19,50,4,4,54,13,74,4,59,13,67,30,67,15,15,30,7,11,22,4,Bundesliga
Bayern München,apoawtpvac4zqlancmvw4nk4o,2p1pns6j6id4nx3nbi7fv0wrt,Kim Min-Jae,Min-Jae Kim,29,Defender,Korea Republic,Defender,75.0,79.0,3.0,154.0,1.0,0.0,1.0,1.0,7.0,9.0,219.0,1.0,3.0,0.0,0.0,0.0,0.0,0.0,0.0,4.0,0.0,3.0,0.0,0.0,2.0,0.0,92.77,60.0,0.0,100.0,0.0,46.67,50.0,66.67,0.0,0.0,0.0,0.0,0.0,0.0,0.0,0.0,0.0,0.0,30.82191780821918,32.465753424657535,1.2328767123287672,63.28767123287672,0.4109589041095891,0.0,0.4109589041095891,0.4109589041095891,2.876712328767124,3.6986301369863015,0.4109589041095891,1.2328767123287672,0.0,0.0,0.0,0.0,0.0,0.0,1.6438356164383563,0.0,1.2328767123287672,0.0,0.0,0.8219178082191781,0.0,92.77,60.0,0.0,100.0,0.0,46.67,50.0,66.67,0.0,0.0,0.0,0.0,0.0,0.0,0.0,0.0,0.0,0.0,CB,13,60,7,27,50,48,55,55,3,10,65,7,42,8,15,38,25,42,30,33,37,12,45,35,50,93,80,45,88,33,30,25,45,8,20,38,17,17,22,8,10,8,8,37,93,23,80,73,48,67,67,10,17,83,13,42,8,15,38,25,42,63,33,53,12,45,57,50,93,80,45,88,33,30,25,45,8,20,38,17,17,22,8,10,8,8,Bundesliga
Bayern München,apoawtpvac4zqlancmvw4nk4o,582uvj0i3dvm0zwbou9q68pgp,A. Davies,Alphonso Davies,25,Defender,Canada,Defender,53.0,138.0,2.0,190.0,11.0,0.0,16.0,16.0,25.0,5.0,272.0,11.0,6.0,2.0,2.0,1.0,1.0,2.0,0.0,2.0,0.0,25.0,2.0,1.0,4.0,0.0,88.79,66.67,16.67,68.75,0.0,65.79,66.67,66.67,0.1439625329357072,0.9336605566277076,0.0,19.0,0.71158374,4.0,25.0,29.0,0.9206426599999998,96.0,17.536764705882355,45.66176470588236,0.6617647058823529,62.86764705882353,3.639705882352941,0.0,5.294117647058823,5.294117647058823,8.272058823529411,1.6544117647058825,3.639705882352941,1.9852941176470589,0.6617647058823529,0.6617647058823529,0.3308823529411764,0.3308823529411764,0.6617647058823529,0.0,0.6617647058823529,0.0,8.272058823529411,0.6617647058823529,0.3308823529411764,1.3235294117647058,0.0,88.79,66.67,16.67,68.75,0.0,65.79,66.67,66.67,0.0476346616331384,0.3089318018253444,0.0,6.286764705882353,0.2354505022058823,1.3235294117647058,8.272058823529411,9.595588235294118,0.3046244095588235,31.764705882352946,LB/LCB,50,95,20,95,90,50,100,100,80,18,100,82,90,28,40,52,80,40,18,22,100,35,45,52,52,75,100,45,90,22,80,88,57,35,85,22,95,95,72,98,100,85,85,50,100,20,100,95,50,100,100,100,15,100,85,90,35,55,50,90,40,20,22,100,35,50,60,52,75,100,45,90,22,80,88,57,45,85,22,95,100,80,100,100,95,95,Bundesliga
Bayern München,apoawtpvac4zqlancmvw4nk4o,5ch0r2awkzjfd4hv6kbw6c9gp,L. Díaz,Luis Díaz,29,Attacker,Colombia,Striker,22.0,134.0,2.0,155.0,5.0,0.0,19.0,20.0,18.0,0.0,268.0,9.0,4.0,0.0,12.0,9.0,3.0,4.0,1.0,0.0,5.0,37.0,3.0,1.0,2.0,0.0,89.08,50.0,100.0,47.37,41.67,40.0,66.67,100.0,2.757521695579327,0.4058497153117926,3.0,32.0,0.9374698799999998,9.0,3.0,11.0,0.55353764,47.0,7.388059701492537,45.0,0.6716417910447761,52.05223880597015,1.67910447761194,0.0,6.380597014925373,6.716417910447761,6.044776119402985,0.0,3.0223880597014925,1.343283582089552,0.0,4.029850746268656,3.0223880597014925,1.007462686567164,1.343283582089552,0.335820895522388,0.0,1.67910447761194,12.42537313432836,1.007462686567164,0.335820895522388,0.6716417910447761,0.0,89.08,50.0,100.0,47.37,41.67,40.0,66.67,100.0,0.9260334052318636,0.1362928148435124,1.007462686567164,10.746268656716415,0.3148219746268655,3.0223880597014925,1.007462686567164,3.694029850746269,0.1858895059701492,15.78358208955224,LW,64,100,59,100,68,55,82,82,82,23,95,86,32,95,91,64,86,59,18,100,100,45,64,50,55,82,64,95,64,55,36,77,86,100,73,59,100,100,100,59,86,82,91,73,100,64,100,64,55,91,91,82,23,91,91,32,100,91,64,91,55,18,91,100,45,64,55,55,82,64,95,64,55,36,77,86,100,73,55,100,100,100,64,91,91,100,Bundesliga
Bayern München,apoawtpvac4zqlancmvw4nk4o,97nv3y9z2ajz6b4ynoo0jn3kl,J. Kimmich,Joshua Kimmich,31,Midfielder,Germany,Midfielder,76.0,230.0,27.0,300.0,7.0,0.0,1.0,1.0,11.0,1.0,295.0,1.0,3.0,2.0,1.0,0.0,1.0,0.0,0.0,4.0,1.0,4.0,4.0,6.0,3.0,0.0,90.36,75.0,27.27,100.0,100.0,73.33,60.0,100.0,0.0451287846493482,0.941843086172668,1.0,15.0,0.30539863,3.0,44.0,44.0,1.2580767600000005,173.0,23.186440677966104,70.16949152542374,8.23728813559322,91.52542372881356,2.135593220338983,0.0,0.3050847457627119,0.3050847457627119,3.3559322033898304,0.3050847457627119,0.3050847457627119,0.9152542372881356,0.6101694915254238,0.3050847457627119,0.0,0.3050847457627119,0.0,0.0,1.2203389830508475,0.3050847457627119,1.2203389830508475,1.2203389830508475,1.8305084745762712,0.9152542372881356,0.0,90.36,75.0,27.27,100.0,100.0,73.33,60.0,100.0,0.0137681037913265,0.2873419584933563,0.3050847457627119,4.576271186440678,0.0931724633898305,0.9152542372881356,13.423728813559322,13.423728813559322,0.3838200284745764,52.77966101694916,CM/AM,89,96,100,93,70,52,22,20,30,7,33,54,91,9,9,22,9,30,69,31,11,61,89,63,50,89,85,48,89,100,100,81,89,7,78,31,93,74,35,100,100,96,93,89,100,100,96,67,52,22,22,33,7,33,59,93,11,9,22,9,30,70,26,15,63,89,67,50,89,85,48,89,100,100,81,89,7,81,41,96,78,33,100,100,100,100,Bundesliga
Bayern München,apoawtpvac4zqlancmvw4nk4o,9u0jnvttp25l5bp2pvx7pces,A. Pavlović,Aleksandar Pavlovic,22,Midfielder,Germany,Midfielder,101.0,239.0,11.0,340.0,7.0,0.0,4.0,4.0,15.0,3.0,311.0,4.0,5.0,1.0,6.0,3.0,3.0,3.0,1.0,5.0,2.0,11.0,2.0,0.0,4.0,0.0,91.64,64.71,0.0,100.0,33.33,53.57,71.43,100.0,0.5564644206909651,0.5286513766963243,1.0,32.0,0.8111099799999998,10.0,37.0,38.0,0.7524640700000003,178.0,29.22829581993569,69.16398713826366,3.183279742765273,98.39228295819936,2.02572347266881,0.0,1.157556270096463,1.157556270096463,4.340836012861736,0.8681672025723473,1.157556270096463,1.4469453376205788,0.2893890675241157,1.7363344051446945,0.8681672025723473,0.8681672025723473,0.8681672025723473,0.2893890675241157,1.4469453376205788,0.5787781350482315,3.183279742765273,0.5787781350482315,0.0,1.157556270096463,0.0,91.64,64.71,0.0,100.0,33.33,53.57,71.43,100.0,0.1610347198141056,0.1529859289474893,0.2893890675241157,9.260450160771704,0.2347263607717041,2.893890675241157,10.707395498392282,10.996784565916398,0.217754875562701,51.5112540192926,CM/AM,96,100,93,96,70,52,54,52,56,44,78,78,74,52,44,67,74,69,80,52,63,19,15,74,50,96,74,15,89,52,67,100,89,59,52,31,100,100,100,93,96,78,96,96,96,93,100,56,52,56,56,59,41,74,70,70,48,41,74,74,74,81,59,67,19,15,74,50,96,74,15,89,52,67,100,89,56,44,37,100,100,100,96,96,89,96,Bundesliga
Bayern München,apoawtpvac4zqlancmvw4nk4o,b9g4qurpll4wizajo95c406hh,H. Kane,Harry Kane,33,Attacker,England,Striker,15.0,45.0,6.0,60.0,8.0,0.0,6.0,6.0,11.0,1.0,296.0,3.0,1.0,1.0,16.0,10.0,6.0,8.0,3.0,1.0,5.0,25.0,6.0,0.0,0.0,0.0,76.92,46.15,0.0,50.0,31.25,50.0,16.67,0.0,1.538241285801766,0.6233670518353693,3.0,5.0,0.23721841,1.0,9.0,8.0,0.23346907,22.0,4.560810810810811,13.682432432432432,1.8243243243243243,18.24324324324325,2.4324324324324325,0.0,1.8243243243243243,1.8243243243243243,3.3445945945945947,0.304054054054054,0.9121621621621622,0.304054054054054,0.304054054054054,4.864864864864865,3.040540540540541,1.8243243243243243,2.4324324324324325,0.9121621621621622,0.304054054054054,1.5202702702702704,7.601351351351352,1.8243243243243243,0.0,0.0,0.0,76.92,46.15,0.0,50.0,31.25,50.0,16.67,0.0,0.4677084990613478,0.1895372792742677,0.9121621621621622,1.5202702702702704,0.0721272192567567,0.304054054054054,2.7364864864864864,2.4324324324324325,0.0709872172297297,6.6891891891891895,ST,55,86,98,69,100,52,74,69,45,24,71,12,81,93,71,95,100,76,71,64,88,90,45,26,52,81,48,45,50,29,90,14,26,76,100,79,86,86,48,100,93,71,79,48,90,95,71,100,52,71,67,29,24,71,10,81,95,67,95,100,81,71,57,90,90,45,26,52,81,48,45,50,29,90,14,26,86,100,76,81,95,43,100,90,76,81,Bundesliga
Bayern München,apoawtpvac4zqlancmvw4nk4o,m2c4lckkcr7yilnqxrrsgh2i,M. Olise,Michael Olise,24,Midfielder,France,Midfielder,28.0,162.0,4.0,183.0,10.0,0.0,23.0,28.0,24.0,0.0,303.0,11.0,0.0,1.0,17.0,9.0,8.0,3.0,4.0,2.0,9.0,32.0,9.0,7.0,2.0,0.0,86.32,100.0,31.82,47.83,52.94,54.55,0.0,50.0,1.961198331955784,1.2300740406950907,9.0,33.0,0.9880643,6.0,17.0,20.0,1.41343201,87.0,8.316831683168317,48.11881188118812,1.188118811881188,54.35643564356435,2.9702970297029703,0.0,6.831683168316832,8.316831683168317,7.128712871287129,0.0,3.267326732673267,0.0,0.297029702970297,5.0495049504950495,2.6732673267326734,2.376237623762376,0.8910891089108911,1.188118811881188,0.594059405940594,2.6732673267326734,9.504950495049505,2.6732673267326734,2.07920792079208,0.594059405940594,0.0,86.32,100.0,31.82,47.83,52.94,54.55,0.0,50.0,0.5825341580066685,0.3653685269391358,2.6732673267326734,9.801980198019802,0.2934844455445544,1.7821782178217822,5.0495049504950495,5.9405940594059405,0.4198312900990099,25.84158415841584,RM/RCM,62,100,69,100,88,56,100,100,75,12,100,19,81,100,100,100,88,100,75,100,100,88,75,44,56,100,94,50,50,100,81,19,38,100,88,100,100,100,88,100,100,100,100,38,100,62,100,88,56,100,100,88,12,100,19,75,100,100,100,88,100,75,100,100,88,75,38,56,100,94,50,50,100,81,19,38,100,88,100,100,100,88,100,100,100,100,Bundesliga
Bayern München,apoawtpvac4zqlancmvw4nk4o,x4qyxhfr2vi007sazoqe5vit,D. Upamecano,Dayot Upamecano,27,Defender,France,Defender,111.0,179.0,4.0,290.0,2.0,0.0,3.0,3.0,24.0,16.0,315.0,3.0,12.0,0.0,3.0,3.0,0.0,0.0,1.0,6.0,1.0,4.0,1.0,0.0,6.0,0.0,91.48,40.0,0.0,100.0,33.33,68.57,75.0,75.0,0.4597619009513185,0.1421612502918749,0.0,15.0,0.34780609,10.0,51.0,41.0,0.8194185799999995,208.0,31.714285714285715,51.142857142857146,1.1428571428571428,82.85714285714286,0.5714285714285714,0.0,0.8571428571428571,0.8571428571428571,6.857142857142857,4.571428571428571,0.8571428571428571,3.4285714285714284,0.0,0.8571428571428571,0.8571428571428571,0.0,0.0,0.2857142857142857,1.7142857142857142,0.2857142857142857,1.1428571428571428,0.2857142857142857,0.0,1.7142857142857142,0.0,91.48,40.0,0.0,100.0,33.33,68.57,75.0,75.0,0.1313605431289481,0.0406175000833928,0.0,4.285714285714286,0.0993731685714285,2.857142857142857,14.571428571428571,11.714285714285714,0.2341195942857141,59.42857142857143,CB,35,100,17,97,82,48,85,85,77,23,93,68,42,65,75,38,25,92,70,73,50,28,45,87,50,80,40,45,88,77,90,97,62,77,87,38,100,100,100,100,100,100,97,40,100,20,100,87,48,87,87,77,23,97,70,42,67,73,38,25,93,73,77,50,30,45,93,50,80,40,45,88,77,90,97,62,77,90,38,100,100,100,100,100,100,100,Bundesliga
Schalke 04,cz4a6wmzx2obyisadhgaccx7b,280b4j6oidfonglcbr2vlj59m,S. Tanaka,Satoshi Tanaka,24,Midfielder,Japan,Midfielder,18.0,27.0,0.0,45.0,0.0,0.0,2.0,2.0,15.0,8.0,258.0,2.0,0.0,0.0,3.0,2.0,1.0,3.0,0.0,9.0,0.0,3.0,7.0,0.0,2.0,0.0,62.5,0.0,0.0,100.0,0.0,53.57,0.0,33.33,0.2018841922796165,0.0,1.0,2.0,0.05508396,0.0,7.0,4.0,0.10763081,29.0,6.27906976744186,9.418604651162791,0.0,15.69767441860465,0.0,0.0,0.6976744186046512,0.6976744186046512,5.232558139534883,2.7906976744186047,0.6976744186046512,0.0,0.0,1.0465116279069768,0.6976744186046512,0.3488372093023256,1.0465116279069768,0.0,3.13953488372093,0.0,1.0465116279069768,2.441860465116279,0.0,0.6976744186046512,0.0,62.5,0.0,0.0,100.0,0.0,53.57,0.0,33.33,0.0704247182370755,0.0,0.3488372093023256,0.6976744186046512,0.0192153348837209,0.0,2.441860465116279,1.3953488372093024,0.0375456313953488,10.116279069767442,DM/CM,5,5,5,5,5,50,52,52,62,60,83,10,43,48,57,43,93,40,90,24,43,100,29,26,52,5,5,29,95,24,57,12,17,43,10,57,17,19,10,19,19,14,14,5,5,5,5,5,50,52,52,67,71,86,10,43,57,57,48,100,40,95,24,48,100,29,29,52,5,5,29,95,24,57,12,17,48,10,67,19,24,10,24,29,14,14,Bundesliga
Schalke 04,cz4a6wmzx2obyisadhgaccx7b,2qkesslfmzmgt7igvgosixg8a,A. Aouchiche,Adil Aouchiche,24,Midfielder,Algeria,Midfielder,25.0,48.0,4.0,69.0,9.0,0.0,6.0,6.0,13.0,5.0,329.0,3.0,5.0,0.0,10.0,5.0,5.0,2.0,1.0,7.0,5.0,10.0,2.0,4.0,2.0,0.0,73.4,44.44,26.67,50.0,50.0,40.62,45.45,66.67,0.9959066125641796,1.1288660363827183,2.0,4.0,0.1341577,2.0,10.0,11.0,0.72086295,36.0,6.838905775075988,13.130699088145898,1.094224924012158,18.87537993920973,2.462006079027356,0.0,1.6413373860182372,1.6413373860182372,3.556231003039514,1.3677811550151977,0.8206686930091186,1.3677811550151977,0.0,2.7355623100303954,1.3677811550151977,1.3677811550151977,0.547112462006079,0.2735562310030395,1.9148936170212767,1.3677811550151977,2.7355623100303954,0.547112462006079,1.094224924012158,0.547112462006079,0.0,73.4,44.44,26.67,50.0,50.0,40.62,45.45,66.67,0.2724364593640613,0.3088083382201965,0.547112462006079,1.094224924012158,0.0366996747720364,0.547112462006079,2.7355623100303954,3.009118541033435,0.1971965516717325,9.848024316109424,CM/AM,28,26,59,30,85,52,70,69,48,76,67,78,33,93,72,89,54,69,98,96,56,19,76,44,50,19,48,44,52,74,22,48,46,85,85,65,19,26,22,46,48,74,35,19,11,56,11,81,52,67,67,41,78,63,67,33,85,70,85,52,70,93,93,56,11,78,48,50,19,48,44,52,74,22,48,46,85,89,63,19,19,19,41,41,78,19,Bundesliga
Schalke 04,cz4a6wmzx2obyisadhgaccx7b,3ujlvpg5xlbtexe2h2oy5qcx5,N. Katić,Nikola Katic,29,Defender,Bosnia and Herzegovina,Defender,64.0,32.0,4.0,94.0,2.0,0.0,1.0,1.0,37.0,54.0,346.0,0.0,25.0,0.0,1.0,1.0,0.0,0.0,0.0,4.0,0.0,12.0,2.0,2.0,7.0,0.0,75.81,33.33,100.0,0.0,0.0,71.15,73.53,70.0,0.1191896863753546,0.1263406236299608,0.0,4.0,0.32631812,0.0,4.0,5.0,0.15827863,62.0,16.647398843930635,8.323699421965317,1.0404624277456649,24.45086705202312,0.5202312138728323,0.0,0.2601156069364161,0.2601156069364161,9.624277456647398,14.046242774566474,0.0,6.502890173410404,0.0,0.2601156069364161,0.2601156069364161,0.0,0.0,0.0,1.0404624277456649,0.0,3.121387283236994,0.5202312138728323,0.5202312138728323,1.8208092485549128,0.0,75.81,33.33,100.0,0.0,0.0,71.15,73.53,70.0,0.0310030976120864,0.0328631679962325,0.0,1.0404624277456649,0.0848804358381502,0.0,1.0404624277456649,1.300578034682081,0.0411707419075144,16.1271676300578,CB,10,10,17,3,82,48,55,55,100,100,23,98,42,27,40,38,25,42,30,33,93,47,97,97,50,3,23,98,23,33,97,90,53,33,80,38,68,97,22,20,27,20,20,7,10,13,3,83,48,53,53,100,100,23,100,42,33,47,38,25,42,30,33,93,57,97,97,50,3,23,98,23,33,97,90,53,33,83,38,70,97,22,20,30,20,20,Bundesliga
Schalke 04,cz4a6wmzx2obyisadhgaccx7b,4octqavtgpv5u1rnpss898nah,M. Sylla,Moussa Sylla,26,Attacker,Mali,Striker,11.0,8.0,1.0,19.0,2.0,0.0,3.0,3.0,9.0,1.0,208.0,1.0,3.0,0.0,5.0,4.0,1.0,1.0,0.0,0.0,2.0,9.0,3.0,0.0,0.0,0.0,55.88,100.0,0.0,33.33,40.0,32.14,18.75,0.0,0.7680686697704209,0.1686148805758467,2.0,0.0,0.0,0.0,1.0,2.0,0.02787192,7.0,4.759615384615385,3.4615384615384617,0.4326923076923077,8.221153846153847,0.8653846153846154,0.0,1.2980769230769231,1.2980769230769231,3.8942307692307696,0.4326923076923077,0.4326923076923077,1.2980769230769231,0.0,2.1634615384615388,1.7307692307692308,0.4326923076923077,0.4326923076923077,0.0,0.0,0.8653846153846154,3.8942307692307696,1.2980769230769231,0.0,0.0,0.0,55.88,100.0,0.0,33.33,40.0,32.14,18.75,0.0,0.3323374051891244,0.0729583617876259,0.8653846153846154,0.0,0.0,0.0,0.4326923076923077,0.8653846153846154,0.0120599653846153,3.028846153846154,ST,36,5,43,5,21,52,40,38,26,24,33,31,36,21,24,38,24,19,26,31,24,52,45,26,52,5,90,45,26,43,33,19,26,38,29,67,10,10,17,12,17,5,5,52,5,43,10,33,52,55,50,52,33,43,36,36,24,24,48,29,19,26,43,43,69,45,26,52,5,90,45,26,43,33,19,26,43,38,71,10,10,17,14,21,5,5,Bundesliga
Schalke 04,cz4a6wmzx2obyisadhgaccx7b,4xybfmps23nlo5trvgstoftux,T. Becker,Timo Becker,29,Defender,Germany,Defender,59.0,36.0,10.0,94.0,0.0,0.0,0.0,1.0,26.0,28.0,332.0,0.0,12.0,0.0,0.0,0.0,0.0,0.0,0.0,4.0,0.0,0.0,1.0,1.0,12.0,0.0,71.21,35.71,100.0,0.0,0.0,68.42,80.0,92.31,0.0,0.0,0.0,0.0,0.0,0.0,0.0,0.0,0.0,0.0,15.993975903614457,9.759036144578312,2.710843373493976,25.48192771084337,0.0,0.0,0.0,0.2710843373493976,7.048192771084337,7.590361445783132,0.0,3.2530120481927707,0.0,0.0,0.0,0.0,0.0,0.0,1.0843373493975903,0.0,0.0,0.2710843373493976,0.2710843373493976,3.2530120481927707,0.0,71.21,35.71,100.0,0.0,0.0,68.42,80.0,92.31,0.0,0.0,0.0,0.0,0.0,0.0,0.0,0.0,0.0,0.0,RB/RCB,50,26,93,43,7,52,10,21,95,95,12,95,33,12,17,29,31,45,55,26,10,17,43,100,52,14,38,98,12,26,95,95,81,12,7,29,10,10,12,7,7,7,7,43,14,81,24,7,52,10,24,95,95,12,95,33,12,17,29,31,45,48,26,10,14,43,100,52,14,38,98,12,26,95,95,81,12,7,29,10,10,12,7,7,7,7,Bundesliga
Schalke 04,cz4a6wmzx2obyisadhgaccx7b,9qow77e16pvlb3860yjpydryt,R. Gosens,Robin Gosens,32,Defender,Germany,Defender,26.0,20.0,2.0,46.0,1.0,0.0,1.0,1.0,16.0,10.0,243.0,0.0,4.0,0.0,4.0,3.0,1.0,0.0,1.0,4.0,1.0,7.0,3.0,0.0,9.0,0.0,63.01,18.18,0.0,0.0,25.0,64.0,57.14,100.0,0.392120537948577,0.0622021629603257,0.0,0.0,0.0,0.0,3.0,3.0,0.1836239399999999,25.0,9.62962962962963,7.4074074074074066,0.7407407407407407,17.037037037037035,0.3703703703703703,0.0,0.3703703703703703,0.3703703703703703,5.925925925925926,3.7037037037037033,0.0,1.4814814814814814,0.0,1.4814814814814814,1.111111111111111,0.3703703703703703,0.0,0.3703703703703703,1.4814814814814814,0.3703703703703703,2.592592592592593,1.111111111111111,0.0,3.333333333333333,0.0,63.01,18.18,0.0,0.0,25.0,64.0,57.14,100.0,0.1452298288698433,0.0230378381334539,0.0,0.0,0.0,0.0,1.111111111111111,1.111111111111111,0.0680088666666666,9.25925925925926,LB/LCB,15,5,20,10,15,50,15,15,45,42,15,52,32,78,82,52,22,90,45,62,70,60,15,88,52,5,15,15,15,52,70,62,98,75,20,22,8,8,8,8,5,5,10,25,5,25,10,20,50,15,15,65,80,15,65,32,95,90,65,22,100,65,80,75,65,15,100,52,5,15,15,15,52,70,62,98,85,20,22,8,8,8,5,5,25,20,Bundesliga
Schalke 04,cz4a6wmzx2obyisadhgaccx7b,em3hp3y4xma6guuplqgpqf7c9,H. Kuruçay,Hasan Kuruçay,29,Defender,Türkiye,Defender,63.0,37.0,13.0,100.0,0.0,1.0,1.0,1.0,24.0,22.0,316.0,1.0,4.0,0.0,0.0,0.0,0.0,0.0,0.0,1.0,0.0,0.0,1.0,0.0,14.0,0.0,78.74,50.0,0.0,100.0,0.0,60.0,36.36,77.78,0.0,0.0,0.0,0.0,0.0,0.0,0.0,0.0,0.0,0.0,17.943037974683545,10.537974683544304,3.702531645569621,28.481012658227847,0.0,0.2848101265822785,0.2848101265822785,0.2848101265822785,6.835443037974684,6.265822784810126,0.2848101265822785,1.139240506329114,0.0,0.0,0.0,0.0,0.0,0.0,0.2848101265822785,0.0,0.0,0.2848101265822785,0.0,3.987341772151898,0.0,78.74,50.0,0.0,100.0,0.0,60.0,36.36,77.78,0.0,0.0,0.0,0.0,0.0,0.0,0.0,0.0,0.0,0.0,CB,7,22,75,7,13,97,55,55,77,43,65,13,42,8,15,38,25,42,7,33,10,28,45,100,50,10,65,45,88,33,53,7,70,8,20,38,17,17,22,8,10,8,8,10,23,80,10,13,97,60,60,73,50,77,10,42,8,15,38,25,42,10,33,10,27,45,100,50,10,65,45,88,33,53,7,70,8,20,38,17,17,22,8,10,8,8,Bundesliga
Schalke 04,cz4a6wmzx2obyisadhgaccx7b,f5lfo1hz7u5bk494w53arcacq,J. Dina Ebimbe,Junior Dina Ebimbe,25,Midfielder,Cameroon,Midfielder,20.0,23.0,1.0,42.0,4.0,0.0,8.0,8.0,26.0,12.0,252.0,4.0,6.0,0.0,3.0,2.0,1.0,0.0,0.0,1.0,1.0,6.0,3.0,1.0,6.0,0.0,73.68,16.67,50.0,50.0,33.33,50.98,46.15,46.15,0.2247650366164637,0.3450672839435901,2.0,3.0,0.06660681,0.0,6.0,7.0,0.1838534599999999,20.0,7.142857142857143,8.214285714285715,0.3571428571428571,15.000000000000002,1.4285714285714286,0.0,2.857142857142857,2.857142857142857,9.285714285714286,4.285714285714286,1.4285714285714286,2.142857142857143,0.0,1.0714285714285714,0.7142857142857143,0.3571428571428571,0.0,0.0,0.3571428571428571,0.3571428571428571,2.142857142857143,1.0714285714285714,0.3571428571428571,2.142857142857143,0.0,73.68,16.67,50.0,50.0,33.33,50.98,46.15,46.15,0.0802732273630227,0.1232383156941393,0.7142857142857143,1.0714285714285714,0.0237881464285714,0.0,2.142857142857143,2.5,0.0656619499999999,7.142857142857143,RM/RCM,25,12,25,12,44,56,88,88,100,88,81,94,38,38,50,56,25,44,38,56,56,50,19,75,56,38,12,88,69,62,50,75,25,25,38,69,25,25,25,69,38,25,12,25,25,25,12,50,56,88,88,100,100,88,88,38,38,62,62,25,44,38,62,62,50,25,100,56,38,12,88,69,62,50,75,25,50,38,75,38,25,25,75,38,25,12,Bundesliga
Schalke 04,cz4a6wmzx2obyisadhgaccx7b,w83pbf7srb9c2wkqn01a75lg,S. El-Faouzi,Soufiane El-Faouzi,24,Midfielder,Morocco,Midfielder,56.0,55.0,2.0,110.0,3.0,0.0,11.0,11.0,26.0,5.0,360.0,7.0,2.0,0.0,5.0,2.0,3.0,0.0,0.0,5.0,3.0,5.0,5.0,1.0,5.0,0.0,71.43,16.67,25.0,63.64,60.0,44.83,18.18,41.67,0.3259408869332929,0.3578626187313513,1.0,10.0,0.3221043899999999,6.0,11.0,9.0,0.5747725400000001,52.0,14.0,13.75,0.5,27.5,0.75,0.0,2.75,2.75,6.5,1.25,1.75,0.5,0.0,1.25,0.5,0.75,0.0,0.0,1.25,0.75,1.25,1.25,0.25,1.25,0.0,71.43,16.67,25.0,63.64,60.0,44.83,18.18,41.67,0.0814852217333232,0.0894656546828378,0.25,2.5,0.0805260974999999,1.5,2.75,2.25,0.143693135,13.0,CM/AM,78,46,28,56,17,52,81,80,100,76,94,41,33,35,31,67,9,30,80,72,22,74,33,80,50,11,7,39,70,85,37,22,26,33,26,31,72,78,80,54,35,63,52,78,15,19,44,15,52,78,78,93,67,93,39,33,19,30,54,9,30,74,63,19,67,30,78,50,11,7,39,70,85,37,22,26,26,19,17,56,67,70,44,26,52,41,Bundesliga
Hamburger SV,75xi6hloabmnjn2kzgj1g8h1s,31bs2qi2aa9in77z0iftbkk8a,D. Møller Wolfe,David Møller Wolfe,24,Defender,Norway,Defender,19.0,23.0,3.0,42.0,2.0,0.0,2.0,3.0,4.0,3.0,251.0,0.0,2.0,0.0,4.0,3.0,1.0,3.0,0.0,2.0,1.0,7.0,2.0,0.0,0.0,0.0,68.85,60.0,0.0,0.0,25.0,30.77,66.67,0.0,0.3233282265172216,0.2058660690146926,1.0,2.0,0.03805479,1.0,4.0,4.0,0.22106878,18.0,6.812749003984064,8.247011952191235,1.0756972111553786,15.0597609561753,0.7171314741035857,0.0,0.7171314741035857,1.0756972111553786,1.4342629482071714,1.0756972111553786,0.0,0.7171314741035857,0.0,1.4342629482071714,1.0756972111553786,0.3585657370517928,1.0756972111553786,0.0,0.7171314741035857,0.3585657370517928,2.50996015936255,0.7171314741035857,0.0,0.0,0.0,68.85,60.0,0.0,0.0,25.0,30.77,66.67,0.0,0.1159344238507966,0.0738165187702085,0.3585657370517928,0.7171314741035857,0.0136451438247011,0.3585657370517928,1.4342629482071714,1.4342629482071714,0.0792676900398406,6.454183266932271,LB/LCB,5,10,35,5,35,50,25,38,8,8,15,22,32,78,82,52,98,40,18,62,70,35,15,5,52,15,88,15,15,52,10,88,5,65,30,60,25,28,20,15,12,25,5,5,10,50,5,45,50,30,55,10,10,15,25,32,90,85,60,95,40,25,75,70,45,15,5,52,15,88,15,15,52,10,88,5,65,60,70,30,30,20,15,10,40,5,Bundesliga
Hamburger SV,75xi6hloabmnjn2kzgj1g8h1s,375gnysvjk9bvq02ex1lkmynd,A. Sambi Lokonga,Albert Sambi Lokonga,26,Midfielder,Belgium,Midfielder,65.0,49.0,4.0,113.0,2.0,0.0,2.0,2.0,12.0,4.0,257.0,1.0,2.0,0.0,1.0,1.0,0.0,0.0,0.0,0.0,0.0,2.0,4.0,1.0,3.0,0.0,88.28,66.67,50.0,50.0,0.0,54.55,40.0,60.0,0.0,0.0,0.0,0.0,0.0,0.0,0.0,0.0,0.0,0.0,22.762645914396888,17.15953307392996,1.4007782101167314,39.57198443579767,0.7003891050583657,0.0,0.7003891050583657,0.7003891050583657,4.202334630350195,1.4007782101167314,0.3501945525291828,0.7003891050583657,0.0,0.3501945525291828,0.3501945525291828,0.0,0.0,0.0,0.0,0.0,0.7003891050583657,1.4007782101167314,0.3501945525291828,1.050583657587549,0.0,88.28,66.67,50.0,50.0,0.0,54.55,40.0,60.0,0.0,0.0,0.0,0.0,0.0,0.0,0.0,0.0,0.0,0.0,DM/CM,52,19,43,29,43,50,52,52,43,31,57,48,43,24,43,17,21,40,7,24,36,67,64,52,52,52,79,83,74,24,64,45,67,10,10,19,7,7,10,7,7,7,7,86,38,52,57,48,50,57,57,52,29,57,52,43,29,52,17,21,40,7,24,33,76,71,57,52,52,79,83,74,24,64,45,67,10,10,19,7,7,10,7,7,7,7,Bundesliga
Hamburger SV,75xi6hloabmnjn2kzgj1g8h1s,6rxd6ltpl30qmksb5fkwrl756,N. Capaldo,Nicolás Capaldo,28,Midfielder,Argentina,Midfielder,48.0,49.0,5.0,94.0,2.0,0.0,2.0,2.0,25.0,14.0,360.0,0.0,2.0,0.0,2.0,2.0,0.0,0.0,1.0,11.0,1.0,3.0,11.0,3.0,8.0,0.0,70.15,23.81,75.0,0.0,50.0,43.86,13.33,66.67,0.2935617260678315,0.2208087547512788,0.0,4.0,0.11899436,4.0,6.0,9.0,0.3281420499999999,59.0,12.0,12.25,1.25,23.5,0.5,0.0,0.5,0.5,6.25,3.5,0.0,0.5,0.0,0.5,0.5,0.0,0.0,0.25,2.75,0.25,0.75,2.75,0.75,2.0,0.0,70.15,23.81,75.0,0.0,50.0,43.86,13.33,66.67,0.0733904315169578,0.0552021886878197,0.0,1.0,0.02974859,1.0,1.5,2.25,0.0820355124999999,14.75,RM/RCM,100,69,94,88,12,56,25,19,88,100,19,38,38,25,50,25,25,88,100,56,19,100,38,100,56,12,38,100,19,81,25,38,50,62,12,25,44,50,75,69,62,38,88,100,38,75,62,12,56,25,12,75,88,19,38,38,25,38,25,25,88,100,38,12,100,38,75,56,12,38,100,19,81,25,38,50,25,12,25,25,50,62,62,25,38,75,Bundesliga
Hamburger SV,75xi6hloabmnjn2kzgj1g8h1s,849wrp9wm8cjyrbshlaukyz56,N. Remberg,Nicolai Remberg,26,Midfielder,Germany,Midfielder,83.0,67.0,2.0,150.0,1.0,0.0,1.0,1.0,12.0,12.0,360.0,0.0,5.0,0.0,3.0,1.0,2.0,0.0,0.0,5.0,1.0,4.0,3.0,0.0,3.0,0.0,90.36,50.0,0.0,0.0,33.33,50.0,55.56,75.0,0.256175574306922,0.056524502041632,1.0,4.0,0.07864404,1.0,17.0,10.0,0.2833814099999999,81.0,20.75,16.75,0.5,37.5,0.25,0.0,0.25,0.25,3.0,3.0,0.0,1.25,0.0,0.75,0.25,0.5,0.0,0.0,1.25,0.25,1.0,0.75,0.0,0.75,0.0,90.36,50.0,0.0,0.0,33.33,50.0,55.56,75.0,0.0640438935767305,0.014131125510408,0.25,1.0,0.01966101,0.25,4.25,2.5,0.0708453524999999,20.25,DM/CM,76,55,21,67,19,50,31,29,43,86,21,83,43,48,43,69,21,40,50,60,48,48,29,52,52,81,40,29,21,67,40,74,100,52,29,57,45,33,33,76,50,62,67,57,33,19,48,12,50,21,19,29,81,21,67,43,38,33,60,21,40,40,50,43,38,29,38,52,81,40,29,21,67,40,74,100,43,24,45,33,29,24,57,45,48,57,Bundesliga
Hamburger SV,75xi6hloabmnjn2kzgj1g8h1s,biuovem90utcyzda58nixtaay,A. Grønbæk,Albert Grønbæk,25,Midfielder,Denmark,Midfielder,32.0,54.0,6.0,82.0,6.0,0.0,11.0,11.0,23.0,1.0,337.0,5.0,1.0,2.0,3.0,0.0,3.0,1.0,0.0,1.0,2.0,5.0,10.0,4.0,6.0,0.0,76.64,60.0,25.0,45.45,66.67,47.92,25.0,85.71,0.1370663567650443,0.8055532720904932,2.0,7.0,0.19568236,7.0,7.0,10.0,0.5391095199999998,36.0,8.5459940652819,14.421364985163205,1.602373887240356,21.899109792284868,1.602373887240356,0.0,2.9376854599406528,2.9376854599406528,6.142433234421365,0.2670623145400593,1.3353115727002969,0.2670623145400593,0.5341246290801187,0.8011869436201781,0.0,0.8011869436201781,0.2670623145400593,0.0,0.2670623145400593,0.5341246290801187,1.3353115727002969,2.6706231454005933,1.0682492581602374,1.602373887240356,0.0,76.64,60.0,25.0,45.45,66.67,47.92,25.0,85.71,0.0366052584832462,0.2151329213298053,0.5341246290801187,1.869436201780416,0.0522593839762611,1.869436201780416,1.869436201780416,2.6706231454005933,0.1439758362017803,9.614243323442135,CM/AM,41,39,76,41,56,52,81,80,94,7,81,26,91,15,9,67,30,30,20,52,22,100,76,89,50,26,70,39,37,94,48,26,72,15,74,65,31,41,89,28,43,56,35,37,22,78,19,41,52,85,81,85,4,81,22,89,15,9,70,30,30,11,56,22,100,74,85,50,26,70,39,37,94,48,26,72,15,67,59,22,44,89,15,37,56,15,Bundesliga
Hamburger SV,75xi6hloabmnjn2kzgj1g8h1s,cxs294yvxtp9qxbgosgdb7ris,Z. El Ouahdi,Zakaria El Ouahdi,24,Defender,Morocco,Defender,34.0,35.0,1.0,69.0,1.0,0.0,5.0,5.0,15.0,8.0,256.0,3.0,0.0,0.0,2.0,2.0,0.0,0.0,0.0,2.0,1.0,2.0,6.0,0.0,2.0,0.0,78.41,14.29,0.0,60.0,50.0,55.56,0.0,33.33,0.1798337092247849,0.0600954717588773,0.0,5.0,0.10829496,1.0,5.0,3.0,0.1257168199999999,31.0,11.953125,12.3046875,0.3515625,24.2578125,0.3515625,0.0,1.7578125,1.7578125,5.2734375,2.8125,1.0546875,0.0,0.0,0.703125,0.703125,0.0,0.0,0.0,0.703125,0.3515625,0.703125,2.109375,0.0,0.703125,0.0,78.41,14.29,0.0,60.0,50.0,55.56,0.0,33.33,0.0632227883993384,0.0211273142902303,0.0,1.7578125,0.038072446875,0.3515625,1.7578125,1.0546875,0.0441973195312499,10.8984375,RB/RCB,24,17,10,10,26,52,57,57,38,43,76,12,33,48,62,29,31,45,29,67,29,93,17,21,52,38,10,17,69,83,33,14,7,48,19,29,76,67,33,31,17,14,29,29,29,10,14,33,52,67,67,57,57,86,12,33,62,71,29,31,45,38,81,29,95,17,29,52,38,10,17,69,83,33,14,7,48,19,29,81,71,43,43,19,14,29,Bundesliga
Hamburger SV,75xi6hloabmnjn2kzgj1g8h1s,fs5utga62tud5s06xj27qdat,J. Torunarigha,Jordan Torunarigha,29,Defender,Nigeria,Defender,96.0,19.0,7.0,115.0,0.0,0.0,0.0,0.0,13.0,27.0,307.0,0.0,10.0,0.0,0.0,0.0,0.0,0.0,0.0,6.0,0.0,0.0,0.0,0.0,1.0,0.0,82.14,38.89,0.0,0.0,0.0,40.62,58.82,33.33,0.0,0.0,0.0,0.0,0.0,0.0,0.0,0.0,0.0,0.0,28.143322475570034,5.570032573289902,2.052117263843648,33.71335504885994,0.0,0.0,0.0,0.0,3.811074918566776,7.915309446254072,0.0,2.931596091205212,0.0,0.0,0.0,0.0,0.0,0.0,1.7589576547231272,0.0,0.0,0.0,0.0,0.2931596091205212,0.0,82.14,38.89,0.0,0.0,0.0,40.62,58.82,33.33,0.0,0.0,0.0,0.0,0.0,0.0,0.0,0.0,0.0,0.0,CB,22,3,37,13,13,48,22,22,27,62,23,47,42,8,15,38,25,42,70,33,10,12,45,13,50,20,30,45,23,33,7,47,5,8,20,38,17,17,22,8,10,8,8,20,3,40,13,13,48,22,22,33,70,23,60,42,8,15,38,25,42,80,33,10,12,45,20,50,20,30,45,23,33,7,47,5,8,20,38,17,17,22,8,10,8,8,Bundesliga
Hamburger SV,75xi6hloabmnjn2kzgj1g8h1s,otz9c2ifww514ummo10nfoix,P. Daka,Patson Daka,27,Attacker,Zambia,Striker,13.0,19.0,0.0,32.0,4.0,0.0,3.0,3.0,14.0,3.0,208.0,3.0,3.0,0.0,8.0,5.0,3.0,2.0,0.0,1.0,0.0,12.0,3.0,0.0,3.0,0.0,71.11,0.0,0.0,100.0,0.0,56.0,30.0,60.0,0.7183256352208858,0.2248391572262516,3.0,0.0,0.0,1.0,2.0,2.0,0.0770390799999998,12.0,5.625000000000001,8.221153846153847,0.0,13.846153846153848,1.7307692307692308,0.0,1.2980769230769231,1.2980769230769231,6.057692307692308,1.2980769230769231,1.2980769230769231,1.2980769230769231,0.0,3.4615384615384617,2.1634615384615388,1.2980769230769231,0.8653846153846154,0.0,0.4326923076923077,0.0,5.1923076923076925,1.2980769230769231,0.0,1.2980769230769231,0.0,71.11,0.0,0.0,100.0,0.0,56.0,30.0,60.0,0.3108139767782679,0.0972861737998204,1.2980769230769231,0.0,0.0,0.4326923076923077,0.8653846153846154,0.8653846153846154,0.0333342173076922,5.1923076923076925,ST,45,26,19,29,60,52,40,38,62,62,71,31,36,40,31,81,50,19,71,5,40,52,45,98,52,52,19,45,98,5,100,50,62,33,48,79,10,10,48,29,17,19,31,62,29,19,43,81,52,55,50,81,81,81,36,36,62,43,90,67,19,86,5,48,69,45,100,52,52,19,45,98,5,100,50,62,38,62,81,10,10,62,38,21,19,48,Bundesliga
RB Leipzig,9gefq4dz9b2hl8rqrxwrlrzmp,1j0a3ml1zglc9s31yentfckb9,C. Nkunku,Christopher Nkunku,28,Attacker,France,Striker,23.0,61.0,1.0,84.0,5.0,0.0,5.0,5.0,12.0,0.0,249.0,2.0,3.0,1.0,8.0,8.0,0.0,2.0,1.0,0.0,4.0,11.0,5.0,0.0,1.0,0.0,92.31,100.0,0.0,40.0,50.0,57.14,75.0,50.0,0.9201685624690136,0.3421928953345068,1.0,7.0,0.15113645,2.0,7.0,13.0,0.37028021,36.0,8.313253012048193,22.04819277108433,0.3614457831325301,30.36144578313253,1.8072289156626504,0.0,1.8072289156626504,1.8072289156626504,4.337349397590361,0.0,0.7228915662650602,1.0843373493975903,0.3614457831325301,2.891566265060241,2.891566265060241,0.0,0.7228915662650602,0.3614457831325301,0.0,1.4457831325301205,3.975903614457832,1.8072289156626504,0.0,0.3614457831325301,0.0,92.31,100.0,0.0,40.0,50.0,57.14,75.0,50.0,0.332591046675547,0.1236841790365687,0.3614457831325301,2.5301204819277108,0.0546276325301204,0.7228915662650602,2.5301204819277108,4.698795180722891,0.1338362204819277,13.012048192771084,LW,77,82,36,73,68,55,32,27,27,23,27,73,64,50,82,18,41,59,18,82,27,64,27,18,55,100,95,27,45,77,91,91,23,82,64,32,41,18,50,91,100,55,73,82,91,36,82,73,55,45,45,55,23,27,82,64,64,82,18,45,73,18,82,36,73,27,9,55,100,95,27,45,77,91,91,23,82,64,45,55,27,55,100,100,73,82,Bundesliga
RB Leipzig,9gefq4dz9b2hl8rqrxwrlrzmp,23l48u4w5nj4036whjm3s49gp,R. Baku,Ridle Baku,28,Defender,Germany,Defender,62.0,113.0,10.0,174.0,1.0,0.0,11.0,12.0,20.0,13.0,263.0,5.0,5.0,0.0,5.0,3.0,2.0,2.0,2.0,2.0,2.0,11.0,6.0,1.0,2.0,0.0,82.46,52.63,9.09,45.45,40.0,60.61,83.33,50.0,0.6060978275630382,0.1259342591490252,2.0,9.0,0.19956258,8.0,14.0,17.0,0.54018902,84.0,21.216730038022813,38.66920152091255,3.422053231939164,59.543726235741445,0.3422053231939164,0.0,3.76425855513308,4.106463878326997,6.844106463878328,4.448669201520913,1.711026615969582,1.711026615969582,0.0,1.711026615969582,1.0266159695817492,0.6844106463878328,0.6844106463878328,0.6844106463878328,0.6844106463878328,0.6844106463878328,3.76425855513308,2.0532319391634983,0.3422053231939164,0.6844106463878328,0.0,82.46,52.63,9.09,45.45,40.0,60.61,83.33,50.0,0.20740990296834,0.0430953738532785,0.6844106463878328,3.0798479087452475,0.0682913771863117,2.737642585551331,4.790874524714829,5.817490494296578,0.1848555581749049,28.74524714828897,RB/RCB,57,100,93,90,26,52,95,95,74,71,93,69,33,90,83,86,93,98,29,90,100,93,43,21,52,57,86,38,43,67,57,100,24,95,29,90,98,90,100,95,93,57,86,62,100,100,100,24,52,95,95,90,76,95,76,33,100,95,90,95,100,33,90,100,90,52,24,52,57,86,38,43,67,57,100,24,100,29,90,100,95,100,100,100,62,100,Bundesliga
RB Leipzig,9gefq4dz9b2hl8rqrxwrlrzmp,2uz1cmslnjjzsgfcgji26kqg9,D. Raum,David Raum,28,Defender,Germany,Defender,87.0,143.0,7.0,215.0,17.0,0.0,2.0,2.0,4.0,9.0,360.0,0.0,1.0,0.0,3.0,0.0,3.0,2.0,0.0,5.0,1.0,5.0,0.0,15.0,3.0,0.0,89.58,50.0,33.33,0.0,33.33,22.22,0.0,100.0,0.1341495278900661,1.887788534876022,1.0,16.0,0.37507329,5.0,25.0,21.0,1.0854133600000009,104.0,21.75,35.75,1.75,53.75,4.25,0.0,0.5,0.5,1.0,2.25,0.0,0.25,0.0,0.75,0.0,0.75,0.5,0.0,1.25,0.25,1.25,0.0,3.75,0.75,0.0,89.58,50.0,33.33,0.0,33.33,22.22,0.0,100.0,0.0335373819725165,0.4719471337190055,0.25,4.0,0.0937683225,1.25,6.25,5.25,0.2713533400000002,26.0,LB/LCB,80,100,88,100,100,50,25,22,8,35,15,10,32,50,12,88,80,40,60,62,42,8,100,38,52,90,80,82,15,62,5,8,98,25,95,60,90,85,88,98,85,95,95,70,95,80,90,100,50,20,20,5,30,15,5,32,42,12,85,70,40,55,50,35,8,100,28,52,90,80,82,15,62,5,8,98,25,95,50,85,80,75,90,80,90,75,Bundesliga
RB Leipzig,9gefq4dz9b2hl8rqrxwrlrzmp,307whzq643o50rd4g8niobyay,N. Seiwald,Nicolas Seiwald,25,Midfielder,Austria,Midfielder,31.0,62.0,2.0,93.0,1.0,0.0,1.0,1.0,6.0,3.0,203.0,1.0,0.0,0.0,0.0,0.0,0.0,0.0,0.0,4.0,0.0,2.0,0.0,0.0,3.0,0.0,89.42,33.33,0.0,100.0,0.0,54.55,0.0,60.0,0.0,0.0468579238233411,0.0,3.0,0.0609883799999999,3.0,13.0,7.0,0.27006391,56.0,13.74384236453202,27.48768472906404,0.8866995073891626,41.23152709359606,0.4433497536945813,0.0,0.4433497536945813,0.4433497536945813,2.6600985221674875,1.3300492610837438,0.4433497536945813,0.0,0.0,0.0,0.0,0.0,0.0,0.0,1.7733990147783252,0.0,0.8866995073891626,0.0,0.0,1.3300492610837438,0.0,89.42,33.33,0.0,100.0,0.0,54.55,0.0,60.0,0.0,0.0207744489857177,0.0,1.3300492610837438,0.0270391832512314,1.3300492610837438,5.763546798029557,3.103448275862069,0.1197327679802955,24.82758620689655,DM/CM,14,43,21,19,19,50,31,29,5,17,57,10,43,7,17,17,21,40,38,24,36,7,29,52,52,76,24,29,95,24,64,12,67,10,24,19,31,29,79,52,33,57,24,14,76,24,62,29,50,43,43,19,24,71,10,43,7,17,17,21,40,71,24,38,7,29,69,52,76,24,29,95,24,64,12,67,10,33,19,50,43,95,90,52,67,71,Bundesliga
RB Leipzig,9gefq4dz9b2hl8rqrxwrlrzmp,3e4s03gec7n4fe7llngv6hel0,T. Gomis,Tidiam Gomis,20,Attacker,France,Striker,16.0,48.0,3.0,63.0,6.0,0.0,16.0,16.0,11.0,1.0,229.0,4.0,1.0,2.0,10.0,8.0,2.0,3.0,1.0,0.0,2.0,15.0,4.0,1.0,2.0,0.0,80.77,100.0,33.33,25.0,20.0,32.35,14.29,100.0,0.961145550958178,0.4438546682848948,2.0,6.0,0.19384061,3.0,5.0,5.0,0.41939924,21.0,6.2882096069869,18.8646288209607,1.1790393013100438,24.75982532751092,2.3580786026200875,0.0,6.2882096069869,6.2882096069869,4.323144104803494,0.3930131004366812,1.572052401746725,0.3930131004366812,0.7860262008733625,3.930131004366813,3.14410480349345,0.7860262008733625,1.1790393013100438,0.3930131004366812,0.0,0.7860262008733625,5.895196506550219,1.572052401746725,0.3930131004366812,0.7860262008733625,0.0,80.77,100.0,33.33,25.0,20.0,32.35,14.29,100.0,0.3777427929529957,0.1744406993259412,0.7860262008733625,2.3580786026200875,0.0761818991266375,1.1790393013100438,1.9650655021834065,1.9650655021834065,0.1648293956331878,8.253275109170307,RW,75,100,62,100,100,62,75,75,75,38,50,50,100,100,100,50,88,75,25,75,75,75,75,75,62,75,100,88,50,62,50,50,88,100,75,62,75,75,75,50,50,50,50,75,75,50,75,100,62,100,100,75,25,75,25,100,75,100,75,75,75,25,75,75,100,75,75,62,75,100,88,50,62,50,50,88,100,75,75,75,75,75,75,50,50,75,Bundesliga
RB Leipzig,9gefq4dz9b2hl8rqrxwrlrzmp,4j9ug0ng9dhx6xwhdwx6fafx0,E. Banzuzi,Ezechiel Banzuzi,21,Midfielder,Netherlands,Midfielder,43.0,80.0,5.0,122.0,3.0,0.0,3.0,3.0,19.0,5.0,330.0,1.0,4.0,1.0,5.0,4.0,1.0,0.0,0.0,1.0,2.0,7.0,5.0,1.0,6.0,0.0,87.14,83.33,100.0,33.33,40.0,47.5,80.0,66.67,0.6254719381475583,0.2425360163072936,2.0,8.0,0.16146164,1.0,15.0,12.0,0.3142460799999999,54.0,11.727272727272728,21.81818181818182,1.3636363636363638,33.27272727272727,0.8181818181818182,0.0,0.8181818181818182,0.8181818181818182,5.181818181818182,1.3636363636363638,0.2727272727272727,1.090909090909091,0.2727272727272727,1.3636363636363638,1.090909090909091,0.2727272727272727,0.0,0.0,0.2727272727272727,0.5454545454545455,1.9090909090909087,1.3636363636363638,0.2727272727272727,1.6363636363636365,0.0,87.14,83.33,100.0,33.33,40.0,47.5,80.0,66.67,0.170583255858425,0.0661461862656255,0.5454545454545455,2.181818181818182,0.0440349927272727,0.2727272727272727,4.090909090909091,3.272727272727273,0.0857034763636363,14.727272727272728,LM/LCM,67,100,100,100,33,67,33,33,67,67,33,100,67,67,67,33,33,50,50,67,67,67,33,100,67,100,100,100,33,67,33,100,100,67,33,50,67,33,33,100,100,33,100,67,100,100,100,33,67,33,33,67,67,33,100,67,67,67,33,33,50,67,67,67,67,33,100,67,100,100,100,33,67,33,100,100,67,33,67,67,33,33,100,100,33,100,Bundesliga
RB Leipzig,9gefq4dz9b2hl8rqrxwrlrzmp,6zf7dbi1xepyxdohsnrunu5m,N. El Aynaoui,Neil El Aynaoui,25,Midfielder,Morocco,Midfielder,48.0,76.0,1.0,124.0,2.0,0.0,3.0,3.0,11.0,4.0,255.0,1.0,1.0,0.0,7.0,5.0,2.0,1.0,0.0,5.0,2.0,10.0,5.0,0.0,1.0,0.0,91.18,25.0,0.0,33.33,28.57,52.38,50.0,25.0,0.6784235355756125,0.0952465539703459,2.0,6.0,0.12589136,3.0,13.0,11.0,0.2640302499999999,67.0,16.941176470588236,26.823529411764703,0.3529411764705882,43.76470588235294,0.7058823529411764,0.0,1.0588235294117647,1.0588235294117647,3.882352941176471,1.4117647058823528,0.3529411764705882,0.3529411764705882,0.0,2.4705882352941173,1.7647058823529411,0.7058823529411764,0.3529411764705882,0.0,1.7647058823529411,0.7058823529411764,3.5294117647058822,1.7647058823529411,0.0,0.3529411764705882,0.0,91.18,25.0,0.0,33.33,28.57,52.38,50.0,25.0,0.2394436007913926,0.0336164308130632,0.7058823529411764,2.117647058823529,0.0444322447058823,1.0588235294117647,4.588235294117647,3.882352941176471,0.0931871470588235,23.64705882352941,DM/CM,21,67,12,38,43,50,67,67,31,31,57,29,43,95,95,69,57,40,50,86,95,79,29,7,52,86,14,29,50,52,50,64,7,90,43,86,67,67,79,52,57,48,57,29,71,14,71,52,50,76,76,48,38,67,38,43,95,95,76,67,40,67,90,100,90,29,10,52,86,14,29,50,52,50,64,7,95,48,90,81,71,86,67,67,62,67,Bundesliga
RB Leipzig,9gefq4dz9b2hl8rqrxwrlrzmp,8mkkchf0ysdf78r0lncd73klw,A. Nusa,Antonio Nusa,21,Midfielder,Norway,Midfielder,18.0,76.0,2.0,92.0,7.0,0.0,21.0,22.0,26.0,0.0,342.0,12.0,0.0,2.0,10.0,7.0,3.0,1.0,2.0,1.0,5.0,18.0,9.0,2.0,2.0,0.0,77.97,33.33,33.33,57.14,50.0,55.32,0.0,40.0,0.7970243815953622,0.5949833040964181,8.0,17.0,0.53726192,4.0,6.0,8.0,0.6246818699999999,33.0,4.736842105263158,20.0,0.5263157894736842,24.21052631578948,1.842105263157895,0.0,5.526315789473684,5.789473684210527,6.842105263157895,0.0,3.1578947368421053,0.0,0.5263157894736842,2.631578947368421,1.842105263157895,0.7894736842105263,0.2631578947368421,0.5263157894736842,0.2631578947368421,1.3157894736842106,4.736842105263158,2.368421052631579,0.5263157894736842,0.5263157894736842,0.0,77.97,33.33,33.33,57.14,50.0,55.32,0.0,40.0,0.209743258314569,0.1565745537095837,2.1052631578947367,4.473684210526316,0.1413847157894736,1.0526315789473684,1.5789473684210529,2.1052631578947367,0.1643899657894736,8.68421052631579,LM/LCM,33,67,33,33,100,67,100,100,100,33,100,33,100,100,100,83,67,100,50,100,100,100,67,67,67,67,67,67,100,100,67,33,67,100,100,100,100,100,83,50,67,100,33,33,67,33,33,100,67,100,100,100,33,100,33,100,100,100,67,67,100,33,100,100,100,67,67,67,67,67,67,100,100,67,33,67,100,100,100,100,100,67,33,67,100,33,Bundesliga
RB Leipzig,9gefq4dz9b2hl8rqrxwrlrzmp,eapihgte8ydc4g6hzygsx2e39,W. Orbán,Willi Orbán,33,Defender,Hungary,Defender,153.0,159.0,11.0,312.0,0.0,0.0,1.0,1.0,20.0,27.0,360.0,1.0,14.0,0.0,8.0,8.0,0.0,1.0,1.0,3.0,2.0,11.0,3.0,0.0,2.0,0.0,92.31,61.11,0.0,100.0,25.0,66.67,70.0,100.0,1.10444579592158,0.0,0.0,10.0,0.19457734,5.0,39.0,37.0,0.5233996999999998,211.0,38.25,39.75,2.75,78.0,0.0,0.0,0.25,0.25,5.0,6.75,0.25,3.5,0.0,2.0,2.0,0.0,0.25,0.25,0.75,0.5,2.75,0.75,0.0,0.5,0.0,92.31,61.11,0.0,100.0,25.0,66.67,70.0,100.0,0.276111448980395,0.0,0.0,2.5,0.048644335,1.25,9.75,9.25,0.1308499249999999,52.75,CB,87,97,67,100,13,48,55,55,60,62,65,78,42,97,98,38,67,92,17,92,90,72,45,35,50,83,83,45,88,68,82,83,90,100,20,38,88,83,92,97,97,90,100,80,97,62,97,13,48,47,47,60,60,58,73,42,97,98,38,58,83,17,85,90,63,45,30,50,83,83,45,88,68,82,83,90,100,20,38,83,80,88,97,97,87,97,Bundesliga
Freiburg,6k5zscdm9ufw0tguvzyjlp5hq,53nd6a4o02ebb0w2s12prijje,Y. Suzuki,Yuito Suzuki,24,Midfielder,Japan,Midfielder,26.0,62.0,2.0,88.0,8.0,0.0,15.0,15.0,12.0,2.0,323.0,7.0,1.0,0.0,8.0,7.0,1.0,2.0,4.0,1.0,5.0,14.0,2.0,0.0,1.0,0.0,88.89,100.0,0.0,46.67,62.5,36.36,50.0,50.0,1.2170477890241702,0.50368652771423,1.0,7.0,0.16901075,6.0,12.0,8.0,0.23630756,49.0,7.244582043343653,17.275541795665635,0.5572755417956656,24.520123839009287,2.2291021671826625,0.0,4.179566563467492,4.179566563467492,3.343653250773994,0.5572755417956656,1.9504643962848296,0.2786377708978328,0.0,2.2291021671826625,1.9504643962848296,0.2786377708978328,0.5572755417956656,1.1145510835913313,0.2786377708978328,1.393188854489164,3.900928792569659,0.5572755417956656,0.0,0.2786377708978328,0.0,88.89,100.0,0.0,46.67,62.5,36.36,50.0,50.0,0.3391154830098307,0.1403460913135625,0.2786377708978328,1.9504643962848296,0.0470927786377708,1.671826625386997,3.343653250773994,2.2291021671826625,0.0658442117647058,13.653250773993808,CM/AM,33,52,28,44,80,52,94,93,39,24,94,26,33,74,85,22,54,100,20,96,76,19,15,20,50,78,100,15,41,89,7,59,35,96,41,31,31,30,80,59,28,15,48,22,44,26,33,78,52,96,93,30,22,96,30,33,74,89,19,59,100,15,96,74,15,15,15,50,78,100,15,41,89,7,59,35,93,37,33,26,26,81,59,22,15,48,Bundesliga
Freiburg,6k5zscdm9ufw0tguvzyjlp5hq,5a9y4yka5m1ft3f4e16f3ycfe,P. Treu,Philipp Treu,25,Defender,Germany,Defender,73.0,35.0,3.0,105.0,2.0,0.0,0.0,0.0,16.0,4.0,283.0,0.0,1.0,0.0,1.0,1.0,0.0,0.0,0.0,2.0,1.0,4.0,3.0,3.0,8.0,0.0,86.07,37.5,50.0,0.0,100.0,80.0,50.0,66.67,0.0621097711286665,0.2085577885934408,0.0,4.0,0.0963738,1.0,3.0,3.0,0.3129924299999999,36.0,23.215547703180214,11.130742049469966,0.9540636042402828,33.3922261484099,0.6360424028268551,0.0,0.0,0.0,5.088339222614841,1.2720848056537102,0.0,0.3180212014134275,0.0,0.3180212014134275,0.3180212014134275,0.0,0.0,0.0,0.6360424028268551,0.3180212014134275,1.2720848056537102,0.9540636042402828,0.9540636042402828,2.5441696113074204,0.0,86.07,37.5,50.0,0.0,100.0,80.0,50.0,66.67,0.0197522240338515,0.0663257984926136,0.0,1.2720848056537102,0.0306489116607773,0.3180212014134275,0.9540636042402828,0.9540636042402828,0.099538228621908,11.448763250883392,RB/RCB,71,17,21,52,45,52,10,7,45,14,12,31,33,26,40,29,31,45,29,67,43,48,64,86,52,71,55,79,12,100,100,60,48,24,52,29,55,52,33,19,17,38,36,71,19,24,57,48,52,10,7,48,14,12,29,33,29,43,29,31,45,29,62,48,52,62,90,52,71,55,79,12,100,100,60,48,29,57,29,57,62,33,19,14,33,33,Bundesliga
Freiburg,6k5zscdm9ufw0tguvzyjlp5hq,6a0w73agnkslcc6gea1jxxzvt,N. Beste,Niklas Beste,27,Midfielder,Germany,Midfielder,27.0,46.0,4.0,63.0,7.0,0.0,6.0,6.0,12.0,5.0,272.0,4.0,0.0,1.0,4.0,2.0,2.0,1.0,0.0,1.0,1.0,3.0,5.0,10.0,1.0,0.0,81.82,80.0,47.62,66.67,25.0,54.55,0.0,33.33,0.2266444070188635,1.0255125465020496,2.0,4.0,0.07958466,1.0,3.0,10.0,0.6703188800000001,29.0,8.933823529411764,15.220588235294118,1.3235294117647058,20.84558823529412,2.3161764705882355,0.0,1.9852941176470589,1.9852941176470589,3.9705882352941178,1.6544117647058825,1.3235294117647058,0.0,0.3308823529411764,1.3235294117647058,0.6617647058823529,0.6617647058823529,0.3308823529411764,0.0,0.3308823529411764,0.3308823529411764,0.9926470588235294,1.6544117647058825,3.308823529411765,0.3308823529411764,0.0,81.82,80.0,47.62,66.67,25.0,54.55,0.0,33.33,0.0749926346753592,0.3393240043572958,0.6617647058823529,1.3235294117647058,0.0263331595588235,0.3308823529411764,0.9926470588235294,3.308823529411765,0.2217966882352941,9.595588235294118,RM/RCM,50,50,69,56,75,56,69,69,31,62,81,19,81,56,50,75,56,44,38,56,19,75,100,19,56,88,75,75,100,50,81,19,12,38,75,69,44,38,50,31,81,75,31,62,62,88,38,75,56,62,62,38,62,75,19,88,50,50,75,50,44,25,50,25,62,100,12,56,88,75,75,100,50,81,19,12,38,75,62,50,38,50,25,88,62,38,Bundesliga
Freiburg,6k5zscdm9ufw0tguvzyjlp5hq,6o2v57d92t1mejod24gmufcut,P. Lienhart,Philipp Lienhart,30,Defender,Austria,Defender,133.0,104.0,15.0,237.0,3.0,0.0,0.0,0.0,18.0,19.0,339.0,0.0,11.0,0.0,1.0,1.0,0.0,0.0,0.0,4.0,0.0,2.0,5.0,0.0,2.0,0.0,90.11,46.88,0.0,0.0,0.0,64.29,68.75,100.0,0.0612499422287978,0.2626065313627794,0.0,14.0,0.28617436,6.0,34.0,28.0,0.57807557,155.0,35.309734513274336,27.61061946902655,3.982300884955752,62.92035398230089,0.7964601769911505,0.0,0.0,0.0,4.778761061946903,5.04424778761062,0.0,2.920353982300885,0.0,0.2654867256637168,0.2654867256637168,0.0,0.0,0.0,1.0619469026548674,0.0,0.5309734513274337,1.327433628318584,0.0,0.5309734513274337,0.0,90.11,46.88,0.0,0.0,0.0,64.29,68.75,100.0,0.0162610466094153,0.0697185481494104,0.0,3.7168141592920354,0.0759754938053097,1.592920353982301,9.026548672566372,7.433628318584071,0.1534713902654867,41.150442477876105,CB,60,87,92,80,90,48,22,22,52,30,23,57,42,27,40,38,25,42,30,33,25,92,45,35,50,72,52,45,23,33,68,80,90,20,93,38,97,93,97,93,90,93,77,63,83,87,77,90,48,22,22,57,37,23,57,42,37,50,38,25,42,33,33,27,90,45,37,50,72,52,45,23,33,68,80,90,20,93,38,97,93,97,93,90,90,77,Bundesliga
Freiburg,6k5zscdm9ufw0tguvzyjlp5hq,84mp3eqt1ckw107hwxpby9cd1,M. Ginter,Matthias Ginter,32,Defender,Germany,Defender,142.0,92.0,10.0,234.0,8.0,0.0,2.0,2.0,31.0,20.0,360.0,1.0,17.0,3.0,9.0,8.0,1.0,2.0,0.0,4.0,0.0,10.0,8.0,0.0,4.0,0.0,90.35,62.5,0.0,50.0,0.0,72.09,65.38,66.67,0.971994772170657,0.3870826331101819,1.0,12.0,0.26393664,5.0,20.0,23.0,0.5155375599999997,151.0,35.5,23.0,2.5,58.5,2.0,0.0,0.5,0.5,7.75,5.0,0.25,4.25,0.75,2.25,2.0,0.25,0.5,0.0,1.0,0.0,2.5,2.0,0.0,1.0,0.0,90.35,62.5,0.0,50.0,0.0,72.09,65.38,66.67,0.2429986930426642,0.0967706582775454,0.25,3.0,0.06598416,1.25,5.0,5.75,0.1288843899999999,37.75,CB,72,80,53,77,100,48,75,75,97,37,65,87,100,100,98,82,93,42,30,33,87,100,45,70,50,77,88,45,55,33,100,67,45,97,97,83,93,90,92,70,78,87,73,67,73,48,73,100,48,75,75,93,33,58,83,100,100,98,80,87,42,23,33,87,100,45,65,50,77,88,45,55,33,100,67,45,97,97,80,93,90,88,70,75,83,73,Bundesliga
Freiburg,6k5zscdm9ufw0tguvzyjlp5hq,bytrobr8rfp9zwbxzopr4vgno,D. Scherhant,Derry Scherhant,23,Attacker,Germany,Striker,16.0,41.0,0.0,51.0,9.0,0.0,12.0,12.0,10.0,3.0,302.0,3.0,1.0,2.0,12.0,4.0,8.0,5.0,1.0,1.0,3.0,21.0,2.0,6.0,2.0,0.0,77.27,0.0,28.57,25.0,25.0,28.57,25.0,50.0,0.7443535882187922,0.9838946677278582,5.0,7.0,0.2924221,0.0,2.0,6.0,0.62635226,17.0,4.768211920529801,12.218543046357617,0.0,15.19867549668874,2.6821192052980134,0.0,3.576158940397351,3.576158940397351,2.980132450331126,0.8940397350993378,0.8940397350993378,0.2980132450331125,0.5960264900662251,3.576158940397351,1.1920529801324502,2.3841059602649004,1.490066225165563,0.2980132450331125,0.2980132450331125,0.8940397350993378,6.258278145695364,0.5960264900662251,1.7880794701986755,0.5960264900662251,0.0,77.27,0.0,28.57,25.0,25.0,28.57,25.0,50.0,0.2218272282771234,0.293213642700355,1.490066225165563,2.086092715231788,0.0871456589403973,0.0,0.5960264900662251,1.7880794701986755,0.1866612695364238,5.066225165562914,LW,36,45,14,36,86,55,64,59,14,64,36,36,82,95,36,100,100,59,55,50,82,27,100,50,55,36,14,82,27,27,9,36,23,73,100,86,41,73,18,36,50,100,36,36,36,14,27,100,55,64,64,9,64,36,36,82,91,27,100,100,36,55,55,82,27,100,45,55,36,14,82,27,27,9,36,23,64,100,91,45,64,18,27,55,100,18,Bundesliga
Freiburg,6k5zscdm9ufw0tguvzyjlp5hq,cp5t077hogyhom0scrziguyju,J. Makengo,Jordy Makengo,25,Defender,France,Defender,72.0,78.0,4.0,150.0,3.0,0.0,4.0,4.0,20.0,13.0,360.0,2.0,5.0,2.0,2.0,1.0,1.0,0.0,0.0,5.0,1.0,6.0,10.0,0.0,2.0,0.0,82.87,44.44,0.0,50.0,50.0,64.52,50.0,66.67,0.1343897813429979,0.4011435461822702,1.0,9.0,0.18642978,4.0,16.0,11.0,0.4562074099999999,67.0,18.0,19.5,1.0,37.5,0.75,0.0,1.0,1.0,5.0,3.25,0.5,1.25,0.5,0.5,0.25,0.25,0.0,0.0,1.25,0.25,1.5,2.5,0.0,0.5,0.0,82.87,44.44,0.0,50.0,50.0,64.52,50.0,66.67,0.0335974453357494,0.1002858865455675,0.25,2.25,0.046607445,1.0,4.0,2.75,0.1140518524999999,16.75,LB/LCB,60,72,50,60,62,50,62,60,57,72,72,70,90,28,40,52,22,40,60,62,55,98,15,18,52,55,60,15,78,78,75,45,57,30,75,60,70,70,72,75,55,50,50,55,57,42,50,55,50,50,45,45,68,70,52,85,25,32,38,22,40,55,50,55,98,15,10,52,55,60,15,78,78,75,45,57,30,75,50,70,70,65,68,52,50,50,Bundesliga
Freiburg,6k5zscdm9ufw0tguvzyjlp5hq,dvhjw2ieemakzw9o56r6y4foq,I. Matanović,Igor Matanovic,23,Attacker,Croatia,Striker,10.0,30.0,5.0,40.0,4.0,0.0,13.0,13.0,33.0,11.0,324.0,9.0,15.0,1.0,15.0,8.0,7.0,4.0,3.0,1.0,9.0,13.0,7.0,0.0,2.0,0.0,61.54,100.0,0.0,69.23,60.0,54.1,51.72,100.0,1.3885466715835544,0.3649913637569195,6.0,3.0,0.25095276,1.0,7.0,6.0,0.26528516,19.0,2.7777777777777777,8.333333333333334,1.3888888888888888,11.11111111111111,1.1111111111111112,0.0,3.611111111111111,3.611111111111111,9.166666666666666,3.055555555555556,2.5,4.166666666666667,0.2777777777777778,4.166666666666667,2.2222222222222223,1.9444444444444444,1.1111111111111112,0.8333333333333333,0.2777777777777778,2.5,3.611111111111111,1.9444444444444444,0.0,0.5555555555555556,0.0,61.54,100.0,0.0,69.23,60.0,54.1,51.72,100.0,0.3857074087732095,0.1013864899324776,1.6666666666666663,0.8333333333333333,0.0697091,0.2777777777777778,1.9444444444444444,1.6666666666666663,0.0736903222222222,5.277777777777778,ST,26,48,88,45,60,52,95,95,100,100,100,95,81,86,57,100,90,76,71,100,50,98,45,86,52,10,90,45,90,86,95,86,83,62,71,100,52,95,48,93,76,81,67,19,38,86,24,48,52,95,95,100,100,95,95,71,86,48,100,90,67,57,100,29,100,45,81,52,10,90,45,90,86,95,86,83,62,67,100,48,90,33,86,71,81,52,Bundesliga
Freiburg,6k5zscdm9ufw0tguvzyjlp5hq,f5ln82l8q7gvouj3zhsp5t4gl,M. Eggestein,Maximilian Eggestein,29,Midfielder,Germany,Midfielder,91.0,90.0,7.0,181.0,3.0,0.0,4.0,4.0,13.0,1.0,360.0,2.0,4.0,0.0,9.0,5.0,4.0,4.0,2.0,7.0,3.0,9.0,4.0,0.0,2.0,0.0,85.78,70.0,0.0,50.0,33.33,43.33,40.0,66.67,0.8453719269911377,0.1616632037825743,3.0,9.0,0.20807003,6.0,16.0,10.0,0.2674015200000001,106.0,22.75,22.5,1.75,45.25,0.75,0.0,1.0,1.0,3.25,0.25,0.5,1.0,0.0,2.25,1.25,1.0,1.0,0.5,1.75,0.75,2.25,1.0,0.0,0.5,0.0,85.78,70.0,0.0,50.0,33.33,43.33,40.0,66.67,0.2113429817477844,0.0404158009456435,0.75,2.25,0.0520175075,1.5,4.0,2.5,0.06685038,26.5,DM/CM,90,81,81,90,62,50,81,81,52,7,83,69,43,100,95,100,100,100,76,100,88,67,29,26,52,48,93,29,74,67,19,45,86,100,57,98,90,90,100,71,50,52,86,81,62,62,76,60,50,71,71,33,5,76,57,43,90,86,100,95,100,62,95,79,62,29,14,52,48,93,29,74,67,19,45,86,90,57,95,86,81,100,48,45,43,76,Bundesliga
Freiburg,6k5zscdm9ufw0tguvzyjlp5hq,vzbmf6lqvbw398clnt7jyiqy,Y. Engelhardt,Yannik Engelhardt,25,Midfielder,Germany,Midfielder,66.0,95.0,3.0,161.0,1.0,0.0,4.0,4.0,16.0,5.0,352.0,1.0,8.0,0.0,8.0,6.0,2.0,1.0,2.0,5.0,3.0,8.0,5.0,0.0,2.0,0.0,84.74,50.0,0.0,25.0,37.5,47.06,61.54,100.0,1.02394147819325,0.070009912622196,1.0,12.0,0.23377701,4.0,9.0,9.0,0.23388116,91.0,16.875,24.289772727272727,0.7670454545454546,41.16477272727273,0.2556818181818182,0.0,1.0227272727272727,1.0227272727272727,4.090909090909091,1.278409090909091,0.2556818181818182,2.0454545454545454,0.0,2.0454545454545454,1.5340909090909092,0.5113636363636364,0.2556818181818182,0.5113636363636364,1.278409090909091,0.7670454545454546,2.0454545454545454,1.278409090909091,0.0,0.5113636363636364,0.0,84.74,50.0,0.0,25.0,37.5,47.06,61.54,100.0,0.2618032188562287,0.0179002617499932,0.2556818181818182,3.0681818181818183,0.059772530965909,1.0227272727272727,2.301136363636364,2.301136363636364,0.0597991602272727,23.267045454545457,CM/AM,85,78,46,81,6,52,54,52,65,76,33,94,33,74,78,46,30,89,80,72,50,74,15,44,50,70,57,15,28,61,44,85,89,89,4,31,78,59,52,41,35,11,81,85,74,44,78,7,52,52,52,52,70,26,96,33,67,74,44,26,81,78,70,44,74,15,44,50,70,57,15,28,61,44,85,89,81,4,26,59,52,44,30,30,7,81,Bundesliga
Paderborn,62ljqd4za2a6svd9wgctg8b53,15zmp06runzqxogas99bj5aay,L. Ulrich,Laurin Ulrich,21,Midfielder,Germany,Midfielder,39.0,55.0,2.0,91.0,6.0,0.0,0.0,0.0,18.0,11.0,316.0,0.0,3.0,0.0,5.0,1.0,4.0,3.0,0.0,3.0,0.0,6.0,8.0,3.0,6.0,0.0,77.78,25.0,37.5,0.0,0.0,48.65,30.0,85.71,0.3063256797435031,0.5867208230474388,4.0,8.0,0.22314424,5.0,7.0,7.0,0.22526879,47.0,11.10759493670886,15.664556962025316,0.569620253164557,25.917721518987346,1.7088607594936709,0.0,0.0,0.0,5.1265822784810124,3.132911392405063,0.0,0.8544303797468354,0.0,1.4240506329113924,0.2848101265822785,1.139240506329114,0.8544303797468354,0.0,0.8544303797468354,0.0,1.7088607594936709,2.278481012658228,0.8544303797468354,1.7088607594936709,0.0,77.78,25.0,37.5,0.0,0.0,48.65,30.0,85.71,0.0872446556231496,0.1671040318805996,1.139240506329114,2.278481012658228,0.0635537392405063,1.4240506329113924,1.993670886075949,1.993670886075949,0.0641588325949367,13.386075949367088,CM/AM,59,46,28,48,56,52,7,7,80,93,13,54,33,35,22,81,74,30,61,11,37,96,65,89,50,33,17,72,13,11,52,30,72,26,63,89,46,56,67,28,17,7,44,52,30,30,41,44,52,7,7,74,93,13,48,33,30,19,78,70,30,63,11,30,89,63,89,50,33,17,72,13,11,52,30,72,30,48,89,44,56,59,19,19,11,44,Bundesliga
Paderborn,62ljqd4za2a6svd9wgctg8b53,3znd103smd5bsn5cblzagotbe,M. Hansen,Mattes Hansen,22,Defender,Germany,Midfielder,134.0,54.0,14.0,187.0,1.0,0.0,1.0,1.0,16.0,12.0,321.0,1.0,5.0,0.0,2.0,0.0,2.0,1.0,0.0,6.0,0.0,0.0,5.0,1.0,3.0,0.0,87.79,63.64,50.0,100.0,0.0,64.0,50.0,60.0,0.0794459788832487,0.1111573568153649,2.0,1.0,0.01689528,0.0,12.0,12.0,0.4200539899999999,85.0,37.570093457943926,15.140186915887847,3.925233644859813,52.42990654205608,0.2803738317757009,0.0,0.2803738317757009,0.2803738317757009,4.485981308411215,3.364485981308411,0.2803738317757009,1.4018691588785046,0.0,0.5607476635514018,0.0,0.5607476635514018,0.2803738317757009,0.0,1.6822429906542056,0.0,0.0,1.4018691588785046,0.2803738317757009,0.8411214953271028,0.0,87.79,63.64,50.0,100.0,0.0,64.0,50.0,60.0,0.0222745735186678,0.0311656140603826,0.5607476635514018,0.2803738317757009,0.0047369943925233,0.0,3.364485981308411,3.364485981308411,0.1177721467289719,23.83177570093458,CB,63,43,83,47,50,48,55,55,37,15,65,22,42,47,15,90,67,42,70,33,10,92,90,55,50,47,95,93,88,33,63,25,37,23,63,93,40,33,22,53,50,67,27,77,43,83,50,63,48,57,57,47,10,73,23,42,47,15,90,77,42,70,33,10,93,90,60,50,47,95,93,88,33,63,25,37,23,73,93,40,37,22,53,50,73,30,Bundesliga
Paderborn,62ljqd4za2a6svd9wgctg8b53,4212luiyivgvje1vm1ojieicq,G. Vidović,Gabriel Vidovic,22,Attacker,Croatia,Striker,70.0,63.0,6.0,133.0,2.0,0.0,11.0,12.0,14.0,0.0,320.0,6.0,1.0,0.0,1.0,0.0,1.0,1.0,0.0,1.0,0.0,3.0,5.0,0.0,2.0,0.0,90.48,100.0,0.0,54.55,0.0,43.75,33.33,100.0,0.0688568104364342,0.0981474907709122,1.0,5.0,0.1621144299999999,1.0,8.0,6.0,0.14058261,52.0,19.6875,17.71875,1.6875,37.40625,0.5625,0.0,3.09375,3.375,3.9375,0.0,1.6875,0.28125,0.0,0.28125,0.0,0.28125,0.28125,0.0,0.28125,0.0,0.84375,1.40625,0.0,0.5625,0.0,90.48,100.0,0.0,54.55,0.0,43.75,33.33,100.0,0.0193659779352471,0.027603981779319,0.28125,1.40625,0.0455946834374999,0.28125,2.25,1.6875,0.0395388590625,14.625,LW,100,91,100,91,23,55,55,59,55,23,73,36,32,9,9,41,27,18,55,9,9,64,27,50,55,91,95,27,82,9,68,55,86,9,18,32,18,27,36,100,50,18,100,100,82,100,91,18,55,55,55,18,23,73,27,32,9,9,36,27,18,45,9,9,55,27,36,55,91,95,27,82,9,68,55,86,9,18,27,18,18,36,91,45,18,91,Bundesliga
Paderborn,62ljqd4za2a6svd9wgctg8b53,8ykilmatoql1qvz5bwe0teove,T. Scheller,Tjark Scheller,24,Defender,Germany,Defender,147.0,43.0,5.0,190.0,1.0,0.0,4.0,5.0,24.0,29.0,360.0,3.0,12.0,0.0,1.0,1.0,0.0,0.0,0.0,4.0,0.0,6.0,2.0,0.0,6.0,0.0,87.16,29.41,0.0,75.0,0.0,64.86,60.0,85.71,0.1640491619543491,0.0437122013550855,0.0,3.0,0.06333723,1.0,6.0,4.0,0.20728951,110.0,36.75,10.75,1.25,47.5,0.25,0.0,1.0,1.25,6.0,7.25,0.75,3.0,0.0,0.25,0.25,0.0,0.0,0.0,1.0,0.0,1.5,0.5,0.0,1.5,0.0,87.16,29.41,0.0,75.0,0.0,64.86,60.0,85.71,0.0410122904885872,0.0109280503387713,0.0,0.75,0.0158343075,0.25,1.5,1.0,0.0518223775,27.5,CB,78,33,30,50,50,48,92,95,77,72,93,68,42,27,40,38,25,42,30,33,63,47,45,87,50,37,20,45,73,33,73,53,77,43,47,38,58,57,50,33,20,30,53,72,27,28,40,38,48,92,93,67,63,90,65,42,23,35,38,25,42,23,33,60,43,45,82,50,37,20,45,73,33,73,53,77,43,47,38,55,57,45,33,20,30,50,Bundesliga
Paderborn,62ljqd4za2a6svd9wgctg8b53,c6io3nno2bo0qeujzg8d8ky6s,S. Marino,Stefano Marino,22,Attacker,Germany,Striker,22.0,19.0,3.0,40.0,2.0,0.0,5.0,5.0,9.0,1.0,215.0,1.0,6.0,0.0,6.0,5.0,1.0,2.0,1.0,0.0,2.0,15.0,1.0,1.0,0.0,0.0,71.43,100.0,33.33,20.0,33.33,36.0,54.55,0.0,0.6405936557952177,0.1286566820964731,1.0,2.0,0.08159047,0.0,2.0,3.0,0.26905878,14.0,9.209302325581396,7.953488372093023,1.255813953488372,16.74418604651163,0.8372093023255814,0.0,2.0930232558139537,2.0930232558139537,3.767441860465116,0.4186046511627907,0.4186046511627907,2.511627906976744,0.0,2.511627906976744,2.0930232558139537,0.4186046511627907,0.8372093023255814,0.4186046511627907,0.0,0.8372093023255814,6.279069767441861,0.4186046511627907,0.4186046511627907,0.0,0.0,71.43,100.0,33.33,20.0,33.33,36.0,54.55,0.0,0.2681554838212539,0.0538562855287561,0.4186046511627907,0.8372093023255814,0.0341541502325581,0.0,0.8372093023255814,1.255813953488372,0.112629256744186,5.8604651162790695,ST,76,26,69,45,21,52,64,62,26,24,33,69,36,31,31,38,50,40,26,31,57,17,93,26,52,57,90,98,19,33,38,90,26,24,19,36,38,48,17,29,33,86,40,95,24,81,62,24,52,76,76,43,29,38,71,36,33,33,43,62,38,26,38,67,24,95,26,52,57,90,98,19,33,38,90,26,29,24,52,52,52,17,33,43,90,67,Bundesliga
Paderborn,62ljqd4za2a6svd9wgctg8b53,citk63ulb3h3xblhzpmuk78fe,L. Curda,Laurin Curda,24,Defender,Germany,Defender,35.0,59.0,6.0,93.0,7.0,0.0,7.0,7.0,34.0,21.0,337.0,3.0,16.0,1.0,4.0,3.0,1.0,0.0,0.0,6.0,0.0,10.0,5.0,1.0,8.0,0.0,73.23,35.29,8.33,42.86,0.0,55.74,69.57,80.0,0.2874269747383653,0.7648625779927354,2.0,7.0,0.22188479,3.0,10.0,13.0,0.7883772599999999,44.0,9.347181008902076,15.756676557863502,1.602373887240356,24.83679525222552,1.869436201780416,0.0,1.869436201780416,1.869436201780416,9.080118694362016,5.608308605341247,0.8011869436201781,4.27299703264095,0.2670623145400593,1.0682492581602374,0.8011869436201781,0.2670623145400593,0.0,0.0,1.602373887240356,0.0,2.6706231454005933,1.3353115727002969,0.2670623145400593,2.136498516320475,0.0,73.23,35.29,8.33,42.86,0.0,55.74,69.57,80.0,0.076760913134875,0.2042659703838165,0.5341246290801187,1.869436201780416,0.059257065578635,0.8011869436201781,2.6706231454005933,3.471810089020772,0.2105458557863501,11.750741839762613,RB/RCB,29,67,55,38,81,52,81,81,100,88,76,100,79,79,83,67,31,45,90,26,90,74,43,86,52,19,33,33,38,26,38,86,67,71,76,90,88,95,79,76,76,67,52,19,57,52,19,76,52,76,76,100,90,76,100,76,71,81,62,31,45,90,26,86,71,38,76,52,19,33,33,38,26,38,86,67,67,76,86,86,86,76,67,71,67,38,Bundesliga
Paderborn,62ljqd4za2a6svd9wgctg8b53,dgubl900t52nssngev6atayju,M. Pieringer,Marvin Pieringer,26,Attacker,Germany,Striker,35.0,31.0,1.0,66.0,4.0,0.0,3.0,3.0,10.0,5.0,306.0,0.0,5.0,0.0,5.0,3.0,2.0,2.0,0.0,1.0,1.0,11.0,3.0,0.0,0.0,0.0,83.54,50.0,0.0,0.0,20.0,24.39,45.45,0.0,0.3510077304873296,0.3090853230897809,1.0,7.0,0.15642345,3.0,5.0,6.0,0.16143519,18.0,10.294117647058824,9.117647058823527,0.2941176470588235,19.411764705882355,1.1764705882352942,0.0,0.8823529411764706,0.8823529411764706,2.9411764705882355,1.4705882352941178,0.0,1.4705882352941178,0.0,1.4705882352941178,0.8823529411764706,0.5882352941176471,0.5882352941176471,0.0,0.2941176470588235,0.2941176470588235,3.235294117647059,0.8823529411764706,0.0,0.0,0.0,83.54,50.0,0.0,0.0,20.0,24.39,45.45,0.0,0.103237567790391,0.0909074479675826,0.2941176470588235,2.058823529411765,0.0460068970588235,0.8823529411764706,1.4705882352941178,1.7647058823529411,0.0474809382352941,5.294117647058823,ST,100,52,43,90,60,52,40,38,33,86,10,60,36,21,14,64,50,19,71,12,31,52,45,26,52,100,55,45,10,14,10,74,26,10,62,36,98,62,90,67,76,43,57,100,48,38,81,57,52,31,29,14,86,10,57,36,14,14,62,33,19,67,10,19,45,45,26,52,100,55,45,10,14,10,74,26,10,52,31,95,62,86,60,81,38,57,Bundesliga
Paderborn,62ljqd4za2a6svd9wgctg8b53,e1w7f2zm2yfn65qgj0by7une1,R. Obermair,Raphael Obermair,30,Midfielder,Philippines,Midfielder,53.0,45.0,4.0,94.0,4.0,0.0,6.0,7.0,9.0,7.0,333.0,3.0,2.0,0.0,4.0,1.0,3.0,3.0,0.0,10.0,0.0,3.0,0.0,4.0,1.0,0.0,77.69,30.77,15.38,50.0,0.0,56.25,50.0,25.0,0.1861717051020459,0.3822620625851471,2.0,7.0,0.20098712,4.0,6.0,6.0,0.4037717399999999,46.0,14.324324324324325,12.16216216216216,1.081081081081081,25.405405405405403,1.081081081081081,0.0,1.6216216216216215,1.891891891891892,2.4324324324324325,1.891891891891892,0.8108108108108107,0.5405405405405405,0.0,1.081081081081081,0.2702702702702702,0.8108108108108107,0.8108108108108107,0.0,2.702702702702702,0.0,0.8108108108108107,0.0,1.081081081081081,0.2702702702702702,0.0,77.69,30.77,15.38,50.0,0.0,56.25,50.0,25.0,0.050316677054607,0.1033140709689586,0.5405405405405405,1.891891891891892,0.0543208432432432,1.081081081081081,1.6216216216216215,1.6216216216216215,0.1091274972972972,12.432432432432432,LM/LCM,100,33,67,67,67,67,67,67,33,100,67,67,33,33,33,83,100,50,100,33,33,33,100,33,67,33,33,33,67,33,100,67,33,33,67,50,33,67,83,50,33,67,67,100,33,67,67,67,67,67,67,33,100,67,67,33,33,33,100,100,50,100,33,33,33,100,33,67,33,33,33,67,33,100,67,33,33,67,33,33,67,100,67,33,67,67,Bundesliga
Paderborn,62ljqd4za2a6svd9wgctg8b53,tq9adw3zd9lzucm2zq6xdhey,J. ter Horst,Jano ter Horst,24,Defender,Germany,Defender,114.0,45.0,5.0,157.0,2.0,0.0,2.0,3.0,21.0,31.0,352.0,2.0,8.0,0.0,2.0,1.0,1.0,1.0,0.0,11.0,0.0,1.0,2.0,2.0,4.0,0.0,83.96,31.25,100.0,100.0,0.0,56.76,50.0,44.44,0.1350391803793695,0.2034177503313117,1.0,5.0,0.1020884,2.0,5.0,7.0,0.41736,82.0,29.14772727272728,11.505681818181818,1.278409090909091,40.14204545454545,0.5113636363636364,0.0,0.5113636363636364,0.7670454545454546,5.369318181818182,7.926136363636364,0.5113636363636364,2.0454545454545454,0.0,0.5113636363636364,0.2556818181818182,0.2556818181818182,0.2556818181818182,0.0,2.8125,0.0,0.2556818181818182,0.5113636363636364,0.5113636363636364,1.0227272727272727,0.0,83.96,31.25,100.0,100.0,0.0,56.76,50.0,44.44,0.0345270631651797,0.0520102202551649,0.2556818181818182,1.278409090909091,0.0261021477272727,0.5113636363636364,1.278409090909091,1.7897727272727273,0.1067113636363636,20.96590909090909,RB/RCB,90,38,45,81,45,52,38,43,86,100,52,83,33,48,40,67,71,45,100,26,21,31,57,48,52,67,24,98,90,26,48,60,14,43,48,69,76,57,60,31,40,52,81,90,24,38,67,43,52,38,43,62,100,48,86,33,38,33,57,67,45,100,26,19,29,57,38,52,67,24,98,90,26,48,60,14,38,38,62,62,52,52,24,33,43,76,Bundesliga
Paderborn,62ljqd4za2a6svd9wgctg8b53,zj59uztnn42yuyawd39evp0q,S. Castañeda,Santiago Castañeda,21,Midfielder,USA,Midfielder,90.0,58.0,4.0,147.0,2.0,0.0,0.0,1.0,21.0,31.0,360.0,0.0,6.0,0.0,5.0,3.0,2.0,0.0,1.0,9.0,2.0,9.0,6.0,1.0,6.0,0.0,85.47,33.33,50.0,0.0,40.0,56.76,66.67,60.0,0.3980805435231914,0.070749674638507,1.0,5.0,0.10858417,3.0,5.0,3.0,0.2416883699999999,61.0,22.5,14.5,1.0,36.75,0.5,0.0,0.0,0.25,5.25,7.75,0.0,1.5,0.0,1.25,0.75,0.5,0.0,0.25,2.25,0.5,2.25,1.5,0.25,1.5,0.0,85.47,33.33,50.0,0.0,40.0,56.76,66.67,60.0,0.0995201358807978,0.0176874186596267,0.25,1.25,0.0271460425,0.75,1.25,0.75,0.0604220924999999,15.25,DM/CM,86,33,43,62,43,50,10,29,98,100,21,93,43,74,69,69,21,88,90,86,88,90,64,86,52,43,24,83,21,86,74,90,67,62,33,57,52,52,79,14,14,38,43,74,19,29,43,36,50,10,19,74,100,21,83,43,67,64,60,21,81,86,76,79,81,57,81,52,43,24,83,21,86,74,90,67,62,29,45,43,48,67,14,14,38,19,Bundesliga
Elversberg,cig09m7g3wx983agnqgovggoh,15iz2a4rfw054ti9gb5q95w16,L. Pinckert,Lukas Pinckert,26,Defender,Germany,Defender,141.0,36.0,5.0,177.0,2.0,0.0,1.0,1.0,17.0,36.0,360.0,1.0,12.0,1.0,1.0,1.0,0.0,1.0,0.0,6.0,0.0,3.0,2.0,0.0,3.0,0.0,87.62,27.78,0.0,100.0,0.0,45.95,52.17,100.0,0.1684589726851309,0.0501666558209536,0.0,0.0,0.0,0.0,6.0,5.0,0.17139137,95.0,35.25,9.0,1.25,44.25,0.5,0.0,0.25,0.25,4.25,9.0,0.25,3.0,0.25,0.25,0.25,0.0,0.25,0.0,1.5,0.0,0.75,0.5,0.0,0.75,0.0,87.62,27.78,0.0,100.0,0.0,45.95,52.17,100.0,0.0421147431712827,0.0125416639552384,0.0,0.0,0.0,0.0,1.5,1.25,0.0428478425,23.75,CB,67,15,30,40,82,48,55,55,43,90,65,68,90,27,40,38,67,42,70,33,37,47,45,55,50,40,13,45,88,33,27,37,90,47,50,38,17,17,22,33,27,23,40,60,13,28,37,78,48,47,47,40,83,58,65,88,23,35,38,58,42,57,33,32,43,45,47,50,40,13,45,88,33,27,37,90,47,50,38,17,17,22,33,25,23,27,Bundesliga
Elversberg,cig09m7g3wx983agnqgovggoh,1wnemsdjzdpyhmt2liu05mtxw,D. Mokwa,David Mokwa,22,Attacker,France,Striker,13.0,15.0,0.0,28.0,3.0,0.0,9.0,9.0,11.0,1.0,312.0,6.0,0.0,0.0,4.0,3.0,1.0,0.0,2.0,1.0,2.0,8.0,3.0,0.0,1.0,0.0,73.68,0.0,0.0,66.67,50.0,40.74,0.0,50.0,0.6641123844776216,0.1914404636165105,1.0,2.0,0.0444583999999999,1.0,2.0,4.0,0.1478923899999999,11.0,3.75,4.326923076923077,0.0,8.076923076923077,0.8653846153846153,0.0,2.5961538461538463,2.5961538461538463,3.173076923076923,0.2884615384615384,1.7307692307692306,0.0,0.0,1.1538461538461535,0.8653846153846153,0.2884615384615384,0.0,0.5769230769230769,0.2884615384615384,0.5769230769230769,2.3076923076923075,0.8653846153846153,0.0,0.2884615384615384,0.0,73.68,0.0,0.0,66.67,50.0,40.74,0.0,50.0,0.1915708801377754,0.0552232106586087,0.2884615384615384,0.5769230769230769,0.0128245384615384,0.2884615384615384,0.5769230769230769,1.1538461538461535,0.0426612663461538,3.173076923076923,ST,45,19,19,21,38,52,88,88,45,24,90,5,36,12,14,38,10,55,71,31,17,52,45,64,52,71,19,45,83,71,57,5,55,29,38,36,38,33,48,29,52,38,24,33,10,19,5,29,52,86,86,19,19,90,5,36,10,10,29,10,52,62,19,10,38,45,62,52,71,19,45,83,71,57,5,55,19,29,24,33,33,38,24,38,33,10,Bundesliga
Elversberg,cig09m7g3wx983agnqgovggoh,3abavmbqh6vt0xgcx6zo4mgru,L. Petkov,Lukas Petkov,25,Attacker,Bulgaria,Striker,21.0,31.0,8.0,49.0,4.0,0.0,17.0,17.0,31.0,6.0,353.0,5.0,5.0,1.0,7.0,4.0,3.0,1.0,1.0,3.0,4.0,8.0,6.0,3.0,10.0,0.0,59.04,80.0,33.33,29.41,57.14,46.27,38.46,66.67,0.627234694197679,0.5099002242908461,2.0,4.0,0.09958886,1.0,6.0,10.0,0.8622433099999999,25.0,5.354107648725213,7.903682719546743,2.039660056657224,12.492917847025495,1.019830028328612,0.0,4.334277620396601,4.334277620396601,7.903682719546743,1.529745042492918,1.274787535410765,1.274787535410765,0.254957507082153,1.7847025495750708,1.019830028328612,0.764872521246459,0.254957507082153,0.254957507082153,0.764872521246459,1.019830028328612,2.039660056657224,1.529745042492918,0.764872521246459,2.54957507082153,0.0,59.04,80.0,33.33,29.41,57.14,46.27,38.46,66.67,0.1599181939880768,0.1300028900458248,0.509915014164306,1.019830028328612,0.0253909274787535,0.254957507082153,1.529745042492918,2.54957507082153,0.219835404815864,6.373937677053824,RW,100,50,100,50,62,62,100,100,100,100,88,100,75,50,38,88,38,75,100,100,38,100,100,100,62,25,75,88,75,100,75,100,50,25,100,62,50,50,50,88,88,100,100,50,25,100,25,50,62,50,50,100,100,50,100,75,25,25,50,25,50,100,100,25,75,100,100,62,25,75,88,75,100,75,100,50,25,50,50,25,25,50,50,75,100,50,Bundesliga
Elversberg,cig09m7g3wx983agnqgovggoh,3inva12wuqo70czviv1b0us5w,C. Campbell,Cole Campbell,20,Attacker,USA,Striker,17.0,24.0,1.0,41.0,3.0,0.0,20.0,23.0,21.0,0.0,261.0,9.0,1.0,0.0,6.0,5.0,1.0,3.0,1.0,0.0,3.0,18.0,9.0,0.0,2.0,0.0,80.39,20.0,0.0,45.0,50.0,43.75,16.67,100.0,0.467370228438301,0.3115550253207539,3.0,6.0,0.2197997,0.0,2.0,3.0,0.35889832,16.0,5.862068965517242,8.275862068965518,0.3448275862068966,14.13793103448276,1.0344827586206895,0.0,6.896551724137932,7.931034482758621,7.241379310344827,0.0,3.103448275862069,0.3448275862068966,0.0,2.0689655172413794,1.7241379310344829,0.3448275862068966,1.0344827586206895,0.3448275862068966,0.0,1.0344827586206895,6.206896551724138,3.103448275862069,0.0,0.6896551724137931,0.0,80.39,20.0,0.0,45.0,50.0,43.75,16.67,100.0,0.1611621477373452,0.1074327673519841,1.0344827586206895,2.0689655172413794,0.075793,0.0,0.6896551724137931,1.0344827586206895,0.1237580413793103,5.517241379310345,LW,45,18,36,18,45,55,91,91,91,23,95,36,32,32,59,41,64,59,18,50,64,95,27,50,55,64,27,27,55,77,68,18,86,27,55,59,27,36,18,36,32,45,27,45,18,27,18,55,55,100,100,100,23,100,45,32,36,73,45,73,64,18,64,73,100,27,64,55,64,27,27,55,77,68,18,86,27,45,64,27,45,18,45,27,45,27,Bundesliga
Elversberg,cig09m7g3wx983agnqgovggoh,3vc4cabxofay0sdv7e1ym663u,L. Günther,Lasse Günther,23,Defender,Germany,Defender,42.0,39.0,4.0,80.0,3.0,0.0,8.0,9.0,12.0,11.0,331.0,3.0,3.0,0.0,1.0,1.0,0.0,0.0,0.0,2.0,1.0,4.0,3.0,1.0,2.0,0.0,68.38,26.67,50.0,37.5,100.0,41.38,42.86,50.0,0.0699286711777695,0.2330940360627758,0.0,4.0,0.09106206,3.0,7.0,8.0,0.20959944,45.0,11.419939577039276,10.604229607250756,1.0876132930513596,21.75226586102719,0.8157099697885197,0.0,2.175226586102719,2.447129909365559,3.262839879154079,2.990936555891239,0.8157099697885197,0.8157099697885197,0.0,0.2719033232628399,0.2719033232628399,0.0,0.0,0.0,0.5438066465256798,0.2719033232628399,1.0876132930513596,0.8157099697885197,0.2719033232628399,0.5438066465256798,0.0,68.38,26.67,50.0,37.5,100.0,41.38,42.86,50.0,0.0190138380845898,0.0633790430382169,0.0,1.0876132930513596,0.0247600767371601,0.8157099697885197,1.9033232628398795,2.175226586102719,0.0569907842900302,12.235649546827796,LB/LCB,35,20,50,25,62,50,88,95,28,55,82,35,32,10,40,18,22,40,18,62,30,60,45,18,52,10,25,95,70,98,20,28,32,10,55,22,57,50,55,28,25,15,35,35,15,55,30,70,50,95,95,25,50,80,35,32,10,50,18,22,40,15,70,30,60,45,20,52,10,25,95,70,98,20,28,32,10,50,22,55,50,60,30,25,15,35,Bundesliga
Elversberg,cig09m7g3wx983agnqgovggoh,7dcl84ahs5b2kjzaipai5ikno,F. Keidel,Felix Keidel,23,Defender,Germany,Defender,54.0,49.0,4.0,101.0,5.0,0.0,5.0,5.0,11.0,5.0,343.0,3.0,1.0,0.0,3.0,0.0,3.0,2.0,1.0,6.0,1.0,0.0,3.0,2.0,3.0,1.0,80.16,50.0,11.76,60.0,33.33,45.83,25.0,75.0,0.1815162850642716,0.5048257201520879,1.0,3.0,0.07658244,3.0,7.0,9.0,0.22633013,40.0,14.169096209912537,12.857142857142858,1.0495626822157436,26.501457725947525,1.3119533527696794,0.0,1.3119533527696794,1.3119533527696794,2.8862973760932946,1.3119533527696794,0.7871720116618076,0.2623906705539359,0.0,0.7871720116618076,0.0,0.7871720116618076,0.5247813411078718,0.2623906705539359,1.5743440233236152,0.2623906705539359,0.0,0.7871720116618076,0.5247813411078718,0.7871720116618076,0.2623906705539359,80.16,50.0,11.76,60.0,33.33,45.83,25.0,75.0,0.0476281797544735,0.1324615592235799,0.2623906705539359,0.7871720116618076,0.0200945177842565,0.7871720116618076,1.836734693877551,2.361516034985423,0.0593869145772594,10.495626822157435,CB,3,37,17,10,97,48,97,95,17,3,93,3,42,65,15,97,93,92,70,73,10,72,97,55,100,17,65,90,63,77,23,3,62,50,100,83,58,63,80,40,37,33,17,3,37,17,7,93,48,97,97,17,3,93,3,42,63,15,97,97,90,60,73,10,77,100,53,100,17,65,90,63,77,23,3,62,50,100,90,60,60,83,40,37,33,17,Bundesliga
Elversberg,cig09m7g3wx983agnqgovggoh,bhshqnrzmdjbqhtr8rcy7tca2,M. Rohr,Maximilian Rohr,31,Defender,Germany,Defender,170.0,41.0,5.0,211.0,0.0,0.0,0.0,0.0,12.0,24.0,352.0,0.0,8.0,0.0,3.0,2.0,1.0,1.0,0.0,8.0,0.0,3.0,3.0,0.0,1.0,0.0,86.48,22.73,0.0,0.0,0.0,41.38,42.11,100.0,0.3072363862523112,0.0,1.0,5.0,0.10818512,2.0,8.0,11.0,0.23308345,97.0,43.46590909090909,10.482954545454543,1.278409090909091,53.94886363636364,0.0,0.0,0.0,0.0,3.0681818181818183,6.136363636363637,0.0,2.0454545454545454,0.0,0.7670454545454546,0.5113636363636364,0.2556818181818182,0.2556818181818182,0.0,2.0454545454545454,0.0,0.7670454545454546,0.7670454545454546,0.0,0.2556818181818182,0.0,86.48,22.73,0.0,0.0,0.0,41.38,42.11,100.0,0.0785547578486023,0.0,0.2556818181818182,1.278409090909091,0.0276609681818181,0.5113636363636364,2.0454545454545454,2.8125,0.0595952002840909,24.801136363636363,CB,97,30,30,60,13,48,22,22,20,50,23,37,42,65,62,82,67,42,92,33,37,72,45,13,50,30,3,45,23,33,13,13,90,67,20,83,73,70,67,43,43,37,43,97,20,33,63,13,48,22,22,20,47,23,40,42,60,63,87,70,42,93,33,37,73,45,17,50,30,3,45,23,33,13,13,90,60,20,87,73,70,67,43,43,37,37,Bundesliga
Elversberg,cig09m7g3wx983agnqgovggoh,ci4pwzieoc94uj3i1371bsatx,J. Gyamerah,Jan Gyamerah,31,Defender,Ghana,Defender,65.0,30.0,3.0,95.0,1.0,0.0,5.0,5.0,19.0,8.0,304.0,1.0,5.0,0.0,1.0,1.0,0.0,0.0,0.0,4.0,0.0,3.0,3.0,0.0,8.0,0.0,79.17,37.5,0.0,20.0,0.0,51.35,55.56,80.0,0.0753473294724501,0.0331829527083247,0.0,3.0,0.06207,0.0,9.0,7.0,0.1569947099999999,40.0,19.24342105263158,8.881578947368421,0.8881578947368421,28.125,0.2960526315789473,0.0,1.480263157894737,1.480263157894737,5.625,2.3684210526315788,0.2960526315789473,1.480263157894737,0.0,0.2960526315789473,0.2960526315789473,0.0,0.0,0.0,1.1842105263157894,0.0,0.8881578947368421,0.8881578947368421,0.0,2.3684210526315788,0.0,79.17,37.5,0.0,20.0,0.0,51.35,55.56,80.0,0.0223067751727648,0.0098239004728592,0.0,0.8881578947368421,0.0183759868421052,0.0,2.664473684210526,2.0723684210526314,0.0464786970394736,11.842105263157896,RB/RCB,67,5,21,48,26,52,57,57,67,43,31,69,33,26,40,29,31,45,55,26,36,48,17,86,52,43,55,17,29,26,24,71,67,33,14,29,31,24,12,69,40,19,48,57,5,19,38,14,52,57,57,67,38,38,71,33,24,38,29,31,45,57,26,33,48,17,86,52,43,55,17,29,26,24,71,67,33,14,29,38,24,12,62,48,19,43,Bundesliga
Elversberg,cig09m7g3wx983agnqgovggoh,d49iskrm33kt3vlxy4q85m0ru,Ł. Poręba,Lukasz Poreba,26,Midfielder,Poland,Midfielder,87.0,56.0,5.0,143.0,1.0,1.0,0.0,0.0,8.0,12.0,360.0,0.0,1.0,0.0,1.0,0.0,1.0,1.0,0.0,5.0,0.0,0.0,3.0,0.0,1.0,0.0,89.38,62.5,0.0,0.0,0.0,32.0,12.5,25.0,0.0563088548626003,0.0454217652527397,1.0,3.0,0.05864487,1.0,10.0,8.0,0.18578206,62.0,21.75,14.0,1.25,35.75,0.25,0.25,0.0,0.0,2.0,3.0,0.0,0.25,0.0,0.25,0.0,0.25,0.25,0.0,1.25,0.0,0.0,0.75,0.0,0.25,0.0,89.38,62.5,0.0,0.0,0.0,32.0,12.5,25.0,0.01407721371565,0.0113554413131849,0.25,0.75,0.0146612175,0.25,2.5,2.0,0.046445515,15.5,DM/CM,81,29,60,57,19,100,10,7,14,86,21,29,43,24,17,43,57,40,50,24,7,48,29,7,52,71,67,29,21,24,5,24,7,24,19,57,31,24,33,33,40,24,48,67,14,43,29,12,100,10,7,10,81,21,19,43,17,17,36,43,40,40,24,7,38,29,5,52,71,67,29,21,24,5,24,7,24,19,45,24,19,24,31,36,19,24,Bundesliga
Werder Bremen,cu0eztmjcsbydyp53aleznorw,1psr9ra8k9j4r94p1xixagzbp,A. Pieper,Amos Pieper,28,Defender,Germany,Defender,152.0,105.0,16.0,257.0,1.0,0.0,0.0,0.0,18.0,21.0,349.0,0.0,7.0,0.0,4.0,1.0,3.0,2.0,0.0,7.0,1.0,1.0,2.0,0.0,6.0,0.0,89.86,51.61,0.0,0.0,25.0,66.67,53.85,66.67,0.3237562540840164,0.1113595315599294,3.0,10.0,0.19580547,2.0,21.0,25.0,0.4973650799999997,173.0,39.19770773638969,27.077363896848137,4.126074498567335,66.27507163323783,0.2578796561604584,0.0,0.0,0.0,4.641833810888252,5.415472779369628,0.0,1.805157593123209,0.0,1.0315186246418335,0.2578796561604584,0.7736389684813754,0.5157593123209169,0.0,1.805157593123209,0.2578796561604584,0.2578796561604584,0.5157593123209169,0.0,1.5472779369627507,0.0,89.86,51.61,0.0,0.0,25.0,66.67,53.85,66.67,0.0834901514829841,0.0287173577088643,0.7736389684813754,2.5787965616045847,0.0504942472779369,0.5157593123209169,5.415472779369628,6.446991404011461,0.1282603358166188,44.61318051575931,CB,83,90,97,90,50,48,22,22,52,40,23,30,42,77,40,97,93,42,83,73,20,47,45,87,50,60,73,45,23,68,82,40,45,70,67,98,88,87,67,73,87,83,87,83,80,93,87,58,48,22,22,50,40,23,30,42,77,43,93,93,42,83,70,20,53,45,87,50,60,73,45,23,68,82,40,45,63,63,97,87,83,70,73,83,80,83,Bundesliga
Werder Bremen,cu0eztmjcsbydyp53aleznorw,2zkaf848fjcdhuii8783pkm7e,Y. Regeer,Youri Regeer,23,Midfielder,Netherlands,Midfielder,64.0,89.0,7.0,151.0,6.0,0.0,1.0,1.0,15.0,4.0,256.0,1.0,4.0,0.0,1.0,0.0,1.0,0.0,0.0,6.0,1.0,1.0,2.0,2.0,4.0,0.0,88.3,77.78,66.67,100.0,100.0,71.43,66.67,50.0,0.0241688737600717,0.5561057307742285,1.0,8.0,0.17643174,3.0,22.0,15.0,0.6577046599999997,98.0,22.5,31.2890625,2.4609375,53.0859375,2.109375,0.0,0.3515625,0.3515625,5.2734375,1.40625,0.3515625,1.40625,0.0,0.3515625,0.0,0.3515625,0.0,0.0,2.109375,0.3515625,0.3515625,0.703125,0.703125,1.40625,0.0,88.3,77.78,66.67,100.0,100.0,71.43,66.67,50.0,0.0084968696812752,0.1955059209753147,0.3515625,2.8125,0.0620267835937499,1.0546875,7.734375,5.2734375,0.2312242945312499,34.453125,DM/CM,48,76,81,71,95,50,31,29,62,31,57,69,43,24,17,43,21,40,67,60,21,29,86,69,52,57,100,90,95,98,100,90,43,19,90,57,86,76,79,93,81,95,81,74,90,86,86,100,50,33,33,81,33,62,76,43,33,17,52,21,40,81,67,24,29,90,76,52,57,100,90,95,98,100,90,43,19,100,71,90,95,81,95,90,95,90,Bundesliga
Werder Bremen,cu0eztmjcsbydyp53aleznorw,3ia67tz2wkwnl35dszw841xxw,Chuki,Iván San José Cantalejo,22,Midfielder,Spain,Midfielder,35.0,84.0,3.0,115.0,8.0,0.0,2.0,3.0,12.0,4.0,353.0,2.0,2.0,2.0,7.0,5.0,2.0,1.0,0.0,1.0,4.0,11.0,3.0,4.0,2.0,0.0,82.14,37.5,23.53,100.0,57.14,52.17,33.33,40.0,0.8317414110392771,0.9445669310615068,2.0,8.0,0.20468474,6.0,13.0,21.0,0.5881327500000001,61.0,8.923512747875355,21.41643059490085,0.764872521246459,29.3201133144476,2.039660056657224,0.0,0.509915014164306,0.764872521246459,3.059490084985836,1.019830028328612,0.509915014164306,0.509915014164306,0.509915014164306,1.7847025495750708,1.274787535410765,0.509915014164306,0.254957507082153,0.0,0.254957507082153,1.019830028328612,2.8045325779036827,0.764872521246459,1.019830028328612,0.509915014164306,0.0,82.14,37.5,23.53,100.0,57.14,52.17,33.33,40.0,0.2120587166955664,0.2408244300156816,0.509915014164306,2.039660056657224,0.0521859110481586,1.529745042492918,3.314447592067989,5.354107648725213,0.1499488597733711,15.552407932011333,CM/AM,48,70,46,63,80,52,39,44,39,61,50,41,91,65,72,46,30,30,20,87,63,41,76,44,50,52,33,33,89,81,59,35,22,74,81,65,46,52,80,63,74,67,67,44,59,41,59,63,52,37,44,22,56,48,44,85,59,63,41,20,30,7,83,59,37,67,41,50,52,33,33,89,81,59,35,22,63,74,56,35,41,78,56,74,59,59,Bundesliga
Werder Bremen,cu0eztmjcsbydyp53aleznorw,5wn1xudozb4s78x0m8ch7vn8q,O. Deman,Olivier Deman,26,Defender,Belgium,Defender,91.0,78.0,9.0,167.0,2.0,0.0,4.0,4.0,20.0,14.0,360.0,1.0,3.0,0.0,3.0,1.0,2.0,0.0,0.0,4.0,3.0,3.0,1.0,2.0,12.0,0.0,85.64,47.37,16.67,25.0,100.0,57.14,50.0,80.0,0.1805821792400701,0.2322727759613037,2.0,3.0,0.05550539,2.0,16.0,22.0,0.77150077,71.0,22.75,19.5,2.25,41.75,0.5,0.0,1.0,1.0,5.0,3.5,0.25,0.75,0.0,0.75,0.25,0.5,0.0,0.0,1.0,0.75,0.75,0.25,0.5,3.0,0.0,85.64,47.37,16.67,25.0,100.0,57.14,50.0,80.0,0.0451455448100175,0.0580681939903259,0.5,0.75,0.0138763475,0.5,4.0,5.5,0.1928751925,17.75,LB/LCB,90,72,100,75,35,50,62,60,57,80,48,35,32,50,40,78,22,40,45,98,20,18,68,100,52,70,75,45,42,98,48,45,85,50,50,85,45,40,38,75,90,80,60,85,57,95,60,28,50,50,45,45,75,38,30,32,42,32,75,22,40,40,98,15,15,68,95,52,70,75,45,42,98,48,45,85,40,35,80,38,35,35,68,90,70,55,Bundesliga
Werder Bremen,cu0eztmjcsbydyp53aleznorw,630sqbiu7utmkg8yw0h4ky8a2,E. Dinkçi,Eren Dinkçi,24,Attacker,Türkiye,Striker,10.0,23.0,0.0,33.0,0.0,0.0,1.0,3.0,2.0,2.0,223.0,0.0,1.0,0.0,5.0,4.0,1.0,1.0,1.0,1.0,1.0,8.0,0.0,0.0,0.0,0.0,64.71,0.0,0.0,0.0,20.0,25.0,33.33,0.0,0.6276019344761611,0.0,1.0,3.0,0.0667338899999999,0.0,2.0,3.0,0.08017625,13.0,4.035874439461884,9.282511210762332,0.0,13.318385650224217,0.0,0.0,0.4035874439461883,1.210762331838565,0.8071748878923767,0.8071748878923767,0.0,0.4035874439461883,0.0,2.0179372197309418,1.6143497757847534,0.4035874439461883,0.4035874439461883,0.4035874439461883,0.4035874439461883,0.4035874439461883,3.2286995515695067,0.0,0.0,0.0,0.0,64.71,0.0,0.0,0.0,20.0,25.0,33.33,0.0,0.253292260550917,0.0,0.4035874439461883,1.210762331838565,0.026932960089686,0.0,0.8071748878923767,1.210762331838565,0.0323581278026905,5.246636771300448,RW,25,25,25,25,25,62,25,25,25,75,25,50,38,25,38,25,38,75,62,38,38,25,38,25,62,50,25,38,25,62,25,75,25,50,25,25,25,25,25,25,25,25,25,25,50,25,50,25,62,25,25,25,75,25,50,38,50,50,25,50,100,50,25,50,25,38,25,62,50,25,38,25,62,25,75,25,50,25,25,50,50,25,25,25,25,25,Bundesliga
Werder Bremen,cu0eztmjcsbydyp53aleznorw,6qj9kdcrum9mqla72ytoojje1,M. Grüll,Marco Grüll,28,Attacker,Austria,Striker,36.0,57.0,4.0,90.0,10.0,0.0,6.0,6.0,26.0,4.0,355.0,4.0,1.0,4.0,10.0,5.0,5.0,3.0,2.0,8.0,3.0,17.0,9.0,3.0,8.0,0.0,76.92,66.67,15.79,66.67,30.0,55.32,25.0,66.67,0.7109822847988225,0.9579141067178704,5.0,15.0,0.38702099,5.0,4.0,9.0,0.59049664,39.0,9.126760563380282,14.450704225352112,1.0140845070422535,22.816901408450704,2.535211267605633,0.0,1.5211267605633805,1.5211267605633805,6.591549295774648,1.0140845070422535,1.0140845070422535,0.2535211267605634,1.0140845070422535,2.535211267605633,1.2676056338028168,1.2676056338028168,0.7605633802816901,0.5070422535211268,2.028169014084507,0.7605633802816901,4.309859154929577,2.2816901408450705,0.7605633802816901,2.028169014084507,0.0,76.92,66.67,15.79,66.67,30.0,55.32,25.0,66.67,0.1802490299489972,0.242851463674953,1.2676056338028168,3.8028169014084505,0.0981179974647887,1.2676056338028168,1.0140845070422535,2.2816901408450705,0.1497033735211267,9.887323943661972,LW,91,55,82,82,100,55,45,41,100,77,50,36,100,73,59,86,64,95,100,50,55,95,86,100,55,27,82,64,91,41,82,36,55,64,91,86,82,82,86,73,73,91,82,91,45,82,73,91,55,36,27,91,73,45,18,100,45,36,82,55,91,100,36,45,91,82,100,55,27,82,64,91,41,82,36,55,36,91,73,73,73,73,73,73,82,73,Bundesliga
Werder Bremen,cu0eztmjcsbydyp53aleznorw,7b9gqjq7z692znpoklj7c057u,L. Reis,Ludovit Reis,26,Midfielder,Netherlands,Midfielder,66.0,73.0,4.0,139.0,1.0,0.0,2.0,2.0,20.0,11.0,323.0,1.0,1.0,0.0,5.0,4.0,1.0,2.0,0.0,2.0,2.0,7.0,5.0,0.0,7.0,0.0,89.1,50.0,0.0,50.0,40.0,60.61,33.33,53.85,0.4504294142179237,0.0764128005834548,1.0,11.0,0.20886437,3.0,11.0,5.0,0.16751025,60.0,18.390092879256965,20.340557275541794,1.1145510835913313,38.73065015479876,0.2786377708978328,0.0,0.5572755417956656,0.5572755417956656,5.572755417956656,3.065015479876161,0.2786377708978328,0.2786377708978328,0.0,1.393188854489164,1.1145510835913313,0.2786377708978328,0.5572755417956656,0.0,0.5572755417956656,0.5572755417956656,1.9504643962848296,1.393188854489164,0.0,1.9504643962848296,0.0,89.1,50.0,0.0,50.0,40.0,60.61,33.33,53.85,0.1255066479244988,0.0212914924226344,0.2786377708978328,3.065015479876161,0.0581975024767801,0.8359133126934984,3.065015479876161,1.393188854489164,0.0466746826625387,16.718266253869967,DM/CM,57,62,43,52,19,50,52,52,86,76,57,29,43,74,83,43,81,40,19,86,69,79,29,93,52,67,40,29,74,86,90,33,52,71,38,57,95,95,79,43,26,19,38,43,57,38,52,19,50,48,48,86,90,52,29,43,76,81,43,76,40,19,86,67,71,29,90,52,67,40,29,74,86,90,33,52,71,38,57,95,90,71,38,24,24,33,Bundesliga
Werder Bremen,cu0eztmjcsbydyp53aleznorw,9rglo47kroo6ob6gy7i4poqok,Arthur,Arthur Augusto de Matos Soares,23,Defender,Brazil,Defender,58.0,61.0,6.0,116.0,1.0,0.0,13.0,14.0,16.0,3.0,237.0,7.0,0.0,0.0,0.0,0.0,0.0,0.0,0.0,5.0,0.0,3.0,5.0,3.0,3.0,0.0,83.45,50.0,60.0,53.85,0.0,57.14,0.0,75.0,0.0,0.1571496018874135,0.0,7.0,0.1640037,4.0,8.0,9.0,0.8067437799999999,55.0,22.025316455696203,23.16455696202532,2.278481012658228,44.050632911392405,0.379746835443038,0.0,4.936708860759493,5.316455696202532,6.075949367088608,1.139240506329114,2.6582278481012658,0.0,0.0,0.0,0.0,0.0,0.0,0.0,1.89873417721519,0.0,1.139240506329114,1.89873417721519,1.139240506329114,1.139240506329114,0.0,83.45,50.0,60.0,53.85,0.0,57.14,0.0,75.0,0.0,0.0596770640078785,0.0,2.6582278481012658,0.0622798860759493,1.518987341772152,3.037974683544304,3.4177215189873418,0.3063583974683544,20.88607594936709,RB/RCB,43,71,55,57,26,52,100,100,45,5,100,12,33,12,17,29,31,45,76,26,36,74,64,36,52,62,76,88,57,26,52,14,55,12,38,29,88,86,88,60,55,71,67,67,90,67,81,38,52,100,100,76,10,100,12,33,12,17,29,31,45,95,26,38,86,71,48,52,62,76,88,57,26,52,14,55,12,48,29,90,90,90,81,67,86,71,Bundesliga
Werder Bremen,cu0eztmjcsbydyp53aleznorw,aaoycxwi9jny6flm4apz8a2uh,M. Friedl,Marco Friedl,28,Defender,Austria,Defender,173.0,111.0,19.0,284.0,1.0,0.0,1.0,1.0,10.0,26.0,360.0,1.0,5.0,0.0,2.0,2.0,0.0,0.0,0.0,5.0,0.0,3.0,2.0,0.0,1.0,0.0,94.35,79.17,0.0,100.0,0.0,35.71,38.46,50.0,0.2113991359245834,0.0,0.0,9.0,0.17755791,2.0,25.0,32.0,0.4220548099999999,191.0,43.25,27.75,4.75,71.0,0.25,0.0,0.25,0.25,2.5,6.5,0.25,1.25,0.0,0.5,0.5,0.0,0.0,0.0,1.25,0.0,0.75,0.5,0.0,0.25,0.0,94.35,79.17,0.0,100.0,0.0,35.71,38.46,50.0,0.0528497839811458,0.0,0.0,2.25,0.0443894775,0.5,6.25,8.0,0.1055137024999999,47.75,CB,100,93,100,93,50,48,55,55,13,55,65,22,42,47,62,38,25,42,52,33,37,47,45,13,50,100,100,45,88,33,3,10,18,53,20,38,82,77,67,90,93,70,93,93,87,97,90,38,48,47,47,7,55,58,17,42,42,57,38,25,42,38,33,32,43,45,7,50,100,100,45,88,33,3,10,18,53,20,38,80,77,62,83,93,63,90,Bundesliga
Werder Bremen,cu0eztmjcsbydyp53aleznorw,cjq9g6zgcxk1ceo2xzpe1qnyt,N. Füllkrug,Niclas Füllkrug,33,Attacker,Germany,Striker,28.0,40.0,4.0,68.0,6.0,0.0,3.0,4.0,21.0,3.0,306.0,0.0,12.0,0.0,11.0,11.0,0.0,1.0,3.0,0.0,7.0,19.0,3.0,0.0,3.0,0.0,71.58,57.14,0.0,0.0,63.64,47.73,60.0,50.0,1.1717460806845428,0.478806618160949,1.0,4.0,0.0973701199999999,2.0,5.0,1.0,0.23393292,22.0,8.23529411764706,11.764705882352942,1.1764705882352942,20.0,1.7647058823529411,0.0,0.8823529411764706,1.1764705882352942,6.176470588235294,0.8823529411764706,0.0,3.5294117647058822,0.0,3.235294117647059,3.235294117647059,0.0,0.2941176470588235,0.8823529411764706,0.0,2.058823529411765,5.588235294117648,0.8823529411764706,0.0,0.8823529411764706,0.0,71.58,57.14,0.0,0.0,63.64,47.73,60.0,50.0,0.3446312002013361,0.1408254759296908,0.2941176470588235,1.1764705882352942,0.0286382705882352,0.5882352941176471,1.4705882352941178,0.2941176470588235,0.0688038,6.470588235294118,ST,95,76,79,95,86,52,40,55,90,62,10,88,36,62,86,12,24,76,26,83,62,52,45,98,52,62,62,45,10,90,86,100,55,57,76,36,71,52,74,67,7,76,79,86,71,76,93,86,52,31,38,90,52,10,81,36,52,86,12,19,76,26,86,57,45,45,95,52,62,62,45,10,90,86,100,55,48,76,31,62,43,76,60,5,71,76,Bundesliga
Hoffenheim,4l9mrqzmajz5crzlz50mtbt6x,17iz3i6kzdxc115bdlgcgqdck,A. Daghim,Adam Daghim,20,Attacker,Denmark,Striker,13.0,60.0,3.0,70.0,9.0,0.0,22.0,25.0,16.0,4.0,347.0,5.0,4.0,2.0,6.0,4.0,2.0,2.0,2.0,4.0,4.0,20.0,2.0,3.0,5.0,0.0,66.04,42.86,18.75,22.73,66.67,37.21,80.0,83.33,0.4081144027875227,0.6673423010967041,1.0,8.0,0.27383741,2.0,3.0,7.0,0.50471206,24.0,3.371757925072046,15.561959654178674,0.7780979827089337,18.155619596541783,2.334293948126801,0.0,5.706051873198847,6.484149855907781,4.14985590778098,1.037463976945245,1.296829971181556,1.037463976945245,0.5187319884726225,1.5561959654178674,1.037463976945245,0.5187319884726225,0.5187319884726225,0.5187319884726225,1.037463976945245,1.037463976945245,5.187319884726224,0.5187319884726225,0.7780979827089337,1.296829971181556,0.0,66.04,42.86,18.75,22.73,66.67,37.21,80.0,83.33,0.1058509978411442,0.1730858994198944,0.2593659942363112,2.07492795389049,0.0710241121037464,0.5187319884726225,0.7780979827089337,1.8155619596541783,0.1309051452449567,6.22478386167147,LW,27,73,73,55,86,55,100,100,68,77,64,86,82,32,36,55,41,95,91,82,73,27,86,91,55,18,45,73,18,100,18,100,64,18,82,32,59,64,50,59,64,73,55,18,64,73,45,82,55,82,82,27,82,64,73,73,27,18,55,36,100,91,73,55,18,91,91,55,18,45,73,18,100,18,100,64,18,82,18,36,36,45,55,64,55,36,Bundesliga
Hoffenheim,4l9mrqzmajz5crzlz50mtbt6x,4ryipy52oscxkv71ws0os5w5,V. Coufal,Vladimír Coufal,34,Defender,Czechia,Defender,59.0,112.0,7.0,164.0,9.0,0.0,5.0,5.0,18.0,10.0,339.0,3.0,5.0,2.0,2.0,0.0,2.0,2.0,0.0,6.0,0.0,7.0,5.0,7.0,4.0,0.0,79.23,31.82,17.5,60.0,0.0,66.67,71.43,80.0,0.0714394561825423,1.013097746117788,1.0,5.0,0.10572619,4.0,18.0,21.0,1.2766183099999997,90.0,15.663716814159292,29.734513274336283,1.8584070796460177,43.53982300884956,2.3893805309734515,0.0,1.327433628318584,1.327433628318584,4.778761061946903,2.6548672566371683,0.7964601769911505,1.327433628318584,0.5309734513274337,0.5309734513274337,0.0,0.5309734513274337,0.5309734513274337,0.0,1.592920353982301,0.0,1.8584070796460177,1.327433628318584,1.8584070796460177,1.0619469026548674,0.0,79.23,31.82,17.5,60.0,0.0,66.67,71.43,80.0,0.0189662273050997,0.268964003394103,0.2654867256637168,1.327433628318584,0.0280689,1.0619469026548674,4.778761061946903,5.575221238938053,0.3389252150442477,23.89380530973452,RB/RCB,50,95,64,86,95,52,57,57,57,62,76,69,98,48,17,86,93,45,90,26,64,74,90,48,52,48,29,43,69,26,86,90,67,29,90,69,76,62,88,100,100,95,90,38,95,62,76,90,52,52,52,38,48,71,57,95,43,17,86,86,45,81,26,57,67,90,43,52,48,29,43,69,26,86,90,67,24,86,71,71,57,86,95,95,95,81,Bundesliga
Hoffenheim,4l9mrqzmajz5crzlz50mtbt6x,4z9prwdr22kb7vpemekkzqooa,A. Hajdari,Albian Hajdari,23,Defender,Kosovo,Defender,104.0,82.0,14.0,186.0,1.0,0.0,0.0,0.0,13.0,12.0,312.0,0.0,6.0,0.0,3.0,0.0,3.0,1.0,0.0,7.0,0.0,7.0,3.0,0.0,2.0,0.0,83.78,43.75,0.0,0.0,0.0,44.83,50.0,50.0,0.1204616559910831,0.1022463461079843,3.0,1.0,0.02385149,1.0,24.0,24.0,0.7237287499999997,121.0,30.0,23.65384615384616,4.038461538461538,53.65384615384615,0.2884615384615384,0.0,0.0,0.0,3.75,3.461538461538461,0.0,1.7307692307692306,0.0,0.8653846153846153,0.0,0.8653846153846153,0.2884615384615384,0.0,2.019230769230769,0.0,2.019230769230769,0.8653846153846153,0.0,0.5769230769230769,0.0,83.78,43.75,0.0,0.0,0.0,44.83,50.0,50.0,0.0347485546128124,0.02949413830038,0.8653846153846153,0.2884615384615384,0.0068802375,0.2884615384615384,6.9230769230769225,6.9230769230769225,0.208767908653846,34.90384615384615,CB,30,65,83,43,50,48,22,22,27,15,23,27,42,65,15,97,67,42,83,33,72,72,45,35,50,23,47,45,23,33,17,25,18,37,60,98,40,42,50,85,83,97,60,33,77,90,57,67,48,22,22,28,13,23,27,42,70,15,100,80,42,90,33,80,80,45,40,50,23,47,45,23,33,17,25,18,40,67,100,43,40,53,87,87,97,63,Bundesliga
Hoffenheim,4l9mrqzmajz5crzlz50mtbt6x,5r47vtvu418kae5j2rpv6w2dw,M. Rots,Mats Rots,20,Defender,Netherlands,Defender,52.0,68.0,5.0,115.0,6.0,0.0,3.0,3.0,11.0,7.0,207.0,3.0,3.0,0.0,3.0,0.0,3.0,0.0,0.0,2.0,0.0,2.0,0.0,5.0,2.0,0.0,82.73,35.71,50.0,100.0,0.0,55.0,42.86,40.0,0.1589557143515367,0.7655980406284053,2.0,10.0,0.24673636,5.0,16.0,11.0,0.5814093500000002,68.0,22.60869565217392,29.56521739130435,2.173913043478261,50.00000000000001,2.608695652173913,0.0,1.3043478260869563,1.3043478260869563,4.782608695652175,3.0434782608695654,1.3043478260869563,1.3043478260869563,0.0,1.3043478260869563,0.0,1.3043478260869563,0.0,0.0,0.8695652173913044,0.0,0.8695652173913044,0.0,2.173913043478261,0.8695652173913044,0.0,82.73,35.71,50.0,100.0,0.0,55.0,42.86,40.0,0.069111180152842,0.332868713316698,0.8695652173913044,4.347826086956522,0.1072766782608695,2.173913043478261,6.956521739130436,4.782608695652175,0.2527866739130435,29.56521739130435,LB/LCB,45,60,65,45,80,50,42,38,20,28,82,35,32,50,12,88,22,40,18,22,12,8,85,18,52,50,40,95,100,22,40,28,20,45,80,85,75,80,88,75,55,60,55,80,80,90,85,85,50,70,65,30,60,90,60,32,85,12,100,22,40,30,22,20,8,90,35,52,50,40,95,100,22,40,28,20,55,90,100,90,85,100,95,70,80,85,Bundesliga
Hoffenheim,4l9mrqzmajz5crzlz50mtbt6x,6ki6rv564ybctrajr2xtgyeax,O. Kabak,Ozan Kabak,26,Defender,Türkiye,Defender,97.0,65.0,10.0,162.0,1.0,0.0,0.0,0.0,29.0,33.0,349.0,0.0,25.0,0.0,5.0,5.0,0.0,0.0,1.0,5.0,2.0,13.0,0.0,0.0,4.0,0.0,86.63,62.5,0.0,0.0,40.0,59.18,78.12,100.0,0.6449136064231804,0.1527001253904702,0.0,0.0,0.0,1.0,15.0,19.0,0.33364503,102.0,25.01432664756447,16.7621776504298,2.5787965616045847,41.77650429799427,0.2578796561604584,0.0,0.0,0.0,7.478510028653295,8.510028653295128,0.0,6.446991404011461,0.0,1.2893982808022924,1.2893982808022924,0.0,0.0,0.2578796561604584,1.2893982808022924,0.5157593123209169,3.35243553008596,0.0,0.0,1.0315186246418335,0.0,86.63,62.5,0.0,0.0,40.0,59.18,78.12,100.0,0.166310099077611,0.0393782558313533,0.0,0.0,0.0,0.2578796561604584,3.8681948424068766,4.899713467048711,0.0860402656160458,26.30372492836676,CB,27,47,53,33,50,48,22,22,90,82,23,98,42,87,87,38,25,92,52,92,97,12,45,70,50,33,88,45,23,88,43,100,90,83,90,38,17,17,50,63,73,50,48,13,50,57,27,58,48,22,22,87,77,23,97,42,90,90,38,25,87,50,93,97,12,45,70,50,33,88,45,23,88,43,100,90,83,87,38,17,17,50,57,70,47,43,Bundesliga
Hoffenheim,4l9mrqzmajz5crzlz50mtbt6x,84d0jugdidn3if1iqx4ynuxw4,L. Avdullahu,Leon Avdullahu,22,Midfielder,Kosovo,Midfielder,102.0,116.0,8.0,218.0,2.0,0.0,1.0,1.0,11.0,6.0,350.0,0.0,1.0,0.0,3.0,0.0,3.0,1.0,1.0,8.0,1.0,1.0,3.0,0.0,5.0,0.0,88.62,66.67,0.0,0.0,33.33,52.38,25.0,71.43,0.1555039577937328,0.1329330296141073,2.0,3.0,0.08308715,5.0,22.0,23.0,0.54166991,125.0,26.228571428571428,29.82857142857143,2.0571428571428574,56.05714285714286,0.5142857142857143,0.0,0.2571428571428572,0.2571428571428572,2.8285714285714287,1.542857142857143,0.0,0.2571428571428572,0.0,0.7714285714285715,0.0,0.7714285714285715,0.2571428571428572,0.2571428571428572,2.0571428571428574,0.2571428571428572,0.2571428571428572,0.7714285714285715,0.0,1.2857142857142858,0.0,88.62,66.67,0.0,0.0,33.33,52.38,25.0,71.43,0.0399867320041027,0.0341827790436275,0.5142857142857143,0.7714285714285715,0.0213652671428571,1.2857142857142858,5.6571428571428575,5.914285714285715,0.1392865482857142,32.142857142857146,DM/CM,95,100,90,100,43,50,31,29,31,48,21,29,43,48,17,90,57,88,81,60,21,48,29,79,52,62,79,29,21,67,50,29,95,38,52,86,31,43,95,93,100,76,100,95,86,81,95,43,50,29,29,24,43,21,24,43,43,17,90,52,86,76,57,14,48,29,62,52,62,79,29,21,67,50,29,95,38,52,86,29,38,90,86,95,71,86,Bundesliga
Hoffenheim,4l9mrqzmajz5crzlz50mtbt6x,87ytopsesl3dy8wwdefnzlm5m,B. Conté,Bambasé Conté,23,Midfielder,Germany,Midfielder,21.0,43.0,1.0,62.0,7.0,0.0,1.0,2.0,18.0,2.0,252.0,1.0,5.0,2.0,9.0,8.0,1.0,4.0,0.0,1.0,1.0,21.0,7.0,2.0,1.0,0.0,80.52,50.0,66.67,100.0,11.11,41.86,41.67,20.0,0.7280186271120754,0.5455494506239098,1.0,9.0,0.2975357799999999,4.0,6.0,7.0,0.34514327,31.0,7.500000000000001,15.357142857142858,0.3571428571428571,22.142857142857142,2.5,0.0,0.3571428571428571,0.7142857142857143,6.428571428571429,0.7142857142857143,0.3571428571428571,1.7857142857142858,0.7142857142857143,3.2142857142857144,2.857142857142857,0.3571428571428571,1.4285714285714286,0.0,0.3571428571428571,0.3571428571428571,7.500000000000001,2.5,0.7142857142857143,0.3571428571428571,0.0,80.52,50.0,66.67,100.0,11.11,41.86,41.67,20.0,0.260006652540027,0.1948390895085392,0.3571428571428571,3.2142857142857144,0.1062627785714285,1.4285714285714286,2.142857142857143,2.5,0.1232654535714285,11.071428571428571,CM/AM,17,11,11,7,70,52,22,35,80,24,33,78,91,85,94,22,91,30,20,31,96,91,50,20,50,41,57,96,89,24,30,44,7,67,59,31,61,70,52,17,17,37,15,26,26,7,22,85,52,30,37,89,30,41,85,96,89,100,30,93,30,22,30,96,93,56,30,50,41,57,96,89,24,30,44,7,78,56,48,67,85,63,22,33,41,26,Bundesliga
Hoffenheim,4l9mrqzmajz5crzlz50mtbt6x,ag6hkplnlodzxqrs9fh7mka5m,W. Burger,Wouter Burger,25,Midfielder,Netherlands,Midfielder,54.0,108.0,7.0,158.0,6.0,0.0,2.0,2.0,23.0,16.0,349.0,1.0,11.0,0.0,5.0,4.0,1.0,2.0,0.0,3.0,1.0,12.0,3.0,4.0,3.0,0.0,77.45,43.75,36.36,50.0,20.0,57.5,64.71,37.5,0.3982670580428297,0.3538931865867998,0.0,9.0,0.19804973,9.0,15.0,23.0,0.47780067,78.0,13.925501432664756,27.851002865329512,1.805157593123209,40.74498567335244,1.5472779369627507,0.0,0.5157593123209169,0.5157593123209169,5.9312320916905446,4.126074498567335,0.2578796561604584,2.836676217765043,0.0,1.2893982808022924,1.0315186246418335,0.2578796561604584,0.5157593123209169,0.0,0.7736389684813754,0.2578796561604584,3.094555873925501,0.7736389684813754,1.0315186246418335,0.7736389684813754,0.0,77.45,43.75,36.36,50.0,20.0,57.5,64.71,37.5,0.1027049719881222,0.0912618532745329,0.0,2.320916905444126,0.0510729962750716,2.320916905444126,3.8681948424068766,5.9312320916905446,0.1232150724928366,20.11461318051576,CM/AM,70,81,83,78,56,52,39,35,94,100,33,100,33,35,61,22,54,30,61,31,70,41,76,63,50,30,44,67,52,33,81,89,19,37,22,7,61,44,96,67,83,52,78,70,78,81,74,37,52,41,33,81,100,30,100,33,22,52,11,48,30,59,22,63,41,70,56,50,30,44,67,52,33,81,89,19,33,22,7,52,33,96,63,78,37,74,Bundesliga
Hoffenheim,4l9mrqzmajz5crzlz50mtbt6x,aplc9mad75h1k90o3qla9c7l6,P. Wimmer,Patrick Wimmer,25,Midfielder,Austria,Midfielder,14.0,54.0,2.0,67.0,5.0,0.0,6.0,6.0,15.0,3.0,207.0,3.0,4.0,0.0,9.0,3.0,6.0,4.0,0.0,1.0,1.0,15.0,4.0,1.0,2.0,0.0,77.91,28.57,50.0,50.0,11.11,55.56,57.14,50.0,0.6447392362817519,0.4039454193769966,5.0,10.0,0.4961402,2.0,6.0,10.0,0.87703384,29.0,6.086956521739131,23.47826086956522,0.8695652173913044,29.1304347826087,2.173913043478261,0.0,2.608695652173913,2.608695652173913,6.521739130434783,1.3043478260869563,1.3043478260869563,1.7391304347826089,0.0,3.91304347826087,1.3043478260869563,2.608695652173913,1.7391304347826089,0.0,0.4347826086956522,0.4347826086956522,6.521739130434783,1.7391304347826089,0.4347826086956522,0.8695652173913044,0.0,77.91,28.57,50.0,50.0,11.11,55.56,57.14,50.0,0.2803214070790226,0.1756284432073898,2.173913043478261,4.347826086956522,0.2157131304347826,0.8695652173913044,2.608695652173913,4.347826086956522,0.3813190608695652,12.608695652173914,CM/AM,4,39,28,17,37,52,70,69,56,44,67,67,33,85,44,94,91,30,20,31,83,61,33,44,50,37,22,89,52,24,70,78,35,63,30,96,72,93,22,17,43,93,11,7,70,48,56,70,52,74,70,96,74,78,81,33,96,67,100,96,30,33,41,93,81,37,59,50,37,22,89,52,24,70,78,35,89,52,96,89,96,26,37,59,96,37,Bundesliga
Hoffenheim,4l9mrqzmajz5crzlz50mtbt6x,e4vr28e9cbq3q5nux1jlpuuei,A. Hložek,Adam Hlozek,24,Attacker,Czechia,Striker,16.0,44.0,0.0,60.0,2.0,0.0,9.0,9.0,12.0,3.0,270.0,5.0,4.0,0.0,13.0,10.0,3.0,3.0,2.0,1.0,4.0,22.0,1.0,0.0,2.0,0.0,77.92,0.0,0.0,55.56,30.77,31.58,26.67,100.0,1.4440757731596818,0.1502365439160287,2.0,7.0,0.15785406,5.0,7.0,9.0,0.1961263899999999,21.0,5.333333333333333,14.666666666666666,0.0,20.0,0.6666666666666666,0.0,3.0,3.0,4.0,1.0,1.6666666666666667,1.3333333333333333,0.0,4.333333333333333,3.333333333333333,1.0,1.0,0.6666666666666666,0.3333333333333333,1.3333333333333333,7.333333333333333,0.3333333333333333,0.0,0.6666666666666666,0.0,77.92,0.0,0.0,55.56,30.77,31.58,26.67,100.0,0.4813585910532272,0.0500788479720095,0.6666666666666666,2.333333333333333,0.0526180199999999,1.6666666666666667,2.333333333333333,3.0,0.0653754633333333,7.0,ST,62,81,19,69,21,52,88,88,57,62,86,48,36,76,71,81,76,55,71,52,74,17,45,86,52,86,19,45,71,24,24,43,83,67,24,67,98,67,100,93,100,57,71,57,95,19,93,14,52,90,90,57,67,86,43,36,90,90,76,81,62,81,52,86,10,45,86,52,86,19,45,71,24,24,43,83,90,19,62,100,76,100,90,100,67,86,Bundesliga
Stuttgart,3dwlvz6cl4lcavvrg0y2dycrt,4whvqapvco3c56audz34s6jv8,F. Jeltsch,Finn Jeltsch,20,Defender,Germany,Defender,129.0,58.0,7.0,187.0,4.0,0.0,2.0,3.0,21.0,19.0,360.0,2.0,8.0,1.0,6.0,4.0,2.0,0.0,0.0,4.0,1.0,6.0,3.0,0.0,5.0,0.0,87.79,41.18,0.0,100.0,16.67,55.26,44.44,62.5,0.6487303997968891,0.1875871175198001,1.0,4.0,0.07965253,1.0,9.0,5.0,0.23048799,96.0,32.25,14.5,1.75,46.75,1.0,0.0,0.5,0.75,5.25,4.75,0.5,2.0,0.25,1.5,1.0,0.5,0.0,0.0,1.0,0.25,1.5,0.75,0.0,1.25,0.0,87.79,41.18,0.0,100.0,16.67,55.26,44.44,62.5,0.1621825999492222,0.04689677937995,0.25,1.0,0.0199131325,0.25,2.25,1.25,0.0576219975,24.0,RB/RCB,100,62,64,95,60,52,38,43,86,81,52,83,79,98,98,86,31,45,55,67,55,48,17,60,52,86,62,17,90,52,29,45,43,100,43,69,55,38,33,69,26,24,95,95,48,57,90,60,52,33,38,52,81,43,81,67,90,90,81,31,45,43,52,52,43,17,52,52,86,62,17,90,52,29,45,43,95,33,57,45,33,24,57,24,24,86,Bundesliga
Stuttgart,3dwlvz6cl4lcavvrg0y2dycrt,57c808184l80uuuv7z3flcu6t,G. Prömel,Grischa Prömel,31,Midfielder,Germany,Midfielder,61.0,78.0,2.0,139.0,2.0,0.0,1.0,1.0,12.0,7.0,354.0,0.0,8.0,0.0,9.0,7.0,2.0,4.0,1.0,2.0,3.0,8.0,3.0,0.0,1.0,0.0,80.81,25.0,0.0,0.0,33.33,37.5,53.33,100.0,0.9463009900586412,0.0888567155337505,2.0,2.0,0.0589647499999999,1.0,17.0,7.0,0.3062787699999999,63.0,15.508474576271189,19.83050847457628,0.5084745762711864,35.33898305084746,0.5084745762711864,0.0,0.2542372881355932,0.2542372881355932,3.050847457627119,1.779661016949153,0.0,2.0338983050847457,0.0,2.288135593220339,1.779661016949153,0.5084745762711864,1.0169491525423728,0.2542372881355932,0.5084745762711864,0.7627118644067797,2.0338983050847457,0.7627118644067797,0.0,0.2542372881355932,0.0,80.81,25.0,0.0,0.0,33.33,37.5,53.33,100.0,0.2405849974725359,0.0225906903899365,0.5084745762711864,0.5084745762711864,0.0149910381355931,0.2542372881355932,4.322033898305085,1.779661016949153,0.077867483898305,16.016949152542374,CM/AM,81,63,28,74,11,52,22,20,39,85,13,94,33,85,85,46,91,69,46,72,50,41,15,20,50,44,17,15,13,52,15,70,89,81,7,65,11,11,11,76,17,22,70,81,56,22,70,11,52,15,15,17,81,13,93,33,78,81,37,85,63,46,67,41,31,15,7,50,44,17,15,13,52,15,70,89,74,7,52,11,11,11,70,15,19,63,Bundesliga
Stuttgart,3dwlvz6cl4lcavvrg0y2dycrt,6q2mf0qrkt51z28b46wltxal1,M. Mittelstädt,Maximilian Mittelstädt,29,Defender,Germany,Defender,66.0,125.0,5.0,178.0,14.0,0.0,8.0,8.0,22.0,11.0,348.0,5.0,4.0,1.0,5.0,1.0,4.0,2.0,1.0,8.0,1.0,11.0,5.0,13.0,5.0,0.0,83.57,45.45,33.33,62.5,20.0,66.67,66.67,62.5,0.7051546883829689,2.049038203139955,3.0,13.0,0.50608973,3.0,16.0,18.0,0.9237517,115.0,17.06896551724138,32.32758620689655,1.293103448275862,46.03448275862069,3.6206896551724137,0.0,2.0689655172413794,2.0689655172413794,5.689655172413793,2.8448275862068964,1.293103448275862,1.0344827586206895,0.2586206896551724,1.293103448275862,0.2586206896551724,1.0344827586206895,0.5172413793103449,0.2586206896551724,2.0689655172413794,0.2586206896551724,2.8448275862068964,1.293103448275862,3.362068965517241,1.293103448275862,0.0,83.57,45.45,33.33,62.5,20.0,66.67,66.67,62.5,0.1823675918231816,0.5299236732258504,0.7758620689655172,3.362068965517241,0.130885275,0.7758620689655172,4.137931034482759,4.655172413793103,0.2389013017241379,29.741379310344826,LB/LCB,55,90,65,85,95,50,88,85,70,55,90,52,72,98,40,98,80,90,85,62,85,75,95,60,52,60,68,82,85,45,88,88,45,100,100,98,85,90,55,75,75,90,100,45,90,65,70,90,50,85,85,55,45,85,45,75,80,45,90,80,85,85,60,85,75,95,55,52,60,68,82,85,45,88,88,45,100,100,90,80,90,55,75,65,75,90,Bundesliga
Stuttgart,3dwlvz6cl4lcavvrg0y2dycrt,6rutvrgco8li4nyz7tfayxb6x,D. Undav,Deniz Undav,30,Attacker,Germany,Striker,19.0,32.0,0.0,51.0,3.0,0.0,2.0,2.0,4.0,2.0,233.0,1.0,1.0,0.0,2.0,2.0,0.0,0.0,0.0,2.0,2.0,6.0,1.0,0.0,1.0,0.0,68.92,0.0,0.0,50.0,100.0,17.39,14.29,100.0,0.2027841521132319,0.1724337755414917,0.0,2.0,0.05870221,1.0,5.0,6.0,0.16747783,26.0,7.339055793991416,12.360515021459229,0.0,19.69957081545064,1.1587982832618025,0.0,0.7725321888412017,0.7725321888412017,1.5450643776824031,0.7725321888412017,0.3862660944206008,0.3862660944206008,0.0,0.7725321888412017,0.7725321888412017,0.0,0.0,0.0,0.7725321888412017,0.7725321888412017,2.317596566523605,0.3862660944206008,0.0,0.3862660944206008,0.0,68.92,0.0,0.0,50.0,100.0,17.39,14.29,100.0,0.0783286424471711,0.0666053210246105,0.0,0.7725321888412017,0.0226746733905579,0.3862660944206008,1.931330472103004,2.317596566523605,0.0646910072961373,10.042918454935622,ST,71,57,19,62,38,52,19,17,5,40,33,12,36,5,5,12,10,19,95,31,10,17,45,64,52,48,19,45,50,100,5,10,83,5,33,7,38,38,48,67,76,52,95,81,76,19,86,52,52,14,14,5,43,29,14,36,5,5,12,10,19,95,29,14,14,45,76,52,48,19,45,50,100,5,10,83,5,33,7,43,38,57,81,86,62,100,Bundesliga
Stuttgart,3dwlvz6cl4lcavvrg0y2dycrt,7hnmtyfmurizitwz1whecjnmy,A. Stiller,Angelo Stiller,25,Midfielder,Germany,Midfielder,82.0,126.0,4.0,208.0,3.0,0.0,1.0,1.0,9.0,2.0,302.0,0.0,3.0,0.0,1.0,1.0,0.0,0.0,0.0,4.0,0.0,4.0,4.0,0.0,1.0,0.0,90.83,40.0,0.0,0.0,0.0,40.91,50.0,50.0,0.0661481650566103,0.2224553037809497,0.0,7.0,0.13359386,5.0,26.0,22.0,0.4288876399999998,126.0,24.43708609271523,37.54966887417218,1.1920529801324502,61.98675496688742,0.8940397350993378,0.0,0.2980132450331125,0.2980132450331125,2.6821192052980134,0.5960264900662251,0.0,0.8940397350993378,0.0,0.2980132450331125,0.2980132450331125,0.0,0.0,0.0,1.1920529801324502,0.0,1.1920529801324502,1.1920529801324502,0.0,0.2980132450331125,0.0,90.83,40.0,0.0,0.0,0.0,40.91,50.0,50.0,0.0197130293215063,0.0662946269545876,0.0,2.086092715231788,0.0398127397350993,1.490066225165563,7.748344370860927,6.556291390728477,0.1278141973509933,37.54966887417218,CM/AM,93,85,59,89,17,52,22,20,13,24,13,54,33,9,22,6,9,30,69,11,11,61,15,20,50,93,37,15,13,11,26,59,35,11,15,7,31,22,67,87,78,44,89,93,89,59,89,19,52,19,19,11,26,13,56,33,7,22,6,9,30,67,11,11,59,15,22,50,93,37,15,13,11,26,59,35,11,15,7,41,22,67,89,85,44,89,Bundesliga
Stuttgart,3dwlvz6cl4lcavvrg0y2dycrt,7jpasvui43tnyao6ijyuuyuqc,B. El Khannouss,Bilal El Khannouss,22,Midfielder,Morocco,Midfielder,26.0,52.0,4.0,74.0,3.0,0.0,9.0,9.0,16.0,1.0,203.0,4.0,3.0,0.0,6.0,4.0,2.0,2.0,1.0,0.0,2.0,7.0,2.0,4.0,3.0,0.0,82.22,66.67,36.36,44.44,33.33,57.14,60.0,42.86,0.7054204179726297,0.3943080832956001,1.0,3.0,0.08309552,1.0,10.0,14.0,0.58408473,43.0,11.527093596059114,23.054187192118228,1.7733990147783252,32.80788177339902,1.3300492610837438,0.0,3.990147783251232,3.990147783251232,7.093596059113301,0.4433497536945813,1.7733990147783252,1.3300492610837438,0.0,2.6600985221674875,1.7733990147783252,0.8866995073891626,0.8866995073891626,0.4433497536945813,0.0,0.8866995073891626,3.103448275862069,0.8866995073891626,1.7733990147783252,1.3300492610837438,0.0,82.22,66.67,36.36,44.44,33.33,57.14,60.0,42.86,0.3127479685592939,0.1748163916088867,0.4433497536945813,1.3300492610837438,0.0368403783251231,0.4433497536945813,4.433497536945813,6.206896551724138,0.258953821182266,19.064039408867,DM/CM,10,24,43,10,62,50,100,100,71,7,100,57,43,88,83,69,81,88,7,86,69,29,100,52,52,24,79,71,62,67,81,81,29,95,76,57,31,48,33,33,76,81,19,10,67,67,14,76,50,100,100,100,10,100,71,43,100,100,95,90,95,7,100,95,52,100,69,52,24,79,71,62,67,81,81,29,100,95,76,50,57,48,62,100,100,48,Bundesliga
Stuttgart,3dwlvz6cl4lcavvrg0y2dycrt,8ri0md3tr27a1bn10xmfkgsus,D. Pejčinović,Dzenan Pejcinovic,21,Attacker,Germany,Striker,25.0,37.0,2.0,62.0,3.0,0.0,1.0,1.0,7.0,3.0,269.0,1.0,4.0,0.0,9.0,6.0,3.0,2.0,0.0,0.0,2.0,11.0,0.0,0.0,2.0,0.0,65.26,50.0,0.0,100.0,22.22,28.0,22.22,100.0,0.8680406995504361,0.2187434956890181,1.0,1.0,0.03511326,2.0,5.0,4.0,0.16168897,27.0,8.364312267657992,12.37918215613383,0.6691449814126395,20.74349442379182,1.003717472118959,0.0,0.3345724907063197,0.3345724907063197,2.3420074349442377,1.003717472118959,0.3345724907063197,1.338289962825279,0.0,3.011152416356877,2.007434944237918,1.003717472118959,0.6691449814126395,0.0,0.0,0.6691449814126395,3.680297397769517,0.0,0.0,0.6691449814126395,0.0,65.26,50.0,0.0,100.0,22.22,28.0,22.22,100.0,0.2904225388830455,0.0731855561784819,0.3345724907063197,0.3345724907063197,0.0117479308550185,0.6691449814126395,1.6728624535315986,1.338289962825279,0.0540966814126394,9.033457249070633,ST,88,67,57,76,38,52,7,5,10,62,33,48,36,50,40,81,50,19,26,31,31,5,45,86,52,29,55,45,98,19,14,33,83,48,43,36,24,29,74,67,52,48,100,90,81,57,100,43,52,10,5,10,71,24,48,36,43,29,81,43,19,26,24,33,5,45,90,52,29,55,45,98,19,14,33,83,33,43,48,19,29,81,67,57,43,95,Bundesliga
Stuttgart,3dwlvz6cl4lcavvrg0y2dycrt,avk9yje6h4nndg3cufnbu2imt,E. Demirović,Ermedin Demirovic,28,Attacker,Bosnia and Herzegovina,Striker,5.0,20.0,1.0,25.0,1.0,0.0,2.0,2.0,8.0,0.0,202.0,1.0,2.0,0.0,8.0,7.0,1.0,2.0,1.0,1.0,4.0,8.0,4.0,0.0,0.0,0.0,62.5,33.33,0.0,50.0,50.0,32.0,20.0,0.0,0.8330682938252456,0.0929372193997095,1.0,3.0,0.06794459,3.0,4.0,3.0,0.0616336299999999,10.0,2.227722772277228,8.910891089108912,0.4455445544554455,11.13861386138614,0.4455445544554455,0.0,0.8910891089108911,0.8910891089108911,3.5643564356435644,0.0,0.4455445544554455,0.8910891089108911,0.0,3.5643564356435644,3.118811881188119,0.4455445544554455,0.8910891089108911,0.4455445544554455,0.4455445544554455,1.7821782178217822,3.5643564356435644,1.7821782178217822,0.0,0.0,0.0,62.5,33.33,0.0,50.0,50.0,32.0,20.0,0.0,0.3711690418033272,0.0414076720097715,0.4455445544554455,1.3366336633663367,0.0302723420792079,1.3366336633663367,1.7821782178217822,1.3366336633663367,0.0274605282178217,4.455445544554456,ST,10,33,43,14,7,52,19,17,17,7,33,19,36,40,50,38,50,40,71,52,17,74,45,26,52,14,38,45,50,71,29,24,26,43,14,36,52,43,90,50,33,14,17,10,43,48,29,10,52,38,33,38,7,48,19,36,71,76,52,71,43,90,71,24,86,45,26,52,14,38,45,50,71,29,24,26,57,14,57,76,48,95,71,52,14,33,Bundesliga
Stuttgart,3dwlvz6cl4lcavvrg0y2dycrt,bibz1qxakmbflq73marmo4nop,J. Vagnoman,Josha Vagnoman,25,Defender,Germany,Defender,63.0,68.0,9.0,127.0,7.0,0.0,6.0,6.0,13.0,10.0,351.0,3.0,3.0,1.0,6.0,3.0,3.0,1.0,2.0,2.0,3.0,9.0,5.0,4.0,2.0,0.0,81.94,50.0,44.44,50.0,50.0,56.52,50.0,100.0,0.472994193659603,0.7857997942678346,1.0,3.0,0.0775631399999999,6.0,7.0,7.0,0.9412854299999996,53.0,16.153846153846153,17.435897435897438,2.307692307692308,32.56410256410256,1.794871794871795,0.0,1.5384615384615383,1.5384615384615383,3.333333333333333,2.5641025641025643,0.7692307692307693,0.7692307692307693,0.2564102564102564,1.5384615384615383,0.7692307692307693,0.7692307692307693,0.2564102564102564,0.5128205128205129,0.5128205128205129,0.7692307692307693,2.307692307692308,1.2820512820512822,1.0256410256410258,0.5128205128205129,0.0,81.94,50.0,44.44,50.0,50.0,56.52,50.0,100.0,0.1212805624768212,0.2014871267353422,0.2564102564102564,0.7692307692307693,0.0198879846153845,1.5384615384615383,1.794871794871795,1.794871794871795,0.2413552384615383,13.58974358974359,RB/RCB,62,86,81,62,81,52,71,71,31,62,76,48,79,98,83,95,71,98,29,100,81,74,74,21,52,52,76,71,50,83,43,60,93,90,81,69,31,29,95,52,40,86,62,48,62,71,52,71,52,62,62,24,43,67,48,71,95,76,95,71,95,19,100,71,62,67,14,52,52,76,71,50,83,43,60,93,90,71,67,24,29,95,52,38,71,57,Bundesliga
Stuttgart,3dwlvz6cl4lcavvrg0y2dycrt,mgwgcv336wb93xvv0pfr6dih,J. Chabot,Jeff Chabot,28,Defender,Germany,Defender,114.0,52.0,14.0,166.0,0.0,0.0,0.0,0.0,30.0,33.0,344.0,0.0,20.0,0.0,5.0,5.0,0.0,1.0,0.0,5.0,2.0,7.0,1.0,0.0,6.0,0.0,89.73,63.64,0.0,0.0,40.0,63.83,74.07,66.67,0.7204431342116201,0.0,0.0,0.0,0.0,0.0,10.0,15.0,0.2462742999999997,102.0,29.825581395348834,13.604651162790695,3.6627906976744176,43.43023255813953,0.0,0.0,0.0,0.0,7.848837209302325,8.633720930232558,0.0,5.232558139534883,0.0,1.3081395348837208,1.3081395348837208,0.0,0.2616279069767441,0.0,1.3081395348837208,0.5232558139534883,1.8313953488372088,0.2616279069767441,0.0,1.569767441860465,0.0,89.73,63.64,0.0,0.0,40.0,63.83,74.07,66.67,0.1884880292995517,0.0,0.0,0.0,0.0,0.0,2.6162790697674416,3.924418604651162,0.0644322296511627,26.686046511627907,CB,40,40,83,37,13,48,22,22,93,82,23,90,42,87,87,38,67,42,52,92,72,28,45,87,50,57,95,45,23,88,60,93,45,93,20,38,17,17,22,47,60,40,48,30,40,73,30,13,48,22,22,97,80,23,90,42,93,93,38,73,42,53,97,73,23,45,90,50,57,95,45,23,88,60,93,45,93,20,38,17,17,22,47,53,43,47,Bundesliga
