Team,contestantId,playerId,Short Name,Player Name,Age,Position_x,Nationality,Position_y,total accurate back zone pass_Total,total accurate fwd zone pass_Total,total accurate long balls_Total,total accurate pass_Total,total aerial won_Total,total att assist_Total,total attempt_Total,total attempts ibox_Total,total attempts obox_Total,total blocked scoring att_Total,total contest_Total,total dribbles attempted_Total,total duels won_Total,total effective clearance_Total,total goals_Total,total interception_Total,total mins played,total ontarget attempt_Total,total touches in opposition box_Total,total was fouled_Total,total won contest_Total,total won tackle_Total,total accurate cross_Total,total assists_Total,total big chances saved_Total,total direct setpiece goals_Total,total direct corner goals_Total,pass_success_pct_Total,long_balls_success_pct_Total,cross_success_pct_Total,dribble_success_pct_Total,attempt_success_pct_Total,duel_success_pct_Total,aerial_success_pct_Total,tackle_success_pct_Total,xG_Total,xA_Total,CreatedOwnShot_Total,Total Carries_Total,Total Carry xT_Total,Total Final Third Carries_Total,passes_into_final_third_Total,progressive_passes_Total,xT_pass_Total,forward_passes_Total,total accurate back zone pass_p90,total accurate fwd zone pass_p90,total accurate long balls_p90,total accurate pass_p90,total aerial won_p90,total att assist_p90,total attempt_p90,total attempts ibox_p90,total attempts obox_p90,total blocked scoring att_p90,total contest_p90,total dribbles attempted_p90,total duels won_p90,total effective clearance_p90,total goals_p90,total interception_p90,total ontarget attempt_p90,total touches in opposition box_p90,total was fouled_p90,total won contest_p90,total won tackle_p90,total accurate cross_p90,total assists_p90,total big chances saved_p90,total direct setpiece goals_p90,total direct corner goals_p90,pass_success_pct_p90,long_balls_success_pct_p90,cross_success_pct_p90,dribble_success_pct_p90,attempt_success_pct_p90,duel_success_pct_p90,aerial_success_pct_p90,tackle_success_pct_p90,xG_p90,xA_p90,CreatedOwnShot_p90,Total Carries_p90,Total Carry xT_p90,Total Final Third Carries_p90,passes_into_final_third_p90,progressive_passes_p90,xT_pass_p90,forward_passes_p90,Pos.,total accurate back zone pass_TotalPR,total accurate fwd zone pass_TotalPR,total accurate long balls_TotalPR,total accurate pass_TotalPR,total aerial won_TotalPR,total att assist_TotalPR,total attempt_TotalPR,total attempts ibox_TotalPR,total attempts obox_TotalPR,total blocked scoring att_TotalPR,total contest_TotalPR,total dribbles attempted_TotalPR,total duels won_TotalPR,total effective clearance_TotalPR,total goals_TotalPR,total interception_TotalPR,total ontarget attempt_TotalPR,total touches in opposition box_TotalPR,total was fouled_TotalPR,total won contest_TotalPR,total won tackle_TotalPR,total accurate cross_TotalPR,total assists_TotalPR,total big chances saved_TotalPR,total direct setpiece goals_TotalPR,total direct corner goals_TotalPR,pass_success_pct_TotalPR,long_balls_success_pct_TotalPR,cross_success_pct_TotalPR,dribble_success_pct_TotalPR,attempt_success_pct_TotalPR,duel_success_pct_TotalPR,aerial_success_pct_TotalPR,tackle_success_pct_TotalPR,xG_TotalPR,xA_TotalPR,CreatedOwnShot_TotalPR,Total Carries_TotalPR,Total Carry xT_TotalPR,Total Final Third Carries_TotalPR,passes_into_final_third_TotalPR,progressive_passes_TotalPR,xT_pass_TotalPR,forward_passes_TotalPR,total accurate back zone pass_p90PR,total accurate fwd zone pass_p90PR,total accurate long balls_p90PR,total accurate pass_p90PR,total aerial won_p90PR,total att assist_p90PR,total attempt_p90PR,total attempts ibox_p90PR,total attempts obox_p90PR,total blocked scoring att_p90PR,total contest_p90PR,total dribbles attempted_p90PR,total duels won_p90PR,total effective clearance_p90PR,total goals_p90PR,total interception_p90PR,total ontarget attempt_p90PR,total touches in opposition box_p90PR,total was fouled_p90PR,total won contest_p90PR,total won tackle_p90PR,total accurate cross_p90PR,total assists_p90PR,total big chances saved_p90PR,total direct setpiece goals_p90PR,total direct corner goals_p90PR,pass_success_pct_p90PR,long_balls_success_pct_p90PR,cross_success_pct_p90PR,dribble_success_pct_p90PR,attempt_success_pct_p90PR,duel_success_pct_p90PR,aerial_success_pct_p90PR,tackle_success_pct_p90PR,xG_p90PR,xA_p90PR,CreatedOwnShot_p90PR,Total Carries_p90PR,Total Carry xT_p90PR,Total Final Third Carries_p90PR,passes_into_final_third_p90PR,progressive_passes_p90PR,xT_pass_p90PR,forward_passes_p90PR,League
Heidenheim,3xcg7xikgrn2x8oa65sopb2is,1jp5ure85qhx8kkzgivt86t3p,M. Costly,Marcel Costly,30,Attacker,Germany,Striker,28.0,60.0,4.0,77.0,7.0,16.0,9.0,5.0,4.0,1.0,9.0,10.0,24.0,9.0,1.0,2.0,441.0,3.0,16.0,4.0,3.0,5.0,11.0,3.0,0.0,0.0,0.0,74.04,44.44,27.5,33.33,33.33,52.17,58.33,50.0,1.1810053610712925,1.4947740411453705,4.0,15.0,0.3512820799999999,10.0,9.0,11.0,0.9229703600000002,29.0,5.7142857142857135,12.244897959183673,0.8163265306122448,15.714285714285714,1.4285714285714284,3.265306122448979,1.8367346938775508,1.020408163265306,0.8163265306122448,0.2040816326530612,1.8367346938775508,2.0408163265306123,4.897959183673469,1.8367346938775508,0.2040816326530612,0.4081632653061224,0.6122448979591836,3.265306122448979,0.8163265306122448,0.6122448979591836,1.020408163265306,2.2448979591836733,0.6122448979591836,0.0,0.0,0.0,74.04,44.44,27.5,33.33,33.33,52.17,58.33,50.0,0.2410215022594474,0.3050559267643613,0.8163265306122448,3.061224489795918,0.0716902204081632,2.0408163265306123,1.8367346938775508,2.2448979591836733,0.1883612979591837,5.918367346938775,ST,84,93,88,88,66,100,38,29,77,38,77,77,82,100,34,89,29,45,55,64,98,96,100,52,52,52,61,39,79,29,23,89,79,55,50,96,82,96,93,100,91,88,93,79,71,86,86,71,54,100,18,14,75,32,68,71,75,93,32,82,18,25,36,50,96,100,100,52,52,52,61,39,79,29,23,89,79,55,36,100,75,93,86,96,89,86,96,71,2. Bundesliga
Heidenheim,3xcg7xikgrn2x8oa65sopb2is,3t31crka9rpryrpazn7m46zo4,A. Vogt,Alessandro Vogt,21,Attacker,Switzerland,Striker,2.0,5.0,2.0,7.0,4.0,1.0,9.0,8.0,1.0,0.0,5.0,5.0,9.0,0.0,0.0,0.0,237.0,4.0,18.0,3.0,2.0,0.0,0.0,0.0,0.0,0.0,0.0,46.67,100.0,0.0,40.0,44.44,39.13,66.67,0.0,1.1866402160161749,0.0,1.0,1.0,0.05491138,0.0,0.0,0.0,0.00695305,2.0,0.759493670886076,1.89873417721519,0.759493670886076,2.6582278481012658,1.518987341772152,0.379746835443038,3.4177215189873418,3.037974683544304,0.379746835443038,0.0,1.89873417721519,1.89873417721519,3.4177215189873418,0.0,0.0,0.0,1.518987341772152,6.835443037974684,1.139240506329114,0.759493670886076,0.0,0.0,0.0,0.0,0.0,0.0,46.67,100.0,0.0,40.0,44.44,39.13,66.67,0.0,0.4506228668415854,0.0,0.379746835443038,0.379746835443038,0.0208524227848101,0.0,0.0,0.0,0.0026403987341772,0.759493670886076,ST,4,4,55,4,41,5,38,45,34,14,57,54,11,4,12,36,48,54,36,38,9,34,34,52,52,52,4,88,34,43,55,36,86,9,54,4,32,16,32,14,7,5,4,4,4,4,79,4,68,4,68,75,50,14,71,68,18,4,12,36,71,93,61,57,9,34,34,52,52,52,4,88,34,43,55,36,86,9,82,4,50,29,43,14,7,5,4,4,2. Bundesliga
Heidenheim,3xcg7xikgrn2x8oa65sopb2is,5dcemmjwbguvnz7sz0m8uomad,J. Föhrenbach,Jonas Föhrenbach,30,Defender,Germany,Defender,164.0,107.0,38.0,266.0,6.0,9.0,1.0,1.0,0.0,0.0,3.0,3.0,16.0,21.0,1.0,4.0,540.0,1.0,1.0,4.0,1.0,2.0,5.0,1.0,0.0,0.0,0.0,83.12,52.78,41.67,33.33,100.0,57.14,50.0,40.0,0.1197301545908704,0.9724118186304508,0.0,10.0,0.22214362,6.0,20.0,26.0,1.11431738,160.0,27.33333333333333,17.833333333333332,6.333333333333333,44.333333333333336,1.0,1.5,0.1666666666666666,0.1666666666666666,0.0,0.0,0.5,0.5,2.6666666666666665,3.5,0.1666666666666666,0.6666666666666666,0.1666666666666666,0.1666666666666666,0.6666666666666666,0.1666666666666666,0.3333333333333333,0.8333333333333334,0.1666666666666666,0.0,0.0,0.0,83.12,52.78,41.67,33.33,100.0,57.14,50.0,40.0,0.019955025765145,0.1620686364384084,0.0,1.6666666666666667,0.0370239366666666,1.0,3.333333333333333,4.333333333333333,0.1857195633333333,26.666666666666668,LB/LCB,96,71,100,93,75,89,12,39,18,23,39,38,39,89,95,45,59,5,54,34,20,80,86,46,52,52,57,82,86,38,100,55,48,14,21,96,18,84,82,88,79,84,86,96,89,46,100,71,57,86,11,36,18,23,21,21,11,68,91,29,46,4,43,25,7,68,79,46,52,52,57,82,86,38,100,55,48,14,11,86,18,61,57,61,46,62,75,79,2. Bundesliga
Heidenheim,3xcg7xikgrn2x8oa65sopb2is,6hotzhpidcjljm3u0ud1uqsid,B. Zivzivadze,Budu Zivzivadze,32,Attacker,Georgia,Striker,28.0,40.0,3.0,68.0,7.0,7.0,9.0,8.0,1.0,0.0,10.0,11.0,18.0,6.0,3.0,0.0,416.0,6.0,18.0,3.0,5.0,1.0,0.0,0.0,0.0,0.0,0.0,71.58,75.0,0.0,50.0,66.67,38.3,43.75,33.33,0.632192521944515,0.5396203235357041,2.0,3.0,0.30470911,2.0,4.0,10.0,0.2111947799999999,24.0,6.057692307692308,8.653846153846155,0.6490384615384616,14.711538461538463,1.514423076923077,1.514423076923077,1.9471153846153848,1.7307692307692308,0.2163461538461538,0.0,2.1634615384615388,2.3798076923076925,3.8942307692307696,1.2980769230769231,0.6490384615384616,0.0,1.2980769230769231,3.8942307692307696,0.6490384615384616,1.0817307692307694,0.2163461538461538,0.0,0.0,0.0,0.0,0.0,71.58,75.0,0.0,50.0,66.67,38.3,43.75,33.33,0.136772420612996,0.1167447815341667,0.4326923076923077,0.6490384615384616,0.0659226439903846,0.4326923076923077,0.8653846153846154,2.1634615384615388,0.0456911783653846,5.1923076923076925,ST,84,68,71,73,66,77,38,45,34,14,84,84,54,82,86,36,68,54,36,86,34,34,34,52,52,52,50,66,34,61,93,29,54,27,29,71,54,50,82,54,62,82,61,68,79,50,68,61,64,79,25,29,21,14,75,75,36,71,79,36,54,36,25,71,29,34,34,52,52,52,50,66,34,61,93,29,54,27,14,75,57,39,82,50,50,79,50,52,2. Bundesliga
Heidenheim,3xcg7xikgrn2x8oa65sopb2is,98glpci54ztzmd3yn1kttlvpx,M. Busch,Marnon Busch,31,Defender,Germany,Defender,66.0,46.0,8.0,110.0,6.0,3.0,2.0,0.0,2.0,0.0,1.0,1.0,19.0,22.0,0.0,4.0,426.0,1.0,1.0,2.0,0.0,3.0,2.0,1.0,0.0,0.0,0.0,79.71,50.0,20.0,0.0,50.0,54.29,60.0,27.27,0.0814700351821465,0.2602264989616378,2.0,2.0,0.03805479,1.0,15.0,19.0,0.6585145300000002,44.0,13.943661971830986,9.71830985915493,1.6901408450704225,23.239436619718308,1.267605633802817,0.6338028169014085,0.4225352112676056,0.0,0.4225352112676056,0.0,0.2112676056338028,0.2112676056338028,4.014084507042253,4.647887323943662,0.0,0.8450704225352113,0.2112676056338028,0.2112676056338028,0.4225352112676056,0.0,0.6338028169014085,0.4225352112676056,0.2112676056338028,0.0,0.0,0.0,79.71,50.0,20.0,0.0,50.0,54.29,60.0,27.27,0.0172119792638337,0.0549774293580924,0.4225352112676056,0.4225352112676056,0.0080397443661971,0.2112676056338028,3.169014084507042,4.014084507042253,0.139122788028169,9.295774647887324,RB/RCB,50,15,44,35,71,54,29,13,62,27,13,13,56,73,42,44,58,10,29,8,29,62,87,42,52,52,58,69,63,8,83,58,73,8,15,54,65,25,19,33,54,56,69,21,46,12,42,19,69,46,31,13,62,27,15,15,42,81,42,50,62,12,31,8,21,65,85,42,52,52,58,69,63,8,83,58,73,8,19,54,69,27,27,35,54,58,69,15,2. Bundesliga
Heidenheim,3xcg7xikgrn2x8oa65sopb2is,9bc9agusjoz8173beezt6qbdg,M. Heule,Michael Heule,25,Defender,Switzerland,Defender,55.0,60.0,8.0,112.0,1.0,3.0,7.0,3.0,4.0,0.0,12.0,13.0,30.0,7.0,0.0,7.0,360.0,2.0,7.0,8.0,5.0,5.0,3.0,1.0,1.0,0.0,0.0,78.32,38.1,21.43,41.67,28.57,61.22,50.0,31.25,0.6070321206991893,0.4205106792850244,3.0,7.0,0.19293132,2.0,17.0,17.0,0.78088718,66.0,13.75,15.0,2.0,28.0,0.25,0.75,1.75,0.75,1.0,0.0,3.0,3.25,7.5,1.75,0.0,1.75,0.5,1.75,2.0,1.25,1.25,0.75,0.25,0.25,0.0,0.0,78.32,38.1,21.43,41.67,28.57,61.22,50.0,31.25,0.1517580301747973,0.1051276698212561,0.75,1.75,0.04823283,0.5,4.25,4.25,0.195221795,16.5,LB/LCB,43,36,61,29,14,46,91,79,91,23,96,98,93,29,45,80,86,75,95,93,59,57,86,96,52,52,25,43,43,50,61,79,48,7,82,61,93,66,61,29,71,50,75,36,36,32,64,36,14,43,93,86,93,23,96,96,100,25,45,82,89,71,89,96,57,61,93,96,52,52,25,43,43,50,61,79,48,7,89,61,93,64,68,30,79,57,79,54,2. Bundesliga
Heidenheim,3xcg7xikgrn2x8oa65sopb2is,9heh3f6hvyp4sgbu0ft4xfh05,P. Mainka,Patrick Mainka,31,Defender,Germany,Defender,165.0,62.0,18.0,227.0,21.0,1.0,2.0,2.0,0.0,1.0,0.0,0.0,30.0,54.0,0.0,9.0,495.0,1.0,10.0,1.0,0.0,2.0,0.0,0.0,0.0,0.0,0.0,85.98,54.55,0.0,0.0,50.0,58.82,60.0,25.0,0.1869594462162527,0.0968219387978667,0.0,1.0,0.01611813,0.0,7.0,11.0,0.3704815899999999,145.0,30.0,11.272727272727272,3.272727272727273,41.27272727272727,3.8181818181818175,0.1818181818181818,0.3636363636363636,0.3636363636363636,0.0,0.1818181818181818,0.0,0.0,5.454545454545454,9.818181818181818,0.0,1.6363636363636365,0.1818181818181818,1.818181818181818,0.1818181818181818,0.0,0.3636363636363636,0.0,0.0,0.0,0.0,0.0,85.98,54.55,0.0,0.0,50.0,58.82,60.0,25.0,0.0339926265847732,0.0176039888723394,0.0,0.1818181818181818,0.002930569090909,0.0,1.2727272727272727,2.0,0.067360289090909,26.363636363636363,CB,53,36,73,38,97,25,36,56,30,75,19,19,75,100,41,78,58,89,20,30,19,47,42,44,52,52,36,62,47,30,77,66,72,8,34,47,30,28,19,23,14,14,34,47,38,22,69,25,97,22,34,64,30,77,19,19,72,100,41,75,52,84,19,30,19,47,42,44,52,52,36,62,47,30,77,66,72,8,34,41,30,27,22,23,12,9,19,34,2. Bundesliga
Heidenheim,3xcg7xikgrn2x8oa65sopb2is,bqjrib66m08p1qw8315ljc38q,J. Schöppner,Jan Schöppner,27,Midfielder,Germany,Midfielder,91.0,74.0,14.0,165.0,16.0,3.0,5.0,4.0,1.0,1.0,7.0,7.0,35.0,23.0,3.0,6.0,540.0,3.0,11.0,4.0,3.0,10.0,0.0,0.0,0.0,0.0,0.0,75.0,50.0,0.0,42.86,60.0,47.3,61.54,83.33,0.9190067424010656,0.187796708961167,0.0,8.0,0.17447718,4.0,19.0,15.0,0.3371577299999999,87.0,15.166666666666666,12.333333333333334,2.333333333333333,27.5,2.6666666666666665,0.5,0.8333333333333334,0.6666666666666666,0.1666666666666666,0.1666666666666666,1.1666666666666667,1.1666666666666667,5.833333333333333,3.8333333333333335,0.5,1.0,0.5,1.8333333333333333,0.6666666666666666,0.5,1.6666666666666667,0.0,0.0,0.0,0.0,0.0,75.0,50.0,0.0,42.86,60.0,47.3,61.54,83.33,0.1531677904001776,0.0312994514935278,0.0,1.3333333333333333,0.02907953,0.6666666666666666,3.1666666666666665,2.5,0.0561929549999999,14.5,DM/CM,50,34,72,39,97,42,42,73,28,36,81,80,88,94,98,55,88,89,34,75,94,33,38,52,52,52,6,48,33,48,97,28,75,84,91,34,12,69,56,81,59,39,31,50,31,12,59,9,94,31,38,59,20,28,75,72,69,94,98,34,72,78,23,64,81,33,38,52,52,52,6,48,33,48,97,28,75,84,81,28,12,53,47,75,38,19,12,22,2. Bundesliga
Heidenheim,3xcg7xikgrn2x8oa65sopb2is,csdd9p7ai8i0s4b2akm9is8yy,O. Mhamdi,Oualid Mhamdi,23,Defender,Morocco,Defender,53.0,29.0,8.0,78.0,2.0,4.0,11.0,5.0,6.0,4.0,7.0,8.0,9.0,8.0,1.0,2.0,261.0,3.0,8.0,2.0,3.0,0.0,4.0,0.0,0.0,0.0,0.0,74.29,72.73,50.0,42.86,27.27,37.5,33.33,0.0,0.6834905429044771,0.6182674048653947,4.0,3.0,0.05769113,1.0,9.0,12.0,0.5950187400000001,38.0,18.27586206896552,10.0,2.7586206896551726,26.89655172413793,0.6896551724137931,1.3793103448275863,3.793103448275862,1.7241379310344829,2.0689655172413794,1.3793103448275863,2.413793103448276,2.7586206896551726,3.103448275862069,2.7586206896551726,0.3448275862068966,0.6896551724137931,1.0344827586206895,2.7586206896551726,0.6896551724137931,1.0344827586206895,0.0,1.3793103448275863,0.0,0.0,0.0,0.0,74.29,72.73,50.0,42.86,27.27,37.5,33.33,0.0,0.2356863941049921,0.2131956568501361,1.3793103448275863,1.0344827586206895,0.0198934931034482,0.3448275862068966,3.103448275862069,4.137931034482759,0.205178875862069,13.10344827586207,CB,3,3,17,3,6,88,100,86,100,100,97,100,6,3,91,9,94,80,36,94,3,100,42,44,52,52,3,97,97,62,44,3,9,3,91,100,100,58,53,56,25,22,88,3,3,12,41,3,9,100,100,97,100,100,100,100,31,12,100,9,100,94,59,97,3,100,42,44,52,52,3,97,97,62,44,3,9,3,97,100,100,75,72,75,44,81,100,3,2. Bundesliga
Heidenheim,3xcg7xikgrn2x8oa65sopb2is,euywniqwcq40dqoo55xni961h,M. Honsak,Mathias Honsak,29,Attacker,Austria,Striker,35.0,21.0,3.0,56.0,4.0,3.0,4.0,4.0,0.0,1.0,4.0,4.0,9.0,8.0,0.0,2.0,298.0,0.0,11.0,3.0,0.0,2.0,0.0,1.0,0.0,0.0,0.0,83.58,75.0,0.0,0.0,0.0,32.14,36.36,100.0,0.322323259494551,0.0644654252266684,0.0,0.0,0.0,0.0,2.0,2.0,0.04044908,14.0,10.57046979865772,6.342281879194632,0.906040268456376,16.91275167785235,1.2080536912751678,0.906040268456376,1.2080536912751678,1.2080536912751678,0.0,0.3020134228187919,1.2080536912751678,1.2080536912751678,2.718120805369128,2.416107382550336,0.0,0.6040268456375839,0.0,3.322147651006712,0.906040268456376,0.0,0.6040268456375839,0.0,0.3020134228187919,0.0,0.0,0.0,83.58,75.0,0.0,0.0,0.0,32.14,36.36,100.0,0.097345950854059,0.019469423726175,0.0,0.0,0.0,0.0,0.6040268456375839,0.6040268456375839,0.0122161651006711,4.228187919463087,LW,58,8,42,25,75,12,12,21,12,17,8,8,12,96,25,58,12,17,29,8,33,17,58,50,50,50,92,100,17,8,12,25,33,92,8,8,8,8,8,8,17,12,8,17,67,8,67,42,100,25,17,42,12,17,8,8,17,100,25,67,12,42,33,8,42,17,75,50,50,50,92,100,17,8,12,25,33,92,25,8,8,8,8,8,17,17,8,17,2. Bundesliga
Kaiserslautern,dmw05a03pgt48fnf9ikxs6i1o,61y9awl0aagb8pavsgixt0dn8,I. Kanaté,Ibrahim Kanaté,19,Attacker,Mali,Striker,10.0,37.0,1.0,45.0,0.0,4.0,6.0,5.0,1.0,1.0,14.0,16.0,15.0,0.0,0.0,4.0,263.0,3.0,13.0,6.0,6.0,2.0,2.0,0.0,0.0,0.0,0.0,73.77,33.33,50.0,42.86,50.0,28.3,0.0,66.67,0.6233548529161508,0.3665352318710476,2.0,5.0,0.13882164,2.0,6.0,8.0,0.3038126999999999,22.0,3.422053231939164,12.661596958174906,0.3422053231939164,15.399239543726235,0.0,1.3688212927756656,2.0532319391634983,1.711026615969582,0.3422053231939164,0.3422053231939164,4.790874524714829,5.475285171102662,5.133079847908745,0.0,0.0,1.3688212927756656,1.0266159695817492,4.448669201520913,2.0532319391634983,2.0532319391634983,0.6844106463878328,0.6844106463878328,0.0,0.0,0.0,0.0,73.77,33.33,50.0,42.86,50.0,28.3,0.0,66.67,0.2133153489066676,0.1254303074843889,0.6844106463878328,1.711026615969582,0.0475055041825095,0.6844106463878328,2.0532319391634983,2.737642585551331,0.1039663231939163,7.52851711026616,LW,8,17,12,8,8,33,25,33,29,17,42,50,33,8,25,83,42,33,71,42,33,58,21,50,50,50,17,12,100,42,54,17,8,54,33,25,25,17,17,21,58,42,25,25,17,42,17,17,8,42,67,75,33,25,92,92,58,8,25,100,67,58,92,58,67,58,21,50,50,50,17,12,100,42,54,17,8,54,67,33,33,17,17,42,75,67,33,42,2. Bundesliga
Kaiserslautern,dmw05a03pgt48fnf9ikxs6i1o,7ar1ei23cs1bli4v1rg5iegru,S. Şahin,Semih Sahin,26,Midfielder,Germany,Midfielder,90.0,143.0,15.0,228.0,0.0,12.0,9.0,2.0,7.0,2.0,12.0,12.0,23.0,7.0,0.0,7.0,534.0,2.0,8.0,5.0,6.0,6.0,5.0,3.0,0.0,0.0,0.0,78.08,50.0,26.32,50.0,22.22,48.94,0.0,50.0,0.5558522771572583,1.191937027660655,6.0,13.0,0.36465959,1.0,26.0,26.0,1.44747319,122.0,15.168539325842696,24.101123595505616,2.528089887640449,38.42696629213483,0.0,2.02247191011236,1.5168539325842696,0.3370786516853932,1.1797752808988764,0.3370786516853932,2.02247191011236,2.02247191011236,3.8764044943820224,1.1797752808988764,0.0,1.1797752808988764,0.3370786516853932,1.348314606741573,0.8426966292134831,1.0112359550561798,1.0112359550561798,0.8426966292134831,0.5056179775280899,0.0,0.0,0.0,78.08,50.0,26.32,50.0,22.22,48.94,0.0,50.0,0.093682968060212,0.2008882630888744,1.0112359550561798,2.191011235955056,0.0614594814606741,0.1685393258426966,4.382022471910112,4.382022471910112,0.2439561556179775,20.56179775280899,DM/CM,47,84,78,72,3,100,86,45,94,61,97,97,47,39,25,67,62,70,50,94,52,98,100,52,52,52,19,48,72,56,39,44,5,30,62,100,94,89,97,28,81,88,100,75,34,84,62,56,3,97,78,34,88,47,94,91,34,16,25,50,50,53,34,94,38,100,100,52,52,52,19,48,72,56,39,44,5,30,56,100,84,81,88,22,78,78,100,59,2. Bundesliga
Kaiserslautern,dmw05a03pgt48fnf9ikxs6i1o,81yqeo02okqakoiura0wnxv1m,P. Joly,Paul Joly,26,Defender,France,Defender,31.0,57.0,6.0,84.0,3.0,4.0,4.0,2.0,2.0,1.0,7.0,10.0,12.0,6.0,0.0,4.0,284.0,2.0,8.0,1.0,5.0,2.0,4.0,0.0,0.0,0.0,0.0,65.12,26.09,23.53,71.43,50.0,31.58,37.5,66.67,0.2663201053789034,0.3809343894716976,2.0,4.0,0.0925134799999999,4.0,13.0,13.0,0.5418334499999999,50.0,9.823943661971832,18.06338028169014,1.9014084507042253,26.61971830985916,0.9507042253521129,1.267605633802817,1.267605633802817,0.6338028169014085,0.6338028169014085,0.3169014084507042,2.218309859154929,3.1690140845070425,3.802816901408451,1.9014084507042253,0.0,1.267605633802817,0.6338028169014085,2.535211267605634,0.3169014084507042,1.5845070422535212,0.6338028169014085,1.267605633802817,0.0,0.0,0.0,0.0,65.12,26.09,23.53,71.43,50.0,31.58,37.5,66.67,0.0843972164933144,0.1207186445508901,0.6338028169014085,1.267605633802817,0.029317652112676,1.267605633802817,4.119718309859155,4.119718309859155,0.1717077834507042,15.845070422535212,RB/RCB,12,35,25,13,31,73,62,60,62,65,77,85,21,13,42,44,85,75,17,90,17,81,38,42,52,52,4,15,69,85,83,4,25,50,54,69,65,58,54,67,50,35,62,31,15,65,65,35,46,81,88,77,81,73,85,96,35,27,42,77,96,96,15,96,21,88,38,42,52,52,4,15,69,85,83,4,25,50,69,81,81,73,69,85,85,69,85,58,2. Bundesliga
Kaiserslautern,dmw05a03pgt48fnf9ikxs6i1o,9o83lsxfn8bdtljxekx42xq6t,M. Ritter,Marlon Ritter,31,Midfielder,Germany,Midfielder,16.0,82.0,15.0,94.0,0.0,4.0,13.0,7.0,6.0,5.0,5.0,5.0,12.0,2.0,0.0,0.0,402.0,3.0,10.0,9.0,1.0,1.0,4.0,0.0,0.0,0.0,0.0,70.68,62.5,13.79,20.0,23.08,41.38,0.0,50.0,0.800502156349066,0.5630891022811721,5.0,3.0,0.06268938,4.0,15.0,20.0,0.4475418299999999,41.0,3.582089552238806,18.35820895522388,3.3582089552238803,21.044776119402982,0.0,0.8955223880597015,2.9104477611940296,1.5671641791044777,1.343283582089552,1.1194029850746268,1.1194029850746268,1.1194029850746268,2.686567164179104,0.4477611940298507,0.0,0.0,0.6716417910447761,2.238805970149253,2.014925373134328,0.2238805970149253,0.2238805970149253,0.8955223880597015,0.0,0.0,0.0,0.0,70.68,62.5,13.79,20.0,23.08,41.38,0.0,50.0,0.179216900675164,0.1260647243913072,1.1194029850746268,0.6716417910447761,0.0140349358208955,0.8955223880597015,3.3582089552238803,4.477611940298507,0.1001959320895522,9.17910447761194,CM/AM,22,46,100,37,17,15,80,78,83,83,20,20,19,44,37,9,61,44,74,7,22,57,22,52,50,52,11,59,41,4,41,26,20,46,63,37,69,7,7,33,50,56,37,30,7,48,100,15,17,7,70,78,70,74,22,15,15,48,37,9,56,37,70,7,22,59,22,52,50,52,11,59,41,4,41,26,20,46,59,30,59,4,4,26,63,59,33,22,2. Bundesliga
Kaiserslautern,dmw05a03pgt48fnf9ikxs6i1o,b9sg12k0kbh2u3frtmsf6074k,T. Tazemeta,Thierry Tazemeta,19,Midfielder,Austria,Midfielder,14.0,58.0,0.0,72.0,8.0,4.0,13.0,9.0,4.0,1.0,25.0,25.0,35.0,4.0,2.0,3.0,303.0,7.0,17.0,4.0,14.0,6.0,0.0,0.0,0.0,0.0,0.0,83.72,0.0,0.0,56.0,53.85,50.0,44.44,66.67,1.054457887416803,0.2817437492574579,6.0,13.0,0.36117742,4.0,5.0,7.0,0.1343120999999999,26.0,4.158415841584159,17.22772277227723,0.0,21.386138613861387,2.376237623762376,1.188118811881188,3.861386138613861,2.6732673267326734,1.188118811881188,0.297029702970297,7.425742574257426,7.425742574257426,10.396039603960396,1.188118811881188,0.594059405940594,0.8910891089108911,2.07920792079208,5.0495049504950495,1.188118811881188,4.158415841584159,1.7821782178217822,0.0,0.0,0.0,0.0,0.0,83.72,0.0,0.0,56.0,53.85,50.0,44.44,66.67,0.3132053130940999,0.0836862621556805,1.7821782178217822,3.861386138613861,0.1072804217821782,1.188118811881188,1.4851485148514851,2.07920792079208,0.0398946831683168,7.722772277227722,CM/AM,9,30,4,22,96,15,80,93,44,15,100,100,96,78,89,50,89,76,24,100,85,15,22,52,50,52,81,4,15,78,93,67,70,70,78,11,80,63,67,33,15,9,7,11,11,33,4,22,100,26,85,89,63,19,100,100,100,85,93,70,96,89,37,100,93,15,22,52,50,52,81,4,15,78,93,67,70,70,81,15,93,81,85,56,15,7,7,11,2. Bundesliga
Kaiserslautern,dmw05a03pgt48fnf9ikxs6i1o,bnar4f48vnx4oaz2lzch48es5,J. Rasmussen,Jacob Rasmussen,29,Defender,Denmark,Defender,131.0,101.0,25.0,231.0,22.0,4.0,2.0,2.0,0.0,0.0,1.0,1.0,30.0,41.0,0.0,7.0,450.0,1.0,4.0,3.0,0.0,2.0,1.0,0.0,0.0,0.0,0.0,79.38,49.02,20.0,0.0,50.0,63.83,70.97,33.33,0.3256329256299454,0.3266458622986192,0.0,3.0,0.05669074,4.0,23.0,31.0,0.6758687299999998,138.0,26.2,20.2,5.0,46.2,4.4,0.8,0.4,0.4,0.0,0.0,0.2,0.2,6.0,8.2,0.0,1.4,0.2,0.8,0.6,0.0,0.4,0.2,0.0,0.0,0.0,0.0,79.38,49.02,20.0,0.0,50.0,63.83,70.97,33.33,0.065126585125989,0.0653291724597238,0.0,0.6,0.011338148,0.8,4.6,6.2,0.1351737459999999,27.6,LB/LCB,89,68,96,82,100,57,32,57,18,23,16,16,93,100,45,80,59,43,39,12,20,32,39,46,52,52,32,79,38,12,80,89,82,11,64,50,18,25,25,70,86,89,64,86,82,61,96,75,100,46,25,54,18,23,14,14,86,100,45,68,64,29,36,12,14,25,39,46,52,52,32,79,38,12,80,89,82,11,64,32,18,18,18,54,86,96,57,86,2. Bundesliga
Kaiserslautern,dmw05a03pgt48fnf9ikxs6i1o,bydicw8aoqtybqxs9vxes7a0a,M. Gyamfi,Maxwell Gyamfi,26,Defender,Germany,Defender,139.0,45.0,5.0,184.0,14.0,1.0,1.0,1.0,0.0,0.0,0.0,0.0,33.0,35.0,0.0,5.0,534.0,0.0,6.0,9.0,0.0,5.0,0.0,0.0,1.0,0.0,0.0,85.19,25.0,0.0,0.0,0.0,70.21,60.87,50.0,0.0732842431246882,0.080820210287827,0.0,1.0,0.0199707,0.0,5.0,7.0,0.19183681,103.0,23.426966292134832,7.584269662921348,0.8426966292134831,31.01123595505618,2.359550561797753,0.1685393258426966,0.1685393258426966,0.1685393258426966,0.0,0.0,0.0,0.0,5.561797752808989,5.8988764044943816,0.0,0.8426966292134831,0.0,1.0112359550561798,1.5168539325842696,0.0,0.8426966292134831,0.0,0.0,0.1685393258426966,0.0,0.0,85.19,25.0,0.0,0.0,0.0,70.21,60.87,50.0,0.0123512769311272,0.0136213837563753,0.0,0.1685393258426966,0.0033658483146067,0.0,0.8426966292134831,1.1797752808988764,0.0323320466292134,17.359550561797754,CB,30,12,11,16,75,25,17,25,30,33,19,19,91,73,41,36,17,69,97,30,67,47,42,94,52,52,28,5,47,30,17,97,75,28,19,38,30,28,36,23,5,3,3,12,9,3,6,6,62,16,16,19,30,33,19,19,78,66,41,19,17,66,94,30,53,47,42,94,52,52,28,5,47,30,17,97,75,28,19,34,30,22,28,23,3,3,3,6,2. Bundesliga
Kaiserslautern,dmw05a03pgt48fnf9ikxs6i1o,cx771rvpay5m6ltl3gk0u3g4q,S. Asta,Simon Asta,25,Defender,Germany,Defender,16.0,35.0,3.0,51.0,3.0,3.0,1.0,1.0,0.0,0.0,5.0,6.0,11.0,3.0,0.0,1.0,255.0,0.0,7.0,5.0,1.0,2.0,0.0,0.0,0.0,0.0,0.0,69.86,42.86,0.0,20.0,0.0,36.67,37.5,100.0,0.1133852072767974,0.2465359520301548,0.0,1.0,0.02122129,1.0,2.0,5.0,0.0902734299999999,16.0,5.647058823529411,12.352941176470589,1.0588235294117647,18.0,1.0588235294117647,1.0588235294117647,0.3529411764705882,0.3529411764705882,0.0,0.0,1.7647058823529411,2.117647058823529,3.882352941176471,1.0588235294117647,0.0,0.3529411764705882,0.0,2.4705882352941173,1.7647058823529411,0.3529411764705882,0.7058823529411764,0.0,0.0,0.0,0.0,0.0,69.86,42.86,0.0,20.0,0.0,36.67,37.5,100.0,0.0400183084506343,0.0870126889518193,0.0,0.3529411764705882,0.0074898670588235,0.3529411764705882,0.7058823529411764,1.7647058823529411,0.0318612105882352,5.647058823529411,RB/RCB,4,8,12,4,31,54,13,37,13,27,63,69,12,4,42,13,21,67,75,31,17,23,38,42,52,52,8,52,23,21,21,8,25,98,23,46,17,10,8,33,6,8,4,4,4,27,15,4,54,65,23,42,13,27,77,81,38,8,42,23,21,92,92,46,31,23,38,42,52,52,8,52,23,21,21,8,25,98,35,62,17,19,19,42,4,12,4,4,2. Bundesliga
Kaiserslautern,dmw05a03pgt48fnf9ikxs6i1o,cz1x6wxet4gw70j9p2t7991hx,J. Elvedi,Jan Elvedi,29,Defender,Switzerland,Defender,108.0,90.0,13.0,196.0,15.0,3.0,6.0,5.0,1.0,0.0,4.0,4.0,35.0,37.0,0.0,6.0,540.0,2.0,9.0,4.0,2.0,9.0,2.0,0.0,0.0,0.0,0.0,83.76,54.17,66.67,50.0,33.33,61.4,60.0,64.29,0.7013019895154138,0.2502907253725143,1.0,3.0,0.05883681,1.0,21.0,25.0,0.4959500399999996,104.0,18.0,15.0,2.1666666666666665,32.666666666666664,2.5,0.5,1.0,0.8333333333333334,0.1666666666666666,0.0,0.6666666666666666,0.6666666666666666,5.833333333333333,6.166666666666667,0.0,1.0,0.3333333333333333,1.5,0.6666666666666666,0.3333333333333333,1.5,0.3333333333333333,0.0,0.0,0.0,0.0,83.76,54.17,66.67,50.0,33.33,61.4,60.0,64.29,0.1168836649192356,0.041715120895419,0.1666666666666666,0.5,0.009806135,0.1666666666666666,3.5,4.166666666666667,0.0826583399999999,17.333333333333332,RB/RCB,81,77,88,81,96,54,85,96,37,27,48,44,92,96,42,73,85,83,58,58,73,62,38,42,52,52,73,81,100,73,67,92,73,46,100,50,42,40,42,33,79,85,42,81,65,42,77,58,96,42,73,96,29,27,33,29,85,92,42,58,75,69,46,42,58,54,38,42,52,52,73,81,100,73,67,92,73,46,96,46,37,33,38,23,65,73,31,62,2. Bundesliga
Kaiserslautern,dmw05a03pgt48fnf9ikxs6i1o,d7rzuhjvst3evprsco50069lg,M. Haas,Mika Haas,21,Defender,Germany,Defender,72.0,66.0,6.0,129.0,7.0,6.0,3.0,2.0,1.0,1.0,6.0,6.0,25.0,20.0,0.0,4.0,463.0,1.0,13.0,5.0,3.0,6.0,9.0,0.0,1.0,0.0,0.0,80.12,85.71,47.37,50.0,33.33,51.02,53.85,60.0,0.3159746819535233,0.5595640552734841,0.0,7.0,0.21870281,7.0,5.0,11.0,0.5882789399999999,69.0,13.995680345572351,12.829373650107993,1.1663066954643628,25.0755939524838,1.3606911447084231,1.1663066954643628,0.5831533477321814,0.3887688984881209,0.1943844492440604,0.1943844492440604,1.1663066954643628,1.1663066954643628,4.859611231101511,3.887688984881209,0.0,0.7775377969762418,0.1943844492440604,2.526997840172786,0.9719222462203024,0.5831533477321814,1.1663066954643628,1.749460043196544,0.0,0.1943844492440604,0.0,0.0,80.12,85.71,47.37,50.0,33.33,51.02,53.85,60.0,0.0614205645266027,0.1087705507011092,0.0,1.3606911447084231,0.0425124252699784,1.3606911447084231,0.9719222462203024,2.138228941684665,0.1143522777537796,13.412526997840173,LB/LCB,54,46,38,43,82,77,57,57,45,57,66,66,77,84,45,45,59,95,68,62,71,96,39,96,52,52,39,96,89,61,66,29,57,48,61,75,18,66,79,96,9,34,61,43,43,18,25,21,71,64,36,50,39,50,61,61,68,79,45,39,61,89,54,57,50,93,39,93,52,52,39,96,89,61,66,29,57,48,61,68,18,50,61,86,4,18,39,25,2. Bundesliga
Kaiserslautern,dmw05a03pgt48fnf9ikxs6i1o,d9jj0525pm3nu9vqewtpo2rpx,M. Berisha,Mërgim Berisha,28,Attacker,Germany,Striker,14.0,25.0,0.0,39.0,3.0,2.0,11.0,7.0,4.0,3.0,3.0,3.0,13.0,4.0,1.0,0.0,240.0,4.0,9.0,3.0,3.0,3.0,0.0,0.0,0.0,0.0,0.0,76.47,0.0,0.0,100.0,36.36,46.43,37.5,75.0,1.5871806120625005,0.1466128366474043,3.0,0.0,0.0,0.0,4.0,5.0,0.0713677099999999,15.0,5.25,9.375,0.0,14.625,1.125,0.75,4.125,2.625,1.5,1.125,1.125,1.125,4.875,1.5,0.375,0.0,1.5,3.375,1.125,1.125,1.125,0.0,0.0,0.0,0.0,0.0,76.47,0.0,0.0,100.0,36.36,46.43,37.5,75.0,0.5951927295234377,0.0549798137427766,1.125,0.0,0.0,0.0,1.5,1.875,0.0267628912499999,5.625,ST,38,25,18,30,27,14,57,36,77,71,29,27,30,59,34,36,48,14,36,64,84,34,34,52,52,52,86,18,34,96,29,79,41,79,68,14,71,5,5,14,62,59,29,39,64,61,18,57,32,25,89,61,89,93,43,39,71,86,50,36,68,29,57,79,100,34,34,52,52,52,86,18,34,96,29,79,41,79,96,32,82,5,5,14,79,71,36,64,2. Bundesliga
Kaiserslautern,dmw05a03pgt48fnf9ikxs6i1o,o5vd32oa837a8vttimjoaw2d,F. Kunze,Fabian Kunze,28,Midfielder,Germany,Midfielder,74.0,88.0,6.0,162.0,9.0,3.0,5.0,1.0,4.0,2.0,7.0,8.0,30.0,8.0,0.0,6.0,444.0,1.0,7.0,7.0,3.0,9.0,0.0,0.0,0.0,0.0,0.0,83.08,40.0,0.0,42.86,20.0,51.72,52.94,81.82,0.4361698984871213,0.1269499986828933,4.0,4.0,0.08667653,3.0,21.0,23.0,0.3081124500000001,80.0,15.0,17.83783783783784,1.2162162162162162,32.83783783783784,1.8243243243243243,0.6081081081081081,1.0135135135135134,0.2027027027027027,0.8108108108108107,0.4054054054054054,1.4189189189189189,1.6216216216216215,6.081081081081081,1.6216216216216215,0.0,1.2162162162162162,0.2027027027027027,1.4189189189189189,1.4189189189189189,0.6081081081081081,1.8243243243243243,0.0,0.0,0.0,0.0,0.0,83.08,40.0,0.0,42.86,20.0,51.72,52.94,81.82,0.0884128172609029,0.025733107841127,0.8108108108108107,0.8108108108108107,0.0175695668918918,0.6081081081081081,4.256756756756756,4.662162162162162,0.0624552263513513,16.216216216216214,DM/CM,30,47,31,34,73,42,42,22,78,61,81,84,78,48,25,55,34,58,73,75,89,33,38,52,52,52,34,23,33,48,34,56,50,80,47,25,80,34,25,69,66,75,28,39,25,44,34,31,78,38,44,20,75,62,83,84,72,38,25,56,39,59,77,81,91,33,38,52,52,52,34,23,33,48,34,56,50,80,41,22,78,34,28,66,72,88,25,34,2. Bundesliga
Magdeburg,7tsc39uwtnq238hrx6d9zi3xy,2nrkoyk72b7zd62cknp8ytln9,T. Müller,Tobias Müller,32,Defender,Germany,Defender,154.0,85.0,22.0,239.0,1.0,1.0,0.0,0.0,0.0,0.0,1.0,1.0,11.0,18.0,0.0,1.0,367.0,0.0,1.0,1.0,1.0,5.0,0.0,1.0,0.0,0.0,0.0,94.47,78.57,0.0,100.0,0.0,42.31,20.0,62.5,0.0,0.0513327805572748,0.0,7.0,0.13655675,2.0,15.0,16.0,0.3707943699999997,146.0,37.76566757493188,20.84468664850136,5.395095367847412,58.61035422343325,0.2452316076294278,0.2452316076294278,0.0,0.0,0.0,0.0,0.2452316076294278,0.2452316076294278,2.697547683923706,4.4141689373297,0.0,0.2452316076294278,0.0,0.2452316076294278,0.2452316076294278,0.2452316076294278,1.226158038147139,0.0,0.2452316076294278,0.0,0.0,0.0,94.47,78.57,0.0,100.0,0.0,42.31,20.0,62.5,0.0,0.0125884203001491,0.0,1.7166212534059946,0.0334880313351498,0.4904632152588556,3.678474114441417,3.923705722070845,0.0909304994550408,35.80381471389646,CB,44,62,86,44,3,25,6,8,30,33,50,48,9,33,41,5,17,8,20,62,67,47,92,44,52,52,100,100,47,91,17,6,3,45,6,28,30,83,81,81,42,44,38,50,69,78,100,72,3,28,6,8,30,33,56,53,12,31,41,3,17,6,22,62,84,47,94,44,52,52,100,100,47,91,17,6,3,45,6,31,30,88,88,88,69,69,56,69,2. Bundesliga
Magdeburg,7tsc39uwtnq238hrx6d9zi3xy,3fhqq4991etzowo979yey5ega,F. Michel,Falko Michel,25,Midfielder,Germany,Midfielder,130.0,120.0,24.0,249.0,8.0,2.0,9.0,6.0,3.0,4.0,5.0,5.0,28.0,20.0,1.0,9.0,516.0,1.0,7.0,12.0,1.0,5.0,1.0,0.0,0.0,0.0,0.0,86.46,61.54,100.0,20.0,11.11,50.0,57.14,62.5,0.691307860579467,0.0336515526352348,3.0,6.0,0.12597008,2.0,23.0,24.0,0.3688728199999999,147.0,22.67441860465116,20.930232558139533,4.186046511627907,43.43023255813954,1.3953488372093024,0.3488372093023256,1.569767441860465,1.0465116279069768,0.5232558139534884,0.6976744186046512,0.872093023255814,0.872093023255814,4.883720930232558,3.488372093023256,0.1744186046511628,1.569767441860465,0.1744186046511628,1.2209302325581397,2.0930232558139537,0.1744186046511628,0.872093023255814,0.1744186046511628,0.0,0.0,0.0,0.0,86.46,61.54,100.0,20.0,11.11,50.0,57.14,62.5,0.1205769524266512,0.0058694568549828,0.5232558139534884,1.0465116279069768,0.0219715255813953,0.3488372093023256,4.011627906976744,4.186046511627907,0.0643382825581395,25.63953488372093,DM/CM,84,81,100,88,67,25,86,94,61,94,61,56,67,91,69,83,34,58,95,31,34,75,38,52,52,52,72,73,100,23,22,50,61,64,75,3,72,52,44,47,70,80,41,88,81,72,97,75,62,16,84,94,56,91,56,50,59,91,59,72,25,47,88,22,31,69,38,52,52,52,72,73,100,23,22,50,61,64,66,3,66,44,41,44,62,75,28,91,2. Bundesliga
Magdeburg,7tsc39uwtnq238hrx6d9zi3xy,3mlkkejvytvm1ng7oo7nfinyt,H. Bockhorn,Herbert Bockhorn,31,Defender,Uganda,Defender,51.0,60.0,10.0,111.0,2.0,2.0,1.0,0.0,1.0,0.0,12.0,12.0,19.0,7.0,0.0,4.0,270.0,0.0,3.0,4.0,5.0,6.0,0.0,1.0,0.0,0.0,0.0,88.1,66.67,0.0,41.67,0.0,48.72,66.67,75.0,0.0372764407114349,0.1244467705988595,0.0,12.0,0.2402704699999999,1.0,9.0,11.0,0.25210198,33.0,17.0,20.0,3.333333333333333,37.0,0.6666666666666666,0.6666666666666666,0.3333333333333333,0.0,0.3333333333333333,0.0,4.0,4.0,6.333333333333333,2.333333333333333,0.0,1.3333333333333333,0.0,1.0,1.3333333333333333,1.6666666666666667,2.0,0.0,0.3333333333333333,0.0,0.0,0.0,88.1,66.67,0.0,41.67,0.0,48.72,66.67,75.0,0.0124254802371449,0.0414822568662865,0.0,4.0,0.0800901566666666,0.3333333333333333,3.0,3.6666666666666665,0.0840339933333333,11.0,RB/RCB,23,40,73,38,17,33,13,13,37,27,88,88,56,21,42,44,21,29,58,90,65,23,87,42,52,52,96,98,23,58,21,31,88,65,8,35,17,100,96,33,29,29,19,8,58,85,90,77,31,50,13,13,46,27,100,100,98,38,42,87,21,48,77,100,85,23,96,42,52,52,96,98,23,58,21,31,88,65,12,42,17,100,100,38,48,46,35,19,2. Bundesliga
Magdeburg,7tsc39uwtnq238hrx6d9zi3xy,84qe6053b105nvafop1d60e09,M. Kwarteng,Moritz-Broni Kwarteng,28,Midfielder,Germany,Midfielder,44.0,63.0,6.0,107.0,2.0,9.0,6.0,1.0,5.0,2.0,8.0,8.0,19.0,3.0,0.0,2.0,365.0,1.0,5.0,5.0,3.0,4.0,0.0,1.0,0.0,0.0,0.0,82.31,60.0,0.0,37.5,16.67,48.72,28.57,44.44,0.2868632115197135,0.6562845223360657,5.0,10.0,0.2379598299999999,5.0,7.0,11.0,0.3460789299999999,47.0,10.849315068493151,15.534246575342468,1.479452054794521,26.383561643835616,0.4931506849315069,2.219178082191781,1.479452054794521,0.2465753424657534,1.2328767123287672,0.4931506849315069,1.9726027397260275,1.9726027397260275,4.684931506849315,0.7397260273972603,0.0,0.4931506849315069,0.2465753424657534,1.2328767123287672,1.2328767123287672,0.7397260273972603,0.9863013698630138,0.0,0.2465753424657534,0.0,0.0,0.0,82.31,60.0,0.0,37.5,16.67,48.72,28.57,44.44,0.0707333946212992,0.1618235808499888,1.2328767123287672,2.4657534246575343,0.0586750265753424,1.2328767123287672,1.726027397260274,2.712328767123288,0.0853345306849314,11.589041095890412,CM/AM,57,35,52,43,59,65,22,9,67,39,44,43,50,63,37,31,26,19,41,35,67,15,61,52,50,52,70,56,15,28,30,63,56,33,11,44,69,52,44,56,19,26,19,33,63,15,56,44,52,81,37,7,67,44,41,33,56,70,37,30,26,19,41,33,74,15,67,52,50,52,70,56,15,28,30,63,56,33,7,48,70,48,41,63,22,26,15,30,2. Bundesliga
Magdeburg,7tsc39uwtnq238hrx6d9zi3xy,8j19g553xmh4lr4kz6r0mqi8l,B. Atik,Baris Atik,31,Attacker,Türkiye,Striker,57.0,112.0,18.0,165.0,4.0,18.0,7.0,3.0,4.0,2.0,15.0,15.0,17.0,1.0,0.0,1.0,448.0,2.0,16.0,3.0,7.0,2.0,4.0,4.0,0.0,1.0,1.0,79.71,62.07,15.38,46.67,28.57,33.33,33.33,66.67,0.3617468598760947,1.5121833727504996,5.0,24.0,0.6894911100000001,7.0,22.0,33.0,1.1717862600000002,72.0,11.450892857142858,22.5,3.616071428571429,33.14732142857143,0.8035714285714286,3.616071428571429,1.40625,0.6026785714285714,0.8035714285714286,0.4017857142857143,3.013392857142857,3.013392857142857,3.415178571428571,0.2008928571428571,0.0,0.2008928571428571,0.4017857142857143,3.2142857142857144,0.6026785714285714,1.40625,0.4017857142857143,0.8035714285714286,0.8035714285714286,0.0,0.2008928571428571,0.2008928571428571,79.71,62.07,15.38,46.67,28.57,33.33,33.33,66.67,0.0726723602429654,0.30378683827577,1.0044642857142856,4.821428571428571,0.1385138390625,1.40625,4.419642857142857,6.629464285714286,0.2354034897321429,14.464285714285714,LW,67,92,100,75,75,83,33,8,83,46,50,42,42,29,25,38,29,50,29,50,33,67,96,50,100,100,67,67,58,50,42,33,25,54,25,83,71,75,75,67,100,100,75,100,83,100,100,100,58,83,25,8,83,42,42,42,33,25,25,42,25,33,25,42,17,67,100,50,100,100,67,67,58,50,42,33,25,54,8,83,67,100,100,75,100,100,92,100,2. Bundesliga
Magdeburg,7tsc39uwtnq238hrx6d9zi3xy,aeks1yjg9e1a07zdtor0yvluy,M. Żukowski,Mateusz Zukowski,24,Attacker,Poland,Striker,23.0,31.0,3.0,51.0,4.0,6.0,29.0,20.0,9.0,6.0,7.0,8.0,16.0,1.0,2.0,0.0,529.0,12.0,32.0,5.0,2.0,5.0,3.0,0.0,0.0,0.0,0.0,75.0,100.0,50.0,28.57,41.38,35.56,26.67,100.0,2.724053973217494,0.5529964054436174,10.0,3.0,0.0998614199999999,2.0,4.0,5.0,0.5187923400000001,19.0,3.913043478260869,5.274102079395084,0.5103969754253308,8.676748582230623,0.6805293005671077,1.0207939508506616,4.933837429111531,3.4026465028355384,1.5311909262759924,1.0207939508506616,1.1909262759924384,1.3610586011342154,2.722117202268431,0.1701323251417769,0.3402646502835538,0.0,2.041587901701323,5.444234404536862,0.8506616257088846,0.3402646502835538,0.8506616257088846,0.5103969754253308,0.0,0.0,0.0,0.0,75.0,100.0,50.0,28.57,41.38,35.56,26.67,100.0,0.463449636275188,0.0940825642531674,1.7013232514177692,0.5103969754253308,0.0169896555765595,0.3402646502835538,0.6805293005671077,0.8506616257088846,0.0882633470699433,3.2325141776937616,ST,70,57,71,57,41,62,100,96,100,93,68,70,48,14,62,36,100,100,71,38,98,82,34,52,52,52,70,88,95,18,46,11,18,91,96,79,100,50,46,54,62,59,89,59,32,14,50,11,18,39,100,89,93,89,50,50,7,7,39,36,93,68,43,21,86,79,34,52,52,52,70,88,95,18,46,11,18,91,86,57,89,32,29,39,43,46,86,25,2. Bundesliga
Magdeburg,7tsc39uwtnq238hrx6d9zi3xy,bnbxzr09vcjvl6uxh2zpafb9x,E. Iyoha,Emmanuel Iyoha,28,Attacker,Germany,Striker,50.0,71.0,3.0,120.0,5.0,3.0,11.0,10.0,1.0,2.0,13.0,15.0,24.0,7.0,4.0,5.0,515.0,6.0,19.0,9.0,7.0,2.0,1.0,0.0,0.0,0.0,0.0,76.92,30.0,9.09,53.85,54.55,52.17,50.0,66.67,0.956245971808528,0.237147433326665,2.0,9.0,0.27210088,0.0,10.0,15.0,0.5915069800000001,42.0,8.737864077669903,12.40776699029126,0.5242718446601942,20.97087378640777,0.8737864077669902,0.5242718446601942,1.922330097087379,1.7475728155339805,0.174757281553398,0.3495145631067961,2.271844660194174,2.621359223300971,4.194174757281553,1.2233009708737863,0.6990291262135923,0.8737864077669902,1.0485436893203883,3.320388349514563,1.5728155339805825,1.2233009708737863,0.3495145631067961,0.174757281553398,0.0,0.0,0.0,0.0,76.92,30.0,9.09,53.85,54.55,52.17,50.0,66.67,0.1671109465296456,0.0414432407755336,0.3495145631067961,1.5728155339805825,0.0475516100970873,0.0,1.7475728155339805,2.621359223300971,0.1033701518446602,7.339805825242719,RW,100,78,94,100,89,44,78,94,28,39,67,83,67,89,100,100,94,33,78,78,50,39,33,56,56,56,100,67,33,44,100,67,83,89,44,44,39,56,56,17,89,78,56,78,100,67,89,89,44,33,33,33,11,22,33,33,33,89,78,89,67,11,67,22,33,22,33,56,56,56,100,67,33,44,100,67,83,89,22,11,11,56,56,17,78,56,44,67,2. Bundesliga
Magdeburg,7tsc39uwtnq238hrx6d9zi3xy,bv5f7oter2ppn71ti2434vlyh,A. Nollenberger,Alexander Nollenberger,29,Attacker,Germany,Striker,82.0,90.0,12.0,167.0,3.0,9.0,10.0,7.0,3.0,1.0,17.0,20.0,27.0,8.0,3.0,3.0,505.0,5.0,15.0,7.0,8.0,8.0,5.0,1.0,2.0,0.0,0.0,86.98,66.67,17.86,47.06,50.0,54.0,50.0,88.89,0.6517697268257233,0.7593811328032798,4.0,26.0,0.7225522699999998,10.0,7.0,9.0,1.2081489399999998,51.0,14.613861386138614,16.03960396039604,2.1386138613861387,29.76237623762377,0.5346534653465347,1.603960396039604,1.7821782178217822,1.2475247524752475,0.5346534653465347,0.1782178217821782,3.0297029702970297,3.5643564356435644,4.811881188118813,1.425742574257426,0.5346534653465347,0.5346534653465347,0.8910891089108911,2.6732673267326734,1.2475247524752475,1.425742574257426,1.425742574257426,0.8910891089108911,0.1782178217821782,0.3564356435643565,0.0,0.0,86.98,66.67,17.86,47.06,50.0,54.0,50.0,88.89,0.1161569810184457,0.1353352513906835,0.712871287128713,4.633663366336634,0.1287716916831683,1.7821782178217822,1.2475247524752475,1.603960396039604,0.2153136724752475,9.08910891089109,LW,100,67,83,83,42,50,71,71,54,17,62,67,67,96,75,71,58,42,83,62,100,79,58,100,50,50,100,79,75,62,54,75,71,75,42,50,50,88,92,96,67,50,83,75,100,58,83,92,42,50,42,50,50,8,50,50,42,92,75,58,42,8,67,50,100,75,50,100,50,50,100,79,75,62,54,75,71,75,33,50,42,83,75,92,50,33,75,67,2. Bundesliga
Magdeburg,7tsc39uwtnq238hrx6d9zi3xy,d5g7rl9a83vu3cyyzvu5yveqy,A. MacNulty,Anselmo MacNulty,23,Defender,Republic of Ireland,Defender,271.0,136.0,22.0,406.0,5.0,0.0,4.0,4.0,0.0,0.0,5.0,5.0,22.0,28.0,0.0,5.0,540.0,2.0,5.0,4.0,4.0,7.0,1.0,0.0,0.0,0.0,0.0,88.07,36.07,33.33,80.0,50.0,55.0,38.46,70.0,0.2675897412241422,0.0,1.0,2.0,0.03740694,2.0,36.0,43.0,0.7353552699999996,222.0,45.16666666666666,22.666666666666668,3.6666666666666665,67.66666666666667,0.8333333333333334,0.0,0.6666666666666666,0.6666666666666666,0.0,0.0,0.8333333333333334,0.8333333333333334,3.6666666666666665,4.666666666666667,0.0,0.8333333333333334,0.3333333333333333,0.8333333333333334,0.6666666666666666,0.6666666666666666,1.1666666666666667,0.1666666666666666,0.0,0.0,0.0,0.0,88.07,36.07,33.33,80.0,50.0,55.0,38.46,70.0,0.0445982902040237,0.0,0.1666666666666666,0.3333333333333333,0.00623449,0.3333333333333333,6.0,7.166666666666667,0.1225592116666666,37.0,LB/LCB,100,93,93,100,64,7,70,91,18,23,59,57,62,96,45,55,86,55,54,80,82,32,39,46,52,52,93,32,73,89,80,39,32,66,54,7,54,12,11,29,96,100,71,100,100,79,93,100,48,7,41,75,18,23,41,34,32,82,45,43,71,39,43,62,54,21,39,46,52,52,93,32,73,89,80,39,32,66,36,7,38,7,7,18,93,100,50,100,2. Bundesliga
Magdeburg,7tsc39uwtnq238hrx6d9zi3xy,ex263044s3lw0qei74nb5e904,L. Hyryläinen,Luka Hyryläinen,22,Midfielder,Finland,Midfielder,112.0,99.0,7.0,210.0,14.0,5.0,3.0,2.0,1.0,2.0,5.0,6.0,40.0,17.0,1.0,12.0,495.0,1.0,9.0,11.0,2.0,7.0,1.0,1.0,0.0,0.0,0.0,85.02,38.89,50.0,40.0,33.33,55.56,58.33,53.85,0.3108670183513415,0.4290747760240606,0.0,2.0,0.07892659,3.0,18.0,21.0,0.7506897299999999,95.0,20.363636363636363,18.0,1.2727272727272727,38.18181818181818,2.5454545454545454,0.9090909090909092,0.5454545454545454,0.3636363636363636,0.1818181818181818,0.3636363636363636,0.9090909090909092,1.0909090909090908,7.272727272727272,3.090909090909091,0.1818181818181818,2.1818181818181817,0.1818181818181818,1.6363636363636365,2.0,0.3636363636363636,1.2727272727272727,0.1818181818181818,0.1818181818181818,0.0,0.0,0.0,85.02,38.89,50.0,40.0,33.33,55.56,58.33,53.85,0.0565212760638802,0.0780135956407382,0.0,0.3636363636363636,0.014350289090909,0.5454545454545454,3.272727272727273,3.8181818181818175,0.1364890418181818,17.272727272727273,DM/CM,78,66,41,67,94,67,28,45,28,61,61,70,94,86,69,97,34,81,91,56,75,75,83,52,52,52,53,19,89,42,61,72,69,45,38,75,12,16,22,69,50,67,94,59,59,47,38,53,91,62,17,42,30,56,59,64,97,84,67,94,30,75,84,50,73,75,84,52,52,52,53,19,89,42,61,72,69,45,31,69,12,16,22,59,41,62,91,44,2. Bundesliga
Nürnberg,c8rdmlwqz77xe8yzv3r881dz3,1el5jabd8ax82groqut6z9a1g,T. Janisch,Tim Janisch,21,Defender,Germany,Defender,74.0,76.0,8.0,146.0,4.0,4.0,4.0,3.0,1.0,0.0,13.0,14.0,24.0,6.0,1.0,1.0,449.0,3.0,9.0,10.0,5.0,4.0,4.0,0.0,0.0,0.0,0.0,86.9,50.0,28.57,38.46,75.0,48.98,44.44,80.0,0.3368508574898113,0.4093963768116288,1.0,6.0,0.15451797,4.0,20.0,22.0,0.5358433600000001,76.0,14.832962138084632,15.233853006681514,1.6035634743875278,29.265033407572385,0.8017817371937639,0.8017817371937639,0.8017817371937639,0.6013363028953229,0.2004454342984409,0.0,2.6057906458797326,2.8062360801781736,4.810690423162583,1.2026726057906458,0.2004454342984409,0.2004454342984409,0.6013363028953229,1.8040089086859687,2.0044543429844097,1.0022271714922049,0.8017817371937639,0.8017817371937639,0.0,0.0,0.0,0.0,86.9,50.0,28.57,38.46,75.0,48.98,44.44,80.0,0.0675202164233474,0.0820616345502151,0.2004454342984409,1.2026726057906458,0.0309724216035634,0.8017817371937639,4.008908685968819,4.409799554565701,0.1074073550111358,15.233853006681514,RB/RCB,62,54,44,58,46,73,62,79,37,27,94,98,65,13,90,13,98,83,94,90,38,81,38,42,52,52,85,69,85,52,96,35,40,79,62,73,42,81,77,67,73,67,58,62,54,46,35,46,38,62,62,73,42,27,96,92,58,12,92,8,92,77,96,88,38,77,38,42,52,52,85,69,85,52,96,35,40,79,58,58,46,69,77,69,81,81,58,46,2. Bundesliga
Nürnberg,c8rdmlwqz77xe8yzv3r881dz3,1qw1mczntkei5rdhqb5mdspp0,P. Scobel,Piet Scobel,21,Attacker,Germany,Striker,22.0,26.0,0.0,48.0,17.0,7.0,20.0,19.0,1.0,1.0,2.0,2.0,24.0,6.0,3.0,3.0,489.0,9.0,30.0,5.0,0.0,2.0,0.0,1.0,0.0,0.0,0.0,64.0,0.0,0.0,0.0,45.0,44.44,47.22,100.0,2.3974008256972814,0.4400196713216789,2.0,2.0,0.12490698,2.0,1.0,2.0,0.02680482,10.0,4.049079754601227,4.785276073619632,0.0,8.834355828220858,3.128834355828221,1.2883435582822085,3.680981595092024,3.496932515337423,0.1840490797546012,0.1840490797546012,0.3680981595092024,0.3680981595092024,4.417177914110429,1.1042944785276072,0.5521472392638036,0.5521472392638036,1.656441717791411,5.521472392638037,0.920245398773006,0.0,0.3680981595092024,0.0,0.1840490797546012,0.0,0.0,0.0,64.0,0.0,0.0,0.0,45.0,44.44,47.22,100.0,0.4412394157725057,0.080985215580677,0.3680981595092024,0.3680981595092024,0.0229890147239263,0.3680981595092024,0.1840490797546012,0.3680981595092024,0.0049334024539877,1.840490797546012,ST,64,30,18,50,93,77,89,93,34,38,14,12,82,82,86,98,91,88,71,7,64,34,75,52,52,52,21,18,34,7,64,71,64,91,93,61,54,32,54,54,16,27,11,18,39,7,18,14,82,64,79,93,18,29,11,11,54,68,68,96,86,75,46,7,43,34,68,52,52,52,21,18,34,7,64,71,64,91,79,46,46,25,50,46,18,18,7,7,2. Bundesliga
Nürnberg,c8rdmlwqz77xe8yzv3r881dz3,2eaelm8qn6rvw1tm7p7hyq54a,A. Markhiyev,Adam Markhiyev,24,Midfielder,Finland,Midfielder,169.0,195.0,23.0,359.0,5.0,9.0,9.0,1.0,8.0,1.0,11.0,11.0,47.0,15.0,3.0,5.0,540.0,4.0,6.0,15.0,6.0,11.0,5.0,1.0,0.0,0.0,0.0,90.2,69.7,27.78,54.55,44.44,54.65,55.56,52.38,0.5510118805175401,0.9117533702587804,5.0,19.0,0.42085006,7.0,46.0,44.0,1.1694427100000004,223.0,28.166666666666668,32.5,3.8333333333333335,59.833333333333336,0.8333333333333334,1.5,1.5,0.1666666666666666,1.3333333333333333,0.1666666666666666,1.8333333333333333,1.8333333333333333,7.833333333333333,2.5,0.5,0.8333333333333334,0.6666666666666666,1.0,2.5,1.0,1.8333333333333333,0.8333333333333334,0.1666666666666666,0.0,0.0,0.0,90.2,69.7,27.78,54.55,44.44,54.65,55.56,52.38,0.09183531341959,0.15195889504313,0.8333333333333334,3.1666666666666665,0.0701416766666666,1.1666666666666667,7.666666666666667,7.333333333333333,0.1949071183333334,37.16666666666666,DM/CM,100,100,95,100,50,94,86,22,97,36,94,94,100,77,98,42,100,45,100,94,97,98,83,52,52,52,97,94,75,62,81,66,55,41,59,97,86,100,100,98,100,100,97,100,97,100,91,100,41,92,75,14,97,28,91,88,100,70,98,25,94,31,97,91,94,97,75,52,52,52,97,94,75,62,81,66,55,41,53,91,81,97,91,91,100,100,97,100,2. Bundesliga
Nürnberg,c8rdmlwqz77xe8yzv3r881dz3,2pkpc9z2xk2bnkqtop5plgq21,J. Justvan,Julian Justvan,28,Midfielder,Germany,Midfielder,32.0,83.0,5.0,114.0,0.0,1.0,11.0,4.0,7.0,3.0,3.0,3.0,9.0,3.0,3.0,4.0,428.0,5.0,7.0,4.0,1.0,3.0,1.0,1.0,0.0,0.0,0.0,74.51,31.25,25.0,33.33,45.45,52.94,0.0,75.0,0.840889523536217,0.1452909118632246,4.0,17.0,0.4292269099999999,3.0,10.0,22.0,0.6832580499999998,45.0,6.728971962616822,17.453271028037385,1.0514018691588785,23.97196261682243,0.0,0.2102803738317757,2.3130841121495327,0.8411214953271028,1.47196261682243,0.6308411214953271,0.6308411214953271,0.6308411214953271,1.892523364485981,0.6308411214953271,0.6308411214953271,0.8411214953271028,1.0514018691588785,1.47196261682243,0.8411214953271028,0.2102803738317757,0.6308411214953271,0.2102803738317757,0.2102803738317757,0.0,0.0,0.0,74.51,31.25,25.0,33.33,45.45,52.94,0.0,75.0,0.1768225633604194,0.0305518272609584,0.8411214953271028,3.574766355140187,0.0902579950934579,0.6308411214953271,2.102803738317757,4.626168224299065,0.14367575817757,9.462616822429906,RM/RCM,33,67,33,67,50,33,100,83,83,100,33,33,33,67,100,67,100,50,33,33,50,50,83,67,67,67,33,33,100,33,100,33,50,83,100,33,83,100,100,67,50,67,67,33,33,67,33,33,50,33,100,67,100,100,33,33,33,67,100,67,100,67,33,33,33,33,100,67,67,67,33,33,100,33,100,33,50,83,100,67,100,100,100,67,33,100,100,33,2. Bundesliga
Nürnberg,c8rdmlwqz77xe8yzv3r881dz3,2tbgv05xm6th4t7ejcww3y978,M. Zoma,Mohamed Alì Zoma,22,Attacker,Italy,Striker,25.0,70.0,3.0,94.0,6.0,11.0,20.0,17.0,3.0,4.0,35.0,40.0,47.0,4.0,6.0,1.0,521.0,11.0,45.0,11.0,21.0,4.0,1.0,0.0,0.0,0.0,0.0,75.81,42.86,11.11,60.0,55.0,56.63,54.55,44.44,2.134396877908048,0.9147112210378104,6.0,15.0,0.45261256,8.0,5.0,13.0,0.9974278199999996,31.0,4.318618042226488,12.092130518234166,0.5182341650671786,16.238003838771593,1.0364683301343571,1.9001919385796544,3.45489443378119,2.936660268714012,0.5182341650671786,0.690978886756238,6.046065259117083,6.90978886756238,8.119001919385797,0.690978886756238,1.0364683301343571,0.1727447216890595,1.9001919385796544,7.773512476007678,1.9001919385796544,3.6276391554702494,0.690978886756238,0.1727447216890595,0.0,0.0,0.0,0.0,75.81,42.86,11.11,60.0,55.0,56.63,54.55,44.44,0.3687057946482233,0.1580115353040363,1.0364683301343571,2.5911708253358925,0.0781864307101727,1.381957773512476,0.8637236084452975,2.2456813819577737,0.1723003911708252,5.355086372360844,LW,33,58,42,58,100,71,92,100,54,83,100,100,100,79,100,38,100,100,92,100,71,42,21,50,50,50,25,33,42,88,75,92,83,33,100,67,88,50,50,75,46,67,67,46,25,33,25,25,75,62,92,100,42,75,100,100,100,67,100,33,100,100,83,100,79,33,21,50,50,50,25,33,42,88,75,92,83,33,100,67,83,42,50,67,25,50,58,25,2. Bundesliga
Nürnberg,c8rdmlwqz77xe8yzv3r881dz3,3enp6k1qxfs1wa05zrukiqga,F. Otto,Fynn Otto,24,Defender,Germany,Defender,219.0,134.0,11.0,353.0,8.0,2.0,2.0,1.0,1.0,0.0,7.0,7.0,24.0,13.0,0.0,5.0,439.0,1.0,3.0,6.0,6.0,2.0,0.0,1.0,0.0,0.0,0.0,92.41,52.38,0.0,85.71,50.0,64.86,61.54,50.0,0.0279699998502763,0.1171323864464936,1.0,11.0,0.21796777,2.0,32.0,27.0,0.63135385,217.0,44.89749430523918,27.47152619589977,2.2551252847380407,72.36902050113895,1.6400911161731206,0.4100227790432801,0.4100227790432801,0.20501138952164,0.20501138952164,0.0,1.4350797266514803,1.4350797266514803,4.920273348519362,2.665148063781321,0.0,1.0250569476082003,0.20501138952164,0.6150341685649202,1.2300683371298404,1.2300683371298404,0.4100227790432801,0.0,0.20501138952164,0.0,0.0,0.0,92.41,52.38,0.0,85.71,50.0,64.86,61.54,50.0,0.0057341685342252,0.0240134733033813,0.20501138952164,2.2551252847380407,0.0446858753986332,0.4100227790432801,6.560364464692483,5.535307517084282,0.1294347300683371,44.4874715261959,CB,78,94,38,91,41,55,36,25,72,33,97,95,59,9,41,36,58,39,75,100,19,47,92,44,52,52,91,56,47,78,77,88,80,28,12,56,70,94,94,81,94,94,94,94,81,97,34,94,34,56,41,25,75,33,97,97,62,6,41,41,62,38,81,100,22,47,91,44,52,52,91,56,47,78,77,88,80,28,12,53,72,94,91,81,94,94,88,97,2. Bundesliga
Nürnberg,c8rdmlwqz77xe8yzv3r881dz3,5ixg2xf9iw9t6io8w6e1jxfys,Javier Fernández,Javier Fernández,19,Midfielder,Spain,Midfielder,157.0,167.0,17.0,324.0,12.0,7.0,10.0,4.0,6.0,4.0,14.0,14.0,37.0,14.0,0.0,5.0,527.0,3.0,9.0,7.0,8.0,6.0,0.0,2.0,0.0,0.0,0.0,89.5,65.38,0.0,57.14,30.0,55.22,63.16,60.0,0.7218064001347025,0.4779064557527137,6.0,7.0,0.1932867,6.0,33.0,24.0,0.6323547899999999,154.0,26.81214421252372,28.51992409867173,2.903225806451613,55.33206831119545,2.049335863377609,1.1954459203036054,1.7077798861480078,0.683111954459203,1.0246679316888043,0.683111954459203,2.390891840607211,2.390891840607211,6.318785578747629,2.390891840607211,0.0,0.8538899430740039,0.5123339658444023,1.537001897533207,1.1954459203036054,1.366223908918406,1.0246679316888043,0.0,0.3415559772296015,0.0,0.0,0.0,89.5,65.38,0.0,57.14,30.0,55.22,63.16,60.0,0.1232686451842945,0.0816159032594767,1.0246679316888043,1.1954459203036054,0.0330091138519924,1.0246679316888043,5.635673624288425,4.098671726755218,0.1079922791271347,26.29981024667932,DM/CM,97,97,88,97,91,83,95,73,89,94,100,100,91,72,25,42,88,81,73,100,52,33,95,52,52,52,94,88,33,67,52,69,78,56,78,81,94,59,59,92,89,80,81,94,94,97,75,97,81,75,91,66,81,88,100,100,78,66,25,28,78,69,62,97,41,33,94,52,52,52,94,88,33,67,52,69,78,56,69,75,88,50,59,88,88,69,75,94,2. Bundesliga
Nürnberg,c8rdmlwqz77xe8yzv3r881dz3,8um4xh0ekvr4q6uti3ksld8q2,F. Becker,Finn Becker,26,Midfielder,Germany,Midfielder,35.0,128.0,9.0,157.0,0.0,11.0,8.0,5.0,3.0,4.0,4.0,4.0,8.0,2.0,0.0,0.0,444.0,3.0,17.0,5.0,2.0,0.0,6.0,2.0,0.0,0.0,0.0,82.63,64.29,31.58,50.0,37.5,38.1,0.0,0.0,0.5966299960864198,1.1032654046066417,4.0,8.0,0.19839384,5.0,23.0,37.0,0.8246348200000002,83.0,7.094594594594594,25.945945945945944,1.8243243243243243,31.824324324324323,0.0,2.22972972972973,1.6216216216216215,1.0135135135135134,0.6081081081081081,0.8108108108108107,0.8108108108108107,0.8108108108108107,1.6216216216216215,0.4054054054054054,0.0,0.0,0.6081081081081081,3.4459459459459456,1.0135135135135134,0.4054054054054054,0.0,1.2162162162162162,0.4054054054054054,0.0,0.0,0.0,82.63,64.29,31.58,50.0,37.5,38.1,0.0,0.0,0.1209385127202202,0.2236348793121571,0.8108108108108107,1.6216216216216215,0.0402149675675675,1.0135135135135134,4.662162162162162,7.5,0.1671557067567567,16.824324324324323,CM/AM,44,76,74,59,17,83,48,61,26,72,11,11,11,44,37,9,61,76,41,20,9,81,91,52,50,52,74,65,70,59,61,19,20,9,48,85,57,37,33,56,85,100,70,67,30,74,74,56,17,85,44,63,26,70,4,4,4,41,37,9,52,78,26,11,9,70,89,52,50,52,74,65,70,59,61,19,20,9,37,78,48,30,22,33,74,100,67,63,2. Bundesliga
Nürnberg,c8rdmlwqz77xe8yzv3r881dz3,bxqr7spu9y20ij0r2fy4gd0yc,A. Kalogeropoulos,Alexis Kalogeropoulos,22,Defender,Greece,Defender,259.0,91.0,12.0,350.0,9.0,3.0,2.0,2.0,0.0,0.0,0.0,0.0,18.0,40.0,0.0,10.0,540.0,0.0,2.0,2.0,0.0,5.0,0.0,0.0,0.0,0.0,0.0,92.35,50.0,0.0,0.0,0.0,52.94,56.25,71.43,0.26427587942826,0.2015240266063773,0.0,4.0,0.08153613,1.0,25.0,20.0,0.4969723099999996,211.0,43.16666666666666,15.166666666666666,2.0,58.333333333333336,1.5,0.5,0.3333333333333333,0.3333333333333333,0.0,0.0,0.0,0.0,3.0,6.666666666666667,0.0,1.6666666666666667,0.0,0.3333333333333333,0.3333333333333333,0.0,0.8333333333333334,0.0,0.0,0.0,0.0,0.0,92.35,50.0,0.0,0.0,0.0,52.94,56.25,71.43,0.0440459799047099,0.0335873377677295,0.0,0.6666666666666666,0.013589355,0.1666666666666666,4.166666666666667,3.333333333333333,0.0828287183333332,35.166666666666664,CB,94,72,42,88,52,75,36,56,30,33,19,19,42,91,41,86,17,20,36,30,67,47,42,44,52,52,88,50,47,30,17,47,53,64,47,75,30,72,69,56,88,75,69,91,75,52,28,69,28,64,28,45,30,33,19,19,23,84,41,83,17,14,30,30,48,47,42,44,52,52,88,50,47,30,17,47,53,64,44,69,30,58,59,47,75,47,50,66,2. Bundesliga
Nürnberg,c8rdmlwqz77xe8yzv3r881dz3,d0ooaz36uwlf026uf07kmyoes,E. Porstner,Eric Porstner,19,Defender,Germany,Defender,108.0,118.0,9.0,221.0,3.0,13.0,2.0,2.0,0.0,2.0,7.0,9.0,21.0,10.0,0.0,5.0,516.0,0.0,6.0,2.0,4.0,6.0,5.0,1.0,0.0,0.0,0.0,88.4,47.37,33.33,57.14,0.0,55.26,42.86,50.0,0.2119766939963648,0.8707085179880097,1.0,7.0,0.16046274,7.0,11.0,22.0,0.80452224,82.0,18.837209302325583,20.58139534883721,1.569767441860465,38.54651162790697,0.5232558139534884,2.2674418604651163,0.3488372093023256,0.3488372093023256,0.0,0.3488372093023256,1.2209302325581397,1.569767441860465,3.6627906976744176,1.744186046511628,0.0,0.872093023255814,0.0,1.0465116279069768,0.3488372093023256,0.6976744186046512,1.0465116279069768,0.872093023255814,0.1744186046511628,0.0,0.0,0.0,88.4,47.37,33.33,57.14,0.0,55.26,42.86,50.0,0.0369726791854124,0.1518677647653505,0.1744186046511628,1.2209302325581397,0.0279876872093023,1.2209302325581397,1.9186046511627908,3.8372093023255816,0.1403236465116279,14.30232558139535,LB/LCB,71,89,68,79,41,96,32,57,18,82,77,86,55,39,45,55,21,68,27,80,71,80,86,46,52,52,96,75,73,73,21,43,39,25,43,93,54,66,57,96,39,66,79,57,57,64,43,57,25,93,18,43,18,68,71,79,29,21,45,46,21,57,21,75,43,75,89,46,52,52,96,75,73,73,21,43,39,25,29,82,46,43,43,82,11,50,61,32,2. Bundesliga
Eintracht Braunschweig,kxpw3rqn4ukt7nqmtjj62lbn,13za9epvzsczbjs3jtqgf4il0,S. Di Benedetto,Samuele Di Benedetto,21,Midfielder,Germany,Midfielder,54.0,89.0,16.0,141.0,2.0,9.0,6.0,1.0,5.0,2.0,5.0,5.0,24.0,6.0,1.0,0.0,382.0,3.0,4.0,10.0,2.0,5.0,2.0,1.0,0.0,0.0,0.0,77.9,59.26,20.0,40.0,50.0,48.0,28.57,50.0,0.3811695358619406,0.7235543322165671,5.0,10.0,0.2206048099999999,7.0,24.0,16.0,0.67901156,79.0,12.722513089005236,20.96858638743456,3.769633507853403,33.21989528795812,0.4712041884816754,2.1204188481675392,1.4136125654450262,0.2356020942408377,1.1780104712041886,0.4712041884816754,1.1780104712041886,1.1780104712041886,5.654450261780105,1.4136125654450262,0.2356020942408377,0.0,0.7068062827225131,0.9424083769633508,2.356020942408377,0.4712041884816754,1.1780104712041886,0.4712041884816754,0.2356020942408377,0.0,0.0,0.0,77.9,59.26,20.0,40.0,50.0,48.0,28.57,50.0,0.0898043409098812,0.170470915967254,1.1780104712041886,2.356020942408377,0.051974955235602,1.649214659685864,5.654450261780105,3.769633507853403,0.1599765455497382,18.612565445026178,DM/CM,14,50,83,25,23,94,56,22,84,61,61,56,52,23,69,3,88,23,88,56,34,89,83,52,52,52,16,62,66,42,89,34,22,30,41,94,86,78,72,98,77,47,88,34,12,75,88,34,22,100,62,28,84,69,78,75,66,25,75,3,100,25,94,59,50,91,88,52,52,52,16,62,66,42,89,34,22,30,44,97,91,88,81,100,91,59,94,53,2. Bundesliga
Eintracht Braunschweig,kxpw3rqn4ukt7nqmtjj62lbn,1falkoydwxoiazskcoalwll62,F. Di Michele Sánchez,Fabio Di Michele Sánchez,23,Defender,Germany,Defender,47.0,69.0,4.0,115.0,2.0,5.0,3.0,2.0,1.0,1.0,4.0,4.0,16.0,3.0,0.0,2.0,319.0,2.0,8.0,7.0,2.0,3.0,1.0,0.0,1.0,0.0,0.0,84.56,44.44,7.69,50.0,66.67,64.0,40.0,60.0,0.1879393375161218,0.3757863200783841,1.0,4.0,0.09753782,6.0,13.0,11.0,0.5099085500000001,58.0,13.260188087774296,19.467084639498434,1.1285266457680252,32.445141065830725,0.5642633228840126,1.4106583072100314,0.8463949843260189,0.5642633228840126,0.2821316614420063,0.2821316614420063,1.1285266457680252,1.1285266457680252,4.514106583072101,0.8463949843260189,0.0,0.5642633228840126,0.5642633228840126,2.2570532915360504,1.974921630094044,0.5642633228840126,0.8463949843260189,0.2821316614420063,0.0,0.2821316614420063,0.0,0.0,84.56,44.44,7.69,50.0,66.67,64.0,40.0,60.0,0.0530236375437334,0.106021218830892,0.2821316614420063,1.1285266457680252,0.0275185072100313,1.6927899686520378,3.6677115987460818,3.103448275862069,0.1438613463949843,16.363636363636363,LB/LCB,29,54,23,32,25,70,57,57,45,57,52,48,39,7,45,18,86,80,86,50,36,32,39,96,52,52,68,68,21,61,95,95,36,48,36,57,54,34,39,88,55,34,50,29,32,57,21,50,32,82,61,68,43,61,57,57,54,7,45,25,93,86,79,54,36,32,39,100,52,52,68,68,21,61,95,95,36,48,43,64,57,39,39,96,61,32,64,50,2. Bundesliga
Eintracht Braunschweig,kxpw3rqn4ukt7nqmtjj62lbn,2rmqefxeco0fahr605mrgatpl,M. Entrup,Maximilian Entrup,29,Attacker,Austria,Striker,16.0,27.0,0.0,42.0,2.0,3.0,2.0,2.0,0.0,1.0,3.0,3.0,7.0,1.0,1.0,0.0,208.0,1.0,4.0,1.0,3.0,1.0,1.0,0.0,0.0,0.0,0.0,70.0,0.0,100.0,100.0,50.0,50.0,66.67,100.0,0.2524229508717582,0.269067455315113,0.0,2.0,0.04336653,2.0,3.0,3.0,0.14884005,12.0,6.923076923076923,11.682692307692308,0.0,18.173076923076923,0.8653846153846154,1.2980769230769231,0.8653846153846154,0.8653846153846154,0.0,0.4326923076923077,1.2980769230769231,1.2980769230769231,3.028846153846154,0.4326923076923077,0.4326923076923077,0.0,0.4326923076923077,1.7307692307692308,0.4326923076923077,1.2980769230769231,0.4326923076923077,0.4326923076923077,0.0,0.0,0.0,0.0,70.0,0.0,100.0,100.0,50.0,50.0,66.67,100.0,0.109221469127203,0.1164234181651931,0.0,0.8653846153846154,0.0187643639423076,0.8653846153846154,1.2980769230769231,1.2980769230769231,0.0644019447115384,5.1923076923076925,ST,46,36,18,38,14,32,4,9,7,38,29,27,4,14,34,36,9,4,5,64,34,71,34,52,52,52,43,18,100,96,75,84,86,91,4,46,11,32,25,54,46,43,50,29,93,82,18,93,25,68,7,11,7,50,54,46,11,25,57,36,14,4,7,86,54,75,34,52,52,52,43,18,100,96,75,84,86,91,7,71,11,57,32,75,68,61,68,52,2. Bundesliga
Eintracht Braunschweig,kxpw3rqn4ukt7nqmtjj62lbn,2rsdnuf5kuu8kxybsjq7ogbje,M. Aydın,Mehmet Can Aydin,24,Midfielder,Türkiye,Midfielder,101.0,104.0,16.0,202.0,15.0,3.0,10.0,3.0,7.0,1.0,5.0,5.0,41.0,20.0,2.0,6.0,534.0,3.0,7.0,15.0,3.0,6.0,3.0,1.0,0.0,0.0,0.0,77.99,45.71,13.64,60.0,30.0,66.13,68.18,75.0,0.4428025391565434,0.1792121894291271,4.0,6.0,0.13061733,6.0,26.0,27.0,0.7044411699999998,101.0,17.02247191011236,17.528089887640448,2.696629213483146,34.04494382022472,2.528089887640449,0.5056179775280899,1.6853932584269662,0.5056179775280899,1.1797752808988764,0.1685393258426966,0.8426966292134831,0.8426966292134831,6.910112359550562,3.3707865168539324,0.3370786516853932,1.0112359550561798,0.5056179775280899,1.1797752808988764,2.528089887640449,0.5056179775280899,1.0112359550561798,0.5056179775280899,0.1685393258426966,0.0,0.0,0.0,77.99,45.71,13.64,60.0,30.0,66.13,68.18,75.0,0.0746296414308781,0.0302043015891787,0.6741573033707865,1.0112359550561798,0.022014156741573,1.0112359550561798,4.382022471910112,4.550561797752809,0.1187260398876404,17.02247191011236,RM/RCM,100,100,100,100,100,67,67,33,83,33,83,83,100,100,67,100,67,50,100,83,100,100,83,67,67,67,67,67,67,83,67,67,100,83,67,67,83,67,67,100,100,100,100,100,100,100,100,100,100,67,67,33,67,33,67,67,100,100,67,100,67,33,100,67,100,100,67,67,67,67,67,67,67,83,67,67,100,83,33,33,67,67,67,100,100,67,67,100,2. Bundesliga
Eintracht Braunschweig,kxpw3rqn4ukt7nqmtjj62lbn,3ggalwxtvh3sdvddquw10u3qi,A. Hoti,Andi Hoti,23,Defender,Kosovo,Defender,104.0,37.0,4.0,141.0,7.0,1.0,4.0,4.0,0.0,3.0,2.0,2.0,16.0,15.0,0.0,5.0,295.0,0.0,6.0,3.0,2.0,4.0,0.0,0.0,0.0,0.0,0.0,85.98,25.0,0.0,100.0,0.0,55.17,58.33,100.0,0.4753406673059632,0.1025090331831754,0.0,3.0,0.06207,1.0,8.0,10.0,0.2656026,66.0,31.728813559322035,11.28813559322034,1.2203389830508475,43.01694915254237,2.135593220338983,0.3050847457627119,1.2203389830508475,1.2203389830508475,0.0,0.9152542372881356,0.6101694915254238,0.6101694915254238,4.88135593220339,4.576271186440678,0.0,1.5254237288135597,0.0,1.8305084745762712,0.9152542372881356,0.6101694915254238,1.2203389830508475,0.0,0.0,0.0,0.0,0.0,85.98,25.0,0.0,100.0,0.0,55.17,58.33,100.0,0.1450191866357175,0.0312739423270704,0.0,0.9152542372881356,0.0189366101694915,0.3050847457627119,2.440677966101695,3.050847457627119,0.0810313016949152,20.135593220338983,CB,9,6,6,6,30,25,75,80,30,95,70,67,34,12,41,36,17,69,56,80,52,47,42,44,52,52,36,5,47,91,17,50,66,95,81,50,30,58,56,56,20,9,19,6,50,25,9,34,50,34,88,91,30,97,81,78,59,38,41,69,17,88,69,91,81,47,42,44,52,52,36,5,47,91,17,50,66,95,88,62,30,72,69,62,25,38,44,12,2. Bundesliga
Eintracht Braunschweig,kxpw3rqn4ukt7nqmtjj62lbn,4rbwu9j1hucsm95jertjbju38,M. Marie,Max Marie,21,Midfielder,Germany,Midfielder,59.0,128.0,14.0,187.0,3.0,11.0,9.0,6.0,3.0,1.0,24.0,24.0,31.0,5.0,0.0,8.0,510.0,4.0,19.0,7.0,9.0,8.0,0.0,2.0,0.0,0.0,0.0,84.62,70.0,0.0,37.5,44.44,42.47,25.0,61.54,0.7802907408192724,0.967015528593008,2.0,21.0,0.46039456,10.0,18.0,21.0,0.7569764099999999,100.0,10.411764705882351,22.588235294117645,2.4705882352941173,33.0,0.5294117647058824,1.9411764705882355,1.588235294117647,1.0588235294117647,0.5294117647058824,0.1764705882352941,4.235294117647059,4.235294117647059,5.470588235294118,0.8823529411764706,0.0,1.4117647058823528,0.7058823529411764,3.352941176470588,1.2352941176470589,1.588235294117647,1.4117647058823528,0.0,0.3529411764705882,0.0,0.0,0.0,84.62,70.0,0.0,37.5,44.44,42.47,25.0,61.54,0.1376983660269304,0.1706497991634719,0.3529411764705882,3.705882352941176,0.0812460988235294,1.7647058823529411,3.176470588235294,3.705882352941176,0.1335840723529411,17.64705882352941,CM/AM,70,76,96,74,76,83,59,69,26,15,96,96,85,85,37,96,74,89,59,91,96,15,91,52,50,52,89,70,15,28,80,33,50,59,59,78,28,87,85,96,69,59,63,78,59,63,93,63,59,59,41,67,19,4,89,89,67,81,37,93,59,67,44,85,85,15,74,52,50,52,89,70,15,28,80,33,50,59,52,59,15,78,74,89,48,44,52,70,2. Bundesliga
Eintracht Braunschweig,kxpw3rqn4ukt7nqmtjj62lbn,58jjd14yvf4d6tvqcz4xo3a7e,F. Flick,Florian Flick,26,Midfielder,Germany,Midfielder,123.0,146.0,23.0,269.0,10.0,1.0,10.0,7.0,3.0,3.0,3.0,3.0,29.0,17.0,1.0,8.0,537.0,3.0,7.0,2.0,1.0,12.0,0.0,0.0,0.0,0.0,0.0,86.77,67.65,0.0,33.33,30.0,61.7,76.92,75.0,0.9902494690272116,0.0449145319320889,2.0,15.0,0.30721808,5.0,33.0,20.0,0.4290415999999997,171.0,20.614525139664803,24.46927374301676,3.8547486033519553,45.08379888268156,1.675977653631285,0.1675977653631284,1.675977653631285,1.1731843575418994,0.5027932960893855,0.5027932960893855,0.5027932960893855,0.5027932960893855,4.860335195530726,2.8491620111731844,0.1675977653631284,1.340782122905028,0.5027932960893855,1.1731843575418994,0.3351955307262569,0.1675977653631284,2.011173184357542,0.0,0.0,0.0,0.0,0.0,86.77,67.65,0.0,33.33,30.0,61.7,76.92,75.0,0.1659635981609852,0.0075275751841489,0.3351955307262569,2.5139664804469275,0.0514890636871508,0.8379888268156425,5.5307262569832405,3.35195530726257,0.0719064134078211,28.65921787709497,DM/CM,81,91,95,94,80,8,95,100,61,80,34,31,72,86,69,77,88,58,17,31,100,33,38,52,52,52,75,91,33,33,52,97,94,72,97,6,55,97,88,86,89,59,47,97,66,88,94,91,72,3,88,97,47,72,22,19,56,81,50,62,75,44,16,16,97,33,38,52,52,52,75,91,33,33,52,97,94,72,91,6,44,94,78,84,84,44,34,97,2. Bundesliga
Eintracht Braunschweig,kxpw3rqn4ukt7nqmtjj62lbn,5obbjyu0duib9ogusbv9ljjhm,N. Katterbach,Noah Katterbach,25,Defender,Germany,Defender,31.0,32.0,5.0,62.0,3.0,2.0,0.0,0.0,0.0,0.0,10.0,10.0,15.0,12.0,0.0,3.0,221.0,0.0,2.0,2.0,7.0,2.0,1.0,0.0,0.0,0.0,0.0,75.61,45.45,20.0,70.0,0.0,62.5,75.0,66.67,0.0,0.2351568425454122,0.0,7.0,0.20325783,1.0,5.0,5.0,0.1452790899999999,28.0,12.624434389140273,13.031674208144796,2.0361990950226243,25.248868778280546,1.2217194570135743,0.8144796380090498,0.0,0.0,0.0,0.0,4.072398190045249,4.072398190045249,6.108597285067873,4.886877828054298,0.0,1.2217194570135743,0.0,0.8144796380090498,0.8144796380090498,2.850678733031674,0.8144796380090498,0.4072398190045249,0.0,0.0,0.0,0.0,75.61,45.45,20.0,70.0,0.0,62.5,75.0,66.67,0.0,0.0957652299958692,0.0,2.850678733031674,0.0827746819004524,0.4072398190045249,2.0361990950226243,2.0361990950226243,0.059163430316742,11.402714932126695,LB/LCB,11,11,30,11,41,36,5,18,18,23,89,89,32,48,45,32,21,20,27,100,20,32,39,46,52,52,11,71,38,82,21,84,96,59,5,36,18,66,71,16,9,7,4,7,29,21,71,25,64,50,5,18,18,23,100,100,89,86,45,61,21,32,50,100,32,43,39,46,52,52,11,71,38,82,21,84,96,59,5,54,18,89,93,25,14,14,7,7,2. Bundesliga
Eintracht Braunschweig,kxpw3rqn4ukt7nqmtjj62lbn,6las8etwx9c9kdkcip8gz26wa,K. Ehlers,Kevin Ehlers,25,Defender,Germany,Defender,200.0,102.0,12.0,302.0,11.0,1.0,4.0,4.0,0.0,0.0,1.0,1.0,29.0,31.0,1.0,5.0,540.0,2.0,4.0,5.0,1.0,4.0,0.0,0.0,1.0,0.0,0.0,87.28,35.29,0.0,100.0,50.0,67.44,55.0,33.33,0.5245572985102098,0.0800264635142122,0.0,3.0,0.05731012,1.0,23.0,23.0,0.4826096000000002,192.0,33.333333333333336,17.0,2.0,50.333333333333336,1.8333333333333333,0.1666666666666666,0.6666666666666666,0.6666666666666666,0.0,0.0,0.1666666666666666,0.1666666666666666,4.833333333333333,5.166666666666667,0.1666666666666666,0.8333333333333334,0.3333333333333333,0.6666666666666666,0.8333333333333334,0.1666666666666666,0.6666666666666666,0.0,0.0,0.1666666666666666,0.0,0.0,87.28,35.29,0.0,100.0,50.0,67.44,55.0,33.33,0.0874262164183683,0.0133377439190353,0.0,0.5,0.0095516866666666,0.1666666666666666,3.8333333333333335,3.8333333333333335,0.0804349333333333,32.0,RB/RCB,100,85,85,100,88,15,62,90,13,27,13,13,75,92,90,60,85,42,75,31,38,23,38,90,52,52,88,27,23,98,83,96,65,12,88,19,17,40,38,33,85,77,38,100,100,58,73,100,85,12,40,81,13,27,12,12,62,88,85,40,75,23,58,17,27,23,38,87,52,52,88,27,23,98,83,96,65,12,77,15,17,33,31,23,73,50,27,100,2. Bundesliga
Eintracht Braunschweig,kxpw3rqn4ukt7nqmtjj62lbn,aw83l7afhw2lhkg8qm7mbnms4,J. Urbich,Jan Urbich,22,Attacker,Germany,Striker,16.0,19.0,0.0,35.0,7.0,4.0,14.0,12.0,2.0,1.0,3.0,3.0,14.0,2.0,3.0,0.0,299.0,10.0,23.0,4.0,1.0,1.0,0.0,1.0,0.0,0.0,0.0,67.31,0.0,0.0,33.33,71.43,36.84,35.0,50.0,2.1552027512462426,0.1666664240798334,2.0,1.0,0.01935132,0.0,2.0,2.0,0.05268385,7.0,4.816053511705685,5.719063545150501,0.0,10.535117056856189,2.1070234113712374,1.2040133779264213,4.214046822742475,3.612040133779264,0.6020066889632106,0.3010033444816053,0.903010033444816,0.903010033444816,4.214046822742475,0.6020066889632106,0.903010033444816,0.0,3.0100334448160533,6.9230769230769225,1.2040133779264213,0.3010033444816053,0.3010033444816053,0.0,0.3010033444816053,0.0,0.0,0.0,67.31,0.0,0.0,33.33,71.43,36.84,35.0,50.0,0.6487232361610763,0.0501671510608194,0.6020066889632106,0.3010033444816053,0.0058248120401337,0.0,0.6020066889632106,0.6020066889632106,0.0158580150501672,2.1070234113712374,ST,46,14,18,23,66,50,77,75,61,38,29,27,39,32,86,36,96,71,55,18,34,34,75,52,52,52,25,18,34,29,96,20,36,55,86,18,54,16,11,14,29,27,25,7,57,21,18,32,75,57,93,96,68,39,36,29,50,36,96,36,100,96,71,14,32,34,79,52,52,52,25,18,34,29,96,20,36,55,100,21,68,18,14,14,39,32,21,11,2. Bundesliga
Eintracht Braunschweig,kxpw3rqn4ukt7nqmtjj62lbn,cyvk6luj08lo8hpgimx518yl0,Y. Sturm,Yann Sturm,21,Midfielder,Germany,Midfielder,18.0,57.0,3.0,73.0,0.0,10.0,19.0,13.0,6.0,4.0,28.0,31.0,23.0,0.0,2.0,2.0,479.0,10.0,29.0,4.0,17.0,1.0,2.0,1.0,0.0,0.0,0.0,74.49,60.0,66.67,60.71,52.63,48.94,0.0,50.0,2.433396554504569,0.8014815373810077,14.0,24.0,0.70998347,8.0,6.0,12.0,0.64614653,40.0,3.382045929018789,10.7098121085595,0.5636743215031316,13.7160751565762,0.0,1.8789144050104385,3.5699373695198333,2.44258872651357,1.1273486430062631,0.7515657620041754,5.260960334029228,5.82463465553236,4.321503131524008,0.0,0.3757828810020877,0.3757828810020877,1.8789144050104385,5.448851774530271,0.7515657620041754,3.194154488517745,0.1878914405010438,0.3757828810020877,0.1878914405010438,0.0,0.0,0.0,74.49,60.0,66.67,60.71,52.63,48.94,0.0,50.0,0.4572143839361403,0.1505915205935087,2.630480167014614,4.509394572025053,0.1333998169102296,1.5031315240083507,1.1273486430062631,2.2546972860125263,0.1214054022964509,7.515657620041754,LM/LCM,33,33,44,33,22,89,89,89,89,78,100,100,56,11,89,72,100,89,17,100,22,56,83,56,56,56,22,78,89,89,100,78,22,44,100,89,100,100,100,89,44,44,67,33,11,11,33,11,22,78,89,89,89,67,89,100,22,11,78,56,100,78,11,100,22,33,78,56,56,56,22,78,89,89,100,78,22,44,100,67,100,100,100,78,33,33,33,11,2. Bundesliga
Eintracht Braunschweig,kxpw3rqn4ukt7nqmtjj62lbn,dfvji53ap80gfup5k0ise57ca,L. Frenkert,Lukas Frenkert,26,Defender,Germany,Defender,85.0,56.0,7.0,141.0,4.0,0.0,2.0,2.0,0.0,0.0,0.0,0.0,9.0,15.0,0.0,2.0,237.0,1.0,2.0,0.0,0.0,4.0,0.0,0.0,0.0,0.0,0.0,87.04,43.75,0.0,0.0,50.0,42.86,33.33,80.0,0.2214750352208884,0.0,0.0,4.0,0.0918526099999999,4.0,11.0,10.0,0.2183776900000001,85.0,32.278481012658226,21.26582278481013,2.6582278481012658,53.54430379746835,1.518987341772152,0.0,0.759493670886076,0.759493670886076,0.0,0.0,0.0,0.0,3.4177215189873418,5.69620253164557,0.0,0.759493670886076,0.379746835443038,0.759493670886076,0.0,0.0,1.518987341772152,0.0,0.0,0.0,0.0,0.0,87.04,43.75,0.0,0.0,50.0,42.86,33.33,80.0,0.0841044437547677,0.0,0.0,1.518987341772152,0.0348807379746835,1.518987341772152,4.177215189873418,3.79746835443038,0.0829282367088607,32.278481012658226,LB/LCB,57,30,50,48,55,7,32,57,18,23,7,7,14,64,45,18,59,20,7,12,48,11,39,46,52,52,86,64,11,12,80,18,25,88,46,7,18,34,32,70,39,29,14,64,93,71,86,93,79,7,57,89,18,23,7,7,21,93,45,36,79,25,7,12,79,11,39,46,52,52,86,64,11,12,80,18,25,88,68,7,18,57,50,89,75,43,21,96,2. Bundesliga
Eintracht Braunschweig,kxpw3rqn4ukt7nqmtjj62lbn,esb5jfhw65o0dgbs6gwvibyeh,A. Opoku,Aaron Opoku,27,Attacker,Germany,Striker,24.0,94.0,2.0,109.0,4.0,22.0,9.0,5.0,4.0,2.0,14.0,14.0,20.0,6.0,1.0,4.0,471.0,2.0,21.0,3.0,6.0,4.0,9.0,1.0,0.0,0.0,0.0,71.24,33.33,37.5,42.86,22.22,43.48,40.0,57.14,1.1517850554573843,2.065393252586643,2.0,20.0,0.62443786,7.0,11.0,19.0,0.72525805,63.0,4.585987261146497,17.961783439490446,0.3821656050955413,20.828025477707005,0.7643312101910827,4.203821656050955,1.7197452229299364,0.9554140127388536,0.7643312101910827,0.3821656050955413,2.6751592356687897,2.6751592356687897,3.821656050955414,1.1464968152866242,0.1910828025477706,0.7643312101910827,0.3821656050955413,4.012738853503184,0.5732484076433121,1.1464968152866242,0.7643312101910827,1.7197452229299364,0.1910828025477706,0.0,0.0,0.0,71.24,33.33,37.5,42.86,22.22,43.48,40.0,57.14,0.2200863163294364,0.3946611310675114,0.3821656050955413,3.821656050955414,0.1193193363057324,1.3375796178343948,2.1019108280254777,3.6305732484076434,0.1385843407643312,12.038216560509554,RW,78,100,78,78,50,100,33,22,89,39,83,67,44,78,56,89,28,56,33,56,83,100,78,56,56,56,56,78,100,28,22,33,44,72,100,100,39,100,100,94,100,100,78,100,44,89,67,78,22,100,22,11,78,33,44,44,11,78,56,78,11,22,22,11,78,100,67,56,56,56,56,78,100,28,22,33,44,72,56,100,33,89,89,100,100,100,67,100,2. Bundesliga
Arminia Bielefeld,bdlavlqj0dshxnepyfanzwu47,2pr5dhz0lfsy86ka37xoeub8q,J. Grodowski,Joel Grodowski,28,Attacker,Germany,Striker,24.0,41.0,5.0,64.0,8.0,3.0,15.0,13.0,2.0,5.0,19.0,19.0,26.0,4.0,5.0,1.0,507.0,8.0,31.0,7.0,9.0,1.0,1.0,0.0,0.0,0.0,0.0,73.56,71.43,14.29,47.37,53.33,37.68,32.0,50.0,1.7935173719704955,0.2322873524831182,5.0,8.0,0.26292295,6.0,3.0,6.0,0.34938201,30.0,4.260355029585798,7.278106508875739,0.8875739644970414,11.36094674556213,1.4201183431952662,0.5325443786982248,2.662721893491124,2.3076923076923075,0.3550295857988165,0.8875739644970414,3.3727810650887573,3.3727810650887573,4.615384615384615,0.7100591715976331,0.8875739644970414,0.1775147928994082,1.4201183431952662,5.502958579881656,1.242603550295858,1.5976331360946745,0.1775147928994082,0.1775147928994082,0.0,0.0,0.0,0.0,73.56,71.43,14.29,47.37,53.33,37.68,32.0,50.0,0.3183758648468335,0.0412344412691925,0.8875739644970414,1.4201183431952662,0.0466727130177514,1.0650887573964496,0.5325443786982248,1.0650887573964496,0.0620204751479289,5.325443786982248,ST,75,71,96,64,75,32,82,80,61,86,100,96,91,59,100,77,84,95,91,100,34,71,34,52,52,52,57,61,68,46,82,25,32,55,75,43,86,82,79,89,46,70,79,84,46,36,89,39,50,11,50,54,43,82,89,89,57,43,93,71,64,71,75,93,21,68,34,52,52,52,57,61,68,46,82,25,32,55,54,11,79,75,64,89,29,54,61,57,2. Bundesliga
Arminia Bielefeld,bdlavlqj0dshxnepyfanzwu47,38e1vhlbuwztsud75adfexs0k,M. Wörl,Marius Wörl,22,Midfielder,Germany,Midfielder,99.0,90.0,13.0,189.0,1.0,2.0,7.0,1.0,6.0,2.0,5.0,5.0,15.0,6.0,2.0,8.0,424.0,3.0,13.0,6.0,1.0,5.0,0.0,0.0,0.0,0.0,0.0,87.1,72.22,0.0,20.0,42.86,44.12,50.0,62.5,0.7853881023776731,0.1027581944053989,6.0,5.0,0.12803696,3.0,19.0,21.0,0.44282059,80.0,21.014150943396224,19.10377358490566,2.759433962264151,40.11792452830189,0.2122641509433962,0.4245283018867924,1.4858490566037736,0.2122641509433962,1.2735849056603774,0.4245283018867924,1.0613207547169812,1.0613207547169812,3.1839622641509435,1.2735849056603774,0.4245283018867924,1.6981132075471697,0.6367924528301887,2.759433962264151,1.2735849056603774,0.2122641509433962,1.0613207547169812,0.0,0.0,0.0,0.0,0.0,87.1,72.22,0.0,20.0,42.86,44.12,50.0,62.5,0.1667097387122419,0.0218118808879384,1.2735849056603774,1.0613207547169812,0.0271776566037735,0.6367924528301887,4.033018867924528,4.4575471698113205,0.0939949365566037,16.9811320754717,DM/CM,66,53,62,56,9,25,72,22,89,61,61,56,25,23,92,77,88,97,62,31,34,33,38,52,52,52,78,98,33,23,77,25,45,64,84,19,94,44,47,69,59,67,50,39,69,62,66,59,12,25,72,25,94,66,62,56,25,19,94,84,91,100,69,34,44,33,38,52,52,52,78,98,33,23,77,25,45,64,94,19,97,47,44,72,66,81,66,41,2. Bundesliga
Arminia Bielefeld,bdlavlqj0dshxnepyfanzwu47,63mjx2t3943wpqiomzdwg0mlm,M. Großer,Maximilian Großer,25,Defender,Germany,Defender,205.0,46.0,13.0,251.0,20.0,0.0,6.0,6.0,0.0,2.0,0.0,0.0,30.0,37.0,0.0,7.0,540.0,0.0,10.0,8.0,0.0,3.0,0.0,0.0,0.0,0.0,0.0,89.64,56.52,0.0,0.0,0.0,50.0,46.51,100.0,0.8024953414392908,0.0,0.0,0.0,0.0,0.0,6.0,11.0,0.2445568299999999,167.0,34.166666666666664,7.666666666666667,2.1666666666666665,41.833333333333336,3.333333333333333,0.0,1.0,1.0,0.0,0.3333333333333333,0.0,0.0,5.0,6.166666666666667,0.0,1.1666666666666667,0.0,1.6666666666666667,1.3333333333333333,0.0,0.5,0.0,0.0,0.0,0.0,0.0,89.64,56.52,0.0,0.0,0.0,50.0,46.51,100.0,0.1337492235732151,0.0,0.0,0.0,0.0,0.0,1.0,1.8333333333333333,0.0407594716666666,27.83333333333333,CB,72,16,50,56,94,6,89,92,30,89,19,19,75,86,41,61,17,89,92,30,34,47,42,44,52,52,62,69,47,30,17,33,31,95,94,9,30,9,9,23,9,14,9,66,56,6,31,31,94,6,73,80,30,84,19,19,66,73,41,50,17,80,88,30,25,47,42,44,52,52,62,69,47,30,17,33,31,95,81,9,30,9,9,23,6,6,6,47,2. Bundesliga
Arminia Bielefeld,bdlavlqj0dshxnepyfanzwu47,6tuxx5z4yoa95m83g9t9oyne,M. Momuluh,Monju Momuluh,24,Attacker,Germany,Striker,12.0,37.0,1.0,48.0,4.0,2.0,10.0,9.0,1.0,3.0,14.0,15.0,36.0,5.0,0.0,3.0,426.0,2.0,23.0,13.0,6.0,7.0,1.0,0.0,0.0,0.0,0.0,62.34,25.0,7.69,42.86,20.0,57.14,50.0,53.85,0.9760347020618948,0.2120911345487681,3.0,12.0,0.32497986,4.0,2.0,5.0,0.4431229299999999,15.0,2.535211267605634,7.816901408450704,0.2112676056338028,10.140845070422536,0.8450704225352113,0.4225352112676056,2.112676056338028,1.9014084507042253,0.2112676056338028,0.6338028169014085,2.9577464788732395,3.169014084507042,7.605633802816901,1.056338028169014,0.0,0.6338028169014085,0.4225352112676056,4.859154929577465,2.7464788732394365,1.267605633802817,1.4788732394366195,0.2112676056338028,0.0,0.0,0.0,0.0,62.34,25.0,7.69,42.86,20.0,57.14,50.0,53.85,0.2062045145201186,0.0448079861722749,0.6338028169014085,2.535211267605634,0.0686577169014084,0.8450704225352113,0.4225352112676056,1.056338028169014,0.0936175204225352,3.169014084507042,RW,33,44,56,44,50,22,56,72,28,72,83,83,100,67,28,72,28,67,100,56,100,39,33,56,56,56,11,50,22,28,11,94,83,56,56,33,72,67,67,78,17,28,44,22,11,22,56,11,33,22,44,56,22,44,56,56,89,56,28,67,22,56,89,44,100,33,33,56,56,56,11,50,22,28,11,94,83,56,44,22,56,67,67,78,11,22,33,11,2. Bundesliga
Arminia Bielefeld,bdlavlqj0dshxnepyfanzwu47,8bu0qcj7offuotc82kr2vhafo,H. Koudossou,Henri Koudossou,27,Defender,Germany,Defender,80.0,66.0,10.0,141.0,6.0,7.0,5.0,1.0,4.0,1.0,6.0,6.0,15.0,23.0,0.0,11.0,486.0,1.0,4.0,2.0,2.0,4.0,5.0,1.0,0.0,0.0,0.0,75.0,38.46,20.0,33.33,20.0,46.88,54.55,80.0,0.288317607405276,0.8114687120120573,4.0,4.0,0.12178723,4.0,19.0,22.0,1.1555760000000004,85.0,14.814814814814811,12.22222222222222,1.851851851851852,26.11111111111111,1.111111111111111,1.2962962962962965,0.9259259259259258,0.1851851851851851,0.7407407407407407,0.1851851851851851,1.111111111111111,1.111111111111111,2.7777777777777777,4.259259259259259,0.0,2.0370370370370368,0.1851851851851851,0.7407407407407407,0.3703703703703703,0.3703703703703703,0.7407407407407407,0.9259259259259258,0.1851851851851851,0.0,0.0,0.0,75.0,38.46,20.0,33.33,20.0,46.88,54.55,80.0,0.0533921495194955,0.1502719837059365,0.7407407407407407,0.7407407407407407,0.0225531907407407,0.7407407407407407,3.518518518518518,4.0740740740740735,0.2139955555555556,15.74074074074074,RB/RCB,73,48,73,54,71,92,77,37,92,65,71,69,35,77,42,100,58,42,29,58,38,92,87,42,52,52,19,35,63,40,54,27,60,79,58,92,90,58,65,67,67,67,100,69,50,23,58,27,58,85,69,31,88,65,58,58,12,77,42,96,50,35,19,50,35,81,81,42,52,52,19,35,63,40,54,27,60,79,54,85,88,58,58,65,69,65,96,54,2. Bundesliga
Arminia Bielefeld,bdlavlqj0dshxnepyfanzwu47,8jildds7zfj7uk3iohmmkj3kl,A. Sicker,Arne Sicker,29,Defender,Germany,Defender,68.0,61.0,10.0,124.0,3.0,2.0,1.0,0.0,1.0,0.0,2.0,2.0,14.0,19.0,0.0,7.0,288.0,0.0,4.0,4.0,0.0,6.0,5.0,0.0,0.0,0.0,0.0,79.49,43.48,27.78,0.0,0.0,70.0,75.0,75.0,0.1328199924306664,0.2714783813093689,0.0,3.0,0.0619089999999999,2.0,13.0,18.0,0.3124890899999999,60.0,21.25,19.0625,3.125,38.75,0.9375,0.625,0.3125,0.0,0.3125,0.0,0.625,0.625,4.375,5.9375,0.0,2.1875,0.0,1.25,1.25,0.0,1.875,1.5625,0.0,0.0,0.0,0.0,79.49,43.48,27.78,0.0,0.0,70.0,75.0,75.0,0.0415062476345832,0.0848369941591777,0.0,0.9375,0.0193465624999999,0.625,4.0625,5.625,0.0976528406249999,18.75,LB/LCB,50,39,79,39,41,36,12,18,45,23,25,25,27,77,45,80,21,43,54,12,71,80,39,46,52,52,36,61,64,12,21,100,96,80,29,43,18,25,29,29,55,57,29,32,64,54,89,61,54,32,14,18,46,23,29,29,43,96,45,93,21,61,66,12,89,89,39,46,52,52,36,61,64,12,21,100,96,80,32,46,18,32,29,39,71,79,29,61,2. Bundesliga
Arminia Bielefeld,bdlavlqj0dshxnepyfanzwu47,9aqzi05rzxjcberb53718z5xx,M. Mehlem,Marvin Mehlem,29,Midfielder,Germany,Midfielder,35.0,30.0,2.0,65.0,2.0,4.0,6.0,2.0,4.0,2.0,2.0,2.0,13.0,5.0,1.0,5.0,299.0,2.0,8.0,4.0,1.0,6.0,0.0,0.0,0.0,0.0,0.0,79.27,28.57,0.0,50.0,33.33,50.0,40.0,100.0,0.4836446326612794,0.3043821676677109,4.0,7.0,0.31486634,1.0,6.0,9.0,0.27796627,29.0,10.535117056856189,9.03010033444816,0.6020066889632106,19.565217391304348,0.6020066889632106,1.2040133779264213,1.806020066889632,0.6020066889632106,1.2040133779264213,0.6020066889632106,0.6020066889632106,0.6020066889632106,3.913043478260869,1.5050167224080266,0.3010033444816053,1.5050167224080266,0.6020066889632106,2.4080267558528425,1.2040133779264213,0.3010033444816053,1.806020066889632,0.0,0.0,0.0,0.0,0.0,79.27,28.57,0.0,50.0,33.33,50.0,40.0,100.0,0.1455786519716225,0.0916200504685417,1.2040133779264213,2.1070234113712374,0.0947758214046822,0.3010033444816053,1.806020066889632,2.709030100334448,0.0836687769230769,8.729096989966555,DM/CM,6,3,5,6,23,55,56,45,78,61,22,20,19,11,69,42,62,70,34,31,52,33,38,52,52,52,25,6,33,56,61,50,39,95,53,59,80,59,91,28,8,16,22,3,9,3,3,3,31,78,97,53,91,81,31,28,41,34,88,66,88,97,66,41,88,33,38,52,52,52,25,6,33,56,61,50,39,95,75,81,94,78,97,34,3,31,50,3,2. Bundesliga
Arminia Bielefeld,bdlavlqj0dshxnepyfanzwu47,ab38msf7g1zuovck24ng2453p,T. Handwerker,Tim Handwerker,28,Defender,Germany,Defender,39.0,45.0,7.0,77.0,1.0,2.0,2.0,1.0,1.0,2.0,3.0,3.0,6.0,2.0,0.0,5.0,252.0,0.0,5.0,0.0,1.0,1.0,7.0,0.0,0.0,0.0,0.0,72.64,36.84,23.33,33.33,0.0,40.0,0.0,25.0,0.150349269613858,0.4726036451772889,1.0,2.0,0.04013334,3.0,10.0,16.0,0.3568878399999999,43.0,13.928571428571429,16.071428571428573,2.5,27.5,0.3571428571428571,0.7142857142857143,0.7142857142857143,0.3571428571428571,0.3571428571428571,0.7142857142857143,1.0714285714285714,1.0714285714285714,2.142857142857143,0.7142857142857143,0.0,1.7857142857142858,0.0,1.7857142857142858,0.0,0.3571428571428571,0.3571428571428571,2.5,0.0,0.0,0.0,0.0,72.64,36.84,23.33,33.33,0.0,40.0,0.0,25.0,0.053696167719235,0.168787016134746,0.3571428571428571,0.7142857142857143,0.0143333357142857,1.0714285714285714,3.571428571428572,5.714285714285714,0.1274599428571428,15.357142857142858,LB/LCB,25,21,50,21,14,36,32,39,45,82,39,38,7,4,45,55,21,55,7,34,7,93,39,46,52,52,4,39,50,38,21,14,7,4,32,64,54,12,14,48,29,46,32,21,39,39,80,32,18,39,54,46,50,96,54,54,7,4,45,86,21,75,7,39,11,96,39,46,52,52,4,39,50,38,21,14,7,4,46,89,64,21,21,71,54,82,54,39,2. Bundesliga
Arminia Bielefeld,bdlavlqj0dshxnepyfanzwu47,av5y7xqlp9hw9cw0hupvsl4kq,S. Russo,Stefano Russo,26,Midfielder,Germany,Midfielder,132.0,108.0,20.0,240.0,9.0,4.0,7.0,4.0,3.0,2.0,3.0,3.0,27.0,28.0,0.0,10.0,525.0,2.0,8.0,6.0,1.0,9.0,0.0,0.0,0.0,0.0,0.0,83.04,55.56,0.0,33.33,28.57,42.19,39.13,81.82,0.531212840776105,0.2327355141475049,2.0,2.0,0.04347372,1.0,34.0,28.0,0.5351250199999997,130.0,22.62857142857143,18.51428571428572,3.428571428571429,41.142857142857146,1.542857142857143,0.6857142857142857,1.2,0.6857142857142857,0.5142857142857143,0.3428571428571428,0.5142857142857143,0.5142857142857143,4.628571428571429,4.8,0.0,1.7142857142857144,0.3428571428571428,1.3714285714285714,1.0285714285714287,0.1714285714285714,1.542857142857143,0.0,0.0,0.0,0.0,0.0,83.04,55.56,0.0,33.33,28.57,42.19,39.13,81.82,0.0910650584187608,0.0398975167110008,0.3428571428571428,0.3428571428571428,0.0074526377142857,0.1714285714285714,5.828571428571429,4.8,0.0917357177142856,22.28571428571429,DM/CM,88,75,91,78,73,55,72,73,61,61,34,31,61,100,25,89,62,70,62,31,89,33,38,52,52,52,31,58,33,33,45,16,34,80,56,44,55,16,12,28,94,92,78,78,78,56,84,66,69,44,47,69,53,50,25,22,47,100,25,88,59,56,53,19,78,33,38,52,52,52,31,58,33,33,45,16,34,80,50,38,50,12,9,25,94,91,62,78,2. Bundesliga
Arminia Bielefeld,bdlavlqj0dshxnepyfanzwu47,bs6f5ag1f47ropxefrybtaktl,M. Bauer,Maximilian Bauer,26,Defender,Germany,Defender,200.0,73.0,25.0,273.0,13.0,3.0,2.0,2.0,0.0,1.0,0.0,0.0,35.0,28.0,0.0,5.0,540.0,1.0,15.0,7.0,0.0,11.0,0.0,0.0,0.0,0.0,0.0,83.49,46.3,0.0,0.0,50.0,51.47,43.33,73.33,0.3729754530484732,0.3030096444502389,0.0,0.0,0.0,0.0,15.0,19.0,0.4289495899999997,165.0,33.333333333333336,12.166666666666666,4.166666666666667,45.5,2.1666666666666665,0.5,0.3333333333333333,0.3333333333333333,0.0,0.1666666666666666,0.0,0.0,5.833333333333333,4.666666666666667,0.0,0.8333333333333334,0.1666666666666666,2.5,1.1666666666666667,0.0,1.8333333333333333,0.0,0.0,0.0,0.0,0.0,83.49,46.3,0.0,0.0,50.0,51.47,43.33,73.33,0.0621625755080788,0.0505016074083731,0.0,0.0,0.0,0.0,2.5,3.1666666666666665,0.0714915983333332,27.5,CB,69,48,95,69,69,75,36,56,30,75,19,19,95,56,41,36,58,97,83,30,98,47,42,44,52,52,25,41,47,30,77,41,22,72,72,94,30,9,9,23,42,67,53,62,53,28,89,41,53,64,28,45,30,67,19,19,86,41,41,14,39,91,77,30,97,47,42,44,52,52,25,41,47,30,77,41,22,72,66,91,30,9,9,23,33,42,22,44,2. Bundesliga
Arminia Bielefeld,bdlavlqj0dshxnepyfanzwu47,ei2ws86d1webny8zgrmyw7s6i,J. Rochelt,Jannik Rochelt,27,Midfielder,Germany,Midfielder,47.0,78.0,7.0,117.0,2.0,10.0,3.0,2.0,1.0,0.0,9.0,9.0,18.0,5.0,1.0,0.0,444.0,1.0,5.0,5.0,5.0,6.0,8.0,0.0,0.0,0.0,0.0,77.48,36.84,25.81,55.56,33.33,41.86,40.0,100.0,0.6236573166496494,1.0503639444597188,1.0,9.0,0.2199247,4.0,17.0,20.0,0.9418273,51.0,9.527027027027026,15.81081081081081,1.4189189189189189,23.71621621621621,0.4054054054054054,2.0270270270270268,0.6081081081081081,0.4054054054054054,0.2027027027027027,0.0,1.8243243243243243,1.8243243243243243,3.6486486486486487,1.0135135135135134,0.2027027027027027,0.0,0.2027027027027027,1.0135135135135134,1.0135135135135134,1.0135135135135134,1.2162162162162162,1.6216216216216215,0.0,0.0,0.0,0.0,77.48,36.84,25.81,55.56,33.33,41.86,40.0,100.0,0.1264170236451992,0.2129116103634565,0.2027027027027027,1.8243243243243243,0.044579331081081,0.8108108108108107,3.4459459459459456,4.0540540540540535,0.1909109391891892,10.337837837837837,LM/LCM,72,61,94,56,56,89,33,28,44,22,50,50,39,78,67,11,33,22,39,67,83,100,39,56,56,56,44,44,44,67,33,22,56,94,56,100,33,56,44,61,100,89,100,67,78,33,89,56,56,89,22,22,44,22,44,44,11,67,67,11,22,22,22,44,67,100,39,56,56,56,44,44,44,67,33,22,56,94,56,100,22,33,33,44,89,89,100,67,2. Bundesliga
Energie Cottbus,9oqny7is99a388pcuflckc9fa,26nfmfc8p2doisd9p8vtd33dh,L. Bittencourt,Leonardo Bittencourt,32,Midfielder,Germany,Midfielder,97.0,182.0,13.0,273.0,3.0,10.0,7.0,3.0,4.0,2.0,4.0,4.0,28.0,6.0,0.0,8.0,432.0,0.0,11.0,12.0,3.0,5.0,6.0,2.0,0.0,0.0,0.0,81.98,37.14,54.55,75.0,0.0,52.83,60.0,50.0,0.5311199391849242,1.1459071382043746,2.0,26.0,0.5762360699999999,9.0,38.0,35.0,1.83848464,146.0,20.208333333333336,37.91666666666667,2.708333333333333,56.875,0.625,2.083333333333333,1.4583333333333337,0.625,0.8333333333333334,0.4166666666666667,0.8333333333333334,0.8333333333333334,5.833333333333334,1.25,0.0,1.6666666666666667,0.0,2.291666666666667,2.5,0.625,1.0416666666666667,1.25,0.4166666666666667,0.0,0.0,0.0,81.98,37.14,54.55,75.0,0.0,52.83,60.0,50.0,0.1106499873301925,0.238730653792578,0.4166666666666667,5.416666666666667,0.1200491812499999,1.875,7.916666666666667,7.291666666666667,0.3830176333333333,30.416666666666668,CM/AM,98,100,91,100,76,72,35,35,44,39,11,11,80,91,37,96,9,48,87,35,78,81,91,52,50,52,59,19,100,96,9,74,100,46,44,89,28,93,89,91,100,96,100,100,96,100,96,100,67,67,30,37,41,33,7,7,81,89,37,96,9,41,89,26,78,74,93,52,50,52,59,19,100,96,9,74,100,46,33,81,30,96,93,93,100,96,100,100,2. Bundesliga
Energie Cottbus,9oqny7is99a388pcuflckc9fa,2lcgxuccmasurysc8r1yi40lw,L. Erlein,Luca Erlein,19,Defender,Germany,Defender,129.0,124.0,17.0,252.0,3.0,3.0,3.0,2.0,1.0,0.0,5.0,5.0,16.0,24.0,1.0,5.0,495.0,1.0,5.0,2.0,2.0,6.0,1.0,1.0,0.0,0.0,0.0,83.44,38.64,25.0,40.0,33.33,48.48,42.86,66.67,0.2711355858850047,0.2011272907184109,1.0,12.0,0.24966521,7.0,19.0,28.0,0.40626966,147.0,23.454545454545453,22.545454545454547,3.090909090909091,45.81818181818182,0.5454545454545454,0.5454545454545454,0.5454545454545454,0.3636363636363636,0.1818181818181818,0.0,0.9090909090909092,0.9090909090909092,2.909090909090909,4.363636363636363,0.1818181818181818,0.9090909090909092,0.1818181818181818,0.9090909090909092,0.3636363636363636,0.3636363636363636,1.0909090909090908,0.1818181818181818,0.1818181818181818,0.0,0.0,0.0,83.44,38.64,25.0,40.0,33.33,48.48,42.86,66.67,0.049297379251819,0.0365685983124383,0.1818181818181818,2.1818181818181817,0.0453936745454545,1.2727272727272727,3.4545454545454546,5.090909090909091,0.0738672109090909,26.727272727272727,CB,25,91,66,59,9,75,59,56,72,33,91,89,34,48,91,36,58,58,36,80,81,95,92,44,52,52,22,22,94,59,59,25,19,53,50,72,70,97,97,98,72,97,47,53,12,88,56,47,6,69,62,64,72,33,91,91,19,28,84,28,52,56,34,81,75,97,86,44,52,52,22,22,94,59,59,25,19,53,53,72,66,91,94,97,62,88,25,41,2. Bundesliga
Energie Cottbus,9oqny7is99a388pcuflckc9fa,42sjindqvk1d8vukuifebhdd5,M. Hannemann,Moritz Hannemann,28,Attacker,Germany,Striker,12.0,35.0,0.0,46.0,4.0,6.0,5.0,4.0,1.0,1.0,12.0,12.0,20.0,1.0,0.0,0.0,299.0,2.0,20.0,7.0,5.0,2.0,1.0,1.0,0.0,0.0,0.0,64.79,0.0,20.0,41.67,40.0,37.04,44.44,50.0,0.4889727040434556,0.4494417612740407,2.0,3.0,0.10545033,0.0,3.0,7.0,0.2805463399999999,22.0,3.612040133779264,10.535117056856189,0.0,13.846153846153843,1.2040133779264213,1.806020066889632,1.5050167224080266,1.2040133779264213,0.3010033444816053,0.3010033444816053,3.612040133779264,3.612040133779264,6.020066889632107,0.3010033444816053,0.0,0.0,0.6020066889632106,6.020066889632107,2.1070234113712374,1.5050167224080266,0.6020066889632106,0.3010033444816053,0.3010033444816053,0.0,0.0,0.0,64.79,0.0,20.0,41.67,40.0,37.04,44.44,50.0,0.1471824192772943,0.1352834732931895,0.6020066889632106,0.903010033444816,0.0317409020066889,0.0,0.903010033444816,2.1070234113712374,0.0844453866220735,6.622073578595318,RW,33,33,22,33,50,72,11,11,28,11,56,56,44,22,28,17,28,44,67,28,50,39,78,56,56,56,33,22,44,11,67,11,56,44,11,67,39,33,44,17,33,44,22,56,22,44,22,33,78,78,11,22,33,11,78,78,78,22,28,17,33,78,78,56,56,44,89,56,56,56,33,22,44,11,67,11,56,44,11,56,44,33,33,17,33,33,22,33,2. Bundesliga
Energie Cottbus,9oqny7is99a388pcuflckc9fa,4ajp37qriye173bbam9rtjmne,H. Rorig,Henry Rorig,26,Defender,Germany,Defender,64.0,88.0,14.0,150.0,9.0,2.0,10.0,4.0,6.0,3.0,5.0,5.0,16.0,14.0,0.0,6.0,480.0,1.0,7.0,2.0,1.0,2.0,2.0,0.0,2.0,0.0,0.0,79.37,53.85,10.53,20.0,10.0,43.24,60.0,50.0,0.6558241939320585,0.1482342575398565,5.0,3.0,0.06725466,1.0,16.0,15.0,0.38863504,59.0,12.0,16.5,2.625,28.125,1.6875,0.375,1.875,0.75,1.125,0.5625,0.9375,0.9375,3.0,2.625,0.0,1.125,0.1875,1.3125,0.375,0.1875,0.375,0.375,0.0,0.375,0.0,0.0,79.37,53.85,10.53,20.0,10.0,43.24,60.0,50.0,0.1229670363622609,0.027793923288723,0.9375,0.5625,0.0126102487499999,0.1875,3.0,2.8125,0.07286907,11.0625,RB/RCB,44,73,92,62,85,33,100,90,98,96,63,62,44,62,42,73,58,67,29,31,17,62,38,100,52,52,50,77,50,21,42,19,73,23,96,38,96,40,46,33,58,44,31,42,31,54,81,42,81,35,96,92,96,96,46,42,19,42,42,69,58,62,23,38,15,62,38,100,52,52,50,77,50,21,42,19,73,23,100,35,92,46,46,31,48,31,23,23,2. Bundesliga
Energie Cottbus,9oqny7is99a388pcuflckc9fa,57fmc5cx71td15f6y12b8d3bo,L. Michelbrink,Lukas Michelbrink,21,Midfielder,Lithuania,Midfielder,89.0,102.0,9.0,191.0,1.0,6.0,7.0,4.0,3.0,2.0,3.0,3.0,14.0,10.0,1.0,6.0,506.0,3.0,9.0,3.0,1.0,7.0,0.0,1.0,0.0,0.0,0.0,86.04,42.86,0.0,33.33,42.86,36.84,14.29,77.78,0.5873305367737739,0.3421530967577457,2.0,13.0,0.28398463,3.0,23.0,17.0,0.4484777299999999,91.0,15.8300395256917,18.14229249011857,1.6007905138339922,33.97233201581028,0.1778656126482213,1.067193675889328,1.2450592885375495,0.7114624505928854,0.5335968379446641,0.3557312252964427,0.5335968379446641,0.5335968379446641,2.490118577075099,1.7786561264822136,0.1778656126482213,1.067193675889328,0.5335968379446641,1.6007905138339922,0.5335968379446641,0.1778656126482213,1.2450592885375495,0.0,0.1778656126482213,0.0,0.0,0.0,86.04,42.86,0.0,33.33,42.86,36.84,14.29,77.78,0.1044659057502759,0.0608572701743026,0.3557312252964427,2.312252964426877,0.0505111001976284,0.5335968379446641,4.090909090909091,3.023715415019763,0.0797687662055335,16.185770750988144,DM/CM,42,72,50,59,9,77,72,73,61,61,34,31,22,59,69,55,88,81,23,31,75,33,83,52,52,52,69,34,33,33,77,9,9,75,69,72,55,89,84,69,70,50,53,56,38,50,47,44,6,69,56,72,59,53,28,25,12,41,62,44,81,72,19,25,62,33,81,52,52,52,69,34,33,33,77,9,9,75,59,59,53,84,75,53,69,41,44,31,2. Bundesliga
Energie Cottbus,9oqny7is99a388pcuflckc9fa,5revw8iy1mhgi4jbb5nae2ind,C. Kinsombi,Christian Kinsombi,27,Midfielder,Germany,Midfielder,9.0,37.0,1.0,45.0,0.0,4.0,5.0,5.0,0.0,2.0,12.0,13.0,10.0,1.0,0.0,2.0,202.0,1.0,14.0,4.0,4.0,0.0,1.0,1.0,0.0,0.0,0.0,90.0,100.0,100.0,33.33,20.0,35.71,0.0,0.0,0.3433479740442559,0.3453424588855622,1.0,7.0,0.22186476,4.0,2.0,2.0,0.4097326599999999,17.0,4.00990099009901,16.485148514851485,0.4455445544554455,20.04950495049505,0.0,1.7821782178217822,2.227722772277228,2.227722772277228,0.0,0.8910891089108911,5.346534653465347,5.792079207920792,4.455445544554456,0.4455445544554455,0.0,0.8910891089108911,0.4455445544554455,6.237623762376238,1.7821782178217822,1.7821782178217822,0.0,0.4455445544554455,0.4455445544554455,0.0,0.0,0.0,90.0,100.0,100.0,33.33,20.0,35.71,0.0,0.0,0.1529768201187278,0.1538654519787158,0.4455445544554455,3.118811881188119,0.0988506356435643,1.7821782178217822,0.8910891089108911,0.8910891089108911,0.1825541554455445,7.574257425742574,LM/LCM,11,17,17,11,22,28,44,56,17,56,67,67,11,28,28,72,33,44,17,56,11,28,83,56,56,56,89,100,100,28,22,11,22,11,33,33,33,39,56,61,11,11,22,11,22,44,22,33,22,67,67,78,17,89,100,89,44,33,28,89,44,89,78,67,11,56,100,56,56,56,89,100,100,28,22,11,22,11,67,78,44,78,78,89,11,11,89,22,2. Bundesliga
Energie Cottbus,9oqny7is99a388pcuflckc9fa,5zlfbrphymfs7ixs6z26i2lsl,T. Ciğerci,Tolcay Cigerci,31,Midfielder,Türkiye,Midfielder,44.0,126.0,12.0,162.0,1.0,18.0,22.0,7.0,15.0,9.0,12.0,12.0,18.0,3.0,4.0,2.0,472.0,7.0,18.0,8.0,6.0,0.0,8.0,1.0,0.0,1.0,0.0,81.41,80.0,29.63,50.0,31.82,38.3,25.0,0.0,1.2422518815943375,1.691145316936818,7.0,27.0,0.7427341199999998,7.0,15.0,31.0,0.64297524,74.0,8.389830508474576,24.02542372881356,2.288135593220339,30.88983050847457,0.1906779661016949,3.4322033898305087,4.194915254237288,1.3347457627118644,2.860169491525424,1.7161016949152543,2.288135593220339,2.288135593220339,3.4322033898305087,0.5720338983050848,0.7627118644067796,0.3813559322033898,1.3347457627118644,3.4322033898305087,1.5254237288135593,1.1440677966101696,0.0,1.5254237288135593,0.1906779661016949,0.0,0.1906779661016949,0.0,81.41,80.0,29.63,50.0,31.82,38.3,25.0,0.0,0.2368700621684118,0.3224641494159186,1.3347457627118644,5.148305084745763,0.1416230313559321,1.3347457627118644,2.860169491525424,5.911016949152542,0.1226012110169491,14.110169491525424,CM/AM,57,70,85,63,41,96,96,78,98,100,70,70,43,63,96,31,89,83,69,69,9,91,61,52,100,52,48,81,65,59,48,22,50,9,89,96,89,96,96,80,50,87,56,59,44,67,85,52,37,93,93,74,100,93,59,56,26,59,96,19,89,74,56,63,9,81,52,52,100,52,48,81,65,59,48,22,50,9,74,93,74,93,96,67,33,78,44,48,2. Bundesliga
Energie Cottbus,9oqny7is99a388pcuflckc9fa,7b9473p0ben0elquj3wjq7q50,F. Doumbia,Fousseny Doumbia,21,Defender,Mali,Defender,88.0,56.0,4.0,144.0,4.0,1.0,3.0,2.0,1.0,1.0,2.0,2.0,8.0,12.0,0.0,5.0,216.0,0.0,2.0,3.0,0.0,1.0,0.0,0.0,0.0,0.0,0.0,86.75,36.36,0.0,0.0,0.0,33.33,57.14,100.0,0.2571410642039992,0.0819432593274653,1.0,6.0,0.13433001,4.0,11.0,8.0,0.2151557899999999,76.0,36.66666666666667,23.333333333333336,1.6666666666666667,60.0,1.6666666666666667,0.4166666666666667,1.25,0.8333333333333334,0.4166666666666667,0.4166666666666667,0.8333333333333334,0.8333333333333334,3.333333333333333,5.0,0.0,2.083333333333333,0.0,0.8333333333333334,1.25,0.0,0.4166666666666667,0.0,0.0,0.0,0.0,0.0,86.75,36.36,0.0,0.0,0.0,33.33,57.14,100.0,0.1071421100849996,0.0341430247197772,0.4166666666666667,2.5,0.0559708375,1.6666666666666667,4.583333333333334,3.333333333333333,0.0896482458333332,31.666666666666668,LB/LCB,61,30,23,55,55,20,57,57,45,57,25,25,11,48,45,55,21,20,39,12,7,11,39,46,52,52,79,36,11,12,21,7,64,98,50,14,54,54,46,70,39,18,11,50,96,86,50,96,82,25,82,93,61,75,41,34,18,89,45,89,21,39,66,12,18,11,39,46,52,52,79,36,11,12,21,7,64,98,79,21,71,82,75,93,82,36,25,93,2. Bundesliga
Energie Cottbus,9oqny7is99a388pcuflckc9fa,a1eb9qftpii46ao5c84vbzvqi,J. Butler,Justin Butler,25,Attacker,USA,Striker,11.0,40.0,2.0,50.0,3.0,3.0,9.0,6.0,3.0,2.0,17.0,17.0,20.0,4.0,3.0,0.0,321.0,5.0,11.0,4.0,8.0,2.0,1.0,1.0,0.0,0.0,0.0,76.92,66.67,7.69,47.06,55.56,40.0,50.0,40.0,0.8247869288941562,0.1901385776913735,2.0,7.0,0.21329262,2.0,0.0,2.0,0.13125602,11.0,3.08411214953271,11.214953271028037,0.5607476635514018,14.018691588785046,0.8411214953271028,0.8411214953271028,2.5233644859813085,1.6822429906542056,0.8411214953271028,0.5607476635514018,4.766355140186915,4.766355140186915,5.607476635514018,1.1214953271028036,0.8411214953271028,0.0,1.4018691588785046,3.08411214953271,1.1214953271028036,2.242990654205608,0.5607476635514018,0.2803738317757009,0.2803738317757009,0.0,0.0,0.0,76.92,66.67,7.69,47.06,55.56,40.0,50.0,40.0,0.2312486716525671,0.0533098815957121,0.5607476635514018,1.9626168224299063,0.0598016691588784,0.5607476635514018,0.0,0.5607476635514018,0.036800753271028,3.08411214953271,LW,17,25,25,17,42,12,50,50,54,46,62,58,50,79,75,12,58,17,42,62,33,42,58,50,50,50,33,79,33,62,88,50,71,25,67,17,25,25,25,21,8,12,17,8,8,25,33,8,67,8,75,67,92,67,83,83,83,83,92,12,92,25,58,67,25,50,67,50,50,50,33,79,33,62,88,50,71,25,83,17,25,33,25,17,8,8,17,8,2. Bundesliga
Energie Cottbus,9oqny7is99a388pcuflckc9fa,c6fcafjqn8xth1r5a47vt0c2c,K. Manu,King Manu,22,Defender,Germany,Defender,139.0,123.0,16.0,262.0,14.0,2.0,6.0,6.0,0.0,0.0,3.0,3.0,31.0,17.0,1.0,5.0,450.0,2.0,8.0,7.0,2.0,6.0,0.0,0.0,0.0,0.0,0.0,90.97,64.0,0.0,66.67,33.33,70.45,82.35,75.0,0.6731119262981577,0.1026225909338122,1.0,13.0,0.27743582,7.0,33.0,34.0,0.5466833799999999,191.0,27.8,24.6,3.2,52.4,2.8,0.4,1.2,1.2,0.0,0.0,0.6,0.6,6.2,3.4,0.2,1.0,0.4,1.6,1.4,0.4,1.2,0.0,0.0,0.0,0.0,0.0,90.97,64.0,0.0,66.67,33.33,70.45,82.35,75.0,0.1346223852596315,0.0205245181867624,0.2,2.6,0.055487164,1.4,6.6,6.8,0.109336676,38.2,CB,30,88,58,62,75,55,89,92,30,33,81,78,83,28,91,36,86,80,83,80,81,47,42,44,52,52,75,81,47,72,59,100,100,77,88,53,70,100,100,98,97,100,78,78,28,94,64,59,84,52,84,88,30,33,78,75,94,19,88,36,88,75,91,84,78,47,42,44,52,52,75,81,47,72,59,100,100,77,84,47,69,97,100,100,97,100,81,75,2. Bundesliga
Energie Cottbus,9oqny7is99a388pcuflckc9fa,ckyg1eh3rmfmwzp3cy2k4me39,A. Borgmann,Axel Borgmann,32,Defender,Germany,Defender,35.0,112.0,5.0,144.0,6.0,5.0,7.0,5.0,2.0,1.0,11.0,11.0,21.0,15.0,0.0,3.0,402.0,3.0,14.0,2.0,4.0,5.0,3.0,0.0,0.0,0.0,0.0,83.24,31.25,50.0,36.36,42.86,51.22,54.55,55.56,0.7136975970306902,0.330543352772798,2.0,12.0,0.3070992999999999,5.0,11.0,13.0,0.5048707000000001,71.0,7.835820895522388,25.07462686567164,1.1194029850746268,32.23880597014925,1.343283582089552,1.1194029850746268,1.5671641791044777,1.1194029850746268,0.4477611940298507,0.2238805970149253,2.462686567164179,2.462686567164179,4.701492537313433,3.3582089552238803,0.0,0.6716417910447761,0.6716417910447761,3.134328358208955,0.4477611940298507,0.8955223880597015,1.1194029850746268,0.6716417910447761,0.0,0.0,0.0,0.0,83.24,31.25,50.0,36.36,42.86,51.22,54.55,55.56,0.1597830441113485,0.0740022431580891,0.4477611940298507,2.686567164179104,0.0687535746268656,1.1194029850746268,2.462686567164179,2.9104477611940296,0.1130307537313433,15.8955223880597,LB/LCB,21,75,30,55,75,70,91,98,70,57,93,93,55,64,45,32,96,100,27,80,59,57,39,46,52,52,64,18,95,46,71,32,61,38,100,54,82,95,93,82,39,41,46,46,7,93,18,46,68,61,89,96,64,54,89,89,61,57,45,32,96,96,29,89,46,54,39,46,52,52,64,18,95,46,71,32,61,38,93,39,79,86,82,75,29,25,36,43,2. Bundesliga
Energie Cottbus,9oqny7is99a388pcuflckc9fa,dk8dkykpno2tl80wmurr05qp6,L. Copado,Lucas Copado,22,Attacker,Germany,Striker,30.0,46.0,4.0,76.0,2.0,4.0,9.0,6.0,3.0,4.0,10.0,11.0,9.0,1.0,1.0,0.0,405.0,5.0,18.0,5.0,3.0,0.0,0.0,1.0,0.0,0.0,0.0,77.55,44.44,0.0,30.0,55.56,25.0,28.57,0.0,0.7531910274581447,0.4148558472785715,4.0,8.0,0.30217643,3.0,4.0,6.0,0.3234967299999999,25.0,6.666666666666667,10.22222222222222,0.8888888888888888,16.88888888888889,0.4444444444444444,0.8888888888888888,2.0,1.3333333333333333,0.6666666666666666,0.8888888888888888,2.2222222222222223,2.4444444444444446,2.0,0.2222222222222222,0.2222222222222222,0.0,1.1111111111111112,4.0,1.1111111111111112,0.6666666666666666,0.0,0.0,0.2222222222222222,0.0,0.0,0.0,77.55,44.44,0.0,30.0,55.56,25.0,28.57,0.0,0.1673757838795877,0.092190188284127,0.8888888888888888,1.7777777777777777,0.0671503177777777,0.6666666666666666,0.8888888888888888,1.3333333333333333,0.0718881622222222,5.555555555555555,LW,50,33,58,42,21,33,50,50,54,83,29,29,12,29,54,12,58,58,54,25,8,17,58,50,50,50,42,42,17,25,88,8,17,8,58,33,50,33,42,38,29,25,33,33,42,17,58,33,25,17,58,58,58,83,25,25,8,33,58,12,83,50,50,25,8,17,58,50,50,50,42,42,17,25,88,8,17,8,50,25,58,25,33,25,33,25,25,33,2. Bundesliga
St. Pauli,85jtaw5dcxxx1yp8te6axh3p8,1igjz2w9dr9mj5f4ade5plsve,C. Metcalfe,Connor Metcalfe,26,Midfielder,Australia,Midfielder,12.0,52.0,6.0,59.0,2.0,6.0,8.0,2.0,6.0,1.0,7.0,8.0,14.0,6.0,0.0,3.0,259.0,3.0,3.0,2.0,4.0,4.0,5.0,0.0,0.0,0.0,0.0,75.64,54.55,35.71,57.14,37.5,58.33,0.0,66.67,0.513475180860311,0.7805454284801873,7.0,3.0,0.0719891,1.0,9.0,12.0,0.37540021,36.0,4.1698841698841695,18.06949806949807,2.0849420849420848,20.501930501930502,0.694980694980695,2.0849420849420848,2.77992277992278,0.694980694980695,2.0849420849420848,0.3474903474903475,2.4324324324324325,2.77992277992278,4.864864864864865,2.0849420849420848,0.0,1.0424710424710424,1.0424710424710424,1.0424710424710424,0.694980694980695,1.38996138996139,1.38996138996139,1.7374517374517375,0.0,0.0,0.0,0.0,75.64,54.55,35.71,57.14,37.5,58.33,0.0,66.67,0.1784276690248185,0.2712320021745824,2.4324324324324325,1.0424710424710424,0.0250155173745173,0.3474903474903475,3.1274131274131274,4.1698841698841695,0.1304479494208494,12.50965250965251,CM/AM,4,22,52,13,59,39,48,20,83,15,37,43,26,91,37,50,61,9,11,48,67,70,22,52,50,52,30,52,78,81,61,87,20,70,41,63,89,7,11,4,30,33,26,26,15,44,78,11,70,70,59,41,89,22,63,67,59,100,37,81,74,15,11,74,81,85,22,52,50,52,30,52,78,81,61,87,20,70,56,89,100,7,7,4,44,52,48,41,2. Bundesliga
St. Pauli,85jtaw5dcxxx1yp8te6axh3p8,277xa3ka9se9p5nzga0sunavp,B. Hrgota,Branimir Hrgota,33,Attacker,Sweden,Striker,23.0,54.0,4.0,72.0,0.0,7.0,8.0,1.0,7.0,3.0,13.0,15.0,16.0,1.0,0.0,0.0,305.0,4.0,8.0,4.0,5.0,3.0,5.0,1.0,0.0,0.0,0.0,67.92,57.14,21.74,38.46,50.0,40.0,0.0,42.86,0.4146485450737223,0.9421651630198684,6.0,12.0,0.3415579,3.0,10.0,13.0,0.4222615999999999,34.0,6.786885245901639,15.934426229508198,1.180327868852459,21.24590163934426,0.0,2.065573770491804,2.360655737704918,0.2950819672131147,2.065573770491804,0.8852459016393442,3.836065573770492,4.426229508196721,4.721311475409836,0.2950819672131147,0.0,0.0,1.180327868852459,2.360655737704918,1.180327868852459,1.475409836065574,0.8852459016393442,1.475409836065574,0.2950819672131147,0.0,0.0,0.0,67.92,57.14,21.74,38.46,50.0,40.0,0.0,42.86,0.1223553083824098,0.2780159497435677,1.7704918032786885,3.540983606557377,0.1007875770491803,0.8852459016393442,2.950819672131148,3.836065573770492,0.1246017836065573,10.0327868852459,ST,70,86,88,82,5,77,25,4,96,71,89,89,48,14,12,36,48,11,55,86,84,89,75,52,52,52,32,48,71,36,75,43,5,43,14,93,91,93,89,79,98,95,86,91,86,96,93,100,5,82,39,4,100,79,96,96,64,18,12,36,50,7,64,89,93,89,75,52,52,52,32,48,71,36,75,43,5,43,11,93,93,100,96,82,100,100,89,96,2. Bundesliga
St. Pauli,85jtaw5dcxxx1yp8te6axh3p8,2n808wa0h841cn8xi78n21v8q,T. Hara,Taichi Hara,27,Attacker,Japan,Striker,7.0,30.0,2.0,34.0,12.0,4.0,6.0,5.0,1.0,2.0,5.0,5.0,20.0,2.0,2.0,0.0,313.0,3.0,12.0,2.0,3.0,2.0,3.0,1.0,0.0,0.0,0.0,57.63,50.0,27.27,60.0,50.0,58.82,75.0,66.67,0.686884388029086,0.3519989465545184,1.0,3.0,0.07615281,2.0,6.0,5.0,0.28671976,19.0,2.012779552715655,8.626198083067093,0.5750798722044729,9.77635782747604,3.450479233226837,1.1501597444089458,1.7252396166134183,1.437699680511182,0.2875399361022364,0.5750798722044729,1.437699680511182,1.437699680511182,5.7507987220447285,0.5750798722044729,0.5750798722044729,0.0,0.8626198083067093,3.450479233226837,0.5750798722044729,0.8626198083067093,0.5750798722044729,0.8626198083067093,0.2875399361022364,0.0,0.0,0.0,57.63,50.0,27.27,60.0,50.0,58.82,75.0,66.67,0.1975066930435071,0.1012137546003407,0.2875399361022364,0.8626198083067093,0.0218969741214057,0.5750798722044729,1.7252396166134183,1.437699680511182,0.0824433814696485,5.463258785942492,ST,9,48,55,18,79,50,21,29,34,55,57,54,66,32,62,36,29,29,16,64,64,82,75,52,52,52,7,43,75,75,75,96,100,73,32,50,32,50,39,54,82,59,71,59,11,46,59,25,89,50,11,21,36,64,57,57,86,32,75,36,27,32,18,61,73,86,71,52,52,52,7,43,75,75,75,96,100,73,29,68,32,54,46,57,86,64,79,61,2. Bundesliga
St. Pauli,85jtaw5dcxxx1yp8te6axh3p8,3pzwmymhpa20k8i6760xg5puc,A. Ceesay,Abdoulie Ceesay,22,Attacker,Gambia,Striker,8.0,16.0,0.0,24.0,3.0,1.0,9.0,8.0,1.0,1.0,8.0,8.0,14.0,2.0,2.0,1.0,226.0,4.0,15.0,3.0,5.0,1.0,0.0,0.0,0.0,0.0,0.0,61.54,0.0,0.0,62.5,44.44,36.84,30.0,33.33,0.9939904578999552,0.0397755359003803,3.0,2.0,0.04013334,0.0,0.0,2.0,0.04015307,10.0,3.185840707964602,6.371681415929204,0.0,9.557522123893806,1.1946902654867255,0.3982300884955752,3.584070796460177,3.185840707964602,0.3982300884955752,0.3982300884955752,3.185840707964602,3.185840707964602,5.575221238938053,0.7964601769911505,0.7964601769911505,0.3982300884955752,1.592920353982301,5.9734513274336285,1.1946902654867255,1.991150442477876,0.3982300884955752,0.0,0.0,0.0,0.0,0.0,61.54,0.0,0.0,62.5,44.44,36.84,30.0,33.33,0.3958369080132565,0.0158398151815673,1.1946902654867255,0.7964601769911505,0.015982303539823,0.0,0.0,0.7964601769911505,0.015990160619469,3.982300884955752,ST,14,7,18,7,27,5,38,45,34,38,71,70,39,32,62,77,48,38,36,86,34,34,34,52,52,52,14,18,34,79,55,20,25,27,39,7,71,32,21,14,7,27,18,18,21,29,18,21,39,7,71,82,54,43,86,86,82,46,89,79,82,86,68,96,50,34,34,52,52,52,14,18,34,79,55,20,25,27,75,7,86,46,25,14,7,43,25,36,2. Bundesliga
St. Pauli,85jtaw5dcxxx1yp8te6axh3p8,3v695dpbm6bdgifkyhlie6kbu,J. Fujita,Joel Chima Fujita,24,Midfielder,Japan,Midfielder,37.0,65.0,3.0,102.0,2.0,3.0,2.0,0.0,2.0,0.0,3.0,4.0,10.0,4.0,1.0,4.0,318.0,1.0,2.0,1.0,2.0,3.0,0.0,0.0,0.0,0.0,0.0,76.12,30.0,0.0,66.67,50.0,40.0,50.0,60.0,0.0949592538890474,0.1844395682357326,2.0,6.0,0.21377949,2.0,14.0,14.0,0.23833384,45.0,10.471698113207548,18.39622641509434,0.8490566037735849,28.867924528301888,0.5660377358490566,0.8490566037735849,0.5660377358490566,0.0,0.5660377358490566,0.0,0.8490566037735849,1.1320754716981132,2.830188679245284,1.1320754716981132,0.2830188679245283,1.1320754716981132,0.2830188679245283,0.5660377358490566,0.2830188679245283,0.5660377358490566,0.8490566037735849,0.0,0.0,0.0,0.0,0.0,76.12,30.0,0.0,66.67,50.0,40.0,50.0,60.0,0.026875260534636,0.0521998778025658,0.5660377358490566,1.69811320754717,0.060503629245283,0.5660377358490566,3.962264150943396,3.962264150943396,0.0674529735849056,12.735849056603774,DM/CM,9,22,12,12,23,42,17,6,44,12,34,44,9,6,69,28,34,8,9,56,19,33,38,52,52,52,9,9,33,81,89,12,45,56,9,31,55,52,69,47,33,31,12,12,6,53,16,19,28,56,22,6,62,12,53,69,16,12,81,47,47,6,12,78,28,33,38,52,52,52,9,9,33,81,89,12,45,56,16,44,69,69,84,62,59,66,31,16,2. Bundesliga
St. Pauli,85jtaw5dcxxx1yp8te6axh3p8,7wsv4h6o1ps1vxxvs6dnt6az8,T. Andō,Tomoya Ando,27,Defender,Japan,Defender,100.0,113.0,6.0,213.0,8.0,0.0,3.0,3.0,0.0,1.0,0.0,0.0,18.0,16.0,0.0,6.0,381.0,2.0,8.0,7.0,0.0,2.0,0.0,0.0,0.0,0.0,0.0,87.65,30.0,0.0,0.0,66.67,58.06,72.73,50.0,0.4376298133634797,0.0,0.0,10.0,0.19961603,3.0,29.0,22.0,0.45261148,132.0,23.62204724409449,26.69291338582677,1.4173228346456692,50.31496062992126,1.889763779527559,0.0,0.7086614173228346,0.7086614173228346,0.0,0.2362204724409448,0.0,0.0,4.251968503937007,3.779527559055118,0.0,1.4173228346456692,0.4724409448818897,1.889763779527559,1.653543307086614,0.0,0.4724409448818897,0.0,0.0,0.0,0.0,0.0,87.65,30.0,0.0,0.0,66.67,58.06,72.73,50.0,0.1033771212669637,0.0,0.0,2.3622047244094486,0.0471533929133858,0.7086614173228346,6.850393700787402,5.196850393700787,0.1069160976377952,31.18110236220472,LB/LCB,64,82,38,75,88,7,57,79,18,57,7,7,50,71,45,66,86,80,86,12,20,11,39,46,52,52,89,14,11,12,95,64,89,25,79,7,18,84,64,48,89,66,39,82,71,100,36,89,89,7,50,82,18,57,7,7,36,75,45,71,86,79,71,12,21,11,39,46,52,52,89,14,11,12,95,64,89,25,75,7,18,79,64,46,100,71,32,89,2. Bundesliga
St. Pauli,85jtaw5dcxxx1yp8te6axh3p8,8bllf54c5zh74je3guhk6u3ca,D. Nemeth,David Nemeth,25,Defender,Austria,Defender,144.0,138.0,9.0,282.0,21.0,2.0,4.0,3.0,1.0,0.0,2.0,2.0,38.0,28.0,0.0,5.0,540.0,0.0,8.0,3.0,1.0,11.0,0.0,1.0,0.0,0.0,0.0,87.31,34.62,0.0,50.0,0.0,61.29,72.41,84.62,0.5115327741557756,0.0999951190240824,1.0,4.0,0.08077347,5.0,29.0,32.0,0.5566459399999999,174.0,24.0,23.0,1.5,47.0,3.5,0.3333333333333333,0.6666666666666666,0.5,0.1666666666666666,0.0,0.3333333333333333,0.3333333333333333,6.333333333333333,4.666666666666667,0.0,0.8333333333333334,0.0,1.3333333333333333,0.5,0.1666666666666666,1.8333333333333333,0.0,0.1666666666666666,0.0,0.0,0.0,87.31,34.62,0.0,50.0,0.0,61.29,72.41,84.62,0.0852554623592959,0.0166658531706803,0.1666666666666666,0.6666666666666666,0.013462245,0.8333333333333334,4.833333333333333,5.333333333333333,0.0927743233333333,29.0,RB/RCB,88,100,58,92,100,33,62,79,37,27,19,19,100,87,42,60,21,75,42,31,90,23,87,42,52,52,92,23,23,73,21,88,92,88,85,27,42,58,50,83,98,100,65,96,85,100,27,92,100,25,40,62,29,27,19,19,98,85,42,40,21,65,37,17,73,23,77,42,52,52,92,23,23,73,21,88,92,88,73,23,37,50,50,73,92,100,46,96,2. Bundesliga
St. Pauli,85jtaw5dcxxx1yp8te6axh3p8,8im7pgnph2au11blma5pewe09,M. Kaars,Martijn Kaars,27,Attacker,Netherlands,Striker,14.0,36.0,0.0,50.0,3.0,2.0,11.0,10.0,1.0,2.0,2.0,2.0,8.0,3.0,2.0,0.0,328.0,7.0,16.0,2.0,2.0,0.0,0.0,0.0,0.0,0.0,0.0,86.21,0.0,0.0,100.0,63.64,42.11,37.5,0.0,1.267270472318272,0.1867019628243147,1.0,5.0,0.20572379,0.0,0.0,1.0,0.050811,10.0,3.841463414634146,9.878048780487806,0.0,13.719512195121952,0.8231707317073171,0.5487804878048781,3.018292682926829,2.7439024390243905,0.274390243902439,0.5487804878048781,0.5487804878048781,0.5487804878048781,2.1951219512195124,0.8231707317073171,0.5487804878048781,0.0,1.920731707317073,4.390243902439025,0.5487804878048781,0.5487804878048781,0.0,0.0,0.0,0.0,0.0,0.0,86.21,0.0,0.0,100.0,63.64,42.11,37.5,0.0,0.3477266539897697,0.0512291971164278,0.274390243902439,1.3719512195121952,0.0564486009146341,0.0,0.0,0.274390243902439,0.0139420426829268,2.7439024390243905,ST,38,64,18,54,27,14,57,66,34,55,14,12,7,46,62,36,75,45,16,38,9,34,34,52,52,52,96,18,34,96,88,50,41,9,64,21,32,73,71,14,7,14,21,18,29,68,18,50,21,14,57,64,29,61,14,14,4,50,64,36,89,43,14,43,9,34,34,52,52,52,96,18,34,96,88,50,41,9,64,25,29,71,75,14,7,14,18,18,2. Bundesliga
St. Pauli,85jtaw5dcxxx1yp8te6axh3p8,8yiq2pl6mno23dgg2h7p2fcut,E. Smith,Eric Smith,29,Midfielder,Sweden,Midfielder,97.0,134.0,10.0,227.0,4.0,5.0,3.0,1.0,2.0,1.0,5.0,5.0,18.0,9.0,0.0,8.0,391.0,2.0,3.0,5.0,2.0,4.0,4.0,0.0,0.0,0.0,0.0,84.7,45.45,40.0,40.0,66.67,52.94,50.0,57.14,0.167223761880089,0.3814465721961854,1.0,15.0,0.34427962,4.0,31.0,14.0,0.4102356599999999,119.0,22.32736572890025,30.843989769820976,2.301790281329924,52.25063938618926,0.9207161125319694,1.1508951406649617,0.690537084398977,0.2301790281329923,0.4603580562659847,0.2301790281329923,1.1508951406649617,1.1508951406649617,4.143222506393863,2.071611253196932,0.0,1.8414322250639388,0.4603580562659847,0.690537084398977,1.1508951406649617,0.4603580562659847,0.9207161125319694,0.9207161125319694,0.0,0.0,0.0,0.0,84.7,45.45,40.0,40.0,66.67,52.94,50.0,57.14,0.0384914029903018,0.0878010012727792,0.2301790281329923,3.452685421994885,0.0792459483375959,0.9207161125319694,7.135549872122763,3.222506393861893,0.0944276455242966,27.39130434782609,CM/AM,98,81,81,96,85,26,7,9,15,15,20,20,43,100,37,96,44,9,41,20,67,57,22,52,50,52,93,33,85,33,100,78,89,56,4,19,11,70,63,33,96,43,30,93,100,93,89,96,89,22,4,4,15,15,26,19,33,96,37,100,44,4,33,19,67,63,22,52,50,52,93,33,85,33,100,78,89,56,4,19,11,70,70,30,93,33,30,96,2. Bundesliga
St. Pauli,85jtaw5dcxxx1yp8te6axh3p8,9z8zmq5mh3nzaxtvpf5ox3snp,M. Mathisen,Marcus Mathisen,30,Defender,Denmark,Defender,111.0,139.0,17.0,250.0,11.0,2.0,2.0,2.0,0.0,0.0,3.0,3.0,29.0,18.0,1.0,7.0,325.0,1.0,2.0,2.0,2.0,11.0,0.0,0.0,0.0,0.0,0.0,87.11,53.12,0.0,66.67,50.0,61.7,52.38,78.57,0.2876618616758278,0.2029103451396978,0.0,10.0,0.19876737,2.0,35.0,23.0,0.6041941500000001,207.0,30.73846153846154,38.49230769230769,4.707692307692308,69.23076923076923,3.046153846153846,0.5538461538461539,0.5538461538461539,0.5538461538461539,0.0,0.0,0.8307692307692307,0.8307692307692307,8.03076923076923,4.984615384615385,0.2769230769230769,1.9384615384615385,0.2769230769230769,0.5538461538461539,0.5538461538461539,0.5538461538461539,3.046153846153846,0.0,0.0,0.0,0.0,0.0,87.11,53.12,0.0,66.67,50.0,61.7,52.38,78.57,0.0796602078486907,0.0561905571156086,0.0,2.769230769230769,0.0550432716923076,0.5538461538461539,9.692307692307692,6.369230769230769,0.1673153030769231,57.323076923076925,CB,16,97,66,53,61,55,36,56,30,33,81,78,69,33,91,61,58,20,36,80,98,47,42,44,52,52,41,59,47,72,77,75,34,81,59,78,30,91,91,81,100,89,91,86,47,100,94,88,91,72,66,72,30,33,88,84,100,44,94,88,75,31,50,88,100,47,42,44,52,52,41,59,47,72,77,75,34,81,69,94,30,100,97,91,100,97,97,100,2. Bundesliga
St. Pauli,85jtaw5dcxxx1yp8te6axh3p8,eg5haueyvosx3euq9e0ogdj6y,L. Oppie,Louis Oppie,24,Defender,Germany,Defender,48.0,97.0,10.0,141.0,3.0,4.0,12.0,3.0,9.0,6.0,4.0,5.0,17.0,20.0,0.0,3.0,535.0,2.0,6.0,6.0,3.0,3.0,4.0,0.0,0.0,0.0,0.0,79.21,38.46,25.0,75.0,16.67,58.62,60.0,50.0,0.7089074821317286,0.5004015684458716,7.0,6.0,0.14493255,3.0,13.0,18.0,1.29712927,68.0,8.074766355140186,16.317757009345794,1.6822429906542056,23.7196261682243,0.5046728971962616,0.6728971962616822,2.0186915887850465,0.5046728971962616,1.514018691588785,1.0093457943925233,0.6728971962616822,0.8411214953271028,2.8598130841121496,3.364485981308411,0.0,0.5046728971962616,0.3364485981308411,1.0093457943925233,1.0093457943925233,0.5046728971962616,0.5046728971962616,0.6728971962616822,0.0,0.0,0.0,0.0,79.21,38.46,25.0,75.0,16.67,58.62,60.0,50.0,0.1192554642838421,0.0841797031030438,1.1775700934579438,1.0093457943925233,0.024381176635514,0.5046728971962616,2.186915887850468,3.02803738317757,0.2182086622429906,11.4392523364486,LB/LCB,32,64,79,48,41,57,100,79,100,100,52,57,46,84,45,32,86,68,77,62,36,70,39,46,52,52,29,46,55,86,46,68,68,25,96,68,100,54,54,48,55,57,96,39,11,43,54,18,21,36,96,61,100,100,32,39,14,61,45,21,75,54,61,46,25,57,39,46,52,52,29,46,55,86,46,68,68,25,82,43,100,36,36,36,18,29,89,11,2. Bundesliga
St. Pauli,85jtaw5dcxxx1yp8te6axh3p8,payije8nojdfrbkuq9hj2sph,M. Rasmussen,Mathias Rasmussen,28,Midfielder,Norway,Midfielder,73.0,154.0,9.0,222.0,5.0,6.0,7.0,3.0,4.0,3.0,6.0,7.0,42.0,4.0,0.0,5.0,519.0,0.0,6.0,12.0,5.0,15.0,5.0,0.0,0.0,0.0,0.0,82.22,37.5,50.0,83.33,0.0,64.62,45.45,75.0,0.4967513863488606,0.4673485769803168,3.0,13.0,0.2872599,6.0,27.0,28.0,0.9521185499999996,96.0,12.658959537572256,26.705202312138727,1.560693641618497,38.49710982658959,0.8670520231213873,1.0404624277456649,1.213872832369942,0.5202312138728323,0.6936416184971098,0.5202312138728323,1.0404624277456649,1.213872832369942,7.283236994219653,0.6936416184971098,0.0,0.8670520231213873,0.0,1.0404624277456649,2.0809248554913293,0.8670520231213873,2.601156069364162,0.8670520231213873,0.0,0.0,0.0,0.0,82.22,37.5,50.0,83.33,0.0,64.62,45.45,75.0,0.0861418589044267,0.081043105834737,0.5202312138728323,2.254335260115607,0.0498138554913294,1.0404624277456649,4.682080924855492,4.855491329479769,0.1651072630057802,16.647398843930635,CM/AM,89,89,74,93,89,39,35,35,44,57,28,33,100,78,37,81,9,22,87,59,100,70,22,52,50,52,67,22,94,100,9,100,74,85,37,30,44,63,56,69,91,70,85,70,74,81,59,81,81,15,19,19,30,48,19,22,93,67,37,63,9,11,78,52,96,56,22,52,50,52,67,22,94,100,9,100,74,85,19,11,37,41,37,41,78,63,63,59,2. Bundesliga
St. Pauli,85jtaw5dcxxx1yp8te6axh3p8,rvqiq9rz1ur11jb8skb7419m,A. Pyrka,Arkadiusz Pyrka,24,Defender,Poland,Defender,54.0,118.0,8.0,162.0,3.0,13.0,2.0,0.0,2.0,1.0,14.0,14.0,30.0,9.0,0.0,4.0,529.0,1.0,5.0,10.0,6.0,10.0,10.0,2.0,0.0,0.0,0.0,76.42,36.36,34.48,42.86,50.0,51.72,50.0,90.91,0.0911911429473567,1.242916855355058,2.0,4.0,0.1815027699999999,8.0,11.0,19.0,1.1507811800000003,80.0,9.187145557655954,20.07561436672968,1.3610586011342154,27.56143667296786,0.5103969754253308,2.2117202268431,0.3402646502835538,0.0,0.3402646502835538,0.1701323251417769,2.3818525519848768,2.3818525519848768,5.103969754253308,1.5311909262759924,0.0,0.6805293005671077,0.1701323251417769,0.8506616257088846,1.7013232514177692,1.0207939508506616,1.7013232514177692,1.7013232514177692,0.3402646502835538,0.0,0.0,0.0,76.42,36.36,34.48,42.86,50.0,51.72,50.0,90.91,0.0155145611819699,0.2114603345594616,0.3402646502835538,0.6805293005671077,0.0308794882797731,1.3610586011342154,1.8714555765595464,3.2325141776937616,0.1957850778827977,13.610586011342154,RB/RCB,27,92,44,73,31,100,29,13,62,65,100,98,81,38,42,44,58,54,94,100,83,100,100,42,52,52,23,31,88,62,83,42,54,92,19,100,65,58,85,98,38,56,96,65,8,88,23,38,15,100,19,13,50,62,92,88,69,19,42,31,42,42,88,92,65,100,100,42,52,52,23,31,88,62,83,42,54,92,15,100,60,54,73,90,27,38,92,42,2. Bundesliga
Hannover 96,5lidfwkteyu9dj9ysmdq2v4tk,103jq553ul3lhitmhmadbyg2d,B. Källman,Benjamin Källman,28,Attacker,Finland,Striker,10.0,30.0,1.0,39.0,4.0,6.0,5.0,4.0,1.0,0.0,6.0,7.0,10.0,4.0,0.0,0.0,247.0,2.0,19.0,2.0,3.0,0.0,1.0,0.0,0.0,0.0,0.0,81.25,100.0,50.0,50.0,40.0,35.71,40.0,0.0,0.4031863238832765,0.549611875463085,1.0,4.0,0.218614,2.0,3.0,2.0,0.22816138,13.0,3.643724696356276,10.931174089068826,0.3643724696356275,14.210526315789474,1.45748987854251,2.1862348178137654,1.8218623481781373,1.45748987854251,0.3643724696356275,0.0,2.1862348178137654,2.5506072874493926,3.643724696356276,1.45748987854251,0.0,0.0,0.728744939271255,6.923076923076923,0.728744939271255,1.0931174089068827,0.0,0.3643724696356275,0.0,0.0,0.0,0.0,81.25,100.0,50.0,50.0,40.0,35.71,40.0,0.0,0.1469099965566594,0.2002634364035532,0.3643724696356275,1.45748987854251,0.079656923076923,0.728744939271255,1.0931174089068827,0.728744939271255,0.0831357255060728,4.7368421052631575,ST,18,48,41,30,41,62,14,18,34,14,64,64,16,59,12,36,20,62,16,64,9,71,34,52,52,52,89,88,95,61,38,14,46,9,11,75,32,64,75,54,46,27,64,32,25,71,46,54,61,89,14,25,46,14,79,79,32,82,12,36,21,100,32,75,9,71,34,52,52,52,89,88,95,61,38,14,46,9,18,86,43,79,89,68,64,39,82,46,2. Bundesliga
Hannover 96,5lidfwkteyu9dj9ysmdq2v4tk,2vxt1arc33nnhp8bgcctut2ol,M. Neubauer,Maurice Neubauer,30,Defender,Germany,Defender,78.0,124.0,9.0,193.0,1.0,10.0,7.0,6.0,1.0,3.0,3.0,4.0,18.0,8.0,1.0,2.0,529.0,2.0,13.0,5.0,1.0,5.0,9.0,0.0,0.0,0.0,0.0,82.48,42.86,45.0,33.33,28.57,58.06,25.0,45.45,0.5377380951310748,0.9606234822875608,2.0,9.0,0.24478639,8.0,17.0,23.0,0.6728506,90.0,13.2703213610586,21.096408317580337,1.5311909262759924,32.83553875236294,0.1701323251417769,1.7013232514177692,1.1909262759924384,1.0207939508506616,0.1701323251417769,0.5103969754253308,0.5103969754253308,0.6805293005671077,3.062381852551985,1.3610586011342154,0.1701323251417769,0.3402646502835538,0.3402646502835538,2.2117202268431,0.8506616257088846,0.1701323251417769,0.8506616257088846,1.5311909262759924,0.0,0.0,0.0,0.0,82.48,42.86,45.0,33.33,28.57,58.06,25.0,45.45,0.0914866324419598,0.1634331066273733,0.3402646502835538,1.5311909262759924,0.0416460776937618,1.3610586011342154,2.892249527410208,3.913043478260869,0.1144736370510396,15.311909262759924,RB/RCB,69,96,58,77,8,96,92,100,37,96,29,44,50,31,90,23,85,98,75,31,54,96,38,42,52,52,65,52,96,40,62,77,12,15,92,96,65,92,100,98,62,77,73,73,38,96,31,62,4,96,81,100,38,88,27,35,27,15,88,15,81,85,62,31,46,92,38,42,52,52,65,52,96,40,62,77,12,15,81,88,60,81,81,90,38,54,62,50,2. Bundesliga
Hannover 96,5lidfwkteyu9dj9ysmdq2v4tk,3w2eolfcth7by81g83367y99m,L. Gindorf,Lars Gindorf,25,Midfielder,Germany,Midfielder,20.0,84.0,1.0,101.0,2.0,7.0,20.0,18.0,2.0,7.0,19.0,20.0,27.0,1.0,3.0,1.0,447.0,8.0,46.0,9.0,9.0,4.0,3.0,0.0,0.0,0.0,0.0,73.72,33.33,30.0,47.37,40.0,48.21,28.57,57.14,1.9055330334417004,0.5766962630553386,5.0,14.0,0.44731074,5.0,5.0,17.0,0.8908170299999999,49.0,4.026845637583892,16.91275167785235,0.2013422818791946,20.335570469798657,0.4026845637583892,1.4093959731543624,4.026845637583892,3.624161073825504,0.4026845637583892,1.4093959731543624,3.825503355704698,4.026845637583892,5.436241610738255,0.2013422818791946,0.6040268456375839,0.2013422818791946,1.610738255033557,9.261744966442953,1.812080536912752,1.812080536912752,0.8053691275167785,0.6040268456375839,0.0,0.0,0.0,0.0,73.72,33.33,30.0,47.37,40.0,48.21,28.57,57.14,0.3836643691493356,0.1161133415547661,1.006711409395973,2.8187919463087248,0.0900625651006711,1.006711409395973,1.006711409395973,3.4228187919463084,0.1793591335570469,9.865771812080537,LM/LCM,44,78,17,44,56,56,100,100,67,100,89,89,100,28,100,39,89,100,100,78,56,78,39,56,56,56,11,33,56,44,44,56,44,56,89,56,78,78,78,78,33,78,89,50,33,67,11,44,44,44,100,100,67,100,78,78,78,22,100,44,89,100,89,78,44,78,39,56,56,56,11,33,56,44,44,56,44,56,89,44,78,67,67,56,22,56,78,44,2. Bundesliga
Hannover 96,5lidfwkteyu9dj9ysmdq2v4tk,4v3o4yemj0frzgkxez1zg51w5,M. Hartel,Marcel Hartel,30,Midfielder,Germany,Midfielder,65.0,123.0,5.0,184.0,0.0,8.0,9.0,5.0,4.0,6.0,9.0,11.0,8.0,4.0,2.0,4.0,421.0,2.0,16.0,2.0,4.0,2.0,4.0,0.0,0.0,0.0,0.0,82.14,71.43,28.57,44.44,22.22,33.33,0.0,100.0,0.6201243289541596,0.7918403465897926,3.0,10.0,0.30606245,4.0,15.0,30.0,1.0608204700000003,107.0,13.895486935866982,26.29453681710213,1.0688836104513064,39.33491686460808,0.0,1.7102137767220902,1.9239904988123515,1.0688836104513064,0.8551068883610451,1.2826603325415675,1.9239904988123515,2.351543942992874,1.7102137767220902,0.8551068883610451,0.4275534441805225,0.8551068883610451,0.4275534441805225,3.4204275534441804,0.4275534441805225,0.8551068883610451,0.4275534441805225,0.8551068883610451,0.0,0.0,0.0,0.0,82.14,71.43,28.57,44.44,22.22,33.33,0.0,100.0,0.1325681463322431,0.1692770337127822,0.6413301662707838,2.137767220902613,0.0654290273159144,0.8551068883610451,3.20665083135392,6.413301662707839,0.2267787228028504,22.87410926365796,CM/AM,74,67,43,70,17,57,59,61,44,91,50,61,11,78,89,67,44,69,11,48,39,57,22,52,50,52,63,74,56,48,37,4,20,98,52,67,44,52,59,33,50,80,89,85,78,78,33,89,17,44,52,70,44,85,37,59,7,78,89,59,37,70,7,44,37,52,22,52,50,52,63,74,56,48,37,4,20,98,44,56,44,37,48,15,52,89,89,89,2. Bundesliga
Hannover 96,5lidfwkteyu9dj9ysmdq2v4tk,6nsvidy8m4m7u7umlo0fyfah,M. Bundu,Mustapha Bundu,29,Attacker,Sierra Leone,Striker,11.0,45.0,1.0,53.0,1.0,3.0,10.0,7.0,3.0,2.0,10.0,11.0,12.0,0.0,0.0,0.0,200.0,3.0,28.0,2.0,9.0,0.0,3.0,0.0,0.0,0.0,0.0,76.81,25.0,27.27,90.0,30.0,57.14,33.33,0.0,0.9071823472086656,0.3737288736105032,3.0,13.0,0.50349292,1.0,4.0,5.0,0.6749097700000001,16.0,4.95,20.25,0.4499999999999999,23.85,0.4499999999999999,1.35,4.5,3.15,1.35,0.8999999999999999,4.5,4.95,5.4,0.0,0.0,0.0,1.35,12.6,0.8999999999999999,4.05,0.0,1.35,0.0,0.0,0.0,0.0,76.81,25.0,27.27,90.0,30.0,57.14,33.33,0.0,0.4082320562438995,0.1681779931247264,1.35,5.85,0.2265718139999999,0.4499999999999999,1.7999999999999998,2.25,0.3037093965,7.199999999999999,RW,11,56,56,56,11,44,56,44,72,39,39,44,22,11,28,17,56,78,22,89,11,72,33,56,56,56,89,50,67,100,44,94,22,11,33,56,72,78,78,44,56,28,67,33,56,100,78,100,11,56,100,100,100,78,100,100,67,11,28,17,78,100,44,100,11,89,33,56,56,56,89,50,67,100,44,94,22,11,89,78,100,100,100,56,89,44,100,44,2. Bundesliga
Hannover 96,5lidfwkteyu9dj9ysmdq2v4tk,7omchctl0wvwc9o76cfqmzca,B. Allgeier,Bastian Allgeier,24,Defender,Germany,Defender,158.0,97.0,22.0,255.0,8.0,0.0,1.0,0.0,1.0,0.0,0.0,0.0,16.0,20.0,0.0,5.0,539.0,0.0,1.0,0.0,0.0,5.0,0.0,0.0,0.0,0.0,0.0,85.28,62.86,0.0,0.0,0.0,57.14,80.0,62.5,0.0661839009411071,0.0,1.0,5.0,0.10994487,0.0,24.0,30.0,0.5322381599999998,124.0,26.382189239332096,16.196660482374767,3.673469387755102,42.57884972170687,1.3358070500927643,0.0,0.1669758812615955,0.0,0.1669758812615955,0.0,0.0,0.0,2.6716141001855287,3.339517625231911,0.0,0.8348794063079777,0.0,0.1669758812615955,0.0,0.0,0.8348794063079777,0.0,0.0,0.0,0.0,0.0,85.28,62.86,0.0,0.0,0.0,57.14,80.0,62.5,0.0110511151849715,0.0,0.1669758812615955,0.8348794063079777,0.0183581415584415,0.0,4.007421150278293,5.009276437847866,0.08887093580705,20.70500927643785,RB/RCB,92,81,100,88,81,6,13,13,37,27,6,6,44,67,42,60,21,10,8,8,54,23,38,42,52,52,77,88,23,8,21,69,98,37,12,6,42,73,58,10,88,92,50,85,92,50,96,85,73,6,8,13,35,27,6,6,8,63,42,46,21,8,8,8,42,23,38,42,52,52,77,88,23,8,21,69,98,37,8,6,42,62,54,10,77,88,38,77,2. Bundesliga
Hannover 96,5lidfwkteyu9dj9ysmdq2v4tk,axd13jrtld0w44iypks2hl0x5,B. Tomiak,Boris Tomiak,28,Defender,Germany,Defender,189.0,91.0,9.0,280.0,12.0,4.0,2.0,2.0,0.0,0.0,7.0,7.0,31.0,24.0,0.0,13.0,485.0,1.0,3.0,7.0,4.0,3.0,0.0,0.0,0.0,0.0,0.0,90.32,45.0,0.0,57.14,50.0,58.49,66.67,33.33,0.2123480925805181,0.229283643682244,0.0,7.0,0.15813198,2.0,18.0,19.0,0.5009957699999996,170.0,35.072164948453604,16.88659793814433,1.670103092783505,51.95876288659793,2.22680412371134,0.7422680412371133,0.3711340206185566,0.3711340206185566,0.0,0.0,1.2989690721649485,1.2989690721649485,5.752577319587629,4.45360824742268,0.0,2.4123711340206184,0.1855670103092783,0.556701030927835,1.2989690721649485,0.7422680412371133,0.556701030927835,0.0,0.0,0.0,0.0,0.0,90.32,45.0,0.0,57.14,50.0,58.49,66.67,33.33,0.0394048006850445,0.0425474802709318,0.0,1.2989690721649485,0.0293440787628865,0.3711340206185566,3.34020618556701,3.525773195876289,0.0929682872164947,31.54639175257732,CB,66,72,27,72,66,88,36,56,30,33,97,95,83,48,41,100,58,39,83,97,34,47,42,44,52,52,72,34,47,66,77,59,95,19,44,88,30,83,84,81,61,67,72,70,62,69,19,56,56,91,38,69,30,33,94,94,81,34,41,100,56,34,84,94,31,47,42,44,52,52,72,34,47,66,77,59,95,19,41,84,30,78,84,78,59,50,62,56,2. Bundesliga
Hannover 96,5lidfwkteyu9dj9ysmdq2v4tk,cu795zfyv700xs983ulz09cr9,V. Ghiță,Virgil Ghita,28,Defender,Romania,Defender,152.0,52.0,13.0,204.0,9.0,1.0,0.0,0.0,0.0,0.0,1.0,1.0,19.0,19.0,0.0,3.0,308.0,0.0,0.0,0.0,0.0,3.0,0.0,0.0,0.0,0.0,0.0,89.08,65.0,0.0,0.0,0.0,52.78,56.25,30.0,0.0,0.0858657784463684,0.0,3.0,0.07202574,1.0,16.0,18.0,0.3787662899999999,131.0,44.41558441558442,15.194805194805197,3.798701298701298,59.61038961038961,2.62987012987013,0.2922077922077922,0.0,0.0,0.0,0.0,0.2922077922077922,0.2922077922077922,5.551948051948052,5.551948051948052,0.0,0.8766233766233766,0.0,0.0,0.0,0.0,0.8766233766233766,0.0,0.0,0.0,0.0,0.0,89.08,65.0,0.0,0.0,0.0,52.78,56.25,30.0,0.0,0.0250906495460167,0.0,0.8766233766233766,0.0210464824675324,0.2922077922077922,4.675324675324676,5.25974025974026,0.1106784613636363,38.27922077922078,CB,41,25,50,28,52,25,6,8,30,33,50,48,47,39,41,14,17,3,8,30,34,47,42,44,52,52,53,84,47,30,17,44,53,16,6,41,30,58,62,56,52,58,44,34,78,56,81,75,78,31,6,8,30,33,59,56,75,56,41,25,17,3,8,30,56,47,42,44,52,52,53,84,47,30,17,44,53,16,6,56,30,69,75,59,88,91,84,78,2. Bundesliga
Hannover 96,5lidfwkteyu9dj9ysmdq2v4tk,esdfxhm45wepgjjczsduid4a1,B. Pichler,Benedikt Pichler,29,Attacker,Austria,Striker,13.0,22.0,3.0,35.0,3.0,3.0,5.0,4.0,1.0,0.0,4.0,4.0,13.0,3.0,0.0,1.0,202.0,2.0,13.0,5.0,2.0,1.0,0.0,0.0,0.0,0.0,0.0,83.33,75.0,0.0,50.0,40.0,43.33,42.86,33.33,0.5655172929219336,0.2019109135394809,0.0,3.0,0.11239984,2.0,6.0,5.0,0.15890532,17.0,5.792079207920792,9.801980198019802,1.3366336633663367,15.594059405940596,1.3366336633663367,1.3366336633663367,2.227722772277228,1.7821782178217822,0.4455445544554455,0.0,1.7821782178217822,1.7821782178217822,5.792079207920792,1.3366336633663367,0.0,0.4455445544554455,0.8910891089108911,5.792079207920792,2.227722772277228,0.8910891089108911,0.4455445544554455,0.0,0.0,0.0,0.0,0.0,83.33,75.0,0.0,50.0,40.0,43.33,42.86,33.33,0.2519631503117526,0.08996030801264,0.0,1.3366336633663367,0.0500791366336633,0.8910891089108911,2.6732673267326734,2.227722772277228,0.0707994,7.574257425742574,ST,32,21,71,23,27,32,14,18,34,14,45,39,30,46,12,77,20,32,71,38,34,34,34,52,52,52,93,66,34,61,38,68,50,27,21,32,11,50,50,54,82,59,54,45,75,64,96,68,46,75,32,39,61,14,64,61,89,75,12,86,32,79,96,64,57,34,34,52,52,52,93,66,34,61,38,68,50,27,39,54,11,68,71,86,96,82,71,86,2. Bundesliga
Hannover 96,5lidfwkteyu9dj9ysmdq2v4tk,evqjfe6houcytpphsxecs7eg9,S. Þórðarson,Stefán Thórdarson,27,Midfielder,Iceland,Midfielder,95.0,49.0,14.0,143.0,3.0,6.0,6.0,3.0,3.0,0.0,1.0,1.0,11.0,9.0,1.0,3.0,402.0,3.0,5.0,5.0,1.0,2.0,1.0,0.0,0.0,0.0,0.0,83.14,63.64,50.0,100.0,50.0,47.83,33.33,100.0,0.4726864893704781,0.709925543808157,2.0,4.0,0.08843931,2.0,11.0,15.0,0.5116538699999998,65.0,21.268656716417908,10.970149253731345,3.134328358208955,32.014925373134325,0.6716417910447761,1.343283582089552,1.343283582089552,0.6716417910447761,0.6716417910447761,0.0,0.2238805970149253,0.2238805970149253,2.462686567164179,2.014925373134328,0.2238805970149253,0.6716417910447761,0.6716417910447761,1.1194029850746268,1.1194029850746268,0.2238805970149253,0.4477611940298507,0.2238805970149253,0.0,0.0,0.0,0.0,83.14,63.64,50.0,100.0,50.0,47.83,33.33,100.0,0.1058253334411518,0.1589385545839157,0.4477611940298507,0.8955223880597015,0.019799845522388,0.4477611940298507,2.462686567164179,3.3582089552238803,0.1145493738805969,14.552238805970148,DM/CM,58,14,72,30,36,77,56,61,61,12,11,11,14,55,69,14,88,34,50,31,11,75,38,52,52,52,38,84,89,98,89,31,27,95,50,91,55,34,28,47,17,39,72,22,72,6,81,28,34,81,59,62,66,12,9,9,9,56,72,16,97,41,56,38,9,81,38,52,52,52,38,84,89,98,89,31,27,95,62,94,59,38,31,47,19,47,81,25,2. Bundesliga
Hannover 96,5lidfwkteyu9dj9ysmdq2v4tk,f2ew09iry5vrew93i1gyg0ydw,K. Oudenne,Kolja Oudenne,24,Midfielder,Sweden,Midfielder,47.0,111.0,4.0,153.0,0.0,10.0,15.0,7.0,8.0,5.0,18.0,18.0,26.0,4.0,0.0,1.0,512.0,7.0,28.0,6.0,11.0,3.0,5.0,2.0,0.0,0.0,0.0,79.69,28.57,38.46,61.11,46.67,44.83,0.0,33.33,1.1339294933114346,0.7348071454468145,10.0,18.0,0.57219759,12.0,14.0,26.0,0.7450772500000001,68.0,8.26171875,19.51171875,0.703125,26.89453125,0.0,1.7578125,2.63671875,1.23046875,1.40625,0.87890625,3.1640625,3.1640625,4.5703125,0.703125,0.0,0.17578125,1.23046875,4.921875,1.0546875,1.93359375,0.52734375,0.87890625,0.3515625,0.0,0.0,0.0,79.69,28.57,38.46,61.11,46.67,44.83,0.0,33.33,0.1993235437461506,0.1291653185355728,1.7578125,3.1640625,0.1005816076171875,2.109375,2.4609375,4.5703125,0.1309706103515625,11.953125,LM/LCM,72,100,61,100,22,89,78,72,100,89,78,78,89,56,28,39,78,78,61,89,33,89,100,56,56,56,61,11,78,100,67,33,22,22,78,78,89,89,89,100,83,100,78,94,56,100,44,78,22,56,78,56,100,78,67,67,56,44,28,22,78,67,33,89,33,89,89,56,56,56,61,11,78,100,67,33,22,22,78,56,89,89,89,100,67,100,56,78,2. Bundesliga
Hannover 96,5lidfwkteyu9dj9ysmdq2v4tk,qooxolimrpdm50kl9woa6jje,W. Taïbi,Waniss Taïbi,24,Midfielder,France,Midfielder,72.0,140.0,8.0,212.0,1.0,6.0,4.0,3.0,1.0,2.0,10.0,10.0,21.0,1.0,0.0,5.0,436.0,1.0,14.0,4.0,7.0,7.0,0.0,0.0,0.0,0.0,0.0,86.18,80.0,0.0,70.0,25.0,58.33,33.33,77.78,0.3865900620727784,0.3100790129860624,1.0,19.0,0.41712092,5.0,27.0,31.0,0.8262307699999997,121.0,14.862385321100918,28.89908256880734,1.651376146788991,43.76146788990826,0.2064220183486238,1.2385321100917432,0.8256880733944955,0.6192660550458716,0.2064220183486238,0.4128440366972477,2.064220183486239,2.064220183486239,4.3348623853211015,0.2064220183486238,0.0,1.0321100917431194,0.2064220183486238,2.889908256880734,0.8256880733944955,1.444954128440367,1.444954128440367,0.0,0.0,0.0,0.0,0.0,86.18,80.0,0.0,70.0,25.0,58.33,33.33,77.78,0.0798007008865827,0.0640071357081321,0.2064220183486238,3.922018348623853,0.0861029422018348,1.0321100917431194,5.5733944954128445,6.39908256880734,0.1705522231651375,24.97706422018349,CM/AM,85,85,63,83,41,39,11,35,6,39,57,52,63,30,37,81,26,57,24,80,91,15,22,52,50,52,96,81,15,93,44,87,59,89,19,15,11,81,74,56,91,87,74,96,85,89,63,93,41,30,7,33,4,30,52,48,41,30,37,78,22,52,19,78,89,15,22,52,50,52,96,81,15,93,44,87,59,89,15,7,4,85,78,37,85,85,70,93,2. Bundesliga
Hertha BSC,f0w62l8zql3tukxsy8fqwp72x,1kst4u41rlyirggwoo1m8ovdh,J. Þorsteinsson,Jón Dagur Thorsteinsson,27,Attacker,Iceland,Striker,18.0,48.0,3.0,63.0,5.0,6.0,14.0,9.0,5.0,7.0,9.0,9.0,20.0,3.0,3.0,2.0,363.0,6.0,29.0,5.0,5.0,1.0,3.0,1.0,0.0,0.0,0.0,63.64,37.5,23.08,55.56,42.86,47.62,50.0,20.0,1.0434038349774568,0.6519190440198649,5.0,4.0,0.08623621,3.0,4.0,12.0,0.8910915399999999,33.0,4.462809917355372,11.900826446280991,0.7438016528925621,15.619834710743802,1.2396694214876034,1.487603305785124,3.471074380165289,2.231404958677686,1.2396694214876034,1.7355371900826446,2.231404958677686,2.231404958677686,4.958677685950414,0.7438016528925621,0.7438016528925621,0.4958677685950413,1.487603305785124,7.1900826446281,1.2396694214876034,1.2396694214876034,0.2479338842975206,0.7438016528925621,0.2479338842975206,0.0,0.0,0.0,63.64,37.5,23.08,55.56,42.86,47.62,50.0,20.0,0.2586951656968901,0.1616328208313714,1.2396694214876034,0.9917355371900828,0.0213808785123966,0.7438016528925621,0.9917355371900828,2.975206611570248,0.2209317867768594,8.181818181818182,RW,67,67,94,67,89,72,100,72,100,100,22,22,44,50,78,50,94,89,50,28,28,72,78,56,56,56,22,89,56,67,78,56,83,22,67,78,89,44,22,67,56,67,89,67,33,56,100,56,89,67,78,67,89,100,22,22,44,33,89,56,89,89,56,33,22,67,78,56,56,56,22,89,56,67,78,56,83,22,67,67,89,44,22,67,44,89,78,78,2. Bundesliga
Hertha BSC,f0w62l8zql3tukxsy8fqwp72x,42kmidg5d2k528c6wxoo71muh,N. Kolbe,Niklas Kolbe,29,Defender,Germany,Defender,170.0,80.0,18.0,249.0,15.0,4.0,1.0,1.0,0.0,0.0,2.0,2.0,35.0,31.0,0.0,9.0,540.0,1.0,2.0,11.0,2.0,4.0,1.0,0.0,0.0,0.0,0.0,87.37,58.06,100.0,100.0,100.0,68.63,53.57,50.0,0.1711249758777437,0.440259084723733,0.0,2.0,0.03301341,0.0,19.0,16.0,0.96136227,120.0,28.33333333333333,13.333333333333334,3.0,41.5,2.5,0.6666666666666666,0.1666666666666666,0.1666666666666666,0.0,0.0,0.3333333333333333,0.3333333333333333,5.833333333333333,5.166666666666667,0.0,1.5,0.1666666666666666,0.3333333333333333,1.8333333333333333,0.3333333333333333,0.6666666666666666,0.1666666666666666,0.0,0.0,0.0,0.0,87.37,58.06,100.0,100.0,100.0,68.63,53.57,50.0,0.0285208293129572,0.0733765141206221,0.0,0.3333333333333333,0.005502235,0.0,3.1666666666666665,2.6666666666666665,0.1602270449999999,20.0,CB,56,56,73,48,83,88,17,25,30,33,70,67,95,61,41,78,58,20,100,80,52,95,42,44,52,52,44,75,100,91,97,94,38,28,28,97,30,45,41,23,72,44,100,25,31,38,53,28,73,80,12,16,30,33,64,61,86,48,41,66,39,14,100,67,38,94,42,44,52,52,44,75,100,91,97,94,38,28,22,97,30,41,38,23,48,25,94,9,2. Bundesliga
Hertha BSC,f0w62l8zql3tukxsy8fqwp72x,5nqi00ylwluros9d7dh18lw8a,K. Sessa,Kevin Sessa,26,Midfielder,Germany,Midfielder,89.0,77.0,7.0,165.0,3.0,5.0,15.0,6.0,9.0,3.0,5.0,6.0,22.0,13.0,1.0,6.0,532.0,2.0,12.0,8.0,3.0,4.0,1.0,0.0,0.0,0.0,0.0,77.83,33.33,50.0,60.0,13.33,48.89,33.33,50.0,1.1979384103162996,0.2320683204429092,8.0,8.0,0.19390428,0.0,15.0,15.0,0.5122872499999999,73.0,15.056390977443607,13.026315789473683,1.1842105263157894,27.913533834586463,0.5075187969924811,0.8458646616541353,2.537593984962406,1.0150375939849623,1.5225563909774436,0.5075187969924811,0.8458646616541353,1.0150375939849623,3.721804511278195,2.199248120300752,0.169172932330827,1.0150375939849623,0.3383458646616541,2.0300751879699246,1.3533834586466165,0.5075187969924811,0.6766917293233082,0.169172932330827,0.0,0.0,0.0,0.0,77.83,33.33,50.0,60.0,13.33,48.89,33.33,50.0,0.2026587536249378,0.0392596782704169,1.3533834586466165,1.3533834586466165,0.0328033556390977,0.0,2.537593984962406,2.537593984962406,0.0866651362781954,12.349624060150376,DM/CM,42,38,41,39,36,67,100,94,100,80,61,70,44,69,69,55,62,94,81,75,27,75,38,52,52,52,12,12,89,73,25,41,27,30,100,41,100,69,62,11,39,39,75,28,28,16,28,12,25,53,100,88,100,78,50,53,28,59,53,41,53,88,72,72,12,66,38,52,52,52,12,12,89,73,25,41,27,30,100,34,100,56,56,11,22,25,56,12,2. Bundesliga
Hertha BSC,f0w62l8zql3tukxsy8fqwp72x,5uro3xukpb1lsnwepj06lgzit,D. Zeefuik,Deyovaisio Zeefuik,28,Defender,Suriname,Defender,24.0,27.0,1.0,50.0,5.0,2.0,2.0,0.0,2.0,0.0,2.0,2.0,16.0,5.0,1.0,7.0,207.0,1.0,3.0,4.0,2.0,3.0,1.0,0.0,0.0,0.0,0.0,86.21,100.0,25.0,100.0,50.0,64.0,71.43,50.0,0.6789892913017513,0.1571573930273579,1.0,2.0,0.05075401,0.0,4.0,9.0,0.2802155899999999,28.0,10.434782608695652,11.73913043478261,0.4347826086956522,21.73913043478261,2.173913043478261,0.8695652173913044,0.8695652173913044,0.0,0.8695652173913044,0.0,0.8695652173913044,0.8695652173913044,6.956521739130436,2.173913043478261,0.4347826086956522,3.0434782608695654,0.4347826086956522,1.3043478260869563,1.7391304347826089,0.8695652173913044,1.3043478260869563,0.4347826086956522,0.0,0.0,0.0,0.0,86.21,100.0,25.0,100.0,50.0,64.0,71.43,50.0,0.2952127353485875,0.0683293013162425,0.4347826086956522,0.8695652173913044,0.0220669608695652,0.0,1.7391304347826089,3.91304347826087,0.1218328652173912,12.173913043478262,LB/LCB,7,4,5,7,64,36,32,18,70,23,25,25,39,14,95,80,59,34,54,50,36,32,39,46,52,52,75,100,55,96,80,95,86,25,93,29,54,12,18,7,4,23,25,7,21,11,7,11,93,54,68,18,86,23,50,46,93,39,100,100,82,64,75,86,64,46,39,46,52,52,75,100,55,96,80,95,86,25,100,36,75,25,32,7,7,54,46,18,2. Bundesliga
Hertha BSC,f0w62l8zql3tukxsy8fqwp72x,602fyni27c129xjs9ziyn5as5,P. Seguin,Paul Seguin,31,Midfielder,Germany,Midfielder,93.0,99.0,13.0,192.0,6.0,5.0,0.0,0.0,0.0,0.0,1.0,1.0,11.0,6.0,0.0,3.0,410.0,0.0,3.0,1.0,0.0,1.0,0.0,0.0,0.0,0.0,0.0,85.71,61.9,0.0,0.0,0.0,42.31,75.0,25.0,0.0,0.3298350481577524,0.0,8.0,0.1567869,0.0,18.0,21.0,0.5013326399999999,97.0,20.414634146341463,21.731707317073173,2.853658536585366,42.14634146341464,1.3170731707317074,1.0975609756097562,0.0,0.0,0.0,0.0,0.2195121951219512,0.2195121951219512,2.414634146341464,1.3170731707317074,0.0,0.6585365853658537,0.0,0.6585365853658537,0.2195121951219512,0.0,0.2195121951219512,0.0,0.0,0.0,0.0,0.0,85.71,61.9,0.0,0.0,0.0,42.31,75.0,25.0,0.0,0.0724028154492627,0.0,1.7560975609756098,0.0344166365853658,0.0,3.951219512195122,4.609756097560976,0.1100486282926829,21.29268292682927,DM/CM,53,66,62,62,56,67,5,6,9,12,11,11,14,23,25,14,11,16,9,8,5,33,38,52,52,52,62,78,33,8,11,19,89,3,5,69,12,69,53,11,50,67,69,62,62,78,72,69,56,72,5,6,9,12,6,6,6,22,25,12,11,9,9,8,3,33,38,52,52,52,62,78,33,8,11,19,89,3,5,62,12,72,66,11,56,84,78,62,2. Bundesliga
Hertha BSC,f0w62l8zql3tukxsy8fqwp72x,6ytudq9mcboyfb9xx8ijalg4,O. Adewumi,Oluwaseun Adewumi,21,Attacker,Austria,Striker,15.0,29.0,0.0,43.0,3.0,1.0,10.0,8.0,2.0,3.0,10.0,10.0,26.0,3.0,3.0,3.0,250.0,5.0,13.0,10.0,6.0,3.0,1.0,0.0,0.0,0.0,0.0,74.14,0.0,33.33,60.0,50.0,53.06,25.0,42.86,1.1344681024497918,0.1853218788264482,1.0,2.0,0.08827744,1.0,4.0,8.0,0.3465475099999999,20.0,5.4,10.44,0.0,15.48,1.08,0.36,3.6,2.88,0.72,1.08,3.6,3.6,9.36,1.08,1.08,1.08,1.8,4.680000000000001,3.6,2.16,1.08,0.36,0.0,0.0,0.0,0.0,74.14,0.0,33.33,60.0,50.0,53.06,25.0,42.86,0.4084085168819251,0.0667158763775213,0.36,0.72,0.0317798784,0.36,1.44,2.88,0.1247571035999999,7.2,RW,56,22,22,22,22,11,56,56,56,72,39,33,78,50,78,72,72,22,89,56,67,39,33,56,56,56,78,22,83,78,89,78,11,33,89,22,11,22,33,44,56,56,33,44,89,33,22,44,67,11,89,89,67,89,67,67,100,67,100,100,100,44,100,89,89,56,33,56,56,56,78,22,83,78,89,78,11,33,100,44,22,22,44,33,56,78,56,56,2. Bundesliga
Hertha BSC,f0w62l8zql3tukxsy8fqwp72x,9ae74f9dlbqo92m4geu9v8c4q,L. Gechter,Linus Gechter,22,Defender,Germany,Defender,242.0,91.0,23.0,333.0,15.0,5.0,3.0,2.0,1.0,0.0,2.0,2.0,32.0,46.0,0.0,6.0,540.0,1.0,6.0,1.0,2.0,10.0,0.0,0.0,0.0,0.0,0.0,87.63,52.27,0.0,100.0,33.33,61.54,62.5,71.43,0.1812943165493294,0.2391677474847422,2.0,1.0,0.01685596,0.0,11.0,14.0,0.4503510499999999,207.0,40.333333333333336,15.166666666666666,3.8333333333333335,55.5,2.5,0.8333333333333334,0.5,0.3333333333333333,0.1666666666666666,0.0,0.3333333333333333,0.3333333333333333,5.333333333333333,7.666666666666667,0.0,1.0,0.1666666666666666,1.0,0.1666666666666666,0.3333333333333333,1.6666666666666667,0.0,0.0,0.0,0.0,0.0,87.63,52.27,0.0,100.0,33.33,61.54,62.5,71.43,0.0302157194248882,0.039861291247457,0.3333333333333333,0.1666666666666666,0.0028093266666666,0.0,1.8333333333333333,2.333333333333333,0.0750585083333333,34.5,CB,88,72,91,84,83,98,59,56,72,33,70,67,88,94,41,52,58,69,20,80,94,47,42,44,52,52,47,53,47,91,59,72,84,64,31,91,89,28,22,23,30,36,59,86,72,52,84,62,73,95,48,45,61,33,64,61,69,91,41,36,39,59,16,67,94,47,42,44,52,52,47,53,47,91,59,72,84,64,25,78,83,19,19,23,19,19,28,59,2. Bundesliga
Hertha BSC,f0w62l8zql3tukxsy8fqwp72x,d6jr00cgfoj4wd6aathyfbl04,S. Gouram,Soufian Gouram,20,Midfielder,Estonia,Midfielder,15.0,44.0,4.0,59.0,2.0,6.0,13.0,7.0,6.0,6.0,14.0,15.0,15.0,0.0,0.0,2.0,245.0,2.0,9.0,5.0,6.0,0.0,0.0,2.0,0.0,0.0,0.0,74.68,100.0,0.0,42.86,15.38,41.67,40.0,0.0,0.9619526839060653,0.5104493609603774,5.0,7.0,0.17081769,4.0,10.0,12.0,0.2944962499999999,22.0,5.5102040816326525,16.163265306122447,1.469387755102041,21.6734693877551,0.7346938775510203,2.204081632653061,4.775510204081632,2.571428571428571,2.204081632653061,2.204081632653061,5.142857142857142,5.5102040816326525,5.5102040816326525,0.0,0.0,0.7346938775510203,0.7346938775510203,3.3061224489795915,1.836734693877551,2.204081632653061,0.0,0.0,0.7346938775510203,0.0,0.0,0.0,74.68,100.0,0.0,42.86,15.38,41.67,40.0,0.0,0.3533703736797791,0.18751201014871,1.836734693877551,2.571428571428571,0.062749355510204,1.469387755102041,3.673469387755102,4.408163265306122,0.1081822959183673,8.081632653061224,CM/AM,17,13,35,13,59,39,80,78,83,91,81,81,31,13,37,31,44,41,41,69,9,15,91,52,50,52,19,96,15,41,26,30,63,9,70,33,69,24,26,33,35,33,15,7,22,19,52,26,74,78,100,85,93,100,96,96,74,13,37,48,65,63,63,93,9,15,100,52,50,52,19,96,15,41,26,30,63,9,93,63,96,56,44,74,70,56,37,15,2. Bundesliga
Hertha BSC,f0w62l8zql3tukxsy8fqwp72x,dagqmnyits33v1tnw02w3mk4q,J. Eitschberger,Julian Eitschberger,22,Defender,Germany,Defender,58.0,77.0,10.0,131.0,3.0,4.0,3.0,0.0,3.0,2.0,13.0,13.0,35.0,24.0,0.0,5.0,513.0,1.0,2.0,12.0,5.0,11.0,4.0,0.0,1.0,0.0,0.0,77.98,47.62,26.67,38.46,33.33,54.69,27.27,73.33,0.1799701699292075,0.5468721914859738,3.0,2.0,0.04146581,5.0,19.0,23.0,1.0138450199999998,70.0,10.175438596491228,13.508771929824562,1.7543859649122806,22.98245614035088,0.5263157894736842,0.7017543859649122,0.5263157894736842,0.0,0.5263157894736842,0.3508771929824561,2.280701754385965,2.280701754385965,6.140350877192982,4.2105263157894735,0.0,0.8771929824561403,0.175438596491228,0.3508771929824561,2.1052631578947367,0.8771929824561403,1.9298245614035088,0.7017543859649122,0.0,0.175438596491228,0.0,0.0,77.98,47.62,26.67,38.46,33.33,54.69,27.27,73.33,0.0315737140226679,0.0959424897343813,0.5263157894736842,0.3508771929824561,0.0072747035087719,0.8771929824561403,3.333333333333333,4.035087719298246,0.177867547368421,12.280701754385964,RB/RCB,31,58,73,46,31,73,42,13,83,85,94,92,92,81,42,60,58,19,100,90,90,81,38,90,52,52,38,62,81,52,67,62,15,54,42,81,83,25,31,83,67,77,92,52,23,35,50,15,19,54,35,13,77,81,88,85,92,73,42,54,46,15,100,85,81,73,38,92,52,52,38,62,81,52,67,62,15,54,23,69,77,15,15,77,62,62,88,31,2. Bundesliga
Hertha BSC,f0w62l8zql3tukxsy8fqwp72x,dn8qd3thtswisleeesyk0oxrd,S. Grønning,Sebastian Grønning,29,Attacker,Denmark,Striker,12.0,30.0,1.0,42.0,13.0,3.0,13.0,13.0,0.0,1.0,1.0,1.0,20.0,7.0,2.0,0.0,370.0,4.0,19.0,4.0,0.0,2.0,0.0,0.0,0.0,0.0,0.0,68.85,100.0,0.0,0.0,30.77,42.55,44.83,66.67,2.2123939616712507,0.2174572516724227,1.0,1.0,0.02385149,0.0,2.0,1.0,0.02626823,17.0,2.91891891891892,7.297297297297298,0.2432432432432432,10.216216216216218,3.1621621621621623,0.7297297297297298,3.1621621621621623,3.1621621621621623,0.0,0.2432432432432432,0.2432432432432432,0.2432432432432432,4.864864864864865,1.7027027027027029,0.4864864864864865,0.0,0.972972972972973,4.621621621621622,0.972972972972973,0.0,0.4864864864864865,0.0,0.0,0.0,0.0,0.0,68.85,100.0,0.0,0.0,30.77,42.55,44.83,66.67,0.5381498825686827,0.0528950071635622,0.2432432432432432,0.2432432432432432,0.0058017137837837,0.0,0.4864864864864865,0.2432432432432432,0.0063895694594594,4.135135135135136,ST,25,48,41,38,82,32,70,80,7,38,5,4,66,95,62,36,48,62,55,7,64,34,34,52,52,52,36,88,34,7,18,54,57,73,89,36,32,16,14,14,29,14,7,45,14,39,36,29,86,21,64,79,7,36,7,4,68,89,61,36,36,46,50,7,61,34,34,52,52,52,36,88,34,7,18,54,57,73,93,29,25,11,11,14,25,11,11,39,2. Bundesliga
Hertha BSC,f0w62l8zql3tukxsy8fqwp72x,ec04djw7dspowrm7h7wr6e5ed,J. Brekalo,Josip Brekalo,28,Attacker,Croatia,Striker,64.0,118.0,11.0,171.0,4.0,22.0,11.0,7.0,4.0,3.0,27.0,27.0,29.0,3.0,4.0,1.0,536.0,6.0,33.0,6.0,15.0,4.0,11.0,3.0,0.0,0.0,0.0,77.73,47.83,30.56,55.56,54.55,43.94,57.14,100.0,1.2822219654385316,2.055865292708759,6.0,26.0,0.6723102499999999,10.0,17.0,24.0,1.36998971,68.0,10.746268656716415,19.81343283582089,1.8470149253731345,28.712686567164177,0.6716417910447761,3.694029850746269,1.8470149253731345,1.1753731343283582,0.6716417910447761,0.503731343283582,4.533582089552239,4.533582089552239,4.869402985074626,0.503731343283582,0.6716417910447761,0.167910447761194,1.007462686567164,5.541044776119403,1.007462686567164,2.5186567164179103,0.6716417910447761,1.8470149253731345,0.503731343283582,0.0,0.0,0.0,77.73,47.83,30.56,55.56,54.55,43.94,57.14,100.0,0.2152984643460221,0.3452012618354259,1.007462686567164,4.365671641791045,0.1128879151119402,1.67910447761194,2.8544776119402986,4.029850746268656,0.2300355856343283,11.417910447761194,LW,83,100,75,100,75,96,83,71,83,67,92,92,75,62,92,38,83,83,71,79,71,100,83,50,50,50,50,58,92,75,67,67,92,92,83,92,88,88,67,96,92,83,92,92,75,92,75,75,50,92,50,33,67,50,75,75,50,58,83,25,50,75,42,75,50,100,83,50,50,50,50,58,92,75,67,67,92,92,75,92,75,67,58,83,92,83,83,92,2. Bundesliga
Hertha BSC,f0w62l8zql3tukxsy8fqwp72x,egmcpa7j5clzga5m0zvg2f105,M. Pedersen,Mads Pedersen,30,Defender,Denmark,Defender,33.0,53.0,7.0,83.0,0.0,10.0,5.0,2.0,3.0,2.0,3.0,4.0,2.0,4.0,0.0,1.0,339.0,0.0,10.0,0.0,1.0,1.0,3.0,2.0,0.0,0.0,0.0,81.37,63.64,15.79,33.33,0.0,16.67,0.0,100.0,0.3856674295589203,0.8266593867040397,2.0,12.0,0.2743466,4.0,9.0,13.0,0.68508185,44.0,8.761061946902656,14.070796460176991,1.8584070796460177,22.035398230088497,0.0,2.6548672566371683,1.327433628318584,0.5309734513274337,0.7964601769911505,0.5309734513274337,0.7964601769911505,1.0619469026548674,0.5309734513274337,1.0619469026548674,0.0,0.2654867256637168,0.0,2.6548672566371683,0.0,0.2654867256637168,0.2654867256637168,0.7964601769911505,0.5309734513274337,0.0,0.0,0.0,81.37,63.64,15.79,33.33,0.0,16.67,0.0,100.0,0.1023895830687399,0.2194670938152317,0.5309734513274337,3.185840707964602,0.0728353805309734,1.0619469026548674,2.3893805309734515,3.4513274336283186,0.1818801371681415,11.68141592920354,LB/LCB,16,25,50,25,5,93,79,57,86,82,39,48,4,11,45,9,21,88,7,34,7,57,96,46,52,52,54,93,32,38,21,4,7,98,75,89,82,95,89,70,21,41,68,25,14,25,61,14,5,96,86,64,82,86,36,50,4,11,45,7,21,93,7,29,4,64,96,46,52,52,54,93,32,38,21,4,7,98,71,93,82,96,89,68,25,39,71,14,2. Bundesliga
Karlsruher SC,aojwbjr39s1w2mcd9l2bf2dhk,18oyd3rz9q0jijtdzpl582ns9,C. Kobald,Christoph Kobald,29,Defender,Austria,Defender,151.0,62.0,10.0,213.0,4.0,1.0,3.0,1.0,2.0,0.0,2.0,5.0,16.0,33.0,0.0,8.0,512.0,2.0,4.0,3.0,2.0,5.0,0.0,0.0,1.0,0.0,0.0,88.75,40.0,0.0,100.0,66.67,45.71,36.36,71.43,0.2113861428829805,0.0657621666582813,2.0,2.0,0.04101768,1.0,7.0,13.0,0.24108403,129.0,26.54296875,10.8984375,1.7578125,37.44140625,0.703125,0.17578125,0.52734375,0.17578125,0.3515625,0.0,0.3515625,0.87890625,2.8125,5.80078125,0.0,1.40625,0.3515625,0.703125,0.52734375,0.3515625,0.87890625,0.0,0.0,0.17578125,0.0,0.0,88.75,40.0,0.0,100.0,66.67,45.71,36.36,71.43,0.0371577204286489,0.011559755857901,0.3515625,0.3515625,0.0072101390625,0.17578125,1.23046875,2.28515625,0.0423780521484375,22.67578125,CB,38,36,34,31,14,25,59,25,88,33,70,89,34,69,41,70,86,52,56,80,67,47,42,94,52,52,50,25,47,91,88,9,12,64,41,31,89,45,50,56,14,30,6,31,19,19,25,12,12,19,59,22,88,33,72,88,16,59,41,62,84,50,47,78,59,47,42,97,52,52,50,25,47,91,88,9,12,64,38,28,91,44,44,50,9,16,9,22,2. Bundesliga
Karlsruher SC,aojwbjr39s1w2mcd9l2bf2dhk,32yloi4j3lfxlxkj2bkbh1gd0,N. Eichinger,Noel Eichinger,25,Attacker,Germany,Striker,24.0,50.0,3.0,73.0,4.0,10.0,4.0,4.0,0.0,2.0,10.0,11.0,21.0,3.0,0.0,1.0,339.0,0.0,11.0,5.0,4.0,5.0,1.0,0.0,0.0,0.0,0.0,67.59,37.5,14.29,40.0,0.0,42.86,40.0,62.5,0.3350651334871117,0.959737332599277,2.0,10.0,0.26141103,3.0,4.0,11.0,0.7510296499999999,38.0,6.371681415929204,13.27433628318584,0.7964601769911505,19.38053097345133,1.0619469026548674,2.6548672566371683,1.0619469026548674,1.0619469026548674,0.0,0.5309734513274337,2.6548672566371683,2.920353982300885,5.575221238938053,0.7964601769911505,0.0,0.2654867256637168,0.0,2.920353982300885,1.327433628318584,1.0619469026548674,1.327433628318584,0.2654867256637168,0.0,0.0,0.0,0.0,67.59,37.5,14.29,40.0,0.0,42.86,40.0,62.5,0.0889553451735694,0.2547975219290115,0.5309734513274337,2.6548672566371683,0.0694011584070796,0.7964601769911505,1.0619469026548674,2.920353982300885,0.1993884026548672,10.08849557522124,LW,25,42,42,33,75,58,12,21,12,46,29,29,58,62,25,38,12,17,54,33,92,42,21,50,50,50,8,25,50,33,12,58,46,42,17,75,25,42,33,38,29,58,58,58,33,50,42,50,83,75,8,25,12,58,33,33,75,75,25,50,12,17,75,33,92,42,21,50,50,50,8,25,50,33,12,58,46,42,17,75,17,50,42,58,42,75,67,75,2. Bundesliga
Karlsruher SC,aojwbjr39s1w2mcd9l2bf2dhk,4749x4vbxm1b56hbm27cy9o7p,M. Wanitzek,Marvin Wanitzek,33,Midfielder,Germany,Midfielder,71.0,162.0,13.0,219.0,6.0,26.0,21.0,6.0,15.0,7.0,12.0,12.0,28.0,3.0,1.0,4.0,540.0,8.0,24.0,13.0,3.0,3.0,14.0,2.0,0.0,0.0,0.0,75.26,46.43,29.17,25.0,38.1,50.91,50.0,50.0,1.4345918254592112,2.7597111282911104,9.0,21.0,0.57707409,9.0,17.0,30.0,1.23779023,104.0,11.833333333333334,27.0,2.1666666666666665,36.5,1.0,4.333333333333333,3.5,1.0,2.5,1.1666666666666667,2.0,2.0,4.666666666666667,0.5,0.1666666666666666,0.6666666666666666,1.3333333333333333,4.0,2.1666666666666665,0.5,0.5,2.333333333333333,0.3333333333333333,0.0,0.0,0.0,75.26,46.43,29.17,25.0,38.1,50.91,50.0,50.0,0.2390986375765351,0.459951854715185,1.5,3.5,0.0961790149999999,1.5,2.833333333333333,5.0,0.2062983716666666,17.333333333333332,CM/AM,81,93,91,89,93,100,93,69,98,96,70,70,80,63,78,67,96,96,93,35,56,100,91,52,50,52,26,37,59,9,67,70,89,46,93,100,100,87,93,91,63,80,93,81,67,85,81,74,93,100,78,59,96,81,44,41,52,52,74,37,85,85,85,22,41,100,70,52,50,52,26,37,59,9,67,70,89,46,78,100,85,74,81,78,30,70,85,67,2. Bundesliga
Karlsruher SC,aojwbjr39s1w2mcd9l2bf2dhk,61tl76nxelzp9mn608h9gji1g,S. Fukuda,Shio Fukuda,22,Attacker,Japan,Striker,7.0,20.0,1.0,27.0,2.0,4.0,9.0,8.0,1.0,3.0,3.0,5.0,14.0,1.0,2.0,0.0,315.0,4.0,10.0,5.0,2.0,3.0,0.0,0.0,0.0,0.0,0.0,75.0,100.0,0.0,66.67,44.44,38.89,18.18,60.0,1.1974102180382589,0.4131669986414965,0.0,2.0,0.07022652,2.0,2.0,0.0,0.1284309599999999,11.0,2.0,5.714285714285714,0.2857142857142857,7.714285714285714,0.5714285714285714,1.1428571428571428,2.571428571428572,2.2857142857142856,0.2857142857142857,0.8571428571428571,0.8571428571428571,1.4285714285714286,4.0,0.2857142857142857,0.5714285714285714,0.0,1.1428571428571428,2.857142857142857,1.4285714285714286,0.5714285714285714,0.8571428571428571,0.0,0.0,0.0,0.0,0.0,75.0,100.0,0.0,66.67,44.44,38.89,18.18,60.0,0.3421172051537882,0.1180477138975704,0.0,0.5714285714285714,0.02006472,0.5714285714285714,0.5714285714285714,0.0,0.0366945599999999,3.142857142857143,ST,9,18,41,11,14,50,38,45,34,71,29,54,39,14,62,36,48,18,71,38,84,34,34,52,52,52,70,88,34,82,55,32,11,68,57,57,11,32,36,54,29,5,39,25,7,18,39,7,14,46,46,50,32,75,32,54,43,11,71,36,43,14,82,46,89,34,34,52,52,52,70,88,34,82,55,32,11,68,61,79,11,36,39,54,32,5,46,21,2. Bundesliga
Karlsruher SC,aojwbjr39s1w2mcd9l2bf2dhk,7ljltttfi77o87y9e8me9vzf8,K. Wiethaup,Kevin Wiethaup,21,Midfielder,Germany,Midfielder,39.0,53.0,2.0,91.0,1.0,1.0,5.0,1.0,4.0,2.0,7.0,7.0,8.0,2.0,0.0,0.0,224.0,0.0,2.0,2.0,2.0,2.0,1.0,0.0,0.0,0.0,0.0,84.26,100.0,50.0,28.57,0.0,36.36,50.0,66.67,0.3339137879622326,0.0496179568748637,3.0,8.0,0.16649278,4.0,8.0,8.0,0.36134101,49.0,15.669642857142858,21.294642857142858,0.8035714285714286,36.5625,0.4017857142857143,0.4017857142857143,2.008928571428571,0.4017857142857143,1.6071428571428572,0.8035714285714286,2.8125,2.8125,3.2142857142857144,0.8035714285714286,0.0,0.0,0.0,0.8035714285714286,0.8035714285714286,0.8035714285714286,0.8035714285714286,0.4017857142857143,0.0,0.0,0.0,0.0,84.26,100.0,50.0,28.57,0.0,36.36,50.0,66.67,0.1341617898062541,0.0199357862443648,1.2053571428571428,3.2142857142857144,0.0668944205357142,1.6071428571428572,3.2142857142857144,3.2142857142857144,0.1451816558035714,19.6875,CM/AM,48,26,17,33,41,4,15,9,44,39,37,33,11,44,37,9,9,4,11,20,39,37,22,52,50,52,85,96,94,17,9,15,89,70,15,4,44,37,22,33,24,17,22,39,89,56,22,78,48,4,56,11,78,67,72,72,19,74,37,9,9,7,15,39,56,44,22,52,50,52,85,96,94,17,9,15,89,70,48,4,65,67,56,83,56,30,56,80,2. Bundesliga
Karlsruher SC,aojwbjr39s1w2mcd9l2bf2dhk,80nniieqtuwjhomwjcebnxyzu,L. Egloff,Lilian Egloff,24,Midfielder,Germany,Midfielder,33.0,44.0,1.0,77.0,2.0,4.0,10.0,8.0,2.0,3.0,6.0,6.0,20.0,1.0,0.0,2.0,238.0,2.0,14.0,5.0,3.0,7.0,0.0,1.0,0.0,0.0,0.0,74.04,12.5,0.0,50.0,20.0,64.52,0.0,70.0,0.8611268803553832,0.4354562263691723,1.0,4.0,0.10125091,3.0,4.0,7.0,0.24279183,31.0,12.478991596638656,16.638655462184875,0.3781512605042016,29.11764705882353,0.7563025210084033,1.512605042016807,3.7815126050420167,3.0252100840336134,0.7563025210084033,1.134453781512605,2.26890756302521,2.26890756302521,7.563025210084033,0.3781512605042016,0.0,0.7563025210084033,0.7563025210084033,5.294117647058823,1.8907563025210083,1.134453781512605,2.647058823529412,0.0,0.3781512605042016,0.0,0.0,0.0,74.04,12.5,0.0,50.0,20.0,64.52,0.0,70.0,0.325636215260439,0.1646683208959055,0.3781512605042016,1.512605042016807,0.0382881592436974,1.134453781512605,1.512605042016807,2.647058823529412,0.0918120365546218,11.722689075630251,CM/AM,35,13,7,26,59,15,67,87,15,57,28,26,57,30,37,31,44,57,41,35,91,15,61,52,50,52,15,7,15,59,33,96,20,81,67,22,11,15,15,13,11,9,11,15,70,22,7,48,78,41,81,100,33,78,56,52,96,37,37,52,70,93,67,59,100,15,85,52,50,52,15,7,15,59,33,96,20,81,85,52,26,19,19,48,19,22,22,33,2. Bundesliga
Karlsruher SC,aojwbjr39s1w2mcd9l2bf2dhk,8lrj5szdkc8k01idjqbnqapcl,M. Franke,Marcel Franke,33,Defender,Germany,Defender,163.0,86.0,20.0,249.0,25.0,2.0,10.0,10.0,0.0,1.0,1.0,2.0,37.0,36.0,0.0,6.0,495.0,3.0,24.0,4.0,0.0,5.0,0.0,1.0,0.0,0.0,0.0,85.86,66.67,0.0,0.0,30.0,55.22,55.56,62.5,1.4367994798798858,0.2181081998058897,0.0,4.0,0.08268855,1.0,18.0,22.0,0.4164585299999999,170.0,29.63636363636364,15.636363636363637,3.636363636363636,45.27272727272727,4.545454545454546,0.3636363636363636,1.818181818181818,1.818181818181818,0.0,0.1818181818181818,0.1818181818181818,0.3636363636363636,6.727272727272728,6.545454545454546,0.0,1.0909090909090908,0.5454545454545454,4.363636363636363,0.7272727272727273,0.0,0.9090909090909092,0.0,0.1818181818181818,0.0,0.0,0.0,85.86,66.67,0.0,0.0,30.0,55.22,55.56,62.5,0.2612362690690701,0.0396560363283435,0.0,0.7272727272727273,0.0150342818181818,0.1818181818181818,3.272727272727273,4.0,0.0757197327272727,30.90909090909091,CB,47,66,81,48,100,55,95,100,30,75,50,67,100,80,41,52,94,100,70,30,67,47,92,44,52,52,31,89,47,30,48,53,45,45,100,84,30,72,72,56,61,83,50,70,34,62,72,38,100,45,97,100,30,77,45,69,97,81,41,47,94,100,62,30,62,47,86,44,52,52,31,89,47,30,48,53,45,45,100,75,30,66,66,53,56,75,31,53,2. Bundesliga
Karlsruher SC,aojwbjr39s1w2mcd9l2bf2dhk,9cv50yjyt18vfojkiw0p0jbpw,D. Zor,Danyal Zor,19,Midfielder,Germany,Midfielder,79.0,98.0,3.0,177.0,1.0,7.0,1.0,1.0,0.0,0.0,7.0,7.0,20.0,5.0,0.0,3.0,444.0,1.0,4.0,7.0,4.0,4.0,0.0,0.0,0.0,0.0,0.0,88.5,42.86,0.0,57.14,100.0,48.78,20.0,50.0,0.1101204499937416,0.5096849529045608,0.0,12.0,0.23798519,0.0,18.0,12.0,0.24537563,76.0,16.013513513513512,19.864864864864863,0.6081081081081081,35.87837837837838,0.2027027027027027,1.4189189189189189,0.2027027027027027,0.2027027027027027,0.0,0.0,1.4189189189189189,1.4189189189189189,4.0540540540540535,1.0135135135135134,0.0,0.6081081081081081,0.2027027027027027,0.8108108108108107,1.4189189189189189,0.8108108108108107,0.8108108108108107,0.0,0.0,0.0,0.0,0.0,88.5,42.86,0.0,57.14,100.0,48.78,20.0,50.0,0.0223217128365692,0.1033145174806542,0.0,2.4324324324324325,0.0482402412162162,0.0,3.6486486486486487,2.4324324324324325,0.0497383033783783,15.405405405405403,DM/CM,34,59,12,44,9,83,9,22,9,12,81,80,41,11,25,14,34,23,73,88,27,33,38,52,52,52,88,34,33,67,100,38,14,30,12,84,12,84,78,11,50,28,16,31,41,66,6,47,9,88,9,20,9,12,83,78,44,9,25,9,39,22,77,84,25,33,38,52,52,52,88,34,33,67,100,38,14,30,9,84,12,91,72,11,50,16,6,28,2. Bundesliga
Karlsruher SC,aojwbjr39s1w2mcd9l2bf2dhk,9jszz4regvdvl0v4i8s41jbah,V. Bergh,Viktor Bergh,27,Defender,Sweden,Defender,15.0,36.0,3.0,48.0,0.0,4.0,2.0,0.0,2.0,1.0,1.0,1.0,12.0,7.0,0.0,0.0,206.0,0.0,2.0,5.0,1.0,5.0,3.0,0.0,0.0,0.0,0.0,77.42,60.0,30.0,100.0,0.0,57.14,0.0,83.33,0.1244872431231244,0.5060916095670793,2.0,5.0,0.12270834,4.0,7.0,5.0,0.5241976299999999,28.0,6.553398058252427,15.728155339805824,1.3106796116504855,20.97087378640777,0.0,1.7475728155339807,0.8737864077669903,0.0,0.8737864077669903,0.4368932038834952,0.4368932038834952,0.4368932038834952,5.242718446601942,3.058252427184466,0.0,0.0,0.0,0.8737864077669903,2.184466019417476,0.4368932038834952,2.184466019417476,1.3106796116504855,0.0,0.0,0.0,0.0,77.42,60.0,30.0,100.0,0.0,57.14,0.0,83.33,0.0543876304906854,0.2211079847623162,0.8737864077669903,2.184466019417476,0.0536104398058252,1.7475728155339807,3.058252427184466,2.184466019417476,0.2290183820388349,12.233009708737864,LB/LCB,4,14,18,4,5,57,32,18,70,57,16,16,21,29,45,4,21,20,68,34,59,57,39,46,52,52,18,86,68,96,21,55,7,93,25,71,82,43,43,70,14,7,54,7,4,36,32,4,5,89,71,18,89,79,18,18,75,50,45,4,21,46,96,43,96,86,39,46,52,52,18,86,68,96,21,55,7,93,50,96,96,75,71,100,39,21,93,21,2. Bundesliga
Karlsruher SC,aojwbjr39s1w2mcd9l2bf2dhk,enpkvxwcyv4sqfzulxwmvxmac,D. Ofli,Deniz Ofli,19,Defender,Türkiye,Defender,120.0,70.0,9.0,188.0,3.0,1.0,2.0,0.0,2.0,0.0,13.0,13.0,25.0,13.0,0.0,2.0,495.0,0.0,2.0,2.0,6.0,7.0,2.0,0.0,0.0,0.0,0.0,83.19,42.86,40.0,46.15,0.0,48.08,50.0,50.0,0.1189992417710008,0.1478133667679114,1.0,5.0,0.09652307,1.0,13.0,9.0,0.25202315,84.0,21.818181818181817,12.727272727272728,1.6363636363636365,34.18181818181818,0.5454545454545454,0.1818181818181818,0.3636363636363636,0.0,0.3636363636363636,0.0,2.363636363636364,2.363636363636364,4.545454545454546,2.363636363636364,0.0,0.3636363636363636,0.0,0.3636363636363636,0.3636363636363636,1.0909090909090908,1.2727272727272727,0.3636363636363636,0.0,0.0,0.0,0.0,83.19,42.86,40.0,46.15,0.0,48.08,50.0,50.0,0.0216362257765456,0.0268751575941657,0.1818181818181818,0.9090909090909092,0.017549649090909,0.1818181818181818,2.363636363636364,1.6363636363636365,0.0458223909090909,15.272727272727272,LB/LCB,80,57,68,68,41,20,32,18,70,23,100,98,77,57,45,18,21,20,27,96,82,46,39,46,52,52,61,57,82,54,21,21,48,25,18,25,54,43,36,16,55,23,18,61,68,14,46,54,29,18,21,18,54,23,86,86,57,43,45,14,21,11,25,93,61,39,39,46,52,52,61,57,82,54,21,21,48,25,14,18,50,29,25,14,21,4,4,36,2. Bundesliga
Karlsruher SC,aojwbjr39s1w2mcd9l2bf2dhk,exv3nnlltc7h6s5jtdad5k9hw,R. Pinto Pedrosa,Rafael Pinto Pedrosa,18,Defender,Germany,Defender,49.0,47.0,1.0,96.0,4.0,2.0,4.0,2.0,2.0,0.0,9.0,9.0,25.0,5.0,1.0,3.0,435.0,2.0,13.0,5.0,4.0,9.0,0.0,0.0,1.0,0.0,0.0,78.69,25.0,0.0,44.44,50.0,52.08,80.0,75.0,0.3644632878502625,0.1176647445724105,2.0,5.0,0.1148149699999999,3.0,6.0,7.0,0.20808832,44.0,10.13793103448276,9.724137931034484,0.2068965517241379,19.86206896551724,0.8275862068965518,0.4137931034482759,0.8275862068965518,0.4137931034482759,0.4137931034482759,0.0,1.862068965517241,1.862068965517241,5.172413793103448,1.0344827586206895,0.2068965517241379,0.6206896551724138,0.4137931034482759,2.689655172413793,1.0344827586206895,0.8275862068965518,1.862068965517241,0.0,0.0,0.2068965517241379,0.0,0.0,78.69,25.0,0.0,44.44,50.0,52.08,80.0,75.0,0.0754061974862612,0.0243444299115332,0.4137931034482759,1.0344827586206895,0.0237548213793103,0.6206896551724138,1.2413793103448276,1.4482758620689655,0.0430527558620689,9.10344827586207,RB/RCB,19,19,4,19,46,33,62,60,62,27,85,79,69,8,90,31,85,98,75,81,73,23,38,90,52,52,42,12,23,65,83,46,98,65,65,31,65,73,62,56,17,19,15,21,19,15,4,8,42,38,65,54,58,27,81,77,73,4,96,27,88,100,65,77,77,23,38,96,52,52,42,12,23,65,83,46,98,65,62,31,65,65,62,54,12,8,15,12,2. Bundesliga
Karlsruher SC,aojwbjr39s1w2mcd9l2bf2dhk,tljae4gm0cajryekhfrx6dck,L. Ben Farhat,Louey Ben Farhat,20,Midfielder,Tunisia,Midfielder,14.0,32.0,3.0,46.0,0.0,3.0,12.0,8.0,4.0,5.0,13.0,13.0,15.0,0.0,0.0,2.0,246.0,4.0,18.0,4.0,9.0,2.0,0.0,1.0,0.0,0.0,0.0,76.67,100.0,0.0,69.23,33.33,55.56,0.0,100.0,1.007060712994183,0.2529596092280042,4.0,7.0,0.1947609699999999,7.0,3.0,3.0,0.10262671,18.0,5.121951219512195,11.707317073170731,1.0975609756097562,16.829268292682926,0.0,1.0975609756097562,4.390243902439025,2.926829268292683,1.4634146341463414,1.829268292682927,4.7560975609756095,4.7560975609756095,5.48780487804878,0.0,0.0,0.7317073170731707,1.4634146341463414,6.585365853658536,1.4634146341463414,3.292682926829268,0.7317073170731707,0.0,0.3658536585365853,0.0,0.0,0.0,76.67,100.0,0.0,69.23,33.33,55.56,0.0,100.0,0.368436846217384,0.0925461984980503,1.4634146341463414,2.5609756097560976,0.0712540134146341,2.5609756097560976,1.0975609756097562,1.0975609756097562,0.0375463573170731,6.585365853658536,CM/AM,9,4,28,4,17,7,70,87,44,83,78,78,31,13,37,31,74,83,24,91,39,15,61,52,50,52,33,96,15,89,54,81,20,98,74,7,57,24,30,80,6,4,4,4,19,7,37,7,17,19,96,96,74,96,93,93,70,13,37,44,93,100,52,96,52,15,80,52,50,52,33,96,15,89,54,81,20,98,100,22,81,52,59,96,7,4,4,7,2. Bundesliga
Karlsruher SC,aojwbjr39s1w2mcd9l2bf2dhk,znl4pu034okfvsqah5za29xx,S. Jung,Sebastian Jung,36,Defender,Germany,Defender,27.0,51.0,2.0,77.0,1.0,4.0,2.0,2.0,0.0,0.0,3.0,3.0,12.0,8.0,0.0,1.0,262.0,1.0,6.0,4.0,2.0,5.0,1.0,0.0,0.0,0.0,0.0,77.0,16.67,25.0,66.67,50.0,52.17,20.0,100.0,0.1499947935343454,0.3389001567300727,0.0,5.0,0.14110378,2.0,4.0,7.0,0.2886165199999999,34.0,9.274809160305344,17.51908396946565,0.6870229007633588,26.45038167938932,0.3435114503816794,1.3740458015267176,0.6870229007633588,0.6870229007633588,0.0,0.0,1.0305343511450382,1.0305343511450382,4.122137404580153,2.748091603053436,0.0,0.3435114503816794,0.3435114503816794,2.0610687022900764,1.3740458015267176,0.6870229007633588,1.717557251908397,0.3435114503816794,0.0,0.0,0.0,0.0,77.0,16.67,25.0,66.67,50.0,52.17,20.0,100.0,0.0515249290766835,0.1164160843729257,0.0,1.717557251908397,0.0484707641221374,0.6870229007633588,1.3740458015267176,2.404580152671756,0.0991430793893129,11.6793893129771,RB/RCB,8,27,8,8,8,73,29,60,13,27,29,25,21,31,42,13,58,60,58,58,54,50,38,42,52,52,31,4,75,81,83,50,8,98,35,65,17,73,73,50,12,19,23,12,12,62,8,31,8,88,50,85,13,27,54,50,46,46,42,19,85,81,85,69,69,58,38,42,52,52,31,4,75,81,83,50,8,98,50,73,17,88,88,62,15,23,54,27,2. Bundesliga
Holstein Kiel,6zwg0wxjie31da2i4wwh2h4ho,2r0o55zkda9zi7zg77i2i7fv8,H. Sekine,Hiroki Sekine,24,Defender,Japan,Defender,187.0,115.0,7.0,301.0,14.0,2.0,6.0,3.0,3.0,1.0,8.0,9.0,35.0,20.0,0.0,6.0,539.0,0.0,10.0,4.0,1.0,12.0,1.0,0.0,0.0,0.0,0.0,90.39,46.67,25.0,12.5,0.0,58.33,63.64,75.0,0.480696613322773,0.3099850371544864,2.0,9.0,0.16669235,4.0,29.0,31.0,0.79772016,150.0,31.22448979591837,19.20222634508349,1.1688311688311688,50.25974025974026,2.3376623376623376,0.3339517625231911,1.0018552875695732,0.5009276437847866,0.5009276437847866,0.1669758812615955,1.3358070500927643,1.50278293135436,5.8441558441558445,3.339517625231911,0.0,1.0018552875695732,0.0,1.6697588126159555,0.6679035250463822,0.1669758812615955,2.0037105751391464,0.1669758812615955,0.0,0.0,0.0,0.0,90.39,46.67,25.0,12.5,0.0,58.33,63.64,75.0,0.0802647406290344,0.0517600247567788,0.3339517625231911,1.50278293135436,0.0278336020408163,0.6679035250463822,4.842300556586271,5.176252319109462,0.133200026716141,25.04638218923933,RB/RCB,96,88,33,96,92,33,85,79,83,65,81,79,92,67,42,73,21,90,58,31,96,50,38,42,52,52,100,58,75,15,21,81,85,65,81,58,65,92,81,67,98,96,85,92,96,73,19,96,92,31,77,65,69,54,65,69,88,63,42,62,21,73,50,23,88,46,38,42,52,52,100,58,75,15,21,81,85,65,65,50,54,77,65,58,96,96,65,92,2. Bundesliga
Holstein Kiel,6zwg0wxjie31da2i4wwh2h4ho,36b4jkncdieq9yryo32wk5d78,G. Balzi,Guillermo Balzi,25,Midfielder,Argentina,Midfielder,47.0,173.0,9.0,212.0,0.0,15.0,9.0,4.0,5.0,2.0,20.0,21.0,33.0,2.0,1.0,3.0,490.0,4.0,7.0,11.0,11.0,3.0,8.0,0.0,0.0,0.0,0.0,87.97,64.29,29.63,55.0,44.44,47.83,0.0,27.27,0.6803726763897971,1.3417336308678944,2.0,35.0,0.8375404099999999,15.0,16.0,34.0,1.2936841200000002,117.0,8.63265306122449,31.77551020408163,1.6530612244897958,38.93877551020408,0.0,2.7551020408163263,1.6530612244897958,0.7346938775510203,0.9183673469387756,0.3673469387755101,3.673469387755102,3.857142857142857,6.061224489795918,0.3673469387755101,0.183673469387755,0.5510204081632653,0.7346938775510203,1.2857142857142856,2.020408163265306,2.020408163265306,0.5510204081632653,1.469387755102041,0.0,0.0,0.0,0.0,87.97,64.29,29.63,55.0,44.44,47.83,0.0,27.27,0.1249664099491464,0.2464408709757357,0.3673469387755101,6.428571428571428,0.1538339528571428,2.7551020408163263,2.9387755102040813,6.244897959183673,0.2376154506122449,21.489795918367346,CM/AM,63,96,74,83,17,93,59,52,67,39,93,93,89,44,78,50,74,28,80,96,56,91,22,52,50,52,100,65,65,70,80,59,20,22,56,93,28,100,100,100,59,93,96,89,48,96,67,85,17,89,48,44,56,26,85,85,85,33,78,33,65,22,74,89,44,78,22,52,50,52,100,65,65,70,80,59,20,22,41,85,22,100,100,100,41,81,93,85,2. Bundesliga
Holstein Kiel,6zwg0wxjie31da2i4wwh2h4ho,4kabyphz0h9megt5r97o5rd9l,D. Zec,David Zec,26,Defender,Slovenia,Defender,177.0,93.0,9.0,270.0,14.0,4.0,3.0,2.0,1.0,1.0,4.0,4.0,23.0,16.0,0.0,5.0,524.0,1.0,6.0,3.0,0.0,4.0,0.0,0.0,0.0,0.0,0.0,91.22,60.0,0.0,0.0,33.33,46.0,63.64,66.67,0.2759272019478126,0.163390030780659,1.0,4.0,0.07764747,2.0,23.0,16.0,0.4595941800000001,143.0,30.400763358778622,15.973282442748092,1.545801526717557,46.37404580152672,2.404580152671756,0.6870229007633588,0.5152671755725191,0.3435114503816794,0.1717557251908397,0.1717557251908397,0.6870229007633588,0.6870229007633588,3.950381679389313,2.748091603053436,0.0,0.8587786259541985,0.1717557251908397,1.0305343511450382,0.5152671755725191,0.0,0.6870229007633588,0.0,0.0,0.0,0.0,0.0,91.22,60.0,0.0,0.0,33.33,46.0,63.64,66.67,0.0473920766704258,0.0280631732256857,0.1717557251908397,0.6870229007633588,0.0133363975190839,0.3435114503816794,3.950381679389313,2.748091603053436,0.0789379316793893,24.56106870229008,CB,59,78,27,66,75,88,59,56,72,75,88,84,56,20,41,36,58,69,56,30,52,47,42,44,52,52,81,78,47,30,59,12,88,53,53,66,70,72,66,81,84,44,62,44,44,66,16,50,66,88,56,59,69,72,84,81,41,9,41,22,47,69,44,30,41,47,42,44,52,52,81,78,47,30,59,12,88,53,47,59,62,62,56,72,72,28,38,31,2. Bundesliga
Holstein Kiel,6zwg0wxjie31da2i4wwh2h4ho,6v1kpakd3t0jhnoh1eh75ev4k,K. Davidsen,Kasper Davidsen,21,Midfielder,Denmark,Midfielder,60.0,78.0,7.0,138.0,7.0,5.0,7.0,3.0,4.0,3.0,4.0,5.0,25.0,9.0,0.0,3.0,412.0,3.0,15.0,7.0,0.0,4.0,0.0,0.0,0.0,0.0,0.0,75.82,53.85,0.0,0.0,42.86,48.08,58.33,36.36,0.4707133039456993,0.3685831627098858,3.0,6.0,0.12998479,1.0,12.0,13.0,0.3638799799999999,59.0,13.106796116504857,17.038834951456312,1.529126213592233,30.145631067961165,1.529126213592233,1.0922330097087378,1.529126213592233,0.6553398058252428,0.8737864077669903,0.6553398058252428,0.8737864077669903,1.0922330097087378,5.461165048543689,1.966019417475728,0.0,0.6553398058252428,0.6553398058252428,3.2766990291262137,1.529126213592233,0.0,0.8737864077669903,0.0,0.0,0.0,0.0,0.0,75.82,53.85,0.0,0.0,42.86,48.08,58.33,36.36,0.102825721735711,0.0805157394269168,0.6553398058252428,1.3106796116504855,0.0283947356796116,0.2184466019417476,2.621359223300971,2.8398058252427187,0.079488345145631,12.888349514563108,LM/LCM,89,61,94,89,100,44,56,44,78,67,22,22,78,100,28,89,56,56,78,11,56,11,39,56,56,56,33,67,11,11,56,44,100,33,44,44,61,22,22,11,67,56,11,78,89,78,100,89,100,22,56,33,78,56,22,22,89,100,28,78,56,44,67,11,56,11,39,56,56,56,33,67,11,11,56,44,100,33,33,22,67,22,22,11,78,44,11,89,2. Bundesliga
Holstein Kiel,6zwg0wxjie31da2i4wwh2h4ho,73bt1irnki81xex9jkn7vxxey,A. Kaprálik,Adrián Kaprálik,24,Attacker,Slovakia,Striker,17.0,87.0,3.0,92.0,2.0,13.0,11.0,10.0,1.0,3.0,14.0,17.0,23.0,4.0,1.0,3.0,512.0,1.0,28.0,12.0,3.0,3.0,12.0,2.0,0.0,0.0,0.0,74.8,60.0,27.91,21.43,9.09,42.59,20.0,50.0,0.8440758400494939,1.6050201409188023,3.0,16.0,0.51619964,5.0,5.0,9.0,1.0098911799999997,34.0,2.98828125,15.29296875,0.52734375,16.171875,0.3515625,2.28515625,1.93359375,1.7578125,0.17578125,0.52734375,2.4609375,2.98828125,4.04296875,0.703125,0.17578125,0.52734375,0.17578125,4.921875,2.109375,0.52734375,0.52734375,2.109375,0.3515625,0.0,0.0,0.0,74.8,60.0,27.91,21.43,9.09,42.59,20.0,50.0,0.1483727062587,0.2821324466458832,0.52734375,2.8125,0.0907382179687499,0.87890625,0.87890625,1.58203125,0.1775199339843749,5.9765625,ST,54,100,71,96,14,96,57,66,34,71,93,93,75,59,34,98,9,80,100,64,84,100,91,52,52,52,64,54,82,14,7,57,14,55,36,100,71,100,100,86,73,79,96,91,18,93,54,79,11,93,21,36,14,57,82,82,46,39,25,93,4,54,93,39,68,96,89,52,52,52,64,54,82,14,7,57,14,55,21,96,64,89,93,79,54,68,93,79,2. Bundesliga
Holstein Kiel,6zwg0wxjie31da2i4wwh2h4ho,7gnn9d501aradmmdrhhs5vfo4,J. Therkelsen,Jonas Therkelsen,23,Midfielder,Norway,Midfielder,15.0,37.0,2.0,51.0,3.0,3.0,2.0,2.0,0.0,0.0,5.0,6.0,18.0,3.0,1.0,1.0,233.0,1.0,7.0,8.0,3.0,4.0,1.0,0.0,0.0,0.0,0.0,79.69,40.0,10.0,60.0,50.0,48.65,50.0,100.0,0.2566457656058557,0.2787483094296958,1.0,7.0,0.17013749,3.0,3.0,9.0,0.45870215,26.0,5.793991416309012,14.291845493562231,0.7725321888412017,19.69957081545064,1.1587982832618025,1.1587982832618025,0.7725321888412017,0.7725321888412017,0.0,0.0,1.931330472103004,2.317596566523605,6.952789699570815,1.1587982832618025,0.3862660944206008,0.3862660944206008,0.3862660944206008,2.703862660944206,3.0901287553648067,1.1587982832618025,1.5450643776824031,0.3862660944206008,0.0,0.0,0.0,0.0,79.69,40.0,10.0,60.0,50.0,48.65,50.0,100.0,0.0991335575301588,0.1076710208097537,0.3862660944206008,2.703862660944206,0.065718343776824,1.1587982832618025,1.1587982832618025,3.476394849785408,0.1771810879828326,10.042918454935622,LM/LCM,22,17,33,22,78,11,22,28,17,22,33,33,39,44,67,39,33,33,89,39,56,28,39,56,56,56,61,56,22,78,83,67,72,94,22,11,33,39,33,44,22,22,44,22,44,22,56,22,89,33,33,44,17,22,56,56,100,78,89,67,33,33,100,56,89,44,39,56,56,56,61,56,22,78,83,67,72,94,22,33,33,56,56,67,44,67,67,56,2. Bundesliga
Holstein Kiel,6zwg0wxjie31da2i4wwh2h4ho,9u3au5060ighmwlo9nsk5vcic,L. Parduzi,Leon Parduzi,19,Defender,Kosovo,Defender,107.0,83.0,7.0,189.0,3.0,2.0,2.0,0.0,2.0,0.0,6.0,6.0,24.0,7.0,0.0,7.0,362.0,0.0,3.0,8.0,3.0,7.0,1.0,0.0,0.0,0.0,0.0,84.75,38.89,14.29,50.0,0.0,52.17,25.0,70.0,0.1014962171184932,0.178063232663629,1.0,5.0,0.14137476,3.0,16.0,23.0,0.4842925399999997,97.0,26.602209944751383,20.6353591160221,1.7403314917127073,46.988950276243095,0.7458563535911602,0.4972375690607735,0.4972375690607735,0.0,0.4972375690607735,0.0,1.4917127071823204,1.4917127071823204,5.966850828729282,1.7403314917127073,0.0,1.7403314917127073,0.0,0.7458563535911602,1.988950276243094,0.7458563535911602,1.7403314917127073,0.2486187845303867,0.0,0.0,0.0,0.0,84.75,38.89,14.29,50.0,0.0,52.17,25.0,70.0,0.025233866134432,0.0442698644743829,0.2486187845303867,1.2430939226519335,0.0351484209944751,0.7458563535911602,3.977900552486188,5.718232044198895,0.1204042226519336,24.11602209944752,LB/LCB,68,61,50,71,41,36,32,18,70,23,66,66,68,29,45,80,21,34,95,62,82,32,39,46,52,52,71,50,29,61,21,36,18,66,11,32,54,43,50,48,66,73,43,70,86,68,57,82,43,29,29,18,68,23,79,75,82,18,45,79,21,21,86,79,82,29,39,46,52,52,71,50,29,61,21,36,18,66,18,29,54,46,54,50,68,86,43,64,2. Bundesliga
Holstein Kiel,6zwg0wxjie31da2i4wwh2h4ho,apdrig6xt1hxub1986s3uh1x,J. Meffert,Jonas Meffert,32,Midfielder,Germany,Midfielder,87.0,165.0,6.0,252.0,10.0,8.0,6.0,5.0,1.0,3.0,4.0,4.0,28.0,6.0,0.0,10.0,535.0,1.0,14.0,5.0,3.0,7.0,0.0,1.0,0.0,0.0,0.0,88.42,60.0,0.0,75.0,16.67,58.33,55.56,70.0,0.8750995855414783,0.5297524354747264,1.0,10.0,0.1985012599999999,2.0,39.0,29.0,0.6352647,148.0,14.635514018691588,27.75700934579439,1.0093457943925233,42.39252336448598,1.6822429906542056,1.3457943925233644,1.0093457943925233,0.8411214953271028,0.1682242990654205,0.5046728971962616,0.6728971962616822,0.6728971962616822,4.710280373831775,1.0093457943925233,0.0,1.6822429906542056,0.1682242990654205,2.355140186915888,0.8411214953271028,0.5046728971962616,1.1775700934579438,0.0,0.1682242990654205,0.0,0.0,0.0,88.42,60.0,0.0,75.0,16.67,58.33,55.56,70.0,0.1472130143901552,0.0891172321359352,0.1682242990654205,1.6822429906542056,0.0333927353271027,0.3364485981308411,6.5607476635514015,4.878504672897196,0.1068669588785046,24.897196261682243,DM/CM,38,94,31,91,80,88,56,86,28,80,47,44,67,23,25,89,34,100,50,75,75,33,83,52,52,52,84,66,33,91,31,88,55,69,88,88,33,78,66,47,97,97,84,91,16,94,22,72,75,84,41,81,25,75,38,38,53,6,25,78,22,94,31,69,47,33,78,52,52,52,84,66,33,91,31,88,55,69,78,78,28,66,62,38,97,94,72,88,2. Bundesliga
Holstein Kiel,6zwg0wxjie31da2i4wwh2h4ho,eswroj7hvnu9po0ni9i6820vd,I. Nekić,Ivan Nekic,25,Defender,Croatia,Defender,115.0,73.0,16.0,188.0,8.0,2.0,5.0,5.0,0.0,3.0,0.0,0.0,30.0,19.0,0.0,7.0,450.0,1.0,6.0,8.0,0.0,4.0,0.0,0.0,0.0,0.0,0.0,83.19,57.14,0.0,0.0,20.0,62.5,40.0,28.57,0.610838586646494,0.2044724440480741,0.0,3.0,0.06317351,1.0,16.0,19.0,0.4651330600000001,107.0,23.0,14.6,3.2,37.6,1.6,0.4,1.0,1.0,0.0,0.6,0.0,0.0,6.0,3.8,0.0,1.4,0.2,1.2,1.6,0.0,0.8,0.0,0.0,0.0,0.0,0.0,83.19,57.14,0.0,0.0,20.0,62.5,40.0,28.57,0.1221677173292988,0.0408944888096148,0.0,0.6,0.012634702,0.2,3.2,3.8,0.093026612,21.4,CB,19,48,58,19,41,55,83,86,30,95,19,19,75,39,41,61,58,69,92,30,52,47,42,44,52,52,16,72,47,30,34,84,16,12,84,81,30,58,59,56,52,67,66,19,6,44,64,16,31,52,73,80,30,94,19,19,91,22,41,59,59,72,97,30,44,47,42,44,52,52,16,72,47,30,34,84,16,12,78,81,30,50,53,56,53,62,66,16,2. Bundesliga
Holstein Kiel,6zwg0wxjie31da2i4wwh2h4ho,oy3mdkrur6xfcjrcw2dyghgq,P. Harres,Phil Harres,24,Attacker,Germany,Striker,27.0,29.0,0.0,56.0,23.0,8.0,27.0,22.0,5.0,6.0,5.0,5.0,36.0,6.0,4.0,0.0,540.0,8.0,31.0,8.0,4.0,0.0,0.0,2.0,0.0,0.0,0.0,69.14,0.0,0.0,80.0,29.63,60.0,69.7,0.0,3.0791411990385944,0.5363795233398875,2.0,2.0,0.0482448,2.0,1.0,3.0,0.14108108,14.0,4.5,4.833333333333333,0.0,9.333333333333334,3.8333333333333335,1.3333333333333333,4.5,3.6666666666666665,0.8333333333333334,1.0,0.8333333333333334,0.8333333333333334,6.0,1.0,0.6666666666666666,0.0,1.3333333333333333,5.166666666666667,1.3333333333333333,0.6666666666666666,0.0,0.0,0.3333333333333333,0.0,0.0,0.0,69.14,0.0,0.0,80.0,29.63,60.0,69.7,0.0,0.5131901998397658,0.0893965872233145,0.3333333333333333,0.3333333333333333,0.0080407999999999,0.3333333333333333,0.1666666666666666,0.5,0.0235135133333333,2.333333333333333,ST,79,39,18,61,96,89,96,100,88,93,57,54,96,82,95,36,84,95,96,79,9,34,91,52,52,52,39,18,34,89,14,100,96,9,100,68,54,32,29,54,16,43,43,36,50,11,18,18,93,71,96,100,79,86,29,25,93,59,82,36,57,64,79,54,9,34,86,52,52,52,39,18,34,89,14,100,96,9,89,50,39,21,21,34,14,25,29,14,2. Bundesliga
Dynamo Dresden,97lyl18hz6apklot7hbz4h446,1675dd1p91lb20f9b3w5v067e,T. Keller,Thomas Keller,27,Defender,Germany,Defender,232.0,55.0,9.0,287.0,4.0,0.0,4.0,1.0,3.0,0.0,0.0,0.0,8.0,16.0,1.0,4.0,339.0,1.0,1.0,3.0,0.0,1.0,0.0,0.0,0.0,0.0,0.0,93.79,47.37,0.0,0.0,25.0,50.0,57.14,100.0,0.3831317650665594,0.0,2.0,1.0,0.01870347,0.0,11.0,14.0,0.3303647299999999,163.0,61.5929203539823,14.601769911504425,2.3893805309734515,76.19469026548673,1.0619469026548674,0.0,1.0619469026548674,0.2654867256637168,0.7964601769911505,0.0,0.0,0.0,2.1238938053097347,4.247787610619469,0.2654867256637168,1.0619469026548674,0.2654867256637168,0.2654867256637168,0.7964601769911505,0.0,0.2654867256637168,0.0,0.0,0.0,0.0,0.0,93.79,47.37,0.0,0.0,25.0,50.0,57.14,100.0,0.1017163978052812,0.0,0.5309734513274337,0.2654867256637168,0.0049655230088495,0.0,2.920353982300885,3.7168141592920354,0.0877074504424778,43.27433628318584,CB,81,28,27,75,14,6,75,25,94,33,19,19,3,20,91,20,58,8,56,30,9,47,42,44,52,52,97,47,47,30,39,33,59,95,75,9,89,28,30,23,30,36,28,59,100,47,38,100,19,6,81,31,97,33,19,19,3,25,91,44,72,9,66,30,9,47,42,44,52,52,97,47,47,30,39,33,59,95,75,9,97,34,34,23,38,56,53,94,2. Bundesliga
Dynamo Dresden,97lyl18hz6apklot7hbz4h446,56e76dk2fd95o2n7e98tpjg0l,N. Rapp,Nicolai Rapp,29,Midfielder,Germany,Midfielder,109.0,72.0,6.0,181.0,4.0,2.0,5.0,2.0,3.0,1.0,1.0,1.0,16.0,3.0,1.0,7.0,373.0,2.0,4.0,4.0,0.0,3.0,0.0,0.0,0.0,0.0,0.0,91.41,54.55,0.0,0.0,40.0,59.26,57.14,37.5,0.2814873136577688,0.1898709010419087,2.0,2.0,0.04255496,0.0,13.0,11.0,0.24920504,90.0,26.300268096514746,17.372654155495976,1.4477211796246647,43.67292225201072,0.9651474530831098,0.4825737265415549,1.206434316353887,0.4825737265415549,0.7238605898123324,0.2412868632707774,0.2412868632707774,0.2412868632707774,3.860589812332439,0.7238605898123324,0.2412868632707774,1.6890080428954422,0.4825737265415549,0.9651474530831098,0.9651474530831098,0.0,0.7238605898123324,0.0,0.0,0.0,0.0,0.0,91.41,54.55,0.0,0.0,40.0,59.26,57.14,37.5,0.0679191909630005,0.0458133541387983,0.4825737265415549,0.4825737265415549,0.0102679528150134,0.0,3.136729222520107,2.654155495978552,0.0601299024128686,21.71581769436997,DM/CM,72,31,31,48,44,25,42,45,61,36,11,11,30,3,69,67,62,23,34,8,19,33,38,52,52,52,100,53,33,8,70,91,61,6,31,38,55,16,9,11,25,23,19,53,91,38,44,84,44,28,50,50,69,41,12,12,31,3,78,81,66,28,47,8,16,33,38,52,52,52,100,53,33,8,70,91,61,6,34,41,62,19,19,11,34,28,19,69,2. Bundesliga
Dynamo Dresden,97lyl18hz6apklot7hbz4h446,5dbg0gfvbhtslhf9evk3i7njd,A. Muhamedbegović,Ahmet Muhamedbegovic,27,Defender,Austria,Defender,179.0,42.0,12.0,221.0,6.0,1.0,1.0,1.0,0.0,0.0,0.0,0.0,15.0,21.0,0.0,3.0,289.0,1.0,2.0,3.0,0.0,3.0,0.0,1.0,0.0,0.0,0.0,89.47,42.86,0.0,0.0,100.0,65.22,46.15,50.0,0.1555497085293408,0.0,0.0,1.0,0.0199707,0.0,8.0,12.0,0.2516891,127.0,55.7439446366782,13.079584775086504,3.737024221453287,68.8235294117647,1.868512110726644,0.3114186851211072,0.3114186851211072,0.3114186851211072,0.0,0.0,0.0,0.0,4.671280276816609,6.539792387543252,0.0,0.9342560553633218,0.3114186851211072,0.6228373702422145,0.9342560553633218,0.0,0.9342560553633218,0.0,0.3114186851211072,0.0,0.0,0.0,89.47,42.86,0.0,0.0,100.0,65.22,46.15,50.0,0.0484410857011788,0.0,0.0,0.3114186851211072,0.006219249134948,0.0,2.491349480968858,3.737024221453287,0.0783806885813148,39.55017301038062,CB,62,9,42,34,23,25,17,25,30,33,19,19,28,44,41,14,58,20,56,30,34,47,92,44,52,52,56,31,47,30,97,91,28,28,25,9,30,28,36,23,20,22,12,28,94,34,78,84,47,38,22,34,30,33,19,19,56,78,41,31,81,41,72,30,66,47,97,44,52,52,56,31,47,30,97,91,28,28,50,9,30,38,41,23,28,59,34,88,2. Bundesliga
Dynamo Dresden,97lyl18hz6apklot7hbz4h446,74n6zo57y4h14zll0p5ncm3ca,B. Bobzien,Ben Bobzien,23,Attacker,Germany,Striker,70.0,98.0,5.0,168.0,2.0,11.0,10.0,6.0,4.0,2.0,25.0,25.0,37.0,2.0,1.0,5.0,521.0,6.0,32.0,15.0,15.0,4.0,0.0,1.0,0.0,0.0,0.0,83.17,45.45,0.0,60.0,60.0,56.06,40.0,80.0,0.960899007762934,0.8243107114485275,5.0,27.0,0.7900760599999999,4.0,11.0,14.0,0.61625623,48.0,12.092130518234166,16.92898272552783,0.8637236084452975,29.021113243761995,0.345489443378119,1.9001919385796544,1.727447216890595,1.0364683301343571,0.690978886756238,0.345489443378119,4.318618042226488,4.318618042226488,6.391554702495202,0.345489443378119,0.1727447216890595,0.8637236084452975,1.0364683301343571,5.527831094049904,2.5911708253358925,2.5911708253358925,0.690978886756238,0.0,0.1727447216890595,0.0,0.0,0.0,83.17,45.45,0.0,60.0,60.0,56.06,40.0,80.0,0.1659902316673014,0.1423953244344865,0.8637236084452975,4.664107485604607,0.1364814690978886,0.690978886756238,1.9001919385796544,2.418426103646833,0.106455010940499,8.291746641074857,LW,92,75,67,92,21,71,71,50,83,46,83,79,92,50,54,96,83,75,100,79,71,17,58,50,50,50,83,50,17,88,100,83,46,67,75,58,71,100,100,54,75,75,50,67,92,67,50,83,17,62,33,17,75,33,67,67,92,50,50,92,75,67,100,83,79,17,42,50,50,50,83,50,17,88,100,83,46,67,42,58,50,92,92,50,67,58,42,50,2. Bundesliga
Dynamo Dresden,97lyl18hz6apklot7hbz4h446,80phrrugb78acwel3c79jd8bu,J. Sterner,Jonas Sterner,24,Defender,Germany,Defender,82.0,82.0,7.0,160.0,5.0,6.0,3.0,1.0,2.0,0.0,6.0,6.0,15.0,13.0,2.0,3.0,376.0,3.0,2.0,0.0,2.0,5.0,4.0,1.0,0.0,0.0,0.0,76.92,29.17,13.33,33.33,100.0,40.54,38.46,62.5,0.4057688796318123,0.7407122169836428,1.0,8.0,0.20438455,7.0,21.0,21.0,0.6848849999999999,94.0,19.627659574468083,19.627659574468083,1.675531914893617,38.29787234042553,1.1968085106382975,1.4361702127659577,0.7180851063829787,0.2393617021276595,0.4787234042553191,0.0,1.4361702127659577,1.4361702127659577,3.590425531914893,3.111702127659574,0.4787234042553191,0.7180851063829787,0.7180851063829787,0.4787234042553191,0.0,0.4787234042553191,1.1968085106382975,0.9574468085106382,0.2393617021276595,0.0,0.0,0.0,76.92,29.17,13.33,33.33,100.0,40.54,38.46,62.5,0.097125529699104,0.177298137043957,0.2393617021276595,1.9148936170212765,0.0489218337765957,1.675531914893617,5.026595744680851,5.026595744680851,0.1639352393617021,22.5,RB/RCB,77,69,33,69,58,87,42,37,62,27,71,69,35,54,100,31,98,19,8,58,54,81,87,42,52,52,27,19,54,40,100,12,31,37,77,88,42,85,92,92,79,62,77,77,69,81,38,81,62,92,54,35,65,27,69,65,31,54,100,35,100,19,8,58,54,85,88,42,52,52,27,19,54,40,100,12,31,37,85,92,50,92,92,100,100,92,81,85,2. Bundesliga
Dynamo Dresden,97lyl18hz6apklot7hbz4h446,aluogo3t5ravqnakgo6duv6s4,F. Müller,Friedrich Müller,20,Defender,Germany,Defender,240.0,77.0,3.0,317.0,10.0,2.0,2.0,1.0,1.0,0.0,1.0,1.0,13.0,10.0,0.0,7.0,385.0,1.0,2.0,0.0,1.0,1.0,0.0,0.0,0.0,0.0,0.0,91.62,30.0,0.0,100.0,50.0,50.0,58.82,50.0,0.1334185418760433,0.0754968062530432,1.0,2.0,0.03686598,2.0,18.0,17.0,0.44312012,148.0,56.103896103896105,18.0,0.7012987012987013,74.1038961038961,2.3376623376623376,0.4675324675324675,0.4675324675324675,0.2337662337662337,0.2337662337662337,0.0,0.2337662337662337,0.2337662337662337,3.038961038961039,2.3376623376623376,0.0,1.6363636363636365,0.2337662337662337,0.4675324675324675,0.0,0.2337662337662337,0.2337662337662337,0.0,0.0,0.0,0.0,0.0,91.62,30.0,0.0,100.0,50.0,50.0,58.82,50.0,0.0311887500489451,0.0176486040591529,0.2337662337662337,0.4675324675324675,0.0086180212987012,0.4675324675324675,4.207792207792208,3.9740259740259742,0.1035865215584415,34.5974025974026,CB,84,53,3,81,56,55,36,25,72,33,50,48,20,6,41,61,58,20,8,62,9,47,42,44,52,52,84,14,47,91,77,33,69,28,22,34,70,45,47,81,61,52,56,56,97,72,3,97,59,59,44,28,81,33,53,50,28,3,41,75,69,22,8,59,6,47,42,44,52,52,84,14,47,91,77,33,69,28,28,44,78,47,47,84,78,72,78,62,2. Bundesliga
Dynamo Dresden,97lyl18hz6apklot7hbz4h446,bh5gxk1kd65fnph0s6kgxt8q2,R. Wagner,Robert Wagner,23,Midfielder,Germany,Midfielder,156.0,83.0,4.0,239.0,2.0,1.0,3.0,2.0,1.0,1.0,6.0,6.0,16.0,11.0,1.0,9.0,495.0,1.0,6.0,5.0,1.0,7.0,0.0,0.0,0.0,0.0,0.0,84.45,19.05,0.0,16.67,33.33,34.78,22.22,87.5,0.2741347591528725,0.068066600449427,0.0,3.0,0.05491075,0.0,19.0,15.0,0.3375777300000001,118.0,28.363636363636363,15.090909090909092,0.7272727272727273,43.45454545454545,0.3636363636363636,0.1818181818181818,0.5454545454545454,0.3636363636363636,0.1818181818181818,0.1818181818181818,1.0909090909090908,1.0909090909090908,2.909090909090909,2.0,0.1818181818181818,1.6363636363636365,0.1818181818181818,1.0909090909090908,0.9090909090909092,0.1818181818181818,1.2727272727272727,0.0,0.0,0.0,0.0,0.0,84.45,19.05,0.0,16.67,33.33,34.78,22.22,87.5,0.0498426834823404,0.0123757455362594,0.0,0.5454545454545454,0.0099837727272727,0.0,3.4545454545454546,2.727272727272727,0.0613777690909091,21.454545454545453,DM/CM,94,41,19,75,23,8,28,45,28,36,73,70,30,64,69,83,34,45,50,31,75,33,38,52,52,52,41,3,33,19,61,3,19,88,28,16,12,27,19,11,59,39,34,72,100,31,9,78,16,6,17,42,30,38,69,64,19,52,67,75,30,38,44,28,73,33,38,52,52,52,41,3,33,19,61,3,19,88,25,9,12,22,16,11,44,38,22,66,2. Bundesliga
Dynamo Dresden,97lyl18hz6apklot7hbz4h446,btgtfolx9bhri1d7hol40gvrp,V. Vermeij,Vincent Vermeij,32,Attacker,Netherlands,Striker,41.0,45.0,3.0,86.0,16.0,6.0,13.0,9.0,4.0,4.0,4.0,4.0,24.0,5.0,1.0,0.0,464.0,1.0,26.0,3.0,2.0,4.0,0.0,2.0,0.0,0.0,0.0,76.11,100.0,0.0,50.0,7.69,41.38,48.48,100.0,2.0310610317521647,0.4956988097013587,2.0,11.0,0.31333816,3.0,3.0,3.0,0.27343002,30.0,7.952586206896552,8.728448275862068,0.5818965517241379,16.68103448275862,3.103448275862069,1.1637931034482758,2.521551724137931,1.7456896551724137,0.7758620689655172,0.7758620689655172,0.7758620689655172,0.7758620689655172,4.655172413793103,0.9698275862068964,0.1939655172413793,0.0,0.1939655172413793,5.043103448275862,0.5818965517241379,0.3879310344827586,0.7758620689655172,0.0,0.3879310344827586,0.0,0.0,0.0,76.11,100.0,0.0,50.0,7.69,41.38,48.48,100.0,0.3939558035726181,0.09614847601966,0.3879310344827586,2.133620689655172,0.060776798275862,0.5818965517241379,0.5818965517241379,0.5818965517241379,0.0530359952586206,5.818965517241379,ST,100,75,71,93,89,62,70,55,77,82,45,39,82,70,34,36,9,75,36,38,93,34,91,52,52,52,82,88,34,61,4,46,71,91,82,64,54,88,86,79,46,43,68,84,100,54,64,82,79,54,43,32,71,71,21,21,61,54,29,36,7,61,21,25,82,34,93,52,52,52,82,88,34,61,4,46,71,91,71,61,54,86,79,61,36,29,57,68,2. Bundesliga
Dynamo Dresden,97lyl18hz6apklot7hbz4h446,di0uw1d4sz4pa46nol4mb8yqd,N. Hauptmann,Niklas Hauptmann,30,Midfielder,Germany,Midfielder,33.0,77.0,6.0,109.0,0.0,7.0,6.0,3.0,3.0,1.0,16.0,17.0,24.0,0.0,0.0,4.0,464.0,2.0,16.0,11.0,7.0,5.0,1.0,1.0,0.0,0.0,0.0,80.74,85.71,11.11,43.75,33.33,43.64,0.0,83.33,0.4076000155449611,0.6958278428363969,3.0,9.0,0.21107917,6.0,15.0,29.0,0.7534675399999998,53.0,6.400862068965517,14.935344827586206,1.1637931034482758,21.142241379310345,0.0,1.357758620689655,1.1637931034482758,0.5818965517241379,0.5818965517241379,0.1939655172413793,3.103448275862069,3.297413793103448,4.655172413793103,0.0,0.0,0.7758620689655172,0.3879310344827586,3.103448275862069,2.133620689655172,1.357758620689655,0.9698275862068964,0.1939655172413793,0.1939655172413793,0.0,0.0,0.0,80.74,85.71,11.11,43.75,33.33,43.64,0.0,83.33,0.0790603478427726,0.1349666074467149,0.5818965517241379,1.7456896551724137,0.040942080387931,1.1637931034482758,2.909482758620689,5.625,0.1461467211206896,10.280172413793103,CM/AM,35,41,52,48,17,50,22,35,26,15,85,87,67,13,37,67,44,69,80,80,78,37,61,52,50,52,44,89,37,44,54,41,20,93,22,48,44,44,37,69,50,74,59,48,26,11,41,19,17,33,15,26,22,11,81,81,48,13,37,56,30,59,81,70,70,37,56,52,50,52,44,89,37,44,54,41,20,93,11,41,41,33,26,52,37,74,59,26,2. Bundesliga
Dynamo Dresden,97lyl18hz6apklot7hbz4h446,dmkmf1nu3mtotjvzdykez793p,A. Rossipal,Alexander Rossipal,30,Defender,Germany,Defender,148.0,145.0,13.0,287.0,10.0,6.0,5.0,4.0,1.0,2.0,3.0,3.0,25.0,19.0,0.0,8.0,523.0,1.0,10.0,1.0,3.0,8.0,6.0,1.0,0.0,0.0,0.0,80.17,28.89,22.22,100.0,20.0,55.56,62.5,72.73,0.3419530199787879,0.6676192182345515,1.0,8.0,0.20145169,2.0,33.0,32.0,1.1712568100000005,141.0,25.46845124282983,24.95219885277247,2.237093690248566,49.38814531548757,1.7208413001912046,1.032504780114723,0.8604206500956023,0.6883365200764818,0.1720841300191204,0.3441682600382409,0.5162523900573613,0.5162523900573613,4.302103250478012,3.269598470363289,0.0,1.3766730401529637,0.1720841300191204,1.7208413001912046,0.1720841300191204,0.5162523900573613,1.3766730401529637,1.032504780114723,0.1720841300191204,0.0,0.0,0.0,80.17,28.89,22.22,100.0,20.0,55.56,62.5,72.73,0.0588446879504606,0.1148866723539381,0.1720841300191204,1.3766730401529637,0.0346666388145315,0.3441682600382409,5.678776290630975,5.506692160611855,0.2015547091778203,24.263862332695982,LB/LCB,93,96,86,96,96,77,79,91,45,82,39,38,77,77,45,96,59,88,16,62,89,89,86,46,52,52,43,11,46,96,52,46,71,75,71,82,54,75,68,29,93,93,89,89,79,89,75,86,86,57,64,79,36,64,25,25,39,54,45,64,57,68,14,50,71,82,86,46,52,52,43,11,46,96,52,46,71,75,57,71,43,54,46,21,89,75,86,68,2. Bundesliga
Darmstadt 98,1y7e48j8swyafegsucvewse5a,11uis2qhphq8uucd4vixva784,N. Verkooijen,Nicolas Verkooijen,19,Midfielder,Belgium,Midfielder,26.0,31.0,2.0,56.0,2.0,2.0,2.0,2.0,0.0,1.0,2.0,2.0,8.0,6.0,0.0,4.0,230.0,0.0,6.0,0.0,1.0,2.0,1.0,0.0,0.0,0.0,0.0,84.85,40.0,25.0,50.0,0.0,50.0,40.0,40.0,0.2307489120020743,0.2754233403852891,0.0,2.0,0.2813051099999999,2.0,5.0,5.0,0.3378617899999999,30.0,10.173913043478262,12.130434782608695,0.782608695652174,21.91304347826087,0.782608695652174,0.782608695652174,0.782608695652174,0.782608695652174,0.0,0.391304347826087,0.782608695652174,0.782608695652174,3.130434782608696,2.347826086956522,0.0,1.565217391304348,0.0,2.347826086956522,0.0,0.391304347826087,0.782608695652174,0.391304347826087,0.0,0.0,0.0,0.0,84.85,40.0,25.0,50.0,0.0,50.0,40.0,40.0,0.0902930525225508,0.1077743505855479,0.0,0.782608695652174,0.1100759126086956,0.782608695652174,1.956521739130435,1.956521739130435,0.1322067873913043,11.73913043478261,DM/CM,3,6,5,3,23,25,17,45,9,36,22,20,6,23,25,28,11,45,3,31,11,75,38,52,52,52,50,23,69,56,11,50,39,11,25,50,12,16,81,47,3,6,38,6,3,9,12,6,38,47,34,75,9,59,44,44,22,62,25,69,11,91,3,53,22,84,38,52,52,52,50,23,69,56,11,50,39,11,47,88,12,31,100,81,6,6,88,9,2. Bundesliga
Darmstadt 98,1y7e48j8swyafegsucvewse5a,2es4ydlcwwasm6mu7rmey5r3e,N. Weißhaupt,Noah Weißhaupt,25,Midfielder,Germany,Midfielder,15.0,51.0,2.0,63.0,3.0,5.0,7.0,3.0,4.0,3.0,9.0,10.0,27.0,1.0,0.0,6.0,454.0,3.0,15.0,18.0,5.0,0.0,3.0,1.0,0.0,0.0,0.0,68.48,22.22,20.0,55.56,42.86,64.29,42.86,0.0,0.4559717843718106,0.7229489013767391,5.0,8.0,0.24741597,6.0,3.0,12.0,0.90636565,33.0,2.9735682819383262,10.110132158590307,0.3964757709251101,12.48898678414097,0.5947136563876653,0.9911894273127754,1.3876651982378856,0.5947136563876653,0.7929515418502203,0.5947136563876653,1.7841409691629957,1.9823788546255507,5.352422907488987,0.198237885462555,0.0,1.1894273127753303,0.5947136563876653,2.9735682819383262,3.5682819383259914,0.9911894273127754,0.0,0.5947136563876653,0.198237885462555,0.0,0.0,0.0,68.48,22.22,20.0,55.56,42.86,64.29,42.86,0.0,0.0903908823644558,0.143315861506402,0.9911894273127754,1.5859030837004406,0.0490472187224669,1.1894273127753303,0.5947136563876653,2.378854625550661,0.1796760099118942,6.541850220264317,CM/AM,17,19,17,19,76,26,35,35,44,57,50,52,74,30,37,89,61,63,100,59,9,48,61,52,50,52,7,15,48,74,74,93,67,9,30,56,69,37,48,69,6,33,81,19,4,4,11,4,63,11,26,30,37,52,33,37,63,26,37,85,48,56,100,56,9,48,59,52,50,52,7,15,48,74,74,93,67,9,22,44,52,26,30,59,4,15,78,4,2. Bundesliga
Darmstadt 98,1y7e48j8swyafegsucvewse5a,7dbwrqhq3tr2vtycdz6b63uuh,K. Klefisch,Kai Klefisch,26,Midfielder,Germany,Midfielder,111.0,99.0,14.0,210.0,6.0,4.0,7.0,3.0,4.0,4.0,2.0,3.0,30.0,16.0,0.0,2.0,431.0,1.0,6.0,12.0,0.0,6.0,0.0,2.0,0.0,0.0,0.0,88.24,60.87,0.0,0.0,14.29,52.63,35.29,42.86,0.6490853761243925,0.2894943211677229,2.0,7.0,0.14208821,1.0,13.0,18.0,0.3822212299999999,104.0,23.17865429234339,20.672853828306263,2.923433874709977,43.851508120649655,1.2529002320185616,0.8352668213457077,1.4617169373549883,0.6264501160092808,0.8352668213457077,0.8352668213457077,0.4176334106728538,0.6264501160092808,6.264501160092808,3.341067285382831,0.0,0.4176334106728538,0.2088167053364269,1.2529002320185616,2.505800464037123,0.0,1.2529002320185616,0.0,0.4176334106728538,0.0,0.0,0.0,88.24,60.87,0.0,0.0,14.29,52.63,35.29,42.86,0.1355398697243511,0.0604512503598493,0.4176334106728538,1.4617169373549883,0.0296703918793503,0.2088167053364269,2.71461716937355,3.758700696055685,0.0798141779582366,21.7169373549884,DM/CM,75,66,72,67,56,55,72,61,78,94,22,31,78,81,25,6,34,45,95,8,52,33,95,52,52,52,81,69,33,8,28,59,31,17,72,56,55,59,50,28,25,55,44,66,84,69,78,88,53,50,69,56,78,100,19,34,75,88,25,6,44,50,100,8,69,33,97,52,52,52,81,69,33,8,28,59,31,17,72,56,56,62,50,31,25,56,47,72,2. Bundesliga
Darmstadt 98,1y7e48j8swyafegsucvewse5a,8cowao0urqwdop1p42dt722vo,Lee Ho-Jae,Ho-Jae Lee,25,Attacker,Korea Republic,Striker,12.0,17.0,2.0,29.0,15.0,2.0,5.0,5.0,0.0,0.0,3.0,3.0,26.0,5.0,2.0,0.0,231.0,4.0,11.0,6.0,1.0,1.0,0.0,0.0,0.0,0.0,0.0,59.18,66.67,0.0,33.33,80.0,50.0,48.39,20.0,0.579006739186719,0.1177269727928191,0.0,0.0,0.0,2.0,2.0,1.0,0.03191346,9.0,4.675324675324675,6.623376623376623,0.7792207792207791,11.298701298701298,5.844155844155844,0.7792207792207791,1.948051948051948,1.948051948051948,0.0,0.0,1.1688311688311688,1.1688311688311688,10.12987012987013,1.948051948051948,0.7792207792207791,0.0,1.5584415584415583,4.285714285714286,2.3376623376623376,0.3896103896103896,0.3896103896103896,0.0,0.0,0.0,0.0,0.0,59.18,66.67,0.0,33.33,80.0,50.0,48.39,20.0,0.2255870412415788,0.0458676517374619,0.0,0.0,0.0,0.7792207792207791,0.7792207792207791,0.3896103896103896,0.0124338155844155,3.506493506493506,ST,25,11,55,14,86,14,14,29,7,14,29,27,91,70,62,36,48,23,84,18,34,34,34,52,52,52,11,57,34,29,100,84,68,18,25,11,11,5,5,54,29,14,14,11,54,32,82,36,96,29,29,46,7,14,46,43,100,96,86,36,79,39,100,29,46,34,34,52,52,52,11,57,34,29,100,84,68,18,32,14,11,5,5,71,46,21,14,29,2. Bundesliga
Darmstadt 98,1y7e48j8swyafegsucvewse5a,8lqpjau7qoetlw19tmw5j43my,Y. Lührs,Yannik Lührs,23,Defender,Germany,Defender,62.0,22.0,5.0,84.0,6.0,0.0,1.0,1.0,0.0,1.0,0.0,0.0,8.0,28.0,0.0,3.0,248.0,0.0,2.0,0.0,0.0,1.0,0.0,0.0,0.0,0.0,0.0,70.59,20.83,0.0,0.0,0.0,50.0,54.55,50.0,0.1241616910116119,0.0,0.0,1.0,0.01473596,0.0,2.0,3.0,0.11615737,49.0,22.5,7.983870967741936,1.814516129032258,30.483870967741936,2.177419354838709,0.0,0.3629032258064516,0.3629032258064516,0.0,0.3629032258064516,0.0,0.0,2.903225806451613,10.161290322580646,0.0,1.0887096774193548,0.0,0.7258064516129032,0.0,0.0,0.3629032258064516,0.0,0.0,0.0,0.0,0.0,70.59,20.83,0.0,0.0,0.0,50.0,54.55,50.0,0.0450586781896978,0.0,0.0,0.3629032258064516,0.0053477274193548,0.0,0.7258064516129032,1.0887096774193548,0.0421538842741935,17.782258064516128,RB/RCB,37,4,17,13,71,6,13,37,13,65,6,6,4,87,42,31,21,19,8,8,6,23,38,42,52,52,12,8,23,8,21,38,60,23,31,6,17,10,4,10,6,4,8,27,77,4,54,54,88,6,27,46,13,85,6,6,15,100,42,65,21,31,8,8,8,23,38,42,52,52,12,8,23,8,21,38,60,23,42,6,17,23,8,10,8,4,12,69,2. Bundesliga
Darmstadt 98,1y7e48j8swyafegsucvewse5a,8sh1fdq95u43vc8cku5ckf6xh,C. Sickinger,Carlo Sickinger,29,Midfielder,Germany,Midfielder,54.0,49.0,13.0,103.0,4.0,1.0,0.0,0.0,0.0,0.0,1.0,1.0,18.0,7.0,0.0,7.0,250.0,0.0,2.0,6.0,1.0,7.0,0.0,0.0,0.0,0.0,0.0,88.79,72.22,0.0,100.0,0.0,56.25,66.67,100.0,0.0,0.0572423101929147,0.0,0.0,0.0,2.0,6.0,7.0,0.16509146,61.0,19.44,17.64,4.680000000000001,37.08,1.44,0.36,0.0,0.0,0.0,0.0,0.36,0.36,6.48,2.52,0.0,2.52,0.0,0.72,2.16,0.36,2.52,0.0,0.0,0.0,0.0,0.0,88.79,72.22,0.0,100.0,0.0,56.25,66.67,100.0,0.0,0.0206072316694492,0.0,0.0,0.0,0.72,2.16,2.52,0.0594329256,21.96,DM/CM,14,14,62,16,44,8,5,6,9,12,11,11,34,39,25,67,11,8,62,31,75,33,38,52,52,52,91,98,33,98,11,75,84,95,5,12,12,3,3,47,8,9,9,19,53,41,100,50,66,19,5,6,9,12,16,16,81,75,25,97,11,19,91,47,100,33,38,52,52,52,91,98,33,98,11,75,84,95,5,16,12,3,3,78,9,22,16,75,2. Bundesliga
Darmstadt 98,1y7e48j8swyafegsucvewse5a,a24vimk2li0nbswdipoih6gkq,H. Akiyama,Hiroki Akiyama,25,Midfielder,Japan,Midfielder,60.0,41.0,3.0,101.0,4.0,1.0,2.0,1.0,1.0,0.0,0.0,0.0,7.0,6.0,0.0,4.0,270.0,0.0,2.0,2.0,0.0,1.0,0.0,0.0,0.0,0.0,0.0,85.59,42.86,0.0,0.0,0.0,43.75,0.0,100.0,0.1485558570261068,0.0500256546264446,1.0,1.0,0.01935132,0.0,7.0,4.0,0.1612684199999999,50.0,20.0,13.666666666666666,1.0,33.666666666666664,1.3333333333333333,0.3333333333333333,0.6666666666666666,0.3333333333333333,0.3333333333333333,0.0,0.0,0.0,2.333333333333333,2.0,0.0,1.3333333333333333,0.0,0.6666666666666666,0.6666666666666666,0.0,0.3333333333333333,0.0,0.0,0.0,0.0,0.0,85.59,42.86,0.0,0.0,0.0,43.75,0.0,100.0,0.0495186190087022,0.0166752182088148,0.3333333333333333,0.3333333333333333,0.00645044,0.0,2.333333333333333,1.3333333333333333,0.0537561399999999,16.666666666666668,DM/CM,19,9,12,9,44,8,17,22,28,12,3,3,3,23,25,28,11,8,17,8,5,33,38,52,52,52,59,34,33,8,11,22,5,95,19,9,33,6,6,11,12,3,6,16,56,19,19,38,59,9,28,31,38,12,3,3,3,52,25,59,11,12,23,8,6,33,38,52,52,52,59,34,33,8,11,22,5,95,22,12,41,6,6,11,16,3,9,38,2. Bundesliga
Darmstadt 98,1y7e48j8swyafegsucvewse5a,anjuea8h25j0gi522nt0l774l,C. Lannert,Christopher Lannert,28,Defender,Germany,Defender,77.0,56.0,10.0,133.0,4.0,1.0,4.0,1.0,3.0,1.0,3.0,3.0,29.0,13.0,0.0,7.0,530.0,0.0,4.0,8.0,1.0,10.0,0.0,0.0,0.0,0.0,0.0,79.64,50.0,0.0,33.33,0.0,58.0,44.44,62.5,0.2218758790986406,0.0853321713077314,4.0,3.0,0.05678072,3.0,9.0,11.0,0.34646472,53.0,13.075471698113208,9.50943396226415,1.6981132075471697,22.584905660377355,0.6792452830188679,0.1698113207547169,0.6792452830188679,0.1698113207547169,0.5094339622641509,0.1698113207547169,0.5094339622641509,0.5094339622641509,4.9245283018867925,2.2075471698113205,0.0,1.1886792452830188,0.0,0.6792452830188679,1.3584905660377358,0.1698113207547169,1.6981132075471697,0.0,0.0,0.0,0.0,0.0,79.64,50.0,0.0,33.33,0.0,58.0,44.44,62.5,0.037677036073354,0.0144903687126336,0.6792452830188679,0.5094339622641509,0.0096420090566037,0.5094339622641509,1.5283018867924527,1.8679245283018864,0.0588336316981132,9.0,RB/RCB,65,31,73,50,46,15,62,37,83,65,29,25,75,54,42,85,21,42,88,31,83,23,38,42,52,52,54,69,23,40,21,73,40,37,46,23,90,40,35,56,29,29,27,38,35,8,46,12,35,15,46,27,73,58,23,23,65,31,42,73,21,27,81,27,62,23,38,42,52,52,54,69,23,40,21,73,40,37,31,19,85,38,35,50,19,15,19,8,2. Bundesliga
Darmstadt 98,1y7e48j8swyafegsucvewse5a,c6ufljjgl050g9xn7e9ma7hg4,M. Smit,Milan Smit,23,Attacker,Netherlands,Striker,36.0,30.0,0.0,66.0,7.0,3.0,11.0,9.0,2.0,2.0,4.0,5.0,19.0,7.0,2.0,0.0,433.0,5.0,15.0,7.0,2.0,1.0,0.0,0.0,0.0,0.0,0.0,75.86,0.0,0.0,50.0,45.45,35.19,30.43,33.33,1.2351354467946822,0.2303431081342903,3.0,4.0,0.09096348,3.0,2.0,3.0,0.12756396,18.0,7.482678983833718,6.235565819861432,0.0,13.71824480369515,1.4549653579676676,0.6235565819861432,2.286374133949192,1.8706697459584296,0.4157043879907621,0.4157043879907621,0.8314087759815243,1.039260969976905,3.94919168591224,1.4549653579676676,0.4157043879907621,0.0,1.039260969976905,3.117782909930716,1.4549653579676676,0.4157043879907621,0.207852193995381,0.0,0.0,0.0,0.0,0.0,75.86,0.0,0.0,50.0,45.45,35.19,30.43,33.33,0.2567256124977399,0.0478773203974275,0.6235565819861432,0.8314087759815243,0.0189069588914549,0.6235565819861432,0.4157043879907621,0.6235565819861432,0.026514448960739,3.741339491916859,ST,93,48,18,68,66,32,57,55,61,55,45,54,59,95,62,36,64,38,91,38,34,34,34,52,52,52,79,18,34,61,68,7,29,27,61,39,71,64,43,79,29,43,36,52,96,25,18,46,57,18,36,43,57,46,25,32,39,79,54,36,39,21,86,32,25,34,34,52,52,52,79,18,34,61,68,7,29,27,43,18,71,50,36,64,21,36,32,32,2. Bundesliga
Darmstadt 98,1y7e48j8swyafegsucvewse5a,ccmmsnrfn58gwi1petlp08f3e,L. Duijvestijn,Lance Duijvestijn,27,Midfielder,Netherlands,Midfielder,34.0,82.0,2.0,107.0,1.0,8.0,6.0,4.0,2.0,3.0,4.0,4.0,16.0,2.0,0.0,4.0,412.0,0.0,8.0,4.0,1.0,3.0,9.0,1.0,0.0,0.0,0.0,74.83,50.0,37.5,25.0,0.0,44.44,50.0,30.0,0.4225095199464853,0.9359959123778552,1.0,7.0,0.2250658,3.0,10.0,10.0,0.4981873499999998,57.0,7.427184466019418,17.9126213592233,0.4368932038834952,23.373786407767,0.2184466019417476,1.7475728155339807,1.3106796116504855,0.8737864077669903,0.4368932038834952,0.6553398058252428,0.8737864077669903,0.8737864077669903,3.4951456310679614,0.4368932038834952,0.0,0.8737864077669903,0.0,1.7475728155339807,0.8737864077669903,0.2184466019417476,0.6553398058252428,1.966019417475728,0.2184466019417476,0.0,0.0,0.0,74.83,50.0,37.5,25.0,0.0,44.44,50.0,30.0,0.0922957689203487,0.2044651264903081,0.2184466019417476,1.529126213592233,0.0491648592233009,0.6553398058252428,2.184466019417476,2.184466019417476,0.108827333737864,12.451456310679612,CM/AM,41,46,17,43,41,57,22,52,15,57,11,11,37,44,37,67,9,35,24,7,56,96,61,52,50,52,22,44,81,9,9,44,89,26,26,70,11,24,41,13,35,22,44,52,37,41,15,30,44,52,22,56,9,56,13,11,30,44,37,67,9,31,22,4,48,93,63,52,50,52,22,44,81,9,9,44,89,26,26,74,7,22,33,7,26,11,41,37,2. Bundesliga
Darmstadt 98,1y7e48j8swyafegsucvewse5a,dhbt80hxmsucww2l2zs5efzrp,A. Vukotić,Aleksandar Vukotic,31,Defender,Serbia,Defender,97.0,50.0,9.0,147.0,8.0,2.0,4.0,4.0,0.0,1.0,0.0,0.0,13.0,27.0,1.0,1.0,290.0,1.0,10.0,1.0,0.0,1.0,0.0,0.0,0.0,0.0,0.0,81.22,30.0,0.0,0.0,25.0,61.9,66.67,25.0,0.4706679629881722,0.0050788324360538,0.0,2.0,0.03608883,0.0,5.0,8.0,0.2596116599999999,86.0,30.103448275862068,15.517241379310343,2.793103448275862,45.62068965517241,2.4827586206896552,0.6206896551724138,1.2413793103448276,1.2413793103448276,0.0,0.3103448275862069,0.0,0.0,4.0344827586206895,8.379310344827585,0.3103448275862069,0.3103448275862069,0.3103448275862069,3.103448275862069,0.3103448275862069,0.0,0.3103448275862069,0.0,0.0,0.0,0.0,0.0,81.22,30.0,0.0,0.0,25.0,61.9,66.67,25.0,0.1460693678239155,0.0015761893767063,0.0,0.6206896551724138,0.0111999817241379,0.0,1.5517241379310345,2.4827586206896552,0.0805691358620689,26.6896551724138,CB,6,20,27,9,41,55,75,80,30,75,19,19,20,53,91,5,58,89,20,30,9,47,42,44,52,52,9,14,47,30,39,80,95,8,78,19,30,45,44,23,5,6,16,9,41,59,47,44,69,75,91,94,30,81,19,19,44,97,97,6,78,97,25,30,12,47,42,44,52,52,9,14,47,30,39,80,95,8,91,19,30,53,50,23,16,22,41,38,2. Bundesliga
Darmstadt 98,1y7e48j8swyafegsucvewse5a,dhx7h06arq0q6vp9ja9vs1wwl,R. Petretta,Raoul Petretta,29,Defender,Italy,Defender,50.0,28.0,2.0,75.0,8.0,1.0,0.0,0.0,0.0,0.0,3.0,3.0,25.0,12.0,0.0,8.0,318.0,0.0,2.0,7.0,1.0,5.0,3.0,0.0,0.0,0.0,0.0,78.12,25.0,27.27,33.33,0.0,62.5,66.67,55.56,0.0,0.137780100869584,0.0,2.0,0.03430656,0.0,9.0,7.0,0.2801197899999999,35.0,14.150943396226417,7.924528301886792,0.5660377358490566,21.22641509433962,2.2641509433962264,0.2830188679245283,0.0,0.0,0.0,0.0,0.8490566037735849,0.8490566037735849,7.075471698113208,3.39622641509434,0.0,2.2641509433962264,0.0,0.5660377358490566,1.981132075471698,0.2830188679245283,1.4150943396226416,0.8490566037735849,0.0,0.0,0.0,0.0,78.12,25.0,27.27,33.33,0.0,62.5,66.67,55.56,0.0,0.0389943681706369,0.0,0.5660377358490566,0.0097094037735849,0.0,2.547169811320755,1.981132075471698,0.0792791858490565,9.90566037735849,LB/LCB,36,7,12,18,88,20,5,18,18,23,39,38,77,48,45,96,21,20,86,34,59,57,39,46,52,52,21,4,61,38,21,84,77,38,5,21,18,12,7,7,21,14,21,14,46,4,11,7,96,21,5,18,18,23,46,43,96,64,45,96,21,14,82,32,75,71,39,46,52,52,21,4,61,38,21,84,77,38,5,25,18,14,14,7,32,11,18,4,2. Bundesliga
Darmstadt 98,1y7e48j8swyafegsucvewse5a,f1ta475tq6ie1xbx8jrzau9d5,P. Pfeiffer,Patric Pfeiffer,27,Defender,Ghana,Defender,164.0,65.0,25.0,229.0,16.0,2.0,10.0,7.0,3.0,0.0,1.0,1.0,26.0,48.0,0.0,8.0,540.0,3.0,10.0,7.0,0.0,2.0,0.0,0.0,1.0,0.0,0.0,76.08,35.21,0.0,0.0,30.0,61.9,64.0,66.67,1.1474162101784016,0.0447912148232121,2.0,0.0,0.0,0.0,15.0,13.0,0.3119312899999999,134.0,27.33333333333333,10.833333333333334,4.166666666666667,38.16666666666666,2.6666666666666665,0.3333333333333333,1.6666666666666667,1.1666666666666667,0.5,0.0,0.1666666666666666,0.1666666666666666,4.333333333333333,8.0,0.0,1.3333333333333333,0.5,1.6666666666666667,1.1666666666666667,0.0,0.3333333333333333,0.0,0.0,0.1666666666666666,0.0,0.0,76.08,35.21,0.0,0.0,30.0,61.9,64.0,66.67,0.1912360350297336,0.0074652024705353,0.3333333333333333,0.0,0.0,0.0,2.5,2.1666666666666665,0.0519885483333333,22.33333333333333,CB,50,44,95,41,88,55,95,97,94,33,50,48,62,97,41,70,94,89,83,30,19,47,42,94,52,52,6,19,47,30,48,80,91,53,97,25,89,9,9,23,42,30,25,38,22,16,89,19,81,41,94,84,92,33,39,39,47,94,41,53,91,80,77,30,16,47,42,89,52,52,6,19,47,30,48,80,91,53,94,25,83,9,9,23,33,12,12,19,2. Bundesliga
Greuther Fürth,9dlxuym0eab00j9ggrdr87soj,1atq3p7zxyrldwfy8zt2g6jxm,K. Keresztes,Krisztián Keresztes,26,Defender,Hungary,Defender,128.0,61.0,13.0,189.0,8.0,1.0,1.0,0.0,1.0,0.0,1.0,1.0,12.0,32.0,0.0,11.0,420.0,1.0,3.0,0.0,0.0,3.0,0.0,0.0,0.0,0.0,0.0,83.26,40.62,0.0,0.0,100.0,48.0,61.54,75.0,0.0377113058842071,0.0,1.0,1.0,0.01870347,0.0,20.0,23.0,0.3784088199999998,106.0,27.428571428571427,13.071428571428571,2.7857142857142856,40.5,1.7142857142857142,0.2142857142857142,0.2142857142857142,0.0,0.2142857142857142,0.0,0.2142857142857142,0.2142857142857142,2.571428571428571,6.857142857142857,0.0,2.357142857142857,0.2142857142857142,0.6428571428571428,0.0,0.0,0.6428571428571428,0.0,0.0,0.0,0.0,0.0,83.26,40.62,0.0,0.0,100.0,48.0,61.54,75.0,0.0080809941180443,0.0,0.2142857142857142,0.2142857142857142,0.0040078864285714,0.0,4.285714285714286,4.928571428571428,0.0810876042857142,22.71428571428571,CB,22,31,50,22,41,25,17,8,72,33,50,48,12,66,41,91,58,39,8,30,34,47,42,44,52,52,19,28,47,30,97,22,80,77,16,9,70,28,30,23,80,89,41,16,25,31,44,22,41,25,19,8,78,33,50,47,9,88,41,97,66,44,8,30,34,47,42,44,52,52,19,28,47,30,97,22,80,77,16,9,75,31,31,23,81,84,47,28,2. Bundesliga
Greuther Fürth,9dlxuym0eab00j9ggrdr87soj,1ovauk85z1csu04oc4nlyu31l,J. Heuer,Jannis Heuer,27,Defender,Germany,Defender,206.0,84.0,22.0,290.0,11.0,1.0,5.0,2.0,3.0,1.0,0.0,0.0,21.0,37.0,0.0,10.0,540.0,4.0,5.0,3.0,0.0,5.0,0.0,0.0,1.0,0.0,0.0,89.51,66.67,0.0,0.0,80.0,60.0,57.89,71.43,0.3671664799023941,0.0908401004349109,3.0,9.0,0.17232491,2.0,19.0,22.0,0.5576438699999999,179.0,34.333333333333336,14.0,3.6666666666666665,48.333333333333336,1.8333333333333333,0.1666666666666666,0.8333333333333334,0.3333333333333333,0.5,0.1666666666666666,0.0,0.0,3.5,6.166666666666667,0.0,1.6666666666666667,0.6666666666666666,0.8333333333333334,0.5,0.0,0.8333333333333334,0.0,0.0,0.1666666666666666,0.0,0.0,89.51,66.67,0.0,0.0,80.0,60.0,57.89,71.43,0.0611944133170656,0.0151400167391518,0.5,1.5,0.0287208183333333,0.3333333333333333,3.1666666666666665,3.6666666666666665,0.0929406449999999,29.83333333333333,CB,75,59,86,78,61,25,83,56,94,75,19,19,50,86,41,86,100,58,56,30,67,47,42,94,52,52,59,89,47,30,91,69,62,64,69,44,97,88,88,81,72,83,81,75,59,41,75,53,44,12,69,45,92,67,19,19,34,73,41,83,97,53,39,30,48,47,42,89,52,52,59,89,47,30,91,69,62,64,62,38,94,84,81,67,48,53,59,50,2. Bundesliga
Greuther Fürth,9dlxuym0eab00j9ggrdr87soj,2wo6rxen90k02cwtluazofmz8,L. Reich,Lukas Reich,19,Defender,Germany,Defender,62.0,49.0,9.0,107.0,1.0,3.0,3.0,1.0,2.0,0.0,4.0,4.0,11.0,7.0,0.0,0.0,215.0,0.0,3.0,1.0,1.0,5.0,4.0,0.0,0.0,0.0,0.0,82.95,64.29,44.44,25.0,0.0,68.75,0.0,62.5,0.1189652874500244,0.4251035472326991,3.0,4.0,0.12662624,1.0,6.0,7.0,0.78052209,52.0,25.953488372093023,20.511627906976745,3.767441860465116,44.7906976744186,0.4186046511627907,1.255813953488372,1.255813953488372,0.4186046511627907,0.8372093023255814,0.0,1.6744186046511629,1.6744186046511629,4.604651162790698,2.9302325581395348,0.0,0.0,0.0,1.255813953488372,0.4186046511627907,0.4186046511627907,2.0930232558139537,1.6744186046511629,0.0,0.0,0.0,0.0,82.95,64.29,44.44,25.0,0.0,68.75,0.0,62.5,0.0497994226534985,0.1779503220974089,1.255813953488372,1.6744186046511629,0.0530063330232558,0.4186046511627907,2.511627906976744,2.9302325581395348,0.3267301772093023,21.76744186046512,RB/RCB,37,23,58,25,8,54,42,37,62,27,48,44,12,21,42,4,21,29,17,31,54,81,38,42,52,52,69,92,92,29,21,100,4,37,27,77,83,58,69,33,17,19,81,35,88,92,100,88,12,77,85,58,92,27,73,73,50,50,42,4,21,58,27,54,92,96,38,42,52,52,69,92,92,29,21,100,4,37,46,96,96,85,96,46,35,35,100,81,2. Bundesliga
Greuther Fürth,9dlxuym0eab00j9ggrdr87soj,4vy25qkyfhxkxf3rbdafrdn9,J. Dehm,Jannik Dehm,30,Defender,Germany,Defender,43.0,66.0,10.0,108.0,2.0,4.0,8.0,2.0,6.0,2.0,3.0,4.0,11.0,8.0,0.0,1.0,325.0,1.0,4.0,2.0,3.0,1.0,1.0,1.0,0.0,0.0,0.0,85.71,58.82,9.09,100.0,12.5,55.0,40.0,25.0,0.3897207997186388,0.3252938803484642,7.0,2.0,0.04024053,5.0,12.0,17.0,0.5302657900000001,70.0,11.907692307692308,18.27692307692308,2.769230769230769,29.907692307692308,0.5538461538461539,1.1076923076923078,2.2153846153846155,0.5538461538461539,1.6615384615384614,0.5538461538461539,0.8307692307692307,1.1076923076923078,3.046153846153846,2.2153846153846155,0.0,0.2769230769230769,0.2769230769230769,1.1076923076923078,0.5538461538461539,0.8307692307692307,0.2769230769230769,0.2769230769230769,0.2769230769230769,0.0,0.0,0.0,85.71,58.82,9.09,100.0,12.5,55.0,40.0,25.0,0.1079226829990076,0.0900813822503439,1.9384615384615385,0.5538461538461539,0.0111435313846153,1.3846153846153846,3.323076923076923,4.707692307692308,0.1468428341538461,19.384615384615383,RB/RCB,15,48,73,31,17,73,96,60,98,85,29,44,12,31,42,13,58,42,29,73,6,50,87,42,52,52,81,85,46,98,46,65,35,4,69,62,100,25,27,83,44,50,46,52,27,69,85,50,23,69,100,69,100,92,42,54,23,35,42,12,69,54,42,81,4,50,92,42,52,52,81,85,46,98,46,65,35,4,92,65,100,42,42,96,58,85,73,73,2. Bundesliga
Greuther Fürth,9dlxuym0eab00j9ggrdr87soj,5s3o96wdlqzi15p0xhtfgsbf9,D. Srbeny,Dennis Srbeny,32,Attacker,Germany,Striker,16.0,52.0,7.0,68.0,5.0,8.0,3.0,2.0,1.0,0.0,4.0,4.0,12.0,2.0,0.0,2.0,343.0,1.0,11.0,1.0,2.0,2.0,0.0,2.0,0.0,0.0,0.0,72.34,77.78,0.0,50.0,33.33,42.86,45.45,50.0,0.3113570081806436,0.6223280442057568,0.0,1.0,0.02401521,0.0,10.0,13.0,0.29924909,45.0,4.198250728862974,13.644314868804663,1.836734693877551,17.84256559766764,1.3119533527696794,2.099125364431487,0.7871720116618076,0.5247813411078718,0.2623906705539359,0.0,1.0495626822157436,1.0495626822157436,3.1486880466472305,0.5247813411078718,0.0,0.5247813411078718,0.2623906705539359,2.8862973760932946,0.2623906705539359,0.5247813411078718,0.5247813411078718,0.0,0.5247813411078718,0.0,0.0,0.0,72.34,77.78,0.0,50.0,33.33,42.86,45.45,50.0,0.0816971741581863,0.1632930728236679,0.0,0.2623906705539359,0.0063013670553935,0.0,2.623906705539359,3.4110787172011663,0.0785201693877551,11.807580174927114,ST,46,82,100,73,50,89,7,9,34,14,45,39,25,32,12,89,9,23,5,38,64,34,91,52,52,52,54,71,34,61,23,61,61,55,7,86,11,16,18,14,98,95,75,96,43,89,100,89,43,86,4,7,25,14,39,36,14,29,12,89,11,18,4,36,64,34,96,52,52,52,54,71,34,61,23,61,61,55,4,82,11,14,18,14,93,96,75,100,2. Bundesliga
Greuther Fürth,9dlxuym0eab00j9ggrdr87soj,b8tpqxd3npru6an744rz7scfd,S. Appelkamp,Shinta Appelkamp,25,Midfielder,Germany,Midfielder,43.0,59.0,8.0,101.0,0.0,5.0,6.0,4.0,2.0,2.0,5.0,5.0,14.0,2.0,0.0,3.0,326.0,1.0,9.0,6.0,3.0,3.0,1.0,0.0,0.0,0.0,0.0,84.17,66.67,12.5,60.0,16.67,66.67,0.0,60.0,0.4193252479874285,0.2940666052204998,2.0,3.0,0.06414855,1.0,10.0,9.0,0.2243289699999999,54.0,11.87116564417178,16.288343558282207,2.208588957055215,27.883435582822084,0.0,1.3803680981595092,1.656441717791411,1.1042944785276074,0.5521472392638037,0.5521472392638037,1.3803680981595092,1.3803680981595092,3.8650306748466257,0.5521472392638037,0.0,0.8282208588957055,0.2760736196319018,2.4846625766871164,1.656441717791411,0.8282208588957055,0.8282208588957055,0.2760736196319018,0.0,0.0,0.0,0.0,84.17,66.67,12.5,60.0,16.67,66.67,0.0,60.0,0.1157646390149342,0.0811840321160889,0.5521472392638037,0.8282208588957055,0.017709722392638,0.2760736196319018,2.7607361963190185,2.4846625766871164,0.0619313107361962,14.9079754601227,RM/RCM,67,33,67,33,50,100,33,83,33,67,83,83,67,33,33,33,33,100,67,83,50,50,33,67,67,67,100,100,33,83,33,100,50,33,33,100,33,33,33,33,50,33,33,67,67,33,67,67,50,100,33,100,33,67,100,100,67,33,33,33,33,100,67,100,67,67,33,67,67,67,100,100,33,83,33,100,50,33,67,100,33,33,33,33,67,33,33,67,2. Bundesliga
Greuther Fürth,9dlxuym0eab00j9ggrdr87soj,b980cevn0v0wifqmw53leqytx,F. Klaus,Felix Klaus,34,Midfielder,Germany,Midfielder,43.0,99.0,4.0,141.0,3.0,10.0,23.0,17.0,6.0,4.0,10.0,10.0,26.0,0.0,5.0,0.0,526.0,15.0,37.0,15.0,5.0,2.0,1.0,1.0,0.0,0.0,0.0,77.47,50.0,6.25,50.0,65.22,44.83,23.08,66.67,2.1015231723625045,0.7177578964240376,8.0,16.0,0.43252092,8.0,8.0,14.0,0.50934488,50.0,7.357414448669202,16.93916349809886,0.6844106463878328,24.125475285171103,0.5133079847908746,1.711026615969582,3.9353612167300382,2.908745247148289,1.0266159695817492,0.6844106463878328,1.711026615969582,1.711026615969582,4.448669201520913,0.0,0.855513307984791,0.0,2.5665399239543727,6.330798479087453,2.5665399239543727,0.855513307984791,0.3422053231939164,0.1711026615969582,0.1711026615969582,0.0,0.0,0.0,77.47,50.0,6.25,50.0,65.22,44.83,23.08,66.67,0.3595762081989076,0.1228102864603866,1.3688212927756656,2.737642585551331,0.074005480608365,1.3688212927756656,1.3688212927756656,2.3954372623574147,0.0871502646387832,8.55513307984791,CM/AM,52,56,35,52,76,72,100,100,83,72,57,52,70,13,100,9,100,100,96,59,39,37,61,52,50,52,41,44,30,59,96,54,44,70,100,52,96,74,81,85,24,43,52,44,33,26,19,37,56,48,89,93,59,59,30,30,44,13,100,9,100,96,93,48,26,30,44,52,50,52,41,44,30,59,96,54,44,70,96,26,78,59,63,70,11,19,19,19,2. Bundesliga
Greuther Fürth,9dlxuym0eab00j9ggrdr87soj,cjks4v7acb94q4v0idm0colwp,L. Itter,Luca Itter,27,Defender,Germany,Defender,62.0,113.0,7.0,171.0,5.0,8.0,4.0,0.0,4.0,1.0,7.0,7.0,33.0,15.0,0.0,3.0,540.0,1.0,4.0,3.0,4.0,14.0,4.0,0.0,0.0,0.0,0.0,75.0,35.0,11.43,57.14,25.0,61.11,33.33,66.67,0.203278334840505,0.6989284039497576,1.0,11.0,0.35892528,3.0,21.0,26.0,0.89606189,97.0,10.333333333333334,18.83333333333333,1.1666666666666667,28.5,0.8333333333333334,1.3333333333333333,0.6666666666666666,0.0,0.6666666666666666,0.1666666666666666,1.1666666666666667,1.1666666666666667,5.5,2.5,0.0,0.5,0.1666666666666666,0.6666666666666666,0.5,0.6666666666666666,2.333333333333333,0.6666666666666666,0.0,0.0,0.0,0.0,75.0,35.0,11.43,57.14,25.0,61.11,33.33,66.67,0.0338797224734175,0.1164880673249596,0.1666666666666666,1.8333333333333333,0.05982088,0.5,3.5,4.333333333333333,0.1493436483333333,16.166666666666668,LB/LCB,46,82,50,61,64,86,70,18,91,57,77,75,100,64,45,32,59,43,39,80,100,70,39,46,52,52,7,29,25,73,57,75,25,59,39,86,54,89,96,48,82,84,82,70,18,50,29,39,48,68,41,18,71,46,64,64,79,46,45,18,46,18,32,62,100,50,39,46,52,52,7,29,25,73,57,75,25,59,21,75,38,68,79,30,50,62,68,46,2. Bundesliga
Greuther Fürth,9dlxuym0eab00j9ggrdr87soj,ex8oxu32lq96cd8waf33qeu50,S. Bansé,Sacha Bansé,25,Midfielder,Burkina Faso,Midfielder,72.0,68.0,5.0,139.0,2.0,3.0,6.0,4.0,2.0,4.0,8.0,10.0,19.0,7.0,0.0,4.0,439.0,0.0,7.0,1.0,1.0,6.0,1.0,0.0,0.0,0.0,0.0,84.76,55.56,50.0,12.5,0.0,36.54,20.0,40.0,0.4308972732504511,0.267642585290993,3.0,3.0,0.0988807199999999,3.0,11.0,10.0,0.46564297,68.0,14.760820045558086,13.940774487471526,1.0250569476082003,28.49658314350797,0.4100227790432801,0.6150341685649202,1.2300683371298404,0.8200455580865603,0.4100227790432801,0.8200455580865603,1.6400911161731206,2.0501138952164006,3.895216400911161,1.4350797266514803,0.0,0.8200455580865603,0.0,1.4350797266514803,0.20501138952164,0.20501138952164,1.2300683371298404,0.20501138952164,0.0,0.0,0.0,0.0,84.76,55.56,50.0,12.5,0.0,36.54,20.0,40.0,0.0883388487301608,0.0548697783056705,0.6150341685649202,0.6150341685649202,0.0202716738041002,0.6150341685649202,2.2551252847380407,2.0501138952164006,0.0954621123006833,13.940774487471526,DM/CM,25,25,23,22,23,42,56,73,44,94,88,91,38,39,25,28,11,58,9,31,52,75,38,52,52,52,47,58,89,16,11,6,14,11,44,47,72,27,34,69,17,19,59,25,19,22,25,16,19,41,53,78,44,97,88,94,38,31,25,22,11,66,6,31,59,78,38,52,52,52,47,58,89,16,11,6,14,11,38,47,72,25,34,69,12,9,69,19,2. Bundesliga
Greuther Fürth,9dlxuym0eab00j9ggrdr87soj,vgvhxmqjvf4g34bd2ebja44q,O. Pohlmann,Ole Pohlmann,25,Midfielder,Germany,Midfielder,46.0,91.0,6.0,135.0,5.0,4.0,8.0,7.0,1.0,1.0,9.0,9.0,24.0,5.0,1.0,1.0,493.0,4.0,20.0,6.0,3.0,8.0,2.0,0.0,0.0,0.0,0.0,91.22,75.0,11.76,33.33,50.0,48.98,55.56,80.0,0.6908792327722472,0.3040507562951122,3.0,12.0,0.316972,2.0,7.0,10.0,0.48923732,49.0,8.397565922920892,16.612576064908723,1.0953346855983772,24.645030425963487,0.9127789046653144,0.7302231237322515,1.460446247464503,1.27789046653144,0.1825557809330628,0.1825557809330628,1.643002028397566,1.643002028397566,4.381338742393509,0.9127789046653144,0.1825557809330628,0.1825557809330628,0.7302231237322515,3.6511156186612577,1.0953346855983772,0.5476673427991886,1.460446247464503,0.3651115618661257,0.0,0.0,0.0,0.0,91.22,75.0,11.76,33.33,50.0,48.98,55.56,80.0,0.1261239978691729,0.0555062232587425,0.5476673427991886,2.1906693711967544,0.0578650709939148,0.3651115618661257,1.27789046653144,1.8255578093306288,0.0893131010141987,8.94523326572008,LM/LCM,56,89,78,78,89,28,67,72,44,44,50,50,67,78,67,39,67,67,61,39,100,56,39,56,56,56,100,89,33,28,83,89,89,78,67,22,61,67,67,28,56,33,56,50,67,56,78,67,78,11,44,67,33,44,33,33,33,56,56,33,67,56,44,33,78,22,39,56,56,56,100,89,33,28,83,89,89,78,44,11,56,44,44,22,56,22,22,33,2. Bundesliga
Greuther Fürth,9dlxuym0eab00j9ggrdr87soj,xftmvkjliz16tsy1n8v7tqzt,P. Will,Paul Will,27,Midfielder,Germany,Midfielder,133.0,113.0,11.0,243.0,7.0,9.0,2.0,1.0,1.0,1.0,5.0,5.0,30.0,15.0,0.0,11.0,540.0,0.0,2.0,7.0,3.0,6.0,3.0,0.0,0.0,0.0,0.0,85.56,44.0,60.0,60.0,0.0,65.22,63.64,42.86,0.136963942226392,0.4611522125971553,1.0,4.0,0.09261582,3.0,30.0,25.0,0.4710270099999998,144.0,22.166666666666668,18.83333333333333,1.8333333333333333,40.5,1.1666666666666667,1.5,0.3333333333333333,0.1666666666666666,0.1666666666666666,0.1666666666666666,0.8333333333333334,0.8333333333333334,5.0,2.5,0.0,1.8333333333333333,0.0,0.3333333333333333,1.1666666666666667,0.5,1.0,0.5,0.0,0.0,0.0,0.0,85.56,44.0,60.0,60.0,0.0,65.22,63.64,42.86,0.0228273237043986,0.0768587020995258,0.1666666666666666,0.6666666666666666,0.01543597,0.5,5.0,4.166666666666667,0.0785045016666666,24.0,DM/CM,91,78,55,81,62,94,17,22,28,36,61,56,78,77,25,94,11,8,73,75,52,94,38,52,52,52,56,41,97,73,11,100,81,17,16,78,33,34,31,69,84,84,62,84,75,59,50,62,50,92,12,14,20,28,47,47,62,70,25,91,11,3,59,64,34,94,38,52,52,52,56,41,97,73,11,100,81,17,12,66,25,28,25,50,81,72,41,81,2. Bundesliga
Bochum,eq1oq6y61xnzq88zu0cnw131z,13c9mrscf8azyd4h33jlyt7qi,M. Steinwender,Michael Steinwender,26,Defender,Austria,Defender,280.0,146.0,19.0,426.0,18.0,4.0,2.0,2.0,0.0,0.0,1.0,1.0,27.0,31.0,0.0,5.0,540.0,0.0,4.0,2.0,0.0,6.0,0.0,0.0,0.0,0.0,0.0,91.03,46.34,0.0,0.0,0.0,58.7,56.25,85.71,0.1943992487170369,0.1431888490059907,0.0,0.0,0.0,0.0,18.0,19.0,0.5660928200000002,254.0,46.66666666666666,24.33333333333333,3.1666666666666665,71.0,3.0,0.6666666666666666,0.3333333333333333,0.3333333333333333,0.0,0.0,0.1666666666666666,0.1666666666666666,4.5,5.166666666666667,0.0,0.8333333333333334,0.0,0.6666666666666666,0.3333333333333333,0.0,1.0,0.0,0.0,0.0,0.0,0.0,91.03,46.34,0.0,0.0,0.0,58.7,56.25,85.71,0.0323998747861728,0.0238648081676651,0.0,0.0,0.0,0.0,3.0,3.1666666666666665,0.0943488033333333,42.333333333333336,CB,100,100,78,100,91,88,36,56,30,33,50,48,66,61,41,36,17,52,36,30,81,47,42,44,52,52,78,44,47,30,17,62,53,88,38,62,30,9,9,23,61,67,84,100,91,91,59,91,88,80,28,45,30,33,39,39,53,48,41,14,17,47,30,30,69,47,42,44,52,52,78,44,47,30,17,62,53,88,31,50,30,9,9,23,41,42,69,91,2. Bundesliga
Bochum,eq1oq6y61xnzq88zu0cnw131z,3nins3wtqjz9vt8q06s087vth,G. Holtmann,Gerrit Holtmann,31,Attacker,Philippines,Striker,26.0,64.0,1.0,85.0,4.0,4.0,9.0,8.0,1.0,4.0,7.0,7.0,10.0,1.0,0.0,3.0,320.0,2.0,20.0,2.0,2.0,2.0,5.0,0.0,0.0,0.0,0.0,78.7,33.33,20.0,28.57,22.22,37.04,44.44,100.0,0.662032611740967,0.4533880292620008,4.0,16.0,0.48465829,9.0,5.0,7.0,0.60972456,31.0,7.3125,18.0,0.28125,23.90625,1.125,1.125,2.53125,2.25,0.28125,1.125,1.96875,1.96875,2.8125,0.28125,0.0,0.84375,0.5625,5.625,0.5625,0.5625,0.5625,1.40625,0.0,0.0,0.0,0.0,78.7,33.33,20.0,28.57,22.22,37.04,44.44,100.0,0.1861966720521469,0.1275153832299377,1.125,4.5,0.1363101440625,2.53125,1.40625,1.96875,0.1714850325,8.71875,LW,42,50,12,50,75,33,50,83,29,83,17,17,25,29,25,71,29,67,12,17,33,79,21,50,50,50,58,12,83,17,33,42,58,92,50,42,50,58,58,83,46,33,42,46,50,75,8,58,92,33,83,83,25,92,17,17,25,42,25,75,33,83,17,17,33,92,21,50,50,50,58,12,83,17,33,42,58,92,58,42,92,75,83,100,58,42,50,58,2. Bundesliga
Bochum,eq1oq6y61xnzq88zu0cnw131z,5gyjq8tsjxk396qt4hqlwn3dh,M. Wittek,Maximilian Wittek,31,Defender,Germany,Defender,120.0,153.0,9.0,255.0,6.0,17.0,7.0,1.0,6.0,3.0,7.0,7.0,26.0,12.0,0.0,7.0,528.0,1.0,1.0,13.0,4.0,3.0,18.0,1.0,0.0,0.0,0.0,80.95,26.47,36.73,57.14,14.29,59.09,75.0,60.0,0.2861201561638037,2.279402147668672,4.0,3.0,0.0521429,7.0,37.0,36.0,1.4696350700000005,147.0,20.454545454545457,26.079545454545457,1.5340909090909092,43.46590909090909,1.0227272727272727,2.897727272727273,1.1931818181818183,0.1704545454545454,1.0227272727272727,0.5113636363636364,1.1931818181818183,1.1931818181818183,4.431818181818183,2.0454545454545454,0.0,1.1931818181818183,0.1704545454545454,0.1704545454545454,2.215909090909092,0.6818181818181819,0.5113636363636364,3.0681818181818183,0.1704545454545454,0.0,0.0,0.0,80.95,26.47,36.73,57.14,14.29,59.09,75.0,60.0,0.0487704811642847,0.3885344569889782,0.6818181818181819,0.5113636363636364,0.0088879943181818,1.1931818181818183,6.306818181818183,6.136363636363637,0.2505059778409091,25.056818181818183,LB/LCB,80,100,68,89,75,100,91,39,96,96,77,75,86,48,45,80,59,5,100,80,36,100,86,46,52,52,46,7,79,73,43,71,96,48,57,100,96,25,21,96,100,96,100,93,61,96,39,68,61,100,79,39,96,82,68,68,50,29,45,57,54,7,100,68,29,100,82,46,52,52,46,7,79,73,43,71,96,48,39,100,86,11,11,79,96,89,100,75,2. Bundesliga
Bochum,eq1oq6y61xnzq88zu0cnw131z,5tsrmx2p5f3mrpwt8gpx4x979,K. Miyoshi,Koji Miyoshi,29,Midfielder,Japan,Midfielder,53.0,97.0,5.0,149.0,1.0,11.0,18.0,13.0,5.0,4.0,17.0,17.0,19.0,3.0,2.0,4.0,515.0,7.0,20.0,6.0,7.0,2.0,1.0,1.0,0.0,0.0,0.0,77.2,41.67,16.67,41.18,38.89,34.55,11.11,40.0,2.0021262164128486,0.7626605777804621,6.0,13.0,0.38179267,4.0,19.0,22.0,0.4612678599999998,74.0,9.262135922330096,16.95145631067961,0.8737864077669902,26.03883495145631,0.174757281553398,1.922330097087379,3.145631067961165,2.271844660194174,0.8737864077669902,0.6990291262135923,2.970873786407767,2.970873786407767,3.320388349514563,0.5242718446601942,0.3495145631067961,0.6990291262135923,1.2233009708737863,3.495145631067961,1.0485436893203883,1.2233009708737863,0.3495145631067961,0.174757281553398,0.174757281553398,0.0,0.0,0.0,77.2,41.67,16.67,41.18,38.89,34.55,11.11,40.0,0.3498861349070997,0.1332804893208574,1.0485436893203883,2.271844660194174,0.0667210491262135,0.6990291262135923,3.320388349514563,3.844660194174757,0.0806099172815533,12.932038834951456,CM/AM,67,52,43,56,41,83,89,96,67,72,89,87,50,63,89,67,89,93,52,80,39,37,61,52,50,52,37,26,44,37,70,7,41,30,96,59,80,63,70,33,74,63,41,59,52,30,26,41,33,56,74,81,48,63,78,78,22,56,85,41,78,81,30,67,30,33,48,52,50,52,37,26,44,37,70,7,41,30,89,37,56,44,52,11,59,48,11,44,2. Bundesliga
Bochum,eq1oq6y61xnzq88zu0cnw131z,6m5ftd7c68b2d4d2931xs5srt,O. Olsen,Oliver Olsen,26,Defender,Denmark,Defender,64.0,43.0,6.0,107.0,5.0,1.0,0.0,0.0,0.0,0.0,4.0,4.0,15.0,12.0,0.0,9.0,285.0,0.0,0.0,4.0,2.0,3.0,0.0,0.0,0.0,0.0,0.0,77.54,40.0,0.0,50.0,0.0,41.67,62.5,75.0,0.0,0.0596592350543667,0.0,1.0,0.02385149,0.0,7.0,6.0,0.12991245,40.0,20.21052631578948,13.578947368421051,1.8947368421052635,33.78947368421053,1.5789473684210529,0.3157894736842105,0.0,0.0,0.0,0.0,1.2631578947368425,1.2631578947368425,4.736842105263158,3.789473684210527,0.0,2.8421052631578947,0.0,0.0,1.2631578947368425,0.6315789473684211,0.9473684210526316,0.0,0.0,0.0,0.0,0.0,77.54,40.0,0.0,50.0,0.0,41.67,62.5,75.0,0.0,0.018839758438221,0.0,0.3157894736842105,0.0075320494736842,0.0,2.210526315789474,1.8947368421052635,0.0410249842105263,12.63157894736842,RB/RCB,44,12,25,25,58,15,4,13,13,27,48,44,35,46,42,96,21,4,58,58,29,23,38,42,52,52,35,38,23,73,21,15,81,65,4,15,17,10,12,10,23,12,12,15,73,38,62,65,77,19,4,13,13,27,62,62,54,69,42,100,21,4,73,65,50,23,38,42,52,52,35,38,23,73,21,15,81,65,4,27,17,8,23,10,31,19,8,38,2. Bundesliga
Bochum,eq1oq6y61xnzq88zu0cnw131z,7tjguurexixlasgd9vi47auzu,B. Taz,Berkan Taz,27,Midfielder,Germany,Midfielder,24.0,63.0,3.0,82.0,0.0,9.0,7.0,2.0,5.0,4.0,7.0,7.0,5.0,0.0,0.0,1.0,224.0,1.0,7.0,1.0,2.0,1.0,5.0,0.0,0.0,0.0,0.0,83.67,50.0,26.32,28.57,14.29,35.71,0.0,50.0,0.4809187563840128,0.9443612928040016,3.0,10.0,0.2679873899999999,4.0,18.0,18.0,0.8349559999999998,49.0,9.642857142857142,25.3125,1.2053571428571428,32.94642857142857,0.0,3.616071428571429,2.8125,0.8035714285714286,2.008928571428571,1.6071428571428572,2.8125,2.8125,2.008928571428571,0.0,0.0,0.4017857142857143,0.4017857142857143,2.8125,0.4017857142857143,0.8035714285714286,0.4017857142857143,2.008928571428571,0.0,0.0,0.0,0.0,83.67,50.0,26.32,28.57,14.29,35.71,0.0,50.0,0.193226286047148,0.3794308765730363,1.2053571428571428,4.017857142857142,0.1076735049107142,1.6071428571428572,7.232142857142857,7.232142857142857,0.3354733928571428,19.6875,CM/AM,30,35,28,30,17,65,35,20,67,72,37,33,4,13,37,19,26,28,4,20,22,70,22,52,50,52,78,44,52,17,22,11,20,46,33,74,44,52,52,33,69,48,78,39,56,70,44,59,17,96,67,48,85,89,72,72,11,13,37,22,33,48,4,39,33,96,22,52,50,52,78,44,52,17,22,11,20,46,63,96,65,89,89,83,96,93,96,80,2. Bundesliga
Bochum,eq1oq6y61xnzq88zu0cnw131z,80i3boeh7f1ghu4ka7r66izje,C. Rasmussen,Christian Rasmussen,23,Attacker,Denmark,Striker,19.0,57.0,2.0,69.0,4.0,8.0,14.0,10.0,4.0,6.0,18.0,20.0,19.0,1.0,0.0,2.0,313.0,3.0,22.0,6.0,7.0,2.0,7.0,0.0,0.0,0.0,0.0,87.34,100.0,29.17,38.89,21.43,43.18,66.67,100.0,1.035882806590804,0.8300902816124789,9.0,11.0,0.35655631,9.0,5.0,11.0,1.3009396700000002,28.0,5.463258785942492,16.389776357827476,0.5750798722044729,19.840255591054312,1.1501597444089458,2.3003194888178915,4.02555910543131,2.8753993610223643,1.1501597444089458,1.7252396166134183,5.175718849840256,5.7507987220447285,5.463258785942492,0.2875399361022364,0.0,0.5750798722044729,0.8626198083067093,6.325878594249201,1.7252396166134183,2.012779552715655,0.5750798722044729,2.012779552715655,0.0,0.0,0.0,0.0,87.34,100.0,29.17,38.89,21.43,43.18,66.67,100.0,0.2978576760165251,0.2386841065339396,2.587859424920128,3.1629392971246006,0.1025241785942492,2.587859424920128,1.437699680511182,3.1629392971246006,0.3740721095846646,8.05111821086262,ST,57,89,55,79,41,89,77,66,77,93,96,100,59,14,12,89,29,68,84,95,64,93,34,52,52,52,100,88,86,39,11,64,86,91,43,89,96,88,96,96,73,88,100,75,68,100,59,96,36,96,86,71,86,100,100,100,79,14,12,100,27,89,89,100,73,93,34,52,52,52,100,88,86,39,11,64,86,91,46,89,100,96,100,100,75,93,100,89,2. Bundesliga
Bochum,eq1oq6y61xnzq88zu0cnw131z,8gyn2cp2fm1afyh9olhem2bro,M. Pannewig,Mats Pannewig,21,Midfielder,Germany,Midfielder,95.0,91.0,8.0,186.0,11.0,4.0,7.0,4.0,3.0,3.0,9.0,9.0,27.0,8.0,0.0,13.0,364.0,2.0,8.0,4.0,6.0,3.0,0.0,0.0,0.0,0.0,0.0,84.55,38.1,0.0,66.67,28.57,57.45,78.57,50.0,0.7349076285778764,0.3294782757445934,3.0,14.0,0.3601594999999999,6.0,14.0,11.0,0.29413428,81.0,23.48901098901099,22.5,1.978021978021978,45.98901098901099,2.71978021978022,0.989010989010989,1.7307692307692308,0.989010989010989,0.7417582417582418,0.7417582417582418,2.2252747252747254,2.2252747252747254,6.675824175824176,1.978021978021978,0.0,3.2142857142857144,0.4945054945054945,1.978021978021978,0.989010989010989,1.4835164835164836,0.7417582417582418,0.0,0.0,0.0,0.0,0.0,84.55,38.1,0.0,66.67,28.57,57.45,78.57,50.0,0.1817079301428815,0.0814644088379489,0.7417582417582418,3.4615384615384617,0.0890504258241758,1.4835164835164836,3.4615384615384617,2.71978021978022,0.0727255087912088,20.02747252747253,DM/CM,58,56,47,53,86,55,72,73,61,80,91,88,61,48,25,100,62,70,34,94,19,33,38,52,52,52,44,16,33,81,45,78,97,30,81,66,72,94,94,92,33,23,25,44,88,81,53,94,97,66,94,84,72,94,97,97,88,47,25,100,69,84,50,100,19,33,38,52,52,52,44,16,33,81,45,78,97,30,97,72,75,100,94,97,47,34,38,56,2. Bundesliga
Bochum,eq1oq6y61xnzq88zu0cnw131z,d2pco79bmi3f9x3zahtf9q2mt,P. Hofmann,Philipp Hofmann,33,Attacker,Germany,Striker,29.0,48.0,4.0,77.0,38.0,6.0,18.0,15.0,3.0,3.0,1.0,2.0,45.0,6.0,2.0,0.0,540.0,7.0,30.0,5.0,0.0,1.0,0.0,0.0,0.0,0.0,0.0,63.11,100.0,0.0,0.0,38.89,53.57,67.86,50.0,1.962193673932501,0.3733554486770573,1.0,4.0,0.17445747,2.0,6.0,7.0,0.2008811599999999,26.0,4.833333333333333,8.0,0.6666666666666666,12.833333333333334,6.333333333333333,1.0,3.0,2.5,0.5,0.5,0.1666666666666666,0.3333333333333333,7.5,1.0,0.3333333333333333,0.0,1.1666666666666667,5.0,0.8333333333333334,0.0,0.1666666666666666,0.0,0.0,0.0,0.0,0.0,63.11,100.0,0.0,0.0,38.89,53.57,67.86,50.0,0.3270322789887501,0.0622259081128428,0.1666666666666666,0.6666666666666666,0.029076245,0.3333333333333333,1.0,1.1666666666666667,0.0334801933333333,4.333333333333333,ST,89,79,88,88,100,62,86,86,68,71,5,12,100,82,62,36,75,88,71,7,34,34,34,52,52,52,18,88,34,7,32,93,93,55,79,54,32,64,68,54,82,75,57,71,61,43,71,43,100,36,54,57,64,54,4,7,96,59,36,36,46,57,39,7,18,34,34,52,52,52,18,88,34,7,32,93,93,55,57,36,21,43,54,34,61,57,43,43,2. Bundesliga
Bochum,eq1oq6y61xnzq88zu0cnw131z,d3ikbsb9xrytwlf4ls34cvqol,K. Mets,Karol Mets,33,Defender,Estonia,Defender,251.0,116.0,28.0,367.0,8.0,2.0,0.0,0.0,0.0,0.0,1.0,1.0,13.0,16.0,0.0,9.0,495.0,0.0,2.0,0.0,0.0,3.0,0.0,0.0,1.0,0.0,0.0,89.73,71.79,0.0,0.0,0.0,46.43,44.44,60.0,0.0,0.0274303215663927,0.0,1.0,0.01689528,0.0,20.0,21.0,0.5368771299999999,203.0,45.63636363636363,21.09090909090909,5.090909090909091,66.72727272727273,1.4545454545454546,0.3636363636363636,0.0,0.0,0.0,0.0,0.1818181818181818,0.1818181818181818,2.363636363636364,2.909090909090909,0.0,1.6363636363636365,0.0,0.3636363636363636,0.0,0.0,0.5454545454545454,0.0,0.0,0.1818181818181818,0.0,0.0,89.73,71.79,0.0,0.0,0.0,46.43,44.44,60.0,0.0,0.0049873311938895,0.0,0.1818181818181818,0.003071869090909,0.0,3.636363636363636,3.8181818181818175,0.0976140236363636,36.90909090909091,CB,91,84,100,94,41,55,6,8,30,33,50,48,20,20,41,78,17,20,8,30,34,47,42,94,52,52,66,94,47,30,17,16,25,39,6,22,30,28,25,23,80,78,75,81,88,81,97,81,25,45,6,8,30,33,45,44,6,16,41,75,17,19,8,30,28,47,42,100,52,52,66,94,47,30,17,16,25,39,6,22,30,27,25,23,66,66,75,72,2. Bundesliga
Bochum,eq1oq6y61xnzq88zu0cnw131z,exnu0u4383rih0lxh5aizk5xw,T. Meyer,Tom Meyer,18,Midfielder,Germany,Midfielder,63.0,56.0,5.0,119.0,8.0,2.0,5.0,5.0,0.0,1.0,4.0,5.0,24.0,9.0,1.0,3.0,316.0,2.0,5.0,3.0,3.0,6.0,0.0,1.0,0.0,0.0,0.0,82.64,62.5,0.0,75.0,40.0,60.0,80.0,60.0,0.5649038596213887,0.1264886285802635,1.0,5.0,0.1109603,5.0,13.0,8.0,0.1405764199999999,41.0,17.943037974683545,15.949367088607596,1.4240506329113924,33.89240506329114,2.278481012658228,0.569620253164557,1.4240506329113924,1.4240506329113924,0.0,0.2848101265822785,1.139240506329114,1.4240506329113924,6.835443037974684,2.5632911392405062,0.2848101265822785,0.8544303797468354,0.569620253164557,1.4240506329113924,0.8544303797468354,0.8544303797468354,1.7088607594936709,0.0,0.2848101265822785,0.0,0.0,0.0,82.64,62.5,0.0,75.0,40.0,60.0,80.0,60.0,0.1608903397655854,0.0360252423171636,0.2848101265822785,1.4240506329113924,0.0316026170886075,1.4240506329113924,3.702531645569621,2.278481012658228,0.0400375879746835,11.67721518987342,DM/CM,22,19,23,19,67,25,42,86,9,36,47,56,52,55,69,14,62,34,23,75,52,33,83,52,52,52,28,81,33,91,70,94,100,56,66,22,33,44,41,86,25,12,3,9,47,34,41,41,88,34,66,100,9,44,72,81,91,78,84,31,84,62,41,88,84,33,91,52,52,52,28,81,33,91,70,94,100,56,88,31,38,59,53,94,53,12,3,6,2. Bundesliga
Osnabrück,8xvajtyria7w2ejfn2ilwq28i,282aj2w9kao690pbhg7kstdlg,R. Fabinski,Robin Fabinski,23,Defender,Germany,Defender,137.0,81.0,20.0,218.0,6.0,2.0,2.0,2.0,0.0,2.0,4.0,4.0,33.0,43.0,0.0,8.0,540.0,0.0,6.0,3.0,3.0,17.0,0.0,0.0,1.0,0.0,0.0,78.99,42.55,0.0,75.0,0.0,61.11,46.15,80.95,0.2568263897042613,0.0516720812111509,0.0,2.0,0.03932202,1.0,25.0,26.0,0.5344214299999998,145.0,22.83333333333333,13.5,3.333333333333333,36.333333333333336,1.0,0.3333333333333333,0.3333333333333333,0.3333333333333333,0.0,0.3333333333333333,0.6666666666666666,0.6666666666666666,5.5,7.166666666666667,0.0,1.3333333333333333,0.0,1.0,0.5,0.5,2.833333333333333,0.0,0.0,0.1666666666666666,0.0,0.0,78.99,42.55,0.0,75.0,0.0,61.11,46.15,80.95,0.0428043982840435,0.0086120135351918,0.0,0.3333333333333333,0.00655367,0.1666666666666666,4.166666666666667,4.333333333333333,0.0890702383333332,24.166666666666668,RB/RCB,85,65,96,85,71,33,29,60,13,85,48,44,85,100,42,92,21,60,42,73,100,23,38,90,52,52,46,46,23,90,21,85,50,85,50,12,17,25,23,33,92,88,54,88,81,31,90,69,50,25,13,38,13,77,33,29,77,96,42,87,21,48,37,62,100,23,38,87,52,52,46,46,23,90,21,85,50,85,38,12,17,12,12,23,88,77,42,88,2. Bundesliga
Osnabrück,8xvajtyria7w2ejfn2ilwq28i,2b70vt2e23kytcb3vjz9fpw8a,J. Gómez,Jonathan Gómez,23,Defender,USA,Defender,33.0,41.0,1.0,74.0,2.0,4.0,7.0,5.0,2.0,2.0,5.0,5.0,14.0,6.0,1.0,3.0,262.0,4.0,13.0,6.0,1.0,4.0,0.0,0.0,0.0,0.0,0.0,81.32,33.33,0.0,20.0,57.14,50.0,33.33,80.0,0.6456673417081825,0.2968294395927339,2.0,6.0,0.26404415,2.0,9.0,5.0,0.17239482,41.0,11.33587786259542,14.083969465648856,0.3435114503816794,25.41984732824428,0.6870229007633588,1.3740458015267176,2.404580152671756,1.717557251908397,0.6870229007633588,0.6870229007633588,1.717557251908397,1.717557251908397,4.809160305343512,2.0610687022900764,0.3435114503816794,1.0305343511450382,1.3740458015267176,4.465648854961832,2.0610687022900764,0.3435114503816794,1.3740458015267176,0.0,0.0,0.0,0.0,0.0,81.32,33.33,0.0,20.0,57.14,50.0,33.33,80.0,0.2217941250142611,0.1019643113104811,0.6870229007633588,2.0610687022900764,0.0907021889312977,0.6870229007633588,3.0916030534351147,1.717557251908397,0.0592195946564885,14.083969465648856,LB/LCB,16,18,5,14,25,57,91,98,70,82,59,57,27,20,95,32,100,95,77,34,48,11,39,46,52,52,50,23,11,25,89,25,25,88,89,46,82,54,86,29,21,7,7,18,25,29,4,29,39,75,100,100,79,93,82,82,64,36,96,54,100,100,93,36,68,11,39,46,52,52,50,23,11,25,89,25,25,88,96,57,89,71,100,43,43,7,11,29,2. Bundesliga
Osnabrück,8xvajtyria7w2ejfn2ilwq28i,2e5buyhiwaps1qloetwufkru1,R. Meißner,Robin Meißner,26,Attacker,Germany,Striker,39.0,65.0,4.0,101.0,6.0,7.0,22.0,16.0,6.0,8.0,9.0,11.0,21.0,2.0,2.0,0.0,522.0,9.0,28.0,3.0,7.0,2.0,3.0,0.0,0.0,0.0,0.0,67.79,57.14,33.33,77.78,40.91,45.65,27.27,40.0,1.7811776957153245,0.5789460006369789,3.0,7.0,0.17298132,7.0,9.0,15.0,0.35997955,48.0,6.724137931034483,11.20689655172414,0.6896551724137931,17.413793103448278,1.0344827586206895,1.206896551724138,3.793103448275862,2.7586206896551726,1.0344827586206895,1.3793103448275863,1.5517241379310345,1.896551724137931,3.6206896551724137,0.3448275862068966,0.3448275862068966,0.0,1.5517241379310345,4.827586206896552,0.5172413793103449,1.206896551724138,0.3448275862068966,0.5172413793103449,0.0,0.0,0.0,0.0,67.79,57.14,33.33,77.78,40.91,45.65,27.27,40.0,0.3070996027095387,0.0998182759718929,0.5172413793103449,1.206896551724138,0.0298243655172413,1.206896551724138,1.5517241379310345,2.586206896551724,0.0620654396551724,8.275862068965518,ST,96,96,88,100,55,77,93,89,93,100,77,84,71,32,62,36,91,80,36,95,64,82,34,52,52,52,29,48,89,86,43,75,21,38,71,82,71,79,64,93,91,100,82,100,82,75,75,86,29,61,82,68,82,96,61,64,25,21,46,36,75,50,11,82,39,82,34,52,52,52,29,48,89,86,43,75,21,38,50,64,61,64,57,93,82,89,64,93,2. Bundesliga
Osnabrück,8xvajtyria7w2ejfn2ilwq28i,6x4ywqmispidw0tznzpjwd1hx,A. Beck,Adrian Beck,29,Midfielder,Germany,Midfielder,87.0,110.0,8.0,191.0,12.0,11.0,8.0,3.0,5.0,1.0,11.0,11.0,34.0,7.0,0.0,5.0,492.0,1.0,8.0,7.0,4.0,5.0,6.0,2.0,0.0,0.0,0.0,81.62,80.0,35.29,36.36,12.5,44.74,46.15,45.45,1.16348869670842,1.04449952320426,2.0,17.0,0.41978593,6.0,20.0,19.0,0.50894189,99.0,15.914634146341465,20.121951219512194,1.4634146341463414,34.9390243902439,2.1951219512195124,2.0121951219512195,1.4634146341463414,0.5487804878048781,0.9146341463414634,0.1829268292682926,2.0121951219512195,2.0121951219512195,6.219512195121951,1.2804878048780488,0.0,0.9146341463414634,0.1829268292682926,1.4634146341463414,1.2804878048780488,0.7317073170731707,0.9146341463414634,1.0975609756097562,0.3658536585365853,0.0,0.0,0.0,81.62,80.0,35.29,36.36,12.5,44.74,46.15,45.45,0.2128332981783695,0.1910669859519987,0.3658536585365853,3.109756097560976,0.0767901091463414,1.0975609756097562,3.658536585365854,3.475609756097561,0.0930991262195121,18.10975609756097,CM/AM,93,63,63,78,100,83,48,35,67,15,63,61,93,96,37,81,26,35,59,48,78,81,91,52,50,52,56,81,74,22,19,48,78,37,85,81,28,78,78,69,78,52,48,74,93,52,48,67,96,63,33,22,52,7,48,44,89,93,37,74,19,26,48,30,63,67,80,52,50,52,56,81,74,22,19,48,78,37,67,67,19,63,67,44,67,37,26,74,2. Bundesliga
Osnabrück,8xvajtyria7w2ejfn2ilwq28i,88uz80ti7b0g6k38g4iy55ec5,B. Jacobsen,Bjarke Jacobsen,33,Midfielder,Denmark,Midfielder,97.0,84.0,7.0,181.0,23.0,2.0,9.0,6.0,3.0,4.0,4.0,4.0,42.0,25.0,1.0,7.0,528.0,2.0,11.0,5.0,3.0,7.0,0.0,0.0,0.0,0.0,0.0,78.7,41.18,0.0,75.0,22.22,54.55,60.53,53.85,0.9205114203736336,0.1754060776842567,2.0,2.0,0.04398591,2.0,17.0,21.0,0.4942585799999998,108.0,16.53409090909091,14.318181818181818,1.1931818181818183,30.85227272727273,3.920454545454546,0.3409090909090909,1.5340909090909092,1.0227272727272727,0.5113636363636364,0.6818181818181819,0.6818181818181819,0.6818181818181819,7.159090909090909,4.261363636363637,0.1704545454545454,1.1931818181818183,0.3409090909090909,1.875,0.8522727272727273,0.5113636363636364,1.1931818181818183,0.0,0.0,0.0,0.0,0.0,78.7,41.18,0.0,75.0,22.22,54.55,60.53,53.85,0.1569053557455057,0.0298987632416346,0.3409090909090909,0.3409090909090909,0.0074975982954545,0.3409090909090909,2.897727272727273,3.5795454545454546,0.084248621590909,18.40909090909091,DM/CM,62,44,41,48,100,25,86,94,61,94,47,44,97,97,69,67,62,89,50,75,75,33,38,52,52,52,22,28,33,91,39,62,72,45,94,28,55,16,16,47,44,67,66,69,44,25,31,25,100,12,81,91,50,84,41,41,94,97,56,53,56,81,38,75,53,33,38,52,52,52,22,28,33,91,39,62,72,45,84,25,47,9,12,41,28,50,53,50,2. Bundesliga
Osnabrück,8xvajtyria7w2ejfn2ilwq28i,9diqegpezvk9zo4ws18v1tysq,L. Münst,Leonhard Münst,24,Midfielder,Germany,Midfielder,18.0,40.0,2.0,54.0,2.0,5.0,2.0,1.0,1.0,1.0,2.0,3.0,13.0,0.0,0.0,3.0,206.0,1.0,4.0,7.0,1.0,2.0,4.0,1.0,0.0,0.0,0.0,64.29,20.0,44.44,50.0,50.0,44.83,50.0,66.67,0.2180762942703803,0.4606277455139016,1.0,3.0,0.05866817,2.0,13.0,8.0,0.4194068399999999,34.0,7.864077669902913,17.475728155339805,0.8737864077669903,23.59223300970874,0.8737864077669903,2.184466019417476,0.8737864077669903,0.4368932038834952,0.4368932038834952,0.4368932038834952,0.8737864077669903,1.3106796116504855,5.6796116504854375,0.0,0.0,1.3106796116504855,0.4368932038834952,1.7475728155339807,3.058252427184466,0.4368932038834952,0.8737864077669903,1.7475728155339807,0.4368932038834952,0.0,0.0,0.0,64.29,20.0,44.44,50.0,50.0,44.83,50.0,66.67,0.0952760508948263,0.2012451315351997,0.4368932038834952,1.3106796116504855,0.0256317247572815,0.8737864077669903,5.6796116504854375,3.4951456310679614,0.1832359980582524,14.854368932038836,CM/AM,26,7,17,7,59,26,4,9,6,15,4,4,22,13,37,50,26,15,59,7,39,57,61,52,50,52,4,11,89,59,89,54,89,70,7,26,11,7,4,7,41,17,33,22,41,37,30,33,85,74,11,15,9,41,13,26,78,13,37,89,41,31,96,15,59,89,96,52,50,52,4,11,89,59,89,54,89,70,30,70,33,11,11,22,89,41,81,52,2. Bundesliga
Osnabrück,8xvajtyria7w2ejfn2ilwq28i,ayb90lqv48ocodasevzeg81d5,N. Wiemann,Niklas Wiemann,27,Defender,Germany,Defender,109.0,63.0,15.0,172.0,9.0,1.0,3.0,3.0,0.0,0.0,0.0,0.0,30.0,22.0,1.0,6.0,540.0,1.0,5.0,4.0,0.0,12.0,0.0,0.0,0.0,0.0,0.0,75.77,40.54,0.0,0.0,33.33,57.69,50.0,70.59,0.3287018137504339,0.0874341101972685,0.0,1.0,0.01935132,0.0,16.0,23.0,0.4046515599999998,112.0,18.166666666666668,10.5,2.5,28.666666666666668,1.5,0.1666666666666666,0.5,0.5,0.0,0.0,0.0,0.0,5.0,3.6666666666666665,0.1666666666666666,1.0,0.1666666666666666,0.8333333333333334,0.6666666666666666,0.0,2.0,0.0,0.0,0.0,0.0,0.0,75.77,40.54,0.0,0.0,33.33,57.69,50.0,70.59,0.0547836356250723,0.0145723516995447,0.0,0.1666666666666666,0.00322522,0.0,2.6666666666666665,3.8333333333333335,0.0674419266666666,18.666666666666668,LB/LCB,75,43,89,64,93,20,57,79,18,23,7,7,93,93,95,66,59,55,54,12,96,11,39,46,52,52,14,54,11,12,66,61,48,71,68,18,18,4,4,7,66,73,36,75,54,7,80,43,75,14,32,57,18,23,7,7,71,71,91,50,46,39,43,12,93,11,39,46,52,52,14,54,11,12,66,61,48,71,54,14,18,4,4,7,36,46,14,57,2. Bundesliga
Osnabrück,8xvajtyria7w2ejfn2ilwq28i,cyz34cdwlfy058918kk84s3it,J. Müller,Jannik Müller,32,Defender,Germany,Defender,145.0,50.0,8.0,195.0,6.0,0.0,3.0,2.0,1.0,2.0,3.0,3.0,22.0,36.0,0.0,12.0,539.0,0.0,3.0,4.0,2.0,8.0,0.0,0.0,0.0,0.0,0.0,82.98,26.67,0.0,66.67,0.0,46.81,31.58,80.0,0.3126271475867884,0.0,1.0,0.0,0.0,0.0,13.0,17.0,0.3519233699999999,136.0,24.211502782931355,8.348794063079778,1.3358070500927643,32.560296846011134,1.0018552875695732,0.0,0.5009276437847866,0.3339517625231911,0.1669758812615955,0.3339517625231911,0.5009276437847866,0.5009276437847866,3.673469387755102,6.01113172541744,0.0,2.0037105751391464,0.0,0.5009276437847866,0.6679035250463822,0.3339517625231911,1.3358070500927643,0.0,0.0,0.0,0.0,0.0,82.98,26.67,0.0,66.67,0.0,46.81,31.58,80.0,0.0522011934746028,0.0,0.1669758812615955,0.0,0.0,0.0,2.170686456400742,2.8385899814471243,0.0587627148423005,22.708719851577,CB,34,20,17,25,23,6,59,56,72,89,81,78,53,80,41,95,17,39,70,80,89,47,42,44,52,52,12,9,47,72,17,19,6,84,62,9,70,9,9,23,34,52,31,41,16,9,12,9,16,6,53,56,66,88,75,72,38,69,41,94,17,28,53,72,91,47,42,44,52,52,12,9,47,72,17,19,6,84,56,9,59,9,9,23,22,31,16,25,2. Bundesliga
Osnabrück,8xvajtyria7w2ejfn2ilwq28i,d0hdy4qxltsfy99ks2uj9yod1,F. Wagner,Fridolin Wagner,28,Midfielder,Germany,Midfielder,74.0,71.0,11.0,143.0,11.0,2.0,3.0,2.0,1.0,0.0,3.0,3.0,33.0,7.0,0.0,5.0,445.0,1.0,5.0,9.0,2.0,6.0,2.0,0.0,0.0,0.0,0.0,71.5,45.83,40.0,66.67,33.33,57.89,57.89,54.55,0.2124137842617434,0.2823591951298404,1.0,5.0,0.1076950399999999,1.0,15.0,18.0,0.4486379799999999,86.0,14.96629213483146,14.359550561797752,2.224719101123596,28.92134831460674,2.224719101123596,0.4044943820224719,0.6067415730337078,0.4044943820224719,0.2022471910112359,0.0,0.6067415730337078,0.6067415730337078,6.674157303370786,1.4157303370786516,0.0,1.0112359550561798,0.2022471910112359,1.0112359550561798,1.820224719101124,0.4044943820224719,1.2134831460674156,0.4044943820224719,0.0,0.0,0.0,0.0,71.5,45.83,40.0,66.67,33.33,57.89,57.89,54.55,0.0429600911990042,0.0571063540712036,0.2022471910112359,1.0112359550561798,0.0217810193258426,0.2022471910112359,3.033707865168539,3.640449438202247,0.090735771235955,17.39325842696629,DM/CM,30,28,55,30,86,25,28,45,28,12,34,31,84,39,25,42,34,34,84,56,52,89,38,52,52,52,3,44,81,81,61,84,66,50,22,53,33,44,38,28,39,55,56,47,22,28,56,22,84,22,25,47,34,12,34,31,84,28,25,38,34,34,81,56,56,88,38,52,52,52,3,44,81,81,61,84,66,50,19,53,34,41,38,28,31,53,59,47,2. Bundesliga
Osnabrück,8xvajtyria7w2ejfn2ilwq28i,dhh6ijia10zku28xmjczqu784,I. Badjie,Ismail Badjie,20,Attacker,Germany,Striker,20.0,26.0,1.0,46.0,0.0,3.0,9.0,4.0,5.0,2.0,10.0,10.0,10.0,3.0,1.0,1.0,263.0,4.0,7.0,2.0,3.0,2.0,0.0,0.0,0.0,0.0,0.0,75.41,33.33,0.0,30.0,44.44,34.48,0.0,40.0,0.5396928457533605,0.1906047646167588,6.0,5.0,0.13000329,1.0,4.0,3.0,0.14138051,22.0,6.844106463878328,8.897338403041825,0.3422053231939164,15.741444866920151,0.0,1.0266159695817492,3.0798479087452475,1.3688212927756656,1.711026615969582,0.6844106463878328,3.422053231939164,3.422053231939164,3.422053231939164,1.0266159695817492,0.3422053231939164,0.3422053231939164,1.3688212927756656,2.3954372623574147,0.6844106463878328,1.0266159695817492,0.6844106463878328,0.0,0.0,0.0,0.0,0.0,75.41,33.33,0.0,30.0,44.44,34.48,0.0,40.0,0.1846857647064732,0.0652259650779783,2.0532319391634983,1.711026615969582,0.0444878178707224,0.3422053231939164,1.3688212927756656,1.0266159695817492,0.0483811631178707,7.52851711026616,ST,61,30,41,43,5,32,38,18,88,55,84,77,16,46,34,77,48,7,16,64,64,34,34,52,52,52,75,36,34,21,55,4,5,38,18,29,91,73,57,30,62,43,46,64,89,57,43,75,5,43,61,18,96,68,93,93,21,64,43,75,61,11,29,68,79,34,34,52,52,52,75,36,34,21,55,4,5,38,25,43,96,82,61,43,71,50,54,82,2. Bundesliga
Osnabrück,8xvajtyria7w2ejfn2ilwq28i,dmmvtfxdbolx1bih0y14xux91,P. Kammerbauer,Patrick Kammerbauer,29,Defender,Germany,Defender,72.0,60.0,5.0,129.0,3.0,6.0,4.0,2.0,2.0,1.0,4.0,4.0,14.0,10.0,0.0,7.0,482.0,1.0,4.0,6.0,1.0,2.0,3.0,0.0,0.0,0.0,0.0,72.88,41.67,17.65,25.0,25.0,43.75,33.33,50.0,0.1788637822453561,0.6266832077559911,0.0,1.0,0.02756312,0.0,10.0,15.0,0.7992501499999999,66.0,13.443983402489629,11.20331950207469,0.933609958506224,24.087136929460584,0.5601659751037344,1.120331950207469,0.7468879668049793,0.3734439834024896,0.3734439834024896,0.1867219917012448,0.7468879668049793,0.7468879668049793,2.6141078838174274,1.867219917012448,0.0,1.3070539419087135,0.1867219917012448,0.7468879668049793,1.120331950207469,0.1867219917012448,0.3734439834024896,0.5601659751037344,0.0,0.0,0.0,0.0,72.88,41.67,17.65,25.0,25.0,43.75,33.33,50.0,0.0333978016640706,0.1170155367179236,0.0,0.1867219917012448,0.0051466406639004,0.0,1.867219917012448,2.8008298755186725,0.1492375798755186,12.323651452282158,RB/RCB,56,40,17,42,31,87,62,60,62,65,48,44,27,42,42,85,58,42,85,31,17,69,38,42,52,52,15,42,58,29,58,23,19,23,38,85,17,10,15,10,35,44,88,46,42,19,12,23,27,73,58,50,54,69,38,38,4,23,42,81,54,38,69,35,12,69,38,42,52,52,15,42,58,29,58,23,19,23,27,77,17,4,4,10,23,27,77,35,2. Bundesliga
Wolfsburg,a8l3w3n0j99qjlsxj3jnmgkz1,2mwe6l0eu1tisri3eu26fx8x6,K. Fischer,Kilian Fischer,25,Defender,Germany,Defender,72.0,79.0,8.0,151.0,5.0,3.0,6.0,3.0,3.0,3.0,4.0,4.0,23.0,13.0,0.0,7.0,368.0,1.0,10.0,3.0,3.0,9.0,0.0,0.0,0.0,0.0,0.0,82.07,66.67,0.0,75.0,16.67,53.49,45.45,75.0,0.4054651620619017,0.1536432541448055,2.0,9.0,0.19780397,5.0,12.0,14.0,0.4011242499999999,71.0,17.608695652173914,19.320652173913047,1.956521739130435,36.92934782608696,1.2228260869565215,0.7336956521739131,1.4673913043478262,0.7336956521739131,0.7336956521739131,0.7336956521739131,0.9782608695652176,0.9782608695652176,5.625,3.179347826086957,0.0,1.7119565217391306,0.2445652173913043,2.4456521739130435,0.7336956521739131,0.7336956521739131,2.2010869565217392,0.0,0.0,0.0,0.0,0.0,82.07,66.67,0.0,75.0,16.67,53.49,45.45,75.0,0.0991626755042694,0.0375757958506317,0.4891304347826087,2.2010869565217392,0.048375970923913,1.2228260869565215,2.9347826086956523,3.423913043478261,0.0981010394021738,17.36413043478261,RB/RCB,56,62,44,65,58,54,85,79,83,96,48,44,62,54,42,85,58,90,42,73,73,23,38,42,52,52,62,98,23,90,50,54,46,65,73,42,65,92,88,83,44,38,35,58,62,77,69,73,65,58,92,88,85,100,50,46,81,58,42,92,65,88,54,73,96,23,38,42,52,52,62,98,23,90,50,54,46,65,88,38,73,96,85,81,42,42,50,65,2. Bundesliga
Wolfsburg,a8l3w3n0j99qjlsxj3jnmgkz1,32ko5zzk7805mp4q4n3iwiihg,K. Shiogai,Kento Shiogai,21,Attacker,Japan,Striker,12.0,13.0,0.0,25.0,4.0,3.0,7.0,6.0,1.0,2.0,5.0,5.0,10.0,2.0,0.0,1.0,216.0,2.0,11.0,1.0,4.0,1.0,0.0,0.0,0.0,0.0,0.0,73.53,0.0,0.0,80.0,28.57,38.46,50.0,100.0,0.9063370336191876,0.1248141965730592,2.0,1.0,0.04066992,1.0,2.0,2.0,0.0485602099999998,8.0,5.0,5.416666666666667,0.0,10.416666666666668,1.6666666666666667,1.25,2.916666666666667,2.5,0.4166666666666667,0.8333333333333334,2.083333333333333,2.083333333333333,4.166666666666667,0.8333333333333334,0.0,0.4166666666666667,0.8333333333333334,4.583333333333334,0.4166666666666667,1.6666666666666667,0.4166666666666667,0.0,0.0,0.0,0.0,0.0,73.53,0.0,0.0,80.0,28.57,38.46,50.0,100.0,0.3776404306746615,0.0520059152387746,0.8333333333333334,0.4166666666666667,0.0169458,0.4166666666666667,0.8333333333333334,0.8333333333333334,0.0202334208333332,3.333333333333333,RW,33,11,22,11,50,44,22,33,28,39,11,11,11,33,28,33,28,11,11,11,28,11,33,56,56,56,67,22,11,89,33,22,83,100,22,11,39,11,11,44,17,11,11,11,67,11,22,22,100,44,67,78,44,67,11,11,22,44,28,44,44,33,11,67,44,11,33,56,56,56,67,22,11,89,33,22,83,100,78,33,67,11,11,44,22,11,11,22,2. Bundesliga
Wolfsburg,a8l3w3n0j99qjlsxj3jnmgkz1,4kolmisdpprx0wrahisadl5n9,E. Rexhbeçaj,Elvis Rexhbeçaj,28,Midfielder,Kosovo,Midfielder,69.0,66.0,4.0,133.0,2.0,8.0,1.0,0.0,1.0,0.0,2.0,3.0,17.0,5.0,0.0,5.0,329.0,0.0,3.0,5.0,1.0,6.0,2.0,0.0,0.0,0.0,0.0,83.12,30.77,33.33,50.0,0.0,53.12,50.0,66.67,0.0598952499500279,0.717258844595262,0.0,1.0,0.02401521,2.0,14.0,14.0,0.4466904499999999,68.0,18.87537993920973,18.054711246200608,1.094224924012158,36.38297872340426,0.547112462006079,2.188449848024316,0.2735562310030395,0.0,0.2735562310030395,0.0,0.547112462006079,0.8206686930091186,4.650455927051672,1.3677811550151977,0.0,1.3677811550151977,0.0,0.8206686930091186,1.3677811550151977,0.2735562310030395,1.6413373860182372,0.547112462006079,0.0,0.0,0.0,0.0,83.12,30.77,33.33,50.0,0.0,53.12,50.0,66.67,0.0163847188313146,0.1962106261810747,0.0,0.2735562310030395,0.0065695103343465,0.547112462006079,3.8297872340425534,3.8297872340425534,0.1221949559270516,18.601823708206688,LM/LCM,100,44,61,67,56,67,11,11,44,22,11,11,22,78,28,100,11,11,39,22,83,56,39,56,56,56,78,22,67,56,11,100,72,67,11,67,11,11,11,28,83,67,33,94,100,89,67,100,67,100,11,11,56,22,11,11,67,89,28,100,11,11,56,22,100,67,39,56,56,56,78,22,67,56,11,100,72,67,11,89,11,11,11,33,100,78,44,100,2. Bundesliga
Wolfsburg,a8l3w3n0j99qjlsxj3jnmgkz1,65v1s740zfmpwkc0z1v3aisd0,M. Damar,Muhammed Damar,22,Midfielder,Germany,Midfielder,67.0,101.0,8.0,167.0,0.0,7.0,13.0,4.0,9.0,2.0,12.0,12.0,20.0,3.0,1.0,2.0,417.0,6.0,12.0,8.0,7.0,1.0,1.0,0.0,0.0,0.0,0.0,81.46,44.44,8.33,58.33,46.15,42.55,0.0,20.0,1.0549807879233846,0.5858039847827159,7.0,7.0,0.14782863,4.0,22.0,23.0,0.81876458,74.0,14.460431654676258,21.79856115107913,1.7266187050359711,36.0431654676259,0.0,1.5107913669064748,2.805755395683453,0.8633093525179856,1.9424460431654675,0.4316546762589928,2.5899280575539567,2.5899280575539567,4.316546762589928,0.6474820143884892,0.2158273381294964,0.4316546762589928,1.2949640287769784,2.5899280575539567,1.7266187050359711,1.5107913669064748,0.2158273381294964,0.2158273381294964,0.0,0.0,0.0,0.0,81.46,44.44,8.33,58.33,46.15,42.55,0.0,20.0,0.2276936952352628,0.1264325147013055,1.5107913669064748,1.5107913669064748,0.0319054597122302,0.8633093525179856,4.748201438848921,4.964028776978417,0.176711779856115,15.971223021582732,CM/AM,78,59,63,67,17,50,80,52,93,39,70,70,57,63,78,31,81,52,69,80,22,37,22,52,50,52,52,30,33,85,85,37,20,19,81,41,89,24,19,33,81,67,67,59,81,59,70,70,17,37,63,52,81,37,67,63,37,63,81,26,81,44,59,81,19,41,22,52,50,52,52,30,33,85,85,37,20,19,70,33,89,15,15,19,81,67,74,56,2. Bundesliga
Wolfsburg,a8l3w3n0j99qjlsxj3jnmgkz1,6lfje6glfgycun47flgmc9jvt,J. Mæhle,Joakim Mæhle,29,Defender,Denmark,Defender,125.0,113.0,10.0,233.0,1.0,7.0,5.0,3.0,2.0,2.0,7.0,7.0,22.0,8.0,0.0,8.0,449.0,1.0,5.0,5.0,4.0,9.0,5.0,3.0,0.0,0.0,0.0,88.93,62.5,83.33,57.14,20.0,56.41,14.29,75.0,0.636177767154214,0.59329056082169,2.0,16.0,0.43830074,4.0,18.0,24.0,1.1946525500000011,125.0,25.05567928730512,22.65033407572383,2.0044543429844097,46.70378619153675,0.2004454342984409,1.4031180400890868,1.0022271714922049,0.6013363028953229,0.4008908685968819,0.4008908685968819,1.4031180400890868,1.4031180400890868,4.409799554565701,1.6035634743875278,0.0,1.6035634743875278,0.2004454342984409,1.0022271714922049,1.0022271714922049,0.8017817371937639,1.8040089086859687,1.0022271714922049,0.6013363028953229,0.0,0.0,0.0,88.93,62.5,83.33,57.14,20.0,56.41,14.29,75.0,0.1275189288282389,0.1189223841290692,0.4008908685968819,3.207126948775056,0.087855382182628,0.8017817371937639,3.6080178173719375,4.810690423162583,0.2394626492204902,25.05567928730512,LB/LCB,86,82,79,86,14,82,79,79,70,82,77,75,62,36,45,96,59,55,68,80,93,80,100,46,52,52,100,89,100,73,52,50,14,80,86,79,82,100,100,70,75,79,93,79,75,75,68,79,11,79,75,71,57,71,75,71,46,14,45,75,68,50,57,82,86,79,100,46,52,52,100,89,100,73,52,50,14,80,86,79,68,100,96,57,57,68,96,71,2. Bundesliga
Wolfsburg,a8l3w3n0j99qjlsxj3jnmgkz1,adi6l78sdvet408eho4fi4xk9,Vini Souza,Vinicius de Souza Costa,27,Midfielder,Brazil,Midfielder,101.0,144.0,16.0,244.0,6.0,5.0,4.0,2.0,2.0,1.0,6.0,6.0,26.0,11.0,2.0,4.0,505.0,2.0,4.0,4.0,2.0,7.0,1.0,0.0,0.0,0.0,0.0,85.92,61.54,33.33,33.33,50.0,57.78,75.0,50.0,0.3064034754928087,0.3197371620919078,1.0,10.0,0.23185764,3.0,24.0,28.0,0.6995826199999999,138.0,18.0,25.663366336633665,2.851485148514852,43.48514851485149,1.0693069306930694,0.8910891089108911,0.712871287128713,0.3564356435643565,0.3564356435643565,0.1782178217821782,1.0693069306930694,1.0693069306930694,4.633663366336634,1.9603960396039608,0.3564356435643565,0.712871287128713,0.3564356435643565,0.712871287128713,0.712871287128713,0.3564356435643565,1.2475247524752475,0.1782178217821782,0.0,0.0,0.0,0.0,85.92,61.54,33.33,33.33,50.0,57.78,75.0,50.0,0.0546065599888174,0.056982860570835,0.1782178217821782,1.7821782178217822,0.0413211635643564,0.5346534653465347,4.2772277227722775,4.99009900990099,0.1246780906930693,24.594059405940595,DM/CM,69,88,83,84,56,67,34,45,44,36,73,70,56,64,92,28,62,23,34,56,75,75,38,52,52,52,66,73,78,33,89,81,89,30,34,62,33,78,75,69,77,92,91,81,50,91,69,81,47,59,31,38,41,34,66,59,50,44,91,19,62,16,28,44,66,72,38,52,52,52,66,73,78,33,89,81,89,30,28,50,31,75,69,56,75,97,84,84,2. Bundesliga
Wolfsburg,a8l3w3n0j99qjlsxj3jnmgkz1,al6dgtinz0ki8uj8wrvc7fg2c,S. Kumbedi,Saël Kumbedi,21,Defender,France,Defender,53.0,68.0,2.0,120.0,2.0,4.0,2.0,0.0,2.0,2.0,8.0,8.0,10.0,6.0,0.0,1.0,263.0,0.0,6.0,1.0,2.0,3.0,1.0,0.0,0.0,0.0,0.0,86.96,33.33,50.0,25.0,0.0,34.48,66.67,60.0,0.1061735985119492,0.2570382273697738,1.0,9.0,0.20493453,3.0,11.0,18.0,0.5792941599999999,79.0,18.136882129277566,23.26996197718632,0.6844106463878328,41.06463878326996,0.6844106463878328,1.3688212927756656,0.6844106463878328,0.0,0.6844106463878328,0.6844106463878328,2.737642585551331,2.737642585551331,3.422053231939164,2.0532319391634983,0.0,0.3422053231939164,0.0,2.0532319391634983,0.3422053231939164,0.6844106463878328,1.0266159695817492,0.3422053231939164,0.0,0.0,0.0,0.0,86.96,33.33,50.0,25.0,0.0,34.48,66.67,60.0,0.0363331705934426,0.0879598496702648,0.3422053231939164,3.0798479087452475,0.0701296870722433,1.0266159695817492,3.76425855513308,6.159695817490495,0.1982375452471482,27.03422053231939,LB/LCB,39,50,12,36,25,57,32,18,70,82,86,82,18,20,45,9,21,68,16,50,36,32,39,46,52,52,82,23,95,29,21,11,77,48,14,39,54,79,75,48,39,57,57,54,50,82,14,64,36,71,46,18,75,89,93,93,25,32,45,11,21,82,18,71,39,36,39,46,52,52,82,23,95,29,21,11,77,48,25,50,61,93,86,64,64,93,82,82,2. Bundesliga
Wolfsburg,a8l3w3n0j99qjlsxj3jnmgkz1,bb1x3kz4wsx5pjpymhw5mmve2,A. Bernhardsson,Alexander Bernhardsson,28,Attacker,Sweden,Striker,29.0,86.0,1.0,110.0,5.0,15.0,13.0,10.0,3.0,4.0,22.0,23.0,29.0,10.0,3.0,2.0,507.0,5.0,32.0,5.0,12.0,4.0,5.0,3.0,0.0,0.0,0.0,68.32,50.0,33.33,54.55,38.46,46.77,35.71,57.14,1.0993010405147894,1.4717988642524935,6.0,18.0,0.54953337,7.0,9.0,16.0,1.6901205700000002,51.0,5.147928994082839,15.266272189349111,0.1775147928994082,19.52662721893491,0.8875739644970414,2.662721893491124,2.3076923076923075,1.7751479289940828,0.5325443786982248,0.7100591715976331,3.9053254437869818,4.082840236686391,5.147928994082839,1.7751479289940828,0.5325443786982248,0.3550295857988165,0.8875739644970414,5.680473372781065,0.8875739644970414,2.130177514792899,0.7100591715976331,0.8875739644970414,0.5325443786982248,0.0,0.0,0.0,68.32,50.0,33.33,54.55,38.46,46.77,35.71,57.14,0.1951421965410868,0.2612660705773656,1.0650887573964496,3.195266272189349,0.0975503023668639,1.242603550295858,1.5976331360946745,2.8402366863905324,0.3000214029585799,9.05325443786982,RW,89,89,56,89,89,89,89,94,72,89,100,100,89,100,78,50,72,100,50,100,83,89,100,56,56,56,44,100,83,56,56,44,33,72,78,89,100,89,89,94,78,89,100,89,78,78,44,67,56,89,56,44,56,56,89,89,56,100,67,33,56,67,33,78,67,78,100,56,56,56,44,100,83,56,56,44,33,72,33,89,78,78,78,89,67,67,89,89,2. Bundesliga
Wolfsburg,a8l3w3n0j99qjlsxj3jnmgkz1,bbfl8vdz0htr9pcl641q9byl1,F. Reese,Fabian Reese,28,Attacker,Germany,Striker,58.0,107.0,15.0,157.0,3.0,22.0,28.0,15.0,13.0,11.0,24.0,25.0,32.0,1.0,3.0,5.0,528.0,6.0,34.0,2.0,16.0,4.0,8.0,4.0,0.0,0.0,0.0,80.1,68.18,15.69,66.67,21.43,68.09,60.0,36.36,1.7005133594567448,2.292642045693484,12.0,23.0,0.7130244,4.0,15.0,26.0,2.31877486,60.0,9.886363636363637,18.238636363636363,2.556818181818182,26.76136363636364,0.5113636363636364,3.75,4.772727272727273,2.556818181818182,2.215909090909092,1.875,4.090909090909091,4.261363636363637,5.454545454545455,0.1704545454545454,0.5113636363636364,0.8522727272727273,1.0227272727272727,5.795454545454546,0.3409090909090909,2.7272727272727275,0.6818181818181819,1.3636363636363638,0.6818181818181819,0.0,0.0,0.0,80.1,68.18,15.69,66.67,21.43,68.09,60.0,36.36,0.2898602317255815,0.3907912577886621,2.0454545454545454,3.920454545454546,0.12153825,0.6818181818181819,2.556818181818182,4.431818181818183,0.3952457147727273,10.227272727272728,LW,75,83,92,67,42,96,100,92,100,100,75,79,83,29,75,96,83,92,12,92,71,92,96,50,50,50,75,92,67,100,25,100,100,17,92,100,100,67,83,54,83,92,100,83,58,83,92,67,33,100,100,92,100,100,58,58,67,17,67,83,58,92,8,92,58,83,92,50,50,50,75,92,67,100,25,100,100,17,92,100,100,58,67,33,83,92,100,83,2. Bundesliga
Wolfsburg,a8l3w3n0j99qjlsxj3jnmgkz1,e7if3ma2jblaurrokcxadk0k5,R. Glatzel,Robert Glatzel,32,Attacker,Germany,Striker,12.0,35.0,0.0,47.0,6.0,3.0,11.0,10.0,1.0,0.0,2.0,2.0,11.0,6.0,4.0,0.0,273.0,7.0,18.0,3.0,1.0,1.0,0.0,1.0,0.0,0.0,0.0,71.21,0.0,0.0,50.0,63.64,39.29,54.55,100.0,1.1159552316111705,0.1901463626538999,1.0,3.0,0.15152474,1.0,3.0,6.0,0.09558885,18.0,3.956043956043956,11.538461538461538,0.0,15.494505494505496,1.978021978021978,0.989010989010989,3.6263736263736255,3.296703296703297,0.3296703296703296,0.0,0.6593406593406593,0.6593406593406593,3.6263736263736255,1.978021978021978,1.3186813186813189,0.0,2.307692307692308,5.934065934065934,0.989010989010989,0.3296703296703296,0.3296703296703296,0.0,0.3296703296703296,0.0,0.0,0.0,71.21,0.0,0.0,50.0,63.64,39.29,54.55,100.0,0.3678973291025837,0.0626856140617252,0.3296703296703296,0.989010989010989,0.0499532109890109,0.3296703296703296,0.989010989010989,1.978021978021978,0.0315128076923076,5.934065934065934,ST,25,61,18,46,55,32,57,66,34,14,14,12,21,82,95,36,75,54,36,18,34,34,75,52,52,52,46,18,34,61,88,39,75,91,46,25,32,50,61,30,46,70,32,52,36,79,18,64,71,32,75,86,39,14,18,18,29,100,100,36,96,82,54,18,36,34,82,52,52,52,46,18,34,61,88,39,75,91,68,39,36,61,68,29,57,75,39,75,2. Bundesliga
Wolfsburg,a8l3w3n0j99qjlsxj3jnmgkz1,eeam67v6h8omb3tt9run8k7bo,M. Angély,Mathys Angély,19,Defender,France,Defender,106.0,63.0,5.0,169.0,5.0,2.0,3.0,2.0,1.0,1.0,1.0,1.0,13.0,16.0,0.0,4.0,268.0,0.0,3.0,2.0,1.0,3.0,0.0,1.0,0.0,0.0,0.0,89.89,45.45,0.0,100.0,0.0,50.0,55.56,60.0,0.282774689106037,0.1388635829327636,1.0,4.0,0.0840739799999999,2.0,15.0,12.0,0.28893185,117.0,35.59701492537313,21.15671641791045,1.67910447761194,56.75373134328358,1.67910447761194,0.6716417910447761,1.007462686567164,0.6716417910447761,0.335820895522388,0.335820895522388,0.335820895522388,0.335820895522388,4.365671641791045,5.3731343283582085,0.0,1.343283582089552,0.0,1.007462686567164,0.6716417910447761,0.335820895522388,1.007462686567164,0.0,0.335820895522388,0.0,0.0,0.0,89.89,45.45,0.0,100.0,0.0,50.0,55.56,60.0,0.0949616493266542,0.046633292775928,0.335820895522388,1.343283582089552,0.0282337992537313,0.6716417910447761,5.037313432835821,4.029850746268656,0.0970293526119402,39.2910447761194,CB,12,41,11,12,19,55,59,56,72,75,50,48,20,20,41,20,17,39,36,62,34,47,92,44,52,52,69,38,47,91,17,33,45,39,56,59,70,72,75,81,42,22,22,22,66,84,22,66,38,84,78,75,84,91,69,66,50,53,41,56,17,62,56,75,72,47,100,44,52,52,69,38,47,91,17,33,45,39,72,88,88,81,78,94,91,78,72,84,2. Bundesliga
Wolfsburg,a8l3w3n0j99qjlsxj3jnmgkz1,effmy99qczj7w9kb28u5y7mqd,H. Wahl,Hauke Wahl,32,Defender,Germany,Defender,272.0,115.0,17.0,387.0,7.0,5.0,3.0,2.0,1.0,0.0,0.0,0.0,18.0,35.0,1.0,12.0,540.0,1.0,3.0,3.0,0.0,8.0,0.0,0.0,0.0,0.0,0.0,92.81,54.84,0.0,0.0,33.33,56.25,53.85,100.0,0.3178604449473765,0.2010939118707148,0.0,4.0,0.08512428,2.0,28.0,18.0,0.81458948,234.0,45.333333333333336,19.166666666666668,2.833333333333333,64.5,1.1666666666666667,0.8333333333333334,0.5,0.3333333333333333,0.1666666666666666,0.0,0.0,0.0,3.0,5.833333333333333,0.1666666666666666,2.0,0.1666666666666666,0.5,0.5,0.0,1.3333333333333333,0.0,0.0,0.0,0.0,0.0,92.81,54.84,0.0,0.0,33.33,56.25,53.85,100.0,0.0529767408245627,0.0335156519784524,0.0,0.6666666666666666,0.01418738,0.3333333333333333,4.666666666666667,3.0,0.1357649133333333,39.0,CB,97,81,66,97,30,98,59,56,72,33,19,19,42,73,91,95,58,39,56,30,89,47,42,44,52,52,94,66,47,30,59,56,41,95,66,69,30,72,78,81,91,58,97,97,84,75,50,78,22,95,48,45,61,33,19,19,23,62,81,91,39,25,39,30,88,47,42,44,52,52,94,66,47,30,59,56,41,95,59,66,30,58,62,67,84,34,91,81,2. Bundesliga
