Team,contestantId,playerId,Short Name,Player Name,Age,Position_x,Nationality,Position_y,total accurate back zone pass_Total,total accurate fwd zone pass_Total,total accurate pass_Total,total duels won_Total,total mins played,total touches in opposition box_Total,total was fouled_Total,total won tackle_Total,total accurate long balls_Total,total aerial won_Total,total att assist_Total,total attempt_Total,total attempts ibox_Total,total big chances saved_Total,total blocked scoring att_Total,total contest_Total,total dribbles attempted_Total,total effective clearance_Total,total interception_Total,total assists_Total,total attempts obox_Total,total goals_Total,total ontarget attempt_Total,total accurate cross_Total,total won contest_Total,total direct setpiece goals_Total,total direct corner goals_Total,pass_success_pct_Total,long_balls_success_pct_Total,cross_success_pct_Total,dribble_success_pct_Total,attempt_success_pct_Total,duel_success_pct_Total,aerial_success_pct_Total,tackle_success_pct_Total,xG_Total,xA_Total,CreatedOwnShot_Total,Total Carries_Total,Total Carry xT_Total,Total Final Third Carries_Total,passes_into_final_third_Total,progressive_passes_Total,xT_pass_Total,forward_passes_Total,total accurate back zone pass_p90,total accurate fwd zone pass_p90,total accurate pass_p90,total duels won_p90,total touches in opposition box_p90,total was fouled_p90,total won tackle_p90,total accurate long balls_p90,total aerial won_p90,total att assist_p90,total attempt_p90,total attempts ibox_p90,total big chances saved_p90,total blocked scoring att_p90,total contest_p90,total dribbles attempted_p90,total effective clearance_p90,total interception_p90,total assists_p90,total attempts obox_p90,total goals_p90,total ontarget attempt_p90,total accurate cross_p90,total won contest_p90,total direct setpiece goals_p90,total direct corner goals_p90,pass_success_pct_p90,long_balls_success_pct_p90,cross_success_pct_p90,dribble_success_pct_p90,attempt_success_pct_p90,duel_success_pct_p90,aerial_success_pct_p90,tackle_success_pct_p90,xG_p90,xA_p90,CreatedOwnShot_p90,Total Carries_p90,Total Carry xT_p90,Total Final Third Carries_p90,passes_into_final_third_p90,progressive_passes_p90,xT_pass_p90,forward_passes_p90,Pos.,total accurate back zone pass_TotalPR,total accurate fwd zone pass_TotalPR,total accurate pass_TotalPR,total duels won_TotalPR,total touches in opposition box_TotalPR,total was fouled_TotalPR,total won tackle_TotalPR,total accurate long balls_TotalPR,total aerial won_TotalPR,total att assist_TotalPR,total attempt_TotalPR,total attempts ibox_TotalPR,total big chances saved_TotalPR,total blocked scoring att_TotalPR,total contest_TotalPR,total dribbles attempted_TotalPR,total effective clearance_TotalPR,total interception_TotalPR,total assists_TotalPR,total attempts obox_TotalPR,total goals_TotalPR,total ontarget attempt_TotalPR,total accurate cross_TotalPR,total won contest_TotalPR,total direct setpiece goals_TotalPR,total direct corner goals_TotalPR,pass_success_pct_TotalPR,long_balls_success_pct_TotalPR,cross_success_pct_TotalPR,dribble_success_pct_TotalPR,attempt_success_pct_TotalPR,duel_success_pct_TotalPR,aerial_success_pct_TotalPR,tackle_success_pct_TotalPR,xG_TotalPR,xA_TotalPR,CreatedOwnShot_TotalPR,Total Carries_TotalPR,Total Carry xT_TotalPR,Total Final Third Carries_TotalPR,passes_into_final_third_TotalPR,progressive_passes_TotalPR,xT_pass_TotalPR,forward_passes_TotalPR,total accurate back zone pass_p90PR,total accurate fwd zone pass_p90PR,total accurate pass_p90PR,total duels won_p90PR,total touches in opposition box_p90PR,total was fouled_p90PR,total won tackle_p90PR,total accurate long balls_p90PR,total aerial won_p90PR,total att assist_p90PR,total attempt_p90PR,total attempts ibox_p90PR,total big chances saved_p90PR,total blocked scoring att_p90PR,total contest_p90PR,total dribbles attempted_p90PR,total effective clearance_p90PR,total interception_p90PR,total assists_p90PR,total attempts obox_p90PR,total goals_p90PR,total ontarget attempt_p90PR,total accurate cross_p90PR,total won contest_p90PR,total direct setpiece goals_p90PR,total direct corner goals_p90PR,pass_success_pct_p90PR,long_balls_success_pct_p90PR,cross_success_pct_p90PR,dribble_success_pct_p90PR,attempt_success_pct_p90PR,duel_success_pct_p90PR,aerial_success_pct_p90PR,tackle_success_pct_p90PR,xG_p90PR,xA_p90PR,CreatedOwnShot_p90PR,Total Carries_p90PR,Total Carry xT_p90PR,Total Final Third Carries_p90PR,passes_into_final_third_p90PR,progressive_passes_p90PR,xT_pass_p90PR,forward_passes_p90PR,League
ADO Den Haag,e8hiwrw6ocxm5iht6sp7jiv19,1ainxl6zw3ne3doloixspdez8,P. Mulder,Pascal Mulder,27,Defender,Netherlands,Defender,235.0,107.0,342.0,39.0,613.0,12.0,5.0,9.0,27.0,19.0,2.0,5.0,5.0,0.0,0.0,3.0,3.0,36.0,21.0,0.0,0.0,0.0,1.0,0.0,2.0,0.0,0.0,87.24,55.1,0.0,66.67,20.0,52.0,54.29,69.23,0.6153462703592762,0.1778490933375486,0.0,13.0,0.48040752,1.0,33.0,35.0,0.7415272699999996,211.0,34.50244698205547,15.70962479608483,50.2120717781403,5.725938009787928,1.7618270799347473,0.734094616639478,1.3213703099510603,3.964110929853181,2.789559543230016,0.2936378466557912,0.734094616639478,0.734094616639478,0.0,0.0,0.4404567699836868,0.4404567699836868,5.285481239804241,3.0831973898858074,0.0,0.0,0.0,0.1468189233278956,0.0,0.2936378466557912,0.0,0.0,87.24,55.1,0.0,66.67,20.0,52.0,54.29,69.23,0.0903444768879851,0.0261116123986612,0.0,1.9086460032626429,0.0705329148450244,0.1468189233278956,4.8450244698205545,5.138662316476346,0.1088702353996736,30.978792822185973,CB,93,51,80,94,96,73,90,88,88,63,89,95,40,26,80,78,78,100,39,29,35,63,39,78,51,51,44,71,39,66,49,24,46,68,85,66,33,83,98,32,72,84,83,78,78,44,51,85,95,61,80,83,76,56,80,83,40,26,66,63,61,98,39,29,35,59,39,71,51,51,44,71,39,66,49,24,46,68,73,61,33,73,93,24,59,73,73,59,Eredivisie
ADO Den Haag,e8hiwrw6ocxm5iht6sp7jiv19,1cfenhtdvum1vtwn1fd01fzhm,J. Kilo,Juho Kilo,24,Midfielder,Finland,Midfielder,228.0,202.0,422.0,30.0,630.0,4.0,4.0,12.0,27.0,6.0,9.0,5.0,2.0,0.0,2.0,2.0,2.0,16.0,4.0,1.0,3.0,0.0,3.0,8.0,1.0,0.0,0.0,88.84,55.1,42.11,50.0,60.0,56.6,85.71,63.16,0.3702141876541551,0.8558440850909959,2.0,16.0,0.3206807,6.0,45.0,35.0,1.0689559600000005,228.0,32.57142857142857,28.857142857142858,60.285714285714285,4.285714285714286,0.5714285714285714,0.5714285714285714,1.7142857142857142,3.857142857142857,0.8571428571428571,1.2857142857142858,0.7142857142857143,0.2857142857142857,0.0,0.2857142857142857,0.2857142857142857,0.2857142857142857,2.2857142857142856,0.5714285714285714,0.1428571428571428,0.4285714285714285,0.0,0.4285714285714285,1.1428571428571428,0.1428571428571428,0.0,0.0,88.84,55.1,42.11,50.0,60.0,56.6,85.71,63.16,0.0528877410934507,0.1222634407272851,0.2857142857142857,2.2857142857142856,0.0458115285714285,0.8571428571428571,6.428571428571429,5.0,0.1527079942857143,32.57142857142857,DM/CM,100,100,100,79,45,39,98,100,66,91,59,57,48,73,16,16,79,48,82,70,36,79,96,23,52,52,75,68,61,39,82,54,96,68,61,93,68,82,71,70,96,93,89,96,100,82,96,54,29,20,93,96,57,77,46,39,48,62,9,9,54,34,70,54,36,68,93,14,52,52,75,68,61,39,82,54,96,68,43,82,48,71,50,55,93,71,75,93,Eredivisie
ADO Den Haag,e8hiwrw6ocxm5iht6sp7jiv19,1sb4655mgzrdohlltyk9fqlzp,D. van Mieghem,Daryl van Mieghem,36,Attacker,Netherlands,Striker,28.0,46.0,71.0,13.0,407.0,4.0,9.0,0.0,11.0,2.0,2.0,7.0,3.0,0.0,3.0,8.0,8.0,1.0,3.0,0.0,4.0,0.0,2.0,3.0,0.0,0.0,0.0,60.17,52.38,15.0,0.0,28.57,48.15,66.67,0.0,0.4845376860931248,0.2236407505597372,1.0,4.0,0.1172523599999999,0.0,16.0,16.0,0.4917227,35.0,6.191646191646192,10.171990171990172,15.7002457002457,2.8746928746928746,0.8845208845208845,1.9901719901719903,0.0,2.4324324324324325,0.4422604422604422,0.4422604422604422,1.547911547911548,0.6633906633906634,0.0,0.6633906633906634,1.769041769041769,1.769041769041769,0.2211302211302211,0.6633906633906634,0.0,0.8845208845208845,0.0,0.4422604422604422,0.6633906633906634,0.0,0.0,0.0,60.17,52.38,15.0,0.0,28.57,48.15,66.67,0.0,0.1071459256716983,0.0494537286250033,0.2211302211302211,0.8845208845208845,0.0259280402948402,0.0,3.538083538083538,3.538083538083538,0.1087347493857494,7.73955773955774,RW,59,24,26,9,12,94,9,88,53,6,21,18,50,32,29,29,21,56,26,59,24,26,50,6,53,53,6,41,35,6,41,50,82,9,18,18,15,12,12,6,91,62,35,29,47,6,12,12,6,94,9,94,53,6,18,18,50,29,24,24,18,59,26,59,24,24,47,6,53,53,6,41,35,6,41,50,82,9,18,18,12,12,12,6,94,65,29,35,Eredivisie
ADO Den Haag,e8hiwrw6ocxm5iht6sp7jiv19,3l3v5wj4c7vtqqwu05b526590,J. Jensen-Abbew,Jonas Jensen-Abbew,24,Defender,Denmark,Defender,41.0,27.0,68.0,4.0,204.0,3.0,2.0,0.0,4.0,1.0,2.0,1.0,1.0,0.0,0.0,0.0,0.0,8.0,0.0,0.0,0.0,0.0,0.0,0.0,0.0,0.0,0.0,77.27,36.36,0.0,0.0,0.0,33.33,14.29,0.0,0.1180721891091049,0.1614380035686616,0.0,2.0,0.04691444,0.0,3.0,6.0,0.13012556,40.0,18.08823529411765,11.911764705882351,30.0,1.7647058823529411,1.3235294117647058,0.8823529411764706,0.0,1.7647058823529411,0.4411764705882353,0.8823529411764706,0.4411764705882353,0.4411764705882353,0.0,0.0,0.0,0.0,3.5294117647058822,0.0,0.0,0.0,0.0,0.0,0.0,0.0,0.0,0.0,77.27,36.36,0.0,0.0,0.0,33.33,14.29,0.0,0.0520906716657815,0.071222648633233,0.0,0.8823529411764706,0.0206975470588235,0.0,1.3235294117647058,2.647058823529412,0.0574083352941176,17.647058823529413,RB/RCB,11,11,11,5,11,21,5,29,13,24,21,29,47,24,16,16,26,8,32,18,45,18,16,18,53,53,26,42,16,18,18,5,16,5,26,16,26,16,16,8,11,13,11,21,58,32,42,5,42,58,5,79,21,53,37,68,47,24,16,16,53,8,32,18,45,18,16,18,53,53,26,42,16,18,18,5,16,5,58,47,26,42,37,8,21,32,16,63,Eredivisie
ADO Den Haag,e8hiwrw6ocxm5iht6sp7jiv19,4isvhkgvsyqhoyvwd38agic5w,M. Hokke,Milan Hokke,22,Defender,Netherlands,Defender,176.0,121.0,293.0,33.0,605.0,7.0,3.0,13.0,28.0,6.0,10.0,4.0,1.0,0.0,2.0,4.0,5.0,23.0,7.0,1.0,3.0,0.0,1.0,4.0,2.0,0.0,0.0,81.84,49.12,26.67,50.0,25.0,57.89,37.5,59.09,0.2456236809468317,0.676471150021306,2.0,7.0,0.20291467,2.0,36.0,40.0,0.9861097000000004,163.0,26.18181818181818,18.0,43.58677685950413,4.909090909090909,1.0413223140495869,0.4462809917355372,1.9338842975206607,4.1652892561983474,0.8925619834710744,1.487603305785124,0.5950413223140496,0.1487603305785124,0.0,0.2975206611570248,0.5950413223140496,0.743801652892562,3.4214876033057853,1.0413223140495869,0.1487603305785124,0.4462809917355372,0.0,0.1487603305785124,0.5950413223140496,0.2975206611570248,0.0,0.0,81.84,49.12,26.67,50.0,25.0,57.89,37.5,59.09,0.0365390599755617,0.1006320719039959,0.2975206611570248,1.0413223140495869,0.0301856533884297,0.2975206611570248,5.355371900826446,5.950413223140496,0.1466940049586777,24.24793388429752,LB/LCB,100,73,88,96,50,40,100,100,85,79,75,40,50,83,63,65,88,77,73,94,44,75,62,58,50,52,46,81,60,73,71,79,31,54,58,62,79,56,58,29,92,96,65,88,96,58,77,81,46,23,96,100,58,73,65,27,50,81,50,50,65,58,65,92,44,65,58,54,50,52,46,81,60,73,71,79,31,54,42,62,73,50,58,23,81,88,65,81,Eredivisie
ADO Den Haag,e8hiwrw6ocxm5iht6sp7jiv19,5f8ajd8cgyvmmdzr0lzi1gtii,E. Rottier,Evan Rottier,24,Attacker,Netherlands,Striker,28.0,60.0,85.0,19.0,535.0,15.0,9.0,1.0,7.0,5.0,11.0,7.0,5.0,0.0,2.0,1.0,2.0,4.0,1.0,2.0,2.0,1.0,3.0,3.0,1.0,0.0,0.0,76.58,58.33,50.0,100.0,42.86,48.72,41.67,25.0,0.6911659917646759,0.8518709857934682,4.0,10.0,0.3511512599999999,2.0,5.0,9.0,0.5071837899999999,35.0,4.710280373831775,10.093457943925234,14.299065420560748,3.1962616822429903,2.5233644859813085,1.514018691588785,0.1682242990654205,1.1775700934579438,0.8411214953271028,1.8504672897196264,1.1775700934579438,0.8411214953271028,0.0,0.3364485981308411,0.1682242990654205,0.3364485981308411,0.6728971962616822,0.1682242990654205,0.3364485981308411,0.3364485981308411,0.1682242990654205,0.5046728971962616,0.5046728971962616,0.1682242990654205,0.0,0.0,76.58,58.33,50.0,100.0,42.86,48.72,41.67,25.0,0.1162709145024688,0.143305399479275,0.6728971962616822,1.6822429906542056,0.0590721745794392,0.3364485981308411,0.8411214953271028,1.514018691588785,0.0853206375700934,5.887850467289719,ST,68,82,76,53,24,83,33,97,33,88,27,20,52,53,8,17,61,64,88,55,30,32,97,26,52,52,76,64,98,95,59,73,58,23,21,91,83,91,88,67,77,88,88,85,61,79,61,24,9,79,21,97,21,88,15,18,52,42,6,9,42,58,88,39,21,21,97,15,52,52,76,64,98,95,59,73,58,23,15,88,70,91,88,64,67,88,79,88,Eredivisie
ADO Den Haag,e8hiwrw6ocxm5iht6sp7jiv19,6bd8f7n398r2c92uve249rzmc,O. Raterink,Othniël Raterink,20,Defender,Netherlands,Defender,58.0,46.0,101.0,26.0,403.0,6.0,1.0,8.0,3.0,6.0,4.0,3.0,2.0,0.0,2.0,4.0,4.0,19.0,1.0,0.0,1.0,0.0,0.0,3.0,3.0,0.0,0.0,82.11,37.5,30.0,75.0,0.0,70.27,60.0,50.0,0.2207790087440841,0.3591459729865337,1.0,8.0,0.17586478,4.0,7.0,7.0,0.25865702,36.0,12.952853598014888,10.272952853598015,22.555831265508683,5.806451612903226,1.3399503722084367,0.2233250620347394,1.7866004962779156,0.6699751861042184,1.3399503722084367,0.8933002481389578,0.6699751861042184,0.4466501240694789,0.0,0.4466501240694789,0.8933002481389578,0.8933002481389578,4.2431761786600495,0.2233250620347394,0.0,0.2233250620347394,0.0,0.0,0.6699751861042184,0.6699751861042184,0.0,0.0,82.11,37.5,30.0,75.0,0.0,70.27,60.0,50.0,0.0493054858237408,0.0802062966967445,0.2233250620347394,1.7866004962779156,0.0392750129032258,0.8933002481389578,1.563275434243176,1.563275434243176,0.0577645950372208,8.03970223325062,RB/RCB,26,32,21,58,34,5,66,13,63,47,45,61,47,71,61,61,63,18,32,47,45,18,71,84,53,53,58,53,74,95,18,100,84,21,37,53,68,53,53,53,26,24,21,11,32,26,32,89,47,5,79,21,68,58,63,74,47,79,79,79,68,21,32,58,45,18,74,84,53,53,58,53,74,95,18,100,84,21,47,53,79,63,63,58,26,21,21,11,Eredivisie
ADO Den Haag,e8hiwrw6ocxm5iht6sp7jiv19,7d9x6ojih9obktxl3fnrjskk4,M. Waem,Matteo Waem,26,Defender,Belgium,Defender,177.0,41.0,218.0,17.0,349.0,1.0,1.0,3.0,13.0,7.0,0.0,1.0,0.0,0.0,0.0,2.0,2.0,26.0,7.0,0.0,1.0,0.0,1.0,0.0,1.0,0.0,0.0,89.34,52.0,0.0,50.0,100.0,56.67,63.64,37.5,0.0367823415603722,0.0,1.0,3.0,0.05617798,1.0,10.0,7.0,0.19745588,112.0,45.64469914040114,10.573065902578795,56.21776504297994,4.383954154727793,0.2578796561604584,0.2578796561604584,0.7736389684813754,3.35243553008596,1.805157593123209,0.0,0.2578796561604584,0.0,0.0,0.0,0.5157593123209169,0.5157593123209169,6.70487106017192,1.805157593123209,0.0,0.2578796561604584,0.0,0.2578796561604584,0.0,0.2578796561604584,0.0,0.0,89.34,52.0,0.0,50.0,100.0,56.67,63.64,37.5,0.0094854175943653,0.0,0.2578796561604584,0.7736389684813754,0.0144871581661891,0.2578796561604584,2.5787965616045847,1.805157593123209,0.0509198544412607,28.882521489971342,CB,56,12,27,27,15,17,39,43,29,12,21,10,40,26,62,61,46,61,39,76,35,63,39,56,51,51,61,66,39,57,98,49,72,17,10,12,79,27,22,32,24,16,17,27,100,12,68,49,15,20,54,66,44,12,27,10,40,26,76,73,83,76,39,88,35,78,39,61,51,51,61,66,39,57,98,49,72,17,10,12,90,39,32,39,32,20,20,51,Eredivisie
ADO Den Haag,e8hiwrw6ocxm5iht6sp7jiv19,8kns1kywrlakjwll1cxs19r3e,N. Thomas,Nigel Thomas,25,Attacker,Curaçao,Striker,16.0,44.0,59.0,11.0,259.0,3.0,2.0,1.0,1.0,0.0,3.0,9.0,1.0,0.0,4.0,12.0,13.0,5.0,0.0,1.0,8.0,1.0,2.0,1.0,6.0,0.0,0.0,84.29,25.0,12.5,50.0,22.22,42.31,0.0,33.33,0.4506904072457722,0.3614507972218,7.0,9.0,0.2726138,4.0,8.0,7.0,0.4909925599999999,15.0,5.55984555984556,15.28957528957529,20.501930501930502,3.8223938223938223,1.0424710424710424,0.694980694980695,0.3474903474903475,0.3474903474903475,0.0,1.0424710424710424,3.1274131274131274,0.3474903474903475,0.0,1.38996138996139,4.1698841698841695,4.517374517374518,1.7374517374517375,0.0,0.3474903474903475,2.77992277992278,0.3474903474903475,0.694980694980695,0.3474903474903475,2.0849420849420848,0.0,0.0,84.29,25.0,12.5,50.0,22.22,42.31,0.0,33.33,0.1566105662243996,0.1256006631272664,2.4324324324324325,3.1274131274131274,0.0947306640926641,1.38996138996139,2.77992277992278,2.4324324324324325,0.1706151752895752,5.212355212355212,LW,6,25,19,6,6,22,16,16,16,31,50,9,53,75,44,47,75,12,62,94,47,31,28,69,53,53,75,12,31,75,25,44,16,16,25,38,72,25,31,28,72,19,31,6,50,44,38,31,6,25,25,19,16,38,88,12,53,100,75,75,100,12,81,100,69,31,31,88,53,53,75,12,31,75,25,44,16,16,44,44,88,44,50,56,88,38,62,6,Eredivisie
ADO Den Haag,e8hiwrw6ocxm5iht6sp7jiv19,c82umtdnxng9vgwogrbznr1be,J. Hawkins,Jalen Hawkins,25,Midfielder,USA,Midfielder,9.0,36.0,40.0,12.0,279.0,8.0,7.0,1.0,1.0,1.0,7.0,4.0,2.0,0.0,2.0,6.0,6.0,3.0,0.0,0.0,2.0,0.0,0.0,5.0,2.0,0.0,0.0,65.57,11.11,23.81,33.33,0.0,42.86,50.0,50.0,0.3011937661439305,0.7515799868317734,4.0,3.0,0.08768049,2.0,2.0,7.0,0.46947705,17.0,2.903225806451613,11.612903225806452,12.903225806451612,3.870967741935484,2.5806451612903225,2.258064516129032,0.3225806451612903,0.3225806451612903,0.3225806451612903,2.258064516129032,1.2903225806451613,0.6451612903225806,0.0,0.6451612903225806,1.935483870967741,1.935483870967741,0.9677419354838708,0.0,0.0,0.6451612903225806,0.0,0.0,1.6129032258064515,0.6451612903225806,0.0,0.0,65.57,11.11,23.81,33.33,0.0,42.86,50.0,50.0,0.0971592794012679,0.2424451570425075,1.2903225806451613,0.9677419354838708,0.028284029032258,0.6451612903225806,0.6451612903225806,2.258064516129032,0.1514442096774193,5.483870967741935,RM/RCM,11,22,11,11,22,83,11,17,44,61,28,17,56,33,33,33,33,17,28,44,22,22,78,28,56,56,11,11,100,22,22,22,67,22,22,67,56,17,22,28,11,22,44,22,11,22,11,33,44,100,22,22,56,78,33,33,56,67,56,44,44,17,28,44,22,22,89,33,56,56,11,11,100,22,22,22,67,22,33,78,78,11,22,44,11,22,67,22,Eredivisie
ADO Den Haag,e8hiwrw6ocxm5iht6sp7jiv19,cgnl3msfddxlw37gu1jtiu42c,Y. Eduardo,Yannick Eduardo,20,Attacker,Czechia,Striker,22.0,26.0,48.0,26.0,504.0,26.0,7.0,2.0,0.0,8.0,3.0,10.0,9.0,0.0,1.0,13.0,14.0,1.0,0.0,1.0,1.0,2.0,4.0,0.0,7.0,0.0,0.0,77.42,0.0,0.0,53.85,40.0,38.24,30.77,50.0,1.6630096397266678,0.2004346506238569,2.0,6.0,0.25136991,3.0,1.0,2.0,0.09945786,8.0,3.928571428571429,4.642857142857143,8.571428571428571,4.642857142857143,4.642857142857143,1.25,0.3571428571428571,0.0,1.4285714285714286,0.5357142857142857,1.7857142857142858,1.6071428571428572,0.0,0.1785714285714285,2.321428571428572,2.5,0.1785714285714285,0.0,0.1785714285714285,0.1785714285714285,0.3571428571428571,0.7142857142857143,0.0,1.25,0.0,0.0,77.42,0.0,0.0,53.85,40.0,38.24,30.77,50.0,0.2969660070940478,0.0357919018971173,0.3571428571428571,1.0714285714285714,0.0448874839285714,0.5357142857142857,0.1785714285714285,0.3571428571428571,0.0177603321428571,1.4285714285714286,ST,55,20,45,70,65,71,62,18,52,30,48,50,52,24,92,94,20,24,62,26,50,41,39,97,52,52,82,18,39,67,53,36,21,41,64,30,52,82,82,80,29,27,33,14,42,6,18,64,48,61,55,18,35,15,30,30,52,15,88,91,15,24,55,21,36,30,39,91,52,52,82,18,39,67,53,36,21,41,61,15,39,70,73,73,21,9,21,6,Eredivisie
ADO Den Haag,e8hiwrw6ocxm5iht6sp7jiv19,cn74cq8r7zsppzq52p518sums,J. Bal,Jesse Bal,19,Attacker,Netherlands,Striker,9.0,32.0,41.0,10.0,228.0,13.0,3.0,0.0,0.0,6.0,2.0,7.0,6.0,0.0,1.0,1.0,1.0,1.0,0.0,0.0,1.0,1.0,3.0,0.0,1.0,0.0,0.0,69.49,0.0,0.0,100.0,42.86,34.48,50.0,0.0,0.588691473145687,0.0827441533427454,0.0,2.0,0.04770298,3.0,0.0,2.0,0.2099947799999999,10.0,3.5526315789473686,12.63157894736842,16.18421052631579,3.947368421052632,5.131578947368421,1.1842105263157896,0.0,0.0,2.368421052631579,0.7894736842105263,2.763157894736842,2.368421052631579,0.0,0.3947368421052631,0.3947368421052631,0.3947368421052631,0.3947368421052631,0.0,0.0,0.3947368421052631,0.3947368421052631,1.1842105263157896,0.0,0.3947368421052631,0.0,0.0,69.49,0.0,0.0,100.0,42.86,34.48,50.0,0.0,0.2323782130838238,0.0326621657931889,0.0,0.7894736842105263,0.0188301236842105,1.1842105263157896,0.0,0.7894736842105263,0.0828926763157894,3.947368421052632,ST,14,36,26,12,17,38,11,18,39,15,27,29,52,24,8,6,20,24,24,26,30,32,39,26,52,52,48,18,39,95,59,21,77,11,15,9,9,27,27,80,11,27,58,24,27,94,82,39,67,52,11,18,58,36,67,61,52,52,12,12,30,24,24,52,39,61,39,39,52,52,48,18,39,95,59,21,77,11,39,12,9,58,42,91,11,48,76,45,Eredivisie
ADO Den Haag,e8hiwrw6ocxm5iht6sp7jiv19,eyx1wga1fue6lb5a0ak5f32i2,S. Oumar Sylla,Sékou Sylla,27,Defender,Guinea,Defender,70.0,41.0,110.0,23.0,396.0,2.0,10.0,7.0,3.0,0.0,1.0,3.0,2.0,0.0,1.0,1.0,1.0,18.0,3.0,0.0,1.0,1.0,1.0,1.0,0.0,0.0,0.0,78.01,16.67,20.0,0.0,33.33,52.27,0.0,53.85,0.2208414478337309,0.0329510174019645,2.0,1.0,0.01611813,1.0,9.0,9.0,0.22075603,41.0,15.909090909090908,9.318181818181817,25.0,5.227272727272727,0.4545454545454545,2.2727272727272725,1.5909090909090908,0.6818181818181818,0.0,0.2272727272727272,0.6818181818181818,0.4545454545454545,0.0,0.2272727272727272,0.2272727272727272,0.2272727272727272,4.090909090909091,0.6818181818181818,0.0,0.2272727272727272,0.2272727272727272,0.2272727272727272,0.2272727272727272,0.0,0.0,0.0,78.01,16.67,20.0,0.0,33.33,52.27,0.0,53.85,0.0501912381440297,0.0074888675913555,0.4545454545454545,0.2272727272727272,0.0036632113636363,0.2272727272727272,2.0454545454545454,2.0454545454545454,0.0501718249999999,9.318181818181817,LB/LCB,42,15,27,67,25,96,79,12,4,23,56,65,50,56,21,17,71,23,33,58,94,75,33,15,50,52,23,4,38,15,83,38,6,35,46,19,79,19,19,17,27,29,19,23,50,12,23,92,27,92,73,8,4,19,77,73,50,65,15,12,81,31,33,69,100,88,27,15,50,52,23,4,38,15,83,38,6,35,62,19,92,19,19,15,23,23,15,23,Eredivisie
Ajax,d0zdg647gvgc95xdtk1vpbkys,1o7se1aziz6fpes5hey7yijft,Caio Henrique,Caio Henrique Oliveira Silva,29,Defender,Brazil,Defender,77.0,165.0,236.0,18.0,488.0,15.0,4.0,5.0,12.0,4.0,8.0,2.0,0.0,0.0,0.0,3.0,3.0,5.0,4.0,1.0,2.0,0.0,0.0,6.0,1.0,0.0,0.0,86.45,60.0,23.08,33.33,0.0,56.25,80.0,55.56,0.1019900510063777,0.7035541183170323,1.0,25.0,0.62146163,12.0,30.0,34.0,1.5563372000000006,127.0,14.200819672131146,30.43032786885246,43.52459016393443,3.319672131147541,2.7663934426229506,0.7377049180327868,0.9221311475409836,2.2131147540983607,0.7377049180327868,1.4754098360655736,0.3688524590163934,0.0,0.0,0.0,0.5532786885245902,0.5532786885245902,0.9221311475409836,0.7377049180327868,0.1844262295081967,0.3688524590163934,0.0,0.0,1.1065573770491803,0.1844262295081967,0.0,0.0,86.45,60.0,23.08,33.33,0.0,56.25,80.0,55.56,0.0188096405544549,0.129753833296174,0.1844262295081967,4.610655737704918,0.114613825204918,2.2131147540983607,5.532786885245901,6.270491803278688,0.2870294016393444,23.422131147540984,LB/LCB,62,85,79,44,92,56,50,81,44,71,37,13,50,21,50,46,8,38,73,83,44,31,85,40,50,52,73,92,50,44,31,63,92,38,23,73,56,88,88,83,85,85,85,81,35,88,73,35,96,50,42,77,31,69,35,13,50,21,46,42,8,35,81,85,44,31,81,42,50,52,73,92,50,44,31,63,92,38,23,69,62,81,85,81,85,92,92,69,Eredivisie
Ajax,d0zdg647gvgc95xdtk1vpbkys,2wesmq2wuhnuwh2yhgkuaxqfo,A. Bouwman,Aaron Bouwman,19,Defender,Netherlands,Defender,166.0,154.0,319.0,13.0,354.0,1.0,2.0,2.0,6.0,6.0,2.0,1.0,1.0,0.0,0.0,3.0,3.0,10.0,4.0,0.0,0.0,0.0,1.0,1.0,3.0,0.0,0.0,95.22,40.0,100.0,100.0,100.0,59.09,60.0,100.0,0.1401019769182688,0.1575303087464771,0.0,16.0,0.33054453,6.0,29.0,31.0,0.7015446300000002,205.0,42.20338983050848,39.15254237288136,81.10169491525424,3.305084745762712,0.2542372881355932,0.5084745762711864,0.5084745762711864,1.5254237288135597,1.5254237288135597,0.5084745762711864,0.2542372881355932,0.2542372881355932,0.0,0.0,0.7627118644067797,0.7627118644067797,2.5423728813559325,1.0169491525423728,0.0,0.0,0.0,0.2542372881355932,0.2542372881355932,0.7627118644067797,0.0,0.0,95.22,40.0,100.0,100.0,100.0,59.09,60.0,100.0,0.0356191466741361,0.040050078494867,0.0,4.067796610169491,0.0840367449152542,1.5254237288135597,7.372881355932204,7.88135593220339,0.1783588042372882,52.118644067796616,CB,44,78,71,15,15,34,23,17,26,63,21,28,40,26,80,78,11,18,39,29,35,63,87,93,51,51,100,28,94,89,98,56,60,96,34,61,33,93,90,88,63,73,78,71,95,90,93,24,12,37,34,22,32,85,24,29,40,26,98,95,7,39,39,29,35,76,95,98,51,51,100,28,94,89,98,56,60,96,41,83,33,95,95,90,85,88,95,93,Eredivisie
Ajax,d0zdg647gvgc95xdtk1vpbkys,47l204bkq2qqjhtazusr0019m,Y. Baas,Youri Baas,23,Defender,Netherlands,Defender,233.0,297.0,530.0,22.0,564.0,13.0,7.0,1.0,6.0,11.0,7.0,6.0,5.0,0.0,2.0,3.0,3.0,20.0,6.0,0.0,1.0,1.0,1.0,0.0,1.0,0.0,0.0,94.64,42.86,0.0,33.33,16.67,53.66,50.0,25.0,0.742582139853802,0.5086006172621748,1.0,27.0,0.5671958799999998,16.0,80.0,56.0,1.1658413299999997,341.0,37.180851063829785,47.3936170212766,84.57446808510639,3.5106382978723403,2.074468085106383,1.1170212765957448,0.1595744680851064,0.9574468085106383,1.75531914893617,1.1170212765957448,0.9574468085106383,0.7978723404255319,0.0,0.3191489361702128,0.4787234042553192,0.4787234042553192,3.191489361702128,0.9574468085106383,0.0,0.1595744680851064,0.1595744680851064,0.1595744680851064,0.0,0.1595744680851064,0.0,0.0,94.64,42.86,0.0,33.33,16.67,53.66,50.0,25.0,0.1184971499766705,0.0811596729673683,0.1595744680851064,4.308510638297872,0.0905099808510637,2.5531914893617023,12.76595744680851,8.936170212765958,0.1860385101063829,54.41489361702128,CB,90,100,100,49,100,90,10,17,49,99,98,95,40,91,80,78,28,48,39,76,83,63,39,56,51,51,98,35,39,50,44,32,29,7,95,98,79,100,100,100,100,98,100,100,88,95,95,29,100,90,5,7,41,98,88,88,40,88,71,68,17,34,39,71,76,63,39,56,51,51,98,35,39,50,44,32,29,7,88,98,78,98,98,95,98,95,98,95,Eredivisie
Ajax,d0zdg647gvgc95xdtk1vpbkys,4n18t6bixl6ba3bx76hym51qs,A. Gaaei,Anton Gaaei,23,Defender,Denmark,Defender,79.0,132.0,204.0,23.0,360.0,6.0,2.0,7.0,7.0,4.0,6.0,9.0,3.0,0.0,2.0,5.0,5.0,4.0,2.0,0.0,6.0,0.0,2.0,7.0,5.0,0.0,0.0,85.0,36.84,29.17,100.0,22.22,57.5,30.77,58.33,0.5449238425419969,0.6124683185676512,5.0,9.0,0.2184961099999999,8.0,22.0,29.0,0.8868994000000001,99.0,19.75,33.0,51.0,5.75,1.5,0.5,1.75,1.75,1.0,1.5,2.25,0.75,0.0,0.5,1.25,1.25,1.0,0.5,0.0,1.5,0.0,0.5,1.75,1.25,0.0,0.0,85.0,36.84,29.17,100.0,22.22,57.5,30.77,58.33,0.1362309606354992,0.1531170796419128,1.25,2.25,0.0546240274999999,2.0,5.5,7.25,0.22172485,24.75,RB/RCB,53,74,63,47,34,21,47,61,39,63,95,82,47,71,74,74,5,26,32,100,45,89,95,89,53,53,68,47,68,100,58,58,26,47,84,74,100,61,63,76,79,87,68,68,68,84,84,79,63,26,74,74,58,84,100,84,47,89,84,84,11,32,32,100,45,95,100,95,53,53,68,47,68,100,58,58,26,47,89,89,100,68,68,84,89,89,84,84,Eredivisie
Ajax,d0zdg647gvgc95xdtk1vpbkys,7joybllup4h9oe6zfhcepjy6t,S. Berghuis,Steven Berghuis,34,Attacker,Netherlands,Striker,31.0,158.0,180.0,22.0,406.0,26.0,5.0,7.0,8.0,2.0,14.0,16.0,11.0,0.0,4.0,12.0,13.0,2.0,1.0,2.0,5.0,1.0,6.0,9.0,5.0,0.0,0.0,86.54,61.54,22.5,41.67,37.5,51.16,66.67,70.0,1.228184499454706,1.5166943715469103,4.0,20.0,0.54432059,5.0,17.0,26.0,1.16126735,89.0,6.87192118226601,35.02463054187192,39.90147783251231,4.876847290640394,5.763546798029557,1.1083743842364533,1.5517241379310345,1.7733990147783252,0.4433497536945813,3.103448275862069,3.5467980295566504,2.438423645320197,0.0,0.8866995073891626,2.6600985221674875,2.8817733990147785,0.4433497536945813,0.2216748768472906,0.4433497536945813,1.1083743842364533,0.2216748768472906,1.3300492610837438,1.995073891625616,1.1083743842364533,0.0,0.0,86.54,61.54,22.5,41.67,37.5,51.16,66.67,70.0,0.2722576476623732,0.3362130380276402,0.8866995073891626,4.433497536945813,0.1206621997536945,1.1083743842364533,3.768472906403941,5.763546798029557,0.2574237967980295,19.72906403940887,RW,71,94,88,71,71,65,94,79,53,82,85,76,50,56,50,47,38,21,91,74,56,85,79,50,53,53,94,53,65,41,71,71,82,71,53,82,47,65,65,38,100,97,76,97,71,100,94,59,82,47,88,71,59,88,82,76,50,65,59,59,29,24,94,88,47,82,88,53,53,53,94,53,65,41,71,71,82,71,71,88,41,71,65,35,100,100,71,100,Eredivisie
Ajax,d0zdg647gvgc95xdtk1vpbkys,8hgpvnzy2mra3ps209tniq7f8,O. Gloukh,Oscar Gloukh,22,Midfielder,Israel,Midfielder,34.0,222.0,252.0,33.0,449.0,55.0,11.0,3.0,6.0,0.0,19.0,26.0,18.0,0.0,7.0,23.0,23.0,1.0,1.0,4.0,8.0,1.0,11.0,4.0,18.0,0.0,0.0,88.11,60.0,25.0,78.26,42.31,63.46,0.0,75.0,2.6066007143520027,1.5183156978652728,9.0,81.0,2.4778310400000008,22.0,14.0,25.0,1.9495018200000005,90.0,6.815144766146993,44.498886414253896,50.512249443207125,6.614699331848552,11.024498886414252,2.2048997772828507,0.6013363028953229,1.2026726057906458,0.0,3.8084632516703785,5.211581291759465,3.6080178173719375,0.0,1.4031180400890868,4.610244988864142,4.610244988864142,0.2004454342984409,0.2004454342984409,0.8017817371937639,1.6035634743875278,0.2004454342984409,2.2048997772828507,0.8017817371937639,3.6080178173719375,0.0,0.0,88.11,60.0,25.0,78.26,42.31,63.46,0.0,75.0,0.5224812122309137,0.3043394494607451,1.8040089086859687,16.23608017817372,0.4966699189309578,4.409799554565701,2.8062360801781736,5.011135857461024,0.3907687389755012,18.040089086859687,LM/LCM,83,83,83,100,100,100,100,67,25,100,100,100,58,92,100,100,25,50,100,83,58,100,83,100,58,58,83,50,50,100,67,100,25,100,100,83,67,100,100,100,83,83,100,83,67,100,100,100,83,100,83,67,25,100,83,83,58,67,67,67,33,50,100,67,50,83,67,100,58,58,83,50,50,100,67,100,25,100,100,100,67,100,100,100,67,67,83,83,Eredivisie
Ajax,d0zdg647gvgc95xdtk1vpbkys,9tp35qqu1heburu0g5wa6jv56,Lucas Rosa,Lucas Oliveira Rosa,26,Defender,Brazil,Defender,68.0,129.0,192.0,17.0,270.0,9.0,5.0,5.0,4.0,4.0,7.0,5.0,1.0,0.0,3.0,0.0,0.0,6.0,3.0,1.0,4.0,0.0,1.0,5.0,0.0,0.0,0.0,92.75,50.0,38.46,0.0,20.0,54.84,57.14,62.5,0.3685024459855783,0.5701745626005307,1.0,28.0,0.6982929799999998,12.0,11.0,18.0,0.96843608,93.0,22.666666666666668,43.0,64.0,5.666666666666667,3.0,1.6666666666666667,1.6666666666666667,1.3333333333333333,1.3333333333333333,2.333333333333333,1.6666666666666667,0.3333333333333333,0.0,1.0,0.0,0.0,2.0,1.0,0.3333333333333333,1.3333333333333333,0.0,0.3333333333333333,1.6666666666666667,0.0,0.0,0.0,92.75,50.0,38.46,0.0,20.0,54.84,57.14,62.5,0.1228341486618594,0.1900581875335102,0.3333333333333333,9.333333333333334,0.2327643266666666,4.0,3.6666666666666665,6.0,0.3228120266666667,31.0,RB/RCB,42,68,58,16,71,63,32,29,39,71,76,29,47,95,16,16,18,39,74,95,45,58,84,18,53,53,95,74,89,18,50,37,76,58,79,63,68,89,95,89,37,47,79,55,95,100,100,74,79,89,63,47,63,95,95,53,47,100,16,16,32,58,84,95,45,84,95,18,53,53,95,74,89,18,50,37,76,58,84,95,84,100,100,100,79,84,95,95,Eredivisie
Ajax,d0zdg647gvgc95xdtk1vpbkys,baakmd4ndnulbl9npvmq90mvp,D. Klaassen,Davy Klaassen,33,Midfielder,Netherlands,Midfielder,70.0,99.0,169.0,18.0,448.0,23.0,4.0,5.0,0.0,3.0,6.0,10.0,8.0,0.0,0.0,3.0,3.0,5.0,2.0,0.0,2.0,3.0,4.0,0.0,2.0,0.0,0.0,88.48,0.0,0.0,66.67,40.0,60.0,42.86,55.56,1.1718780870083123,0.3198928408134258,1.0,6.0,0.3603382599999999,4.0,13.0,8.0,0.21585142,85.0,14.0625,19.888392857142858,33.950892857142854,3.616071428571429,4.620535714285714,0.8035714285714286,1.0044642857142856,0.0,0.6026785714285714,1.2053571428571428,2.008928571428571,1.6071428571428572,0.0,0.0,0.6026785714285714,0.6026785714285714,1.0044642857142856,0.4017857142857143,0.0,0.4017857142857143,0.6026785714285714,0.8035714285714286,0.0,0.4017857142857143,0.0,0.0,88.48,0.0,0.0,66.67,40.0,60.0,42.86,55.56,0.2354219371222056,0.0642641867705542,0.2008928571428571,1.2053571428571428,0.0723893825892856,0.8035714285714286,2.611607142857143,1.6071428571428572,0.0433630084821428,17.075892857142858,DM/CM,32,39,36,43,100,39,66,4,32,68,95,96,48,18,36,36,23,20,34,48,100,93,18,41,52,52,68,4,18,66,57,73,36,50,96,43,34,36,75,50,29,12,21,38,36,46,43,39,100,43,68,4,39,71,100,100,48,18,32,32,21,18,34,46,100,96,18,39,52,52,68,4,18,66,57,73,36,50,100,36,36,29,86,50,29,18,14,43,Eredivisie
Ajax,d0zdg647gvgc95xdtk1vpbkys,boehs62sf23wlas5wb4l5s2y,T. Arokodare,Tolu Arokodare,25,Attacker,Nigeria,Striker,16.0,34.0,50.0,24.0,273.0,30.0,4.0,1.0,1.0,13.0,4.0,20.0,18.0,0.0,7.0,8.0,8.0,3.0,2.0,1.0,2.0,3.0,4.0,0.0,6.0,0.0,0.0,80.65,100.0,0.0,75.0,20.0,54.55,52.0,100.0,2.521322779070741,0.4010138940590482,2.0,4.0,0.1729201899999999,1.0,1.0,2.0,0.17131714,15.0,5.274725274725275,11.20879120879121,16.483516483516485,7.912087912087912,9.89010989010989,1.3186813186813189,0.3296703296703296,0.3296703296703296,4.285714285714286,1.3186813186813189,6.593406593406594,5.934065934065934,0.0,2.307692307692308,2.6373626373626373,2.6373626373626373,0.989010989010989,0.6593406593406593,0.3296703296703296,0.6593406593406593,0.989010989010989,1.3186813186813189,0.0,1.978021978021978,0.0,0.0,80.65,100.0,0.0,75.0,20.0,54.55,52.0,100.0,0.831205311781563,0.132202382656829,0.6593406593406593,1.3186813186813189,0.057006656043956,0.3296703296703296,0.3296703296703296,0.6593406593406593,0.056478178021978,4.945054945054945,ST,38,52,50,67,73,48,33,47,70,47,88,88,52,97,70,68,45,86,62,55,70,41,39,94,52,52,86,91,39,85,15,94,82,86,85,70,52,67,73,44,29,27,48,39,67,88,88,91,100,70,48,55,97,70,100,100,52,100,97,94,61,97,85,79,94,73,39,97,52,52,86,91,39,85,15,94,82,86,97,85,67,79,85,61,30,33,70,73,Eredivisie
Ajax,d0zdg647gvgc95xdtk1vpbkys,bpprd2haoafk6y0rjans4iytx,K. Dolberg,Kasper Dolberg,28,Attacker,Denmark,Striker,11.0,32.0,43.0,11.0,329.0,27.0,2.0,2.0,0.0,4.0,5.0,15.0,12.0,0.0,6.0,4.0,4.0,1.0,0.0,3.0,3.0,2.0,2.0,0.0,3.0,0.0,0.0,66.15,0.0,0.0,75.0,13.33,55.0,0.0,100.0,1.7643245133589476,0.3279857367732138,3.0,2.0,0.0535479299999999,2.0,1.0,1.0,0.07741173,10.0,3.009118541033435,8.753799392097264,11.7629179331307,3.009118541033435,7.386018237082067,0.547112462006079,0.547112462006079,0.0,1.094224924012158,1.3677811550151977,4.103343465045593,3.2826747720364744,0.0,1.6413373860182372,1.094224924012158,1.094224924012158,0.2735562310030395,0.0,0.8206686930091186,0.8206686930091186,0.547112462006079,0.547112462006079,0.0,0.8206686930091186,0.0,0.0,66.15,0.0,0.0,75.0,13.33,55.0,0.0,100.0,0.4826419641407455,0.0897225419744353,0.8206686930091186,0.547112462006079,0.0146483699088145,0.547112462006079,0.2735562310030395,0.2735562310030395,0.0211764610942249,2.7355623100303954,ST,26,36,32,15,70,24,62,18,26,65,68,67,52,94,33,32,20,24,100,82,50,21,39,59,52,52,36,18,39,85,12,100,5,86,67,55,70,27,30,67,29,12,21,24,15,64,42,21,88,27,73,18,30,73,88,82,52,97,52,45,24,24,100,91,70,24,39,82,52,52,36,18,39,85,12,100,5,86,82,70,85,39,36,76,27,6,27,18,Eredivisie
Ajax,d0zdg647gvgc95xdtk1vpbkys,brfa9yhy2llgt9l75unddogk,J. Mokio,Jorthy Mokio,18,Midfielder,Congo DR,Midfielder,75.0,128.0,203.0,23.0,433.0,16.0,2.0,6.0,5.0,7.0,6.0,10.0,8.0,0.0,2.0,5.0,5.0,6.0,8.0,0.0,2.0,1.0,3.0,0.0,4.0,0.0,0.0,90.62,62.5,0.0,80.0,30.0,43.4,50.0,60.0,0.9307849016200084,0.4217212159570589,2.0,13.0,0.27868492,2.0,21.0,16.0,0.4059103,109.0,15.58891454965358,26.605080831408777,42.19399538106236,4.780600461893765,3.325635103926097,0.4157043879907621,1.2471131639722863,1.039260969976905,1.4549653579676676,1.2471131639722863,2.07852193995381,1.6628175519630486,0.0,0.4157043879907621,1.039260969976905,1.039260969976905,1.2471131639722863,1.6628175519630486,0.0,0.4157043879907621,0.207852193995381,0.6235565819861432,0.0,0.8314087759815243,0.0,0.0,90.62,62.5,0.0,80.0,30.0,43.4,50.0,60.0,0.1934656839394936,0.0876556799910746,0.4157043879907621,2.702078521939954,0.0579252720554272,0.4157043879907621,4.364896073903003,3.325635103926097,0.0843693464203233,22.655889145496538,CM/AM,73,54,69,69,58,10,71,38,81,33,62,81,50,46,40,37,54,92,25,25,54,48,13,63,50,50,85,63,13,100,46,31,62,58,62,27,25,44,31,12,54,33,19,77,77,54,62,65,69,4,73,38,81,31,58,77,50,42,38,38,58,96,25,23,62,54,13,69,50,50,85,63,13,100,46,31,62,58,62,31,23,46,38,12,65,35,23,81,Eredivisie
Ajax,d0zdg647gvgc95xdtk1vpbkys,cm0gwoyh5rdb216fx685a7l5h,T. Kehrer,Thilo Kehrer,30,Defender,Germany,Defender,99.0,207.0,306.0,15.0,263.0,5.0,3.0,1.0,6.0,8.0,1.0,5.0,4.0,0.0,1.0,0.0,0.0,10.0,3.0,1.0,1.0,1.0,2.0,0.0,0.0,0.0,0.0,94.44,60.0,0.0,0.0,40.0,65.22,61.54,25.0,0.5983555653072066,0.1789895539693393,1.0,18.0,0.3765480999999999,13.0,40.0,27.0,0.50812607,231.0,33.87832699619772,70.83650190114069,104.7148288973384,5.133079847908745,1.711026615969582,1.0266159695817492,0.3422053231939164,2.0532319391634983,2.737642585551331,0.3422053231939164,1.711026615969582,1.3688212927756656,0.0,0.3422053231939164,0.0,0.0,3.422053231939164,1.0266159695817492,0.3422053231939164,0.3422053231939164,0.3422053231939164,0.6844106463878328,0.0,0.0,0.0,0.0,94.44,60.0,0.0,0.0,40.0,65.22,61.54,25.0,0.2047604596108311,0.0612511781644126,0.3422053231939164,6.159695817490495,0.1288567642585551,4.448669201520913,13.688212927756656,9.23954372623574,0.1738834460076045,79.04942965779468,CB,12,90,63,18,57,48,10,17,35,40,89,79,40,67,13,12,11,11,89,76,83,91,39,23,51,51,95,91,39,23,78,85,65,7,83,68,79,96,93,95,88,59,49,88,76,100,100,63,93,85,20,32,73,63,100,100,40,93,13,12,27,41,98,95,93,100,39,23,51,51,95,91,39,23,78,85,65,7,100,90,95,100,100,100,100,98,93,100,Eredivisie
Ajax,d0zdg647gvgc95xdtk1vpbkys,dyurvoycbhux9rm1mpaaegf10,A. Ouazane,Abdellah Ouazane,17,Midfielder,Morocco,Midfielder,11.0,96.0,103.0,17.0,271.0,42.0,3.0,2.0,1.0,2.0,6.0,16.0,11.0,0.0,6.0,16.0,17.0,2.0,3.0,0.0,5.0,1.0,4.0,4.0,8.0,0.0,0.0,84.43,33.33,30.77,50.0,25.0,39.53,40.0,50.0,1.1449021455265862,0.7212947924968827,12.0,32.0,1.1649575999999997,8.0,7.0,15.0,1.5530487699999995,49.0,3.653136531365314,31.8819188191882,34.20664206642066,5.645756457564576,13.948339483394834,0.996309963099631,0.6642066420664207,0.3321033210332103,0.6642066420664207,1.992619926199262,5.313653136531365,3.653136531365314,0.0,1.992619926199262,5.313653136531365,5.645756457564576,0.6642066420664207,0.996309963099631,0.0,1.6605166051660516,0.3321033210332103,1.328413284132841,1.328413284132841,2.656826568265682,0.0,0.0,84.43,33.33,30.77,50.0,25.0,39.53,40.0,50.0,0.3802258047874272,0.239544396032175,3.985239852398524,10.62730627306273,0.3868862878228781,2.656826568265682,2.3247232472324724,4.981549815498156,0.5157726542435422,16.273062730627306,LM/LCM,17,67,67,50,83,17,75,17,75,67,67,75,58,67,67,67,50,92,25,58,58,50,83,83,58,58,50,17,67,83,25,50,100,67,50,67,100,67,67,67,33,42,67,67,17,67,67,67,100,17,100,17,67,67,100,100,58,100,100,100,50,100,25,83,67,67,83,83,58,58,50,17,67,83,25,50,100,67,83,67,100,83,83,67,50,50,100,67,Eredivisie
Ajax,d0zdg647gvgc95xdtk1vpbkys,f4qcgzveslklfi8601tep77x1,J. Brandt,Julian Brandt,30,Midfielder,Germany,Midfielder,50.0,210.0,253.0,12.0,441.0,34.0,3.0,1.0,8.0,3.0,20.0,14.0,10.0,0.0,3.0,6.0,6.0,3.0,2.0,0.0,4.0,4.0,8.0,7.0,4.0,0.0,0.0,86.05,80.0,28.0,66.67,57.14,44.44,60.0,50.0,1.312037731397694,1.6491689809256784,4.0,17.0,0.54739706,11.0,24.0,33.0,1.04166949,106.0,10.20408163265306,42.85714285714285,51.63265306122449,2.4489795918367343,6.938775510204081,0.6122448979591836,0.2040816326530612,1.6326530612244896,0.6122448979591836,4.081632653061225,2.8571428571428568,2.0408163265306123,0.0,0.6122448979591836,1.2244897959183672,1.2244897959183672,0.6122448979591836,0.4081632653061224,0.0,0.8163265306122448,0.8163265306122448,1.6326530612244896,1.4285714285714284,0.8163265306122448,0.0,0.0,86.05,80.0,28.0,66.67,57.14,44.44,60.0,50.0,0.26776280232606,0.3365650981480976,0.8163265306122448,3.4693877551020407,0.1117136857142857,2.2448979591836733,4.897959183673469,6.73469387755102,0.2125856102040816,21.632653061224488,CM/AM,38,92,81,17,96,27,13,63,52,100,75,92,50,63,52,48,23,38,25,50,92,92,79,63,50,50,54,88,58,75,88,37,83,27,77,92,62,54,65,77,71,85,73,69,35,92,81,12,100,31,15,65,46,100,81,92,50,62,54,50,15,38,25,46,96,96,73,65,50,50,54,88,58,75,88,37,83,27,77,100,58,50,62,85,81,85,69,73,Eredivisie
AZ,3kfktv64h7kg7zryax1wktr5r,3dx91sb6ktg8z1xmoti25kru,P. Koopmeiners,Peer Koopmeiners,26,Midfielder,Netherlands,Midfielder,135.0,364.0,486.0,35.0,625.0,5.0,7.0,14.0,24.0,8.0,15.0,8.0,1.0,1.0,1.0,3.0,3.0,18.0,8.0,0.0,7.0,1.0,4.0,13.0,2.0,1.0,1.0,92.4,72.73,35.14,66.67,50.0,61.4,57.14,77.78,0.4651128248339852,1.5323721969965094,3.0,42.0,0.9641185599999996,34.0,67.0,68.0,1.83271533,311.0,19.44,52.416,69.984,5.04,0.72,1.008,2.016,3.456,1.152,2.16,1.152,0.144,0.144,0.144,0.432,0.432,2.592,1.152,0.0,1.008,0.144,0.576,1.872,0.288,0.144,0.144,92.4,72.73,35.14,66.67,50.0,61.4,57.14,77.78,0.0669762467760938,0.2206615963674973,0.432,6.048,0.1388330726399999,4.896,9.648,9.792,0.26391100752,44.784,CM/AM,100,100,100,92,15,83,100,96,88,88,48,13,100,19,21,19,96,92,25,79,54,63,98,38,100,100,100,77,65,75,83,92,77,77,19,85,42,100,92,100,96,96,96,100,96,100,100,73,12,65,100,92,73,69,23,12,100,8,12,12,92,81,25,62,38,46,88,27,100,100,100,77,65,75,83,92,77,77,15,73,27,88,85,100,96,96,92,100,Eredivisie
AZ,3kfktv64h7kg7zryax1wktr5r,5ylwgfqvaobru2lxqvlhpxul0,E. Dijkstra,Elijah Dijkstra,20,Defender,Netherlands,Defender,103.0,178.0,281.0,19.0,590.0,31.0,5.0,4.0,5.0,6.0,7.0,4.0,2.0,0.0,2.0,10.0,10.0,13.0,7.0,0.0,2.0,0.0,0.0,0.0,1.0,0.0,0.0,89.78,41.67,0.0,10.0,0.0,43.18,54.55,57.14,0.3624508510777974,0.5961506505013756,1.0,36.0,1.1339344099999995,19.0,18.0,19.0,0.6521427599999998,97.0,15.71186440677966,27.15254237288136,42.86440677966102,2.898305084745763,4.728813559322034,0.7627118644067797,0.6101694915254238,0.7627118644067797,0.9152542372881356,1.0677966101694916,0.6101694915254238,0.3050847457627119,0.0,0.3050847457627119,1.5254237288135597,1.5254237288135597,1.9830508474576272,1.0677966101694916,0.0,0.3050847457627119,0.0,0.0,0.0,0.1525423728813559,0.0,0.0,89.78,41.67,0.0,10.0,0.0,43.18,54.55,57.14,0.0552891128762741,0.0909382348222437,0.1525423728813559,5.491525423728814,0.1729730455932202,2.898305084745763,2.745762711864407,2.898305084745763,0.0994794040677965,14.796610169491526,RB/RCB,63,89,89,26,100,63,21,42,63,71,63,61,47,71,89,89,39,79,32,71,45,18,16,53,53,53,89,63,16,37,18,11,63,42,74,68,68,100,100,100,55,55,53,63,47,79,74,11,100,47,11,32,53,63,53,47,47,68,89,89,26,79,32,63,45,18,16,47,53,53,89,63,16,37,18,11,63,42,63,63,58,95,95,95,47,42,47,47,Eredivisie
AZ,3kfktv64h7kg7zryax1wktr5r,8u19xeh9ugvh8f1mh7jnbbhuc,K. Smit,Kees Smit,20,Midfielder,Netherlands,Midfielder,35.0,117.0,152.0,6.0,343.0,24.0,2.0,0.0,9.0,2.0,12.0,10.0,7.0,0.0,5.0,4.0,6.0,0.0,1.0,2.0,3.0,0.0,2.0,0.0,1.0,0.0,0.0,83.98,56.25,0.0,25.0,20.0,24.0,50.0,0.0,0.8707632072157069,1.0804204235055233,2.0,37.0,1.1690061899999995,13.0,14.0,19.0,0.9372162999999996,78.0,9.183673469387756,30.69970845481049,39.883381924198254,1.5743440233236152,6.297376093294461,0.5247813411078718,0.0,2.361516034985423,0.5247813411078718,3.1486880466472305,2.623906705539359,1.836734693877551,0.0,1.3119533527696794,1.0495626822157436,1.5743440233236152,0.0,0.2623906705539359,0.5247813411078718,0.7871720116618076,0.0,0.5247813411078718,0.0,0.2623906705539359,0.0,0.0,83.98,56.25,0.0,25.0,20.0,24.0,50.0,0.0,0.2284801418350251,0.2834922394037816,0.5247813411078718,9.708454810495628,0.3067363180758016,3.4110787172011663,3.673469387755102,4.985422740524782,0.2459168134110786,20.466472303207,CM/AM,15,50,35,4,83,10,6,71,37,69,62,71,50,81,33,48,4,21,85,37,17,35,13,21,50,50,38,50,13,21,33,4,62,6,54,73,25,96,100,88,23,54,69,35,27,65,58,4,96,15,6,85,38,96,77,85,50,92,42,58,4,23,92,42,17,42,13,23,50,50,38,50,13,21,33,4,62,6,69,92,35,100,100,88,38,73,85,58,Eredivisie
AZ,3kfktv64h7kg7zryax1wktr5r,9bgq1tfyfzc3wg9pfr8q510k4,D. Kwakman,Dave Kwakman,22,Midfielder,Netherlands,Midfielder,68.0,200.0,268.0,32.0,556.0,10.0,15.0,6.0,3.0,6.0,4.0,14.0,3.0,0.0,4.0,3.0,4.0,9.0,2.0,1.0,11.0,1.0,4.0,0.0,1.0,0.0,0.0,90.54,37.5,0.0,33.33,28.57,62.75,46.15,60.0,0.956775582789278,0.2287433705158584,8.0,34.0,0.7534274499999997,12.0,18.0,23.0,0.4856338900000001,127.0,11.007194244604316,32.37410071942446,43.381294964028775,5.179856115107913,1.618705035971223,2.4280575539568345,0.9712230215827338,0.4856115107913669,0.9712230215827338,0.6474820143884892,2.2661870503597124,0.4856115107913669,0.0,0.6474820143884892,0.4856115107913669,0.6474820143884892,1.4568345323741008,0.3237410071942446,0.1618705035971223,1.7805755395683454,0.1618705035971223,0.6474820143884892,0.0,0.1618705035971223,0.0,0.0,90.54,37.5,0.0,33.33,28.57,62.75,46.15,60.0,0.1548737454155306,0.0370268045799051,1.2949640287769784,5.503597122302158,0.1219576807553956,1.9424460431654675,2.913669064748201,3.723021582733813,0.0786098023381295,20.55755395683453,CM/AM,65,81,85,87,48,100,71,17,75,13,75,33,50,71,21,29,71,38,62,92,54,63,13,21,50,50,81,19,13,31,40,100,50,58,65,19,85,88,85,85,44,65,35,81,42,77,73,77,35,100,62,15,69,12,65,27,50,65,19,19,69,35,54,88,46,58,13,19,50,50,81,19,13,31,40,100,50,58,54,12,77,85,69,81,23,54,19,62,Eredivisie
AZ,3kfktv64h7kg7zryax1wktr5r,9lixevzo8exxiia17altfw8ic,W. Goes,Wouter Goes,22,Defender,Netherlands,Defender,224.0,208.0,432.0,31.0,630.0,8.0,3.0,8.0,23.0,13.0,3.0,2.0,2.0,0.0,0.0,4.0,4.0,33.0,12.0,1.0,0.0,0.0,0.0,0.0,3.0,0.0,0.0,91.53,62.16,0.0,75.0,0.0,62.0,65.0,66.67,0.1920512126367927,0.2507493099242642,0.0,18.0,0.37710572,14.0,38.0,35.0,0.8627240400000001,258.0,32.0,29.714285714285715,61.71428571428572,4.428571428571429,1.1428571428571428,0.4285714285714285,1.1428571428571428,3.2857142857142856,1.8571428571428568,0.4285714285714285,0.2857142857142857,0.2857142857142857,0.0,0.0,0.5714285714285714,0.5714285714285714,4.714285714285714,1.7142857142857142,0.1428571428571428,0.0,0.0,0.0,0.0,0.4285714285714285,0.0,0.0,91.53,62.16,0.0,75.0,0.0,62.0,65.0,66.67,0.0274358875195418,0.0358213299891806,0.0,2.571428571428572,0.0538722457142857,2.0,5.428571428571429,5.0,0.1232462914285714,36.85714285714285,CB,88,93,90,77,85,48,84,83,63,79,40,49,40,26,93,91,70,84,89,29,35,22,39,93,51,51,80,95,39,71,22,73,80,62,39,83,33,96,95,98,85,84,93,93,66,83,80,54,71,32,71,61,46,73,29,35,40,26,80,79,50,71,80,29,35,22,39,83,51,51,80,95,39,71,22,73,80,62,29,73,33,93,85,93,76,70,80,78,Eredivisie
AZ,3kfktv64h7kg7zryax1wktr5r,9tgbdheyuooa8cfz06l577end,C. Stengs,Calvin Stengs,27,Midfielder,Netherlands,Midfielder,24.0,105.0,127.0,16.0,308.0,20.0,1.0,4.0,6.0,1.0,11.0,8.0,4.0,0.0,3.0,14.0,15.0,1.0,0.0,2.0,4.0,1.0,2.0,2.0,9.0,0.0,0.0,77.91,85.71,22.22,64.29,25.0,43.24,33.33,80.0,0.6847057394806239,0.923838289933961,3.0,24.0,0.7917033499999999,5.0,11.0,21.0,1.3385151700000002,54.0,7.012987012987013,30.681818181818183,37.11038961038961,4.675324675324676,5.8441558441558445,0.2922077922077922,1.168831168831169,1.7532467532467533,0.2922077922077922,3.2142857142857144,2.337662337662338,1.168831168831169,0.0,0.8766233766233766,4.090909090909091,4.383116883116883,0.2922077922077922,0.0,0.5844155844155845,1.168831168831169,0.2922077922077922,0.5844155844155845,0.5844155844155845,2.62987012987013,0.0,0.0,77.91,85.71,22.22,64.29,25.0,43.24,33.33,80.0,0.2000763524456368,0.269952747058625,0.8766233766233766,7.012987012987013,0.2313418879870129,1.4610389610389611,3.2142857142857144,6.136363636363637,0.3911245626623377,15.77922077922078,RM/RCM,22,67,44,33,67,11,61,61,44,89,50,50,56,56,78,78,17,17,78,56,50,50,56,89,56,56,33,100,78,67,50,33,56,100,56,78,44,89,100,61,44,72,89,44,22,100,89,56,100,11,78,78,44,100,67,56,56,78,100,100,22,17,100,78,56,56,67,100,56,56,33,100,78,67,50,33,56,100,44,89,56,100,100,78,89,100,100,100,Eredivisie
AZ,3kfktv64h7kg7zryax1wktr5r,ab17bik4y8ilv3ahe50a81ixg,M. Meerdink,Mexx Meerdink,23,Attacker,Netherlands,Striker,37.0,53.0,90.0,36.0,562.0,40.0,12.0,2.0,3.0,18.0,4.0,23.0,22.0,0.0,3.0,6.0,6.0,5.0,1.0,2.0,1.0,3.0,8.0,0.0,4.0,0.0,0.0,72.0,100.0,0.0,66.67,34.78,51.43,58.06,66.67,3.169698505331128,0.3677140942918541,4.0,5.0,0.1226840499999999,1.0,10.0,7.0,0.15401849,27.0,5.925266903914591,8.487544483985765,14.412811387900357,5.765124555160142,6.405693950177936,1.9217081850533808,0.3202846975088968,0.4804270462633452,2.882562277580071,0.6405693950177936,3.683274021352313,3.5231316725978647,0.0,0.4804270462633452,0.9608540925266904,0.9608540925266904,0.800711743772242,0.1601423487544484,0.3202846975088968,0.1601423487544484,0.4804270462633452,1.2811387900355873,0.0,0.6405693950177936,0.0,0.0,72.0,100.0,0.0,66.67,34.78,51.43,58.06,66.67,0.5076029634871914,0.0588865987300122,0.6405693950177936,0.800711743772242,0.0196469119217081,0.1601423487544484,1.601423487544484,1.1209964412811388,0.0246648827402135,4.3238434163701065,ST,79,79,79,88,97,92,62,88,79,47,94,98,52,77,59,52,73,64,88,26,70,82,39,77,52,52,52,91,39,79,36,82,91,59,97,58,83,76,58,44,94,82,45,76,79,55,64,76,76,85,45,76,70,24,76,91,52,64,39,39,52,55,82,15,58,70,39,64,52,52,52,91,39,79,36,82,91,59,85,45,64,61,45,36,94,73,36,52,Eredivisie
AZ,3kfktv64h7kg7zryax1wktr5r,cs49ec8y6cubrlo5nmu3j3jtg,L. Schouten,Lewis Schouten,22,Midfielder,Netherlands,Midfielder,216.0,172.0,388.0,32.0,630.0,12.0,4.0,9.0,8.0,11.0,0.0,8.0,7.0,1.0,2.0,3.0,3.0,27.0,4.0,0.0,1.0,1.0,1.0,0.0,3.0,0.0,0.0,89.2,34.78,0.0,100.0,12.5,56.14,42.31,64.29,0.939862877481767,0.0,1.0,20.0,0.40270024,5.0,36.0,32.0,0.55369423,256.0,30.857142857142858,24.571428571428573,55.42857142857143,4.571428571428571,1.7142857142857142,0.5714285714285714,1.2857142857142858,1.1428571428571428,1.5714285714285714,0.0,1.1428571428571428,1.0,0.1428571428571428,0.2857142857142857,0.4285714285714285,0.4285714285714285,3.857142857142857,0.5714285714285714,0.0,0.1428571428571428,0.1428571428571428,0.1428571428571428,0.0,0.4285714285714285,0.0,0.0,89.2,34.78,0.0,100.0,12.5,56.14,42.31,64.29,0.1342661253545381,0.0,0.1428571428571428,2.857142857142857,0.0575286057142857,0.7142857142857143,5.142857142857143,4.571428571428571,0.0790991757142857,36.57142857142857,DM/CM,96,89,96,86,82,39,93,57,89,5,84,91,98,73,36,36,98,48,34,21,77,45,18,57,52,52,79,29,18,95,36,50,32,71,89,5,34,91,82,59,93,84,46,100,96,71,93,61,71,20,86,29,79,5,71,89,96,62,18,18,89,34,34,11,71,36,18,43,52,52,79,29,18,95,36,50,32,71,86,5,14,89,71,43,79,54,36,100,Eredivisie
AZ,3kfktv64h7kg7zryax1wktr5r,czlf1kiqdfepc61hwfutoydqs,Weslley Patati,Weslley Pinto Batista,22,Attacker,Brazil,Striker,18.0,124.0,137.0,25.0,322.0,27.0,5.0,5.0,4.0,3.0,8.0,16.0,9.0,0.0,4.0,12.0,14.0,2.0,4.0,0.0,7.0,1.0,5.0,5.0,8.0,0.0,0.0,85.62,66.67,27.78,66.67,31.25,52.08,50.0,55.56,1.3999333843423487,0.7680316393957272,4.0,26.0,0.8563766599999999,8.0,4.0,11.0,0.45923642,39.0,5.0310559006211175,34.6583850931677,38.29192546583851,6.987577639751552,7.546583850931676,1.3975155279503104,1.3975155279503104,1.1180124223602483,0.8385093167701863,2.2360248447204967,4.472049689440993,2.5155279503105588,0.0,1.1180124223602483,3.354037267080745,3.913043478260869,0.5590062111801242,1.1180124223602483,0.0,1.9565217391304344,0.2795031055900621,1.3975155279503104,1.3975155279503104,2.2360248447204967,0.0,0.0,85.62,66.67,27.78,66.67,31.25,52.08,50.0,55.56,0.3912857285428924,0.2146672284025324,1.1180124223602483,7.267080745341614,0.2393599360248446,2.2360248447204967,1.1180124223602483,3.074534161490683,0.1283580055900621,10.900621118012422,RW,9,71,71,76,82,65,71,35,68,62,85,62,50,56,50,56,38,79,26,94,56,71,65,71,53,53,88,82,76,91,53,76,53,62,76,53,47,85,82,79,24,41,29,53,24,94,88,100,94,76,76,41,76,71,100,82,50,82,71,71,53,88,26,94,65,94,65,82,53,53,88,82,76,91,53,76,53,62,100,59,59,94,88,88,29,47,35,59,Eredivisie
AZ,3kfktv64h7kg7zryax1wktr5r,es363spp9pgd4hralx6ni2xw4,M. Chávez,Mateo Chávez,22,Defender,Mexico,Defender,76.0,182.0,253.0,31.0,561.0,35.0,6.0,11.0,9.0,1.0,12.0,8.0,7.0,0.0,1.0,10.0,11.0,10.0,6.0,3.0,1.0,1.0,4.0,5.0,5.0,0.0,0.0,80.57,39.13,27.78,50.0,50.0,52.54,20.0,57.89,0.7178240350764798,1.2720931130132669,2.0,39.0,1.0054496899999998,18.0,25.0,35.0,1.7983663199999995,150.0,12.192513368983958,29.19786096256685,40.588235294117645,4.973262032085562,5.614973262032086,0.962566844919786,1.7647058823529411,1.4438502673796791,0.160427807486631,1.925133689839572,1.2834224598930482,1.1229946524064172,0.0,0.160427807486631,1.60427807486631,1.7647058823529411,1.60427807486631,0.962566844919786,0.481283422459893,0.160427807486631,0.160427807486631,0.6417112299465241,0.8021390374331551,0.8021390374331551,0.0,0.0,80.57,39.13,27.78,50.0,50.0,52.54,20.0,57.89,0.1151589361085261,0.2040791090395615,0.320855614973262,6.25668449197861,0.1613020893048128,2.8877005347593583,4.010695187165775,5.614973262032086,0.288507965775401,24.06417112299465,LB/LCB,58,92,85,92,100,81,94,54,12,96,100,100,50,56,83,83,25,65,96,58,94,98,75,87,50,52,27,27,65,73,94,46,21,50,96,88,79,96,96,100,77,88,92,85,27,81,69,85,100,73,92,38,12,100,100,100,50,50,81,81,19,54,96,54,92,100,73,81,50,52,27,27,65,73,94,46,21,50,96,92,77,96,96,92,77,85,96,77,Eredivisie
AZ,3kfktv64h7kg7zryax1wktr5r,wuh8s4gfo9ro3nel3rormg44,R. Daal,Ro-Zangelo Daal,22,Attacker,Netherlands,Striker,34.0,223.0,252.0,37.0,582.0,52.0,9.0,3.0,4.0,1.0,19.0,16.0,10.0,0.0,4.0,33.0,33.0,0.0,3.0,0.0,6.0,4.0,11.0,5.0,22.0,0.0,0.0,86.01,57.14,22.73,66.67,68.75,55.22,20.0,60.0,1.2445812286768745,1.6767261621270892,11.0,104.0,3.3678397500000004,20.0,4.0,27.0,2.573162330000001,84.0,5.257731958762887,34.48453608247423,38.96907216494845,5.721649484536083,8.041237113402062,1.3917525773195876,0.4639175257731959,0.6185567010309279,0.1546391752577319,2.938144329896907,2.4742268041237114,1.5463917525773196,0.0,0.6185567010309279,5.103092783505154,5.103092783505154,0.0,0.4639175257731959,0.0,0.9278350515463918,0.6185567010309279,1.7010309278350515,0.7731958762886598,3.402061855670103,0.0,0.0,86.01,57.14,22.73,66.67,68.75,55.22,20.0,60.0,0.1924610147438465,0.2592875508443952,1.7010309278350515,16.082474226804123,0.5207999613402062,3.09278350515464,0.6185567010309279,4.175257731958763,0.3979117005154641,12.989690721649485,LW,88,100,100,100,100,66,47,69,38,94,91,84,53,75,100,100,6,59,25,75,100,100,75,100,53,53,81,59,44,100,100,94,38,59,75,94,100,100,100,100,31,88,100,88,25,100,100,81,94,50,38,44,31,94,69,62,53,56,94,94,6,44,25,69,94,94,56,100,53,53,81,59,44,100,100,94,38,59,50,94,75,100,100,100,19,88,100,88,Eredivisie
Excelsior,dqk062lu0vm8epvytbm6r4mmf,20ib1q65ul2h570xl6jpcx1jo,D. van Vianen,Daniël van Vianen,23,Midfielder,Netherlands,Midfielder,27.0,35.0,61.0,17.0,254.0,5.0,4.0,3.0,4.0,8.0,2.0,2.0,1.0,0.0,1.0,4.0,4.0,9.0,2.0,0.0,1.0,0.0,0.0,1.0,2.0,0.0,0.0,84.72,80.0,100.0,50.0,0.0,62.96,88.89,100.0,0.2154299092397004,0.1441148064846877,1.0,3.0,0.1487977899999999,1.0,6.0,9.0,0.10238816,28.0,9.566929133858268,12.401574803149606,21.614173228346456,6.0236220472440944,1.7716535433070866,1.4173228346456692,1.062992125984252,1.4173228346456692,2.8346456692913384,0.7086614173228346,0.7086614173228346,0.3543307086614173,0.0,0.3543307086614173,1.4173228346456692,1.4173228346456692,3.188976377952756,0.7086614173228346,0.0,0.3543307086614173,0.0,0.0,0.3543307086614173,0.7086614173228346,0.0,0.0,84.72,80.0,100.0,50.0,0.0,62.96,88.89,100.0,0.0763334324077678,0.0510643015103224,0.3543307086614173,1.062992125984252,0.0527236263779527,0.3543307086614173,2.125984251968504,3.188976377952756,0.0362792692913385,9.921259842519683,DM/CM,7,7,7,32,54,39,27,18,73,21,21,30,48,50,48,48,32,20,34,21,36,18,48,41,52,52,46,100,96,39,18,86,100,98,25,25,34,11,29,11,9,21,4,7,7,18,11,89,75,93,75,43,93,29,43,54,48,75,68,61,79,39,34,39,36,18,68,57,52,52,46,100,96,39,18,86,100,98,54,25,68,25,61,14,21,36,7,18,Eredivisie
Excelsior,dqk062lu0vm8epvytbm6r4mmf,2tox45zgi16bvmn2xzdlvblsk,J. Plug,Jan Plug,21,Defender,Netherlands,Defender,208.0,117.0,325.0,25.0,630.0,5.0,2.0,7.0,33.0,9.0,1.0,3.0,2.0,0.0,1.0,0.0,0.0,34.0,13.0,0.0,1.0,0.0,1.0,0.0,0.0,0.0,0.0,90.28,57.89,0.0,0.0,33.33,48.08,34.62,50.0,0.2490877495017287,0.0448404975598162,1.0,2.0,0.03875117,2.0,36.0,34.0,0.5325390999999997,144.0,29.714285714285715,16.714285714285715,46.42857142857143,3.571428571428572,0.7142857142857143,0.2857142857142857,1.0,4.714285714285714,1.2857142857142858,0.1428571428571428,0.4285714285714285,0.2857142857142857,0.0,0.1428571428571428,0.0,0.0,4.857142857142857,1.8571428571428568,0.0,0.1428571428571428,0.0,0.1428571428571428,0.0,0.0,0.0,0.0,90.28,57.89,0.0,0.0,33.33,48.08,34.62,50.0,0.0355839642145326,0.006405785365688,0.1428571428571428,0.2857142857142857,0.0055358814285714,0.2857142857142857,5.142857142857143,4.857142857142857,0.0760770142857142,20.571428571428573,CB,78,56,76,56,57,34,77,100,41,40,52,49,40,67,13,12,73,89,39,76,35,63,39,23,51,51,66,83,39,23,71,15,12,28,46,24,79,18,17,49,80,80,56,41,44,46,44,32,46,22,63,98,27,26,46,35,40,54,13,12,54,79,39,61,35,50,39,23,51,51,66,83,39,23,71,15,12,28,39,24,70,16,15,44,68,66,39,20,Eredivisie
Excelsior,dqk062lu0vm8epvytbm6r4mmf,3hu6e9wa0nt4ekubxye6l4pas,I. Yegoian,Irakli Yegoian,22,Midfielder,Georgia,Midfielder,73.0,138.0,199.0,38.0,615.0,22.0,8.0,6.0,16.0,5.0,16.0,15.0,6.0,0.0,3.0,27.0,29.0,8.0,5.0,5.0,9.0,2.0,7.0,12.0,14.0,0.0,0.0,79.28,61.54,38.71,51.85,46.67,40.0,41.67,54.55,1.0465036391735807,1.7966404359013115,12.0,24.0,0.7106691499999997,9.0,31.0,32.0,2.843793949999999,104.0,10.682926829268292,20.195121951219512,29.1219512195122,5.560975609756098,3.2195121951219514,1.170731707317073,0.8780487804878049,2.341463414634146,0.7317073170731707,2.341463414634146,2.1951219512195124,0.8780487804878049,0.0,0.4390243902439024,3.951219512195122,4.243902439024391,1.170731707317073,0.7317073170731707,0.7317073170731707,1.3170731707317074,0.2926829268292683,1.024390243902439,1.7560975609756098,2.048780487804878,0.0,0.0,79.28,61.54,38.71,51.85,46.67,40.0,41.67,54.55,0.153146874025402,0.2629229906197041,1.7560975609756098,3.5121951219512195,0.1040003634146341,1.3170731707317074,4.536585365853659,4.682926829268293,0.4161649682926828,15.219512195121952,CM/AM,69,63,60,96,73,92,71,88,67,92,83,62,50,63,100,100,63,65,100,85,79,87,92,100,50,50,19,56,73,54,77,23,38,40,69,100,94,67,77,60,88,81,100,65,38,35,27,85,58,81,46,81,62,81,62,62,50,54,100,100,50,54,100,77,69,77,85,100,50,50,19,56,73,54,77,23,38,40,50,81,88,54,54,42,73,65,100,31,Eredivisie
Excelsior,dqk062lu0vm8epvytbm6r4mmf,49xsd6e4oyjrhtwsdbdm4rj84,L. Hartjes,Lennard Hartjes,23,Midfielder,Netherlands,Midfielder,94.0,108.0,202.0,22.0,609.0,6.0,4.0,5.0,11.0,6.0,3.0,5.0,4.0,0.0,2.0,6.0,7.0,21.0,8.0,0.0,1.0,1.0,3.0,0.0,4.0,0.0,0.0,86.32,55.0,0.0,66.67,60.0,41.51,60.0,62.5,0.5163338649688145,0.2153122490831526,3.0,16.0,0.37059541,9.0,23.0,17.0,0.4552118399999999,100.0,13.891625615763546,15.960591133004929,29.85221674876848,3.251231527093596,0.8866995073891626,0.5911330049261084,0.7389162561576355,1.625615763546798,0.8866995073891626,0.4433497536945813,0.7389162561576355,0.5911330049261084,0.0,0.2955665024630542,0.8866995073891626,1.0344827586206895,3.103448275862069,1.1822660098522169,0.0,0.1477832512315271,0.1477832512315271,0.4433497536945813,0.0,0.5911330049261084,0.0,0.0,86.32,55.0,0.0,66.67,60.0,41.51,60.0,62.5,0.0763054972860317,0.0318195441994806,0.4433497536945813,2.3645320197044337,0.0547677945812807,1.3300492610837438,3.399014778325123,2.5123152709359604,0.0672726857142857,14.77832512315271,CM/AM,81,42,65,63,19,48,50,81,75,8,17,48,50,46,52,58,100,92,25,12,54,48,13,63,50,50,58,46,13,75,96,27,83,67,23,15,42,50,46,60,65,40,31,58,73,23,31,27,15,27,23,62,65,8,8,31,50,31,35,35,100,88,25,8,42,38,13,50,50,50,58,46,13,75,96,27,83,67,19,8,31,42,31,46,35,19,15,27,Eredivisie
Excelsior,dqk062lu0vm8epvytbm6r4mmf,5pg02unrm16jaa8vt5ego9z6y,S. Janssen,Simon Janssen,25,Defender,Netherlands,Defender,65.0,68.0,126.0,23.0,491.0,7.0,2.0,9.0,9.0,8.0,7.0,3.0,3.0,0.0,2.0,3.0,3.0,14.0,1.0,3.0,0.0,0.0,0.0,7.0,1.0,0.0,0.0,81.82,45.0,25.0,33.33,0.0,51.11,57.14,75.0,0.3110128254875057,1.0406514427598077,0.0,0.0,0.0,3.0,11.0,19.0,0.78765459,51.0,11.914460285132382,12.464358452138493,23.095723014256617,4.215885947046843,1.2830957230142566,0.3665987780040733,1.64969450101833,1.64969450101833,1.4663951120162932,1.2830957230142566,0.5498981670061099,0.5498981670061099,0.0,0.3665987780040733,0.5498981670061099,0.5498981670061099,2.566191446028513,0.1832993890020366,0.5498981670061099,0.0,0.0,0.0,1.2830957230142566,0.1832993890020366,0.0,0.0,81.82,45.0,25.0,33.33,0.0,51.11,57.14,75.0,0.0570084608836568,0.1907507736219606,0.0,0.0,0.0,0.5498981670061099,2.016293279022403,3.4826883910386965,0.1443766050916497,9.34826883910387,LB/LCB,33,38,35,67,50,25,87,54,92,63,56,79,50,83,50,46,58,10,96,21,44,31,88,40,50,52,40,65,54,44,31,35,71,79,69,85,21,10,10,44,35,54,62,31,23,31,19,62,58,15,77,46,88,62,54,77,50,92,42,38,35,8,100,21,44,31,88,38,50,52,40,65,54,44,31,35,71,79,73,85,21,10,10,46,19,54,58,31,Eredivisie
Excelsior,dqk062lu0vm8epvytbm6r4mmf,987w8p2dsxd9tm1phv18g6pec,A. Sliti,Aymen Sliti,20,Attacker,Netherlands,Striker,18.0,51.0,68.0,15.0,367.0,16.0,3.0,2.0,3.0,6.0,4.0,15.0,11.0,0.0,5.0,5.0,6.0,2.0,1.0,1.0,4.0,3.0,6.0,1.0,2.0,0.0,0.0,73.12,50.0,12.5,40.0,40.0,62.5,75.0,50.0,1.3244742691960625,0.3681924780759134,7.0,9.0,0.25340006,8.0,4.0,9.0,0.34141093,38.0,4.4141689373297,12.506811989100818,16.675749318801092,3.678474114441417,3.923705722070845,0.7356948228882835,0.4904632152588556,0.7356948228882835,1.471389645776567,0.9809264305177112,3.678474114441417,2.697547683923706,0.0,1.226158038147139,1.226158038147139,1.471389645776567,0.4904632152588556,0.2452316076294278,0.2452316076294278,0.9809264305177112,0.7356948228882835,1.471389645776567,0.2452316076294278,0.4904632152588556,0.0,0.0,73.12,50.0,12.5,40.0,40.0,62.5,75.0,50.0,0.3248029542987619,0.090292433315619,1.7166212534059946,2.20708446866485,0.0621417040871934,1.9618528610354224,0.9809264305177112,2.20708446866485,0.083724751226158,9.318801089918257,RW,9,35,18,21,38,18,32,24,88,21,71,76,50,82,18,21,38,21,68,59,91,85,15,21,53,53,18,26,29,35,76,88,100,41,65,24,79,18,24,79,24,29,24,47,6,47,24,35,35,29,35,24,88,18,94,88,50,100,18,18,41,29,71,76,94,100,12,18,53,53,18,26,29,35,76,88,100,41,82,24,88,18,18,76,24,29,18,47,Eredivisie
Excelsior,dqk062lu0vm8epvytbm6r4mmf,aeqj9ogm0dntus0wl352w9z6y,C. Widell,Casper Widell,23,Defender,Sweden,Defender,169.0,78.0,247.0,42.0,555.0,12.0,4.0,3.0,16.0,32.0,5.0,4.0,4.0,0.0,1.0,0.0,0.0,46.0,12.0,0.0,0.0,1.0,1.0,0.0,0.0,0.0,0.0,81.52,40.0,0.0,0.0,25.0,62.69,72.73,50.0,0.4111751282202509,0.3158008481078959,0.0,1.0,0.0199707,0.0,16.0,17.0,0.39614335,141.0,27.405405405405403,12.648648648648647,40.05405405405405,6.8108108108108105,1.9459459459459456,0.6486486486486486,0.4864864864864864,2.5945945945945943,5.189189189189189,0.8108108108108107,0.6486486486486486,0.6486486486486486,0.0,0.1621621621621621,0.0,0.0,7.459459459459459,1.9459459459459456,0.0,0.0,0.1621621621621621,0.1621621621621621,0.0,0.0,0.0,0.0,81.52,40.0,0.0,0.0,25.0,62.69,72.73,50.0,0.0666770478195001,0.0512109483418209,0.0,0.1621621621621621,0.0032384918918918,0.0,2.5945945945945943,2.756756756756757,0.0642394621621621,22.864864864864863,CB,49,37,34,98,96,62,39,57,100,93,71,79,40,67,13,12,91,84,39,29,83,63,39,23,51,51,12,28,39,23,60,78,93,28,68,90,33,12,12,11,34,35,32,37,32,27,29,100,98,51,32,51,100,90,66,73,40,66,13,12,88,85,39,29,78,66,39,23,51,51,12,28,39,23,60,78,93,28,61,88,33,12,12,11,34,32,29,29,Eredivisie
Excelsior,dqk062lu0vm8epvytbm6r4mmf,bag719kcv7cq4xwjgmccw57o4,Á. Þorsteinsson,Ágúst Thorsteinsson,21,Midfielder,Iceland,Midfielder,23.0,44.0,67.0,14.0,355.0,12.0,5.0,2.0,2.0,3.0,3.0,4.0,3.0,0.0,3.0,7.0,8.0,4.0,0.0,1.0,1.0,0.0,1.0,0.0,3.0,0.0,0.0,81.71,100.0,0.0,42.86,25.0,35.9,30.0,66.67,0.3935844971451368,0.281207404341823,2.0,13.0,0.4558806800000001,2.0,3.0,6.0,0.2043204099999999,26.0,5.830985915492957,11.154929577464788,16.985915492957744,3.549295774647887,3.0422535211267605,1.2676056338028168,0.5070422535211268,0.5070422535211268,0.7605633802816901,0.7605633802816901,1.0140845070422535,0.7605633802816901,0.0,0.7605633802816901,1.7746478873239435,2.028169014084507,1.0140845070422535,0.0,0.2535211267605634,0.2535211267605634,0.0,0.2535211267605634,0.0,0.7605633802816901,0.0,0.0,81.71,100.0,0.0,42.86,25.0,35.9,30.0,66.67,0.0997819851917248,0.0712920180021523,0.5070422535211268,3.295774647887324,0.1155753836619718,0.5070422535211268,0.7605633802816901,1.5211267605633805,0.0517995405633802,6.591549295774648,LM/LCM,50,17,17,33,17,50,75,33,100,50,17,17,58,50,17,17,92,25,67,17,25,17,25,17,58,58,33,100,25,42,25,33,67,83,17,50,17,25,33,17,17,17,17,17,50,17,17,50,17,33,67,33,100,50,17,17,58,50,17,17,83,25,83,17,25,17,25,17,58,58,33,100,25,42,25,33,67,83,17,50,17,17,17,17,17,17,17,17,Eredivisie
Excelsior,dqk062lu0vm8epvytbm6r4mmf,c6i4usq34m3389rtbqptahrai,R. Meissen,Rick Meissen,24,Defender,Netherlands,Defender,129.0,114.0,243.0,27.0,630.0,5.0,2.0,7.0,21.0,14.0,2.0,3.0,2.0,0.0,0.0,0.0,0.0,31.0,14.0,0.0,1.0,1.0,2.0,0.0,0.0,0.0,0.0,81.82,63.64,0.0,0.0,66.67,44.26,51.85,63.64,0.3348367758279356,0.1874398818529528,1.0,9.0,0.19596624,6.0,25.0,29.0,0.4684178899999999,115.0,18.428571428571427,16.285714285714285,34.714285714285715,3.857142857142857,0.7142857142857143,0.2857142857142857,1.0,3.0,2.0,0.2857142857142857,0.4285714285714285,0.2857142857142857,0.0,0.0,0.0,0.0,4.428571428571429,2.0,0.0,0.1428571428571428,0.1428571428571428,0.2857142857142857,0.0,0.0,0.0,0.0,81.82,63.64,0.0,0.0,66.67,44.26,51.85,63.64,0.0478338251182765,0.0267771259789932,0.1428571428571428,1.2857142857142858,0.0279951771428571,0.8571428571428571,3.571428571428572,4.142857142857143,0.0669168414285714,16.428571428571427,RB/RCB,89,63,74,63,26,21,47,92,97,24,45,61,47,24,16,16,100,100,32,47,92,89,16,18,53,53,53,89,16,18,87,16,58,63,68,26,68,61,58,63,84,87,37,79,63,58,58,37,16,11,26,89,89,16,32,37,47,24,16,16,79,100,32,37,89,79,16,18,53,53,53,89,16,18,87,16,58,63,42,16,53,53,47,53,74,74,32,53,Eredivisie
Excelsior,dqk062lu0vm8epvytbm6r4mmf,d7usri5fwyn96j26nyuwr2p04,E. da Silva Moreira,Eric da Silva Moreira,20,Attacker,Germany,Striker,42.0,38.0,80.0,16.0,302.0,3.0,5.0,3.0,6.0,1.0,3.0,1.0,1.0,0.0,0.0,6.0,6.0,5.0,7.0,0.0,0.0,0.0,0.0,0.0,3.0,0.0,0.0,72.73,37.5,0.0,50.0,0.0,64.0,50.0,42.86,0.1108053745491783,0.1170846639251037,0.0,2.0,0.04977331,2.0,7.0,7.0,0.18480131,37.0,12.516556291390728,11.324503311258278,23.841059602649008,4.768211920529801,0.8940397350993378,1.490066225165563,0.8940397350993378,1.7880794701986755,0.2980132450331125,0.8940397350993378,0.2980132450331125,0.2980132450331125,0.0,0.0,1.7880794701986755,1.7880794701986755,1.490066225165563,2.086092715231788,0.0,0.0,0.0,0.0,0.0,0.8940397350993378,0.0,0.0,72.73,37.5,0.0,50.0,0.0,64.0,50.0,42.86,0.03302146923651,0.0348927806399315,0.0,0.5960264900662251,0.014833105629139,0.5960264900662251,2.086092715231788,2.086092715231788,0.0550732380794702,11.026490066225165,RW,82,6,35,32,6,65,44,53,32,12,6,6,50,9,24,21,88,94,26,6,24,9,6,38,53,53,12,12,6,59,9,94,53,29,6,6,6,6,6,15,47,18,6,38,94,18,47,53,12,82,65,76,41,12,6,6,50,9,29,29,94,100,26,6,24,9,6,41,53,53,12,12,6,59,9,94,53,29,6,6,6,6,6,18,65,24,12,65,Eredivisie
Excelsior,dqk062lu0vm8epvytbm6r4mmf,dc897iic6p3j5s9hrhm3h25n8,D. Garden,David Garden,22,Attacker,Netherlands,Striker,12.0,32.0,44.0,22.0,513.0,13.0,2.0,0.0,1.0,17.0,3.0,9.0,8.0,0.0,2.0,4.0,5.0,9.0,1.0,0.0,1.0,3.0,4.0,0.0,3.0,0.0,0.0,64.71,33.33,0.0,75.0,44.44,40.0,42.5,0.0,1.129403218853114,0.1439981326017679,1.0,3.0,0.05804795,1.0,7.0,3.0,0.0517701799999998,16.0,2.1052631578947367,5.614035087719298,7.719298245614035,3.8596491228070176,2.280701754385965,0.3508771929824561,0.0,0.175438596491228,2.982456140350877,0.5263157894736842,1.5789473684210529,1.4035087719298245,0.0,0.3508771929824561,0.7017543859649122,0.8771929824561403,1.5789473684210529,0.175438596491228,0.0,0.175438596491228,0.5263157894736842,0.7017543859649122,0.0,0.5263157894736842,0.0,0.0,64.71,33.33,0.0,75.0,44.44,40.0,42.5,0.0,0.1981409155882656,0.0252628302810119,0.175438596491228,0.5263157894736842,0.0101838508771929,0.175438596491228,1.2280701754385963,0.5263157894736842,0.0090824877192982,2.807017543859649,ST,30,36,36,61,17,24,11,47,73,30,41,42,52,53,33,41,91,64,24,26,70,41,39,59,52,52,27,48,39,85,64,47,64,11,48,15,26,47,33,44,88,42,9,42,9,12,12,36,6,18,11,39,73,12,21,24,52,48,21,36,88,64,24,18,64,27,39,58,52,52,27,48,39,85,64,47,64,11,30,9,21,33,24,42,88,30,6,24,Eredivisie
Groningen,cos9hxi16eitbcbthof7zrm4m,1nk0hcaa9o4jnyxc9ndz1lams,D. van der Werff,David van der Werff,22,Midfielder,Netherlands,Midfielder,49.0,132.0,173.0,25.0,568.0,23.0,6.0,6.0,11.0,1.0,20.0,18.0,10.0,0.0,8.0,19.0,19.0,11.0,4.0,3.0,8.0,2.0,7.0,8.0,8.0,0.0,0.0,81.6,61.11,16.0,42.11,38.89,56.82,25.0,60.0,1.3467393634693092,2.0553993484039537,5.0,19.0,0.46471534,9.0,23.0,29.0,1.6459037700000003,81.0,7.764084507042254,20.91549295774648,27.41197183098592,3.961267605633803,3.6443661971830985,0.9507042253521129,0.9507042253521129,1.7429577464788732,0.1584507042253521,3.1690140845070425,2.852112676056338,1.5845070422535212,0.0,1.267605633802817,3.0105633802816905,3.0105633802816905,1.7429577464788732,0.6338028169014085,0.4753521126760563,1.267605633802817,0.3169014084507042,1.1091549295774648,1.267605633802817,1.267605633802817,0.0,0.0,81.6,61.11,16.0,42.11,38.89,56.82,25.0,60.0,0.2133918005497145,0.3256794742189363,0.7922535211267606,3.0105633802816905,0.0736344728873239,1.426056338028169,3.6443661971830985,4.595070422535211,0.260794611443662,12.834507042253522,RM/RCM,67,89,78,72,78,67,83,83,44,100,89,78,56,100,89,89,67,100,100,89,67,78,89,78,56,56,67,89,33,33,67,67,44,61,67,100,67,72,67,78,100,100,100,89,56,78,67,44,67,56,67,67,33,89,89,78,56,100,78,78,67,78,89,89,67,78,78,67,56,56,67,89,33,33,67,67,44,61,67,100,44,78,67,67,100,89,89,78,Eredivisie
Groningen,cos9hxi16eitbcbthof7zrm4m,2rq9bdoqppx3thlsm79j2i0ru,M. Csinger,Márk Csinger,23,Defender,Hungary,Defender,107.0,69.0,176.0,33.0,442.0,2.0,4.0,8.0,6.0,16.0,1.0,1.0,0.0,0.0,0.0,1.0,1.0,26.0,8.0,0.0,1.0,0.0,0.0,0.0,0.0,0.0,0.0,87.13,42.86,0.0,0.0,0.0,63.46,64.0,61.54,0.0577866562341494,0.0810701953423307,1.0,4.0,0.0921235199999999,3.0,11.0,17.0,0.3014781799999997,102.0,21.78733031674208,14.049773755656108,35.83710407239819,6.71945701357466,0.4072398190045249,0.8144796380090498,1.6289592760180995,1.2217194570135743,3.257918552036199,0.2036199095022624,0.2036199095022624,0.0,0.0,0.0,0.2036199095022624,0.2036199095022624,5.294117647058823,1.6289592760180995,0.0,0.2036199095022624,0.0,0.0,0.0,0.0,0.0,0.0,87.13,42.86,0.0,0.0,0.0,63.46,64.0,61.54,0.0117665137128358,0.0165075058389361,0.2036199095022624,0.8144796380090498,0.0187581828054298,0.6108597285067873,2.239819004524887,3.461538461538461,0.0613869597285067,20.769230769230766,CB,17,32,17,82,29,62,84,17,79,40,21,10,40,26,39,38,46,68,39,76,35,22,39,23,51,51,41,35,39,23,22,80,77,54,12,44,79,39,39,60,27,35,27,22,10,39,17,98,27,71,90,12,80,41,20,10,40,26,49,46,63,68,39,83,35,22,39,23,51,51,41,35,39,23,22,80,77,54,15,41,85,44,39,66,27,37,27,22,Eredivisie
Groningen,cos9hxi16eitbcbthof7zrm4m,3aly8eihwfvtwde7dg0k18w7o,J. Schreuders,Jorg Schreuders,22,Midfielder,Netherlands,Midfielder,118.0,144.0,260.0,34.0,585.0,9.0,2.0,14.0,14.0,5.0,4.0,8.0,3.0,0.0,4.0,4.0,4.0,16.0,2.0,1.0,5.0,1.0,2.0,2.0,2.0,0.0,0.0,88.14,58.33,11.76,50.0,25.0,56.67,62.5,56.0,0.5829616014559832,0.4027669153203812,6.0,26.0,0.62772272,11.0,12.0,15.0,0.8396051499999999,86.0,18.15384615384616,22.15384615384616,40.0,5.230769230769231,1.3846153846153846,0.3076923076923077,2.1538461538461537,2.1538461538461537,0.7692307692307693,0.6153846153846154,1.2307692307692308,0.4615384615384615,0.0,0.6153846153846154,0.6153846153846154,0.6153846153846154,2.4615384615384617,0.3076923076923077,0.1538461538461538,0.7692307692307693,0.1538461538461538,0.3076923076923077,0.3076923076923077,0.3076923076923077,0.0,0.0,88.14,58.33,11.76,50.0,25.0,56.67,62.5,56.0,0.0896864002239974,0.0619641408185201,0.9230769230769232,4.0,0.0965727261538461,1.6923076923076923,1.8461538461538465,2.3076923076923075,0.129170023076923,13.23076923076923,RM/RCM,100,100,100,89,39,28,100,100,78,44,50,33,56,72,22,22,100,50,56,67,50,50,56,28,56,56,94,78,11,50,50,56,78,44,33,44,78,100,89,100,61,50,78,100,100,89,100,67,11,22,100,100,78,33,22,11,56,56,11,11,78,33,56,56,44,44,33,11,56,56,94,78,11,50,50,56,78,44,22,33,67,89,89,100,33,44,56,89,Eredivisie
Groningen,cos9hxi16eitbcbthof7zrm4m,5q8rvam8iv65g4wjb8rarw15,B. Willumsson,Brynjólfur Willumsson,26,Attacker,Iceland,Striker,22.0,39.0,61.0,34.0,515.0,34.0,7.0,2.0,0.0,21.0,5.0,16.0,14.0,0.0,2.0,5.0,5.0,3.0,1.0,0.0,2.0,4.0,9.0,0.0,3.0,0.0,0.0,61.0,0.0,0.0,60.0,56.25,52.31,58.33,66.67,2.455793779915072,0.4341634653860355,4.0,5.0,0.24594236,1.0,2.0,3.0,0.09620541,20.0,3.844660194174757,6.815533980582524,10.66019417475728,5.941747572815534,5.941747572815534,1.2233009708737863,0.3495145631067961,0.0,3.66990291262136,0.8737864077669902,2.796116504854369,2.4466019417475726,0.0,0.3495145631067961,0.8737864077669902,0.8737864077669902,0.5242718446601942,0.174757281553398,0.0,0.3495145631067961,0.6990291262135923,1.5728155339805825,0.0,0.5242718446601942,0.0,0.0,61.0,0.0,0.0,60.0,56.25,52.31,58.33,66.67,0.4291678450337018,0.0758732269606664,0.6990291262135923,0.8737864077669902,0.0429802182524271,0.174757281553398,0.3495145631067961,0.5242718446601942,0.01681259592233,3.495145631067961,ST,55,68,61,85,88,71,62,18,85,65,73,77,52,53,47,41,45,64,24,55,91,88,39,59,52,52,18,18,39,73,85,85,94,59,82,73,83,76,79,44,41,42,30,62,36,36,30,79,73,55,52,18,85,48,70,67,52,45,36,33,36,61,24,42,85,91,39,55,52,52,18,18,39,73,85,85,94,59,70,61,73,64,67,39,33,27,15,39,Eredivisie
Groningen,cos9hxi16eitbcbthof7zrm4m,7xovmwq2h4rcr9nuou4gi3g2c,W. Prins,Wouter Prins,22,Defender,Netherlands,Defender,44.0,56.0,96.0,16.0,483.0,13.0,4.0,3.0,5.0,6.0,5.0,4.0,2.0,0.0,3.0,10.0,11.0,17.0,4.0,0.0,2.0,0.0,0.0,4.0,3.0,0.0,0.0,75.59,41.67,44.44,30.0,0.0,39.02,46.15,100.0,0.3154299765449655,0.5317950091569468,2.0,5.0,0.14051421,5.0,6.0,9.0,0.7547037799999998,40.0,8.198757763975156,10.434782608695652,17.888198757763977,2.981366459627329,2.4223602484472053,0.7453416149068324,0.5590062111801243,0.9316770186335404,1.1180124223602486,0.9316770186335404,0.7453416149068324,0.3726708074534162,0.0,0.5590062111801243,1.863354037267081,2.049689440993789,3.1677018633540377,0.7453416149068324,0.0,0.3726708074534162,0.0,0.0,0.7453416149068324,0.5590062111801243,0.0,0.0,75.59,41.67,44.44,30.0,0.0,39.02,46.15,100.0,0.0587757720270122,0.0990922377311081,0.3726708074534162,0.9316770186335404,0.0261827720496894,0.9316770186335404,1.1180124223602486,1.6770186335403727,0.1406280335403726,7.453416149068324,LB/LCB,12,27,15,37,83,56,27,23,85,56,75,65,50,96,83,83,65,38,33,83,44,31,62,71,50,52,15,46,96,35,31,19,50,96,73,54,79,38,46,58,15,29,54,19,8,19,8,27,92,54,27,15,62,50,81,58,50,96,92,92,54,38,33,88,44,31,65,69,50,52,15,46,96,35,31,19,50,96,77,58,81,42,50,62,15,19,54,15,Eredivisie
Groningen,cos9hxi16eitbcbthof7zrm4m,9wwud2tglhtdocmjgl2u5ib6c,T. Blokzijl,Thijmen Blokzijl,21,Defender,Netherlands,Defender,221.0,148.0,369.0,19.0,630.0,2.0,0.0,2.0,17.0,15.0,3.0,1.0,1.0,0.0,0.0,0.0,0.0,38.0,8.0,1.0,0.0,0.0,0.0,0.0,0.0,0.0,0.0,87.86,45.95,0.0,0.0,0.0,50.0,55.56,50.0,0.1373906529180765,0.1667671294128893,0.0,13.0,0.25399152,6.0,30.0,28.0,0.5998102599999999,230.0,31.571428571428573,21.142857142857142,52.71428571428572,2.7142857142857144,0.2857142857142857,0.0,0.2857142857142857,2.4285714285714284,2.142857142857143,0.4285714285714285,0.1428571428571428,0.1428571428571428,0.0,0.0,0.0,0.0,5.428571428571429,1.1428571428571428,0.1428571428571428,0.0,0.0,0.0,0.0,0.0,0.0,0.0,87.86,45.95,0.0,0.0,0.0,50.0,55.56,50.0,0.0196272361311537,0.0238238756304127,0.0,1.8571428571428568,0.0362845028571428,0.8571428571428571,4.285714285714286,4.0,0.0856871799999999,32.857142857142854,CB,84,73,85,38,29,4,23,66,73,79,21,28,40,26,13,12,80,68,89,29,35,22,39,23,51,51,49,49,39,23,22,18,51,28,32,63,33,83,78,88,67,65,71,85,61,66,56,10,17,4,13,43,51,73,9,21,40,26,13,12,68,46,80,29,35,22,39,23,51,51,49,49,39,23,22,18,51,28,22,54,33,71,68,82,51,51,49,63,Eredivisie
Groningen,cos9hxi16eitbcbthof7zrm4m,dbg4ducw8j747foxiexle1iad,P. Clement,Pelle Clement,30,Midfielder,Netherlands,Midfielder,81.0,128.0,207.0,22.0,578.0,14.0,6.0,3.0,5.0,9.0,6.0,2.0,2.0,0.0,0.0,10.0,10.0,11.0,1.0,1.0,0.0,0.0,2.0,2.0,4.0,0.0,0.0,81.82,31.25,28.57,40.0,100.0,43.14,50.0,75.0,0.24519448042761,0.5986153885947411,1.0,15.0,0.4367899399999999,13.0,19.0,24.0,0.7067057099999999,90.0,12.612456747404844,19.930795847750865,32.2318339100346,3.42560553633218,2.179930795847751,0.9342560553633218,0.4671280276816609,0.7785467128027681,1.4013840830449826,0.9342560553633218,0.3114186851211072,0.3114186851211072,0.0,0.0,1.5570934256055362,1.5570934256055362,1.7128027681660898,0.1557093425605536,0.1557093425605536,0.0,0.0,0.3114186851211072,0.3114186851211072,0.6228373702422145,0.0,0.0,81.82,31.25,28.57,40.0,100.0,43.14,50.0,75.0,0.0381790713468596,0.0932100086047174,0.1557093425605536,2.3356401384083045,0.0680122743944636,2.024221453287197,2.958477508650519,3.737024221453287,0.1100406814878892,14.013840830449826,DM/CM,43,62,54,54,89,73,27,25,80,68,21,57,48,18,89,88,41,9,82,5,36,62,73,70,52,52,32,14,57,25,96,14,59,82,36,82,34,77,89,100,61,59,68,50,25,50,39,36,89,57,21,14,71,43,14,43,48,18,82,82,36,7,82,5,36,61,61,50,52,52,32,14,57,25,96,14,59,82,25,57,29,75,82,96,39,46,57,29,Eredivisie
Groningen,cos9hxi16eitbcbthof7zrm4m,e6x3hs6v8cq74ojgluyny72fo,T. Land,Tygo Land,20,Midfielder,Netherlands,Midfielder,106.0,162.0,267.0,17.0,525.0,6.0,7.0,2.0,14.0,0.0,9.0,4.0,2.0,0.0,0.0,7.0,7.0,2.0,2.0,1.0,2.0,2.0,2.0,1.0,5.0,0.0,0.0,91.75,66.67,50.0,71.43,50.0,65.38,0.0,40.0,0.6163748380187314,0.5956528594020754,2.0,13.0,0.28958788,7.0,33.0,30.0,0.6753238000000003,144.0,18.17142857142857,27.77142857142857,45.77142857142857,2.9142857142857146,1.0285714285714287,1.2,0.3428571428571428,2.4,0.0,1.542857142857143,0.6857142857142857,0.3428571428571428,0.0,0.0,1.2,1.2,0.3428571428571428,0.3428571428571428,0.1714285714285714,0.3428571428571428,0.3428571428571428,0.3428571428571428,0.1714285714285714,0.8571428571428572,0.0,0.0,91.75,66.67,50.0,71.43,50.0,65.38,0.0,40.0,0.1056642579460682,0.1021119187546415,0.3428571428571428,2.2285714285714286,0.0496436365714285,1.2,5.6571428571428575,5.142857142857143,0.1157697942857143,24.685714285714287,DM/CM,71,86,79,32,57,91,14,80,5,91,48,57,48,18,75,71,9,20,82,48,91,62,48,82,52,52,100,84,77,79,75,93,7,18,75,79,68,64,61,79,82,75,61,79,64,79,75,18,43,79,7,75,5,93,39,46,48,18,61,57,7,11,86,32,93,64,50,79,52,52,100,84,77,79,75,93,7,18,71,68,54,68,57,75,82,75,61,79,Eredivisie
Groningen,cos9hxi16eitbcbthof7zrm4m,ei9h1loyggj8fnf1q4jfdm710,T. van Bergen,Thom van Bergen,22,Attacker,Netherlands,Striker,57.0,82.0,138.0,47.0,630.0,51.0,19.0,4.0,6.0,10.0,11.0,28.0,22.0,0.0,9.0,25.0,27.0,7.0,3.0,2.0,6.0,4.0,11.0,1.0,15.0,0.0,0.0,81.18,85.71,25.0,60.0,39.29,53.41,37.04,100.0,2.9414147296071858,0.8326817906760101,11.0,27.0,0.64613028,14.0,13.0,28.0,0.96225148,72.0,8.142857142857142,11.714285714285714,19.714285714285715,6.714285714285714,7.285714285714286,2.7142857142857144,0.5714285714285714,0.8571428571428571,1.4285714285714286,1.5714285714285714,4.0,3.142857142857143,0.0,1.2857142857142858,3.571428571428572,3.857142857142857,1.0,0.4285714285714285,0.2857142857142857,0.8571428571428571,0.5714285714285714,1.5714285714285714,0.1428571428571428,2.142857142857143,0.0,0.0,81.18,85.71,25.0,60.0,39.29,53.41,37.04,100.0,0.420202104229598,0.1189545415251443,1.5714285714285714,3.857142857142857,0.0923043257142857,2.0,1.8571428571428568,4.0,0.1374644971428571,10.285714285714286,ST,100,94,97,100,100,100,95,94,62,88,100,98,52,100,100,100,83,97,88,100,91,97,85,100,52,52,91,79,88,73,48,88,36,86,91,88,100,100,100,100,97,100,97,100,88,91,94,82,85,94,76,94,35,82,85,79,52,94,100,100,65,91,73,94,73,88,79,100,52,52,91,79,88,73,48,88,36,86,67,82,100,100,97,100,97,100,97,100,Eredivisie
Groningen,cos9hxi16eitbcbthof7zrm4m,f4liap69r76gyc8pnxsergbqi,T. de Jonge,Tika de Jonge,23,Midfielder,Netherlands,Midfielder,112.0,160.0,271.0,28.0,622.0,14.0,6.0,6.0,19.0,4.0,12.0,12.0,7.0,0.0,5.0,12.0,12.0,18.0,17.0,0.0,5.0,0.0,4.0,1.0,8.0,0.0,0.0,85.22,63.33,6.25,66.67,33.33,62.22,44.44,60.0,1.072985203908664,1.070924153590106,6.0,18.0,0.37432828,10.0,35.0,33.0,1.2558058799999994,145.0,16.20578778135048,23.15112540192926,39.21221864951768,4.05144694533762,2.02572347266881,0.8681672025723473,0.8681672025723473,2.7491961414790995,0.5787781350482315,1.7363344051446945,1.7363344051446945,1.012861736334405,0.0,0.7234726688102894,1.7363344051446945,1.7363344051446945,2.604501607717041,2.459807073954984,0.0,0.7234726688102894,0.0,0.5787781350482315,0.1446945337620578,1.157556270096463,0.0,0.0,85.22,63.33,6.25,66.67,33.33,62.22,44.44,60.0,0.1552550938131507,0.1549568710982468,0.8681672025723473,2.604501607717041,0.054163255948553,1.4469453376205788,5.064308681672025,4.77491961414791,0.1817082463022507,20.980707395498392,DM/CM,79,80,82,70,89,73,79,88,46,100,100,91,48,100,95,95,86,100,34,91,36,93,48,95,52,52,57,79,36,66,46,82,41,57,93,100,98,86,79,91,89,89,96,82,50,57,61,46,79,46,61,79,36,100,96,93,48,96,86,86,64,96,34,82,36,82,39,86,52,52,57,79,36,66,46,82,41,57,89,100,96,82,64,86,75,61,79,68,Eredivisie
Twente,4tic29sox7m39fy1ztgv0jsiq,1rmox6tf7r283dca2vi844kr8,A. Adelgaard,Aske Adelgaard,22,Defender,Denmark,Defender,71.0,109.0,179.0,16.0,325.0,3.0,2.0,4.0,2.0,5.0,1.0,1.0,1.0,0.0,0.0,3.0,3.0,4.0,7.0,0.0,0.0,0.0,0.0,1.0,1.0,0.0,0.0,90.4,22.22,16.67,33.33,0.0,57.14,83.33,50.0,0.1030956540274165,0.1144132262478874,0.0,18.0,0.48210264,12.0,14.0,15.0,0.4339664999999999,89.0,19.661538461538463,30.184615384615384,49.56923076923077,4.430769230769231,0.8307692307692307,0.5538461538461539,1.1076923076923078,0.5538461538461539,1.3846153846153846,0.2769230769230769,0.2769230769230769,0.2769230769230769,0.0,0.0,0.8307692307692307,0.8307692307692307,1.1076923076923078,1.9384615384615385,0.0,0.0,0.0,0.0,0.2769230769230769,0.2769230769230769,0.0,0.0,90.4,22.22,16.67,33.33,0.0,57.14,83.33,50.0,0.0285495657306691,0.0316836626532611,0.0,4.984615384615385,0.1335053464615384,3.323076923076923,3.876923076923077,4.153846153846154,0.1201753384615384,24.646153846153847,LB/LCB,46,69,58,37,33,25,40,4,65,23,23,40,50,21,50,46,4,77,33,21,44,31,33,40,50,52,92,8,31,44,31,69,98,25,27,23,21,77,77,83,44,40,38,65,69,85,85,69,33,35,54,4,85,23,19,50,50,21,60,58,12,88,33,21,44,31,33,46,50,52,92,8,31,44,31,69,98,25,31,23,21,88,92,96,67,69,46,85,Eredivisie
Twente,4tic29sox7m39fy1ztgv0jsiq,2hbduprkyabq8g1nhe6b4g3bp,M. Pjaca,Marko Pjaca,31,Attacker,Croatia,Striker,32.0,104.0,132.0,15.0,354.0,24.0,1.0,4.0,3.0,6.0,6.0,8.0,7.0,0.0,1.0,6.0,6.0,2.0,5.0,0.0,1.0,2.0,4.0,4.0,3.0,0.0,0.0,86.27,60.0,36.36,50.0,50.0,48.39,54.55,80.0,1.1601749980711558,0.6233534861851624,1.0,26.0,0.7370426999999999,7.0,8.0,15.0,0.90650434,47.0,8.135593220338983,26.440677966101696,33.559322033898304,3.8135593220338975,6.101694915254238,0.2542372881355932,1.0169491525423728,0.7627118644067797,1.5254237288135597,1.5254237288135597,2.0338983050847457,1.779661016949153,0.0,0.2542372881355932,1.5254237288135597,1.5254237288135597,0.5084745762711864,1.2711864406779665,0.0,0.2542372881355932,0.5084745762711864,1.0169491525423728,1.0169491525423728,0.7627118644067797,0.0,0.0,86.27,60.0,36.36,50.0,50.0,48.39,54.55,80.0,0.2949597452723277,0.1584796998775836,0.2542372881355932,6.610169491525424,0.1873837372881356,1.779661016949153,2.0338983050847457,3.8135593220338975,0.2304672050847457,11.949152542372882,LW,78,69,69,25,62,9,72,53,94,53,44,69,53,22,16,16,34,94,25,9,78,53,59,22,53,53,88,75,94,75,78,81,94,91,69,50,9,69,62,62,72,75,62,75,88,94,88,25,62,12,81,62,94,62,50,75,53,19,19,19,38,94,25,12,81,69,75,31,53,53,88,75,94,75,78,81,94,91,88,62,12,81,75,75,62,81,75,75,Eredivisie
Twente,4tic29sox7m39fy1ztgv0jsiq,3xlkchrk28u0cb620cajre1hw,R. Nijstad,Ruud Nijstad,18,Defender,Netherlands,Defender,140.0,168.0,308.0,10.0,540.0,8.0,0.0,3.0,10.0,5.0,0.0,4.0,1.0,0.0,1.0,2.0,2.0,18.0,3.0,0.0,3.0,1.0,1.0,0.0,2.0,0.0,0.0,90.86,45.45,0.0,100.0,25.0,50.0,50.0,100.0,0.3389212767738462,0.0,3.0,21.0,0.5442971299999999,14.0,34.0,24.0,0.56542907,177.0,23.33333333333333,28.0,51.333333333333336,1.6666666666666667,1.3333333333333333,0.0,0.5,1.6666666666666667,0.8333333333333334,0.0,0.6666666666666666,0.1666666666666666,0.0,0.1666666666666666,0.3333333333333333,0.3333333333333333,3.0,0.5,0.0,0.5,0.1666666666666666,0.1666666666666666,0.0,0.3333333333333333,0.0,0.0,90.86,45.45,0.0,100.0,25.0,50.0,50.0,100.0,0.0564868794623077,0.0,0.5,3.5,0.0907161883333333,2.333333333333333,5.666666666666667,4.0,0.0942381783333333,29.5,LB/LCB,88,88,92,12,62,4,27,63,65,10,75,40,50,56,37,31,71,23,33,94,94,75,12,58,50,52,96,69,12,94,71,31,60,96,77,10,94,81,81,96,88,71,46,92,85,77,88,4,62,4,19,50,50,10,73,38,50,54,29,25,48,23,33,96,96,81,12,58,50,52,96,69,12,94,71,31,60,96,69,10,100,73,73,85,88,65,35,88,Eredivisie
Twente,4tic29sox7m39fy1ztgv0jsiq,57btqxe5sy3ygzxpp55p4umdx,W. Weghorst,Wout Weghorst,34,Attacker,Netherlands,Striker,42.0,89.0,131.0,38.0,608.0,39.0,13.0,4.0,2.0,18.0,11.0,24.0,21.0,0.0,2.0,5.0,5.0,2.0,2.0,1.0,3.0,4.0,14.0,0.0,3.0,0.0,0.0,75.72,28.57,0.0,60.0,58.33,45.78,46.15,100.0,3.145911838588056,0.7741230534273192,2.0,3.0,0.0723671999999999,2.0,3.0,6.0,0.3247190999999999,58.0,6.217105263157895,13.174342105263158,19.39144736842105,5.625,5.7730263157894735,1.924342105263158,0.5921052631578947,0.2960526315789473,2.664473684210526,1.6282894736842106,3.5526315789473686,3.108552631578948,0.0,0.2960526315789473,0.7401315789473685,0.7401315789473685,0.2960526315789473,0.2960526315789473,0.1480263157894736,0.4440789473684211,0.5921052631578947,2.0723684210526314,0.0,0.4440789473684211,0.0,0.0,75.72,28.57,0.0,60.0,58.33,45.78,46.15,100.0,0.4656777392646793,0.1145905835665439,0.2960526315789473,0.4440789473684211,0.0107122499999999,0.2960526315789473,0.4440789473684211,0.8881578947368421,0.0480669720394736,8.585526315789474,ST,91,97,94,94,94,97,95,71,79,88,97,94,52,53,47,41,33,86,62,82,91,100,39,59,52,52,73,42,39,73,88,61,70,86,94,85,52,47,36,67,53,74,76,94,82,97,91,73,70,88,79,52,61,85,73,76,52,30,24,21,27,76,52,58,76,97,39,52,52,52,73,42,39,73,88,61,70,86,79,79,36,30,27,58,45,58,58,94,Eredivisie
Twente,4tic29sox7m39fy1ztgv0jsiq,5m8pflpgynidzk7d9507oujje,D. Rots,Daan Rots,25,Attacker,Netherlands,Striker,19.0,90.0,107.0,19.0,324.0,20.0,6.0,6.0,8.0,4.0,7.0,13.0,11.0,0.0,3.0,3.0,4.0,3.0,4.0,1.0,2.0,1.0,1.0,2.0,2.0,0.0,0.0,80.45,80.0,20.0,66.67,7.69,46.34,57.14,75.0,1.3738746578523455,0.8476205304307444,2.0,12.0,0.39272355,5.0,8.0,18.0,1.2115393,53.0,5.277777777777778,25.0,29.72222222222222,5.277777777777778,5.555555555555555,1.6666666666666663,1.6666666666666663,2.2222222222222223,1.1111111111111112,1.9444444444444444,3.611111111111111,3.055555555555556,0.0,0.8333333333333333,0.8333333333333333,1.1111111111111112,0.8333333333333333,1.1111111111111112,0.2777777777777778,0.5555555555555556,0.2777777777777778,0.2777777777777778,0.5555555555555556,0.5555555555555556,0.0,0.0,80.45,80.0,20.0,66.67,7.69,46.34,57.14,75.0,0.3816318494034293,0.2354501473418734,0.5555555555555556,3.333333333333333,0.1090898749999999,1.3888888888888888,2.2222222222222223,5.0,0.3365386944444444,14.72222222222222,RW,18,65,65,50,59,82,85,79,79,50,56,76,50,32,6,9,62,79,68,21,56,18,32,21,53,53,47,94,50,91,18,41,68,82,71,59,29,29,35,38,59,76,82,71,29,71,71,65,76,88,100,82,82,59,88,100,50,41,12,12,76,82,76,35,59,18,41,35,53,53,47,94,50,91,18,41,68,82,94,65,35,41,59,59,71,94,94,82,Eredivisie
Twente,4tic29sox7m39fy1ztgv0jsiq,6wwk8y9mklkh8x606ynhe1lp0,S. Ørjasæter,Sondre Ørjasæter,22,Attacker,Norway,Striker,28.0,141.0,165.0,15.0,496.0,43.0,1.0,0.0,3.0,4.0,14.0,16.0,12.0,0.0,5.0,20.0,20.0,2.0,3.0,2.0,4.0,1.0,4.0,4.0,8.0,0.0,0.0,86.84,50.0,25.0,40.0,25.0,38.46,57.14,0.0,1.436654586058885,1.2638365988100688,10.0,48.0,1.6620368199999995,8.0,12.0,15.0,1.2689086400000005,43.0,5.080645161290323,25.58467741935484,29.93951612903226,2.721774193548387,7.80241935483871,0.1814516129032258,0.0,0.5443548387096774,0.7258064516129032,2.540322580645161,2.903225806451613,2.177419354838709,0.0,0.907258064516129,3.629032258064516,3.629032258064516,0.3629032258064516,0.5443548387096774,0.3629032258064516,0.7258064516129032,0.1814516129032258,0.7258064516129032,0.7258064516129032,1.4516129032258065,0.0,0.0,86.84,50.0,25.0,40.0,25.0,38.46,57.14,0.0,0.2606832918252009,0.2293251893002141,1.814516129032258,8.709677419354838,0.3015792616935483,1.4516129032258065,2.177419354838709,2.721774193548387,0.2302455193548388,7.80241935483871,LW,50,88,81,25,88,9,6,53,78,88,91,100,53,91,88,81,34,59,91,66,47,53,59,84,53,53,94,41,62,56,34,12,100,6,88,88,91,94,94,75,88,75,75,69,19,81,81,12,81,6,6,38,75,88,81,88,53,81,69,69,31,50,88,50,31,38,50,62,53,53,94,41,62,56,34,12,100,6,75,88,81,94,94,62,75,56,69,44,Eredivisie
Twente,4tic29sox7m39fy1ztgv0jsiq,bner5siqnwn1fqusfrgujt0fe,M. Bruns,Max Bruns,23,Defender,Netherlands,Defender,168.0,128.0,296.0,27.0,455.0,4.0,4.0,6.0,11.0,11.0,1.0,4.0,4.0,0.0,0.0,2.0,2.0,22.0,6.0,1.0,0.0,0.0,1.0,0.0,2.0,0.0,0.0,90.8,50.0,0.0,100.0,25.0,69.23,57.89,60.0,0.3926388644517736,0.1091572570949293,0.0,11.0,0.22536274,4.0,25.0,29.0,0.5121839299999996,204.0,33.23076923076923,25.31868131868132,58.54945054945056,5.340659340659341,0.7912087912087913,0.7912087912087913,1.1868131868131868,2.175824175824176,2.175824175824176,0.1978021978021978,0.7912087912087913,0.7912087912087913,0.0,0.0,0.3956043956043956,0.3956043956043956,4.351648351648352,1.1868131868131868,0.1978021978021978,0.0,0.0,0.1978021978021978,0.0,0.3956043956043956,0.0,0.0,90.8,50.0,0.0,100.0,25.0,69.23,57.89,60.0,0.07766483033112,0.0215915453594365,0.0,2.175824175824176,0.0445772452747252,0.7912087912087913,4.945054945054945,5.736263736263736,0.1013111070329669,40.35164835164835,CB,46,68,55,62,48,62,70,38,49,40,71,79,40,26,62,61,35,48,89,29,35,63,39,78,51,51,68,57,39,89,60,93,56,49,66,51,33,73,71,70,55,70,51,68,73,76,76,73,56,68,76,39,56,39,85,85,40,26,59,59,41,51,93,29,35,71,39,80,51,51,68,57,39,89,60,93,56,49,71,51,33,78,76,76,63,78,66,80,Eredivisie
Twente,4tic29sox7m39fy1ztgv0jsiq,bvwaamcj0bpdrcuoffl6b9rf8,D. Weidmann,Daouda Weidmann,23,Midfielder,France,Midfielder,65.0,169.0,224.0,29.0,471.0,20.0,7.0,5.0,10.0,3.0,14.0,19.0,7.0,0.0,6.0,20.0,21.0,5.0,3.0,1.0,12.0,2.0,6.0,10.0,10.0,0.0,0.0,91.8,83.33,37.04,50.0,31.58,49.15,50.0,55.56,1.844822304792164,1.635366610112941,12.0,26.0,0.68396232,9.0,15.0,19.0,0.5198740699999999,98.0,12.420382165605096,32.29299363057325,42.80254777070064,5.54140127388535,3.821656050955414,1.3375796178343948,0.9554140127388536,1.910828025477707,0.5732484076433121,2.6751592356687897,3.6305732484076434,1.3375796178343948,0.0,1.1464968152866242,3.821656050955414,4.012738853503184,0.9554140127388536,0.5732484076433121,0.1910828025477706,2.2929936305732483,0.3821656050955413,1.1464968152866242,1.910828025477707,1.910828025477707,0.0,0.0,91.8,83.33,37.04,50.0,31.58,49.15,50.0,55.56,0.3525138162023243,0.3124904350534282,2.2929936305732483,4.968152866242038,0.1306934369426751,1.7197452229299364,2.8662420382165603,3.6305732484076434,0.0993389942675159,18.726114649681527,CM/AM,62,77,77,81,69,83,50,77,52,83,90,71,50,90,96,96,44,54,62,96,79,81,85,90,50,50,92,94,69,50,50,54,62,48,92,88,94,75,69,60,31,54,42,54,62,73,65,81,77,85,58,73,42,88,92,69,50,85,96,96,35,46,58,96,77,85,92,88,50,50,92,94,69,50,50,54,62,48,88,96,96,73,73,69,19,50,35,54,Eredivisie
Twente,4tic29sox7m39fy1ztgv0jsiq,by85t8ssyumcjcks1jx3v96vo,Y. Taha,Younes Taha,23,Attacker,Morocco,Striker,47.0,130.0,166.0,17.0,439.0,19.0,3.0,4.0,7.0,4.0,17.0,15.0,5.0,0.0,3.0,13.0,14.0,3.0,3.0,2.0,10.0,2.0,5.0,11.0,5.0,0.0,0.0,85.13,63.64,23.91,38.46,33.33,36.96,57.14,80.0,1.8092812284065007,1.7834452246082144,9.0,14.0,0.41362631,3.0,16.0,17.0,1.857301160000001,73.0,9.635535307517085,26.651480637813208,34.03189066059225,3.4851936218678814,3.895216400911161,0.6150341685649202,0.8200455580865603,1.4350797266514803,0.8200455580865603,3.4851936218678814,3.075170842824601,1.0250569476082003,0.0,0.6150341685649202,2.665148063781321,2.870159453302961,0.6150341685649202,0.6150341685649202,0.4100227790432801,2.0501138952164006,0.4100227790432801,1.0250569476082003,2.2551252847380407,1.0250569476082003,0.0,0.0,85.13,63.64,23.91,38.46,33.33,36.96,57.14,80.0,0.3709232586710366,0.3656265836326635,1.8451025056947608,2.870159453302961,0.0847981045558086,0.6150341685649202,3.2801822323462413,3.4851936218678814,0.3807678915717541,14.965831435079725,RW,94,76,76,41,50,18,56,65,79,88,71,26,50,32,59,56,62,56,91,100,76,71,97,50,53,53,76,68,71,24,62,12,68,97,100,88,91,38,41,26,91,71,100,88,88,76,82,24,29,24,47,59,71,94,71,29,50,24,65,53,59,53,88,100,76,65,100,47,53,53,76,68,71,24,62,12,68,97,88,100,94,35,35,24,88,59,100,88,Eredivisie
Twente,4tic29sox7m39fy1ztgv0jsiq,dc119ejc7lls2rd3ywigl2smi,R. Zerrouki,Ramiz Zerrouki,28,Midfielder,Algeria,Midfielder,114.0,293.0,406.0,28.0,617.0,8.0,3.0,12.0,35.0,11.0,14.0,7.0,2.0,0.0,1.0,6.0,6.0,11.0,8.0,1.0,5.0,0.0,0.0,1.0,1.0,0.0,0.0,85.65,63.64,14.29,16.67,0.0,47.46,44.0,92.31,0.4497430250062726,0.7431661653630064,5.0,34.0,0.7702419299999999,11.0,82.0,71.0,1.5687093900000002,248.0,16.628849270664507,42.73905996758509,59.22204213938412,4.084278768233387,1.166936790923825,0.4376012965964344,1.7504051863857375,5.105348460291735,1.6045380875202595,2.0421393841166937,1.0210696920583469,0.2917341977309562,0.0,0.1458670988654781,0.8752025931928687,0.8752025931928687,1.6045380875202595,1.166936790923825,0.1458670988654781,0.7293354943273906,0.0,0.0,0.1458670988654781,0.1458670988654781,0.0,0.0,85.65,63.64,14.29,16.67,0.0,47.46,44.0,92.31,0.0656027102926491,0.1084034925164839,0.7293354943273906,4.959481361426256,0.1123529557536466,1.6045380875202595,11.961102106969207,10.356564019448948,0.2288230876823339,36.175040518638575,CM/AM,96,96,96,77,37,27,96,100,96,83,35,23,50,19,52,48,87,92,62,62,17,10,37,21,50,50,50,69,35,15,10,42,46,92,15,62,71,88,88,77,100,100,92,96,81,88,92,58,23,12,96,100,96,62,19,15,50,12,31,31,73,85,50,35,17,10,27,15,50,50,50,69,35,15,10,42,46,92,12,35,50,69,65,58,100,100,77,92,Eredivisie
Twente,4tic29sox7m39fy1ztgv0jsiq,lduqoe45t2fnbn9s9rbvlnf9,R. Pröpper,Robin Pröpper,32,Defender,Netherlands,Defender,190.0,158.0,348.0,37.0,543.0,8.0,7.0,2.0,20.0,26.0,1.0,8.0,7.0,0.0,1.0,1.0,1.0,30.0,5.0,0.0,1.0,1.0,4.0,0.0,0.0,0.0,0.0,85.09,37.04,0.0,0.0,50.0,61.67,68.42,40.0,0.9343010153484512,0.0908395503960554,1.0,9.0,0.18540742,5.0,30.0,40.0,0.5485537599999999,216.0,31.49171270718232,26.187845303867405,57.67955801104973,6.1325966850828735,1.3259668508287292,1.160220994475138,0.3314917127071823,3.314917127071823,4.30939226519337,0.1657458563535911,1.3259668508287292,1.160220994475138,0.0,0.1657458563535911,0.1657458563535911,0.1657458563535911,4.972375690607735,0.8287292817679558,0.0,0.1657458563535911,0.1657458563535911,0.6629834254143646,0.0,0.0,0.0,0.0,85.09,37.04,0.0,0.0,50.0,61.67,68.42,40.0,0.1548565218809587,0.0150562790711694,0.1657458563535911,1.4917127071823204,0.0307305116022099,0.8287292817679558,4.972375690607735,6.629834254143646,0.0909205127071823,35.80110497237569,CB,68,80,83,88,85,90,23,80,96,40,100,100,40,67,39,38,63,30,39,76,83,100,39,23,51,51,32,22,39,23,85,71,84,20,100,46,79,66,59,79,67,93,59,80,59,78,73,90,76,93,17,63,98,32,95,98,40,68,39,37,56,17,39,73,80,98,39,23,51,51,32,22,39,23,85,71,84,20,90,39,80,61,56,78,66,83,56,76,Eredivisie
Twente,4tic29sox7m39fy1ztgv0jsiq,qobf1v5kwuz6hj2ooixfw4mi,B. van Rooij,Bart van Rooij,25,Defender,Netherlands,Defender,151.0,269.0,411.0,22.0,604.0,13.0,4.0,11.0,29.0,4.0,18.0,3.0,2.0,0.0,2.0,3.0,3.0,17.0,8.0,1.0,1.0,0.0,1.0,9.0,1.0,0.0,0.0,88.96,64.44,32.14,33.33,33.33,50.0,50.0,84.62,0.2237286620491163,1.9481889970053667,0.0,29.0,0.6972611199999997,8.0,64.0,64.0,2.86140941,223.0,22.5,40.08278145695364,61.24172185430464,3.2781456953642385,1.937086092715232,0.5960264900662251,1.6390728476821192,4.321192052980132,0.5960264900662251,2.6821192052980134,0.4470198675496689,0.2980132450331125,0.0,0.2980132450331125,0.4470198675496689,0.4470198675496689,2.533112582781457,1.1920529801324502,0.1490066225165562,0.1490066225165562,0.0,0.1490066225165562,1.3410596026490067,0.1490066225165562,0.0,0.0,88.96,64.44,32.14,33.33,33.33,50.0,50.0,84.62,0.0333370522920868,0.2902930624676871,0.0,4.321192052980132,0.1038965245033112,1.1920529801324502,9.536423841059602,9.536423841059602,0.426368951821192,33.228476821192054,RB/RCB,100,100,100,42,79,47,84,100,39,100,45,61,47,71,47,47,53,95,74,47,45,58,100,53,53,53,84,95,79,61,68,24,47,95,42,100,26,95,89,76,100,100,100,100,89,95,95,32,74,37,58,100,26,100,42,42,47,63,42,42,37,89,63,47,45,42,89,42,53,53,84,95,79,61,68,24,47,95,32,100,26,84,84,74,100,100,100,100,Eredivisie
Utrecht,ccpscwdcm65czscrun048ecn5,1k60tee702idfrp0ibca1s57u,G. Offerhaus,Guus Offerhaus,25,Defender,Netherlands,Defender,48.0,40.0,88.0,8.0,274.0,2.0,1.0,5.0,4.0,1.0,0.0,2.0,2.0,0.0,1.0,2.0,3.0,9.0,4.0,0.0,0.0,0.0,0.0,0.0,1.0,0.0,0.0,81.48,57.14,0.0,50.0,0.0,34.78,20.0,100.0,0.2192701300269773,0.0,0.0,4.0,0.07479147,0.0,6.0,6.0,0.13734184,38.0,15.766423357664234,13.138686131386862,28.905109489051096,2.6277372262773726,0.6569343065693432,0.3284671532846716,1.6423357664233578,1.3138686131386863,0.3284671532846716,0.0,0.6569343065693432,0.6569343065693432,0.0,0.3284671532846716,0.6569343065693432,0.9854014598540146,2.956204379562044,1.3138686131386863,0.0,0.0,0.0,0.0,0.0,0.3284671532846716,0.0,0.0,81.48,57.14,0.0,50.0,0.0,34.78,20.0,100.0,0.072023035410321,0.0,0.0,1.3138686131386863,0.0245665412408759,0.0,1.9708029197080288,1.9708029197080288,0.0451122832116788,12.481751824817518,CB,7,10,7,4,29,17,60,9,2,12,40,49,40,67,62,78,7,18,39,29,35,22,39,56,51,51,10,78,39,57,22,2,2,96,41,12,33,39,29,11,11,12,10,10,7,37,7,7,41,29,93,15,2,12,68,76,40,90,88,98,12,59,39,29,35,22,39,78,51,51,10,78,39,57,22,2,2,96,68,12,33,56,51,11,20,22,15,10,Eredivisie
Utrecht,ccpscwdcm65czscrun048ecn5,29s8wk0a2m66rebsfx1jfuuh,D. van den Berg,Davy van den Berg,26,Midfielder,Netherlands,Midfielder,96.0,98.0,187.0,18.0,432.0,7.0,3.0,5.0,9.0,3.0,12.0,6.0,4.0,0.0,2.0,3.0,3.0,10.0,3.0,2.0,2.0,0.0,1.0,7.0,2.0,0.0,0.0,85.0,52.94,50.0,66.67,16.67,48.65,42.86,50.0,0.5603346063858023,0.9235073053386874,1.0,5.0,0.12082396,2.0,22.0,16.0,0.4864241799999999,101.0,20.0,20.416666666666668,38.958333333333336,3.75,1.4583333333333337,0.625,1.0416666666666667,1.875,0.625,2.5,1.25,0.8333333333333334,0.0,0.4166666666666667,0.625,0.625,2.083333333333333,0.625,0.4166666666666667,0.4166666666666667,0.0,0.2083333333333333,1.4583333333333337,0.4166666666666667,0.0,0.0,85.0,52.94,50.0,66.67,16.67,48.65,42.86,50.0,0.1167363763303755,0.1923973552788932,0.2083333333333333,1.0416666666666667,0.0251716583333333,0.4166666666666667,4.583333333333334,3.333333333333333,0.1013383708333333,21.041666666666668,CM/AM,87,31,42,40,27,27,50,71,52,69,25,48,50,46,21,19,79,54,85,25,17,23,79,38,50,50,42,38,88,75,25,50,42,27,38,69,13,10,12,12,60,33,38,62,100,38,54,42,27,35,69,69,50,85,27,50,50,46,23,15,81,50,85,27,17,23,77,35,50,50,42,38,88,75,25,50,42,27,38,69,15,12,12,15,77,38,38,69,Eredivisie
Utrecht,ccpscwdcm65czscrun048ecn5,2t2mq9pun2hrdvadnpixxvlzo,A. Blake,Adrian Blake,21,Attacker,England,Striker,31.0,38.0,67.0,21.0,254.0,11.0,10.0,2.0,2.0,0.0,0.0,10.0,6.0,0.0,1.0,13.0,13.0,3.0,2.0,0.0,4.0,2.0,5.0,2.0,8.0,0.0,0.0,76.14,66.67,28.57,61.54,50.0,56.76,0.0,66.67,1.1577424712002315,0.0,7.0,10.0,0.26413985,6.0,6.0,8.0,0.47640719,26.0,10.984251968503935,13.464566929133856,23.74015748031496,7.440944881889763,3.8976377952755903,3.543307086614173,0.7086614173228346,0.7086614173228346,0.0,0.0,3.543307086614173,2.125984251968504,0.0,0.3543307086614173,4.606299212598425,4.606299212598425,1.062992125984252,0.7086614173228346,0.0,1.4173228346456692,0.7086614173228346,1.7716535433070866,0.7086614173228346,2.8346456692913384,0.0,0.0,76.14,66.67,28.57,61.54,50.0,56.76,0.0,66.67,0.4102237102677986,0.0,2.4803149606299213,3.543307086614173,0.0935928602362204,2.125984251968504,2.125984251968504,2.8346456692913384,0.1688056972440944,9.21259842519685,LW,62,19,28,53,19,81,28,31,16,9,59,56,53,22,53,47,47,34,25,66,78,66,41,84,53,53,31,91,84,94,78,100,16,69,62,9,72,31,25,53,56,28,25,31,94,38,50,100,38,100,50,56,16,9,94,81,53,38,81,81,75,62,25,88,100,100,44,94,53,53,31,91,84,94,78,100,16,69,94,9,94,56,44,88,69,62,56,62,Eredivisie
Utrecht,ccpscwdcm65czscrun048ecn5,2tc8y9du64tjno62zll2jhy7e,Y. Cathline,Yoann Cathline,24,Attacker,France,Striker,31.0,58.0,82.0,23.0,399.0,15.0,10.0,6.0,6.0,1.0,5.0,7.0,4.0,0.0,2.0,14.0,15.0,1.0,3.0,2.0,3.0,0.0,0.0,7.0,4.0,0.0,0.0,75.93,60.0,26.92,28.57,0.0,41.82,20.0,75.0,0.6737921178429214,0.6912983185770118,1.0,11.0,0.30032307,5.0,11.0,12.0,0.4920986200000001,37.0,6.992481203007518,13.082706766917292,18.49624060150376,5.1879699248120295,3.3834586466165413,2.255639097744361,1.3533834586466165,1.3533834586466165,0.225563909774436,1.1278195488721805,1.5789473684210529,0.9022556390977444,0.0,0.4511278195488721,3.1578947368421053,3.3834586466165413,0.225563909774436,0.6766917293233082,0.4511278195488721,0.6766917293233082,0.0,0.0,1.5789473684210529,0.9022556390977444,0.0,0.0,75.93,60.0,26.92,28.57,0.0,41.82,20.0,75.0,0.1519831844758469,0.1559319515587244,0.225563909774436,2.481203007518797,0.0677420458646616,1.1278195488721805,2.481203007518797,2.706766917293233,0.1109996887218045,8.345864661654135,LW,62,38,38,75,47,81,97,84,38,44,34,38,53,47,66,66,19,59,91,41,16,9,81,41,53,53,25,75,69,25,9,38,38,78,44,56,9,38,38,41,81,50,38,47,69,31,25,69,31,81,94,94,38,44,31,44,53,50,62,62,19,56,100,38,16,9,100,38,53,53,25,75,69,25,9,38,38,78,38,56,6,25,25,38,81,50,12,56,Eredivisie
Utrecht,ccpscwdcm65czscrun048ecn5,3r6elcuru7no13hrfczmwbmy1,S. Horemans,Siebe Horemans,28,Defender,Belgium,Defender,155.0,69.0,220.0,33.0,568.0,7.0,1.0,8.0,18.0,16.0,2.0,4.0,4.0,0.0,1.0,2.0,2.0,26.0,8.0,0.0,0.0,0.0,0.0,4.0,2.0,0.0,0.0,84.62,56.25,40.0,100.0,0.0,67.35,69.57,57.14,0.3317140425292872,0.248004062860811,0.0,3.0,0.08141669,1.0,7.0,9.0,0.5273739599999997,122.0,24.55985915492958,10.933098591549296,34.859154929577464,5.22887323943662,1.1091549295774648,0.1584507042253521,1.267605633802817,2.852112676056338,2.535211267605634,0.3169014084507042,0.6338028169014085,0.6338028169014085,0.0,0.1584507042253521,0.3169014084507042,0.3169014084507042,4.119718309859155,1.267605633802817,0.0,0.0,0.0,0.0,0.6338028169014085,0.3169014084507042,0.0,0.0,84.62,56.25,40.0,100.0,0.0,67.35,69.57,57.14,0.0525603236402039,0.039296418411044,0.0,0.4753521126760563,0.0129005318661971,0.1584507042253521,1.1091549295774648,1.426056338028169,0.0835627753521126,19.33098591549296,CB,37,32,29,82,77,17,84,71,79,63,71,79,40,67,62,61,46,68,39,29,35,22,100,78,51,51,27,76,84,89,22,90,88,39,59,80,33,27,34,32,16,21,54,34,12,17,12,71,68,10,78,59,68,59,63,71,40,63,56,56,39,56,39,29,35,22,100,76,51,51,27,76,84,89,22,90,88,39,51,78,33,24,24,27,7,10,44,17,Eredivisie
Utrecht,ccpscwdcm65czscrun048ecn5,3ypxn1nvgv8e321sq5394w3my,M. Didden,Matisse Didden,24,Defender,Belgium,Defender,130.0,53.0,183.0,23.0,384.0,6.0,2.0,2.0,16.0,18.0,1.0,3.0,3.0,0.0,0.0,0.0,0.0,44.0,2.0,0.0,0.0,2.0,2.0,0.0,0.0,0.0,0.0,82.06,44.44,0.0,0.0,66.67,53.49,62.07,66.67,0.3906595543739419,0.0782446449085599,0.0,0.0,0.0,0.0,9.0,14.0,0.2838276,101.0,30.46875,12.421875,42.890625,5.390625,1.40625,0.46875,0.46875,3.75,4.21875,0.234375,0.703125,0.703125,0.0,0.0,0.0,0.0,10.3125,0.46875,0.0,0.0,0.46875,0.46875,0.0,0.0,0.0,0.0,82.06,44.44,0.0,0.0,66.67,53.49,62.07,66.67,0.0915608330563926,0.0183385886504437,0.0,0.0,0.0,0.0,2.109375,3.28125,0.06652209375,23.671875,CB,28,22,24,54,67,34,23,57,85,40,52,63,40,26,13,12,88,6,39,29,99,91,39,23,51,51,17,41,39,23,91,29,68,62,63,41,33,6,6,11,22,29,24,20,54,22,37,76,83,34,29,78,93,49,71,78,40,26,13,12,98,5,39,29,100,95,39,23,51,51,17,41,39,23,91,29,68,62,78,44,33,6,6,11,22,34,34,34,Eredivisie
Utrecht,ccpscwdcm65czscrun048ecn5,5wwqe546ohp130rvi8x8pt0tm,A. Zagré,Arthur Zagré,24,Defender,Burkina Faso,Defender,111.0,90.0,197.0,27.0,584.0,8.0,4.0,9.0,8.0,1.0,11.0,3.0,1.0,0.0,2.0,14.0,14.0,10.0,6.0,0.0,2.0,0.0,1.0,4.0,6.0,0.0,0.0,83.47,42.11,26.67,42.86,33.33,39.71,12.5,56.25,0.2365997933859631,0.9727882127631172,3.0,11.0,0.3009888699999999,6.0,15.0,15.0,0.6352309500000001,85.0,17.106164383561644,13.86986301369863,30.35958904109589,4.160958904109589,1.2328767123287672,0.6164383561643836,1.386986301369863,1.2328767123287672,0.1541095890410959,1.6952054794520548,0.4623287671232877,0.1541095890410959,0.0,0.3082191780821918,2.1575342465753424,2.1575342465753424,1.5410958904109588,0.9246575342465754,0.0,0.3082191780821918,0.0,0.1541095890410959,0.6164383561643836,0.9246575342465754,0.0,0.0,83.47,42.11,26.67,42.86,33.33,39.71,12.5,56.25,0.0364622969259189,0.1499159916929461,0.4623287671232877,1.6952054794520548,0.0463852710616438,0.9246575342465754,2.3116438356164384,2.3116438356164384,0.0978951806506849,13.099315068493151,LB/LCB,79,54,69,79,62,56,87,44,12,87,56,40,50,83,96,94,25,65,33,83,44,75,62,92,50,52,54,52,60,58,83,23,12,42,50,77,94,62,69,65,50,40,50,58,58,42,38,56,50,46,69,27,8,81,46,35,50,87,96,96,15,50,33,81,44,71,62,92,50,52,54,52,60,58,83,23,12,42,38,73,96,62,62,58,35,31,38,50,Eredivisie
Utrecht,ccpscwdcm65czscrun048ecn5,6narzhg4hjarzdm235jkcclxw,A. Stepanov,Artem Stepanov,19,Attacker,Ukraine,Striker,41.0,34.0,75.0,13.0,436.0,21.0,4.0,4.0,2.0,2.0,4.0,10.0,9.0,0.0,4.0,11.0,11.0,2.0,0.0,0.0,1.0,5.0,5.0,0.0,3.0,0.0,0.0,80.65,100.0,0.0,27.27,50.0,31.71,25.0,100.0,1.184953764401952,0.3963525080891634,1.0,2.0,0.03555943,2.0,5.0,4.0,0.24833022,26.0,8.463302752293579,7.018348623853211,15.48165137614679,2.6834862385321103,4.3348623853211015,0.8256880733944955,0.8256880733944955,0.4128440366972477,0.4128440366972477,0.8256880733944955,2.064220183486239,1.8577981651376148,0.0,0.8256880733944955,2.2706422018348627,2.2706422018348627,0.4128440366972477,0.0,0.0,0.2064220183486238,1.0321100917431194,1.0321100917431194,0.0,0.6192660550458716,0.0,0.0,80.65,100.0,0.0,27.27,50.0,31.71,25.0,100.0,0.2446005476976507,0.0818158846973043,0.2064220183486238,0.4128440366972477,0.0073402493119266,0.4128440366972477,1.0321100917431194,0.8256880733944955,0.0512608252293578,5.366972477064221,ST,88,52,70,24,44,48,95,71,8,47,48,50,52,88,88,86,33,24,24,26,100,58,39,59,52,52,86,91,39,33,74,9,12,86,52,67,26,27,24,67,77,55,64,73,91,39,76,15,42,39,94,67,9,42,45,48,52,85,79,76,33,24,24,24,97,55,39,61,52,52,86,91,39,33,74,9,12,86,48,64,24,24,18,67,79,52,64,79,Eredivisie
Utrecht,ccpscwdcm65czscrun048ecn5,8tqsvu5sw6kn014hdv88zppm1,N. Vesterlund,Niklas Vesterlund,27,Defender,Denmark,Defender,65.0,42.0,106.0,18.0,496.0,8.0,5.0,4.0,4.0,5.0,4.0,1.0,1.0,0.0,0.0,0.0,0.0,6.0,3.0,2.0,0.0,0.0,1.0,1.0,0.0,0.0,0.0,76.81,28.57,25.0,0.0,100.0,52.94,41.67,50.0,0.0836154632990809,0.4868139019717754,0.0,2.0,0.0580847399999999,3.0,5.0,7.0,0.5174273600000001,52.0,11.794354838709678,7.620967741935484,19.233870967741936,3.2661290322580645,1.4516129032258065,0.907258064516129,0.7258064516129032,0.7258064516129032,0.907258064516129,0.7258064516129032,0.1814516129032258,0.1814516129032258,0.0,0.0,0.0,0.0,1.0887096774193548,0.5443548387096774,0.3629032258064516,0.0,0.0,0.1814516129032258,0.1814516129032258,0.0,0.0,0.0,76.81,28.57,25.0,0.0,100.0,52.94,41.67,50.0,0.0151721606792687,0.0883331676964915,0.0,0.3629032258064516,0.0105395697580644,0.5443548387096774,0.907258064516129,1.2701612903225807,0.093888029032258,9.435483870967742,RB/RCB,32,16,26,21,61,63,21,29,53,47,21,29,47,24,16,16,18,39,92,18,45,58,39,18,53,53,21,21,61,18,97,32,37,21,16,58,26,16,21,45,18,24,42,26,26,5,16,26,53,63,21,26,47,42,21,32,47,24,16,16,16,37,95,18,45,63,37,18,53,53,21,21,61,18,97,32,37,21,16,58,26,11,21,47,11,16,42,21,Eredivisie
Utrecht,ccpscwdcm65czscrun048ecn5,8ymqihdfqc7esda7y407lebx1,D. de Wit,Dani de Wit,28,Midfielder,Netherlands,Midfielder,71.0,65.0,135.0,36.0,595.0,14.0,6.0,5.0,4.0,22.0,6.0,10.0,9.0,0.0,2.0,0.0,0.0,13.0,3.0,0.0,1.0,2.0,8.0,1.0,0.0,0.0,0.0,76.7,28.57,100.0,0.0,80.0,45.57,48.89,62.5,1.4880282606153228,0.5220130922246136,0.0,2.0,0.05633455,2.0,9.0,8.0,0.3461435,62.0,10.739495798319329,9.831932773109244,20.420168067226893,5.445378151260504,2.117647058823529,0.907563025210084,0.7563025210084034,0.6050420168067228,3.327731092436975,0.907563025210084,1.512605042016807,1.361344537815126,0.0,0.3025210084033614,0.0,0.0,1.9663865546218489,0.453781512605042,0.0,0.1512605042016807,0.3025210084033614,1.2100840336134455,0.1512605042016807,0.0,0.0,0.0,76.7,28.57,100.0,0.0,80.0,45.57,48.89,62.5,0.2250799049670236,0.0789599635297734,0.0,0.3025210084033614,0.0085211924369747,0.3025210084033614,1.361344537815126,1.2100840336134455,0.0523578403361344,9.378151260504202,DM/CM,36,21,29,96,89,73,66,18,100,68,95,100,48,73,4,4,70,34,34,21,91,100,48,7,52,52,18,11,96,7,89,21,46,64,100,64,7,7,7,25,20,12,32,25,11,4,7,68,86,54,43,7,100,39,82,96,48,68,4,4,46,21,34,18,89,100,43,7,52,52,18,11,96,7,89,21,46,64,96,50,7,7,7,11,11,4,29,11,Eredivisie
Utrecht,ccpscwdcm65czscrun048ecn5,c3j7m8kaoius8i6jihubgy6p6,Ángel Alarcón,Ángel Alarcón,22,Attacker,Spain,Striker,26.0,63.0,87.0,20.0,494.0,26.0,3.0,4.0,3.0,3.0,6.0,13.0,7.0,0.0,5.0,14.0,16.0,0.0,1.0,0.0,6.0,0.0,4.0,2.0,9.0,0.0,0.0,76.99,50.0,9.09,64.29,30.77,43.48,50.0,80.0,1.2732282747838997,0.621240765555171,7.0,14.0,0.38233749,7.0,8.0,16.0,0.7911488600000001,41.0,4.7368421052631575,11.477732793522268,15.850202429149798,3.643724696356276,4.7368421052631575,0.5465587044534413,0.728744939271255,0.5465587044534413,0.5465587044534413,1.0931174089068827,2.3684210526315788,1.2753036437246963,0.0,0.9109311740890688,2.5506072874493926,2.91497975708502,0.0,0.1821862348178137,0.0,1.0931174089068827,0.0,0.728744939271255,0.3643724696356275,1.639676113360324,0.0,0.0,76.99,50.0,9.09,64.29,30.77,43.48,50.0,80.0,0.2319646654464594,0.1131815159918327,1.2753036437246963,2.5506072874493926,0.0696566277327935,1.2753036437246963,1.45748987854251,2.91497975708502,0.1441364319838056,7.469635627530364,RW,35,41,41,59,71,18,56,24,68,35,56,50,50,82,68,76,9,21,26,85,24,56,32,82,53,53,24,26,12,82,47,29,53,97,59,29,79,38,29,62,59,62,47,59,12,24,18,29,65,12,41,18,65,29,35,35,50,71,47,65,9,18,26,82,24,41,29,65,53,53,24,26,12,82,47,29,53,97,53,29,65,24,29,41,41,41,47,29,Eredivisie
Utrecht,ccpscwdcm65czscrun048ecn5,dr634x16y62yvudiuamw75bvu,N. Panagiotou,Nikolas Panagiotou,26,Defender,Cyprus,Defender,90.0,55.0,145.0,10.0,270.0,0.0,3.0,3.0,8.0,4.0,0.0,0.0,0.0,0.0,0.0,1.0,1.0,13.0,0.0,0.0,0.0,0.0,0.0,0.0,0.0,0.0,0.0,89.51,42.11,0.0,0.0,0.0,41.67,57.14,75.0,0.0,0.0,0.0,0.0,0.0,0.0,0.0,0.0,0.0,0.0,30.0,18.33333333333333,48.333333333333336,3.333333333333333,0.0,1.0,1.0,2.6666666666666665,1.3333333333333333,0.0,0.0,0.0,0.0,0.0,0.3333333333333333,0.3333333333333333,4.333333333333333,0.0,0.0,0.0,0.0,0.0,0.0,0.0,0.0,0.0,89.51,42.11,0.0,0.0,0.0,41.67,57.14,75.0,0.0,0.0,0.0,0.0,0.0,0.0,0.0,0.0,0.0,0.0,LB/LCB,65,23,42,12,10,40,27,44,44,10,10,13,50,21,21,17,52,4,33,21,44,31,12,15,50,52,88,52,12,15,31,27,71,79,10,10,21,10,10,8,8,8,8,8,100,62,81,38,10,77,46,88,81,10,10,13,50,21,29,25,88,4,33,21,44,31,12,15,50,52,88,52,12,15,31,27,71,79,10,10,21,10,10,8,8,8,8,8,Eredivisie
Feyenoord,20vymiy7bo8wkyxai3ew494fz,29fr98or3mqippn84z3p9ihhw,L. Valente,Luciano Valente,22,Midfielder,Netherlands,Midfielder,86.0,246.0,330.0,18.0,601.0,32.0,9.0,0.0,11.0,0.0,18.0,15.0,10.0,0.0,2.0,13.0,15.0,1.0,3.0,1.0,5.0,4.0,7.0,2.0,6.0,0.0,0.0,88.71,78.57,40.0,46.15,46.67,51.43,0.0,0.0,1.6713884206289369,1.6794074564815022,5.0,46.0,1.2093493199999994,19.0,38.0,44.0,1.7505450200000003,164.0,12.878535773710482,36.838602329450914,49.41763727121464,2.6955074875207985,4.792013311148087,1.3477537437603992,0.0,1.6472545757071546,0.0,2.6955074875207985,2.2462562396006653,1.497504159733777,0.0,0.2995008319467554,1.94675540765391,2.2462562396006653,0.1497504159733777,0.4492512479201331,0.1497504159733777,0.7487520798668885,0.5990016638935108,1.048252911813644,0.2995008319467554,0.8985024958402662,0.0,0.0,88.71,78.57,40.0,46.15,46.67,51.43,0.0,0.0,0.25029111124227,0.2514919651968971,0.7487520798668885,6.888519134775375,0.1811005637271213,2.845257903494176,5.690515806988352,6.589018302828618,0.2621448449251248,24.559068219633943,LM/LCM,100,100,100,75,67,83,25,100,25,83,50,50,58,25,33,42,25,92,67,58,100,67,50,58,58,58,100,83,92,67,100,83,25,25,83,100,50,83,83,83,100,100,83,100,100,83,83,17,33,67,25,83,25,83,33,33,58,17,33,33,17,83,50,50,100,50,50,50,58,58,100,83,92,67,100,83,25,25,50,83,33,67,67,83,100,100,67,100,Eredivisie
Feyenoord,20vymiy7bo8wkyxai3ew494fz,4ej8uchqe3rt1s5h6phjo3310,G. Zechiël,Gjivai Zechiël,22,Midfielder,Netherlands,Midfielder,81.0,209.0,288.0,26.0,597.0,39.0,6.0,6.0,3.0,1.0,19.0,19.0,9.0,0.0,6.0,15.0,18.0,2.0,2.0,4.0,10.0,5.0,11.0,2.0,8.0,0.0,0.0,89.44,30.0,15.38,53.33,57.89,55.32,25.0,54.55,2.4565059828793268,1.7655271463580753,6.0,34.0,1.15090542,11.0,29.0,34.0,1.4236914300000008,144.0,12.21105527638191,31.50753768844221,43.41708542713568,3.919597989949749,5.879396984924623,0.9045226130653266,0.9045226130653266,0.4522613065326633,0.1507537688442211,2.8643216080402008,2.8643216080402008,1.3567839195979898,0.0,0.9045226130653266,2.2613065326633164,2.71356783919598,0.3015075376884422,0.3015075376884422,0.6030150753768844,1.507537688442211,0.7537688442211055,1.658291457286432,0.3015075376884422,1.2060301507537687,0.0,0.0,89.44,30.0,15.38,53.33,57.89,55.32,25.0,54.55,0.3703275351074361,0.2661598713102626,0.9045226130653266,5.125628140703517,0.1735033296482412,1.658291457286432,4.371859296482412,5.125628140703517,0.2146268487437187,21.70854271356784,CM/AM,77,88,88,73,100,71,71,17,19,96,90,87,50,90,85,88,13,38,96,88,100,100,54,77,50,50,73,8,38,62,92,85,19,40,100,96,79,88,96,77,83,88,88,87,58,69,77,50,92,50,50,12,12,92,85,73,50,77,73,77,8,27,96,81,92,100,46,73,50,50,73,8,38,62,92,85,19,40,92,85,62,77,96,62,69,77,73,77,Eredivisie
Feyenoord,20vymiy7bo8wkyxai3ew494fz,5qvkwsnygz3zekwsdd1r994wk,G. Diarra,Gaoussou Diarra,23,Attacker,Mali,Striker,27.0,63.0,90.0,22.0,335.0,27.0,2.0,6.0,2.0,4.0,3.0,20.0,10.0,0.0,5.0,11.0,11.0,5.0,3.0,1.0,10.0,1.0,6.0,0.0,6.0,0.0,0.0,89.11,50.0,0.0,54.55,30.0,51.16,44.44,60.0,1.6646858623349752,0.2959844391265959,10.0,23.0,0.8858151000000002,8.0,4.0,5.0,0.5630014500000001,28.0,7.253731343283582,16.925373134328357,24.17910447761194,5.91044776119403,7.253731343283582,0.5373134328358209,1.611940298507463,0.5373134328358209,1.0746268656716418,0.8059701492537313,5.3731343283582085,2.686567164179104,0.0,1.343283582089552,2.955223880597015,2.955223880597015,1.343283582089552,0.8059701492537313,0.2686567164179104,2.686567164179104,0.2686567164179104,1.611940298507463,0.0,1.611940298507463,0.0,0.0,89.11,50.0,0.0,54.55,30.0,51.16,44.44,60.0,0.4472290376422321,0.0795182075265481,2.686567164179104,6.17910447761194,0.237980176119403,2.149253731343284,1.0746268656716418,1.343283582089552,0.1512541208955224,7.522388059701492,LW,44,44,44,66,69,22,97,31,78,31,100,84,53,91,38,34,75,59,62,100,47,84,12,69,53,53,100,41,12,88,44,88,81,59,94,31,91,62,81,75,31,9,44,38,81,56,56,88,75,19,100,31,81,25,100,100,53,94,38,38,88,81,69,94,38,88,12,69,53,53,100,41,12,88,44,88,81,59,100,31,100,75,81,94,38,6,50,38,Eredivisie
Feyenoord,20vymiy7bo8wkyxai3ew494fz,6fdwd71dx2qu7uzzs3ozm9x7u,T. Watanabe,Tsuyoshi Watanabe,29,Defender,Japan,Defender,173.0,162.0,335.0,15.0,491.0,6.0,1.0,1.0,14.0,13.0,5.0,4.0,4.0,1.0,2.0,1.0,1.0,18.0,4.0,1.0,0.0,0.0,1.0,0.0,0.0,0.0,0.0,94.1,53.85,0.0,0.0,25.0,57.69,72.22,100.0,0.5204468588673434,0.2696027997035399,0.0,5.0,0.18839072,1.0,35.0,24.0,0.4964435899999999,226.0,31.71079429735234,29.694501018329937,61.40529531568228,2.74949083503055,1.09979633401222,0.1832993890020366,0.1832993890020366,2.566191446028513,2.3828920570264764,0.9164969450101832,0.7331975560081466,0.7331975560081466,0.1832993890020366,0.3665987780040733,0.1832993890020366,0.1832993890020366,3.29938900203666,0.7331975560081466,0.1832993890020366,0.0,0.0,0.1832993890020366,0.0,0.0,0.0,0.0,94.1,53.85,0.0,0.0,25.0,57.69,72.22,100.0,0.0953975912384132,0.0494180284588973,0.0,0.9164969450101832,0.0345319038696537,0.1832993890020366,6.415478615071283,4.39918533604888,0.0909978067209775,41.425661914460285,CB,54,83,78,18,67,17,10,48,63,93,71,79,89,91,39,38,24,18,89,29,35,63,39,23,51,51,88,68,39,23,60,54,90,96,80,85,33,51,61,32,78,54,46,83,63,80,78,12,66,12,7,49,63,93,78,80,95,95,44,41,24,12,88,29,35,68,39,23,51,51,88,68,39,23,60,54,90,96,83,85,33,46,61,32,83,56,59,83,Eredivisie
Feyenoord,20vymiy7bo8wkyxai3ew494fz,6hnzgiw8h1itz9l2j3sb6oeeh,J. St. Juste,Jeremiah St. Juste,29,Defender,Netherlands,Defender,210.0,113.0,323.0,28.0,529.0,3.0,6.0,6.0,4.0,16.0,2.0,1.0,1.0,1.0,1.0,1.0,1.0,35.0,11.0,0.0,0.0,0.0,0.0,0.0,0.0,0.0,0.0,92.55,25.0,0.0,0.0,0.0,59.57,55.17,85.71,0.1291451306172058,0.1472521224985713,0.0,4.0,0.07829532,1.0,25.0,21.0,0.4867091199999999,209.0,35.72778827977315,19.2249527410208,54.95274102079394,4.7637051039697536,0.5103969754253308,1.0207939508506616,1.0207939508506616,0.6805293005671077,2.722117202268431,0.3402646502835538,0.1701323251417769,0.1701323251417769,0.1701323251417769,0.1701323251417769,0.1701323251417769,0.1701323251417769,5.954631379962192,1.8714555765595464,0.0,0.0,0.0,0.0,0.0,0.0,0.0,0.0,92.55,25.0,0.0,0.0,0.0,59.57,55.17,85.71,0.0219717613526437,0.0250523459827437,0.0,0.6805293005671077,0.0133205648393194,0.1701323251417769,4.253308128544423,3.572778827977316,0.0828049542533081,35.55765595463138,CB,80,54,73,67,40,80,70,9,79,63,21,28,89,67,39,38,76,79,39,29,35,22,39,23,51,51,83,5,39,23,22,59,49,87,27,56,33,39,32,32,55,46,41,76,80,56,63,59,37,83,66,5,71,61,15,24,93,71,41,39,76,83,39,29,35,22,39,23,51,51,83,5,39,23,22,59,49,87,27,59,33,32,27,29,49,41,41,71,Eredivisie
Feyenoord,20vymiy7bo8wkyxai3ew494fz,707kby5jn6898bqzdt0z5w8wk,Nacho Ferri,Nacho Ferri,21,Attacker,Spain,Striker,10.0,28.0,38.0,23.0,236.0,23.0,12.0,3.0,0.0,6.0,2.0,14.0,12.0,0.0,2.0,2.0,2.0,6.0,1.0,1.0,2.0,4.0,9.0,0.0,1.0,0.0,0.0,62.3,0.0,0.0,50.0,64.29,54.76,40.0,75.0,2.198213265034252,0.2350897885019251,2.0,3.0,0.1625156,0.0,1.0,1.0,0.23452657,12.0,3.8135593220338975,10.677966101694915,14.491525423728811,8.771186440677965,8.771186440677965,4.576271186440678,1.1440677966101696,0.0,2.288135593220339,0.7627118644067796,5.338983050847458,4.576271186440678,0.0,0.7627118644067796,0.7627118644067796,0.7627118644067796,2.288135593220339,0.3813559322033898,0.3813559322033898,0.7627118644067796,1.5254237288135593,3.4322033898305087,0.0,0.3813559322033898,0.0,0.0,62.3,0.0,0.0,50.0,64.29,54.76,40.0,75.0,0.8383016688689944,0.0896528854456494,0.7627118644067796,1.1440677966101696,0.0619762881355932,0.0,0.3813559322033898,0.3813559322033898,0.0894380987288135,4.576271186440678,ST,20,26,15,64,56,92,83,18,39,15,64,67,52,53,18,17,79,64,62,55,91,88,39,26,52,52,21,18,39,55,94,97,47,68,76,36,52,47,67,15,29,12,61,32,33,85,70,100,97,100,97,18,55,33,97,97,52,82,30,27,100,82,91,88,100,100,39,36,52,52,21,18,39,55,94,97,47,68,100,67,79,76,91,15,36,12,85,67,Eredivisie
Feyenoord,20vymiy7bo8wkyxai3ew494fz,8jc7tw0nw37trgyli0oyz1soa,C. Vanhoutte,Charles Vanhoutte,28,Midfielder,Belgium,Midfielder,117.0,160.0,275.0,29.0,469.0,11.0,7.0,8.0,7.0,8.0,7.0,3.0,2.0,0.0,1.0,2.0,2.0,5.0,5.0,0.0,1.0,0.0,0.0,2.0,1.0,0.0,0.0,88.71,53.85,20.0,50.0,0.0,56.86,53.33,61.54,0.217512206583589,0.5888102926985102,1.0,21.0,0.6195936899999999,11.0,25.0,25.0,0.56339824,157.0,22.452025586353944,30.70362473347548,52.77185501066098,5.565031982942431,2.11087420042644,1.343283582089552,1.535181236673774,1.343283582089552,1.535181236673774,1.343283582089552,0.5756929637526652,0.3837953091684435,0.0,0.1918976545842217,0.3837953091684435,0.3837953091684435,0.9594882729211088,0.9594882729211088,0.0,0.1918976545842217,0.0,0.0,0.3837953091684435,0.1918976545842217,0.0,0.0,88.71,53.85,20.0,50.0,0.0,56.86,53.33,61.54,0.0417400822868294,0.1129913141638932,0.1918976545842217,4.029850746268656,0.1188985759061833,2.11087420042644,4.797441364605543,4.797441364605543,0.1081148008528784,30.127931769722814,DM/CM,86,80,86,75,79,91,86,43,73,79,34,57,48,50,16,16,23,57,34,21,36,18,73,23,52,52,71,61,45,39,18,57,75,61,29,75,34,96,100,96,70,64,50,86,89,93,86,79,82,89,89,36,75,82,29,59,48,43,14,14,18,50,34,21,36,18,71,21,52,52,71,61,45,39,18,57,75,61,29,75,32,93,100,100,68,68,54,89,Eredivisie
Feyenoord,20vymiy7bo8wkyxai3ew494fz,908iy5e7dn1um6054jrowexre,Mika Mármol,Mika Mármol,25,Defender,Spain,Defender,146.0,210.0,354.0,19.0,601.0,13.0,3.0,7.0,12.0,2.0,12.0,6.0,4.0,0.0,1.0,8.0,8.0,20.0,17.0,1.0,2.0,0.0,0.0,2.0,3.0,0.0,0.0,85.1,42.86,14.29,37.5,0.0,36.54,15.38,63.64,0.6259500863384612,1.2915242526089183,3.0,28.0,0.6625646,12.0,46.0,37.0,1.6541243700000012,236.0,21.863560732113143,31.44758735440932,53.011647254575706,2.845257903494176,1.94675540765391,0.4492512479201331,1.048252911813644,1.7970049916805324,0.2995008319467554,1.7970049916805324,0.8985024958402662,0.5990016638935108,0.0,0.1497504159733777,1.1980033277870217,1.1980033277870217,2.995008319467554,2.545757071547421,0.1497504159733777,0.2995008319467554,0.0,0.0,0.2995008319467554,0.4492512479201331,0.0,0.0,85.1,42.86,14.29,37.5,0.0,36.54,15.38,63.64,0.0937362858077562,0.1934062940678912,0.4492512479201331,4.193011647254576,0.0992193244592345,1.7970049916805324,6.888519134775375,5.540765391014975,0.2477058124792015,35.341098169717135,LB/LCB,92,96,96,52,83,40,79,81,21,96,88,87,50,56,77,77,77,100,73,83,44,31,48,71,50,52,62,60,27,54,31,12,15,65,88,92,94,92,92,83,96,92,88,96,81,92,92,19,77,27,50,62,19,92,88,88,50,42,77,73,42,100,69,77,44,31,42,65,50,52,62,60,27,54,31,12,15,65,88,88,85,77,81,73,92,81,85,92,Eredivisie
Feyenoord,20vymiy7bo8wkyxai3ew494fz,9d4ald4f0m2imaastzen4j8mi,O. Targhalline,Oussama Targhalline,24,Midfielder,Morocco,Midfielder,52.0,162.0,213.0,18.0,346.0,2.0,3.0,3.0,3.0,5.0,7.0,3.0,0.0,0.0,2.0,7.0,8.0,4.0,7.0,1.0,3.0,0.0,0.0,1.0,3.0,0.0,0.0,89.12,50.0,100.0,42.86,0.0,50.0,50.0,42.86,0.1733501011908199,0.6796275421761531,3.0,24.0,0.53261428,14.0,34.0,28.0,1.3527961999999991,144.0,13.52601156069364,42.13872832369942,55.40462427745665,4.682080924855491,0.5202312138728323,0.7803468208092486,0.7803468208092486,0.7803468208092486,1.300578034682081,1.8208092485549128,0.7803468208092486,0.0,0.0,0.5202312138728323,1.8208092485549128,2.0809248554913293,1.0404624277456649,1.8208092485549128,0.2601156069364161,0.7803468208092486,0.0,0.0,0.2601156069364161,0.7803468208092486,0.0,0.0,89.12,50.0,100.0,42.86,0.0,50.0,50.0,42.86,0.0450910667837392,0.1767817306238548,0.7803468208092486,6.242774566473988,0.1385412867052023,3.6416184971098255,8.84393063583815,7.283236994219653,0.3518834046242772,37.45664739884393,CM/AM,42,73,73,40,8,27,33,17,67,44,8,6,50,46,62,63,33,81,62,37,17,10,37,52,50,50,65,29,98,46,10,60,62,19,8,46,42,67,62,92,92,77,85,87,69,85,85,62,8,46,35,27,77,54,12,6,50,58,65,69,38,100,69,38,17,10,42,62,50,50,65,29,98,46,10,60,62,19,8,62,54,92,81,92,92,88,96,96,Eredivisie
Feyenoord,20vymiy7bo8wkyxai3ew494fz,dwyl0yii553i57u7azfa7d15g,A. Hadj Moussa,Anis Hadj Moussa,24,Attacker,Algeria,Striker,36.0,156.0,183.0,35.0,526.0,70.0,8.0,2.0,13.0,2.0,22.0,19.0,16.0,0.0,5.0,39.0,43.0,0.0,3.0,1.0,3.0,5.0,8.0,9.0,21.0,0.0,0.0,81.7,72.22,33.33,53.85,42.11,52.24,66.67,50.0,1.4629519403241955,2.0364816363776512,11.0,45.0,1.5477410099999995,20.0,12.0,24.0,1.7984346399999998,67.0,6.159695817490495,26.69201520912548,31.311787072243348,5.988593155893536,11.977186311787072,1.3688212927756656,0.3422053231939164,2.2243346007604563,0.3422053231939164,3.76425855513308,3.250950570342205,2.737642585551331,0.0,0.855513307984791,6.673003802281369,7.357414448669202,0.0,0.5133079847908746,0.1711026615969582,0.5133079847908746,0.855513307984791,1.3688212927756656,1.5399239543726235,3.593155893536122,0.0,0.0,81.7,72.22,33.33,53.85,42.11,52.24,66.67,50.0,0.2503149707779042,0.3484474282775449,1.88212927756654,7.6996197718631185,0.2648226062737642,3.422053231939164,2.0532319391634983,4.106463878326997,0.3077169536121673,11.463878326996198,RW,76,88,94,97,100,88,32,94,53,100,97,100,50,82,100,100,9,56,68,41,100,97,79,100,53,53,59,88,91,71,85,82,82,41,82,100,100,100,94,97,76,85,94,82,41,82,76,88,100,71,29,88,47,100,76,94,50,59,100,100,9,41,59,24,100,88,76,100,53,53,59,88,91,71,85,82,82,41,65,94,100,100,100,100,59,82,82,71,Eredivisie
Feyenoord,20vymiy7bo8wkyxai3ew494fz,ecqjg6wtntf1guejvm10redck,G. Read,Givairo Read,20,Defender,Netherlands,Defender,106.0,153.0,254.0,34.0,571.0,30.0,9.0,13.0,4.0,0.0,8.0,10.0,8.0,0.0,3.0,16.0,16.0,10.0,7.0,4.0,2.0,0.0,1.0,5.0,8.0,0.0,0.0,87.29,40.0,33.33,50.0,10.0,58.62,0.0,76.47,0.90457731473943,0.8838260239427307,1.0,19.0,0.5540917000000001,13.0,19.0,20.0,1.2834191199999998,122.0,16.70753064798599,24.11558669001752,40.03502626970228,5.359019264448336,4.728546409807356,1.418563922942207,2.049036777583188,0.6304728546409808,0.0,1.2609457092819616,1.576182136602452,1.2609457092819616,0.0,0.4728546409807356,2.521891418563923,2.521891418563923,1.576182136602452,1.1033274956217165,0.6304728546409808,0.3152364273204904,0.0,0.1576182136602452,0.788091068301226,1.2609457092819616,0.0,0.0,87.29,40.0,33.33,50.0,10.0,58.62,0.0,76.47,0.1425778604668103,0.1393070790802903,0.1576182136602452,2.9947460595446587,0.0873349439579685,2.049036777583188,2.9947460595446587,3.152364273204904,0.2022902290718038,19.229422066549912,RB/RCB,68,84,79,89,95,95,89,29,5,82,100,100,47,95,100,100,32,79,100,71,45,58,84,100,53,53,79,58,84,82,37,74,8,84,95,89,68,79,79,95,66,66,95,84,53,68,68,58,95,84,89,16,5,68,89,100,47,84,100,100,21,84,100,68,45,53,84,100,53,53,79,58,84,82,37,74,8,84,95,74,63,79,79,89,53,53,79,74,Eredivisie
Fortuna Sittard,3ebril33e08ddzob4bhq8awsr,34258m1cvslz8r6d17nv4b90q,S. van Ottele,Syb van Ottele,24,Defender,Netherlands,Defender,26.0,37.0,63.0,16.0,280.0,0.0,1.0,5.0,13.0,5.0,0.0,0.0,0.0,0.0,0.0,2.0,2.0,26.0,5.0,0.0,0.0,0.0,0.0,0.0,2.0,0.0,0.0,72.41,44.83,0.0,100.0,0.0,72.73,45.45,62.5,0.0,0.0,0.0,0.0,0.0,0.0,0.0,0.0,0.0,0.0,8.357142857142858,11.892857142857142,20.25,5.142857142857142,0.0,0.3214285714285714,1.6071428571428572,4.178571428571429,1.6071428571428572,0.0,0.0,0.0,0.0,0.0,0.6428571428571428,0.6428571428571428,8.357142857142858,1.6071428571428572,0.0,0.0,0.0,0.0,0.0,0.6428571428571428,0.0,0.0,72.41,44.83,0.0,100.0,0.0,72.73,45.45,62.5,0.0,0.0,0.0,0.0,0.0,0.0,0.0,0.0,0.0,0.0,CB,5,7,5,22,5,17,60,43,20,12,4,10,40,26,62,61,46,30,39,29,35,22,39,78,51,51,5,44,39,89,22,95,20,56,4,12,33,6,6,11,4,4,4,4,5,20,5,66,5,27,88,85,39,12,4,10,40,26,85,85,95,66,39,29,35,22,39,93,51,51,5,44,39,89,22,95,20,56,4,12,33,6,6,11,4,4,4,4,Eredivisie
Fortuna Sittard,3ebril33e08ddzob4bhq8awsr,55e0z1vhb48go6y2io7h80aqy,O. Romeny,Ole Romeny,26,Attacker,Indonesia,Striker,11.0,35.0,46.0,15.0,315.0,14.0,5.0,1.0,2.0,3.0,2.0,8.0,6.0,0.0,1.0,8.0,8.0,3.0,3.0,0.0,2.0,1.0,5.0,0.0,4.0,0.0,0.0,75.41,66.67,0.0,50.0,62.5,42.86,27.27,33.33,0.8771055668354564,0.1449914563501176,4.0,5.0,0.15339048,2.0,3.0,5.0,0.11601668,17.0,3.142857142857143,10.0,13.142857142857142,4.285714285714286,4.0,1.4285714285714286,0.2857142857142857,0.5714285714285714,0.8571428571428571,0.5714285714285714,2.2857142857142856,1.7142857142857142,0.0,0.2857142857142857,2.2857142857142856,2.2857142857142856,0.8571428571428571,0.8571428571428571,0.0,0.5714285714285714,0.2857142857142857,1.4285714285714286,0.0,1.1428571428571428,0.0,0.0,75.41,66.67,0.0,50.0,62.5,42.86,27.27,33.33,0.2506015905244161,0.0414261303857478,1.1428571428571428,1.4285714285714286,0.0438258514285714,0.5714285714285714,0.8571428571428571,1.4285714285714286,0.0331476228571428,4.857142857142857,ST,26,58,42,35,21,58,33,71,15,15,35,29,52,24,70,68,45,97,24,55,30,58,39,77,52,52,70,73,39,55,91,55,18,27,33,18,83,76,61,67,53,64,39,47,21,73,55,55,33,76,41,85,24,20,48,39,52,27,82,79,55,100,24,70,33,76,39,88,52,52,70,73,39,55,91,55,18,27,52,21,94,85,70,82,70,85,42,70,Eredivisie
Fortuna Sittard,3ebril33e08ddzob4bhq8awsr,792zq4joba1qgt0lusvrjantg,L. Zeefuik,Lequincio Zeefuik,21,Attacker,Netherlands,Striker,7.0,33.0,40.0,38.0,496.0,22.0,11.0,2.0,0.0,23.0,6.0,11.0,9.0,0.0,1.0,13.0,13.0,8.0,0.0,1.0,2.0,3.0,5.0,0.0,2.0,0.0,0.0,59.7,0.0,0.0,15.38,45.45,41.76,58.97,100.0,1.30724574559309,0.3187535347229042,4.0,3.0,0.09418019,1.0,4.0,5.0,0.2064880599999999,12.0,1.2701612903225807,5.987903225806452,7.258064516129032,6.895161290322581,3.991935483870968,1.995967741935484,0.3629032258064516,0.0,4.173387096774194,1.0887096774193548,1.995967741935484,1.6330645161290325,0.0,0.1814516129032258,2.3588709677419355,2.3588709677419355,1.4516129032258065,0.0,0.1814516129032258,0.3629032258064516,0.5443548387096774,0.907258064516129,0.0,0.3629032258064516,0.0,0.0,59.7,0.0,0.0,15.38,45.45,41.76,58.97,100.0,0.2372018489987461,0.0578383429940753,0.7258064516129032,0.5443548387096774,0.0170891473790322,0.1814516129032258,0.7258064516129032,0.907258064516129,0.037467591532258,2.177419354838709,ST,6,44,21,94,48,88,62,18,94,74,55,50,52,24,92,91,88,24,62,55,70,58,39,42,52,52,12,18,39,18,67,52,97,86,55,52,83,47,42,44,67,64,55,32,6,18,6,85,30,91,58,18,94,64,42,33,52,18,91,85,82,24,58,45,67,45,39,30,52,52,12,18,39,18,67,52,97,86,45,36,76,36,39,45,61,64,48,12,Eredivisie
Fortuna Sittard,3ebril33e08ddzob4bhq8awsr,7b4jmfu1ejoeci2zmvwuejnys,P. Brittijn,Philip Brittijn,22,Midfielder,Netherlands,Midfielder,92.0,71.0,163.0,17.0,619.0,3.0,3.0,8.0,6.0,6.0,0.0,6.0,3.0,0.0,0.0,3.0,3.0,26.0,9.0,0.0,3.0,2.0,3.0,0.0,0.0,0.0,0.0,83.16,37.5,0.0,0.0,50.0,39.53,33.33,100.0,0.5131443879739016,0.0,3.0,5.0,0.10368495,3.0,7.0,10.0,0.14334619,68.0,13.376413570274636,10.323101777059772,23.69951534733441,2.47172859450727,0.4361873990306946,0.4361873990306946,1.1631663974151858,0.8723747980613893,0.8723747980613893,0.0,0.8723747980613893,0.4361873990306946,0.0,0.0,0.4361873990306946,0.4361873990306946,3.7802907915993536,1.308562197092084,0.0,0.4361873990306946,0.2907915993537964,0.4361873990306946,0.0,0.0,0.0,0.0,83.16,37.5,0.0,0.0,50.0,39.53,33.33,100.0,0.0746090386391779,0.0,0.4361873990306946,0.7269789983844911,0.0150753562197092,0.4361873990306946,1.0177705977382876,1.4539579967689822,0.0208419339256865,9.88691437802908,DM/CM,50,30,32,32,30,23,86,32,66,5,68,79,48,18,36,36,93,82,34,70,91,79,18,7,52,52,43,32,18,7,75,7,18,98,68,5,86,25,18,38,14,29,11,29,32,7,18,7,21,4,82,18,61,5,50,66,48,18,21,21,82,70,34,57,86,71,18,7,52,52,43,32,18,7,75,7,18,98,50,5,75,11,11,25,7,11,4,14,Eredivisie
Fortuna Sittard,3ebril33e08ddzob4bhq8awsr,973qhpd6czw3u8h0788uq9ez8,S. Wylin,Siebe Wylin,23,Defender,Belgium,Defender,16.0,20.0,36.0,7.0,210.0,1.0,2.0,3.0,0.0,2.0,0.0,0.0,0.0,0.0,0.0,0.0,0.0,13.0,0.0,0.0,0.0,0.0,0.0,0.0,0.0,0.0,0.0,76.6,0.0,0.0,0.0,0.0,58.33,0.0,100.0,0.0,0.0,0.0,0.0,0.0,0.0,0.0,0.0,0.0,0.0,6.857142857142857,8.571428571428571,15.428571428571429,3.0,0.4285714285714285,0.8571428571428571,1.2857142857142856,0.0,0.8571428571428571,0.0,0.0,0.0,0.0,0.0,0.0,0.0,5.571428571428571,0.0,0.0,0.0,0.0,0.0,0.0,0.0,0.0,0.0,76.6,0.0,0.0,0.0,0.0,58.33,0.0,100.0,0.0,0.0,0.0,0.0,0.0,0.0,0.0,0.0,0.0,0.0,RB/RCB,5,5,5,11,5,21,11,5,24,5,8,8,47,24,16,16,39,8,32,18,45,18,16,18,53,53,16,5,16,18,18,63,8,100,8,8,26,5,5,8,5,5,5,5,5,11,5,16,5,53,47,5,37,5,8,8,47,24,16,16,100,8,32,18,45,18,16,18,53,53,16,5,16,18,18,63,8,100,8,8,26,5,5,8,5,5,5,5,Eredivisie
Fortuna Sittard,3ebril33e08ddzob4bhq8awsr,9fpb7g8ij9dqtuqhnimy5fap5,Rodrigo Guth,Rodrigo Guth,25,Defender,Brazil,Defender,123.0,51.0,174.0,21.0,366.0,2.0,1.0,3.0,16.0,14.0,0.0,0.0,0.0,0.0,0.0,2.0,2.0,47.0,6.0,0.0,0.0,0.0,0.0,0.0,2.0,0.0,0.0,83.65,43.24,0.0,100.0,0.0,56.76,51.85,75.0,0.0,0.0,0.0,0.0,0.0,0.0,0.0,0.0,0.0,0.0,30.245901639344265,12.540983606557376,42.78688524590165,5.163934426229509,0.4918032786885246,0.2459016393442623,0.7377049180327869,3.934426229508197,3.4426229508196724,0.0,0.0,0.0,0.0,0.0,0.4918032786885246,0.4918032786885246,11.557377049180328,1.475409836065574,0.0,0.0,0.0,0.0,0.0,0.4918032786885246,0.0,0.0,83.65,43.24,0.0,100.0,0.0,56.76,51.85,75.0,0.0,0.0,0.0,0.0,0.0,0.0,0.0,0.0,0.0,0.0,CB,24,17,15,44,29,17,39,57,70,12,4,10,40,26,62,61,95,48,39,29,35,22,39,78,51,51,24,39,39,89,22,51,39,74,4,12,33,6,6,11,4,4,4,4,49,24,34,68,32,17,51,80,83,12,4,10,40,26,73,71,100,63,39,29,35,22,39,85,51,51,24,39,39,89,22,51,39,74,4,12,33,6,6,11,4,4,4,4,Eredivisie
Fortuna Sittard,3ebril33e08ddzob4bhq8awsr,9oxlenxa5z4yy8vbd71wzn3tg,S. 't Zand,Shiloh 't Zand,23,Midfielder,Netherlands,Midfielder,47.0,66.0,112.0,16.0,427.0,7.0,7.0,6.0,2.0,1.0,7.0,8.0,4.0,0.0,2.0,5.0,5.0,5.0,1.0,0.0,4.0,1.0,4.0,1.0,2.0,0.0,0.0,83.58,33.33,16.67,40.0,50.0,48.48,20.0,100.0,0.5795980310130009,0.5701419500346852,3.0,7.0,0.14932125,4.0,18.0,14.0,0.3087099899999999,54.0,9.90632318501171,13.911007025761124,23.60655737704918,3.3723653395784545,1.475409836065574,1.475409836065574,1.2646370023419204,0.4215456674473068,0.2107728337236534,1.475409836065574,1.6861826697892273,0.8430913348946136,0.0,0.4215456674473068,1.053864168618267,1.053864168618267,1.053864168618267,0.2107728337236534,0.0,0.8430913348946136,0.2107728337236534,0.8430913348946136,0.2107728337236534,0.4215456674473068,0.0,0.0,83.58,33.33,16.67,40.0,50.0,48.48,20.0,100.0,0.1221635194172601,0.1201704344335402,0.6323185011709602,1.475409836065574,0.031472862997658,0.8430913348946136,3.793911007025761,2.950819672131148,0.0650676793911006,11.381733021077284,CM/AM,35,19,21,33,27,83,71,8,19,44,48,48,50,46,40,37,44,21,25,50,54,63,37,38,50,50,27,13,44,40,83,46,15,98,42,35,42,19,15,23,44,25,8,27,31,19,19,31,31,88,77,4,23,38,42,54,50,50,46,42,42,19,25,50,65,65,38,38,50,50,27,13,44,40,83,46,15,98,42,42,46,19,15,27,50,23,12,19,Eredivisie
Fortuna Sittard,3ebril33e08ddzob4bhq8awsr,9zryne6aa951ltubvjo0gk12i,M. Ihattaren,Mohamed Ihattaren,24,Midfielder,Netherlands,Midfielder,53.0,90.0,134.0,14.0,494.0,10.0,4.0,3.0,11.0,0.0,10.0,15.0,5.0,0.0,6.0,10.0,11.0,6.0,2.0,2.0,10.0,3.0,7.0,9.0,5.0,0.0,0.0,75.71,52.38,22.5,50.0,46.67,33.33,0.0,60.0,1.4948019099978418,1.083988880849427,12.0,8.0,0.2932992299999999,5.0,12.0,22.0,0.8341001199999999,57.0,9.65587044534413,16.39676113360324,24.412955465587043,2.5506072874493926,1.8218623481781373,0.728744939271255,0.5465587044534413,2.004048582995952,0.0,1.8218623481781373,2.7327935222672064,0.9109311740890688,0.0,1.0931174089068827,1.8218623481781373,2.004048582995952,1.0931174089068827,0.3643724696356275,0.3643724696356275,1.8218623481781373,0.5465587044534413,1.2753036437246963,1.639676113360324,0.9109311740890688,0.0,0.0,75.71,52.38,22.5,50.0,46.67,33.33,0.0,60.0,0.2723323317809833,0.1974878527863328,2.1862348178137654,1.45748987854251,0.0534350823886639,0.9109311740890688,2.1862348178137654,4.008097165991903,0.1519615603238866,10.384615384615383,RM/RCM,78,44,56,22,56,44,44,83,17,78,72,67,56,89,67,67,56,50,78,100,78,78,100,56,56,56,22,67,89,50,83,11,22,61,78,89,100,44,56,61,61,89,67,67,89,56,56,11,33,44,33,89,17,67,78,44,56,89,44,56,56,56,78,100,78,89,100,56,56,56,22,67,89,50,83,11,22,61,89,67,100,33,56,56,44,78,78,44,Eredivisie
Fortuna Sittard,3ebril33e08ddzob4bhq8awsr,b23be312oxcbusvpjnnriukq2,Y. Oukili,Yassin Oukili,25,Midfielder,Morocco,Midfielder,7.0,29.0,35.0,14.0,230.0,3.0,3.0,1.0,3.0,5.0,3.0,4.0,2.0,0.0,3.0,2.0,2.0,12.0,1.0,0.0,2.0,0.0,0.0,1.0,2.0,0.0,0.0,67.31,60.0,50.0,100.0,0.0,60.87,62.5,25.0,0.3020216013458942,0.1657377690043156,2.0,0.0,0.0,1.0,2.0,5.0,0.11163346,17.0,2.739130434782609,11.347826086956523,13.695652173913045,5.478260869565218,1.173913043478261,1.173913043478261,0.391304347826087,1.173913043478261,1.956521739130435,1.173913043478261,1.565217391304348,0.782608695652174,0.0,1.173913043478261,0.782608695652174,0.782608695652174,4.695652173913044,0.391304347826087,0.0,0.782608695652174,0.0,0.0,0.391304347826087,0.782608695652174,0.0,0.0,67.31,60.0,50.0,100.0,0.0,60.87,62.5,25.0,0.1181823657440455,0.0648539096103843,0.782608695652174,0.0,0.0,0.391304347826087,0.782608695652174,1.956521739130435,0.0436826582608695,6.652173913043479,DM/CM,4,4,4,16,30,23,5,9,59,34,48,57,48,88,16,16,55,9,34,48,36,18,48,41,52,52,4,71,77,95,18,79,86,4,54,29,68,4,4,11,4,4,7,4,4,14,4,71,57,75,14,32,82,68,86,86,48,100,43,43,96,14,34,89,36,18,75,75,52,52,4,71,77,95,18,79,86,4,79,39,93,4,4,21,4,21,18,4,Eredivisie
Fortuna Sittard,3ebril33e08ddzob4bhq8awsr,bnkzwpd607re6s01oa77wcodm,J. Dahlhaus,Jasper Dahlhaus,24,Defender,Netherlands,Defender,55.0,60.0,114.0,15.0,529.0,2.0,3.0,3.0,9.0,5.0,2.0,2.0,1.0,0.0,1.0,4.0,4.0,22.0,4.0,1.0,1.0,0.0,0.0,1.0,1.0,0.0,0.0,74.51,40.91,9.09,25.0,0.0,35.71,38.46,50.0,0.1500871565689807,0.2370096268643143,1.0,3.0,0.0667338899999999,3.0,17.0,16.0,0.3312329600000001,58.0,9.357277882797732,10.207939508506616,19.39508506616257,2.551984877126654,0.3402646502835538,0.5103969754253308,0.5103969754253308,1.5311909262759924,0.8506616257088846,0.3402646502835538,0.3402646502835538,0.1701323251417769,0.0,0.1701323251417769,0.6805293005671077,0.6805293005671077,3.742911153119093,0.6805293005671077,0.1701323251417769,0.1701323251417769,0.0,0.0,0.1701323251417769,0.1701323251417769,0.0,0.0,74.51,40.91,9.09,25.0,0.0,35.71,38.46,50.0,0.0255346769209986,0.0403229988994107,0.1701323251417769,0.5103969754253308,0.0113535918714555,0.5103969754253308,2.892249527410208,2.722117202268431,0.0563534336483932,9.867674858223062,LB/LCB,23,31,31,31,25,40,27,54,65,33,37,40,50,56,63,60,85,38,73,58,44,31,33,40,50,52,12,38,23,31,31,8,35,25,35,31,56,29,31,44,56,46,35,38,15,15,15,15,19,31,23,42,54,27,27,42,50,58,54,46,73,27,77,58,44,31,23,35,50,52,12,38,23,31,31,8,35,25,27,27,58,27,23,42,50,42,19,35,Eredivisie
Fortuna Sittard,3ebril33e08ddzob4bhq8awsr,d7ml58kwwpetvnw46qja9ru5m,A. Descotte,Anthony Descotte,23,Attacker,Belgium,Striker,28.0,34.0,62.0,14.0,356.0,9.0,5.0,1.0,2.0,4.0,3.0,6.0,3.0,0.0,0.0,3.0,3.0,4.0,0.0,0.0,3.0,2.0,5.0,0.0,3.0,0.0,0.0,81.58,50.0,0.0,100.0,83.33,40.0,26.67,50.0,0.6515547914776534,0.2325783180050607,5.0,4.0,0.10731908,0.0,5.0,4.0,0.06828523,20.0,7.078651685393258,8.595505617977528,15.674157303370784,3.539325842696629,2.2752808988764044,1.2640449438202246,0.2528089887640449,0.5056179775280899,1.0112359550561798,0.7584269662921348,1.5168539325842696,0.7584269662921348,0.0,0.0,0.7584269662921348,0.7584269662921348,1.0112359550561798,0.0,0.0,0.7584269662921348,0.5056179775280899,1.2640449438202246,0.0,0.7584269662921348,0.0,0.0,81.58,50.0,0.0,100.0,83.33,40.0,26.67,50.0,0.1647189079578337,0.0587978893833018,1.2640449438202246,1.0112359550561798,0.0271312280898876,0.0,1.2640449438202246,1.0112359550561798,0.0172631199438202,5.056179775280898,ST,68,52,64,29,6,58,33,71,26,30,20,12,52,8,27,27,61,24,24,82,50,58,39,59,52,52,94,58,39,95,100,47,15,41,18,33,97,67,45,15,77,55,18,62,85,58,79,33,3,64,36,82,27,30,18,15,52,8,27,24,70,24,24,85,61,67,39,76,52,52,94,58,39,95,100,47,15,41,24,42,97,67,55,15,91,70,18,76,Eredivisie
Fortuna Sittard,3ebril33e08ddzob4bhq8awsr,dp0q4f4gbj2buhcu1lb5dzxed,Ivo Pinto,Ivo Daniel Ferreira Mendonça Pinto,36,Defender,Portugal,Defender,66.0,78.0,142.0,21.0,585.0,8.0,3.0,8.0,9.0,4.0,4.0,1.0,1.0,0.0,0.0,3.0,3.0,29.0,4.0,1.0,0.0,0.0,1.0,2.0,1.0,0.0,0.0,77.6,30.0,25.0,33.33,100.0,56.76,50.0,61.54,0.0988087216953114,0.3471268050496852,0.0,3.0,0.09422411,6.0,16.0,14.0,0.65633873,74.0,10.153846153846152,12.0,21.846153846153847,3.230769230769231,1.2307692307692308,0.4615384615384615,1.2307692307692308,1.3846153846153846,0.6153846153846154,0.6153846153846154,0.1538461538461538,0.1538461538461538,0.0,0.0,0.4615384615384615,0.4615384615384615,4.461538461538462,0.6153846153846154,0.1538461538461538,0.0,0.0,0.1538461538461538,0.3076923076923077,0.1538461538461538,0.0,0.0,77.6,30.0,25.0,33.33,100.0,56.76,50.0,61.54,0.0152013417992786,0.0534041238537977,0.0,0.4615384615384615,0.0144960169230769,0.9230769230769232,2.4615384615384617,2.1538461538461537,0.1009751892307692,11.384615384615383,RB/RCB,37,37,37,37,61,37,66,74,39,47,21,29,47,24,47,47,95,55,74,18,45,58,58,53,53,53,32,32,61,61,97,47,47,53,21,47,26,29,37,63,45,32,58,37,16,37,26,21,37,21,42,58,32,37,16,26,47,24,47,47,84,47,68,18,45,47,53,53,53,53,32,32,61,61,97,47,47,53,21,42,26,26,32,63,37,26,53,26,Eredivisie
Fortuna Sittard,3ebril33e08ddzob4bhq8awsr,dsh8ta4q6v5ews2e19p9xh6y2,J. Hubner,Justin Hubner,23,Defender,Indonesia,Defender,189.0,60.0,248.0,17.0,630.0,5.0,1.0,3.0,14.0,11.0,2.0,3.0,2.0,0.0,1.0,2.0,2.0,46.0,6.0,0.0,1.0,0.0,1.0,1.0,1.0,0.0,0.0,86.41,35.0,33.33,50.0,33.33,43.59,47.83,75.0,0.2397043893612649,0.229607861623856,1.0,12.0,0.2461717,3.0,8.0,7.0,0.32948781,118.0,27.0,8.571428571428571,35.42857142857143,2.4285714285714284,0.7142857142857143,0.1428571428571428,0.4285714285714285,2.0,1.5714285714285714,0.2857142857142857,0.4285714285714285,0.2857142857142857,0.0,0.1428571428571428,0.2857142857142857,0.2857142857142857,6.571428571428571,0.8571428571428571,0.0,0.1428571428571428,0.0,0.1428571428571428,0.1428571428571428,0.1428571428571428,0.0,0.0,86.41,35.0,33.33,50.0,33.33,43.59,47.83,75.0,0.0342434841944664,0.0328011230891222,0.1428571428571428,1.7142857142857142,0.0351673857142857,0.4285714285714285,1.1428571428571428,1.0,0.0470696871428571,16.857142857142858,CB,66,27,37,27,57,17,39,48,49,63,52,49,40,67,62,61,91,48,39,76,35,63,87,56,51,51,37,17,79,57,71,10,22,74,44,78,79,77,76,60,20,16,29,29,29,7,15,5,46,7,26,29,34,51,46,35,40,54,51,51,80,24,39,61,35,50,79,49,51,51,37,17,79,57,71,10,22,74,34,66,70,66,63,56,10,7,17,12,Eredivisie
Fortuna Sittard,3ebril33e08ddzob4bhq8awsr,eyzcfyn1crjcgmm98uk9u8oyy,É. Michut,Édouard Michut,23,Midfielder,France,Midfielder,91.0,134.0,222.0,35.0,520.0,2.0,20.0,4.0,8.0,4.0,10.0,6.0,2.0,0.0,1.0,6.0,6.0,15.0,10.0,2.0,4.0,1.0,1.0,3.0,3.0,0.0,0.0,89.52,44.44,100.0,50.0,16.67,67.31,57.14,50.0,0.5248179204737423,0.7378075985316161,2.0,24.0,0.51936287,9.0,19.0,30.0,0.7689942700000003,115.0,15.75,23.192307692307693,38.42307692307693,6.057692307692308,0.3461538461538461,3.4615384615384617,0.6923076923076923,1.3846153846153846,0.6923076923076923,1.7307692307692308,1.0384615384615383,0.3461538461538461,0.0,0.173076923076923,1.0384615384615383,1.0384615384615383,2.5961538461538463,1.7307692307692308,0.3461538461538461,0.6923076923076923,0.173076923076923,0.173076923076923,0.5192307692307693,0.5192307692307693,0.0,0.0,89.52,44.44,100.0,50.0,16.67,67.31,57.14,50.0,0.0908338708512246,0.1276974689766258,0.3461538461538461,4.153846153846154,0.0898897275,1.5576923076923077,3.2884615384615383,5.1923076923076925,0.1330951621153846,19.90384615384616,DM/CM,46,71,57,93,14,100,45,57,46,96,68,57,48,50,62,59,75,89,100,82,77,45,88,57,52,52,82,43,96,39,39,100,82,38,71,89,68,100,96,86,61,75,82,66,46,61,57,93,11,100,29,39,50,96,64,50,48,39,50,50,61,86,100,75,75,43,82,46,52,52,82,43,96,39,39,100,82,38,64,86,57,96,93,93,46,79,64,57,Eredivisie
Go Ahead Eagles,b79uipsy57y1jqpy07h4i5ovk,1m0qpbce7dob7mdbo7titbqp5,V. Edvardsen,Victor Edvardsen,30,Attacker,Sweden,Striker,55.0,112.0,165.0,12.0,584.0,32.0,0.0,4.0,10.0,3.0,13.0,15.0,12.0,0.0,2.0,15.0,15.0,1.0,0.0,2.0,3.0,3.0,10.0,2.0,5.0,0.0,0.0,73.01,58.82,20.0,33.33,66.67,32.43,33.33,100.0,1.4286480244802018,0.9862193789764104,4.0,14.0,0.4299408600000001,4.0,15.0,17.0,0.7223498300000002,59.0,8.476027397260275,17.26027397260274,25.42808219178082,1.8493150684931507,4.931506849315069,0.0,0.6164383561643836,1.5410958904109588,0.4623287671232877,2.0034246575342465,2.3116438356164384,1.8493150684931507,0.0,0.3082191780821918,2.3116438356164384,2.3116438356164384,0.1541095890410959,0.0,0.3082191780821918,0.4623287671232877,0.4623287671232877,1.5410958904109588,0.3082191780821918,0.7705479452054794,0.0,0.0,73.01,58.82,20.0,33.33,66.67,32.43,33.33,100.0,0.2201683599370174,0.1519858631984194,0.6164383561643836,2.1575342465753424,0.0662580092465753,0.6164383561643836,2.3116438356164384,2.6198630136986303,0.1113210354452055,9.092465753424657,ST,97,100,100,20,76,3,95,100,15,98,68,67,52,53,97,97,20,24,88,82,70,94,94,88,52,52,58,67,80,36,97,15,27,86,61,94,83,97,97,91,100,97,94,97,94,100,100,9,58,3,82,100,12,97,52,45,52,39,85,82,12,24,79,67,55,82,94,79,52,52,58,67,80,36,97,15,27,86,33,94,61,97,94,88,100,97,91,97,Eredivisie
Go Ahead Eagles,b79uipsy57y1jqpy07h4i5ovk,1tmihr54maqj0h7785cg9ez56,M. Suray,Mathis Suray,25,Attacker,Belgium,Striker,49.0,152.0,193.0,22.0,611.0,14.0,10.0,3.0,9.0,0.0,20.0,11.0,4.0,0.0,1.0,8.0,9.0,5.0,3.0,2.0,7.0,2.0,5.0,8.0,4.0,0.0,0.0,80.42,52.94,24.24,50.0,45.45,46.81,0.0,37.5,0.7864127913402641,1.8927644965922128,5.0,20.0,0.5835297899999999,10.0,21.0,35.0,1.7387167600000002,99.0,7.217675941080197,22.389525368248773,28.42880523731588,3.240589198036006,2.062193126022913,1.4729950900163666,0.44189852700491,1.32569558101473,0.0,2.9459901800327333,1.620294599018003,0.5891980360065466,0.0,0.1472995090016366,1.1783960720130933,1.32569558101473,0.7364975450081833,0.44189852700491,0.2945990180032733,1.0310965630114566,0.2945990180032733,0.7364975450081833,1.1783960720130933,0.5891980360065466,0.0,0.0,80.42,52.94,24.24,50.0,45.45,46.81,0.0,37.5,0.1158382180370274,0.2788032810037629,0.7364975450081833,2.9459901800327333,0.0859536515548281,1.4729950900163666,3.09328968903437,5.155482815057283,0.2561121250409165,14.58265139116203,LW,94,94,94,66,34,81,47,100,16,100,69,38,53,22,25,25,75,59,91,84,78,66,91,41,53,53,56,50,56,75,69,69,16,25,50,100,53,50,50,91,100,100,94,100,75,69,75,19,19,62,31,88,16,100,38,19,53,12,12,12,50,38,75,75,50,44,81,25,53,53,56,50,56,75,69,69,16,25,19,100,44,38,38,69,100,94,81,94,Eredivisie
Go Ahead Eagles,b79uipsy57y1jqpy07h4i5ovk,286v8a4wf61l4nllj0bpxipec,E. Flataker,Erik Flataker,21,Attacker,Norway,Striker,10.0,9.0,19.0,6.0,224.0,10.0,1.0,0.0,1.0,4.0,0.0,6.0,6.0,0.0,1.0,5.0,6.0,0.0,0.0,0.0,0.0,1.0,2.0,0.0,1.0,0.0,0.0,67.86,100.0,0.0,20.0,33.33,33.33,40.0,0.0,0.7254485988889189,0.0,0.0,0.0,0.0,0.0,0.0,1.0,0.0280431,4.0,4.017857142857142,3.616071428571429,7.633928571428571,2.4107142857142856,4.017857142857142,0.4017857142857143,0.0,0.4017857142857143,1.6071428571428572,0.0,2.4107142857142856,2.4107142857142856,0.0,0.4017857142857143,2.008928571428571,2.4107142857142856,0.0,0.0,0.0,0.0,0.4017857142857143,0.8035714285714286,0.0,0.4017857142857143,0.0,0.0,67.86,100.0,0.0,20.0,33.33,33.33,40.0,0.0,0.2914748834821549,0.0,0.0,0.0,0.0,0.0,0.0,0.4017857142857143,0.0112673169642857,1.6071428571428572,ST,20,3,6,3,9,11,11,47,26,3,20,29,52,24,47,52,6,24,24,8,30,21,39,26,52,52,45,91,39,26,30,18,47,11,27,3,9,8,8,15,11,12,6,3,45,3,9,12,36,21,11,64,39,3,55,64,52,55,76,88,6,24,24,8,45,36,39,42,52,52,45,91,39,26,30,18,47,11,58,3,9,8,8,15,11,21,9,9,Eredivisie
Go Ahead Eagles,b79uipsy57y1jqpy07h4i5ovk,2teefpvijsbzag4yi7fm1pyol,A. Sampsted,Alfons Sampsted,28,Defender,Iceland,Defender,135.0,98.0,230.0,29.0,548.0,4.0,7.0,8.0,6.0,9.0,5.0,0.0,0.0,0.0,0.0,5.0,5.0,28.0,3.0,1.0,0.0,0.0,0.0,3.0,2.0,0.0,0.0,84.87,28.57,18.75,40.0,0.0,56.86,56.25,72.73,0.0,0.2511111216929426,0.0,4.0,0.07675743,1.0,19.0,20.0,0.6579374600000001,110.0,22.17153284671533,16.094890510948908,37.77372262773723,4.762773722627737,0.6569343065693432,1.1496350364963503,1.3138686131386863,0.9854014598540146,1.478102189781022,0.8211678832116789,0.0,0.0,0.0,0.0,0.8211678832116789,0.8211678832116789,4.598540145985401,0.4927007299270073,0.1642335766423358,0.0,0.0,0.0,0.4927007299270073,0.3284671532846716,0.0,0.0,84.87,28.57,18.75,40.0,0.0,56.86,56.25,72.73,0.0,0.0412408776503007,0.0,0.6569343065693432,0.0126061472627737,0.1642335766423358,3.12043795620438,3.2846715328467155,0.1080554222627737,18.06569343065693,RB/RCB,95,58,68,71,18,82,66,50,79,58,8,8,47,24,74,74,87,39,74,18,45,18,71,76,53,53,63,21,42,74,18,53,68,79,8,37,26,39,32,21,66,66,63,74,84,53,63,47,11,74,53,37,74,47,8,8,47,24,68,68,89,26,74,18,45,18,68,79,53,53,63,21,42,74,18,53,68,79,8,32,26,32,26,16,63,68,58,68,Eredivisie
Go Ahead Eagles,b79uipsy57y1jqpy07h4i5ovk,3g0xd9rds9relghxanr1f5vc9,S. Sigurðarson,Stefán Sigurdarson,25,Attacker,Iceland,Striker,18.0,38.0,56.0,32.0,396.0,33.0,6.0,2.0,0.0,18.0,5.0,22.0,20.0,0.0,3.0,8.0,8.0,5.0,0.0,1.0,2.0,3.0,5.0,0.0,4.0,0.0,0.0,62.92,0.0,0.0,50.0,22.73,50.0,41.86,50.0,2.714868014708485,0.2975120902202101,2.0,3.0,0.15657374,1.0,3.0,5.0,0.09166626,18.0,4.090909090909091,8.636363636363635,12.727272727272728,7.272727272727272,7.499999999999999,1.3636363636363635,0.4545454545454545,0.0,4.090909090909091,1.1363636363636362,5.0,4.545454545454545,0.0,0.6818181818181818,1.818181818181818,1.818181818181818,1.1363636363636362,0.0,0.2272727272727272,0.4545454545454545,0.6818181818181818,1.1363636363636362,0.0,0.9090909090909092,0.0,0.0,62.92,0.0,0.0,50.0,22.73,50.0,41.86,50.0,0.617015457888292,0.0676163841409568,0.4545454545454545,0.6818181818181818,0.0355849409090909,0.2272727272727272,0.6818181818181818,1.1363636363636362,0.0208332409090909,4.090909090909091,ST,48,64,55,82,80,65,62,18,79,65,91,91,52,77,70,68,73,24,62,55,70,58,39,77,52,52,24,18,39,55,18,77,61,41,88,48,52,47,64,44,53,64,27,55,48,61,52,88,91,73,67,18,91,67,94,94,52,76,70,70,76,24,64,64,82,58,39,85,52,52,24,18,39,55,18,77,61,41,91,52,52,52,61,52,55,79,24,48,Eredivisie
Go Ahead Eagles,b79uipsy57y1jqpy07h4i5ovk,61a5bh5xw947nv4mxx62gqaqx,J. Kramer,Joris Kramer,30,Defender,Netherlands,Defender,277.0,166.0,443.0,38.0,630.0,7.0,6.0,5.0,30.0,25.0,1.0,4.0,4.0,0.0,2.0,1.0,1.0,33.0,7.0,0.0,0.0,0.0,1.0,0.0,0.0,0.0,0.0,89.31,50.0,0.0,0.0,25.0,50.0,51.02,71.43,0.4721473801934809,0.0707395721535625,0.0,5.0,0.09981517,4.0,37.0,32.0,0.7432987,208.0,39.57142857142857,23.714285714285715,63.285714285714285,5.428571428571429,1.0,0.8571428571428571,0.7142857142857143,4.285714285714286,3.571428571428572,0.1428571428571428,0.5714285714285714,0.5714285714285714,0.0,0.2857142857142857,0.1428571428571428,0.1428571428571428,4.714285714285714,1.0,0.0,0.0,0.0,0.1428571428571428,0.0,0.0,0.0,0.0,89.31,50.0,0.0,0.0,25.0,50.0,51.02,71.43,0.0674496257419258,0.0101056531647946,0.0,0.7142857142857143,0.0142593099999999,0.5714285714285714,5.285714285714286,4.571428571428571,0.1061855285714285,29.714285714285715,CB,98,85,93,90,77,80,60,95,91,40,71,79,40,91,39,38,70,61,39,29,35,63,39,23,51,51,59,57,39,23,60,18,37,71,76,32,33,51,46,70,83,77,85,73,93,71,83,78,61,73,46,93,87,26,56,63,40,80,29,27,50,37,39,29,35,50,39,23,51,51,59,57,39,23,60,18,37,71,63,29,33,34,29,61,71,59,68,56,Eredivisie
Go Ahead Eagles,b79uipsy57y1jqpy07h4i5ovk,9d4lofwg9ooaoldw2vpt4h36y,E. Linthorst,Evert Linthorst,26,Midfielder,Netherlands,Midfielder,125.0,173.0,296.0,14.0,597.0,8.0,3.0,5.0,19.0,4.0,5.0,1.0,0.0,1.0,0.0,6.0,6.0,12.0,12.0,1.0,1.0,0.0,1.0,2.0,1.0,0.0,0.0,81.54,38.0,18.18,16.67,100.0,43.75,40.0,83.33,0.0502809359783909,0.4130971315235027,1.0,14.0,0.27527163,8.0,30.0,41.0,1.2796916000000012,162.0,18.84422110552764,26.08040201005025,44.62311557788944,2.110552763819096,1.2060301507537687,0.4522613065326633,0.7537688442211055,2.8643216080402008,0.6030150753768844,0.7537688442211055,0.1507537688442211,0.0,0.1507537688442211,0.0,0.9045226130653266,0.9045226130653266,1.809045226130653,1.809045226130653,0.1507537688442211,0.1507537688442211,0.0,0.1507537688442211,0.3015075376884422,0.1507537688442211,0.0,0.0,81.54,38.0,18.18,16.67,100.0,43.75,40.0,83.33,0.0075800405997574,0.0622759494759049,0.1507537688442211,2.110552763819096,0.0414982356783919,1.2060301507537687,4.522613065326633,6.180904522613065,0.1929183316582916,24.42211055276382,DM/CM,89,93,93,16,68,23,66,88,46,54,9,11,98,18,62,59,55,93,82,21,36,45,73,23,52,52,29,36,39,14,96,18,25,88,4,57,34,70,54,82,79,96,100,89,68,75,71,4,61,7,39,86,43,32,4,11,100,18,46,46,43,89,79,14,36,39,57,18,52,52,29,36,39,14,96,18,25,88,4,32,21,61,36,79,61,89,89,75,Eredivisie
Go Ahead Eagles,b79uipsy57y1jqpy07h4i5ovk,a2psnkhu3h7m0ng8e7qdietey,S. Tengstedt,Søren Tengstedt,26,Midfielder,Denmark,Midfielder,54.0,103.0,156.0,38.0,591.0,34.0,13.0,4.0,6.0,4.0,3.0,20.0,14.0,0.0,4.0,22.0,23.0,1.0,3.0,2.0,6.0,5.0,11.0,1.0,15.0,0.0,0.0,88.14,50.0,20.0,68.18,55.0,61.29,66.67,66.67,1.7028761663433072,0.3182158525200045,9.0,19.0,0.50613322,4.0,20.0,15.0,0.4598973699999999,55.0,8.223350253807107,15.68527918781726,23.756345177664976,5.786802030456853,5.177664974619289,1.9796954314720807,0.6091370558375635,0.9137055837563453,0.6091370558375635,0.4568527918781726,3.045685279187817,2.1319796954314723,0.0,0.6091370558375635,3.3502538071066,3.50253807106599,0.1522842639593908,0.4568527918781726,0.3045685279187817,0.9137055837563453,0.7614213197969544,1.6751269035532996,0.1522842639593908,2.284263959390863,0.0,0.0,88.14,50.0,20.0,68.18,55.0,61.29,66.67,66.67,0.2593212436055798,0.0484592668812189,1.370558375634518,2.8934010152284264,0.0770761248730964,0.6091370558375635,3.045685279187817,2.284263959390863,0.0700351324873096,8.375634517766498,RM/RCM,89,56,67,100,100,100,61,61,67,28,100,89,56,72,100,100,17,83,78,78,100,100,22,100,56,56,94,50,61,89,100,78,89,83,89,33,89,72,78,44,89,50,33,56,67,44,44,89,89,89,44,44,67,22,100,89,56,44,89,89,11,67,67,67,100,100,11,89,56,56,94,50,61,89,100,78,89,83,78,22,89,67,78,33,78,33,33,33,Eredivisie
Go Ahead Eagles,b79uipsy57y1jqpy07h4i5ovk,bn8dwm2y9a8i9a10rba3dmm3u,D. James,Dean James,26,Defender,Indonesia,Defender,73.0,134.0,192.0,25.0,580.0,8.0,8.0,2.0,11.0,5.0,11.0,3.0,2.0,0.0,0.0,7.0,7.0,16.0,8.0,1.0,1.0,0.0,1.0,15.0,4.0,0.0,0.0,85.71,55.0,37.5,57.14,33.33,53.19,35.71,25.0,0.2977928732758346,1.3322967961589287,1.0,3.0,0.1051334,3.0,23.0,20.0,1.2276229399999998,82.0,11.327586206896552,20.79310344827586,29.79310344827586,3.8793103448275854,1.2413793103448276,1.2413793103448276,0.3103448275862069,1.706896551724138,0.7758620689655172,1.706896551724138,0.4655172413793103,0.3103448275862069,0.0,0.0,1.0862068965517242,1.0862068965517242,2.4827586206896552,1.2413793103448276,0.1551724137931034,0.1551724137931034,0.0,0.1551724137931034,2.327586206896552,0.6206896551724138,0.0,0.0,85.71,55.0,37.5,57.14,33.33,53.19,35.71,25.0,0.046209238956595,0.2067357097487992,0.1551724137931034,0.4655172413793103,0.0163138034482758,0.4655172413793103,3.568965517241379,3.103448275862069,0.1904932148275862,12.724137931034482,LB/LCB,54,81,62,73,62,92,13,71,65,87,56,65,50,21,73,73,62,87,73,58,44,75,100,81,50,52,69,88,88,81,83,50,27,4,65,96,56,29,35,44,71,58,77,54,19,73,35,42,54,85,8,54,42,85,50,54,50,21,73,65,31,69,73,50,44,77,100,73,50,52,69,88,88,81,83,50,27,4,54,96,54,23,27,38,62,46,77,42,Eredivisie
Go Ahead Eagles,b79uipsy57y1jqpy07h4i5ovk,d8cxurdt9g5gezqlfwae7ooru,M. Meulensteen,Melle Meulensteen,27,Midfielder,Netherlands,Midfielder,113.0,184.0,295.0,33.0,511.0,15.0,7.0,2.0,21.0,14.0,6.0,8.0,4.0,0.0,4.0,12.0,12.0,12.0,9.0,1.0,4.0,1.0,3.0,2.0,8.0,0.0,0.0,89.67,72.41,20.0,66.67,37.5,58.93,53.85,50.0,0.7422583963609255,0.5579188611038726,2.0,10.0,0.44863208,3.0,49.0,54.0,1.1267861699999997,187.0,19.90215264187867,32.40704500978473,51.95694716242661,5.812133072407045,2.641878669275929,1.2328767123287672,0.3522504892367906,3.698630136986301,2.4657534246575343,1.0567514677103718,1.4090019569471623,0.7045009784735812,0.0,0.7045009784735812,2.1135029354207435,2.1135029354207435,2.1135029354207435,1.5851272015655578,0.1761252446183953,0.7045009784735812,0.1761252446183953,0.5283757338551859,0.3522504892367906,1.4090019569471623,0.0,0.0,89.67,72.41,20.0,66.67,37.5,58.93,53.85,50.0,0.1307304416291258,0.098263595889136,0.3522504892367906,1.761252446183953,0.0790154348336594,0.5283757338551859,8.63013698630137,9.510763209393346,0.1984554898238747,32.935420743639924,DM/CM,82,96,89,89,96,91,14,93,93,68,84,86,48,96,95,95,55,82,82,82,77,79,73,95,52,52,86,89,45,66,54,64,79,38,86,71,68,52,93,38,100,100,93,93,75,96,82,86,96,86,11,93,89,54,79,79,48,89,93,93,50,79,89,79,79,75,64,96,52,52,86,89,45,66,54,64,79,38,82,64,64,50,89,32,100,100,93,96,Eredivisie
Go Ahead Eagles,b79uipsy57y1jqpy07h4i5ovk,eytcfp4cu6qkar65kf0p5rm96,J. Dirksen,Julius Dirksen,23,Defender,Netherlands,Defender,191.0,105.0,296.0,20.0,478.0,2.0,3.0,5.0,28.0,5.0,1.0,4.0,2.0,0.0,1.0,3.0,3.0,27.0,14.0,0.0,2.0,1.0,2.0,0.0,3.0,0.0,0.0,86.55,47.46,0.0,100.0,50.0,52.63,38.46,55.56,0.299083564826291,0.0725110211826426,2.0,2.0,0.03559875,0.0,23.0,28.0,0.4810257499999999,184.0,35.962343096234314,19.76987447698745,55.73221757322176,3.765690376569038,0.3765690376569038,0.5648535564853556,0.9414225941422596,5.271966527196653,0.9414225941422596,0.1882845188284519,0.7531380753138076,0.3765690376569038,0.0,0.1882845188284519,0.5648535564853556,0.5648535564853556,5.083682008368201,2.6359832635983267,0.0,0.3765690376569038,0.1882845188284519,0.3765690376569038,0.0,0.5648535564853556,0.0,0.0,86.55,47.46,0.0,100.0,50.0,52.63,38.46,55.56,0.0563128050928163,0.0136527027331335,0.3765690376569038,0.3765690376569038,0.0067026935146443,0.0,4.330543933054393,5.271966527196653,0.0905697018828451,34.64435146443515,CB,72,49,55,41,29,48,60,90,20,40,71,49,40,67,80,78,55,94,39,98,83,91,39,93,51,51,39,54,39,89,85,27,15,34,51,37,98,18,15,11,43,65,39,61,85,59,66,34,24,39,61,100,20,37,83,51,40,73,78,76,59,95,39,100,83,85,39,88,51,51,39,54,39,89,85,27,15,34,54,34,98,20,17,11,54,76,54,68,Eredivisie
NEC,8iawijq7s9s6d85mjz8wdslki,1gl82ymzh9vpitix6v645awa,D. Nejašmić,Darko Nejasmic,27,Midfielder,Croatia,Midfielder,94.0,129.0,223.0,24.0,380.0,7.0,4.0,4.0,10.0,10.0,4.0,7.0,1.0,0.0,3.0,3.0,3.0,11.0,7.0,0.0,6.0,1.0,3.0,0.0,1.0,0.0,0.0,84.79,45.45,0.0,33.33,42.86,53.33,52.63,44.44,0.3301421364920979,0.3203419376877504,6.0,10.0,0.27374759,4.0,25.0,32.0,0.7804693600000001,106.0,22.26315789473684,30.552631578947366,52.81578947368421,5.684210526315789,1.6578947368421053,0.9473684210526316,0.9473684210526316,2.3684210526315788,2.3684210526315788,0.9473684210526316,1.6578947368421053,0.2368421052631578,0.0,0.7105263157894737,0.7105263157894737,0.7105263157894737,2.6052631578947367,1.6578947368421053,0.0,1.4210526315789471,0.2368421052631578,0.7105263157894737,0.0,0.2368421052631578,0.0,0.0,84.79,45.45,0.0,33.33,42.86,53.33,52.63,44.44,0.0781915586428652,0.0758704589260461,1.4210526315789471,2.3684210526315788,0.0648349555263157,0.9473684210526316,5.921052631578947,7.578947368421052,0.1848480063157895,25.105263157894736,DM/CM,57,68,61,64,61,39,45,70,86,43,77,30,48,88,36,36,41,62,34,98,77,79,18,23,52,52,50,46,18,21,62,46,71,23,57,46,98,52,50,50,70,84,86,57,86,89,89,82,68,61,64,71,86,46,89,32,48,93,39,39,68,82,34,100,82,89,18,25,52,52,50,46,18,21,62,46,71,23,61,46,100,79,79,71,86,96,82,82,Eredivisie
NEC,8iawijq7s9s6d85mjz8wdslki,1gr0k94d0nh7msa32f6728aok,C. Bischoff,Clement Bischoff,20,Attacker,Denmark,Striker,23.0,92.0,111.0,19.0,388.0,45.0,11.0,1.0,3.0,1.0,8.0,6.0,3.0,0.0,3.0,13.0,14.0,3.0,0.0,1.0,3.0,0.0,0.0,4.0,4.0,0.0,0.0,76.55,33.33,15.38,30.77,0.0,41.3,20.0,33.33,0.41801061178651,0.9561720245737482,2.0,31.0,1.11167445,5.0,4.0,13.0,1.49518256,40.0,5.335051546391753,21.340206185567013,25.74742268041237,4.407216494845361,10.438144329896907,2.5515463917525776,0.2319587628865979,0.6958762886597939,0.2319587628865979,1.855670103092784,1.3917525773195878,0.6958762886597939,0.0,0.6958762886597939,3.015463917525773,3.247422680412371,0.6958762886597939,0.0,0.2319587628865979,0.6958762886597939,0.0,0.0,0.9278350515463918,0.9278350515463918,0.0,0.0,76.55,33.33,15.38,30.77,0.0,41.3,20.0,33.33,0.0969612243834688,0.2217924799269003,0.4639175257731959,7.190721649484536,0.2578626301546391,1.1597938144329898,0.9278350515463918,3.015463917525773,0.3468206969072165,9.278350515463918,LW,34,62,62,44,94,94,16,53,38,62,25,25,53,62,53,56,47,12,62,41,16,9,59,41,53,53,38,22,38,31,9,25,38,16,12,69,28,88,88,41,31,59,81,56,38,62,62,38,100,88,12,50,44,81,19,38,53,69,56,50,44,12,62,44,16,9,69,44,53,53,38,22,38,31,9,25,38,16,12,81,25,88,88,44,31,69,94,69,Eredivisie
NEC,8iawijq7s9s6d85mjz8wdslki,2o9mor4zf95ey14rkhm6x979w,A. Tahaui,Adam Tahaui,21,Attacker,Morocco,Striker,27.0,76.0,101.0,21.0,344.0,15.0,4.0,6.0,5.0,7.0,4.0,7.0,5.0,0.0,0.0,10.0,10.0,2.0,4.0,0.0,2.0,2.0,3.0,2.0,2.0,0.0,0.0,78.29,62.5,18.18,20.0,42.86,44.68,43.75,75.0,0.78677542958296,0.1650683774841223,1.0,17.0,0.4835948299999999,6.0,6.0,15.0,0.6559915700000001,44.0,7.063953488372093,19.88372093023256,26.42441860465116,5.494186046511628,3.924418604651162,1.0465116279069766,1.569767441860465,1.3081395348837208,1.8313953488372088,1.0465116279069766,1.8313953488372088,1.3081395348837208,0.0,0.0,2.6162790697674416,2.6162790697674416,0.5232558139534883,1.0465116279069766,0.0,0.5232558139534883,0.5232558139534883,0.7848837209302325,0.5232558139534883,0.5232558139534883,0.0,0.0,78.29,62.5,18.18,20.0,42.86,44.68,43.75,75.0,0.2058424089025186,0.043186494109218,0.2616279069767441,4.447674418604651,0.1265219031976744,1.569767441860465,1.569767441860465,3.924418604651162,0.1716257014534883,11.511627906976743,RW,50,59,59,65,29,38,85,44,94,21,21,26,50,9,41,41,38,79,26,21,76,41,32,21,53,53,35,59,41,12,94,35,41,82,29,12,15,59,59,50,41,53,41,65,76,59,59,76,41,41,94,47,94,24,24,41,50,9,53,47,47,76,26,29,88,53,35,24,53,53,35,59,41,12,94,35,41,82,35,12,18,76,71,71,53,76,59,76,Eredivisie
NEC,8iawijq7s9s6d85mjz8wdslki,4bstdc3zla1sn85ev3bcmw1lg,T. Storm,Tobias Storm,22,Defender,Denmark,Defender,160.0,142.0,300.0,34.0,540.0,0.0,6.0,14.0,8.0,12.0,1.0,1.0,0.0,0.0,0.0,4.0,4.0,22.0,5.0,0.0,1.0,0.0,0.0,2.0,1.0,0.0,0.0,85.47,28.57,40.0,25.0,0.0,55.74,50.0,93.33,0.0701252187983434,0.053365035285369,0.0,9.0,0.21724157,4.0,23.0,29.0,0.58857911,175.0,26.666666666666668,23.666666666666668,50.0,5.666666666666667,0.0,1.0,2.333333333333333,1.3333333333333333,2.0,0.1666666666666666,0.1666666666666666,0.0,0.0,0.0,0.6666666666666666,0.6666666666666666,3.6666666666666665,0.8333333333333334,0.0,0.1666666666666666,0.0,0.0,0.3333333333333333,0.1666666666666666,0.0,0.0,85.47,28.57,40.0,25.0,0.0,55.74,50.0,93.33,0.0116875364663905,0.0088941725475615,0.0,1.5,0.0362069283333333,0.6666666666666666,3.8333333333333335,4.833333333333333,0.0980965183333333,29.166666666666668,CB,39,71,59,85,5,80,100,24,57,40,21,10,40,26,93,91,35,30,39,76,35,22,98,56,51,51,34,10,84,46,22,39,29,90,15,27,33,66,68,70,43,70,66,54,24,68,49,83,5,77,98,17,49,34,12,10,40,26,90,88,34,20,39,76,35,22,98,59,51,51,34,10,84,46,22,39,29,90,12,27,33,63,66,68,44,63,63,54,Eredivisie
NEC,8iawijq7s9s6d85mjz8wdslki,4pqi5vt820333t5zsj2refc2d,B. Linssen,Bryan Linssen,35,Attacker,Netherlands,Striker,9.0,28.0,37.0,15.0,384.0,21.0,3.0,2.0,0.0,7.0,4.0,7.0,6.0,0.0,2.0,2.0,2.0,0.0,1.0,0.0,1.0,1.0,2.0,0.0,1.0,0.0,0.0,74.0,0.0,0.0,50.0,28.57,37.5,35.0,50.0,0.7914375355179757,0.2381129167146013,1.0,1.0,0.02953272,0.0,0.0,4.0,0.36416517,13.0,2.109375,6.5625,8.671875,3.515625,4.921875,0.703125,0.46875,0.0,1.640625,0.9375,1.640625,1.40625,0.0,0.46875,0.46875,0.46875,0.0,0.234375,0.0,0.234375,0.234375,0.46875,0.0,0.234375,0.0,0.0,74.0,0.0,0.0,50.0,28.57,37.5,35.0,50.0,0.1854931723870255,0.0558077148549846,0.234375,0.234375,0.0069217312499999,0.0,0.0,0.9375,0.08535121171875,3.046875,ST,14,26,12,35,44,38,62,18,47,47,27,29,52,53,18,17,6,64,24,26,30,21,39,26,52,52,64,18,39,55,24,33,33,41,30,39,26,18,18,15,11,55,82,36,12,27,21,30,55,30,70,18,42,55,24,27,52,61,15,15,6,70,24,27,27,15,39,21,52,52,64,18,39,55,24,33,33,41,27,33,27,15,15,15,11,67,82,27,Eredivisie
NEC,8iawijq7s9s6d85mjz8wdslki,5ghvrbmlh0tqos9iohj8f7zzd,K. Sierhuis,Kaj Sierhuis,28,Attacker,Netherlands,Striker,1.0,17.0,18.0,12.0,231.0,18.0,3.0,1.0,1.0,7.0,5.0,12.0,9.0,0.0,3.0,0.0,0.0,3.0,0.0,0.0,3.0,2.0,4.0,0.0,0.0,0.0,0.0,50.0,50.0,0.0,0.0,33.33,44.44,38.89,50.0,1.3458609903801606,0.3761783816599604,2.0,1.0,0.01935132,0.0,1.0,1.0,0.0582267099999999,8.0,0.3896103896103896,6.623376623376623,7.012987012987012,4.675324675324675,7.012987012987012,1.1688311688311688,0.3896103896103896,0.3896103896103896,2.727272727272727,1.948051948051948,4.675324675324675,3.506493506493506,0.0,1.1688311688311688,0.0,0.0,1.1688311688311688,0.0,0.0,1.1688311688311688,0.7792207792207791,1.5584415584415583,0.0,0.0,0.0,0.0,50.0,50.0,0.0,0.0,33.33,44.44,38.89,50.0,0.5243614248234392,0.146563005841543,0.7792207792207791,0.3896103896103896,0.0075394753246753,0.0,0.3896103896103896,0.3896103896103896,0.0226857311688311,3.1168831168831166,ST,3,9,3,20,36,38,33,47,47,65,58,50,52,77,3,3,45,24,24,82,50,41,39,8,52,52,3,58,39,8,30,58,42,41,58,64,52,18,15,15,29,12,15,14,3,30,3,67,79,48,61,58,67,94,91,88,52,91,3,3,79,24,24,100,88,85,39,8,52,52,3,58,39,8,30,58,42,41,88,91,82,18,21,15,39,15,33,30,Eredivisie
NEC,8iawijq7s9s6d85mjz8wdslki,6m2pk6odyb3atayt6u8cifahh,D. Tadić,Dusan Tadic,37,Attacker,Serbia,Striker,31.0,134.0,156.0,14.0,530.0,37.0,8.0,2.0,6.0,3.0,10.0,5.0,4.0,0.0,2.0,5.0,5.0,6.0,2.0,1.0,1.0,0.0,1.0,9.0,1.0,0.0,0.0,79.19,42.86,28.12,20.0,20.0,43.75,37.5,100.0,0.494208944720315,1.1814198486688623,2.0,15.0,0.40479386,8.0,18.0,32.0,1.7155295400000006,88.0,5.264150943396226,22.75471698113208,26.49056603773585,2.3773584905660377,6.283018867924528,1.3584905660377358,0.3396226415094339,1.018867924528302,0.5094339622641509,1.6981132075471697,0.8490566037735848,0.6792452830188679,0.0,0.3396226415094339,0.8490566037735848,0.8490566037735848,1.018867924528302,0.3396226415094339,0.1698113207547169,0.1698113207547169,0.0,0.1698113207547169,1.5283018867924527,0.1698113207547169,0.0,0.0,79.19,42.86,28.12,20.0,20.0,43.75,37.5,100.0,0.0839222736317516,0.2006184648682973,0.3396226415094339,2.5471698113207544,0.06873858,1.3584905660377358,3.056603773584905,5.433962264150943,0.2913163369811321,14.943396226415093,LW,62,81,75,12,75,56,28,84,62,78,16,38,53,47,6,6,97,34,62,9,16,22,100,9,53,53,50,31,75,12,19,59,75,100,31,81,28,44,44,75,94,94,88,94,31,75,69,6,69,44,19,81,56,69,6,31,53,31,6,6,69,31,50,6,16,19,94,6,53,53,50,31,75,12,19,59,75,100,6,75,19,31,31,50,94,100,88,100,Eredivisie
NEC,8iawijq7s9s6d85mjz8wdslki,6u7z5qrlwzl9aug8awejq37xl,Jamiro Monteiro,Jamiro Gregory Monteiro Alvarenga,32,Midfielder,Cabo Verde,Midfielder,67.0,115.0,180.0,23.0,340.0,4.0,6.0,12.0,6.0,5.0,4.0,4.0,2.0,0.0,1.0,2.0,2.0,2.0,4.0,0.0,2.0,0.0,2.0,2.0,0.0,0.0,0.0,90.45,66.67,50.0,0.0,50.0,46.94,50.0,92.31,0.2886948028046507,0.2100759696454719,1.0,6.0,0.16348773,1.0,16.0,11.0,0.3303601799999999,79.0,17.735294117647058,30.44117647058824,47.64705882352941,6.088235294117648,1.0588235294117647,1.5882352941176472,3.1764705882352944,1.5882352941176472,1.3235294117647058,1.0588235294117647,1.0588235294117647,0.5294117647058824,0.0,0.2647058823529412,0.5294117647058824,0.5294117647058824,0.5294117647058824,1.0588235294117647,0.0,0.5294117647058824,0.0,0.5294117647058824,0.5294117647058824,0.0,0.0,0.0,90.45,66.67,50.0,0.0,50.0,46.94,50.0,92.31,0.0764192125071134,0.0556083449061543,0.2647058823529412,1.5882352941176472,0.0432761638235294,0.2647058823529412,4.235294117647059,2.911764705882353,0.0874482829411764,20.911764705882355,DM/CM,29,48,39,59,45,73,98,32,59,43,48,57,48,50,16,16,9,48,34,48,36,62,73,7,52,52,93,84,77,7,75,29,59,93,50,32,34,36,32,11,41,32,29,32,61,86,79,96,50,96,100,54,68,57,68,75,48,57,29,29,11,57,34,64,36,79,86,7,52,52,93,84,77,7,75,29,59,93,57,29,43,39,39,7,54,32,39,64,Eredivisie
NEC,8iawijq7s9s6d85mjz8wdslki,7wjzrrcy3fp8nq6dlanfxvqhh,B. Nuytinck,Bram Nuytinck,36,Defender,Netherlands,Defender,73.0,30.0,103.0,18.0,251.0,1.0,3.0,2.0,1.0,12.0,0.0,1.0,1.0,0.0,0.0,0.0,0.0,20.0,9.0,0.0,0.0,0.0,0.0,0.0,0.0,0.0,0.0,78.63,7.69,0.0,0.0,0.0,60.0,60.0,66.67,0.1221082880322357,0.0,0.0,0.0,0.0,0.0,6.0,5.0,0.1472701899999999,63.0,26.17529880478088,10.756972111553786,36.932270916334666,6.454183266932271,0.3585657370517928,1.0756972111553786,0.7171314741035857,0.3585657370517928,4.302788844621515,0.0,0.3585657370517928,0.3585657370517928,0.0,0.0,0.0,0.0,7.171314741035857,3.227091633466136,0.0,0.0,0.0,0.0,0.0,0.0,0.0,0.0,78.63,7.69,0.0,0.0,0.0,60.0,60.0,66.67,0.0437838482984112,0.0,0.0,0.0,0.0,0.0,2.1513944223107573,1.7928286852589643,0.0528060442231075,22.589641434262948,CB,10,5,10,33,15,48,23,2,57,12,21,28,40,26,13,12,28,73,39,29,35,22,39,23,51,51,7,2,39,23,22,61,60,62,24,12,33,6,6,11,11,10,12,12,17,15,20,93,22,88,49,2,95,12,39,49,40,26,13,12,85,100,39,29,35,22,39,23,51,51,7,2,39,23,22,61,60,62,44,12,33,6,6,11,24,17,22,27,Eredivisie
NEC,8iawijq7s9s6d85mjz8wdslki,8624hqd4nlbzcoqsetvsvla8k,D. Fonville,Deveron Fonville,23,Defender,Curaçao,Defender,45.0,108.0,152.0,11.0,210.0,1.0,2.0,3.0,3.0,3.0,4.0,0.0,0.0,1.0,0.0,2.0,3.0,6.0,5.0,0.0,0.0,0.0,0.0,1.0,2.0,0.0,0.0,86.86,37.5,33.33,100.0,0.0,57.89,50.0,75.0,0.0,0.2871373237605614,0.0,12.0,0.2895724599999999,11.0,17.0,24.0,0.51004758,87.0,19.285714285714285,46.285714285714285,65.14285714285714,4.714285714285714,0.4285714285714285,0.8571428571428571,1.2857142857142856,1.2857142857142856,1.2857142857142856,1.7142857142857142,0.0,0.0,0.4285714285714285,0.0,0.8571428571428571,1.2857142857142856,2.571428571428571,2.142857142857143,0.0,0.0,0.0,0.0,0.4285714285714285,0.8571428571428571,0.0,0.0,86.86,37.5,33.33,100.0,0.0,57.89,50.0,75.0,0.0,0.1230588530402405,0.0,5.142857142857142,0.1241024828571428,4.714285714285714,7.285714285714286,10.285714285714285,0.2185918199999999,37.285714285714285,LB/LCB,15,65,50,19,19,25,27,12,31,48,10,13,100,21,37,46,13,52,33,21,44,31,33,58,50,52,77,21,79,94,31,79,60,79,10,46,21,67,65,71,56,71,42,62,62,96,96,77,23,63,65,35,77,88,10,13,100,21,65,77,38,96,33,21,44,31,50,88,50,52,77,21,79,94,31,79,60,79,10,65,21,92,88,100,96,100,81,96,Eredivisie
NEC,8iawijq7s9s6d85mjz8wdslki,8gde39dg3u3kqhd8pa2mdcn2t,T. Chery,Tjaronn Chery,38,Midfielder,Suriname,Midfielder,63.0,143.0,193.0,11.0,514.0,29.0,4.0,1.0,8.0,1.0,12.0,21.0,7.0,0.0,8.0,10.0,10.0,2.0,0.0,2.0,14.0,3.0,9.0,13.0,4.0,0.0,0.0,83.91,61.54,43.33,40.0,42.86,32.35,50.0,50.0,1.486090347175275,1.2656994225387517,14.0,12.0,0.3413947499999999,7.0,24.0,37.0,1.0622116599999996,95.0,11.03112840466926,25.038910505836576,33.793774319066145,1.9260700389105057,5.077821011673152,0.7003891050583657,0.1750972762645914,1.4007782101167314,0.1750972762645914,2.1011673151750974,3.67704280155642,1.22568093385214,0.0,1.4007782101167314,1.7509727626459144,1.7509727626459144,0.3501945525291828,0.0,0.3501945525291828,2.45136186770428,0.5252918287937743,1.575875486381323,2.2762645914396886,0.7003891050583657,0.0,0.0,83.91,61.54,43.33,40.0,42.86,32.35,50.0,50.0,0.2602103720734917,0.2216205214562016,2.45136186770428,2.1011673151750974,0.0597772908560311,1.22568093385214,4.202334630350195,6.478599221789883,0.1859903684824902,16.634241245136188,CM/AM,58,69,48,12,92,48,13,63,19,69,98,71,50,100,69,69,13,8,85,100,85,96,98,63,50,50,35,56,81,40,71,8,62,27,85,77,100,37,42,46,71,92,77,50,46,50,42,8,85,38,12,50,15,65,96,65,50,96,62,62,12,8,81,100,85,88,100,58,50,50,35,56,81,40,71,8,62,27,73,77,100,35,42,38,58,81,62,42,Eredivisie
NEC,8iawijq7s9s6d85mjz8wdslki,ac3lkaa1lkbsa82tfylq5zcb8,N. Lebreton,Noé Lebreton,22,Midfielder,France,Midfielder,58.0,102.0,159.0,32.0,457.0,24.0,11.0,8.0,3.0,8.0,5.0,5.0,4.0,0.0,1.0,4.0,4.0,10.0,8.0,0.0,1.0,1.0,1.0,1.0,3.0,0.0,0.0,79.1,21.43,16.67,75.0,20.0,56.14,53.33,80.0,0.5236724606009402,0.3309349274480658,1.0,8.0,0.19864855,7.0,15.0,19.0,0.43706011,72.0,11.422319474835886,20.087527352297595,31.312910284463896,6.301969365426697,4.726477024070023,2.166301969365427,1.5754923413566742,0.5908096280087528,1.5754923413566742,0.9846827133479212,0.9846827133479212,0.7877461706783371,0.0,0.1969365426695842,0.7877461706783371,0.7877461706783371,1.9693654266958425,1.5754923413566742,0.0,0.1969365426695842,0.1969365426695842,0.1969365426695842,0.1969365426695842,0.5908096280087528,0.0,0.0,79.1,21.43,16.67,75.0,20.0,56.14,53.33,80.0,0.1031302438820232,0.0651731804602317,0.1969365426695842,1.5754923413566742,0.039121158643326,1.3785557986870898,2.954048140043764,3.741794310722101,0.0860731070021881,14.179431072210066,CM/AM,46,38,38,87,83,96,92,17,88,23,17,48,50,19,33,29,79,92,25,12,54,23,37,52,50,50,15,4,44,96,33,88,73,83,27,23,13,25,23,46,31,54,27,31,54,31,35,96,81,96,88,19,92,19,15,42,50,23,27,23,77,92,25,15,58,19,35,46,50,50,15,4,44,96,33,88,73,83,27,19,12,23,19,50,27,58,31,23,Eredivisie
NEC,8iawijq7s9s6d85mjz8wdslki,brr1dv5rqwqmy0rqmvstmgnpw,A. Kabar,Almugera Kabar,20,Defender,Germany,Defender,52.0,42.0,93.0,19.0,222.0,4.0,7.0,5.0,3.0,4.0,1.0,1.0,1.0,0.0,0.0,1.0,2.0,12.0,5.0,0.0,0.0,0.0,0.0,1.0,0.0,0.0,0.0,85.32,42.86,33.33,0.0,0.0,59.38,66.67,62.5,0.1478249399057134,0.1205198910439763,0.0,3.0,0.05842896,1.0,7.0,12.0,0.26648541,59.0,21.08108108108108,17.027027027027025,37.7027027027027,7.702702702702703,1.6216216216216215,2.8378378378378377,2.0270270270270268,1.2162162162162162,1.6216216216216215,0.4054054054054054,0.4054054054054054,0.4054054054054054,0.0,0.0,0.4054054054054054,0.8108108108108107,4.864864864864865,2.0270270270270268,0.0,0.0,0.0,0.0,0.4054054054054054,0.0,0.0,0.0,85.32,42.86,33.33,0.0,0.0,59.38,66.67,62.5,0.0599290296915054,0.0488594152880985,0.0,1.2162162162162162,0.0236874162162162,0.4054054054054054,2.8378378378378377,4.864864864864865,0.1080346256756756,23.91891891891892,LB/LCB,19,19,12,52,38,88,50,12,44,23,23,40,50,21,21,31,42,52,33,21,44,31,33,15,50,52,65,60,79,15,31,85,88,62,31,27,21,29,27,17,19,35,23,42,77,54,65,100,69,100,100,23,92,35,38,62,50,21,35,54,100,92,33,21,44,31,46,15,50,52,65,60,79,15,31,85,88,62,85,35,21,58,46,31,46,77,42,73,Eredivisie
PEC Zwolle,2uuh2bir8ktof0uxfo06lb4ox,1rd0zzpp3dn0y7qtxwc57g7h1,R. Thomas,Ryan Thomas,31,Midfielder,New Zealand,Midfielder,62.0,71.0,133.0,38.0,433.0,3.0,5.0,4.0,8.0,15.0,2.0,3.0,1.0,0.0,0.0,7.0,7.0,27.0,14.0,0.0,2.0,0.0,1.0,0.0,5.0,0.0,0.0,73.89,32.0,0.0,71.43,33.33,66.67,71.43,30.77,0.2508257934622157,0.0559668179644209,1.0,5.0,0.1051097,3.0,18.0,23.0,0.4458594399999998,85.0,12.886836027713626,14.757505773672056,27.64434180138568,7.89838337182448,0.6235565819861432,1.039260969976905,0.8314087759815243,1.6628175519630486,3.117782909930716,0.4157043879907621,0.6235565819861432,0.207852193995381,0.0,0.0,1.4549653579676676,1.4549653579676676,5.612009237875289,2.909930715935335,0.0,0.4157043879907621,0.0,0.207852193995381,0.0,1.039260969976905,0.0,0.0,73.89,32.0,0.0,71.43,33.33,66.67,71.43,30.77,0.0521346914817538,0.0116328259048449,0.207852193995381,1.039260969976905,0.0218472817551963,0.6235565819861432,3.741339491916859,4.780600461893765,0.0926728628175519,17.66743648960739,DM/CM,25,30,25,100,30,55,45,57,96,21,34,30,48,18,75,71,98,96,34,48,36,45,18,82,52,52,14,21,18,79,46,96,93,7,39,14,34,25,21,38,50,54,39,38,29,25,29,100,32,68,57,57,96,21,32,29,48,18,71,68,100,100,34,50,36,46,18,82,52,52,14,21,18,79,46,96,93,7,39,11,39,21,18,36,50,64,43,46,Eredivisie
PEC Zwolle,2uuh2bir8ktof0uxfo06lb4ox,2072f0p9ful9u577gdvo89yw9,K. Kostons,Koen Kostons,27,Attacker,Netherlands,Striker,37.0,66.0,102.0,29.0,597.0,33.0,1.0,0.0,3.0,23.0,6.0,13.0,11.0,0.0,2.0,10.0,10.0,4.0,0.0,0.0,2.0,3.0,6.0,1.0,5.0,0.0,0.0,67.11,30.0,33.33,50.0,46.15,34.52,41.07,0.0,1.084398898833466,0.4544125533500105,1.0,9.0,0.29803184,4.0,4.0,8.0,0.25626097,37.0,5.57788944723618,9.949748743718592,15.376884422110551,4.371859296482412,4.974874371859296,0.1507537688442211,0.0,0.4522613065326633,3.467336683417085,0.9045226130653266,1.9597989949748744,1.658291457286432,0.0,0.3015075376884422,1.507537688442211,1.507537688442211,0.6030150753768844,0.0,0.0,0.3015075376884422,0.4522613065326633,0.9045226130653266,0.1507537688442211,0.7537688442211055,0.0,0.0,67.11,30.0,33.33,50.0,46.15,34.52,41.07,0.0,0.1634772209296682,0.0685044050276397,0.1507537688442211,1.3567839195979898,0.0449294231155778,0.6030150753768844,0.6030150753768844,1.2060301507537687,0.0386323070351758,5.57788944723618,ST,79,85,91,77,80,11,11,88,94,74,61,61,52,53,80,79,61,24,24,55,70,71,85,88,52,52,39,45,92,55,70,24,55,11,42,76,26,86,85,91,67,85,70,88,76,70,73,61,61,6,11,73,82,52,33,36,52,36,64,61,39,24,24,36,52,42,85,73,52,52,39,45,92,55,70,24,55,11,21,55,18,82,76,85,52,82,52,82,Eredivisie
PEC Zwolle,2uuh2bir8ktof0uxfo06lb4ox,4fiks6jvfxzbs9k0s050vmfbo,I. Cissoko,Ibrahim Cissoko,23,Attacker,Netherlands,Striker,19.0,27.0,46.0,21.0,275.0,14.0,9.0,3.0,1.0,2.0,3.0,7.0,5.0,0.0,2.0,19.0,22.0,4.0,0.0,0.0,2.0,1.0,3.0,0.0,6.0,0.0,0.0,75.41,33.33,0.0,31.58,42.86,43.75,33.33,75.0,0.61688809720323,0.2331240456693012,4.0,5.0,0.19331855,0.0,2.0,5.0,0.0818716799999999,19.0,6.218181818181819,8.836363636363638,15.054545454545456,6.872727272727273,4.581818181818182,2.9454545454545458,0.981818181818182,0.3272727272727272,0.6545454545454545,0.981818181818182,2.290909090909091,1.6363636363636365,0.0,0.6545454545454545,6.218181818181819,7.2,1.309090909090909,0.0,0.0,0.6545454545454545,0.3272727272727272,0.981818181818182,0.0,1.963636363636364,0.0,0.0,75.41,33.33,0.0,31.58,42.86,43.75,33.33,75.0,0.2018906499937844,0.076295142219044,1.309090909090909,1.6363636363636365,0.0632678890909091,0.0,0.6545454545454545,1.6363636363636365,0.0267943679999999,6.218181818181819,LW,19,6,6,53,34,66,47,16,53,31,34,50,53,47,81,88,56,12,25,19,47,41,12,69,53,53,12,22,12,38,56,59,62,78,38,25,44,9,19,6,12,9,6,16,62,6,12,94,56,94,69,12,69,31,62,69,53,62,100,100,81,12,25,31,62,62,12,81,53,53,12,22,12,38,56,59,62,78,56,25,69,12,19,6,25,12,6,25,Eredivisie
PEC Zwolle,2uuh2bir8ktof0uxfo06lb4ox,4phgw75cred5p93hjq8hiou6t,S. Floranus,Sherel Floranus,28,Defender,Curaçao,Defender,68.0,39.0,107.0,14.0,312.0,0.0,2.0,6.0,10.0,4.0,0.0,0.0,0.0,0.0,0.0,1.0,1.0,11.0,5.0,0.0,0.0,0.0,0.0,0.0,0.0,0.0,0.0,77.54,62.5,0.0,0.0,0.0,56.0,50.0,75.0,0.0,0.0,0.0,0.0,0.0,0.0,0.0,0.0,0.0,0.0,19.615384615384613,11.25,30.865384615384613,4.038461538461538,0.0,0.5769230769230769,1.7307692307692306,2.8846153846153846,1.1538461538461535,0.0,0.0,0.0,0.0,0.0,0.2884615384615384,0.2884615384615384,3.173076923076923,1.4423076923076923,0.0,0.0,0.0,0.0,0.0,0.0,0.0,0.0,77.54,62.5,0.0,0.0,0.0,56.0,50.0,75.0,0.0,0.0,0.0,0.0,0.0,0.0,0.0,0.0,0.0,0.0,LB/LCB,38,12,23,27,10,25,65,63,44,10,10,13,50,21,21,17,33,52,33,21,44,31,12,15,50,52,19,96,12,15,31,58,60,79,10,10,21,10,10,8,8,8,8,8,65,23,46,50,10,42,88,92,65,10,10,13,50,21,19,15,58,73,33,21,44,31,12,15,50,52,19,96,12,15,31,58,60,79,10,10,21,10,10,8,8,8,8,8,Eredivisie
PEC Zwolle,2uuh2bir8ktof0uxfo06lb4ox,5jdkdvxssuc8gvzwwrq5bs76y,T. Sommer,Tobias Sommer,24,Midfielder,Denmark,Midfielder,98.0,92.0,181.0,28.0,619.0,8.0,6.0,4.0,7.0,9.0,8.0,9.0,3.0,0.0,3.0,9.0,10.0,12.0,9.0,1.0,6.0,0.0,4.0,9.0,5.0,0.0,0.0,73.58,31.82,26.47,55.56,44.44,51.85,64.29,50.0,0.6967931994313235,0.9292852634595468,1.0,7.0,0.2623352,6.0,19.0,20.0,0.38294121,93.0,14.248788368336024,13.376413570274636,26.31663974151858,4.07108239095315,1.1631663974151858,0.8723747980613893,0.5815831987075929,1.0177705977382876,1.308562197092084,1.1631663974151858,1.308562197092084,0.4361873990306946,0.0,0.4361873990306946,1.308562197092084,1.4539579967689822,1.7447495961227786,1.308562197092084,0.1453957996768982,0.8723747980613893,0.0,0.5815831987075929,1.308562197092084,0.7269789983844911,0.0,0.0,73.58,31.82,26.47,55.56,44.44,51.85,64.29,50.0,0.1013108044407417,0.1351141740086578,0.1453957996768982,1.0177705977382876,0.038142436187399,0.8723747980613893,2.762520193861066,2.9079159935379644,0.055678043457189,13.521809369951534,DM/CM,61,36,43,70,68,73,45,43,80,84,89,79,48,88,84,88,55,82,82,98,36,93,100,82,52,52,11,18,54,55,68,39,89,38,79,96,34,43,46,70,61,50,36,54,39,21,25,50,54,50,25,21,64,64,75,66,48,82,64,64,39,70,75,93,36,86,100,61,52,52,11,18,54,55,68,39,89,38,68,93,18,14,32,61,32,29,32,25,Eredivisie
PEC Zwolle,2uuh2bir8ktof0uxfo06lb4ox,684nd3xjli51z43pbla0mwa21,T. Oosting,Thijs Oosting,26,Midfielder,Netherlands,Midfielder,41.0,56.0,97.0,13.0,434.0,8.0,5.0,5.0,4.0,0.0,5.0,7.0,4.0,0.0,2.0,1.0,1.0,6.0,5.0,1.0,3.0,0.0,3.0,0.0,0.0,0.0,0.0,83.62,66.67,0.0,0.0,42.86,35.14,0.0,62.5,0.5590697556800479,0.1488496263821731,3.0,8.0,0.20035224,4.0,15.0,12.0,0.4075346199999999,50.0,8.502304147465438,11.612903225806452,20.11520737327189,2.695852534562212,1.6589861751152075,1.036866359447005,1.036866359447005,0.8294930875576038,0.0,1.036866359447005,1.4516129032258065,0.8294930875576038,0.0,0.4147465437788019,0.2073732718894009,0.2073732718894009,1.2442396313364057,1.036866359447005,0.2073732718894009,0.6221198156682028,0.0,0.6221198156682028,0.0,0.0,0.0,0.0,83.62,66.67,0.0,0.0,42.86,35.14,0.0,62.5,0.1159361244497795,0.0308674340423861,0.6221198156682028,1.6589861751152075,0.0415476995391705,0.8294930875576038,3.110599078341014,2.4884792626728114,0.0845117875576036,10.368663594470046,CM/AM,27,8,15,23,37,62,50,29,6,23,35,48,50,46,6,4,54,65,62,37,17,48,13,8,50,50,31,73,13,8,71,12,6,67,35,4,42,25,27,23,31,19,23,21,19,15,15,15,38,69,65,31,6,27,35,46,50,38,4,4,54,73,65,31,17,50,13,8,50,50,31,73,13,8,71,12,6,67,35,4,42,27,23,23,31,15,27,15,Eredivisie
PEC Zwolle,2uuh2bir8ktof0uxfo06lb4ox,6eg8vaxpqsd6cyh736h7bq4x6,D. Mbayo,Dylan Mbayo,24,Attacker,Belgium,Striker,29.0,73.0,100.0,35.0,535.0,26.0,16.0,5.0,1.0,0.0,10.0,11.0,6.0,0.0,5.0,21.0,25.0,6.0,1.0,3.0,5.0,0.0,3.0,2.0,10.0,0.0,0.0,86.96,100.0,11.76,47.62,27.27,50.72,0.0,55.56,0.8337140058900375,0.969940765302192,6.0,26.0,0.9638178999999998,8.0,1.0,4.0,0.8529289400000001,30.0,4.878504672897196,12.2803738317757,16.822429906542055,5.887850467289719,4.373831775700935,2.691588785046729,0.8411214953271028,0.1682242990654205,0.0,1.6822429906542056,1.8504672897196264,1.0093457943925233,0.0,0.8411214953271028,3.5327102803738315,4.205607476635514,1.0093457943925233,0.1682242990654205,0.5046728971962616,0.8411214953271028,0.0,0.5046728971962616,0.3364485981308411,1.6822429906542056,0.0,0.0,86.96,100.0,11.76,47.62,27.27,50.72,0.0,55.56,0.1402509542618754,0.1631676053779388,1.0093457943925233,4.373831775700935,0.1621375906542055,1.3457943925233644,0.1682242990654205,0.6728971962616822,0.1434833730841121,5.046728971962617,RW,65,53,53,97,71,100,71,9,12,71,41,38,50,82,88,91,94,21,100,74,24,41,32,88,53,53,100,100,24,53,32,65,12,62,35,71,65,85,88,79,6,6,53,24,18,41,29,82,47,100,59,6,12,53,29,24,50,47,76,76,82,12,100,47,24,35,24,71,53,53,100,100,24,53,32,65,12,62,24,35,53,65,76,47,6,6,41,12,Eredivisie
PEC Zwolle,2uuh2bir8ktof0uxfo06lb4ox,6hpvm6ktb7nulhdph4497649g,D. van der Haar,Damian van der Haar,22,Defender,Netherlands,Defender,29.0,29.0,53.0,10.0,309.0,0.0,1.0,4.0,7.0,1.0,5.0,1.0,0.0,0.0,0.0,1.0,1.0,13.0,6.0,0.0,1.0,0.0,0.0,5.0,1.0,0.0,0.0,66.25,41.18,62.5,100.0,0.0,76.92,0.0,57.14,0.0567481408170423,0.5590596609746559,1.0,3.0,0.05669074,2.0,8.0,8.0,0.21137117,32.0,8.446601941747574,8.446601941747574,15.436893203883496,2.912621359223301,0.0,0.2912621359223301,1.1650485436893203,2.0388349514563107,0.2912621359223301,1.4563106796116505,0.2912621359223301,0.0,0.0,0.0,0.2912621359223301,0.2912621359223301,3.7864077669902914,1.7475728155339807,0.0,0.2912621359223301,0.0,0.0,1.4563106796116505,0.2912621359223301,0.0,0.0,66.25,41.18,62.5,100.0,0.0,76.92,0.0,57.14,0.0165285847039929,0.162832910963492,0.2912621359223301,0.8737864077669903,0.0165118660194174,0.5825242718446603,2.330097087378641,2.330097087378641,0.0615644184466019,9.320388349514564,LB/LCB,4,8,4,12,10,12,40,38,12,56,23,13,50,21,21,17,52,65,33,58,44,31,75,40,50,52,4,42,100,94,31,100,6,46,19,58,56,29,23,29,23,19,15,15,12,8,4,23,10,12,58,73,15,65,23,13,50,21,23,19,77,77,33,73,44,31,92,50,50,52,4,42,100,94,31,100,6,46,19,81,69,31,31,50,38,35,23,27,Eredivisie
PEC Zwolle,2uuh2bir8ktof0uxfo06lb4ox,9ugpnnovqttl8lguv7wdyiezu,S. Graves,Simon Graves,27,Defender,Denmark,Defender,188.0,90.0,278.0,39.0,630.0,10.0,5.0,3.0,19.0,26.0,3.0,4.0,4.0,2.0,2.0,1.0,1.0,41.0,10.0,0.0,0.0,0.0,0.0,0.0,1.0,0.0,0.0,84.76,51.35,0.0,100.0,0.0,67.24,81.25,42.86,0.4782625805114654,0.2213007811952499,0.0,4.0,0.12391061,0.0,33.0,27.0,0.7444056099999999,177.0,26.857142857142858,12.857142857142858,39.71428571428572,5.571428571428571,1.4285714285714286,0.7142857142857143,0.4285714285714285,2.7142857142857144,3.7142857142857135,0.4285714285714285,0.5714285714285714,0.5714285714285714,0.2857142857142857,0.2857142857142857,0.1428571428571428,0.1428571428571428,5.857142857142857,1.4285714285714286,0.0,0.0,0.0,0.0,0.0,0.1428571428571428,0.0,0.0,84.76,51.35,0.0,100.0,0.0,67.24,81.25,42.86,0.0683232257873522,0.0316143973136071,0.0,0.5714285714285714,0.0177015157142857,0.0,4.714285714285714,3.857142857142857,0.1063436585714285,25.285714285714285,CB,63,44,51,94,91,73,39,76,96,79,71,79,100,91,39,38,85,76,39,29,35,22,39,56,51,51,29,61,39,89,22,88,100,22,78,73,33,39,49,11,72,59,88,57,27,34,27,80,87,57,26,55,90,73,56,63,100,80,29,27,71,61,39,29,35,22,39,49,51,51,29,61,39,89,22,88,100,22,66,63,33,28,34,11,56,49,71,44,Eredivisie
PEC Zwolle,2uuh2bir8ktof0uxfo06lb4ox,9xxdec5pv5plas9ve4ehs4nop,E. Sørensen,Elias Sørensen,27,Attacker,Denmark,Striker,21.0,46.0,67.0,16.0,317.0,6.0,5.0,3.0,8.0,4.0,0.0,4.0,1.0,0.0,1.0,6.0,6.0,5.0,3.0,0.0,3.0,1.0,1.0,0.0,1.0,0.0,0.0,65.69,57.14,0.0,16.67,25.0,40.0,36.36,50.0,0.4260024577591757,0.0,2.0,5.0,0.122683,2.0,6.0,11.0,0.42895464,22.0,5.962145110410095,13.05993690851735,19.02208201892745,4.542586750788644,1.7034700315457414,1.4195583596214512,0.8517350157728707,2.271293375394322,1.135646687697161,0.0,1.135646687697161,0.2839116719242902,0.0,0.2839116719242902,1.7034700315457414,1.7034700315457414,1.4195583596214512,0.8517350157728707,0.0,0.8517350157728707,0.2839116719242902,0.2839116719242902,0.0,0.2839116719242902,0.0,0.0,65.69,57.14,0.0,16.67,25.0,40.0,36.36,50.0,0.1209470700262644,0.0,0.5678233438485805,1.4195583596214512,0.0348311356466876,0.5678233438485805,1.7034700315457414,3.123028391167193,0.121785229022082,6.246056782334385,LW,25,31,28,38,12,38,47,94,78,9,6,9,53,22,16,16,75,59,25,41,47,22,12,9,53,53,6,59,12,6,34,19,69,38,19,9,28,9,6,16,56,44,12,25,56,25,31,56,12,56,62,100,88,9,12,6,53,25,25,25,94,88,25,56,44,25,12,12,53,53,6,59,12,6,34,19,69,38,31,9,31,6,6,12,56,75,19,31,Eredivisie
PEC Zwolle,2uuh2bir8ktof0uxfo06lb4ox,a7vlgirln231n3dqjhb72o0es,O. Aertssen,Olivier Aertssen,22,Defender,Netherlands,Defender,47.0,83.0,129.0,38.0,609.0,7.0,4.0,17.0,10.0,6.0,3.0,4.0,1.0,0.0,2.0,6.0,6.0,28.0,7.0,0.0,3.0,0.0,0.0,1.0,2.0,0.0,0.0,70.49,28.57,20.0,33.33,0.0,59.38,50.0,65.38,0.2384357479563607,0.2774210252225334,0.0,3.0,0.06310145,2.0,18.0,22.0,0.4001746299999998,86.0,6.945812807881773,12.266009852216747,19.064039408867,5.615763546798029,1.0344827586206895,0.5911330049261084,2.5123152709359604,1.477832512315271,0.8866995073891626,0.4433497536945813,0.5911330049261084,0.1477832512315271,0.0,0.2955665024630542,0.8866995073891626,0.8866995073891626,4.137931034482759,1.0344827586206895,0.0,0.4433497536945813,0.0,0.0,0.1477832512315271,0.2955665024630542,0.0,0.0,70.49,28.57,20.0,33.33,0.0,59.38,50.0,65.38,0.0352368100428119,0.0409981810673694,0.0,0.4433497536945813,0.0093253374384236,0.2955665024630542,2.6600985221674875,3.251231527093596,0.0591391078817733,12.709359605911333,RB/RCB,16,42,32,95,47,47,100,79,63,37,63,29,47,71,84,84,87,79,32,87,45,18,39,76,53,53,5,21,50,61,18,79,47,74,53,42,26,29,26,34,55,74,26,47,11,42,11,68,32,32,100,63,42,32,47,21,47,58,74,74,63,74,32,84,45,18,32,74,53,53,5,21,50,61,18,79,47,74,37,26,26,21,16,32,42,63,26,32,Eredivisie
PEC Zwolle,2uuh2bir8ktof0uxfo06lb4ox,c2an5ksdu6jbap3x3jp3z9c5x,N. Viergever,Nick Viergever,37,Defender,Netherlands,Defender,184.0,52.0,236.0,11.0,630.0,4.0,0.0,4.0,10.0,4.0,0.0,3.0,2.0,1.0,1.0,1.0,1.0,27.0,6.0,0.0,1.0,1.0,1.0,0.0,0.0,0.0,0.0,82.52,27.03,0.0,0.0,33.33,36.67,28.57,57.14,0.3348628410360592,0.0,1.0,4.0,0.0724932,2.0,12.0,10.0,0.2719583499999999,119.0,26.285714285714285,7.428571428571429,33.714285714285715,1.5714285714285714,0.5714285714285714,0.0,0.5714285714285714,1.4285714285714286,0.5714285714285714,0.0,0.4285714285714285,0.2857142857142857,0.1428571428571428,0.1428571428571428,0.1428571428571428,0.1428571428571428,3.857142857142857,0.8571428571428571,0.0,0.1428571428571428,0.1428571428571428,0.1428571428571428,0.0,0.0,0.0,0.0,82.52,27.03,0.0,0.0,33.33,36.67,28.57,57.14,0.047837548719437,0.0,0.1428571428571428,0.5714285714285714,0.0103561714285714,0.2857142857142857,1.7142857142857142,1.4285714285714286,0.0388511928571428,17.0,CB,59,20,32,11,48,4,51,32,13,12,52,49,89,67,39,38,55,48,39,76,83,63,39,23,51,51,22,7,39,23,71,5,7,39,61,12,79,39,27,49,29,24,22,32,20,5,10,2,39,4,38,20,7,12,46,35,82,54,29,27,37,24,39,61,72,50,39,23,51,51,22,7,39,23,71,5,7,39,46,12,70,28,22,44,17,12,10,15,Eredivisie
PSV,24fvcruwqrqvqa3aonf8c3zuy,21k54i5a6d9bi4f6gplgzxiw9,G. Til,Guus Til,28,Midfielder,Netherlands,Midfielder,48.0,131.0,177.0,19.0,578.0,33.0,7.0,2.0,1.0,7.0,7.0,15.0,15.0,0.0,2.0,7.0,7.0,4.0,2.0,0.0,0.0,4.0,7.0,2.0,2.0,0.0,0.0,87.19,33.33,16.67,28.57,46.67,63.33,87.5,66.67,2.152829261622493,0.6121651078577436,0.0,12.0,0.2872134700000001,10.0,17.0,21.0,0.7691504799999999,71.0,7.474048442906574,20.397923875432525,27.560553633217992,2.958477508650519,5.138408304498269,1.0899653979238757,0.3114186851211072,0.1557093425605536,1.0899653979238757,1.0899653979238757,2.3356401384083045,2.3356401384083045,0.0,0.3114186851211072,1.0899653979238757,1.0899653979238757,0.6228373702422145,0.3114186851211072,0.0,0.0,0.6228373702422145,1.0899653979238757,0.3114186851211072,0.3114186851211072,0.0,0.0,87.19,33.33,16.67,28.57,46.67,63.33,87.5,66.67,0.3352156289723605,0.0953198264830396,0.0,1.868512110726644,0.0447218205882353,1.5570934256055362,2.647058823529412,3.269896193771626,0.1197639155709342,11.055363321799309,RM/RCM,56,78,89,50,89,83,28,17,89,61,72,100,56,33,44,44,44,50,28,17,89,78,56,28,56,56,78,33,44,11,83,89,100,83,100,56,17,56,44,89,78,72,56,78,33,67,78,22,78,67,11,11,89,56,56,100,56,22,33,33,33,44,28,17,89,67,44,22,56,56,78,33,44,11,83,89,100,83,100,56,17,56,44,89,67,67,44,56,Eredivisie
PSV,24fvcruwqrqvqa3aonf8c3zuy,29q4j9r2lgdsdkkq2fgh8l7o4,Ayoni Santos,Ayoni Santos,21,Midfielder,Cabo Verde,Midfielder,21.0,54.0,71.0,18.0,258.0,14.0,4.0,1.0,8.0,2.0,2.0,7.0,5.0,0.0,2.0,14.0,15.0,3.0,0.0,0.0,2.0,0.0,2.0,4.0,6.0,0.0,0.0,84.52,61.54,40.0,42.86,28.57,46.15,33.33,16.67,0.5115604093072028,0.1425199554889954,3.0,13.0,0.37209748,5.0,11.0,17.0,0.4538292299999998,39.0,7.325581395348837,18.837209302325583,24.76744186046512,6.27906976744186,4.883720930232558,1.3953488372093024,0.3488372093023256,2.7906976744186047,0.6976744186046512,0.6976744186046512,2.441860465116279,1.744186046511628,0.0,0.6976744186046512,4.883720930232558,5.232558139534883,1.0465116279069768,0.0,0.0,0.6976744186046512,0.0,0.6976744186046512,1.3953488372093024,2.0930232558139537,0.0,0.0,84.52,61.54,40.0,42.86,28.57,46.15,33.33,16.67,0.17845130557228,0.0497162635426728,1.0465116279069768,4.534883720930233,0.1298014465116279,1.744186046511628,3.8372093023255816,5.930232558139535,0.1583125220930231,13.604651162790695,LM/LCM,33,33,33,75,33,33,50,83,75,25,33,33,58,25,50,42,67,25,25,33,25,33,83,58,58,58,67,67,92,42,50,67,83,50,33,33,33,25,17,33,67,67,50,50,83,50,50,83,50,83,50,100,83,33,50,50,58,33,83,83,100,25,25,33,25,33,100,67,58,58,67,67,92,42,50,67,83,50,33,33,50,33,33,50,83,83,50,50,Eredivisie
PSV,24fvcruwqrqvqa3aonf8c3zuy,2gsq05yyxwe4f8t79j6d49q6t,I. Perišić,Ivan Perisic,37,Attacker,Croatia,Striker,86.0,165.0,240.0,29.0,486.0,29.0,0.0,8.0,17.0,11.0,11.0,15.0,13.0,1.0,4.0,4.0,4.0,4.0,4.0,1.0,2.0,2.0,5.0,11.0,3.0,0.0,0.0,83.92,65.38,20.37,75.0,33.33,67.44,73.33,53.33,1.5768406185882506,1.391819650043596,2.0,21.0,0.5555684299999999,8.0,15.0,24.0,1.4373839500000003,89.0,15.925925925925926,30.55555555555556,44.44444444444444,5.37037037037037,5.37037037037037,0.0,1.4814814814814814,3.148148148148148,2.0370370370370368,2.0370370370370368,2.7777777777777777,2.4074074074074074,0.1851851851851851,0.7407407407407407,0.7407407407407407,0.7407407407407407,0.7407407407407407,0.7407407407407407,0.1851851851851851,0.3703703703703703,0.3703703703703703,0.9259259259259258,2.0370370370370368,0.5555555555555555,0.0,0.0,83.92,65.38,20.37,75.0,33.33,67.44,73.33,53.33,0.2920075219607871,0.2577443796377029,0.3703703703703703,3.888888888888889,0.1028830425925925,1.4814814814814814,2.7777777777777777,4.444444444444444,0.266182212962963,16.48148148148148,RW,100,100,100,88,88,6,100,100,100,76,71,91,100,56,12,9,79,79,68,21,76,71,97,38,53,53,65,76,59,100,62,100,94,53,94,76,29,71,71,79,82,85,88,97,100,88,100,71,71,6,82,100,100,65,59,71,100,35,6,6,71,65,65,12,71,59,94,29,53,53,65,76,59,100,62,100,94,53,76,76,24,59,41,65,82,88,76,94,Eredivisie
PSV,24fvcruwqrqvqa3aonf8c3zuy,2yc1t7u26zctwjizi283g6q6s,P. Wanner,Paul Wanner,20,Midfielder,Austria,Midfielder,59.0,137.0,193.0,22.0,402.0,10.0,5.0,7.0,6.0,2.0,8.0,8.0,3.0,0.0,1.0,6.0,6.0,4.0,2.0,2.0,5.0,0.0,5.0,3.0,2.0,0.0,0.0,90.19,54.55,60.0,33.33,62.5,53.66,28.57,53.85,0.6309349659697515,0.7241494644707097,1.0,18.0,0.45547114,5.0,17.0,14.0,0.6175170900000002,93.0,13.208955223880595,30.67164179104477,43.208955223880594,4.925373134328358,2.238805970149253,1.1194029850746268,1.5671641791044777,1.343283582089552,0.4477611940298507,1.791044776119403,1.791044776119403,0.6716417910447761,0.0,0.2238805970149253,1.343283582089552,1.343283582089552,0.8955223880597015,0.4477611940298507,0.4477611940298507,1.1194029850746268,0.0,1.1194029850746268,0.6716417910447761,0.4477611940298507,0.0,0.0,90.19,54.55,60.0,33.33,62.5,53.66,28.57,53.85,0.1412540968588995,0.1621230144337409,0.2238805970149253,4.029850746268656,0.1019711507462686,1.1194029850746268,3.805970149253731,3.134328358208955,0.1382500947761194,20.82089552238806,CM/AM,52,58,48,63,48,62,87,50,37,54,48,33,50,19,52,48,33,38,85,62,17,75,63,38,50,50,77,42,92,31,100,73,23,35,46,50,13,58,54,33,38,25,46,46,65,62,69,69,42,73,85,46,35,50,46,35,50,27,58,54,31,42,88,69,17,81,65,42,50,50,77,42,92,31,100,73,23,35,46,50,19,62,50,35,54,27,58,65,Eredivisie
PSV,24fvcruwqrqvqa3aonf8c3zuy,3ojwbw6v83g9b0u2wssnkzzzd,A. Obispo,Armando Obispo,27,Defender,Curaçao,Defender,221.0,243.0,463.0,29.0,617.0,7.0,4.0,7.0,29.0,11.0,3.0,3.0,2.0,1.0,1.0,4.0,4.0,22.0,6.0,0.0,1.0,0.0,0.0,1.0,2.0,0.0,0.0,92.6,72.5,100.0,50.0,0.0,55.77,52.38,58.33,0.3282708226323126,0.2702464400277793,1.0,10.0,0.20108257,5.0,43.0,43.0,0.8314877600000004,332.0,32.236628849270666,35.44570502431119,67.53646677471637,4.230145867098866,1.0210696920583469,0.5834683954619125,1.0210696920583469,4.230145867098866,1.6045380875202595,0.4376012965964344,0.4376012965964344,0.2917341977309562,0.1458670988654781,0.1458670988654781,0.5834683954619125,0.5834683954619125,3.209076175040519,0.8752025931928687,0.0,0.1458670988654781,0.0,0.0,0.1458670988654781,0.2917341977309562,0.0,0.0,92.6,72.5,100.0,50.0,0.0,55.77,52.38,58.33,0.0478839125395593,0.0394200641855755,0.1458670988654781,1.4586709886547813,0.0293313311183144,0.7293354943273906,6.27228525121556,6.27228525121556,0.121286707293355,48.427876823338735,CB,84,98,95,72,77,62,77,93,49,79,52,49,89,67,93,91,35,48,39,76,35,22,87,78,51,51,85,100,94,57,22,41,41,44,56,88,79,71,63,79,91,95,90,98,68,88,85,44,63,44,68,88,37,83,51,41,88,59,83,83,20,29,39,68,35,22,83,66,51,51,85,100,94,57,22,41,41,44,49,80,76,59,54,71,80,80,78,90,Eredivisie
PSV,24fvcruwqrqvqa3aonf8c3zuy,4yyekuopwb7otz18rqfgwjht5,L. Geertruida,Lutsharel Geertruida,26,Defender,Netherlands,Defender,103.0,151.0,254.0,10.0,258.0,4.0,2.0,4.0,10.0,2.0,1.0,4.0,3.0,0.0,2.0,2.0,2.0,8.0,5.0,1.0,1.0,1.0,1.0,0.0,2.0,0.0,0.0,94.42,58.82,0.0,100.0,25.0,62.5,50.0,100.0,0.2944939794084846,0.0710219489315043,2.0,7.0,0.16051808,8.0,27.0,23.0,0.47598789,177.0,35.93023255813954,52.674418604651166,88.6046511627907,3.488372093023256,1.3953488372093024,0.6976744186046512,1.3953488372093024,3.488372093023256,0.6976744186046512,0.3488372093023256,1.3953488372093024,1.0465116279069768,0.0,0.6976744186046512,0.6976744186046512,0.6976744186046512,2.7906976744186047,1.744186046511628,0.3488372093023256,0.3488372093023256,0.3488372093023256,0.3488372093023256,0.0,0.6976744186046512,0.0,0.0,94.42,58.82,0.0,100.0,25.0,62.5,50.0,100.0,0.1027304579331923,0.0247750984644782,0.6976744186046512,2.441860465116279,0.0559946790697674,2.7906976744186047,9.418604651162791,8.023255813953488,0.1660422872093023,61.74418604651163,CB,15,76,39,7,48,34,51,32,6,40,71,63,40,91,62,61,5,30,89,76,83,63,39,78,51,51,93,88,39,89,60,76,29,96,49,34,98,57,56,93,59,50,37,57,83,98,98,27,79,54,83,70,10,66,98,93,40,100,93,90,10,73,100,98,95,83,39,95,51,51,93,88,39,89,60,76,29,96,85,56,100,88,90,98,90,90,90,98,Eredivisie
PSV,24fvcruwqrqvqa3aonf8c3zuy,7jpreaads35pnnfqbn7hmrmy,S. Mijnans,Sven Mijnans,26,Midfielder,Netherlands,Midfielder,21.0,96.0,115.0,12.0,283.0,17.0,3.0,3.0,5.0,2.0,7.0,15.0,9.0,0.0,5.0,8.0,8.0,4.0,1.0,1.0,6.0,4.0,5.0,2.0,2.0,0.0,0.0,87.79,83.33,12.5,25.0,33.33,44.44,40.0,60.0,1.2924596832130115,0.5292118758575409,6.0,12.0,0.33811674,6.0,9.0,10.0,0.34297321,50.0,6.678445229681979,30.53003533568905,36.572438162544174,3.8162544169611294,5.406360424028269,0.9540636042402828,0.9540636042402828,1.5901060070671378,0.6360424028268551,2.2261484098939928,4.770318021201414,2.862190812720848,0.0,1.5901060070671378,2.5441696113074204,2.5441696113074204,1.2720848056537102,0.3180212014134275,0.3180212014134275,1.9081272084805647,1.2720848056537102,1.5901060070671378,0.6360424028268551,0.6360424028268551,0.0,0.0,87.79,83.33,12.5,25.0,33.33,44.44,40.0,60.0,0.4110295812338199,0.1683005965624688,1.9081272084805647,3.8162544169611294,0.1075282918727915,1.9081272084805647,2.862190812720848,3.180212014134276,0.1090727522968197,15.90106007067138,CM/AM,8,27,27,17,63,27,33,38,37,44,83,87,50,81,65,63,33,21,62,71,92,75,54,38,50,50,62,94,29,21,56,37,35,58,73,31,79,37,38,38,12,12,15,21,12,58,46,46,88,54,54,58,54,73,100,100,50,100,77,73,62,31,77,92,100,92,58,54,50,50,62,94,29,21,56,37,35,58,96,54,92,58,58,73,15,31,46,35,Eredivisie
PSV,24fvcruwqrqvqa3aonf8c3zuy,avv12sgcucblnbfb790xovf8,R. van Bommel,Ruben van Bommel,22,Attacker,Netherlands,Striker,68.0,128.0,192.0,28.0,449.0,39.0,4.0,5.0,5.0,10.0,9.0,14.0,11.0,0.0,2.0,15.0,16.0,5.0,4.0,2.0,3.0,2.0,6.0,4.0,5.0,0.0,0.0,82.4,100.0,40.0,33.33,42.86,43.08,50.0,55.56,1.3503986685435756,0.8673526670502338,5.0,28.0,0.87164431,10.0,6.0,9.0,0.7490605800000002,62.0,13.630289532293986,25.657015590200444,38.48552338530067,5.612472160356347,7.817371937639198,0.8017817371937639,1.0022271714922049,1.0022271714922049,2.0044543429844097,1.8040089086859687,2.8062360801781736,2.2048997772828507,0.0,0.4008908685968819,3.0066815144766146,3.207126948775056,1.0022271714922049,0.8017817371937639,0.4008908685968819,0.6013363028953229,0.4008908685968819,1.2026726057906458,0.8017817371937639,1.0022271714922049,0.0,0.0,82.4,100.0,40.0,33.33,42.86,43.08,50.0,55.56,0.2706812475922535,0.1738568820367952,1.0022271714922049,5.612472160356347,0.1747171222717149,2.0044543429844097,1.2026726057906458,1.8040089086859687,0.1501457732739421,12.42761692650334,LW,100,75,88,88,81,31,88,75,100,69,78,94,53,47,75,75,75,84,91,41,78,84,59,56,53,53,69,100,100,44,56,50,88,44,81,62,53,78,75,91,56,38,50,81,100,88,94,75,88,31,75,75,100,75,75,94,53,44,50,44,62,75,94,25,75,81,62,50,53,53,69,100,100,44,56,50,88,44,81,69,50,69,69,81,44,19,44,81,Eredivisie
PSV,24fvcruwqrqvqa3aonf8c3zuy,b0me6l44boibnwpbtasxoy02x,S. Dest,Sergiño Dest,25,Defender,USA,Defender,119.0,215.0,332.0,33.0,539.0,22.0,16.0,4.0,8.0,1.0,8.0,8.0,6.0,1.0,1.0,11.0,12.0,5.0,1.0,2.0,2.0,2.0,5.0,2.0,7.0,0.0,0.0,93.0,100.0,8.33,63.64,62.5,62.26,33.33,44.44,1.4442009406679368,0.6969886016865037,3.0,27.0,0.6681151699999996,11.0,28.0,27.0,1.1564119700000004,174.0,19.87012987012987,35.89981447124304,55.43599257884972,5.510204081632653,3.673469387755102,2.6716141001855287,0.6679035250463822,1.3358070500927643,0.1669758812615955,1.3358070500927643,1.3358070500927643,1.0018552875695732,0.1669758812615955,0.1669758812615955,1.836734693877551,2.0037105751391464,0.8348794063079777,0.1669758812615955,0.3339517625231911,0.3339517625231911,0.3339517625231911,0.8348794063079777,0.3339517625231911,1.1688311688311688,0.0,0.0,93.0,100.0,8.33,63.64,62.5,62.26,33.33,44.44,0.241146724786854,0.1163802859958911,0.5009276437847866,4.50834879406308,0.1115591192949906,1.836734693877551,4.675324675324675,4.50834879406308,0.1930929077922078,29.053803339517625,RB/RCB,84,95,95,82,84,100,21,68,13,82,89,95,97,50,95,95,11,18,92,71,100,100,58,95,53,53,100,100,32,89,79,84,32,11,100,79,95,84,84,84,89,79,84,95,74,89,89,63,84,100,16,53,11,74,84,95,95,47,95,95,5,16,89,74,100,100,58,89,53,53,100,100,32,89,79,84,32,11,100,68,95,89,89,79,84,79,74,89,Eredivisie
PSV,24fvcruwqrqvqa3aonf8c3zuy,c6ip6gwp8yvchd1n3dv42go9,Mauro Júnior,Mauro Jaqueson Júnior Ferreira dos Santos,27,Defender,Brazil,Defender,172.0,332.0,499.0,30.0,598.0,14.0,5.0,6.0,21.0,5.0,10.0,6.0,1.0,0.0,1.0,15.0,16.0,6.0,7.0,2.0,5.0,1.0,4.0,5.0,7.0,1.0,0.0,91.73,80.77,29.41,46.67,66.67,57.69,41.67,46.15,0.3652432264995738,1.022047681145965,3.0,47.0,1.1078023599999995,12.0,49.0,54.0,1.84984569,300.0,25.88628762541806,49.96655518394648,75.10033444816052,4.51505016722408,2.1070234113712374,0.7525083612040133,0.903010033444816,3.160535117056856,0.7525083612040133,1.5050167224080266,0.903010033444816,0.1505016722408026,0.0,0.1505016722408026,2.25752508361204,2.4080267558528425,0.903010033444816,1.0535117056856187,0.3010033444816053,0.7525083612040133,0.1505016722408026,0.6020066889632106,0.7525083612040133,1.0535117056856187,0.1505016722408026,0.0,91.73,80.77,29.41,46.67,66.67,57.69,41.67,46.15,0.0549697163628121,0.1538198851223024,0.451505016722408,7.073578595317725,0.1667261076923076,1.806020066889632,7.374581939799331,8.127090301003344,0.2784048697324414,45.1505016722408,LB/LCB,96,100,100,88,88,69,65,96,65,79,88,40,50,56,100,100,13,77,87,100,94,98,75,96,100,52,100,100,69,65,100,73,42,15,81,81,94,100,100,83,100,100,96,100,88,100,100,73,85,58,38,96,35,77,92,31,50,46,100,100,4,62,85,100,88,96,69,96,100,52,100,100,69,65,100,73,42,15,65,77,88,100,100,77,100,96,88,100,Eredivisie
PSV,24fvcruwqrqvqa3aonf8c3zuy,cgsmk5437f466uoqvol7devze,R. Flamingo,Ryan Flamingo,23,Defender,Netherlands,Defender,130.0,176.0,305.0,19.0,387.0,6.0,1.0,3.0,15.0,13.0,1.0,5.0,4.0,0.0,0.0,0.0,1.0,14.0,11.0,0.0,1.0,1.0,2.0,1.0,0.0,0.0,0.0,90.24,60.0,33.33,0.0,40.0,55.88,68.42,60.0,0.7436110720482273,0.1522199190485489,1.0,4.0,0.08393914,4.0,48.0,38.0,0.8846593399999996,201.0,30.232558139534884,40.93023255813954,70.93023255813954,4.418604651162791,1.3953488372093024,0.2325581395348837,0.6976744186046512,3.488372093023256,3.0232558139534884,0.2325581395348837,1.162790697674419,0.9302325581395348,0.0,0.0,0.0,0.2325581395348837,3.255813953488372,2.558139534883721,0.0,0.2325581395348837,0.2325581395348837,0.4651162790697674,0.2325581395348837,0.0,0.0,0.0,90.24,60.0,33.33,0.0,40.0,55.88,68.42,60.0,0.1729328074530761,0.0353999811740811,0.2325581395348837,0.9302325581395348,0.0195207302325581,0.9302325581395348,11.16279069767442,8.837209302325581,0.205734730232558,46.74418604651163,CB,28,88,61,38,67,17,39,51,63,40,89,79,40,26,13,38,21,79,39,76,83,91,87,23,51,51,63,91,79,23,78,44,84,49,98,59,79,39,37,70,95,88,95,66,46,93,88,51,79,15,44,70,78,46,93,90,40,26,13,49,22,90,39,85,88,93,90,23,51,51,63,91,79,23,78,44,84,49,98,71,88,49,44,85,95,93,100,88,Eredivisie
PSV,24fvcruwqrqvqa3aonf8c3zuy,dse071e8zbzm8l37m64g6e1p0,K. Sano,Kodai Sano,22,Midfielder,Japan,Midfielder,99.0,203.0,299.0,21.0,477.0,15.0,4.0,7.0,14.0,1.0,9.0,10.0,4.0,0.0,1.0,17.0,17.0,6.0,6.0,0.0,6.0,1.0,4.0,3.0,9.0,0.0,0.0,92.0,73.68,20.0,52.94,40.0,39.62,14.29,100.0,0.8520998278180697,0.9135185726936604,3.0,26.0,0.7083936599999998,9.0,29.0,25.0,1.06908671,154.0,18.67924528301887,38.301886792452834,56.41509433962264,3.962264150943396,2.830188679245284,0.7547169811320755,1.3207547169811322,2.6415094339622645,0.1886792452830188,1.69811320754717,1.8867924528301887,0.7547169811320755,0.0,0.1886792452830188,3.207547169811321,3.207547169811321,1.1320754716981132,1.1320754716981132,0.0,1.1320754716981132,0.1886792452830188,0.7547169811320755,0.5660377358490566,1.69811320754717,0.0,0.0,92.0,73.68,20.0,52.94,40.0,39.62,14.29,100.0,0.1607735524185037,0.1723619948478604,0.5660377358490566,4.90566037735849,0.1336591811320754,1.69811320754717,5.471698113207547,4.716981132075472,0.2017144735849056,29.056603773584907,CM/AM,92,85,92,56,54,48,87,85,19,60,62,48,50,19,88,85,54,75,25,71,54,63,63,83,50,50,96,81,50,58,65,19,12,98,50,65,42,75,73,60,83,69,81,92,88,81,88,54,46,42,81,88,19,42,54,38,50,15,88,88,46,77,25,73,50,62,54,81,50,50,96,81,50,58,65,19,12,98,58,58,38,65,77,65,85,69,65,85,Eredivisie
PSV,24fvcruwqrqvqa3aonf8c3zuy,emglxnqrlqskt8krglv7sziwa,R. Pepi,Ricardo Pepi,23,Attacker,USA,Striker,22.0,36.0,58.0,8.0,435.0,34.0,1.0,2.0,1.0,3.0,4.0,19.0,14.0,0.0,3.0,5.0,5.0,0.0,3.0,0.0,5.0,3.0,7.0,0.0,1.0,0.0,0.0,84.06,100.0,0.0,20.0,36.84,34.78,37.5,66.67,2.148236293239067,0.1955713302398363,4.0,0.0,0.0,1.0,0.0,0.0,0.0073401199999999,6.0,4.551724137931035,7.448275862068966,12.0,1.6551724137931036,7.03448275862069,0.2068965517241379,0.4137931034482759,0.2068965517241379,0.6206896551724138,0.8275862068965518,3.931034482758621,2.896551724137931,0.0,0.6206896551724138,1.0344827586206895,1.0344827586206895,0.0,0.6206896551724138,0.0,1.0344827586206895,0.6206896551724138,1.4482758620689655,0.0,0.2068965517241379,0.0,0.0,84.06,100.0,0.0,20.0,36.84,34.78,37.5,66.67,0.444462681359807,0.0404630338427247,0.8275862068965518,0.0,0.0,0.2068965517241379,0.0,0.0,0.0015186455172413,1.2413793103448276,ST,55,61,58,6,88,11,62,47,15,47,85,77,52,77,47,41,6,97,24,97,70,77,39,26,52,52,97,91,39,26,42,27,39,59,73,27,83,8,8,44,11,3,3,6,58,52,45,3,82,12,64,45,15,45,82,73,52,73,45,42,6,94,24,97,79,79,39,18,52,52,97,91,39,26,42,27,39,59,76,18,88,8,8,48,11,3,3,3,Eredivisie
PSV,24fvcruwqrqvqa3aonf8c3zuy,oi8kw43rorvqooiencbnhxck,N. Fernandez,Noah Fernandez,18,Midfielder,Belgium,Midfielder,59.0,138.0,195.0,20.0,281.0,9.0,3.0,5.0,6.0,2.0,4.0,8.0,7.0,0.0,4.0,11.0,12.0,2.0,3.0,0.0,1.0,1.0,3.0,2.0,6.0,0.0,0.0,91.55,50.0,40.0,54.55,37.5,54.05,66.67,55.56,0.8871023638727704,0.1599245288749816,4.0,22.0,0.50688062,15.0,25.0,26.0,0.8186580199999998,108.0,18.89679715302491,44.19928825622776,62.45551601423488,6.405693950177936,2.882562277580071,0.9608540925266904,1.601423487544484,1.9217081850533808,0.6405693950177936,1.2811387900355873,2.5622775800711746,2.2419928825622777,0.0,1.2811387900355873,3.5231316725978647,3.8434163701067616,0.6405693950177936,0.9608540925266904,0.0,0.3202846975088968,0.3202846975088968,0.9608540925266904,0.6405693950177936,1.9217081850533808,0.0,0.0,91.55,50.0,40.0,54.55,37.5,54.05,66.67,55.56,0.2841253122724175,0.0512213793549763,1.2811387900355873,7.0462633451957295,0.162346106049822,4.804270462633452,8.00711743772242,8.327402135231317,0.2622036362989323,34.59074733096085,CM/AM,52,63,54,50,42,27,50,50,37,13,48,71,50,71,73,73,13,54,25,12,54,48,54,73,50,50,88,29,77,65,62,77,96,48,58,12,62,62,58,96,77,73,65,73,92,96,96,100,50,58,92,77,58,35,69,96,50,88,92,92,19,65,25,19,73,69,62,92,50,50,88,29,77,65,62,77,96,48,81,15,73,96,92,96,88,92,88,88,Eredivisie
Cambuur,ears40cp6opsgvhsy0dgyszpd,1s1c0w7we8oouklrwshie0iz8,R. El Arguioui,Rafik El Arguioui,21,Midfielder,Morocco,Midfielder,36.0,62.0,87.0,41.0,630.0,26.0,7.0,6.0,7.0,14.0,13.0,21.0,14.0,0.0,7.0,19.0,20.0,16.0,0.0,0.0,7.0,4.0,7.0,11.0,13.0,0.0,0.0,74.36,50.0,28.95,68.42,33.33,51.9,63.64,85.71,2.164812043684736,1.271849722852842,10.0,13.0,0.29802508,5.0,5.0,11.0,0.7494327799999999,36.0,5.142857142857143,8.857142857142858,12.428571428571429,5.857142857142857,3.7142857142857135,1.0,0.8571428571428571,1.0,2.0,1.8571428571428568,3.0,2.0,0.0,1.0,2.7142857142857144,2.857142857142857,2.2857142857142856,0.0,0.0,1.0,0.5714285714285714,1.0,1.5714285714285714,1.8571428571428568,0.0,0.0,74.36,50.0,28.95,68.42,33.33,51.9,63.64,85.71,0.3092588633835337,0.181692817550406,1.4285714285714286,1.8571428571428568,0.0425750114285714,0.7142857142857143,0.7142857142857143,1.5714285714285714,0.1070618257142857,5.142857142857143,CM/AM,19,12,10,100,88,83,71,58,100,77,98,100,50,96,92,92,92,8,25,79,92,87,88,96,50,50,4,29,62,85,56,65,92,88,96,81,88,44,35,33,8,15,62,8,4,4,4,92,73,62,38,35,100,58,88,88,50,81,85,81,88,8,25,58,88,73,81,85,50,50,4,29,62,85,56,65,92,88,85,65,81,31,27,19,4,8,42,8,Eredivisie
Cambuur,ears40cp6opsgvhsy0dgyszpd,1y0a3f7erint69gz9anavkz6c,M. Costarelli,Morgan Costarelli,21,Defender,France,Defender,72.0,74.0,146.0,21.0,431.0,10.0,5.0,6.0,6.0,6.0,3.0,3.0,2.0,0.0,1.0,1.0,2.0,9.0,9.0,0.0,1.0,0.0,1.0,0.0,0.0,0.0,0.0,82.95,31.58,0.0,0.0,33.33,52.5,40.0,60.0,0.2383881625608661,0.2660323460979122,1.0,12.0,0.25163142,13.0,10.0,8.0,0.2972730899999999,62.0,15.034802784222736,15.452436194895592,30.48723897911833,4.385150812064965,2.0881670533642693,1.0440835266821349,1.2529002320185616,1.2529002320185616,1.2529002320185616,0.6264501160092808,0.6264501160092808,0.4176334106728538,0.0,0.2088167053364269,0.2088167053364269,0.4176334106728538,1.8793503480278424,1.8793503480278424,0.0,0.2088167053364269,0.0,0.2088167053364269,0.0,0.0,0.0,0.0,82.95,31.58,0.0,0.0,33.33,52.5,40.0,60.0,0.0497794306971646,0.055551998025086,0.2088167053364269,2.505800464037123,0.0525448440835266,2.71461716937355,2.0881670533642693,1.6705336426914157,0.0620755872389791,12.94663573085847,LB/LCB,50,46,46,58,69,69,65,31,85,40,56,65,50,56,21,31,19,92,33,58,44,75,12,15,50,52,50,12,12,15,83,42,38,58,54,42,56,67,62,92,31,19,31,46,38,50,42,65,81,81,62,31,73,42,69,65,50,62,12,31,23,85,33,65,44,85,12,15,50,52,50,12,12,15,83,42,38,58,58,42,65,65,65,88,27,15,27,46,Eredivisie
Cambuur,ears40cp6opsgvhsy0dgyszpd,2w1xj4ixw4hw1cgiz44ihk36c,I. Hamache,Ilyès Hamache,23,Attacker,France,Striker,23.0,89.0,110.0,25.0,475.0,23.0,6.0,4.0,2.0,2.0,6.0,10.0,7.0,0.0,4.0,25.0,25.0,1.0,4.0,1.0,3.0,3.0,6.0,2.0,10.0,0.0,0.0,79.14,66.67,28.57,40.0,60.0,48.08,25.0,57.14,1.0781580951112797,0.5308540382994663,6.0,28.0,0.7855280699999999,4.0,3.0,13.0,0.7513452199999999,42.0,4.3578947368421055,16.863157894736844,20.84210526315789,4.736842105263158,4.3578947368421055,1.136842105263158,0.7578947368421053,0.3789473684210526,0.3789473684210526,1.136842105263158,1.8947368421052635,1.3263157894736843,0.0,0.7578947368421053,4.736842105263158,4.736842105263158,0.1894736842105263,0.7578947368421053,0.1894736842105263,0.5684210526315789,0.5684210526315789,1.136842105263158,0.3789473684210526,1.8947368421052635,0.0,0.0,79.14,66.67,28.57,40.0,60.0,48.08,25.0,57.14,0.2042825864421372,0.1005828704146357,1.136842105263158,5.305263157894737,0.1488368974736842,0.7578947368421053,0.5684210526315789,2.463157894736842,0.1423601469473684,7.957894736842105,LW,34,56,56,81,56,47,72,31,53,53,59,69,53,75,94,94,19,84,62,41,94,84,41,94,53,53,44,91,84,56,91,75,56,50,56,44,62,78,69,28,19,59,56,62,6,50,44,62,50,38,56,25,50,50,44,56,53,75,88,88,12,69,56,19,88,75,38,75,53,53,44,91,84,56,91,75,56,50,62,38,56,62,62,25,12,44,31,50,Eredivisie
Cambuur,ears40cp6opsgvhsy0dgyszpd,3773pdw7tiryco80iuguo9ht6,N. Binder,Nicolas Binder,24,Attacker,Austria,Striker,8.0,13.0,21.0,21.0,226.0,12.0,8.0,3.0,1.0,10.0,2.0,5.0,5.0,0.0,0.0,2.0,2.0,4.0,1.0,2.0,0.0,1.0,2.0,0.0,0.0,0.0,0.0,55.26,50.0,0.0,0.0,40.0,47.73,47.62,75.0,1.1154575946527456,0.1117769804563786,0.0,1.0,0.03511326,0.0,0.0,1.0,0.1034406099999999,7.0,3.185840707964602,5.176991150442478,8.36283185840708,8.36283185840708,4.778761061946903,3.185840707964602,1.1946902654867255,0.3982300884955752,3.982300884955752,0.7964601769911505,1.991150442477876,1.991150442477876,0.0,0.0,0.7964601769911505,0.7964601769911505,1.592920353982301,0.3982300884955752,0.7964601769911505,0.0,0.3982300884955752,0.7964601769911505,0.0,0.0,0.0,0.0,55.26,50.0,0.0,0.0,40.0,47.73,47.62,75.0,0.4442087766316244,0.0445129568189118,0.0,0.3982300884955752,0.0139831566371681,0.0,0.0,0.3982300884955752,0.0411931632743362,2.7876106194690267,ST,9,6,9,58,12,77,83,47,62,15,14,20,52,8,18,17,61,64,88,8,30,21,39,8,52,52,6,58,39,8,53,67,73,68,45,12,9,18,21,15,11,12,36,9,24,9,15,94,52,97,100,61,88,39,39,55,52,8,33,30,91,85,97,8,42,33,39,8,52,52,6,58,39,8,53,67,73,68,73,24,9,21,33,15,11,18,55,21,Eredivisie
Cambuur,ears40cp6opsgvhsy0dgyszpd,3srqm69qud5sfy14rgveaeuxg,L. Jetten,Lucas Jetten,19,Defender,Netherlands,Defender,58.0,71.0,128.0,18.0,325.0,3.0,6.0,6.0,4.0,3.0,3.0,2.0,2.0,0.0,1.0,3.0,4.0,12.0,3.0,0.0,0.0,0.0,0.0,1.0,3.0,0.0,0.0,88.89,40.0,20.0,100.0,0.0,60.0,60.0,85.71,0.1610919158669715,0.2459561516272069,0.0,17.0,0.3347821099999999,5.0,14.0,8.0,0.2958278799999999,55.0,16.06153846153846,19.661538461538463,35.44615384615385,4.984615384615385,0.8307692307692307,1.6615384615384614,1.6615384615384614,1.1076923076923078,0.8307692307692307,0.8307692307692307,0.5538461538461539,0.5538461538461539,0.0,0.2769230769230769,0.8307692307692307,1.1076923076923078,3.323076923076923,0.8307692307692307,0.0,0.0,0.0,0.0,0.2769230769230769,0.8307692307692307,0.0,0.0,88.89,40.0,20.0,100.0,0.0,60.0,60.0,85.71,0.0446100690093151,0.0681109342967649,0.0,4.707692307692308,0.0927088919999999,1.3846153846153846,3.876923076923077,2.2153846153846155,0.0819215667692307,15.23076923076923,LB/LCB,27,42,38,44,33,81,65,19,31,40,37,65,50,56,50,60,42,23,33,21,44,31,33,71,50,52,85,35,38,94,31,92,79,88,38,35,21,73,73,58,44,19,27,35,54,69,62,88,33,88,81,19,46,46,58,81,50,69,60,69,62,42,33,21,44,31,33,85,50,52,85,35,38,94,31,92,79,88,50,46,21,85,77,65,67,27,31,58,Eredivisie
Cambuur,ears40cp6opsgvhsy0dgyszpd,4c65gdiaqot7196uavziw4gt0,I. Henstra,Iwan Henstra,19,Attacker,Netherlands,Striker,26.0,49.0,71.0,26.0,370.0,19.0,4.0,5.0,1.0,1.0,6.0,11.0,9.0,0.0,4.0,24.0,25.0,7.0,0.0,0.0,2.0,1.0,3.0,4.0,11.0,0.0,0.0,85.54,33.33,33.33,45.83,27.27,48.15,14.29,50.0,0.8714814470487631,0.7499741905942309,4.0,15.0,0.43277664,2.0,4.0,7.0,0.9708321399999998,26.0,6.324324324324325,11.91891891891892,17.27027027027027,6.324324324324325,4.621621621621622,0.972972972972973,1.2162162162162162,0.2432432432432432,0.2432432432432432,1.4594594594594597,2.675675675675676,2.189189189189189,0.0,0.972972972972973,5.837837837837839,6.081081081081082,1.7027027027027029,0.0,0.0,0.4864864864864865,0.2432432432432432,0.7297297297297298,0.972972972972973,2.675675675675676,0.0,0.0,85.54,33.33,33.33,45.83,27.27,48.15,14.29,50.0,0.2119819736064559,0.1824261544688669,0.972972972972973,3.648648648648649,0.1052699935135135,0.4864864864864865,0.972972972972973,1.7027027027027029,0.2361483583783783,6.324324324324325,RW,35,29,26,82,50,38,71,9,32,35,41,62,50,56,94,91,100,6,26,21,56,41,59,94,53,53,82,6,91,47,32,50,26,41,41,47,47,47,47,15,24,18,59,18,59,35,35,94,59,35,71,12,35,35,53,65,50,76,94,94,100,6,26,18,53,47,59,94,53,53,82,6,91,47,32,50,26,41,41,53,47,53,53,12,18,12,65,24,Eredivisie
Cambuur,ears40cp6opsgvhsy0dgyszpd,6kxcsg5ipbqdl97nfdoh335lg,I. Baouf,Ismaël Baouf,20,Defender,Morocco,Defender,191.0,119.0,309.0,26.0,582.0,6.0,4.0,6.0,10.0,14.0,0.0,2.0,2.0,0.0,1.0,3.0,3.0,29.0,17.0,0.0,0.0,0.0,1.0,1.0,2.0,0.0,0.0,91.15,41.67,100.0,66.67,50.0,60.47,63.64,85.71,0.1823412889388491,0.0,0.0,15.0,0.2909285,5.0,24.0,27.0,0.55281969,142.0,29.5360824742268,18.4020618556701,47.78350515463917,4.020618556701031,0.9278350515463918,0.6185567010309279,0.9278350515463918,1.5463917525773196,2.164948453608248,0.0,0.3092783505154639,0.3092783505154639,0.0,0.1546391752577319,0.4639175257731959,0.4639175257731959,4.484536082474227,2.628865979381444,0.0,0.0,0.0,0.1546391752577319,0.1546391752577319,0.3092783505154639,0.0,0.0,91.15,41.67,100.0,66.67,50.0,60.47,63.64,85.71,0.0281971065369354,0.0,0.0,2.319587628865979,0.044988943298969,0.7731958762886598,3.711340206185567,4.175257731958763,0.085487580927835,21.95876288659794,CB,72,60,66,59,67,62,70,32,70,12,40,49,40,67,80,78,61,98,39,29,35,63,87,78,51,51,73,32,94,66,85,66,72,87,37,12,33,89,85,79,49,59,61,39,41,51,46,39,59,49,59,24,54,12,37,46,40,61,68,66,44,93,39,29,35,61,88,73,51,51,73,32,94,66,85,66,72,87,32,12,33,83,78,73,41,54,46,24,Eredivisie
Cambuur,ears40cp6opsgvhsy0dgyszpd,90vny1388bdhx8103lp9njac4,J. Amofa,Jamal Amofa,27,Defender,Netherlands,Defender,146.0,127.0,273.0,31.0,460.0,0.0,8.0,11.0,19.0,4.0,5.0,1.0,0.0,0.0,0.0,9.0,9.0,11.0,6.0,1.0,1.0,0.0,0.0,0.0,7.0,0.0,0.0,88.35,57.58,0.0,77.78,0.0,55.36,44.44,84.62,0.0313329140961945,0.3549486667159733,1.0,13.0,0.28594073,3.0,43.0,39.0,0.7324869799999998,172.0,28.56521739130435,24.847826086956523,53.41304347826088,6.065217391304349,0.0,1.565217391304348,2.1521739130434785,3.717391304347826,0.782608695652174,0.9782608695652176,0.1956521739130435,0.0,0.0,0.0,1.7608695652173914,1.7608695652173914,2.1521739130434785,1.173913043478261,0.1956521739130435,0.1956521739130435,0.0,0.0,0.0,1.3695652173913044,0.0,0.0,88.35,57.58,0.0,77.78,0.0,55.36,44.44,84.62,0.006130352757951,0.0694464782705165,0.1956521739130435,2.5434782608695654,0.0559449254347826,0.5869565217391305,8.413043478260871,7.630434782608696,0.1433126699999999,33.652173913043484,CB,34,66,46,77,5,98,96,76,13,93,21,10,40,26,100,100,15,48,89,76,35,22,39,100,51,51,51,80,39,73,22,37,17,82,7,93,79,83,83,60,91,90,80,51,39,73,61,88,5,95,95,76,15,95,17,10,40,26,100,100,5,49,90,80,35,22,39,100,51,51,51,80,39,73,22,37,17,82,7,95,83,90,88,63,88,85,83,66,Eredivisie
Cambuur,ears40cp6opsgvhsy0dgyszpd,bkrotd35rfl1ha1fr606cgep6,D. Bouah,Devid Eugene Bouah,25,Midfielder,Italy,Midfielder,26.0,41.0,66.0,25.0,270.0,9.0,5.0,2.0,3.0,12.0,1.0,4.0,4.0,0.0,0.0,3.0,3.0,14.0,2.0,0.0,0.0,0.0,0.0,1.0,2.0,0.0,0.0,78.57,30.0,20.0,66.67,0.0,67.57,0.0,33.33,0.6051213214564553,0.0440438995983809,0.0,3.0,0.0530493499999999,1.0,7.0,8.0,0.17521638,34.0,8.666666666666666,13.666666666666666,22.0,8.333333333333334,3.0,1.6666666666666667,0.6666666666666666,1.0,4.0,0.3333333333333333,1.3333333333333333,1.3333333333333333,0.0,0.0,1.0,1.0,4.666666666666667,0.6666666666666666,0.0,0.0,0.0,0.0,0.3333333333333333,0.6666666666666666,0.0,0.0,78.57,30.0,20.0,66.67,0.0,67.57,0.0,33.33,0.2017071071521517,0.0146812998661269,0.0,1.0,0.0176831166666666,0.3333333333333333,2.333333333333333,2.6666666666666665,0.05840546,11.333333333333334,RM/RCM,33,33,33,72,39,56,28,39,100,11,28,50,56,11,11,11,89,50,28,17,22,22,22,28,56,56,44,22,61,78,22,100,22,11,44,11,17,17,11,11,33,33,22,33,78,33,33,100,56,78,56,56,100,11,44,67,56,11,22,22,100,89,28,17,22,22,56,44,56,56,44,22,61,78,22,100,22,11,56,11,17,22,11,11,56,56,22,67,Eredivisie
Cambuur,ears40cp6opsgvhsy0dgyszpd,d2g3nqaeldjxd1um0o4k3unmc,S. Bouhoudane,Sami Bouhoudane,18,Attacker,Netherlands,Striker,16.0,29.0,45.0,17.0,367.0,17.0,2.0,1.0,0.0,11.0,4.0,8.0,7.0,0.0,1.0,2.0,2.0,1.0,0.0,1.0,1.0,0.0,2.0,0.0,0.0,0.0,0.0,60.0,0.0,0.0,0.0,25.0,38.64,40.74,25.0,0.9342482677353784,0.2390582774158073,1.0,0.0,0.0,0.0,4.0,2.0,0.0561054399999998,18.0,3.923705722070845,7.111716621253406,11.035422343324251,4.168937329700273,4.168937329700273,0.4904632152588556,0.2452316076294278,0.0,2.697547683923706,0.9809264305177112,1.9618528610354224,1.7166212534059946,0.0,0.2452316076294278,0.4904632152588556,0.4904632152588556,0.2452316076294278,0.0,0.2452316076294278,0.2452316076294278,0.0,0.4904632152588556,0.0,0.0,0.0,0.0,60.0,0.0,0.0,0.0,25.0,38.64,40.74,25.0,0.2291072046217549,0.0586246456878001,0.2452316076294278,0.0,0.0,0.0,0.9809264305177112,0.4904632152588556,0.0137588272479563,4.4141689373297,ST,38,30,39,45,33,24,33,18,67,47,35,38,52,24,18,17,20,24,62,26,9,21,39,8,52,52,15,18,39,8,21,39,52,23,36,42,26,8,8,15,67,27,12,55,39,42,33,48,39,24,30,18,64,58,36,42,52,21,18,18,21,24,67,33,9,18,39,8,52,52,15,18,39,8,21,39,52,23,36,39,30,8,8,15,76,24,12,58,Eredivisie
Cambuur,ears40cp6opsgvhsy0dgyszpd,e3kmzh9jtwcnhg3wrrbn47578,F. Kvam,Fabian Kvam,20,Attacker,Norway,Striker,18.0,36.0,53.0,15.0,300.0,13.0,6.0,4.0,3.0,0.0,2.0,5.0,2.0,0.0,0.0,10.0,11.0,1.0,6.0,0.0,3.0,1.0,3.0,1.0,4.0,0.0,0.0,75.71,60.0,10.0,40.0,60.0,41.67,0.0,80.0,0.3914873136124133,0.2136808260576558,2.0,6.0,0.16774042,2.0,5.0,8.0,0.4654663699999999,19.0,5.4,10.8,15.9,4.5,3.9,1.7999999999999998,1.2,0.8999999999999999,0.0,0.6,1.5,0.6,0.0,0.0,3.0,3.3,0.3,1.7999999999999998,0.0,0.8999999999999999,0.3,0.8999999999999999,0.3,1.2,0.0,0.0,75.71,60.0,10.0,40.0,60.0,41.67,0.0,80.0,0.1174461940837239,0.0641042478172967,0.6,1.7999999999999998,0.0503221259999999,0.6,1.5,2.4,0.1396399109999999,5.7,LW,12,12,12,25,25,47,72,53,16,19,16,19,53,6,31,34,19,100,25,41,47,41,28,41,53,53,19,75,25,56,91,31,16,91,6,19,28,19,12,16,44,28,19,16,44,12,19,50,44,69,88,69,16,19,25,25,53,6,44,56,25,100,25,62,56,50,25,56,53,53,19,75,25,56,91,31,16,91,25,19,38,19,12,19,50,31,25,19,Eredivisie
Cambuur,ears40cp6opsgvhsy0dgyszpd,em7ie3i4w6bt476naq80umcd0,S. Vink,Skye Vink,20,Attacker,Netherlands,Striker,25.0,18.0,43.0,14.0,238.0,8.0,2.0,2.0,2.0,6.0,2.0,3.0,1.0,0.0,2.0,4.0,4.0,2.0,1.0,0.0,2.0,0.0,0.0,0.0,4.0,0.0,0.0,74.14,66.67,0.0,100.0,0.0,53.85,50.0,100.0,0.2046965781731011,0.1916984018548124,1.0,3.0,0.1074786099999999,4.0,0.0,2.0,0.17749987,9.0,9.453781512605042,6.80672268907563,16.26050420168067,5.294117647058823,3.0252100840336134,0.7563025210084033,0.7563025210084033,0.7563025210084033,2.26890756302521,0.7563025210084033,1.134453781512605,0.3781512605042016,0.0,0.7563025210084033,1.512605042016807,1.512605042016807,0.7563025210084033,0.3781512605042016,0.0,0.7563025210084033,0.0,0.0,0.0,1.512605042016807,0.0,0.0,74.14,66.67,0.0,100.0,0.0,53.85,50.0,100.0,0.077406269057055,0.0724909922980383,0.3781512605042016,1.134453781512605,0.0406431718487394,1.512605042016807,0.0,0.7563025210084033,0.0671217995798319,3.403361344537815,ST,61,12,32,29,3,24,62,71,39,15,5,3,52,53,33,32,33,64,24,55,9,6,39,77,52,52,67,73,39,95,6,91,77,86,3,24,26,47,48,91,11,27,52,18,97,33,85,70,12,36,91,91,52,27,12,3,52,79,67,64,48,79,24,82,9,6,39,94,52,52,67,73,39,95,6,91,77,86,9,58,45,73,64,97,11,45,73,36,Eredivisie
Cambuur,ears40cp6opsgvhsy0dgyszpd,epkss1rj7z6duqd3axbcm8l0q,N. Souren,Nicky Souren,26,Midfielder,Curaçao,Midfielder,79.0,126.0,204.0,23.0,630.0,3.0,7.0,5.0,14.0,4.0,8.0,3.0,1.0,0.0,0.0,2.0,2.0,17.0,8.0,1.0,2.0,0.0,2.0,1.0,2.0,0.0,0.0,85.0,77.78,50.0,100.0,66.67,58.97,44.44,50.0,0.2262987214256372,0.7169031157766839,2.0,15.0,0.3156457099999999,6.0,18.0,24.0,0.6921830099999999,111.0,11.285714285714286,18.0,29.142857142857142,3.2857142857142856,0.4285714285714285,1.0,0.7142857142857143,2.0,0.5714285714285714,1.1428571428571428,0.4285714285714285,0.1428571428571428,0.0,0.0,0.2857142857142857,0.2857142857142857,2.4285714285714284,1.1428571428571428,0.1428571428571428,0.2857142857142857,0.0,0.2857142857142857,0.1428571428571428,0.2857142857142857,0.0,0.0,85.0,77.78,50.0,100.0,66.67,58.97,44.44,50.0,0.032328388775091,0.1024147308252405,0.2857142857142857,2.142857142857143,0.0450922442857142,0.8571428571428571,2.571428571428572,3.4285714285714284,0.0988832871428571,15.857142857142858,DM/CM,39,57,50,59,30,91,66,80,46,84,34,30,48,18,16,16,82,71,82,48,36,62,48,41,52,52,54,96,77,95,86,68,41,38,32,86,68,77,68,70,50,59,64,61,21,39,32,25,18,64,32,68,32,61,25,21,48,18,9,9,57,64,70,25,36,57,36,32,52,52,54,96,77,95,86,68,41,38,18,71,48,64,46,55,25,39,50,39,Eredivisie
Cambuur,ears40cp6opsgvhsy0dgyszpd,nw48ayorxrpxwcxbdhxy44k4,B. van Duijl,Billy van Duijl,20,Defender,Netherlands,Defender,114.0,59.0,172.0,18.0,360.0,2.0,3.0,11.0,17.0,2.0,7.0,1.0,1.0,1.0,0.0,0.0,0.0,14.0,5.0,1.0,0.0,0.0,0.0,1.0,0.0,0.0,0.0,81.9,39.53,100.0,0.0,0.0,54.55,25.0,84.62,0.0851719307522068,0.5914566912668864,0.0,9.0,0.21500521,1.0,24.0,20.0,0.63912117,98.0,28.5,14.75,43.0,4.5,0.5,0.75,2.75,4.25,0.5,1.75,0.25,0.25,0.25,0.0,0.0,0.0,3.5,1.25,0.25,0.0,0.0,0.0,0.25,0.0,0.0,0.0,81.9,39.53,100.0,0.0,0.0,54.55,25.0,84.62,0.0212929826880517,0.1478641728167216,0.0,2.25,0.0537513025,0.25,6.0,5.0,0.1597802925,24.5,CB,22,24,12,33,29,48,96,66,6,99,21,28,89,26,13,12,21,30,89,29,35,22,87,23,51,51,15,24,94,23,22,34,5,82,17,100,33,66,66,32,49,43,73,17,37,41,39,56,34,63,100,90,5,100,22,27,98,26,13,12,29,54,95,29,35,22,93,23,51,51,15,24,94,23,22,34,5,82,24,100,33,80,83,37,78,70,85,39,Eredivisie
Heerenveen,4vd2t5schmvvufrfib7f2vjdf,412l28fqhx21ivpcxzn1kpilm,V. Zagaritis,Vasilios Zagaritis,25,Defender,Greece,Defender,111.0,133.0,236.0,28.0,630.0,16.0,4.0,1.0,6.0,12.0,8.0,4.0,4.0,0.0,2.0,13.0,14.0,21.0,3.0,0.0,0.0,0.0,2.0,8.0,9.0,0.0,0.0,88.06,46.15,29.63,69.23,50.0,54.9,60.0,33.33,0.4167410648354039,0.6930166318327562,1.0,23.0,0.55778869,11.0,23.0,23.0,1.28168161,109.0,15.857142857142858,19.0,33.714285714285715,4.0,2.2857142857142856,0.5714285714285714,0.1428571428571428,0.8571428571428571,1.7142857142857142,1.1428571428571428,0.5714285714285714,0.5714285714285714,0.0,0.2857142857142857,1.8571428571428568,2.0,3.0,0.4285714285714285,0.0,0.0,0.0,0.2857142857142857,1.1428571428571428,1.2857142857142858,0.0,0.0,88.06,46.15,29.63,69.23,50.0,54.9,60.0,33.33,0.0595344378336291,0.099002375976108,0.1428571428571428,3.2857142857142856,0.0796840985714285,1.5714285714285714,3.2857142857142856,3.2857142857142856,0.1830973728571428,15.571428571428571,LB/LCB,79,77,79,85,96,56,6,31,96,71,75,87,50,83,92,94,81,23,33,21,44,92,92,100,50,52,81,73,73,85,94,54,79,8,85,69,56,85,85,71,71,65,81,73,46,65,58,46,88,38,4,12,96,58,62,85,50,75,88,88,48,17,33,21,44,92,85,100,50,52,81,73,73,85,94,54,79,8,81,54,42,69,69,69,58,50,73,62,Eredivisie
Heerenveen,4vd2t5schmvvufrfib7f2vjdf,4ueed4kbdae5xugt9ajz6dw5w,N. Courtens,Nolhan Courtens,19,Midfielder,Belgium,Midfielder,60.0,68.0,128.0,18.0,367.0,9.0,5.0,3.0,6.0,2.0,6.0,7.0,3.0,0.0,1.0,6.0,6.0,1.0,2.0,0.0,4.0,2.0,3.0,0.0,3.0,0.0,0.0,87.07,75.0,0.0,50.0,42.86,52.94,40.0,37.5,0.7157684354781264,0.3917779841782943,3.0,8.0,0.25526476,2.0,13.0,6.0,0.15280446,59.0,14.713896457765667,16.675749318801092,31.38964577656676,4.4141689373297,2.20708446866485,1.226158038147139,0.7356948228882835,1.471389645776567,0.4904632152588556,1.471389645776567,1.7166212534059946,0.7356948228882835,0.0,0.2452316076294278,1.471389645776567,1.471389645776567,0.2452316076294278,0.4904632152588556,0.0,0.9809264305177112,0.4904632152588556,0.7356948228882835,0.0,0.7356948228882835,0.0,0.0,87.07,75.0,0.0,50.0,42.86,52.94,40.0,37.5,0.1755290441227013,0.0960763448938596,0.7356948228882835,1.9618528610354224,0.06259898746594,0.4904632152588556,3.188010899182561,1.471389645776567,0.0374724833787466,14.46866485013624,DM/CM,21,25,21,43,75,55,27,32,21,68,77,79,48,50,62,59,4,20,34,82,91,79,18,57,52,52,61,93,18,39,62,43,25,14,82,54,86,46,43,25,29,7,14,20,43,32,36,57,93,82,36,46,25,89,93,82,48,50,75,71,4,29,34,96,96,93,18,64,52,52,61,93,18,39,62,43,25,14,93,61,86,57,75,29,43,14,11,32,Eredivisie
Heerenveen,4vd2t5schmvvufrfib7f2vjdf,5oghztk07za2yuqq4jnav22y2,M. Rivera,Maxence Rivera,24,Midfielder,France,Midfielder,25.0,76.0,101.0,13.0,402.0,30.0,6.0,0.0,5.0,1.0,2.0,22.0,11.0,0.0,7.0,18.0,19.0,4.0,2.0,1.0,11.0,2.0,10.0,0.0,4.0,0.0,0.0,80.8,55.56,0.0,22.22,45.45,32.5,20.0,0.0,1.6074560107574385,0.1364475375112357,11.0,26.0,0.68739455,7.0,8.0,15.0,0.29681342,32.0,5.597014925373134,17.01492537313433,22.611940298507463,2.9104477611940296,6.716417910447761,1.343283582089552,0.0,1.1194029850746268,0.2238805970149253,0.4477611940298507,4.925373134328358,2.462686567164179,0.0,1.5671641791044777,4.029850746268656,4.253731343283582,0.8955223880597015,0.4477611940298507,0.2238805970149253,2.462686567164179,0.4477611940298507,2.238805970149253,0.0,0.8955223880597015,0.0,0.0,80.8,55.56,0.0,22.22,45.45,32.5,20.0,0.0,0.3598782113636056,0.0305479561592318,2.462686567164179,5.820895522388059,0.1538943022388059,1.5671641791044777,1.791044776119403,3.3582089552238803,0.0664507656716417,7.164179104477612,LM/LCM,67,50,50,17,50,67,25,50,50,25,83,75,58,92,83,83,92,67,67,100,83,83,25,33,58,58,17,33,25,17,83,17,50,25,67,17,83,50,50,50,50,42,33,33,33,33,33,33,67,50,25,50,50,17,67,67,58,83,50,50,67,67,67,100,83,100,25,33,58,58,17,33,25,17,83,17,50,25,67,17,83,50,50,33,33,33,33,33,Eredivisie
Heerenveen,4vd2t5schmvvufrfib7f2vjdf,8jm8a7w3a5b5nzikcom7cvf2s,M. Willemsen,Maas Willemsen,23,Defender,Netherlands,Defender,303.0,215.0,518.0,22.0,630.0,5.0,5.0,6.0,32.0,5.0,3.0,5.0,3.0,1.0,3.0,3.0,3.0,22.0,6.0,0.0,2.0,0.0,1.0,0.0,2.0,0.0,0.0,91.52,58.18,0.0,66.67,20.0,51.16,31.25,60.0,0.4598509429435149,0.1292702057492342,1.0,15.0,0.30606015,6.0,70.0,65.0,1.1257776999999998,317.0,43.285714285714285,30.714285714285715,74.0,3.142857142857143,0.7142857142857143,0.7142857142857143,0.8571428571428571,4.571428571428571,0.7142857142857143,0.4285714285714285,0.7142857142857143,0.4285714285714285,0.1428571428571428,0.4285714285714285,0.4285714285714285,0.4285714285714285,3.142857142857143,0.8571428571428571,0.0,0.2857142857142857,0.0,0.1428571428571428,0.0,0.2857142857142857,0.0,0.0,91.52,58.18,0.0,66.67,20.0,51.16,31.25,60.0,0.0656929918490735,0.0184671722498906,0.1428571428571428,2.142857142857143,0.0437228785714285,0.8571428571428571,10.0,9.285714285714286,0.1608253857142856,45.285714285714285,CB,100,95,98,49,57,73,70,98,20,79,89,63,89,100,80,78,35,48,39,98,35,63,39,78,51,51,78,85,39,66,49,22,10,49,73,54,79,89,88,88,98,100,98,95,98,85,90,15,46,57,56,95,12,73,73,59,82,98,62,61,15,24,39,90,35,50,39,63,51,51,78,85,39,66,49,22,10,49,59,46,70,76,73,82,93,100,88,85,Eredivisie
Heerenveen,4vd2t5schmvvufrfib7f2vjdf,9najgqcaamqj0qtiicuq9hey,R. Meerveld,Ringo Meerveld,23,Midfielder,Netherlands,Midfielder,45.0,100.0,144.0,19.0,467.0,17.0,6.0,2.0,6.0,0.0,9.0,7.0,2.0,0.0,1.0,14.0,15.0,4.0,1.0,0.0,5.0,1.0,2.0,1.0,10.0,0.0,0.0,85.21,85.71,100.0,71.43,28.57,54.29,0.0,66.67,0.5321114483978104,0.7288658501633183,5.0,27.0,0.7432833399999996,10.0,22.0,21.0,0.6802514099999998,83.0,8.672376873661669,19.271948608137045,27.751605995717345,3.661670235546038,3.276231263383297,1.1563169164882223,0.3854389721627408,1.1563169164882223,0.0,1.734475374732334,1.3490364025695931,0.3854389721627408,0.0,0.1927194860813704,2.6980728051391862,2.890792291220557,0.7708779443254817,0.1927194860813704,0.0,0.9635974304068522,0.1927194860813704,0.3854389721627408,0.1927194860813704,1.9271948608137044,0.0,0.0,85.21,85.71,100.0,71.43,28.57,54.29,0.0,66.67,0.1025482448732397,0.1404666520657358,0.9635974304068522,5.203426124197002,0.1432451832976444,1.9271948608137044,4.23982869379015,4.047109207708779,0.1310977021413275,15.995717344753746,CM/AM,31,35,31,46,63,71,23,50,6,60,35,23,50,19,81,81,33,21,25,62,54,35,37,90,50,50,46,100,98,92,40,81,6,73,31,58,71,81,81,69,60,62,58,38,23,27,23,38,62,77,19,42,6,46,31,23,50,19,81,85,23,15,25,54,54,31,31,96,50,50,46,100,98,92,40,81,6,73,23,46,65,81,88,77,62,62,54,38,Eredivisie
Heerenveen,4vd2t5schmvvufrfib7f2vjdf,a76yp8gkkg6frtuhh3d6l46i,D. Proper,Dirk Proper,24,Midfielder,Netherlands,Midfielder,93.0,107.0,198.0,15.0,410.0,4.0,3.0,5.0,3.0,3.0,3.0,3.0,0.0,0.0,1.0,3.0,3.0,13.0,4.0,1.0,3.0,0.0,1.0,2.0,3.0,0.0,0.0,87.61,27.27,66.67,100.0,33.33,48.39,50.0,83.33,0.2056102230954174,0.3030883993979029,0.0,6.0,0.21302531,4.0,13.0,16.0,0.66546786,88.0,20.414634146341463,23.48780487804878,43.463414634146346,3.292682926829269,0.8780487804878049,0.6585365853658537,1.0975609756097562,0.6585365853658537,0.6585365853658537,0.6585365853658537,0.6585365853658537,0.0,0.0,0.2195121951219512,0.6585365853658537,0.6585365853658537,2.853658536585366,0.8780487804878049,0.2195121951219512,0.6585365853658537,0.0,0.2195121951219512,0.4390243902439024,0.6585365853658537,0.0,0.0,87.61,27.27,66.67,100.0,33.33,48.39,50.0,83.33,0.0451339514111891,0.0665315998678323,0.0,1.3170731707317074,0.0467616534146341,0.8780487804878049,2.853658536585366,3.5121951219512195,0.1460783107317073,19.317073170731707,DM/CM,54,43,46,21,45,23,66,9,32,34,34,11,48,50,36,36,70,48,82,70,36,45,73,57,52,52,64,7,89,95,46,32,59,88,21,39,7,36,36,50,29,41,57,46,79,64,64,29,39,25,79,11,46,25,36,11,48,46,36,36,71,46,96,71,36,50,79,54,52,52,64,7,89,95,46,32,59,88,36,43,7,32,54,64,36,43,71,54,Eredivisie
Heerenveen,4vd2t5schmvvufrfib7f2vjdf,aqnr6l3f02hx0soadunxbjcpg,J. Trenskow,Jacob Trenskow,25,Attacker,Denmark,Striker,43.0,144.0,177.0,19.0,598.0,50.0,4.0,1.0,7.0,1.0,18.0,19.0,13.0,0.0,8.0,15.0,15.0,3.0,9.0,1.0,6.0,3.0,8.0,10.0,8.0,0.0,0.0,84.69,58.33,33.33,53.33,42.11,40.43,14.29,16.67,1.5394647068646157,1.8585324340418603,9.0,44.0,1.7212011599999997,20.0,10.0,26.0,0.9941454400000002,60.0,6.471571906354515,21.672240802675585,26.63879598662207,2.8595317725752505,7.525083612040134,0.6020066889632106,0.1505016722408026,1.0535117056856187,0.1505016722408026,2.709030100334448,2.8595317725752505,1.9565217391304344,0.0,1.2040133779264213,2.25752508361204,2.25752508361204,0.451505016722408,1.354515050167224,0.1505016722408026,0.903010033444816,0.451505016722408,1.2040133779264213,1.5050167224080266,1.2040133779264213,0.0,0.0,84.69,58.33,33.33,53.33,42.11,40.43,14.29,16.67,0.2316920127388217,0.2797122392370693,1.354515050167224,6.622073578595318,0.2590436528428093,3.0100334448160533,1.5050167224080266,3.913043478260869,0.1496205511705685,9.03010033444816,RW,88,82,82,50,94,38,21,65,32,94,97,91,50,100,76,68,62,100,68,85,91,97,88,71,53,53,71,47,91,65,85,18,26,18,88,94,91,94,100,97,71,97,65,76,65,65,65,6,88,18,18,35,24,82,65,59,50,94,41,41,35,94,53,65,82,76,71,59,53,53,71,47,91,65,85,18,26,18,47,82,71,82,94,94,47,71,53,41,Eredivisie
Heerenveen,4vd2t5schmvvufrfib7f2vjdf,ar7llmzju08n8yrqu8xm1thck,O. Braude,Oliver Braude,22,Defender,Norway,Defender,115.0,148.0,261.0,33.0,512.0,23.0,4.0,7.0,21.0,14.0,10.0,6.0,5.0,1.0,3.0,4.0,4.0,21.0,4.0,0.0,1.0,1.0,1.0,2.0,1.0,0.0,0.0,78.85,42.0,20.0,25.0,16.67,55.93,77.78,50.0,0.6143489518111771,0.8297979811561901,1.0,13.0,0.36007189,6.0,34.0,48.0,1.266034550000001,137.0,20.21484375,26.015625,45.87890625,5.80078125,4.04296875,0.703125,1.23046875,3.69140625,2.4609375,1.7578125,1.0546875,0.87890625,0.17578125,0.52734375,0.703125,0.703125,3.69140625,0.703125,0.0,0.17578125,0.17578125,0.17578125,0.3515625,0.17578125,0.0,0.0,78.85,42.0,20.0,25.0,16.67,55.93,77.78,50.0,0.1079910266855584,0.1458629263751115,0.17578125,2.28515625,0.0632938869140625,1.0546875,5.9765625,8.4375,0.2225451357421876,24.08203125,RB/RCB,74,79,84,82,89,47,47,92,97,92,84,89,97,95,61,61,68,55,32,47,92,58,58,53,53,53,37,68,50,47,42,42,100,21,89,84,68,74,74,63,95,95,89,89,79,74,79,84,89,42,37,95,100,89,79,89,100,95,58,58,58,53,32,53,95,58,63,58,53,53,37,68,50,47,42,42,100,21,79,79,68,74,74,68,95,95,89,79,Eredivisie
Heerenveen,4vd2t5schmvvufrfib7f2vjdf,c9shc6t28oroqthopifjvg9ux,D. Vente,Dylan Vente,27,Attacker,Suriname,Striker,30.0,67.0,96.0,28.0,598.0,26.0,6.0,0.0,0.0,22.0,10.0,17.0,13.0,0.0,2.0,2.0,2.0,13.0,1.0,2.0,4.0,0.0,6.0,1.0,0.0,0.0,0.0,76.8,0.0,33.33,0.0,35.29,47.46,56.41,0.0,1.8850435801401173,0.7144831653725157,0.0,4.0,0.16814911,1.0,6.0,6.0,0.35082013,29.0,4.51505016722408,10.08361204013378,14.448160535117056,4.214046822742475,3.913043478260869,0.903010033444816,0.0,0.0,3.311036789297659,1.5050167224080266,2.5585284280936453,1.9565217391304344,0.0,0.3010033444816053,0.3010033444816053,0.3010033444816053,1.9565217391304344,0.1505016722408026,0.3010033444816053,0.6020066889632106,0.0,0.903010033444816,0.1505016722408026,0.0,0.0,0.0,76.8,0.0,33.33,0.0,35.29,47.46,56.41,0.0,0.2837022110578772,0.1075309111764655,0.0,0.6020066889632106,0.0253067222408026,0.1505016722408026,0.903010033444816,0.903010033444816,0.0527990162207357,4.364548494983278,ST,73,88,85,73,65,65,11,18,88,82,77,73,52,53,18,17,100,64,88,94,9,71,85,8,52,52,79,18,92,8,39,64,85,11,70,82,9,67,70,44,85,74,79,79,55,76,67,52,27,45,11,18,79,79,61,52,52,33,9,6,94,52,76,73,9,39,82,8,52,52,79,18,92,8,39,64,85,11,55,73,9,45,52,33,73,61,67,55,Eredivisie
Heerenveen,4vd2t5schmvvufrfib7f2vjdf,e5hzt8nmhu2ktn69dsv67ga38,M. Linday,Marcus Linday,23,Midfielder,Sweden,Midfielder,105.0,137.0,241.0,11.0,350.0,2.0,2.0,1.0,4.0,2.0,5.0,1.0,1.0,0.0,0.0,9.0,9.0,12.0,8.0,0.0,0.0,0.0,1.0,1.0,5.0,0.0,0.0,90.6,50.0,50.0,55.56,100.0,40.74,40.0,50.0,0.0983064422327907,0.528470480347372,0.0,20.0,0.40308297,5.0,18.0,15.0,0.74272038,115.0,27.0,35.22857142857143,61.971428571428575,2.8285714285714287,0.5142857142857143,0.5142857142857143,0.2571428571428572,1.0285714285714287,0.5142857142857143,1.2857142857142858,0.2571428571428572,0.2571428571428572,0.0,0.0,2.3142857142857145,2.3142857142857145,3.085714285714286,2.0571428571428574,0.0,0.0,0.0,0.2571428571428572,0.2571428571428572,1.2857142857142858,0.0,0.0,90.6,50.0,50.0,55.56,100.0,40.74,40.0,50.0,0.025278799431289,0.1358924092321813,0.0,5.142857142857143,0.1036499065714285,1.2857142857142858,4.628571428571429,3.857142857142857,0.1909852405714285,29.571428571428573,DM/CM,66,75,73,7,14,9,5,18,21,54,9,30,48,18,84,82,55,71,34,5,36,45,48,82,52,52,96,50,77,55,96,11,25,38,14,68,7,91,86,59,50,36,79,66,93,100,100,14,25,11,4,25,29,77,7,36,48,18,96,96,75,93,34,5,36,54,54,93,52,52,96,50,77,55,96,11,25,38,14,96,7,100,96,82,64,50,86,86,Eredivisie
Heerenveen,4vd2t5schmvvufrfib7f2vjdf,idvh0ac1f8wv39640pyl4esp,S. Kersten,Sam Kersten,28,Defender,Netherlands,Defender,251.0,123.0,373.0,28.0,586.0,1.0,4.0,10.0,16.0,8.0,1.0,2.0,0.0,1.0,0.0,1.0,1.0,39.0,7.0,1.0,2.0,0.0,0.0,1.0,1.0,0.0,0.0,91.42,51.61,100.0,100.0,0.0,77.78,80.0,66.67,0.1073377156732675,0.0918303345634804,2.0,7.0,0.1267432,3.0,24.0,23.0,0.5668598399999997,232.0,38.54948805460751,18.890784982935152,57.28668941979522,4.300341296928328,0.1535836177474402,0.6143344709897611,1.5358361774744027,2.4573378839590445,1.2286689419795225,0.1535836177474402,0.3071672354948805,0.0,0.1535836177474402,0.0,0.1535836177474402,0.1535836177474402,5.989761092150171,1.075085324232082,0.1535836177474402,0.3071672354948805,0.0,0.0,0.1535836177474402,0.1535836177474402,0.0,0.0,91.42,51.61,100.0,100.0,0.0,77.78,80.0,66.67,0.0164853146938465,0.0141036350012171,0.3071672354948805,1.075085324232082,0.0194656791808873,0.4607508532423208,3.686006825938567,3.532423208191126,0.0870603849829351,35.63139931740614,CB,95,63,88,67,15,62,93,57,35,40,40,10,89,26,39,38,83,61,89,98,35,22,87,56,51,51,76,63,94,89,22,98,98,62,20,49,98,57,51,60,49,50,63,90,90,54,71,46,10,46,85,46,24,29,34,10,90,26,37,34,78,44,85,93,35,22,85,54,51,51,76,63,94,89,22,98,98,62,17,37,93,51,41,59,39,39,51,73,Eredivisie
Sparta Rotterdam,89w5c6pw7vn0dxypi61tt0g4k,1ueqcjuatzazpmz765tru4zdg,L. Martes,Lushendry Martes,18,Defender,Netherlands,Defender,93.0,93.0,181.0,45.0,612.0,7.0,7.0,14.0,15.0,11.0,10.0,2.0,1.0,0.0,0.0,5.0,5.0,18.0,7.0,0.0,1.0,0.0,1.0,5.0,1.0,0.0,0.0,81.53,55.56,45.45,20.0,50.0,58.44,68.75,51.85,0.2041749623223629,1.0037212912468103,0.0,11.0,0.2551072,3.0,21.0,19.0,0.9423454800000002,93.0,13.676470588235295,13.676470588235295,26.61764705882353,6.61764705882353,1.0294117647058825,1.0294117647058825,2.058823529411765,2.2058823529411766,1.6176470588235294,1.4705882352941178,0.2941176470588235,0.1470588235294117,0.0,0.0,0.7352941176470589,0.7352941176470589,2.647058823529412,1.0294117647058825,0.0,0.1470588235294117,0.0,0.1470588235294117,0.7352941176470589,0.1470588235294117,0.0,0.0,81.53,55.56,45.45,20.0,50.0,58.44,68.75,51.85,0.0300257297532886,0.1476060722421779,0.0,1.6176470588235294,0.0375157647058823,0.4411764705882353,3.088235294117647,2.794117647058824,0.1385802176470588,13.676470588235295,RB/RCB,58,53,53,100,47,82,95,84,84,92,32,29,47,24,74,74,58,79,32,47,45,58,84,53,53,53,47,79,95,42,74,68,95,32,32,95,26,68,68,45,74,55,74,55,37,47,37,100,26,68,95,84,84,79,26,16,47,24,63,63,42,68,32,42,45,37,79,37,53,53,47,79,95,42,74,68,95,32,26,84,26,58,58,42,58,37,68,37,Eredivisie
Sparta Rotterdam,89w5c6pw7vn0dxypi61tt0g4k,4utx4h5jz14whtjawxn7ox0r8,N. Verschuren,Nick Verschuren,21,Defender,Netherlands,Defender,133.0,46.0,179.0,22.0,393.0,7.0,7.0,1.0,9.0,11.0,1.0,5.0,5.0,0.0,1.0,0.0,0.0,26.0,4.0,0.0,0.0,1.0,1.0,0.0,0.0,0.0,0.0,89.05,45.0,0.0,0.0,20.0,78.57,78.57,25.0,0.7006468292050639,0.0538692445798065,0.0,5.0,0.0996517,1.0,7.0,9.0,0.19077956,107.0,30.458015267175576,10.534351145038167,40.99236641221374,5.0381679389312986,1.603053435114504,1.603053435114504,0.2290076335877862,2.0610687022900764,2.5190839694656493,0.2290076335877862,1.1450381679389314,1.1450381679389314,0.0,0.2290076335877862,0.0,0.0,5.954198473282443,0.9160305343511452,0.0,0.0,0.2290076335877862,0.2290076335877862,0.0,0.0,0.0,0.0,89.05,45.0,0.0,0.0,20.0,78.57,78.57,25.0,0.1604534723370375,0.0123364682243831,0.0,1.1450381679389314,0.022821,0.2290076335877862,1.603053435114504,2.0610687022900764,0.043689975572519,24.503816793893133,CB,32,15,20,49,77,90,10,27,49,40,89,95,40,67,13,12,46,18,39,29,83,63,39,23,51,51,56,46,39,23,49,100,95,7,93,29,33,51,44,32,16,21,15,24,51,10,32,61,90,98,10,34,66,44,90,95,40,76,13,12,73,32,39,29,85,73,39,23,51,51,56,46,39,23,49,100,95,7,93,32,33,54,49,34,15,24,12,41,Eredivisie
Sparta Rotterdam,89w5c6pw7vn0dxypi61tt0g4k,50zbw9cb2gon7eb7w08ndfyms,M. Zonneveld,Milan Zonneveld,22,Attacker,Netherlands,Striker,17.0,33.0,50.0,38.0,404.0,34.0,4.0,1.0,2.0,31.0,12.0,17.0,15.0,0.0,2.0,6.0,7.0,10.0,0.0,1.0,2.0,4.0,9.0,0.0,3.0,0.0,0.0,57.47,66.67,0.0,50.0,52.94,50.0,62.0,100.0,3.4144699088658244,1.1027549947774262,2.0,3.0,0.42993059,0.0,2.0,3.0,0.4319108299999999,17.0,3.787128712871287,7.351485148514851,11.13861386138614,8.465346534653465,7.574257425742574,0.8910891089108911,0.2227722772277227,0.4455445544554455,6.905940594059406,2.6732673267326734,3.787128712871287,3.341584158415841,0.0,0.4455445544554455,1.3366336633663367,1.5594059405940597,2.227722772277228,0.0,0.2227722772277227,0.4455445544554455,0.8910891089108911,2.004950495049505,0.0,0.6683168316831684,0.0,0.0,57.47,66.67,0.0,50.0,52.94,50.0,62.0,100.0,0.7606492371235747,0.2456632414108127,0.4455445544554455,0.6683168316831684,0.0957766165841584,0.0,0.4455445544554455,0.6683168316831684,0.0962177591584158,3.787128712871287,ST,44,44,50,94,88,48,33,71,100,94,77,83,52,53,59,59,94,24,62,55,91,88,39,59,52,52,9,73,39,55,79,77,100,86,100,97,52,47,94,15,41,42,85,47,30,45,36,97,94,42,27,70,100,100,79,85,52,58,58,67,97,24,61,61,91,94,39,67,52,52,9,73,39,55,79,77,100,86,94,100,48,48,100,15,48,36,88,42,Eredivisie
Sparta Rotterdam,89w5c6pw7vn0dxypi61tt0g4k,536qjh4gcmpo5q68ti87e60kq,S. Mito,Shunsuke Mito,23,Attacker,Japan,Striker,47.0,48.0,94.0,16.0,423.0,16.0,8.0,3.0,3.0,0.0,7.0,5.0,2.0,0.0,4.0,5.0,7.0,5.0,2.0,2.0,3.0,0.0,0.0,1.0,2.0,0.0,0.0,85.45,100.0,20.0,40.0,0.0,48.48,0.0,50.0,0.4126744531777435,0.5187350408012937,4.0,9.0,0.24245311,6.0,5.0,10.0,0.5781640099999998,31.0,10.0,10.212765957446807,20.0,3.404255319148936,3.404255319148936,1.702127659574468,0.6382978723404255,0.6382978723404255,0.0,1.4893617021276595,1.0638297872340423,0.425531914893617,0.0,0.851063829787234,1.0638297872340423,1.4893617021276595,1.0638297872340423,0.425531914893617,0.425531914893617,0.6382978723404255,0.0,0.0,0.2127659574468085,0.425531914893617,0.0,0.0,85.45,100.0,20.0,40.0,0.0,48.48,0.0,50.0,0.0878030751442007,0.1103691576172965,0.851063829787234,1.9148936170212765,0.0515857680851063,1.276595744680851,1.0638297872340423,2.127659574468085,0.1230136191489361,6.595744680851063,ST,94,76,82,41,29,77,83,88,3,79,14,6,52,88,47,59,73,86,88,82,9,6,85,42,52,52,100,91,80,39,6,70,5,41,9,79,83,86,76,97,77,91,91,82,100,82,97,27,21,82,85,88,3,76,9,6,52,88,48,55,73,88,94,76,9,6,88,45,52,52,100,91,80,39,6,70,5,41,12,76,91,94,79,94,82,94,94,91,Eredivisie
Sparta Rotterdam,89w5c6pw7vn0dxypi61tt0g4k,5oqqifi0wo6xbjz0xjgwf89re,C. Terho,Casper Terho,23,Attacker,Finland,Striker,27.0,45.0,65.0,13.0,395.0,11.0,5.0,1.0,7.0,1.0,7.0,11.0,7.0,0.0,5.0,9.0,9.0,3.0,2.0,0.0,4.0,0.0,2.0,7.0,2.0,0.0,0.0,77.38,63.64,33.33,22.22,18.18,32.5,33.33,20.0,1.0557731790346647,0.7390569709753982,6.0,16.0,0.46165649,6.0,5.0,11.0,0.2307300899999999,21.0,6.151898734177214,10.253164556962023,14.81012658227848,2.962025316455696,2.5063291139240502,1.1392405063291138,0.2278481012658227,1.5949367088607591,0.2278481012658227,1.5949367088607591,2.5063291139240502,1.5949367088607591,0.0,1.1392405063291138,2.050632911392405,2.050632911392405,0.6835443037974683,0.4556962025316455,0.0,0.9113924050632912,0.0,0.4556962025316455,1.5949367088607591,0.4556962025316455,0.0,0.0,77.38,63.64,33.33,22.22,18.18,32.5,33.33,20.0,0.2405559142104299,0.1683927275640147,1.3670886075949369,3.645569620253165,0.1051875546835443,1.3670886075949369,1.1392405063291138,2.5063291139240502,0.0525714129113923,4.784810126582278,RW,50,18,12,9,24,65,21,65,32,50,41,50,50,82,35,35,62,38,26,59,24,26,71,21,53,53,29,68,91,18,24,6,35,24,47,41,65,53,53,50,35,41,12,6,35,12,6,18,24,59,24,65,29,41,41,47,50,88,35,35,65,35,26,71,24,29,82,12,53,53,29,68,91,18,24,6,35,24,59,41,76,47,47,53,35,35,6,6,Eredivisie
Sparta Rotterdam,89w5c6pw7vn0dxypi61tt0g4k,64kb0lmkr24rmh59hb01m268k,R. van Cruijsen,Robin van Cruijsen,20,Midfielder,Netherlands,Midfielder,18.0,24.0,41.0,8.0,206.0,7.0,1.0,2.0,1.0,1.0,1.0,6.0,2.0,0.0,2.0,1.0,2.0,2.0,0.0,0.0,4.0,1.0,1.0,1.0,0.0,0.0,0.0,77.36,33.33,12.5,0.0,16.67,36.36,33.33,33.33,1.3790068904777524,0.149544360500113,4.0,2.0,0.04255496,0.0,3.0,3.0,0.02220413,9.0,7.864077669902913,10.485436893203884,17.9126213592233,3.4951456310679614,3.058252427184466,0.4368932038834952,0.8737864077669903,0.4368932038834952,0.4368932038834952,0.4368932038834952,2.621359223300971,0.8737864077669903,0.0,0.8737864077669903,0.4368932038834952,0.8737864077669903,0.8737864077669903,0.0,0.0,1.7475728155339807,0.4368932038834952,0.4368932038834952,0.4368932038834952,0.0,0.0,0.0,77.36,33.33,12.5,0.0,16.67,36.36,33.33,33.33,0.6024787385582414,0.0653349147816027,1.7475728155339807,0.8737864077669903,0.0185919728155339,0.0,1.3106796116504855,1.3106796116504855,0.0097008334951456,3.932038834951456,CM/AM,4,4,4,8,27,4,23,4,19,4,25,23,50,46,6,10,13,8,25,50,54,23,37,8,50,50,8,13,29,8,25,15,31,12,81,8,62,4,4,4,4,4,4,4,15,12,12,35,54,8,42,8,31,4,73,58,50,73,15,27,27,8,25,85,81,35,50,8,50,50,8,13,29,8,25,15,31,12,100,23,85,4,8,4,8,4,4,4,Eredivisie
Sparta Rotterdam,89w5c6pw7vn0dxypi61tt0g4k,6ydojoa3581jgszpjqj7i8zpx,B. Kuipers,Bas Kuipers,32,Defender,Netherlands,Defender,97.0,101.0,196.0,22.0,630.0,11.0,6.0,5.0,13.0,5.0,7.0,3.0,3.0,0.0,2.0,3.0,3.0,24.0,3.0,3.0,0.0,0.0,0.0,2.0,1.0,0.0,0.0,84.85,52.0,20.0,33.33,0.0,59.46,50.0,50.0,0.2708146266809471,0.6856456171978709,0.0,7.0,0.1647648099999999,2.0,28.0,26.0,1.0609220800000008,106.0,13.857142857142858,14.428571428571429,28.0,3.142857142857143,1.5714285714285714,0.8571428571428571,0.7142857142857143,1.8571428571428568,0.7142857142857143,1.0,0.4285714285714285,0.4285714285714285,0.0,0.2857142857142857,0.4285714285714285,0.4285714285714285,3.4285714285714284,0.4285714285714285,0.4285714285714285,0.0,0.0,0.0,0.2857142857142857,0.1428571428571428,0.0,0.0,84.85,52.0,20.0,33.33,0.0,59.46,50.0,50.0,0.0386878038115638,0.0979493738854101,0.0,1.0,0.0235378299999999,0.2857142857142857,4.0,3.7142857142857135,0.1515602971428572,15.142857142857142,LB/LCB,69,62,65,62,73,81,50,88,65,63,56,79,50,83,50,46,92,23,96,21,44,31,48,40,50,52,58,85,38,44,31,88,60,25,62,65,21,56,50,29,81,77,73,69,31,46,31,31,65,63,31,65,27,54,42,69,50,75,38,35,69,17,92,21,44,31,38,31,50,52,58,85,38,44,31,88,60,25,46,50,21,46,42,19,73,58,69,54,Eredivisie
Sparta Rotterdam,89w5c6pw7vn0dxypi61tt0g4k,7ty1wdxxnusgkl34k5raipbl5,M. van Bergen,Mitchell van Bergen,27,Attacker,Netherlands,Striker,26.0,66.0,89.0,15.0,319.0,16.0,4.0,0.0,5.0,0.0,8.0,9.0,6.0,0.0,3.0,14.0,15.0,4.0,2.0,1.0,3.0,0.0,4.0,3.0,8.0,0.0,0.0,81.65,50.0,10.0,57.14,44.44,50.0,0.0,0.0,0.6164154536328608,0.8705141014570417,6.0,25.0,0.7609139399999999,7.0,8.0,11.0,1.11229312,37.0,7.3354231974921635,18.620689655172416,25.10971786833856,4.231974921630094,4.514106583072101,1.1285266457680252,0.0,1.4106583072100314,0.0,2.2570532915360504,2.539184952978057,1.6927899686520378,0.0,0.8463949843260189,3.949843260188088,4.231974921630094,1.1285266457680252,0.5642633228840126,0.2821316614420063,0.8463949843260189,0.0,1.1285266457680252,0.8463949843260189,2.2570532915360504,0.0,0.0,81.65,50.0,10.0,57.14,44.44,50.0,0.0,0.0,0.173910316071967,0.2455995897527703,1.6927899686520378,7.053291536050157,0.214677914106583,1.974921630094044,2.2570532915360504,3.103448275862069,0.3138131059561128,10.438871473354231,RW,35,47,47,21,38,38,9,44,12,62,29,38,50,32,68,68,79,38,68,41,24,56,50,71,53,53,53,26,18,76,100,59,12,9,24,65,65,76,76,62,59,41,71,38,82,53,53,41,53,53,9,53,12,76,47,53,50,53,82,82,88,47,82,53,24,71,53,88,53,53,53,26,18,76,100,59,12,9,29,71,82,88,82,82,76,53,88,53,Eredivisie
Sparta Rotterdam,89w5c6pw7vn0dxypi61tt0g4k,ass524umdrpsq324wksaqef4k,M. Young,Marvin Young,20,Defender,Netherlands,Defender,194.0,119.0,313.0,27.0,619.0,8.0,7.0,8.0,24.0,6.0,3.0,5.0,4.0,1.0,0.0,1.0,1.0,31.0,5.0,0.0,1.0,2.0,2.0,0.0,0.0,0.0,0.0,90.99,64.86,0.0,0.0,40.0,61.36,50.0,57.14,0.6347876105415996,0.2265529239706297,0.0,12.0,0.23050284,2.0,34.0,32.0,0.6741214799999998,189.0,28.206785137318253,17.302100161550886,45.50888529886914,3.925686591276252,1.1631663974151858,1.0177705977382876,1.1631663974151858,3.489499192245557,0.8723747980613893,0.4361873990306946,0.7269789983844911,0.5815831987075929,0.1453957996768982,0.0,0.1453957996768982,0.1453957996768982,4.5072697899838445,0.7269789983844911,0.0,0.1453957996768982,0.2907915993537964,0.2907915993537964,0.0,0.0,0.0,0.0,90.99,64.86,0.0,0.0,40.0,61.36,50.0,57.14,0.0922954522596833,0.0329398435498492,0.0,1.7447495961227786,0.0335141447495961,0.2907915993537964,4.94345718901454,4.652665589660743,0.0980144316639741,27.479806138933764,CB,76,60,68,62,85,90,84,85,26,79,89,79,89,26,39,38,66,30,39,76,99,91,39,23,51,51,71,98,39,23,78,68,29,39,88,76,33,77,73,49,76,77,76,63,34,49,41,37,73,80,73,73,17,80,76,68,85,26,34,32,46,10,39,66,90,80,39,23,51,51,71,98,39,23,78,68,29,39,80,68,33,68,59,49,61,61,61,49,Eredivisie
Sparta Rotterdam,89w5c6pw7vn0dxypi61tt0g4k,avyhrrfkeizd3za28ni67x82c,C. Hatenboer,Cedric Hatenboer,21,Midfielder,Netherlands,Midfielder,48.0,61.0,109.0,16.0,259.0,1.0,2.0,8.0,8.0,1.0,4.0,1.0,0.0,0.0,1.0,5.0,6.0,3.0,3.0,0.0,1.0,0.0,0.0,0.0,1.0,0.0,0.0,82.58,53.33,0.0,20.0,0.0,64.0,50.0,66.67,0.0934725151199545,0.3871778292783357,1.0,5.0,0.10627029,2.0,14.0,16.0,0.7382737,59.0,16.679536679536678,21.1969111969112,37.87644787644788,5.55984555984556,0.3474903474903475,0.694980694980695,2.77992277992278,2.77992277992278,0.3474903474903475,1.38996138996139,0.3474903474903475,0.0,0.0,0.3474903474903475,1.7374517374517375,2.0849420849420848,1.0424710424710424,1.0424710424710424,0.0,0.3474903474903475,0.0,0.0,0.0,0.3474903474903475,0.0,0.0,82.58,53.33,0.0,20.0,0.0,64.0,50.0,66.67,0.0324807967598297,0.1345405584364873,0.3474903474903475,1.7374517374517375,0.0369279,0.694980694980695,4.864864864864865,5.55984555984556,0.2565429845559845,20.501930501930502,DM/CM,18,18,18,25,4,9,86,57,12,43,9,11,48,50,54,59,16,34,34,21,36,18,18,23,52,52,36,57,18,18,18,89,59,77,11,50,34,25,25,25,36,41,75,20,57,54,54,75,14,29,96,82,18,86,18,11,48,71,89,89,25,54,34,36,36,18,18,36,52,52,36,57,18,18,18,89,59,77,21,89,61,46,29,39,71,82,100,61,Eredivisie
Sparta Rotterdam,89w5c6pw7vn0dxypi61tt0g4k,byirjks50zw1eefkcy8p4hd5h,B. Martins Indi,Bruno Martins Indi,34,Defender,Netherlands,Defender,164.0,104.0,268.0,17.0,472.0,4.0,3.0,3.0,11.0,8.0,3.0,3.0,2.0,0.0,0.0,1.0,1.0,28.0,3.0,0.0,1.0,0.0,2.0,0.0,0.0,0.0,0.0,87.3,34.38,0.0,0.0,66.67,47.22,53.33,50.0,0.3191905167451823,0.1878645062131271,0.0,4.0,0.09297714,2.0,28.0,20.0,0.5997119500000001,166.0,31.271186440677965,19.83050847457627,51.10169491525424,3.2415254237288136,0.7627118644067796,0.5720338983050848,0.5720338983050848,2.097457627118644,1.5254237288135593,0.5720338983050848,0.5720338983050848,0.3813559322033898,0.0,0.0,0.1906779661016949,0.1906779661016949,5.338983050847458,0.5720338983050848,0.0,0.1906779661016949,0.0,0.3813559322033898,0.0,0.0,0.0,0.0,87.3,34.38,0.0,0.0,66.67,47.22,53.33,50.0,0.0608625985319203,0.0358216219474183,0.0,0.7627118644067796,0.0177286919491525,0.3813559322033898,5.338983050847458,3.8135593220338975,0.1143518548728813,31.65254237288136,CB,41,46,44,27,48,48,39,38,35,79,52,49,40,26,39,38,59,11,39,76,35,91,39,23,51,51,46,15,39,23,91,12,44,28,54,71,33,39,41,49,61,43,68,48,56,61,54,22,51,41,41,37,29,88,61,54,40,26,46,44,66,7,39,78,35,88,39,23,51,51,46,15,39,23,91,12,44,28,56,76,33,37,37,51,73,46,76,61,Eredivisie
Sparta Rotterdam,89w5c6pw7vn0dxypi61tt0g4k,ely6vpyueden4b6ozfmspwgk5,J. Toornstra,Jens Toornstra,37,Midfielder,Netherlands,Midfielder,29.0,40.0,66.0,8.0,232.0,2.0,2.0,2.0,8.0,0.0,2.0,1.0,0.0,0.0,0.0,4.0,4.0,12.0,0.0,0.0,1.0,0.0,0.0,3.0,3.0,0.0,0.0,73.33,33.33,42.86,75.0,0.0,34.78,0.0,66.67,0.064434689396655,0.2993392621608076,1.0,4.0,0.08353332,1.0,16.0,17.0,0.5148786399999999,38.0,11.25,15.517241379310343,25.603448275862068,3.103448275862069,0.7758620689655172,0.7758620689655172,0.7758620689655172,3.103448275862069,0.0,0.7758620689655172,0.3879310344827586,0.0,0.0,0.0,1.5517241379310345,1.5517241379310345,4.655172413793103,0.0,0.0,0.3879310344827586,0.0,0.0,1.1637931034482758,1.1637931034482758,0.0,0.0,73.33,33.33,42.86,75.0,0.0,34.78,0.0,66.67,0.0249962157142196,0.1161229896313477,0.3879310344827586,1.5517241379310345,0.0324051672413793,0.3879310344827586,6.206896551724138,6.594827586206896,0.1997374034482758,14.741379310344827,DM/CM,11,11,11,4,14,9,14,57,5,21,9,11,48,18,48,48,55,4,34,21,36,18,88,57,52,52,7,25,64,86,18,4,7,77,7,36,34,16,14,11,41,46,43,14,18,29,21,21,36,34,50,89,5,36,21,11,48,18,79,79,93,4,34,43,36,18,96,89,52,52,7,25,64,86,18,4,7,77,11,79,71,36,21,18,89,93,96,36,Eredivisie
Sparta Rotterdam,89w5c6pw7vn0dxypi61tt0g4k,f07qmqesi1rpw7eapoz9rb0gk,J. Baas,Julian Baas,24,Midfielder,Netherlands,Midfielder,96.0,109.0,199.0,16.0,464.0,0.0,3.0,4.0,18.0,8.0,5.0,1.0,0.0,0.0,0.0,2.0,2.0,11.0,5.0,1.0,1.0,0.0,0.0,6.0,0.0,0.0,0.0,89.24,75.0,23.08,0.0,0.0,50.0,61.54,80.0,0.0700003020343871,0.5949780255686431,0.0,5.0,0.09553932,2.0,19.0,18.0,0.6560865300000001,88.0,18.620689655172413,21.142241379310345,38.59913793103448,3.103448275862069,0.0,0.5818965517241379,0.7758620689655172,3.4913793103448274,1.5517241379310345,0.9698275862068964,0.1939655172413793,0.0,0.0,0.0,0.3879310344827586,0.3879310344827586,2.133620689655172,0.9698275862068964,0.1939655172413793,0.1939655172413793,0.0,0.0,1.1637931034482758,0.0,0.0,0.0,89.24,75.0,23.08,0.0,0.0,50.0,61.54,80.0,0.0135776447911526,0.1154052204766764,0.0,0.9698275862068964,0.0185313336206896,0.3879310344827586,3.685344827586207,3.4913793103448274,0.1272581631465517,17.068965517241377,CM/AM,87,46,60,33,4,27,38,92,88,23,4,6,50,4,12,10,87,65,62,12,17,10,71,8,50,50,69,85,54,8,10,60,88,83,4,42,4,10,8,12,50,46,54,42,85,42,50,23,4,23,31,96,88,15,4,6,50,4,8,8,85,69,62,12,17,10,69,8,50,50,69,85,54,8,10,60,88,83,4,38,4,8,4,8,42,46,50,46,Eredivisie
Telstar,zjawy6qdzk3y69v5pa3zl2cb,1bkoay83qlbuc60ih6wgf0jmy,S. Valk,Sem Valk,24,Defender,Netherlands,Defender,117.0,44.0,160.0,25.0,450.0,4.0,6.0,6.0,6.0,8.0,1.0,4.0,2.0,0.0,0.0,2.0,2.0,22.0,3.0,0.0,2.0,0.0,1.0,1.0,0.0,0.0,0.0,86.02,33.33,50.0,0.0,25.0,62.5,57.14,54.55,0.2949690650581275,0.0,1.0,2.0,0.04087117,1.0,5.0,6.0,0.23877936,73.0,23.4,8.8,32.0,5.0,0.8,1.2,1.2,1.2,1.6,0.2,0.8,0.4,0.0,0.0,0.4,0.4,4.4,0.6,0.0,0.4,0.0,0.2,0.2,0.0,0.0,0.0,86.02,33.33,50.0,0.0,25.0,62.5,57.14,54.55,0.0589938130116255,0.0,0.2,0.4,0.0081742339999999,0.2,1.0,1.2,0.047755872,14.6,RB/RCB,79,24,47,53,18,74,37,50,74,11,63,61,47,24,34,34,74,39,32,71,45,58,39,18,53,53,74,37,100,18,63,89,76,37,58,8,68,16,11,21,18,13,16,32,100,16,53,53,21,79,32,42,79,11,68,58,47,24,32,32,74,42,32,79,45,68,42,18,53,53,74,37,100,18,63,89,76,37,68,8,74,16,11,21,16,11,11,42,Eredivisie
Telstar,zjawy6qdzk3y69v5pa3zl2cb,1pmoxunz3nw0ptd6g64maam7d,N. Þórisson,Nökkvi Thórisson,27,Attacker,Iceland,Striker,17.0,25.0,41.0,16.0,361.0,20.0,5.0,1.0,2.0,9.0,4.0,10.0,10.0,0.0,1.0,5.0,6.0,3.0,0.0,1.0,0.0,1.0,5.0,1.0,1.0,0.0,0.0,66.13,100.0,50.0,20.0,50.0,28.57,34.62,100.0,0.942290292959694,0.1819944498784598,2.0,3.0,0.10987995,1.0,3.0,3.0,0.08616378,18.0,4.238227146814404,6.232686980609419,10.221606648199446,3.988919667590028,4.986149584487535,1.2465373961218835,0.2493074792243767,0.4986149584487535,2.2437673130193905,0.997229916897507,2.4930747922437675,2.4930747922437675,0.0,0.2493074792243767,1.2465373961218835,1.4958448753462603,0.7479224376731302,0.0,0.2493074792243767,0.0,0.2493074792243767,1.2465373961218835,0.2493074792243767,0.2493074792243767,0.0,0.0,66.13,100.0,50.0,20.0,50.0,28.57,34.62,100.0,0.2349200176353807,0.0453725775320259,0.4986149584487535,0.7479224376731302,0.0273938933518005,0.2493074792243767,0.7479224376731302,0.7479224376731302,0.0214812747922437,4.487534626038781,ST,44,15,26,41,39,58,33,71,56,47,48,58,52,24,47,52,45,24,62,8,30,58,85,26,52,52,33,91,98,26,74,6,30,86,39,21,52,47,55,44,53,42,24,55,52,21,27,42,64,58,33,79,48,61,58,70,52,24,55,58,45,24,70,8,30,64,91,27,52,52,33,91,98,26,74,6,30,86,42,27,58,55,58,55,64,42,30,61,Eredivisie
Telstar,zjawy6qdzk3y69v5pa3zl2cb,1zybkcmp40td92a6yg8sw9uga,T. Owusu,Tyrone Owusu,27,Midfielder,Netherlands,Midfielder,105.0,124.0,229.0,31.0,575.0,2.0,5.0,5.0,12.0,2.0,2.0,6.0,1.0,0.0,3.0,20.0,20.0,9.0,3.0,0.0,5.0,0.0,0.0,0.0,10.0,0.0,0.0,81.49,54.55,0.0,50.0,0.0,57.41,0.0,35.71,0.2776835115975842,0.1425120102787863,5.0,11.0,0.22944065,6.0,28.0,30.0,0.6137017399999999,119.0,16.434782608695652,19.40869565217391,35.84347826086956,4.852173913043478,0.3130434782608695,0.7826086956521738,0.7826086956521738,1.8782608695652168,0.3130434782608695,0.3130434782608695,0.9391304347826086,0.1565217391304347,0.0,0.4695652173913043,3.130434782608696,3.130434782608696,1.408695652173913,0.4695652173913043,0.0,0.7826086956521738,0.0,0.0,0.0,1.5652173913043477,0.0,0.0,81.49,54.55,0.0,50.0,0.0,57.41,0.0,35.71,0.0434635061631001,0.02230622769581,0.7826086956521738,1.7217391304347824,0.0359124495652173,0.9391304347826086,4.3826086956521735,4.695652173913043,0.0960576636521738,18.62608695652174,DM/CM,66,54,64,82,14,55,66,75,21,21,68,30,48,88,100,100,32,34,34,91,36,18,18,100,52,52,25,64,18,39,18,61,7,11,43,21,93,57,39,70,75,75,54,75,54,43,46,64,7,39,54,64,14,18,54,25,48,86,100,100,32,25,34,86,36,18,18,100,52,52,25,64,18,39,18,61,7,11,32,21,89,43,25,68,57,57,46,50,Eredivisie
Telstar,zjawy6qdzk3y69v5pa3zl2cb,4cbhx91p3l265b2cejzd07gbu,P. Brouwer,Patrick Brouwer,25,Attacker,Netherlands,Striker,37.0,68.0,100.0,19.0,630.0,23.0,9.0,2.0,1.0,2.0,13.0,3.0,3.0,0.0,0.0,10.0,10.0,7.0,1.0,1.0,0.0,1.0,1.0,5.0,5.0,0.0,0.0,67.57,25.0,20.83,50.0,33.33,36.54,22.22,66.67,0.4172863940328287,1.3770526367478737,0.0,11.0,0.39576739,3.0,8.0,12.0,1.1256728299999996,40.0,5.285714285714286,9.714285714285714,14.285714285714286,2.7142857142857144,3.2857142857142856,1.2857142857142858,0.2857142857142857,0.1428571428571428,0.2857142857142857,1.8571428571428568,0.4285714285714285,0.4285714285714285,0.0,0.0,1.4285714285714286,1.4285714285714286,1.0,0.1428571428571428,0.1428571428571428,0.0,0.1428571428571428,0.1428571428571428,0.7142857142857143,0.7142857142857143,0.0,0.0,67.57,25.0,20.83,50.0,33.33,36.54,22.22,66.67,0.0596123420046898,0.1967218052496962,0.0,1.5714285714285714,0.0565381985714285,0.4285714285714285,1.1428571428571428,1.7142857142857142,0.1608104042857142,5.714285714285714,ST,79,91,88,53,56,83,62,47,8,98,5,12,52,8,80,79,83,64,62,8,30,12,100,88,52,52,42,38,85,55,30,30,9,59,12,100,9,94,91,80,91,94,100,91,70,67,58,18,17,67,41,36,6,91,3,9,52,8,61,52,65,48,48,8,18,12,100,70,52,52,42,38,85,55,30,30,9,59,3,97,9,88,82,70,85,91,100,85,Eredivisie
Telstar,zjawy6qdzk3y69v5pa3zl2cb,4fu2agdclsyxx1boxxibauzo4,G. Alders,Gerald Alders,21,Defender,Netherlands,Defender,48.0,44.0,92.0,20.0,422.0,7.0,8.0,8.0,7.0,2.0,2.0,3.0,3.0,0.0,1.0,3.0,3.0,15.0,7.0,0.0,0.0,0.0,2.0,0.0,1.0,0.0,0.0,80.0,58.33,0.0,33.33,66.67,50.0,28.57,80.0,0.2358804267119255,0.1628806005711393,0.0,4.0,0.1477993899999999,1.0,9.0,15.0,0.52717094,39.0,10.236966824644549,9.38388625592417,19.62085308056872,4.265402843601896,1.4928909952606635,1.706161137440758,1.706161137440758,1.4928909952606635,0.4265402843601895,0.4265402843601895,0.6398104265402843,0.6398104265402843,0.0,0.2132701421800947,0.6398104265402843,0.6398104265402843,3.199052132701422,1.4928909952606635,0.0,0.0,0.0,0.4265402843601895,0.0,0.2132701421800947,0.0,0.0,80.0,58.33,0.0,33.33,66.67,50.0,28.57,80.0,0.0503062521423537,0.0347375688421861,0.0,0.8530805687203791,0.0315211969194312,0.2132701421800947,1.919431279620853,3.199052132701422,0.1124298213270142,8.317535545023697,RB/RCB,21,24,16,32,47,89,66,61,24,24,45,82,47,50,47,47,47,79,32,18,45,89,16,53,53,53,42,84,16,61,87,24,21,89,47,21,26,39,47,21,32,39,47,16,21,21,21,42,58,95,68,68,16,26,58,79,47,53,53,53,47,95,32,18,45,89,16,68,53,53,42,84,16,61,87,24,21,89,53,21,26,37,53,26,32,58,63,16,Eredivisie
Telstar,zjawy6qdzk3y69v5pa3zl2cb,7298ih73tkvadkl03l1liok8a,A. Soualhia,Abdelnour Soualhia,25,Defender,France,Defender,172.0,89.0,260.0,47.0,630.0,10.0,13.0,2.0,19.0,25.0,3.0,4.0,4.0,0.0,2.0,5.0,5.0,58.0,14.0,1.0,0.0,1.0,1.0,1.0,4.0,0.0,0.0,88.74,55.88,100.0,80.0,25.0,56.63,56.82,28.57,0.640362009494231,0.4390679008291384,0.0,2.0,0.27430958,1.0,17.0,16.0,0.4956632299999998,166.0,24.571428571428573,12.714285714285714,37.142857142857146,6.714285714285714,1.4285714285714286,1.8571428571428568,0.2857142857142857,2.7142857142857144,3.571428571428572,0.4285714285714285,0.5714285714285714,0.5714285714285714,0.0,0.2857142857142857,0.7142857142857143,0.7142857142857143,8.285714285714286,2.0,0.1428571428571428,0.0,0.1428571428571428,0.1428571428571428,0.1428571428571428,0.5714285714285714,0.0,0.0,88.74,55.88,100.0,80.0,25.0,56.63,56.82,28.57,0.0914802870706044,0.062723985832734,0.0,0.2857142857142857,0.0391870828571428,0.1428571428571428,2.4285714285714284,2.2857142857142856,0.0708090328571428,23.714285714285715,CB,51,40,41,100,91,100,23,76,91,79,71,79,40,91,98,98,100,94,89,29,83,63,87,98,51,51,54,73,94,76,60,46,54,12,90,95,33,18,80,32,37,32,44,48,15,30,22,95,87,100,13,55,87,73,56,63,40,80,95,93,93,88,80,29,72,50,79,90,51,51,54,73,94,76,60,46,54,12,76,93,33,16,71,22,29,27,37,37,Eredivisie
Telstar,zjawy6qdzk3y69v5pa3zl2cb,98qi4clazqen9kimkxt3jb6j9,M. Peersman,Marvin Peersman,35,Defender,Belgium,Defender,136.0,91.0,224.0,49.0,617.0,7.0,18.0,6.0,12.0,16.0,4.0,6.0,5.0,0.0,4.0,6.0,6.0,33.0,8.0,0.0,1.0,0.0,1.0,3.0,3.0,0.0,0.0,80.87,37.5,42.86,50.0,16.67,67.12,61.54,50.0,0.6982373172365159,0.3529268859758055,1.0,6.0,0.1273872999999999,3.0,21.0,29.0,0.9949734899999996,121.0,19.837925445705025,13.27390599675851,32.6742301458671,7.147487844408428,1.0210696920583469,2.625607779578606,0.8752025931928687,1.7504051863857375,2.33387358184765,0.5834683954619125,0.8752025931928687,0.7293354943273906,0.0,0.5834683954619125,0.8752025931928687,0.8752025931928687,4.813614262560778,1.166936790923825,0.0,0.1458670988654781,0.0,0.1458670988654781,0.4376012965964344,0.4376012965964344,0.0,0.0,80.87,37.5,42.86,50.0,16.67,67.12,61.54,50.0,0.101849851784905,0.0514804209689181,0.1458670988654781,0.8752025931928687,0.0185816158833063,0.4376012965964344,3.063209076175041,4.230145867098866,0.1451338964343597,17.649918962722854,LB/LCB,85,58,73,100,50,100,65,81,100,48,88,92,50,100,69,69,100,87,33,58,44,75,54,71,50,52,35,21,92,73,65,96,85,25,92,50,56,46,42,44,65,81,69,77,73,38,54,96,42,96,35,58,100,38,85,92,50,100,69,62,96,65,33,42,44,62,54,62,50,52,35,21,92,73,65,96,85,25,92,38,46,35,35,35,54,73,62,65,Eredivisie
Telstar,zjawy6qdzk3y69v5pa3zl2cb,9lju80srwcwd1s6ezrjbk33tg,J. Seedorf,Jelani Seedorf,21,Attacker,Netherlands,Striker,13.0,26.0,39.0,18.0,373.0,16.0,3.0,3.0,0.0,9.0,2.0,4.0,3.0,0.0,2.0,10.0,11.0,4.0,0.0,0.0,1.0,0.0,0.0,0.0,1.0,0.0,0.0,72.22,0.0,0.0,10.0,0.0,32.14,31.03,50.0,0.3014983866584796,0.2591487727382497,2.0,0.0,0.0,0.0,3.0,3.0,0.1227961899999997,10.0,3.136729222520107,6.273458445040214,9.41018766756032,4.343163538873994,3.860589812332439,0.7238605898123324,0.7238605898123324,0.0,2.171581769436997,0.4825737265415549,0.9651474530831098,0.7238605898123324,0.0,0.4825737265415549,2.412868632707774,2.654155495978552,0.9651474530831098,0.0,0.0,0.2412868632707774,0.0,0.0,0.0,0.2412868632707774,0.0,0.0,72.22,0.0,0.0,10.0,0.0,32.14,31.03,50.0,0.0727475999980245,0.0625291944944838,0.4825737265415549,0.0,0.0,0.0,0.7238605898123324,0.7238605898123324,0.0296291075067023,2.412868632707774,ST,33,20,18,48,29,38,83,18,56,15,9,12,52,53,80,86,61,24,24,26,9,6,39,26,52,52,55,18,39,15,6,12,24,41,6,45,52,8,8,15,53,42,42,24,18,24,24,58,24,33,88,18,45,9,6,12,52,67,94,97,58,24,24,30,9,6,39,24,52,52,55,18,39,15,6,12,24,41,6,48,55,8,8,15,58,39,39,15,Eredivisie
Telstar,zjawy6qdzk3y69v5pa3zl2cb,cp866ucakmwqiwxrstkaxwgt0,N. Rossen,Nils Rossen,22,Midfielder,Netherlands,Midfielder,127.0,115.0,241.0,18.0,580.0,2.0,5.0,3.0,10.0,3.0,2.0,2.0,0.0,0.0,1.0,7.0,7.0,9.0,7.0,0.0,2.0,0.0,0.0,1.0,5.0,0.0,0.0,90.26,62.5,50.0,71.43,0.0,48.65,50.0,50.0,0.1312758692243194,0.1396028344454417,1.0,12.0,0.28758294,10.0,9.0,9.0,0.2890917400000001,86.0,19.70689655172414,17.844827586206897,37.39655172413793,2.793103448275862,0.3103448275862069,0.7758620689655172,0.4655172413793103,1.5517241379310345,0.4655172413793103,0.3103448275862069,0.3103448275862069,0.0,0.0,0.1551724137931034,1.0862068965517242,1.0862068965517242,1.396551724137931,1.0862068965517242,0.0,0.3103448275862069,0.0,0.0,0.1551724137931034,0.7758620689655172,0.0,0.0,90.26,62.5,50.0,71.43,0.0,48.65,50.0,50.0,0.0203703935003254,0.0216625087932581,0.1551724137931034,1.862068965517241,0.0446249389655172,1.5517241379310345,1.396551724137931,1.396551724137931,0.0448590631034482,13.344827586206897,DM/CM,93,48,73,43,14,55,27,70,32,21,21,11,48,50,75,71,32,62,34,48,36,18,48,82,52,52,89,75,77,79,18,36,59,38,18,18,34,61,57,91,20,21,25,43,71,36,50,11,4,34,18,50,21,14,11,11,48,36,54,54,29,61,34,29,36,18,46,71,52,52,89,75,77,79,18,36,59,38,7,18,25,54,43,89,14,7,25,21,Eredivisie
Telstar,zjawy6qdzk3y69v5pa3zl2cb,ewbakrn2dqmy062scjnz0pecp,Rui Mendes,Rui Jorge Monteiro Mendes,26,Attacker,Portugal,Striker,26.0,39.0,65.0,9.0,477.0,23.0,1.0,1.0,1.0,4.0,2.0,9.0,7.0,0.0,0.0,10.0,10.0,1.0,1.0,0.0,2.0,1.0,5.0,0.0,2.0,0.0,0.0,73.03,25.0,0.0,20.0,55.56,26.47,57.14,50.0,0.7020684939215864,0.0446702318692296,2.0,3.0,0.10845931,3.0,1.0,6.0,0.2665649299999998,24.0,4.90566037735849,7.358490566037736,12.264150943396228,1.69811320754717,4.339622641509434,0.1886792452830188,0.1886792452830188,0.1886792452830188,0.7547169811320755,0.3773584905660377,1.69811320754717,1.3207547169811322,0.0,0.0,1.8867924528301887,1.8867924528301887,0.1886792452830188,0.1886792452830188,0.0,0.3773584905660377,0.1886792452830188,0.9433962264150944,0.0,0.3773584905660377,0.0,0.0,73.03,25.0,0.0,20.0,55.56,26.47,57.14,50.0,0.1324657535701106,0.0084283456357036,0.3773584905660377,0.5660377358490566,0.0204640207547169,0.5660377358490566,0.1886792452830188,1.1320754716981132,0.0502952698113207,4.528301886792453,ST,64,68,67,9,56,11,33,47,26,15,41,38,52,8,80,79,20,64,24,55,30,58,39,42,52,52,61,38,39,26,82,3,88,41,24,6,52,47,52,80,29,74,73,70,64,48,48,6,45,9,24,42,18,6,27,21,52,8,73,73,18,67,24,48,24,48,39,33,52,52,61,38,39,26,82,3,88,41,18,6,42,42,48,79,24,76,61,64,Eredivisie
Telstar,zjawy6qdzk3y69v5pa3zl2cb,y1ky8sp8scl05mmfr7byy3md,J. Hardeveld,Jeff Hardeveld,31,Defender,Netherlands,Defender,43.0,67.0,105.0,12.0,512.0,5.0,5.0,2.0,11.0,2.0,2.0,2.0,1.0,0.0,0.0,0.0,0.0,12.0,5.0,0.0,1.0,0.0,0.0,5.0,0.0,0.0,0.0,69.54,39.29,20.83,0.0,0.0,34.29,20.0,40.0,0.2028806058676401,0.2580549766529885,0.0,6.0,0.12688605,5.0,12.0,22.0,0.7846756000000001,50.0,7.55859375,11.77734375,18.45703125,2.109375,0.87890625,0.87890625,0.3515625,1.93359375,0.3515625,0.3515625,0.3515625,0.17578125,0.0,0.0,0.0,0.0,2.109375,0.87890625,0.0,0.17578125,0.0,0.0,0.87890625,0.0,0.0,0.0,69.54,39.29,20.83,0.0,0.0,34.29,20.0,40.0,0.0356626065001711,0.0453612263647831,0.0,1.0546875,0.0223041884765625,0.87890625,2.109375,3.8671875,0.1379312578125,8.7890625,LB/LCB,8,35,19,23,42,69,13,71,21,33,37,40,50,21,6,6,42,52,33,58,44,31,75,15,50,52,8,31,46,15,31,4,21,12,42,38,21,46,38,58,38,62,58,27,4,27,12,12,38,69,12,69,23,31,31,46,50,21,6,6,27,46,33,62,44,31,77,15,50,52,8,31,46,15,31,4,21,12,35,31,21,54,38,54,31,62,50,19,Eredivisie
Willem II,bk5ltsueqmeng29eovd8m2tml,22alh32lu88yabxd4pl0opg5w,K. Boogaard,Kasper Boogaard,20,Midfielder,Netherlands,Midfielder,42.0,42.0,84.0,13.0,348.0,4.0,2.0,4.0,7.0,1.0,1.0,4.0,2.0,0.0,1.0,2.0,2.0,3.0,3.0,0.0,2.0,0.0,0.0,0.0,1.0,0.0,0.0,77.06,38.89,0.0,50.0,0.0,46.43,25.0,44.44,0.4317010579512416,0.0503676934581464,2.0,4.0,0.08125821,3.0,6.0,9.0,0.1696109499999999,35.0,10.862068965517242,10.862068965517242,21.724137931034484,3.362068965517241,1.0344827586206895,0.5172413793103449,1.0344827586206895,1.8103448275862069,0.2586206896551724,0.2586206896551724,1.0344827586206895,0.5172413793103449,0.0,0.2586206896551724,0.5172413793103449,0.5172413793103449,0.7758620689655172,0.7758620689655172,0.0,0.5172413793103449,0.0,0.0,0.0,0.2586206896551724,0.0,0.0,77.06,38.89,0.0,50.0,0.0,46.43,25.0,44.44,0.1116468253322176,0.0130261276184861,0.5172413793103449,1.0344827586206895,0.0210150543103448,0.7758620689655172,1.5517241379310345,2.327586206896552,0.0438649008620689,9.051724137931034,DM/CM,14,14,14,11,45,9,45,43,12,11,48,57,48,50,16,16,16,34,34,48,36,18,18,23,52,52,21,39,18,39,18,25,14,23,64,11,68,16,11,38,9,21,18,11,14,11,14,32,46,14,71,61,11,11,61,71,48,54,25,25,14,43,34,61,36,18,18,29,52,52,21,39,18,39,18,25,14,23,75,14,79,18,14,46,18,25,21,7,Eredivisie
Willem II,bk5ltsueqmeng29eovd8m2tml,2s28r7f625hrj5fioyxn6apd5,A. Ciranni,Alessandro Ciranni,30,Defender,Belgium,Defender,21.0,14.0,35.0,8.0,229.0,2.0,2.0,1.0,3.0,3.0,0.0,1.0,1.0,0.0,0.0,0.0,0.0,5.0,2.0,0.0,0.0,1.0,1.0,0.0,0.0,0.0,0.0,64.81,30.0,0.0,0.0,100.0,40.0,50.0,33.33,0.4375156378716595,0.0,0.0,2.0,0.05267442,1.0,3.0,4.0,0.0496431299999999,19.0,8.253275109170307,5.502183406113537,13.755458515283843,3.14410480349345,0.7860262008733625,0.7860262008733625,0.3930131004366812,1.1790393013100438,1.1790393013100438,0.0,0.3930131004366812,0.3930131004366812,0.0,0.0,0.0,0.0,1.9650655021834065,0.7860262008733625,0.0,0.0,0.3930131004366812,0.3930131004366812,0.0,0.0,0.0,0.0,64.81,30.0,0.0,0.0,100.0,40.0,50.0,33.33,0.1719493773294731,0.0,0.0,0.7860262008733625,0.0207017371179039,0.3930131004366812,1.1790393013100438,1.572052401746725,0.0195104004366811,7.467248908296944,CB,2,2,2,4,29,34,10,5,10,12,21,28,40,26,13,12,2,6,39,29,83,63,39,23,51,51,2,12,39,23,98,7,29,15,71,12,33,18,20,32,7,7,7,7,2,2,2,17,54,66,22,10,22,12,41,56,40,26,13,12,2,15,39,29,98,90,39,23,51,51,2,12,39,23,98,7,29,15,95,12,33,41,46,54,12,15,7,7,Eredivisie
Willem II,bk5ltsueqmeng29eovd8m2tml,3h7rkufywz6c2aye1l5b0ihp0,D. Haen,Devin Haen,22,Attacker,Netherlands,Striker,38.0,40.0,78.0,29.0,630.0,23.0,2.0,0.0,2.0,23.0,4.0,18.0,15.0,0.0,4.0,7.0,8.0,11.0,2.0,0.0,3.0,3.0,7.0,0.0,3.0,0.0,0.0,65.0,40.0,0.0,42.86,38.89,39.73,46.0,0.0,2.332417995355069,0.3725567701891574,2.0,3.0,0.09358555,1.0,3.0,6.0,0.2495175899999999,22.0,5.428571428571429,5.714285714285714,11.142857142857142,4.142857142857143,3.2857142857142856,0.2857142857142857,0.0,0.2857142857142857,3.2857142857142856,0.5714285714285714,2.571428571428572,2.142857142857143,0.0,0.5714285714285714,1.0,1.1428571428571428,1.5714285714285714,0.2857142857142857,0.0,0.4285714285714285,0.4285714285714285,1.0,0.0,0.4285714285714285,0.0,0.0,65.0,40.0,0.0,42.86,38.89,39.73,46.0,0.0,0.3332025707650098,0.0532223957413082,0.2857142857142857,0.4285714285714285,0.0133693642857142,0.1428571428571428,0.4285714285714285,0.8571428571428571,0.0356453699999999,3.142857142857143,ST,85,73,73,77,56,24,11,71,94,47,82,83,52,88,64,68,97,86,24,82,70,77,39,59,52,52,30,52,39,42,45,42,67,11,79,61,52,47,39,44,53,74,67,67,73,15,39,45,17,15,11,48,76,20,64,58,52,70,42,48,85,73,24,55,48,52,39,48,52,52,30,52,39,42,45,42,67,11,64,30,33,27,30,30,42,55,45,33,Eredivisie
Willem II,bk5ltsueqmeng29eovd8m2tml,5shfqpd5fj05qrp1jlzd08ftg,C. Twigt,Calvin Twigt,23,Midfielder,Netherlands,Midfielder,108.0,128.0,231.0,21.0,469.0,8.0,6.0,4.0,24.0,4.0,5.0,5.0,2.0,0.0,2.0,6.0,8.0,20.0,8.0,1.0,3.0,0.0,0.0,5.0,4.0,0.0,0.0,82.8,52.17,25.0,66.67,0.0,60.0,50.0,57.14,0.2843948817311111,0.4820634076037555,3.0,14.0,0.29710545,1.0,34.0,29.0,0.7290716900000002,117.0,20.724946695095948,24.562899786780385,44.32835820895522,4.029850746268656,1.535181236673774,1.1513859275053304,0.767590618336887,4.605543710021322,0.767590618336887,0.9594882729211088,0.9594882729211088,0.3837953091684435,0.0,0.3837953091684435,1.1513859275053304,1.535181236673774,3.837953091684435,1.535181236673774,0.1918976545842217,0.5756929637526652,0.0,0.0,0.9594882729211088,0.767590618336887,0.0,0.0,82.8,52.17,25.0,66.67,0.0,60.0,50.0,57.14,0.0545747107799573,0.0925068372800383,0.5756929637526652,2.686567164179104,0.0570138390191897,0.1918976545842217,6.524520255863539,5.565031982942431,0.1399071473347548,22.452025586353944,DM/CM,75,62,68,50,68,73,45,96,46,54,59,57,48,73,62,79,89,71,82,70,36,18,93,70,52,52,39,54,50,66,18,73,59,54,46,61,86,70,64,11,86,68,71,71,82,68,68,43,64,71,46,100,54,50,57,59,48,79,57,75,86,75,93,68,36,18,89,68,52,52,39,54,50,66,18,73,59,54,46,54,82,86,68,4,96,86,68,71,Eredivisie
Willem II,bk5ltsueqmeng29eovd8m2tml,6db1q8hud1d8u2q3lxzfixzze,N. Tjoe-A-On,Nathan Tjoe-A-On,24,Defender,Indonesia,Defender,99.0,86.0,173.0,27.0,584.0,12.0,1.0,11.0,15.0,5.0,12.0,7.0,6.0,0.0,2.0,11.0,12.0,28.0,12.0,2.0,1.0,0.0,1.0,12.0,5.0,0.0,0.0,80.84,48.39,36.36,45.45,14.29,56.25,83.33,68.75,0.7618778081021663,1.3529657914344255,1.0,6.0,0.16993974,2.0,18.0,17.0,1.894377310000001,81.0,15.256849315068491,13.253424657534246,26.660958904109588,4.160958904109589,1.8493150684931507,0.1541095890410959,1.6952054794520548,2.3116438356164384,0.7705479452054794,1.8493150684931507,1.0787671232876712,0.9246575342465754,0.0,0.3082191780821918,1.6952054794520548,1.8493150684931507,4.315068493150685,1.8493150684931507,0.3082191780821918,0.1541095890410959,0.0,0.1541095890410959,1.8493150684931507,0.7705479452054794,0.0,0.0,80.84,48.39,36.36,45.45,14.29,56.25,83.33,68.75,0.1174126759061557,0.2085050021046203,0.1541095890410959,0.9246575342465754,0.0261893434931506,0.3082191780821918,2.773972602739726,2.6198630136986303,0.2919417087328768,12.482876712328768,LB/LCB,73,50,54,79,77,12,94,92,65,96,96,96,50,83,88,88,96,96,87,58,44,75,96,87,50,52,31,77,85,62,62,63,98,69,100,100,56,46,54,29,62,50,100,50,42,35,27,56,73,8,85,81,38,96,96,96,50,87,85,85,85,81,88,46,44,71,96,77,50,52,31,77,85,62,62,63,98,69,100,100,50,38,54,27,42,38,100,38,Eredivisie
Willem II,bk5ltsueqmeng29eovd8m2tml,6gabdz53gxhyp8dv6x5the4t1,H. ter Avest,Hidde ter Avest,29,Defender,Netherlands,Defender,71.0,87.0,157.0,29.0,442.0,9.0,2.0,9.0,3.0,12.0,2.0,5.0,2.0,0.0,2.0,2.0,2.0,24.0,5.0,1.0,3.0,0.0,1.0,1.0,1.0,0.0,0.0,76.59,13.04,12.5,50.0,20.0,63.04,63.16,64.29,0.3332293659918672,0.2051377000746611,2.0,5.0,0.13315528,2.0,16.0,15.0,0.4433348699999998,83.0,14.457013574660632,17.71493212669683,31.9683257918552,5.90497737556561,1.832579185520362,0.4072398190045249,1.832579185520362,0.6108597285067873,2.443438914027149,0.4072398190045249,1.0180995475113122,0.4072398190045249,0.0,0.4072398190045249,0.4072398190045249,0.4072398190045249,4.886877828054298,1.0180995475113122,0.2036199095022624,0.6108597285067873,0.0,0.2036199095022624,0.2036199095022624,0.2036199095022624,0.0,0.0,76.59,13.04,12.5,50.0,20.0,63.04,63.16,64.29,0.0678521333467602,0.0417701199247047,0.4072398190045249,1.0180995475113122,0.0271130660633484,0.4072398190045249,3.257918552036199,3.0542986425339365,0.0902718061085972,16.900452488687783,RB/RCB,47,47,42,71,71,21,79,13,89,24,76,61,47,71,34,34,79,63,74,87,45,58,39,53,53,53,11,11,37,82,50,95,89,68,63,32,89,47,42,34,45,39,32,42,42,63,47,95,68,16,84,11,95,21,74,63,47,74,37,37,95,63,79,89,45,74,47,63,53,53,11,11,37,82,50,95,89,68,74,37,89,47,42,37,68,47,37,58,Eredivisie
Willem II,bk5ltsueqmeng29eovd8m2tml,6zzcoo9k4ebqtlux49rbb5fro,M. Dekker,Maxim Dekker,22,Defender,Netherlands,Defender,113.0,69.0,182.0,11.0,308.0,1.0,1.0,0.0,6.0,8.0,1.0,1.0,1.0,0.0,1.0,1.0,1.0,12.0,1.0,0.0,0.0,0.0,0.0,0.0,1.0,0.0,0.0,94.3,46.15,0.0,100.0,0.0,64.71,61.54,0.0,0.1190614280510597,0.0732071249846143,0.0,8.0,0.15808786,5.0,14.0,13.0,0.22675156,94.0,33.019480519480524,20.162337662337663,53.18181818181819,3.2142857142857144,0.2922077922077922,0.2922077922077922,0.0,1.7532467532467533,2.337662337662338,0.2922077922077922,0.2922077922077922,0.2922077922077922,0.0,0.2922077922077922,0.2922077922077922,0.2922077922077922,3.5064935064935066,0.2922077922077922,0.0,0.0,0.0,0.0,0.0,0.2922077922077922,0.0,0.0,94.3,46.15,0.0,100.0,0.0,64.71,61.54,0.0,0.034790677027907,0.021391692365634,0.0,2.337662337662338,0.0461945045454545,1.4610389610389611,4.090909090909091,3.798701298701298,0.0662585727272727,27.467532467532468,CB,20,32,22,11,15,17,2,17,35,40,21,28,40,67,39,38,17,2,39,29,35,22,39,56,51,51,90,51,39,89,22,83,65,2,22,39,33,61,54,79,32,27,20,15,71,63,59,20,20,24,2,27,61,54,32,44,40,85,54,54,32,2,39,29,35,22,39,68,51,51,90,51,39,89,22,83,65,2,37,49,33,85,80,88,46,44,32,46,Eredivisie
Willem II,bk5ltsueqmeng29eovd8m2tml,7j0c36u6kk97eur4virjoka8l,T. Vilhena,Tonny Vilhena,31,Midfielder,Netherlands,Midfielder,30.0,63.0,87.0,15.0,242.0,3.0,5.0,2.0,4.0,4.0,6.0,4.0,1.0,0.0,1.0,3.0,3.0,8.0,2.0,0.0,3.0,0.0,0.0,6.0,1.0,0.0,0.0,81.31,50.0,46.15,33.33,0.0,62.5,80.0,40.0,0.3104855066830027,0.724275684860152,3.0,6.0,0.14988364,4.0,10.0,9.0,0.6183244099999999,46.0,11.157024793388429,23.4297520661157,32.35537190082644,5.578512396694214,1.1157024793388428,1.8595041322314048,0.743801652892562,1.487603305785124,1.487603305785124,2.2314049586776856,1.487603305785124,0.371900826446281,0.0,0.371900826446281,1.1157024793388428,1.1157024793388428,2.975206611570248,0.743801652892562,0.0,1.1157024793388428,0.0,0.0,2.2314049586776856,0.371900826446281,0.0,0.0,81.31,50.0,46.15,33.33,0.0,62.5,80.0,40.0,0.1154698165350009,0.2693587257744367,1.1157024793388428,2.2314049586776856,0.0557418495867768,1.487603305785124,3.7190082644628095,3.3471074380165287,0.229955359090909,17.107438016528924,CM/AM,12,15,10,27,12,62,23,29,62,33,12,13,50,19,21,19,63,38,25,37,17,10,71,21,50,50,23,29,85,31,10,96,100,15,12,54,42,15,19,23,15,8,50,12,50,46,38,88,19,92,27,54,85,77,38,19,50,35,50,46,96,58,25,65,17,10,96,31,50,50,23,29,85,31,10,96,100,15,31,88,69,38,35,54,46,42,81,50,Eredivisie
Willem II,bk5ltsueqmeng29eovd8m2tml,7s2zxbtepa7dgr8yl0s48afpw,F. Stam,Finn Stam,23,Defender,Netherlands,Defender,186.0,89.0,275.0,29.0,630.0,3.0,7.0,4.0,17.0,16.0,0.0,1.0,1.0,0.0,0.0,3.0,4.0,55.0,13.0,0.0,0.0,0.0,0.0,0.0,1.0,0.0,0.0,82.34,35.42,0.0,33.33,0.0,60.42,64.0,80.0,0.1303772199396902,0.0,0.0,3.0,0.06032968,2.0,20.0,18.0,0.4256434399999999,161.0,26.571428571428573,12.714285714285714,39.285714285714285,4.142857142857143,0.4285714285714285,1.0,0.5714285714285714,2.4285714285714284,2.2857142857142856,0.0,0.1428571428571428,0.1428571428571428,0.0,0.0,0.4285714285714285,0.5714285714285714,7.857142857142857,1.8571428571428568,0.0,0.0,0.0,0.0,0.0,0.1428571428571428,0.0,0.0,82.34,35.42,0.0,33.33,0.0,60.42,64.0,80.0,0.0186253171342414,0.0,0.0,0.4285714285714285,0.0086185257142857,0.2857142857142857,2.857142857142857,2.571428571428572,0.0608062057142856,23.0,CB,61,40,49,72,40,90,51,66,79,12,21,28,40,26,80,91,98,89,39,29,35,22,39,56,51,51,20,20,39,50,22,63,77,78,29,12,33,27,24,49,39,39,34,44,22,30,24,41,29,77,38,43,59,12,9,21,40,26,62,79,90,79,39,29,35,22,39,49,51,51,20,20,39,50,22,63,77,78,20,12,33,22,20,44,37,29,24,32,Eredivisie
Willem II,bk5ltsueqmeng29eovd8m2tml,891zjrm0zjc2e3ebjx11p2y38,J. Slory,Jaden Slory,21,Attacker,Netherlands,Striker,32.0,71.0,95.0,29.0,591.0,15.0,12.0,4.0,0.0,4.0,10.0,14.0,7.0,0.0,6.0,14.0,15.0,6.0,1.0,0.0,7.0,0.0,6.0,8.0,3.0,0.0,0.0,81.2,0.0,23.53,21.43,42.86,38.16,22.22,40.0,1.6907432740965784,1.009507175986822,8.0,21.0,0.6876658499999999,6.0,1.0,15.0,0.9598546900000002,37.0,4.873096446700508,10.812182741116752,14.467005076142131,4.416243654822336,2.284263959390863,1.8274111675126905,0.6091370558375635,0.0,0.6091370558375635,1.5228426395939088,2.1319796954314723,1.065989847715736,0.0,0.9137055837563453,2.1319796954314723,2.284263959390863,0.9137055837563453,0.1522842639593908,0.0,1.065989847715736,0.0,0.9137055837563453,1.218274111675127,0.4568527918781726,0.0,0.0,81.2,0.0,23.53,21.43,42.86,38.16,22.22,40.0,0.2574735950400881,0.1537320572568764,1.218274111675127,3.197969543147208,0.1047206878172588,0.9137055837563453,0.1522842639593908,2.284263959390863,0.1461707649746193,5.634517766497462,LW,78,50,50,94,47,100,72,6,78,78,78,69,53,100,66,66,97,25,25,84,16,84,91,22,53,53,62,6,50,19,56,6,50,31,100,75,81,56,56,53,6,75,69,47,12,19,6,44,25,75,44,6,62,56,56,50,53,88,31,31,56,25,25,81,16,56,88,19,53,53,62,6,50,19,56,6,50,31,69,50,62,50,56,31,6,25,38,12,Eredivisie
Willem II,bk5ltsueqmeng29eovd8m2tml,c0jg71f4b82c4p36ospswh2c4,U. van Aalst,Uriel van Aalst,20,Midfielder,Netherlands,Midfielder,40.0,72.0,112.0,21.0,630.0,23.0,4.0,0.0,5.0,3.0,7.0,13.0,12.0,0.0,5.0,13.0,14.0,9.0,6.0,2.0,1.0,1.0,2.0,0.0,9.0,0.0,0.0,77.78,62.5,0.0,69.23,15.38,52.5,30.0,0.0,1.5629967628079224,0.5898012733838216,1.0,10.0,0.45083691,7.0,11.0,17.0,0.3249139499999999,47.0,5.714285714285714,10.285714285714286,16.0,3.0,3.2857142857142856,0.5714285714285714,0.0,0.7142857142857143,0.4285714285714285,1.0,1.8571428571428568,1.7142857142857142,0.0,0.7142857142857143,1.8571428571428568,2.0,1.2857142857142858,0.8571428571428571,0.2857142857142857,0.1428571428571428,0.1428571428571428,0.2857142857142857,0.0,1.2857142857142858,0.0,0.0,77.78,62.5,0.0,69.23,15.38,52.5,30.0,0.0,0.2232852518297032,0.0842573247691173,0.1428571428571428,1.4285714285714286,0.0644052728571428,1.0,1.5714285714285714,2.4285714285714284,0.0464162785714285,6.714285714285714,CM/AM,23,23,21,56,77,48,6,38,52,44,69,96,50,81,77,77,71,75,85,12,54,35,13,83,50,50,12,63,13,88,19,69,27,6,88,38,13,31,50,46,19,40,12,15,8,8,8,19,65,19,6,23,27,23,50,81,50,69,69,65,65,62,73,4,35,27,13,77,50,50,12,63,13,88,19,69,27,6,65,27,8,15,46,31,12,12,8,12,Eredivisie
Willem II,bk5ltsueqmeng29eovd8m2tml,c5woigtqvzrfnyn8p47umr310,P. van Loon,Per van Loon,21,Midfielder,Netherlands,Midfielder,27.0,23.0,49.0,19.0,321.0,5.0,2.0,6.0,3.0,0.0,3.0,3.0,2.0,0.0,2.0,8.0,10.0,12.0,3.0,0.0,1.0,0.0,0.0,1.0,6.0,0.0,0.0,80.33,50.0,14.29,75.0,0.0,48.72,0.0,54.55,0.2663912459401177,0.2286479475052965,2.0,6.0,0.14276248,2.0,4.0,4.0,0.1263201,16.0,7.570093457943924,6.4485981308411215,13.738317757009344,5.327102803738318,1.4018691588785046,0.5607476635514018,1.6822429906542056,0.8411214953271028,0.0,0.8411214953271028,0.8411214953271028,0.5607476635514018,0.0,0.5607476635514018,2.242990654205608,2.803738317757009,3.364485981308411,0.8411214953271028,0.0,0.2803738317757009,0.0,0.0,0.2803738317757009,1.6822429906542056,0.0,0.0,80.33,50.0,14.29,75.0,0.0,48.72,0.0,54.55,0.0746891343757339,0.0641069011697093,0.5607476635514018,1.6822429906542056,0.0400268635514018,0.5607476635514018,1.1214953271028036,1.1214953271028036,0.0354168504672897,4.485981308411215,RM/RCM,44,11,22,50,11,28,83,39,17,28,11,17,56,33,56,56,78,83,28,33,22,22,22,67,56,56,56,50,22,100,22,44,22,33,11,22,33,33,33,28,22,11,11,11,44,11,22,78,22,33,89,33,17,44,11,22,56,33,67,67,89,100,28,33,22,22,22,78,56,56,56,50,22,100,22,44,22,33,11,44,33,44,33,22,22,11,11,11,Eredivisie
Willem II,bk5ltsueqmeng29eovd8m2tml,cyn9r9vb8vea1gkyqzwruck4,E. Gürbüz,Eser Gürbüz,19,Attacker,Netherlands,Striker,23.0,42.0,64.0,16.0,329.0,8.0,5.0,3.0,3.0,0.0,6.0,5.0,2.0,0.0,2.0,18.0,19.0,1.0,3.0,0.0,3.0,0.0,0.0,1.0,7.0,0.0,0.0,79.01,50.0,20.0,38.89,0.0,43.24,0.0,75.0,0.3366600112503242,0.6241079235152293,2.0,10.0,0.25296921,3.0,2.0,7.0,0.3140688799999999,23.0,6.291793313069909,11.48936170212766,17.507598784194528,4.376899696048632,2.188449848024316,1.3677811550151977,0.8206686930091186,0.8206686930091186,0.0,1.6413373860182372,1.3677811550151977,0.547112462006079,0.0,0.547112462006079,4.924012158054712,5.197568389057751,0.2735562310030395,0.8206686930091186,0.0,0.8206686930091186,0.0,0.0,0.2735562310030395,1.9148936170212767,0.0,0.0,79.01,50.0,20.0,38.89,0.0,43.24,0.0,75.0,0.0920954438070795,0.1707286112959593,0.547112462006079,2.7355623100303954,0.0692013036474164,0.8206686930091186,0.547112462006079,1.9148936170212767,0.0859154990881458,6.291793313069909,RW,24,12,6,32,18,65,44,24,12,35,12,12,50,18,82,82,21,56,26,41,24,9,15,59,53,53,41,26,50,29,9,24,12,82,12,35,29,24,18,26,12,18,18,12,53,29,41,47,18,65,53,29,12,47,12,12,50,18,88,88,24,71,26,41,24,9,18,76,53,53,41,26,50,29,9,24,12,82,12,47,29,29,24,29,12,18,24,18,Eredivisie
Willem II,bk5ltsueqmeng29eovd8m2tml,ip62fljz9ng6sil4krcq8dm1,J. Hoogma,Justin Hoogma,28,Defender,Netherlands,Defender,65.0,16.0,81.0,5.0,225.0,0.0,1.0,1.0,6.0,3.0,0.0,0.0,0.0,0.0,0.0,0.0,0.0,11.0,1.0,0.0,0.0,0.0,0.0,0.0,0.0,0.0,0.0,81.82,35.29,0.0,0.0,0.0,38.46,42.86,100.0,0.0,0.0,0.0,0.0,0.0,0.0,0.0,0.0,0.0,0.0,26.0,6.4,32.4,2.0,0.0,0.4,0.4,2.4,1.2,0.0,0.0,0.0,0.0,0.0,0.0,0.0,4.4,0.4,0.0,0.0,0.0,0.0,0.0,0.0,0.0,0.0,81.82,35.29,0.0,0.0,0.0,38.46,42.86,100.0,0.0,0.0,0.0,0.0,0.0,0.0,0.0,0.0,0.0,0.0,LB/LCB,33,4,8,4,10,12,6,31,31,10,10,13,50,21,6,6,33,10,33,21,44,31,12,15,50,52,40,15,12,15,31,15,46,96,10,10,21,10,10,8,8,8,8,8,92,4,50,8,10,19,15,85,69,10,10,13,50,21,6,6,92,12,33,21,44,31,12,15,50,52,40,15,12,15,31,15,46,96,10,10,21,10,10,8,8,8,8,8,Eredivisie
