Team,contestantId,playerId,Short Name,Player Name,Age,Position_x,Nationality,Position_y,total accurate back zone pass_Total,total accurate cross_Total,total accurate fwd zone pass_Total,total accurate long balls_Total,total accurate pass_Total,total aerial won_Total,total att assist_Total,total contest_Total,total dribbles attempted_Total,total duels won_Total,total effective clearance_Total,total interception_Total,total mins played,total was fouled_Total,total won contest_Total,total won tackle_Total,total assists_Total,total attempt_Total,total attempts ibox_Total,total attempts obox_Total,total blocked scoring att_Total,total goals_Total,total ontarget attempt_Total,total touches in opposition box_Total,total big chances saved_Total,total direct setpiece goals_Total,pass_success_pct_Total,long_balls_success_pct_Total,cross_success_pct_Total,dribble_success_pct_Total,attempt_success_pct_Total,duel_success_pct_Total,aerial_success_pct_Total,tackle_success_pct_Total,xG_Total,xA_Total,CreatedOwnShot_Total,Total Carries_Total,Total Carry xT_Total,Total Final Third Carries_Total,passes_into_final_third_Total,progressive_passes_Total,xT_pass_Total,forward_passes_Total,total accurate back zone pass_p90,total accurate cross_p90,total accurate fwd zone pass_p90,total accurate long balls_p90,total accurate pass_p90,total aerial won_p90,total att assist_p90,total contest_p90,total dribbles attempted_p90,total duels won_p90,total effective clearance_p90,total interception_p90,total was fouled_p90,total won contest_p90,total won tackle_p90,total assists_p90,total attempt_p90,total attempts ibox_p90,total attempts obox_p90,total blocked scoring att_p90,total goals_p90,total ontarget attempt_p90,total touches in opposition box_p90,total big chances saved_p90,total direct setpiece goals_p90,pass_success_pct_p90,long_balls_success_pct_p90,cross_success_pct_p90,dribble_success_pct_p90,attempt_success_pct_p90,duel_success_pct_p90,aerial_success_pct_p90,tackle_success_pct_p90,xG_p90,xA_p90,CreatedOwnShot_p90,Total Carries_p90,Total Carry xT_p90,Total Final Third Carries_p90,passes_into_final_third_p90,progressive_passes_p90,xT_pass_p90,forward_passes_p90,Pos.,total accurate back zone pass_TotalPR,total accurate cross_TotalPR,total accurate fwd zone pass_TotalPR,total accurate long balls_TotalPR,total accurate pass_TotalPR,total aerial won_TotalPR,total att assist_TotalPR,total contest_TotalPR,total dribbles attempted_TotalPR,total duels won_TotalPR,total effective clearance_TotalPR,total interception_TotalPR,total was fouled_TotalPR,total won contest_TotalPR,total won tackle_TotalPR,total assists_TotalPR,total attempt_TotalPR,total attempts ibox_TotalPR,total attempts obox_TotalPR,total blocked scoring att_TotalPR,total goals_TotalPR,total ontarget attempt_TotalPR,total touches in opposition box_TotalPR,total big chances saved_TotalPR,total direct setpiece goals_TotalPR,pass_success_pct_TotalPR,long_balls_success_pct_TotalPR,cross_success_pct_TotalPR,dribble_success_pct_TotalPR,attempt_success_pct_TotalPR,duel_success_pct_TotalPR,aerial_success_pct_TotalPR,tackle_success_pct_TotalPR,xG_TotalPR,xA_TotalPR,CreatedOwnShot_TotalPR,Total Carries_TotalPR,Total Carry xT_TotalPR,Total Final Third Carries_TotalPR,passes_into_final_third_TotalPR,progressive_passes_TotalPR,xT_pass_TotalPR,forward_passes_TotalPR,total accurate back zone pass_p90PR,total accurate cross_p90PR,total accurate fwd zone pass_p90PR,total accurate long balls_p90PR,total accurate pass_p90PR,total aerial won_p90PR,total att assist_p90PR,total contest_p90PR,total dribbles attempted_p90PR,total duels won_p90PR,total effective clearance_p90PR,total interception_p90PR,total was fouled_p90PR,total won contest_p90PR,total won tackle_p90PR,total assists_p90PR,total attempt_p90PR,total attempts ibox_p90PR,total attempts obox_p90PR,total blocked scoring att_p90PR,total goals_p90PR,total ontarget attempt_p90PR,total touches in opposition box_p90PR,total big chances saved_p90PR,total direct setpiece goals_p90PR,pass_success_pct_p90PR,long_balls_success_pct_p90PR,cross_success_pct_p90PR,dribble_success_pct_p90PR,attempt_success_pct_p90PR,duel_success_pct_p90PR,aerial_success_pct_p90PR,tackle_success_pct_p90PR,xG_p90PR,xA_p90PR,CreatedOwnShot_p90PR,Total Carries_p90PR,Total Carry xT_p90PR,Total Final Third Carries_p90PR,passes_into_final_third_p90PR,progressive_passes_p90PR,xT_pass_p90PR,forward_passes_p90PR,League
Milan,9dntj5dioj5ex52yrgwzxrq9l,2nddcty9qris2mmeldon0ogd1,A. Rabiot,Adrien Rabiot,31,Midfielder,France,Midfielder,85.0,1.0,99.0,4.0,183.0,3.0,3.0,4.0,4.0,13.0,6.0,1.0,306.0,5.0,2.0,3.0,2.0,4.0,2.0,2.0,1.0,2.0,2.0,8.0,0.0,0.0,87.98,36.36,20.0,50.0,50.0,44.83,50.0,100.0,0.4581351915607337,0.2559882737610773,0.0,8.0,0.19192833,4.0,10.0,6.0,0.25979736,87.0,25.0,0.2941176470588235,29.11764705882353,1.1764705882352942,53.82352941176471,0.8823529411764706,0.8823529411764706,1.1764705882352942,1.1764705882352942,3.823529411764706,1.7647058823529411,0.2941176470588235,1.4705882352941178,0.5882352941176471,0.8823529411764706,0.5882352941176471,1.1764705882352942,0.5882352941176471,0.5882352941176471,0.2941176470588235,0.5882352941176471,0.5882352941176471,2.3529411764705883,0.0,0.0,87.98,36.36,20.0,50.0,50.0,44.83,50.0,100.0,0.1347456445766864,0.075290668753258,0.0,2.3529411764705883,0.0564495088235294,1.1764705882352942,2.9411764705882355,1.7647058823529411,0.0764109882352941,25.58823529411765,DM/CM,56,62,65,33,58,71,50,59,56,38,70,17,65,67,45,97,53,76,53,58,98,85,85,52,52,45,14,58,67,80,15,68,98,82,58,17,58,58,70,26,15,48,45,70,67,76,42,79,73,55,61,58,36,70,18,70,70,45,97,61,73,52,61,100,88,94,52,52,45,14,58,67,80,15,68,98,76,58,17,67,73,76,27,15,45,58,Serie A
Milan,9dntj5dioj5ex52yrgwzxrq9l,3bm08rp9rgzh6cjhk0picxs6h,S. Chukwueze,Samuel Chukwueze,27,Attacker,Nigeria,Striker,84.0,6.0,71.0,9.0,149.0,3.0,10.0,14.0,14.0,19.0,2.0,4.0,386.0,1.0,8.0,5.0,2.0,6.0,4.0,2.0,1.0,0.0,3.0,17.0,0.0,0.0,80.11,56.25,28.57,57.14,50.0,61.29,50.0,71.43,0.5691035241884604,1.0408933454047449,3.0,20.0,0.6254020099999997,5.0,9.0,14.0,0.95957119,51.0,19.58549222797928,1.3989637305699485,16.554404145077722,2.098445595854922,34.740932642487046,0.6994818652849741,2.3316062176165806,3.2642487046632125,3.2642487046632125,4.430051813471502,0.466321243523316,0.932642487046632,0.233160621761658,1.865284974093264,1.1658031088082903,0.466321243523316,1.3989637305699485,0.932642487046632,0.466321243523316,0.233160621761658,0.0,0.6994818652849741,3.963730569948187,0.0,0.0,80.11,56.25,28.57,57.14,50.0,61.29,50.0,71.43,0.1326925315465322,0.2426953396021426,0.6994818652849741,4.663212435233161,0.1458191215025906,1.1658031088082903,2.098445595854922,3.2642487046632125,0.2237342152849741,11.89119170984456,RW,100,67,42,83,92,75,75,67,67,58,62,100,12,79,92,92,38,42,46,33,25,50,67,50,54,33,33,58,83,75,100,71,83,42,83,46,62,67,67,75,67,75,75,100,67,33,67,92,75,67,50,50,42,42,92,8,75,83,92,33,42,42,17,25,42,50,50,54,33,33,58,83,75,100,71,83,33,83,42,58,58,58,67,58,75,75,Serie A
Milan,9dntj5dioj5ex52yrgwzxrq9l,498kxii7w64hmki575xdur28k,A. Cisse,Alphadjo Cisse,19,Midfielder,Italy,Midfielder,37.0,1.0,40.0,2.0,76.0,1.0,2.0,9.0,9.0,12.0,0.0,0.0,231.0,8.0,1.0,2.0,0.0,7.0,6.0,1.0,1.0,2.0,2.0,13.0,0.0,0.0,82.61,50.0,11.11,11.11,28.57,38.71,33.33,100.0,0.5344052740866166,0.2047837313676476,2.0,1.0,0.02953272,2.0,3.0,4.0,0.25833832,29.0,14.415584415584414,0.3896103896103896,15.584415584415584,0.7792207792207791,29.610389610389607,0.3896103896103896,0.7792207792207791,3.506493506493506,3.506493506493506,4.675324675324675,0.0,0.0,3.1168831168831166,0.3896103896103896,0.7792207792207791,0.0,2.727272727272727,2.3376623376623376,0.3896103896103896,0.3896103896103896,0.7792207792207791,0.7792207792207791,5.064935064935065,0.0,0.0,82.61,50.0,11.11,11.11,28.57,38.71,33.33,100.0,0.2082098470467337,0.0797858693640185,0.7792207792207791,0.3896103896103896,0.0115062545454545,0.7792207792207791,1.1688311688311688,1.5584415584415583,0.1006512935064935,11.298701298701298,CM,100,100,100,100,100,100,100,100,100,100,100,100,100,100,100,100,100,100,100,100,100,100,100,100,100,100,100,100,100,100,100,100,100,100,100,100,100,100,100,100,100,100,100,100,100,100,100,100,100,100,100,100,100,100,100,100,100,100,100,100,100,100,100,100,100,100,100,100,100,100,100,100,100,100,100,100,100,100,100,100,100,100,100,100,100,100,Serie A
Milan,9dntj5dioj5ex52yrgwzxrq9l,5gond4ss348863bc1768s4q,Mario Gila,Mario Gila,26,Defender,Spain,Defender,211.0,1.0,92.0,27.0,302.0,8.0,4.0,3.0,3.0,22.0,13.0,3.0,431.0,5.0,1.0,6.0,0.0,1.0,1.0,0.0,0.0,0.0,1.0,2.0,0.0,0.0,90.96,65.85,33.33,33.33,100.0,53.66,57.14,75.0,0.1921131235829304,0.3243266659611561,0.0,7.0,0.1499013099999999,6.0,25.0,19.0,0.6681517699999997,183.0,44.06032482598608,0.2088167053364269,19.21113689095128,5.638051044083527,63.06264501160093,1.6705336426914157,0.8352668213457077,0.6264501160092808,0.6264501160092808,4.593967517401392,2.71461716937355,0.6264501160092808,1.0440835266821349,0.2088167053364269,1.2529002320185616,0.0,0.2088167053364269,0.2088167053364269,0.0,0.0,0.0,0.2088167053364269,0.4176334106728538,0.0,0.0,90.96,65.85,33.33,33.33,100.0,53.66,57.14,75.0,0.0401164295184773,0.0677248258387565,0.0,1.4617169373549883,0.0313018976798143,1.2529002320185616,5.220417633410673,3.967517401392112,0.139521251276102,38.21345707656613,RB/RCB,100,54,77,100,100,96,69,37,33,81,67,40,83,29,77,35,37,44,37,40,44,73,13,44,52,92,88,90,25,98,42,65,71,58,62,37,54,42,77,94,79,73,100,96,50,50,100,96,92,65,35,31,62,58,31,77,27,62,35,23,31,37,40,44,73,15,44,52,92,88,90,25,98,42,65,71,46,58,37,46,35,69,88,69,58,96,Serie A
Milan,9dntj5dioj5ex52yrgwzxrq9l,7wjdqyl3bkhsfca5cu4riwley,S. Pavlović,Strahinja Pavlovic,25,Defender,Serbia,Defender,255.0,0.0,90.0,10.0,345.0,11.0,1.0,6.0,6.0,34.0,23.0,1.0,450.0,7.0,3.0,11.0,1.0,5.0,4.0,1.0,1.0,0.0,2.0,8.0,1.0,0.0,92.0,45.45,0.0,50.0,40.0,72.34,73.33,84.62,0.5047339983351403,0.1098180655661552,1.0,2.0,0.04336653,3.0,11.0,20.0,0.5223437599999999,202.0,51.0,0.0,18.0,2.0,69.0,2.2,0.2,1.2,1.2,6.8,4.6,0.2,1.4,0.6,2.2,0.2,1.0,0.8,0.2,0.2,0.0,0.4,1.6,0.2,0.0,92.0,45.45,0.0,50.0,40.0,72.34,73.33,84.62,0.100946799667028,0.021963613113231,0.2,0.4,0.008673306,0.6,2.2,4.0,0.1044687519999999,40.4,LB/LCB,100,9,63,83,96,96,11,87,80,100,100,17,98,85,100,76,81,96,50,65,39,83,69,98,52,93,41,9,50,63,100,93,78,85,15,48,13,11,50,52,72,44,100,100,9,41,61,96,93,9,72,69,100,96,4,85,76,100,59,74,89,41,61,39,70,44,96,52,93,41,9,50,63,100,93,78,74,15,37,7,7,35,37,59,30,96,Serie A
Milan,9dntj5dioj5ex52yrgwzxrq9l,87g6qlasqe627i5g7ir30j2sp,P. Estupiñán,Pervis Estupiñán,28,Defender,Ecuador,Defender,90.0,2.0,66.0,2.0,154.0,3.0,2.0,1.0,1.0,8.0,15.0,6.0,280.0,1.0,1.0,2.0,0.0,5.0,3.0,2.0,4.0,0.0,0.0,6.0,0.0,0.0,92.22,100.0,33.33,100.0,0.0,50.0,60.0,66.67,0.6057793755870979,0.215114776972475,3.0,5.0,0.10939604,5.0,6.0,9.0,0.4000541599999997,73.0,28.928571428571427,0.6428571428571428,21.214285714285715,0.6428571428571428,49.5,0.9642857142857144,0.6428571428571428,0.3214285714285714,0.3214285714285714,2.571428571428571,4.821428571428571,1.9285714285714288,0.3214285714285714,0.3214285714285714,0.6428571428571428,0.0,1.6071428571428572,0.9642857142857144,0.6428571428571428,1.2857142857142856,0.0,0.0,1.9285714285714288,0.0,0.0,92.22,100.0,33.33,100.0,0.0,50.0,60.0,66.67,0.1947147992958529,0.0691440354554383,0.9642857142857144,1.6071428571428572,0.0351630128571428,1.6071428571428572,1.9285714285714288,2.892857142857143,0.128588837142857,23.464285714285715,LB/LCB,67,50,48,13,52,39,24,22,22,13,83,91,30,48,15,30,81,80,74,100,39,19,43,48,52,96,100,69,93,19,37,70,48,93,30,93,44,41,80,17,24,30,54,74,56,67,22,74,56,33,33,33,19,100,96,44,59,26,30,89,96,81,100,39,19,67,48,52,96,100,69,93,19,37,70,48,100,37,93,56,48,89,26,41,41,63,Serie A
Milan,9dntj5dioj5ex52yrgwzxrq9l,95r0jtkw03vjohzwc8os8ielm,K. De Winter,Koni De Winter,24,Defender,Belgium,Defender,216.0,0.0,60.0,5.0,276.0,11.0,0.0,1.0,1.0,22.0,24.0,5.0,450.0,1.0,1.0,7.0,0.0,4.0,4.0,0.0,1.0,0.0,0.0,7.0,0.0,0.0,95.17,50.0,0.0,100.0,0.0,62.86,84.62,77.78,0.5830199788527043,0.0,0.0,1.0,0.01935132,0.0,4.0,5.0,0.1792677500000001,164.0,43.2,0.0,12.0,1.0,55.2,2.2,0.0,0.2,0.2,4.4,4.8,1.0,0.2,0.2,1.4,0.0,0.8,0.8,0.0,0.2,0.0,0.0,1.4,0.0,0.0,95.17,50.0,0.0,100.0,0.0,62.86,84.62,77.78,0.1166039957705408,0.0,0.0,0.2,0.003870264,0.0,0.8,1.0,0.03585355,32.8,CB,94,47,65,38,76,71,18,65,62,68,58,55,27,74,91,44,83,85,45,92,47,32,82,50,52,85,45,47,91,32,64,94,76,91,21,44,48,44,27,32,26,33,77,82,47,45,18,67,62,18,58,55,55,39,33,14,68,71,44,68,73,45,89,47,32,76,50,52,85,45,47,91,32,64,94,76,79,21,44,39,39,27,21,20,18,70,Serie A
Milan,9dntj5dioj5ex52yrgwzxrq9l,9v4l7ic3ve6d22c0gs9p1oe3u,Gonçalo Ramos,Gonçalo Matias Ramos,25,Attacker,Portugal,Striker,49.0,0.0,46.0,2.0,95.0,12.0,4.0,11.0,12.0,25.0,5.0,1.0,445.0,5.0,2.0,2.0,1.0,14.0,12.0,2.0,3.0,1.0,4.0,22.0,0.0,0.0,77.87,66.67,0.0,18.18,28.57,40.32,48.0,33.33,1.540858678017608,0.2904756429295315,0.0,5.0,0.10790282,0.0,7.0,3.0,0.23220427,28.0,9.910112359550562,0.0,9.303370786516853,0.4044943820224719,19.21348314606741,2.426966292134831,0.8089887640449438,2.224719101123596,2.426966292134831,5.056179775280898,1.0112359550561798,0.2022471910112359,1.0112359550561798,0.4044943820224719,0.4044943820224719,0.2022471910112359,2.831460674157303,2.426966292134831,0.4044943820224719,0.6067415730337078,0.2022471910112359,0.8089887640449438,4.449438202247191,0.0,0.0,77.87,66.67,0.0,18.18,28.57,40.32,48.0,33.33,0.3116343393743476,0.0587478828396805,0.0,1.0112359550561798,0.021823042247191,0.0,1.4157303370786516,0.6067415730337078,0.0469626613483146,5.662921348314606,ST,100,33,81,73,92,96,46,79,77,92,96,69,33,46,69,83,81,79,54,67,44,60,69,50,52,54,60,33,27,27,38,65,29,77,46,6,69,50,17,88,40,73,85,92,33,58,65,77,81,38,69,73,69,77,58,23,35,58,81,58,62,42,54,31,42,42,50,52,54,60,33,27,27,38,65,29,58,38,6,50,31,17,77,35,50,65,Serie A
Milan,9dntj5dioj5ex52yrgwzxrq9l,b2e12l3s3dxgyr8d2rk5qb9ey,Y. Musah,Yunus Musah,23,Midfielder,USA,Midfielder,76.0,1.0,77.0,4.0,152.0,1.0,1.0,7.0,7.0,15.0,3.0,3.0,329.0,7.0,4.0,2.0,0.0,1.0,1.0,0.0,0.0,0.0,0.0,3.0,0.0,0.0,90.48,66.67,100.0,57.14,0.0,68.18,33.33,66.67,0.1589139285667981,0.0638833093702107,0.0,9.0,0.20183212,2.0,10.0,9.0,0.17331082,61.0,20.790273556231003,0.2735562310030395,21.06382978723404,1.094224924012158,41.58054711246201,0.2735562310030395,0.2735562310030395,1.9148936170212767,1.9148936170212767,4.103343465045593,0.8206686930091186,0.8206686930091186,1.9148936170212767,1.094224924012158,0.547112462006079,0.0,0.2735562310030395,0.2735562310030395,0.0,0.0,0.0,0.0,0.8206686930091186,0.0,0.0,90.48,66.67,100.0,57.14,0.0,68.18,33.33,66.67,0.0434718953526195,0.0174756773353159,0.0,2.462006079027356,0.0552124340425531,0.547112462006079,2.7355623100303954,2.462006079027356,0.0474102547112462,16.68693009118541,DM/CM,45,62,45,33,42,38,12,85,85,55,33,45,79,91,27,30,14,47,11,24,41,23,47,52,52,76,76,98,76,23,98,48,64,24,9,17,62,64,30,26,33,15,33,39,61,48,36,39,36,12,91,91,48,30,48,76,91,30,30,12,48,11,24,41,23,45,52,52,76,76,98,76,23,98,48,64,27,12,17,70,70,27,24,36,18,27,Serie A
Milan,9dntj5dioj5ex52yrgwzxrq9l,diod1hv5hv7v7z7mfleev1txx,L. Modrić,Luka Modric,41,Midfielder,Croatia,Midfielder,159.0,4.0,109.0,19.0,264.0,2.0,5.0,5.0,5.0,11.0,2.0,7.0,311.0,3.0,2.0,1.0,0.0,0.0,0.0,0.0,0.0,0.0,0.0,0.0,0.0,0.0,91.99,76.0,36.36,40.0,0.0,50.0,50.0,25.0,0.0,0.6504361064968144,0.0,6.0,0.13400257,3.0,24.0,23.0,0.75835196,165.0,46.0128617363344,1.157556270096463,31.543408360128616,5.498392282958199,76.39871382636656,0.5787781350482315,1.4469453376205788,1.4469453376205788,1.4469453376205788,3.183279742765273,0.5787781350482315,2.02572347266881,0.8681672025723473,0.5787781350482315,0.2893890675241157,0.0,0.0,0.0,0.0,0.0,0.0,0.0,0.0,0.0,0.0,91.99,76.0,36.36,40.0,0.0,50.0,50.0,25.0,0.0,0.1882290983431295,0.0,1.7363344051446945,0.038778878778135,0.8681672025723473,6.945337620578778,6.655948553054662,0.2194587665594855,47.749196141479096,DM/CM,97,100,73,100,94,58,76,73,71,24,15,89,41,67,11,30,3,15,11,24,41,23,8,52,52,82,85,76,55,23,47,68,12,3,100,17,48,48,50,83,80,94,91,100,100,82,100,94,58,79,79,76,30,15,88,45,67,12,30,3,15,11,24,41,23,8,52,52,82,85,76,55,23,47,68,12,3,100,17,45,48,58,88,85,94,100,Serie A
Milan,9dntj5dioj5ex52yrgwzxrq9l,e6jaaazxqeczj6ziaj0qnqpxx,R. Loftus-Cheek,Ruben Loftus-Cheek,30,Midfielder,England,Midfielder,29.0,2.0,45.0,1.0,72.0,2.0,8.0,5.0,5.0,7.0,1.0,0.0,210.0,2.0,2.0,1.0,0.0,5.0,4.0,1.0,2.0,0.0,0.0,12.0,0.0,0.0,93.51,100.0,50.0,40.0,0.0,33.33,25.0,100.0,0.4951253734064869,0.6245720977536198,1.0,6.0,0.1687462,2.0,6.0,5.0,0.29264392,32.0,12.428571428571429,0.8571428571428571,19.285714285714285,0.4285714285714285,30.85714285714285,0.8571428571428571,3.4285714285714284,2.142857142857143,2.142857142857143,3.0,0.4285714285714285,0.0,0.8571428571428571,0.8571428571428571,0.4285714285714285,0.0,2.142857142857143,1.7142857142857142,0.4285714285714285,0.8571428571428571,0.0,0.0,5.142857142857142,0.0,0.0,93.51,100.0,50.0,40.0,0.0,33.33,25.0,100.0,0.21219658860278,0.2676737561801227,0.4285714285714285,2.571428571428571,0.0723198,0.8571428571428571,2.571428571428571,2.142857142857143,0.1254188228571428,13.714285714285714,RM/RCM,25,69,25,19,25,38,81,44,44,25,12,12,44,44,25,38,44,56,31,69,44,19,69,56,56,100,94,100,44,19,12,19,100,50,62,44,25,38,38,25,25,38,25,75,75,50,25,50,62,100,75,75,38,12,12,88,75,38,38,88,75,50,75,44,19,100,56,56,100,94,100,44,19,12,19,100,75,75,62,50,62,50,50,38,75,62,Serie A
Monza,67z1gqyiuzpmmb15q5fy7ntc4,3o7gvykqi9ldgjrzxl14dqas4,E. Akinsanmiro,Ebenezer Akinsanmiro,21,Midfielder,Nigeria,Midfielder,50.0,1.0,101.0,6.0,150.0,2.0,4.0,1.0,1.0,12.0,4.0,4.0,266.0,4.0,1.0,2.0,1.0,0.0,0.0,0.0,0.0,0.0,0.0,3.0,0.0,0.0,92.02,75.0,100.0,100.0,0.0,41.38,66.67,40.0,0.0,0.3891537578456372,0.0,12.0,0.29464107,8.0,21.0,18.0,0.5940337700000001,87.0,16.917293233082706,0.3383458646616541,34.17293233082707,2.0300751879699246,50.751879699248114,0.6766917293233082,1.3533834586466165,0.3383458646616541,0.3383458646616541,4.060150375939849,1.3533834586466165,1.3533834586466165,1.3533834586466165,0.3383458646616541,0.6766917293233082,0.3383458646616541,0.0,0.0,0.0,0.0,0.0,0.0,1.0150375939849623,0.0,0.0,92.02,75.0,100.0,100.0,0.0,41.38,66.67,40.0,0.0,0.131668564684614,0.0,4.060150375939849,0.0996905875939849,2.706766917293233,7.105263157894736,6.090225563909774,0.2009888695488722,29.43609022556391,CM/AM,41,30,59,50,52,68,34,7,7,34,73,73,45,16,48,75,5,11,9,20,34,18,23,52,50,91,84,100,95,18,34,82,27,5,36,9,57,59,75,70,59,64,55,55,36,73,68,82,68,45,9,9,68,77,86,64,18,50,82,5,11,9,20,34,18,36,52,50,91,84,100,95,18,34,82,27,5,50,9,77,77,86,91,82,86,77,Serie A
Monza,67z1gqyiuzpmmb15q5fy7ntc4,4ax49niuix9tiqdv05y3vbdn9,Ricardo Mangas,Ricardo Luís Chaby Mangas,28,Defender,Portugal,Defender,29.0,4.0,52.0,7.0,77.0,5.0,8.0,7.0,8.0,15.0,8.0,4.0,371.0,6.0,0.0,3.0,2.0,3.0,2.0,1.0,0.0,1.0,2.0,7.0,0.0,0.0,75.49,70.0,25.0,0.0,66.67,42.86,62.5,75.0,0.4272672418272544,0.773314327038028,1.0,8.0,0.15919009,4.0,7.0,7.0,0.7820615299999998,42.0,7.035040431266848,0.9703504043126686,12.61455525606469,1.69811320754717,18.67924528301887,1.2129380053908356,1.9407008086253368,1.69811320754717,1.9407008086253368,3.6388140161725073,1.9407008086253368,0.9703504043126686,1.4555256064690028,0.0,0.7277628032345014,0.4851752021563343,0.7277628032345014,0.4851752021563343,0.2425876010781671,0.0,0.2425876010781671,0.4851752021563343,1.69811320754717,0.0,0.0,75.49,70.0,25.0,0.0,66.67,42.86,62.5,75.0,0.1036497352141587,0.1875964674755324,0.2425876010781671,1.9407008086253368,0.0386175420485175,0.9703504043126686,1.69811320754717,1.69811320754717,0.1897184304582209,10.18867924528302,LB/LCB,6,80,24,56,15,70,85,96,93,44,37,54,89,17,37,98,56,54,50,30,87,83,52,48,52,15,93,50,17,94,15,78,72,74,85,48,70,59,67,24,13,78,17,7,78,19,52,15,67,85,96,89,48,33,56,89,17,30,96,48,56,48,30,89,85,56,48,52,15,93,50,17,94,15,78,72,78,81,44,74,56,63,15,11,70,11,Serie A
Monza,67z1gqyiuzpmmb15q5fy7ntc4,5mjnwh7z3nk3g8kipl6a69ses,J. Robinson,Jay Robinson,19,Attacker,England,Striker,9.0,0.0,30.0,3.0,39.0,2.0,2.0,9.0,10.0,19.0,0.0,0.0,234.0,9.0,2.0,2.0,0.0,6.0,3.0,3.0,0.0,1.0,4.0,5.0,0.0,0.0,78.0,100.0,0.0,22.22,66.67,47.5,50.0,33.33,0.5655594965527837,0.1631956742223813,2.0,9.0,0.2352942599999999,5.0,3.0,7.0,0.25789029,20.0,3.461538461538461,0.0,11.538461538461538,1.1538461538461535,15.0,0.7692307692307692,0.7692307692307692,3.461538461538461,3.846153846153846,7.3076923076923075,0.0,0.0,3.461538461538461,0.7692307692307692,0.7692307692307692,0.0,2.3076923076923075,1.1538461538461535,1.1538461538461535,0.0,0.3846153846153846,1.5384615384615383,1.923076923076923,0.0,0.0,78.0,100.0,0.0,22.22,66.67,47.5,50.0,33.33,0.2175228832895321,0.0627675670086082,0.7692307692307692,3.461538461538461,0.0904977923076922,1.923076923076923,1.1538461538461535,2.692307692307692,0.099188573076923,7.692307692307692,LW,9,23,41,55,27,68,50,36,36,50,23,27,82,9,36,41,27,18,59,14,77,73,18,55,55,36,95,23,9,100,55,77,27,36,45,23,45,45,73,45,68,55,64,9,23,45,73,45,73,45,36,45,73,23,27,91,9,36,41,36,36,73,14,82,91,18,55,55,36,95,23,9,100,55,77,27,55,45,27,55,55,82,55,64,55,73,Serie A
Monza,67z1gqyiuzpmmb15q5fy7ntc4,721e4tx2wrwb4kd9w80fcq19l,S. Birindelli,Samuele Birindelli,27,Defender,Italy,Defender,42.0,5.0,73.0,5.0,110.0,1.0,8.0,4.0,4.0,13.0,8.0,3.0,443.0,5.0,1.0,3.0,2.0,6.0,5.0,1.0,0.0,0.0,4.0,11.0,0.0,0.0,83.33,41.67,23.81,25.0,66.67,46.43,16.67,50.0,0.4446003632092061,0.8733334150752332,2.0,9.0,0.2026559499999999,5.0,16.0,15.0,0.9542899599999998,54.0,8.53273137697517,1.015801354401806,14.830699774266364,1.015801354401806,22.34762979683973,0.2031602708803611,1.6252821670428892,0.8126410835214446,0.8126410835214446,2.641083521444695,1.6252821670428892,0.6094808126410834,1.015801354401806,0.2031602708803611,0.6094808126410834,0.4063205417607223,1.218961625282167,1.015801354401806,0.2031602708803611,0.0,0.0,0.8126410835214446,2.234762979683973,0.0,0.0,83.33,41.67,23.81,25.0,66.67,46.43,16.67,50.0,0.0903251302230892,0.1774266531755552,0.4063205417607223,1.8284424379232505,0.0411716376975169,1.015801354401806,3.2505643340857784,3.0474040632054176,0.1938738067720089,10.970654627539504,RB/RCB,15,98,50,54,19,13,94,58,50,27,33,40,83,29,23,98,92,98,79,40,44,100,88,44,52,35,48,65,13,92,23,8,29,81,96,88,67,62,65,75,63,88,21,12,96,35,46,12,8,88,50,38,19,31,27,65,19,19,96,88,96,73,40,44,100,85,44,52,35,48,65,13,92,23,8,29,77,96,85,54,54,54,65,54,85,8,Serie A
Monza,67z1gqyiuzpmmb15q5fy7ntc4,8ofihttdgz6nyxxon2zim7x0p,M. Folorunsho,Michael Folorunsho,28,Midfielder,Italy,Midfielder,51.0,2.0,87.0,4.0,136.0,3.0,4.0,3.0,4.0,20.0,4.0,3.0,306.0,8.0,1.0,4.0,0.0,7.0,4.0,3.0,4.0,0.0,0.0,7.0,0.0,0.0,82.93,26.67,33.33,33.33,0.0,50.0,30.0,50.0,0.5709596258543651,0.279659614584158,3.0,4.0,0.08006879,4.0,20.0,25.0,0.6972386799999997,77.0,15.0,0.5882352941176471,25.58823529411765,1.1764705882352942,40.0,0.8823529411764706,1.1764705882352942,0.8823529411764706,1.1764705882352942,5.882352941176471,1.1764705882352942,0.8823529411764706,2.3529411764705883,0.2941176470588235,1.1764705882352942,0.0,2.058823529411765,1.1764705882352942,0.8823529411764706,1.1764705882352942,0.0,0.0,2.058823529411765,0.0,0.0,82.93,26.67,33.33,33.33,0.0,50.0,30.0,50.0,0.1679293017218721,0.08225282781887,0.8823529411764706,1.1764705882352942,0.023549644117647,1.1764705882352942,5.882352941176471,7.352941176470589,0.2050701999999999,22.647058823529413,RM/RCM,62,69,50,50,50,62,25,25,25,100,75,56,100,12,62,38,88,56,81,94,44,19,44,56,56,12,25,75,19,19,62,38,25,75,25,88,12,12,62,88,100,88,88,100,62,88,75,88,75,25,25,25,100,75,75,100,12,75,38,62,62,88,88,44,19,50,56,56,12,25,75,19,19,62,38,25,62,25,88,12,12,75,100,100,88,88,Serie A
Monza,67z1gqyiuzpmmb15q5fy7ntc4,8smzjuaqx9238kylng11dgphw,Gustavo Varela,Gustavo Miguel Pereira Sousa Varela,21,Attacker,Portugal,Striker,15.0,0.0,31.0,2.0,46.0,4.0,6.0,11.0,13.0,8.0,4.0,0.0,338.0,1.0,3.0,0.0,0.0,11.0,8.0,3.0,2.0,4.0,5.0,19.0,0.0,0.0,79.31,100.0,0.0,27.27,45.45,21.05,25.0,0.0,1.0892184792688286,0.4056403894546263,1.0,2.0,0.04320281,1.0,7.0,6.0,0.1966711,19.0,3.994082840236687,0.0,8.254437869822485,0.5325443786982249,12.248520710059172,1.0650887573964498,1.5976331360946745,2.9289940828402368,3.4615384615384617,2.1301775147929,1.0650887573964498,0.0,0.2662721893491124,0.7988165680473372,0.0,0.0,2.9289940828402368,2.1301775147929,0.7988165680473372,0.5325443786982249,1.0650887573964498,1.331360946745562,5.059171597633136,0.0,0.0,79.31,100.0,0.0,27.27,45.45,21.05,25.0,0.0,0.2900285891544218,0.1080107545885099,0.2662721893491124,0.5325443786982249,0.0115037068047337,0.2662721893491124,1.863905325443787,1.5976331360946745,0.0523680443786982,5.059171597633136,ST,48,33,46,73,52,44,83,79,81,6,81,29,8,65,12,38,62,56,77,44,92,75,60,50,52,69,85,33,38,81,4,19,12,50,65,19,23,12,44,88,85,54,62,46,33,42,77,46,46,65,81,81,4,81,29,8,65,12,38,62,58,81,50,92,73,62,50,52,69,85,33,38,81,4,19,12,50,62,15,19,12,38,88,81,58,58,Serie A
Monza,67z1gqyiuzpmmb15q5fy7ntc4,chjjcy789cuwlsik2ibmubtyi,A. Carboni,Andrea Carboni,25,Defender,Italy,Defender,115.0,1.0,106.0,19.0,220.0,15.0,2.0,0.0,0.0,25.0,11.0,5.0,441.0,2.0,0.0,4.0,0.0,4.0,4.0,0.0,0.0,0.0,2.0,8.0,0.0,0.0,81.78,57.58,20.0,0.0,50.0,59.52,57.69,50.0,0.5439413550195447,0.2787047758694735,0.0,3.0,0.07289925,6.0,23.0,33.0,0.6612724200000002,127.0,23.46938775510204,0.2040816326530612,21.632653061224488,3.877551020408163,44.89795918367346,3.061224489795918,0.4081632653061224,0.0,0.0,5.1020408163265305,2.2448979591836733,1.020408163265306,0.4081632653061224,0.0,0.8163265306122448,0.0,0.8163265306122448,0.8163265306122448,0.0,0.0,0.0,0.4081632653061224,1.6326530612244896,0.0,0.0,81.78,57.58,20.0,0.0,50.0,59.52,57.69,50.0,0.111008439799907,0.0568785256876476,0.0,0.6122448979591836,0.0148773979591836,1.2244897959183672,4.693877551020408,6.73469387755102,0.1349535551020408,25.918367346938773,LB/LCB,78,28,85,96,81,100,24,6,6,96,65,74,54,17,54,30,72,96,20,30,39,83,69,48,52,26,78,35,17,74,70,63,35,89,37,19,28,30,93,93,96,59,81,70,22,70,96,56,100,19,6,6,78,48,63,48,17,44,30,59,93,20,30,39,78,48,48,52,26,78,35,17,74,70,63,35,81,30,19,26,22,74,78,85,44,74,Serie A
Monza,67z1gqyiuzpmmb15q5fy7ntc4,dnoda2j8vhyppw1gt0s6x2044,E. Kouadio,Eddy Kouadio,20,Defender,Italy,Defender,115.0,0.0,61.0,8.0,176.0,6.0,2.0,0.0,1.0,17.0,17.0,15.0,441.0,0.0,0.0,6.0,0.0,2.0,2.0,0.0,0.0,0.0,2.0,4.0,0.0,0.0,84.62,27.59,0.0,0.0,100.0,58.62,66.67,54.55,0.3148604582558714,0.2479876878103366,0.0,2.0,0.08312942,1.0,10.0,10.0,0.4348399899999997,97.0,23.46938775510204,0.0,12.448979591836734,1.6326530612244896,35.91836734693877,1.2244897959183672,0.4081632653061224,0.0,0.2040816326530612,3.4693877551020407,3.4693877551020407,3.061224489795918,0.0,0.0,1.2244897959183672,0.0,0.4081632653061224,0.4081632653061224,0.0,0.0,0.0,0.4081632653061224,0.8163265306122448,0.0,0.0,84.62,27.59,0.0,0.0,100.0,58.62,66.67,54.55,0.0642572363787492,0.0506097322061911,0.0,0.4081632653061224,0.016965187755102,0.2040816326530612,2.0408163265306123,2.0408163265306123,0.0887428551020407,19.79591836734694,CB,39,47,70,62,45,42,77,27,62,45,39,100,6,33,73,44,48,55,45,44,47,89,58,50,52,21,15,47,33,97,52,74,30,61,94,44,67,79,64,77,73,88,48,24,47,48,48,24,24,70,27,62,27,12,97,6,33,58,44,39,47,45,44,47,85,48,50,52,21,15,47,33,97,52,74,30,58,85,44,64,73,55,67,61,73,36,Serie A
Monza,67z1gqyiuzpmmb15q5fy7ntc4,duqiler25n63ksi0fxreo50mi,A. Colpani,Andrea Colpani,27,Midfielder,Italy,Midfielder,18.0,5.0,36.0,1.0,49.0,2.0,6.0,5.0,5.0,6.0,2.0,2.0,254.0,2.0,2.0,0.0,0.0,6.0,5.0,1.0,0.0,1.0,4.0,5.0,0.0,0.0,83.05,20.0,45.45,40.0,66.67,40.0,50.0,0.0,0.6500526904528806,0.7859526628108735,1.0,10.0,0.24491358,2.0,4.0,3.0,0.05603038,12.0,6.377952755905511,1.7716535433070866,12.755905511811022,0.3543307086614173,17.362204724409448,0.7086614173228346,2.125984251968504,1.7716535433070866,1.7716535433070866,2.125984251968504,0.7086614173228346,0.7086614173228346,0.7086614173228346,0.7086614173228346,0.0,0.0,2.125984251968504,1.7716535433070866,0.3543307086614173,0.0,0.3543307086614173,1.4173228346456692,1.7716535433070866,0.0,0.0,83.05,20.0,45.45,40.0,66.67,40.0,50.0,0.0,0.2303336304754301,0.2784871639881047,0.3543307086614173,3.543307086614173,0.0867804023622047,0.7086614173228346,1.4173228346456692,1.062992125984252,0.0198532842519685,4.251968503937007,RM/RCM,12,100,12,19,12,38,44,44,44,12,31,31,44,44,12,38,69,88,31,12,94,100,25,56,56,25,12,88,44,100,38,75,12,88,88,44,62,62,38,12,12,12,12,12,100,12,12,12,38,62,62,62,12,50,50,75,62,12,38,75,100,38,12,100,100,38,56,56,25,12,88,44,100,38,75,12,88,88,50,75,75,38,12,12,12,12,Serie A
Monza,67z1gqyiuzpmmb15q5fy7ntc4,eqb9vu09rjjofy9iksko10qac,L. Lucchesi,Lorenzo Lucchesi,23,Defender,Italy,Defender,148.0,0.0,42.0,8.0,190.0,10.0,1.0,2.0,2.0,22.0,25.0,13.0,419.0,2.0,2.0,3.0,0.0,4.0,4.0,0.0,0.0,0.0,3.0,5.0,0.0,0.0,95.48,72.73,0.0,100.0,75.0,44.9,43.48,37.5,0.5447213786079407,0.1501220458690902,0.0,0.0,0.0,0.0,4.0,7.0,0.31044752,127.0,31.78997613365155,0.0,9.021479713603815,1.7183770883054892,40.81145584725537,2.1479713603818613,0.2147971360381861,0.4295942720763723,0.4295942720763723,4.725536992840095,5.369928400954653,2.79236276849642,0.4295942720763723,0.4295942720763723,0.6443914081145584,0.0,0.8591885441527446,0.8591885441527446,0.0,0.0,0.0,0.6443914081145584,1.0739856801909309,0.0,0.0,95.48,72.73,0.0,100.0,75.0,44.9,43.48,37.5,0.1170045920637581,0.0322457855088737,0.0,0.0,0.0,0.0,0.8591885441527446,1.503579952267303,0.0666832381861575,27.27923627684964,CB,56,47,41,62,52,65,50,83,82,68,70,97,52,92,29,44,83,85,45,44,47,100,65,50,52,91,97,47,91,91,15,18,11,85,73,44,20,20,27,32,55,64,64,48,47,21,52,33,58,48,88,85,58,61,94,55,94,18,44,85,88,45,44,47,97,64,50,52,91,97,47,91,91,15,18,11,82,73,44,20,20,27,27,39,45,45,Serie A
Fiorentina,4raiad4l2j5lkfaz92pk4osb,1fkntyd2z8e169yh98k0zst90,F. Mastantuono,Franco Mastantuono,19,Attacker,Argentina,Striker,22.0,3.0,77.0,1.0,96.0,1.0,10.0,23.0,24.0,22.0,0.0,3.0,377.0,9.0,9.0,2.0,0.0,22.0,14.0,8.0,5.0,3.0,8.0,36.0,0.0,0.0,78.69,25.0,25.0,39.13,36.36,34.38,9.09,66.67,2.078872666211584,0.8656549157074942,9.0,15.0,0.46912119,8.0,6.0,13.0,0.4312255600000001,38.0,5.251989389920424,0.7161803713527851,18.381962864721483,0.2387267904509283,22.917771883289124,0.2387267904509283,2.3872679045092835,5.4907161803713525,5.729442970822281,5.251989389920424,0.0,0.7161803713527851,2.1485411140583555,2.1485411140583555,0.4774535809018567,0.0,5.251989389920424,3.342175066312997,1.909814323607427,1.1936339522546418,0.7161803713527851,1.909814323607427,8.594164456233422,0.0,0.0,78.69,25.0,25.0,39.13,36.36,34.38,9.09,66.67,0.4962825993608556,0.206655019664919,2.1485411140583555,3.580901856763925,0.1119917960212201,1.909814323607427,1.4323607427055702,3.103448275862069,0.1029450938992042,9.07161803713528,RW,42,38,50,12,42,42,75,96,92,75,21,83,100,92,50,29,100,100,100,100,100,100,83,50,54,17,8,33,42,42,17,25,75,100,67,100,50,50,88,50,54,33,46,25,33,42,8,33,25,75,92,92,67,21,75,92,83,42,29,100,100,100,100,100,92,83,50,54,17,8,33,42,42,17,25,75,100,58,100,50,50,83,25,50,33,33,Serie A
Fiorentina,4raiad4l2j5lkfaz92pk4osb,1kk5928mkxm2coxeic26dorh0,Viery,Viery Fernandes Santos Lopes,21,Defender,Brazil,Defender,39.0,0.0,48.0,4.0,87.0,3.0,0.0,1.0,2.0,11.0,11.0,3.0,254.0,0.0,0.0,3.0,0.0,0.0,0.0,0.0,0.0,0.0,0.0,0.0,0.0,0.0,82.86,40.0,0.0,0.0,0.0,55.0,50.0,37.5,0.0,0.0,0.0,0.0,0.0,0.0,0.0,0.0,0.0,0.0,13.818897637795274,0.0,17.00787401574803,1.4173228346456692,30.826771653543304,1.062992125984252,0.0,0.3543307086614173,0.7086614173228346,3.8976377952755903,3.8976377952755903,1.062992125984252,0.0,0.0,1.062992125984252,0.0,0.0,0.0,0.0,0.0,0.0,0.0,0.0,0.0,0.0,82.86,40.0,0.0,0.0,0.0,55.0,50.0,37.5,0.0,0.0,0.0,0.0,0.0,0.0,0.0,0.0,0.0,0.0,CB,8,47,52,30,15,12,18,65,82,26,9,23,6,33,29,44,8,9,45,44,47,32,6,50,52,15,30,47,33,32,36,29,11,11,21,44,20,20,27,8,8,8,8,12,47,76,36,21,18,18,76,94,33,15,45,6,33,42,44,8,9,45,44,47,32,6,50,52,15,30,47,33,32,36,29,11,11,21,44,20,20,27,8,8,8,8,Serie A
Fiorentina,4raiad4l2j5lkfaz92pk4osb,2wwbf11c9mc2psxaa8p58qnmc,A. Atta,Arthur Atta,23,Midfielder,France,Midfielder,48.0,1.0,95.0,3.0,142.0,4.0,5.0,13.0,15.0,10.0,2.0,3.0,335.0,1.0,4.0,1.0,0.0,11.0,7.0,4.0,2.0,0.0,3.0,19.0,0.0,0.0,91.03,75.0,16.67,30.77,27.27,30.3,66.67,100.0,1.094415667607697,0.2727014097782616,4.0,22.0,0.5588077499999999,13.0,8.0,11.0,0.3701196799999999,63.0,12.8955223880597,0.2686567164179104,25.52238805970149,0.8059701492537313,38.14925373134328,1.0746268656716418,1.343283582089552,3.492537313432836,4.029850746268656,2.686567164179104,0.5373134328358209,0.8059701492537313,0.2686567164179104,1.0746268656716418,0.2686567164179104,0.0,2.955223880597015,1.880597014925373,1.0746268656716418,0.5373134328358209,0.0,0.8059701492537313,5.104477611940299,0.0,0.0,91.03,75.0,16.67,30.77,27.27,30.3,66.67,100.0,0.2940221196557992,0.0732630653135628,1.0746268656716418,5.91044776119403,0.1501274552238805,3.492537313432836,2.149253731343284,2.955223880597015,0.0994351379104477,16.925373134328357,CM/AM,36,30,50,20,45,91,48,95,95,18,39,59,9,77,18,27,86,86,68,59,34,73,95,52,50,82,84,30,23,48,5,82,95,82,23,84,95,95,93,32,34,32,41,41,32,55,18,45,86,41,100,100,18,45,59,5,82,23,27,91,91,73,59,34,77,91,52,50,82,84,30,23,48,5,82,95,91,27,91,95,95,95,41,32,32,36,Serie A
Fiorentina,4raiad4l2j5lkfaz92pk4osb,3pxte13sf3ybzb3cgvim1tqtw,Valde,Víctor Valdepeñas Talavera,19,Defender,Spain,Defender,36.0,1.0,52.0,5.0,87.0,6.0,3.0,4.0,4.0,15.0,8.0,1.0,235.0,3.0,1.0,2.0,0.0,2.0,2.0,0.0,0.0,0.0,1.0,7.0,0.0,0.0,79.82,33.33,14.29,25.0,50.0,55.56,75.0,40.0,0.259673825760527,0.2536661767029999,1.0,5.0,0.1163916099999999,2.0,10.0,11.0,0.3997860399999999,52.0,13.787234042553193,0.3829787234042553,19.91489361702128,1.9148936170212765,33.319148936170215,2.297872340425532,1.1489361702127658,1.5319148936170213,1.5319148936170213,5.74468085106383,3.0638297872340425,0.3829787234042553,1.1489361702127658,0.3829787234042553,0.7659574468085106,0.0,0.7659574468085106,0.7659574468085106,0.0,0.0,0.0,0.3829787234042553,2.680851063829788,0.0,0.0,79.82,33.33,14.29,25.0,50.0,55.56,75.0,40.0,0.0994495502912656,0.0971487485245531,0.3829787234042553,1.9148936170212765,0.0445755102127659,0.7659574468085106,3.829787234042553,4.212765957446808,0.1531095472340425,19.91489361702128,LB/LCB,15,28,24,37,19,78,37,65,63,44,37,17,65,48,15,30,33,54,20,30,39,54,52,48,52,19,26,22,41,74,50,96,11,56,33,48,44,44,33,41,39,26,35,30,37,56,56,37,96,56,85,78,93,78,26,81,63,37,30,52,74,20,30,39,67,85,48,52,19,26,22,41,74,50,96,11,70,52,59,70,63,52,63,67,52,48,Serie A
Fiorentina,4raiad4l2j5lkfaz92pk4osb,418gw0hpjoy8dt0ywaxjgm5pm,N. Fagioli,Nicolò Fagioli,25,Midfielder,Italy,Midfielder,76.0,2.0,116.0,8.0,190.0,0.0,3.0,6.0,6.0,18.0,8.0,6.0,360.0,4.0,4.0,5.0,1.0,6.0,0.0,6.0,1.0,0.0,2.0,7.0,0.0,0.0,85.2,40.0,20.0,66.67,33.33,51.43,0.0,50.0,0.4012559054054969,0.2969065041077999,4.0,12.0,0.26027129,0.0,22.0,22.0,0.4754713,120.0,19.0,0.5,29.0,2.0,47.5,0.0,0.75,1.5,1.5,4.5,2.0,1.5,1.0,1.0,1.25,0.25,1.5,0.0,1.5,0.25,0.0,0.5,1.75,0.0,0.0,85.2,40.0,20.0,66.67,33.33,51.43,0.0,50.0,0.1003139763513742,0.0742266260269499,1.0,3.0,0.0650678225,0.0,5.5,5.5,0.118867825,30.0,CM/AM,68,43,68,66,68,20,20,59,52,82,100,93,45,77,77,75,52,11,86,45,34,55,52,52,50,45,23,36,73,64,59,20,39,45,27,84,57,55,5,77,80,55,77,68,45,64,64,64,20,14,59,55,82,95,91,41,73,77,73,50,11,77,45,34,59,55,52,50,45,23,36,73,64,59,20,39,45,32,86,55,55,5,68,68,50,86,Serie A
Fiorentina,4raiad4l2j5lkfaz92pk4osb,476nfumr6aadvufrqk72tq5be,L. Ranieri,Luca Ranieri,27,Defender,Italy,Defender,51.0,0.0,24.0,3.0,75.0,3.0,1.0,0.0,0.0,8.0,12.0,3.0,264.0,1.0,0.0,1.0,0.0,1.0,1.0,0.0,0.0,0.0,0.0,3.0,0.0,0.0,84.27,27.27,0.0,0.0,0.0,61.54,75.0,25.0,0.1246077904261313,0.0655694127987649,0.0,0.0,0.0,1.0,7.0,6.0,0.13206463,49.0,17.386363636363637,0.0,8.181818181818182,1.0227272727272727,25.56818181818182,1.0227272727272727,0.3409090909090909,0.0,0.0,2.7272727272727275,4.090909090909091,1.0227272727272727,0.3409090909090909,0.0,0.3409090909090909,0.0,0.3409090909090909,0.3409090909090909,0.0,0.0,0.0,0.0,1.0227272727272727,0.0,0.0,84.27,27.27,0.0,0.0,0.0,61.54,75.0,25.0,0.0424799285543629,0.0223532089086698,0.0,0.0,0.0,0.3409090909090909,2.3863636363636367,2.0454545454545454,0.0450220329545454,16.704545454545457,CB,12,47,11,15,9,12,50,27,26,8,18,23,27,33,8,44,26,29,45,44,47,32,44,50,52,18,12,47,33,32,58,79,5,33,58,44,20,20,64,62,41,15,21,21,47,12,24,15,15,64,27,26,15,24,39,39,33,9,44,36,39,45,44,47,32,61,50,52,18,12,47,33,32,58,79,5,36,67,44,20,20,73,76,64,21,30,Serie A
Fiorentina,4raiad4l2j5lkfaz92pk4osb,4gbk8ka3fv401f8zyslo38fai,R. Drăgușin,Radu Dragusin,24,Defender,Romania,Defender,73.0,0.0,54.0,13.0,127.0,13.0,1.0,1.0,1.0,24.0,29.0,11.0,450.0,6.0,1.0,1.0,1.0,3.0,3.0,0.0,0.0,0.0,0.0,4.0,0.0,0.0,88.19,65.0,0.0,100.0,0.0,58.54,65.0,25.0,0.3550557240349526,0.0517062314444009,0.0,0.0,0.0,0.0,7.0,8.0,0.3489858199999998,76.0,14.6,0.0,10.8,2.6,25.4,2.6,0.2,0.2,0.2,4.8,5.8,2.2,1.2,0.2,0.2,0.2,0.6,0.6,0.0,0.0,0.0,0.0,0.8,0.0,0.0,88.19,65.0,0.0,100.0,0.0,58.54,65.0,25.0,0.0710111448069905,0.0103412462888801,0.0,0.0,0.0,0.0,1.4,1.6,0.0697971639999999,15.2,CB,27,47,58,89,33,79,50,65,62,80,91,92,100,74,8,94,65,71,45,44,47,32,58,50,52,27,91,47,91,32,48,70,5,70,48,44,20,20,27,62,64,67,39,15,47,36,82,12,67,38,58,55,62,70,91,94,68,5,89,52,61,45,44,47,32,42,50,52,27,91,47,91,32,48,70,5,64,45,44,20,20,27,47,42,58,24,Serie A
Fiorentina,4raiad4l2j5lkfaz92pk4osb,7maur0rp96hubnkuu84576wpg,M. Pellegrino,Mateo Pellegrino,24,Attacker,Argentina,Striker,14.0,1.0,34.0,3.0,47.0,12.0,6.0,8.0,8.0,25.0,3.0,0.0,352.0,9.0,4.0,1.0,0.0,5.0,4.0,1.0,0.0,2.0,2.0,18.0,0.0,0.0,67.14,100.0,100.0,50.0,40.0,43.86,46.15,100.0,0.7503265810499862,0.5189133030556422,2.0,3.0,0.11414704,0.0,5.0,4.0,0.16757974,16.0,3.5795454545454546,0.2556818181818182,8.693181818181818,0.7670454545454546,12.017045454545457,3.0681818181818183,1.5340909090909092,2.0454545454545454,2.0454545454545454,6.392045454545455,0.7670454545454546,0.0,2.301136363636364,1.0227272727272727,0.2556818181818182,0.0,1.278409090909091,1.0227272727272727,0.2556818181818182,0.0,0.5113636363636364,0.5113636363636364,4.602272727272728,0.0,0.0,67.14,100.0,100.0,50.0,40.0,43.86,46.15,100.0,0.1918448644730078,0.1326766968039994,0.5113636363636364,0.7670454545454546,0.0291853227272727,0.0,1.278409090909091,1.0227272727272727,0.0428470926136363,4.090909090909091,ST,40,81,54,85,62,96,83,67,63,92,63,29,90,77,38,38,10,17,27,8,71,19,52,50,52,15,85,96,69,65,50,62,87,27,85,48,44,54,17,75,56,42,40,35,73,50,81,42,92,62,65,65,85,58,29,73,73,31,38,8,15,19,8,65,15,50,50,52,15,85,96,69,65,50,62,87,23,73,46,42,54,17,69,54,46,35,Serie A
Fiorentina,4raiad4l2j5lkfaz92pk4osb,9hl7yh42qvmdcjw69si5imnf8,A. Njie,Alieu Njie,21,Attacker,Sweden,Striker,12.0,2.0,45.0,3.0,55.0,2.0,10.0,11.0,12.0,22.0,3.0,0.0,259.0,7.0,7.0,3.0,0.0,7.0,5.0,2.0,1.0,0.0,3.0,19.0,0.0,0.0,79.71,60.0,40.0,63.64,42.86,53.66,50.0,50.0,0.5697469376702502,1.0733288596809354,2.0,15.0,0.45740968,7.0,5.0,4.0,0.50054548,15.0,4.1698841698841695,0.694980694980695,15.637065637065636,1.0424710424710424,19.11196911196912,0.694980694980695,3.474903474903475,3.8223938223938223,4.1698841698841695,7.644787644787645,1.0424710424710424,0.0,2.4324324324324325,2.4324324324324325,1.0424710424710424,0.0,2.4324324324324325,1.7374517374517375,0.694980694980695,0.3474903474903475,0.0,1.0424710424710424,6.602316602316602,0.0,0.0,79.71,60.0,40.0,63.64,42.86,53.66,50.0,50.0,0.1979815613525966,0.3729714184219466,0.694980694980695,5.212355212355212,0.1589454486486486,2.4324324324324325,1.7374517374517375,1.38996138996139,0.1739347227799227,5.212355212355212,LW,23,82,55,55,55,68,91,55,59,77,86,27,64,68,59,41,41,55,32,32,36,55,64,55,55,55,64,91,82,82,82,77,45,45,100,23,73,73,86,77,32,73,45,27,82,64,64,55,64,100,55,55,82,91,27,73,64,64,41,45,45,27,27,36,64,91,55,55,55,64,91,82,82,82,77,45,36,100,18,82,82,91,82,36,82,36,Serie A
Fiorentina,4raiad4l2j5lkfaz92pk4osb,clbsrtzkf61e6vx28ou5lbx90,Álex Jiménez,Álex Jiménez,21,Defender,Spain,Defender,33.0,2.0,64.0,2.0,95.0,2.0,6.0,8.0,8.0,16.0,9.0,1.0,292.0,2.0,5.0,5.0,1.0,3.0,1.0,2.0,1.0,1.0,1.0,6.0,0.0,0.0,82.61,28.57,20.0,62.5,33.33,51.61,50.0,71.43,0.3744255503151742,0.4307943068281816,2.0,9.0,0.24169474,4.0,9.0,7.0,0.6547725199999999,59.0,10.17123287671233,0.6164383561643836,19.726027397260275,0.6164383561643836,29.28082191780822,0.6164383561643836,1.8493150684931507,2.4657534246575343,2.4657534246575343,4.931506849315069,2.773972602739726,0.3082191780821918,0.6164383561643836,1.5410958904109588,1.5410958904109588,0.3082191780821918,0.9246575342465754,0.3082191780821918,0.6164383561643836,0.3082191780821918,0.3082191780821918,0.3082191780821918,1.8493150684931507,0.0,0.0,82.61,28.57,20.0,62.5,33.33,51.61,50.0,71.43,0.1154051353711153,0.1327790671730696,0.6164383561643836,2.773972602739726,0.074494954109589,1.2328767123287672,2.773972602739726,2.1575342465753424,0.2018134479452054,18.18493150684932,RB/RCB,12,73,38,17,15,31,85,96,96,46,38,10,27,96,60,81,69,44,88,85,94,73,60,44,52,27,23,58,58,71,35,42,62,77,69,88,67,69,52,19,15,69,27,15,73,54,19,27,38,96,92,92,81,62,8,38,92,77,92,77,50,92,85,96,81,69,44,52,27,23,58,58,71,35,42,62,85,85,88,73,77,65,38,19,88,46,Serie A
Fiorentina,4raiad4l2j5lkfaz92pk4osb,kvbjuvcseqk4sbr04ctkqi38,C. Ndour,Cher Ndour,22,Midfielder,Italy,Midfielder,50.0,1.0,96.0,5.0,145.0,4.0,6.0,2.0,2.0,15.0,3.0,5.0,398.0,3.0,2.0,4.0,1.0,5.0,3.0,2.0,1.0,0.0,1.0,12.0,0.0,0.0,87.35,62.5,20.0,100.0,20.0,51.72,66.67,66.67,0.3952375464176413,0.5613182878889161,1.0,7.0,0.23556601,1.0,19.0,8.0,0.42419882,79.0,11.306532663316585,0.2261306532663316,21.70854271356784,1.1306532663316582,32.78894472361809,0.9045226130653266,1.3567839195979898,0.4522613065326633,0.4522613065326633,3.3919597989949746,0.6783919597989949,1.1306532663316582,0.6783919597989949,0.4522613065326633,0.9045226130653266,0.2261306532663316,1.1306532663316582,0.6783919597989949,0.4522613065326633,0.2261306532663316,0.0,0.2261306532663316,2.71356783919598,0.0,0.0,87.35,62.5,20.0,100.0,20.0,51.72,66.67,66.67,0.0893753245668033,0.1269312711306594,0.2261306532663316,1.5829145728643217,0.0532686957286432,0.2261306532663316,4.296482412060302,1.809045226130653,0.095924356281407,17.8643216080402,RM/RCM,50,38,100,69,75,81,44,12,12,75,56,94,81,44,62,75,44,31,62,38,44,44,69,56,56,75,62,38,100,50,75,88,56,38,38,44,44,50,12,75,38,75,100,50,38,62,62,62,88,38,12,12,62,25,88,62,38,50,75,38,38,62,38,44,38,62,56,56,75,62,38,100,50,75,88,56,38,50,38,38,38,12,62,25,62,75,Serie A
Roma,2tk2l9sgktwc9jhzqdd4mpdtb,1ftejgsl4hho40cceqne1hcyd,B. Cristante,Bryan Cristante,31,Midfielder,Italy,Midfielder,121.0,0.0,179.0,16.0,300.0,14.0,2.0,2.0,2.0,30.0,9.0,6.0,424.0,2.0,1.0,7.0,0.0,8.0,7.0,1.0,3.0,0.0,1.0,10.0,0.0,0.0,87.72,50.0,0.0,50.0,12.5,54.55,60.87,53.85,0.8896706937545287,0.0663023803333408,1.0,16.0,0.30926544,4.0,46.0,39.0,0.68697718,208.0,25.683962264150946,0.0,37.99528301886792,3.39622641509434,63.67924528301887,2.971698113207548,0.4245283018867924,0.4245283018867924,0.4245283018867924,6.367924528301887,1.910377358490566,1.2735849056603774,0.4245283018867924,0.2122641509433962,1.4858490566037736,0.0,1.6981132075471697,1.4858490566037736,0.2122641509433962,0.6367924528301887,0.0,0.2122641509433962,2.1226415094339623,0.0,0.0,87.72,50.0,0.0,50.0,12.5,54.55,60.87,53.85,0.1888451944290273,0.0140736184669827,0.2122641509433962,3.39622641509434,0.0656459660377358,0.8490566037735848,9.764150943396226,8.278301886792452,0.1458206278301886,44.15094339622642,DM/CM,85,27,97,97,97,100,27,30,27,100,79,83,30,41,85,30,92,100,33,91,41,62,95,52,52,39,50,27,67,48,70,85,38,97,12,44,95,85,70,97,98,91,97,73,27,91,91,88,100,18,27,24,94,73,70,27,30,76,30,82,94,27,79,41,52,91,52,52,39,50,27,67,48,70,85,38,91,9,39,91,82,52,97,97,79,91,Serie A
Roma,2tk2l9sgktwc9jhzqdd4mpdtb,6fttn5mk6n1lstqt0dl5xzn4l,G. Mancini,Gianluca Mancini,30,Defender,Italy,Defender,118.0,0.0,86.0,8.0,204.0,5.0,5.0,3.0,3.0,20.0,6.0,8.0,392.0,3.0,3.0,6.0,2.0,4.0,4.0,0.0,0.0,0.0,2.0,13.0,0.0,0.0,91.07,47.06,0.0,100.0,50.0,55.56,55.56,66.67,0.5130551062629554,0.4661777540140135,0.0,10.0,0.28567243,5.0,21.0,19.0,0.8318081599999994,138.0,27.09183673469388,0.0,19.744897959183675,1.8367346938775515,46.83673469387755,1.1479591836734695,1.1479591836734695,0.6887755102040817,0.6887755102040817,4.591836734693878,1.3775510204081634,1.8367346938775515,0.6887755102040817,0.6887755102040817,1.3775510204081634,0.4591836734693878,0.9183673469387756,0.9183673469387756,0.0,0.0,0.0,0.4591836734693878,2.984693877551021,0.0,0.0,91.07,47.06,0.0,100.0,50.0,55.56,55.56,66.67,0.1177932641930254,0.1070306067889316,0.0,2.295918367346939,0.0655880579081632,1.1479591836734695,4.821428571428572,4.362244897959184,0.1909763632653059,31.68367346938776,RB/RCB,88,21,60,75,79,75,81,37,33,77,23,94,48,71,77,98,79,90,37,40,44,88,98,44,52,96,62,21,90,85,54,56,56,92,85,37,75,81,65,81,79,77,88,81,21,58,77,77,73,81,42,35,58,23,92,46,77,69,100,73,92,37,40,44,88,92,44,52,96,62,21,90,85,54,56,56,88,77,37,65,65,62,77,77,81,88,Serie A
Roma,2tk2l9sgktwc9jhzqdd4mpdtb,7q96z3aaee5jyccb8pjthi8kp,D. Malen,Donyell Malen,27,Attacker,Netherlands,Striker,12.0,0.0,48.0,2.0,60.0,1.0,7.0,15.0,17.0,17.0,0.0,2.0,345.0,5.0,10.0,1.0,0.0,20.0,17.0,3.0,4.0,6.0,10.0,41.0,0.0,0.0,84.51,100.0,0.0,66.67,50.0,58.62,0.0,100.0,3.149073295666236,0.5403949175358289,6.0,14.0,0.4710069999999999,3.0,3.0,5.0,0.2001736499999999,22.0,3.130434782608696,0.0,12.52173913043478,0.5217391304347826,15.652173913043478,0.2608695652173913,1.826086956521739,3.9130434782608696,4.434782608695652,4.434782608695652,0.0,0.5217391304347826,1.3043478260869563,2.608695652173913,0.2608695652173913,0.0,5.217391304347826,4.434782608695652,0.7826086956521738,1.0434782608695652,1.5652173913043477,2.608695652173913,10.695652173913045,0.0,0.0,84.51,100.0,0.0,66.67,50.0,58.62,0.0,100.0,0.8214973814781484,0.1409725871832597,1.5652173913043477,3.652173913043478,0.1228713913043478,0.7826086956521738,0.7826086956521738,1.3043478260869563,0.0522192130434782,5.739130434782608,ST,31,33,85,73,77,10,92,92,92,48,6,88,33,96,38,38,96,96,77,85,100,100,100,50,52,92,85,33,90,87,85,6,87,100,88,96,92,96,83,46,75,58,69,27,33,73,73,62,12,85,92,92,54,6,88,38,96,35,38,92,92,77,85,100,100,100,50,52,92,85,33,90,87,85,6,87,96,77,88,88,92,81,46,69,54,69,Serie A
Roma,2tk2l9sgktwc9jhzqdd4mpdtb,93i0gcndi2m8giqqcm4knduxh,P. Dybala,Paulo Dybala,32,Attacker,Argentina,Striker,41.0,8.0,168.0,20.0,201.0,0.0,22.0,13.0,13.0,13.0,0.0,2.0,407.0,5.0,4.0,2.0,4.0,18.0,12.0,6.0,2.0,0.0,4.0,40.0,1.0,0.0,84.81,80.0,27.59,30.77,22.22,32.5,0.0,50.0,1.593420155186346,2.348369583487409,6.0,38.0,1.2929127999999994,17.0,23.0,40.0,2.0379581900000003,109.0,9.066339066339069,1.769041769041769,37.14987714987715,4.422604422604422,44.44717444717445,0.0,4.864864864864865,2.8746928746928746,2.8746928746928746,2.8746928746928746,0.0,0.4422604422604422,1.1056511056511056,0.8845208845208845,0.4422604422604422,0.8845208845208845,3.9803439803439806,2.6535626535626538,1.3267813267813269,0.4422604422604422,0.0,0.8845208845208845,8.845208845208845,0.2211302211302211,0.0,84.81,80.0,27.59,30.77,22.22,32.5,0.0,50.0,0.3523533512697079,0.519295485292056,1.3267813267813269,8.402948402948404,0.2859020933660932,3.7592137592137593,5.085995085995086,8.845208845208845,0.4506541452088453,24.103194103194102,RW,83,92,100,100,100,12,100,54,54,29,21,58,58,33,50,100,92,92,92,75,25,67,92,100,54,67,75,50,17,25,8,12,42,92,100,79,100,100,100,100,100,100,100,75,83,100,100,100,12,100,33,33,8,21,50,42,25,33,100,92,92,83,58,25,58,92,100,54,67,75,50,17,25,8,12,42,92,100,75,100,100,100,100,100,100,100,Serie A
Roma,2tk2l9sgktwc9jhzqdd4mpdtb,9k3cr9bc23253jmcw2a53hn2s,Wesley,Wesley Vinícius França Lima,23,Defender,Brazil,Defender,44.0,8.0,105.0,2.0,141.0,3.0,13.0,6.0,6.0,20.0,1.0,3.0,330.0,4.0,4.0,4.0,1.0,3.0,2.0,1.0,2.0,0.0,0.0,19.0,0.0,0.0,84.43,33.33,47.06,66.67,0.0,55.56,60.0,44.44,0.1684516918714982,1.4113540603390695,2.0,21.0,0.6673553600000001,5.0,11.0,30.0,1.7656069300000006,71.0,12.0,2.181818181818182,28.63636363636364,0.5454545454545455,38.45454545454545,0.8181818181818182,3.5454545454545454,1.6363636363636365,1.6363636363636365,5.454545454545455,0.2727272727272727,0.8181818181818182,1.090909090909091,1.090909090909091,1.090909090909091,0.2727272727272727,0.8181818181818182,0.5454545454545455,0.2727272727272727,0.5454545454545455,0.0,0.0,5.181818181818182,0.0,0.0,84.43,33.33,47.06,66.67,0.0,55.56,60.0,44.44,0.0459413705104086,0.3849147437288371,0.5454545454545455,5.727272727272728,0.1820060072727273,1.3636363636363638,3.0,8.181818181818182,0.4815291627272729,19.363636363636363,LB/LCB,30,93,80,13,44,39,96,87,80,80,4,41,74,94,54,76,56,54,50,85,39,19,100,48,52,37,26,89,69,19,50,70,24,33,96,76,100,100,80,52,93,100,48,22,93,85,15,48,41,96,89,81,89,4,44,78,96,56,78,63,63,52,96,39,19,100,48,52,37,26,89,69,19,50,70,24,37,96,81,96,100,81,48,100,100,44,Serie A
Roma,2tk2l9sgktwc9jhzqdd4mpdtb,am5gj5qg3gjtyhvwfnj8sjz6d,Mario Hermoso,Mario Hermoso,31,Defender,Spain,Defender,150.0,2.0,118.0,14.0,266.0,4.0,6.0,1.0,1.0,23.0,13.0,16.0,419.0,5.0,1.0,8.0,0.0,2.0,2.0,0.0,1.0,1.0,1.0,4.0,0.0,0.0,87.21,46.67,66.67,100.0,50.0,62.16,40.0,61.54,0.2135511894992731,0.5552645313895193,0.0,6.0,0.13504797,6.0,29.0,34.0,1.0751299699999997,159.0,32.21957040572792,0.4295942720763723,25.346062052505964,3.007159904534606,57.13603818615751,0.8591885441527446,1.2887828162291168,0.2147971360381861,0.2147971360381861,4.940334128878281,2.79236276849642,3.4367541766109784,1.0739856801909309,0.2147971360381861,1.7183770883054892,0.0,0.4295942720763723,0.4295942720763723,0.0,0.2147971360381861,0.2147971360381861,0.2147971360381861,0.8591885441527446,0.0,0.0,87.21,46.67,66.67,100.0,50.0,62.16,40.0,61.54,0.0458701839019918,0.1192692310860542,0.0,1.2887828162291168,0.0290079171837708,1.2887828162291168,6.229116945107398,7.303102625298329,0.2309348384248209,34.152744630071595,LB/LCB,89,50,96,89,93,57,70,22,22,91,74,100,81,48,85,30,33,54,20,65,87,54,26,48,52,70,46,98,93,74,85,31,44,48,74,19,52,52,93,100,100,89,93,85,48,78,89,93,52,67,15,15,74,63,100,74,44,81,30,33,48,20,67,81,41,22,48,52,70,46,98,93,74,85,31,44,33,70,19,41,41,78,100,93,81,93,Serie A
Roma,2tk2l9sgktwc9jhzqdd4mpdtb,au5tbnn48ve4kqnuu3dhmk296,M. Koné,Manu Koné,25,Midfielder,France,Midfielder,89.0,0.0,114.0,6.0,203.0,1.0,6.0,6.0,6.0,14.0,1.0,3.0,322.0,4.0,3.0,6.0,0.0,6.0,2.0,4.0,1.0,2.0,3.0,6.0,0.0,0.0,90.22,85.71,0.0,50.0,50.0,46.67,25.0,100.0,0.5479294902339081,0.3911168212523788,0.0,3.0,0.10281472,2.0,27.0,23.0,0.5103321099999998,125.0,24.875776397515526,0.0,31.86335403726708,1.6770186335403725,56.73913043478261,0.2795031055900621,1.6770186335403725,1.6770186335403725,1.6770186335403725,3.913043478260869,0.2795031055900621,0.8385093167701863,1.1180124223602483,0.8385093167701863,1.6770186335403725,0.0,1.6770186335403725,0.5590062111801242,1.1180124223602483,0.2795031055900621,0.5590062111801242,0.8385093167701863,1.6770186335403725,0.0,0.0,90.22,85.71,0.0,50.0,50.0,46.67,25.0,100.0,0.1531479941647569,0.109318366188553,0.0,0.8385093167701863,0.0287370335403726,0.5590062111801242,7.546583850931676,6.428571428571428,0.1426394096273291,34.93788819875776,LM/LCM,100,17,100,67,100,67,83,67,58,50,33,67,42,42,83,33,67,50,67,33,92,67,33,58,58,100,100,17,50,100,50,75,100,67,83,17,17,17,25,100,100,50,100,100,17,83,67,100,83,100,67,50,50,33,67,50,50,83,33,67,50,67,33,83,67,33,58,58,100,100,17,50,100,50,75,100,67,67,17,17,17,17,100,83,50,100,Serie A
Roma,2tk2l9sgktwc9jhzqdd4mpdtb,dknh1ecpb9kcwzuijmdcoq8lw,E. Lulli,Emanuele Lulli,19,Defender,Italy,Defender,47.0,4.0,87.0,0.0,130.0,2.0,4.0,6.0,6.0,18.0,4.0,2.0,322.0,3.0,4.0,8.0,0.0,1.0,1.0,0.0,0.0,0.0,0.0,11.0,0.0,0.0,89.04,0.0,26.67,66.67,0.0,64.29,66.67,88.89,0.1519028663145066,0.4397222122419624,0.0,15.0,0.49817987,6.0,10.0,15.0,0.6236845100000001,64.0,13.13664596273292,1.1180124223602483,24.316770186335404,0.0,36.33540372670807,0.5590062111801242,1.1180124223602483,1.6770186335403725,1.6770186335403725,5.0310559006211175,1.1180124223602483,0.5590062111801242,0.8385093167701863,1.1180124223602483,2.2360248447204967,0.0,0.2795031055900621,0.2795031055900621,0.0,0.0,0.0,0.0,3.074534161490683,0.0,0.0,89.04,0.0,26.67,66.67,0.0,64.29,66.67,88.89,0.0424573228829366,0.1229037239185609,0.0,4.192546583850931,0.1392428208074534,1.6770186335403725,2.795031055900621,4.192546583850931,0.1743217574534162,17.888198757763973,RB/RCB,19,88,65,8,42,31,69,75,71,65,8,21,48,87,92,35,37,44,37,40,44,33,88,44,52,65,8,77,71,33,81,75,92,54,77,37,85,96,77,33,63,65,35,23,100,81,8,42,31,77,88,88,85,8,19,54,88,96,35,35,46,37,40,44,33,96,44,52,65,8,77,71,33,81,75,92,54,81,37,96,100,92,42,73,77,42,Serie A
Roma,2tk2l9sgktwc9jhzqdd4mpdtb,erwh25hbq259kqdirfufnbcb8,M. Soulé,Matías Soulé,23,Attacker,Argentina,Striker,36.0,4.0,111.0,11.0,143.0,2.0,5.0,13.0,15.0,17.0,3.0,3.0,279.0,3.0,8.0,4.0,1.0,16.0,11.0,5.0,4.0,2.0,8.0,26.0,0.0,0.0,85.63,64.71,44.44,61.54,50.0,54.84,50.0,100.0,1.4328177367632569,0.538744281523004,7.0,25.0,0.7070362299999998,11.0,15.0,22.0,0.76263992,68.0,11.612903225806452,1.2903225806451613,35.806451612903224,3.548387096774193,46.12903225806451,0.6451612903225806,1.6129032258064515,4.193548387096774,4.838709677419355,5.483870967741935,0.9677419354838708,0.9677419354838708,0.9677419354838708,2.5806451612903225,1.2903225806451613,0.3225806451612903,5.161290322580645,3.548387096774193,1.6129032258064515,1.2903225806451613,0.6451612903225806,2.5806451612903225,8.387096774193548,0.0,0.0,85.63,64.71,44.44,61.54,50.0,54.84,50.0,100.0,0.4621992699236312,0.1737884779106464,2.258064516129032,8.064516129032258,0.2280762032258063,3.548387096774193,4.838709677419355,7.096774193548387,0.2460128774193548,21.93548387096774,LW,91,95,91,100,91,68,68,73,73,36,86,95,23,86,82,91,91,91,86,73,91,100,86,55,55,73,73,100,73,91,91,77,95,91,73,73,91,91,100,91,91,91,91,100,100,100,100,100,55,82,64,82,45,82,100,18,73,82,100,100,100,91,91,100,100,100,55,55,73,73,100,73,91,91,77,95,100,82,82,100,100,100,100,100,100,100,Serie A
Roma,2tk2l9sgktwc9jhzqdd4mpdtb,ieu0x9fy8hpqyztdjg8bgpnt,N. Molina,Nahuel Molina,28,Defender,Argentina,Defender,41.0,2.0,87.0,7.0,126.0,2.0,7.0,4.0,5.0,11.0,2.0,1.0,216.0,0.0,2.0,5.0,1.0,3.0,1.0,2.0,0.0,0.0,1.0,10.0,0.0,0.0,86.9,63.64,16.67,50.0,33.33,47.83,66.67,71.43,0.1776151624060519,0.6723658937366189,2.0,10.0,0.28293518,4.0,6.0,9.0,0.6391524700000001,52.0,17.083333333333336,0.8333333333333334,36.25,2.916666666666667,52.5,0.8333333333333334,2.916666666666667,1.6666666666666667,2.083333333333333,4.583333333333334,0.8333333333333334,0.4166666666666667,0.0,0.8333333333333334,2.083333333333333,0.4166666666666667,1.25,0.4166666666666667,0.8333333333333334,0.0,0.0,0.4166666666666667,4.166666666666667,0.0,0.0,86.9,63.64,16.67,50.0,33.33,47.83,66.67,71.43,0.0740063176691883,0.2801524557235912,0.8333333333333334,4.166666666666667,0.1178896583333333,1.6666666666666667,2.5,3.75,0.2663135291666667,21.666666666666668,LB/LCB,19,50,59,56,37,28,80,65,69,28,9,17,7,72,67,76,56,28,74,30,39,54,83,48,52,63,87,26,50,56,30,83,57,37,81,76,87,89,67,17,24,52,35,48,70,100,85,85,44,93,93,93,59,15,30,7,93,96,93,78,41,85,30,39,81,93,48,52,63,87,26,50,56,30,83,57,56,89,89,89,93,93,41,52,93,59,Serie A
Atalanta,e75syeuawg3ql8nwpi3vr2btz,1ct0gujao4wvj1ff3aebqgqnd,G. Gaetano,Gianluca Gaetano,26,Midfielder,Italy,Midfielder,72.0,0.0,76.0,4.0,148.0,2.0,2.0,3.0,3.0,13.0,5.0,6.0,288.0,2.0,2.0,4.0,1.0,1.0,0.0,1.0,0.0,0.0,1.0,0.0,0.0,0.0,90.24,44.44,0.0,66.67,100.0,46.43,40.0,57.14,0.0364431142653749,0.1645046993325329,1.0,7.0,0.1468310699999999,4.0,14.0,5.0,0.2506708199999999,82.0,22.5,0.0,23.75,1.25,46.25,0.625,0.625,0.9375,0.9375,4.0625,1.5625,1.875,0.625,0.625,1.25,0.3125,0.3125,0.0,0.3125,0.0,0.0,0.3125,0.0,0.0,0.0,90.24,44.44,0.0,66.67,100.0,46.43,40.0,57.14,0.0113884732079296,0.0514077185414165,0.3125,2.1875,0.0458847093749999,1.25,4.375,1.5625,0.0783346312499999,25.625,DM/CM,42,27,42,33,39,58,27,44,41,38,65,83,30,67,59,76,14,15,33,24,41,62,8,52,52,73,33,27,88,100,30,58,45,6,36,44,53,55,70,55,9,42,42,45,27,52,45,55,64,36,45,45,45,67,85,33,82,61,79,18,15,36,24,41,64,8,52,52,73,33,27,88,100,30,58,45,6,48,48,61,55,79,67,9,48,61,Serie A
Atalanta,e75syeuawg3ql8nwpi3vr2btz,2bmeynv0dhsc8sjfuaprkexre,J. Rowe,Jonathan Rowe,23,Attacker,England,Striker,15.0,1.0,30.0,0.0,44.0,3.0,2.0,8.0,8.0,22.0,0.0,0.0,204.0,10.0,6.0,3.0,0.0,7.0,5.0,2.0,2.0,0.0,2.0,14.0,0.0,0.0,78.57,0.0,9.09,75.0,28.57,70.97,0.0,100.0,0.6822011971201511,0.1976035982590484,3.0,6.0,0.14766741,3.0,2.0,2.0,0.1401083499999999,15.0,6.61764705882353,0.4411764705882353,13.23529411764706,0.0,19.411764705882355,1.3235294117647058,0.8823529411764706,3.5294117647058822,3.5294117647058822,9.705882352941178,0.0,0.0,4.411764705882353,2.647058823529412,1.3235294117647058,0.0,3.088235294117647,2.2058823529411766,0.8823529411764706,0.8823529411764706,0.0,0.8823529411764706,6.176470588235294,0.0,0.0,78.57,0.0,9.09,75.0,28.57,70.97,0.0,100.0,0.3009711163765373,0.0871780580554625,1.3235294117647058,2.647058823529412,0.0651473867647058,1.3235294117647058,0.8823529411764706,0.8823529411764706,0.0618125073529411,6.61764705882353,LW,50,59,41,9,36,91,50,27,27,77,23,27,91,50,59,41,41,55,32,50,36,32,50,55,55,45,9,45,100,36,100,23,95,73,55,45,36,36,59,27,14,27,45,64,73,55,9,64,91,55,45,36,91,23,27,100,82,91,41,64,73,55,55,36,36,82,55,55,45,9,45,100,36,100,23,95,91,55,45,45,36,64,36,18,36,64,Serie A
Atalanta,e75syeuawg3ql8nwpi3vr2btz,4aqkgskbra4wsoo7a8uw7xl9l,Éderson,Éderson José dos Santos Lourenço da Silva,27,Midfielder,Brazil,Midfielder,89.0,0.0,116.0,4.0,205.0,0.0,2.0,4.0,4.0,14.0,4.0,2.0,417.0,10.0,1.0,2.0,0.0,5.0,1.0,4.0,1.0,1.0,3.0,5.0,0.0,0.0,89.52,44.44,0.0,25.0,60.0,45.16,0.0,66.67,0.2943100665325223,0.0937847079151219,4.0,10.0,0.2327460899999999,6.0,14.0,8.0,0.3042422399999999,91.0,19.20863309352518,0.0,25.03597122302158,0.8633093525179856,44.24460431654676,0.0,0.4316546762589928,0.8633093525179856,0.8633093525179856,3.021582733812949,0.8633093525179856,0.4316546762589928,2.158273381294964,0.2158273381294964,0.4316546762589928,0.0,1.079136690647482,0.2158273381294964,0.8633093525179856,0.2158273381294964,0.2158273381294964,0.6474820143884892,1.079136690647482,0.0,0.0,89.52,44.44,0.0,25.0,60.0,45.16,0.0,66.67,0.0635201582444292,0.020241303866573,0.8633093525179856,2.158273381294964,0.0502329690647481,1.2949640287769784,3.021582733812949,1.7266187050359711,0.0656637928057553,19.64028776978417,DM/CM,67,27,76,33,73,12,27,59,56,47,53,32,91,41,27,30,73,47,82,58,88,92,65,52,52,64,33,27,30,91,21,20,64,58,24,92,71,76,85,55,24,55,58,36,27,55,23,48,12,21,39,39,27,33,30,82,33,27,30,58,44,70,55,88,94,55,52,52,64,33,27,30,91,21,20,64,45,15,85,58,58,82,30,12,36,39,Serie A
Atalanta,e75syeuawg3ql8nwpi3vr2btz,4cejhrr3ji36591xf54jue3ca,G. Scalvini,Giorgio Scalvini,22,Defender,Italy,Defender,215.0,0.0,108.0,10.0,323.0,11.0,0.0,1.0,1.0,19.0,20.0,2.0,450.0,2.0,0.0,5.0,0.0,1.0,1.0,0.0,0.0,0.0,0.0,3.0,0.0,0.0,95.85,66.67,0.0,0.0,0.0,52.78,64.71,83.33,0.0,0.0,0.0,0.0,0.0,0.0,0.0,0.0,0.0,0.0,43.0,0.0,21.6,2.0,64.6,2.2,0.0,0.2,0.2,3.8,4.0,0.4,0.4,0.0,1.0,0.0,0.2,0.2,0.0,0.0,0.0,0.0,0.6,0.0,0.0,95.85,66.67,0.0,0.0,0.0,52.78,64.71,83.33,0.0,0.0,0.0,0.0,0.0,0.0,0.0,0.0,0.0,0.0,CB,91,47,85,71,95,71,18,65,62,56,42,9,52,33,59,44,26,29,45,44,47,32,44,50,52,94,94,47,33,32,27,67,79,11,21,44,20,20,27,8,8,8,8,79,47,85,58,86,62,18,58,55,30,20,5,48,33,38,44,17,20,45,44,47,32,30,50,52,94,94,47,33,32,27,67,79,11,21,44,20,20,27,8,8,8,8,Serie A
Atalanta,e75syeuawg3ql8nwpi3vr2btz,4ml8pyt3rxwxakjxslg0c8kb9,G. Scamacca,Gianluca Scamacca,27,Attacker,Italy,Striker,20.0,0.0,38.0,0.0,58.0,3.0,4.0,1.0,1.0,11.0,1.0,0.0,259.0,6.0,0.0,2.0,0.0,6.0,5.0,1.0,0.0,1.0,4.0,11.0,0.0,0.0,75.32,0.0,0.0,0.0,66.67,37.93,50.0,100.0,0.4772878429299166,0.2850042610723811,1.0,1.0,0.05491138,2.0,2.0,4.0,0.2417100699999997,18.0,6.94980694980695,0.0,13.204633204633204,0.0,20.15444015444016,1.0424710424710424,1.38996138996139,0.3474903474903475,0.3474903474903475,3.8223938223938223,0.3474903474903475,0.0,2.0849420849420848,0.0,0.694980694980695,0.0,2.0849420849420848,1.7374517374517375,0.3474903474903475,0.0,0.3474903474903475,1.38996138996139,3.8223938223938223,0.0,0.0,75.32,0.0,0.0,0.0,66.67,37.93,50.0,100.0,0.1658529183926351,0.0990362297162714,0.3474903474903475,0.3474903474903475,0.0190811745173745,0.694980694980695,0.694980694980695,1.38996138996139,0.0839919162162161,6.254826254826255,ST,75,33,69,21,73,33,46,12,12,17,13,29,48,12,69,38,23,27,27,8,44,60,15,50,52,50,21,33,12,100,31,77,87,12,42,19,10,15,67,31,56,77,56,81,33,77,21,85,42,54,15,15,31,15,29,65,12,77,38,31,35,35,8,54,77,31,50,52,50,21,33,12,100,31,77,87,15,54,27,12,19,73,35,73,85,73,Serie A
Atalanta,e75syeuawg3ql8nwpi3vr2btz,7ox43isyywsnrfcd56nm65be,C. De Ketelaere,Charles De Ketelaere,25,Attacker,Belgium,Striker,19.0,5.0,92.0,3.0,106.0,6.0,10.0,16.0,17.0,23.0,2.0,2.0,355.0,5.0,7.0,4.0,1.0,2.0,2.0,0.0,2.0,0.0,0.0,14.0,0.0,0.0,75.18,50.0,33.33,43.75,0.0,47.92,60.0,80.0,0.1467121783147347,0.8627458626215342,2.0,28.0,0.75742894,7.0,16.0,20.0,1.03345794,63.0,4.816901408450704,1.2676056338028168,23.32394366197183,0.7605633802816901,26.87323943661972,1.5211267605633805,2.535211267605633,4.056338028169014,4.309859154929577,5.830985915492957,0.5070422535211268,0.5070422535211268,1.2676056338028168,1.7746478873239435,1.0140845070422535,0.2535211267605634,0.5070422535211268,0.5070422535211268,0.0,0.5070422535211268,0.0,0.0,3.549295774647887,0.0,0.0,75.18,50.0,33.33,43.75,0.0,47.92,60.0,80.0,0.0371946367558482,0.2187243031998255,0.5070422535211268,7.098591549295774,0.1920242383098591,1.7746478873239435,4.056338028169014,5.070422535211267,0.2620034214084507,15.971830985915492,RW,25,58,75,46,50,92,75,83,83,83,62,58,58,62,83,71,8,17,12,75,25,8,58,50,54,8,21,83,50,8,67,100,92,8,58,25,83,75,75,92,83,83,92,17,50,75,50,42,92,83,83,83,75,58,67,67,67,75,67,8,17,12,83,25,8,42,50,54,8,21,83,50,8,67,100,92,8,67,25,83,75,75,92,83,83,92,Serie A
Atalanta,e75syeuawg3ql8nwpi3vr2btz,9j742o5vdc7d54x1xdz4t9ck5,S. Kolašinac,Sead Kolasinac,33,Defender,Bosnia and Herzegovina,Defender,49.0,0.0,42.0,6.0,91.0,1.0,0.0,0.0,0.0,5.0,4.0,1.0,238.0,2.0,0.0,2.0,0.0,1.0,0.0,1.0,0.0,0.0,0.0,0.0,0.0,0.0,85.85,54.55,0.0,0.0,0.0,41.67,33.33,100.0,0.0395475763705189,0.0,1.0,4.0,0.09095487,2.0,12.0,10.0,0.24684794,46.0,18.529411764705884,0.0,15.882352941176473,2.26890756302521,34.411764705882355,0.3781512605042016,0.0,0.0,0.0,1.8907563025210083,1.512605042016807,0.3781512605042016,0.7563025210084033,0.0,0.7563025210084033,0.0,0.3781512605042016,0.0,0.3781512605042016,0.0,0.0,0.0,0.0,0.0,0.0,85.85,54.55,0.0,0.0,0.0,41.67,33.33,100.0,0.0149549658543979,0.0,0.3781512605042016,1.512605042016807,0.0343946987394958,0.7563025210084033,4.53781512605042,3.7815126050420167,0.0933458596638655,17.39495798319328,LB/LCB,33,9,13,44,24,13,4,6,6,7,22,17,54,17,15,30,13,9,50,30,39,19,4,48,52,48,63,9,17,19,11,22,96,7,4,48,37,37,33,61,31,4,26,52,9,33,74,44,22,4,6,6,7,26,22,63,17,33,30,22,9,59,30,39,19,4,48,52,48,63,9,17,19,11,22,96,7,4,56,52,44,48,70,56,19,41,Serie A
Atalanta,e75syeuawg3ql8nwpi3vr2btz,aripnzu9yo2wlr8ud93ufdhih,R. Bellanova,Raoul Bellanova,26,Defender,Italy,Defender,58.0,0.0,86.0,4.0,144.0,1.0,2.0,3.0,3.0,8.0,13.0,5.0,282.0,2.0,1.0,2.0,0.0,1.0,0.0,1.0,0.0,0.0,0.0,2.0,0.0,0.0,92.9,66.67,0.0,33.33,0.0,44.44,50.0,50.0,0.0437031398362286,0.1701388907815477,1.0,10.0,0.2322810699999999,6.0,10.0,9.0,0.3783717199999998,71.0,18.51063829787234,0.0,27.4468085106383,1.2765957446808511,45.95744680851064,0.3191489361702128,0.6382978723404256,0.9574468085106383,0.9574468085106383,2.5531914893617023,4.148936170212766,1.5957446808510638,0.6382978723404256,0.3191489361702128,0.6382978723404256,0.0,0.3191489361702128,0.0,0.3191489361702128,0.0,0.0,0.0,0.6382978723404256,0.0,0.0,92.9,66.67,0.0,33.33,0.0,44.44,50.0,50.0,0.0139478105860304,0.0542996459941109,0.3191489361702128,3.191489361702128,0.0741322563829786,1.9148936170212767,3.191489361702128,2.872340425531915,0.1207569319148935,22.659574468085108,RB/RCB,27,21,60,40,50,13,35,37,33,12,67,79,27,29,10,35,37,12,79,40,44,33,13,44,52,100,92,21,25,33,12,42,29,15,35,77,75,65,77,33,23,35,50,50,21,92,62,73,15,50,54,46,12,92,85,42,38,23,35,42,12,81,40,44,33,27,44,52,100,92,21,25,33,12,42,29,19,46,81,81,73,96,58,46,50,69,Serie A
Atalanta,e75syeuawg3ql8nwpi3vr2btz,bl76cebhta912vfi9z7ky32p6,L. Samardžić,Lazar Samardzic,24,Midfielder,Serbia,Midfielder,33.0,3.0,94.0,7.0,124.0,1.0,7.0,11.0,11.0,14.0,2.0,5.0,257.0,1.0,5.0,4.0,0.0,10.0,5.0,5.0,4.0,1.0,1.0,14.0,0.0,0.0,85.52,58.33,27.27,45.45,10.0,45.16,25.0,57.14,1.045742544653617,0.7342540280227141,6.0,12.0,0.29654468,2.0,15.0,10.0,0.20132498,65.0,11.556420233463037,1.050583657587549,32.91828793774319,2.45136186770428,43.42412451361868,0.3501945525291828,2.45136186770428,3.852140077821012,3.852140077821012,4.90272373540856,0.7003891050583657,1.7509727626459144,0.3501945525291828,1.7509727626459144,1.4007782101167314,0.0,3.501945525291829,1.7509727626459144,1.7509727626459144,1.4007782101167314,0.3501945525291828,0.3501945525291828,4.90272373540856,0.0,0.0,85.52,58.33,27.27,45.45,10.0,45.16,25.0,57.14,0.3662133424857025,0.2571317607861644,2.1011673151750974,4.202334630350195,0.1038483315175097,0.7003891050583657,5.252918287937743,3.501945525291829,0.0705029112840466,22.762645914396888,RM/RCM,38,88,81,100,38,12,62,100,100,56,31,94,12,100,62,38,100,88,100,94,94,44,88,56,56,62,50,62,75,38,50,19,38,100,75,100,75,75,38,62,50,25,62,62,88,100,100,100,12,75,100,100,88,38,100,12,100,100,38,100,88,100,100,88,50,75,56,56,62,50,62,75,38,50,19,38,100,62,100,88,88,25,88,75,38,100,Serie A
Atalanta,e75syeuawg3ql8nwpi3vr2btz,cis0z72hgahfnfjduk7hdnz3e,O. Kossounou,Odilon Kossounou,25,Defender,Côte d'Ivoire,Defender,194.0,0.0,83.0,3.0,277.0,1.0,0.0,0.0,0.0,7.0,11.0,4.0,360.0,1.0,0.0,2.0,0.0,1.0,1.0,0.0,0.0,0.0,0.0,2.0,0.0,0.0,97.19,60.0,0.0,0.0,0.0,43.75,25.0,40.0,0.1077999806068721,0.0,0.0,4.0,0.09594778,4.0,7.0,8.0,0.2727188799999999,123.0,48.5,0.0,20.75,0.75,69.25,0.25,0.0,0.0,0.0,1.75,2.75,1.0,0.25,0.0,0.5,0.0,0.25,0.25,0.0,0.0,0.0,0.0,0.5,0.0,0.0,97.19,60.0,0.0,0.0,0.0,43.75,25.0,40.0,0.026949995151718,0.0,0.0,1.0,0.023986945,1.0,1.75,2.0,0.0681797199999999,30.75,CB,82,47,79,15,79,3,18,27,26,3,9,38,27,33,18,44,26,29,45,44,47,32,29,50,52,100,74,47,33,32,11,8,15,27,21,44,82,85,95,62,64,58,58,94,47,79,12,97,3,18,27,26,3,6,33,27,33,15,44,27,27,45,44,47,32,27,50,52,100,74,47,33,32,11,8,15,27,21,44,83,85,98,59,58,48,61,Serie A
Bologna,ej5er0oyngdw138yuumwqbyqt,1t7nph4960rjzu7rgi47sf8ix,J. Odgaard,Jens Odgaard,27,Attacker,Denmark,Striker,17.0,0.0,26.0,1.0,43.0,1.0,2.0,11.0,11.0,14.0,2.0,1.0,259.0,8.0,4.0,0.0,0.0,6.0,5.0,1.0,1.0,0.0,1.0,7.0,0.0,0.0,79.63,100.0,0.0,36.36,16.67,37.84,14.29,0.0,0.6055942824546214,0.147217654060457,2.0,2.0,0.03555943,2.0,5.0,6.0,0.1580991699999999,12.0,5.907335907335908,0.0,9.034749034749035,0.3474903474903475,14.942084942084945,0.3474903474903475,0.694980694980695,3.8223938223938223,3.8223938223938223,4.864864864864865,0.694980694980695,0.3474903474903475,2.77992277992278,1.38996138996139,0.0,0.0,2.0849420849420848,1.7374517374517375,0.3474903474903475,0.3474903474903475,0.0,0.3474903474903475,2.4324324324324325,0.0,0.0,79.63,100.0,0.0,36.36,16.67,37.84,14.29,0.0,0.210438167648324,0.0511567137661819,0.694980694980695,0.694980694980695,0.0123565586872586,0.694980694980695,1.7374517374517375,2.0849420849420848,0.0549379355212354,4.1698841698841695,RW,8,17,8,12,8,42,12,38,38,46,62,25,92,33,8,29,38,54,29,33,25,17,25,50,54,25,96,17,25,17,33,33,8,50,17,25,8,8,29,29,25,8,8,33,17,8,17,8,50,17,75,67,58,83,42,100,50,8,29,42,67,33,42,25,17,25,50,54,25,96,17,25,17,33,33,8,50,17,33,8,8,33,50,17,8,8,Serie A
Bologna,ej5er0oyngdw138yuumwqbyqt,31b0dvddmki2b2zvumesyrx4a,R. Piccoli,Roberto Piccoli,25,Attacker,Italy,Striker,13.0,0.0,19.0,1.0,32.0,3.0,3.0,6.0,6.0,16.0,5.0,2.0,358.0,9.0,3.0,1.0,0.0,10.0,7.0,3.0,2.0,1.0,2.0,15.0,0.0,0.0,80.0,100.0,0.0,50.0,20.0,34.04,18.75,100.0,1.0792861424072158,0.1437912436663141,2.0,3.0,0.07750661,2.0,3.0,4.0,0.06403165,11.0,3.2681564245810053,0.0,4.776536312849162,0.2513966480446927,8.044692737430168,0.7541899441340782,0.7541899441340782,1.5083798882681565,1.5083798882681565,4.022346368715084,1.2569832402234635,0.5027932960893855,2.2625698324022347,0.7541899441340782,0.2513966480446927,0.0,2.5139664804469275,1.759776536312849,0.7541899441340782,0.5027932960893855,0.2513966480446927,0.5027932960893855,3.770949720670391,0.0,0.0,80.0,100.0,0.0,50.0,20.0,34.04,18.75,100.0,0.2713289184822609,0.036148636675889,0.5027932960893855,0.7541899441340782,0.0194849019553072,0.5027932960893855,0.7541899441340782,1.005586592178771,0.0160973421787709,2.76536312849162,ST,35,33,12,52,15,33,29,54,54,42,96,88,90,65,38,38,50,48,77,44,44,19,38,50,52,73,85,33,69,10,23,15,87,46,23,48,44,31,67,46,56,23,25,31,33,15,50,15,23,35,50,50,38,96,85,69,62,27,38,46,42,73,42,46,12,27,50,52,73,85,33,69,10,23,15,87,42,23,42,38,23,62,42,50,19,23,Serie A
Bologna,ej5er0oyngdw138yuumwqbyqt,5gf24ds4ejjztxyj8b5rs3tnt,T. Heggem,Torbjørn Heggem,27,Defender,Norway,Defender,241.0,0.0,82.0,11.0,323.0,9.0,3.0,0.0,0.0,13.0,25.0,4.0,450.0,2.0,0.0,1.0,0.0,1.0,1.0,0.0,1.0,0.0,0.0,6.0,0.0,0.0,93.9,61.11,0.0,0.0,0.0,41.94,45.0,50.0,0.1148285795084829,0.2495451782719885,0.0,11.0,0.21544317,5.0,7.0,11.0,0.4890388999999999,190.0,48.2,0.0,16.4,2.2,64.6,1.8,0.6,0.0,0.0,2.6,5.0,0.8,0.4,0.0,0.2,0.0,0.2,0.2,0.0,0.2,0.0,0.0,1.2,0.0,0.0,93.9,61.11,0.0,0.0,0.0,41.94,45.0,50.0,0.0229657159016965,0.0499090356543977,0.0,2.2,0.043088634,1.0,1.4,2.2,0.0978077799999999,38.0,CB,100,47,76,77,95,61,94,27,26,30,70,38,52,33,8,44,26,29,45,92,47,32,73,50,52,73,82,47,33,32,6,24,21,30,97,44,98,97,100,62,76,97,94,91,47,73,65,86,55,86,27,26,6,48,18,48,33,5,44,17,20,45,89,47,32,67,50,52,73,82,47,33,32,6,24,21,24,82,44,95,94,98,47,67,91,88,Serie A
Bologna,ej5er0oyngdw138yuumwqbyqt,6kms3ctf8joymna289onk9lg5,F. Bernardeschi,Federico Bernardeschi,32,Attacker,Italy,Striker,56.0,7.0,83.0,12.0,132.0,2.0,7.0,9.0,9.0,13.0,2.0,1.0,364.0,5.0,4.0,1.0,0.0,12.0,7.0,5.0,2.0,1.0,5.0,10.0,0.0,0.0,89.19,80.0,35.0,44.44,41.67,43.33,50.0,50.0,0.8761270793285216,0.7168900778373118,6.0,11.0,0.2722868499999999,1.0,13.0,22.0,0.7757543499999997,59.0,13.846153846153848,1.7307692307692308,20.521978021978025,2.967032967032967,32.637362637362635,0.4945054945054945,1.7307692307692308,2.2252747252747254,2.2252747252747254,3.2142857142857144,0.4945054945054945,0.2472527472527472,1.2362637362637363,0.989010989010989,0.2472527472527472,0.0,2.967032967032967,1.7307692307692308,1.2362637362637363,0.4945054945054945,0.2472527472527472,1.2362637362637363,2.4725274725274726,0.0,0.0,89.19,80.0,35.0,44.44,41.67,43.33,50.0,50.0,0.2166248273065026,0.1772530412235111,1.4835164835164836,2.71978021978022,0.0673236717032966,0.2472527472527472,3.2142857142857144,5.43956043956044,0.1918073942307691,14.587912087912088,RW,92,75,58,92,75,67,50,25,25,29,62,25,58,33,21,29,79,71,79,75,67,79,33,50,54,100,75,100,58,54,50,71,42,67,42,79,38,33,8,83,92,58,83,92,75,58,92,67,67,50,25,25,25,50,12,54,33,17,29,71,54,71,71,54,79,33,50,54,100,75,100,58,54,50,71,42,58,42,83,25,25,8,83,92,58,83,Serie A
Bologna,ej5er0oyngdw138yuumwqbyqt,8qlz4omhgfnzyb2cgeou7xn56,A. Theate,Arthur Theate,26,Defender,Belgium,Defender,92.0,0.0,41.0,3.0,133.0,3.0,0.0,0.0,0.0,8.0,15.0,5.0,270.0,1.0,0.0,4.0,0.0,3.0,1.0,2.0,0.0,0.0,0.0,3.0,0.0,0.0,91.1,33.33,0.0,0.0,0.0,66.67,0.0,100.0,0.1917737488443494,0.0,2.0,1.0,0.01685596,2.0,5.0,5.0,0.2381727999999999,82.0,30.666666666666668,0.0,13.666666666666666,1.0,44.333333333333336,1.0,0.0,0.0,0.0,2.6666666666666665,5.0,1.6666666666666667,0.3333333333333333,0.0,1.3333333333333333,0.0,1.0,0.3333333333333333,0.6666666666666666,0.0,0.0,0.0,1.0,0.0,0.0,91.1,33.33,0.0,0.0,0.0,66.67,0.0,100.0,0.0639245829481164,0.0,0.6666666666666666,0.3333333333333333,0.0056186533333333,0.6666666666666666,1.6666666666666667,1.6666666666666667,0.0793909333333333,27.33333333333333,CB,33,47,36,15,36,12,18,27,26,8,27,55,27,33,44,44,65,29,98,44,47,32,44,50,52,52,20,47,33,32,74,3,92,42,21,98,48,39,80,44,26,55,45,39,47,61,18,45,9,18,27,26,9,48,67,30,33,67,44,92,33,100,44,47,32,55,50,52,52,20,47,33,32,74,3,92,55,21,100,55,55,85,55,52,64,48,Serie A
Bologna,ej5er0oyngdw138yuumwqbyqt,ahe00hzfpxhe742i5db3mpe6s,E. Helland,Eivind Helland,21,Defender,Norway,Defender,150.0,0.0,28.0,6.0,178.0,3.0,0.0,0.0,0.0,11.0,12.0,5.0,238.0,1.0,0.0,4.0,0.0,2.0,2.0,0.0,0.0,0.0,1.0,2.0,0.0,0.0,95.19,60.0,0.0,0.0,50.0,64.71,60.0,57.14,0.0,0.0,0.0,0.0,0.0,0.0,0.0,0.0,0.0,0.0,56.72268907563026,0.0,10.588235294117649,2.26890756302521,67.3109243697479,1.134453781512605,0.0,0.0,0.0,4.159663865546219,4.53781512605042,1.8907563025210083,0.3781512605042016,0.0,1.512605042016807,0.0,0.7563025210084033,0.7563025210084033,0.0,0.0,0.0,0.3781512605042016,0.7563025210084033,0.0,0.0,95.19,60.0,0.0,0.0,50.0,64.71,60.0,57.14,0.0,0.0,0.0,0.0,0.0,0.0,0.0,0.0,0.0,0.0,CB,64,47,18,45,48,12,18,27,26,26,18,55,27,33,44,44,48,55,45,44,47,71,29,50,52,88,74,47,33,80,70,52,41,11,21,44,20,20,27,8,8,8,8,100,47,33,70,94,21,18,27,26,45,30,79,42,33,85,44,61,67,45,44,47,76,39,50,52,88,74,47,33,80,70,52,41,11,21,44,20,20,27,8,8,8,8,Serie A
Bologna,ej5er0oyngdw138yuumwqbyqt,awf3x41nsz8m73bhte5wlz6ui,E. Holm,Emil Holm,26,Defender,Sweden,Defender,71.0,1.0,58.0,5.0,128.0,3.0,1.0,8.0,8.0,29.0,8.0,2.0,279.0,6.0,5.0,8.0,0.0,3.0,2.0,1.0,2.0,0.0,0.0,5.0,0.0,0.0,84.77,50.0,14.29,62.5,0.0,64.44,42.86,53.33,0.2034945793359259,0.0457764723567412,0.0,7.0,0.1696255,4.0,11.0,11.0,0.33506284,49.0,22.90322580645161,0.3225806451612903,18.70967741935484,1.6129032258064515,41.29032258064516,0.9677419354838708,0.3225806451612903,2.5806451612903225,2.5806451612903225,9.35483870967742,2.5806451612903225,0.6451612903225806,1.935483870967741,1.6129032258064515,2.5806451612903225,0.0,0.9677419354838708,0.6451612903225806,0.3225806451612903,0.6451612903225806,0.0,0.0,1.6129032258064515,0.0,0.0,84.77,50.0,14.29,62.5,0.0,64.44,42.86,53.33,0.0656434126890083,0.0147666039860455,0.0,2.258064516129032,0.0547179032258064,1.2903225806451613,3.548387096774193,3.548387096774193,0.1080847870967741,15.806451612903226,RB/RCB,37,54,25,54,38,44,17,96,96,100,33,21,92,96,92,35,69,71,79,94,44,33,52,44,52,42,69,48,58,33,85,25,35,62,15,37,54,46,52,46,40,27,12,73,63,42,69,65,50,15,96,96,100,46,35,100,96,100,35,81,81,85,96,44,33,50,44,52,42,69,48,58,33,85,25,35,69,15,37,62,58,73,73,65,42,35,Serie A
Bologna,ej5er0oyngdw138yuumwqbyqt,bdb6j168crcrwje9k0titxv55,L. Ferguson,Lewis Ferguson,27,Midfielder,Scotland,Midfielder,195.0,2.0,208.0,7.0,401.0,7.0,5.0,3.0,3.0,26.0,7.0,4.0,450.0,5.0,1.0,7.0,0.0,3.0,1.0,2.0,0.0,0.0,1.0,3.0,0.0,0.0,93.04,43.75,50.0,33.33,33.33,54.17,77.78,53.85,0.2470768728198871,0.5098266860285792,2.0,15.0,0.32680729,7.0,47.0,39.0,1.1184101799999997,218.0,39.0,0.4,41.6,1.4,80.2,1.4,1.0,0.6,0.6,5.2,1.4,0.8,1.0,0.2,1.4,0.0,0.6,0.2,0.4,0.0,0.0,0.2,0.6,0.0,0.0,93.04,43.75,50.0,33.33,33.33,54.17,77.78,53.85,0.0494153745639774,0.1019653372057158,0.4,3.0,0.065361458,1.4,9.4,7.8,0.2236820359999999,43.6,DM/CM,100,80,100,64,100,95,76,44,41,94,73,64,65,41,85,30,39,47,53,24,41,62,47,52,52,91,24,86,44,70,65,100,38,48,91,61,91,88,89,100,98,100,100,94,73,94,52,97,89,61,33,27,79,64,39,48,27,73,30,27,32,45,24,41,47,27,52,52,91,24,86,44,70,65,100,38,33,73,55,83,79,85,94,94,97,85,Serie A
Bologna,ej5er0oyngdw138yuumwqbyqt,ch5rw8dgb6wh99wyhd8o3t1pl,T. Pobega,Tommaso Pobega,27,Midfielder,Italy,Midfielder,45.0,0.0,54.0,4.0,99.0,0.0,2.0,1.0,2.0,6.0,3.0,4.0,252.0,1.0,0.0,3.0,0.0,6.0,2.0,4.0,2.0,0.0,1.0,2.0,0.0,0.0,86.84,57.14,0.0,0.0,16.67,33.33,0.0,60.0,0.4268076559788587,0.1123972608607627,3.0,3.0,0.06333723,4.0,12.0,10.0,0.17364395,48.0,16.071428571428573,0.0,19.28571428571429,1.4285714285714286,35.35714285714286,0.0,0.7142857142857143,0.3571428571428571,0.7142857142857143,2.142857142857143,1.0714285714285714,1.4285714285714286,0.3571428571428571,0.0,1.0714285714285714,0.0,2.142857142857143,0.7142857142857143,1.4285714285714286,0.7142857142857143,0.0,0.3571428571428571,0.7142857142857143,0.0,0.0,86.84,57.14,0.0,0.0,16.67,33.33,0.0,60.0,0.1524313057067352,0.0401418788788438,1.0714285714285714,1.0714285714285714,0.0226204392857142,1.4285714285714286,4.285714285714286,3.571428571428572,0.0620156964285714,17.142857142857142,DM/CM,18,27,24,33,20,12,27,17,27,9,33,64,17,14,45,30,83,76,82,77,41,62,29,52,52,24,64,27,14,52,3,20,52,76,30,74,26,30,70,42,41,18,15,24,27,39,58,30,12,39,18,36,12,39,76,21,14,55,30,91,82,88,85,41,67,42,52,52,24,64,27,14,52,3,20,52,82,30,91,33,36,88,61,58,33,30,Serie A
Bologna,ej5er0oyngdw138yuumwqbyqt,d5m5q6dlc7vnbs634dinbsuwa,N. Cambiaghi,Nicolò Cambiaghi,25,Attacker,Italy,Striker,30.0,0.0,73.0,1.0,103.0,0.0,5.0,6.0,6.0,21.0,0.0,2.0,356.0,13.0,4.0,2.0,0.0,8.0,4.0,4.0,5.0,0.0,1.0,22.0,0.0,0.0,85.83,33.33,0.0,66.67,12.5,47.73,0.0,50.0,0.5929469416795556,0.347440498195545,6.0,10.0,0.3233212599999999,2.0,5.0,6.0,0.2398197899999999,25.0,7.584269662921348,0.0,18.45505617977528,0.2528089887640449,26.039325842696627,0.0,1.2640449438202246,1.5168539325842696,1.5168539325842696,5.308988764044944,0.0,0.5056179775280899,3.286516853932584,1.0112359550561798,0.5056179775280899,0.0,2.02247191011236,1.0112359550561798,1.0112359550561798,1.2640449438202246,0.0,0.2528089887640449,5.561797752808989,0.0,0.0,85.83,33.33,0.0,66.67,12.5,47.73,0.0,50.0,0.1499023167167416,0.0878360810044917,1.5168539325842696,2.528089887640449,0.0817385207865168,0.5056179775280899,1.2640449438202246,1.5168539325842696,0.0606285985955055,6.320224719101123,LW,73,23,82,18,82,18,68,9,9,64,23,82,100,27,36,41,59,32,73,86,36,18,73,55,55,91,23,23,91,18,64,23,45,55,64,64,55,55,32,77,50,45,73,73,23,73,18,73,18,64,9,9,27,23,82,82,18,27,41,27,18,64,82,36,18,55,55,55,91,23,23,91,18,64,23,45,27,64,55,36,45,27,64,45,27,55,Serie A
Bologna,ej5er0oyngdw138yuumwqbyqt,emvmn561wgd62zj0s3qi5j5rd,Juan Miranda,Juan Miranda,26,Defender,Spain,Defender,50.0,8.0,66.0,7.0,108.0,4.0,9.0,3.0,3.0,17.0,7.0,3.0,315.0,1.0,2.0,4.0,1.0,1.0,1.0,0.0,0.0,0.0,0.0,6.0,0.0,0.0,82.44,46.67,44.44,66.67,0.0,65.38,66.67,40.0,0.0638597868436125,1.0509112214836958,0.0,2.0,0.06452141,2.0,5.0,6.0,0.7498583999999999,40.0,14.285714285714286,2.2857142857142856,18.857142857142858,2.0,30.857142857142858,1.1428571428571428,2.571428571428572,0.8571428571428571,0.8571428571428571,4.857142857142857,2.0,0.8571428571428571,0.2857142857142857,0.5714285714285714,1.1428571428571428,0.2857142857142857,0.2857142857142857,0.2857142857142857,0.0,0.0,0.0,0.0,1.7142857142857142,0.0,0.0,82.44,46.67,44.44,66.67,0.0,65.38,66.67,40.0,0.0182456533838892,0.3002603489953416,0.0,0.5714285714285714,0.0184346885714285,0.5714285714285714,1.4285714285714286,1.7142857142857142,0.2142452571428571,11.428571428571429,LB/LCB,37,93,48,56,30,57,91,50,50,61,30,41,30,72,54,76,13,28,20,30,39,19,43,48,52,30,46,83,69,19,89,83,11,11,89,19,13,26,33,11,7,70,11,33,96,48,61,30,61,89,56,56,70,37,52,41,70,63,85,13,26,20,30,39,19,59,48,52,30,46,83,69,19,89,83,11,11,93,19,17,30,30,11,15,74,22,Serie A
Cagliari,5rwlg5cfv1hu7yf0ek1zxpzy3,1blngn7afc8verjkysdegb0tl,Zé Pedro,José Pedro da Silva Figueiredo Freitas,29,Defender,Portugal,Defender,74.0,3.0,50.0,9.0,121.0,2.0,2.0,6.0,6.0,12.0,16.0,3.0,404.0,1.0,3.0,5.0,0.0,1.0,1.0,0.0,0.0,0.0,0.0,4.0,0.0,0.0,80.13,47.37,33.33,50.0,0.0,42.86,66.67,83.33,0.1288039362599853,0.2133673599581361,0.0,7.0,0.17027974,1.0,8.0,11.0,0.4373945,68.0,16.485148514851485,0.6683168316831684,11.13861386138614,2.004950495049505,26.95544554455445,0.4455445544554455,0.4455445544554455,1.3366336633663367,1.3366336633663367,2.6732673267326734,3.5643564356435644,0.6683168316831684,0.2227722772277227,0.6683168316831684,1.113861386138614,0.0,0.2227722772277227,0.2227722772277227,0.0,0.0,0.0,0.0,0.8910891089108911,0.0,0.0,80.13,47.37,33.33,50.0,0.0,42.86,66.67,83.33,0.0286939461965313,0.0475323326639412,0.0,1.5594059405940597,0.0379336054455445,0.2227722772277227,1.7821782178217822,2.4504950495049505,0.0974393688118811,15.148514851485148,RB/RCB,44,81,19,83,31,31,35,75,71,19,83,40,17,71,60,35,37,44,37,40,44,33,40,44,52,19,65,90,48,33,8,75,87,46,46,37,54,50,21,15,40,54,38,35,77,15,81,19,27,38,69,69,23,81,38,15,73,50,35,27,38,37,40,44,33,31,44,52,19,65,90,48,33,8,75,87,38,38,37,50,46,23,12,38,35,31,Serie A
Cagliari,5rwlg5cfv1hu7yf0ek1zxpzy3,1fsum47fkh62rer9xxe3smctm,D. Maldini,Daniel Maldini,24,Attacker,Italy,Striker,43.0,2.0,61.0,0.0,102.0,1.0,5.0,14.0,15.0,18.0,2.0,5.0,369.0,8.0,5.0,2.0,0.0,10.0,5.0,5.0,2.0,3.0,4.0,15.0,0.0,0.0,80.95,0.0,100.0,35.71,40.0,42.86,50.0,50.0,0.8152908484110026,0.4039543399588762,2.0,19.0,0.59205496,8.0,7.0,9.0,0.3035714599999999,37.0,10.48780487804878,0.4878048780487805,14.878048780487806,0.0,24.87804878048781,0.2439024390243902,1.2195121951219514,3.414634146341464,3.658536585365854,4.390243902439025,0.4878048780487805,1.2195121951219514,1.951219512195122,1.2195121951219514,0.4878048780487805,0.0,2.439024390243903,1.2195121951219514,1.2195121951219514,0.4878048780487805,0.7317073170731708,0.9756097560975612,3.658536585365854,0.0,0.0,80.95,0.0,100.0,35.71,40.0,42.86,50.0,50.0,0.1988514264417079,0.0985254487704576,0.4878048780487805,4.634146341463415,0.1444036487804878,1.951219512195122,1.707317073170732,2.1951219512195124,0.0740418195121951,9.02439024390244,ST,96,100,96,21,96,10,65,87,88,58,37,100,75,85,69,38,50,27,92,44,85,60,38,50,52,85,21,96,46,65,46,77,52,31,62,48,100,100,100,88,96,92,96,96,100,88,21,92,8,46,88,88,46,27,96,62,85,65,38,42,19,92,31,81,50,23,50,52,85,21,96,46,65,46,77,52,27,50,35,96,96,100,85,88,77,88,Serie A
Cagliari,5rwlg5cfv1hu7yf0ek1zxpzy3,2ma0fsvwn2lzchpbbxw3k2uc4,P. Mendy,Paul Mendy,19,Attacker,Senegal,Striker,11.0,0.0,35.0,1.0,46.0,8.0,3.0,3.0,3.0,20.0,5.0,0.0,361.0,5.0,2.0,2.0,0.0,9.0,7.0,2.0,2.0,1.0,3.0,11.0,0.0,0.0,77.97,100.0,0.0,66.67,33.33,38.46,44.44,40.0,1.0739693953606884,0.131615948602785,2.0,3.0,0.0562173,0.0,3.0,0.0,0.0663452199999999,22.0,2.742382271468144,0.0,8.725761772853186,0.2493074792243767,11.46814404432133,1.994459833795014,0.7479224376731302,0.7479224376731302,0.7479224376731302,4.986149584487535,1.2465373961218835,0.0,1.2465373961218835,0.4986149584487535,0.4986149584487535,0.0,2.2437673130193905,1.745152354570637,0.4986149584487535,0.4986149584487535,0.2493074792243767,0.7479224376731302,2.742382271468144,0.0,0.0,77.97,100.0,0.0,66.67,33.33,38.46,44.44,40.0,0.2677486027215012,0.0328128403718854,0.4986149584487535,0.7479224376731302,0.0140153933518005,0.0,0.7479224376731302,0.0,0.0165403595567866,5.484764542936288,ST,25,33,60,52,52,79,29,25,23,75,96,29,33,46,69,38,38,48,54,44,44,40,15,50,52,60,85,33,90,40,35,58,38,42,19,48,44,19,17,46,8,27,69,19,33,54,46,38,77,31,27,23,65,92,29,35,42,69,38,38,38,58,38,42,38,12,50,52,60,85,33,90,40,35,58,38,38,19,38,35,15,17,38,8,27,62,Serie A
Cagliari,5rwlg5cfv1hu7yf0ek1zxpzy3,2uvexgjeidkvy6qu4i2nf14a,A. Obert,Adam Obert,24,Defender,Slovakia,Defender,94.0,1.0,60.0,8.0,153.0,1.0,4.0,5.0,5.0,17.0,10.0,5.0,447.0,1.0,4.0,8.0,0.0,3.0,2.0,1.0,0.0,0.0,2.0,7.0,0.0,0.0,85.96,57.14,6.67,80.0,66.67,58.62,25.0,72.73,0.1973643102392412,0.3127442511189987,2.0,7.0,0.21856773,1.0,4.0,14.0,0.44447187,81.0,18.926174496644293,0.2013422818791946,12.080536912751676,1.610738255033557,30.805369127516776,0.2013422818791946,0.8053691275167785,1.006711409395973,1.006711409395973,3.4228187919463084,2.013422818791946,1.006711409395973,0.2013422818791946,0.8053691275167785,1.610738255033557,0.0,0.6040268456375839,0.4026845637583892,0.2013422818791946,0.0,0.0,0.4026845637583892,1.4093959731543624,0.0,0.0,85.96,57.14,6.67,80.0,66.67,58.62,25.0,72.73,0.0397377805850821,0.062968641164899,0.4026845637583892,1.4093959731543624,0.0440069255033557,0.2013422818791946,0.8053691275167785,2.8187919463087248,0.0894909805369127,16.308724832214764,LB/LCB,70,28,33,72,48,13,44,74,69,61,56,74,30,94,85,30,56,54,50,30,39,83,52,48,52,52,72,19,81,94,67,13,65,41,44,76,61,67,15,7,61,33,61,56,19,15,44,26,4,37,59,59,44,41,59,19,89,74,30,41,37,44,30,39,74,41,48,52,52,72,19,81,94,67,13,65,30,33,67,48,59,7,7,33,15,37,Serie A
Cagliari,5rwlg5cfv1hu7yf0ek1zxpzy3,43rid94d7jz7u5ba4xzb8bbe2,M. Adopo,Michel Adopo,26,Midfielder,France,Midfielder,54.0,0.0,94.0,5.0,148.0,5.0,8.0,6.0,6.0,12.0,8.0,3.0,450.0,2.0,2.0,2.0,2.0,4.0,3.0,1.0,2.0,0.0,2.0,4.0,0.0,0.0,85.06,55.56,0.0,33.33,50.0,37.5,41.67,66.67,0.3630368338971266,0.5904837912759522,0.0,13.0,0.33504429,9.0,12.0,14.0,0.3476261899999998,67.0,10.8,0.0,18.8,1.0,29.6,1.0,1.6,1.2,1.2,2.4,1.6,0.6,0.4,0.4,0.4,0.4,0.8,0.6,0.2,0.4,0.0,0.4,0.8,0.0,0.0,85.06,55.56,0.0,33.33,50.0,37.5,41.67,66.67,0.0726073667794253,0.1180967582551904,0.0,2.6,0.067008858,1.8,2.4,2.8,0.0695252379999999,13.4,RM/RCM,75,12,81,69,100,100,81,69,69,38,88,56,44,44,38,88,19,31,31,69,44,75,12,56,56,50,38,12,19,81,25,62,56,25,50,12,88,88,94,50,75,50,75,25,12,38,50,38,100,50,44,44,25,88,38,25,25,25,88,12,25,19,62,44,69,12,56,56,50,38,12,19,81,25,62,56,25,38,12,62,50,88,38,56,25,38,Serie A
Cagliari,5rwlg5cfv1hu7yf0ek1zxpzy3,5lv11o8diz2g5sxqzwond4q38,A. Romano,Alessandro Romano,20,Midfielder,Italy,Midfielder,116.0,3.0,82.0,7.0,195.0,1.0,3.0,7.0,7.0,18.0,13.0,3.0,445.0,4.0,2.0,9.0,0.0,7.0,3.0,4.0,0.0,1.0,5.0,7.0,0.0,0.0,88.24,50.0,27.27,28.57,71.43,47.37,20.0,81.82,0.4461207476847642,0.3794009379209446,4.0,4.0,0.07657711,3.0,15.0,12.0,0.2280194,90.0,23.46067415730337,0.6067415730337078,16.584269662921347,1.4157303370786516,39.43820224719101,0.2022471910112359,0.6067415730337078,1.4157303370786516,1.4157303370786516,3.640449438202247,2.629213483146067,0.6067415730337078,0.8089887640449438,0.4044943820224719,1.820224719101124,0.0,1.4157303370786516,0.6067415730337078,0.8089887640449438,0.0,0.2022471910112359,1.0112359550561798,1.4157303370786516,0.0,0.0,88.24,50.0,27.27,28.57,71.43,47.37,20.0,81.82,0.0902266680710758,0.0767327739615393,0.8089887640449438,0.8089887640449438,0.0154875053932584,0.6067415730337078,3.033707865168539,2.426966292134831,0.0461162831460674,18.202247191011235,DM/CM,79,94,48,64,64,38,50,85,85,67,94,45,52,67,94,30,88,88,82,24,88,97,80,52,52,52,50,68,36,94,39,39,92,79,76,92,39,36,50,61,56,24,55,52,88,30,55,36,24,27,73,70,33,91,36,39,52,85,30,67,76,67,24,82,97,70,52,52,52,50,68,36,94,39,39,92,64,61,76,21,18,30,33,33,12,33,Serie A
Cagliari,5rwlg5cfv1hu7yf0ek1zxpzy3,5qfa3h4gut5jlnfkexq5m1djp,H. Winks,Harry Winks,30,Midfielder,England,Midfielder,132.0,0.0,88.0,4.0,220.0,1.0,0.0,0.0,0.0,10.0,10.0,10.0,417.0,5.0,0.0,3.0,0.0,4.0,1.0,3.0,2.0,0.0,1.0,1.0,0.0,0.0,91.29,44.44,0.0,0.0,25.0,45.45,0.0,75.0,0.2879972105914248,0.0,1.0,3.0,0.05617798,2.0,20.0,13.0,0.3494666499999999,132.0,28.48920863309352,0.0,18.992805755395683,0.8633093525179856,47.482014388489205,0.2158273381294964,0.0,0.0,0.0,2.158273381294964,2.158273381294964,2.158273381294964,1.079136690647482,0.0,0.6474820143884892,0.0,0.8633093525179856,0.2158273381294964,0.6474820143884892,0.4316546762589928,0.0,0.2158273381294964,0.2158273381294964,0.0,0.0,91.29,44.44,0.0,0.0,25.0,45.45,0.0,75.0,0.0621576713506672,0.0,0.2158273381294964,0.6474820143884892,0.012124743884892,0.4316546762589928,4.316546762589928,2.805755395683453,0.0754244568345323,28.48920863309352,DM/CM,91,27,55,33,79,38,5,6,6,20,86,97,65,14,45,30,53,47,65,77,41,62,17,52,52,79,33,27,14,64,26,20,77,55,5,44,26,21,30,76,62,61,79,91,27,36,23,58,33,5,6,6,15,82,94,58,14,36,30,45,44,61,70,41,55,15,52,52,79,33,27,14,64,26,20,77,42,5,42,15,15,24,64,52,42,73,Serie A
Cagliari,5rwlg5cfv1hu7yf0ek1zxpzy3,6e9fu9o226zn6jzx02jutvi3u,J. Fazzini,Jacopo Fazzini,23,Midfielder,Italy,Midfielder,40.0,3.0,41.0,0.0,78.0,0.0,4.0,8.0,8.0,13.0,3.0,4.0,241.0,3.0,6.0,3.0,1.0,4.0,2.0,2.0,1.0,0.0,1.0,5.0,0.0,0.0,83.87,0.0,27.27,75.0,25.0,38.24,0.0,75.0,0.2733989515985073,0.4902220360313527,2.0,4.0,0.0957334,3.0,3.0,5.0,0.1200237899999999,27.0,14.937759336099584,1.120331950207469,15.311203319502075,0.0,29.1286307053942,0.0,1.4937759336099583,2.987551867219917,2.987551867219917,4.854771784232366,1.120331950207469,1.4937759336099583,1.120331950207469,2.240663900414938,1.120331950207469,0.3734439834024896,1.4937759336099583,0.7468879668049793,0.7468879668049793,0.3734439834024896,0.0,0.3734439834024896,1.867219917012448,0.0,0.0,83.87,0.0,27.27,75.0,25.0,38.24,0.0,75.0,0.102099193543011,0.1830704698872271,0.7468879668049793,1.4937759336099583,0.0357510622406639,1.120331950207469,1.120331950207469,1.867219917012448,0.0448221622406638,10.08298755186722,DM/CM,12,94,15,5,9,12,65,94,94,38,33,64,41,97,45,76,53,76,53,58,41,62,65,52,52,18,5,68,91,64,9,20,77,52,85,61,39,42,50,5,9,6,3,18,97,24,5,18,12,82,100,100,70,45,82,61,100,58,91,76,85,64,67,41,73,85,52,52,18,5,68,91,64,9,20,77,70,97,73,42,42,73,3,18,9,3,Serie A
Cagliari,5rwlg5cfv1hu7yf0ek1zxpzy3,6zcua8ycqj1pca5fxwvie4x04,J. Rodríguez,Juan Rodríguez,21,Defender,Uruguay,Defender,172.0,0.0,42.0,7.0,214.0,6.0,2.0,0.0,0.0,14.0,25.0,9.0,395.0,1.0,0.0,5.0,0.0,1.0,0.0,1.0,0.0,0.0,0.0,1.0,1.0,0.0,93.45,58.33,0.0,0.0,0.0,43.75,37.5,71.43,0.0538566515218296,0.0,1.0,1.0,0.0199707,0.0,4.0,5.0,0.2038498600000001,125.0,39.18987341772152,0.0,9.569620253164556,1.5949367088607591,48.75949367088607,1.3670886075949369,0.4556962025316455,0.0,0.0,3.1898734177215187,5.696202531645569,2.050632911392405,0.2278481012658227,0.0,1.1392405063291138,0.0,0.2278481012658227,0.0,0.2278481012658227,0.0,0.0,0.0,0.2278481012658227,0.2278481012658227,0.0,93.45,58.33,0.0,0.0,0.0,43.75,37.5,71.43,0.0122711357897839,0.0,0.2278481012658227,0.2278481012658227,0.0045502860759493,0.0,0.9113924050632912,1.1392405063291138,0.0464468035443038,28.481012658227847,CB,70,47,41,53,58,42,77,27,26,33,70,86,27,33,59,44,26,9,92,44,47,32,17,100,52,67,67,47,33,32,11,12,70,21,21,91,48,50,27,32,26,45,61,70,47,24,45,52,30,79,27,26,21,67,82,21,33,48,44,21,9,94,44,47,32,12,100,52,67,67,47,33,32,11,12,70,21,21,91,48,45,27,30,24,30,58,Serie A
Cagliari,5rwlg5cfv1hu7yf0ek1zxpzy3,cmg6y5t0yuzeuzuxitelbvglx,A. Deiola,Alessandro Deiola,31,Midfielder,Italy,Midfielder,133.0,0.0,36.0,10.0,169.0,2.0,0.0,0.0,0.0,12.0,21.0,4.0,443.0,1.0,0.0,4.0,0.0,1.0,1.0,0.0,0.0,0.0,0.0,3.0,0.0,0.0,87.11,50.0,0.0,0.0,0.0,50.0,33.33,44.44,0.1215480572621922,0.0,0.0,1.0,0.01935132,0.0,10.0,11.0,0.2317310199999999,106.0,27.02031602708804,0.0,7.313769751693002,2.031602708803612,34.33408577878104,0.4063205417607223,0.0,0.0,0.0,2.437923250564334,4.266365688487585,0.8126410835214446,0.2031602708803611,0.0,0.8126410835214446,0.0,0.2031602708803611,0.2031602708803611,0.0,0.0,0.0,0.0,0.6094808126410834,0.0,0.0,87.11,50.0,0.0,0.0,0.0,50.0,33.33,44.44,0.0246937362383686,0.0,0.0,0.2031602708803611,0.0039314194130925,0.0,2.031602708803612,2.234762979683973,0.0470785367945823,21.534988713318285,DM/CM,94,27,9,85,48,58,5,6,6,29,100,64,17,14,59,30,14,47,11,24,41,23,47,52,52,30,50,27,14,23,47,48,27,21,5,17,8,6,3,26,48,27,73,85,27,3,70,24,55,5,6,6,21,100,42,9,14,42,30,6,36,11,24,41,23,33,52,52,30,50,27,14,23,47,48,27,12,5,17,6,6,3,12,30,15,48,Serie A
Como,6uzfw7ahyxg4wrrfxo5u7qt0n,13uxs8820y7mi31fsw1i0qxw4,A. Diao,Assane Diao,21,Attacker,Senegal,Striker,18.0,4.0,114.0,2.0,128.0,5.0,13.0,23.0,25.0,27.0,2.0,3.0,339.0,3.0,12.0,1.0,1.0,10.0,9.0,1.0,2.0,2.0,3.0,41.0,0.0,0.0,86.49,50.0,26.67,52.17,30.0,52.94,55.56,14.29,0.94389567659372,1.2034910828397527,4.0,25.0,0.97033246,2.0,5.0,8.0,0.5036623499999999,31.0,4.778761061946903,1.0619469026548674,30.26548672566372,0.5309734513274337,33.982300884955755,1.327433628318584,3.4513274336283186,6.106194690265487,6.6371681415929205,7.168141592920354,0.5309734513274337,0.7964601769911505,0.7964601769911505,3.185840707964602,0.2654867256637168,0.2654867256637168,2.6548672566371683,2.3893805309734515,0.2654867256637168,0.5309734513274337,0.5309734513274337,0.7964601769911505,10.88495575221239,0.0,0.0,86.49,50.0,26.67,52.17,30.0,52.94,55.56,14.29,0.2505917725470053,0.3195109069486069,1.0619469026548674,6.6371681415929205,0.2576103876106194,0.5309734513274337,1.327433628318584,2.1238938053097347,0.1337156681415929,8.230088495575222,RW,17,50,92,29,67,83,92,96,100,100,62,83,25,100,21,71,67,83,29,75,92,50,100,50,54,83,21,42,75,33,83,92,17,75,92,62,75,92,29,29,42,50,33,8,42,92,33,83,83,92,100,100,100,67,83,25,100,25,75,58,83,25,92,92,50,100,50,54,83,21,42,75,33,83,92,17,75,92,50,75,92,17,17,33,42,17,Serie A
Como,6uzfw7ahyxg4wrrfxo5u7qt0n,1p0xp2onnys7jlru55vfgf1pm,T. Douvikas,Tasos Douvikas,27,Attacker,Greece,Striker,14.0,0.0,21.0,0.0,35.0,7.0,5.0,4.0,4.0,18.0,4.0,0.0,317.0,9.0,2.0,0.0,0.0,13.0,13.0,0.0,3.0,2.0,8.0,26.0,0.0,0.0,71.43,0.0,0.0,50.0,61.54,47.37,41.18,0.0,1.6678877859602563,0.3713312659164984,1.0,3.0,0.24465406,1.0,2.0,1.0,0.04271212,7.0,3.9747634069400632,0.0,5.962145110410095,0.0,9.936908517350158,1.987381703470032,1.4195583596214512,1.135646687697161,1.135646687697161,5.110410094637224,1.135646687697161,0.0,2.555205047318612,0.5678233438485805,0.0,0.0,3.690851735015773,3.690851735015773,0.0,0.8517350157728707,0.5678233438485805,2.271293375394322,7.381703470031546,0.0,0.0,71.43,0.0,0.0,50.0,61.54,47.37,41.18,0.0,0.4735328098940791,0.1054252805441162,0.2839116719242902,0.8517350157728707,0.0694601432176656,0.2839116719242902,0.5678233438485805,0.2839116719242902,0.0121264694006309,1.987381703470032,ST,40,33,17,21,19,69,65,38,35,58,81,29,90,46,12,38,71,85,8,67,71,96,83,50,52,38,21,33,69,96,69,46,12,88,58,19,44,81,44,31,19,8,6,42,33,23,21,23,73,58,38,38,73,88,29,85,54,12,38,77,88,8,73,69,96,85,50,52,38,21,33,69,96,69,46,12,88,58,19,46,77,42,31,19,15,4,Serie A
Como,6uzfw7ahyxg4wrrfxo5u7qt0n,2b1aq7e51fjbukd3muxfthd78,Jacobo Ramón,Jacobo Ramón,21,Defender,Spain,Defender,185.0,0.0,139.0,12.0,324.0,16.0,3.0,3.0,3.0,32.0,21.0,2.0,450.0,2.0,2.0,6.0,0.0,4.0,4.0,0.0,0.0,1.0,2.0,8.0,0.0,0.0,90.0,52.17,0.0,66.67,50.0,64.0,61.54,50.0,0.5746845274684507,0.2202255103410204,0.0,5.0,0.10637607,4.0,37.0,33.0,0.6657229699999996,239.0,37.0,0.0,27.8,2.4,64.8,3.2,0.6,0.6,0.6,6.4,4.2,0.4,0.4,0.4,1.2,0.0,0.8,0.8,0.0,0.0,0.2,0.4,1.6,0.0,0.0,90.0,52.17,0.0,66.67,50.0,64.0,61.54,50.0,0.1149369054936901,0.044045102068204,0.0,1.0,0.021275214,0.8,7.4,6.6,0.1331445939999999,47.8,CB,76,47,97,83,100,94,94,94,94,97,45,9,52,92,73,44,83,85,45,44,94,89,89,50,52,39,55,47,77,80,67,58,21,88,82,44,88,88,95,100,100,100,100,61,47,94,74,91,85,86,91,88,88,27,5,48,83,53,44,68,73,45,44,94,80,85,50,52,39,55,47,77,80,67,58,21,76,76,44,83,82,91,97,100,100,100,Serie A
Como,6uzfw7ahyxg4wrrfxo5u7qt0n,54foi544tygbd4sfx62t7wno,Álex Valle,Álex Valle,22,Defender,Spain,Defender,85.0,3.0,74.0,2.0,156.0,2.0,7.0,3.0,3.0,10.0,3.0,5.0,343.0,2.0,0.0,3.0,1.0,5.0,3.0,2.0,2.0,0.0,1.0,8.0,0.0,0.0,87.64,28.57,30.0,0.0,20.0,45.45,50.0,50.0,0.3589546205812444,0.4691364274152818,2.0,7.0,0.21161785,1.0,17.0,12.0,0.7004884699999999,81.0,22.303206997084548,0.7871720116618076,19.41690962099125,0.5247813411078718,40.932944606414,0.5247813411078718,1.836734693877551,0.7871720116618076,0.7871720116618076,2.623906705539359,0.7871720116618076,1.3119533527696794,0.5247813411078718,0.0,0.7871720116618076,0.2623906705539359,1.3119533527696794,0.7871720116618076,0.5247813411078718,0.5247813411078718,0.0,0.2623906705539359,2.099125364431487,0.0,0.0,87.64,28.57,30.0,0.0,20.0,45.45,50.0,50.0,0.0941863435927463,0.1230970217707736,0.5247813411078718,1.836734693877551,0.0555265495626822,0.2623906705539359,4.46064139941691,3.1486880466472305,0.1838016393586005,21.253644314868804,LB/LCB,63,67,56,13,56,28,80,50,50,20,17,74,54,17,37,76,81,80,74,85,39,54,69,48,52,78,19,63,17,37,22,50,35,70,67,76,61,63,15,72,48,67,61,67,67,52,11,52,26,81,44,44,22,11,78,56,17,41,74,81,78,74,89,39,48,74,48,52,78,19,63,17,37,22,50,35,67,74,78,63,78,15,67,48,67,56,Serie A
Como,6uzfw7ahyxg4wrrfxo5u7qt0n,5e2zgfe3ltc6qbnoqdfshqsph,T. Chalobah,Trevoh Chalobah,27,Defender,England,Defender,197.0,0.0,51.0,5.0,248.0,6.0,1.0,1.0,1.0,16.0,16.0,4.0,360.0,3.0,1.0,4.0,0.0,2.0,2.0,0.0,0.0,0.0,1.0,4.0,0.0,0.0,93.94,45.45,0.0,100.0,50.0,76.19,54.55,66.67,0.2376997444578331,0.08741890035365,0.0,3.0,0.06317351,1.0,7.0,6.0,0.2779854899999999,161.0,49.25,0.0,12.75,1.25,62.0,1.5,0.25,0.25,0.25,4.0,4.0,1.0,0.75,0.25,1.0,0.0,0.5,0.5,0.0,0.0,0.0,0.25,1.0,0.0,0.0,93.94,45.45,0.0,100.0,50.0,76.19,54.55,66.67,0.0594249361144582,0.0218547250884125,0.0,0.75,0.0157933775,0.25,1.75,1.5,0.0694963724999999,40.25,CB,85,47,55,38,67,42,50,65,62,42,33,38,68,74,44,44,48,55,45,44,47,71,58,50,52,76,36,47,91,80,100,33,65,48,67,44,76,73,64,62,41,61,73,97,47,58,27,76,38,55,70,70,36,20,33,64,79,38,44,45,55,45,44,47,70,55,50,52,76,36,47,91,80,100,33,65,45,64,44,76,70,64,59,36,55,91,Serie A
Como,6uzfw7ahyxg4wrrfxo5u7qt0n,6d36zn3fr35yhj70yx5n445qs,M. Perrone,Máximo Perrone,23,Midfielder,Argentina,Midfielder,124.0,0.0,124.0,9.0,248.0,1.0,8.0,1.0,1.0,7.0,4.0,4.0,266.0,1.0,0.0,4.0,1.0,5.0,2.0,3.0,3.0,0.0,0.0,5.0,0.0,0.0,95.02,75.0,0.0,0.0,0.0,50.0,50.0,80.0,0.4769032058628297,0.4491718331533091,1.0,3.0,0.06317351,2.0,20.0,21.0,0.4501701000000002,131.0,41.95488721804511,0.0,41.95488721804511,3.045112781954887,83.90977443609022,0.3383458646616541,2.706766917293233,0.3383458646616541,0.3383458646616541,2.3684210526315788,1.3533834586466165,1.3533834586466165,0.3383458646616541,0.0,1.3533834586466165,0.3383458646616541,1.6917293233082706,0.6766917293233082,1.0150375939849623,1.0150375939849623,0.0,0.0,1.6917293233082706,0.0,0.0,95.02,75.0,0.0,0.0,0.0,50.0,50.0,80.0,0.1613582275475739,0.1519754322699166,0.3383458646616541,1.0150375939849623,0.0213744958646616,0.6766917293233082,6.7669172932330826,7.105263157894736,0.1523131917293233,44.32330827067669,DM/CM,88,27,79,77,88,38,100,17,15,14,53,64,17,14,59,76,73,76,65,91,41,23,65,52,52,100,80,27,14,23,47,68,83,85,82,44,26,27,30,76,76,67,76,97,27,97,82,100,48,100,15,15,18,61,73,18,14,67,88,79,79,82,94,41,23,79,52,52,100,80,27,14,23,47,68,83,88,88,52,30,33,36,85,91,82,94,Serie A
Como,6uzfw7ahyxg4wrrfxo5u7qt0n,7onr52be14is8cwcfd2k1i784,M. Baturina,Martin Baturina,23,Midfielder,Croatia,Midfielder,31.0,2.0,97.0,7.0,126.0,0.0,4.0,5.0,6.0,11.0,0.0,0.0,269.0,5.0,4.0,1.0,1.0,11.0,6.0,5.0,2.0,2.0,4.0,20.0,0.0,0.0,89.36,70.0,25.0,80.0,36.36,44.0,0.0,50.0,0.8433727219184319,0.3350154014728664,6.0,22.0,0.5999873599999999,7.0,12.0,20.0,0.8088156000000001,55.0,10.37174721189591,0.6691449814126395,32.45353159851301,2.3420074349442377,42.15613382899628,0.0,1.338289962825279,1.6728624535315986,2.007434944237918,3.680297397769517,0.0,0.0,1.6728624535315986,1.338289962825279,0.3345724907063197,0.3345724907063197,3.680297397769517,2.007434944237918,1.6728624535315986,0.6691449814126395,0.6691449814126395,1.338289962825279,6.691449814126394,0.0,0.0,89.36,70.0,25.0,80.0,36.36,44.0,0.0,50.0,0.2821693121660181,0.1120869372957545,2.007434944237918,7.360594795539034,0.2007392654275092,2.3420074349442377,4.014869888475836,6.691449814126394,0.2706074498141264,18.401486988847584,LM/LCM,17,50,67,83,67,25,67,42,58,33,17,17,67,67,17,75,83,83,83,75,92,83,100,58,58,83,83,100,100,67,33,25,17,83,67,92,100,83,83,83,83,83,67,67,50,100,100,83,25,67,50,67,33,17,17,67,83,17,83,100,100,83,83,100,83,100,58,58,83,83,100,100,67,33,25,17,100,83,100,100,100,100,83,100,100,83,Serie A
Como,6uzfw7ahyxg4wrrfxo5u7qt0n,92vjurxjnipl210yanki2oz8q,L. da Cunha,Lucas da Cunha,25,Midfielder,France,Midfielder,105.0,6.0,169.0,16.0,268.0,0.0,10.0,5.0,5.0,13.0,6.0,0.0,316.0,2.0,3.0,5.0,0.0,9.0,2.0,7.0,6.0,0.0,0.0,4.0,0.0,0.0,94.04,80.0,46.15,60.0,0.0,65.0,0.0,62.5,0.6254696620621654,0.891852192003324,6.0,16.0,0.35603088,13.0,24.0,21.0,0.6206526900000001,138.0,29.90506329113924,1.7088607594936709,48.13291139240506,4.556962025316456,76.32911392405063,0.0,2.848101265822785,1.4240506329113924,1.4240506329113924,3.702531645569621,1.7088607594936709,0.0,0.569620253164557,0.8544303797468354,1.4240506329113924,0.0,2.5632911392405062,0.569620253164557,1.993670886075949,1.7088607594936709,0.0,0.0,1.139240506329114,0.0,0.0,94.04,80.0,46.15,60.0,0.0,65.0,0.0,62.5,0.1781400936253002,0.2540085356971492,1.7088607594936709,4.556962025316456,0.1014012,3.702531645569621,6.835443037974684,5.981012658227848,0.1767681712025317,39.30379746835443,CM/AM,95,77,86,98,95,20,77,45,41,45,84,11,20,59,77,27,77,50,91,95,34,18,34,52,50,100,91,77,61,18,95,20,55,64,73,95,80,77,93,82,70,77,91,100,68,100,100,100,20,86,45,41,50,86,11,23,64,86,27,77,50,95,91,34,18,41,52,50,100,91,77,61,18,95,20,55,59,73,95,86,86,100,86,73,82,95,Serie A
Como,6uzfw7ahyxg4wrrfxo5u7qt0n,9i6hs8toyjwrh7ub04vow8wes,N. Paz,Nico Paz,22,Midfielder,Argentina,Midfielder,57.0,4.0,199.0,8.0,252.0,1.0,9.0,16.0,17.0,36.0,0.0,2.0,420.0,7.0,9.0,6.0,1.0,27.0,14.0,13.0,11.0,1.0,5.0,32.0,0.0,0.0,89.36,72.73,50.0,56.25,18.52,58.06,33.33,31.58,2.1883065965650537,0.4924773457455792,13.0,28.0,0.7247888599999996,14.0,30.0,34.0,1.01696466,148.0,12.214285714285714,0.8571428571428571,42.64285714285714,1.7142857142857142,54.0,0.2142857142857142,1.9285714285714284,3.4285714285714284,3.642857142857143,7.7142857142857135,0.0,0.4285714285714285,1.5,1.9285714285714284,1.2857142857142856,0.2142857142857142,5.785714285714286,3.0,2.7857142857142856,2.357142857142857,0.2142857142857142,1.0714285714285714,6.857142857142857,0.0,0.0,89.36,72.73,50.0,56.25,18.52,58.06,33.33,31.58,0.4689228421210829,0.1055308598026241,2.7857142857142856,6.0,0.1553118985714285,3.0,6.428571428571428,7.285714285714286,0.2179209985714285,31.71428571428571,CM/AM,50,61,100,66,91,50,73,100,100,100,14,45,80,98,89,75,100,100,100,100,77,95,100,52,50,68,75,84,50,36,86,57,18,100,55,100,100,100,100,93,100,95,100,36,55,91,41,86,52,64,95,95,100,14,45,73,100,82,68,100,100,100,100,82,91,100,52,50,68,75,84,50,36,86,57,18,95,36,100,100,100,91,82,95,91,91,Serie A
Como,6uzfw7ahyxg4wrrfxo5u7qt0n,ay89se5rytzay8md0yeadykq2,Yan Couto,Yan Bueno Couto,24,Defender,Brazil,Defender,88.0,1.0,161.0,8.0,248.0,0.0,10.0,5.0,6.0,11.0,6.0,4.0,417.0,4.0,2.0,4.0,1.0,6.0,1.0,5.0,0.0,0.0,3.0,10.0,0.0,0.0,89.53,57.14,14.29,40.0,50.0,57.89,0.0,80.0,0.3265823442755957,0.8216226134800567,5.0,23.0,0.6451463,10.0,28.0,38.0,1.00910114,130.0,18.992805755395683,0.2158273381294964,34.74820143884892,1.7266187050359711,53.5251798561151,0.0,2.158273381294964,1.079136690647482,1.2949640287769784,2.3741007194244603,1.2949640287769784,0.8633093525179856,0.8633093525179856,0.4316546762589928,0.8633093525179856,0.2158273381294964,1.2949640287769784,0.2158273381294964,1.079136690647482,0.0,0.0,0.6474820143884892,2.158273381294964,0.0,0.0,89.53,57.14,14.29,40.0,50.0,57.89,0.0,80.0,0.0704853980450925,0.1773286216144007,1.079136690647482,4.964028776978417,0.1392402086330935,2.158273381294964,6.043165467625899,8.201438848920862,0.2177916129496402,28.05755395683453,RB/RCB,71,54,100,75,92,4,100,65,71,15,23,63,69,54,40,81,92,44,100,40,44,96,79,44,52,73,77,48,35,85,62,4,81,73,92,100,100,100,100,100,100,92,85,62,58,100,73,92,4,100,62,65,8,15,69,62,58,35,81,92,35,100,40,44,96,81,44,52,73,77,48,35,85,62,4,81,73,92,100,100,96,100,96,100,92,81,Serie A
Como,6uzfw7ahyxg4wrrfxo5u7qt0n,ch1lxxbn01at4jmkafy4uevh1,Luis Milla,Luis Milla,31,Midfielder,Spain,Midfielder,80.0,6.0,137.0,4.0,211.0,0.0,7.0,3.0,3.0,11.0,6.0,10.0,273.0,5.0,3.0,2.0,0.0,1.0,1.0,0.0,0.0,0.0,0.0,1.0,0.0,0.0,92.54,57.14,24.0,100.0,0.0,52.38,0.0,66.67,0.088144424813837,0.9631051448469838,0.0,2.0,0.0482448,2.0,27.0,12.0,0.3524612200000001,131.0,26.373626373626376,1.978021978021978,45.16483516483517,1.3186813186813189,69.56043956043956,0.0,2.307692307692308,0.989010989010989,0.989010989010989,3.6263736263736255,1.978021978021978,3.296703296703297,1.6483516483516485,0.989010989010989,0.6593406593406593,0.0,0.3296703296703296,0.3296703296703296,0.0,0.0,0.0,0.0,0.3296703296703296,0.0,0.0,92.54,57.14,24.0,100.0,0.0,52.38,0.0,66.67,0.0290586015869792,0.3175071906088957,0.0,0.6593406593406593,0.0159048791208791,0.6593406593406593,8.901098901098901,3.956043956043956,0.1161960065934066,43.18681318681319,CM/AM,73,77,77,27,77,20,57,25,25,23,84,100,68,59,48,27,14,32,9,20,34,18,7,52,50,95,45,41,95,18,64,20,66,23,82,9,5,5,23,86,41,27,86,95,86,95,27,95,20,68,27,23,45,91,100,77,68,45,27,18,36,9,20,34,18,9,52,50,95,45,41,95,18,64,20,66,23,86,9,5,5,27,100,50,45,100,Serie A
Internazionale,3vo5mpj7catp66nrwwqiuhuup,19856wqwrmzmvfw9thf0tzrv9,F. Dimarco,Federico Dimarco,28,Defender,Italy,Defender,72.0,14.0,105.0,10.0,163.0,1.0,14.0,3.0,3.0,8.0,2.0,5.0,316.0,1.0,2.0,2.0,1.0,7.0,4.0,3.0,0.0,0.0,2.0,15.0,0.0,0.0,85.79,71.43,43.75,66.67,28.57,53.33,33.33,50.0,0.4659113763800495,1.677062467518173,2.0,10.0,0.25321702,3.0,18.0,25.0,1.2664133299999991,73.0,20.50632911392405,3.987341772151898,29.90506329113924,2.848101265822785,46.4240506329114,0.2848101265822785,3.987341772151898,0.8544303797468354,0.8544303797468354,2.278481012658228,0.569620253164557,1.4240506329113924,0.2848101265822785,0.569620253164557,0.569620253164557,0.2848101265822785,1.993670886075949,1.139240506329114,0.8544303797468354,0.0,0.0,0.569620253164557,4.272151898734177,0.0,0.0,85.79,71.43,43.75,66.67,28.57,53.33,33.33,50.0,0.1326962780829254,0.4776443736602391,0.569620253164557,2.848101265822785,0.0721187715189873,0.8544303797468354,5.1265822784810124,7.120253164556962,0.3606873408227846,20.79113924050633,LB/LCB,54,100,80,83,61,13,100,50,50,13,9,74,30,72,15,76,93,96,89,30,39,83,96,48,52,44,96,78,69,46,44,22,35,81,100,76,87,81,50,78,80,96,54,59,100,89,81,59,15,100,52,52,15,7,93,37,67,11,81,100,100,89,30,39,93,96,48,52,44,96,78,69,46,44,22,35,89,100,85,81,81,59,89,89,96,52,Serie A
Internazionale,3vo5mpj7catp66nrwwqiuhuup,1v6nfd46wx11jbfertslccbo4,F. Esposito,Francesco Pio Esposito,21,Attacker,Italy,Striker,18.0,1.0,39.0,1.0,56.0,8.0,4.0,0.0,0.0,18.0,2.0,0.0,291.0,9.0,0.0,1.0,1.0,13.0,11.0,2.0,4.0,2.0,5.0,27.0,0.0,0.0,68.29,50.0,50.0,0.0,38.46,60.0,72.73,100.0,1.462710677781419,0.2169024746562043,2.0,4.0,0.14242815,2.0,3.0,5.0,0.21209126,25.0,5.56701030927835,0.3092783505154639,12.061855670103093,0.3092783505154639,17.31958762886598,2.4742268041237114,1.2371134020618555,0.0,0.0,5.56701030927835,0.6185567010309279,0.0,2.783505154639175,0.0,0.3092783505154639,0.3092783505154639,4.020618556701031,3.402061855670103,0.6185567010309279,1.2371134020618555,0.6185567010309279,1.5463917525773196,8.350515463917526,0.0,0.0,68.29,50.0,50.0,0.0,38.46,60.0,72.73,100.0,0.4523847457055935,0.067083239584393,0.6185567010309279,1.2371134020618555,0.044049943298969,0.6185567010309279,0.9278350515463918,1.5463917525773196,0.0655952350515464,7.731958762886598,ST,69,81,73,52,69,79,46,4,4,58,37,29,90,12,38,83,71,73,54,85,71,75,88,50,52,19,46,88,12,58,92,100,87,73,31,48,60,65,67,46,75,65,81,65,88,69,54,65,85,50,4,4,81,42,29,96,12,46,88,85,85,65,92,77,85,88,50,52,19,46,88,12,58,92,100,87,85,42,54,73,69,69,54,77,69,81,Serie A
Internazionale,3vo5mpj7catp66nrwwqiuhuup,280fh7f5q9lud8lk8reyu7fxm,Y. Bisseck,Yann Bisseck,25,Defender,Germany,Defender,88.0,1.0,63.0,3.0,150.0,4.0,3.0,3.0,3.0,15.0,10.0,7.0,279.0,0.0,3.0,5.0,0.0,5.0,5.0,0.0,1.0,1.0,2.0,11.0,0.0,0.0,89.29,42.86,33.33,100.0,40.0,65.22,57.14,62.5,0.5367865545973843,0.2274713842154166,2.0,6.0,0.12213694,1.0,10.0,8.0,0.3829118700000001,87.0,28.387096774193548,0.3225806451612903,20.32258064516129,0.9677419354838708,48.38709677419354,1.2903225806451613,0.9677419354838708,0.9677419354838708,0.9677419354838708,4.838709677419355,3.225806451612903,2.258064516129032,0.0,0.9677419354838708,1.6129032258064515,0.0,1.6129032258064515,1.6129032258064515,0.0,0.3225806451612903,0.3225806451612903,0.6451612903225806,3.548387096774193,0.0,0.0,89.29,42.86,33.33,100.0,40.0,65.22,57.14,62.5,0.1731569530959304,0.0733778658759408,0.6451612903225806,1.935483870967741,0.0393990129032258,0.3225806451612903,3.225806451612903,2.5806451612903225,0.1235199580645161,28.064516129032256,RB/RCB,71,54,35,29,54,56,52,37,33,40,46,88,8,71,60,35,85,98,37,85,94,88,88,44,52,69,54,90,90,77,88,65,46,96,50,88,42,38,21,33,19,38,58,85,63,65,35,88,77,73,58,50,77,69,100,8,85,81,35,96,100,37,88,100,92,100,44,52,69,54,90,90,77,88,65,46,100,62,92,58,50,27,62,42,54,85,Serie A
Internazionale,3vo5mpj7catp66nrwwqiuhuup,3hpaoy4qzn5xp7qnzdrj1yvsa,A. Diouf,Andy Diouf,23,Midfielder,France,Midfielder,55.0,1.0,92.0,2.0,146.0,2.0,13.0,9.0,9.0,14.0,3.0,2.0,345.0,2.0,4.0,5.0,3.0,4.0,1.0,3.0,1.0,0.0,2.0,19.0,0.0,0.0,91.82,100.0,25.0,44.44,50.0,51.85,40.0,83.33,0.2208956421938195,1.2185441461284074,2.0,22.0,0.6500952899999999,9.0,7.0,14.0,0.9321829500000004,52.0,14.347826086956522,0.2608695652173913,24.0,0.5217391304347826,38.086956521739125,0.5217391304347826,3.391304347826087,2.347826086956521,2.347826086956521,3.652173913043478,0.7826086956521738,0.5217391304347826,0.5217391304347826,1.0434782608695652,1.3043478260869563,0.7826086956521738,1.0434782608695652,0.2608695652173913,0.7826086956521738,0.2608695652173913,0.0,0.5217391304347826,4.956521739130435,0.0,0.0,91.82,100.0,25.0,44.44,50.0,51.85,40.0,83.33,0.0576249501375181,0.317881081598715,0.5217391304347826,5.739130434782608,0.1695900756521738,2.347826086956521,1.826086956521739,3.652173913043478,0.2431781608695653,13.565217391304348,RM/RCM,94,38,62,38,88,38,100,88,88,56,56,31,44,88,94,100,19,12,81,38,44,75,100,56,56,88,94,50,62,81,88,50,81,12,100,75,100,100,94,38,75,100,38,88,50,75,38,75,25,88,88,88,75,62,25,38,88,88,100,25,12,75,50,44,88,88,56,56,88,94,50,62,81,88,50,81,12,100,75,100,100,100,25,88,100,50,Serie A
Internazionale,3vo5mpj7catp66nrwwqiuhuup,66nvc8a4kd3cyeyj3i474cudx,M. Thuram,Marcus Thuram,29,Attacker,France,Striker,11.0,0.0,35.0,2.0,46.0,7.0,5.0,4.0,5.0,19.0,2.0,0.0,229.0,6.0,3.0,2.0,2.0,15.0,14.0,1.0,3.0,2.0,5.0,26.0,0.0,0.0,86.79,66.67,0.0,75.0,33.33,59.38,63.64,66.67,2.239134976104407,0.4181850189936744,2.0,6.0,0.18298623,2.0,4.0,5.0,0.1817034199999999,16.0,4.323144104803494,0.0,13.755458515283843,0.7860262008733625,18.07860262008733,2.7510917030567685,1.9650655021834065,1.572052401746725,1.9650655021834065,7.467248908296944,0.7860262008733625,0.0,2.3580786026200875,1.1790393013100438,0.7860262008733625,0.7860262008733625,5.895196506550219,5.502183406113537,0.3930131004366812,1.1790393013100438,0.7860262008733625,1.9650655021834065,10.218340611353712,0.0,0.0,86.79,66.67,0.0,75.0,33.33,59.38,63.64,66.67,0.8800093792550072,0.1643521908708764,0.7860262008733625,2.3580786026200875,0.0719159855895196,0.7860262008733625,1.572052401746725,1.9650655021834065,0.0714118244541484,6.2882096069869,ST,25,33,60,73,52,69,65,38,48,67,37,29,48,65,69,96,88,90,27,67,71,75,83,50,52,100,60,33,96,40,88,96,63,92,69,48,77,73,67,62,75,46,40,58,33,81,85,73,88,88,54,58,92,62,29,77,77,85,100,96,96,38,88,85,92,92,50,52,100,60,33,96,40,88,96,63,100,81,73,85,81,85,81,85,73,77,Serie A
Internazionale,3vo5mpj7catp66nrwwqiuhuup,7r2tgpdrr4v6n9d2gkzwmlazt,Lautaro Martínez,Lautaro Martínez,29,Attacker,Argentina,Striker,34.0,1.0,51.0,4.0,84.0,3.0,6.0,8.0,8.0,15.0,4.0,2.0,323.0,4.0,2.0,3.0,0.0,22.0,20.0,2.0,6.0,4.0,6.0,38.0,0.0,0.0,79.25,50.0,25.0,25.0,27.27,44.12,50.0,50.0,2.6847923436619223,0.4627084268423904,3.0,8.0,0.23501661,2.0,5.0,4.0,0.27948806,31.0,9.473684210526317,0.2786377708978328,14.210526315789473,1.1145510835913313,23.40557275541796,0.8359133126934984,1.671826625386997,2.2291021671826625,2.2291021671826625,4.179566563467492,1.1145510835913313,0.5572755417956656,1.1145510835913313,0.5572755417956656,0.8359133126934984,0.0,6.130030959752322,5.572755417956656,0.5572755417956656,1.671826625386997,1.1145510835913313,1.671826625386997,10.588235294117649,0.0,0.0,79.25,50.0,25.0,25.0,27.27,44.12,50.0,50.0,0.7480845539615263,0.1289280446310066,0.8359133126934984,2.2291021671826625,0.0654845043343653,0.5572755417956656,1.393188854489164,1.1145510835913313,0.0778759300309597,8.637770897832818,ST,92,81,88,90,88,33,83,67,63,37,81,88,21,46,88,38,100,100,54,96,92,87,96,50,52,65,46,69,33,19,58,77,52,96,73,75,81,77,67,75,56,81,88,88,81,85,88,88,31,69,73,69,42,85,92,27,46,88,38,100,100,62,96,96,88,96,50,52,65,46,69,33,19,58,77,52,92,69,77,81,73,65,73,58,81,85,Serie A
Internazionale,3vo5mpj7catp66nrwwqiuhuup,ahgd3on22t4h7gg9ipnj1itw5,N. Barella,Nicolò Barella,29,Midfielder,Italy,Midfielder,86.0,9.0,173.0,16.0,250.0,0.0,13.0,11.0,11.0,17.0,3.0,1.0,450.0,4.0,9.0,1.0,1.0,8.0,4.0,4.0,1.0,1.0,5.0,17.0,0.0,0.0,89.29,72.73,50.0,81.82,62.5,60.71,0.0,25.0,1.1494665167844254,1.3848892694517685,4.0,18.0,0.4476293899999999,8.0,30.0,33.0,1.11411758,108.0,17.2,1.8,34.6,3.2,50.0,0.0,2.6,2.2,2.2,3.4,0.6,0.2,0.8,1.8,0.2,0.2,1.6,0.8,0.8,0.2,0.2,1.0,3.4,0.0,0.0,89.29,72.73,50.0,81.82,62.5,60.71,0.0,25.0,0.229893303356885,0.2769778538903537,0.8,3.6,0.0895258779999999,1.6,6.0,6.6,0.222823516,21.6,CM/AM,77,93,91,98,86,20,95,86,84,73,59,27,45,98,18,75,68,73,68,45,77,95,82,52,50,64,75,84,82,95,91,20,9,86,95,84,86,86,75,93,95,100,73,59,82,77,95,77,20,82,82,82,27,50,23,27,95,5,55,55,59,59,41,70,86,77,52,50,64,75,84,82,95,91,20,9,77,82,64,73,73,55,77,91,95,64,Serie A
Internazionale,3vo5mpj7catp66nrwwqiuhuup,almf0gtdjmsdm5zhyot1hvydx,M. Akanji,Manuel Akanji,31,Defender,Switzerland,Defender,193.0,0.0,98.0,14.0,291.0,15.0,2.0,1.0,1.0,25.0,22.0,8.0,413.0,1.0,0.0,5.0,1.0,7.0,7.0,0.0,0.0,0.0,1.0,9.0,0.0,0.0,94.17,82.35,0.0,0.0,14.29,73.53,78.95,55.56,1.0014011977690696,0.0577999446099326,0.0,2.0,0.03932202,0.0,16.0,18.0,0.42647733,170.0,42.05811138014528,0.0,21.35593220338983,3.050847457627119,63.41404358353511,3.268765133171913,0.4358353510895884,0.2179176755447942,0.2179176755447942,5.447941888619855,4.794188861985472,1.7433414043583535,0.2179176755447942,0.0,1.089588377723971,0.2179176755447942,1.5254237288135597,1.5254237288135597,0.0,0.0,0.0,0.2179176755447942,1.961259079903148,0.0,0.0,94.17,82.35,0.0,0.0,14.29,73.53,78.95,55.56,0.2182230213056084,0.0125956295760143,0.0,0.4358353510895884,0.0085689631961259,0.0,3.4866828087167074,3.922518159806296,0.0929369484261501,37.04600484261501,CB,79,47,82,94,88,91,77,65,62,85,48,80,27,33,59,94,100,100,45,44,47,71,95,50,52,79,100,47,33,64,91,88,35,100,52,44,67,67,27,82,85,79,85,76,47,82,91,82,88,73,67,67,76,36,70,18,33,45,94,97,97,45,44,47,64,91,50,52,79,100,47,33,64,91,88,35,100,48,44,67,64,27,82,85,79,79,Serie A
Internazionale,3vo5mpj7catp66nrwwqiuhuup,dpcws493fepch23sk26m1a8yd,P. Zieliński,Piotr Zielinski,32,Midfielder,Poland,Midfielder,102.0,2.0,145.0,7.0,245.0,0.0,3.0,1.0,1.0,7.0,1.0,1.0,352.0,4.0,0.0,1.0,1.0,10.0,2.0,8.0,5.0,1.0,2.0,5.0,0.0,0.0,93.87,87.5,50.0,0.0,20.0,46.67,0.0,33.33,0.7948322871344531,0.3198295691984007,4.0,26.0,0.5848651499999998,12.0,32.0,27.0,0.65393008,171.0,26.079545454545457,0.5113636363636364,37.07386363636364,1.7897727272727273,62.64204545454545,0.0,0.7670454545454546,0.2556818181818182,0.2556818181818182,1.7897727272727273,0.2556818181818182,0.2556818181818182,1.0227272727272727,0.0,0.2556818181818182,0.2556818181818182,2.556818181818182,0.5113636363636364,2.0454545454545454,1.278409090909091,0.2556818181818182,0.5113636363636364,1.278409090909091,0.0,0.0,93.87,87.5,50.0,0.0,20.0,46.67,0.0,33.33,0.2032241643241499,0.0817746057609547,1.0227272727272727,6.647727272727273,0.1495393849431817,3.0681818181818183,8.181818181818182,6.903409090909091,0.1671980318181818,43.721590909090914,DM/CM,73,80,91,64,85,12,50,17,15,14,5,17,52,14,11,76,98,76,98,97,88,85,65,52,52,97,100,86,14,56,33,20,21,94,61,92,100,100,100,91,88,82,94,76,79,88,67,85,12,45,12,12,3,3,9,52,14,6,70,97,70,97,97,91,85,64,52,52,97,100,86,14,56,33,20,21,94,67,88,100,100,100,91,88,85,88,Serie A
Internazionale,3vo5mpj7catp66nrwwqiuhuup,q6ns1fyw7w10xkkubh8etfc9,A. Bastoni,Alessandro Bastoni,27,Defender,Italy,Defender,210.0,2.0,145.0,16.0,353.0,6.0,5.0,1.0,1.0,19.0,9.0,2.0,392.0,1.0,1.0,8.0,0.0,3.0,3.0,0.0,0.0,0.0,0.0,5.0,0.0,0.0,90.51,59.26,22.22,100.0,0.0,67.86,85.71,72.73,0.3231485925547767,0.4590069047705025,0.0,9.0,0.22840258,3.0,20.0,25.0,1.1318407300000006,193.0,48.21428571428572,0.4591836734693878,33.29081632653062,3.673469387755103,81.04591836734694,1.3775510204081634,1.1479591836734695,0.2295918367346939,0.2295918367346939,4.362244897959184,2.066326530612245,0.4591836734693878,0.2295918367346939,0.2295918367346939,1.8367346938775515,0.0,0.6887755102040817,0.6887755102040817,0.0,0.0,0.0,0.0,1.1479591836734695,0.0,0.0,90.51,59.26,22.22,100.0,0.0,67.86,85.71,72.73,0.0741922789028824,0.1053842383401664,0.0,2.066326530612245,0.0524393678571428,0.6887755102040817,4.591836734693878,5.739795918367348,0.2598613920918369,44.31122448979592,LB/LCB,96,50,100,93,100,78,56,22,22,72,46,33,30,48,85,30,56,80,20,30,39,19,33,48,52,85,81,41,93,19,96,100,65,67,63,19,78,74,50,83,80,93,96,96,52,96,93,100,70,52,19,19,56,44,33,26,48,85,30,44,70,20,30,39,19,33,48,52,85,81,41,93,19,96,100,65,59,56,19,78,70,44,74,78,89,100,Serie A
Frosinone,5khizzei8z0qbb7exz622wxw3,1e6s5l3tp48t6ybq73lzzmkx6,G. Cittadini,Giorgio Cittadini,24,Defender,Italy,Defender,39.0,0.0,23.0,4.0,62.0,14.0,1.0,0.0,0.0,26.0,23.0,11.0,266.0,1.0,0.0,7.0,0.0,1.0,1.0,0.0,0.0,0.0,0.0,1.0,0.0,0.0,79.49,33.33,0.0,0.0,0.0,74.29,87.5,63.64,0.1470503887180922,0.0591371377645328,0.0,1.0,0.02385149,1.0,3.0,5.0,0.14486347,37.0,13.19548872180451,0.0,7.781954887218045,1.3533834586466165,20.977443609022554,4.7368421052631575,0.3383458646616541,0.0,0.0,8.796992481203008,7.781954887218045,3.721804511278195,0.3383458646616541,0.0,2.3684210526315788,0.0,0.3383458646616541,0.3383458646616541,0.0,0.0,0.0,0.0,0.3383458646616541,0.0,0.0,79.49,33.33,0.0,0.0,0.0,74.29,87.5,63.64,0.0497538909196552,0.0200088060105562,0.0,0.3383458646616541,0.0080700530075187,0.3383458646616541,1.0150375939849623,1.6917293233082706,0.0490139560150375,12.518796992481205,CB,8,47,6,30,6,85,50,27,26,88,52,92,27,33,91,44,26,29,45,44,47,32,17,50,52,12,20,47,33,32,94,98,58,39,55,44,48,56,64,24,26,21,18,9,47,6,33,9,97,61,27,26,100,94,100,36,33,100,44,33,36,45,44,47,32,21,50,52,12,20,47,33,32,94,98,58,39,61,44,58,61,70,33,55,36,21,Serie A
Frosinone,5khizzei8z0qbb7exz622wxw3,2lx4dy8gdeox803t8iwmy2ivo,G. Kvernadze,Giorgi Kvernadze,23,Attacker,Georgia,Striker,19.0,0.0,47.0,3.0,66.0,0.0,12.0,30.0,32.0,32.0,2.0,1.0,437.0,7.0,16.0,5.0,1.0,14.0,11.0,3.0,5.0,3.0,5.0,29.0,0.0,0.0,85.71,75.0,0.0,53.33,35.71,43.84,0.0,55.56,1.346127868848397,0.9732885721483644,9.0,17.0,0.6313885699999999,2.0,2.0,2.0,0.59663479,11.0,3.91304347826087,0.0,9.67963386727689,0.6178489702517163,13.59267734553776,0.0,2.471395881006865,6.178489702517163,6.590389016018307,6.590389016018307,0.4118993135011441,0.205949656750572,1.4416475972540046,3.2951945080091534,1.0297482837528604,0.205949656750572,2.883295194508009,2.265446224256293,0.6178489702517163,1.0297482837528604,0.6178489702517163,1.0297482837528604,5.972540045766591,0.0,0.0,85.71,75.0,0.0,53.33,35.71,43.84,0.0,55.56,0.2772345725317065,0.20044844735321,1.853546910755149,3.501144164759725,0.1300342592677345,0.4118993135011441,0.4118993135011441,0.4118993135011441,0.1228767302059496,2.265446224256293,LW,64,23,64,55,64,18,100,100,100,100,73,64,64,100,100,91,82,91,59,86,100,86,100,55,55,82,82,23,45,55,36,23,64,82,91,86,82,82,32,27,14,82,18,18,23,36,27,9,18,91,91,91,64,73,55,45,100,55,91,55,82,18,64,91,55,73,55,55,82,82,23,45,55,36,23,64,73,91,64,64,64,18,9,9,73,9,Serie A
Frosinone,5khizzei8z0qbb7exz622wxw3,3j2yog3zyussh0aq1xgz3e2cq,A. Oyono,Anthony Oyono,25,Defender,Gabon,Defender,30.0,2.0,60.0,0.0,88.0,4.0,4.0,6.0,6.0,27.0,16.0,8.0,383.0,8.0,4.0,8.0,1.0,7.0,3.0,4.0,3.0,0.0,1.0,5.0,0.0,0.0,75.86,0.0,25.0,66.67,14.29,51.92,36.36,72.73,0.501296451030115,0.4181320744188679,3.0,12.0,0.28013457,7.0,13.0,10.0,0.4222058199999999,60.0,7.049608355091384,0.4699738903394256,14.099216710182768,0.0,20.678851174934724,0.9399477806788512,0.9399477806788512,1.4099216710182767,1.4099216710182767,6.344647519582246,3.759791122715405,1.8798955613577024,1.8798955613577024,0.9399477806788512,1.8798955613577024,0.2349869451697128,1.6449086161879896,0.7049608355091384,0.9399477806788512,0.7049608355091384,0.0,0.2349869451697128,1.174934725848564,0.0,0.0,75.86,0.0,25.0,66.67,14.29,51.92,36.36,72.73,0.1177981216519852,0.0982555788451647,0.7049608355091384,2.8198433420365534,0.065827966840731,1.6449086161879896,3.0548302872062663,2.349869451697128,0.0992128558746736,14.099216710182768,RB/RCB,8,73,31,8,8,56,69,75,71,94,83,94,100,87,92,81,100,81,96,100,44,73,52,44,52,4,8,71,71,65,38,19,65,88,65,96,81,77,88,58,29,50,31,4,69,31,8,8,46,69,77,77,96,85,96,96,81,88,85,100,85,96,100,44,77,42,44,52,4,8,71,71,65,38,19,65,92,73,96,77,69,88,50,27,38,23,Serie A
Frosinone,5khizzei8z0qbb7exz622wxw3,51shig8ylkdt63h19537eclbd,G. Calò,Giacomo Calò,29,Midfielder,Italy,Midfielder,75.0,18.0,120.0,11.0,177.0,1.0,21.0,5.0,5.0,17.0,5.0,2.0,429.0,9.0,3.0,1.0,1.0,8.0,4.0,4.0,2.0,1.0,3.0,8.0,0.0,0.0,80.45,36.67,58.06,60.0,37.5,53.12,25.0,25.0,0.5475629742581167,2.378470553433872,1.0,4.0,0.08412796,5.0,19.0,21.0,0.60390239,100.0,15.734265734265737,3.776223776223776,25.174825174825177,2.307692307692308,37.13286713286713,0.2097902097902098,4.405594405594406,1.048951048951049,1.048951048951049,3.5664335664335667,1.048951048951049,0.4195804195804196,1.888111888111888,0.6293706293706294,0.2097902097902098,0.2097902097902098,1.6783216783216783,0.8391608391608392,0.8391608391608392,0.4195804195804196,0.2097902097902098,0.6293706293706294,1.6783216783216783,0.0,0.0,80.45,36.67,58.06,60.0,37.5,53.12,25.0,25.0,0.1148733512429615,0.4989798363847284,0.2097902097902098,0.8391608391608392,0.0176492223776223,1.048951048951049,3.986013986013986,4.405594405594406,0.1266928090909091,20.97902097902098,CM/AM,64,100,73,86,59,50,100,45,41,73,77,45,93,59,18,75,68,73,68,59,77,73,61,52,50,18,14,95,61,75,77,45,9,55,100,25,9,9,55,64,70,73,64,50,100,50,82,41,45,95,32,27,41,68,36,86,45,9,64,59,64,64,55,77,64,45,52,50,18,14,95,61,75,77,45,9,50,100,18,9,9,45,55,59,59,55,Serie A
Frosinone,5khizzei8z0qbb7exz622wxw3,7xdhy2xi9mrhzjn6aiatd9ono,P. Masini,Patrizio Masini,25,Midfielder,Italy,Midfielder,39.0,0.0,52.0,4.0,91.0,3.0,1.0,2.0,3.0,24.0,14.0,9.0,391.0,5.0,1.0,13.0,1.0,4.0,0.0,4.0,1.0,0.0,0.0,5.0,0.0,0.0,74.59,36.36,0.0,50.0,0.0,47.06,33.33,81.25,0.2465346947755813,0.1907552321997184,3.0,1.0,0.02401521,1.0,9.0,9.0,0.4858056899999998,54.0,8.976982097186701,0.0,11.969309462915602,0.9207161125319694,20.946291560102303,0.690537084398977,0.2301790281329923,0.4603580562659847,0.690537084398977,5.524296675191816,3.222506393861893,2.071611253196932,1.1508951406649617,0.2301790281329923,2.9923273657289005,0.2301790281329923,0.9207161125319694,0.0,0.9207161125319694,0.2301790281329923,0.0,0.0,1.1508951406649617,0.0,0.0,74.59,36.36,0.0,50.0,0.0,47.06,33.33,81.25,0.0567471164445072,0.0439078539590144,0.690537084398977,0.2301790281329923,0.0055277976982097,0.2301790281329923,2.071611253196932,2.071611253196932,0.1118222815856777,12.429667519181589,DM/CM,9,27,21,33,15,71,12,30,41,86,97,94,65,41,100,76,53,15,82,58,41,23,65,52,52,3,14,27,67,23,36,48,88,45,42,74,8,9,12,15,33,73,24,3,27,9,27,3,67,9,30,33,85,97,91,67,36,97,67,52,15,79,58,41,23,61,52,52,3,14,27,67,23,36,48,88,39,39,70,9,9,6,18,21,67,15,Serie A
Frosinone,5khizzei8z0qbb7exz622wxw3,b4q9q0qgmtz959rygieg9ln1l,R. Schmid,Romano Schmid,26,Midfielder,Austria,Midfielder,30.0,1.0,64.0,7.0,93.0,4.0,4.0,6.0,7.0,14.0,2.0,0.0,365.0,4.0,2.0,1.0,3.0,2.0,1.0,1.0,0.0,0.0,0.0,7.0,0.0,0.0,71.54,70.0,25.0,33.33,0.0,41.18,66.67,25.0,0.1359609516367912,0.4300471060803993,1.0,7.0,0.17859465,4.0,7.0,19.0,0.43683462,49.0,7.397260273972603,0.2465753424657534,15.78082191780822,1.726027397260274,22.93150684931507,0.9863013698630138,0.9863013698630138,1.479452054794521,1.726027397260274,3.452054794520548,0.4931506849315069,0.0,0.9863013698630138,0.4931506849315069,0.2465753424657534,0.7397260273972603,0.4931506849315069,0.2465753424657534,0.2465753424657534,0.0,0.0,0.0,1.726027397260274,0.0,0.0,71.54,70.0,25.0,33.33,0.0,41.18,66.67,25.0,0.0335246182118115,0.1060390124581806,0.2465753424657534,1.726027397260274,0.0440370369863013,0.9863013698630138,1.726027397260274,4.684931506849315,0.1077126460273972,12.08219178082192,CM/AM,16,30,23,59,23,91,34,59,66,50,39,11,45,36,18,100,27,32,30,20,34,18,52,52,50,5,68,48,30,18,25,82,9,27,41,25,34,36,43,23,64,45,30,14,27,14,45,14,82,27,50,64,32,41,11,36,36,18,100,27,27,27,20,34,18,50,52,50,5,68,48,30,18,25,82,9,27,41,27,23,23,41,14,64,41,32,Serie A
Frosinone,5khizzei8z0qbb7exz622wxw3,cbzfr0b3pjiknahduv488ogoa,I. Monterisi,Ilario Monterisi,24,Defender,Italy,Defender,25.0,0.0,26.0,6.0,51.0,8.0,3.0,0.0,0.0,18.0,24.0,4.0,267.0,1.0,0.0,5.0,0.0,5.0,5.0,0.0,0.0,0.0,1.0,8.0,0.0,0.0,76.12,50.0,0.0,0.0,20.0,48.65,44.44,55.56,0.6005269157837126,0.1769261475466324,0.0,0.0,0.0,1.0,7.0,9.0,0.2027673099999999,35.0,8.42696629213483,0.0,8.764044943820224,2.02247191011236,17.191011235955056,2.696629213483146,1.0112359550561798,0.0,0.0,6.067415730337078,8.089887640449438,1.348314606741573,0.3370786516853932,0.0,1.6853932584269662,0.0,1.6853932584269662,1.6853932584269662,0.0,0.0,0.0,0.3370786516853932,2.696629213483146,0.0,0.0,76.12,50.0,0.0,0.0,20.0,48.65,44.44,55.56,0.2024248030731615,0.0596380272629098,0.0,0.0,0.0,0.3370786516853932,2.359550561797753,3.033707865168539,0.0683485314606741,11.797752808988765,CB,3,47,15,45,3,56,94,27,26,50,58,38,27,33,59,44,97,97,45,44,47,71,89,50,52,6,45,47,33,67,21,21,35,94,76,44,20,20,64,62,70,42,15,3,47,18,61,3,70,100,27,26,82,97,52,33,33,91,44,100,100,45,44,47,73,100,50,52,6,45,47,33,67,21,21,35,97,91,44,20,20,67,73,79,52,15,Serie A
Frosinone,5khizzei8z0qbb7exz622wxw3,ct2t62s5gte4o5hodlfz9hkb8,A. Raimondo,Antonio Raimondo,22,Attacker,Italy,Striker,6.0,1.0,21.0,0.0,26.0,5.0,3.0,3.0,4.0,15.0,3.0,1.0,419.0,7.0,0.0,2.0,0.0,14.0,12.0,2.0,4.0,4.0,6.0,20.0,0.0,0.0,65.0,0.0,33.33,0.0,42.86,30.61,27.78,66.67,1.660006346318022,0.2679605696904789,3.0,2.0,0.13206623,2.0,2.0,3.0,0.05272565,11.0,1.2887828162291168,0.2147971360381861,4.510739856801909,0.0,5.58472553699284,1.0739856801909309,0.6443914081145584,0.6443914081145584,0.8591885441527446,3.221957040572792,0.6443914081145584,0.2147971360381861,1.503579952267303,0.0,0.4295942720763723,0.0,3.007159904534606,2.5775656324582337,0.4295942720763723,0.8591885441527446,0.8591885441527446,1.2887828162291168,4.295942720763723,0.0,0.0,65.0,0.0,33.33,0.0,42.86,30.61,27.78,66.67,0.3565646089943245,0.0575571629406756,0.6443914081145584,0.4295942720763723,0.0283674479713603,0.4295942720763723,0.4295942720763723,0.6443914081145584,0.0113253186157517,2.362768496420048,ST,12,81,17,21,8,54,29,25,35,37,63,69,63,12,69,38,81,79,54,85,92,87,65,50,52,12,21,81,12,77,15,27,63,81,38,75,23,62,67,31,40,15,25,8,65,4,21,4,50,27,23,27,15,46,62,42,12,62,38,65,73,46,77,88,69,38,50,52,12,21,81,12,77,15,27,63,69,35,58,15,50,58,27,42,8,19,Serie A
Frosinone,5khizzei8z0qbb7exz622wxw3,eg9jgcpcll4b1rfcx7u1gspw4,G. Calvani,Gabriele Calvani,22,Defender,Italy,Defender,62.0,0.0,21.0,3.0,83.0,14.0,0.0,2.0,2.0,31.0,30.0,7.0,434.0,4.0,1.0,7.0,0.0,4.0,4.0,0.0,1.0,0.0,0.0,6.0,0.0,0.0,72.17,23.08,0.0,50.0,0.0,67.39,87.5,58.33,0.4772934555735072,0.0,0.0,0.0,0.0,0.0,10.0,6.0,0.14830106,57.0,12.857142857142858,0.0,4.35483870967742,0.6221198156682028,17.211981566820278,2.903225806451613,0.0,0.4147465437788019,0.4147465437788019,6.428571428571429,6.221198156682028,1.4516129032258065,0.8294930875576038,0.2073732718894009,1.4516129032258065,0.0,0.8294930875576038,0.8294930875576038,0.0,0.2073732718894009,0.0,0.0,1.2442396313364057,0.0,0.0,72.17,23.08,0.0,50.0,0.0,67.39,87.5,58.33,0.0989779055336766,0.0,0.0,0.0,0.0,0.0,2.0737327188940093,1.2442396313364057,0.0307536760368663,11.820276497695852,CB,18,47,3,15,12,85,18,83,82,94,95,73,86,74,91,44,83,85,45,92,47,32,73,50,52,3,9,47,71,32,79,98,47,82,21,44,20,20,27,77,41,24,27,6,47,3,6,6,79,18,85,82,91,82,58,76,76,82,44,76,79,45,97,47,32,70,50,52,3,9,47,71,32,79,98,47,73,21,44,20,20,27,70,27,15,18,Serie A
Frosinone,5khizzei8z0qbb7exz622wxw3,j3e45tivwj7iod1xde5o642c,G. Bracaglia,Gabriele Bracaglia,23,Defender,Italy,Defender,29.0,2.0,42.0,4.0,69.0,7.0,5.0,1.0,1.0,22.0,20.0,5.0,420.0,7.0,1.0,6.0,1.0,7.0,3.0,4.0,2.0,1.0,4.0,5.0,0.0,0.0,65.09,18.18,66.67,100.0,57.14,50.0,43.75,85.71,0.7252198950276433,0.382348317965379,2.0,2.0,0.04382219,1.0,8.0,12.0,0.3001373599999999,50.0,6.2142857142857135,0.4285714285714285,9.0,0.8571428571428571,14.785714285714285,1.5,1.0714285714285714,0.2142857142857142,0.2142857142857142,4.714285714285714,4.285714285714286,1.0714285714285714,1.5,0.2142857142857142,1.2857142857142856,0.2142857142857142,1.5,0.6428571428571428,0.8571428571428571,0.4285714285714285,0.2142857142857142,0.8571428571428571,1.0714285714285714,0.0,0.0,65.09,18.18,66.67,100.0,57.14,50.0,43.75,85.71,0.1554042632202092,0.0819317824211526,0.4285714285714285,0.4285714285714285,0.0093904692857142,0.2142857142857142,1.7142857142857142,2.571428571428571,0.0643151485714285,10.714285714285714,LB/LCB,6,50,13,28,7,85,56,22,22,85,96,74,98,48,76,76,93,80,94,85,87,96,33,48,52,7,7,98,93,89,37,37,83,96,52,76,13,15,15,31,48,11,30,4,44,7,26,7,78,44,11,11,63,85,70,93,41,67,70,85,67,93,81,78,96,30,48,52,7,7,98,93,89,37,37,83,93,44,70,11,15,11,19,26,4,19,Serie A
Genoa,4kumqzwifv478caxed8zywlh3,17au7v1ocl4zab872g59821yi,Junior Messias,Walter Messias Junior,35,Attacker,Brazil,Striker,10.0,1.0,37.0,6.0,46.0,4.0,4.0,14.0,14.0,36.0,4.0,1.0,210.0,7.0,11.0,6.0,0.0,11.0,6.0,5.0,7.0,0.0,3.0,13.0,0.0,0.0,77.97,100.0,25.0,78.57,27.27,76.6,57.14,42.86,0.8530613328765184,0.2970952143151695,4.0,12.0,0.34531531,4.0,8.0,8.0,0.2996956799999999,24.0,4.285714285714286,0.4285714285714285,15.857142857142856,2.571428571428571,19.71428571428571,1.7142857142857142,1.7142857142857142,6.0,6.0,15.428571428571429,1.7142857142857142,0.4285714285714285,3.0,4.714285714285714,2.571428571428571,0.0,4.714285714285714,2.571428571428571,2.142857142857143,3.0,0.0,1.2857142857142856,5.571428571428571,0.0,0.0,77.97,100.0,25.0,78.57,27.27,76.6,57.14,42.86,0.3655977140899364,0.1273265204207869,1.7142857142857142,5.142857142857142,0.1479922757142857,1.7142857142857142,3.4285714285714284,3.4285714285714284,0.1284410057142856,10.285714285714285,ST,19,81,65,96,52,44,46,87,85,100,81,69,63,100,98,38,62,38,92,100,15,40,27,50,52,60,85,69,100,19,100,92,44,35,50,88,88,85,88,96,90,88,77,54,96,92,100,81,62,77,100,100,100,100,81,100,100,100,38,88,69,96,100,15,65,73,50,52,60,85,69,100,19,100,92,44,77,65,96,100,100,96,100,96,96,92,Serie A
Genoa,4kumqzwifv478caxed8zywlh3,1lxfpn0wmr895me9xbzcfnh90,A. Marcandalli,Alessandro Marcandalli,23,Defender,Italy,Defender,106.0,1.0,67.0,5.0,172.0,5.0,2.0,3.0,3.0,17.0,17.0,2.0,441.0,3.0,2.0,2.0,0.0,0.0,0.0,0.0,0.0,0.0,0.0,2.0,0.0,0.0,83.09,41.67,25.0,66.67,0.0,65.38,71.43,28.57,0.0,0.1769573798762395,0.0,3.0,0.06738174,2.0,16.0,11.0,0.2908372899999998,92.0,21.632653061224488,0.2040816326530612,13.673469387755102,1.020408163265306,35.10204081632653,1.020408163265306,0.4081632653061224,0.6122448979591836,0.6122448979591836,3.4693877551020407,3.4693877551020407,0.4081632653061224,0.6122448979591836,0.4081632653061224,0.4081632653061224,0.0,0.0,0.0,0.0,0.0,0.0,0.0,0.4081632653061224,0.0,0.0,83.09,41.67,25.0,66.67,0.0,65.38,71.43,28.57,0.0,0.0361137509951509,0.0,0.6122448979591836,0.013751375510204,0.4081632653061224,3.265306122448979,2.2448979591836733,0.0593545489795917,18.77551020408163,RB/RCB,81,54,44,54,62,75,35,37,33,52,94,21,48,54,10,35,8,12,37,40,44,33,13,44,52,31,48,71,71,33,92,88,8,8,38,37,23,15,33,75,40,19,65,65,46,27,50,35,58,31,31,27,35,77,15,35,54,8,35,8,12,37,40,44,33,12,44,52,31,48,71,71,33,92,88,8,8,31,37,23,12,31,69,23,12,50,Serie A
Genoa,4kumqzwifv478caxed8zywlh3,2u7fm04v2xzqso4rubkrvjcru,M. Osmajić,Milutin Osmajic,27,Attacker,Montenegro,Striker,5.0,0.0,15.0,0.0,20.0,3.0,4.0,2.0,2.0,13.0,3.0,0.0,297.0,9.0,1.0,0.0,0.0,6.0,5.0,1.0,1.0,2.0,2.0,15.0,1.0,0.0,74.07,0.0,0.0,50.0,33.33,46.43,30.0,0.0,1.2420773644202805,0.3116337840699696,2.0,0.0,0.0,0.0,0.0,0.0,0.0276351,7.0,1.5151515151515151,0.0,4.545454545454546,0.0,6.0606060606060606,0.9090909090909092,1.2121212121212122,0.6060606060606061,0.6060606060606061,3.939393939393939,0.9090909090909092,0.0,2.7272727272727275,0.303030303030303,0.0,0.0,1.8181818181818183,1.5151515151515151,0.303030303030303,0.303030303030303,0.6060606060606061,0.6060606060606061,4.545454545454546,0.303030303030303,0.0,74.07,0.0,0.0,50.0,33.33,46.43,30.0,0.0,0.3763870801273577,0.0944344800212029,0.6060606060606061,0.0,0.0,0.0,0.0,0.0,0.0083742727272727,2.121212121212121,ST,6,33,4,21,4,33,46,19,19,25,63,29,90,27,12,38,23,27,27,21,71,19,38,100,52,46,21,33,69,40,65,40,12,62,54,48,4,4,17,6,8,4,6,12,33,8,21,8,35,42,19,19,35,69,29,88,31,12,38,19,31,23,19,73,23,46,100,52,46,21,33,69,40,65,40,12,81,46,50,4,4,17,6,8,4,8,Serie A
Genoa,4kumqzwifv478caxed8zywlh3,2um03dny7h3sdvehq3bygd1t6,M. Frendrup,Morten Frendrup,25,Midfielder,Denmark,Midfielder,118.0,1.0,100.0,4.0,217.0,7.0,5.0,5.0,5.0,22.0,12.0,16.0,450.0,4.0,3.0,5.0,0.0,2.0,1.0,1.0,0.0,0.0,1.0,2.0,0.0,0.0,89.67,44.44,100.0,60.0,50.0,59.46,70.0,55.56,0.1938472510467072,0.3206026939916032,1.0,10.0,0.22318589,10.0,9.0,13.0,0.2643937799999999,102.0,23.6,0.2,20.0,0.8,43.4,1.4,1.0,1.0,1.0,4.4,2.4,3.2,0.8,0.6,1.0,0.0,0.4,0.2,0.2,0.0,0.0,0.2,0.4,0.0,0.0,89.67,44.44,100.0,60.0,50.0,59.46,70.0,55.56,0.0387694502093414,0.0641205387983206,0.2,2.0,0.044637178,2.0,1.8,2.6,0.0528787559999999,20.4,DM/CM,82,62,70,33,76,95,76,73,71,80,91,100,52,83,68,30,30,47,33,24,41,62,29,52,52,70,33,98,80,80,79,91,42,30,64,44,71,73,97,15,62,52,67,58,55,42,18,45,89,61,48,48,55,88,100,36,74,52,30,24,32,21,24,41,47,18,52,52,70,33,98,80,80,79,91,42,21,55,33,52,52,94,9,39,27,45,Serie A
Genoa,4kumqzwifv478caxed8zywlh3,40msbo4o5bwx0oeuz4743w161,L. Østigård,Leo Østigård,26,Defender,Norway,Defender,177.0,0.0,60.0,3.0,237.0,18.0,1.0,0.0,0.0,28.0,26.0,5.0,426.0,3.0,0.0,6.0,0.0,4.0,4.0,0.0,0.0,0.0,2.0,9.0,0.0,0.0,90.11,20.0,0.0,0.0,50.0,62.22,64.29,75.0,0.4632698442765726,0.0363808643130182,0.0,0.0,0.0,0.0,5.0,7.0,0.21855666,151.0,37.394366197183096,0.0,12.676056338028168,0.6338028169014085,50.070422535211264,3.8028169014084505,0.2112676056338028,0.0,0.0,5.915492957746479,5.492957746478873,1.056338028169014,0.6338028169014085,0.0,1.267605633802817,0.0,0.8450704225352113,0.8450704225352113,0.0,0.0,0.0,0.4225352112676056,1.9014084507042253,0.0,0.0,90.11,20.0,0.0,0.0,50.0,62.22,64.29,75.0,0.0978739107626561,0.0076860980942996,0.0,0.0,0.0,0.0,1.056338028169014,1.4788732394366195,0.0461739422535211,31.901408450704224,CB,73,47,65,15,61,97,50,27,26,91,82,55,68,33,73,44,83,85,45,44,47,89,95,50,52,42,6,47,33,80,61,64,73,79,42,44,20,20,27,44,55,52,70,64,47,55,9,55,94,45,27,26,79,64,42,61,33,64,44,80,83,45,44,47,89,88,50,52,42,6,47,33,80,61,64,73,70,42,44,20,20,27,36,33,27,64,Serie A
Genoa,4kumqzwifv478caxed8zywlh3,46yp8iqh0qm7i75d98tfrsbxm,L. Colombo,Lorenzo Colombo,24,Attacker,Italy,Striker,9.0,1.0,28.0,4.0,36.0,2.0,6.0,4.0,4.0,13.0,2.0,1.0,321.0,6.0,2.0,1.0,2.0,5.0,2.0,3.0,1.0,0.0,1.0,11.0,0.0,0.0,69.23,57.14,33.33,50.0,20.0,26.53,9.09,33.33,0.3869348972797397,0.6287313979002445,3.0,2.0,0.0955813,0.0,4.0,4.0,0.22741867,16.0,2.5233644859813085,0.2803738317757009,7.850467289719626,1.1214953271028036,10.093457943925234,0.5607476635514018,1.6822429906542056,1.1214953271028036,1.1214953271028036,3.644859813084112,0.5607476635514018,0.2803738317757009,1.6822429906542056,0.5607476635514018,0.2803738317757009,0.5607476635514018,1.4018691588785046,0.5607476635514018,0.8411214953271028,0.2803738317757009,0.0,0.2803738317757009,3.08411214953271,0.0,0.0,69.23,57.14,33.33,50.0,20.0,26.53,9.09,33.33,0.1084864197980578,0.1762798311869844,0.8411214953271028,0.5607476635514018,0.0267984953271028,0.0,1.1214953271028036,1.1214953271028036,0.0637622439252336,4.485981308411215,ST,15,81,40,90,23,19,83,38,35,25,37,69,48,46,38,96,10,6,77,21,15,6,15,50,52,25,54,81,69,10,12,12,29,4,92,75,23,42,17,62,56,69,40,15,85,35,92,27,15,73,35,35,23,35,73,50,50,38,92,12,4,85,15,15,8,15,50,52,25,54,81,69,10,12,12,29,4,88,81,23,42,17,65,62,65,50,Serie A
Genoa,4kumqzwifv478caxed8zywlh3,7cdiijsvnfc7tafy0zkf4uz9,D. Sow,Djibril Sow,29,Midfielder,Switzerland,Midfielder,73.0,8.0,85.0,6.0,150.0,1.0,8.0,1.0,1.0,9.0,0.0,2.0,311.0,4.0,0.0,4.0,1.0,1.0,1.0,0.0,0.0,0.0,0.0,1.0,0.0,0.0,90.36,60.0,34.78,0.0,0.0,52.94,33.33,100.0,0.0671420201658837,0.8709565956502175,0.0,8.0,0.15943956,3.0,7.0,3.0,0.17756047,67.0,21.12540192926045,2.315112540192926,24.59807073954984,1.7363344051446945,43.40836012861736,0.2893890675241157,2.315112540192926,0.2893890675241157,0.2893890675241157,2.604501607717041,0.0,0.5787781350482315,1.157556270096463,0.0,1.157556270096463,0.2893890675241157,0.2893890675241157,0.2893890675241157,0.0,0.0,0.0,0.0,0.2893890675241157,0.0,0.0,90.36,60.0,34.78,0.0,0.0,52.94,33.33,100.0,0.0194301666074904,0.2520453170691947,0.0,2.315112540192926,0.0461400655948553,0.8681672025723473,2.02572347266881,0.8681672025723473,0.0513840588424437,19.38906752411576,CM/AM,59,86,41,50,52,50,66,7,7,11,14,45,45,5,66,75,14,32,9,20,34,18,7,52,50,73,57,55,5,18,73,57,95,14,68,9,45,32,34,23,5,9,45,82,91,45,50,50,59,73,5,5,14,14,50,55,5,68,77,14,32,9,20,34,18,5,52,50,73,57,55,5,18,73,57,95,18,68,9,41,32,32,27,5,14,45,Serie A
Genoa,4kumqzwifv478caxed8zywlh3,7ojvhhfvbtbn60sc50y4l2ctm,J. Vásquez,Johan Vásquez,27,Defender,Mexico,Defender,137.0,0.0,51.0,5.0,188.0,8.0,1.0,3.0,3.0,18.0,17.0,1.0,341.0,4.0,0.0,2.0,0.0,3.0,3.0,0.0,0.0,1.0,1.0,5.0,0.0,0.0,82.82,23.81,0.0,0.0,33.33,62.07,72.73,33.33,0.3189422526094839,0.0820370411487457,0.0,3.0,0.06282504,1.0,7.0,8.0,0.2574105999999999,91.0,36.158357771261,0.0,13.460410557184751,1.3196480938416422,49.61876832844575,2.1114369501466275,0.2639296187683284,0.7917888563049854,0.7917888563049854,4.750733137829912,4.486803519061584,0.2639296187683284,1.0557184750733135,0.0,0.5278592375366569,0.0,0.7917888563049854,0.7917888563049854,0.0,0.0,0.2639296187683284,0.2639296187683284,1.3196480938416422,0.0,0.0,82.82,23.81,0.0,0.0,33.33,62.07,72.73,33.33,0.0841783071403329,0.0216520049952701,0.0,0.7917888563049854,0.0165813888563049,0.2639296187683284,1.8475073313783,2.1114369501466275,0.0679382815249266,24.01759530791789,LB/LCB,81,9,19,37,78,91,11,50,50,67,93,17,74,17,15,30,56,80,20,30,87,54,33,48,52,33,11,9,17,56,81,89,4,63,11,19,28,22,15,24,19,7,74,93,9,26,30,78,89,15,48,48,67,89,7,70,17,7,30,56,81,20,30,93,52,37,48,52,33,11,9,17,56,81,89,4,63,11,19,30,26,19,22,19,7,70,Serie A
Genoa,4kumqzwifv478caxed8zywlh3,7u9bpiajlgr3zibj89pub7wbu,M. Ellertsson,Mikael Ellertsson,24,Midfielder,Iceland,Midfielder,35.0,2.0,51.0,1.0,84.0,1.0,2.0,5.0,5.0,20.0,11.0,2.0,440.0,4.0,3.0,10.0,0.0,2.0,2.0,0.0,2.0,0.0,0.0,7.0,0.0,0.0,75.0,33.33,16.67,60.0,0.0,51.28,25.0,76.92,0.1248202778320801,0.1560677018244584,1.0,9.0,0.24231415,4.0,4.0,8.0,0.22609625,33.0,7.159090909090908,0.409090909090909,10.431818181818182,0.2045454545454545,17.18181818181818,0.2045454545454545,0.409090909090909,1.0227272727272727,1.0227272727272727,4.090909090909091,2.25,0.409090909090909,0.8181818181818181,0.6136363636363635,2.0454545454545454,0.0,0.409090909090909,0.409090909090909,0.0,0.409090909090909,0.0,0.0,1.4318181818181817,0.0,0.0,75.0,33.33,16.67,60.0,0.0,51.28,25.0,76.92,0.0255314204656527,0.0319229390095483,0.2045454545454545,1.8409090909090908,0.0495642579545454,0.8181818181818181,0.8181818181818181,1.6363636363636362,0.0462469602272727,6.749999999999999,LM/LCM,33,50,33,25,17,67,33,42,33,75,100,42,42,42,100,33,33,50,25,75,33,25,58,58,58,17,25,42,83,25,67,75,83,33,17,50,50,50,50,25,50,17,50,17,33,17,17,17,50,17,17,17,67,100,33,17,33,100,33,33,33,25,67,33,25,17,58,58,17,25,42,83,25,67,75,83,17,17,33,50,50,50,17,50,17,33,Serie A
Genoa,4kumqzwifv478caxed8zywlh3,bk1gdyxtfp4drwb0yotwerbsa,T. Baldanzi,Tommaso Baldanzi,23,Midfielder,Italy,Midfielder,44.0,1.0,60.0,1.0,103.0,3.0,2.0,4.0,5.0,10.0,4.0,1.0,324.0,1.0,1.0,1.0,0.0,10.0,6.0,4.0,7.0,0.0,1.0,12.0,0.0,0.0,85.83,50.0,50.0,25.0,10.0,45.45,75.0,20.0,0.9107945200143388,0.0835238668822941,4.0,16.0,0.36062557,7.0,11.0,8.0,0.18773915,50.0,12.22222222222222,0.2777777777777778,16.666666666666668,0.2777777777777778,28.61111111111111,0.8333333333333333,0.5555555555555556,1.1111111111111112,1.3888888888888888,2.7777777777777777,1.1111111111111112,0.2777777777777778,0.2777777777777778,0.2777777777777778,0.2777777777777778,0.0,2.7777777777777777,1.6666666666666663,1.1111111111111112,1.9444444444444444,0.0,0.2777777777777778,3.333333333333333,0.0,0.0,85.83,50.0,50.0,25.0,10.0,45.45,75.0,20.0,0.2529984777817607,0.0232010741339705,1.1111111111111112,4.444444444444445,0.1001737694444444,1.9444444444444444,3.055555555555556,2.2222222222222223,0.0521497638888888,13.88888888888889,DM/CM,15,62,33,12,24,71,27,59,71,20,53,17,17,41,11,30,98,95,82,100,41,62,100,52,52,21,50,86,30,45,26,95,8,100,18,92,95,94,89,33,24,21,18,9,64,33,12,15,70,24,52,67,24,42,12,15,39,9,30,100,97,85,100,41,58,97,52,52,21,50,86,30,45,26,95,8,100,18,97,97,97,91,36,27,24,21,Serie A
Genoa,4kumqzwifv478caxed8zywlh3,cnriqwh17pqgz7p2gt74uar6c,Vítinha,Vítor Manuel Carvalho Oliveira,26,Attacker,Portugal,Striker,14.0,1.0,21.0,2.0,34.0,2.0,0.0,11.0,12.0,14.0,1.0,1.0,224.0,5.0,4.0,2.0,0.0,8.0,6.0,2.0,2.0,0.0,3.0,14.0,0.0,0.0,70.83,40.0,25.0,36.36,37.5,40.0,25.0,66.67,0.59480526302089,0.0,5.0,1.0,0.0241224,2.0,4.0,7.0,0.1606499799999999,15.0,5.625,0.4017857142857143,8.4375,0.8035714285714286,13.660714285714285,0.8035714285714286,0.0,4.419642857142857,4.821428571428571,5.625,0.4017857142857143,0.4017857142857143,2.008928571428571,1.6071428571428572,0.8035714285714286,0.0,3.2142857142857144,2.4107142857142856,0.8035714285714286,0.8035714285714286,0.0,1.2053571428571428,5.625,0.0,0.0,70.83,40.0,25.0,36.36,37.5,40.0,25.0,66.67,0.2389842574637504,0.0,2.008928571428571,0.4017857142857143,0.0096920357142857,0.8035714285714286,1.6071428571428572,2.8125,0.0645468669642856,6.026785714285714,LW,36,59,18,32,18,68,9,55,59,18,55,64,41,27,36,41,59,73,32,50,36,55,50,55,55,18,41,73,18,64,9,55,73,64,9,55,9,9,32,59,68,36,45,45,64,18,55,18,82,9,82,73,55,64,64,64,45,45,41,73,91,36,45,36,82,64,55,55,18,41,73,18,64,9,55,73,64,9,73,9,9,45,73,73,45,45,Serie A
Juventus,bqbbqm98ud8obe45ds9ohgyrd,1pkymw7biivk760rxhubin1ed,Z. Çelik,Zeki Çelik,29,Defender,Türkiye,Defender,65.0,2.0,100.0,3.0,163.0,4.0,6.0,6.0,6.0,16.0,5.0,5.0,427.0,1.0,1.0,9.0,1.0,2.0,0.0,2.0,2.0,0.0,0.0,11.0,0.0,0.0,86.7,33.33,28.57,16.67,0.0,50.0,57.14,90.0,0.1650341011707893,0.5064168529835014,1.0,20.0,0.49075562,10.0,10.0,7.0,0.65970287,69.0,13.70023419203747,0.4215456674473068,21.07728337236534,0.6323185011709602,34.3559718969555,0.8430913348946136,1.2646370023419204,1.2646370023419204,1.2646370023419204,3.3723653395784545,1.053864168618267,1.053864168618267,0.2107728337236534,0.2107728337236534,1.8969555035128804,0.2107728337236534,0.4215456674473068,0.0,0.4215456674473068,0.4215456674473068,0.0,0.0,2.318501170960188,0.0,0.0,86.7,33.33,28.57,16.67,0.0,50.0,57.14,90.0,0.0347847051648033,0.1067389151487473,0.2107728337236534,4.215456674473068,0.1034379526932084,2.107728337236534,2.107728337236534,1.475409836065574,0.1390474433255269,14.543325526932083,LB/LCB,48,50,69,22,61,57,70,87,80,54,26,74,30,48,94,76,33,9,74,85,39,19,91,48,52,59,26,59,33,19,37,59,89,26,70,48,94,93,100,41,13,56,41,26,41,63,19,41,48,63,78,74,41,22,67,22,37,93,67,30,9,67,78,39,19,78,48,52,59,26,59,33,19,37,59,89,26,63,41,93,89,100,33,7,48,26,Serie A
Juventus,bqbbqm98ud8obe45ds9ohgyrd,2x44f29a52v8kpkkjsuiiywdm,Francisco Conceição,Francisco Fernandes da Conceição,23,Attacker,Portugal,Striker,33.0,8.0,110.0,3.0,135.0,0.0,8.0,15.0,16.0,14.0,0.0,1.0,364.0,5.0,7.0,2.0,1.0,12.0,7.0,5.0,2.0,1.0,5.0,30.0,0.0,0.0,84.38,75.0,34.78,46.67,41.67,35.9,0.0,100.0,1.0127018692670025,0.934587418178668,7.0,29.0,0.95194883,8.0,5.0,15.0,0.86584191,41.0,8.159340659340659,1.978021978021978,27.1978021978022,0.7417582417582418,33.37912087912088,0.0,1.978021978021978,3.708791208791209,3.956043956043956,3.4615384615384617,0.0,0.2472527472527472,1.2362637362637363,1.7307692307692308,0.4945054945054945,0.2472527472527472,2.967032967032967,1.7307692307692308,1.2362637362637363,0.4945054945054945,0.2472527472527472,1.2362637362637363,7.417582417582418,0.0,0.0,84.38,75.0,34.78,46.67,41.67,35.9,0.0,100.0,0.2503933193242588,0.2310793066925278,1.7307692307692308,7.170329670329671,0.2353719634615384,1.978021978021978,1.2362637362637363,3.708791208791209,0.2140817909340659,10.137362637362637,RW,67,92,83,46,83,12,58,75,75,46,21,25,58,62,50,71,79,71,79,75,67,79,75,50,54,58,58,92,67,54,25,12,100,83,75,92,92,83,88,29,75,67,58,50,92,83,42,75,12,58,67,75,33,21,12,54,58,50,58,71,54,71,71,54,79,75,50,54,58,58,92,67,54,25,12,100,67,75,92,92,83,92,8,75,67,50,Serie A
Juventus,bqbbqm98ud8obe45ds9ohgyrd,3l0mj1zzhytxvm9tryvqv8kix,J. Lucumí,Jhon Lucumí,28,Defender,Colombia,Defender,126.0,0.0,112.0,10.0,238.0,5.0,1.0,1.0,1.0,9.0,6.0,6.0,300.0,0.0,0.0,4.0,0.0,1.0,1.0,0.0,0.0,0.0,0.0,1.0,0.0,0.0,93.7,62.5,0.0,0.0,0.0,52.94,62.5,100.0,0.1028788921646835,0.0451388415607746,0.0,8.0,0.1608204,3.0,29.0,21.0,0.41276703,142.0,37.8,0.0,33.6,3.0,71.39999999999999,1.5,0.3,0.3,0.3,2.7,1.7999999999999998,1.7999999999999998,0.0,0.0,1.2,0.0,0.3,0.3,0.0,0.0,0.0,0.0,0.3,0.0,0.0,93.7,62.5,0.0,0.0,0.0,52.94,62.5,100.0,0.030863667649405,0.0135416524682323,0.0,2.4,0.0482461199999999,0.8999999999999999,8.7,6.3,0.123830109,42.6,CB,48,47,88,71,64,30,50,65,62,12,3,65,6,33,44,44,26,29,45,44,47,32,17,50,52,70,85,47,33,32,30,61,92,24,45,44,92,94,89,91,91,73,67,67,47,100,88,100,38,58,73,73,12,3,73,6,33,53,44,30,30,45,44,47,32,18,50,52,70,85,47,33,32,30,61,92,30,52,44,100,100,94,100,97,97,97,Serie A
Juventus,bqbbqm98ud8obe45ds9ohgyrd,3u86fbw1xj6g51hlm20iruok,K. Alajbegović,Kerim Alajbegovic,19,Attacker,Bosnia and Herzegovina,Striker,15.0,1.0,59.0,2.0,73.0,0.0,1.0,7.0,7.0,7.0,1.0,0.0,229.0,3.0,4.0,0.0,0.0,10.0,5.0,5.0,3.0,0.0,3.0,13.0,0.0,0.0,84.88,40.0,33.33,57.14,30.0,41.18,0.0,0.0,0.5157574332007582,0.0853886588449284,9.0,13.0,0.39331137,3.0,2.0,9.0,0.27901886,26.0,5.895196506550219,0.3930131004366812,23.1877729257642,0.7860262008733625,28.68995633187773,0.0,0.3930131004366812,2.7510917030567685,2.7510917030567685,2.7510917030567685,0.3930131004366812,0.0,1.1790393013100438,1.572052401746725,0.0,0.0,3.930131004366813,1.9650655021834065,1.9650655021834065,1.1790393013100438,0.0,1.1790393013100438,5.109170305676856,0.0,0.0,84.88,40.0,33.33,57.14,30.0,41.18,0.0,0.0,0.2026994278954945,0.0335588615547753,3.537117903930131,5.109170305676856,0.1545765209606987,1.1790393013100438,0.7860262008733625,3.537117903930131,0.1096580672489083,10.218340611353712,LW,50,59,73,32,73,18,27,18,18,9,55,27,23,27,14,41,73,55,86,64,36,55,36,55,55,64,41,82,64,45,18,23,14,18,27,86,64,64,59,27,82,64,82,55,55,82,36,82,18,27,18,18,9,55,27,36,27,14,41,91,55,100,73,36,73,36,55,55,64,41,82,64,45,18,23,14,45,27,100,73,73,55,27,82,64,82,Serie A
Juventus,bqbbqm98ud8obe45ds9ohgyrd,7j84ozqdpgupzxevbxemi5tyh,Douglas Luiz,Douglas Luiz Soares de Paulo,28,Midfielder,Brazil,Midfielder,108.0,3.0,179.0,11.0,284.0,2.0,7.0,7.0,7.0,19.0,3.0,2.0,425.0,7.0,4.0,4.0,0.0,11.0,2.0,9.0,3.0,0.0,3.0,4.0,0.0,0.0,91.32,57.89,16.67,57.14,27.27,50.0,66.67,66.67,0.8812256551153799,0.5905654892740861,3.0,14.0,0.29706746,3.0,34.0,30.0,0.59016776,141.0,22.87058823529412,0.6352941176470588,37.90588235294118,2.3294117647058825,60.14117647058824,0.4235294117647059,1.4823529411764709,1.4823529411764709,1.4823529411764709,4.023529411764706,0.6352941176470588,0.4235294117647059,1.4823529411764709,0.8470588235294118,0.8470588235294118,0.0,2.3294117647058825,0.4235294117647059,1.9058823529411764,0.6352941176470588,0.0,0.6352941176470588,0.8470588235294118,0.0,0.0,91.32,57.89,16.67,57.14,27.27,50.0,66.67,66.67,0.1866124916714922,0.1250609271403947,0.6352941176470588,2.9647058823529413,0.0629084032941176,0.6352941176470588,7.2,6.352941176470588,0.124976702117647,29.858823529411765,CM/AM,100,52,95,86,100,68,57,70,66,86,59,45,80,77,66,27,86,50,95,75,34,73,34,52,50,86,50,30,55,48,52,82,66,73,59,70,66,64,34,100,91,59,95,86,50,86,86,91,64,55,55,50,64,59,41,68,59,64,27,73,45,91,68,34,68,27,52,50,86,50,30,55,48,52,82,66,64,45,50,50,50,23,95,86,55,82,Serie A
Juventus,bqbbqm98ud8obe45ds9ohgyrd,ahz2npxe4geixkaz25f2pc82d,M. Locatelli,Manuel Locatelli,28,Midfielder,Italy,Midfielder,66.0,0.0,136.0,10.0,202.0,5.0,6.0,0.0,0.0,18.0,9.0,7.0,270.0,8.0,0.0,4.0,1.0,2.0,1.0,1.0,0.0,0.0,0.0,2.0,0.0,0.0,87.07,43.48,0.0,0.0,0.0,52.94,62.5,80.0,0.235240585281409,0.3600853353603977,0.0,9.0,0.20018564,9.0,39.0,38.0,0.6752246599999997,134.0,22.0,0.0,45.333333333333336,3.333333333333333,67.33333333333333,1.6666666666666667,2.0,0.0,0.0,6.0,3.0,2.333333333333333,2.6666666666666665,0.0,1.3333333333333333,0.3333333333333333,0.6666666666666666,0.3333333333333333,0.3333333333333333,0.0,0.0,0.0,0.6666666666666666,0.0,0.0,87.07,43.48,0.0,0.0,0.0,52.94,62.5,80.0,0.0784135284271363,0.1200284451201325,0.0,3.0,0.0667285466666666,3.0,13.0,12.666666666666666,0.2250748866666665,44.66666666666666,DM/CM,33,27,88,85,70,88,89,6,6,67,79,89,86,14,59,76,30,47,33,24,41,23,29,52,52,27,21,27,14,23,55,88,83,42,70,17,62,61,94,94,94,88,82,42,27,100,88,91,97,97,6,6,91,94,97,94,14,64,85,33,58,39,24,41,23,39,52,52,27,21,27,14,23,55,88,83,58,79,17,83,85,97,100,100,100,97,Serie A
Juventus,bqbbqm98ud8obe45ds9ohgyrd,b33rlpjo3kx4477alx82si5wq,P. Kalulu,Pierre Kalulu,26,Defender,France,Defender,75.0,5.0,149.0,5.0,219.0,3.0,4.0,3.0,3.0,15.0,13.0,5.0,450.0,3.0,1.0,5.0,0.0,1.0,1.0,0.0,0.0,0.0,1.0,9.0,0.0,0.0,86.56,62.5,33.33,33.33,100.0,62.5,42.86,62.5,0.0961398023483526,0.4332393781226833,0.0,18.0,0.40186099,8.0,25.0,25.0,0.8663530300000002,114.0,15.0,1.0,29.8,1.0,43.8,0.6,0.8,0.6,0.6,3.0,2.6,1.0,0.6,0.2,1.0,0.0,0.2,0.2,0.0,0.0,0.0,0.2,1.8,0.0,0.0,86.56,62.5,33.33,33.33,100.0,62.5,42.86,62.5,0.0192279604696705,0.0866478756245366,0.0,3.6,0.0803721979999999,1.6,5.0,5.0,0.173270606,22.8,RB/RCB,52,98,96,54,85,44,69,37,33,40,67,79,48,29,60,35,37,44,37,40,44,73,71,44,52,46,83,90,25,98,77,25,46,31,73,37,96,88,96,94,87,81,81,31,92,96,38,69,35,60,25,23,31,52,73,27,13,38,35,17,25,37,40,44,65,63,44,52,46,83,90,25,98,77,25,46,27,65,37,92,81,85,81,85,69,77,Serie A
Juventus,bqbbqm98ud8obe45ds9ohgyrd,d196vatyvq6ycn1q7d477d2i1,Bremer,Gleison Bremer Silva Nascimento,29,Defender,Brazil,Defender,149.0,0.0,114.0,12.0,263.0,14.0,5.0,2.0,2.0,24.0,25.0,8.0,450.0,1.0,2.0,4.0,0.0,4.0,4.0,0.0,0.0,2.0,2.0,10.0,0.0,0.0,90.69,50.0,0.0,100.0,50.0,57.14,58.33,57.14,0.7136628652512285,0.3281536653833902,0.0,2.0,0.03682666,2.0,21.0,21.0,0.4097325499999997,167.0,29.8,0.0,22.8,2.4,52.6,2.8,1.0,0.4,0.4,4.8,5.0,1.6,0.2,0.4,0.8,0.0,0.8,0.8,0.0,0.0,0.4,0.4,2.0,0.0,0.0,90.69,50.0,0.0,100.0,50.0,57.14,58.33,57.14,0.1427325730502457,0.065630733076678,0.0,0.4,0.007365332,0.4,4.2,4.2,0.0819465099999999,33.4,CB,61,47,91,83,73,85,100,83,82,80,70,80,27,92,44,44,83,85,45,44,98,89,100,50,52,45,45,47,91,80,45,45,41,97,100,44,67,62,80,88,91,70,82,36,47,88,74,61,73,97,79,76,62,48,61,14,83,27,44,68,73,45,44,97,80,95,50,52,45,45,47,91,80,45,45,41,91,94,44,61,58,76,88,89,67,73,Serie A
Juventus,bqbbqm98ud8obe45ds9ohgyrd,eh1ul4duphy1iz4odwx9tkjjd,N. González,Nico González,28,Attacker,Argentina,Striker,33.0,1.0,43.0,1.0,75.0,2.0,5.0,7.0,8.0,20.0,2.0,4.0,228.0,7.0,4.0,3.0,0.0,9.0,2.0,7.0,1.0,1.0,3.0,6.0,0.0,0.0,80.65,50.0,33.33,57.14,33.33,71.43,50.0,42.86,0.6363744295712171,0.4719078856706353,4.0,3.0,0.08758436,1.0,5.0,8.0,0.4567806099999999,33.0,13.026315789473683,0.3947368421052631,16.973684210526315,0.3947368421052631,29.60526315789474,0.7894736842105263,1.973684210526316,2.763157894736842,3.1578947368421053,7.894736842105264,0.7894736842105263,1.5789473684210529,2.763157894736842,1.5789473684210529,1.1842105263157896,0.0,3.5526315789473686,0.7894736842105263,2.763157894736842,0.3947368421052631,0.3947368421052631,1.1842105263157896,2.368421052631579,0.0,0.0,80.65,50.0,33.33,57.14,33.33,71.43,50.0,42.86,0.2512004327254805,0.1862794285541981,1.5789473684210529,1.1842105263157896,0.0345727736842105,0.3947368421052631,1.973684210526316,3.1578947368421053,0.1803081355263157,13.026315789473683,ST,88,81,77,52,85,19,65,58,63,75,37,96,63,77,88,38,38,6,100,21,44,40,6,50,52,81,46,81,85,40,96,77,44,23,77,88,44,35,44,75,90,96,92,100,92,96,62,100,27,92,77,77,96,65,100,92,88,92,38,73,12,100,27,58,62,8,50,52,81,46,81,85,40,96,77,44,31,96,92,65,65,54,92,92,100,100,Serie A
Juventus,bqbbqm98ud8obe45ds9ohgyrd,g3fgd752o63acmmuahdvppm1,R. Kolo Muani,Randal Kolo Muani,27,Attacker,France,Striker,15.0,0.0,55.0,0.0,70.0,5.0,3.0,17.0,18.0,22.0,2.0,0.0,449.0,8.0,6.0,1.0,1.0,11.0,10.0,1.0,4.0,0.0,3.0,29.0,0.0,0.0,69.31,0.0,0.0,35.29,27.27,34.38,26.32,33.33,1.4625830109855291,0.2554572461195331,2.0,11.0,0.38592368,7.0,1.0,4.0,0.20437141,22.0,3.0066815144766146,0.0,11.024498886414252,0.0,14.031180400890868,1.0022271714922049,0.6013363028953229,3.4075723830734965,3.6080178173719375,4.409799554565701,0.4008908685968819,0.0,1.6035634743875278,1.2026726057906458,0.2004454342984409,0.2004454342984409,2.2048997772828507,2.0044543429844097,0.2004454342984409,0.8017817371937639,0.0,0.6013363028953229,5.812917594654788,0.0,0.0,69.31,0.0,0.0,35.29,27.27,34.38,26.32,33.33,0.2931680868345158,0.0512052386431135,0.4008908685968819,2.2048997772828507,0.0773566396436525,1.4031180400890868,0.2004454342984409,0.8017817371937639,0.0409653160356347,4.409799554565701,ST,48,33,92,21,81,54,29,96,96,83,37,29,75,88,38,83,62,67,27,85,15,40,92,50,52,31,21,33,42,19,27,23,29,69,35,48,85,88,94,17,56,62,69,23,33,62,21,54,38,23,85,85,50,19,29,46,81,23,77,35,46,15,69,15,19,77,50,52,31,21,33,42,19,27,23,29,54,31,31,77,85,88,12,46,42,46,Serie A
Parma,5aosfavi55p40c65lkriqnqnl,5pb27xx81rwtal31u892ydes4,M. Troilo,Mariano Troilo,23,Defender,Argentina,Defender,221.0,0.0,59.0,20.0,280.0,5.0,2.0,2.0,2.0,15.0,30.0,9.0,445.0,4.0,2.0,4.0,0.0,0.0,0.0,0.0,0.0,0.0,0.0,7.0,0.0,0.0,89.46,52.63,0.0,100.0,0.0,50.0,41.67,100.0,0.0,0.2276468713618507,0.0,1.0,0.0199707,0.0,9.0,13.0,0.4273627799999999,185.0,44.69662921348314,0.0,11.932584269662922,4.044943820224719,56.62921348314607,1.0112359550561798,0.4044943820224719,0.4044943820224719,0.4044943820224719,3.033707865168539,6.067415730337078,1.820224719101124,0.8089887640449438,0.4044943820224719,0.8089887640449438,0.0,0.0,0.0,0.0,0.0,0.0,0.0,1.4157303370786516,0.0,0.0,89.46,52.63,0.0,100.0,0.0,50.0,41.67,100.0,0.0,0.0460409402754304,0.0,0.2022471910112359,0.004039017977528,0.0,1.820224719101124,2.629213483146067,0.0864329217977527,37.41573033707865,CB,97,47,61,100,85,30,77,83,82,38,95,86,86,92,44,44,8,9,45,44,47,32,82,50,52,36,58,47,91,32,24,15,92,11,85,44,48,50,27,73,80,82,91,85,47,39,100,70,12,67,82,79,18,79,76,70,88,30,44,8,9,45,44,47,32,79,50,52,36,58,47,91,32,24,15,92,11,79,44,42,42,27,64,73,70,85,Serie A
Parma,5aosfavi55p40c65lkriqnqnl,9olzf630oclv41h41p5iunm6s,S. Britschgi,Sascha Britschgi,20,Defender,Switzerland,Defender,22.0,0.0,24.0,0.0,46.0,5.0,0.0,4.0,4.0,13.0,4.0,0.0,250.0,3.0,1.0,3.0,0.0,1.0,1.0,0.0,0.0,0.0,0.0,3.0,0.0,0.0,79.31,0.0,0.0,25.0,0.0,40.62,55.56,75.0,0.0769127514274461,0.0,0.0,4.0,0.08806237,0.0,4.0,5.0,0.10276002,15.0,7.92,0.0,8.64,0.0,16.560000000000002,1.8,0.0,1.44,1.44,4.680000000000001,1.44,0.0,1.08,0.36,1.08,0.0,0.36,0.36,0.0,0.0,0.0,0.0,1.08,0.0,0.0,79.31,0.0,0.0,25.0,0.0,40.62,55.56,75.0,0.0276885905138805,0.0,0.0,1.44,0.0317024532,0.0,1.44,1.8,0.0369936072,5.4,RB/RCB,4,21,8,8,4,75,6,58,50,27,8,4,48,29,23,35,37,44,37,40,44,33,27,44,52,15,8,21,13,33,4,56,71,27,8,37,31,27,8,8,8,4,4,8,21,8,8,4,96,6,85,85,69,27,4,85,46,46,35,54,62,37,40,44,33,38,44,52,15,8,21,13,33,4,56,71,35,8,37,42,38,8,8,12,4,4,Serie A
Parma,5aosfavi55p40c65lkriqnqnl,b294k1gu7hwp7dpcq01vjb3mc,S. Lontani,Simone Lontani,18,Attacker,Italy,Striker,31.0,1.0,23.0,5.0,53.0,1.0,1.0,11.0,11.0,19.0,1.0,3.0,319.0,7.0,6.0,4.0,0.0,5.0,4.0,1.0,0.0,1.0,2.0,12.0,0.0,0.0,70.67,33.33,10.0,54.55,40.0,44.19,16.67,80.0,0.523097326831659,0.1528563106135937,2.0,2.0,0.04823619,2.0,4.0,4.0,0.07265391,14.0,8.746081504702195,0.2821316614420063,6.4890282131661445,1.4106583072100314,14.952978056426334,0.2821316614420063,0.2821316614420063,3.103448275862069,3.103448275862069,5.36050156739812,0.2821316614420063,0.8463949843260189,1.974921630094044,1.6927899686520378,1.1285266457680252,0.0,1.4106583072100314,1.1285266457680252,0.2821316614420063,0.0,0.2821316614420063,0.5642633228840126,3.385579937304076,0.0,0.0,70.67,33.33,10.0,54.55,40.0,44.19,16.67,80.0,0.1475823179148881,0.0431256048753085,0.5642633228840126,0.5642633228840126,0.0136089564263322,0.5642633228840126,1.1285266457680252,1.1285266457680252,0.0204979683385579,3.949843260188088,LW,82,59,27,91,45,41,27,55,45,50,55,95,64,50,82,41,18,32,9,14,77,32,27,55,55,9,23,55,55,73,45,45,82,27,36,23,23,27,32,59,32,9,27,82,45,9,82,36,45,18,27,27,36,45,91,55,55,73,41,18,27,9,14,73,27,27,55,55,9,23,55,55,73,45,45,82,18,36,9,18,18,36,45,27,9,18,Serie A
Parma,5aosfavi55p40c65lkriqnqnl,cjf412x9sg56vos0jkj85k3ys,M. Keita,Mandela Keita,24,Midfielder,Belgium,Midfielder,86.0,0.0,58.0,5.0,144.0,1.0,3.0,7.0,7.0,24.0,3.0,5.0,435.0,16.0,3.0,2.0,0.0,1.0,0.0,1.0,0.0,0.0,0.0,3.0,0.0,0.0,88.89,83.33,0.0,42.86,0.0,60.0,50.0,50.0,0.0557112553687271,0.222042043925147,1.0,10.0,0.24444085,4.0,10.0,7.0,0.3894854599999999,60.0,17.793103448275865,0.0,12.0,1.0344827586206895,29.793103448275865,0.2068965517241379,0.6206896551724138,1.4482758620689655,1.4482758620689655,4.965517241379311,0.6206896551724138,1.0344827586206895,3.310344827586208,0.6206896551724138,0.4137931034482759,0.0,0.2068965517241379,0.0,0.2068965517241379,0.0,0.0,0.0,0.6206896551724138,0.0,0.0,88.89,83.33,0.0,42.86,0.0,60.0,50.0,50.0,0.0115264666280125,0.0459397332258924,0.2068965517241379,2.0689655172413794,0.0505739689655172,0.8275862068965518,2.0689655172413794,1.4482758620689655,0.0805831986206896,12.413793103448276,DM/CM,61,27,30,50,36,38,50,85,85,86,33,77,100,83,27,30,14,15,33,24,41,23,47,52,52,58,95,27,58,23,82,68,32,9,52,44,71,79,70,26,18,64,30,30,27,12,30,21,27,33,82,79,76,18,64,100,79,24,30,9,15,24,24,41,23,36,52,52,58,95,27,58,23,82,68,32,9,42,36,55,64,45,15,6,52,12,Serie A
Parma,5aosfavi55p40c65lkriqnqnl,cot71zatz9vm1hyzp5ecqhvpx,Diego Carlos,Diego Carlos Santos Silva,33,Defender,Brazil,Defender,86.0,0.0,28.0,10.0,114.0,4.0,0.0,0.0,0.0,7.0,18.0,3.0,216.0,0.0,0.0,3.0,0.0,1.0,1.0,0.0,0.0,0.0,0.0,4.0,0.0,0.0,84.44,40.0,0.0,0.0,0.0,53.85,57.14,100.0,0.0994078633617878,0.0,0.0,1.0,0.25745362,0.0,13.0,11.0,0.20424868,54.0,35.833333333333336,0.0,11.666666666666668,4.166666666666667,47.5,1.6666666666666667,0.0,0.0,0.0,2.916666666666667,7.5,1.25,0.0,0.0,1.25,0.0,0.4166666666666667,0.4166666666666667,0.0,0.0,0.0,0.0,1.6666666666666667,0.0,0.0,84.44,40.0,0.0,0.0,0.0,53.85,57.14,100.0,0.0414199430674115,0.0,0.0,0.4166666666666667,0.1072723416666666,0.0,5.416666666666667,4.583333333333334,0.0851036166666666,22.5,RB/RCB,65,21,12,88,23,56,6,4,4,8,100,40,8,6,23,35,37,44,37,40,44,33,40,44,52,38,38,21,6,33,46,65,98,35,8,37,8,73,8,58,40,12,21,92,21,23,96,81,88,6,4,4,27,100,77,8,6,58,35,62,69,37,40,44,33,54,44,52,38,38,21,6,33,46,65,98,50,8,37,12,92,8,92,81,31,65,Serie A
Parma,5aosfavi55p40c65lkriqnqnl,d9bg5jjv8pz0f8u55x3hg0962,E. Valeri,Emanuele Valeri,27,Defender,Italy,Defender,42.0,8.0,39.0,1.0,73.0,3.0,9.0,6.0,6.0,16.0,9.0,4.0,450.0,4.0,3.0,3.0,0.0,2.0,0.0,2.0,0.0,0.0,1.0,10.0,0.0,0.0,68.87,10.0,22.86,50.0,50.0,57.14,60.0,50.0,0.0983775872582629,1.250802608240235,2.0,7.0,0.22876892,3.0,3.0,5.0,0.8119272599999999,32.0,8.4,1.6,7.8,0.2,14.6,0.6,1.8,1.2,1.2,3.2,1.8,0.8,0.8,0.6,0.6,0.0,0.4,0.0,0.4,0.0,0.0,0.2,2.0,0.0,0.0,68.87,10.0,22.86,50.0,50.0,57.14,60.0,50.0,0.0196755174516525,0.250160521648047,0.4,1.4,0.045753784,0.6,0.6,1.0,0.1623854519999999,6.4,LB/LCB,24,93,7,4,11,39,91,87,80,54,46,54,74,85,37,30,33,9,74,30,39,54,83,48,52,11,4,44,50,74,57,70,35,19,93,76,61,78,50,4,4,81,4,11,89,4,4,4,30,78,72,69,33,30,37,67,76,20,30,26,9,63,30,39,37,70,48,52,11,4,44,50,74,57,70,35,19,85,63,44,67,35,4,4,59,4,Serie A
Parma,5aosfavi55p40c65lkriqnqnl,e5pi22e4qopz95q3y5co7thqs,C. Ordoñez,Christian Ordóñez,22,Midfielder,Argentina,Midfielder,54.0,0.0,25.0,1.0,79.0,0.0,2.0,2.0,2.0,15.0,5.0,2.0,205.0,7.0,1.0,5.0,0.0,4.0,2.0,2.0,0.0,0.0,0.0,2.0,0.0,0.0,88.76,50.0,0.0,50.0,0.0,68.18,0.0,71.43,0.3456064861788011,0.0970276934718536,1.0,4.0,0.0841133,2.0,6.0,5.0,0.23683897,38.0,23.70731707317073,0.0,10.975609756097562,0.4390243902439024,34.6829268292683,0.0,0.8780487804878049,0.8780487804878049,0.8780487804878049,6.585365853658537,2.1951219512195124,0.8780487804878049,3.073170731707317,0.4390243902439024,2.1951219512195124,0.0,1.7560975609756098,0.8780487804878049,0.8780487804878049,0.0,0.0,0.0,0.8780487804878049,0.0,0.0,88.76,50.0,0.0,50.0,0.0,68.18,0.0,71.43,0.1517296768589858,0.0425975239632528,0.4390243902439024,1.7560975609756098,0.0369277902439024,0.8780487804878049,2.6341463414634148,2.1951219512195124,0.1039780843902439,16.682926829268293,DM/CM,24,27,3,12,12,12,27,30,27,55,65,32,79,41,68,30,53,76,53,24,41,23,29,52,52,55,50,27,67,23,98,20,73,67,27,44,39,39,30,9,9,33,12,64,27,6,15,27,12,52,42,42,97,85,58,97,64,91,30,85,88,73,24,41,23,48,52,52,55,50,27,67,23,98,20,73,79,36,58,48,45,61,21,24,64,24,Serie A
Parma,5aosfavi55p40c65lkriqnqnl,e6ok0deqkoe80184iu509gzu2,E. Touré,El Bilal Touré,24,Attacker,Mali,Striker,17.0,1.0,27.0,1.0,43.0,7.0,2.0,5.0,5.0,19.0,3.0,0.0,372.0,7.0,2.0,3.0,1.0,5.0,3.0,2.0,0.0,0.0,3.0,6.0,0.0,0.0,71.67,100.0,25.0,40.0,60.0,41.3,29.17,100.0,0.4769957720768847,0.1696738646797452,1.0,5.0,0.11684676,3.0,4.0,5.0,0.1660395499999999,18.0,4.112903225806451,0.2419354838709677,6.532258064516128,0.2419354838709677,10.403225806451612,1.693548387096774,0.4838709677419354,1.2096774193548383,1.2096774193548383,4.596774193548387,0.7258064516129031,0.0,1.693548387096774,0.4838709677419354,0.7258064516129031,0.2419354838709677,1.2096774193548383,0.7258064516129031,0.4838709677419354,0.0,0.0,0.7258064516129031,1.4516129032258065,0.0,0.0,71.67,100.0,25.0,40.0,60.0,41.3,29.17,100.0,0.1154022029218269,0.0410501285515512,0.2419354838709677,1.2096774193548383,0.0282693774193548,0.7258064516129031,0.9677419354838708,1.2096774193548383,0.0401708588709677,4.354838709677419,ST,60,81,33,52,35,69,17,50,48,67,63,29,63,46,88,83,10,12,54,8,15,40,6,50,52,42,85,69,54,92,42,35,87,8,27,19,69,58,83,62,75,38,56,50,69,31,42,31,58,19,42,42,58,54,29,54,38,81,85,4,8,50,8,15,35,4,50,52,42,85,69,54,92,42,35,87,8,27,12,69,46,77,58,65,38,42,Serie A
Parma,5aosfavi55p40c65lkriqnqnl,r9rn4eaw3twb224jrpojz0x6,E. Delprato,Enrico Delprato,26,Defender,Italy,Defender,93.0,1.0,48.0,6.0,140.0,7.0,4.0,1.0,2.0,13.0,12.0,9.0,450.0,2.0,1.0,3.0,0.0,4.0,4.0,0.0,2.0,0.0,0.0,9.0,0.0,0.0,77.35,26.09,50.0,100.0,0.0,59.09,70.0,100.0,0.4702665726196769,0.3099305886950393,0.0,1.0,0.02953272,1.0,10.0,12.0,0.3084550299999999,70.0,18.6,0.2,9.6,1.2,28.0,1.4,0.8,0.2,0.4,2.6,2.4,1.8,0.4,0.2,0.6,0.0,0.8,0.8,0.0,0.4,0.0,0.0,1.8,0.0,0.0,77.35,26.09,50.0,100.0,0.0,59.09,70.0,100.0,0.0940533145239353,0.0619861177390078,0.0,0.2,0.005906544,0.2,2.0,2.4,0.0616910059999999,14.0,RB/RCB,77,54,15,65,46,90,69,13,19,27,58,100,27,29,23,35,79,90,37,94,44,33,71,44,52,8,15,100,90,33,65,83,98,85,58,37,8,8,21,33,52,23,44,58,42,12,58,23,83,60,8,19,15,42,88,23,13,12,35,69,88,37,92,44,33,63,44,52,8,15,100,90,33,65,83,98,81,54,37,4,4,17,19,31,19,17,Serie A
Lazio,btcy9nra9ak4m22ovr2ia6m5v,1ywfkwrcysdlvkt859q00kt7t,D. Doekhi,Danilho Doekhi,28,Defender,Netherlands,Defender,101.0,1.0,24.0,3.0,124.0,5.0,2.0,0.0,0.0,10.0,16.0,2.0,270.0,3.0,0.0,2.0,1.0,3.0,3.0,0.0,0.0,0.0,0.0,6.0,0.0,0.0,94.66,60.0,100.0,0.0,0.0,55.56,55.56,100.0,0.4502285124660938,0.2341654643572697,0.0,2.0,0.03682666,0.0,1.0,3.0,0.14042929,51.0,33.666666666666664,0.3333333333333333,8.0,1.0,41.333333333333336,1.6666666666666667,0.6666666666666666,0.0,0.0,3.333333333333333,5.333333333333333,0.6666666666666666,1.0,0.0,0.6666666666666666,0.3333333333333333,1.0,1.0,0.0,0.0,0.0,0.0,2.0,0.0,0.0,94.66,60.0,100.0,0.0,0.0,55.56,55.56,100.0,0.1500761708220312,0.0780551547857565,0.0,0.6666666666666666,0.0122755533333333,0.0,0.3333333333333333,1.0,0.0468097633333333,17.0,CB,36,97,11,15,30,30,77,27,26,18,33,9,68,33,18,94,65,71,45,44,47,32,73,50,52,82,74,97,33,32,39,38,92,76,91,44,67,62,27,15,18,18,24,55,97,9,18,36,48,91,27,26,24,58,15,79,33,21,100,92,94,45,44,47,32,95,50,52,82,74,97,33,32,39,38,92,94,97,44,70,67,27,15,20,33,33,Serie A
Lazio,btcy9nra9ak4m22ovr2ia6m5v,35qg0rrwtl00pycx468s62m3u,K. Taylor,Kenneth Taylor,24,Midfielder,Netherlands,Midfielder,70.0,1.0,128.0,5.0,197.0,1.0,6.0,6.0,6.0,18.0,2.0,4.0,421.0,5.0,2.0,7.0,0.0,5.0,2.0,3.0,3.0,0.0,0.0,9.0,0.0,0.0,89.55,41.67,50.0,33.33,0.0,45.0,0.0,70.0,0.3188058398745151,0.49480814992957,4.0,14.0,0.33324893,5.0,20.0,23.0,0.55236836,103.0,14.964370546318287,0.2137767220902612,27.363420427553443,1.0688836104513064,42.11401425178147,0.2137767220902612,1.2826603325415675,1.2826603325415675,1.2826603325415675,3.847980997624703,0.4275534441805225,0.8551068883610451,1.0688836104513064,0.4275534441805225,1.4964370546318289,0.0,1.0688836104513064,0.4275534441805225,0.6413301662707838,0.6413301662707838,0.0,0.0,1.9239904988123515,0.0,0.0,89.55,41.67,50.0,33.33,0.0,45.0,0.0,70.0,0.0681532674316065,0.10577846435549,0.8551068883610451,2.9928741092636577,0.0712408638954869,1.0688836104513064,4.275534441805226,4.9168646080760094,0.1180834973871733,22.01900237529691,DM/CM,36,62,82,50,67,38,89,79,79,67,15,64,65,67,85,30,73,76,65,91,41,23,89,52,52,67,18,86,44,23,18,20,70,61,88,92,88,91,82,76,80,76,70,21,58,70,33,42,30,73,70,64,39,9,55,55,61,79,30,55,67,58,82,41,23,88,52,52,67,18,86,44,23,18,20,70,48,76,79,79,88,70,58,73,70,52,Serie A
Lazio,btcy9nra9ak4m22ovr2ia6m5v,4qejyummzkrfllds8ord642qx,D. Frattesi,Davide Frattesi,27,Midfielder,Italy,Midfielder,30.0,0.0,44.0,2.0,74.0,0.0,5.0,7.0,7.0,17.0,2.0,4.0,386.0,9.0,2.0,2.0,0.0,8.0,7.0,1.0,3.0,3.0,3.0,18.0,0.0,0.0,77.08,28.57,0.0,28.57,37.5,37.78,0.0,33.33,0.8984758495443335,0.3080735398725514,3.0,7.0,0.18617554,2.0,7.0,9.0,0.7136260499999999,34.0,6.994818652849741,0.0,10.259067357512954,0.466321243523316,17.253886010362695,0.0,1.1658031088082903,1.6321243523316062,1.6321243523316062,3.963730569948187,0.466321243523316,0.932642487046632,2.098445595854922,0.466321243523316,0.466321243523316,0.0,1.865284974093264,1.6321243523316062,0.233160621761658,0.6994818652849741,0.6994818652849741,0.6994818652849741,4.196891191709844,0.0,0.0,77.08,28.57,0.0,28.57,37.5,37.78,0.0,33.33,0.2094891877175907,0.071830618104999,0.6994818652849741,1.6321243523316062,0.0434088046632124,0.466321243523316,1.6321243523316062,2.098445595854922,0.166389493523316,7.927461139896374,CM/AM,16,11,9,14,9,20,48,70,66,73,39,73,93,36,48,27,68,86,30,75,98,73,89,52,50,9,5,11,18,75,18,20,23,77,32,70,34,41,23,23,23,86,16,9,11,5,14,5,20,32,64,59,55,36,73,95,32,36,27,68,82,23,73,95,73,86,52,50,9,5,11,18,75,18,20,23,73,23,59,18,18,18,9,9,73,9,Serie A
Lazio,btcy9nra9ak4m22ovr2ia6m5v,7hukebiijqntuvetwzralzuju,O. Provstgaard,Oliver Provstgaard,23,Defender,Denmark,Defender,152.0,0.0,103.0,7.0,255.0,4.0,1.0,2.0,2.0,10.0,14.0,7.0,450.0,1.0,1.0,3.0,0.0,1.0,1.0,0.0,1.0,0.0,0.0,2.0,0.0,0.0,91.07,43.75,0.0,50.0,0.0,32.26,33.33,75.0,0.0953306347793788,0.0420468232165042,0.0,3.0,0.05167756,1.0,24.0,11.0,0.35611716,158.0,30.4,0.0,20.6,1.4,51.0,0.8,0.2,0.4,0.4,2.0,2.8,1.4,0.2,0.2,0.6,0.0,0.2,0.2,0.0,0.2,0.0,0.0,0.4,0.0,0.0,91.07,43.75,0.0,50.0,0.0,32.26,33.33,75.0,0.0190661269558757,0.0084093646433008,0.0,0.6,0.010335512,0.2,4.8,2.2,0.071223432,31.6,LB/LCB,93,9,74,56,89,57,11,37,37,20,78,96,30,48,37,30,13,28,20,65,39,19,13,48,52,89,37,9,50,19,7,22,72,15,7,19,28,19,15,96,39,19,89,78,9,59,37,81,37,9,37,37,11,67,85,15,33,20,30,4,19,20,61,39,19,11,48,52,89,37,9,50,19,7,22,72,15,7,19,22,19,4,81,22,11,85,Serie A
Lazio,btcy9nra9ak4m22ovr2ia6m5v,cfzvplhlvlfvau521u6b86xud,M. Zaccagni,Mattia Zaccagni,31,Midfielder,Italy,Midfielder,40.0,4.0,105.0,9.0,141.0,2.0,8.0,11.0,12.0,23.0,4.0,9.0,446.0,9.0,5.0,4.0,2.0,16.0,7.0,9.0,4.0,1.0,7.0,19.0,0.0,0.0,80.11,60.0,21.05,45.45,43.75,53.49,50.0,57.14,1.031728644673492,0.9455248200067272,6.0,16.0,0.43152806,10.0,9.0,17.0,0.9536739399999998,65.0,8.071748878923767,0.8071748878923767,21.18834080717489,1.816143497757848,28.45291479820628,0.4035874439461883,1.6143497757847534,2.219730941704036,2.42152466367713,4.641255605381166,0.8071748878923767,1.816143497757848,1.816143497757848,1.0089686098654709,0.8071748878923767,0.4035874439461883,3.2286995515695067,1.412556053811659,1.816143497757848,0.8071748878923767,0.2017937219730941,1.412556053811659,3.834080717488789,0.0,0.0,80.11,60.0,21.05,45.45,43.75,53.49,50.0,57.14,0.2081963632749199,0.1908009726470974,1.210762331838565,3.2286995515695067,0.0870796533632286,2.0179372197309418,1.816143497757848,3.430493273542601,0.1924454139013452,13.11659192825112,LM/LCM,67,100,83,100,83,100,100,92,83,100,67,100,92,83,58,100,100,100,100,100,67,100,83,58,58,33,67,67,33,83,83,100,33,100,100,92,67,67,100,67,67,100,83,33,100,67,83,50,100,83,83,83,83,67,100,83,67,50,100,83,83,100,100,67,100,83,58,58,33,67,67,33,83,83,100,33,83,100,83,67,67,83,50,67,83,67,Serie A
Lazio,btcy9nra9ak4m22ovr2ia6m5v,cjgrtf1xc97ir3b64cnl9ecyc,R. Belahyane,Reda Belahyane,22,Midfielder,Morocco,Midfielder,85.0,0.0,91.0,6.0,176.0,1.0,3.0,4.0,4.0,14.0,2.0,3.0,323.0,2.0,1.0,6.0,0.0,1.0,0.0,1.0,0.0,0.0,0.0,0.0,0.0,0.0,93.62,75.0,0.0,25.0,0.0,58.33,33.33,60.0,0.1051817797307652,0.2077095969833753,1.0,2.0,0.04347372,3.0,12.0,11.0,0.30476588,101.0,23.684210526315788,0.0,25.356037151702782,1.671826625386997,49.040247678018574,0.2786377708978328,0.8359133126934984,1.1145510835913313,1.1145510835913313,3.900928792569659,0.5572755417956656,0.8359133126934984,0.5572755417956656,0.2786377708978328,1.671826625386997,0.0,0.2786377708978328,0.0,0.2786377708978328,0.0,0.0,0.0,0.0,0.0,0.0,93.62,75.0,0.0,25.0,0.0,58.33,33.33,60.0,0.0293076166432472,0.0578757390975349,0.2786377708978328,0.5572755417956656,0.0121134204334365,0.8359133126934984,3.343653250773994,3.065015479876161,0.0849192854489164,28.142414860681114,DM/CM,56,27,61,55,55,38,50,59,56,47,15,45,30,41,76,30,14,15,33,24,41,23,8,52,52,94,80,27,30,23,76,48,52,15,45,44,14,12,50,42,48,58,64,61,27,58,64,61,39,48,55,52,42,12,52,30,42,82,30,15,15,30,24,41,23,8,52,52,94,80,27,30,23,76,48,52,15,52,45,12,12,48,42,55,55,70,Serie A
Lazio,btcy9nra9ak4m22ovr2ia6m5v,d3dzhnj9na7marc0c4j0d1zbo,R. Floriani Mussolini,Romano Floriani Mussolini,23,Defender,Italy,Defender,75.0,0.0,89.0,3.0,164.0,5.0,3.0,3.0,4.0,18.0,10.0,6.0,403.0,1.0,1.0,6.0,0.0,1.0,1.0,0.0,0.0,0.0,0.0,4.0,1.0,0.0,87.7,75.0,0.0,33.33,0.0,56.25,83.33,54.55,0.1131149486287199,0.207695909728088,0.0,3.0,0.06977325,5.0,14.0,13.0,0.3403093199999999,91.0,16.74937965260546,0.0,19.87593052109181,0.6699751861042184,36.62531017369727,1.1166253101736971,0.6699751861042184,0.6699751861042184,0.8933002481389578,4.01985111662531,2.2332506203473943,1.3399503722084367,0.2233250620347394,0.2233250620347394,1.3399503722084367,0.0,0.2233250620347394,0.2233250620347394,0.0,0.0,0.0,0.0,0.8933002481389578,0.2233250620347394,0.0,87.7,75.0,0.0,33.33,0.0,56.25,83.33,54.55,0.0252614029195652,0.0463837019243868,0.0,0.6699751861042184,0.0155821153846153,1.1166253101736971,3.126550868486352,2.903225806451613,0.0759995999999999,20.32258064516129,RB/RCB,52,21,69,29,58,75,52,37,50,65,46,85,17,29,77,35,37,44,37,40,44,33,40,94,52,54,96,21,25,33,58,100,38,42,42,37,23,19,65,65,58,31,62,46,21,62,23,46,65,54,38,42,54,38,81,19,31,65,35,31,42,37,40,44,33,35,92,52,54,96,21,25,33,58,100,38,31,35,37,27,23,58,54,50,23,54,Serie A
Lazio,btcy9nra9ak4m22ovr2ia6m5v,dqsslq1iz1azubowq3anwws4q,Nuno Tavares,Nuno Albertino Varela Tavares,26,Defender,Portugal,Defender,78.0,4.0,107.0,8.0,181.0,1.0,6.0,9.0,9.0,23.0,10.0,1.0,339.0,6.0,7.0,4.0,2.0,7.0,3.0,4.0,2.0,0.0,2.0,11.0,0.0,0.0,85.38,57.14,18.18,77.78,28.57,65.71,0.0,44.44,0.4586061285564826,0.663615901949461,4.0,3.0,0.0752661,3.0,20.0,20.0,0.97486743,110.0,20.70796460176992,1.0619469026548674,28.4070796460177,2.1238938053097347,48.05309734513274,0.2654867256637168,1.592920353982301,2.3893805309734515,2.3893805309734515,6.106194690265487,2.6548672566371683,0.2654867256637168,1.592920353982301,1.8584070796460177,1.0619469026548674,0.5309734513274337,1.8584070796460177,0.7964601769911505,1.0619469026548674,0.5309734513274337,0.0,0.5309734513274337,2.920353982300885,0.0,0.0,85.38,57.14,18.18,77.78,28.57,65.71,0.0,44.44,0.1217538394397741,0.1761812129069365,1.0619469026548674,0.7964601769911505,0.0199821504424778,0.7964601769911505,5.3097345132743365,5.3097345132743365,0.2588143619469026,29.20353982300885,LB/LCB,59,80,89,72,74,13,70,100,100,91,56,17,89,100,54,98,93,80,94,85,39,83,91,48,52,41,72,30,78,46,93,6,24,78,78,96,28,33,50,83,72,85,78,63,81,81,70,67,11,74,100,100,96,56,11,96,100,52,100,93,85,96,93,39,89,89,48,52,41,72,30,78,46,93,6,24,85,78,96,33,33,56,96,74,85,81,Serie A
Lazio,btcy9nra9ak4m22ovr2ia6m5v,ho87m362sey4msdjp4n180oa,M. Cancellieri,Matteo Cancellieri,24,Attacker,Italy,Striker,21.0,0.0,53.0,4.0,74.0,1.0,5.0,11.0,11.0,20.0,2.0,1.0,293.0,6.0,8.0,2.0,0.0,7.0,3.0,4.0,1.0,1.0,3.0,13.0,0.0,0.0,87.06,80.0,0.0,72.73,42.86,54.05,20.0,40.0,0.4535187378423594,0.4219123174938329,4.0,11.0,0.32247385,4.0,5.0,7.0,0.4999016399999999,28.0,6.450511945392491,0.0,16.27986348122867,1.2286689419795225,22.73037542662116,0.3071672354948805,1.5358361774744027,3.378839590443686,3.378839590443686,6.143344709897611,0.6143344709897611,0.3071672354948805,1.843003412969284,2.4573378839590445,0.6143344709897611,0.0,2.150170648464164,0.9215017064846416,1.2286689419795225,0.3071672354948805,0.3071672354948805,0.9215017064846416,3.993174061433447,0.0,0.0,87.06,80.0,0.0,72.73,42.86,54.05,20.0,40.0,0.139306096948165,0.1295976401858189,1.2286689419795225,3.378839590443686,0.0990534010238907,1.2286689419795225,1.5358361774744027,2.150170648464164,0.153553404778157,8.600682593856655,RW,33,17,33,58,17,42,33,38,38,67,62,25,83,79,50,29,50,29,62,33,67,50,50,50,54,92,75,17,100,67,92,42,25,33,33,62,38,42,54,29,33,42,25,42,17,25,58,25,42,25,58,58,92,75,33,75,92,67,29,50,33,58,33,75,67,58,50,54,92,75,17,100,67,92,42,25,42,25,58,42,42,67,33,42,50,25,Serie A
Napoli,gi0l1habji5hpgar77dl5jqe,2kfkjjqh7vrfcfbgr4aa85dqt,A. Rrahmani,Amir Rrahmani,32,Defender,Kosovo,Defender,156.0,0.0,146.0,11.0,302.0,26.0,1.0,0.0,0.0,41.0,35.0,3.0,450.0,4.0,0.0,7.0,1.0,4.0,2.0,2.0,2.0,0.0,0.0,5.0,0.0,0.0,89.35,44.0,0.0,0.0,0.0,71.93,76.47,63.64,0.3000005986002254,0.0857880260769119,2.0,11.0,0.2205307,3.0,30.0,21.0,0.48586161,211.0,31.2,0.0,29.2,2.2,60.4,5.2,0.2,0.0,0.0,8.2,7.0,0.6,0.8,0.0,1.4,0.2,0.8,0.4,0.4,0.4,0.0,0.0,1.0,0.0,0.0,89.35,44.0,0.0,0.0,0.0,71.93,76.47,63.64,0.060000119720045,0.0171576052153823,0.4,2.2,0.04410614,0.6,6.0,4.2,0.097172322,42.2,CB,67,47,100,77,91,100,50,27,26,100,100,23,86,33,91,94,83,55,98,100,47,32,65,50,52,33,33,47,33,32,85,82,58,58,64,98,98,100,89,94,91,94,97,42,47,97,65,73,100,38,27,26,97,91,12,67,33,71,89,68,42,97,100,47,32,55,50,52,33,33,47,33,32,85,82,58,48,55,97,95,97,82,91,89,88,94,Serie A
Napoli,gi0l1habji5hpgar77dl5jqe,3bhy6x04rbwzk0nh1fm59dmnd,F. Anguissa,Frank Anguissa,30,Midfielder,Cameroon,Midfielder,37.0,0.0,34.0,0.0,71.0,4.0,2.0,4.0,4.0,12.0,2.0,1.0,238.0,3.0,2.0,2.0,0.0,5.0,5.0,0.0,2.0,0.0,1.0,10.0,0.0,0.0,82.56,0.0,0.0,50.0,20.0,50.0,57.14,66.67,0.6148422289474138,0.0863095021615819,0.0,0.0,0.0,1.0,3.0,2.0,0.09231255,30.0,13.991596638655462,0.0,12.857142857142858,0.0,26.84873949579832,1.512605042016807,0.7563025210084033,1.512605042016807,1.512605042016807,4.53781512605042,0.7563025210084033,0.3781512605042016,1.134453781512605,0.7563025210084033,0.7563025210084033,0.0,1.8907563025210083,1.8907563025210083,0.0,0.7563025210084033,0.0,0.3781512605042016,3.7815126050420167,0.0,0.0,82.56,0.0,0.0,50.0,20.0,50.0,57.14,66.67,0.2325033638876775,0.0326380470358923,0.0,0.0,0.0,0.3781512605042016,1.134453781512605,0.7563025210084033,0.0349081071428571,11.344537815126053,DM/CM,6,27,6,5,5,83,27,59,56,29,15,17,41,67,27,30,73,91,11,77,41,62,95,52,52,11,5,27,67,56,47,79,64,88,21,17,3,3,12,5,3,3,6,12,27,18,5,9,94,42,85,82,61,24,24,64,85,39,30,88,100,11,91,41,79,100,52,52,11,5,27,67,56,47,79,64,97,24,17,3,3,15,6,3,3,9,Serie A
Napoli,gi0l1habji5hpgar77dl5jqe,5d9i8ubibyiecxecr9jjvxexh,G. Di Lorenzo,Giovanni Di Lorenzo,33,Defender,Italy,Defender,83.0,0.0,121.0,3.0,204.0,7.0,3.0,4.0,6.0,24.0,5.0,4.0,450.0,4.0,0.0,11.0,1.0,1.0,1.0,0.0,1.0,0.0,0.0,10.0,0.0,0.0,88.7,33.33,0.0,0.0,0.0,61.54,70.0,78.57,0.0553458816674403,0.2832384965263584,0.0,7.0,0.17878684,7.0,15.0,28.0,0.5995884499999998,107.0,16.6,0.0,24.2,0.6,40.8,1.4,0.6,0.8,1.2,4.8,1.0,0.8,0.8,0.0,2.2,0.2,0.2,0.2,0.0,0.2,0.0,0.0,2.0,0.0,0.0,88.7,33.33,0.0,0.0,0.0,61.54,70.0,78.57,0.011069176333488,0.0566476993052716,0.0,1.4,0.035757368,1.4,3.0,5.6,0.1199176899999999,21.4,RB/RCB,62,21,92,29,79,90,52,58,71,88,15,63,69,6,100,81,37,44,37,85,44,33,79,44,52,62,29,21,6,33,73,83,77,19,54,37,54,54,88,69,94,62,73,42,21,77,15,62,83,44,46,58,73,4,48,50,6,92,71,17,25,37,81,44,33,73,44,52,62,29,21,6,33,73,83,77,15,50,37,38,42,77,46,88,46,62,Serie A
Napoli,gi0l1habji5hpgar77dl5jqe,9bba1hgnx5mzpkzeazsoikn9x,M. Politano,Matteo Politano,33,Attacker,Italy,Striker,31.0,8.0,85.0,8.0,108.0,1.0,6.0,3.0,3.0,11.0,3.0,1.0,337.0,4.0,2.0,2.0,1.0,3.0,3.0,0.0,1.0,1.0,2.0,5.0,0.0,0.0,86.4,57.14,32.0,66.67,66.67,44.0,33.33,50.0,0.3920383024204863,0.7597412631880538,0.0,20.0,0.5929082400000001,2.0,8.0,13.0,1.2855823299999998,44.0,8.27893175074184,2.136498516320475,22.700296735905045,2.136498516320475,28.84272997032641,0.2670623145400593,1.602373887240356,0.8011869436201781,0.8011869436201781,2.9376854599406528,0.8011869436201781,0.2670623145400593,1.0682492581602374,0.5341246290801187,0.5341246290801187,0.2670623145400593,0.8011869436201781,0.8011869436201781,0.0,0.2670623145400593,0.2670623145400593,0.5341246290801187,1.3353115727002969,0.0,0.0,86.4,57.14,32.0,66.67,66.67,44.0,33.33,50.0,0.1046986564327708,0.20289826019859,0.0,5.341246290801187,0.158343446884273,0.5341246290801187,2.136498516320475,3.471810089020772,0.3433305925816023,11.750741839762613,RW,54,92,67,75,58,42,42,17,12,12,92,25,33,17,50,71,21,29,12,33,67,29,8,50,54,75,42,75,92,88,58,54,42,25,50,8,62,58,29,62,54,92,67,58,100,67,83,50,33,33,8,8,17,92,25,33,17,58,83,25,25,12,25,67,33,8,50,54,75,42,75,92,88,58,54,42,25,50,8,67,67,25,75,67,92,67,Serie A
Napoli,gi0l1habji5hpgar77dl5jqe,9ka7y81b5kst146mhq7mom5ed,L. Spinazzola,Leonardo Spinazzola,33,Defender,Italy,Defender,55.0,1.0,112.0,7.0,166.0,1.0,5.0,5.0,8.0,4.0,3.0,1.0,304.0,0.0,1.0,2.0,0.0,3.0,1.0,2.0,1.0,0.0,1.0,8.0,0.0,0.0,87.37,63.64,20.0,20.0,33.33,22.22,50.0,100.0,0.200619924404827,0.3893387538561438,1.0,20.0,0.58894253,6.0,17.0,27.0,0.7564522699999999,88.0,16.282894736842106,0.2960526315789473,33.1578947368421,2.0723684210526314,49.14473684210526,0.2960526315789473,1.480263157894737,1.480263157894737,2.3684210526315788,1.1842105263157894,0.8881578947368421,0.2960526315789473,0.0,0.2960526315789473,0.5921052631578947,0.0,0.8881578947368421,0.2960526315789473,0.5921052631578947,0.2960526315789473,0.0,0.2960526315789473,2.3684210526315788,0.0,0.0,87.37,63.64,20.0,20.0,33.33,22.22,50.0,100.0,0.0593940565672185,0.1152647626547794,0.2960526315789473,5.921052631578948,0.1743579858552631,1.7763157894736843,5.032894736842105,7.993421052631579,0.2239496851973684,26.05263157894737,LB/LCB,44,28,93,56,67,13,56,74,93,4,17,17,7,48,15,30,56,28,74,65,39,54,69,48,52,74,87,35,37,56,4,50,96,44,56,48,94,96,93,72,89,74,67,44,33,93,67,70,19,70,81,96,4,19,19,7,56,15,30,70,30,78,70,39,59,81,48,52,74,87,35,37,56,4,50,96,48,67,52,100,96,96,85,96,78,78,Serie A
Napoli,gi0l1habji5hpgar77dl5jqe,9y8fnvazj02vy31ljx3du0d79,S. Lobotka,Stanislav Lobotka,31,Midfielder,Slovakia,Midfielder,81.0,0.0,168.0,7.0,249.0,3.0,3.0,2.0,2.0,22.0,10.0,2.0,438.0,11.0,2.0,2.0,0.0,4.0,1.0,3.0,1.0,1.0,2.0,7.0,0.0,0.0,92.22,63.64,0.0,100.0,50.0,64.71,50.0,33.33,0.3662049041727886,0.1783318218192092,3.0,13.0,0.40712851,4.0,29.0,28.0,0.6237551099999998,154.0,16.64383561643836,0.0,34.52054794520548,1.4383561643835618,51.16438356164384,0.6164383561643836,0.6164383561643836,0.4109589041095891,0.4109589041095891,4.52054794520548,2.054794520547945,0.4109589041095891,2.26027397260274,0.4109589041095891,0.4109589041095891,0.0,0.8219178082191781,0.2054794520547945,0.6164383561643836,0.2054794520547945,0.2054794520547945,0.4109589041095891,1.4383561643835618,0.0,0.0,92.22,63.64,0.0,100.0,50.0,64.71,50.0,33.33,0.0752475830492031,0.0366435250313443,0.6164383561643836,2.671232876712329,0.0836565431506849,0.8219178082191781,5.958904109589041,5.753424657534247,0.128168858219178,31.64383561643836,DM/CM,52,27,94,64,91,71,50,30,27,80,86,32,95,67,27,30,53,47,65,58,88,85,80,52,52,85,71,27,98,80,94,68,21,70,39,74,85,97,70,88,91,79,88,27,27,85,61,70,61,30,24,21,58,79,27,88,58,21,30,42,39,55,52,85,82,73,52,52,85,71,27,98,80,94,68,21,52,27,64,76,91,42,79,82,73,79,Serie A
Napoli,gi0l1habji5hpgar77dl5jqe,c2jqa9vozhqu7x79h5rr2n1ed,K. De Bruyne,Kevin De Bruyne,35,Midfielder,Belgium,Midfielder,35.0,9.0,105.0,5.0,131.0,0.0,12.0,4.0,4.0,7.0,0.0,1.0,263.0,1.0,3.0,2.0,1.0,5.0,4.0,1.0,1.0,1.0,1.0,9.0,0.0,0.0,82.39,55.56,40.91,75.0,20.0,41.18,0.0,66.67,0.5764659852305677,1.0522355755152355,2.0,16.0,0.36559612,5.0,17.0,22.0,0.8129042200000001,68.0,11.977186311787072,3.0798479087452475,35.93155893536122,1.711026615969582,44.828897338403046,0.0,4.106463878326997,1.3688212927756656,1.3688212927756656,2.3954372623574147,0.0,0.3422053231939164,0.3422053231939164,1.0266159695817492,0.6844106463878328,0.3422053231939164,1.711026615969582,1.3688212927756656,0.3422053231939164,0.3422053231939164,0.3422053231939164,0.3422053231939164,3.0798479087452475,0.0,0.0,82.39,55.56,40.91,75.0,20.0,41.18,0.0,66.67,0.1972697287861258,0.3600806151953277,0.6844106463878328,5.475285171102662,0.1251089384030418,1.711026615969582,5.817490494296578,7.52851711026616,0.2781801513307985,23.26996197718632,CM/AM,23,93,64,36,36,20,89,34,32,5,14,27,9,59,48,75,45,73,30,45,77,41,68,52,50,27,41,64,77,41,25,20,66,59,86,50,80,82,55,52,80,91,50,27,95,82,36,55,20,91,41,36,5,14,27,9,77,55,86,64,77,32,50,86,36,68,52,50,27,41,64,77,41,25,20,66,68,91,55,91,91,68,73,100,100,68,Serie A
Napoli,gi0l1habji5hpgar77dl5jqe,d27r61wcc9az0shpevisc4iga,Rafa Marín,Rafa Marín,24,Defender,Spain,Defender,134.0,0.0,123.0,15.0,257.0,4.0,1.0,1.0,1.0,20.0,24.0,7.0,441.0,4.0,1.0,7.0,0.0,3.0,2.0,1.0,1.0,0.0,0.0,2.0,0.0,0.0,93.12,57.69,0.0,100.0,0.0,41.67,25.0,63.64,0.3189882627688233,0.0,1.0,8.0,0.15974979,2.0,32.0,26.0,0.4569574399999998,182.0,27.346938775510203,0.0,25.10204081632653,3.061224489795918,52.44897959183673,0.8163265306122448,0.2040816326530612,0.2040816326530612,0.2040816326530612,4.081632653061225,4.897959183673469,1.4285714285714284,0.8163265306122448,0.2040816326530612,1.4285714285714284,0.0,0.6122448979591836,0.4081632653061224,0.2040816326530612,0.2040816326530612,0.0,0.0,0.4081632653061224,0.0,0.0,93.12,57.69,0.0,100.0,0.0,41.67,25.0,63.64,0.0650996454630251,0.0,0.2040816326530612,1.6326530612244896,0.0326019979591836,0.4081632653061224,6.530612244897958,5.306122448979592,0.0932566204081632,37.14285714285714,CB,52,47,94,97,70,23,50,65,62,61,58,73,86,74,91,44,65,55,92,92,47,32,29,50,52,64,64,47,91,32,3,8,58,64,21,91,92,91,80,97,97,91,88,30,47,91,94,58,6,42,64,62,39,42,55,73,73,76,44,55,47,91,94,47,32,24,50,52,64,64,47,91,32,3,8,58,61,21,88,88,91,79,94,94,85,82,Serie A
Napoli,gi0l1habji5hpgar77dl5jqe,d364lpc0km51psy3zwc4a6zca,R. Højlund,Rasmus Højlund,23,Attacker,Denmark,Striker,5.0,0.0,22.0,0.0,27.0,6.0,1.0,8.0,8.0,9.0,4.0,0.0,363.0,2.0,1.0,0.0,0.0,8.0,6.0,2.0,2.0,2.0,4.0,14.0,0.0,0.0,64.29,0.0,0.0,12.5,50.0,24.32,30.0,0.0,1.165048036097707,0.0381766992646963,3.0,1.0,0.01685596,0.0,1.0,2.0,0.04587692,9.0,1.2396694214876034,0.0,5.454545454545455,0.0,6.694214876033058,1.487603305785124,0.2479338842975206,1.983471074380165,1.983471074380165,2.231404958677686,0.9917355371900828,0.0,0.4958677685950413,0.2479338842975206,0.0,0.0,1.983471074380165,1.487603305785124,0.4958677685950413,0.4958677685950413,0.4958677685950413,0.9917355371900828,3.471074380165289,0.0,0.0,64.29,0.0,0.0,12.5,50.0,24.32,30.0,0.0,0.2888548849829025,0.0094652973383544,0.7438016528925621,0.2479338842975206,0.0041791636363636,0.0,0.2479338842975206,0.4958677685950413,0.0113744429752066,2.231404958677686,ST,6,33,23,21,12,62,8,67,63,12,81,29,13,27,12,38,31,38,54,44,71,60,31,50,52,8,21,33,23,87,8,40,12,58,8,75,10,8,17,17,31,12,15,4,33,19,21,12,54,4,62,62,8,73,29,12,23,12,38,23,27,54,35,62,54,19,50,52,8,21,33,23,87,8,40,12,46,4,69,8,8,17,15,31,12,12,Serie A
Torino,7gnly6999wao1xarwct4p8fe9,54mmovmx3osoxgbloe9rzmx9l,A. Ismajli,Ardian Ismajli,29,Defender,Albania,Defender,117.0,0.0,35.0,7.0,152.0,10.0,0.0,0.0,0.0,15.0,25.0,6.0,253.0,3.0,0.0,1.0,0.0,0.0,0.0,0.0,0.0,0.0,0.0,0.0,0.0,0.0,91.57,63.64,0.0,0.0,0.0,53.57,55.56,50.0,0.0,0.0,0.0,0.0,0.0,0.0,0.0,0.0,0.0,0.0,41.6205533596838,0.0,12.450592885375496,2.490118577075099,54.071146245059296,3.557312252964427,0.0,0.0,0.0,5.335968379446641,8.893280632411068,2.134387351778656,1.067193675889328,0.0,0.3557312252964427,0.0,0.0,0.0,0.0,0.0,0.0,0.0,0.0,0.0,0.0,91.57,63.64,0.0,0.0,0.0,53.57,55.56,50.0,0.0,0.0,0.0,0.0,0.0,0.0,0.0,0.0,0.0,0.0,CB,44,47,29,53,42,65,18,27,26,38,70,65,68,33,8,44,8,9,45,44,47,32,6,50,52,58,88,47,33,32,33,38,21,11,21,44,20,20,27,8,8,8,8,73,47,52,79,64,91,18,27,26,73,100,88,82,33,12,44,8,9,45,44,47,32,6,50,52,58,88,47,33,32,33,38,21,11,21,44,20,20,27,8,8,8,8,Serie A
Torino,7gnly6999wao1xarwct4p8fe9,5uig03vbbv71f0q31cp3vfbv9,E. Cömert,Eray Cömert,28,Defender,Switzerland,Defender,173.0,0.0,91.0,9.0,264.0,4.0,1.0,1.0,1.0,14.0,17.0,3.0,315.0,3.0,1.0,4.0,1.0,1.0,0.0,1.0,0.0,0.0,0.0,0.0,0.0,0.0,90.72,40.91,0.0,100.0,0.0,70.0,80.0,66.67,0.0555393681129878,0.054826550800834,1.0,2.0,0.05157833,2.0,22.0,25.0,0.5370746699999998,143.0,49.42857142857143,0.0,26.0,2.571428571428572,75.42857142857143,1.1428571428571428,0.2857142857142857,0.2857142857142857,0.2857142857142857,4.0,4.857142857142857,0.8571428571428571,0.8571428571428571,0.2857142857142857,1.1428571428571428,0.2857142857142857,0.2857142857142857,0.0,0.2857142857142857,0.0,0.0,0.0,0.0,0.0,0.0,90.72,40.91,0.0,100.0,0.0,70.0,80.0,66.67,0.015868390889425,0.0156647288002382,0.2857142857142857,0.5714285714285714,0.0147366657142857,0.5714285714285714,6.285714285714286,7.142857142857143,0.1534499057142856,40.85714285714285,RB/RCB,96,21,73,83,96,56,17,13,12,35,94,40,48,29,40,81,37,12,79,40,44,33,4,44,52,88,42,21,90,33,100,96,56,23,19,77,15,12,33,85,87,58,92,100,21,88,88,100,69,12,15,12,50,96,65,58,35,54,88,38,12,77,40,44,33,4,44,52,88,42,21,90,33,100,96,56,23,19,77,15,15,35,100,96,65,100,Serie A
Torino,7gnly6999wao1xarwct4p8fe9,6egg2gwvxxqv2i9hrr0zg4yz8,G. Gineitis,Gvidas Gineitis,22,Midfielder,Lithuania,Midfielder,34.0,1.0,38.0,4.0,71.0,1.0,1.0,2.0,2.0,15.0,3.0,0.0,272.0,8.0,0.0,6.0,1.0,1.0,1.0,0.0,0.0,0.0,0.0,3.0,0.0,0.0,82.56,44.44,16.67,0.0,0.0,55.56,33.33,100.0,0.1108438333004881,0.1222005498086236,0.0,2.0,0.05508396,2.0,12.0,8.0,0.12177281,32.0,11.25,0.3308823529411764,12.573529411764708,1.3235294117647058,23.49264705882353,0.3308823529411764,0.3308823529411764,0.6617647058823529,0.6617647058823529,4.963235294117647,0.9926470588235294,0.0,2.647058823529412,0.0,1.9852941176470589,0.3308823529411764,0.3308823529411764,0.3308823529411764,0.0,0.0,0.0,0.0,0.9926470588235294,0.0,0.0,82.56,44.44,16.67,0.0,0.0,55.56,33.33,100.0,0.036676268371485,0.0404340054513828,0.0,0.6617647058823529,0.0182263102941176,0.6617647058823529,3.9705882352941178,2.647058823529412,0.0402924738970588,10.588235294117649,DM/CM,3,62,12,33,5,38,12,30,27,55,33,5,86,14,76,76,14,47,11,24,41,23,47,52,52,11,33,55,14,23,73,48,98,18,33,17,14,15,30,42,24,9,9,6,70,15,48,6,45,15,36,30,73,36,5,91,14,88,82,21,55,11,24,41,23,52,52,52,11,33,55,14,23,73,48,98,18,33,17,18,21,33,52,42,6,6,Serie A
Torino,7gnly6999wao1xarwct4p8fe9,7gdfooe2sa90g72nddjazusd0,A. Cacciamani,Alessio Cacciamani,19,Midfielder,Italy,Midfielder,39.0,3.0,56.0,2.0,92.0,1.0,2.0,11.0,14.0,20.0,7.0,2.0,362.0,9.0,6.0,3.0,1.0,1.0,1.0,0.0,1.0,0.0,0.0,7.0,0.0,0.0,83.64,40.0,16.67,54.55,0.0,54.05,20.0,75.0,0.1158274234118839,0.2656797825349072,1.0,20.0,0.67527979,5.0,4.0,4.0,0.6769230999999999,23.0,9.696132596685082,0.7458563535911602,13.922651933701658,0.4972375690607735,22.87292817679558,0.2486187845303867,0.4972375690607735,2.7348066298342544,3.4806629834254146,4.972375690607735,1.7403314917127073,0.4972375690607735,2.2375690607734806,1.4917127071823204,0.7458563535911602,0.2486187845303867,0.2486187845303867,0.2486187845303867,0.0,0.2486187845303867,0.0,0.0,1.7403314917127073,0.0,0.0,83.64,40.0,16.67,54.55,0.0,54.05,20.0,75.0,0.028796873223949,0.0660529846081261,0.2486187845303867,4.972375690607735,0.1678872406077348,1.2430939226519335,0.994475138121547,0.994475138121547,0.1682957983425414,5.718232044198895,LM/LCM,50,83,50,50,50,67,33,92,100,75,83,42,92,100,33,75,17,17,25,33,33,25,58,58,58,50,50,42,67,25,100,50,67,17,50,50,83,100,67,25,33,67,17,50,83,33,50,33,67,33,100,100,100,83,50,100,100,33,67,17,17,25,17,33,25,50,58,58,50,50,42,67,25,100,50,67,33,33,50,83,83,67,33,33,67,17,Serie A
Torino,7gnly6999wao1xarwct4p8fe9,7vykym3hy0qf1rxw3yv58kxgq,Saúl Coco,Saúl Coco,27,Defender,Equatorial Guinea,Defender,209.0,0.0,70.0,13.0,279.0,7.0,2.0,3.0,3.0,19.0,26.0,4.0,400.0,5.0,2.0,3.0,0.0,4.0,4.0,0.0,0.0,0.0,1.0,7.0,0.0,0.0,91.48,50.0,0.0,66.67,25.0,73.08,77.78,60.0,0.4333420320647646,0.1053228272629826,0.0,1.0,0.02385149,1.0,17.0,13.0,0.4138847799999999,164.0,47.025,0.0,15.75,2.925,62.775,1.575,0.4499999999999999,0.6749999999999999,0.6749999999999999,4.275,5.85,0.8999999999999999,1.125,0.4499999999999999,0.6749999999999999,0.0,0.8999999999999999,0.8999999999999999,0.0,0.0,0.0,0.2249999999999999,1.575,0.0,0.0,91.48,50.0,0.0,66.67,25.0,73.08,77.78,60.0,0.097501957214572,0.023697636134171,0.0,0.2249999999999999,0.00536658525,0.2249999999999999,3.825,2.925,0.0931240754999999,36.9,CB,88,47,73,89,82,52,77,94,94,56,82,38,97,92,29,44,83,85,45,44,47,71,82,50,52,55,45,47,77,70,88,85,52,73,70,44,48,56,64,85,80,76,77,88,47,70,85,79,42,76,94,91,52,73,24,91,97,24,44,88,91,45,44,47,67,82,50,52,55,45,47,77,70,88,85,52,67,70,44,45,52,58,85,76,82,76,Serie A
Torino,7gnly6999wao1xarwct4p8fe9,9srjp22oprs2tkcutb2g4o2dw,P. Comuzzo,Pietro Comuzzo,21,Defender,Italy,Defender,114.0,1.0,65.0,5.0,178.0,6.0,2.0,1.0,1.0,20.0,10.0,3.0,335.0,1.0,1.0,5.0,0.0,2.0,2.0,0.0,0.0,1.0,1.0,3.0,0.0,0.0,92.23,55.56,50.0,100.0,50.0,57.14,50.0,41.67,0.261776347677621,0.1880884611283851,0.0,0.0,0.0,1.0,12.0,17.0,0.3535607600000001,89.0,30.62686567164179,0.2686567164179104,17.46268656716418,1.343283582089552,47.82089552238806,1.611940298507463,0.5373134328358209,0.2686567164179104,0.2686567164179104,5.3731343283582085,2.686567164179104,0.8059701492537313,0.2686567164179104,0.2686567164179104,1.343283582089552,0.0,0.5373134328358209,0.5373134328358209,0.0,0.0,0.2686567164179104,0.2686567164179104,0.8059701492537313,0.0,0.0,92.23,55.56,50.0,100.0,50.0,57.14,50.0,41.67,0.0703279740029429,0.0505312283628497,0.0,0.0,0.0,0.2686567164179104,3.2238805970149254,4.567164179104478,0.0949864728358209,23.91044776119403,LB/LCB,74,28,41,37,70,78,24,22,22,80,56,41,30,48,67,30,33,54,20,30,87,54,20,48,52,100,67,93,93,74,57,50,19,59,19,19,4,4,15,61,67,15,70,81,26,37,33,63,81,22,26,26,85,59,41,33,52,70,30,37,59,20,30,96,56,19,48,52,100,67,93,93,74,57,50,19,52,22,19,4,4,22,56,70,22,67,Serie A
Torino,7gnly6999wao1xarwct4p8fe9,b8ixf31bdyfqqcwoy4ulai73e,K. Fitz-Jim,Kian Fitz-Jim,23,Midfielder,Netherlands,Midfielder,100.0,1.0,94.0,6.0,193.0,0.0,8.0,11.0,12.0,15.0,3.0,4.0,384.0,5.0,7.0,2.0,0.0,2.0,0.0,2.0,0.0,0.0,0.0,2.0,0.0,0.0,88.53,50.0,11.11,63.64,0.0,57.69,0.0,66.67,0.0773670712754407,0.7613926814604255,2.0,14.0,0.31393742,7.0,17.0,15.0,0.6883742,90.0,23.4375,0.234375,22.03125,1.40625,45.234375,0.0,1.875,2.578125,2.8125,3.515625,0.703125,0.9375,1.171875,1.640625,0.46875,0.0,0.46875,0.0,0.46875,0.0,0.0,0.0,0.46875,0.0,0.0,88.53,50.0,11.11,63.64,0.0,57.69,0.0,66.67,0.0181329073301814,0.1784514097172872,0.46875,3.28125,0.0735790828125,1.640625,3.984375,3.515625,0.161337703125,21.09375,CM/AM,91,30,45,50,73,20,66,86,91,57,59,73,68,91,48,27,27,11,48,20,34,18,16,52,50,59,32,23,68,18,82,20,66,18,64,50,66,68,68,52,50,82,59,91,23,41,32,59,20,59,91,91,36,64,77,59,86,41,27,23,11,50,20,34,18,14,52,50,59,32,23,68,18,82,20,66,14,59,45,68,64,64,50,45,68,59,Serie A
Torino,7gnly6999wao1xarwct4p8fe9,c4bccspnyg73206u27nhiwu1g,N. Fortini,Niccolò Fortini,20,Defender,Italy,Defender,55.0,2.0,67.0,2.0,120.0,1.0,1.0,8.0,8.0,18.0,4.0,1.0,267.0,4.0,5.0,5.0,0.0,1.0,1.0,0.0,0.0,0.0,0.0,6.0,1.0,0.0,89.55,100.0,22.22,62.5,0.0,60.0,50.0,62.5,0.1126490129756899,0.1556104833822709,0.0,7.0,0.17999635,3.0,3.0,5.0,0.4196013,38.0,18.539325842696627,0.6741573033707865,22.584269662921347,0.6741573033707865,40.44943820224719,0.3370786516853932,0.3370786516853932,2.696629213483146,2.696629213483146,6.067415730337078,1.348314606741573,0.3370786516853932,1.348314606741573,1.6853932584269662,1.6853932584269662,0.0,0.3370786516853932,0.3370786516853932,0.0,0.0,0.0,0.0,2.02247191011236,0.3370786516853932,0.0,89.55,100.0,22.22,62.5,0.0,60.0,50.0,62.5,0.0379715774075359,0.0524529719266081,0.0,2.359550561797753,0.0606729269662921,1.0112359550561798,1.0112359550561798,1.6853932584269662,0.1414386404494382,12.808988764044944,RB/RCB,23,73,44,17,27,13,17,96,96,65,8,10,69,96,60,35,37,44,37,40,44,33,60,94,52,77,100,62,58,33,69,42,46,38,31,37,54,58,40,4,8,46,8,54,81,69,27,54,19,19,100,100,92,19,12,88,100,85,35,46,54,37,40,44,33,77,96,52,77,100,62,58,33,69,42,46,42,42,37,69,62,50,4,4,62,12,Serie A
Torino,7gnly6999wao1xarwct4p8fe9,cp13vthbds3tl1wtfelfx2evp,G. Simeone,Giovanni Simeone,31,Attacker,Argentina,Striker,23.0,1.0,18.0,0.0,40.0,12.0,1.0,4.0,4.0,25.0,2.0,1.0,343.0,9.0,1.0,2.0,0.0,10.0,10.0,0.0,2.0,0.0,1.0,18.0,0.0,0.0,57.97,0.0,100.0,25.0,10.0,48.08,42.86,66.67,1.3247905215735547,0.0946659435396841,0.0,4.0,0.09044864,0.0,3.0,1.0,0.06357509,9.0,6.034985422740525,0.2623906705539359,4.723032069970846,0.0,10.495626822157435,3.1486880466472305,0.2623906705539359,1.0495626822157436,1.0495626822157436,6.559766763848397,0.5247813411078718,0.2623906705539359,2.361516034985423,0.2623906705539359,0.5247813411078718,0.0,2.623906705539359,2.623906705539359,0.0,0.5247813411078718,0.0,0.2623906705539359,4.723032069970846,0.0,0.0,57.97,0.0,100.0,25.0,10.0,48.08,42.86,66.67,0.3476126732991835,0.0248394604039987,0.0,1.0495626822157436,0.0237328793002915,0.0,0.7871720116618076,0.2623906705539359,0.0166815104956268,2.361516034985423,ST,81,81,8,21,27,96,8,38,35,92,37,69,90,27,69,38,50,67,8,44,15,6,52,50,52,4,21,96,33,4,77,54,63,65,15,6,60,38,17,46,19,19,15,73,77,12,21,35,96,8,31,31,88,31,69,81,27,73,38,50,77,8,46,15,4,54,50,52,4,21,96,33,4,77,54,63,65,15,6,58,38,17,50,15,31,15,Serie A
Torino,7gnly6999wao1xarwct4p8fe9,dpnp9rguhhs04of6vmlw5spg5,R. Mandragora,Rolando Mandragora,29,Midfielder,Italy,Midfielder,87.0,3.0,90.0,7.0,174.0,3.0,6.0,4.0,4.0,16.0,4.0,3.0,298.0,7.0,0.0,3.0,1.0,8.0,0.0,8.0,1.0,1.0,6.0,2.0,0.0,0.0,87.88,50.0,33.33,0.0,75.0,53.33,0.0,50.0,0.4156792079352187,0.4014859406431372,4.0,3.0,0.0670543,1.0,12.0,9.0,0.24606073,93.0,26.275167785234903,0.906040268456376,27.181208053691275,2.114093959731544,52.550335570469805,0.906040268456376,1.812080536912752,1.2080536912751678,1.2080536912751678,4.832214765100671,1.2080536912751678,0.906040268456376,2.114093959731544,0.0,0.906040268456376,0.3020134228187919,2.416107382550336,0.0,2.416107382550336,0.3020134228187919,0.3020134228187919,1.812080536912752,0.6040268456375839,0.0,0.0,87.88,50.0,33.33,0.0,75.0,53.33,0.0,50.0,0.1255407003831197,0.1212541431472562,1.2080536912751678,0.906040268456376,0.0202512986577181,0.3020134228187919,3.624161073825504,2.718120805369128,0.0743136432885906,28.08724832214765,DM/CM,64,94,58,64,52,71,89,59,56,61,53,45,79,14,45,76,92,15,98,58,88,100,29,52,52,42,50,73,14,97,58,20,32,73,79,92,26,33,12,42,33,36,61,82,94,67,73,73,76,91,64,61,67,55,61,79,14,48,73,94,15,100,64,94,100,30,52,52,42,50,73,14,97,58,20,32,73,82,100,24,27,9,48,45,39,67,Serie A
Torino,7gnly6999wao1xarwct4p8fe9,ebgkv548xih19m8uza7bgrvmd,N. Vlašić,Nikola Vlasic,28,Midfielder,Croatia,Midfielder,58.0,0.0,82.0,1.0,140.0,8.0,2.0,4.0,7.0,15.0,1.0,0.0,428.0,4.0,2.0,1.0,0.0,6.0,3.0,3.0,3.0,0.0,2.0,12.0,0.0,0.0,86.42,50.0,0.0,50.0,33.33,34.09,53.33,100.0,0.448919763400373,0.134160823656425,4.0,9.0,0.23275393,6.0,9.0,11.0,0.21496857,49.0,12.19626168224299,0.0,17.242990654205606,0.2102803738317757,29.4392523364486,1.6822429906542056,0.4205607476635514,0.8411214953271028,1.47196261682243,3.154205607476636,0.2102803738317757,0.0,0.8411214953271028,0.4205607476635514,0.2102803738317757,0.0,1.2616822429906542,0.6308411214953271,0.6308411214953271,0.6308411214953271,0.0,0.4205607476635514,2.5233644859813085,0.0,0.0,86.42,50.0,0.0,50.0,33.33,34.09,53.33,100.0,0.0943990156683027,0.0282113881520519,0.8411214953271028,1.892523364485981,0.0489435834112149,1.2616822429906542,1.892523364485981,2.3130841121495327,0.0452036712616822,10.30373831775701,CM/AM,55,11,32,7,41,100,9,34,66,57,27,11,45,36,18,27,52,61,55,75,34,55,73,52,50,50,32,11,43,64,9,68,95,50,5,84,50,50,64,39,34,14,30,32,11,23,5,23,100,9,23,45,23,27,11,32,23,14,27,41,55,55,64,34,50,59,52,50,50,32,11,43,64,9,68,95,41,5,77,27,41,50,23,23,5,14,Serie A
Lecce,bi1fxjrncd0ram0oi7ja1jyuo,1lisq580zw4yfk6id6f1dwr56,Danilo Veiga,Danilo Filipe de Melo Veiga,23,Defender,Portugal,Defender,71.0,4.0,58.0,7.0,125.0,2.0,3.0,7.0,7.0,27.0,16.0,4.0,450.0,7.0,3.0,7.0,1.0,0.0,0.0,0.0,0.0,0.0,0.0,2.0,0.0,0.0,77.64,35.0,28.57,42.86,0.0,46.55,28.57,46.67,0.0,0.4472216926358166,0.0,3.0,0.07407997,1.0,10.0,16.0,0.8706834900000001,70.0,14.2,0.8,11.6,1.4,25.0,0.4,0.6,1.4,1.4,5.4,3.2,0.8,1.4,0.6,1.4,0.2,0.0,0.0,0.0,0.0,0.0,0.0,0.4,0.0,0.0,77.64,35.0,28.57,42.86,0.0,46.55,28.57,46.67,0.0,0.0894443385271633,0.0,0.6,0.0148159939999999,0.2,2.0,3.2,0.174136698,14.0,RB/RCB,37,88,25,69,35,31,52,87,87,94,83,63,96,71,85,81,8,12,37,40,44,33,13,44,52,12,35,81,40,33,27,12,23,8,81,37,23,23,21,33,71,85,44,27,85,19,65,15,23,44,73,73,88,65,48,92,62,73,71,8,12,37,40,44,33,8,44,52,12,35,81,40,33,27,12,23,8,69,37,19,19,17,19,60,73,17,Serie A
Lecce,bi1fxjrncd0ram0oi7ja1jyuo,1oszv53od5pulbhx566ht984q,A. Gallo,Antonino Gallo,26,Defender,Italy,Defender,32.0,1.0,33.0,8.0,64.0,4.0,2.0,1.0,1.0,11.0,16.0,1.0,315.0,0.0,0.0,6.0,0.0,1.0,0.0,1.0,0.0,0.0,0.0,1.0,1.0,0.0,64.0,34.78,25.0,0.0,0.0,57.89,40.0,85.71,0.0271513527309589,0.1923147165287996,1.0,2.0,0.03223626,1.0,11.0,10.0,0.37670036,37.0,9.142857142857142,0.2857142857142857,9.428571428571429,2.2857142857142856,18.285714285714285,1.1428571428571428,0.5714285714285714,0.2857142857142857,0.2857142857142857,3.142857142857143,4.571428571428571,0.2857142857142857,0.0,0.0,1.7142857142857142,0.0,0.2857142857142857,0.0,0.2857142857142857,0.0,0.0,0.0,0.2857142857142857,0.2857142857142857,0.0,64.0,34.78,25.0,0.0,0.0,57.89,40.0,85.71,0.0077575293517025,0.0549470618653713,0.2857142857142857,0.5714285714285714,0.00921036,0.2857142857142857,3.142857142857143,2.857142857142857,0.1076286742857143,10.571428571428571,LB/LCB,11,28,4,72,4,57,24,22,22,28,89,17,7,17,76,30,13,9,50,30,39,19,7,98,52,4,33,50,17,19,63,31,83,4,22,48,13,7,15,52,31,22,7,15,30,11,78,11,61,26,30,30,30,93,15,7,17,78,30,13,9,56,30,39,19,7,100,52,4,33,50,17,19,63,31,83,4,26,48,17,11,26,52,37,33,15,Serie A
Lecce,bi1fxjrncd0ram0oi7ja1jyuo,2izep8yz4gavm10cvf82py5pm,J. Siebert,Jamil Siebert,24,Defender,Germany,Defender,70.0,1.0,44.0,8.0,113.0,6.0,2.0,4.0,4.0,22.0,28.0,7.0,384.0,2.0,2.0,7.0,0.0,1.0,1.0,0.0,0.0,0.0,0.0,1.0,0.0,0.0,79.02,38.1,100.0,50.0,0.0,56.41,60.0,58.33,0.1339266596568692,0.2287102976752972,1.0,4.0,0.08963676,1.0,5.0,7.0,0.4291558799999997,71.0,16.40625,0.234375,10.3125,1.875,26.484375,1.40625,0.46875,0.9375,0.9375,5.15625,6.5625,1.640625,0.46875,0.46875,1.640625,0.0,0.234375,0.234375,0.0,0.0,0.0,0.0,0.234375,0.0,0.0,79.02,38.1,100.0,50.0,0.0,56.41,60.0,58.33,0.0313890608570787,0.0536039760176477,0.234375,0.9375,0.021008615625,0.234375,1.171875,1.640625,0.1005834093749999,16.640625,CB,23,97,48,62,24,42,77,100,100,68,88,73,52,92,91,44,26,29,45,44,47,32,17,50,52,9,27,97,71,32,42,52,47,36,88,91,82,82,64,44,55,85,33,18,94,30,55,18,33,82,97,97,67,85,64,58,100,88,44,24,24,45,44,47,32,15,50,52,9,27,97,71,32,42,52,47,33,88,94,79,79,61,39,48,94,27,Serie A
Lecce,bi1fxjrncd0ram0oi7ja1jyuo,4gnprufs4yyf7wq9mzmkmf622,N. Štulić,Nikola Stulic,25,Attacker,Serbia,Striker,17.0,0.0,24.0,0.0,41.0,5.0,1.0,1.0,1.0,8.0,2.0,0.0,261.0,2.0,0.0,1.0,0.0,5.0,4.0,1.0,1.0,0.0,2.0,12.0,0.0,0.0,80.39,0.0,0.0,0.0,40.0,33.33,41.67,100.0,0.4781581329688691,0.0288309221557159,2.0,2.0,0.06468513,0.0,0.0,0.0,0.07545756,9.0,5.862068965517242,0.0,8.275862068965518,0.0,14.13793103448276,1.7241379310344829,0.3448275862068966,0.3448275862068966,0.3448275862068966,2.7586206896551726,0.6896551724137931,0.0,0.6896551724137931,0.0,0.3448275862068966,0.0,1.7241379310344829,1.3793103448275863,0.3448275862068966,0.3448275862068966,0.0,0.6896551724137931,4.137931034482759,0.0,0.0,80.39,0.0,0.0,0.0,40.0,33.33,41.67,100.0,0.1648821148168514,0.0099416972950744,0.6896551724137931,0.6896551724137931,0.0223052172413793,0.0,0.0,0.0,0.026019848275862,3.103448275862069,ST,60,33,27,21,31,54,8,12,12,6,37,29,13,12,38,38,10,17,27,21,15,19,23,50,52,77,21,33,12,65,19,50,87,15,4,48,23,23,17,6,8,31,15,69,33,46,21,58,65,12,12,12,12,50,29,15,12,52,38,15,23,31,23,15,29,35,50,52,77,21,33,12,65,19,50,87,12,8,63,31,35,17,6,8,35,27,Serie A
Lecce,bi1fxjrncd0ram0oi7ja1jyuo,6udrxynn6611j9tjm258iu80k,Kialonda Gaspar,Esmevânio Kialonda Gaspar,28,Defender,Angola,Defender,117.0,0.0,32.0,2.0,149.0,6.0,0.0,0.0,0.0,23.0,26.0,2.0,336.0,4.0,0.0,7.0,0.0,2.0,2.0,0.0,0.0,0.0,2.0,3.0,0.0,0.0,89.22,15.38,0.0,0.0,100.0,69.7,60.0,53.85,0.2243932941346108,0.0,0.0,0.0,0.0,0.0,5.0,6.0,0.1929261599999999,105.0,31.339285714285715,0.0,8.571428571428571,0.5357142857142857,39.910714285714285,1.6071428571428572,0.0,0.0,0.0,6.160714285714286,6.964285714285714,0.5357142857142857,1.0714285714285714,0.0,1.875,0.0,0.5357142857142857,0.5357142857142857,0.0,0.0,0.0,0.5357142857142857,0.8035714285714286,0.0,0.0,89.22,15.38,0.0,0.0,100.0,69.7,60.0,53.85,0.0601053466431993,0.0,0.0,0.0,0.0,0.0,1.3392857142857142,1.6071428571428572,0.0516766499999999,28.125,CB,44,47,23,3,39,42,18,27,26,76,82,9,86,33,91,44,48,55,45,44,47,89,44,50,52,30,3,47,33,97,82,52,27,45,21,44,20,20,27,44,41,39,55,45,47,15,3,27,45,18,27,26,85,88,9,85,33,94,44,48,58,45,44,47,94,45,50,52,30,3,47,33,97,82,52,27,52,21,44,20,20,27,42,45,39,55,Serie A
Lecce,bi1fxjrncd0ram0oi7ja1jyuo,7hwj9pf9roe74jifvuhiu6n6x,I. Ilić,Ivan Ilic,25,Midfielder,Serbia,Midfielder,64.0,2.0,63.0,10.0,125.0,0.0,3.0,3.0,4.0,5.0,3.0,2.0,220.0,1.0,1.0,1.0,2.0,2.0,1.0,1.0,0.0,0.0,0.0,1.0,0.0,0.0,89.29,83.33,22.22,33.33,0.0,35.71,0.0,33.33,0.1025931194400255,0.3719426966349429,0.0,3.0,0.05553013,1.0,12.0,12.0,0.25244616,72.0,26.18181818181818,0.8181818181818181,25.77272727272727,4.090909090909091,51.13636363636363,0.0,1.227272727272727,1.227272727272727,1.6363636363636362,2.0454545454545454,1.227272727272727,0.8181818181818181,0.409090909090909,0.409090909090909,0.409090909090909,0.8181818181818181,0.8181818181818181,0.409090909090909,0.409090909090909,0.0,0.0,0.0,0.409090909090909,0.0,0.0,89.29,83.33,22.22,33.33,0.0,35.71,0.0,33.33,0.0419699124981922,0.152158375896113,0.0,1.227272727272727,0.0227168713636363,0.409090909090909,4.909090909090908,4.909090909090908,0.103273429090909,29.454545454545453,DM/CM,30,80,36,85,30,12,50,44,56,5,33,32,17,41,11,97,30,47,33,24,41,23,17,52,52,61,95,61,44,23,6,20,21,12,73,17,26,18,12,42,56,45,39,79,91,61,97,67,12,70,67,88,9,58,45,24,55,18,100,39,64,48,24,41,23,21,52,52,61,95,61,44,23,6,20,21,24,91,17,39,39,21,73,70,61,76,Serie A
Lecce,bi1fxjrncd0ram0oi7ja1jyuo,7pg1pu4ptby6hi0rp29hv4jxl,L. Coulibaly,Lassana Coulibaly,30,Midfielder,Mali,Midfielder,71.0,0.0,71.0,1.0,142.0,6.0,5.0,8.0,8.0,27.0,4.0,3.0,450.0,11.0,3.0,2.0,1.0,6.0,6.0,0.0,1.0,2.0,3.0,9.0,0.0,0.0,83.04,11.11,0.0,37.5,50.0,54.0,75.0,28.57,0.7738851823734815,0.2323839890465649,0.0,5.0,0.09877226,2.0,16.0,14.0,0.24679105,64.0,14.2,0.0,14.2,0.2,28.4,1.2,1.0,1.6,1.6,5.4,0.8,0.6,2.2,0.6,0.4,0.2,1.2,1.2,0.0,0.2,0.4,0.6,1.8,0.0,0.0,83.04,11.11,0.0,37.5,50.0,54.0,75.0,28.57,0.1547770364746963,0.0464767978093129,0.0,1.0,0.019754452,0.4,3.2,2.8,0.04935821,12.8,DM/CM,39,27,39,12,33,91,76,94,94,97,53,45,95,83,27,76,83,95,11,58,98,92,89,52,52,15,9,27,52,80,61,95,15,91,55,17,45,45,30,65,68,39,36,15,27,21,9,12,85,61,88,85,82,27,33,85,74,15,61,64,91,11,48,97,91,82,52,52,15,9,27,52,80,61,95,15,85,45,17,27,24,18,39,48,21,18,Serie A
Lecce,bi1fxjrncd0ram0oi7ja1jyuo,8oor1m6o9js5bby3qh5imf8d0,J. Monteiro,Joël Monteiro,27,Attacker,Switzerland,Striker,12.0,0.0,20.0,4.0,32.0,8.0,1.0,15.0,16.0,23.0,4.0,1.0,210.0,0.0,7.0,4.0,0.0,2.0,0.0,2.0,1.0,0.0,0.0,3.0,0.0,0.0,71.11,100.0,0.0,46.67,0.0,47.92,57.14,50.0,0.1409838259374045,0.0639321889254669,2.0,2.0,0.0462665899999999,0.0,1.0,6.0,0.10986229,10.0,5.142857142857142,0.0,8.571428571428571,1.7142857142857142,13.714285714285714,3.4285714285714284,0.4285714285714285,6.428571428571428,6.857142857142857,9.857142857142856,1.7142857142857142,0.4285714285714285,0.0,3.0,1.7142857142857142,0.0,0.8571428571428571,0.0,0.8571428571428571,0.4285714285714285,0.0,0.0,1.2857142857142856,0.0,0.0,71.11,100.0,0.0,46.67,0.0,47.92,57.14,50.0,0.060421639687459,0.0273995095394858,0.8571428571428571,0.8571428571428571,0.0198285385714285,0.0,0.4285714285714285,2.571428571428571,0.0470838385714285,4.285714285714286,LW,23,23,9,77,9,100,27,82,82,91,100,64,9,68,82,41,9,9,32,32,36,9,9,55,55,27,95,23,36,9,73,100,45,9,18,23,23,18,9,9,50,18,9,36,23,27,91,27,100,36,100,100,100,100,73,9,91,100,41,9,9,45,36,36,9,9,55,55,27,95,23,36,9,73,100,45,9,18,36,27,27,9,18,55,18,27,Serie A
Lecce,bi1fxjrncd0ram0oi7ja1jyuo,d9sakxlp96siw0z1jltszdlgp,Y. Maleh,Youssef Maleh,28,Midfielder,Morocco,Midfielder,45.0,2.0,47.0,1.0,90.0,0.0,2.0,3.0,3.0,9.0,2.0,4.0,253.0,3.0,0.0,4.0,0.0,4.0,2.0,2.0,1.0,0.0,1.0,5.0,0.0,0.0,87.38,33.33,22.22,0.0,25.0,39.13,0.0,66.67,0.3360467173354576,0.2092751059324258,1.0,4.0,0.12725099,2.0,7.0,1.0,0.2957548799999999,32.0,16.007905138339922,0.7114624505928854,16.71936758893281,0.3557312252964427,32.015810276679844,0.0,0.7114624505928854,1.067193675889328,1.067193675889328,3.2015810276679844,0.7114624505928854,1.4229249011857708,1.067193675889328,0.0,1.4229249011857708,0.0,1.4229249011857708,0.7114624505928854,0.7114624505928854,0.3557312252964427,0.0,0.3557312252964427,1.7786561264822136,0.0,0.0,87.38,33.33,22.22,0.0,25.0,39.13,0.0,66.67,0.1195423105145896,0.0744456898573846,0.3557312252964427,1.4229249011857708,0.0452671505928853,0.7114624505928854,2.490118577075099,0.3557312252964427,0.1052092458498023,11.383399209486166,LM/LCM,83,50,17,25,33,25,33,17,17,17,50,83,17,17,58,33,50,50,50,33,33,50,17,58,58,67,25,83,17,50,17,25,50,50,33,50,33,33,25,50,17,33,33,83,67,50,33,67,25,50,33,33,17,50,83,33,17,67,33,50,67,50,50,33,50,67,58,58,67,25,83,17,50,17,25,50,50,50,67,33,33,33,67,17,33,50,Serie A
Lecce,bi1fxjrncd0ram0oi7ja1jyuo,dfsb8uzowi737si30le6gjaxg,Tiago Gabriel,Tiago Gabriel Coelho Oliveira,21,Defender,Portugal,Defender,86.0,0.0,32.0,4.0,118.0,8.0,0.0,0.0,0.0,18.0,16.0,3.0,241.0,3.0,0.0,6.0,0.0,2.0,2.0,0.0,0.0,2.0,2.0,2.0,0.0,0.0,92.91,50.0,0.0,0.0,100.0,75.0,80.0,85.71,0.3445083302214193,0.0,0.0,2.0,0.04813761,2.0,4.0,6.0,0.16020678,75.0,32.11618257261411,0.0,11.950207468879668,1.4937759336099583,44.066390041493776,2.987551867219917,0.0,0.0,0.0,6.721991701244813,5.975103734439834,1.120331950207469,1.120331950207469,0.0,2.240663900414938,0.0,0.7468879668049793,0.7468879668049793,0.0,0.0,0.7468879668049793,0.7468879668049793,0.7468879668049793,0.0,0.0,92.91,50.0,0.0,0.0,100.0,75.0,80.0,85.71,0.1286545631532271,0.0,0.0,0.7468879668049793,0.0179767008298755,0.7468879668049793,1.4937759336099583,2.240663900414938,0.0598282580912863,28.00829875518673,CB,30,47,23,30,27,56,18,27,26,50,33,23,68,33,73,44,48,55,45,44,98,89,29,50,52,61,45,47,33,97,97,91,82,67,21,44,67,70,80,32,41,27,36,52,47,42,42,39,82,18,27,26,94,76,48,88,33,97,44,58,64,45,44,100,100,36,50,52,61,45,47,33,97,97,91,82,88,21,44,73,76,88,52,70,42,52,Serie A
Lecce,bi1fxjrncd0ram0oi7ja1jyuo,dy4p5raczhbmglfsu8n4xcdwq,S. Pierotti,Santiago Pierotti,25,Attacker,Argentina,Striker,37.0,0.0,44.0,2.0,81.0,7.0,2.0,13.0,13.0,25.0,4.0,2.0,370.0,1.0,5.0,7.0,0.0,3.0,1.0,2.0,0.0,0.0,2.0,6.0,0.0,0.0,81.0,100.0,0.0,38.46,66.67,43.1,53.85,58.33,0.3785963374462989,0.0835572102274915,2.0,7.0,0.17426552,4.0,8.0,4.0,0.2987922399999999,38.0,9.0,0.0,10.702702702702704,0.4864864864864865,19.702702702702705,1.7027027027027029,0.4864864864864865,3.1621621621621623,3.1621621621621623,6.081081081081082,0.972972972972973,0.4864864864864865,0.2432432432432432,1.2162162162162162,1.7027027027027029,0.0,0.7297297297297298,0.2432432432432432,0.4864864864864865,0.0,0.0,0.4864864864864865,1.4594594594594597,0.0,0.0,81.0,100.0,0.0,38.46,66.67,43.1,53.85,58.33,0.092091001000451,0.0203247268120925,0.4864864864864865,1.7027027027027029,0.0423889102702702,0.972972972972973,1.945945945945946,0.972972972972973,0.0726791935135134,9.243243243243244,RW,75,17,17,29,33,100,12,54,54,92,100,58,12,50,100,29,21,8,46,8,25,29,17,50,54,42,96,17,33,88,42,83,58,17,8,25,21,25,54,62,8,25,46,67,17,17,25,17,100,8,42,42,83,100,58,17,42,100,29,17,8,50,8,25,25,17,50,54,42,96,17,33,88,42,83,58,17,8,17,17,17,50,58,8,17,42,Serie A
Lecce,bi1fxjrncd0ram0oi7ja1jyuo,eorgs50x6dss1dzy86fvb97o4,O. Ngom,Oumar Ngom,22,Midfielder,Mauritania,Midfielder,53.0,0.0,46.0,8.0,99.0,1.0,3.0,1.0,1.0,13.0,2.0,4.0,251.0,0.0,1.0,9.0,0.0,4.0,0.0,4.0,2.0,0.0,1.0,0.0,0.0,0.0,77.95,53.33,0.0,100.0,25.0,54.17,0.0,81.82,0.220770163966527,0.0712055847392195,3.0,7.0,0.14144061,1.0,18.0,11.0,0.1654526099999999,54.0,19.003984063745023,0.0,16.49402390438247,2.8685258964143427,35.49800796812749,0.3585657370517928,1.0756972111553786,0.3585657370517928,0.3585657370517928,4.661354581673307,0.7171314741035857,1.4342629482071714,0.0,0.3585657370517928,3.227091633466136,0.0,1.4342629482071714,0.0,1.4342629482071714,0.7171314741035857,0.0,0.3585657370517928,0.0,0.0,0.0,77.95,53.33,0.0,100.0,25.0,54.17,0.0,81.82,0.0791606165617029,0.0255318829742221,1.0756972111553786,2.50996015936255,0.0507157565737051,0.3585657370517928,6.454183266932271,3.944223107569721,0.0593256370517927,19.362549800796813,DM/CM,21,27,18,73,20,38,50,17,15,38,15,64,5,41,94,30,53,15,82,77,41,62,8,52,52,6,61,27,98,64,65,20,92,39,15,74,53,52,12,70,48,12,24,33,27,27,79,33,52,67,21,18,64,21,79,5,45,100,30,73,15,94,88,41,70,8,52,52,6,61,27,98,64,65,20,92,61,21,94,73,67,12,82,64,30,36,Serie A
Sassuolo,6tuibxq39fdryu8ou06wcm0q3,27xj7me8icr5ptta7kwx0kfs9,A. Laurienté,Armand Laurienté,27,Attacker,France,Striker,45.0,4.0,119.0,4.0,160.0,1.0,7.0,21.0,21.0,16.0,0.0,0.0,450.0,5.0,8.0,0.0,1.0,19.0,11.0,8.0,7.0,0.0,5.0,26.0,0.0,0.0,89.39,57.14,21.05,38.1,26.32,42.11,50.0,0.0,1.4897357248451677,0.8057435902510184,12.0,27.0,0.7978799000000001,7.0,18.0,27.0,0.965438,85.0,9.0,0.8,23.8,0.8,32.0,0.2,1.4,4.2,4.2,3.2,0.0,0.0,1.0,1.6,0.0,0.2,3.8,2.2,1.6,1.4,0.0,1.0,5.2,0.0,0.0,89.39,57.14,21.05,38.1,26.32,42.11,50.0,0.0,0.2979471449690335,0.1611487180502036,2.4,5.4,0.15957598,1.4,3.6,5.4,0.1930876,17.0,LW,100,95,100,77,100,41,82,91,91,27,23,27,41,86,14,91,100,91,100,100,36,86,86,55,55,100,55,64,27,27,27,77,14,100,82,100,100,100,86,100,100,100,100,91,91,91,45,91,36,73,73,64,18,23,27,27,36,14,82,82,64,82,100,36,45,45,55,55,100,55,64,27,27,27,77,14,82,73,91,91,91,73,91,91,91,91,Serie A
Sassuolo,6tuibxq39fdryu8ou06wcm0q3,7b0vbfxlv3uiozb19fcj2vsyy,F. Leysen,Fedde Leysen,23,Defender,Belgium,Defender,148.0,0.0,43.0,6.0,191.0,12.0,1.0,0.0,0.0,22.0,14.0,4.0,376.0,1.0,0.0,6.0,1.0,2.0,2.0,0.0,0.0,0.0,0.0,3.0,0.0,0.0,90.95,35.29,0.0,0.0,0.0,59.46,66.67,66.67,0.2466735999143943,0.0812720181236221,0.0,1.0,0.01935132,0.0,2.0,6.0,0.18984812,100.0,35.42553191489362,0.0,10.29255319148936,1.4361702127659577,45.71808510638298,2.872340425531915,0.2393617021276595,0.0,0.0,5.26595744680851,3.351063829787234,0.9574468085106382,0.2393617021276595,0.0,1.4361702127659577,0.2393617021276595,0.4787234042553191,0.4787234042553191,0.0,0.0,0.0,0.0,0.7180851063829787,0.0,0.0,90.95,35.29,0.0,0.0,0.0,59.46,66.67,66.67,0.0590442127454667,0.0194534085934201,0.0,0.2393617021276595,0.004631964893617,0.0,0.4787234042553191,1.4361702127659577,0.0454423691489361,23.936170212765955,CB,56,47,45,45,55,76,50,27,26,68,24,38,27,33,73,94,48,55,45,44,47,32,44,50,52,48,24,47,33,32,55,74,65,52,61,44,48,44,27,20,41,36,52,58,47,27,39,48,76,52,27,26,70,9,27,24,33,79,97,42,52,45,44,47,32,33,50,52,48,24,47,33,32,55,74,65,42,58,44,52,48,27,18,30,24,39,Serie A
Sassuolo,6tuibxq39fdryu8ou06wcm0q3,7nfr8xuo637qma7ovxx4r9fmy,J. Idzes,Jay Idzes,26,Defender,Indonesia,Defender,74.0,0.0,18.0,3.0,92.0,2.0,1.0,1.0,1.0,6.0,11.0,2.0,261.0,3.0,1.0,0.0,0.0,1.0,1.0,0.0,0.0,0.0,0.0,4.0,1.0,0.0,90.2,27.27,0.0,100.0,0.0,46.15,50.0,0.0,0.1382058432203663,0.0,0.0,1.0,0.01935132,0.0,6.0,5.0,0.11924693,51.0,25.517241379310345,0.0,6.206896551724138,1.0344827586206895,31.724137931034484,0.6896551724137931,0.3448275862068966,0.3448275862068966,0.3448275862068966,2.0689655172413794,3.793103448275862,0.6896551724137931,1.0344827586206895,0.3448275862068966,0.0,0.0,0.3448275862068966,0.3448275862068966,0.0,0.0,0.0,0.0,1.3793103448275863,0.3448275862068966,0.0,90.2,27.27,0.0,100.0,0.0,46.15,50.0,0.0,0.0476571873173676,0.0,0.0,0.3448275862068966,0.0066728689655172,0.0,2.0689655172413794,1.7241379310344829,0.0411196310344827,17.586206896551726,RB/RCB,44,21,4,29,12,31,17,13,12,4,54,21,48,29,4,35,37,44,37,40,44,33,40,94,52,85,19,21,90,33,19,42,4,50,8,37,8,4,8,12,8,8,15,77,21,4,54,31,42,23,19,15,4,88,42,73,42,4,35,50,58,37,40,44,33,46,100,52,85,19,21,90,33,19,42,4,58,8,37,8,8,8,27,8,8,38,Serie A
Sassuolo,6tuibxq39fdryu8ou06wcm0q3,7pirs3v9u80j5qy71cmhzbxn8,V. Adžić,Vasilije Adzic,20,Midfielder,Montenegro,Midfielder,27.0,3.0,53.0,3.0,77.0,3.0,12.0,5.0,5.0,12.0,3.0,1.0,221.0,1.0,2.0,5.0,1.0,11.0,7.0,4.0,5.0,3.0,5.0,16.0,0.0,1.0,86.52,60.0,42.86,40.0,45.45,41.38,75.0,83.33,1.1644149942365527,0.9463003151968196,2.0,5.0,0.11042083,4.0,5.0,8.0,0.24047985,28.0,10.995475113122172,1.2217194570135743,21.583710407239817,1.2217194570135743,31.35746606334841,1.2217194570135743,4.886877828054298,2.0361990950226243,2.0361990950226243,4.886877828054298,1.2217194570135743,0.4072398190045249,0.4072398190045249,0.8144796380090498,2.0361990950226243,0.4072398190045249,4.479638009049774,2.850678733031674,1.6289592760180995,2.0361990950226243,1.2217194570135743,2.0361990950226243,6.515837104072398,0.0,0.4072398190045249,86.52,60.0,42.86,40.0,45.45,41.38,75.0,83.33,0.4741961514990486,0.3853711690846776,0.8144796380090498,2.0361990950226243,0.0449677588235294,1.6289592760180995,2.0361990950226243,3.257918552036199,0.0979329705882352,11.402714932126695,CM/AM,9,52,18,20,14,80,89,45,41,34,59,27,9,36,77,75,86,86,68,89,98,95,77,52,100,55,57,68,36,86,34,98,82,91,77,50,14,14,43,9,18,18,9,23,59,36,23,32,93,100,73,73,86,73,32,18,52,100,91,95,95,84,95,100,100,95,52,100,55,57,68,36,86,34,98,82,100,95,70,32,27,59,32,36,27,18,Serie A
Sassuolo,6tuibxq39fdryu8ou06wcm0q3,7uf7y7xa6hy3gieetcte3td2i,J. Doig,Josh Doig,24,Defender,Scotland,Defender,72.0,3.0,66.0,2.0,135.0,3.0,5.0,3.0,3.0,13.0,15.0,6.0,411.0,3.0,0.0,5.0,0.0,4.0,2.0,2.0,2.0,1.0,1.0,8.0,0.0,0.0,88.82,25.0,37.5,0.0,25.0,46.43,0.0,71.43,0.2306117371886767,0.4408585836681143,2.0,5.0,0.1233632599999999,5.0,16.0,14.0,0.5829206100000001,70.0,15.766423357664234,0.6569343065693432,14.452554744525548,0.437956204379562,29.56204379562044,0.6569343065693432,1.094890510948905,0.6569343065693432,0.6569343065693432,2.8467153284671536,3.2846715328467155,1.3138686131386863,0.6569343065693432,0.0,1.094890510948905,0.0,0.8759124087591241,0.437956204379562,0.437956204379562,0.437956204379562,0.218978102189781,0.218978102189781,1.7518248175182485,0.0,0.0,88.82,25.0,37.5,0.0,25.0,46.43,0.0,71.43,0.0504989205522649,0.0965383759857184,0.437956204379562,1.094890510948905,0.0270138525547445,1.094890510948905,3.5036496350364965,3.0656934306569346,0.1276468489051095,15.328467153284672,LB/LCB,54,67,48,13,41,39,56,50,50,33,83,91,65,17,67,30,72,54,74,85,87,54,69,48,52,81,15,74,17,41,26,6,57,52,59,76,44,48,80,67,61,48,44,41,59,30,7,22,33,48,41,41,26,81,81,59,17,59,30,67,52,70,85,85,44,63,48,52,81,15,74,17,41,26,6,57,41,48,74,37,37,67,59,44,37,30,Serie A
Sassuolo,6tuibxq39fdryu8ou06wcm0q3,atuelrskb8akyh9076gar89p0,S. Cinquegrano,Simone Cinquegrano,22,Midfielder,Italy,Midfielder,55.0,1.0,85.0,6.0,139.0,4.0,2.0,6.0,6.0,16.0,19.0,4.0,450.0,3.0,3.0,5.0,0.0,6.0,5.0,1.0,1.0,0.0,2.0,7.0,0.0,0.0,84.76,66.67,9.09,50.0,33.33,53.33,80.0,83.33,0.5342985821924324,0.158561687528292,1.0,7.0,0.1621734,5.0,22.0,14.0,0.3644188299999998,62.0,11.0,0.2,17.0,1.2,27.8,0.8,0.4,1.2,1.2,3.2,3.8,0.8,0.6,0.6,1.0,0.0,1.2,1.0,0.2,0.2,0.0,0.4,1.4,0.0,0.0,84.76,66.67,9.09,50.0,33.33,53.33,80.0,83.33,0.1068597164384864,0.0317123375056584,0.2,1.4,0.03243468,1.0,4.4,2.8,0.0728837659999999,12.4,RM/RCM,94,38,38,88,62,81,12,69,69,88,100,75,81,75,94,38,69,88,31,38,44,75,44,56,56,38,75,25,88,62,100,100,81,62,12,44,44,25,75,100,75,62,50,38,25,25,88,25,50,12,44,44,50,100,62,50,50,62,38,50,50,19,25,44,69,25,56,56,38,75,25,88,62,100,100,81,50,12,25,25,25,62,75,56,50,25,Serie A
Sassuolo,6tuibxq39fdryu8ou06wcm0q3,c5a7z6vphv9tp9ddid5jnrnx1,N. Matić,Nemanja Matic,38,Midfielder,Serbia,Midfielder,104.0,2.0,132.0,14.0,234.0,0.0,7.0,10.0,10.0,19.0,9.0,5.0,397.0,1.0,8.0,6.0,1.0,4.0,0.0,4.0,2.0,0.0,0.0,6.0,0.0,0.0,87.64,63.64,66.67,80.0,0.0,61.29,0.0,60.0,0.1965309564197552,0.5761645605062369,3.0,10.0,0.2220024199999999,4.0,24.0,24.0,0.8715494400000001,147.0,23.57682619647355,0.4534005037783375,29.924433249370274,3.1738035264483626,53.04785894206549,0.0,1.5869017632241813,2.267002518891688,2.267002518891688,4.307304785894206,2.040302267002519,1.1335012594458438,0.2267002518891687,1.81360201511335,1.3602015113350123,0.2267002518891687,0.906801007556675,0.0,0.906801007556675,0.4534005037783375,0.0,0.0,1.3602015113350123,0.0,0.0,87.64,63.64,66.67,80.0,0.0,61.29,0.0,60.0,0.0445536173243777,0.1306166509963761,0.6801007556675063,2.267002518891688,0.050328004534005,0.906801007556675,5.44080604534005,5.44080604534005,0.197580477581864,33.324937027707804,DM/CM,76,80,85,92,82,12,97,100,100,73,79,77,17,100,76,76,53,15,82,77,41,23,76,52,52,36,71,94,94,23,85,20,52,33,97,74,71,70,70,83,85,97,85,55,76,79,85,76,12,88,94,94,52,76,67,12,97,70,64,48,15,76,73,41,23,67,52,52,36,71,94,94,23,85,20,52,30,85,67,64,61,64,76,76,88,82,Serie A
Sassuolo,6tuibxq39fdryu8ou06wcm0q3,cc04mat3snly9oe4bt7xaeooa,K. Thorstvedt,Kristian Thorstvedt,27,Midfielder,Norway,Midfielder,51.0,0.0,71.0,5.0,122.0,3.0,2.0,2.0,2.0,16.0,0.0,2.0,221.0,9.0,2.0,1.0,0.0,7.0,3.0,4.0,3.0,0.0,3.0,8.0,0.0,0.0,90.37,83.33,0.0,100.0,42.86,66.67,75.0,50.0,0.6307358971145383,0.1639401647899627,2.0,6.0,0.1388973099999998,5.0,10.0,10.0,0.26009038,43.0,20.769230769230766,0.0,28.914027149321264,2.0361990950226243,49.68325791855203,1.2217194570135743,0.8144796380090498,0.8144796380090498,0.8144796380090498,6.515837104072398,0.0,0.8144796380090498,3.665158371040724,0.8144796380090498,0.4072398190045249,0.0,2.850678733031674,1.2217194570135743,1.6289592760180995,1.2217194570135743,0.0,1.2217194570135743,3.257918552036199,0.0,0.0,90.37,83.33,0.0,100.0,42.86,66.67,75.0,50.0,0.2568607725805811,0.0667629630366364,0.8144796380090498,2.443438914027149,0.0565645153846153,2.0361990950226243,4.072398190045249,4.072398190045249,0.1059191592760181,17.51131221719457,CM/AM,45,11,27,36,27,80,9,16,16,64,14,45,93,36,18,27,59,61,68,75,34,73,61,52,50,77,95,11,95,82,100,98,39,68,18,50,20,27,55,45,27,23,23,77,11,59,73,68,93,23,18,18,95,14,64,100,52,27,27,82,73,84,86,34,95,73,52,50,77,95,11,95,82,100,98,39,86,18,70,45,45,73,59,55,36,41,Serie A
Sassuolo,6tuibxq39fdryu8ou06wcm0q3,ccczt6xl3hftl0qkn0txhi5pm,K. Bowie,Kieron Bowie,24,Attacker,Scotland,Striker,17.0,0.0,27.0,0.0,44.0,2.0,8.0,1.0,1.0,11.0,2.0,1.0,295.0,6.0,0.0,1.0,0.0,9.0,8.0,1.0,2.0,1.0,3.0,17.0,0.0,0.0,81.48,0.0,0.0,0.0,33.33,47.83,28.57,33.33,1.0626815029907468,0.6433949501901415,1.0,2.0,0.06479232,1.0,1.0,2.0,0.19395853,16.0,5.186440677966102,0.0,8.23728813559322,0.0,13.423728813559322,0.6101694915254238,2.440677966101695,0.3050847457627119,0.3050847457627119,3.3559322033898304,0.6101694915254238,0.3050847457627119,1.8305084745762712,0.0,0.3050847457627119,0.0,2.745762711864407,2.440677966101695,0.3050847457627119,0.6101694915254238,0.3050847457627119,0.9152542372881356,5.186440677966102,0.0,0.0,81.48,0.0,0.0,0.0,33.33,47.83,28.57,33.33,0.3242079161666685,0.196289984803772,0.3050847457627119,0.6101694915254238,0.0197671484745762,0.3050847457627119,0.3050847457627119,0.6101694915254238,0.0591737888135593,4.88135593220339,ST,60,33,33,21,38,19,96,12,12,17,37,69,48,12,38,38,38,56,27,44,44,40,46,50,52,88,21,33,12,40,73,31,29,38,96,19,23,27,44,17,31,50,40,62,33,38,21,50,19,100,8,8,19,38,77,58,12,42,38,54,65,27,58,50,46,65,50,52,88,21,33,12,40,73,31,29,62,100,23,27,27,46,19,38,62,54,Serie A
Sassuolo,6tuibxq39fdryu8ou06wcm0q3,exqldi3zpsfhvhhvphmpw1ez8,D. Bakola,Darryl Bakola,18,Midfielder,France,Midfielder,80.0,2.0,86.0,9.0,164.0,1.0,6.0,8.0,8.0,25.0,1.0,1.0,297.0,5.0,5.0,9.0,1.0,2.0,1.0,1.0,0.0,0.0,1.0,5.0,0.0,0.0,88.17,81.82,40.0,62.5,50.0,62.5,50.0,64.29,0.1682324964601724,0.5342634665631941,2.0,12.0,0.28536917,3.0,16.0,14.0,0.6611718300000001,89.0,24.24242424242424,0.6060606060606061,26.060606060606062,2.7272727272727275,49.6969696969697,0.303030303030303,1.8181818181818183,2.4242424242424243,2.4242424242424243,7.575757575757576,0.303030303030303,0.303030303030303,1.5151515151515151,1.5151515151515151,2.7272727272727275,0.303030303030303,0.6060606060606061,0.303030303030303,0.303030303030303,0.0,0.0,0.303030303030303,1.5151515151515151,0.0,0.0,88.17,81.82,40.0,62.5,50.0,62.5,50.0,64.29,0.0509795443818704,0.1618980201706649,0.6060606060606061,3.6363636363636367,0.086475506060606,0.9090909090909092,4.848484848484849,4.242424242424242,0.2003551,26.96969696969697,DM/CM,48,80,52,77,45,38,89,94,94,91,5,17,65,94,94,76,30,47,33,24,41,62,65,52,52,48,88,79,85,80,89,68,58,27,94,61,82,82,50,65,68,85,50,67,85,64,76,64,42,94,97,97,100,6,21,73,94,94,76,30,52,33,24,41,61,76,52,52,48,88,79,85,80,89,68,58,36,94,61,94,94,67,70,67,91,64,Serie A
Sassuolo,6tuibxq39fdryu8ou06wcm0q3,m030tubgf3zpgf0axzm7z26t,D. Berardi,Domenico Berardi,32,Attacker,Italy,Striker,31.0,3.0,48.0,5.0,76.0,1.0,4.0,2.0,3.0,11.0,0.0,3.0,213.0,5.0,0.0,3.0,0.0,9.0,5.0,4.0,1.0,1.0,7.0,11.0,0.0,0.0,83.52,62.5,30.0,0.0,77.78,50.0,33.33,60.0,0.7793375727862999,0.3756639235011846,3.0,7.0,0.16450953,2.0,4.0,5.0,0.21872854,25.0,13.098591549295774,1.267605633802817,20.281690140845072,2.112676056338028,32.112676056338024,0.4225352112676056,1.6901408450704225,0.8450704225352113,1.267605633802817,4.647887323943662,0.0,1.267605633802817,2.112676056338028,0.0,1.267605633802817,0.0,3.8028169014084505,2.112676056338028,1.6901408450704225,0.4225352112676056,0.4225352112676056,2.9577464788732395,4.647887323943662,0.0,0.0,83.52,62.5,30.0,0.0,77.78,50.0,33.33,60.0,0.3292975659660422,0.1587312352821906,1.267605633802817,2.9577464788732395,0.0695110690140845,0.8450704225352113,1.6901408450704225,2.112676056338028,0.0924205098591549,10.56338028169014,RW,54,38,25,67,25,42,25,8,12,12,21,83,58,8,75,29,58,54,62,33,67,92,42,50,54,50,50,67,8,100,75,54,67,58,25,46,21,17,29,8,17,17,17,83,58,50,75,58,58,42,17,17,50,21,100,83,8,92,29,83,75,92,50,83,100,67,50,54,50,50,67,8,100,75,54,67,83,33,67,33,33,42,42,25,25,58,Serie A
Udinese,dxq76zcvnokq07cszdx0i6kve,16kv5p8we3pwqpt5ktwrb7mj9,M. Vojvoda,Mërgim Vojvoda,31,Defender,Kosovo,Defender,79.0,1.0,116.0,14.0,194.0,1.0,8.0,6.0,6.0,18.0,6.0,4.0,429.0,5.0,3.0,4.0,0.0,3.0,3.0,0.0,0.0,0.0,0.0,8.0,0.0,0.0,81.51,45.16,5.56,50.0,0.0,69.23,50.0,44.44,0.268048712259305,0.7177414779319169,0.0,17.0,0.3923055199999999,7.0,24.0,28.0,1.06806663,97.0,16.573426573426573,0.2097902097902098,24.335664335664337,2.937062937062937,40.6993006993007,0.2097902097902098,1.6783216783216783,1.2587412587412588,1.2587412587412588,3.776223776223776,1.2587412587412588,0.8391608391608392,1.048951048951049,0.6293706293706294,0.8391608391608392,0.0,0.6293706293706294,0.6293706293706294,0.0,0.0,0.0,0.0,1.6783216783216783,0.0,0.0,81.51,45.16,5.56,50.0,0.0,69.23,50.0,44.44,0.0562339955788751,0.150575135230472,0.0,3.5664335664335667,0.0823018573426573,1.4685314685314683,5.034965034965035,5.874125874125874,0.2240699223776223,20.34965034965035,RB/RCB,58,54,85,96,73,13,94,75,71,65,23,63,83,71,40,35,69,81,37,40,44,33,65,44,52,23,58,42,48,33,96,42,19,69,88,37,92,85,88,88,94,96,69,38,54,85,92,58,12,92,65,62,46,12,62,81,69,31,35,65,77,37,40,44,33,58,44,52,23,58,42,48,33,96,42,19,65,88,37,88,85,81,85,92,96,58,Serie A
Udinese,dxq76zcvnokq07cszdx0i6kve,5ljs2bj3wwiurcyxiwka2i8d1,C. Kabasele,Christian Kabasele,35,Defender,Belgium,Defender,60.0,0.0,35.0,3.0,95.0,4.0,0.0,0.0,0.0,10.0,12.0,2.0,213.0,4.0,0.0,2.0,0.0,2.0,2.0,0.0,0.0,0.0,1.0,3.0,0.0,0.0,95.96,60.0,0.0,0.0,50.0,66.67,57.14,100.0,0.2944076145918516,0.0,0.0,0.0,0.0,0.0,2.0,1.0,0.1711743999999999,77.0,25.352112676056336,0.0,14.788732394366196,1.267605633802817,40.140845070422536,1.6901408450704225,0.0,0.0,0.0,4.225352112676056,5.070422535211268,0.8450704225352113,1.6901408450704225,0.0,0.8450704225352113,0.0,0.8450704225352113,0.8450704225352113,0.0,0.0,0.0,0.4225352112676056,1.267605633802817,0.0,0.0,95.96,60.0,0.0,0.0,50.0,66.67,57.14,100.0,0.1243975836303598,0.0,0.0,0.0,0.0,0.0,0.8450704225352113,0.4225352112676056,0.0723272112676055,32.53521126760563,CB,15,47,29,15,18,23,18,27,26,18,18,9,86,33,18,44,48,55,45,44,47,71,44,50,52,97,74,47,33,80,74,42,92,55,21,44,20,20,27,20,15,30,42,27,47,64,30,30,52,18,27,26,48,55,21,100,33,33,44,80,83,45,44,47,89,73,50,52,97,74,47,33,80,74,42,92,85,21,44,20,20,27,24,15,61,67,Serie A
Udinese,dxq76zcvnokq07cszdx0i6kve,8e4wkgb71btkez592um5vts0k,J. Abankwah,James Abankwah,22,Defender,Republic of Ireland,Defender,108.0,0.0,74.0,11.0,182.0,5.0,2.0,1.0,1.0,17.0,16.0,4.0,436.0,5.0,1.0,5.0,0.0,2.0,2.0,0.0,0.0,1.0,1.0,3.0,1.0,0.0,89.66,55.0,0.0,100.0,50.0,45.95,45.45,83.33,0.2404962743369108,0.1391931220621564,0.0,5.0,0.09379122,4.0,12.0,10.0,0.2896831099999998,110.0,22.29357798165137,0.0,15.275229357798166,2.2706422018348627,37.56880733944954,1.0321100917431194,0.4128440366972477,0.2064220183486238,0.2064220183486238,3.5091743119266057,3.302752293577982,0.8256880733944955,1.0321100917431194,0.2064220183486238,1.0321100917431194,0.0,0.4128440366972477,0.4128440366972477,0.0,0.0,0.2064220183486238,0.2064220183486238,0.6192660550458716,0.2064220183486238,0.0,89.66,55.0,0.0,100.0,50.0,45.95,45.45,83.33,0.0496437263539494,0.0287325251963166,0.0,1.0321100917431194,0.0193605729357798,0.8256880733944955,2.4770642201834865,2.064220183486239,0.0597969722477063,22.706422018348626,RB/RCB,85,21,54,92,69,75,35,13,12,52,83,63,83,29,60,35,62,71,37,40,94,73,27,94,52,81,73,21,90,85,15,31,87,65,27,37,37,31,52,50,29,15,77,69,21,38,85,50,62,35,12,8,38,73,58,69,23,42,35,58,65,37,40,92,69,23,88,52,81,73,21,90,85,15,31,87,62,27,37,35,27,46,31,15,15,73,Serie A
Udinese,dxq76zcvnokq07cszdx0i6kve,95qrrtlyz4ikkzjbgy6exbnit,H. Kamara,Hassane Kamara,32,Defender,Côte d'Ivoire,Defender,54.0,4.0,62.0,8.0,112.0,1.0,3.0,5.0,8.0,19.0,11.0,4.0,431.0,2.0,3.0,9.0,1.0,9.0,2.0,7.0,2.0,2.0,5.0,8.0,0.0,0.0,81.16,53.33,26.67,60.0,55.56,61.29,25.0,69.23,0.805465138965651,0.2138651944266732,6.0,9.0,0.2538043,3.0,10.0,13.0,0.4562018899999999,42.0,11.276102088167054,0.8352668213457077,12.94663573085847,1.6705336426914157,23.387470997679817,0.2088167053364269,0.6264501160092808,1.0440835266821349,1.6705336426914157,3.967517401392112,2.296983758700696,0.8352668213457077,0.4176334106728538,0.6264501160092808,1.8793503480278424,0.2088167053364269,1.8793503480278424,0.4176334106728538,1.4617169373549883,0.4176334106728538,0.4176334106728538,1.0440835266821349,1.6705336426914157,0.0,0.0,81.16,53.33,26.67,60.0,55.56,61.29,25.0,69.23,0.1681945765821545,0.0446586252863122,1.2529002320185616,1.8793503480278424,0.0529985777262181,0.6264501160092808,2.0881670533642693,2.71461716937355,0.095262575638051,8.77030162412993,LB/LCB,41,80,37,72,33,13,37,74,93,72,65,54,54,85,94,76,100,54,100,85,100,100,69,48,52,22,59,56,59,85,78,13,52,100,26,100,78,85,50,41,56,37,17,19,74,22,48,19,7,30,63,85,52,52,48,52,81,89,63,96,44,100,74,100,100,52,48,52,22,59,56,59,85,78,13,52,96,19,100,67,74,41,30,30,26,7,Serie A
Udinese,dxq76zcvnokq07cszdx0i6kve,9785y6kolfs8e6yxbl7o4xzis,L. Miller,Lennon Miller,20,Midfielder,Scotland,Midfielder,40.0,5.0,50.0,5.0,85.0,0.0,4.0,6.0,6.0,12.0,7.0,6.0,254.0,3.0,5.0,2.0,0.0,2.0,1.0,1.0,0.0,0.0,1.0,2.0,0.0,0.0,85.0,62.5,55.56,83.33,50.0,42.86,0.0,50.0,0.1369515434486272,0.4720119529627598,1.0,6.0,0.1319212,1.0,6.0,6.0,0.13727622,34.0,14.173228346456693,1.7716535433070866,17.716535433070867,1.7716535433070866,30.11811023622047,0.0,1.4173228346456692,2.125984251968504,2.125984251968504,4.251968503937007,2.4803149606299213,2.125984251968504,1.062992125984252,1.7716535433070866,0.7086614173228346,0.0,0.7086614173228346,0.3543307086614173,0.3543307086614173,0.0,0.0,0.3543307086614173,0.7086614173228346,0.0,0.0,85.0,62.5,55.56,83.33,50.0,42.86,0.0,50.0,0.0485261374424269,0.1672483297899542,0.3543307086614173,2.125984251968504,0.0467437322834645,0.3543307086614173,2.125984251968504,2.125984251968504,0.0486411803149606,12.047244094488187,CM/AM,27,68,14,36,18,20,34,59,52,34,93,93,27,86,48,27,27,32,30,20,34,41,16,52,50,41,64,91,86,91,41,20,39,32,50,25,20,23,11,14,14,5,16,45,77,27,55,27,20,50,77,77,77,100,95,50,91,59,27,36,41,36,20,34,41,18,52,50,41,64,91,86,91,41,20,39,36,55,32,36,36,14,36,14,9,27,Serie A
Udinese,dxq76zcvnokq07cszdx0i6kve,agnmzpaj62lzsavtq43uxt4gl,J. Karlström,Jesper Karlström,31,Midfielder,Sweden,Midfielder,88.0,2.0,98.0,9.0,184.0,1.0,4.0,2.0,2.0,12.0,7.0,4.0,450.0,2.0,1.0,6.0,0.0,3.0,1.0,2.0,0.0,1.0,2.0,4.0,0.0,0.0,82.88,37.5,25.0,50.0,66.67,50.0,50.0,75.0,0.2129460156447403,0.1637614391194089,2.0,7.0,0.13167881,1.0,18.0,17.0,0.40033901,103.0,17.6,0.4,19.6,1.8,36.8,0.2,0.8,0.4,0.4,2.4,1.4,0.8,0.4,0.2,1.2,0.0,0.6,0.2,0.4,0.0,0.2,0.4,0.8,0.0,0.0,82.88,37.5,25.0,50.0,66.67,50.0,50.0,75.0,0.042589203128948,0.0327522878238817,0.4,1.4,0.026335762,0.2,3.6,3.4,0.080067802,20.6,CM/AM,82,43,55,73,64,50,34,16,16,34,93,73,20,16,89,27,39,32,48,20,77,55,34,52,50,32,18,48,43,100,52,64,77,36,14,50,34,18,11,59,55,41,68,64,41,32,59,36,41,18,14,14,9,82,55,14,9,73,27,32,23,41,20,70,45,23,52,50,32,18,48,43,100,52,64,77,32,14,36,14,14,9,45,41,18,50,Serie A
Udinese,dxq76zcvnokq07cszdx0i6kve,b2rqgjegzeyq6wy6qu63zz2fo,Unai Gómez,Unai Gómez,23,Midfielder,Spain,Midfielder,15.0,4.0,32.0,1.0,43.0,2.0,3.0,3.0,3.0,9.0,0.0,0.0,204.0,4.0,1.0,1.0,1.0,3.0,2.0,1.0,2.0,0.0,1.0,6.0,0.0,0.0,79.63,33.33,44.44,33.33,33.33,34.62,28.57,50.0,0.278235329758099,0.4689901606932757,2.0,7.0,0.19366265,2.0,3.0,5.0,0.3931055899999999,11.0,6.61764705882353,1.7647058823529411,14.117647058823527,0.4411764705882353,18.97058823529412,0.8823529411764706,1.3235294117647058,1.3235294117647058,1.3235294117647058,3.9705882352941178,0.0,0.0,1.7647058823529411,0.4411764705882353,0.4411764705882353,0.4411764705882353,1.3235294117647058,0.8823529411764706,0.4411764705882353,0.8823529411764706,0.0,0.4411764705882353,2.647058823529412,0.0,0.0,79.63,33.33,44.44,33.33,33.33,34.62,28.57,50.0,0.1227508807756319,0.2069074238352687,0.8823529411764706,3.088235294117647,0.0854394044117647,0.8823529411764706,1.3235294117647058,2.2058823529411766,0.1734289367647058,4.852941176470589,CM/AM,5,61,5,7,5,68,20,25,25,11,14,11,45,16,18,75,39,50,30,59,34,41,45,52,50,14,9,73,30,64,14,50,39,41,45,50,34,45,23,5,9,36,5,5,73,9,9,9,77,36,36,32,59,14,11,82,27,32,95,45,68,45,77,34,55,64,52,50,14,9,73,30,64,14,50,39,55,64,82,59,68,36,5,18,77,5,Serie A
Udinese,dxq76zcvnokq07cszdx0i6kve,bdg3xeth77c0nw61hvj5fct0p,K. Davis,Keinan Davis,28,Attacker,England,Striker,20.0,0.0,32.0,1.0,52.0,11.0,5.0,4.0,4.0,14.0,1.0,0.0,261.0,0.0,2.0,1.0,2.0,6.0,6.0,0.0,2.0,0.0,2.0,19.0,0.0,0.0,70.27,100.0,0.0,50.0,33.33,50.0,55.0,100.0,0.5500286078927061,0.5074234981231425,2.0,3.0,0.09776576,1.0,1.0,1.0,0.29378622,12.0,6.896551724137932,0.0,11.03448275862069,0.3448275862068966,17.931034482758623,3.793103448275862,1.7241379310344829,1.3793103448275863,1.3793103448275863,4.827586206896552,0.3448275862068966,0.0,0.0,0.6896551724137931,0.3448275862068966,0.6896551724137931,2.0689655172413794,2.0689655172413794,0.0,0.6896551724137931,0.0,0.6896551724137931,6.551724137931035,0.0,0.0,70.27,100.0,0.0,50.0,33.33,50.0,55.0,100.0,0.1896650372043814,0.1749736200424629,0.6896551724137931,1.0344827586206895,0.0337123310344827,0.3448275862068966,0.3448275862068966,0.3448275862068966,0.1013055931034482,4.137931034482759,ST,75,33,50,52,65,88,65,38,35,31,13,29,4,46,38,96,23,38,8,44,15,19,60,50,52,35,85,33,69,40,81,88,87,19,81,48,44,46,44,17,19,85,31,77,33,65,58,69,100,81,46,46,62,12,29,4,58,52,96,27,50,8,65,15,29,81,50,52,35,85,33,69,40,81,88,87,19,85,63,54,62,50,23,23,88,38,Serie A
Udinese,dxq76zcvnokq07cszdx0i6kve,cet0tgjv82l6ao07ij1ylgp9l,O. Solet,Oumar Solet,26,Defender,France,Defender,70.0,1.0,38.0,8.0,107.0,3.0,2.0,3.0,3.0,10.0,11.0,5.0,218.0,3.0,1.0,3.0,0.0,0.0,0.0,0.0,0.0,0.0,0.0,0.0,0.0,0.0,87.7,57.14,100.0,33.33,0.0,47.62,50.0,100.0,0.0,0.2008071609207805,0.0,4.0,0.076188,0.0,6.0,8.0,0.2154086199999999,63.0,28.89908256880734,0.4128440366972477,15.688073394495412,3.302752293577982,44.17431192660551,1.2385321100917432,0.8256880733944955,1.2385321100917432,1.2385321100917432,4.128440366972478,4.541284403669725,2.064220183486239,1.2385321100917432,0.4128440366972477,1.2385321100917432,0.0,0.0,0.0,0.0,0.0,0.0,0.0,0.0,0.0,0.0,87.7,57.14,100.0,33.33,0.0,47.62,50.0,100.0,0.0,0.0829020389122488,0.0,1.651376146788991,0.0314537614678899,0.0,2.4770642201834865,3.302752293577982,0.0889301642201834,26.009174311926607,CB,23,97,33,62,21,12,77,94,94,18,9,55,68,74,29,44,8,9,45,44,47,32,6,50,52,24,61,97,67,32,18,29,92,11,79,44,82,76,27,52,64,48,30,33,100,67,97,42,27,94,100,100,42,33,85,97,91,61,44,8,9,45,44,47,32,6,50,52,24,61,97,67,32,18,29,92,11,100,44,91,88,27,79,82,76,42,Serie A
Udinese,dxq76zcvnokq07cszdx0i6kve,d19yalwh3i2olvpwoi89feqjt,J. Ekkelenkamp,Jurgen Ekkelenkamp,26,Midfielder,Netherlands,Midfielder,42.0,0.0,83.0,10.0,125.0,4.0,2.0,11.0,11.0,20.0,3.0,4.0,435.0,5.0,3.0,7.0,1.0,14.0,9.0,5.0,5.0,2.0,4.0,18.0,0.0,0.0,81.7,90.91,0.0,27.27,28.57,52.63,66.67,87.5,1.168634749031022,0.1391486183871337,2.0,15.0,0.35166211,10.0,9.0,14.0,0.4621128699999999,57.0,8.689655172413794,0.0,17.17241379310345,2.0689655172413794,25.86206896551724,0.8275862068965518,0.4137931034482759,2.2758620689655173,2.2758620689655173,4.137931034482759,0.6206896551724138,0.8275862068965518,1.0344827586206895,0.6206896551724138,1.4482758620689655,0.2068965517241379,2.896551724137931,1.862068965517241,1.0344827586206895,1.0344827586206895,0.4137931034482759,0.8275862068965518,3.724137931034483,0.0,0.0,81.7,90.91,0.0,27.27,28.57,52.63,66.67,87.5,0.2417864997995218,0.0287893693214759,0.4137931034482759,3.103448275862069,0.0727576779310344,2.0689655172413794,1.862068965517241,2.896551724137931,0.0956095593103448,11.793103448275865,CM/AM,32,11,36,77,32,91,9,86,84,91,59,73,68,59,98,75,95,95,82,89,91,86,89,52,50,23,100,11,14,55,68,82,86,95,9,50,73,73,82,39,45,50,36,18,11,18,77,18,73,5,86,86,73,55,68,45,41,91,59,86,86,68,82,91,82,82,52,50,23,100,11,14,55,68,82,86,82,9,41,64,59,77,18,27,23,23,Serie A
Udinese,dxq76zcvnokq07cszdx0i6kve,e2xiayt8k5tv4dw5hjop71fqh,E. Ebosse,Enzo Ebosse,27,Defender,Cameroon,Defender,141.0,3.0,100.0,25.0,238.0,8.0,5.0,1.0,1.0,14.0,12.0,5.0,383.0,1.0,0.0,2.0,0.0,1.0,1.0,0.0,0.0,0.0,0.0,2.0,0.0,0.0,87.18,53.19,33.33,0.0,0.0,45.16,47.06,40.0,0.1155128862944692,0.3297186700679268,0.0,7.0,0.15107878,5.0,22.0,26.0,0.6693859899999998,144.0,33.133159268929504,0.7049608355091384,23.49869451697128,5.87467362924282,55.92689295039165,1.8798955613577024,1.174934725848564,0.2349869451697128,0.2349869451697128,3.289817232375979,2.8198433420365534,1.174934725848564,0.2349869451697128,0.0,0.4699738903394256,0.0,0.2349869451697128,0.2349869451697128,0.0,0.0,0.0,0.0,0.4699738903394256,0.0,0.0,87.18,53.19,33.33,0.0,0.0,45.16,47.06,40.0,0.0271440202780737,0.0774795830446825,0.0,1.6449086161879896,0.0355015409921671,1.174934725848564,5.169712793733681,6.1096605744125325,0.1572969689295038,33.838120104438644,LB/LCB,85,67,69,100,85,91,56,22,22,37,70,74,30,17,15,30,13,28,20,30,39,19,13,48,52,67,56,69,17,19,19,41,11,22,48,19,61,56,80,89,85,63,85,89,63,74,100,89,85,59,22,22,37,74,74,30,17,4,30,7,22,20,30,39,19,15,48,52,67,56,69,17,19,19,41,11,22,41,19,59,52,70,93,81,56,89,Serie A
Venezia,565sm63rjm2y7xeae0dcdbtnu,2c796ozt5nw1l8n61cwtv9all,J. Yeboah,John Yeboah,26,Attacker,Ecuador,Striker,32.0,0.0,79.0,9.0,111.0,0.0,10.0,21.0,22.0,22.0,0.0,0.0,382.0,5.0,8.0,6.0,0.0,14.0,9.0,5.0,4.0,1.0,5.0,23.0,0.0,0.0,86.72,90.0,0.0,38.1,35.71,44.0,0.0,66.67,1.1048286696452143,0.7764826085342952,8.0,16.0,0.40488337,7.0,11.0,20.0,0.50500621,44.0,7.539267015706806,0.0,18.612565445026178,2.1204188481675392,26.151832460732983,0.0,2.356020942408377,4.947643979057592,5.183246073298429,5.183246073298429,0.0,0.0,1.1780104712041886,1.8848167539267016,1.4136125654450262,0.0,3.298429319371728,2.1204188481675392,1.1780104712041886,0.9424083769633508,0.2356020942408377,1.1780104712041886,5.418848167539267,0.0,0.0,86.72,90.0,0.0,38.1,35.71,44.0,0.0,66.67,0.2602999483457311,0.1829409287122685,1.8848167539267016,3.769633507853403,0.0953913698952879,1.649214659685864,2.5916230366492146,4.712041884816754,0.1189805206806282,10.366492146596858,ST,85,33,100,100,100,4,100,100,100,83,6,29,33,92,98,38,81,62,92,85,44,75,75,50,52,96,65,33,50,54,54,6,63,54,100,100,96,92,94,100,100,100,100,85,33,100,96,96,4,96,96,96,77,6,29,31,92,96,38,69,54,88,81,38,58,69,50,52,96,65,33,50,54,54,6,63,35,92,100,92,88,92,96,100,92,96,Serie A
Venezia,565sm63rjm2y7xeae0dcdbtnu,3haxsyfrccsgw6x5jgbwdjze,G. Busio,Gianluca Busio,24,Midfielder,USA,Midfielder,95.0,2.0,99.0,14.0,192.0,4.0,5.0,5.0,5.0,20.0,4.0,1.0,314.0,3.0,3.0,2.0,2.0,5.0,0.0,5.0,2.0,0.0,0.0,2.0,0.0,0.0,92.31,82.35,25.0,60.0,0.0,62.5,0.0,20.0,0.3296257289363118,0.3503445996258093,3.0,11.0,0.21962458,3.0,14.0,20.0,0.4800919099999999,89.0,27.22929936305733,0.5732484076433121,28.375796178343947,4.012738853503184,55.03184713375797,1.1464968152866242,1.4331210191082802,1.4331210191082802,1.4331210191082802,5.732484076433121,1.1464968152866242,0.286624203821656,0.8598726114649682,0.8598726114649682,0.5732484076433121,0.5732484076433121,1.4331210191082802,0.0,1.4331210191082802,0.5732484076433121,0.0,0.0,0.5732484076433121,0.0,0.0,92.31,82.35,25.0,60.0,0.0,62.5,0.0,20.0,0.0944787121155033,0.1004172419309644,0.8598726114649682,3.1528662420382165,0.0629497203821656,0.8598726114649682,4.012738853503184,5.732484076433121,0.1376059614649681,25.50955414012739,DM/CM,70,80,65,92,61,83,76,73,71,76,53,17,41,83,27,97,73,15,94,77,41,23,29,52,52,88,91,64,80,23,89,20,8,64,67,74,79,67,50,55,73,70,50,88,82,73,94,82,82,76,76,73,88,52,15,42,88,33,94,70,15,91,76,41,23,24,52,52,88,91,64,80,23,89,20,8,67,70,82,88,76,55,55,79,76,55,Serie A
Venezia,565sm63rjm2y7xeae0dcdbtnu,66t7zm54jgmcjtiizl9g0rkkp,Kike Pérez,Enrique Pérez Muñoz,29,Midfielder,Spain,Midfielder,95.0,6.0,144.0,11.0,233.0,1.0,11.0,9.0,9.0,23.0,2.0,5.0,420.0,9.0,1.0,7.0,0.0,1.0,0.0,1.0,0.0,0.0,0.0,4.0,0.0,0.0,83.81,50.0,35.29,11.11,0.0,43.4,16.67,58.33,0.0542950025344653,1.214881552620867,1.0,20.0,0.46535977,11.0,21.0,28.0,0.5979117699999997,121.0,20.35714285714285,1.2857142857142856,30.85714285714285,2.357142857142857,49.92857142857142,0.2142857142857142,2.357142857142857,1.9285714285714284,1.9285714285714284,4.928571428571428,0.4285714285714285,1.0714285714285714,1.9285714285714284,0.2142857142857142,1.5,0.0,0.2142857142857142,0.0,0.2142857142857142,0.0,0.0,0.0,0.8571428571428571,0.0,0.0,83.81,50.0,35.29,11.11,0.0,43.4,16.67,58.33,0.0116346434002425,0.2603317612759,0.2142857142857142,4.285714285714286,0.0997199507142857,2.357142857142857,4.5,6.0,0.1281239507142856,25.928571428571427,CM/AM,86,77,82,86,82,50,82,77,77,95,39,86,93,16,98,27,14,11,30,20,34,18,34,52,50,36,32,59,9,18,45,41,50,9,91,25,91,91,86,70,86,68,82,73,64,68,91,73,52,77,68,68,91,32,82,91,14,95,27,9,11,18,20,34,18,32,52,50,36,32,59,9,18,45,41,50,9,77,23,82,82,82,64,77,64,73,Serie A
Venezia,565sm63rjm2y7xeae0dcdbtnu,6mf11pv0pfvyl9vom1i1pi0yy,A. Adams,Akor Adams,26,Attacker,Nigeria,Striker,17.0,0.0,28.0,2.0,45.0,9.0,2.0,8.0,9.0,17.0,2.0,1.0,413.0,4.0,4.0,0.0,0.0,17.0,14.0,3.0,3.0,1.0,7.0,23.0,0.0,0.0,69.23,100.0,0.0,50.0,41.18,44.74,50.0,0.0,1.6646185451735285,0.085429132153533,4.0,5.0,0.15344599,1.0,5.0,2.0,0.0756328699999999,17.0,3.7046004842615017,0.0,6.101694915254238,0.4358353510895884,9.80629539951574,1.961259079903148,0.4358353510895884,1.7433414043583535,1.961259079903148,3.7046004842615017,0.4358353510895884,0.2179176755447942,0.8716707021791769,0.8716707021791769,0.0,0.0,3.7046004842615017,3.050847457627119,0.6537530266343826,0.6537530266343826,0.2179176755447942,1.5254237288135597,5.012106537530267,0.0,0.0,69.23,100.0,0.0,50.0,41.18,44.74,50.0,0.0,0.3627498040329723,0.0186165179027069,0.8716707021791769,1.089588377723971,0.0334385934624697,0.2179176755447942,1.089588377723971,0.4358353510895884,0.0164817392251815,3.7046004842615017,ST,60,33,40,73,42,85,17,67,73,48,37,69,21,77,12,38,92,90,77,67,44,92,75,50,52,25,85,33,69,73,62,77,12,85,12,88,69,69,44,75,31,35,50,38,33,27,69,19,69,15,58,54,27,23,65,19,69,12,38,81,81,69,62,35,81,58,50,52,25,85,33,69,73,62,77,12,73,12,85,62,58,35,62,27,23,31,Serie A
Venezia,565sm63rjm2y7xeae0dcdbtnu,87kiw3scnrpt6t0hsaqkgvpey,S. Sohm,Simon Sohm,25,Midfielder,Switzerland,Midfielder,62.0,0.0,56.0,3.0,118.0,3.0,4.0,3.0,3.0,5.0,3.0,0.0,240.0,0.0,1.0,0.0,0.0,2.0,1.0,1.0,0.0,0.0,1.0,3.0,0.0,0.0,87.41,60.0,0.0,33.33,50.0,41.67,60.0,0.0,0.2022844136650478,0.2079989179480784,0.0,3.0,0.05683668,2.0,9.0,10.0,0.23522809,54.0,23.25,0.0,21.0,1.125,44.25,1.125,1.5,1.125,1.125,1.875,1.125,0.0,0.0,0.375,0.0,0.0,0.75,0.375,0.375,0.0,0.0,0.375,1.125,0.0,0.0,87.41,60.0,0.0,33.33,50.0,41.67,60.0,0.0,0.0758566551243929,0.0779995942305294,0.0,1.125,0.021313755,0.75,3.375,3.75,0.08821053375,20.25,DM/CM,27,27,27,18,27,71,65,44,41,5,33,5,5,41,3,30,30,47,33,24,41,62,47,52,52,33,67,27,44,80,12,82,3,36,48,17,26,24,30,15,41,30,24,48,27,45,39,52,79,85,58,55,6,48,5,5,48,3,30,36,61,42,24,41,76,58,52,52,33,67,27,44,80,12,82,3,55,64,17,36,30,39,45,61,58,42,Serie A
Venezia,565sm63rjm2y7xeae0dcdbtnu,8ct2oybj8d1b03aklkg8ihbf8,A. Hainaut,Antoine Hainaut,24,Defender,France,Defender,64.0,4.0,118.0,5.0,178.0,10.0,7.0,7.0,7.0,23.0,10.0,4.0,445.0,3.0,3.0,3.0,1.0,6.0,3.0,3.0,0.0,1.0,2.0,13.0,0.0,0.0,86.83,62.5,14.81,42.86,33.33,46.94,76.92,42.86,0.6858848694012685,0.8988458854007736,1.0,16.0,0.43851044,4.0,13.0,12.0,1.2111477400000008,73.0,12.9438202247191,0.8089887640449438,23.865168539325843,1.0112359550561798,36.0,2.02247191011236,1.4157303370786516,1.4157303370786516,1.4157303370786516,4.651685393258426,2.02247191011236,0.8089887640449438,0.6067415730337078,0.6067415730337078,0.6067415730337078,0.2022471910112359,1.2134831460674156,0.6067415730337078,0.6067415730337078,0.0,0.2022471910112359,0.4044943820224719,2.629213483146067,0.0,0.0,86.83,62.5,14.81,42.86,33.33,46.94,76.92,42.86,0.1387182881935149,0.1817890554743137,0.2022471910112359,3.235955056179775,0.0886875047191011,0.8089887640449438,2.629213483146067,2.426966292134831,0.2449512283146069,14.764044943820224,RB/RCB,31,88,88,54,65,100,88,87,87,85,46,63,48,71,23,81,92,81,92,40,94,88,98,44,52,50,83,54,40,71,31,92,15,100,100,77,88,92,52,58,52,100,54,19,88,73,42,38,100,85,81,81,65,35,54,31,65,15,77,85,73,88,40,88,85,88,44,52,50,83,54,40,71,31,92,15,96,100,73,85,88,42,35,35,100,27,Serie A
Venezia,565sm63rjm2y7xeae0dcdbtnu,abk9geafxglsmnu9qhra8x1at,R. Haps,Ridgeciano Haps,33,Defender,Suriname,Defender,42.0,4.0,53.0,4.0,91.0,4.0,3.0,3.0,3.0,15.0,8.0,4.0,257.0,6.0,2.0,3.0,1.0,1.0,1.0,0.0,0.0,0.0,1.0,3.0,0.0,0.0,86.67,50.0,44.44,66.67,100.0,60.0,50.0,100.0,0.1672581159080854,0.3022155565316282,0.0,9.0,0.2217216699999999,4.0,8.0,12.0,0.4913714999999997,45.0,14.70817120622568,1.4007782101167314,18.56031128404669,1.4007782101167314,31.86770428015564,1.4007782101167314,1.050583657587549,1.050583657587549,1.050583657587549,5.252918287937743,2.801556420233463,1.4007782101167314,2.1011673151750974,0.7003891050583657,1.050583657587549,0.3501945525291828,0.3501945525291828,0.3501945525291828,0.0,0.0,0.0,0.3501945525291828,1.050583657587549,0.0,0.0,86.67,50.0,44.44,66.67,100.0,60.0,50.0,100.0,0.0585728810573061,0.1058342415869515,0.0,3.151750972762646,0.0776457210116731,1.4007782101167314,2.801556420233463,4.202334630350195,0.1720756225680932,15.758754863813229,LB/LCB,24,80,30,28,24,57,37,50,50,44,37,54,89,72,37,76,13,28,20,30,39,54,20,48,52,56,52,83,69,100,74,50,96,30,41,19,78,70,67,31,48,41,22,37,85,44,41,33,74,41,67,63,81,70,89,100,85,48,89,19,33,20,30,39,63,26,48,52,56,52,83,69,100,74,50,96,44,59,19,85,85,85,44,63,63,33,Serie A
Venezia,565sm63rjm2y7xeae0dcdbtnu,avubg95m07a6rted50ejdkftg,J. Schingtienne,Joël Schingtienne,24,Defender,Belgium,Defender,145.0,0.0,95.0,4.0,240.0,5.0,2.0,3.0,5.0,18.0,13.0,3.0,450.0,0.0,2.0,4.0,0.0,0.0,0.0,0.0,0.0,0.0,0.0,3.0,0.0,0.0,87.91,33.33,0.0,66.67,0.0,54.55,35.71,36.36,0.0,0.1295904468029997,0.0,5.0,0.11534183,3.0,10.0,16.0,0.4060727899999997,161.0,29.0,0.0,19.0,0.8,48.0,1.0,0.4,0.6,1.0,3.6,2.6,0.6,0.0,0.4,0.8,0.0,0.0,0.0,0.0,0.0,0.0,0.0,0.6,0.0,0.0,87.91,33.33,0.0,66.67,0.0,54.55,35.71,36.36,0.0,0.0259180893605999,0.0,1.0,0.023068366,0.6,2.0,3.2,0.0812145579999999,32.2,RB/RCB,92,21,81,40,88,75,35,37,58,65,67,40,8,54,40,35,8,12,37,40,44,33,27,44,52,58,29,21,71,33,50,15,12,8,23,37,37,35,40,33,71,42,96,88,21,46,31,85,54,27,25,54,42,52,23,8,50,27,35,8,12,37,40,44,33,19,44,52,58,29,21,71,33,50,15,12,8,23,37,31,31,38,19,60,27,92,Serie A
