Team,contestantId,playerId,Short Name,Player Name,Age,Position_x,Nationality,Position_y,total accurate back zone pass_Total,total accurate fwd zone pass_Total,total accurate pass_Total,total mins played,total touches in opposition box_Total,total accurate long balls_Total,total aerial won_Total,total att assist_Total,total attempt_Total,total attempts ibox_Total,total attempts obox_Total,total blocked scoring att_Total,total contest_Total,total dribbles attempted_Total,total duels won_Total,total effective clearance_Total,total goals_Total,total ontarget attempt_Total,total was fouled_Total,total won contest_Total,total interception_Total,total won tackle_Total,total assists_Total,total big chances saved_Total,total accurate cross_Total,pass_success_pct_Total,long_balls_success_pct_Total,cross_success_pct_Total,dribble_success_pct_Total,attempt_success_pct_Total,duel_success_pct_Total,aerial_success_pct_Total,tackle_success_pct_Total,xG_Total,xA_Total,CreatedOwnShot_Total,Total Carries_Total,Total Carry xT_Total,Total Final Third Carries_Total,passes_into_final_third_Total,progressive_passes_Total,xT_pass_Total,forward_passes_Total,total accurate back zone pass_p90,total accurate fwd zone pass_p90,total accurate pass_p90,total touches in opposition box_p90,total accurate long balls_p90,total aerial won_p90,total att assist_p90,total attempt_p90,total attempts ibox_p90,total attempts obox_p90,total blocked scoring att_p90,total contest_p90,total dribbles attempted_p90,total duels won_p90,total effective clearance_p90,total goals_p90,total ontarget attempt_p90,total was fouled_p90,total won contest_p90,total interception_p90,total won tackle_p90,total assists_p90,total big chances saved_p90,total accurate cross_p90,pass_success_pct_p90,long_balls_success_pct_p90,cross_success_pct_p90,dribble_success_pct_p90,attempt_success_pct_p90,duel_success_pct_p90,aerial_success_pct_p90,tackle_success_pct_p90,xG_p90,xA_p90,CreatedOwnShot_p90,Total Carries_p90,Total Carry xT_p90,Total Final Third Carries_p90,passes_into_final_third_p90,progressive_passes_p90,xT_pass_p90,forward_passes_p90,Pos.,total accurate back zone pass_TotalPR,total accurate fwd zone pass_TotalPR,total accurate pass_TotalPR,total touches in opposition box_TotalPR,total accurate long balls_TotalPR,total aerial won_TotalPR,total att assist_TotalPR,total attempt_TotalPR,total attempts ibox_TotalPR,total attempts obox_TotalPR,total blocked scoring att_TotalPR,total contest_TotalPR,total dribbles attempted_TotalPR,total duels won_TotalPR,total effective clearance_TotalPR,total goals_TotalPR,total ontarget attempt_TotalPR,total was fouled_TotalPR,total won contest_TotalPR,total interception_TotalPR,total won tackle_TotalPR,total assists_TotalPR,total big chances saved_TotalPR,total accurate cross_TotalPR,pass_success_pct_TotalPR,long_balls_success_pct_TotalPR,cross_success_pct_TotalPR,dribble_success_pct_TotalPR,attempt_success_pct_TotalPR,duel_success_pct_TotalPR,aerial_success_pct_TotalPR,tackle_success_pct_TotalPR,xG_TotalPR,xA_TotalPR,CreatedOwnShot_TotalPR,Total Carries_TotalPR,Total Carry xT_TotalPR,Total Final Third Carries_TotalPR,passes_into_final_third_TotalPR,progressive_passes_TotalPR,xT_pass_TotalPR,forward_passes_TotalPR,total accurate back zone pass_p90PR,total accurate fwd zone pass_p90PR,total accurate pass_p90PR,total touches in opposition box_p90PR,total accurate long balls_p90PR,total aerial won_p90PR,total att assist_p90PR,total attempt_p90PR,total attempts ibox_p90PR,total attempts obox_p90PR,total blocked scoring att_p90PR,total contest_p90PR,total dribbles attempted_p90PR,total duels won_p90PR,total effective clearance_p90PR,total goals_p90PR,total ontarget attempt_p90PR,total was fouled_p90PR,total won contest_p90PR,total interception_p90PR,total won tackle_p90PR,total assists_p90PR,total big chances saved_p90PR,total accurate cross_p90PR,pass_success_pct_p90PR,long_balls_success_pct_p90PR,cross_success_pct_p90PR,dribble_success_pct_p90PR,attempt_success_pct_p90PR,duel_success_pct_p90PR,aerial_success_pct_p90PR,tackle_success_pct_p90PR,xG_p90PR,xA_p90PR,CreatedOwnShot_p90PR,Total Carries_p90PR,Total Carry xT_p90PR,Total Final Third Carries_p90PR,passes_into_final_third_p90PR,progressive_passes_p90PR,xT_pass_p90PR,forward_passes_p90PR,League
Académico de Viseu,e7u3mygqhm9cwdarcsm03t6d1,1lyedukw5k3tit02e25631m21,C. Kahraman,Cihan Kahraman,27.0,Midfielder,Türkiye,Midfielder,46.0,60.0,100.0,422.0,3.0,4.0,1.0,8.0,3.0,1.0,2.0,0.0,11.0,12.0,15.0,3.0,0.0,1.0,5.0,6.0,5.0,3.0,2.0,0.0,6.0,81.97,44.44,46.15,54.55,33.33,36.59,16.67,100.0,0.2030971420860204,0.8249800337993518,2.0,9.0,0.1982828499999999,5.0,9.0,12.0,0.2253456499999999,49.0,9.81042654028436,12.796208530805687,21.32701421800948,0.6398104265402843,0.8530805687203791,0.2132701421800947,1.706161137440758,0.6398104265402843,0.2132701421800947,0.4265402843601895,0.0,2.3459715639810423,2.559241706161137,3.199052132701422,0.6398104265402843,0.0,0.2132701421800947,1.066350710900474,1.2796208530805686,1.066350710900474,0.6398104265402843,0.4265402843601895,0.0,1.2796208530805686,81.97,44.44,46.15,54.55,33.33,36.59,16.67,100.0,0.0433145563690564,0.1759436091041271,0.4265402843601895,1.919431279620853,0.0422878116113743,1.066350710900474,1.919431279620853,2.559241706161137,0.0480594988151658,10.450236966824644,CM/AM,66,52,56,20,56,18,86,26,26,48,16,76,78,30,58,28,32,40,80,92,36,94,52,88,60,34,92,72,46,12,22,94,24,84,50,82,68,80,56,66,28,66,52,36,32,12,48,16,76,16,20,28,16,60,64,16,56,28,32,24,72,84,28,88,52,84,60,34,92,72,46,12,22,94,24,76,40,68,60,72,44,52,16,48,Liga Portugal
Académico de Viseu,e7u3mygqhm9cwdarcsm03t6d1,1xfp8m5avfbrw5xsbi5n34ep6,N. Michelis,Nikos Michelis,25.0,Defender,Greece,Defender,208.0,42.0,250.0,399.0,4.0,17.0,10.0,0.0,1.0,1.0,0.0,1.0,0.0,0.0,16.0,39.0,0.0,0.0,2.0,0.0,3.0,4.0,0.0,0.0,0.0,86.21,42.5,0.0,0.0,0.0,64.0,62.5,100.0,0.0,0.0,0.0,0.0,0.0,0.0,0.0,0.0,0.0,0.0,46.9172932330827,9.473684210526317,56.39097744360902,0.9022556390977444,3.834586466165413,2.255639097744361,0.0,0.225563909774436,0.225563909774436,0.0,0.225563909774436,0.0,0.0,3.609022556390977,8.796992481203008,0.0,0.0,0.4511278195488721,0.0,0.6766917293233082,0.9022556390977444,0.0,0.0,0.0,86.21,42.5,0.0,0.0,0.0,64.0,62.5,100.0,0.0,0.0,0.0,0.0,0.0,0.0,0.0,0.0,0.0,0.0,CB,76,29,69,64,64,71,20,44,50,37,85,18,18,45,93,42,35,54,23,39,69,48,44,40,40,38,40,23,35,79,65,89,24,31,40,27,27,32,23,23,23,23,88,24,67,67,64,64,20,43,50,37,86,18,18,38,90,42,35,50,23,33,62,48,44,40,40,38,40,23,35,79,65,89,24,31,40,27,27,32,23,23,23,23,Liga Portugal
Académico de Viseu,e7u3mygqhm9cwdarcsm03t6d1,5fuhsuoevtbczleyh6aqmqne,A. Correia,Anthony Correia,27.0,Defender,France,Defender,248.0,56.0,304.0,540.0,5.0,37.0,8.0,1.0,1.0,1.0,0.0,0.0,0.0,0.0,9.0,32.0,0.0,0.0,1.0,0.0,1.0,1.0,1.0,1.0,0.0,88.12,57.81,0.0,0.0,0.0,37.5,53.33,100.0,0.0,0.0,0.0,0.0,0.0,0.0,0.0,0.0,0.0,0.0,41.333333333333336,9.333333333333334,50.66666666666666,0.8333333333333334,6.166666666666667,1.3333333333333333,0.1666666666666666,0.1666666666666666,0.1666666666666666,0.0,0.0,0.0,0.0,1.5,5.333333333333333,0.0,0.0,0.1666666666666666,0.0,0.1666666666666666,0.1666666666666666,0.1666666666666666,0.1666666666666666,0.0,88.12,57.81,0.0,0.0,0.0,37.5,53.33,100.0,0.0,0.0,0.0,0.0,0.0,0.0,0.0,0.0,0.0,0.0,CB,93,40,79,74,96,54,54,44,50,37,38,18,18,14,75,42,35,29,23,13,13,98,93,40,60,83,40,23,35,7,40,89,24,31,40,27,27,32,23,23,23,23,69,19,55,64,96,37,42,39,42,37,38,18,18,7,50,42,35,18,23,5,10,95,88,40,60,83,40,23,35,7,40,89,24,31,40,27,27,32,23,23,23,23,Liga Portugal
Académico de Viseu,e7u3mygqhm9cwdarcsm03t6d1,8fzz4hjjxl92oeyuad60nkmj8,Gustavo Costa,Gustavo Abreu Costa,20.0,Defender,Portugal,Defender,83.0,38.0,121.0,264.0,0.0,8.0,5.0,0.0,0.0,0.0,0.0,0.0,4.0,5.0,14.0,8.0,0.0,0.0,3.0,1.0,5.0,4.0,0.0,0.0,0.0,80.13,42.11,0.0,25.0,0.0,73.68,0.0,80.0,0.0,0.0,0.0,0.0,0.0,0.0,0.0,0.0,0.0,0.0,28.295454545454547,12.954545454545457,41.25,0.0,2.7272727272727275,1.7045454545454546,0.0,0.0,0.0,0.0,0.0,1.3636363636363638,1.7045454545454546,4.772727272727273,2.7272727272727275,0.0,0.0,1.0227272727272727,0.3409090909090909,1.7045454545454546,1.3636363636363638,0.0,0.0,0.0,80.13,42.11,0.0,25.0,0.0,73.68,0.0,80.0,0.0,0.0,0.0,0.0,0.0,0.0,0.0,0.0,0.0,0.0,LB/LCB,84,26,58,13,84,76,16,16,32,24,37,42,53,39,32,45,34,63,32,74,47,42,50,13,42,47,13,37,34,95,11,74,21,18,29,26,26,26,18,18,18,18,100,47,89,13,84,89,16,16,32,24,37,53,74,84,53,45,34,74,42,89,68,42,50,13,42,47,13,37,34,95,11,74,21,18,29,26,26,26,18,18,18,18,Liga Portugal
Académico de Viseu,e7u3mygqhm9cwdarcsm03t6d1,8yuez76ecj9uhh9m4k2llf5gq,S. Messeguem,Soufiane Messeguem,25.0,Midfielder,Germany,Midfielder,36.0,48.0,81.0,529.0,10.0,7.0,2.0,6.0,4.0,1.0,3.0,2.0,9.0,10.0,23.0,7.0,1.0,2.0,11.0,2.0,3.0,4.0,0.0,0.0,3.0,70.43,58.33,23.08,22.22,50.0,38.33,25.0,50.0,0.5059494029159762,0.6341373171031853,2.0,3.0,0.09637719,2.0,7.0,5.0,0.4422444399999998,39.0,6.12476370510397,8.166351606805293,13.78071833648393,1.7013232514177692,1.1909262759924384,0.3402646502835538,1.0207939508506616,0.6805293005671077,0.1701323251417769,0.5103969754253308,0.3402646502835538,1.5311909262759924,1.7013232514177692,3.913043478260869,1.1909262759924384,0.1701323251417769,0.3402646502835538,1.8714555765595464,0.3402646502835538,0.5103969754253308,0.6805293005671077,0.0,0.0,0.5103969754253308,70.43,58.33,23.08,22.22,50.0,38.33,25.0,50.0,0.0860783483221887,0.1078872562179332,0.3402646502835538,0.5103969754253308,0.0163968754253308,0.3402646502835538,1.1909262759924384,0.8506616257088846,0.075240074858223,6.6351606805293,CM/AM,50,36,36,50,76,36,68,42,26,68,66,68,68,72,96,74,50,88,42,74,58,30,52,62,8,56,64,28,70,24,32,20,56,68,50,26,40,42,46,24,68,48,12,8,8,32,64,24,36,24,12,44,44,40,44,32,80,58,36,68,28,64,32,30,52,56,8,56,64,28,70,24,32,20,40,52,28,16,16,28,24,16,40,20,Liga Portugal
Académico de Viseu,e7u3mygqhm9cwdarcsm03t6d1,90ih1zcj54pxfn0jf1l3hhv4l,Luís Silva,Luís Manuel Costa Silva,33.0,Midfielder,Portugal,Midfielder,70.0,40.0,110.0,249.0,1.0,5.0,2.0,1.0,2.0,1.0,1.0,0.0,1.0,1.0,10.0,7.0,0.0,0.0,4.0,0.0,3.0,3.0,0.0,0.0,0.0,85.94,41.67,0.0,0.0,0.0,41.67,40.0,75.0,0.0,0.0,0.0,0.0,0.0,0.0,0.0,0.0,0.0,0.0,25.30120481927711,14.457831325301203,39.75903614457832,0.3614457831325301,1.8072289156626504,0.7228915662650602,0.3614457831325301,0.7228915662650602,0.3614457831325301,0.3614457831325301,0.0,0.3614457831325301,0.3614457831325301,3.614457831325301,2.5301204819277108,0.0,0.0,1.4457831325301205,0.0,1.0843373493975903,1.0843373493975903,0.0,0.0,0.0,85.94,41.67,0.0,0.0,0.0,41.67,40.0,75.0,0.0,0.0,0.0,0.0,0.0,0.0,0.0,0.0,0.0,0.0,DM/CM,55,24,34,30,33,32,20,36,57,36,25,17,17,9,62,45,26,46,12,36,42,42,50,32,45,24,32,12,26,13,28,80,20,16,22,16,16,21,13,13,13,13,74,45,66,37,58,37,24,50,63,45,25,18,18,24,79,45,26,66,12,47,55,42,50,32,45,24,32,12,26,13,28,80,20,16,22,16,16,21,13,13,13,13,Liga Portugal
Académico de Viseu,e7u3mygqhm9cwdarcsm03t6d1,a9f7xwldytd5pztz8r1ymmyhg,L. Gohi,Lorougnon Gohi,22.0,Attacker,Côte d'Ivoire,Striker,14.0,34.0,45.0,257.0,8.0,2.0,2.0,6.0,5.0,4.0,1.0,1.0,11.0,11.0,22.0,6.0,1.0,2.0,6.0,7.0,0.0,6.0,0.0,0.0,3.0,71.43,33.33,37.5,63.64,40.0,52.38,50.0,85.71,0.3656945591681844,0.6138013646042693,2.0,9.0,0.2599904799999999,2.0,3.0,11.0,0.9578179199999995,23.0,4.90272373540856,11.906614785992218,15.758754863813229,2.801556420233463,0.7003891050583657,0.7003891050583657,2.1011673151750974,1.7509727626459144,1.4007782101167314,0.3501945525291828,0.3501945525291828,3.852140077821012,3.852140077821012,7.704280155642023,2.1011673151750974,0.3501945525291828,0.7003891050583657,2.1011673151750974,2.45136186770428,0.0,2.1011673151750974,0.0,0.0,1.050583657587549,71.43,33.33,37.5,63.64,40.0,52.38,50.0,85.71,0.1280642425102591,0.2149498942193939,0.7003891050583657,3.151750972762646,0.0910472498054474,0.7003891050583657,1.050583657587549,3.852140077821012,0.3354226178988325,8.054474708171206,ST,30,54,39,20,50,30,70,27,30,39,39,84,80,66,90,47,33,51,89,21,89,31,51,84,41,23,94,89,49,77,80,71,23,77,57,84,83,57,54,91,94,74,63,76,69,26,69,37,89,43,46,51,43,91,86,86,97,57,46,86,94,21,100,31,51,89,41,23,94,89,49,77,80,71,29,91,66,91,91,59,69,94,97,89,Liga Portugal
Académico de Viseu,e7u3mygqhm9cwdarcsm03t6d1,bd0g0d91h9zyiyk8mktnmfpt6,Á. Zamora,Álvaro Zamora,24.0,Attacker,Costa Rica,Striker,23.0,30.0,53.0,229.0,5.0,3.0,2.0,1.0,2.0,2.0,0.0,0.0,1.0,3.0,8.0,0.0,0.0,1.0,6.0,0.0,2.0,0.0,0.0,0.0,0.0,72.6,37.5,0.0,0.0,50.0,40.0,66.67,0.0,0.1505223779616559,0.077450912720478,1.0,2.0,0.03992476,1.0,6.0,6.0,0.1369582,14.0,9.039301310043667,11.790393013100438,20.829694323144107,1.9650655021834065,1.1790393013100438,0.7860262008733625,0.3930131004366812,0.7860262008733625,0.7860262008733625,0.0,0.0,0.3930131004366812,1.1790393013100438,3.14410480349345,0.0,0.0,0.3930131004366812,2.3580786026200875,0.0,0.7860262008733625,0.0,0.0,0.0,0.0,72.6,37.5,0.0,0.0,50.0,40.0,66.67,0.0,0.0591572664478123,0.0304392233399258,0.3930131004366812,0.7860262008733625,0.0156909537117903,0.3930131004366812,2.3580786026200875,2.3580786026200875,0.053826366812227,5.502183406113537,LW,67,11,33,11,50,67,11,11,17,11,17,11,11,11,17,33,11,56,11,61,11,28,56,17,33,33,17,11,78,33,100,11,11,11,17,17,11,39,56,28,11,22,78,33,56,11,78,67,11,11,22,11,17,11,11,22,17,33,11,78,11,67,11,28,56,17,33,33,17,11,78,33,100,11,11,11,11,22,11,44,78,67,22,33,Liga Portugal
Académico de Viseu,e7u3mygqhm9cwdarcsm03t6d1,bozw8m0wz31bzaa7jyktg3cic,João Guilherme,João Guilherme de Sousa Crispim,25.0,Midfielder,Brazil,Midfielder,46.0,52.0,95.0,524.0,20.0,0.0,14.0,3.0,14.0,9.0,5.0,3.0,15.0,17.0,49.0,5.0,1.0,2.0,16.0,7.0,1.0,9.0,0.0,0.0,3.0,77.24,0.0,50.0,46.67,14.29,56.32,46.67,75.0,1.3266735476335418,0.2738061817353836,4.0,8.0,0.2621391299999999,3.0,3.0,4.0,0.3828692699999999,24.0,7.900763358778626,8.931297709923664,16.316793893129773,3.435114503816794,0.0,2.404580152671756,0.5152671755725191,2.404580152671756,1.545801526717557,0.8587786259541985,0.5152671755725191,2.576335877862596,2.9198473282442747,8.416030534351146,0.8587786259541985,0.1717557251908397,0.3435114503816794,2.748091603053436,1.202290076335878,0.1717557251908397,1.545801526717557,0.0,0.0,0.5152671755725191,77.24,0.0,50.0,46.67,14.29,56.32,46.67,75.0,0.227863777265303,0.0470277793056956,0.6870229007633588,1.3740458015267176,0.0450238963740457,0.5152671755725191,0.5152671755725191,0.6870229007633588,0.0657599891221373,4.122137404580153,RM/RCM,100,43,57,86,21,100,43,100,100,100,79,57,57,100,93,93,79,86,43,57,100,43,57,64,43,21,100,43,57,86,71,86,100,43,79,43,43,43,57,43,43,43,43,14,43,71,21,100,14,100,86,57,57,29,43,86,86,86,57,71,29,29,86,43,57,57,43,21,100,43,57,86,71,86,100,29,57,29,29,43,29,29,29,29,Liga Portugal
Académico de Viseu,e7u3mygqhm9cwdarcsm03t6d1,cczre91rv404v648514qs00es,Alejandro Mestanza,Alejandro Mestanza,21.0,Midfielder,Spain,Midfielder,58.0,46.0,103.0,251.0,5.0,4.0,3.0,3.0,4.0,2.0,2.0,1.0,8.0,8.0,24.0,1.0,0.0,0.0,7.0,5.0,2.0,7.0,0.0,0.0,1.0,85.12,57.14,50.0,62.5,0.0,64.86,75.0,77.78,0.588105713884544,0.3168040650780511,2.0,5.0,0.14213674,2.0,7.0,5.0,0.1509807599999998,59.0,20.796812749003983,16.49402390438247,36.932270916334666,1.7928286852589643,1.4342629482071714,1.0756972111553786,1.0756972111553786,1.4342629482071714,0.7171314741035857,0.7171314741035857,0.3585657370517928,2.8685258964143427,2.8685258964143427,8.60557768924303,0.3585657370517928,0.0,0.0,2.50996015936255,1.7928286852589643,0.7171314741035857,2.50996015936255,0.0,0.0,0.3585657370517928,85.12,57.14,50.0,62.5,0.0,64.86,75.0,77.78,0.2108745587633823,0.1135950830957155,0.7171314741035857,1.7928286852589643,0.050965364940239,0.7171314741035857,2.50996015936255,1.7928286852589643,0.0541365274900397,21.155378486055778,DM/CM,38,29,26,83,25,41,66,74,79,64,67,89,88,74,9,45,26,88,89,25,83,42,50,75,39,59,88,63,26,92,91,87,95,79,74,72,79,71,46,37,37,62,63,58,58,89,37,50,74,92,89,79,76,100,100,95,11,45,26,97,100,26,92,42,50,84,39,59,88,63,26,92,91,87,97,100,82,89,92,82,58,45,47,82,Liga Portugal
Académico de Viseu,e7u3mygqhm9cwdarcsm03t6d1,duxfzjk9pqglkcvbapryvveju,Robinho,Ricardo Alexandre Ribeiro Vieira,29.0,Attacker,Portugal,Striker,120.0,59.0,175.0,516.0,2.0,14.0,6.0,5.0,1.0,0.0,1.0,1.0,10.0,11.0,29.0,14.0,0.0,0.0,4.0,7.0,11.0,5.0,1.0,1.0,4.0,78.48,42.42,30.77,70.0,0.0,49.15,42.86,41.67,0.0362691511114138,0.5769415373513461,0.0,3.0,0.0694625099999999,3.0,8.0,12.0,0.74360587,45.0,20.930232558139533,10.290697674418604,30.523255813953487,0.3488372093023256,2.441860465116279,1.0465116279069768,0.872093023255814,0.1744186046511628,0.0,0.1744186046511628,0.1744186046511628,1.744186046511628,1.9186046511627908,5.058139534883721,2.441860465116279,0.0,0.0,0.6976744186046512,1.2209302325581397,1.9186046511627908,0.872093023255814,0.1744186046511628,0.1744186046511628,0.6976744186046512,78.48,42.42,30.77,70.0,0.0,49.15,42.86,41.67,0.0063260147287349,0.1006293379101185,0.0,0.5232558139534884,0.0121155540697674,0.5232558139534884,1.3953488372093024,2.0930232558139537,0.1296986982558139,7.848837209302325,RW,100,100,100,11,100,78,61,17,17,44,61,67,67,89,100,33,22,56,89,100,89,72,100,78,89,56,78,78,22,67,67,33,22,78,28,33,33,78,100,78,78,100,100,33,100,11,100,78,44,11,17,33,44,56,56,78,89,33,22,44,56,100,56,56,100,67,89,56,78,78,22,67,67,33,22,56,28,33,33,56,67,56,56,78,Liga Portugal
Académico de Viseu,e7u3mygqhm9cwdarcsm03t6d1,f2snfr7qvzltfng9r3bmp20o9,André Clóvis,André Clóvis Silva Filho,28.0,Attacker,Brazil,Striker,13.0,21.0,34.0,457.0,15.0,2.0,5.0,2.0,11.0,10.0,1.0,1.0,2.0,2.0,13.0,5.0,2.0,5.0,7.0,1.0,1.0,1.0,0.0,0.0,0.0,70.83,50.0,0.0,50.0,45.45,27.66,22.73,100.0,1.8517233511594453,0.1546779749397797,1.0,1.0,0.04066992,0.0,2.0,2.0,0.0710770399999997,12.0,2.560175054704595,4.13566739606127,6.6958424507658645,2.954048140043764,0.3938730853391685,0.9846827133479212,0.3938730853391685,2.166301969365427,1.9693654266958425,0.1969365426695842,0.1969365426695842,0.3938730853391685,0.3938730853391685,2.560175054704595,0.9846827133479212,0.3938730853391685,0.9846827133479212,1.3785557986870898,0.1969365426695842,0.1969365426695842,0.1969365426695842,0.0,0.0,0.0,70.83,50.0,0.0,50.0,45.45,27.66,22.73,100.0,0.3646719947578776,0.0304617456117728,0.1969365426695842,0.1969365426695842,0.0080093934354485,0.0,0.3938730853391685,0.3938730853391685,0.0139976665207876,2.3632385120350112,ST,24,17,17,53,50,59,27,76,77,39,39,16,16,39,81,69,74,63,29,56,26,31,51,31,31,41,31,61,64,14,23,87,86,40,33,20,26,17,40,29,26,31,14,9,9,29,34,49,20,57,69,23,31,11,11,17,69,60,63,40,29,46,14,31,51,31,31,41,31,61,64,14,23,87,80,29,23,14,23,17,29,23,23,17,Liga Portugal
Nacional,99xu9ofwhlbp0lg1j4eiplgrg,12oo0syi7lvkf1ydzhjd607op,Filipe Soares,Filipe Miguel Barros Soares,27.0,Midfielder,Portugal,Midfielder,49.0,47.0,93.0,249.0,7.0,8.0,4.0,4.0,4.0,2.0,2.0,1.0,6.0,6.0,18.0,1.0,0.0,0.0,7.0,2.0,4.0,3.0,0.0,0.0,3.0,81.58,72.73,33.33,33.33,0.0,48.65,50.0,60.0,0.516855142305056,0.3526974178391165,1.0,6.0,0.13243298,2.0,5.0,4.0,0.1628575799999997,45.0,17.710843373493976,16.987951807228917,33.6144578313253,2.5301204819277108,2.891566265060241,1.4457831325301205,1.4457831325301205,1.4457831325301205,0.7228915662650602,0.7228915662650602,0.3614457831325301,2.1686746987951806,2.1686746987951806,6.506024096385542,0.3614457831325301,0.0,0.0,2.5301204819277108,0.7228915662650602,1.4457831325301205,1.0843373493975903,0.0,0.0,1.0843373493975903,81.58,72.73,33.33,33.33,0.0,48.65,50.0,60.0,0.1868151116765262,0.1274809943996806,0.3614457831325301,2.1686746987951806,0.0478673421686747,0.7228915662650602,1.8072289156626504,1.4457831325301205,0.0588641855421685,16.265060240963855,CM/AM,74,30,44,38,82,76,44,42,48,48,42,46,44,48,24,28,14,72,42,84,36,30,52,62,56,80,80,46,14,60,76,48,60,44,24,56,52,42,34,16,24,52,96,60,80,48,96,92,60,48,52,64,48,52,52,88,20,28,14,84,56,92,64,30,52,76,56,80,80,46,14,60,76,48,72,64,32,72,64,44,40,20,24,92,Liga Portugal
Nacional,99xu9ofwhlbp0lg1j4eiplgrg,1b32j0lqi7ggcabdra4tygxzo,M. Jensen,Markus Jensen,21.0,Midfielder,Denmark,Midfielder,33.0,34.0,66.0,369.0,8.0,3.0,2.0,1.0,3.0,2.0,1.0,2.0,16.0,17.0,26.0,6.0,0.0,0.0,10.0,3.0,1.0,9.0,0.0,0.0,1.0,80.49,50.0,12.5,18.75,0.0,50.0,28.57,81.82,0.1996189471409183,0.0767272362061799,2.0,6.0,0.20070756,5.0,4.0,6.0,0.17768223,30.0,8.048780487804878,8.292682926829269,16.097560975609756,1.951219512195122,0.7317073170731708,0.4878048780487805,0.2439024390243902,0.7317073170731708,0.4878048780487805,0.2439024390243902,0.4878048780487805,3.902439024390244,4.146341463414634,6.341463414634147,1.4634146341463417,0.0,0.0,2.439024390243903,0.7317073170731708,0.2439024390243902,2.1951219512195124,0.0,0.0,0.2439024390243902,80.49,50.0,12.5,18.75,0.0,50.0,28.57,81.82,0.0486875480831508,0.0187139600502877,0.4878048780487805,1.4634146341463417,0.0489530634146341,1.2195121951219514,0.9756097560975612,1.4634146341463417,0.0433371292682926,7.317073170731708,LM/LCM,50,25,50,50,38,75,38,25,50,50,88,100,100,75,75,38,25,100,62,50,88,50,50,62,25,25,75,50,25,75,25,100,25,25,62,75,100,100,25,25,50,50,50,25,25,25,25,75,25,25,50,50,75,100,100,75,75,38,25,100,50,50,100,50,50,50,25,25,75,50,25,75,25,100,25,50,50,100,100,75,25,25,50,50,Liga Portugal
Nacional,99xu9ofwhlbp0lg1j4eiplgrg,39nl486kil9v2ajszgd0p01uy,S. Gavriel,Stavros Gavriel,24.0,Midfielder,Cyprus,Midfielder,5.0,23.0,27.0,227.0,5.0,3.0,3.0,2.0,5.0,2.0,3.0,0.0,20.0,20.0,20.0,1.0,0.0,2.0,4.0,8.0,0.0,5.0,0.0,0.0,1.0,62.79,37.5,25.0,40.0,40.0,50.0,60.0,100.0,0.3709280289589225,0.2272656514781567,3.0,4.0,0.12404035,1.0,2.0,2.0,0.4326108499999998,11.0,1.9823788546255507,9.118942731277532,10.704845814977974,1.9823788546255507,1.1894273127753303,1.1894273127753303,0.7929515418502203,1.9823788546255507,0.7929515418502203,1.1894273127753303,0.0,7.929515418502203,7.929515418502203,7.929515418502203,0.3964757709251101,0.0,0.7929515418502203,1.5859030837004406,3.1718061674008813,0.0,1.9823788546255507,0.0,0.0,0.3964757709251101,62.79,37.5,25.0,40.0,40.0,50.0,60.0,100.0,0.1470639762392203,0.0901053243745995,1.1894273127753303,1.5859030837004406,0.0491789933920704,0.3964757709251101,0.7929515418502203,0.7929515418502203,0.1715197202643171,4.361233480176211,RM/RCM,14,14,14,43,86,71,21,43,50,50,14,100,86,43,36,43,79,43,64,14,79,43,57,29,14,43,43,14,86,43,100,100,57,29,57,29,29,29,36,29,71,29,14,29,14,43,86,71,43,57,71,86,14,100,100,71,57,43,100,43,86,14,100,43,57,43,14,43,43,14,86,43,100,100,71,43,71,43,43,29,57,43,71,43,Liga Portugal
Nacional,99xu9ofwhlbp0lg1j4eiplgrg,4999lbu9bu5be1su52d37o2l0,Francisco Gonçalves,Francisco Adriano Baptista Gonçalves,22.0,Defender,Portugal,Defender,88.0,12.0,100.0,180.0,1.0,6.0,3.0,0.0,0.0,0.0,0.0,0.0,1.0,1.0,13.0,3.0,0.0,0.0,1.0,1.0,0.0,6.0,0.0,0.0,0.0,92.59,75.0,0.0,100.0,0.0,76.47,75.0,75.0,0.0,0.0,0.0,0.0,0.0,0.0,0.0,0.0,0.0,0.0,44.0,6.0,50.0,0.5,3.0,1.5,0.0,0.0,0.0,0.0,0.0,0.5,0.5,6.5,1.5,0.0,0.0,0.5,0.5,0.0,3.0,0.0,0.0,0.0,92.59,75.0,0.0,100.0,0.0,76.47,75.0,75.0,0.0,0.0,0.0,0.0,0.0,0.0,0.0,0.0,0.0,0.0,CB,26,7,19,21,26,20,20,19,20,37,38,43,43,31,8,42,35,29,56,2,90,48,44,40,90,100,40,87,35,98,88,61,24,31,40,27,27,32,23,23,23,23,76,7,52,35,52,44,20,19,20,37,38,68,68,93,12,42,35,62,86,2,100,48,44,40,90,100,40,87,35,98,88,61,24,31,40,27,27,32,23,23,23,23,Liga Portugal
Nacional,99xu9ofwhlbp0lg1j4eiplgrg,4xx1a0gslcsf2zartt5nbonx0,Zé Vitor,José Vítor Lima Cardoso,25.0,Defender,Brazil,Defender,220.0,102.0,319.0,540.0,4.0,37.0,23.0,3.0,4.0,0.0,4.0,2.0,1.0,1.0,38.0,36.0,1.0,1.0,3.0,1.0,5.0,5.0,0.0,0.0,3.0,81.59,50.0,75.0,100.0,25.0,64.41,67.65,45.45,0.1784131781122894,0.146026309398182,3.0,2.0,0.04813761,2.0,34.0,48.0,0.7948719499999995,176.0,36.66666666666666,17.0,53.16666666666666,0.6666666666666666,6.166666666666667,3.8333333333333335,0.5,0.6666666666666666,0.0,0.6666666666666666,0.3333333333333333,0.1666666666666666,0.1666666666666666,6.333333333333333,6.0,0.1666666666666666,0.1666666666666666,0.5,0.1666666666666666,0.8333333333333334,0.8333333333333334,0.0,0.0,0.5,81.59,50.0,75.0,100.0,25.0,64.41,67.65,45.45,0.0297355296853815,0.0243377182330303,0.5,0.3333333333333333,0.008022935,0.3333333333333333,5.666666666666667,8.0,0.1324786583333332,29.33333333333333,CB,86,81,83,64,96,98,90,83,20,99,96,43,43,100,87,92,81,75,56,63,83,48,44,96,10,63,90,87,81,81,83,29,60,86,95,65,69,80,93,95,93,88,55,60,62,49,96,98,83,74,20,95,95,36,36,90,69,85,71,62,46,49,56,48,44,95,10,63,90,87,81,81,83,29,55,76,95,62,62,74,90,95,93,81,Liga Portugal
Nacional,99xu9ofwhlbp0lg1j4eiplgrg,5igsj45agcp6j6yh0abxrmuei,Matheus Dias,Matheus dos Santos Dias,24.0,Midfielder,Brazil,Midfielder,203.0,47.0,250.0,470.0,1.0,11.0,12.0,2.0,0.0,0.0,0.0,0.0,2.0,2.0,19.0,23.0,0.0,0.0,2.0,1.0,8.0,2.0,0.0,1.0,0.0,87.41,37.93,0.0,50.0,0.0,45.24,52.17,50.0,0.0,0.0760818019682406,0.0,2.0,0.03932202,0.0,4.0,8.0,0.1561657299999999,123.0,38.87234042553192,9.0,47.87234042553192,0.1914893617021276,2.106382978723404,2.297872340425532,0.3829787234042553,0.0,0.0,0.0,0.0,0.3829787234042553,0.3829787234042553,3.638297872340425,4.404255319148936,0.0,0.0,0.3829787234042553,0.1914893617021276,1.5319148936170213,0.3829787234042553,0.0,0.1914893617021276,0.0,87.41,37.93,0.0,50.0,0.0,45.24,52.17,50.0,0.0,0.014568855696046,0.0,0.3829787234042553,0.0075297485106382,0.0,0.7659574468085106,1.5319148936170213,0.0299040759574467,23.5531914893617,DM/CM,100,32,95,30,86,95,45,8,24,11,25,36,34,50,95,45,26,18,37,84,26,42,100,32,61,18,32,47,26,29,50,38,20,34,22,46,45,21,37,49,39,95,95,8,74,24,63,89,29,8,24,11,25,21,21,26,95,45,26,13,24,68,11,42,100,32,61,18,32,47,26,29,50,38,20,34,22,39,39,21,29,39,32,84,Liga Portugal
Nacional,99xu9ofwhlbp0lg1j4eiplgrg,6vqxkwgcx3qa1ke5oeutrp250,Daniel Júnior,Daniel de Melo Araujo Júnior,24.0,Midfielder,Brazil,Midfielder,40.0,63.0,99.0,375.0,0.0,7.0,0.0,7.0,3.0,0.0,3.0,2.0,12.0,12.0,33.0,1.0,0.0,0.0,18.0,8.0,1.0,5.0,1.0,0.0,4.0,84.62,63.64,28.57,66.67,0.0,71.74,0.0,71.43,0.1784498172719645,0.640202194310054,2.0,13.0,0.31475987,4.0,8.0,10.0,0.30438038,25.0,9.6,15.12,23.76,0.0,1.68,0.0,1.68,0.72,0.0,0.72,0.48,2.88,2.88,7.919999999999999,0.24,0.0,0.0,4.319999999999999,1.92,0.24,1.2,0.24,0.0,0.96,84.62,63.64,28.57,66.67,0.0,71.74,0.0,71.43,0.0428279561452714,0.1536485266344129,0.48,3.12,0.0755423688,0.96,1.92,2.4,0.0730512912,6.0,RM/RCM,86,57,71,14,100,29,79,29,14,50,50,43,43,86,36,43,29,100,64,57,79,86,57,93,86,86,64,100,29,100,29,71,43,86,43,100,71,57,93,79,29,57,71,57,57,14,100,29,71,29,14,43,43,43,29,57,14,43,29,86,57,43,57,86,57,71,86,86,64,100,29,100,29,71,29,71,43,57,57,57,86,57,43,57,Liga Portugal
Nacional,99xu9ofwhlbp0lg1j4eiplgrg,94vz9l4bhvsvs9909kksvs3qh,Wesley Andrade,Wesley David de Oliveira Andrade,26.0,Defender,Brazil,Defender,73.0,80.0,148.0,478.0,8.0,4.0,3.0,3.0,7.0,3.0,4.0,4.0,6.0,8.0,20.0,13.0,1.0,1.0,5.0,4.0,9.0,4.0,0.0,0.0,5.0,88.1,50.0,31.25,66.67,14.29,51.28,42.86,50.0,0.4196535094551066,0.2863600189594052,5.0,10.0,0.2519350399999999,3.0,4.0,2.0,0.36620623,36.0,13.744769874476988,15.062761506276152,27.86610878661088,1.5062761506276152,0.7531380753138076,0.5648535564853556,0.5648535564853556,1.3179916317991631,0.5648535564853556,0.7531380753138076,0.7531380753138076,1.1297071129707112,1.5062761506276152,3.765690376569038,2.4476987447698746,0.1882845188284519,0.1882845188284519,0.9414225941422596,0.7531380753138076,1.694560669456067,0.7531380753138076,0.0,0.0,0.9414225941422596,88.1,50.0,31.25,66.67,14.29,51.28,42.86,50.0,0.0790142591024259,0.0539171583814779,0.9414225941422596,1.882845188284519,0.0474354677824267,0.5648535564853556,0.7531380753138076,0.3765690376569038,0.0689509638075313,6.778242677824268,CB,19,64,26,93,15,20,90,99,82,99,100,94,95,69,24,92,81,93,96,87,69,48,44,100,57,63,86,67,70,36,21,35,81,95,100,95,95,89,55,50,76,52,17,50,14,93,10,14,90,95,79,98,98,86,95,40,14,90,81,86,93,83,45,48,44,100,57,63,86,67,70,36,21,35,76,95,98,93,93,90,52,50,69,48,Liga Portugal
Nacional,99xu9ofwhlbp0lg1j4eiplgrg,9i1n0wl49q3swmwb582a6vg15,Léo Santos,Leonardo Rodrigues dos Santos,27.0,Defender,Brazil,Defender,159.0,65.0,222.0,405.0,10.0,22.0,15.0,5.0,5.0,5.0,0.0,0.0,2.0,2.0,24.0,25.0,1.0,1.0,2.0,2.0,4.0,3.0,1.0,1.0,2.0,85.38,46.81,100.0,100.0,20.0,57.14,62.5,60.0,0.6333217345395437,0.4927058931057291,0.0,6.0,0.16335516,2.0,12.0,17.0,0.8522355,106.0,35.333333333333336,14.444444444444445,49.333333333333336,2.2222222222222223,4.888888888888889,3.333333333333333,1.1111111111111112,1.1111111111111112,1.1111111111111112,0.0,0.0,0.4444444444444444,0.4444444444444444,5.333333333333333,5.555555555555555,0.2222222222222222,0.2222222222222222,0.4444444444444444,0.4444444444444444,0.8888888888888888,0.6666666666666666,0.2222222222222222,0.2222222222222222,0.4444444444444444,85.38,46.81,100.0,100.0,20.0,57.14,62.5,60.0,0.1407381632310097,0.1094901984679398,0.0,1.3333333333333333,0.0363011466666666,0.4444444444444444,2.6666666666666665,3.7777777777777777,0.1893856666666666,23.55555555555556,CB,50,50,45,100,81,88,99,89,98,37,38,63,63,88,60,92,81,54,80,52,46,98,93,93,36,50,96,87,76,45,65,44,93,98,40,86,88,80,75,80,95,74,45,48,50,98,83,85,100,93,98,37,38,62,62,83,52,100,90,48,81,55,43,100,98,93,36,50,96,87,76,45,65,44,95,100,40,86,88,81,79,86,98,71,Liga Portugal
Nacional,99xu9ofwhlbp0lg1j4eiplgrg,9umchhzzczfkymvx52hhni7d,Liziero,Igor Matheus Liziero Pereira,28.0,Midfielder,Brazil,Midfielder,94.0,62.0,156.0,338.0,1.0,8.0,1.0,3.0,3.0,1.0,2.0,0.0,2.0,2.0,19.0,2.0,1.0,2.0,7.0,0.0,7.0,3.0,1.0,0.0,0.0,84.78,47.06,0.0,0.0,66.67,50.0,0.0,27.27,0.1295728266650999,0.2625377888510063,1.0,3.0,0.06458782,2.0,15.0,14.0,0.51409076,83.0,25.02958579881657,16.50887573964497,41.53846153846154,0.2662721893491124,2.1301775147929,0.2662721893491124,0.7988165680473372,0.7988165680473372,0.2662721893491124,0.5325443786982249,0.0,0.5325443786982249,0.5325443786982249,5.059171597633136,0.5325443786982249,0.2662721893491124,0.5325443786982249,1.863905325443787,0.0,1.863905325443787,0.7988165680473372,0.2662721893491124,0.0,0.0,84.78,47.06,0.0,0.0,66.67,50.0,0.0,27.27,0.0345016402362692,0.0699065118242324,0.2662721893491124,0.7988165680473372,0.0171979402366863,0.5325443786982249,3.994082840236687,3.727810650887574,0.1368880721893491,22.10059171597633,CM/AM,100,60,92,6,82,18,26,26,26,48,16,12,10,58,42,74,50,72,12,96,36,74,52,20,76,40,20,12,90,72,10,8,16,28,24,26,28,42,80,72,76,100,100,52,96,4,84,20,20,28,24,52,16,8,8,64,44,84,44,64,12,100,36,76,52,20,76,40,20,12,90,72,10,8,16,28,24,24,24,36,88,68,76,100,Liga Portugal
Nacional,99xu9ofwhlbp0lg1j4eiplgrg,ausaja79nhlknp6lbmznb7ckq,W. Kokolo,William Kokolo,26.0,Defender,France,Defender,42.0,33.0,70.0,292.0,6.0,6.0,3.0,6.0,0.0,0.0,0.0,0.0,9.0,9.0,15.0,2.0,0.0,0.0,3.0,1.0,3.0,6.0,1.0,0.0,5.0,79.55,37.5,50.0,11.11,0.0,53.57,75.0,75.0,0.0,0.5662752075305827,0.0,5.0,0.11616615,4.0,6.0,10.0,0.43211991,30.0,12.945205479452056,10.17123287671233,21.575342465753423,1.8493150684931507,1.8493150684931507,0.9246575342465754,1.8493150684931507,0.0,0.0,0.0,0.0,2.773972602739726,2.773972602739726,4.623287671232877,0.6164383561643836,0.0,0.0,0.9246575342465754,0.3082191780821918,0.9246575342465754,1.8493150684931507,0.3082191780821918,0.0,1.5410958904109588,79.55,37.5,50.0,11.11,0.0,53.57,75.0,75.0,0.0,0.1745368790333987,0.0,1.5410958904109588,0.0358046352739726,1.2328767123287672,1.8493150684931507,3.0821917808219177,0.1331876434931506,9.246575342465754,LB/LCB,29,11,21,89,47,32,82,16,32,24,37,87,84,47,5,45,34,63,32,34,79,87,50,82,37,37,100,24,34,53,87,61,21,74,29,87,84,79,53,66,63,55,26,21,16,95,68,42,89,16,32,24,37,95,95,68,5,45,34,63,37,42,84,89,50,95,37,37,100,24,34,53,87,61,21,95,29,95,95,95,58,89,74,47,Liga Portugal
Nacional,99xu9ofwhlbp0lg1j4eiplgrg,c38u6t2mr5f441tcuxlwpulpm,Miguel Baeza,Miguel Baeza,26.0,Midfielder,Spain,Midfielder,63.0,61.0,122.0,454.0,5.0,13.0,6.0,3.0,5.0,2.0,3.0,1.0,4.0,4.0,15.0,6.0,1.0,3.0,6.0,0.0,1.0,2.0,0.0,0.0,2.0,84.14,76.47,40.0,0.0,60.0,53.57,60.0,66.67,0.3590578354842278,0.3401019299891864,4.0,4.0,0.08538083,1.0,14.0,18.0,0.4342698799999999,63.0,12.48898678414097,12.09251101321586,24.18502202643172,0.9911894273127754,2.577092511013216,1.1894273127753303,0.5947136563876653,0.9911894273127754,0.3964757709251101,0.5947136563876653,0.198237885462555,0.7929515418502203,0.7929515418502203,2.9735682819383262,1.1894273127753303,0.198237885462555,0.5947136563876653,1.1894273127753303,0.0,0.198237885462555,0.3964757709251101,0.0,0.0,0.3964757709251101,84.14,76.47,40.0,0.0,60.0,53.57,60.0,66.67,0.0711788660651552,0.0674210874427902,0.7929515418502203,0.7929515418502203,0.0169257151982378,0.198237885462555,2.775330396475771,3.5682819383259914,0.0860887427312775,12.48898678414097,CM/AM,96,56,72,30,100,96,26,56,48,68,42,30,28,30,88,74,72,58,12,28,22,30,52,50,72,92,88,12,82,84,86,66,52,40,80,40,36,22,76,84,64,84,84,32,48,16,92,84,12,32,28,56,32,20,16,12,76,64,48,28,12,20,16,30,52,48,72,92,88,12,82,84,86,66,32,24,52,20,20,24,64,64,48,68,Liga Portugal
Nacional,99xu9ofwhlbp0lg1j4eiplgrg,dpuj6vhkxhoujjxlqq3uw11jo,Pablo Ruan,Pablo Ruan Messias Cardozo,23.0,Attacker,Brazil,Striker,18.0,34.0,52.0,477.0,18.0,1.0,14.0,4.0,12.0,10.0,2.0,4.0,4.0,4.0,20.0,4.0,1.0,4.0,3.0,1.0,0.0,1.0,0.0,0.0,0.0,69.33,50.0,0.0,25.0,33.33,44.44,53.85,50.0,1.254042618396848,0.2509189027976523,3.0,0.0,0.0,0.0,2.0,2.0,0.0361293399999997,11.0,3.39622641509434,6.415094339622642,9.81132075471698,3.39622641509434,0.1886792452830188,2.6415094339622645,0.7547169811320755,2.2641509433962264,1.8867924528301887,0.3773584905660377,0.7547169811320755,0.7547169811320755,0.7547169811320755,3.7735849056603774,0.7547169811320755,0.1886792452830188,0.7547169811320755,0.5660377358490566,0.1886792452830188,0.0,0.1886792452830188,0.0,0.0,0.0,69.33,50.0,0.0,25.0,33.33,44.44,53.85,50.0,0.2366118147918581,0.0473431892071042,0.5660377358490566,0.0,0.0,0.0,0.3773584905660377,0.3773584905660377,0.0068168566037735,2.0754716981132075,RW,39,33,33,89,50,100,44,89,100,72,89,33,28,67,78,72,78,44,17,22,33,28,50,11,22,78,11,17,72,56,94,44,78,33,78,17,17,22,33,22,22,22,11,11,11,89,44,100,33,89,100,56,89,22,22,44,67,67,78,33,11,22,33,28,50,11,22,78,11,17,72,56,94,44,78,22,78,17,17,22,33,22,22,22,Liga Portugal
Santa Clara,cmbqc74mshg77ra7mywec2a6b,1i7lxt3ijmk984rn2ioys94ut,Pedro Pacheco,Pedro Jorge Pacheco Seabra,29.0,Defender,Portugal,Defender,184.0,62.0,245.0,450.0,3.0,20.0,3.0,1.0,2.0,1.0,1.0,0.0,2.0,2.0,10.0,34.0,0.0,0.0,1.0,2.0,10.0,2.0,0.0,0.0,1.0,86.88,46.51,25.0,100.0,0.0,50.0,50.0,50.0,0.16808693615435,0.116117995556184,0.0,5.0,0.08714701,0.0,12.0,17.0,0.5731912699999998,171.0,36.8,12.4,49.0,0.6,4.0,0.6,0.2,0.4,0.2,0.2,0.0,0.4,0.4,2.0,6.8,0.0,0.0,0.2,0.4,2.0,0.4,0.0,0.0,0.2,86.88,46.51,25.0,100.0,0.0,50.0,50.0,50.0,0.03361738723087,0.0232235991112368,0.0,1.0,0.017429402,0.0,2.4,3.4,0.1146382539999999,34.2,CB,67,45,67,51,75,20,54,58,50,81,38,63,63,20,81,42,35,29,80,93,25,48,44,86,43,48,83,87,35,31,35,35,57,76,40,80,79,32,75,80,88,86,57,38,48,43,69,17,49,57,48,81,38,55,55,10,79,42,35,26,73,93,19,48,44,86,43,48,83,87,35,31,35,35,60,74,40,80,76,32,71,81,88,88,Liga Portugal
Santa Clara,cmbqc74mshg77ra7mywec2a6b,28h8k0bv45oiw9k64dd5mdawa,Tiago Ribeiro,Tiago Miguel Hora Ribeiro,24.0,Midfielder,Portugal,Midfielder,22.0,37.0,55.0,179.0,1.0,4.0,3.0,3.0,5.0,1.0,4.0,2.0,0.0,0.0,9.0,0.0,1.0,2.0,3.0,0.0,1.0,3.0,0.0,0.0,4.0,73.33,44.44,26.67,0.0,40.0,45.0,75.0,100.0,0.3327163775719877,0.2913628687698184,2.0,2.0,0.04347372,2.0,2.0,10.0,0.2577580499999999,23.0,11.06145251396648,18.60335195530726,27.6536312849162,0.5027932960893855,2.011173184357542,1.5083798882681565,1.5083798882681565,2.5139664804469275,0.5027932960893855,2.011173184357542,1.005586592178771,0.0,0.0,4.5251396648044695,0.0,0.5027932960893855,1.005586592178771,1.5083798882681565,0.0,0.5027932960893855,1.5083798882681565,0.0,0.0,2.011173184357542,73.33,44.44,26.67,0.0,40.0,45.0,75.0,100.0,0.1672875641423401,0.146495297146836,1.005586592178771,1.005586592178771,0.021858294972067,1.005586592178771,1.005586592178771,5.027932960893855,0.1295990195530725,11.564245810055866,CM/AM,28,22,16,6,56,58,26,56,26,80,66,4,4,12,6,74,50,12,12,28,36,30,52,74,16,34,68,12,60,40,98,94,48,36,50,14,14,42,14,56,36,24,72,72,56,8,80,96,68,84,48,100,88,4,4,48,6,96,88,52,12,60,88,30,52,92,16,34,68,12,60,40,98,94,64,68,88,32,28,68,20,96,72,64,Liga Portugal
Santa Clara,cmbqc74mshg77ra7mywec2a6b,2aumz6rtq4ufba7z7zn5v8frp,Gonçalo Paciência,Gonçalo Mendes Paciência,32.0,Attacker,Portugal,Striker,17.0,30.0,46.0,374.0,16.0,3.0,6.0,3.0,18.0,11.0,7.0,3.0,10.0,10.0,23.0,3.0,4.0,9.0,7.0,5.0,1.0,4.0,1.0,0.0,1.0,63.89,33.33,50.0,50.0,50.0,41.07,35.29,80.0,2.2386985418900407,0.3126547528196206,4.0,4.0,0.1270642,3.0,6.0,7.0,0.2911416099999999,21.0,4.090909090909091,7.219251336898395,11.06951871657754,3.850267379679144,0.7219251336898395,1.443850267379679,0.7219251336898395,4.331550802139037,2.647058823529412,1.6844919786096255,0.7219251336898395,2.406417112299465,2.406417112299465,5.5347593582887695,0.7219251336898395,0.962566844919786,2.1657754010695185,1.6844919786096255,1.2032085561497323,0.2406417112299465,0.962566844919786,0.2406417112299465,0.0,0.2406417112299465,63.89,33.33,50.0,50.0,50.0,41.07,35.29,80.0,0.5387242480484055,0.0752377747426894,0.962566844919786,0.962566844919786,0.0305769465240641,0.7219251336898395,1.443850267379679,1.6844919786096255,0.0700608152406416,5.053475935828876,ST,51,36,43,59,74,67,41,90,83,100,79,79,74,69,54,93,96,63,79,56,81,76,51,69,20,23,97,61,76,43,46,69,91,57,81,49,54,69,84,74,66,67,40,37,31,57,71,63,37,89,83,100,74,69,66,60,50,89,94,63,71,56,77,70,51,71,20,23,97,61,76,43,46,69,94,46,81,46,49,67,86,69,54,57,Liga Portugal
Santa Clara,cmbqc74mshg77ra7mywec2a6b,2qm5o47nieer84hlce71ol7o4,Sorriso,Luiz Fernando Salles de Castro,20.0,Attacker,Brazil,Striker,15.0,33.0,44.0,292.0,16.0,2.0,2.0,5.0,8.0,6.0,2.0,6.0,12.0,14.0,15.0,3.0,0.0,2.0,5.0,6.0,1.0,1.0,1.0,0.0,4.0,78.57,40.0,80.0,50.0,25.0,45.45,40.0,50.0,0.5923932161160708,0.3966312795089004,6.0,5.0,0.11767659,1.0,2.0,7.0,0.2801506899999998,14.0,4.623287671232877,10.17123287671233,13.561643835616438,4.931506849315069,0.6164383561643836,0.6164383561643836,1.5410958904109588,2.4657534246575343,1.8493150684931507,0.6164383561643836,1.8493150684931507,3.6986301369863015,4.315068493150685,4.623287671232877,0.9246575342465754,0.0,0.6164383561643836,1.5410958904109588,1.8493150684931507,0.3082191780821918,0.3082191780821918,0.3082191780821918,0.0,1.2328767123287672,78.57,40.0,80.0,50.0,25.0,45.45,40.0,50.0,0.1825869501727615,0.1222493669719213,1.8493150684931507,1.5410958904109588,0.036270181849315,0.3082191780821918,0.6164383561643836,2.1575342465753424,0.0863478154109588,4.315068493150685,ST,34,50,34,59,50,30,59,51,50,64,100,89,89,50,54,17,33,40,86,56,26,76,51,91,63,30,100,61,30,57,53,29,34,63,96,60,51,41,40,74,63,37,57,54,46,74,61,31,77,71,66,71,100,89,91,51,63,17,36,49,89,63,29,77,51,94,63,30,100,61,30,57,53,29,49,77,97,71,54,46,51,77,63,51,Liga Portugal
Santa Clara,cmbqc74mshg77ra7mywec2a6b,4dwkdr1ctq1vxtbyforskrhn8,Djé Tavares,José Luís Rocha Tavares,23.0,Midfielder,Cabo Verde,Midfielder,52.0,49.0,101.0,404.0,2.0,7.0,5.0,6.0,4.0,2.0,2.0,4.0,8.0,8.0,26.0,5.0,0.0,0.0,6.0,6.0,0.0,6.0,0.0,0.0,0.0,79.53,53.85,0.0,75.0,0.0,63.41,0.0,66.67,0.3134269972869924,0.4037430002362763,2.0,6.0,0.1830613499999999,2.0,9.0,11.0,0.2940235899999999,45.0,11.584158415841584,10.915841584158416,22.5,0.4455445544554455,1.5594059405940597,1.113861386138614,1.3366336633663367,0.8910891089108911,0.4455445544554455,0.4455445544554455,0.8910891089108911,1.7821782178217822,1.7821782178217822,5.792079207920792,1.113861386138614,0.0,0.0,1.3366336633663367,1.3366336633663367,0.0,1.3366336633663367,0.0,0.0,0.0,79.53,53.85,0.0,75.0,0.0,63.41,0.0,66.67,0.0698228459302705,0.0899427475773882,0.4455445544554455,1.3366336633663367,0.0407809938118811,0.4455445544554455,2.004950495049505,2.4504950495049505,0.0655003047029702,10.024752475247524,DM/CM,25,34,24,47,54,58,91,74,79,64,100,89,88,82,49,45,26,78,96,7,70,42,50,32,18,55,32,72,26,84,4,64,79,87,74,83,89,71,57,66,63,50,13,13,11,42,45,55,92,66,76,61,100,84,84,68,42,45,26,61,87,7,66,42,50,32,18,55,32,72,26,84,4,64,76,79,71,79,87,74,47,55,55,39,Liga Portugal
Santa Clara,cmbqc74mshg77ra7mywec2a6b,54ufz1uj4hkihp7ghf9u4x1m2,Vinícius Lopes,Vinícius Lopes da Silva,27.0,Attacker,Brazil,Striker,16.0,45.0,59.0,355.0,25.0,3.0,4.0,9.0,8.0,7.0,1.0,3.0,22.0,22.0,32.0,2.0,1.0,2.0,8.0,10.0,1.0,7.0,1.0,0.0,2.0,81.94,75.0,33.33,45.45,25.0,47.06,40.0,70.0,0.989400003020384,0.6757110926724237,5.0,6.0,0.16531964,7.0,2.0,4.0,0.78136641,24.0,4.056338028169014,11.408450704225352,14.957746478873238,6.338028169014084,0.7605633802816901,1.0140845070422535,2.2816901408450705,2.028169014084507,1.7746478873239435,0.2535211267605634,0.7605633802816901,5.577464788732394,5.577464788732394,8.112676056338028,0.5070422535211268,0.2535211267605634,0.5070422535211268,2.028169014084507,2.535211267605633,0.2535211267605634,1.7746478873239435,0.2535211267605634,0.0,0.5070422535211268,81.94,75.0,33.33,45.45,25.0,47.06,40.0,70.0,0.2508338035826326,0.1713070375789243,1.2676056338028168,1.5211267605633805,0.0419120214084507,1.7746478873239435,0.5070422535211268,1.0140845070422535,0.1980928926760563,6.084507042253521,ST,41,76,63,89,74,50,93,51,59,39,79,96,94,87,33,47,33,76,97,56,94,76,51,77,86,77,90,51,30,63,53,60,66,83,91,74,66,97,40,44,83,77,34,69,60,80,74,51,91,54,60,37,77,97,97,91,31,51,29,80,97,60,94,74,51,77,86,77,90,51,30,63,53,60,71,86,89,69,60,97,40,46,91,66,Liga Portugal
Santa Clara,cmbqc74mshg77ra7mywec2a6b,6fno1nklmlp93liytohma0mol,Pedro Ferreira,Pedro Miguel Dinis Ferreira,28.0,Midfielder,Portugal,Midfielder,95.0,81.0,175.0,450.0,4.0,9.0,5.0,6.0,3.0,0.0,3.0,1.0,4.0,4.0,30.0,7.0,0.0,0.0,2.0,1.0,6.0,13.0,0.0,0.0,1.0,84.13,34.62,20.0,25.0,0.0,63.83,71.43,59.09,0.1597636007286578,0.3008467019062576,3.0,6.0,0.19902586,1.0,16.0,13.0,0.2810857099999999,90.0,19.0,16.2,35.0,0.8,1.8,1.0,1.2,0.6,0.0,0.6,0.2,0.8,0.8,6.0,1.4,0.0,0.0,0.4,0.2,1.2,2.6,0.0,0.0,0.2,84.13,34.62,20.0,25.0,0.0,63.83,71.43,59.09,0.0319527201457315,0.0601693403812515,0.6,1.2,0.039805172,0.2,3.2,2.6,0.0562171419999999,18.0,DM/CM,79,62,74,74,67,58,91,57,24,83,67,57,57,89,62,45,26,18,37,63,97,42,50,75,32,16,71,26,26,87,84,53,58,71,87,83,95,50,76,72,61,80,53,55,50,63,55,47,79,37,24,71,53,42,42,74,58,45,26,16,26,50,95,42,50,66,32,16,71,26,26,87,84,53,50,63,74,71,84,42,71,66,50,76,Liga Portugal
Santa Clara,cmbqc74mshg77ra7mywec2a6b,dt01awyt3xvq2soxhr6oqb4lw,Emanuel Moreira,Emanuel Moreira Fernandes,23.0,Defender,Portugal,Defender,123.0,36.0,159.0,360.0,6.0,7.0,5.0,2.0,2.0,2.0,0.0,1.0,0.0,0.0,9.0,15.0,0.0,0.0,2.0,0.0,1.0,1.0,0.0,0.0,0.0,85.95,24.14,0.0,0.0,0.0,50.0,50.0,50.0,0.222315834372631,0.1255368025577505,0.0,2.0,0.03620728,0.0,6.0,8.0,0.1728323999999998,100.0,30.75,9.0,39.75,1.5,1.75,1.25,0.5,0.5,0.5,0.0,0.25,0.0,0.0,2.25,3.75,0.0,0.0,0.5,0.0,0.25,0.25,0.0,0.0,0.0,85.95,24.14,0.0,0.0,0.0,50.0,50.0,50.0,0.0555789585931577,0.0313842006394376,0.0,0.5,0.00905182,0.0,1.5,2.0,0.0432080999999999,25.0,CB,33,14,29,82,35,31,76,58,68,37,85,18,18,14,30,42,35,54,23,13,13,48,44,40,38,10,40,23,35,31,35,35,67,79,40,65,62,32,63,64,57,69,31,17,24,90,26,33,83,64,73,37,93,18,18,12,30,42,35,62,23,10,17,48,44,40,38,10,40,23,35,31,35,35,71,83,40,69,67,32,62,65,60,76,Liga Portugal
Santa Clara,cmbqc74mshg77ra7mywec2a6b,et878b7bvcbvteu20cckyx6qy,Daniel Borges,Daniel Borges da Silva,23.0,Midfielder,Brazil,Midfielder,31.0,33.0,63.0,258.0,9.0,2.0,9.0,1.0,5.0,4.0,1.0,1.0,3.0,3.0,21.0,7.0,0.0,1.0,6.0,3.0,3.0,3.0,0.0,0.0,1.0,78.75,50.0,100.0,100.0,20.0,53.85,60.0,75.0,0.6001263362654287,0.0,2.0,1.0,0.01935132,1.0,4.0,4.0,0.0730112199999998,25.0,10.813953488372093,11.511627906976743,21.97674418604651,3.13953488372093,0.6976744186046512,3.13953488372093,0.3488372093023256,1.744186046511628,1.3953488372093024,0.3488372093023256,0.3488372093023256,1.0465116279069768,1.0465116279069768,7.325581395348837,2.441860465116279,0.0,0.3488372093023256,2.0930232558139537,1.0465116279069768,1.0465116279069768,1.0465116279069768,0.0,0.0,0.3488372093023256,78.75,50.0,100.0,100.0,20.0,53.85,60.0,75.0,0.2093463963716611,0.0,0.6976744186046512,0.3488372093023256,0.0067504604651162,0.3488372093023256,1.3953488372093024,1.3953488372093024,0.025469030232558,8.720930232558139,DM/CM,5,12,5,93,14,92,20,86,96,36,67,47,46,57,62,45,67,78,66,36,42,42,50,75,11,42,100,92,53,55,68,80,97,16,74,36,34,50,37,33,26,34,8,21,5,100,16,95,21,97,97,42,74,63,61,84,76,45,76,89,79,42,50,42,50,82,11,42,100,92,53,55,68,80,95,16,79,37,37,58,39,32,26,37,Liga Portugal
Santa Clara,cmbqc74mshg77ra7mywec2a6b,mlxww3jvhdzq13ecybrtw9gp,Guilherme Romão,Guilherme Kennedy Romão,28.0,Defender,Brazil,Defender,61.0,64.0,122.0,450.0,3.0,6.0,4.0,5.0,1.0,1.0,0.0,1.0,4.0,4.0,19.0,18.0,0.0,0.0,6.0,2.0,7.0,2.0,0.0,0.0,3.0,74.85,22.22,37.5,50.0,0.0,65.52,66.67,28.57,0.0645292144842278,0.5338659442403353,0.0,1.0,0.02122129,4.0,19.0,12.0,0.5755740799999998,73.0,12.2,12.8,24.4,0.6,1.2,0.8,1.0,0.2,0.2,0.0,0.2,0.8,0.8,3.8,3.6,0.0,0.0,1.2,0.4,1.4,0.4,0.0,0.0,0.6,74.85,22.22,37.5,50.0,0.0,65.52,66.67,28.57,0.0129058428968455,0.106773188848067,0.0,0.2,0.004244258,0.8,3.8,2.4,0.1151148159999999,14.6,LB/LCB,42,74,63,53,47,58,66,47,76,24,79,42,39,66,84,45,34,100,58,95,16,42,50,71,16,16,89,76,34,79,74,5,58,68,29,53,53,79,84,76,68,84,16,42,32,37,32,32,68,37,68,24,76,26,26,42,68,45,34,87,47,68,11,42,50,63,16,16,89,76,34,79,74,5,53,74,29,53,53,66,89,68,63,84,Liga Portugal
Marítimo,7kfx3xpj2c2wxinsyi16i9gaz,1arszie3v8bks90bcetskhwfe,Adrián Butzke,Adrián Butzke,27.0,Attacker,Spain,Striker,16.0,28.0,43.0,406.0,19.0,3.0,18.0,6.0,8.0,8.0,0.0,1.0,2.0,2.0,29.0,5.0,1.0,1.0,8.0,0.0,0.0,2.0,0.0,0.0,1.0,58.9,100.0,25.0,0.0,12.5,42.03,40.0,66.67,0.9765457815565416,0.5008781294246669,1.0,4.0,0.0913404199999999,4.0,2.0,6.0,0.5967630399999998,18.0,3.5467980295566504,6.206896551724138,9.532019704433498,4.211822660098522,0.6650246305418719,3.990147783251232,1.3300492610837438,1.7733990147783252,1.7733990147783252,0.0,0.2216748768472906,0.4433497536945813,0.4433497536945813,6.428571428571429,1.1083743842364533,0.2216748768472906,0.2216748768472906,1.7733990147783252,0.0,0.0,0.4433497536945813,0.0,0.0,0.2216748768472906,58.9,100.0,25.0,0.0,12.5,42.03,40.0,66.67,0.2164756658622875,0.1110320976557143,0.2216748768472906,0.8866995073891626,0.0202478763546797,0.8866995073891626,0.4433497536945813,1.3300492610837438,0.1322873733990147,3.990147783251232,ST,41,31,31,71,74,94,70,51,69,11,39,16,16,77,81,47,19,76,13,21,53,31,51,69,6,94,73,13,17,46,53,47,63,71,33,49,43,81,40,61,80,54,23,23,23,63,66,97,60,46,57,11,34,14,14,74,80,46,17,69,13,21,44,31,51,69,6,94,73,13,17,46,53,47,57,66,29,40,40,79,34,54,77,47,Liga Portugal
Marítimo,7kfx3xpj2c2wxinsyi16i9gaz,2jl9lfqd2q74iwamx7g0xva50,Rafael Fernandes,Rafael Tavares Gomes Fernandes,24.0,Defender,Portugal,Defender,172.0,32.0,204.0,447.0,5.0,6.0,16.0,2.0,3.0,3.0,0.0,0.0,2.0,2.0,22.0,28.0,0.0,0.0,2.0,1.0,1.0,4.0,0.0,0.0,0.0,84.65,27.27,0.0,50.0,0.0,62.86,66.67,100.0,0.4888788084247679,0.0,0.0,0.0,0.0,0.0,3.0,4.0,0.1204402399999998,57.0,34.630872483221474,6.442953020134228,41.07382550335571,1.006711409395973,1.2080536912751678,3.221476510067114,0.4026845637583892,0.6040268456375839,0.6040268456375839,0.0,0.0,0.4026845637583892,0.4026845637583892,4.429530201342282,5.6375838926174495,0.0,0.0,0.4026845637583892,0.2013422818791946,0.2013422818791946,0.8053691275167785,0.0,0.0,0.0,84.65,27.27,0.0,50.0,0.0,62.86,66.67,100.0,0.0984319748506244,0.0,0.0,0.0,0.0,0.0,0.6040268456375839,0.8053691275167785,0.0242497127516778,11.476510067114091,CB,61,12,43,74,26,90,76,73,82,37,38,63,63,80,64,42,35,54,56,13,69,48,44,40,29,14,40,54,35,74,77,89,88,31,40,27,27,32,49,55,50,58,40,10,31,76,21,81,69,71,81,37,38,60,60,64,55,42,35,43,50,7,52,48,44,40,29,14,40,54,35,74,77,89,86,31,40,27,27,32,50,52,50,62,Liga Portugal
Marítimo,7kfx3xpj2c2wxinsyi16i9gaz,5cg0ahxt9ati55rhnamlf9qeh,S. Bouzaidi,Mohamed Bouzaidi Diouri,26.0,Attacker,Morocco,Striker,20.0,39.0,58.0,221.0,8.0,0.0,1.0,5.0,4.0,4.0,0.0,1.0,4.0,4.0,5.0,2.0,1.0,1.0,2.0,1.0,0.0,0.0,0.0,0.0,1.0,81.69,0.0,33.33,25.0,25.0,19.23,20.0,0.0,0.4981451853553414,0.4365775834263053,0.0,7.0,0.20379786,2.0,5.0,3.0,0.34452002,18.0,8.144796380090497,15.88235294117647,23.61990950226244,3.257918552036199,0.0,0.4072398190045249,2.0361990950226243,1.6289592760180995,1.6289592760180995,0.0,0.4072398190045249,1.6289592760180995,1.6289592760180995,2.0361990950226243,0.8144796380090498,0.4072398190045249,0.4072398190045249,0.8144796380090498,0.4072398190045249,0.0,0.0,0.0,0.0,0.4072398190045249,81.69,0.0,33.33,25.0,25.0,19.23,20.0,0.0,0.2028645551220847,0.1777917760559614,0.0,2.850678733031674,0.0829946036199095,0.8144796380090498,2.0361990950226243,1.2217194570135743,0.1403022705882352,7.330316742081448,RW,56,44,44,56,22,39,61,50,56,17,61,33,28,11,44,72,56,33,17,22,17,28,50,33,100,22,89,17,50,11,44,17,56,56,28,67,67,56,61,33,44,33,78,89,67,78,22,44,100,67,89,17,78,44,44,11,78,89,67,56,22,22,17,28,50,33,100,22,89,17,50,11,44,17,67,78,28,89,100,78,89,33,67,67,Liga Portugal
Marítimo,7kfx3xpj2c2wxinsyi16i9gaz,5zbaigi2kpo930z50irfq11p1,Paulo Henrique,Paulo Henrique Rodrigues Cabral,29.0,Defender,Portugal,Defender,76.0,48.0,119.0,450.0,8.0,12.0,11.0,1.0,7.0,4.0,3.0,1.0,7.0,7.0,20.0,11.0,1.0,2.0,2.0,3.0,4.0,4.0,0.0,0.0,5.0,78.29,52.17,25.0,42.86,28.57,54.05,78.57,100.0,0.732256773835616,0.1061574524949222,2.0,4.0,0.07487082,4.0,9.0,13.0,0.7843135299999999,52.0,15.2,9.6,23.8,1.6,2.4,2.2,0.2,1.4,0.8,0.6,0.2,1.4,1.4,4.0,2.2,0.2,0.4,0.4,0.6,0.8,0.8,0.0,0.0,1.0,78.29,52.17,25.0,42.86,28.57,54.05,78.57,100.0,0.1464513547671232,0.0212314904989844,0.4,0.8,0.014974164,0.8,1.8,2.6,0.156862706,10.4,LB/LCB,66,47,53,95,95,100,37,95,100,87,79,68,68,79,55,95,95,42,82,55,47,42,50,82,32,74,61,61,79,63,95,95,100,42,87,76,68,79,68,84,84,63,42,16,26,84,74,95,32,95,100,84,76,58,53,47,37,89,95,32,68,37,34,42,50,79,32,74,61,61,79,63,95,95,100,37,79,68,58,66,53,79,79,63,Liga Portugal
Marítimo,7kfx3xpj2c2wxinsyi16i9gaz,731oal9g3hg04ku6mn4doxx7u,Romain Correia,Romain Rodrigues Correia,27.0,Defender,Portugal,Defender,188.0,47.0,234.0,450.0,3.0,25.0,6.0,0.0,3.0,2.0,1.0,1.0,3.0,3.0,14.0,25.0,0.0,0.0,2.0,2.0,6.0,4.0,0.0,0.0,1.0,88.64,55.56,100.0,66.67,0.0,60.87,60.0,100.0,0.2771710349661269,0.0,1.0,0.0,0.0,0.0,6.0,6.0,0.1974068099999998,102.0,37.6,9.4,46.8,0.6,5.0,1.2,0.0,0.6,0.4,0.2,0.2,0.6,0.6,2.8,5.0,0.0,0.0,0.4,0.4,1.2,0.8,0.0,0.0,0.2,88.64,55.56,100.0,66.67,0.0,60.87,60.0,100.0,0.0554342069932253,0.0,0.2,0.0,0.0,0.0,1.2,1.2,0.0394813619999999,20.4,CB,69,38,54,51,88,35,20,73,68,81,85,81,80,35,60,42,35,54,80,74,69,48,44,86,64,77,96,67,35,62,56,89,71,31,86,27,27,32,63,61,62,71,60,21,43,43,86,31,20,69,64,81,82,74,74,24,48,42,35,40,73,68,50,48,44,86,64,77,96,67,35,62,56,89,69,31,85,27,27,32,60,57,57,67,Liga Portugal
Marítimo,7kfx3xpj2c2wxinsyi16i9gaz,7m2za4jynw9fdc2ax1455ibpx,Igor Julião,Igor de Carvalho Julião,32.0,Defender,Brazil,Defender,46.0,45.0,89.0,438.0,2.0,5.0,5.0,6.0,0.0,0.0,0.0,0.0,7.0,8.0,23.0,12.0,0.0,0.0,2.0,3.0,6.0,8.0,0.0,0.0,2.0,73.55,31.25,50.0,42.86,0.0,46.94,41.67,61.54,0.0,0.5307579105681948,0.0,3.0,0.06402147,3.0,9.0,7.0,0.1607570899999998,40.0,9.45205479452055,9.246575342465754,18.287671232876715,0.4109589041095891,1.0273972602739727,1.0273972602739727,1.2328767123287672,0.0,0.0,0.0,0.0,1.4383561643835618,1.6438356164383563,4.726027397260275,2.4657534246575343,0.0,0.0,0.4109589041095891,0.6164383561643836,1.2328767123287672,1.6438356164383563,0.0,0.0,0.4109589041095891,73.55,31.25,50.0,42.86,0.0,46.94,41.67,61.54,0.0,0.1090598446373003,0.0,0.6164383561643836,0.0131550965753424,0.6164383561643836,1.8493150684931507,1.4383561643835618,0.0330322787671232,8.219178082191782,RB/RCB,30,27,20,23,37,63,87,10,10,40,33,67,73,80,40,47,33,27,73,77,80,47,53,63,20,20,97,53,33,7,33,47,20,80,40,50,47,67,67,60,47,47,13,20,13,20,27,53,80,10,10,40,33,60,67,47,27,47,33,13,53,67,80,47,53,53,20,20,97,53,33,7,33,47,20,80,40,40,40,67,67,53,40,47,Liga Portugal
Marítimo,7kfx3xpj2c2wxinsyi16i9gaz,955yw97qoi7rsgbwqq5mm86sq,V. Danilović,Vladan Danilovic,27.0,Midfielder,Bosnia and Herzegovina,Midfielder,114.0,60.0,174.0,396.0,3.0,10.0,8.0,0.0,3.0,2.0,1.0,1.0,1.0,1.0,20.0,6.0,0.0,1.0,5.0,0.0,7.0,6.0,0.0,0.0,0.0,89.23,62.5,0.0,0.0,33.33,51.28,61.54,85.71,0.3231855524527505,0.0,1.0,3.0,0.0637928899999999,1.0,9.0,11.0,0.2577849299999999,59.0,25.909090909090907,13.636363636363637,39.54545454545454,0.6818181818181818,2.2727272727272725,1.818181818181818,0.0,0.6818181818181818,0.4545454545454545,0.2272727272727272,0.2272727272727272,0.2272727272727272,0.2272727272727272,4.545454545454545,1.3636363636363635,0.0,0.2272727272727272,1.1363636363636362,0.0,1.5909090909090908,1.3636363636363635,0.0,0.0,0.0,89.23,62.5,0.0,0.0,33.33,51.28,61.54,85.71,0.0734512619210796,0.0,0.2272727272727272,0.6818181818181818,0.014498384090909,0.2272727272727272,2.0454545454545454,2.5,0.058587484090909,13.409090909090908,DM/CM,89,50,71,63,76,88,5,57,79,36,67,17,17,53,54,45,67,62,12,75,70,42,50,32,82,67,32,12,68,45,76,89,82,16,54,57,58,50,57,66,58,62,82,39,63,53,74,84,5,47,79,26,58,8,8,47,55,45,61,47,12,71,68,42,50,32,82,67,32,12,68,45,76,89,82,16,50,53,53,45,50,61,53,61,Liga Portugal
Marítimo,7kfx3xpj2c2wxinsyi16i9gaz,9dm359vn9nn8jzgh7nw614zkk,Rodrigo Andrade,Rodrigo Marcos Rodrigues Andrade,24.0,Midfielder,Portugal,Midfielder,81.0,42.0,123.0,448.0,1.0,4.0,7.0,2.0,3.0,1.0,2.0,1.0,4.0,4.0,26.0,12.0,0.0,1.0,6.0,1.0,5.0,9.0,0.0,0.0,0.0,82.0,57.14,0.0,25.0,33.33,44.07,41.18,75.0,0.3285953076168071,0.0997830689798854,0.0,1.0,0.01685596,2.0,5.0,7.0,0.19152997,43.0,16.272321428571427,8.4375,24.709821428571427,0.2008928571428571,0.8035714285714286,1.40625,0.4017857142857143,0.6026785714285714,0.2008928571428571,0.4017857142857143,0.2008928571428571,0.8035714285714286,0.8035714285714286,5.223214285714286,2.4107142857142856,0.0,0.2008928571428571,1.2053571428571428,0.2008928571428571,1.0044642857142856,1.8080357142857144,0.0,0.0,0.0,82.0,57.14,0.0,25.0,33.33,44.07,41.18,75.0,0.0660124501908764,0.0200457058218519,0.0,0.2008928571428571,0.0033862419642857,0.4017857142857143,1.0044642857142856,1.40625,0.0384770029017857,8.638392857142858,DM/CM,68,26,42,30,25,82,45,57,57,64,67,57,57,82,88,45,67,78,37,51,93,42,50,32,24,59,32,26,68,26,32,80,84,42,22,36,32,71,42,41,45,46,42,5,18,29,18,71,37,42,47,50,55,45,45,61,74,45,55,53,29,39,84,42,50,32,24,59,32,26,68,26,32,80,71,39,22,32,32,66,34,34,42,34,Liga Portugal
Marítimo,7kfx3xpj2c2wxinsyi16i9gaz,d0rkybarcfm1og9fejiz2347o,Martín Tejón,Martín Tejón,22.0,Midfielder,Spain,Midfielder,30.0,47.0,70.0,429.0,16.0,4.0,2.0,7.0,14.0,10.0,4.0,4.0,14.0,14.0,37.0,5.0,1.0,5.0,16.0,10.0,1.0,5.0,1.0,0.0,7.0,74.47,36.36,30.43,71.43,35.71,56.92,22.22,55.56,1.251211936688499,0.9302622087443424,6.0,9.0,0.2388794899999999,4.0,7.0,17.0,0.6022011999999999,33.0,6.293706293706294,9.86013986013986,14.685314685314683,3.3566433566433567,0.8391608391608392,0.4195804195804196,1.4685314685314683,2.937062937062937,2.097902097902098,0.8391608391608392,0.8391608391608392,2.937062937062937,2.937062937062937,7.762237762237762,1.048951048951049,0.2097902097902098,1.048951048951049,3.3566433566433567,2.097902097902098,0.2097902097902098,1.048951048951049,0.2097902097902098,0.0,1.4685314685314683,74.47,36.36,30.43,71.43,35.71,56.92,22.22,55.56,0.2624920146898949,0.1951599039323795,1.2587412587412588,1.888111888111888,0.0501145783216783,0.8391608391608392,1.4685314685314683,3.5664335664335667,0.126335916083916,6.923076923076923,CM/AM,36,30,32,82,56,36,78,94,96,80,86,90,86,96,80,74,94,96,100,28,76,74,52,92,20,24,76,96,54,92,28,30,88,92,100,82,80,70,46,78,80,36,20,16,12,72,44,28,64,96,100,68,76,76,72,96,72,68,96,96,92,28,60,64,52,88,20,24,76,96,54,92,28,30,80,88,96,64,68,60,32,60,68,28,Liga Portugal
Marítimo,7kfx3xpj2c2wxinsyi16i9gaz,de1nmkgahbsrky75itebiitp1,Raphael Guzzo,Raphael Gregório Guzzo,31.0,Midfielder,Portugal,Midfielder,40.0,71.0,106.0,417.0,11.0,6.0,4.0,6.0,3.0,2.0,1.0,0.0,6.0,7.0,21.0,4.0,1.0,3.0,6.0,2.0,4.0,6.0,0.0,0.0,5.0,73.1,54.55,22.73,33.33,100.0,42.86,40.0,66.67,0.3138791658862045,0.5477631913883775,1.0,5.0,0.1160822,6.0,11.0,10.0,0.2263619699999997,49.0,8.633093525179856,15.323741007194243,22.87769784172661,2.3741007194244603,1.2949640287769784,0.8633093525179856,1.2949640287769784,0.6474820143884892,0.4316546762589928,0.2158273381294964,0.0,1.2949640287769784,1.5107913669064748,4.532374100719424,0.8633093525179856,0.2158273381294964,0.6474820143884892,1.2949640287769784,0.4316546762589928,0.8633093525179856,1.2949640287769784,0.0,0.0,1.079136690647482,73.1,54.55,22.73,33.33,100.0,42.86,40.0,66.67,0.0677437048675261,0.1182222715226713,0.2158273381294964,1.079136690647482,0.0250537122302158,1.2949640287769784,2.3741007194244603,2.158273381294964,0.0488551014388488,10.575539568345322,CM/AM,56,68,60,56,68,76,68,26,48,20,16,46,50,68,74,74,72,58,42,84,90,30,52,82,12,52,60,46,100,28,58,66,40,64,24,48,44,86,68,56,32,66,36,44,40,44,68,60,52,20,36,16,16,36,36,52,64,72,64,36,40,72,72,30,52,72,12,52,60,46,100,28,58,66,28,60,20,36,32,76,60,40,20,52,Liga Portugal
Casa Pia,ewsf6evtguu9j7k6js4tlgl89,1jqqawhipf80rrgz79hyu5ct0,Pedro Rosas,Pedro Silva Rosas,25.0,Defender,Portugal,Defender,19.0,41.0,52.0,320.0,4.0,0.0,10.0,8.0,1.0,0.0,1.0,0.0,3.0,3.0,20.0,16.0,0.0,0.0,1.0,2.0,5.0,4.0,0.0,0.0,8.0,71.23,0.0,42.11,66.67,0.0,66.67,83.33,57.14,0.0310815899375449,0.8216736837201306,1.0,3.0,0.0728992499999999,3.0,6.0,7.0,0.6657993499999999,28.0,5.34375,11.53125,14.625,1.125,0.0,2.8125,2.25,0.28125,0.0,0.28125,0.0,0.84375,0.84375,5.625,4.5,0.0,0.0,0.28125,0.5625,1.40625,1.125,0.0,0.0,2.25,71.23,0.0,42.11,66.67,0.0,66.67,83.33,57.14,0.0087416971699345,0.2310957235462867,0.28125,0.84375,0.0205029140624999,0.84375,1.6875,1.96875,0.1872560671874999,7.875,LB/LCB,5,34,5,74,5,95,97,47,32,61,37,24,24,79,79,45,34,24,58,74,47,42,50,100,5,5,95,95,34,87,100,37,42,100,68,66,63,63,53,53,74,47,5,26,5,79,5,100,100,53,32,63,37,37,32,95,84,45,34,21,63,79,53,42,50,100,5,5,95,95,34,87,100,37,42,100,74,74,63,79,47,47,89,37,Liga Portugal
Casa Pia,ewsf6evtguu9j7k6js4tlgl89,26t2dvwvx2wqzf5hj59ws5all,L. Ofori,Lawrence Ofori,28.0,Midfielder,Ghana,Midfielder,65.0,118.0,182.0,540.0,4.0,6.0,1.0,8.0,5.0,2.0,3.0,1.0,6.0,6.0,22.0,7.0,0.0,0.0,9.0,4.0,8.0,6.0,0.0,0.0,1.0,84.65,50.0,16.67,66.67,0.0,46.81,12.5,75.0,0.2449315731807902,0.5212838180710618,1.0,10.0,0.19509476,2.0,27.0,29.0,0.6605753799999999,90.0,10.833333333333334,19.666666666666668,30.33333333333333,0.6666666666666666,1.0,0.1666666666666666,1.3333333333333333,0.8333333333333334,0.3333333333333333,0.5,0.1666666666666666,1.0,1.0,3.6666666666666665,1.1666666666666667,0.0,0.0,1.5,0.6666666666666666,1.3333333333333333,1.0,0.0,0.0,0.1666666666666666,84.65,50.0,16.67,66.67,0.0,46.81,12.5,75.0,0.040821928863465,0.0868806363451769,0.1666666666666666,1.6666666666666667,0.0325157933333333,0.3333333333333333,4.5,4.833333333333333,0.1100958966666666,15.0,DM/CM,47,92,76,74,43,16,100,86,79,83,67,79,76,62,62,45,26,97,78,84,70,42,50,75,37,42,68,66,26,38,8,80,66,100,54,97,92,71,95,100,97,80,11,66,39,50,24,5,88,58,61,63,50,58,55,29,47,45,26,68,63,58,43,42,50,63,37,42,68,66,26,38,8,80,61,76,45,86,76,55,84,87,82,66,Liga Portugal
Casa Pia,ewsf6evtguu9j7k6js4tlgl89,2c3nnlt3hdxqlosxx6sk5hnh0,Khaly,Domingos José Gabriel Bandeira,22.0,Defender,Angola,Defender,29.0,16.0,45.0,183.0,2.0,5.0,7.0,0.0,0.0,0.0,0.0,0.0,0.0,0.0,14.0,18.0,0.0,0.0,1.0,0.0,1.0,3.0,0.0,0.0,0.0,84.91,55.56,0.0,0.0,0.0,70.0,0.0,50.0,0.0,0.0,0.0,0.0,0.0,0.0,0.0,0.0,0.0,0.0,14.262295081967212,7.868852459016394,22.13114754098361,0.9836065573770492,2.459016393442623,3.4426229508196724,0.0,0.0,0.0,0.0,0.0,0.0,0.0,6.885245901639345,8.852459016393443,0.0,0.0,0.4918032786885246,0.0,0.4918032786885246,1.475409836065574,0.0,0.0,0.0,84.91,55.56,0.0,0.0,0.0,70.0,0.0,50.0,0.0,0.0,0.0,0.0,0.0,0.0,0.0,0.0,0.0,0.0,CB,5,10,2,36,20,43,20,19,20,37,38,18,18,35,39,42,35,29,23,13,46,48,44,40,33,77,40,23,35,90,7,35,24,31,40,27,27,32,23,23,23,23,19,12,5,69,33,88,20,19,20,37,38,18,18,98,93,42,35,55,23,21,93,48,44,40,33,77,40,23,35,90,7,35,24,31,40,27,27,32,23,23,23,23,Liga Portugal
Casa Pia,ewsf6evtguu9j7k6js4tlgl89,3k32vv3elrydevgh61aose3f9,André Geraldes,André Geraldes de Barros,35.0,Defender,Portugal,Defender,80.0,85.0,164.0,540.0,4.0,5.0,8.0,2.0,1.0,1.0,0.0,0.0,9.0,10.0,21.0,24.0,0.0,0.0,5.0,2.0,5.0,3.0,0.0,0.0,1.0,82.83,26.32,10.0,22.22,0.0,48.84,61.54,42.86,0.1013017413324785,0.1689075413073093,0.0,6.0,0.12590928,3.0,15.0,18.0,0.2939656699999999,66.0,13.333333333333334,14.166666666666666,27.33333333333333,0.6666666666666666,0.8333333333333334,1.3333333333333333,0.3333333333333333,0.1666666666666666,0.1666666666666666,0.0,0.0,1.5,1.6666666666666667,3.5,4.0,0.0,0.0,0.8333333333333334,0.3333333333333333,0.8333333333333334,0.5,0.0,0.0,0.1666666666666666,82.83,26.32,10.0,22.22,0.0,48.84,61.54,42.86,0.016883623555413,0.0281512568845515,0.0,1.0,0.02098488,0.5,2.5,3.0,0.0489942783333333,11.0,CB,21,67,31,64,20,54,76,44,50,37,38,99,99,76,54,42,35,93,80,63,46,48,44,86,19,12,81,45,35,26,61,26,50,88,40,86,83,89,82,83,71,62,12,43,12,49,12,37,60,39,42,37,38,98,98,36,38,42,35,83,64,49,29,48,44,81,19,12,81,45,35,26,61,26,50,81,40,80,81,87,74,75,62,57,Liga Portugal
Casa Pia,ewsf6evtguu9j7k6js4tlgl89,47wasen155qbiu6pmyp3dowr9,S. Pérez,Seba Pérez,33.0,Midfielder,Colombia,Midfielder,58.0,31.0,87.0,226.0,3.0,8.0,1.0,2.0,3.0,1.0,2.0,1.0,1.0,1.0,11.0,1.0,0.0,1.0,5.0,0.0,7.0,1.0,0.0,0.0,2.0,86.14,66.67,40.0,0.0,33.33,42.31,16.67,20.0,0.1464324737079525,0.1267705920820266,2.0,0.0,0.0,0.0,8.0,10.0,0.3707571199999998,35.0,23.097345132743364,12.345132743362832,34.64601769911504,1.1946902654867255,3.185840707964602,0.3982300884955752,0.7964601769911505,1.1946902654867255,0.3982300884955752,0.7964601769911505,0.3982300884955752,0.3982300884955752,0.3982300884955752,4.380530973451328,0.3982300884955752,0.0,0.3982300884955752,1.991150442477876,0.0,2.7876106194690267,0.3982300884955752,0.0,0.0,0.7964601769911505,86.14,66.67,40.0,0.0,33.33,42.31,16.67,20.0,0.0583138169633439,0.0504838641034619,0.7964601769911505,0.0,0.0,0.0,3.185840707964602,3.982300884955752,0.1476466407079645,13.938053097345133,DM/CM,38,7,20,63,61,16,45,57,57,64,67,17,17,17,9,45,67,62,12,75,9,42,50,92,47,80,82,12,68,21,11,3,53,50,74,16,16,21,51,58,74,37,68,26,47,71,82,21,61,76,68,82,82,26,26,42,13,45,82,84,12,100,13,42,50,97,47,80,82,12,68,21,11,3,63,58,84,16,16,21,68,84,97,63,Liga Portugal
Casa Pia,ewsf6evtguu9j7k6js4tlgl89,4v5t4x6emwd5wl7cuxl02xd2i,David Sousa,David Sousa Albino,25.0,Midfielder,Brazil,Midfielder,137.0,101.0,238.0,540.0,12.0,23.0,23.0,2.0,6.0,6.0,0.0,0.0,5.0,5.0,43.0,42.0,0.0,2.0,2.0,5.0,11.0,9.0,0.0,1.0,0.0,84.4,51.11,0.0,100.0,33.33,64.18,67.65,69.23,0.7180517777273371,0.0939419908889588,0.0,7.0,0.13295762,2.0,18.0,24.0,0.4114495599999997,141.0,22.83333333333333,16.833333333333332,39.66666666666666,2.0,3.8333333333333335,3.8333333333333335,0.3333333333333333,1.0,1.0,0.0,0.0,0.8333333333333334,0.8333333333333334,7.166666666666667,7.0,0.0,0.3333333333333333,0.3333333333333333,0.8333333333333334,1.8333333333333333,1.5,0.0,0.1666666666666666,0.0,84.4,51.11,0.0,100.0,33.33,64.18,67.65,69.23,0.1196752962878895,0.0156569984814931,0.0,1.1666666666666667,0.0221596033333333,0.3333333333333333,3.0,4.0,0.0685749266666666,23.5,LM/LCM,100,100,100,75,100,100,75,75,100,25,38,50,50,100,100,38,62,25,100,100,88,50,100,25,75,50,25,100,75,100,100,75,100,50,25,100,50,38,100,100,100,100,100,75,75,50,100,100,75,50,75,25,38,25,25,100,100,38,50,25,100,100,75,50,100,25,75,50,25,100,75,100,100,75,75,25,25,50,25,25,100,100,75,100,Liga Portugal
Casa Pia,ewsf6evtguu9j7k6js4tlgl89,77myfyov250z91bzocv0tyjv8,K. Prieto,Kevin Prieto,23.0,Attacker,Uruguay,Striker,12.0,28.0,39.0,189.0,4.0,0.0,1.0,1.0,1.0,0.0,1.0,0.0,4.0,6.0,15.0,1.0,0.0,0.0,6.0,3.0,3.0,3.0,0.0,0.0,1.0,76.47,0.0,11.11,75.0,0.0,62.5,16.67,60.0,0.0,0.0,0.0,0.0,0.0,0.0,0.0,0.0,0.0,0.0,5.714285714285714,13.333333333333332,18.57142857142857,1.9047619047619049,0.0,0.4761904761904761,0.4761904761904761,0.4761904761904761,0.0,0.4761904761904761,0.0,1.9047619047619049,2.857142857142857,7.142857142857142,0.4761904761904761,0.0,0.0,2.857142857142857,1.4285714285714286,1.4285714285714286,1.4285714285714286,0.0,0.0,0.4761904761904761,76.47,0.0,11.11,75.0,0.0,62.5,16.67,60.0,0.0,0.0,0.0,0.0,0.0,0.0,0.0,0.0,0.0,0.0,RW,11,11,11,22,22,39,11,17,17,44,22,33,56,56,17,33,22,83,44,89,56,28,50,33,67,22,22,89,22,100,33,78,11,11,28,17,17,22,11,11,11,11,56,67,56,44,22,56,11,22,17,67,22,67,67,100,33,33,22,100,78,89,89,28,50,56,67,22,22,89,22,100,33,78,11,11,28,17,17,22,11,11,11,11,Liga Portugal
Casa Pia,ewsf6evtguu9j7k6js4tlgl89,82o91md3nn11eckmgy749ewpg,João Rego,João Pedro Seno Luís Rego,21.0,Midfielder,Portugal,Midfielder,13.0,37.0,46.0,256.0,3.0,1.0,5.0,2.0,6.0,2.0,4.0,2.0,9.0,9.0,29.0,5.0,0.0,0.0,14.0,4.0,1.0,2.0,0.0,0.0,4.0,76.67,50.0,28.57,44.44,0.0,55.77,45.45,28.57,0.0,0.0,0.0,0.0,0.0,0.0,0.0,0.0,0.0,0.0,4.5703125,13.0078125,16.171875,1.0546875,0.3515625,1.7578125,0.703125,2.109375,0.703125,1.40625,0.703125,3.1640625,3.1640625,10.1953125,1.7578125,0.0,0.0,4.921875,1.40625,0.3515625,0.703125,0.0,0.0,1.40625,76.67,50.0,28.57,44.44,0.0,55.77,45.45,28.57,0.0,0.0,0.0,0.0,0.0,0.0,0.0,0.0,0.0,0.0,RM/RCM,29,29,29,29,50,86,21,64,50,79,50,29,29,71,93,43,29,71,29,57,43,43,57,93,29,71,64,29,29,71,57,29,14,14,14,14,14,14,14,14,14,14,29,43,29,29,43,86,29,71,43,100,71,57,57,100,100,43,29,100,43,71,43,43,57,100,29,71,64,29,29,71,57,29,14,14,14,14,14,14,14,14,14,14,Liga Portugal
Casa Pia,ewsf6evtguu9j7k6js4tlgl89,8uj1pf52hctbd2uxjz4s4tnxm,Henrique Araújo,Henrique Pereira Araújo,24.0,Attacker,Portugal,Striker,24.0,31.0,55.0,346.0,12.0,2.0,6.0,5.0,9.0,8.0,1.0,1.0,1.0,1.0,12.0,2.0,1.0,3.0,6.0,0.0,0.0,0.0,0.0,0.0,0.0,71.43,40.0,0.0,0.0,33.33,28.57,24.0,0.0,1.2090198168097284,0.2945259216943825,1.0,1.0,0.01689528,0.0,2.0,1.0,0.1420467899999997,15.0,6.242774566473988,8.0635838150289,14.30635838150289,3.121387283236994,0.5202312138728323,1.560693641618497,1.300578034682081,2.341040462427745,2.0809248554913293,0.2601156069364161,0.2601156069364161,0.2601156069364161,0.2601156069364161,3.121387283236994,0.5202312138728323,0.2601156069364161,0.7803468208092486,1.560693641618497,0.0,0.0,0.0,0.0,0.0,0.0,71.43,40.0,0.0,0.0,33.33,28.57,24.0,0.0,0.3144849234476172,0.0766107888800416,0.2601156069364161,0.2601156069364161,0.0043947260115606,0.0,0.5202312138728323,0.2601156069364161,0.0369485869942195,3.9017341040462425,ST,81,40,59,33,50,67,59,64,69,39,39,9,9,31,33,47,50,51,13,21,7,31,51,31,41,30,31,13,40,17,26,7,74,54,33,20,14,17,40,19,40,44,77,40,51,37,54,69,54,69,71,43,37,9,9,31,34,54,49,51,13,21,7,31,51,31,41,30,31,13,40,17,26,7,74,49,40,20,17,17,46,17,37,43,Liga Portugal
Casa Pia,ewsf6evtguu9j7k6js4tlgl89,a7twqgp3fp43y1aoybfe2i8d1,Rochinha,Diogo Filipe Costa Rocha,31.0,Attacker,Portugal,Striker,18.0,36.0,50.0,289.0,8.0,6.0,1.0,4.0,9.0,6.0,3.0,2.0,10.0,10.0,14.0,3.0,0.0,2.0,8.0,2.0,1.0,1.0,0.0,0.0,4.0,71.43,66.67,22.22,20.0,22.22,41.18,25.0,33.33,1.3894481188527257,0.5640755648860667,5.0,2.0,0.05355419,0.0,10.0,6.0,0.4912675299999998,26.0,5.6055363321799305,11.21107266435986,15.570934256055365,2.491349480968858,1.868512110726644,0.3114186851211072,1.245674740484429,2.8027681660899653,1.868512110726644,0.9342560553633218,0.6228373702422145,3.1141868512110724,3.1141868512110724,4.359861591695502,0.9342560553633218,0.0,0.6228373702422145,2.491349480968858,0.6228373702422145,0.3114186851211072,0.3114186851211072,0.0,0.0,1.245674740484429,71.43,66.67,22.22,20.0,22.22,41.18,25.0,33.33,0.4327001062171118,0.1756636707257647,1.5570934256055362,0.6228373702422145,0.0166777754325259,0.0,3.1141868512110724,1.868512110726644,0.152989888235294,8.096885813148788,LW,44,33,22,22,89,39,33,72,83,44,61,67,67,61,67,33,44,67,33,39,22,28,56,67,11,72,78,22,22,44,44,22,100,56,83,17,22,17,89,28,44,44,44,22,22,33,89,44,56,78,89,44,67,56,56,56,67,33,44,89,33,44,22,28,56,67,11,72,78,22,22,44,44,22,100,67,89,11,22,17,100,22,56,56,Liga Portugal
Casa Pia,ewsf6evtguu9j7k6js4tlgl89,cbbxxcaz7n6dpkdm38vxt7dre,João Goulart,João Pedro Goulart da Silva,26.0,Defender,Portugal,Defender,130.0,81.0,211.0,370.0,2.0,12.0,10.0,0.0,0.0,0.0,0.0,0.0,0.0,0.0,17.0,25.0,0.0,0.0,3.0,0.0,7.0,3.0,0.0,0.0,0.0,90.95,52.17,0.0,0.0,0.0,60.71,55.56,75.0,0.0,0.0,0.0,0.0,0.0,0.0,0.0,0.0,0.0,0.0,31.621621621621625,19.702702702702705,51.32432432432433,0.4864864864864865,2.91891891891892,2.4324324324324325,0.0,0.0,0.0,0.0,0.0,0.0,0.0,4.135135135135136,6.081081081081082,0.0,0.0,0.7297297297297298,0.0,1.7027027027027029,0.7297297297297298,0.0,0.0,0.0,90.95,52.17,0.0,0.0,0.0,60.71,55.56,75.0,0.0,0.0,0.0,0.0,0.0,0.0,0.0,0.0,0.0,0.0,RB/RCB,80,67,87,23,80,97,17,10,10,40,33,10,10,47,87,47,33,60,13,97,33,47,53,20,100,73,20,13,33,73,63,80,20,23,40,20,20,27,17,17,17,17,87,67,87,33,93,100,17,10,10,40,33,10,10,40,93,47,33,53,13,93,27,47,53,20,100,73,20,13,33,73,63,80,20,23,40,20,20,27,17,17,17,17,Liga Portugal
Casa Pia,ewsf6evtguu9j7k6js4tlgl89,dp54axygcdwqyv5rfeeinlmvo,Selvi Clua,Selvi Clua,21.0,Midfielder,Spain,Midfielder,45.0,64.0,106.0,384.0,6.0,6.0,17.0,1.0,4.0,3.0,1.0,0.0,8.0,8.0,41.0,24.0,0.0,2.0,7.0,6.0,6.0,6.0,0.0,0.0,3.0,79.1,42.86,33.33,75.0,50.0,64.06,77.27,54.55,0.3555378600763713,0.1385178887107692,1.0,3.0,0.06282504,3.0,14.0,15.0,0.4808336099999999,50.0,10.546875,15.0,24.84375,1.40625,1.40625,3.984375,0.234375,0.9375,0.703125,0.234375,0.0,1.875,1.875,9.609375,5.625,0.0,0.46875,1.640625,1.40625,1.40625,1.40625,0.0,0.0,0.703125,79.1,42.86,33.33,75.0,50.0,64.06,77.27,54.55,0.0833291859553995,0.0324651301665865,0.234375,0.703125,0.01472461875,0.703125,3.28125,3.515625,0.1126953773437499,11.71875,DM/CM,13,55,32,89,43,97,20,74,92,36,25,89,88,100,97,45,91,88,96,63,70,42,50,99,14,26,76,72,87,89,95,47,89,55,54,57,55,87,72,83,87,55,5,50,21,83,33,97,14,68,87,30,25,87,87,100,97,45,87,79,93,64,74,42,50,95,14,26,76,72,87,89,95,47,84,47,54,55,55,78,74,82,87,45,Liga Portugal
Casa Pia,ewsf6evtguu9j7k6js4tlgl89,e0tmfkagd1lmf2hw7gctbaqqd,Abdu Conté,Abdu Cadri Conté,28.0,Defender,Portugal,Defender,42.0,41.0,81.0,233.0,2.0,4.0,3.0,1.0,1.0,0.0,1.0,0.0,1.0,2.0,12.0,4.0,0.0,0.0,5.0,0.0,0.0,2.0,0.0,0.0,2.0,87.1,44.44,22.22,0.0,0.0,66.67,75.0,50.0,0.0348513755653997,0.0976600389207145,0.0,2.0,0.0581205199999999,0.0,6.0,6.0,0.11832925,26.0,16.223175965665234,15.836909871244634,31.287553648068663,0.7725321888412017,1.5450643776824031,1.1587982832618025,0.3862660944206008,0.3862660944206008,0.0,0.3862660944206008,0.0,0.3862660944206008,0.7725321888412017,4.63519313304721,1.5450643776824031,0.0,0.0,1.931330472103004,0.0,0.0,0.7725321888412017,0.0,0.0,0.7725321888412017,87.1,44.44,22.22,0.0,0.0,66.67,75.0,50.0,0.0134619047248325,0.0377227618148682,0.0,0.7725321888412017,0.0224499862660943,0.0,2.317596566523605,2.317596566523605,0.0457065772532188,10.042918454935622,LB/LCB,29,34,32,34,26,32,37,47,32,61,37,11,16,29,13,45,34,92,11,5,16,42,50,53,89,58,53,11,34,87,87,21,47,37,29,58,58,26,53,47,37,42,53,63,58,63,53,53,37,63,32,68,37,11,21,74,21,45,34,100,11,5,26,42,50,74,89,58,53,11,34,87,87,21,63,42,29,63,74,26,68,63,37,58,Liga Portugal
Casa Pia,ewsf6evtguu9j7k6js4tlgl89,ehtapnadbyj2lidam98ealv1m,A. Jatta,Alassana Jatta,27.0,Attacker,Gambia,Striker,4.0,16.0,20.0,247.0,6.0,1.0,8.0,0.0,1.0,1.0,0.0,0.0,3.0,3.0,14.0,1.0,0.0,0.0,0.0,3.0,0.0,2.0,0.0,0.0,0.0,60.61,100.0,0.0,100.0,0.0,53.85,57.14,66.67,0.0,0.0,0.0,0.0,0.0,0.0,0.0,0.0,0.0,0.0,1.45748987854251,5.82995951417004,7.287449392712551,2.1862348178137654,0.3643724696356275,2.91497975708502,0.0,0.3643724696356275,0.3643724696356275,0.0,0.0,1.0931174089068827,1.0931174089068827,5.101214574898785,0.3643724696356275,0.0,0.0,0.0,1.0931174089068827,0.0,0.728744939271255,0.0,0.0,0.0,60.61,100.0,0.0,100.0,0.0,53.85,57.14,66.67,0.0,0.0,0.0,0.0,0.0,0.0,0.0,0.0,0.0,0.0,ST,6,10,6,17,26,79,3,4,11,11,16,23,23,43,19,17,7,3,54,21,53,31,51,31,11,94,31,99,7,86,91,47,4,6,10,7,7,17,9,7,4,4,9,20,11,20,31,83,3,3,11,11,16,29,29,57,23,17,7,3,66,21,71,31,51,31,11,94,31,99,7,86,91,47,4,6,10,7,7,17,9,7,4,4,Liga Portugal
Estrela,85nuf5511v5omdretfoh0c4k4,362zqy0y3mlvlg76s8nz8mb6c,A. Marcus,Abraham Marcus,26.0,Attacker,Nigeria,Striker,28.0,54.0,77.0,449.0,12.0,6.0,7.0,10.0,11.0,7.0,4.0,0.0,18.0,19.0,24.0,3.0,2.0,8.0,6.0,10.0,1.0,2.0,1.0,0.0,5.0,74.76,66.67,62.5,55.56,72.73,42.11,53.85,100.0,1.678757774374018,1.04561995218791,7.0,13.0,0.3688402099999999,6.0,7.0,16.0,1.0153787499999998,33.0,5.612472160356347,10.824053452115812,15.434298440979957,2.405345211581292,1.2026726057906458,1.4031180400890868,2.0044543429844097,2.2048997772828507,1.4031180400890868,0.8017817371937639,0.0,3.6080178173719375,3.8084632516703785,4.810690423162583,0.6013363028953229,0.4008908685968819,1.6035634743875278,1.2026726057906458,2.0044543429844097,0.2004454342984409,0.4008908685968819,0.2004454342984409,0.0,1.0022271714922049,74.76,66.67,62.5,55.56,72.73,42.11,53.85,100.0,0.3364993311662842,0.2095897454274207,1.4031180400890868,2.6057906458797326,0.0739323360801781,1.2026726057906458,1.4031180400890868,3.207126948775056,0.203528034521158,6.614699331848552,RW,83,83,83,78,83,89,100,78,83,89,22,100,100,78,67,94,100,83,100,56,44,72,50,89,44,100,100,56,100,44,94,100,100,100,89,100,100,100,83,89,100,78,44,44,44,56,78,89,89,78,67,89,22,89,89,56,44,78,100,78,100,44,44,67,50,78,44,100,100,56,100,44,94,100,100,89,89,78,78,100,78,89,89,44,Liga Portugal
Estrela,85nuf5511v5omdretfoh0c4k4,6hknd2raz8p9o3s6i7j683vje,Luan Patrick,Luan Patrick Wiedthauper,24.0,Defender,Brazil,Defender,165.0,72.0,237.0,450.0,2.0,24.0,2.0,1.0,1.0,1.0,0.0,0.0,0.0,0.0,18.0,30.0,0.0,0.0,3.0,0.0,5.0,6.0,0.0,0.0,0.0,90.46,60.0,0.0,0.0,0.0,72.0,40.0,46.15,0.0,0.0,0.0,0.0,0.0,0.0,0.0,0.0,0.0,0.0,33.0,14.4,47.4,0.4,4.8,0.4,0.2,0.2,0.2,0.0,0.0,0.0,0.0,3.6,6.0,0.0,0.0,0.6,0.0,1.0,1.2,0.0,0.0,0.0,90.46,60.0,0.0,0.0,0.0,72.0,40.0,46.15,0.0,0.0,0.0,0.0,0.0,0.0,0.0,0.0,0.0,0.0,RB/RCB,93,60,93,23,100,27,37,30,37,40,33,10,10,60,100,47,33,60,13,60,67,47,53,20,87,100,20,13,33,93,27,27,20,23,40,20,20,27,17,17,17,17,93,60,73,10,100,27,33,20,23,40,33,10,10,20,87,47,33,33,13,53,53,47,53,20,87,100,20,13,33,93,27,27,20,23,40,20,20,27,17,17,17,17,Liga Portugal
Estrela,85nuf5511v5omdretfoh0c4k4,92r5p6w571agrdqn5ue10awb8,Robinho,Robson Lucas Oliveira Botelho,24.0,Midfielder,Brazil,Midfielder,23.0,31.0,53.0,213.0,3.0,2.0,0.0,2.0,3.0,2.0,1.0,2.0,5.0,5.0,12.0,3.0,0.0,1.0,7.0,4.0,1.0,1.0,0.0,0.0,1.0,79.1,50.0,33.33,80.0,33.33,46.15,0.0,100.0,0.2735184179336689,0.0979841593122292,2.0,1.0,0.02953272,1.0,2.0,3.0,0.0884694699999999,20.0,9.71830985915493,13.098591549295774,22.3943661971831,1.267605633802817,0.8450704225352113,0.0,0.8450704225352113,1.267605633802817,0.8450704225352113,0.4225352112676056,0.8450704225352113,2.112676056338028,2.112676056338028,5.070422535211268,1.267605633802817,0.0,0.4225352112676056,2.9577464788732395,1.6901408450704225,0.4225352112676056,0.4225352112676056,0.0,0.0,0.4225352112676056,79.1,50.0,33.33,80.0,33.33,46.15,0.0,100.0,0.115571162507184,0.0414017574558714,0.8450704225352113,0.4225352112676056,0.012478614084507,0.4225352112676056,0.8450704225352113,1.267605633802817,0.037381466197183,8.450704225352112,DM/CM,3,7,3,63,14,3,45,57,79,36,91,68,67,25,36,45,67,88,78,17,9,42,50,75,14,42,76,79,68,34,4,96,71,39,74,36,39,50,26,29,29,29,3,34,8,74,21,3,63,84,92,55,97,92,92,58,50,45,84,100,97,18,16,42,50,92,14,42,76,79,68,34,4,96,92,53,87,45,47,71,32,29,37,32,Liga Portugal
Estrela,85nuf5511v5omdretfoh0c4k4,9ycla34wygru1jgq34wlcysr8,L. Zvonarek,Lovro Zvonarek,21.0,Midfielder,Croatia,Midfielder,36.0,50.0,85.0,449.0,14.0,2.0,5.0,2.0,7.0,6.0,1.0,3.0,3.0,3.0,19.0,4.0,0.0,1.0,7.0,2.0,2.0,3.0,0.0,0.0,1.0,75.22,20.0,8.33,66.67,14.29,46.34,62.5,60.0,0.0,0.0,0.0,0.0,0.0,0.0,0.0,0.0,0.0,0.0,7.216035634743875,10.022271714922049,17.037861915367483,2.8062360801781736,0.4008908685968819,1.0022271714922049,0.4008908685968819,1.4031180400890868,1.2026726057906458,0.2004454342984409,0.6013363028953229,0.6013363028953229,0.6013363028953229,3.8084632516703785,0.8017817371937639,0.0,0.2004454342984409,1.4031180400890868,0.4008908685968819,0.4008908685968819,0.6013363028953229,0.0,0.0,0.2004454342984409,75.22,20.0,8.33,66.67,14.29,46.34,62.5,60.0,0.0,0.0,0.0,0.0,0.0,0.0,0.0,0.0,0.0,0.0,CM/AM,50,44,40,76,28,88,10,70,88,20,80,22,18,58,74,28,32,72,42,56,36,30,52,42,24,8,40,88,28,52,92,48,6,6,8,6,6,10,6,8,6,6,28,20,16,64,12,70,4,44,76,8,68,12,12,26,60,28,28,48,34,38,24,30,52,40,24,8,40,88,28,52,92,48,6,6,8,6,6,10,6,8,6,6,Liga Portugal
Estrela,85nuf5511v5omdretfoh0c4k4,b9bz5r34tmt9ji5306z5a7koa,L. Antonetti,Leandro Antonetti,23.0,Attacker,Puerto Rico,Striker,20.0,22.0,41.0,443.0,22.0,1.0,16.0,3.0,14.0,12.0,2.0,0.0,7.0,7.0,33.0,4.0,4.0,6.0,5.0,2.0,2.0,7.0,0.0,0.0,1.0,66.13,50.0,25.0,28.57,42.86,46.48,50.0,70.0,1.5617308860845245,0.2876277099612959,4.0,1.0,0.01935132,0.0,3.0,4.0,0.1735103299999999,14.0,4.063205417607223,4.469525959367946,8.329571106094807,4.469525959367946,0.2031602708803611,3.2505643340857784,0.6094808126410834,2.8442437923250563,2.437923250564334,0.4063205417607223,0.0,1.4221218961625282,1.4221218961625282,6.704288939051918,0.8126410835214446,0.8126410835214446,1.218961625282167,1.015801354401806,0.4063205417607223,0.4063205417607223,1.4221218961625282,0.0,0.0,0.2031602708803611,66.13,50.0,25.0,28.57,42.86,46.48,50.0,70.0,0.3172816698591584,0.0584345234684348,0.8126410835214446,0.2031602708803611,0.0039314194130925,0.0,0.6094808126410834,0.8126410835214446,0.0352504056433408,2.8442437923250563,ST,69,21,29,84,26,91,41,83,86,64,16,56,50,91,74,93,87,40,37,79,94,31,51,69,26,41,73,37,59,60,80,60,83,51,81,20,17,17,54,44,46,37,37,11,17,66,17,89,29,80,80,54,16,40,37,77,54,80,71,29,34,69,91,31,51,63,26,41,73,37,59,60,80,60,77,43,71,17,14,17,49,40,34,29,Liga Portugal
Estrela,85nuf5511v5omdretfoh0c4k4,c7ssypokoa0z3mts1d6bpwu8k,E. Doué,Eddy Doué,20.0,Midfielder,Côte d'Ivoire,Midfielder,63.0,84.0,145.0,449.0,1.0,18.0,7.0,6.0,3.0,0.0,3.0,2.0,10.0,10.0,31.0,8.0,0.0,1.0,6.0,7.0,9.0,7.0,3.0,0.0,2.0,80.11,78.26,66.67,70.0,33.33,56.36,53.85,63.64,0.1947441963164496,0.4898807989077945,3.0,5.0,0.10575694,2.0,18.0,14.0,0.5450925099999998,88.0,12.62806236080178,16.83741648106904,29.06458797327394,0.2004454342984409,3.6080178173719375,1.4031180400890868,1.2026726057906458,0.6013363028953229,0.0,0.6013363028953229,0.4008908685968819,2.0044543429844097,2.0044543429844097,6.21380846325167,1.6035634743875278,0.0,0.2004454342984409,1.2026726057906458,1.4031180400890868,1.8040089086859687,1.4031180400890868,0.6013363028953229,0.0,0.4008908685968819,80.11,78.26,66.67,70.0,33.33,56.36,53.85,63.64,0.0390355850077515,0.0981943694915401,0.6013363028953229,1.0022271714922049,0.0211984957683741,0.4008908685968819,3.6080178173719375,2.8062360801781736,0.1092613048997772,17.639198218262806,DM/CM,45,67,53,30,93,82,91,57,24,83,91,99,97,92,71,45,67,78,100,95,83,100,50,92,21,89,97,68,68,63,53,57,61,95,87,72,74,71,82,78,95,76,21,61,34,26,84,68,82,39,24,74,87,89,89,76,66,45,53,50,89,84,71,100,50,87,21,89,97,68,68,63,53,57,55,87,76,66,66,63,79,71,76,74,Liga Portugal
Estrela,85nuf5511v5omdretfoh0c4k4,ciks4dkw33w5f4n3juleggr9w,M. Scholze,Max Scholze,21.0,Defender,Germany,Defender,78.0,47.0,125.0,361.0,4.0,3.0,3.0,1.0,1.0,1.0,0.0,0.0,6.0,6.0,26.0,17.0,1.0,1.0,1.0,0.0,6.0,15.0,0.0,0.0,0.0,88.65,42.86,0.0,0.0,100.0,54.17,33.33,68.18,0.0,0.0,0.0,0.0,0.0,0.0,0.0,0.0,0.0,0.0,19.445983379501385,11.717451523545709,31.16343490304709,0.997229916897507,0.7479224376731302,0.7479224376731302,0.2493074792243767,0.2493074792243767,0.2493074792243767,0.0,0.0,1.4958448753462603,1.4958448753462603,6.481994459833795,4.238227146814404,0.2493074792243767,0.2493074792243767,0.2493074792243767,0.0,1.4958448753462603,3.739612188365651,0.0,0.0,0.0,88.65,42.86,0.0,0.0,100.0,54.17,33.33,68.18,0.0,0.0,0.0,0.0,0.0,0.0,0.0,0.0,0.0,0.0,RB/RCB,53,33,40,50,20,40,37,30,37,40,33,57,53,87,53,97,77,7,13,77,100,47,53,20,73,53,20,13,97,53,20,60,20,23,40,20,20,27,17,17,17,17,53,33,40,53,20,33,40,33,47,40,33,67,53,100,60,93,80,7,13,87,100,47,53,20,73,53,20,13,97,53,20,60,20,23,40,20,20,27,17,17,17,17,Liga Portugal
Estrela,85nuf5511v5omdretfoh0c4k4,d29kspi5hcnnl38om4ikn1xck,S. Leković,Stefan Lekovic,22.0,Defender,Serbia,Defender,145.0,44.0,189.0,360.0,3.0,11.0,10.0,0.0,3.0,2.0,1.0,0.0,2.0,2.0,20.0,18.0,0.0,0.0,5.0,0.0,3.0,4.0,0.0,0.0,0.0,90.43,45.83,0.0,0.0,0.0,74.07,83.33,80.0,0.0,0.0,0.0,0.0,0.0,0.0,0.0,0.0,0.0,0.0,36.25,11.0,47.25,0.75,2.75,2.5,0.0,0.75,0.5,0.25,0.0,0.5,0.5,5.0,4.5,0.0,0.0,1.25,0.0,0.75,1.0,0.0,0.0,0.0,90.43,45.83,0.0,0.0,0.0,74.07,83.33,80.0,0.0,0.0,0.0,0.0,0.0,0.0,0.0,0.0,0.0,0.0,CB,42,33,38,51,43,71,20,73,68,81,38,63,63,69,39,42,35,93,23,39,69,48,44,40,74,45,40,23,35,95,98,69,24,31,40,27,27,32,23,23,23,23,51,33,45,58,43,73,20,83,73,88,38,68,68,79,43,42,35,88,23,42,65,48,44,40,74,45,40,23,35,95,98,69,24,31,40,27,27,32,23,23,23,23,Liga Portugal
Estrela,85nuf5511v5omdretfoh0c4k4,dd7eh3o62jbq1qw4smmf5tvbp,Rafa Soares,Luís Rafael Soares Alves,31.0,Defender,Portugal,Defender,74.0,58.0,126.0,449.0,3.0,6.0,2.0,7.0,1.0,1.0,0.0,0.0,1.0,1.0,8.0,21.0,0.0,0.0,0.0,0.0,3.0,3.0,2.0,0.0,6.0,75.9,25.0,27.27,0.0,0.0,40.0,50.0,50.0,0.0663696090967538,0.8131520643508294,1.0,0.0,0.0,0.0,14.0,12.0,1.06148954,70.0,14.832962138084632,11.625835189309576,25.25612472160356,0.6013363028953229,1.2026726057906458,0.4008908685968819,1.4031180400890868,0.2004454342984409,0.2004454342984409,0.0,0.0,0.2004454342984409,0.2004454342984409,1.6035634743875278,4.20935412026726,0.0,0.0,0.0,0.0,0.6013363028953229,0.6013363028953229,0.4008908685968819,0.0,1.2026726057906458,75.9,25.0,27.27,0.0,0.0,40.0,50.0,50.0,0.0133034851196165,0.1629926186894758,0.2004454342984409,0.0,0.0,0.0,2.8062360801781736,2.405345211581292,0.2127707318485523,14.031180400890868,LB/LCB,58,63,68,53,47,13,89,47,76,24,37,11,8,8,89,45,34,8,11,34,29,97,50,89,21,24,71,11,34,26,50,21,63,95,68,26,26,26,76,76,95,79,37,32,37,42,37,16,79,42,74,24,37,5,5,5,79,45,34,8,11,26,16,100,50,89,21,24,71,11,34,26,50,21,58,89,63,26,26,26,74,74,95,74,Liga Portugal
Estrela,85nuf5511v5omdretfoh0c4k4,qnsnqdqm51676zz6cn4ypjsa,I. Stoica,Ianis Stoica,23.0,Attacker,Romania,Striker,22.0,54.0,75.0,330.0,10.0,2.0,1.0,6.0,6.0,3.0,3.0,0.0,4.0,5.0,13.0,8.0,3.0,4.0,5.0,1.0,2.0,3.0,1.0,0.0,1.0,85.23,33.33,25.0,25.0,66.67,39.39,16.67,50.0,0.3428125776360018,0.5086144581575741,3.0,6.0,0.1448107499999998,3.0,6.0,7.0,0.5017289699999997,31.0,6.0,14.727272727272728,20.454545454545457,2.7272727272727275,0.5454545454545455,0.2727272727272727,1.6363636363636365,1.6363636363636365,0.8181818181818182,0.8181818181818182,0.0,1.090909090909091,1.3636363636363638,3.5454545454545454,2.181818181818182,0.8181818181818182,1.090909090909091,1.3636363636363638,0.2727272727272727,0.5454545454545455,0.8181818181818182,0.2727272727272727,0.0,0.2727272727272727,85.23,33.33,25.0,25.0,66.67,39.39,16.67,50.0,0.0934943393552732,0.1387130340429747,0.8181818181818182,1.6363636363636365,0.0394938409090908,0.8181818181818182,1.6363636363636365,1.9090909090909087,0.1368351736363635,8.454545454545455,LW,56,56,56,56,22,39,78,22,33,44,17,22,22,44,100,94,83,44,22,61,67,67,56,33,89,22,89,33,94,22,33,61,33,33,50,50,44,56,56,44,67,56,56,44,44,44,11,33,78,22,33,33,17,22,22,33,100,100,89,44,22,56,56,67,56,33,89,22,89,33,94,22,33,61,22,56,56,44,44,56,44,33,44,67,Liga Portugal
Alverca,2f40cprg8nv4stxq2o4yxpx54,19wdr5lrjw3aqm0ap9nklwefo,Y. Bojang,Yaya Bojang,22.0,Defender,Gambia,Defender,198.0,61.0,259.0,510.0,2.0,16.0,9.0,0.0,2.0,1.0,1.0,0.0,0.0,0.0,15.0,33.0,0.0,1.0,3.0,0.0,4.0,0.0,0.0,0.0,0.0,87.5,40.0,0.0,0.0,50.0,62.5,81.82,0.0,0.1663624249766356,0.0,0.0,0.0,0.0,0.0,3.0,2.0,0.1310710899999999,88.0,34.94117647058823,10.76470588235294,45.70588235294117,0.3529411764705882,2.8235294117647056,1.588235294117647,0.0,0.3529411764705882,0.1764705882352941,0.1764705882352941,0.0,0.0,0.0,2.647058823529412,5.823529411764706,0.0,0.1764705882352941,0.5294117647058824,0.0,0.7058823529411764,0.0,0.0,0.0,0.0,87.5,40.0,0.0,0.0,50.0,62.5,81.82,0.0,0.0293580749958768,0.0,0.0,0.0,0.0,0.0,0.5294117647058824,0.3529411764705882,0.0231301923529411,15.529411764705882,CB,74,43,74,36,57,62,20,58,50,81,38,18,18,39,79,42,81,75,23,52,5,48,44,40,50,29,40,23,96,71,94,5,55,31,40,27,27,32,49,50,52,64,43,31,36,21,45,50,20,50,45,76,38,18,18,19,60,42,76,69,23,36,5,48,44,40,50,29,40,23,96,71,94,5,52,31,40,27,27,32,48,48,48,64,Liga Portugal
Alverca,2f40cprg8nv4stxq2o4yxpx54,1cqli1u7ft8pdckg8bzulso44,Rayan Lucas,Rayan Lucas Marques de Souza,21.0,Midfielder,Brazil,Midfielder,35.0,33.0,68.0,241.0,2.0,4.0,1.0,1.0,0.0,0.0,0.0,0.0,2.0,2.0,10.0,3.0,0.0,0.0,2.0,0.0,2.0,3.0,1.0,0.0,0.0,74.73,44.44,0.0,0.0,0.0,45.45,33.33,42.86,0.0,0.1561974166507823,0.0,2.0,0.07102951,0.0,3.0,4.0,0.25218225,18.0,13.070539419087138,12.323651452282158,25.394190871369297,0.7468879668049793,1.4937759336099583,0.3734439834024896,0.3734439834024896,0.0,0.0,0.0,0.0,0.7468879668049793,0.7468879668049793,3.734439834024896,1.120331950207469,0.0,0.0,0.7468879668049793,0.0,0.7468879668049793,1.120331950207469,0.3734439834024896,0.0,0.0,74.73,44.44,0.0,0.0,0.0,45.45,33.33,42.86,0.0,0.0583309854712465,0.0,0.7468879668049793,0.0265255431535269,0.0,1.120331950207469,1.4937759336099583,0.0941759439834025,6.721991701244813,DM/CM,8,12,8,47,25,16,20,8,24,11,25,36,34,9,36,45,26,18,12,25,42,89,50,32,8,32,32,12,26,32,21,22,20,61,22,46,61,21,30,33,55,26,24,24,24,58,41,18,26,8,24,11,25,39,39,32,45,45,26,26,12,29,58,92,50,32,8,32,32,12,26,32,21,22,20,61,22,58,68,21,37,37,68,29,Liga Portugal
Alverca,2f40cprg8nv4stxq2o4yxpx54,2lazx19wotf1b8jqx9mqeg4tm,Chiquinho,Francisco Jorge Tavares Oliveira,26.0,Attacker,Portugal,Striker,5.0,31.0,31.0,319.0,10.0,3.0,3.0,9.0,8.0,2.0,6.0,1.0,21.0,24.0,37.0,0.0,1.0,2.0,17.0,9.0,3.0,8.0,1.0,0.0,5.0,72.09,60.0,19.23,42.86,25.0,52.86,33.33,100.0,0.5891551479203359,0.7879790554525914,5.0,6.0,0.18477405,6.0,6.0,8.0,0.1684889199999999,17.0,1.4106583072100314,8.746081504702195,8.746081504702195,2.8213166144200628,0.8463949843260189,0.8463949843260189,2.539184952978057,2.2570532915360504,0.5642633228840126,1.6927899686520378,0.2821316614420063,5.924764890282132,6.771159874608151,10.438871473354231,0.0,0.2821316614420063,0.5642633228840126,4.7962382445141065,2.539184952978057,0.8463949843260189,2.2570532915360504,0.2821316614420063,0.0,1.4106583072100314,72.09,60.0,19.23,42.86,25.0,52.86,33.33,100.0,0.1662193207298753,0.2223138400963424,1.4106583072100314,1.6927899686520378,0.0521306097178683,1.6927899686520378,1.6927899686520378,2.2570532915360504,0.0475360589341692,4.7962382445141065,LW,11,22,11,56,50,89,89,56,17,89,39,100,100,100,17,72,44,100,94,78,100,67,56,89,22,56,67,56,33,78,56,94,44,89,83,50,56,72,56,56,22,33,11,11,11,56,44,78,89,56,11,100,44,100,100,100,17,67,33,100,100,78,100,78,56,89,22,56,67,56,33,78,56,94,56,89,78,56,56,78,56,56,11,22,Liga Portugal
Alverca,2f40cprg8nv4stxq2o4yxpx54,3z0aknj901kdnvsp4sld6ejv8,Vivaldo Semedo,Vivaldo Leandro Semedo Moura Sousa,21.0,Attacker,Portugal,Striker,8.0,14.0,22.0,344.0,14.0,1.0,6.0,3.0,7.0,7.0,0.0,2.0,4.0,4.0,11.0,7.0,2.0,3.0,5.0,0.0,0.0,0.0,0.0,0.0,0.0,61.11,50.0,0.0,0.0,42.86,25.58,28.57,0.0,0.898269741957116,0.090331432040817,1.0,1.0,0.02385149,1.0,0.0,0.0,0.0033108199999999,7.0,2.093023255813953,3.6627906976744176,5.755813953488372,3.6627906976744176,0.2616279069767441,1.569767441860465,0.7848837209302325,1.8313953488372088,1.8313953488372088,0.0,0.5232558139534883,1.0465116279069766,1.0465116279069766,2.877906976744186,1.8313953488372088,0.5232558139534883,0.7848837209302325,1.3081395348837208,0.0,0.0,0.0,0.0,0.0,0.0,61.11,50.0,0.0,0.0,42.86,25.58,28.57,0.0,0.2350124324887803,0.0236332234990509,0.2616279069767441,0.2616279069767441,0.0062402154069767,0.2616279069767441,0.0,0.0,0.0008662029069767,1.8313953488372088,ST,13,6,9,46,26,67,41,43,59,11,59,30,30,23,97,69,50,40,13,21,7,31,51,31,14,41,31,13,59,9,31,7,60,23,33,20,20,41,9,7,9,13,11,6,3,51,23,71,40,49,63,11,60,26,26,26,94,69,51,34,13,21,7,31,51,31,14,41,31,13,59,9,31,7,66,23,43,23,20,40,9,7,9,14,Liga Portugal
Alverca,2f40cprg8nv4stxq2o4yxpx54,44wb3y75edln1avlcmdjrvc44,Figueiredo,Lucas Figueiredo dos Santos,25.0,Attacker,Brazil,Striker,39.0,78.0,114.0,486.0,10.0,9.0,3.0,9.0,9.0,4.0,5.0,2.0,11.0,12.0,32.0,1.0,1.0,3.0,11.0,8.0,1.0,7.0,0.0,0.0,3.0,71.25,64.29,25.0,72.73,33.33,58.18,50.0,70.0,0.6074044285019424,0.6580837095586377,4.0,13.0,0.3167690099999999,5.0,12.0,15.0,0.49104395,51.0,7.222222222222221,14.444444444444445,21.11111111111111,1.851851851851852,1.6666666666666663,0.5555555555555555,1.6666666666666663,1.6666666666666663,0.7407407407407407,0.9259259259259258,0.3703703703703703,2.0370370370370368,2.222222222222222,5.925925925925926,0.1851851851851851,0.1851851851851851,0.5555555555555555,2.0370370370370368,1.4814814814814814,0.1851851851851851,1.2962962962962965,0.0,0.0,0.5555555555555555,71.25,64.29,25.0,72.73,33.33,58.18,50.0,70.0,0.1124823015744337,0.1218673536219699,0.7407407407407407,2.4074074074074074,0.0586609277777777,0.9259259259259258,2.222222222222222,2.7777777777777777,0.0909340648148148,9.444444444444445,ST,97,94,94,24,97,41,93,64,30,87,59,84,84,87,19,47,50,93,93,56,94,31,51,84,37,57,73,94,40,91,80,60,37,80,81,94,86,91,99,94,74,94,86,83,86,17,97,29,80,34,20,77,46,66,63,66,14,37,31,83,83,43,83,31,51,83,37,57,73,94,40,91,80,60,23,74,69,86,71,86,91,91,66,91,Liga Portugal
Alverca,2f40cprg8nv4stxq2o4yxpx54,4p2kx0e559rhalafn5xbao1zo,I. James,Isaac James,22.0,Defender,Nigeria,Defender,96.0,88.0,181.0,514.0,3.0,7.0,2.0,5.0,1.0,0.0,1.0,0.0,7.0,7.0,18.0,10.0,0.0,1.0,0.0,3.0,2.0,7.0,2.0,0.0,3.0,83.41,33.33,27.27,42.86,100.0,51.43,28.57,53.85,0.0544171993842504,0.6993377239332714,1.0,4.0,0.12590598,5.0,20.0,17.0,0.7603438999999999,101.0,16.80933852140078,15.408560311284049,31.692607003891048,0.5252918287937743,1.22568093385214,0.3501945525291828,0.8754863813229572,0.1750972762645914,0.0,0.1750972762645914,0.0,1.22568093385214,1.22568093385214,3.151750972762646,1.7509727626459144,0.0,0.1750972762645914,0.0,0.5252918287937743,0.3501945525291828,1.22568093385214,0.3501945525291828,0.0,0.5252918287937743,83.41,33.33,27.27,42.86,100.0,51.43,28.57,53.85,0.0095283033941294,0.1224521306497946,0.1750972762645914,0.7003891050583657,0.0220457941634241,0.8754863813229572,3.501945525291829,2.9766536964980546,0.1331341459143968,17.684824902723737,LB/LCB,89,89,89,53,66,13,66,47,32,61,37,68,68,58,47,45,79,8,82,21,89,97,50,71,63,32,71,61,97,47,21,32,53,89,68,76,89,92,89,89,79,89,68,58,63,32,42,11,63,32,32,47,37,42,42,16,26,45,68,8,58,21,63,95,50,58,63,32,71,61,97,47,21,32,47,79,58,58,68,84,84,84,68,89,Liga Portugal
Alverca,2f40cprg8nv4stxq2o4yxpx54,6hqvayy5szer7oyxdsrfj6cyc,D. Gui,Davy Gui,20.0,Midfielder,Côte d'Ivoire,Midfielder,78.0,57.0,134.0,340.0,2.0,6.0,1.0,2.0,5.0,0.0,5.0,1.0,1.0,1.0,18.0,2.0,0.0,2.0,3.0,1.0,1.0,5.0,0.0,0.0,1.0,88.74,50.0,50.0,100.0,40.0,52.94,25.0,38.46,0.2705867680265985,0.3048000970564405,4.0,5.0,0.1012283,1.0,10.0,10.0,0.4711861999999999,57.0,20.647058823529413,15.088235294117649,35.47058823529412,0.5294117647058824,1.5882352941176472,0.2647058823529412,0.5294117647058824,1.3235294117647058,0.0,1.3235294117647058,0.2647058823529412,0.2647058823529412,0.2647058823529412,4.764705882352941,0.5294117647058824,0.0,0.5294117647058824,0.7941176470588236,0.2647058823529412,0.2647058823529412,1.3235294117647058,0.0,0.0,0.2647058823529412,88.74,50.0,50.0,100.0,40.0,52.94,25.0,38.46,0.0716259091835113,0.0806823786325871,1.0588235294117647,1.3235294117647058,0.0267957264705882,0.2647058823529412,2.647058823529412,2.647058823529412,0.1247257588235293,15.088235294117649,DM/CM,66,46,47,47,43,16,45,86,24,96,67,17,17,47,21,45,91,33,37,17,57,42,50,75,74,42,88,92,78,53,16,12,68,74,95,72,68,50,61,58,84,58,61,53,53,47,47,8,45,89,24,97,66,11,11,53,16,45,92,29,34,13,61,42,50,76,74,42,88,92,78,53,16,12,79,74,100,76,71,50,63,68,92,68,Liga Portugal
Alverca,2f40cprg8nv4stxq2o4yxpx54,7ttgds8qa0z6ngoj6o1l5flzo,Francisco Chissumba,Francisco Edgar Chissumba Rodrigues,21.0,Defender,Portugal,Defender,30.0,50.0,79.0,276.0,5.0,4.0,0.0,6.0,1.0,1.0,0.0,0.0,10.0,10.0,11.0,4.0,1.0,1.0,1.0,3.0,3.0,6.0,0.0,0.0,1.0,86.81,66.67,12.5,30.0,100.0,35.48,0.0,85.71,0.078894711936254,0.2884558355153056,0.0,3.0,0.08004594,3.0,5.0,4.0,0.1468535099999999,30.0,9.782608695652174,16.304347826086957,25.76086956521739,1.6304347826086956,1.3043478260869563,0.0,1.9565217391304344,0.3260869565217391,0.3260869565217391,0.0,0.0,3.260869565217391,3.260869565217391,3.5869565217391304,1.3043478260869563,0.3260869565217391,0.3260869565217391,0.3260869565217391,0.9782608695652172,0.9782608695652172,1.9565217391304344,0.0,0.0,0.3260869565217391,86.81,66.67,12.5,30.0,100.0,35.48,0.0,85.71,0.0257265365009523,0.0940616854941213,0.0,0.9782608695652172,0.0261019369565217,0.9782608695652172,1.6304347826086956,1.3043478260869563,0.0478870141304347,9.782608695652174,LB/LCB,11,53,26,84,26,5,82,47,76,24,37,97,92,21,13,95,79,24,82,34,79,42,50,32,84,97,26,47,97,5,11,84,68,58,29,66,74,63,39,39,42,55,11,79,42,89,47,5,95,58,84,24,37,100,100,32,11,100,89,26,95,53,95,42,50,26,84,97,26,47,97,5,11,84,68,63,29,79,84,89,42,37,42,53,Liga Portugal
Alverca,2f40cprg8nv4stxq2o4yxpx54,99tqv7us82sxwm3z4o5wutch6,Ian Luccas,Ian Luccas Baroni Boetto,23.0,Midfielder,Brazil,Midfielder,62.0,57.0,119.0,456.0,11.0,6.0,4.0,2.0,8.0,7.0,1.0,0.0,7.0,7.0,13.0,3.0,1.0,2.0,3.0,4.0,7.0,1.0,0.0,0.0,0.0,71.26,40.0,0.0,57.14,25.0,37.14,40.0,50.0,1.096432956499775,0.0654397514658772,2.0,3.0,0.05959185,2.0,11.0,11.0,0.2037708799999999,64.0,12.23684210526316,11.25,23.48684210526316,2.171052631578948,1.1842105263157896,0.7894736842105263,0.3947368421052631,1.5789473684210529,1.381578947368421,0.1973684210526315,0.0,1.381578947368421,1.381578947368421,2.5657894736842106,0.5921052631578948,0.1973684210526315,0.3947368421052631,0.5921052631578948,0.7894736842105263,1.381578947368421,0.1973684210526315,0.0,0.0,0.0,71.26,40.0,0.0,57.14,25.0,37.14,40.0,50.0,0.2164012414144293,0.0129157404208968,0.3947368421052631,0.5921052631578948,0.0117615493421052,0.3947368421052631,2.171052631578948,2.171052631578948,0.0402179368421052,12.63157894736842,DM/CM,42,46,39,99,43,50,45,99,100,36,25,84,82,32,36,95,91,33,78,75,9,42,50,32,3,21,32,58,58,5,28,38,100,32,74,57,50,71,64,66,47,68,18,18,16,95,26,39,34,95,95,21,25,76,71,5,18,89,79,24,66,61,3,42,50,32,3,21,32,58,58,5,28,38,100,32,66,47,45,61,53,53,45,50,Liga Portugal
Alverca,2f40cprg8nv4stxq2o4yxpx54,apq8vqgkq347yr6iqc1riqjca,N. Touaizi,Nabil Touaizi,25.0,Attacker,Morocco,Striker,28.0,50.0,77.0,291.0,6.0,6.0,1.0,2.0,4.0,4.0,0.0,0.0,5.0,5.0,12.0,8.0,0.0,1.0,0.0,4.0,2.0,4.0,0.0,0.0,1.0,77.0,50.0,14.29,80.0,25.0,50.0,25.0,57.14,0.3497797994632317,0.1583414134447659,0.0,4.0,0.12859533,0.0,7.0,9.0,0.40231745,39.0,8.65979381443299,15.463917525773196,23.81443298969072,1.855670103092784,1.855670103092784,0.3092783505154639,0.6185567010309279,1.2371134020618555,1.2371134020618555,0.0,0.0,1.5463917525773196,1.5463917525773196,3.711340206185567,2.4742268041237114,0.0,0.3092783505154639,0.0,1.2371134020618555,0.6185567010309279,1.2371134020618555,0.0,0.0,0.3092783505154639,77.0,50.0,14.29,80.0,25.0,50.0,25.0,57.14,0.108179319421618,0.0489715711684843,0.0,1.2371134020618555,0.0397717515463917,0.0,2.164948453608248,2.783505154639175,0.1244280773195876,12.061855670103093,RW,83,56,83,33,83,39,22,50,56,17,22,56,44,33,89,33,56,11,56,78,72,28,50,33,78,78,33,100,50,78,56,61,44,22,28,50,56,22,83,61,56,89,89,78,78,33,89,22,22,56,56,17,22,33,33,33,100,33,44,11,67,78,67,28,50,22,78,78,33,100,50,78,56,61,44,33,28,56,56,22,100,67,44,100,Liga Portugal
Alverca,2f40cprg8nv4stxq2o4yxpx54,awyyzv4dkzojyd9zg363i4s9g,S. Baseya,Steven Baseya,21.0,Defender,France,Defender,132.0,69.0,199.0,450.0,2.0,9.0,7.0,0.0,2.0,2.0,0.0,1.0,8.0,8.0,31.0,25.0,0.0,1.0,9.0,7.0,7.0,2.0,0.0,0.0,2.0,83.61,39.13,50.0,87.5,50.0,72.09,46.67,25.0,0.3445629767712674,0.0,0.0,5.0,0.08515631,0.0,11.0,8.0,0.2777501899999999,100.0,26.4,13.8,39.8,0.4,1.8,1.4,0.0,0.4,0.4,0.0,0.2,1.6,1.6,6.2,5.0,0.0,0.2,1.8,1.4,1.4,0.4,0.0,0.0,0.4,83.61,39.13,50.0,87.5,50.0,72.09,46.67,25.0,0.0689125953542534,0.0,0.0,1.0,0.017031262,0.0,2.2,1.6,0.0555500379999999,20.0,RB/RCB,87,53,73,23,70,80,17,57,67,40,83,77,73,100,87,47,77,100,100,97,13,47,53,63,53,47,97,93,80,100,40,7,80,23,40,67,53,27,80,67,53,93,73,47,53,10,60,73,17,43,53,40,67,73,60,87,67,47,67,93,93,80,13,47,53,47,53,47,97,93,80,100,40,7,73,23,40,60,47,27,80,60,47,93,Liga Portugal
Alverca,2f40cprg8nv4stxq2o4yxpx54,eyhvr45vc1n690dxobcthmndh,Sergi Gómez,Sergi Gómez,34.0,Defender,Spain,Defender,50.0,9.0,59.0,188.0,0.0,6.0,0.0,0.0,0.0,0.0,0.0,0.0,0.0,0.0,3.0,9.0,0.0,0.0,0.0,0.0,1.0,3.0,0.0,0.0,0.0,83.1,35.29,0.0,0.0,0.0,33.33,0.0,100.0,0.0,0.0,0.0,0.0,0.0,0.0,0.0,0.0,0.0,0.0,23.936170212765955,4.308510638297872,28.244680851063823,0.0,2.872340425531915,0.0,0.0,0.0,0.0,0.0,0.0,0.0,0.0,1.4361702127659577,4.308510638297872,0.0,0.0,0.0,0.0,0.4787234042553191,1.4361702127659577,0.0,0.0,0.0,83.1,35.29,0.0,0.0,0.0,33.33,0.0,100.0,0.0,0.0,0.0,0.0,0.0,0.0,0.0,0.0,0.0,0.0,CB,14,2,5,8,26,2,20,19,20,37,38,18,18,2,14,42,35,8,23,13,46,48,44,40,21,21,40,23,35,2,7,89,24,31,40,27,27,32,23,23,23,23,24,5,17,8,48,2,20,19,20,37,38,18,18,5,40,42,35,8,23,17,90,48,44,40,21,21,40,23,35,2,7,89,24,31,40,27,27,32,23,23,23,23,Liga Portugal
Arouca,dich5v7sw466smbqap0d9rbyj,28di7m86rlpzjuq6m4kg9vhbe,O. Lebedenko,Orest Lebedenko,27.0,Defender,Ukraine,Defender,71.0,68.0,137.0,385.0,3.0,4.0,7.0,2.0,2.0,1.0,1.0,1.0,9.0,10.0,19.0,22.0,0.0,1.0,3.0,1.0,6.0,6.0,0.0,0.0,2.0,86.16,40.0,14.29,11.11,50.0,46.34,63.64,75.0,0.0,0.0,0.0,0.0,0.0,0.0,0.0,0.0,0.0,0.0,16.5974025974026,15.896103896103895,32.02597402597403,0.7012987012987013,0.935064935064935,1.6363636363636365,0.4675324675324675,0.4675324675324675,0.2337662337662337,0.2337662337662337,0.2337662337662337,2.103896103896104,2.3376623376623376,4.441558441558442,5.142857142857143,0.0,0.2337662337662337,0.7012987012987013,0.2337662337662337,1.4025974025974026,1.4025974025974026,0.0,0.0,0.4675324675324675,86.16,40.0,14.29,11.11,50.0,46.34,63.64,75.0,0.0,0.0,0.0,0.0,0.0,0.0,0.0,0.0,0.0,0.0,LB/LCB,53,84,74,53,26,84,50,74,76,61,79,87,92,66,95,45,79,63,32,87,79,42,50,53,79,42,34,24,89,37,68,61,21,18,29,26,26,26,18,18,18,18,63,68,68,58,16,79,53,74,79,53,84,84,84,58,95,45,84,58,32,74,74,42,50,53,79,42,34,24,89,37,68,61,21,18,29,26,26,26,18,18,18,18,Liga Portugal
Arouca,dich5v7sw466smbqap0d9rbyj,32pfghvfogjnpbgsj5mk2jhpm,José Fontán,José Fontán,26.0,Defender,Spain,Defender,253.0,114.0,367.0,450.0,2.0,26.0,9.0,0.0,2.0,2.0,0.0,0.0,0.0,0.0,20.0,48.0,1.0,2.0,3.0,0.0,5.0,3.0,0.0,1.0,0.0,88.43,44.07,0.0,0.0,100.0,57.14,56.25,37.5,0.2214052650145413,0.0,0.0,1.0,0.01870347,0.0,10.0,10.0,0.2543808899999999,120.0,50.6,22.8,73.4,0.4,5.2,1.8,0.0,0.4,0.4,0.0,0.0,0.0,0.0,4.0,9.6,0.2,0.4,0.6,0.0,1.0,0.6,0.0,0.2,0.0,88.43,44.07,0.0,0.0,100.0,57.14,56.25,37.5,0.0442810530029082,0.0,0.0,0.2,0.003740694,0.0,2.0,2.0,0.0508761779999999,24.0,CB,95,86,88,36,90,62,20,58,68,37,38,18,18,69,99,92,98,75,23,63,46,48,93,40,62,43,40,23,100,45,43,17,64,31,40,57,57,32,69,67,67,76,95,74,86,25,88,52,20,57,64,37,38,18,18,50,96,95,96,71,23,60,38,48,92,40,62,43,40,23,100,45,43,17,62,31,40,56,55,32,69,65,64,74,Liga Portugal
Arouca,dich5v7sw466smbqap0d9rbyj,34jzatjdr2imcmhojirjfvzvu,Pablo Gozálbez,Pablo Gozálbez,25.0,Midfielder,Spain,Midfielder,17.0,32.0,49.0,220.0,13.0,1.0,3.0,6.0,1.0,0.0,1.0,1.0,2.0,3.0,11.0,1.0,0.0,0.0,4.0,0.0,0.0,4.0,1.0,0.0,0.0,79.03,33.33,0.0,0.0,0.0,44.0,42.86,100.0,0.207257135955593,0.6834257404222446,1.0,4.0,0.0848398699999999,2.0,3.0,5.0,0.3558220999999998,19.0,6.954545454545454,13.09090909090909,20.045454545454543,5.3181818181818175,0.409090909090909,1.227272727272727,2.454545454545454,0.409090909090909,0.0,0.409090909090909,0.409090909090909,0.8181818181818181,1.227272727272727,4.5,0.409090909090909,0.0,0.0,1.6363636363636362,0.0,0.0,1.6363636363636362,0.409090909090909,0.0,0.0,79.03,33.33,0.0,0.0,0.0,44.0,42.86,100.0,0.0847870101636516,0.2795832574454637,0.409090909090909,1.6363636363636362,0.0347072195454545,0.8181818181818181,1.227272727272727,2.0454545454545454,0.1455635863636362,7.772727272727272,CM/AM,8,16,12,68,14,58,68,6,6,20,42,12,18,20,24,28,14,24,12,8,58,74,52,20,40,18,20,12,14,32,72,94,28,76,24,40,32,42,20,24,48,18,24,40,28,96,16,88,96,8,6,24,56,24,32,44,36,28,14,56,12,8,100,84,52,20,40,18,20,12,14,32,72,94,36,92,36,60,48,56,28,36,84,32,Liga Portugal
Arouca,dich5v7sw466smbqap0d9rbyj,37l1sqw1z7gqwd6gfw7nt7j84,T. Fukui,Taichi Fukui,22.0,Midfielder,Japan,Midfielder,125.0,111.0,234.0,439.0,2.0,11.0,6.0,7.0,6.0,0.0,6.0,0.0,6.0,8.0,26.0,15.0,0.0,3.0,8.0,3.0,9.0,5.0,0.0,0.0,2.0,87.97,44.0,33.33,50.0,50.0,56.52,60.0,55.56,0.3002963729357208,0.5016627309241306,5.0,4.0,0.10027021,5.0,21.0,15.0,0.4572190499999997,122.0,25.62642369020501,22.756264236902048,47.972665148063776,0.4100227790432801,2.2551252847380407,1.2300683371298404,1.4350797266514803,1.2300683371298404,0.0,1.2300683371298404,0.0,1.2300683371298404,1.6400911161731206,5.330296127562642,3.075170842824601,0.0,0.6150341685649202,1.6400911161731206,0.6150341685649202,1.8451025056947608,1.0250569476082003,0.0,0.0,0.4100227790432801,87.97,44.0,33.33,50.0,50.0,56.52,60.0,55.56,0.0615641766838607,0.1028465735379766,1.0250569476082003,0.8200455580865603,0.0205565350797266,1.0250569476082003,4.305239179954442,3.075170842824601,0.0937351127562641,25.01138952164009,DM/CM,92,89,87,47,86,70,97,93,24,100,25,79,88,82,92,45,100,95,66,95,57,42,50,92,68,29,76,47,87,66,68,50,76,97,100,64,66,95,87,83,82,92,79,76,76,39,71,61,97,79,24,92,25,68,82,63,84,45,97,76,61,89,47,42,50,89,68,29,76,47,87,66,68,50,68,92,97,63,61,92,82,76,66,87,Liga Portugal
Arouca,dich5v7sw466smbqap0d9rbyj,4fjr74igamnglla1q6njvcley,A. Trezza,Alfonso Trezza,27.0,Attacker,Uruguay,Striker,18.0,32.0,48.0,389.0,8.0,0.0,0.0,6.0,5.0,4.0,1.0,1.0,3.0,3.0,11.0,2.0,0.0,0.0,5.0,2.0,1.0,0.0,1.0,0.0,2.0,75.0,0.0,28.57,66.67,0.0,39.29,0.0,0.0,0.5575861770011092,0.4554464014424719,1.0,4.0,0.1060518499999999,1.0,4.0,9.0,0.31080666,19.0,4.16452442159383,7.403598971722365,11.105398457583547,1.850899742930592,0.0,0.0,1.3881748071979436,1.1568123393316196,0.9254498714652956,0.2313624678663239,0.2313624678663239,0.6940874035989718,0.6940874035989718,2.544987146529563,0.4627249357326478,0.0,0.0,1.1568123393316196,0.4627249357326478,0.2313624678663239,0.0,0.2313624678663239,0.0,0.4627249357326478,75.0,0.0,28.57,66.67,0.0,39.29,0.0,0.0,0.1290045139591255,0.1053732034185667,0.2313624678663239,0.9254498714652956,0.0245364177377891,0.2313624678663239,0.9254498714652956,2.082262210796915,0.0719089958868894,4.395886889460154,RW,39,22,22,56,22,11,78,67,56,44,61,11,11,22,44,33,22,67,33,56,17,72,50,56,56,22,67,67,22,22,17,17,67,67,61,50,44,44,44,61,33,44,33,22,22,22,22,11,67,44,44,44,56,11,11,22,22,33,22,67,33,67,17,78,50,44,56,22,67,67,22,22,17,17,56,67,56,44,44,44,44,44,33,33,Liga Portugal
Arouca,dich5v7sw466smbqap0d9rbyj,56rmdrb8cf96r2e6c8bt5fug9,N. Djouahra,Naïs Djouahra,26.0,Attacker,France,Striker,57.0,92.0,146.0,447.0,10.0,4.0,0.0,5.0,11.0,5.0,6.0,2.0,17.0,18.0,11.0,7.0,0.0,2.0,1.0,5.0,12.0,2.0,3.0,0.0,3.0,81.11,30.77,18.75,29.41,18.18,34.38,0.0,40.0,0.8161028167766018,0.6308289643009524,5.0,17.0,0.43010923,12.0,13.0,18.0,0.8352600000000001,49.0,11.476510067114091,18.523489932885905,29.395973154362416,2.013422818791946,0.8053691275167785,0.0,1.006711409395973,2.214765100671141,1.006711409395973,1.2080536912751678,0.4026845637583892,3.4228187919463084,3.624161073825504,2.214765100671141,1.4093959731543624,0.0,0.4026845637583892,0.2013422818791946,1.006711409395973,2.416107382550336,0.4026845637583892,0.6040268456375839,0.0,0.6040268456375839,81.11,30.77,18.75,29.41,18.18,34.38,0.0,40.0,0.1643160033778392,0.1270125431478427,1.006711409395973,3.4228187919463084,0.0865991738255033,2.416107382550336,2.61744966442953,3.624161073825504,0.1681731543624161,9.865771812080537,LW,100,89,100,56,72,17,61,89,61,89,61,89,89,33,89,33,44,17,78,100,39,100,56,44,67,11,56,44,11,11,17,33,67,78,83,78,78,100,100,100,78,100,100,89,89,22,33,17,33,44,44,78,56,67,78,11,89,33,22,11,44,100,33,89,56,44,67,11,56,44,11,11,17,33,44,44,67,78,67,89,89,89,78,89,Liga Portugal
Arouca,dich5v7sw466smbqap0d9rbyj,71lya4jkyu0uqacr0pvl0cjmy,Barbero,Iván Martínez Gonzálvez,28.0,Attacker,Spain,Striker,24.0,23.0,47.0,331.0,11.0,1.0,7.0,1.0,8.0,8.0,0.0,0.0,3.0,3.0,18.0,3.0,3.0,5.0,6.0,0.0,0.0,2.0,0.0,0.0,0.0,68.12,50.0,0.0,0.0,62.5,51.43,43.75,40.0,0.859458986702481,0.0,0.0,0.0,0.0,1.0,1.0,1.0,0.02124786,10.0,6.525679758308158,6.253776435045317,12.779456193353475,2.990936555891239,0.2719033232628399,1.9033232628398795,0.2719033232628399,2.175226586102719,2.175226586102719,0.0,0.0,0.8157099697885197,0.8157099697885197,4.894259818731118,0.8157099697885197,0.8157099697885197,1.3595166163141994,1.6314199395770397,0.0,0.0,0.5438066465256798,0.0,0.0,0.0,68.12,50.0,0.0,0.0,62.5,51.43,43.75,40.0,0.2336897546925175,0.0,0.0,0.0,0.0,0.2719033232628399,0.2719033232628399,0.2719033232628399,0.0057773637462235,2.719033232628399,ST,81,26,46,29,26,74,14,51,69,11,16,23,23,59,54,81,74,51,13,21,53,31,51,31,29,41,31,13,90,71,63,21,54,6,10,7,7,41,23,19,17,26,80,26,34,31,26,77,14,60,74,11,16,20,20,54,57,83,77,60,13,21,54,31,51,31,29,41,31,13,90,71,63,21,63,6,10,7,7,43,26,20,17,26,Liga Portugal
Arouca,dich5v7sw466smbqap0d9rbyj,7cd65zsn4cnrilrablg47svmc,Lee Hyun-Ju,Hyun-Ju Lee,23.0,Midfielder,Korea Republic,Midfielder,21.0,21.0,42.0,204.0,5.0,1.0,0.0,1.0,4.0,3.0,1.0,2.0,2.0,2.0,6.0,1.0,0.0,0.0,3.0,0.0,1.0,2.0,1.0,0.0,0.0,84.0,100.0,0.0,0.0,0.0,28.57,0.0,66.67,0.2921084200310067,0.0811786636448505,2.0,3.0,0.06067815,0.0,4.0,0.0,0.0395088499999999,15.0,9.264705882352942,9.264705882352942,18.529411764705884,2.2058823529411766,0.4411764705882353,0.0,0.4411764705882353,1.7647058823529411,1.3235294117647058,0.4411764705882353,0.8823529411764706,0.8823529411764706,0.8823529411764706,2.647058823529412,0.4411764705882353,0.0,0.0,1.3235294117647058,0.0,0.4411764705882353,0.8823529411764706,0.4411764705882353,0.0,0.0,84.0,100.0,0.0,0.0,0.0,28.57,0.0,66.67,0.1288713617783853,0.0358141163139046,0.8823529411764706,1.3235294117647058,0.0267697720588235,0.0,1.7647058823529411,0.0,0.0174303749999999,6.61764705882353,CM/AM,22,8,8,30,14,6,4,42,56,20,66,12,10,6,24,28,14,12,12,28,22,74,52,20,68,98,20,12,14,4,10,66,36,12,50,26,24,10,26,8,12,12,48,12,20,40,20,6,8,64,80,36,84,32,28,4,40,28,14,40,12,52,44,92,52,20,68,98,20,12,14,4,10,66,52,12,68,40,36,10,36,8,12,16,Liga Portugal
Arouca,dich5v7sw466smbqap0d9rbyj,9f83clp1v95kvlxdb376tgbth,Javi Sánchez,Javi Sánchez,29.0,Defender,Spain,Defender,166.0,79.0,244.0,343.0,1.0,14.0,4.0,2.0,0.0,0.0,0.0,0.0,1.0,1.0,10.0,31.0,0.0,0.0,0.0,1.0,7.0,2.0,0.0,0.0,1.0,94.57,53.85,100.0,100.0,0.0,50.0,30.77,40.0,0.0,0.0,0.0,0.0,0.0,0.0,0.0,0.0,0.0,0.0,43.55685131195335,20.728862973760933,64.02332361516035,0.2623906705539359,3.673469387755102,1.0495626822157436,0.5247813411078718,0.0,0.0,0.0,0.0,0.2623906705539359,0.2623906705539359,2.623906705539359,8.134110787172013,0.0,0.0,0.0,0.2623906705539359,1.836734693877551,0.5247813411078718,0.0,0.0,0.2623906705539359,94.57,53.85,100.0,100.0,0.0,50.0,30.77,40.0,0.0,0.0,0.0,0.0,0.0,0.0,0.0,0.0,0.0,0.0,CB,57,61,63,21,50,27,76,19,20,37,38,43,43,20,71,42,35,8,56,82,25,48,44,86,100,74,96,87,35,31,19,20,24,31,40,27,27,32,23,23,23,23,74,69,76,19,62,24,88,19,20,37,38,45,45,17,88,42,35,8,62,88,33,48,44,90,100,74,96,87,35,31,19,20,24,31,40,27,27,32,23,23,23,23,Liga Portugal
Arouca,dich5v7sw466smbqap0d9rbyj,djb8j3hb7mnnghg9jmd15w0r9,Tiago Esgaio,Tiago Alexandre de Sousa Esgaio,31.0,Defender,Portugal,Defender,60.0,64.0,119.0,448.0,4.0,6.0,8.0,4.0,2.0,2.0,0.0,0.0,6.0,6.0,20.0,18.0,0.0,0.0,3.0,2.0,4.0,3.0,0.0,0.0,5.0,74.38,33.33,41.67,33.33,0.0,50.0,57.14,42.86,0.2076203781400145,0.3337690013496938,0.0,8.0,0.4282752799999998,3.0,10.0,15.0,0.60911611,58.0,12.053571428571429,12.857142857142858,23.90625,0.8035714285714286,1.2053571428571428,1.6071428571428572,0.8035714285714286,0.4017857142857143,0.4017857142857143,0.0,0.0,1.2053571428571428,1.2053571428571428,4.017857142857142,3.616071428571429,0.0,0.0,0.6026785714285714,0.4017857142857143,0.8035714285714286,0.6026785714285714,0.0,0.0,1.0044642857142856,74.38,33.33,41.67,33.33,0.0,50.0,57.14,42.86,0.0417094509656279,0.0670518083068581,0.0,1.6071428571428572,0.0860374446428571,0.6026785714285714,2.008928571428571,3.013392857142857,0.1223670756696428,11.651785714285714,RB/RCB,47,47,33,50,50,87,67,57,67,40,33,57,53,70,60,47,33,60,50,50,33,47,53,93,27,33,87,37,33,27,73,17,60,67,40,93,100,67,73,87,73,73,20,40,27,47,33,80,60,53,60,40,33,47,47,33,47,47,33,40,47,40,20,47,53,93,27,33,87,37,33,27,73,17,60,60,40,80,100,60,73,87,73,67,Liga Portugal
Arouca,dich5v7sw466smbqap0d9rbyj,drutqywn51qzby01rhveqk1ec,E. van Ee,Espen van Ee,23.0,Midfielder,Netherlands,Midfielder,71.0,56.0,127.0,346.0,2.0,5.0,6.0,1.0,2.0,1.0,1.0,0.0,2.0,2.0,16.0,6.0,1.0,1.0,5.0,1.0,5.0,2.0,0.0,0.0,0.0,86.99,71.43,0.0,50.0,50.0,47.06,54.55,50.0,0.0,0.0,0.0,0.0,0.0,0.0,0.0,0.0,0.0,0.0,18.468208092485547,14.566473988439306,33.03468208092485,0.5202312138728323,1.300578034682081,1.560693641618497,0.2601156069364161,0.5202312138728323,0.2601156069364161,0.2601156069364161,0.0,0.5202312138728323,0.5202312138728323,4.161849710982659,1.560693641618497,0.2601156069364161,0.2601156069364161,1.300578034682081,0.2601156069364161,1.300578034682081,0.5202312138728323,0.0,0.0,0.0,86.99,71.43,0.0,50.0,50.0,47.06,54.55,50.0,0.0,0.0,0.0,0.0,0.0,0.0,0.0,0.0,0.0,0.0,DM/CM,58,42,45,47,33,70,20,36,57,36,25,36,34,42,54,95,67,62,37,51,26,42,50,32,55,87,32,47,87,42,55,38,20,16,22,16,16,21,13,13,13,13,47,47,45,45,29,74,18,32,55,34,25,34,34,37,63,97,66,58,32,55,24,42,50,32,55,87,32,47,87,42,55,38,20,16,22,16,16,21,13,13,13,13,Liga Portugal
Famalicão,5c0sf1eaipcxvdw9o22of2jdp,13kt8nywmdunqt6k815iqmnhm,L. Realpe,Léo Realpe,25.0,Defender,Ecuador,Defender,257.0,97.0,354.0,441.0,4.0,12.0,13.0,0.0,0.0,0.0,0.0,0.0,3.0,4.0,23.0,30.0,0.0,0.0,2.0,2.0,9.0,2.0,0.0,1.0,0.0,91.71,37.5,0.0,66.67,0.0,57.5,56.52,33.33,0.0,0.0,0.0,0.0,0.0,0.0,0.0,0.0,0.0,0.0,52.44897959183673,19.79591836734694,72.24489795918367,0.8163265306122448,2.4489795918367343,2.653061224489796,0.0,0.0,0.0,0.0,0.0,0.6122448979591836,0.8163265306122448,4.693877551020408,6.122448979591836,0.0,0.0,0.4081632653061224,0.4081632653061224,1.8367346938775508,0.4081632653061224,0.0,0.2040816326530612,0.0,91.71,37.5,0.0,66.67,0.0,57.5,56.52,33.33,0.0,0.0,0.0,0.0,0.0,0.0,0.0,0.0,0.0,0.0,CB,98,76,86,64,46,82,20,19,20,37,38,81,87,85,68,42,35,54,80,87,25,48,93,40,81,25,40,67,35,50,45,13,24,31,40,27,27,32,23,23,23,23,98,67,83,62,31,76,20,19,20,37,38,76,81,67,74,42,35,45,79,86,21,48,95,40,81,25,40,67,35,50,45,13,24,31,40,27,27,32,23,23,23,23,Liga Portugal
Famalicão,5c0sf1eaipcxvdw9o22of2jdp,2p9rec142i26zn4jpjcjpk74k,Mathias de Amorim,Mathias de Amorim,21.0,Midfielder,Portugal,Midfielder,58.0,115.0,173.0,437.0,9.0,3.0,5.0,3.0,2.0,1.0,1.0,1.0,17.0,17.0,40.0,6.0,0.0,0.0,17.0,9.0,8.0,5.0,1.0,0.0,0.0,84.8,37.5,0.0,52.94,0.0,50.0,41.67,55.56,0.1650041487195951,0.241146652594877,1.0,11.0,0.2681511399999999,7.0,17.0,20.0,0.3770220899999998,66.0,11.945080091533182,23.68421052631579,35.62929061784897,1.853546910755149,0.6178489702517163,1.0297482837528604,0.6178489702517163,0.4118993135011441,0.205949656750572,0.205949656750572,0.205949656750572,3.501144164759725,3.501144164759725,8.237986270022883,1.2356979405034323,0.0,0.0,3.501144164759725,1.853546910755149,1.647597254004577,1.0297482837528604,0.205949656750572,0.0,0.0,84.8,37.5,0.0,52.94,0.0,50.0,41.67,55.56,0.0339825477912209,0.0496640703284643,0.205949656750572,2.265446224256293,0.0552256352402745,1.4416475972540046,3.501144164759725,4.118993135011442,0.0776475700228832,13.59267734553776,CM/AM,88,96,100,44,42,88,26,14,26,20,42,100,100,100,88,28,14,100,94,100,76,74,52,20,80,28,20,68,14,72,68,30,20,24,24,92,92,92,88,90,52,90,80,88,84,36,36,80,16,12,16,12,36,100,96,100,84,28,14,100,80,96,52,60,52,20,80,28,20,68,14,72,68,30,12,16,16,76,76,84,80,80,44,80,Liga Portugal
Famalicão,5c0sf1eaipcxvdw9o22of2jdp,2tdxcr1wkubis5n81sg4pzyz9,Gil Dias,Gil Bastião Dias,29.0,Attacker,Portugal,Striker,22.0,53.0,72.0,258.0,8.0,1.0,1.0,3.0,3.0,1.0,2.0,1.0,12.0,12.0,14.0,2.0,0.0,1.0,1.0,5.0,0.0,4.0,1.0,0.0,3.0,70.59,20.0,18.75,41.67,33.33,40.0,0.0,57.14,0.2625598556860754,0.275044208982639,1.0,9.0,0.2097117399999999,3.0,1.0,8.0,0.4661439199999999,25.0,7.674418604651163,18.48837209302325,25.11627906976744,2.7906976744186047,0.3488372093023256,0.3488372093023256,1.0465116279069768,1.0465116279069768,0.3488372093023256,0.6976744186046512,0.3488372093023256,4.186046511627907,4.186046511627907,4.883720930232558,0.6976744186046512,0.0,0.3488372093023256,0.3488372093023256,1.744186046511628,0.0,1.3953488372093024,0.3488372093023256,0.0,1.0465116279069768,70.59,20.0,18.75,41.67,33.33,40.0,0.0,57.14,0.0915906473323519,0.0959456542962694,0.3488372093023256,3.13953488372093,0.0731552581395348,1.0465116279069768,0.3488372093023256,2.7906976744186047,0.1626083441860464,8.720930232558139,RW,67,67,67,56,50,39,33,33,33,72,61,78,78,44,44,33,56,22,72,22,72,72,50,67,33,44,56,44,72,33,17,61,33,44,61,78,78,78,22,44,67,56,67,100,89,67,56,33,56,33,33,78,67,100,100,67,56,33,56,22,89,22,78,89,50,89,33,44,56,44,72,33,17,61,33,44,67,100,67,89,22,78,78,89,Liga Portugal
Famalicão,5c0sf1eaipcxvdw9o22of2jdp,482oia33ewkfi8iwtz6m3nevo,Sorriso,Marcos Vinicios Lopes Moura,25.0,Attacker,Brazil,Striker,36.0,68.0,100.0,413.0,21.0,4.0,7.0,4.0,13.0,7.0,6.0,5.0,16.0,16.0,29.0,5.0,0.0,4.0,9.0,9.0,4.0,3.0,0.0,0.0,4.0,80.0,40.0,16.0,56.25,30.77,55.77,53.85,75.0,1.1029906843440185,0.5201171622789863,3.0,22.0,0.6568274,7.0,5.0,9.0,0.8595030899999999,32.0,7.845036319612591,14.818401937046008,21.79176755447942,4.576271186440678,0.8716707021791769,1.5254237288135597,0.8716707021791769,2.8329297820823247,1.5254237288135597,1.3075060532687652,1.089588377723971,3.4866828087167074,3.4866828087167074,6.319612590799032,1.089588377723971,0.0,0.8716707021791769,1.961259079903148,1.961259079903148,0.8716707021791769,0.6537530266343826,0.0,0.0,0.8716707021791769,80.0,40.0,16.0,56.25,30.77,55.77,53.85,75.0,0.2403611660798103,0.1133427230147912,0.6537530266343826,4.794188861985472,0.1431343002421307,1.5254237288135597,1.089588377723971,1.961259079903148,0.187300915496368,6.973365617433415,LW,78,78,78,89,72,100,33,100,100,89,100,78,78,89,78,33,83,83,94,89,67,28,56,67,44,44,44,78,67,89,89,78,89,44,50,89,89,89,33,67,89,67,67,56,67,89,56,100,22,89,78,89,89,78,67,89,78,33,67,56,89,89,44,28,56,56,44,44,44,78,67,89,89,78,67,33,44,89,89,67,33,44,89,44,Liga Portugal
Famalicão,5c0sf1eaipcxvdw9o22of2jdp,5a7h31ukgi0uza80oskg64msq,Rodrigo Pinheiro,Rodrigo Pinheiro Ferreira,24.0,Defender,Portugal,Defender,115.0,142.0,253.0,450.0,6.0,8.0,10.0,5.0,2.0,1.0,1.0,0.0,5.0,5.0,30.0,20.0,0.0,0.0,5.0,2.0,6.0,11.0,0.0,0.0,4.0,84.9,53.33,28.57,40.0,0.0,60.0,66.67,84.62,0.1573423852922451,0.3993958933496775,1.0,7.0,0.1559881099999999,8.0,22.0,23.0,0.6352928699999999,106.0,23.0,28.4,50.6,1.2,1.6,2.0,1.0,0.4,0.2,0.2,0.0,1.0,1.0,6.0,4.0,0.0,0.0,1.0,0.4,1.2,2.2,0.0,0.0,0.8,84.9,53.33,28.57,40.0,0.0,60.0,66.67,84.62,0.031468477058449,0.0798791786699355,0.2,1.4,0.0311976219999999,1.6,4.4,4.6,0.1270585739999999,21.2,RB/RCB,73,100,100,77,60,97,77,57,37,87,33,47,40,93,67,47,33,83,50,77,93,47,53,83,60,80,60,47,33,67,87,100,53,73,87,83,73,97,100,93,80,100,67,93,80,60,47,93,73,43,23,80,33,40,40,80,53,47,33,80,40,60,87,47,53,80,60,80,60,47,33,67,87,100,53,73,80,73,73,93,93,93,80,100,Liga Portugal
Famalicão,5c0sf1eaipcxvdw9o22of2jdp,8ml3rhaollovb4dirz3irtu5l,Paulo Moreira,Paulo Daniel Valente Moreira,26.0,Midfielder,Portugal,Midfielder,36.0,34.0,70.0,225.0,0.0,1.0,1.0,0.0,2.0,0.0,2.0,1.0,4.0,4.0,11.0,2.0,0.0,0.0,5.0,1.0,1.0,2.0,0.0,0.0,0.0,93.33,33.33,0.0,25.0,0.0,61.11,50.0,50.0,0.0,0.0,0.0,0.0,0.0,0.0,0.0,0.0,0.0,0.0,14.4,13.6,28.0,0.0,0.4,0.4,0.0,0.8,0.0,0.8,0.4,1.6,1.6,4.4,0.8,0.0,0.0,2.0,0.4,0.4,0.8,0.0,0.0,0.0,93.33,33.33,0.0,25.0,0.0,61.11,50.0,50.0,0.0,0.0,0.0,0.0,0.0,0.0,0.0,0.0,0.0,0.0,DM/CM,11,17,11,12,8,16,5,36,24,64,67,57,57,17,21,45,26,62,37,17,26,42,50,32,97,13,32,26,26,79,42,38,20,16,22,16,16,21,13,13,13,13,29,37,32,12,8,24,5,55,24,84,84,82,79,45,29,45,26,87,53,16,32,42,50,32,97,13,32,26,26,79,42,38,20,16,22,16,16,21,13,13,13,13,Liga Portugal
Famalicão,5c0sf1eaipcxvdw9o22of2jdp,935srx8zzpfqhkqdl14tohf1m,G. Koutsias,Georgios Koutsias,22.0,Attacker,Greece,Striker,18.0,32.0,50.0,415.0,17.0,2.0,4.0,1.0,6.0,5.0,1.0,0.0,6.0,6.0,11.0,1.0,3.0,3.0,3.0,2.0,0.0,2.0,0.0,0.0,0.0,78.12,66.67,0.0,33.33,50.0,42.31,40.0,100.0,0.7132872514241841,0.0389085008477103,1.0,2.0,0.08854835,1.0,1.0,0.0,0.0110529499999997,8.0,3.903614457831325,6.939759036144579,10.843373493975903,3.6867469879518073,0.4337349397590362,0.8674698795180724,0.2168674698795181,1.3012048192771086,1.0843373493975903,0.2168674698795181,0.0,1.3012048192771086,1.3012048192771086,2.385542168674699,0.2168674698795181,0.6506024096385543,0.6506024096385543,0.6506024096385543,0.4337349397590362,0.0,0.4337349397590362,0.0,0.0,0.0,78.12,66.67,0.0,33.33,50.0,42.31,40.0,100.0,0.1546888015136785,0.008437988135648,0.2168674698795181,0.4337349397590362,0.019203256626506,0.2168674698795181,0.2168674698795181,0.0,0.0023970253012047,1.7349397590361448,ST,59,44,51,64,50,50,14,40,41,39,16,44,43,23,19,81,50,17,37,21,53,31,51,31,60,66,31,41,76,49,53,87,49,17,33,33,37,41,23,7,14,17,29,31,29,54,37,40,6,29,34,26,16,37,34,9,17,71,40,11,37,21,40,31,51,31,60,66,31,41,76,49,53,87,43,11,26,29,37,37,17,7,14,11,Liga Portugal
Famalicão,5c0sf1eaipcxvdw9o22of2jdp,9oajgqqc9gkgbcz090it0tlhw,F. van Breemen,Finn van Breemen,23.0,Defender,Netherlands,Defender,234.0,139.0,373.0,450.0,3.0,15.0,7.0,1.0,2.0,2.0,0.0,0.0,2.0,2.0,22.0,37.0,1.0,1.0,7.0,2.0,7.0,0.0,0.0,0.0,0.0,90.98,37.5,0.0,100.0,50.0,61.11,58.33,0.0,0.2586351708835532,0.0401535556968919,0.0,1.0,0.02401521,2.0,31.0,30.0,0.4082449499999998,153.0,46.8,27.8,74.6,0.6,3.0,1.4,0.2,0.4,0.4,0.0,0.0,0.4,0.4,4.4,7.4,0.2,0.2,1.4,0.4,1.4,0.0,0.0,0.0,0.0,90.98,37.5,0.0,100.0,50.0,61.11,58.33,0.0,0.0517270341767106,0.0080307111393783,0.0,0.2,0.0048030419999999,0.4,6.2,6.0,0.0816489899999999,30.6,CB,88,90,90,51,52,43,54,58,68,37,38,63,63,80,90,92,81,99,80,82,5,48,44,40,79,25,40,87,96,64,50,5,69,62,40,57,60,80,90,90,79,83,86,88,88,43,52,40,49,57,64,37,38,55,55,62,86,95,85,95,73,74,5,48,44,40,79,25,40,87,96,64,50,5,67,64,40,56,60,76,95,90,76,86,Liga Portugal
Famalicão,5c0sf1eaipcxvdw9o22of2jdp,9swvyuy90djyox6ezfmposums,Pedro Bondo,Pedro Bondo Francisco,21.0,Defender,Angola,Defender,78.0,67.0,145.0,372.0,4.0,4.0,4.0,0.0,1.0,0.0,1.0,0.0,10.0,11.0,21.0,13.0,0.0,0.0,4.0,6.0,4.0,5.0,0.0,0.0,0.0,83.33,25.0,0.0,60.0,0.0,55.26,50.0,71.43,0.0,0.0,0.0,0.0,0.0,0.0,0.0,0.0,0.0,0.0,18.87096774193548,16.209677419354836,35.08064516129032,0.9677419354838708,0.9677419354838708,0.9677419354838708,0.0,0.2419354838709677,0.0,0.2419354838709677,0.0,2.419354838709677,2.661290322580645,5.080645161290322,3.1451612903225805,0.0,0.0,0.9677419354838708,1.4516129032258065,0.9677419354838708,1.2096774193548383,0.0,0.0,0.0,83.33,25.0,0.0,60.0,0.0,55.26,50.0,71.43,0.0,0.0,0.0,0.0,0.0,0.0,0.0,0.0,0.0,0.0,LB/LCB,74,79,84,74,26,58,16,47,32,61,37,97,100,92,68,45,34,82,100,55,66,42,50,13,55,24,13,89,34,68,50,53,21,18,29,26,26,26,18,18,18,18,84,74,79,74,21,47,16,47,32,58,37,89,89,89,58,45,34,68,100,47,58,42,50,13,55,24,13,89,34,68,50,53,21,18,29,26,26,26,18,18,18,18,Liga Portugal
Famalicão,5c0sf1eaipcxvdw9o22of2jdp,c6aimwjdxhprw9yq0eab1w5ih,T. van de Looi,Tom van de Looi,27.0,Midfielder,Netherlands,Midfielder,76.0,109.0,185.0,270.0,4.0,2.0,6.0,4.0,3.0,0.0,3.0,2.0,0.0,0.0,15.0,10.0,0.0,0.0,1.0,0.0,0.0,3.0,0.0,0.0,0.0,88.52,20.0,0.0,0.0,0.0,57.69,60.0,37.5,0.1185717991220204,0.33841933906519,3.0,5.0,0.10231053,3.0,17.0,21.0,0.3327584999999998,107.0,25.33333333333333,36.333333333333336,61.66666666666666,1.3333333333333333,0.6666666666666666,2.0,1.3333333333333333,1.0,0.0,1.0,0.6666666666666666,0.0,0.0,5.0,3.333333333333333,0.0,0.0,0.3333333333333333,0.0,0.0,1.0,0.0,0.0,0.0,88.52,20.0,0.0,0.0,0.0,57.69,60.0,37.5,0.0395239330406734,0.1128064463550633,1.0,1.6666666666666667,0.03410351,1.0,5.666666666666667,7.0,0.1109194999999999,35.666666666666664,DM/CM,61,86,79,74,14,70,78,57,24,83,91,4,4,39,79,45,26,8,12,7,42,42,50,32,71,8,32,12,26,71,68,8,50,84,87,72,71,87,79,92,71,87,76,87,84,76,13,87,88,71,24,89,95,4,4,55,89,45,26,11,12,7,43,42,50,32,71,8,32,12,26,71,68,8,58,97,95,86,79,89,92,97,84,95,Liga Portugal
Famalicão,5c0sf1eaipcxvdw9o22of2jdp,et6guovyhypg06lgr08a5rpck,Pedro Santos,Pedro Miguel Costa Santos,23.0,Attacker,Portugal,Striker,21.0,41.0,62.0,198.0,1.0,2.0,0.0,2.0,2.0,0.0,2.0,1.0,1.0,1.0,7.0,0.0,0.0,0.0,4.0,0.0,3.0,2.0,0.0,0.0,0.0,84.93,66.67,0.0,0.0,0.0,30.43,0.0,66.67,0.0522793714118925,0.1015721486830568,2.0,2.0,0.03932202,0.0,3.0,5.0,0.0823066799999998,16.0,9.545454545454543,18.63636363636364,28.18181818181818,0.4545454545454545,0.9090909090909092,0.0,0.9090909090909092,0.9090909090909092,0.0,0.9090909090909092,0.4545454545454545,0.4545454545454545,0.4545454545454545,3.1818181818181817,0.0,0.0,0.0,1.818181818181818,0.0,1.3636363636363635,0.9090909090909092,0.0,0.0,0.0,84.93,66.67,0.0,0.0,0.0,30.43,0.0,66.67,0.0237633506417693,0.0461691584922985,0.9090909090909092,0.9090909090909092,0.0178736454545454,0.0,1.3636363636363635,2.2727272727272725,0.0374121272727271,7.272727272727272,ST,71,63,73,6,50,6,27,10,6,64,39,9,9,7,6,17,7,29,13,91,53,31,51,31,89,66,31,13,7,20,6,47,9,29,57,33,23,17,54,53,29,49,100,91,94,6,77,6,43,14,6,74,51,17,17,34,6,17,7,74,13,100,74,31,51,31,89,66,31,13,7,20,6,47,9,40,74,43,31,17,83,80,40,83,Liga Portugal
Porto,66bsnl0zjb7l5akwo00h0y5me,19s3ei718jouszy30uxli8xd5,Z. Sanusi,Zaidu Sanusi,29.0,Defender,Nigeria,Defender,53.0,61.0,112.0,288.0,0.0,8.0,5.0,0.0,0.0,0.0,0.0,0.0,4.0,4.0,12.0,8.0,0.0,0.0,2.0,3.0,1.0,1.0,0.0,0.0,2.0,84.21,66.67,28.57,75.0,0.0,63.16,71.43,50.0,0.0,0.0,0.0,0.0,0.0,0.0,0.0,0.0,0.0,0.0,16.5625,19.0625,35.0,0.0,2.5,1.5625,0.0,0.0,0.0,0.0,0.0,1.25,1.25,3.75,2.5,0.0,0.0,0.625,0.9375,0.3125,0.3125,0.0,0.0,0.625,84.21,66.67,28.57,75.0,0.0,63.16,71.43,50.0,0.0,0.0,0.0,0.0,0.0,0.0,0.0,0.0,0.0,0.0,LB/LCB,37,68,45,13,84,76,16,16,32,24,37,42,39,29,32,45,34,42,82,13,5,42,50,53,68,97,79,100,34,74,79,21,21,18,29,26,26,26,18,18,18,18,58,89,74,13,79,74,16,16,32,24,37,47,47,37,42,45,34,47,89,16,5,42,50,68,68,97,79,100,34,74,79,21,21,18,29,26,26,26,18,18,18,18,Liga Portugal
Porto,66bsnl0zjb7l5akwo00h0y5me,1tbc8iokapjgu8zjrc1knq28l,J. Bednarek,Jan Bednarek,30.0,Defender,Poland,Defender,247.0,140.0,387.0,493.0,8.0,23.0,26.0,2.0,4.0,4.0,0.0,0.0,0.0,0.0,30.0,32.0,1.0,1.0,1.0,0.0,12.0,1.0,0.0,0.0,0.0,92.58,69.7,0.0,0.0,25.0,61.22,65.0,33.33,0.69706973473755,0.1459097477880971,0.0,8.0,0.15105835,1.0,30.0,27.0,0.4978947499999998,224.0,45.09127789046653,25.557809330628803,70.64908722109533,1.460446247464503,4.198782961460446,4.746450304259635,0.3651115618661257,0.7302231237322515,0.7302231237322515,0.0,0.0,0.0,0.0,5.476673427991886,5.841784989858012,0.1825557809330628,0.1825557809330628,0.1825557809330628,0.0,2.1906693711967544,0.1825557809330628,0.0,0.0,0.0,92.58,69.7,0.0,0.0,25.0,61.22,65.0,33.33,0.1272541097898164,0.0266366679532023,0.0,1.460446247464503,0.0275765750507099,0.1825557809330628,5.476673427991886,4.929006085192698,0.090893564908722,40.89249492900608,CB,90,93,93,93,83,100,76,83,92,37,38,18,18,98,75,92,81,29,23,98,13,48,44,40,88,95,40,23,81,67,69,13,98,83,40,92,86,69,88,88,83,93,81,83,81,88,74,100,67,81,88,37,38,18,18,86,62,88,79,21,23,98,12,48,44,40,88,95,40,23,81,67,69,13,90,79,40,88,83,64,88,88,86,93,Liga Portugal
Porto,66bsnl0zjb7l5akwo00h0y5me,37b6tzaexinmfadvi4you5wmi,Gabri Veiga,Gabri Veiga,24.0,Midfielder,Spain,Midfielder,55.0,105.0,145.0,455.0,16.0,6.0,3.0,12.0,14.0,5.0,9.0,6.0,14.0,16.0,24.0,3.0,3.0,5.0,5.0,6.0,2.0,6.0,3.0,0.0,15.0,81.46,66.67,35.71,42.86,35.71,48.98,75.0,60.0,1.0352015450021772,1.5287474069254243,5.0,8.0,0.18950313,0.0,25.0,32.0,0.7786701599999999,77.0,10.87912087912088,20.76923076923077,28.68131868131868,3.164835164835165,1.1868131868131868,0.5934065934065934,2.3736263736263736,2.769230769230769,0.989010989010989,1.7802197802197803,1.1868131868131868,2.769230769230769,3.164835164835165,4.747252747252747,0.5934065934065934,0.5934065934065934,0.989010989010989,0.989010989010989,1.1868131868131868,0.3956043956043956,1.1868131868131868,0.5934065934065934,0.0,2.967032967032967,81.46,66.67,35.71,42.86,35.71,48.98,75.0,60.0,0.2047651407696614,0.3023895969742597,0.989010989010989,1.5824175824175826,0.0374841356043956,0.0,4.945054945054945,6.32967032967033,0.154022669010989,15.230769230769232,CM/AM,82,92,84,82,68,58,100,94,74,100,98,90,94,80,58,100,94,40,80,56,90,100,52,100,52,72,84,60,54,64,98,48,84,100,94,74,64,10,100,100,96,96,68,80,72,68,60,40,92,88,60,96,96,72,76,56,48,100,84,16,68,32,68,96,52,100,52,72,84,60,54,64,98,48,76,96,76,52,52,10,100,100,92,84,Liga Portugal
Porto,66bsnl0zjb7l5akwo00h0y5me,4t3melft6fc2ams9zcyxnqqz8,William Gomes,William Gomes Carvalho Santos,20.0,Attacker,Brazil,Striker,17.0,54.0,65.0,397.0,25.0,2.0,3.0,8.0,16.0,7.0,9.0,5.0,13.0,14.0,30.0,1.0,2.0,7.0,8.0,5.0,1.0,9.0,2.0,0.0,6.0,67.01,50.0,18.18,38.46,43.75,60.0,50.0,64.29,1.3508964636155485,0.9568292211637288,9.0,10.0,0.3338945099999999,3.0,5.0,17.0,1.0028855699999997,32.0,3.853904282115869,12.241813602015112,14.735516372795969,5.6675062972292185,0.4534005037783375,0.6801007556675063,1.81360201511335,3.6272040302267,1.5869017632241813,2.040302267002519,1.1335012594458438,2.947103274559194,3.1738035264483626,6.801007556675063,0.2267002518891687,0.4534005037783375,1.5869017632241813,1.81360201511335,1.1335012594458438,0.2267002518891687,2.040302267002519,0.4534005037783375,0.0,1.3602015113350123,67.01,50.0,18.18,38.46,43.75,60.0,50.0,64.29,0.3062485685778321,0.2169134254527344,2.040302267002519,2.267002518891688,0.0756939695214105,0.6801007556675063,1.1335012594458438,3.853904282115869,0.2273544113350125,7.2544080604534,RW,22,83,56,100,67,67,89,100,83,100,100,89,89,100,17,94,89,100,72,56,100,100,50,100,11,78,44,33,89,89,78,89,89,89,100,89,89,78,61,100,89,67,22,56,33,100,67,67,78,100,78,100,100,78,78,89,11,100,89,89,44,56,100,100,50,100,11,78,44,33,89,89,78,89,89,100,100,67,89,67,56,100,100,56,Liga Portugal
Porto,66bsnl0zjb7l5akwo00h0y5me,8585juruxxi6z8ih6kfqvrj6x,J. Kiwior,Jakub Kiwior,26.0,Defender,Poland,Defender,293.0,169.0,462.0,540.0,6.0,24.0,20.0,3.0,3.0,3.0,0.0,1.0,0.0,0.0,29.0,36.0,1.0,1.0,1.0,0.0,3.0,5.0,0.0,0.0,0.0,90.23,48.98,0.0,0.0,33.33,63.04,71.43,62.5,0.4504494933421909,0.1941487465782336,0.0,16.0,0.29392091,3.0,35.0,38.0,0.7694634199999999,264.0,48.833333333333336,28.166666666666668,77.0,1.0,4.0,3.333333333333333,0.5,0.5,0.5,0.0,0.1666666666666666,0.0,0.0,4.833333333333333,6.0,0.1666666666666666,0.1666666666666666,0.1666666666666666,0.0,0.5,0.8333333333333334,0.0,0.0,0.0,90.23,48.98,0.0,0.0,33.33,63.04,71.43,62.5,0.0750749155570318,0.0323581244297056,0.0,2.6666666666666665,0.0489868183333333,0.5,5.833333333333333,6.333333333333333,0.1282439033333333,44.0,CB,100,95,100,82,86,95,90,73,82,37,85,18,18,94,87,92,81,29,23,39,83,48,44,40,69,57,40,23,88,76,86,49,83,90,40,98,98,89,95,93,90,95,90,93,93,73,69,85,83,64,73,37,77,18,18,74,69,85,71,18,23,29,56,48,44,40,69,57,40,23,88,76,86,49,74,86,40,98,95,87,93,93,90,95,Liga Portugal
Porto,66bsnl0zjb7l5akwo00h0y5me,a6r2hqalh9ydoy2a8uv9rztux,Pepê,Eduardo Gabriel Aquino Cossa,29.0,Attacker,Brazil,Striker,42.0,90.0,129.0,509.0,20.0,13.0,2.0,8.0,9.0,6.0,3.0,3.0,9.0,9.0,15.0,1.0,0.0,1.0,9.0,1.0,2.0,2.0,3.0,0.0,3.0,77.25,76.47,30.0,11.11,11.11,32.61,22.22,66.67,0.873840538313968,0.788497662359639,1.0,22.0,0.5642283699999999,4.0,10.0,24.0,0.9713166900000002,64.0,7.426326129666012,15.913555992141452,22.80943025540275,3.536345776031434,2.298624754420432,0.3536345776031434,1.4145383104125735,1.5913555992141453,1.0609037328094302,0.5304518664047151,0.5304518664047151,1.5913555992141453,1.5913555992141453,2.652259332023576,0.1768172888015717,0.0,0.1768172888015717,1.5913555992141453,0.1768172888015717,0.3536345776031434,0.3536345776031434,0.5304518664047151,0.0,0.5304518664047151,77.25,76.47,30.0,11.11,11.11,32.61,22.22,66.67,0.1545101148295817,0.1394200188848084,0.1768172888015717,3.889980353634577,0.09976533064833,0.7072691552062867,1.768172888015717,4.243614931237721,0.1717455836935167,11.316306483300588,ST,100,97,97,77,100,30,87,64,50,79,79,71,66,50,19,17,19,87,29,79,53,100,51,84,57,83,84,26,14,26,20,47,57,94,33,97,97,81,94,100,97,97,89,86,89,49,100,20,66,31,31,66,66,54,46,20,11,17,14,57,26,66,34,97,51,80,57,83,84,26,14,26,20,47,40,80,20,94,94,63,89,97,86,94,Liga Portugal
Porto,66bsnl0zjb7l5akwo00h0y5me,bsvlql13pj2qf2z45r7no9hqs,Alberto Costa,Alberto Oliveira Baio,22.0,Defender,Portugal,Defender,58.0,56.0,110.0,361.0,12.0,9.0,5.0,11.0,4.0,3.0,1.0,1.0,10.0,10.0,20.0,12.0,0.0,0.0,5.0,3.0,1.0,4.0,0.0,0.0,4.0,81.48,56.25,33.33,30.0,0.0,48.78,55.56,57.14,0.5268948686036965,1.1095873158052916,0.0,3.0,0.0922173,5.0,7.0,11.0,0.98203269,45.0,14.45983379501385,13.961218836565097,27.42382271468144,2.9916897506925206,2.2437673130193905,1.2465373961218835,2.742382271468144,0.997229916897507,0.7479224376731302,0.2493074792243767,0.2493074792243767,2.4930747922437675,2.4930747922437675,4.986149584487535,2.9916897506925206,0.0,0.0,1.2465373961218835,0.7479224376731302,0.2493074792243767,0.997229916897507,0.0,0.0,0.997229916897507,81.48,56.25,33.33,30.0,0.0,48.78,55.56,57.14,0.1313588315078467,0.2766284166827596,0.0,0.7479224376731302,0.0229904626038781,1.2465373961218835,1.745152354570637,2.742382271468144,0.2448280944598338,11.218836565096954,RB/RCB,40,40,27,100,70,63,93,80,83,87,83,97,90,70,40,47,33,83,73,13,57,47,53,83,47,87,70,27,33,13,63,40,93,93,40,50,60,80,60,73,93,67,40,53,33,93,67,60,93,73,80,87,80,87,87,67,40,47,33,87,73,13,47,47,53,87,47,87,70,27,33,13,63,40,93,93,40,47,60,80,60,73,87,60,Liga Portugal
Porto,66bsnl0zjb7l5akwo00h0y5me,c9u2w9ikckbrra8vln2ucbf9w,V. Froholdt,Victor Froholdt,20.0,Midfielder,Denmark,Midfielder,45.0,55.0,98.0,449.0,13.0,3.0,5.0,5.0,5.0,5.0,0.0,0.0,8.0,9.0,19.0,2.0,0.0,3.0,5.0,2.0,2.0,4.0,0.0,0.0,2.0,85.22,75.0,66.67,25.0,60.0,35.85,27.78,57.14,0.6388197519775519,0.4827852172456293,0.0,8.0,0.21004805,3.0,4.0,8.0,0.8003738899999998,34.0,9.020044543429844,11.024498886414252,19.64365256124721,2.6057906458797326,0.6013363028953229,1.0022271714922049,1.0022271714922049,1.0022271714922049,1.0022271714922049,0.0,0.0,1.6035634743875278,1.8040089086859687,3.8084632516703785,0.4008908685968819,0.0,0.6013363028953229,1.0022271714922049,0.4008908685968819,0.4008908685968819,0.8017817371937639,0.0,0.0,0.4008908685968819,85.22,75.0,66.67,25.0,60.0,35.85,27.78,57.14,0.1280485026235627,0.0967720925436673,0.0,1.6035634743875278,0.0421031726057906,0.6013363028953229,0.8017817371937639,1.6035634743875278,0.1604312919821826,6.815144766146993,CM/AM,60,48,50,68,42,88,56,56,74,4,16,62,64,58,42,28,72,40,42,56,58,30,52,50,84,86,100,32,82,8,36,38,64,60,8,74,76,60,26,42,100,40,40,28,24,60,32,70,32,40,64,4,16,48,48,26,32,28,56,20,34,38,40,30,52,52,84,86,100,32,82,8,36,38,48,36,8,56,56,40,16,24,96,24,Liga Portugal
Porto,66bsnl0zjb7l5akwo00h0y5me,deaqwqxiyros99d5zn9b58t1w,Martim Fernandes,Martim Moreira Moutinho Fernandes,20.0,Defender,Portugal,Defender,27.0,37.0,64.0,182.0,1.0,1.0,1.0,0.0,0.0,0.0,0.0,0.0,3.0,3.0,8.0,3.0,0.0,0.0,3.0,0.0,1.0,3.0,0.0,0.0,0.0,84.21,16.67,0.0,0.0,0.0,44.44,0.0,75.0,0.0,0.0,0.0,0.0,0.0,0.0,0.0,0.0,0.0,0.0,13.351648351648352,18.296703296703296,31.64835164835165,0.4945054945054945,0.4945054945054945,0.4945054945054945,0.0,0.0,0.0,0.0,0.0,1.4835164835164836,1.4835164835164836,3.956043956043956,1.4835164835164836,0.0,0.0,1.4835164835164836,0.0,0.4945054945054945,1.4835164835164836,0.0,0.0,0.0,84.21,16.67,0.0,0.0,0.0,44.44,0.0,75.0,0.0,0.0,0.0,0.0,0.0,0.0,0.0,0.0,0.0,0.0,CB,2,18,7,21,4,7,20,19,20,37,38,81,80,8,8,42,35,75,23,13,46,48,44,40,26,7,40,23,35,12,7,61,24,31,40,27,27,32,23,23,23,23,14,64,19,31,5,12,20,19,20,37,38,93,90,45,10,42,35,98,23,24,95,48,44,40,26,7,40,23,35,12,7,61,24,31,40,27,27,32,23,23,23,23,Liga Portugal
Porto,66bsnl0zjb7l5akwo00h0y5me,dhhmffih4gl51nlu92hfctqs5,André Silva,André Miguel Valente da Silva,30.0,Attacker,Portugal,Striker,17.0,45.0,62.0,401.0,31.0,2.0,4.0,3.0,11.0,10.0,1.0,2.0,7.0,8.0,13.0,4.0,3.0,5.0,7.0,1.0,0.0,0.0,0.0,0.0,0.0,72.94,100.0,0.0,14.29,45.45,31.71,30.77,0.0,1.1148019934468891,0.0969971966197975,0.0,5.0,0.35367932,4.0,4.0,8.0,0.1687258399999997,22.0,3.815461346633416,10.099750623441397,13.915211970074813,6.957605985037406,0.4488778054862842,0.8977556109725685,0.6733167082294265,2.468827930174564,2.244389027431421,0.2244389027431421,0.4488778054862842,1.5710723192019949,1.795511221945137,2.917705735660848,0.8977556109725685,0.6733167082294265,1.1221945137157108,1.5710723192019949,0.2244389027431421,0.0,0.0,0.0,0.0,0.0,72.94,100.0,0.0,14.29,45.45,31.71,30.77,0.0,0.2502049361850873,0.0217699443785081,0.0,1.1221945137157108,0.0793793985037406,0.8977556109725685,0.8977556109725685,1.795511221945137,0.0378686423940149,4.937655860349127,ST,51,76,73,91,50,50,41,76,77,39,59,56,57,39,74,81,74,63,29,21,7,31,51,31,46,94,31,29,64,23,34,7,71,26,10,60,91,81,67,84,43,71,26,51,49,86,46,46,34,74,77,29,49,51,54,29,60,74,69,54,31,21,7,31,51,31,46,94,31,29,64,23,34,7,69,20,10,54,86,83,57,74,43,54,Liga Portugal
Porto,66bsnl0zjb7l5akwo00h0y5me,vja0xo3xiuax8eh0b6q3y09,P. Rosario,Pablo Rosario,29.0,Midfielder,Dominican Republic,Midfielder,83.0,75.0,158.0,482.0,9.0,8.0,5.0,3.0,4.0,2.0,2.0,3.0,6.0,6.0,23.0,8.0,0.0,0.0,5.0,2.0,9.0,5.0,1.0,0.0,0.0,82.29,53.33,0.0,33.33,0.0,56.1,62.5,45.45,0.0,0.0,0.0,0.0,0.0,0.0,0.0,0.0,0.0,0.0,15.49792531120332,14.004149377593365,29.50207468879668,1.6804979253112031,1.4937759336099583,0.933609958506224,0.5601659751037344,0.7468879668049793,0.3734439834024896,0.3734439834024896,0.5601659751037344,1.120331950207469,1.120331950207469,4.294605809128631,1.4937759336099583,0.0,0.0,0.933609958506224,0.3734439834024896,1.6804979253112031,0.933609958506224,0.1867219917012448,0.0,0.0,82.29,53.33,0.0,33.33,0.0,56.1,62.5,45.45,0.0,0.0,0.0,0.0,0.0,0.0,0.0,0.0,0.0,0.0,DM/CM,72,58,62,93,61,58,66,74,79,64,97,79,76,68,71,45,26,62,57,95,57,89,50,32,26,53,32,34,26,61,79,26,20,16,22,16,16,21,13,13,13,13,37,42,37,87,41,45,50,53,66,47,92,66,63,39,61,45,26,39,47,76,39,84,50,32,26,53,32,34,26,61,79,26,20,16,22,16,16,21,13,13,13,13,Liga Portugal
Estoril,22mo7qbsnyi8wtucpvhgvhw2q,2imz9ikcnqdhrbdwmb8un53ze,A. Tsoungui,Antef Tsoungui,23.0,Defender,Belgium,Defender,56.0,41.0,97.0,383.0,1.0,7.0,1.0,3.0,3.0,1.0,2.0,1.0,5.0,5.0,18.0,5.0,0.0,1.0,7.0,2.0,6.0,5.0,0.0,0.0,0.0,74.05,41.18,0.0,40.0,33.33,46.15,25.0,62.5,0.1991801280145815,0.2065900235902161,1.0,1.0,0.01685596,2.0,5.0,6.0,0.1125003599999999,28.0,13.159268929503916,9.634464751958223,22.79373368146214,0.2349869451697128,1.6449086161879896,0.2349869451697128,0.7049608355091384,0.7049608355091384,0.2349869451697128,0.4699738903394256,0.2349869451697128,1.174934725848564,1.174934725848564,4.229765013054831,1.174934725848564,0.0,0.2349869451697128,1.6449086161879896,0.4699738903394256,1.4099216710182767,1.174934725848564,0.0,0.0,0.0,74.05,41.18,0.0,40.0,33.33,46.15,25.0,62.5,0.0468047298206588,0.0485459585460037,0.2349869451697128,0.2349869451697128,0.0039609305483028,0.4699738903394256,1.174934725848564,1.4099216710182767,0.0264361159268929,6.579634464751958,CB,17,26,17,21,35,7,90,73,50,92,85,90,90,57,12,42,81,99,80,74,83,48,44,40,2,35,40,48,88,21,17,49,62,93,86,57,55,80,60,61,48,48,7,26,7,17,24,5,93,76,52,93,88,88,86,55,7,42,93,100,83,76,74,48,44,40,2,35,40,48,88,21,17,49,64,93,90,60,57,83,57,62,52,45,Liga Portugal
Estoril,22mo7qbsnyi8wtucpvhgvhw2q,3khjldonug93pcmztu04ytobu,Ricard Sánchez,Ricard Sánchez,26.0,Defender,Spain,Defender,35.0,46.0,81.0,361.0,3.0,1.0,4.0,2.0,1.0,1.0,0.0,0.0,6.0,6.0,19.0,12.0,0.0,0.0,1.0,3.0,3.0,10.0,0.0,2.0,0.0,77.14,12.5,0.0,50.0,0.0,45.24,50.0,83.33,0.1259430677327885,0.1441880491358248,0.0,5.0,0.12135784,4.0,4.0,5.0,0.2242858299999999,31.0,8.725761772853186,11.46814404432133,20.19390581717452,0.7479224376731302,0.2493074792243767,0.997229916897507,0.4986149584487535,0.2493074792243767,0.2493074792243767,0.0,0.0,1.4958448753462603,1.4958448753462603,4.7368421052631575,2.9916897506925206,0.0,0.0,0.2493074792243767,0.7479224376731302,0.7479224376731302,2.4930747922437675,0.0,0.4986149584487535,0.0,77.14,12.5,0.0,50.0,0.0,45.24,50.0,83.33,0.0313985487422464,0.035947159064333,0.0,1.2465373961218835,0.0302554171745152,0.997229916897507,0.997229916897507,1.2465373961218835,0.055916134903047,7.728531855955679,CB,12,36,12,51,4,27,76,44,50,37,38,94,93,61,21,42,35,29,93,39,100,48,100,40,5,5,40,54,35,14,35,74,52,81,40,80,81,95,55,57,64,50,2,36,2,55,2,21,79,45,55,37,38,95,93,69,19,42,35,31,90,38,98,48,100,40,5,5,40,54,35,14,35,74,57,88,40,83,86,95,55,60,67,52,Liga Portugal
Estoril,22mo7qbsnyi8wtucpvhgvhw2q,513jimgihzk9w1kuad57jrnxl,R. Guitane,Rafik Guitane,27.0,Midfielder,Algeria,Midfielder,22.0,66.0,87.0,248.0,25.0,0.0,0.0,7.0,6.0,5.0,1.0,4.0,19.0,21.0,19.0,1.0,0.0,1.0,3.0,9.0,2.0,4.0,0.0,0.0,1.0,80.56,0.0,8.33,47.37,16.67,47.5,0.0,57.14,0.4443675675248278,0.5939157586956648,4.0,12.0,0.37779986,5.0,2.0,7.0,0.4757622799999998,28.0,7.983870967741936,23.951612903225808,31.57258064516129,9.07258064516129,0.0,0.0,2.540322580645161,2.177419354838709,1.814516129032258,0.3629032258064516,1.4516129032258065,6.895161290322581,7.620967741935484,6.895161290322581,0.3629032258064516,0.0,0.3629032258064516,1.0887096774193548,3.2661290322580645,0.7258064516129032,1.4516129032258065,0.0,0.0,0.3629032258064516,80.56,0.0,8.33,47.37,16.67,47.5,0.0,57.14,0.1612624236985262,0.2155339446879428,1.4516129032258065,4.354838709677419,0.1371047879032258,1.814516129032258,0.7258064516129032,2.540322580645161,0.1726556661290322,10.161290322580646,RM/RCM,43,71,43,100,21,29,79,64,86,21,100,86,100,29,36,43,57,29,86,100,57,43,57,29,71,21,14,57,71,29,29,57,71,71,79,79,100,71,36,57,86,71,57,86,86,100,21,29,86,86,100,29,100,86,86,43,43,43,71,29,100,100,71,43,57,29,71,21,14,57,71,29,29,57,86,86,86,100,100,71,43,71,86,71,Liga Portugal
Estoril,22mo7qbsnyi8wtucpvhgvhw2q,8esvhatpiwl4amussu6wmamfo,André Lacximicant,André Filipe Ferreira Lacximicant,25.0,Attacker,Portugal,Striker,18.0,43.0,60.0,369.0,14.0,2.0,8.0,6.0,9.0,7.0,2.0,0.0,8.0,10.0,24.0,4.0,0.0,6.0,8.0,5.0,0.0,2.0,0.0,0.0,1.0,75.0,50.0,16.67,62.5,66.67,57.14,57.14,66.67,0.7922248156574064,0.4048648094272015,4.0,6.0,0.2054936399999999,2.0,5.0,4.0,0.4030460899999999,21.0,4.390243902439025,10.48780487804878,14.634146341463415,3.414634146341464,0.4878048780487805,1.951219512195122,1.4634146341463417,2.1951219512195124,1.707317073170732,0.4878048780487805,0.0,1.951219512195122,2.439024390243903,5.853658536585367,0.9756097560975612,0.0,1.4634146341463417,1.951219512195122,1.2195121951219514,0.0,0.4878048780487805,0.0,0.0,0.2439024390243902,75.0,50.0,16.67,62.5,66.67,57.14,57.14,66.67,0.1932255647944893,0.0987475144944394,0.9756097560975612,1.4634146341463417,0.0501203999999999,0.4878048780487805,1.2195121951219514,0.9756097560975612,0.0983039243902439,5.121951219512195,ST,59,67,66,46,50,79,70,64,59,64,16,64,74,71,74,17,87,76,79,21,53,31,51,69,49,41,63,86,94,89,91,47,51,66,81,74,74,57,79,44,71,67,46,57,57,46,51,80,71,64,54,63,16,63,69,63,66,17,83,77,74,21,49,31,51,74,49,41,63,86,94,89,91,47,51,63,86,66,69,51,71,43,71,60,Liga Portugal
Estoril,22mo7qbsnyi8wtucpvhgvhw2q,bv6u6k40izwaoyzyahynyfqax,Fernando Medrano,Fernando Medrano,26.0,Defender,Spain,Defender,81.0,57.0,138.0,406.0,1.0,7.0,4.0,5.0,2.0,0.0,2.0,2.0,8.0,8.0,21.0,8.0,0.0,0.0,3.0,4.0,1.0,3.0,1.0,0.0,0.0,82.63,46.67,0.0,50.0,0.0,53.85,57.14,30.0,0.1320088475034412,0.3022641542655925,2.0,5.0,0.1014713699999999,3.0,14.0,9.0,0.3539862199999997,64.0,17.95566502463054,12.635467980295566,30.59113300492611,0.2216748768472906,1.5517241379310345,0.8866995073891626,1.1083743842364533,0.4433497536945813,0.0,0.4433497536945813,0.4433497536945813,1.7733990147783252,1.7733990147783252,4.655172413793103,1.7733990147783252,0.0,0.0,0.6650246305418719,0.8866995073891626,0.2216748768472906,0.6650246305418719,0.2216748768472906,0.0,0.0,82.63,46.67,0.0,50.0,0.0,53.85,57.14,30.0,0.029263045013078,0.0670043691721756,0.4433497536945813,1.1083743842364533,0.0224936534482758,0.6650246305418719,3.103448275862069,1.995073891625616,0.0784698517241378,14.1871921182266,LB/LCB,79,58,79,26,66,58,66,74,32,79,92,79,79,92,32,45,34,63,95,13,29,87,50,13,47,63,13,76,34,58,61,11,79,63,87,87,79,63,76,58,53,74,79,37,53,26,58,37,74,68,32,79,95,79,79,79,32,45,34,53,84,11,21,84,50,13,47,63,13,76,34,58,61,11,74,58,89,84,79,58,79,53,53,79,Liga Portugal
Estoril,22mo7qbsnyi8wtucpvhgvhw2q,bvugj4shhvjqfhzyobkbup34k,Isma Sierra,Ismael Sierra,23.0,Defender,Spain,Defender,190.0,66.0,256.0,450.0,6.0,21.0,19.0,1.0,7.0,5.0,2.0,1.0,0.0,0.0,26.0,30.0,0.0,1.0,4.0,0.0,10.0,3.0,0.0,0.0,0.0,87.97,50.0,0.0,0.0,14.29,60.47,65.52,75.0,0.7246850810758234,0.0,2.0,4.0,0.07880156,1.0,15.0,15.0,0.4161375499999998,149.0,38.0,13.2,51.2,1.2,4.2,3.8,0.2,1.4,1.0,0.4,0.2,0.0,0.0,5.2,6.0,0.0,0.2,0.8,0.0,2.0,0.6,0.0,0.0,0.0,87.97,50.0,0.0,0.0,14.29,60.47,65.52,75.0,0.1449370162151647,0.0,0.4,0.8,0.015760312,0.2,3.0,3.0,0.0832275099999999,29.8,CB,71,52,71,82,79,93,54,99,98,92,85,18,18,90,68,42,81,87,23,93,46,48,44,40,55,63,40,23,70,57,71,61,100,31,93,75,76,69,82,76,81,81,62,40,57,81,76,95,49,98,95,90,82,18,18,81,69,42,85,77,23,93,38,48,44,40,55,63,40,23,70,57,71,61,98,31,93,74,74,68,82,75,79,83,Liga Portugal
Estoril,22mo7qbsnyi8wtucpvhgvhw2q,dyeuxixz75ematbmtiwzcvhzp,João Carvalho,João António Antunes Carvalho,29.0,Midfielder,Portugal,Midfielder,46.0,96.0,139.0,450.0,13.0,11.0,1.0,9.0,9.0,4.0,5.0,2.0,11.0,12.0,24.0,3.0,0.0,3.0,12.0,3.0,1.0,5.0,0.0,0.0,3.0,77.65,64.71,17.65,27.27,33.33,48.0,16.67,62.5,0.6965697228562964,0.9118248514245794,5.0,7.0,0.2542147699999998,4.0,17.0,20.0,0.4625010899999999,56.0,9.2,19.2,27.8,2.6,2.2,0.2,1.8,1.8,0.8,1.0,0.4,2.2,2.4,4.8,0.6,0.0,0.6,2.4,0.6,0.2,1.0,0.0,0.0,0.6,77.65,64.71,17.65,27.27,33.33,48.0,16.67,62.5,0.1393139445712592,0.1823649702849158,1.0,1.4,0.0508429539999999,0.8,3.4,4.0,0.0925002179999999,11.2,CM/AM,66,84,80,68,96,18,94,80,62,92,66,76,78,80,58,28,72,92,62,28,76,30,52,62,32,68,52,36,46,56,22,56,68,88,94,66,84,70,88,90,72,80,44,76,60,56,88,12,84,68,56,80,52,56,56,60,52,28,52,80,44,24,48,30,52,60,32,68,52,36,46,56,22,56,60,84,82,44,72,50,72,76,52,56,Liga Portugal
Estoril,22mo7qbsnyi8wtucpvhgvhw2q,e65zqndnze1xzef4qlkhd1v4l,Ferro,Francisco Reis Ferreira,29.0,Defender,Portugal,Defender,154.0,79.0,233.0,450.0,2.0,18.0,12.0,1.0,0.0,0.0,0.0,0.0,0.0,0.0,29.0,35.0,0.0,0.0,1.0,0.0,10.0,7.0,0.0,0.0,0.0,84.73,51.43,0.0,0.0,0.0,65.91,60.0,41.18,0.0,0.0808711815148916,0.0,2.0,0.04070745,1.0,8.0,12.0,0.1863113099999999,57.0,30.8,15.8,46.6,0.4,3.6,2.4,0.2,0.0,0.0,0.0,0.0,0.0,0.0,5.8,7.0,0.0,0.0,0.2,0.0,2.0,1.4,0.0,0.0,0.0,84.73,51.43,0.0,0.0,0.0,65.91,60.0,41.18,0.0,0.0161742363029783,0.0,0.4,0.00814149,0.2,1.6,2.4,0.0372622619999999,11.4,CB,48,61,50,36,70,79,54,19,20,37,38,18,18,94,83,42,35,29,23,93,95,48,44,40,31,69,40,23,35,88,56,24,24,69,40,65,67,69,67,71,60,58,33,52,40,25,60,67,49,19,20,37,38,18,18,88,81,42,35,26,23,93,87,48,44,40,31,69,40,23,35,88,56,24,24,69,40,64,64,68,64,69,55,60,Liga Portugal
Estoril,22mo7qbsnyi8wtucpvhgvhw2q,en42iersp8me42z7r4lzhwiga,Y. Begraoui,Yanis Begraoui,25.0,Attacker,Morocco,Striker,30.0,35.0,65.0,450.0,17.0,3.0,2.0,6.0,10.0,7.0,3.0,3.0,6.0,10.0,12.0,6.0,2.0,5.0,6.0,3.0,1.0,1.0,0.0,0.0,0.0,85.53,100.0,0.0,50.0,50.0,48.0,33.33,100.0,1.0155372479496858,0.4209904999581875,2.0,6.0,0.2395466899999999,6.0,4.0,7.0,0.2260257199999997,33.0,6.0,7.0,13.0,3.4,0.6,0.4,1.2,2.0,1.4,0.6,0.6,1.2,2.0,2.4,1.2,0.4,1.0,1.2,0.6,0.2,0.2,0.0,0.0,0.0,85.53,100.0,0.0,50.0,50.0,48.0,33.33,100.0,0.2031074495899371,0.0841980999916374,0.4,1.2,0.0479093379999999,1.2,0.8,1.4,0.0452051439999999,6.6,ST,90,57,80,64,74,30,70,71,59,79,79,44,74,31,90,69,74,51,54,56,26,31,51,31,91,94,31,61,76,69,40,87,69,69,57,74,77,94,67,74,54,86,74,34,37,43,57,23,49,51,43,69,69,34,57,11,83,63,66,31,40,49,17,31,51,31,91,94,31,61,76,69,40,87,54,57,46,57,63,91,54,57,51,80,Liga Portugal
Gil Vicente,bwt8yfk8rkcwiwyr0mopd7wqd,10k53pv13mw9hzllv70umgzbp,Ricardo Esgaio,Ricardo de Sousa Esgaio,33.0,Defender,Portugal,Defender,85.0,89.0,171.0,333.0,2.0,7.0,1.0,3.0,0.0,0.0,0.0,0.0,3.0,3.0,12.0,11.0,0.0,0.0,3.0,2.0,4.0,5.0,0.0,0.0,3.0,83.82,41.18,37.5,66.67,0.0,42.86,14.29,83.33,0.0,0.0,0.0,0.0,0.0,0.0,0.0,0.0,0.0,0.0,22.97297297297297,24.054054054054053,46.21621621621621,0.5405405405405405,1.891891891891892,0.2702702702702702,0.8108108108108107,0.0,0.0,0.0,0.0,0.8108108108108107,0.8108108108108107,3.243243243243243,2.972972972972973,0.0,0.0,0.8108108108108107,0.5405405405405405,1.081081081081081,1.351351351351351,0.0,0.0,0.8108108108108107,83.82,41.18,37.5,66.67,0.0,42.86,14.29,83.33,0.0,0.0,0.0,0.0,0.0,0.0,0.0,0.0,0.0,0.0,CB,24,71,36,36,35,7,90,19,20,37,38,81,80,27,18,42,35,75,80,52,83,48,44,96,24,35,88,67,35,10,14,74,24,31,40,27,27,32,23,23,23,23,21,79,38,38,29,7,95,19,20,37,38,81,79,31,17,42,35,81,88,64,81,48,44,98,24,35,88,67,35,10,14,74,24,31,40,27,27,32,23,23,23,23,Liga Portugal
Gil Vicente,bwt8yfk8rkcwiwyr0mopd7wqd,1bpopqr7cuikh6s6sk4ij31ed,Héctor Hernández,Héctor Hernández,30.0,Attacker,Spain,Striker,16.0,32.0,48.0,266.0,19.0,0.0,1.0,4.0,15.0,14.0,1.0,4.0,3.0,3.0,8.0,3.0,2.0,5.0,1.0,3.0,0.0,2.0,1.0,0.0,0.0,80.0,0.0,0.0,100.0,33.33,36.36,25.0,66.67,1.4000522829865831,0.2704672392244482,2.0,1.0,0.05491138,0.0,4.0,2.0,0.09760428,10.0,5.413533834586466,10.827067669172932,16.240601503759397,6.428571428571428,0.0,0.3383458646616541,1.3533834586466165,5.075187969924812,4.7368421052631575,0.3383458646616541,1.3533834586466165,1.0150375939849623,1.0150375939849623,2.706766917293233,1.0150375939849623,0.6766917293233082,1.6917293233082706,0.3383458646616541,1.0150375939849623,0.0,0.6766917293233082,0.3383458646616541,0.0,0.0,80.0,0.0,0.0,100.0,33.33,36.36,25.0,66.67,0.4737019002586183,0.0915114719180463,0.6766917293233082,0.3383458646616541,0.0185790383458646,0.0,1.3533834586466165,0.6766917293233082,0.0330240045112781,3.3834586466165413,ST,41,44,49,71,9,16,54,86,89,39,93,23,23,13,54,69,74,7,54,21,53,76,51,31,77,9,31,99,40,37,29,47,80,49,57,20,31,17,67,29,31,26,66,66,71,83,9,14,63,97,97,49,97,23,23,23,71,77,89,6,63,21,63,83,51,31,77,9,31,99,40,37,29,47,89,60,63,26,34,17,80,31,31,37,Liga Portugal
Gil Vicente,bwt8yfk8rkcwiwyr0mopd7wqd,3ca3uctce3rk29scnh57clbmc,M. Elimbi,Marvin Elimbi,23.0,Defender,France,Defender,153.0,86.0,239.0,360.0,2.0,10.0,8.0,0.0,0.0,0.0,0.0,0.0,4.0,4.0,17.0,25.0,0.0,0.0,0.0,4.0,2.0,2.0,0.0,0.0,0.0,90.87,52.63,0.0,100.0,0.0,58.62,57.14,40.0,0.0,0.0,0.0,0.0,0.0,0.0,0.0,0.0,0.0,0.0,38.25,21.5,59.75,0.5,2.5,2.0,0.0,0.0,0.0,0.0,0.0,1.0,1.0,4.25,6.25,0.0,0.0,0.0,1.0,0.5,0.5,0.0,0.0,0.0,90.87,52.63,0.0,100.0,0.0,58.62,57.14,40.0,0.0,0.0,0.0,0.0,0.0,0.0,0.0,0.0,0.0,0.0,CB,45,69,60,36,40,54,20,19,20,37,38,88,87,52,60,42,35,8,96,27,25,48,44,40,76,71,40,87,35,52,48,20,24,31,40,27,27,32,23,23,23,23,64,71,74,35,37,57,20,19,20,37,38,83,83,58,76,42,35,8,98,29,29,48,44,40,76,71,40,87,35,52,48,20,24,31,40,27,27,32,23,23,23,23,Liga Portugal
Gil Vicente,bwt8yfk8rkcwiwyr0mopd7wqd,3p3i8f3iz2t0tqui5uihqt2zu,Santi García,Santi García,25.0,Midfielder,Spain,Midfielder,21.0,37.0,58.0,180.0,2.0,1.0,0.0,2.0,2.0,1.0,1.0,1.0,7.0,7.0,11.0,3.0,0.0,1.0,6.0,4.0,1.0,0.0,0.0,0.0,0.0,92.06,100.0,0.0,57.14,50.0,45.83,0.0,0.0,0.081620429065733,0.1334990067605604,2.0,3.0,0.05959185,4.0,6.0,9.0,0.1503742299999999,26.0,10.5,18.5,29.0,1.0,0.5,0.0,1.0,1.0,0.5,0.5,0.5,3.5,3.5,5.5,1.5,0.0,0.5,3.0,2.0,0.5,0.0,0.0,0.0,0.0,92.06,100.0,0.0,57.14,50.0,45.83,0.0,0.0,0.0408102145328665,0.0667495033802802,1.0,1.5,0.029795925,2.0,3.0,4.5,0.0751871149999999,13.0,CM/AM,22,22,20,12,14,6,10,14,26,20,42,54,50,20,58,28,32,58,68,28,4,30,52,20,100,98,20,76,70,44,10,4,12,16,50,26,20,70,40,48,20,30,60,68,76,20,24,6,28,36,44,40,64,96,92,72,100,28,40,92,86,56,4,30,52,20,100,98,20,76,70,44,10,4,20,20,82,48,40,96,68,92,36,72,Liga Portugal
Gil Vicente,bwt8yfk8rkcwiwyr0mopd7wqd,7qn3h79plsslojw5d2w347wx6,Diogo Prioste,Diogo Ferreira Prioste,22.0,Midfielder,Portugal,Midfielder,77.0,95.0,169.0,210.0,2.0,10.0,1.0,5.0,2.0,1.0,1.0,0.0,2.0,3.0,4.0,3.0,0.0,0.0,0.0,2.0,0.0,1.0,0.0,0.0,3.0,91.85,66.67,60.0,100.0,0.0,40.0,50.0,100.0,0.0,0.0,0.0,0.0,0.0,0.0,0.0,0.0,0.0,0.0,33.0,40.71428571428571,72.42857142857143,0.8571428571428571,4.285714285714286,0.4285714285714285,2.142857142857143,0.8571428571428571,0.4285714285714285,0.4285714285714285,0.0,0.8571428571428571,1.2857142857142856,1.7142857142857142,1.2857142857142856,0.0,0.0,0.0,0.8571428571428571,0.0,0.4285714285714285,0.0,0.0,1.2857142857142856,91.85,66.67,60.0,100.0,0.0,40.0,50.0,100.0,0.0,0.0,0.0,0.0,0.0,0.0,0.0,0.0,0.0,0.0,DM/CM,63,76,68,47,76,16,84,36,57,36,25,36,46,3,36,45,26,3,57,7,9,42,50,99,89,80,95,92,26,8,42,96,20,16,22,16,16,21,13,13,13,13,89,92,92,66,89,29,100,63,71,58,25,53,66,3,53,45,26,3,76,7,18,42,50,100,89,80,95,92,26,8,42,96,20,16,22,16,16,21,13,13,13,13,Liga Portugal
Gil Vicente,bwt8yfk8rkcwiwyr0mopd7wqd,aa43uokg23dh0ls3pgzu4b74l,Jonathan Buatu,Jonathan Buatu Mananga,32.0,Defender,Angola,Defender,145.0,93.0,238.0,360.0,3.0,4.0,10.0,0.0,1.0,1.0,0.0,0.0,0.0,0.0,17.0,23.0,0.0,0.0,1.0,0.0,2.0,5.0,0.0,0.0,0.0,92.61,50.0,0.0,0.0,0.0,45.95,45.45,83.33,0.0,0.0,0.0,0.0,0.0,0.0,0.0,0.0,0.0,0.0,36.25,23.25,59.5,0.75,1.0,2.5,0.0,0.25,0.25,0.0,0.0,0.0,0.0,4.25,5.75,0.0,0.0,0.25,0.0,0.5,1.25,0.0,0.0,0.0,92.61,50.0,0.0,0.0,0.0,45.95,45.45,83.33,0.0,0.0,0.0,0.0,0.0,0.0,0.0,0.0,0.0,0.0,CB,42,74,57,51,15,71,20,44,50,37,38,18,18,52,50,42,35,29,23,27,83,48,44,40,93,63,40,23,35,19,24,74,24,31,40,27,27,32,23,23,23,23,51,76,71,58,19,73,20,48,57,37,38,18,18,58,57,42,35,33,23,29,76,48,44,40,93,63,40,23,35,19,24,74,24,31,40,27,27,32,23,23,23,23,Liga Portugal
Gil Vicente,bwt8yfk8rkcwiwyr0mopd7wqd,ajzwef2am5u4bzfdlkr33bml0,Gil Martins,Gil Pinto Martins,20.0,Midfielder,Portugal,Midfielder,18.0,44.0,60.0,277.0,7.0,3.0,1.0,1.0,8.0,4.0,4.0,2.0,3.0,3.0,7.0,2.0,1.0,2.0,4.0,0.0,0.0,1.0,0.0,0.0,2.0,83.33,60.0,22.22,0.0,25.0,33.33,33.33,50.0,0.7012771832645239,0.1163551940166957,2.0,4.0,0.1172132099999999,4.0,8.0,8.0,0.1058448299999997,18.0,5.8483754512635375,14.296028880866425,19.494584837545126,2.274368231046932,0.9747292418772564,0.3249097472924188,0.3249097472924188,2.5992779783393503,1.2996389891696751,1.2996389891696751,0.6498194945848376,0.9747292418772564,0.9747292418772564,2.274368231046932,0.6498194945848376,0.3249097472924188,0.6498194945848376,1.2996389891696751,0.0,0.0,0.3249097472924188,0.0,0.0,0.6498194945848376,83.33,60.0,22.22,0.0,25.0,33.33,33.33,50.0,0.2278517923964157,0.0378049366841249,0.6498194945848376,1.2996389891696751,0.0380837144404331,1.2996389891696751,2.5992779783393503,2.5992779783393503,0.0343900169675089,5.8483754512635375,LM/LCM,25,50,25,25,38,38,38,100,75,100,88,25,25,25,25,88,62,50,25,25,25,50,50,100,50,100,100,25,50,25,62,25,75,75,62,38,25,75,50,50,25,25,25,50,50,75,50,50,50,100,100,100,100,50,50,25,25,100,75,50,25,25,25,50,50,100,50,100,100,25,50,25,62,25,100,75,75,75,75,100,75,50,25,25,Liga Portugal
Gil Vicente,bwt8yfk8rkcwiwyr0mopd7wqd,ate1ymumg2iwzn8uyyf3ts222,A. Lausen,Andreas Lausen,23.0,Midfielder,Denmark,Midfielder,32.0,66.0,98.0,183.0,7.0,6.0,1.0,4.0,3.0,1.0,2.0,0.0,5.0,5.0,6.0,3.0,0.0,2.0,1.0,2.0,2.0,1.0,0.0,0.0,0.0,90.74,75.0,0.0,40.0,66.67,37.5,33.33,50.0,0.214067990070718,0.1928117191437465,2.0,6.0,0.1284379899999999,2.0,10.0,7.0,0.1414628699999999,35.0,15.737704918032788,32.459016393442624,48.19672131147541,3.4426229508196724,2.950819672131148,0.4918032786885246,1.9672131147540983,1.475409836065574,0.4918032786885246,0.9836065573770492,0.0,2.459016393442623,2.459016393442623,2.950819672131148,1.475409836065574,0.0,0.9836065573770492,0.4918032786885246,0.9836065573770492,0.9836065573770492,0.4918032786885246,0.0,0.0,0.0,90.74,75.0,0.0,40.0,66.67,37.5,33.33,50.0,0.1052793393790416,0.0948254356444655,0.9836065573770492,2.950819672131148,0.0631662245901638,0.9836065573770492,4.918032786885246,3.4426229508196724,0.0695719032786884,17.213114754098363,CM/AM,40,64,50,38,68,18,44,26,26,48,16,38,38,6,58,28,50,4,42,56,12,30,52,20,92,86,20,56,90,16,42,20,32,20,50,56,48,42,64,36,16,44,92,100,100,84,100,32,88,52,40,76,16,68,60,8,96,28,80,4,64,76,20,30,52,20,92,86,20,56,90,16,42,20,44,32,72,96,84,64,96,56,32,96,Liga Portugal
Gil Vicente,bwt8yfk8rkcwiwyr0mopd7wqd,avrafbh1kctz4io6h1fthedih,Weverson,Weverson Moreira da Costa,26.0,Defender,Brazil,Defender,31.0,35.0,65.0,223.0,2.0,7.0,3.0,1.0,2.0,1.0,1.0,0.0,4.0,4.0,10.0,13.0,0.0,0.0,1.0,2.0,3.0,4.0,0.0,0.0,1.0,83.33,58.33,14.29,50.0,0.0,45.45,30.0,100.0,0.1051228595240762,0.1418697030207812,1.0,0.0,0.0,1.0,5.0,4.0,0.1587917699999999,20.0,12.51121076233184,14.125560538116591,26.23318385650224,0.8071748878923767,2.825112107623318,1.210762331838565,0.4035874439461883,0.8071748878923767,0.4035874439461883,0.4035874439461883,0.0,1.6143497757847534,1.6143497757847534,4.035874439461884,5.246636771300448,0.0,0.0,0.4035874439461883,0.8071748878923767,1.210762331838565,1.6143497757847534,0.0,0.0,0.4035874439461883,83.33,58.33,14.29,50.0,0.0,45.45,30.0,100.0,0.0424262661756361,0.0572568308155619,0.4035874439461883,0.0,0.0,0.4035874439461883,2.0179372197309418,1.6143497757847534,0.0640863645739909,8.071748878923767,LB/LCB,16,16,16,34,66,32,37,74,76,61,37,42,39,16,68,45,34,24,58,34,47,42,50,32,55,89,34,76,34,32,29,95,74,47,68,26,26,53,39,39,47,37,21,53,47,68,95,63,42,79,89,74,37,74,68,53,100,45,34,37,79,58,79,42,50,37,55,89,34,76,34,32,29,95,79,53,84,26,26,53,63,42,47,42,Liga Portugal
Gil Vicente,bwt8yfk8rkcwiwyr0mopd7wqd,cuhq4744nzue53ay6piahgzu2,Joelson Fernandes,Joelson Augusto Mendes Mango Fernandes,23.0,Attacker,Portugal,Striker,16.0,48.0,60.0,285.0,9.0,2.0,0.0,5.0,7.0,4.0,3.0,3.0,7.0,9.0,14.0,1.0,0.0,2.0,4.0,4.0,0.0,3.0,0.0,0.0,4.0,86.96,100.0,14.29,57.14,28.57,48.28,0.0,50.0,0.3152124334666627,0.5757566318824883,5.0,9.0,0.29606847,0.0,1.0,5.0,0.5003207299999999,11.0,5.052631578947369,15.157894736842106,18.94736842105264,2.8421052631578947,0.6315789473684211,0.0,1.5789473684210529,2.210526315789474,1.2631578947368425,0.9473684210526316,0.9473684210526316,2.210526315789474,2.8421052631578947,4.421052631578948,0.3157894736842105,0.0,0.6315789473684211,1.2631578947368425,1.2631578947368425,0.0,0.9473684210526316,0.0,0.0,1.2631578947368425,86.96,100.0,14.29,57.14,28.57,48.28,0.0,50.0,0.0995407684631566,0.1818178837523647,1.5789473684210529,2.8421052631578947,0.0934953063157894,0.0,0.3157894736842105,1.5789473684210529,0.1579960199999999,3.473684210526316,LW,33,44,44,33,22,17,61,39,44,44,83,44,50,61,44,33,44,33,56,17,67,28,56,67,100,94,33,89,50,67,17,61,22,67,83,67,67,17,11,11,56,11,33,67,33,78,22,17,67,33,56,56,78,44,44,67,44,33,56,33,67,17,78,28,56,78,100,94,33,89,50,67,17,61,33,78,100,67,78,17,11,11,67,11,Liga Portugal
Moreirense,4a3yqn3kt1l18oklr7zxo4f1s,19mq6gsvnfvnzugpbfwniqj1l,Maracás,Jóbson de Brito Gonzaga,32.0,Defender,Brazil,Defender,117.0,10.0,127.0,349.0,0.0,2.0,14.0,0.0,0.0,0.0,0.0,0.0,0.0,0.0,19.0,46.0,0.0,0.0,3.0,0.0,3.0,3.0,0.0,0.0,0.0,81.94,9.52,0.0,0.0,0.0,65.52,66.67,100.0,0.0006684181245648,0.0,0.0,0.0,0.0,0.0,1.0,1.0,0.0510445899999999,38.0,30.17191977077364,2.5787965616045847,32.750716332378225,0.0,0.5157593123209169,3.610315186246418,0.0,0.0,0.0,0.0,0.0,0.0,0.0,4.899713467048711,11.862464183381087,0.0,0.0,0.7736389684813754,0.0,0.7736389684813754,0.7736389684813754,0.0,0.0,0.0,81.94,9.52,0.0,0.0,0.0,65.52,66.67,100.0,0.0001723714361341,0.0,0.0,0.0,0.0,0.0,0.2578796561604584,0.2578796561604584,0.0131633613180515,9.799426934097422,CB,31,5,21,8,10,86,20,19,20,37,38,18,18,61,95,42,35,75,23,39,46,48,44,40,12,2,40,23,35,86,77,89,48,31,40,27,27,32,45,45,45,55,26,2,21,8,7,90,20,19,20,37,38,18,18,76,100,42,35,74,23,45,48,48,44,40,12,2,40,23,35,86,77,89,48,31,40,27,27,32,45,45,45,55,Liga Portugal
Moreirense,4a3yqn3kt1l18oklr7zxo4f1s,1m62lxr5fsbqib8b1uf0tjx0,A. Duville-Parsemain,Alexandre Duville-Parsemain,23.0,Attacker,France,Striker,14.0,16.0,30.0,405.0,10.0,1.0,6.0,3.0,5.0,5.0,0.0,0.0,1.0,1.0,11.0,3.0,0.0,3.0,4.0,0.0,3.0,1.0,1.0,0.0,0.0,53.57,25.0,0.0,0.0,60.0,19.3,15.0,100.0,0.6303945259676602,0.1413577202647105,1.0,0.0,0.0,0.0,1.0,1.0,0.0087145899999997,7.0,3.111111111111111,3.555555555555556,6.666666666666667,2.2222222222222223,0.2222222222222222,1.3333333333333333,0.6666666666666666,1.1111111111111112,1.1111111111111112,0.0,0.0,0.2222222222222222,0.2222222222222222,2.4444444444444446,0.6666666666666666,0.0,0.6666666666666666,0.8888888888888888,0.0,0.6666666666666666,0.2222222222222222,0.2222222222222222,0.0,0.0,53.57,25.0,0.0,0.0,60.0,19.3,15.0,100.0,0.1400876724372578,0.0314128267254912,0.2222222222222222,0.0,0.0,0.0,0.2222222222222222,0.2222222222222222,0.0019365755555554,1.5555555555555556,ST,30,10,11,24,26,67,41,27,41,11,16,9,9,23,54,17,50,29,13,91,26,76,51,31,3,17,31,13,84,6,11,87,43,37,33,7,7,17,23,19,11,13,20,3,6,23,20,57,31,20,37,11,16,6,6,14,40,17,43,20,13,86,20,66,51,31,3,17,31,13,84,6,11,87,31,31,31,7,7,17,23,14,11,9,Liga Portugal
Moreirense,4a3yqn3kt1l18oklr7zxo4f1s,1orxuwwmw6m5647h08t6ym3o4,Leandro Santos,Leandro Henrique de Sousa Santos,20.0,Defender,Portugal,Defender,31.0,22.0,52.0,213.0,1.0,6.0,3.0,2.0,1.0,1.0,0.0,1.0,10.0,11.0,15.0,12.0,0.0,0.0,2.0,6.0,0.0,3.0,0.0,0.0,1.0,72.22,46.15,11.11,60.0,0.0,57.69,75.0,75.0,0.0575930009275701,0.1790500088134974,1.0,2.0,0.04888404,0.0,1.0,4.0,0.13452741,19.0,13.098591549295774,9.295774647887324,21.97183098591549,0.4225352112676056,2.535211267605634,1.267605633802817,0.8450704225352113,0.4225352112676056,0.4225352112676056,0.0,0.4225352112676056,4.225352112676056,4.647887323943662,6.338028169014084,5.070422535211268,0.0,0.0,0.8450704225352113,2.535211267605634,0.0,1.267605633802817,0.0,0.0,0.4225352112676056,72.22,46.15,11.11,60.0,0.0,57.69,75.0,75.0,0.0243350708144662,0.0756549333014777,0.4225352112676056,0.8450704225352113,0.020655228169014,0.0,0.4225352112676056,1.6901408450704225,0.0568425676056338,8.028169014084506,RB/RCB,13,13,13,7,50,40,53,30,37,40,83,97,100,23,40,47,33,27,93,7,33,47,53,43,13,60,40,80,33,60,100,80,40,47,87,40,40,27,40,53,40,33,33,27,20,27,73,67,67,60,67,40,100,100,100,93,73,47,33,60,100,7,67,47,53,60,13,60,40,80,33,60,100,80,40,67,97,53,53,27,47,67,53,40,Liga Portugal
Moreirense,4a3yqn3kt1l18oklr7zxo4f1s,21iut50h3c5sstozse2z9cqhg,João Veloso,João Miguel Fins Veloso,21.0,Midfielder,Portugal,Midfielder,33.0,27.0,60.0,225.0,3.0,2.0,2.0,3.0,4.0,1.0,3.0,0.0,8.0,8.0,16.0,1.0,1.0,2.0,5.0,5.0,0.0,4.0,1.0,0.0,0.0,81.08,25.0,0.0,62.5,50.0,59.26,40.0,100.0,0.3327138913017583,0.2625553373247633,2.0,6.0,0.1507326199999999,2.0,5.0,6.0,0.3771549099999999,26.0,13.2,10.8,24.0,1.2,0.8,0.8,1.2,1.6,0.4,1.2,0.0,3.2,3.2,6.4,0.4,0.4,0.8,2.0,2.0,0.0,1.6,0.4,0.0,0.0,81.08,25.0,0.0,62.5,50.0,59.26,40.0,100.0,0.1330855565207033,0.1050221349299053,0.8,2.4,0.0602930479999999,0.8,2.0,2.4,0.1508619639999999,10.4,CM/AM,44,12,24,20,28,36,26,42,26,68,16,62,58,38,24,74,50,40,72,8,58,74,52,20,44,12,20,80,70,96,58,94,44,32,50,56,60,42,34,32,56,30,88,24,44,28,40,56,48,60,32,88,16,80,80,84,28,88,72,72,86,8,96,80,52,20,44,12,20,80,70,96,58,94,56,48,56,84,80,50,56,48,88,44,Liga Portugal
Moreirense,4a3yqn3kt1l18oklr7zxo4f1s,3cgw9le7p3c1jiayb7m8frxpm,Dinis Pinto,Dinis Lourenço Casals Namura Borges Pinto,26.0,Defender,Portugal,Defender,28.0,21.0,48.0,290.0,10.0,2.0,6.0,2.0,5.0,5.0,0.0,0.0,3.0,3.0,17.0,23.0,1.0,3.0,3.0,2.0,4.0,4.0,0.0,0.0,1.0,66.67,25.0,14.29,66.67,60.0,53.12,66.67,66.67,0.5488072518728362,0.2060066542414652,0.0,4.0,0.0999366099999999,1.0,1.0,2.0,0.2964874499999998,20.0,8.689655172413794,6.517241379310344,14.89655172413793,3.103448275862069,0.6206896551724138,1.862068965517241,0.6206896551724138,1.5517241379310345,1.5517241379310345,0.0,0.0,0.9310344827586208,0.9310344827586208,5.275862068965517,7.137931034482758,0.3103448275862069,0.9310344827586208,0.9310344827586208,0.6206896551724138,1.2413793103448276,1.2413793103448276,0.0,0.0,0.3103448275862069,66.67,25.0,14.29,66.67,60.0,53.12,66.67,66.67,0.1703194919605353,0.0639330995921788,0.0,1.2413793103448276,0.0310148099999999,0.3103448275862069,0.3103448275862069,0.6206896551724138,0.092013346551724,6.206896551724138,RB/RCB,7,7,7,93,13,73,53,97,100,40,33,33,33,47,73,97,100,60,50,50,57,47,53,43,7,13,53,87,87,40,87,53,100,53,40,60,67,53,40,40,60,40,7,7,7,100,13,87,53,100,100,40,33,33,33,73,100,100,100,73,60,73,60,47,53,40,7,13,53,87,87,40,87,53,100,47,40,67,67,53,40,40,60,33,Liga Portugal
Moreirense,4a3yqn3kt1l18oklr7zxo4f1s,5r77c92sjgkfvx5h4vdcqpixg,Landerson,Landerson Costa Araújo,19.0,Attacker,Brazil,Striker,17.0,20.0,37.0,349.0,4.0,0.0,5.0,1.0,3.0,2.0,1.0,2.0,14.0,15.0,15.0,10.0,0.0,0.0,3.0,3.0,3.0,1.0,0.0,0.0,0.0,80.43,0.0,0.0,21.43,0.0,34.09,62.5,25.0,0.1814878541607892,0.0384481123342879,1.0,5.0,0.1370982499999999,3.0,2.0,3.0,0.0506203699999999,10.0,4.383954154727793,5.157593123209169,9.541547277936962,1.0315186246418335,0.0,1.2893982808022924,0.2578796561604584,0.7736389684813754,0.5157593123209169,0.2578796561604584,0.5157593123209169,3.610315186246418,3.8681948424068766,3.8681948424068766,2.5787965616045847,0.0,0.0,0.7736389684813754,0.7736389684813754,0.7736389684813754,0.2578796561604584,0.0,0.0,0.0,80.43,0.0,0.0,21.43,0.0,34.09,62.5,25.0,0.0468020254282837,0.0099149859887848,0.2578796561604584,1.2893982808022924,0.0353548495702005,0.7736389684813754,0.5157593123209169,0.7736389684813754,0.0130539636103151,2.5787965616045847,ST,51,14,23,13,9,59,14,14,17,39,59,91,91,50,100,17,7,17,54,91,26,31,51,31,83,9,31,31,7,34,97,14,14,14,33,60,57,69,40,36,23,26,43,14,26,11,9,54,11,9,14,40,57,86,89,40,100,17,7,14,54,94,26,31,51,31,83,9,31,31,7,34,97,14,14,14,37,63,51,71,43,37,20,20,Liga Portugal
Moreirense,4a3yqn3kt1l18oklr7zxo4f1s,5v5n8dvhqf1995r4ayrjo76ui,N. John,Nile John,23.0,Midfielder,England,Midfielder,49.0,39.0,87.0,363.0,0.0,0.0,2.0,2.0,5.0,0.0,5.0,1.0,5.0,6.0,14.0,1.0,1.0,2.0,5.0,2.0,7.0,2.0,0.0,0.0,1.0,84.47,0.0,14.29,40.0,40.0,43.75,50.0,40.0,0.2812119661863519,0.1406325530421924,4.0,0.0,0.0,0.0,7.0,8.0,0.1142903699999998,41.0,12.148760330578511,9.669421487603309,21.5702479338843,0.0,0.0,0.4958677685950413,0.4958677685950413,1.2396694214876034,0.0,1.2396694214876034,0.2479338842975206,1.2396694214876034,1.487603305785124,3.471074380165289,0.2479338842975206,0.2479338842975206,0.4958677685950413,1.2396694214876034,0.4958677685950413,1.7355371900826446,0.4958677685950413,0.0,0.0,0.2479338842975206,84.47,0.0,14.29,40.0,40.0,43.75,50.0,40.0,0.0697219750875252,0.0348675751344278,0.9917355371900828,0.0,0.0,0.0,1.7355371900826446,1.983471074380165,0.0283364553719007,10.165289256198347,DM/CM,17,21,20,12,4,32,45,86,24,96,67,68,76,37,9,95,91,62,57,75,26,42,50,75,34,4,66,39,78,24,42,17,74,58,95,16,16,21,46,49,32,42,16,11,3,12,4,32,39,82,24,95,61,71,74,16,5,95,89,55,58,82,21,42,50,71,34,4,66,39,78,24,42,17,74,50,92,16,16,21,45,47,29,42,Liga Portugal
Moreirense,4a3yqn3kt1l18oklr7zxo4f1s,78v0oip5so79klfocih87htec,Gilberto Batista,Gilberto Dambi Batista,22.0,Defender,Guinea-Bissau,Defender,161.0,43.0,203.0,450.0,0.0,17.0,10.0,0.0,0.0,0.0,0.0,0.0,2.0,2.0,20.0,48.0,0.0,0.0,1.0,2.0,6.0,7.0,0.0,1.0,1.0,79.3,33.33,100.0,100.0,0.0,60.61,66.67,100.0,0.0,0.0,0.0,0.0,0.0,0.0,0.0,0.0,0.0,0.0,32.2,8.6,40.6,0.0,3.4,2.0,0.0,0.0,0.0,0.0,0.0,0.4,0.4,4.0,9.6,0.0,0.0,0.2,0.4,1.2,1.4,0.0,0.2,0.2,79.3,33.33,100.0,100.0,0.0,60.61,66.67,100.0,0.0,0.0,0.0,0.0,0.0,0.0,0.0,0.0,0.0,0.0,CB,52,31,40,8,64,71,20,19,20,37,38,63,63,69,99,42,35,29,80,74,95,48,93,86,7,19,96,87,35,60,77,89,24,31,40,27,27,32,23,23,23,23,38,14,29,8,57,57,20,19,20,37,38,55,55,50,96,42,35,26,73,68,87,48,92,86,7,19,96,87,35,60,77,89,24,31,40,27,27,32,23,23,23,23,Liga Portugal
Moreirense,4a3yqn3kt1l18oklr7zxo4f1s,7pw9py0x110ns662wijkdcs2c,Manuel Mendonça,Manuel Ascenção Bebiano Mendonça,21.0,Midfielder,Portugal,Midfielder,10.0,16.0,23.0,234.0,3.0,3.0,2.0,3.0,1.0,0.0,1.0,0.0,4.0,4.0,16.0,1.0,0.0,0.0,6.0,2.0,3.0,4.0,0.0,0.0,3.0,51.11,60.0,27.27,50.0,0.0,50.0,40.0,66.67,0.0,0.0,0.0,0.0,0.0,0.0,0.0,0.0,0.0,0.0,3.846153846153846,6.153846153846153,8.846153846153847,1.1538461538461535,1.1538461538461535,0.7692307692307692,1.1538461538461535,0.3846153846153846,0.0,0.3846153846153846,0.0,1.5384615384615383,1.5384615384615383,6.153846153846153,0.3846153846153846,0.0,0.0,2.3076923076923075,0.7692307692307692,1.1538461538461535,1.5384615384615383,0.0,0.0,1.1538461538461535,51.11,60.0,27.27,50.0,0.0,50.0,40.0,66.67,0.0,0.0,0.0,0.0,0.0,0.0,0.0,0.0,0.0,0.0,CM/AM,4,4,4,20,42,36,26,6,6,20,16,30,28,38,24,28,14,58,42,74,58,30,52,62,4,62,72,64,14,72,58,66,6,6,8,6,6,10,6,8,6,6,4,4,4,24,56,52,40,4,6,20,16,44,40,80,24,28,14,76,60,88,92,30,52,80,4,62,72,64,14,72,58,66,6,6,8,6,6,10,6,8,6,6,Liga Portugal
Moreirense,4a3yqn3kt1l18oklr7zxo4f1s,7qyi7q5gfunxb6vsm35g5fw9g,Kiko,Francisco Miguel Teixeira Domingues,24.0,Defender,Portugal,Defender,76.0,36.0,110.0,437.0,3.0,4.0,3.0,2.0,4.0,0.0,4.0,0.0,3.0,3.0,22.0,24.0,1.0,1.0,5.0,1.0,11.0,9.0,0.0,1.0,2.0,74.32,18.18,20.0,33.33,25.0,50.0,33.33,69.23,0.2073351880020658,0.2202087143363866,3.0,0.0,0.0,0.0,7.0,10.0,0.39630086,53.0,15.65217391304348,7.414187643020596,22.65446224256293,0.6178489702517163,0.8237986270022883,0.6178489702517163,0.4118993135011441,0.8237986270022883,0.0,0.8237986270022883,0.0,0.6178489702517163,0.6178489702517163,4.530892448512586,4.94279176201373,0.205949656750572,0.205949656750572,1.0297482837528604,0.205949656750572,2.265446224256293,1.853546910755149,0.0,0.205949656750572,0.4118993135011441,74.32,18.18,20.0,33.33,25.0,50.0,33.33,69.23,0.0427006108013407,0.0453519091310636,0.6178489702517163,0.0,0.0,0.0,1.4416475972540046,2.059496567505721,0.0816180260869565,10.91533180778032,LB/LCB,66,21,37,53,26,32,50,84,32,95,37,24,24,100,100,95,79,92,32,100,100,42,100,53,11,11,42,53,74,42,37,47,84,53,95,26,26,26,63,66,58,68,47,5,21,47,11,21,47,84,32,95,37,21,16,63,89,95,79,79,26,100,89,42,100,47,11,11,42,53,74,42,37,47,84,47,95,26,26,26,37,58,58,68,Liga Portugal
Moreirense,4a3yqn3kt1l18oklr7zxo4f1s,ercfwn1wpo1uuw5sts42ewmzu,Guilherme Liberato,Guilherme Liberato Tomás de Aquino,25.0,Midfielder,Brazil,Midfielder,51.0,25.0,76.0,300.0,1.0,6.0,3.0,0.0,1.0,1.0,0.0,0.0,5.0,5.0,27.0,11.0,0.0,1.0,7.0,4.0,3.0,6.0,0.0,0.0,0.0,73.79,46.15,0.0,80.0,100.0,54.0,33.33,46.15,0.0,0.0,0.0,0.0,0.0,0.0,0.0,0.0,0.0,0.0,15.3,7.5,22.8,0.3,1.7999999999999998,0.8999999999999999,0.0,0.3,0.3,0.0,0.0,1.5,1.5,8.1,3.3,0.0,0.3,2.1,1.2,0.8999999999999999,1.7999999999999998,0.0,0.0,0.0,73.79,46.15,0.0,80.0,100.0,54.0,33.33,46.15,0.0,0.0,0.0,0.0,0.0,0.0,0.0,0.0,0.0,0.0,DM/CM,21,3,13,30,43,41,5,20,57,11,25,68,67,87,83,45,67,88,78,36,70,42,50,32,5,34,32,79,99,58,21,29,20,16,22,16,16,21,13,13,13,13,32,3,13,34,53,42,5,24,58,11,25,79,76,92,87,45,71,92,84,34,82,42,50,32,5,34,32,79,99,58,21,29,20,16,22,16,16,21,13,13,13,13,Liga Portugal
Moreirense,4a3yqn3kt1l18oklr7zxo4f1s,fwjwegjstc3k5oj7ywlm702c,Rodri Alonso,Rodrigo Alonso Martín,23.0,Midfielder,Spain,Midfielder,49.0,34.0,83.0,277.0,0.0,0.0,1.0,2.0,0.0,0.0,0.0,0.0,3.0,3.0,11.0,2.0,0.0,0.0,5.0,1.0,5.0,2.0,0.0,0.0,0.0,85.57,0.0,0.0,33.33,0.0,35.48,20.0,50.0,0.0,0.1287053476338669,0.0,2.0,0.04320281,1.0,8.0,8.0,0.23613261,37.0,15.92057761732852,11.046931407942235,26.96750902527076,0.0,0.0,0.3249097472924188,0.6498194945848376,0.0,0.0,0.0,0.0,0.9747292418772564,0.9747292418772564,3.574007220216606,0.6498194945848376,0.0,0.0,1.624548736462094,0.3249097472924188,1.624548736462094,0.6498194945848376,0.0,0.0,0.0,85.57,0.0,0.0,33.33,0.0,35.48,20.0,50.0,0.0,0.0418176219749026,0.0,0.6498194945848376,0.0140370140794223,0.3249097472924188,2.5992779783393503,2.5992779783393503,0.0767217866425992,12.021660649819491,DM/CM,17,17,16,12,4,16,45,8,24,11,25,47,46,17,21,45,26,62,37,51,26,42,50,32,42,4,32,34,26,3,13,38,20,53,22,46,47,50,51,49,53,39,39,16,29,12,4,13,55,8,24,11,25,55,53,21,21,45,26,74,39,74,29,42,50,32,42,4,32,34,26,3,13,38,20,55,22,50,50,53,61,63,58,47,Liga Portugal
Rio Ave,cgvbluoerzbzcr7aaxge3wkcv,15dfrmbjnn30n6bjpfdhy117u,A. Ntoi,Andreas Ntoi,23.0,Defender,Greece,Defender,32.0,40.0,72.0,252.0,2.0,7.0,3.0,1.0,1.0,1.0,0.0,0.0,2.0,2.0,8.0,2.0,0.0,0.0,1.0,0.0,4.0,3.0,0.0,0.0,0.0,82.76,58.33,0.0,0.0,0.0,36.36,0.0,75.0,0.0,0.0,0.0,0.0,0.0,0.0,0.0,0.0,0.0,0.0,11.428571428571429,14.285714285714286,25.714285714285715,0.7142857142857143,2.5,1.0714285714285714,0.3571428571428571,0.3571428571428571,0.3571428571428571,0.0,0.0,0.7142857142857143,0.7142857142857143,2.857142857142857,0.7142857142857143,0.0,0.0,0.3571428571428571,0.0,1.4285714285714286,1.0714285714285714,0.0,0.0,0.0,82.76,58.33,0.0,0.0,0.0,36.36,0.0,75.0,0.0,0.0,0.0,0.0,0.0,0.0,0.0,0.0,0.0,0.0,CB,10,23,10,36,35,20,54,44,50,37,38,63,63,8,4,42,35,29,23,52,46,48,44,40,17,86,40,23,35,5,7,61,24,31,40,27,27,32,23,23,23,23,5,45,10,52,37,26,64,52,60,37,38,79,76,26,2,42,35,38,23,81,69,48,44,40,17,86,40,23,35,5,7,61,24,31,40,27,27,32,23,23,23,23,Liga Portugal
Rio Ave,cgvbluoerzbzcr7aaxge3wkcv,1ikn6ky7wi06swbwfegv7w1gq,F. Petrasso,Francisco Petrasso,24.0,Defender,Argentina,Defender,167.0,43.0,210.0,436.0,3.0,13.0,4.0,0.0,1.0,1.0,0.0,0.0,1.0,1.0,9.0,25.0,0.0,0.0,2.0,1.0,3.0,1.0,0.0,0.0,0.0,87.5,32.5,0.0,100.0,0.0,69.23,66.67,50.0,0.1214241875671676,0.0,0.0,0.0,0.0,0.0,1.0,1.0,0.0827746499999999,41.0,34.472477064220186,8.876146788990827,43.34862385321101,0.6192660550458716,2.6834862385321103,0.8256880733944955,0.0,0.2064220183486238,0.2064220183486238,0.0,0.0,0.2064220183486238,0.2064220183486238,1.8577981651376148,5.160550458715597,0.0,0.0,0.4128440366972477,0.2064220183486238,0.6192660550458716,0.2064220183486238,0.0,0.0,0.0,87.5,32.5,0.0,100.0,0.0,69.23,66.67,50.0,0.0250646258739566,0.0,0.0,0.0,0.0,0.0,0.2064220183486238,0.2064220183486238,0.0170865103211008,8.463302752293579,RB/RCB,100,20,80,40,90,53,17,30,37,40,33,20,20,7,87,47,33,27,30,33,7,47,53,20,67,27,20,100,33,87,87,33,47,23,40,20,20,27,40,33,33,53,100,13,67,40,80,40,17,27,33,40,33,20,20,7,80,47,33,20,27,20,7,47,53,20,67,27,20,100,33,87,87,33,47,23,40,20,20,27,33,33,33,53,Liga Portugal
Rio Ave,cgvbluoerzbzcr7aaxge3wkcv,2h8ono3z5nscm9pngv3mak0oa,R. Galčík,Roland Galcík,25.0,Attacker,Slovakia,Striker,13.0,26.0,39.0,203.0,0.0,3.0,0.0,1.0,1.0,0.0,1.0,0.0,4.0,4.0,3.0,3.0,0.0,0.0,2.0,0.0,0.0,1.0,0.0,0.0,0.0,86.67,100.0,0.0,0.0,0.0,15.79,0.0,100.0,0.0802230720499624,0.0338998341527664,1.0,6.0,0.15599457,2.0,6.0,6.0,0.1914247199999999,9.0,5.763546798029557,11.527093596059114,17.29064039408867,0.0,1.3300492610837438,0.0,0.4433497536945813,0.4433497536945813,0.0,0.4433497536945813,0.0,1.7733990147783252,1.7733990147783252,1.3300492610837438,1.3300492610837438,0.0,0.0,0.8866995073891626,0.0,0.0,0.4433497536945813,0.0,0.0,0.0,86.67,100.0,0.0,0.0,0.0,15.79,0.0,100.0,0.0355668792339734,0.0150294831219161,0.4433497536945813,2.6600985221674875,0.0691601541871921,0.8866995073891626,2.6600985221674875,2.6600985221674875,0.0848681024630541,3.990147783251232,ST,24,29,26,3,74,6,14,4,6,39,16,30,30,3,54,17,7,11,13,21,26,31,51,31,97,94,31,13,7,3,6,87,11,11,33,74,63,57,84,61,51,20,71,71,74,3,89,6,23,6,6,60,16,60,51,3,89,17,7,17,13,21,44,31,51,31,97,94,31,13,7,3,6,87,11,17,51,89,83,79,97,86,60,47,Liga Portugal
Rio Ave,cgvbluoerzbzcr7aaxge3wkcv,3t5uimhk4o7nwccz03ioxyicq,N. Abbey,Nelson Abbey,23.0,Defender,England,Defender,37.0,25.0,61.0,257.0,0.0,3.0,4.0,0.0,0.0,0.0,0.0,0.0,4.0,4.0,20.0,11.0,0.0,0.0,4.0,2.0,5.0,8.0,0.0,0.0,1.0,84.72,42.86,25.0,50.0,0.0,74.07,0.0,80.0,0.0,0.0,0.0,0.0,0.0,0.0,0.0,0.0,0.0,0.0,12.957198443579768,8.754863813229571,21.361867704280154,0.0,1.050583657587549,1.4007782101167314,0.0,0.0,0.0,0.0,0.0,1.4007782101167314,1.4007782101167314,7.003891050583658,3.852140077821012,0.0,0.0,1.4007782101167314,0.7003891050583657,1.7509727626459144,2.801556420233463,0.0,0.0,0.3501945525291828,84.72,42.86,25.0,50.0,0.0,74.07,0.0,80.0,0.0,0.0,0.0,0.0,0.0,0.0,0.0,0.0,0.0,0.0,LB/LCB,21,5,11,13,11,58,16,16,32,24,37,42,39,79,55,45,34,82,58,74,95,42,50,32,74,53,61,76,34,100,11,74,21,18,29,26,26,26,18,18,18,18,32,11,11,13,26,68,16,16,32,24,37,63,58,100,74,45,34,95,74,95,100,42,50,32,74,53,61,76,34,100,11,74,21,18,29,26,26,26,18,18,18,18,Liga Portugal
Rio Ave,cgvbluoerzbzcr7aaxge3wkcv,69dpsk0py5jd6hai3vm27z2fo,Diogo Bezerra,Diogo Bezerra de Oliveira,24.0,Attacker,Brazil,Striker,19.0,44.0,55.0,374.0,3.0,6.0,0.0,6.0,5.0,0.0,5.0,2.0,22.0,23.0,15.0,1.0,0.0,1.0,4.0,8.0,2.0,3.0,1.0,0.0,8.0,76.39,75.0,25.0,36.36,20.0,33.33,0.0,100.0,0.5023513431876058,0.6757267752487921,4.0,10.0,0.2548846799999998,3.0,2.0,6.0,0.5607940199999999,26.0,4.572192513368984,10.588235294117649,13.235294117647058,0.7219251336898395,1.443850267379679,0.0,1.443850267379679,1.2032085561497323,0.0,1.2032085561497323,0.481283422459893,5.294117647058823,5.5347593582887695,3.6096256684491976,0.2406417112299465,0.0,0.2406417112299465,0.962566844919786,1.925133689839572,0.481283422459893,0.7219251336898395,0.2406417112299465,0.0,1.925133689839572,76.39,75.0,25.0,36.36,20.0,33.33,0.0,100.0,0.1208866868633275,0.1626080475197628,0.962566844919786,2.406417112299465,0.0613358855614972,0.7219251336898395,0.481283422459893,1.443850267379679,0.1349504326203208,6.256684491978609,ST,64,71,59,9,90,6,70,27,6,87,59,96,97,50,19,17,19,29,93,79,73,76,51,100,54,77,73,46,24,30,6,87,31,86,81,90,80,69,40,61,77,80,54,63,40,9,94,6,69,24,6,89,54,94,94,37,20,17,20,26,91,80,69,70,51,100,54,77,73,46,24,30,6,87,26,83,81,83,77,67,37,60,80,71,Liga Portugal
Rio Ave,cgvbluoerzbzcr7aaxge3wkcv,6wz9pjhkwz4iprotyn6gyb9ck,Tamble Monteiro,Tamble Ulisses Folgado Monteiro,25.0,Attacker,Guinea-Bissau,Striker,23.0,40.0,63.0,374.0,13.0,2.0,13.0,1.0,5.0,4.0,1.0,0.0,6.0,6.0,31.0,3.0,1.0,2.0,13.0,3.0,1.0,1.0,0.0,0.0,0.0,78.75,66.67,0.0,50.0,40.0,51.67,43.33,50.0,0.6247708248454166,0.1136256726860989,1.0,3.0,0.07188191,4.0,4.0,3.0,0.11260196,14.0,5.5347593582887695,9.62566844919786,15.160427807486627,3.1283422459893044,0.481283422459893,3.1283422459893044,0.2406417112299465,1.2032085561497323,0.962566844919786,0.2406417112299465,0.0,1.443850267379679,1.443850267379679,7.459893048128341,0.7219251336898395,0.2406417112299465,0.481283422459893,3.1283422459893044,0.7219251336898395,0.2406417112299465,0.2406417112299465,0.0,0.0,0.0,78.75,66.67,0.0,50.0,40.0,51.67,43.33,50.0,0.1503459204173462,0.0273430763148366,0.2406417112299465,0.7219251336898395,0.017297785828877,0.962566844919786,0.962566844919786,0.7219251336898395,0.0270967283422459,3.368983957219251,ST,76,60,77,39,50,86,14,27,30,39,16,44,43,83,54,47,33,97,54,56,26,31,51,31,66,66,31,61,49,74,60,29,40,31,33,41,34,81,67,36,34,37,69,43,66,40,49,86,9,24,29,34,16,46,43,83,50,49,26,94,51,56,23,31,51,31,66,66,31,61,49,74,60,29,37,26,34,37,29,89,63,34,29,34,Liga Portugal
Rio Ave,cgvbluoerzbzcr7aaxge3wkcv,761rlv533gduv62g6ai82lv1m,G. Liavas,Georgios Liavas,25.0,Midfielder,Greece,Midfielder,101.0,62.0,162.0,443.0,0.0,10.0,2.0,3.0,2.0,0.0,2.0,0.0,4.0,4.0,17.0,11.0,0.0,0.0,1.0,4.0,6.0,7.0,0.0,0.0,1.0,82.65,32.26,11.11,100.0,0.0,51.52,50.0,70.0,0.0841722629929137,0.3136578387021356,2.0,2.0,0.03740694,2.0,11.0,10.0,0.4163370599999998,66.0,20.51918735891648,12.595936794582393,32.91196388261851,0.0,2.031602708803612,0.4063205417607223,0.6094808126410834,0.4063205417607223,0.0,0.4063205417607223,0.0,0.8126410835214446,0.8126410835214446,3.45372460496614,2.234762979683973,0.0,0.0,0.2031602708803611,0.8126410835214446,1.218961625282167,1.4221218961625282,0.0,0.0,0.2031602708803611,82.65,32.26,11.11,100.0,0.0,51.52,50.0,70.0,0.0171004597502533,0.0637228114744744,0.4063205417607223,0.4063205417607223,0.0075996040632054,0.4063205417607223,2.234762979683973,2.031602708803612,0.0845831498871331,13.408577878103836,DM/CM,84,53,66,12,76,32,66,36,24,64,25,57,57,45,83,45,26,8,78,63,83,42,50,75,29,11,63,92,26,47,42,70,45,76,74,46,42,71,64,58,76,74,58,29,42,12,61,26,53,26,24,53,25,47,47,13,71,45,26,5,74,53,76,42,50,68,29,11,63,92,26,47,42,70,45,66,68,42,42,68,55,50,63,58,Liga Portugal
Rio Ave,cgvbluoerzbzcr7aaxge3wkcv,7de0uy8a51bjehkrlq6iuioh6,Diogo Nascimento,Diogo André Santos Nascimento,23.0,Midfielder,Portugal,Midfielder,52.0,52.0,104.0,256.0,0.0,4.0,1.0,3.0,0.0,0.0,0.0,0.0,1.0,1.0,8.0,2.0,0.0,0.0,4.0,1.0,0.0,1.0,0.0,0.0,0.0,88.89,66.67,0.0,100.0,0.0,42.11,33.33,50.0,0.0,0.1851692191304099,0.0,3.0,0.06009809,2.0,4.0,7.0,0.3292070299999999,43.0,18.28125,18.28125,36.5625,0.0,1.40625,0.3515625,1.0546875,0.0,0.0,0.0,0.0,0.3515625,0.3515625,2.8125,0.703125,0.0,0.0,1.40625,0.3515625,0.0,0.3515625,0.0,0.0,0.0,88.89,66.67,0.0,100.0,0.0,42.11,33.33,50.0,0.0,0.0650985536005347,0.0,1.0546875,0.021128234765625,0.703125,1.40625,2.4609375,0.1157368464843749,15.1171875,DM/CM,25,37,29,12,25,16,66,8,24,11,25,17,17,5,21,45,26,46,37,7,9,42,50,32,76,80,32,92,26,18,21,38,20,63,22,57,53,71,37,41,68,46,45,63,55,12,33,16,66,8,24,11,25,16,16,8,24,45,26,63,45,7,8,42,50,32,76,80,32,92,26,18,21,38,20,68,22,68,63,78,42,58,89,71,Liga Portugal
Rio Ave,cgvbluoerzbzcr7aaxge3wkcv,846tbctevdy65ylth8k0o915g,Jalen Blesa,Jalen Blesa,25.0,Attacker,Spain,Striker,38.0,48.0,85.0,438.0,15.0,3.0,9.0,6.0,5.0,3.0,2.0,0.0,7.0,7.0,29.0,6.0,1.0,3.0,11.0,4.0,2.0,2.0,1.0,0.0,1.0,79.44,75.0,20.0,57.14,60.0,63.04,64.29,33.33,0.4339703722962656,0.559640338036584,2.0,5.0,0.1463541199999999,1.0,5.0,6.0,0.3647664499999998,18.0,7.808219178082193,9.863013698630136,17.465753424657535,3.082191780821918,0.6164383561643836,1.8493150684931507,1.2328767123287672,1.0273972602739727,0.6164383561643836,0.4109589041095891,0.0,1.4383561643835618,1.4383561643835618,5.958904109589041,1.2328767123287672,0.2054794520547945,0.6164383561643836,2.26027397260274,0.8219178082191781,0.4109589041095891,0.4109589041095891,0.2054794520547945,0.0,0.2054794520547945,79.44,75.0,20.0,57.14,60.0,63.04,64.29,33.33,0.0891719943074518,0.1149945900075172,0.4109589041095891,1.0273972602739727,0.0300727643835616,0.2054794520547945,1.0273972602739727,1.2328767123287672,0.0749520102739725,3.6986301369863015,ST,94,81,89,53,74,83,70,27,23,64,16,56,50,77,90,47,50,93,70,79,53,76,51,69,71,77,66,74,84,94,100,17,26,74,57,60,60,41,79,61,69,54,91,46,77,34,61,74,51,17,17,57,16,43,40,69,86,40,36,89,57,71,37,63,51,66,71,77,66,74,84,94,100,17,17,71,49,51,46,34,66,51,57,40,Liga Portugal
Rio Ave,cgvbluoerzbzcr7aaxge3wkcv,9tg2ugyo8h1tsuy5974rf7310,Gustavo Mancha,Gustavo Teixeira Lopes da Conceição,22.0,Defender,Brazil,Defender,125.0,40.0,165.0,369.0,0.0,18.0,2.0,0.0,0.0,0.0,0.0,0.0,1.0,1.0,5.0,24.0,0.0,0.0,0.0,1.0,2.0,2.0,0.0,0.0,0.0,82.09,40.91,0.0,100.0,0.0,71.43,0.0,100.0,0.0,0.0,0.0,0.0,0.0,0.0,0.0,0.0,0.0,0.0,30.487804878048784,9.756097560975611,40.2439024390244,0.0,4.390243902439025,0.4878048780487805,0.0,0.0,0.0,0.0,0.0,0.2439024390243902,0.2439024390243902,1.2195121951219514,5.853658536585367,0.0,0.0,0.0,0.2439024390243902,0.4878048780487805,0.4878048780487805,0.0,0.0,0.0,82.09,40.91,0.0,100.0,0.0,71.43,0.0,100.0,0.0,0.0,0.0,0.0,0.0,0.0,0.0,0.0,0.0,0.0,CB,38,23,33,8,70,13,20,19,20,37,38,43,43,5,54,42,35,8,56,27,25,48,44,40,14,31,40,87,35,93,7,89,24,31,40,27,27,32,23,23,23,23,29,29,26,8,79,10,20,19,20,37,38,43,43,2,64,42,35,8,57,19,24,48,44,40,14,31,40,87,35,93,7,89,24,31,40,27,27,32,23,23,23,23,Liga Portugal
Rio Ave,cgvbluoerzbzcr7aaxge3wkcv,cd6l176fmei1qgylqbf0btg8a,T. Nikitscher,Tamás Nikitscher,26.0,Midfielder,Hungary,Midfielder,57.0,55.0,112.0,384.0,3.0,7.0,7.0,1.0,2.0,1.0,1.0,0.0,2.0,2.0,32.0,12.0,0.0,1.0,10.0,2.0,6.0,9.0,0.0,0.0,0.0,87.5,63.64,0.0,100.0,50.0,65.31,87.5,64.29,0.1589286785298652,0.100942820277292,1.0,1.0,0.02855202,0.0,3.0,1.0,0.12923661,22.0,13.359375,12.890625,26.25,0.703125,1.640625,1.640625,0.234375,0.46875,0.234375,0.234375,0.0,0.46875,0.46875,7.5,2.8125,0.0,0.234375,2.34375,0.46875,1.40625,2.109375,0.0,0.0,0.0,87.5,63.64,0.0,100.0,50.0,65.31,87.5,64.29,0.0372489090304371,0.0236584735024903,0.234375,0.234375,0.0066918796875,0.0,0.703125,0.234375,0.03028983046875,5.15625,DM/CM,33,39,37,63,54,82,20,36,57,36,25,36,34,95,88,45,67,100,57,63,93,42,50,32,63,72,32,92,87,97,100,61,55,45,54,36,37,21,30,26,34,32,26,32,26,55,50,79,14,29,50,30,25,32,32,89,82,45,63,95,55,64,87,42,50,32,63,72,32,92,87,97,100,61,53,42,54,34,34,21,26,26,34,26,Liga Portugal
Benfica,9ldqu49smv1xg2va0n2cy28zl,37ao6cj3w5pd5v5ap79fqlxw5,Rafa,Rafael Alexandre Fernandes Ferreira da Silva,33.0,Midfielder,Portugal,Midfielder,20.0,87.0,107.0,346.0,22.0,2.0,2.0,5.0,8.0,6.0,2.0,4.0,13.0,14.0,26.0,1.0,1.0,4.0,10.0,9.0,4.0,4.0,0.0,0.0,0.0,77.54,50.0,0.0,69.23,50.0,68.42,0.0,80.0,1.260610357013103,0.373945826446083,2.0,10.0,0.25672931,6.0,17.0,17.0,0.4183435399999998,51.0,5.202312138728324,22.63005780346821,27.83236994219653,5.722543352601156,0.5202312138728323,0.5202312138728323,1.300578034682081,2.0809248554913293,1.560693641618497,0.5202312138728323,1.0404624277456649,3.3815028901734103,3.6416184971098255,6.763005780346821,0.2601156069364161,0.2601156069364161,1.0404624277456649,2.601156069364162,2.341040462427745,1.0404624277456649,1.0404624277456649,0.0,0.0,0.0,77.54,50.0,0.0,69.23,50.0,68.42,0.0,80.0,0.3279044281247956,0.0972691456073626,0.5202312138728323,2.601156069364162,0.0667793002890173,1.560693641618497,4.421965317919075,4.421965317919075,0.1088176838150288,13.265895953757225,CM/AM,16,76,64,100,28,36,56,76,88,48,86,84,86,88,24,74,84,84,94,84,58,30,52,20,28,46,20,92,70,100,10,76,92,48,50,88,88,86,88,78,60,74,8,84,64,100,28,36,56,76,88,48,92,84,100,92,16,80,92,88,100,80,56,30,52,20,28,46,20,92,70,100,10,76,100,40,48,92,88,88,92,84,56,76,Liga Portugal
Benfica,9ldqu49smv1xg2va0n2cy28zl,3gsprcdyogabeb8lr2y0bmytx,C. Lenglet,Clément Lenglet,31.0,Defender,France,Defender,210.0,194.0,404.0,450.0,9.0,40.0,10.0,5.0,5.0,4.0,1.0,0.0,0.0,0.0,17.0,19.0,1.0,2.0,4.0,0.0,5.0,3.0,0.0,0.0,0.0,92.87,66.67,0.0,0.0,40.0,47.22,47.62,75.0,0.6585326226736732,0.5329890761833973,1.0,20.0,0.40670622,7.0,65.0,59.0,1.2007945999999996,269.0,42.0,38.8,80.8,1.8,8.0,2.0,1.0,1.0,0.8,0.2,0.0,0.0,0.0,3.4,3.8,0.2,0.4,0.8,0.0,1.0,0.6,0.0,0.0,0.0,92.87,66.67,0.0,0.0,40.0,47.22,47.62,75.0,0.1317065245347346,0.1065978152366794,0.2,4.0,0.081341244,1.4,13.0,11.8,0.2401589199999999,53.8,CB,79,98,95,98,100,71,99,89,92,81,38,18,18,52,43,92,98,87,23,63,46,48,44,40,95,92,40,23,93,24,29,61,95,100,86,100,100,100,100,100,100,98,71,98,95,95,100,57,98,89,90,81,38,18,18,33,33,95,96,77,23,60,38,48,44,40,95,92,40,23,93,24,29,61,93,98,85,100,100,100,100,100,100,98,Liga Portugal
Benfica,9ldqu49smv1xg2va0n2cy28zl,5f5e6wufz0x041bvqzor10k16,E. Barrenechea,Enzo Barrenechea,25.0,Midfielder,Argentina,Midfielder,55.0,103.0,158.0,196.0,2.0,10.0,3.0,3.0,0.0,0.0,0.0,0.0,1.0,1.0,13.0,2.0,0.0,0.0,4.0,0.0,1.0,2.0,1.0,0.0,0.0,91.86,62.5,0.0,0.0,0.0,65.0,60.0,28.57,0.0,0.2129699342268275,0.0,8.0,0.1669078,2.0,19.0,16.0,0.21835239,60.0,25.25510204081633,47.29591836734694,72.55102040816327,0.9183673469387756,4.591836734693878,1.3775510204081634,1.3775510204081634,0.0,0.0,0.0,0.0,0.4591836734693878,0.4591836734693878,5.969387755102042,0.9183673469387756,0.0,0.0,1.8367346938775515,0.0,0.4591836734693878,0.9183673469387756,0.4591836734693878,0.0,0.0,91.86,62.5,0.0,0.0,0.0,65.0,60.0,28.57,0.0,0.0977923167368085,0.0,3.673469387755103,0.0766413367346938,0.9183673469387756,8.724489795918368,7.346938775510205,0.1002638525510204,27.551020408163268,DM/CM,29,79,62,47,76,41,66,8,24,11,25,17,17,32,21,45,26,46,12,17,26,89,50,32,92,67,32,12,26,95,68,5,20,66,22,92,82,71,84,87,50,66,71,100,95,68,92,66,95,8,24,11,25,29,29,71,34,45,26,82,12,21,37,95,50,32,92,67,32,12,26,95,68,5,20,84,22,97,97,87,100,100,71,89,Liga Portugal
Benfica,9ldqu49smv1xg2va0n2cy28zl,5i2tc06romjqx7a7wlu1iye7e,S. Dahl,Samuel Dahl,23.0,Defender,Sweden,Defender,107.0,162.0,267.0,438.0,15.0,8.0,8.0,8.0,6.0,3.0,3.0,3.0,7.0,7.0,16.0,13.0,0.0,1.0,2.0,2.0,6.0,4.0,0.0,0.0,2.0,89.3,57.14,33.33,28.57,16.67,37.21,57.14,80.0,0.5117758307407442,0.6482845385950423,1.0,14.0,0.3027084799999999,9.0,32.0,32.0,0.9069588499999998,132.0,21.98630136986301,33.28767123287672,54.86301369863014,3.082191780821918,1.6438356164383563,1.6438356164383563,1.6438356164383563,1.2328767123287672,0.6164383561643836,0.6164383561643836,0.6164383561643836,1.4383561643835618,1.4383561643835618,3.2876712328767126,2.671232876712329,0.0,0.2054794520547945,0.4109589041095891,0.4109589041095891,1.2328767123287672,0.8219178082191781,0.0,0.0,0.4109589041095891,89.3,57.14,33.33,28.57,16.67,37.21,57.14,80.0,0.1051594172754953,0.1332091517661046,0.2054794520547945,2.876712328767124,0.0622003726027397,1.8493150684931507,6.575342465753425,6.575342465753425,0.1863614075342465,27.12328767123288,LB/LCB,100,100,100,100,84,89,97,89,95,87,100,68,68,53,68,45,79,42,58,87,47,42,50,53,100,84,84,42,68,16,61,74,95,84,68,100,100,100,95,95,89,100,89,100,100,100,63,84,84,89,95,89,100,68,63,26,47,45,74,42,53,63,42,42,50,42,100,84,84,42,68,16,61,74,95,84,68,100,100,100,100,95,84,100,Liga Portugal
Benfica,9ldqu49smv1xg2va0n2cy28zl,6pavdf2072176dag5nt8qni8k,G. Prestianni,Gianluca Prestianni,20.0,Attacker,Argentina,Striker,30.0,155.0,182.0,408.0,53.0,6.0,1.0,14.0,21.0,15.0,6.0,4.0,26.0,28.0,39.0,2.0,4.0,10.0,15.0,16.0,2.0,5.0,2.0,0.0,3.0,87.08,66.67,30.0,61.54,47.62,65.0,33.33,71.43,1.926571951426692,1.5031139047114053,15.0,31.0,1.0433291599999996,12.0,12.0,23.0,1.7171898899999998,87.0,6.61764705882353,34.19117647058824,40.14705882352941,11.691176470588236,1.3235294117647058,0.2205882352941176,3.088235294117647,4.632352941176471,3.308823529411765,1.3235294117647058,0.8823529411764706,5.735294117647059,6.176470588235294,8.602941176470589,0.4411764705882353,0.8823529411764706,2.2058823529411766,3.308823529411765,3.5294117647058822,0.4411764705882353,1.1029411764705883,0.4411764705882353,0.0,0.6617647058823529,87.08,66.67,30.0,61.54,47.62,65.0,33.33,71.43,0.4249791069323585,0.3315692436863394,3.308823529411765,6.838235294117648,0.230146138235294,2.647058823529412,2.647058823529412,5.073529411764706,0.3787918875,19.19117647058824,ST,90,100,100,100,90,16,97,96,93,94,93,100,100,94,33,93,100,100,100,79,86,94,51,84,100,66,84,83,69,100,40,66,89,97,100,100,100,100,99,97,100,100,83,100,100,100,86,11,97,94,91,97,86,100,100,97,29,86,97,97,100,77,80,91,51,86,100,66,84,83,69,100,40,66,83,100,100,100,100,100,94,100,100,100,Liga Portugal
Benfica,9ldqu49smv1xg2va0n2cy28zl,7sd87ylfbtgwgpb70hf68cel1,V. Pavlidis,Vangelis Pavlidis,27.0,Attacker,Greece,Striker,19.0,57.0,76.0,377.0,46.0,0.0,15.0,7.0,18.0,17.0,1.0,4.0,5.0,5.0,29.0,3.0,6.0,9.0,6.0,3.0,0.0,3.0,2.0,0.0,0.0,71.03,0.0,0.0,60.0,50.0,52.73,46.88,50.0,2.990450727706595,0.7620268553177195,2.0,2.0,0.09002464,0.0,4.0,5.0,0.8013676699999999,27.0,4.535809018567639,13.607427055702916,18.14323607427056,10.981432360742703,0.0,3.580901856763925,1.6710875331564985,4.297082228116711,4.058355437665782,0.2387267904509283,0.9549071618037136,1.1936339522546418,1.1936339522546418,6.9230769230769225,0.7161803713527851,1.4323607427055702,2.1485411140583555,1.4323607427055702,0.7161803713527851,0.0,0.7161803713527851,0.4774535809018567,0.0,0.0,71.03,0.0,0.0,60.0,50.0,52.73,46.88,50.0,0.7139007042270386,0.1819162254074131,0.4774535809018567,0.4774535809018567,0.0214912933687002,0.0,0.9549071618037136,1.1936339522546418,0.1913079318302387,6.445623342175066,ST,64,86,83,97,9,89,81,90,97,39,93,36,36,77,54,100,96,51,54,21,73,94,51,31,34,9,31,79,76,80,69,29,97,91,57,33,40,17,67,53,86,83,51,80,80,97,9,94,83,86,94,31,89,31,31,80,46,100,91,46,49,21,66,94,51,31,34,9,31,79,76,80,69,29,100,89,54,34,43,17,60,49,89,77,Liga Portugal
Benfica,9ldqu49smv1xg2va0n2cy28zl,9j0v9bomstpbku7nnmqp8n7c9,A. Bah,Alexander Bah,28.0,Defender,Denmark,Defender,46.0,121.0,165.0,279.0,9.0,5.0,1.0,5.0,4.0,4.0,0.0,1.0,4.0,6.0,15.0,4.0,0.0,1.0,8.0,2.0,6.0,3.0,1.0,0.0,2.0,89.67,50.0,33.33,50.0,25.0,62.5,25.0,75.0,0.3901682839560797,0.5375936521372369,0.0,7.0,0.1886688,8.0,15.0,25.0,0.83053557,59.0,14.838709677419354,39.03225806451613,53.2258064516129,2.903225806451613,1.6129032258064515,0.3225806451612903,1.6129032258064515,1.2903225806451613,1.2903225806451613,0.0,0.3225806451612903,1.2903225806451613,1.935483870967741,4.838709677419355,1.2903225806451613,0.0,0.3225806451612903,2.5806451612903225,0.6451612903225806,1.935483870967741,0.9677419354838708,0.3225806451612903,0.0,0.6451612903225806,89.67,50.0,33.33,50.0,25.0,62.5,25.0,75.0,0.1258607367600257,0.1734173071410441,0.0,2.258064516129032,0.0608609032258064,2.5806451612903225,4.838709677419355,8.064516129032258,0.2679147,19.032258064516128,RB/RCB,30,93,53,87,37,17,77,80,93,40,83,40,53,23,7,47,77,93,50,77,33,97,53,63,80,67,70,67,73,80,13,80,87,87,40,83,87,97,87,100,87,80,47,100,93,87,53,20,87,93,93,40,93,53,80,53,7,47,87,100,67,100,40,100,53,73,80,67,70,67,73,80,13,80,87,87,40,93,87,100,100,100,100,87,Liga Portugal
Benfica,9ldqu49smv1xg2va0n2cy28zl,as0t8xi6k6nl4l06g23u3jcru,Tomás Araújo,Tomás Lemos Araújo,24.0,Defender,Portugal,Defender,214.0,204.0,418.0,419.0,6.0,27.0,7.0,1.0,4.0,3.0,1.0,0.0,1.0,1.0,12.0,16.0,0.0,1.0,0.0,1.0,6.0,4.0,1.0,0.0,0.0,94.36,71.05,0.0,100.0,25.0,54.55,77.78,100.0,0.4807839338283808,0.0457938864409049,1.0,8.0,0.18661841,1.0,52.0,51.0,0.8549686999999997,304.0,45.96658711217184,43.81861575178997,89.78520286396181,1.2887828162291168,5.799522673031026,1.503579952267303,0.2147971360381861,0.8591885441527446,0.6443914081145584,0.2147971360381861,0.0,0.2147971360381861,0.2147971360381861,2.5775656324582337,3.4367541766109784,0.0,0.2147971360381861,0.0,0.2147971360381861,1.2887828162291168,0.8591885441527446,0.2147971360381861,0.0,0.0,94.36,71.05,0.0,100.0,25.0,54.55,77.78,100.0,0.103271012039509,0.0098363956555642,0.2147971360381861,1.7183770883054892,0.0400851,0.2147971360381861,11.16945107398568,10.954653937947493,0.183644828162291,65.29832935560859,CB,82,100,98,82,93,43,54,83,82,81,38,43,43,27,35,42,81,8,56,74,69,98,44,40,98,98,40,87,81,38,90,89,86,67,86,92,93,69,98,98,98,100,83,100,100,83,90,48,55,86,83,86,38,38,38,14,24,42,88,8,52,71,60,98,44,40,98,98,40,87,81,38,90,89,88,67,88,90,90,71,98,98,95,100,Liga Portugal
Benfica,9ldqu49smv1xg2va0n2cy28zl,ecp0v1dxqfjbgy3urnkz5d3o5,João Palhinha,João Maria Lobo Alves Palhares Costa Palhinha Gonçalves,31.0,Midfielder,Portugal,Midfielder,68.0,84.0,152.0,231.0,5.0,6.0,8.0,1.0,8.0,4.0,4.0,1.0,1.0,1.0,23.0,9.0,0.0,2.0,4.0,1.0,5.0,7.0,0.0,0.0,0.0,86.86,60.0,0.0,100.0,25.0,60.53,80.0,70.0,0.0,0.0,0.0,0.0,0.0,0.0,0.0,0.0,0.0,0.0,26.49350649350649,32.72727272727273,59.220779220779214,1.948051948051948,2.3376623376623376,3.1168831168831166,0.3896103896103896,3.1168831168831166,1.5584415584415583,1.5584415584415583,0.3896103896103896,0.3896103896103896,0.3896103896103896,8.96103896103896,3.506493506493506,0.0,0.7792207792207791,1.5584415584415583,0.3896103896103896,1.948051948051948,2.727272727272727,0.0,0.0,0.0,86.86,60.0,0.0,100.0,25.0,60.53,80.0,70.0,0.0,0.0,0.0,0.0,0.0,0.0,0.0,0.0,0.0,0.0,DM/CM,51,67,55,83,43,88,20,99,96,91,67,17,17,68,76,45,91,46,37,51,83,42,50,32,53,63,32,92,58,74,97,70,20,16,22,16,16,21,13,13,13,13,84,84,82,92,76,92,32,100,100,100,79,24,24,97,92,45,100,71,50,92,97,42,50,32,53,63,32,92,58,74,97,70,20,16,22,16,16,21,13,13,13,13,Liga Portugal
Benfica,9ldqu49smv1xg2va0n2cy28zl,f2dutxek3uf0yi1ee32a3u2cq,H. Sudakov,Heorhiy Sudakov,24.0,Midfielder,Ukraine,Midfielder,24.0,103.0,119.0,288.0,17.0,3.0,3.0,9.0,10.0,6.0,4.0,6.0,11.0,11.0,17.0,0.0,0.0,2.0,4.0,7.0,0.0,1.0,0.0,0.0,8.0,86.86,50.0,47.06,63.64,20.0,53.12,60.0,33.33,0.8934391949518089,1.0462557682423013,4.0,14.0,0.37948717,9.0,12.0,12.0,0.7273959099999998,51.0,7.5,32.1875,37.1875,5.3125,0.9375,0.9375,2.8125,3.125,1.875,1.25,1.875,3.4375,3.4375,5.3125,0.0,0.0,0.625,1.25,2.1875,0.0,0.3125,0.0,0.0,2.5,86.86,50.0,47.06,63.64,20.0,53.12,60.0,33.33,0.2791997484224403,0.3269549275757191,1.25,4.375,0.118589740625,2.8125,3.75,3.75,0.2273112218749999,15.9375,CM/AM,32,88,68,88,42,58,94,86,88,80,98,76,72,44,6,28,50,24,88,8,12,30,52,96,88,46,96,84,32,80,86,12,80,96,80,100,96,100,72,66,92,74,32,96,92,92,52,64,100,100,92,92,100,88,84,68,6,28,60,32,96,8,8,30,52,96,88,46,96,84,32,80,86,12,88,100,92,100,100,100,84,72,100,88,Liga Portugal
Benfica,9ldqu49smv1xg2va0n2cy28zl,f4p22zbcs9l5dwhvqg6wstmcq,A. Schjelderup,Andreas Schjelderup,22.0,Attacker,Norway,Striker,11.0,95.0,97.0,202.0,31.0,2.0,2.0,10.0,7.0,6.0,1.0,3.0,8.0,9.0,9.0,1.0,1.0,2.0,1.0,4.0,0.0,2.0,2.0,0.0,9.0,82.91,100.0,32.14,50.0,28.57,45.0,50.0,100.0,0.5918065234236508,1.0737898339147791,1.0,32.0,1.06825741,6.0,2.0,11.0,1.05192326,36.0,4.900990099009901,42.32673267326733,43.21782178217822,13.811881188118813,0.8910891089108911,0.8910891089108911,4.455445544554456,3.118811881188119,2.6732673267326734,0.4455445544554455,1.3366336633663367,3.5643564356435644,4.00990099009901,4.00990099009901,0.4455445544554455,0.4455445544554455,0.8910891089108911,0.4455445544554455,1.7821782178217822,0.0,0.8910891089108911,0.8910891089108911,0.0,4.00990099009901,82.91,100.0,32.14,50.0,28.57,45.0,50.0,100.0,0.2636761738026167,0.4784212131303471,0.4455445544554455,14.257425742574258,0.4759562717821782,2.6732673267326734,0.8910891089108911,4.900990099009901,0.4686786801980198,16.03960396039604,LW,22,100,67,100,22,67,100,39,83,22,83,56,50,22,44,72,44,17,56,17,39,89,56,100,78,94,100,67,50,56,72,94,56,100,17,100,100,72,22,78,100,78,22,100,100,100,67,89,100,100,100,22,100,89,89,44,56,78,78,22,78,17,67,100,56,100,78,94,100,67,50,56,72,94,78,100,22,100,100,100,22,100,100,100,Liga Portugal
Benfica,9ldqu49smv1xg2va0n2cy28zl,l469vtpe0jbgg5sq1v2e67e1,L. Barreiro,Leandro Barreiro,26.0,Midfielder,Luxembourg,Midfielder,49.0,82.0,131.0,412.0,18.0,1.0,10.0,4.0,7.0,5.0,2.0,1.0,3.0,4.0,27.0,6.0,2.0,5.0,8.0,3.0,2.0,6.0,1.0,0.0,0.0,81.37,33.33,0.0,100.0,71.43,56.25,58.82,85.71,0.7847330600636905,0.4618380342812029,4.0,4.0,0.13840717,2.0,9.0,10.0,0.3084007299999997,47.0,10.703883495145632,17.9126213592233,28.616504854368934,3.932038834951456,0.2184466019417476,2.184466019417476,0.8737864077669903,1.529126213592233,1.0922330097087378,0.4368932038834952,0.2184466019417476,0.6553398058252428,0.8737864077669903,5.898058252427185,1.3106796116504855,0.4368932038834952,1.0922330097087378,1.7475728155339807,0.6553398058252428,0.4368932038834952,1.3106796116504855,0.2184466019417476,0.0,0.0,81.37,33.33,0.0,100.0,71.43,56.25,58.82,85.71,0.1714222704022625,0.1008869492361851,0.8737864077669903,0.8737864077669903,0.0302345759708737,0.4368932038834952,1.966019417475728,2.184466019417476,0.0673690915048543,10.266990291262136,CM/AM,74,72,76,92,14,100,44,70,74,48,42,22,28,92,88,96,94,80,62,56,90,74,52,20,48,18,20,100,96,88,80,82,72,52,80,40,56,42,56,56,40,58,64,64,68,88,8,100,24,56,72,32,40,16,24,76,88,92,100,60,48,48,80,72,52,20,48,18,20,100,96,88,80,82,68,44,64,28,44,32,52,44,28,40,Liga Portugal
Sporting Braga,26t6lvlpql4w5wu1ih73qpy36,1wtikted5kmtz3bpu17enlvc9,Víctor Gómez,Víctor Gómez,26.0,Defender,Spain,Defender,44.0,88.0,130.0,315.0,5.0,1.0,3.0,2.0,4.0,3.0,1.0,1.0,2.0,2.0,14.0,7.0,0.0,0.0,3.0,1.0,3.0,3.0,0.0,0.0,2.0,80.25,12.5,11.76,50.0,0.0,53.85,50.0,42.86,0.3275492857487643,0.2332524048502839,1.0,6.0,0.1620665799999999,3.0,3.0,3.0,0.3844512699999999,43.0,12.571428571428571,25.142857142857142,37.142857142857146,1.4285714285714286,0.2857142857142857,0.8571428571428571,0.5714285714285714,1.1428571428571428,0.8571428571428571,0.2857142857142857,0.2857142857142857,0.5714285714285714,0.5714285714285714,4.0,2.0,0.0,0.0,0.8571428571428571,0.2857142857142857,0.8571428571428571,0.8571428571428571,0.0,0.0,0.5714285714285714,80.25,12.5,11.76,50.0,0.0,53.85,50.0,42.86,0.0935855102139326,0.0666435442429382,0.2857142857142857,1.7142857142857142,0.0463047371428571,0.8571428571428571,0.8571428571428571,0.8571428571428571,0.1098432199999999,12.285714285714286,RB/RCB,20,73,47,63,7,40,53,80,83,87,83,27,27,13,13,47,33,60,30,33,33,47,53,63,40,7,47,67,33,47,50,17,73,60,87,73,80,67,53,47,67,60,27,80,47,73,7,47,47,87,87,93,87,27,27,27,13,47,33,67,33,47,33,47,53,67,40,7,47,67,33,47,50,17,80,53,87,87,80,73,53,47,67,73,Liga Portugal
Sporting Braga,26t6lvlpql4w5wu1ih73qpy36,1zf9egrh7cjofd7td62oc5tk9,Fran Navarro,Fran Navarro,28.0,Attacker,Spain,Striker,10.0,22.0,32.0,200.0,4.0,0.0,1.0,1.0,2.0,2.0,0.0,0.0,0.0,0.0,9.0,3.0,1.0,2.0,4.0,0.0,0.0,4.0,0.0,0.0,0.0,86.49,0.0,0.0,0.0,100.0,37.5,20.0,100.0,0.2189893369476401,0.0800968106695461,0.0,5.0,0.1103282399999999,1.0,0.0,1.0,0.0316239799999999,6.0,4.5,9.9,14.4,1.7999999999999998,0.0,0.4499999999999999,0.4499999999999999,0.8999999999999999,0.8999999999999999,0.0,0.0,0.0,0.0,4.05,1.35,0.4499999999999999,0.8999999999999999,1.7999999999999998,0.0,0.0,1.7999999999999998,0.0,0.0,0.0,86.49,0.0,0.0,0.0,100.0,37.5,20.0,100.0,0.098545201626438,0.0360435648012957,0.0,2.25,0.0496477079999999,0.4499999999999999,0.0,0.4499999999999999,0.0142307909999999,2.7,ST,17,21,14,13,9,16,14,10,17,11,16,3,3,17,54,47,33,29,13,21,81,31,51,31,94,9,31,13,100,40,16,87,17,20,10,60,46,41,9,19,20,9,49,49,54,14,9,26,26,11,26,11,16,3,3,46,91,66,60,71,13,21,97,31,51,31,94,9,31,13,100,40,16,87,20,34,10,80,66,49,9,26,26,23,Liga Portugal
Sporting Braga,26t6lvlpql4w5wu1ih73qpy36,2r6ma23qtyq2l18m21eksjp7u,Gabriel Silva,Gabriel Silva Vieira,24.0,Attacker,Brazil,Striker,11.0,43.0,54.0,205.0,12.0,1.0,2.0,3.0,5.0,2.0,3.0,2.0,6.0,6.0,19.0,1.0,0.0,2.0,9.0,3.0,1.0,3.0,1.0,0.0,0.0,79.41,33.33,0.0,50.0,40.0,63.33,50.0,60.0,0.3247870043493047,0.2579362733515123,4.0,9.0,0.34278663,2.0,1.0,4.0,0.27341855,18.0,4.829268292682927,18.87804878048781,23.70731707317073,5.2682926829268295,0.4390243902439024,0.8780487804878049,1.3170731707317074,2.1951219512195124,0.8780487804878049,1.3170731707317074,0.8780487804878049,2.6341463414634148,2.6341463414634148,8.341463414634147,0.4390243902439024,0.0,0.8780487804878049,3.951219512195122,1.3170731707317074,0.4390243902439024,1.3170731707317074,0.4390243902439024,0.0,0.0,79.41,33.33,0.0,50.0,40.0,63.33,50.0,60.0,0.1425894165435972,0.1132403151299322,1.7560975609756098,3.951219512195122,0.1504916912195122,0.8780487804878049,0.4390243902439024,1.7560975609756098,0.1200374121951219,7.902439024390244,ST,20,67,54,33,26,30,41,27,17,79,59,44,43,63,19,17,33,87,54,56,73,76,51,31,69,23,31,61,49,97,80,34,20,46,81,84,89,57,23,44,60,54,60,94,91,77,43,43,57,64,23,94,83,74,74,94,26,17,57,100,77,74,86,89,51,31,69,23,31,61,49,97,80,34,34,69,94,97,97,74,31,71,74,86,Liga Portugal
Sporting Braga,26t6lvlpql4w5wu1ih73qpy36,4cubrfqgrc5ivbd6fdj3k3zf8,M. Dorgeles,Mario Dorgeles,22.0,Midfielder,Côte d'Ivoire,Midfielder,33.0,97.0,127.0,254.0,8.0,1.0,1.0,10.0,2.0,1.0,1.0,1.0,2.0,3.0,6.0,2.0,0.0,0.0,2.0,1.0,1.0,1.0,0.0,0.0,3.0,90.07,100.0,37.5,50.0,0.0,40.0,50.0,50.0,0.1424386184506011,0.8446958281777643,1.0,10.0,0.28073969,8.0,5.0,10.0,0.3857112099999998,51.0,11.69291338582677,34.37007874015748,45.0,2.8346456692913384,0.3543307086614173,0.3543307086614173,3.543307086614173,0.7086614173228346,0.3543307086614173,0.3543307086614173,0.3543307086614173,0.7086614173228346,1.062992125984252,2.125984251968504,0.7086614173228346,0.0,0.0,0.7086614173228346,0.3543307086614173,0.3543307086614173,0.3543307086614173,0.0,0.0,1.062992125984252,90.07,100.0,37.5,50.0,0.0,40.0,50.0,50.0,0.0504703766163547,0.29930167140157,0.3543307086614173,3.543307086614173,0.0994746933070866,2.8346456692913384,1.7716535433070866,3.543307086614173,0.1366693263779526,18.07086614173228,RM/RCM,57,100,100,57,50,57,100,14,29,21,29,14,14,14,71,43,29,14,14,57,29,43,57,64,100,100,86,71,29,14,86,43,29,100,29,57,57,86,71,79,57,100,100,100,100,57,57,57,100,14,29,14,29,14,14,14,71,43,29,14,14,86,29,43,57,86,100,100,86,71,29,14,86,43,43,100,29,86,86,100,71,86,57,100,Liga Portugal
Sporting Braga,26t6lvlpql4w5wu1ih73qpy36,4dhwhmlxv8j4ye08lpvfggqhg,Diogo Travassos,Diogo Martins Travassos,22.0,Defender,Portugal,Defender,30.0,64.0,94.0,205.0,7.0,2.0,2.0,1.0,6.0,3.0,3.0,2.0,9.0,10.0,15.0,2.0,0.0,2.0,3.0,5.0,2.0,3.0,0.0,0.0,0.0,87.85,66.67,0.0,55.56,33.33,65.22,66.67,60.0,0.3839365718330997,0.0844362285695668,4.0,6.0,0.1795384299999999,1.0,4.0,2.0,0.1607291799999997,17.0,13.170731707317074,28.09756097560976,41.268292682926834,3.073170731707317,0.8780487804878049,0.8780487804878049,0.4390243902439024,2.6341463414634148,1.3170731707317074,1.3170731707317074,0.8780487804878049,3.951219512195122,4.390243902439025,6.585365853658537,0.8780487804878049,0.0,0.8780487804878049,1.3170731707317074,2.1951219512195124,0.8780487804878049,1.3170731707317074,0.0,0.0,0.0,87.85,66.67,0.0,55.56,33.33,65.22,66.67,60.0,0.1685575193413608,0.0370695637622488,1.7560975609756098,2.6341463414634148,0.0788217497560975,0.4390243902439024,1.7560975609756098,0.8780487804878049,0.0705640302439023,7.463414634146342,CB,7,48,14,88,10,13,54,94,82,95,96,99,99,39,4,42,98,75,100,27,46,48,44,40,52,92,40,60,88,83,77,44,79,74,98,86,90,69,55,50,55,45,10,90,33,100,14,19,71,100,100,100,100,100,100,95,5,42,100,90,100,52,79,48,44,40,52,92,40,60,88,83,77,44,100,90,100,95,98,79,67,55,74,50,Liga Portugal
Sporting Braga,26t6lvlpql4w5wu1ih73qpy36,94e7xh7d38gbt8zw2u4clb4ve,G. Lagerbielke,Gustaf Lagerbielke,26.0,Defender,Sweden,Defender,124.0,103.0,227.0,360.0,4.0,12.0,9.0,0.0,2.0,2.0,0.0,0.0,2.0,2.0,16.0,14.0,0.0,0.0,2.0,1.0,3.0,4.0,0.0,0.0,0.0,87.31,48.0,0.0,50.0,0.0,57.14,81.82,100.0,0.3542825957866317,0.0,0.0,2.0,0.04013334,5.0,14.0,11.0,0.27694441,93.0,31.0,25.75,56.75,1.0,3.0,2.25,0.0,0.5,0.5,0.0,0.0,0.5,0.5,4.0,3.5,0.0,0.0,0.5,0.25,0.75,1.0,0.0,0.0,0.0,87.31,48.0,0.0,50.0,0.0,57.14,81.82,100.0,0.0885706489466579,0.0,0.0,0.5,0.010033335,1.25,3.5,2.75,0.0692361025,23.25,CB,36,83,48,64,46,62,20,58,68,37,38,63,63,45,26,42,35,54,56,39,69,48,44,40,48,55,40,54,35,45,94,89,74,31,40,65,64,98,79,69,69,67,36,86,69,73,52,62,20,64,73,37,38,68,68,50,26,42,35,62,60,42,65,48,44,40,48,55,40,54,35,45,94,89,81,31,40,69,71,98,86,71,71,69,Liga Portugal
Sporting Braga,26t6lvlpql4w5wu1ih73qpy36,9f0jk3wgmlnnmnqrdkh4gnpt6,Pau Víctor,Pau Víctor,24.0,Attacker,Spain,Striker,23.0,70.0,93.0,264.0,14.0,1.0,1.0,3.0,5.0,5.0,0.0,1.0,8.0,8.0,12.0,3.0,3.0,4.0,8.0,2.0,2.0,1.0,1.0,0.0,0.0,79.49,50.0,0.0,25.0,80.0,33.33,20.0,100.0,0.6800138513477599,0.2399482944037836,0.0,6.0,0.20227478,4.0,8.0,8.0,0.2732488899999999,35.0,7.840909090909092,23.863636363636367,31.704545454545457,4.772727272727273,0.3409090909090909,0.3409090909090909,1.0227272727272727,1.7045454545454546,1.7045454545454546,0.0,0.3409090909090909,2.7272727272727275,2.7272727272727275,4.090909090909091,1.0227272727272727,1.0227272727272727,1.3636363636363638,2.7272727272727275,0.6818181818181819,0.6818181818181819,0.3409090909090909,0.3409090909090909,0.0,0.0,79.49,50.0,0.0,25.0,80.0,33.33,20.0,100.0,0.2318229038685545,0.0818005549103807,0.0,2.0454545454545454,0.0689573113636363,1.3636363636363638,2.7272727272727275,2.7272727272727275,0.0931530306818181,11.931818181818183,ST,76,91,91,46,26,16,41,27,41,11,39,64,57,31,54,81,61,76,37,79,26,76,51,31,74,41,31,34,97,30,16,87,46,43,10,74,71,81,91,84,57,91,94,97,97,71,29,17,46,40,51,11,40,77,77,49,74,94,80,91,43,89,31,86,51,31,74,41,31,34,97,30,16,87,60,54,10,77,80,94,100,89,69,97,Liga Portugal
Sporting Braga,26t6lvlpql4w5wu1ih73qpy36,9l7ph5603tbb7xwyxpvjg22fp,João Moutinho,João Filipe Iria Santos Moutinho,40.0,Midfielder,Portugal,Midfielder,108.0,140.0,248.0,271.0,0.0,9.0,4.0,2.0,2.0,0.0,2.0,1.0,2.0,2.0,12.0,3.0,0.0,1.0,3.0,1.0,3.0,4.0,0.0,0.0,0.0,90.18,52.94,0.0,50.0,50.0,52.17,57.14,100.0,0.0,0.0,0.0,0.0,0.0,0.0,0.0,0.0,0.0,0.0,35.867158671586715,46.49446494464944,82.36162361623616,0.0,2.988929889298893,1.328413284132841,0.6642066420664207,0.6642066420664207,0.0,0.6642066420664207,0.3321033210332103,0.6642066420664207,0.6642066420664207,3.985239852398524,0.996309963099631,0.0,0.3321033210332103,0.996309963099631,0.3321033210332103,0.996309963099631,1.328413284132841,0.0,0.0,0.0,90.18,52.94,0.0,50.0,50.0,52.17,57.14,100.0,0.0,0.0,0.0,0.0,0.0,0.0,0.0,0.0,0.0,0.0,DM/CM,87,95,89,12,67,50,45,36,24,64,67,36,34,25,36,45,67,33,37,36,50,42,50,32,84,50,32,47,87,50,59,96,20,16,22,16,16,21,13,13,13,13,92,97,100,12,79,63,58,45,24,76,71,37,37,34,37,45,74,42,42,37,63,42,50,32,84,50,32,47,87,50,59,96,20,16,22,16,16,21,13,13,13,13,Liga Portugal
Sporting Braga,26t6lvlpql4w5wu1ih73qpy36,bl8z8ya3mk6nym7m1ii0wktii,Sergio Barcia,Sergio Barcia,25.0,Defender,Spain,Defender,69.0,43.0,112.0,225.0,0.0,7.0,3.0,0.0,0.0,0.0,0.0,0.0,1.0,1.0,8.0,8.0,0.0,0.0,3.0,0.0,4.0,2.0,0.0,0.0,0.0,88.89,53.85,0.0,0.0,0.0,38.1,30.0,100.0,0.0,0.0,0.0,0.0,0.0,0.0,0.0,0.0,0.0,0.0,27.6,17.2,44.8,0.0,2.8,1.2,0.0,0.0,0.0,0.0,0.0,0.4,0.4,3.2,3.2,0.0,0.0,1.2,0.0,1.6,0.8,0.0,0.0,0.0,88.89,53.85,0.0,0.0,0.0,38.1,30.0,100.0,0.0,0.0,0.0,0.0,0.0,0.0,0.0,0.0,0.0,0.0,LB/LCB,47,42,45,13,66,32,16,16,32,24,37,11,8,8,32,45,34,63,11,55,16,42,50,13,95,79,13,11,34,21,29,95,21,18,29,26,26,26,18,18,18,18,95,84,95,13,89,58,16,16,32,24,37,16,11,21,63,45,34,87,11,84,34,42,50,13,95,79,13,11,34,21,29,95,21,18,29,26,26,26,18,18,18,18,Liga Portugal
Sporting Braga,26t6lvlpql4w5wu1ih73qpy36,c01muomxuk015zrf9n21ztq7d,Vítor Carvalho,Vítor Carvalho Vieira,29.0,Midfielder,Brazil,Midfielder,167.0,91.0,258.0,360.0,3.0,20.0,23.0,2.0,1.0,1.0,0.0,0.0,0.0,0.0,25.0,33.0,0.0,0.0,2.0,0.0,8.0,1.0,1.0,0.0,0.0,87.76,50.0,0.0,0.0,0.0,69.44,71.88,100.0,0.1177484620016198,0.1192052950862174,0.0,6.0,0.12490567,1.0,22.0,21.0,0.4376702799999999,151.0,41.75,22.75,64.5,0.75,5.0,5.75,0.5,0.25,0.25,0.0,0.0,0.0,0.0,6.25,8.25,0.0,0.0,0.5,0.0,2.0,0.25,0.25,0.0,0.0,87.76,50.0,0.0,0.0,0.0,69.44,71.88,100.0,0.0294371155004049,0.0298013237715543,0.0,1.5,0.0312264175,0.25,5.5,5.25,0.1094175699999999,37.75,DM/CM,95,74,97,63,97,100,45,20,57,11,25,4,4,76,100,45,26,18,12,84,9,89,50,32,66,42,32,12,26,100,87,96,47,47,22,83,76,50,89,92,79,100,100,74,87,61,97,100,42,18,53,11,25,4,4,79,100,45,26,18,12,95,5,89,50,32,66,42,32,12,26,100,87,96,47,45,22,82,74,47,89,89,79,97,Liga Portugal
Sporting Braga,26t6lvlpql4w5wu1ih73qpy36,e7208jmwhf0b4rxlqr7mvthqs,E. Tıknaz,Demir Ege Tiknaz,22.0,Midfielder,Türkiye,Midfielder,99.0,150.0,249.0,320.0,5.0,8.0,6.0,4.0,3.0,2.0,1.0,0.0,9.0,9.0,23.0,1.0,0.0,2.0,3.0,5.0,6.0,6.0,2.0,0.0,0.0,92.57,80.0,0.0,55.56,66.67,62.16,75.0,66.67,0.218314724151546,0.3366141055285242,1.0,8.0,0.20690352,6.0,30.0,21.0,0.4913088499999999,145.0,27.84375,42.1875,70.03125,1.40625,2.25,1.6875,1.125,0.84375,0.5625,0.28125,0.0,2.53125,2.53125,6.46875,0.28125,0.0,0.5625,0.84375,1.40625,1.6875,1.6875,0.5625,0.0,0.0,92.57,80.0,0.0,55.56,66.67,62.16,75.0,66.67,0.0614010161676223,0.0946727171798974,0.28125,2.25,0.058191615,1.6875,8.4375,5.90625,0.1381806140624999,40.78125,DM/CM,82,97,92,83,61,70,78,57,79,36,25,95,95,68,9,45,91,33,89,63,70,97,50,32,95,92,32,55,95,82,91,64,63,82,54,92,97,100,100,92,89,97,87,95,89,83,68,82,76,61,84,39,25,97,97,82,8,45,95,37,93,79,79,97,50,32,95,92,32,55,95,82,91,64,66,82,63,95,95,100,97,92,95,100,Liga Portugal
Sporting CP,7catg5lpivcmpf4xhggh6d8rk,1t1uhpv8wc9gyalnbdrsn4tn8,I. Doumbia,Issa Doumbia,22.0,Midfielder,Italy,Midfielder,91.0,105.0,196.0,417.0,11.0,10.0,3.0,6.0,6.0,2.0,4.0,0.0,10.0,11.0,22.0,4.0,0.0,0.0,1.0,5.0,3.0,5.0,1.0,0.0,0.0,90.32,83.33,0.0,50.0,0.0,46.81,42.86,38.46,0.4834150328549154,0.4616518309967969,4.0,6.0,0.1706734899999999,5.0,23.0,14.0,0.5002991799999996,95.0,19.64028776978417,22.66187050359712,42.30215827338129,2.3741007194244603,2.158273381294964,0.6474820143884892,1.2949640287769784,1.2949640287769784,0.4316546762589928,0.8633093525179856,0.0,2.158273381294964,2.3741007194244603,4.748201438848921,0.8633093525179856,0.0,0.0,0.2158273381294964,1.079136690647482,0.6474820143884892,1.079136690647482,0.2158273381294964,0.0,0.0,90.32,83.33,0.0,50.0,0.0,46.81,42.86,38.46,0.1043341797528594,0.0996370858266468,0.8633093525179856,1.2949640287769784,0.0368360050359711,1.079136690647482,4.964028776978417,3.021582733812949,0.1079782402877696,20.50359712230216,DM/CM,76,82,84,99,76,41,91,93,79,91,25,99,100,62,45,45,26,8,89,36,57,89,50,32,87,97,32,47,26,38,34,12,92,92,95,83,84,95,92,78,92,84,55,71,71,97,66,34,84,87,74,87,25,95,95,50,32,45,26,8,82,24,53,87,50,32,87,97,32,47,26,38,34,12,89,89,89,74,82,95,87,74,74,79,Liga Portugal
Sporting CP,7catg5lpivcmpf4xhggh6d8rk,1wzbok5h048nfbmusztsc3joq,M. Araújo,Maxi Araújo,26.0,Midfielder,Uruguay,Midfielder,84.0,80.0,163.0,348.0,13.0,6.0,1.0,6.0,4.0,1.0,3.0,0.0,8.0,8.0,13.0,3.0,1.0,3.0,6.0,3.0,3.0,2.0,1.0,0.0,1.0,89.07,54.55,9.09,37.5,75.0,38.24,33.33,66.67,0.3221725338320987,0.4272719495994279,3.0,4.0,0.14361172,2.0,10.0,12.0,0.3185359499999998,65.0,21.724137931034484,20.6896551724138,42.1551724137931,3.362068965517241,1.5517241379310345,0.2586206896551724,1.5517241379310345,1.0344827586206895,0.2586206896551724,0.7758620689655172,0.0,2.0689655172413794,2.0689655172413794,3.362068965517241,0.7758620689655172,0.2586206896551724,0.7758620689655172,1.5517241379310345,0.7758620689655172,0.7758620689655172,0.5172413793103449,0.2586206896551724,0.0,0.2586206896551724,89.07,54.55,9.09,37.5,75.0,38.24,33.33,66.67,0.0833204828876117,0.1105013662757141,0.7758620689655172,1.0344827586206895,0.0371409620689655,0.5172413793103449,2.586206896551724,3.103448275862069,0.0823799870689654,16.810344827586206,LM/LCM,75,75,75,100,75,38,100,50,25,75,38,75,75,50,50,88,100,75,62,75,50,100,50,62,100,75,50,75,100,50,62,50,50,100,100,38,75,38,75,75,75,75,75,100,100,100,75,25,100,75,25,75,38,75,75,50,50,75,100,75,75,75,50,100,50,75,100,75,50,75,100,50,62,50,50,100,100,25,50,50,50,75,100,75,Liga Portugal
Sporting CP,7catg5lpivcmpf4xhggh6d8rk,5neiwdz7rtkhzj0cneic4xcoa,Eduardo Quaresma,Eduardo Filipe Quaresma Vieira Coimbra Simões,24.0,Defender,Portugal,Defender,107.0,37.0,144.0,195.0,1.0,2.0,8.0,1.0,0.0,0.0,0.0,0.0,3.0,3.0,16.0,16.0,0.0,0.0,3.0,2.0,1.0,3.0,0.0,0.0,0.0,92.31,28.57,0.0,66.67,0.0,61.54,61.54,75.0,0.0,0.0,0.0,0.0,0.0,0.0,0.0,0.0,0.0,0.0,49.38461538461539,17.076923076923077,66.46153846153847,0.4615384615384615,0.9230769230769232,3.692307692307693,0.4615384615384615,0.0,0.0,0.0,0.0,1.3846153846153848,1.3846153846153848,7.384615384615385,7.384615384615385,0.0,0.0,1.3846153846153848,0.9230769230769232,0.4615384615384615,1.3846153846153848,0.0,0.0,0.0,92.31,28.57,0.0,66.67,0.0,61.54,61.54,75.0,0.0,0.0,0.0,0.0,0.0,0.0,0.0,0.0,0.0,0.0,CB,29,18,24,21,10,54,54,19,20,37,38,81,80,45,35,42,35,75,80,13,46,48,44,40,86,17,40,67,35,69,61,61,24,31,40,27,27,32,23,23,23,23,93,62,79,29,17,93,74,19,20,37,38,90,88,100,83,42,35,93,95,14,83,48,44,40,86,17,40,67,35,69,61,61,24,31,40,27,27,32,23,23,23,23,Liga Portugal
Sporting CP,7catg5lpivcmpf4xhggh6d8rk,5o07mnpidavbe0hqoqzwgom50,Sergi Altimira,Sergi Altimira,25.0,Midfielder,Spain,Midfielder,196.0,185.0,381.0,447.0,1.0,27.0,6.0,1.0,1.0,0.0,1.0,0.0,5.0,5.0,37.0,5.0,1.0,1.0,5.0,4.0,9.0,14.0,0.0,0.0,0.0,93.84,90.0,0.0,80.0,100.0,60.66,60.0,63.64,0.0492822806337361,0.094722517319645,1.0,4.0,0.07494924,0.0,14.0,8.0,0.1874603899999999,65.0,39.46308724832215,37.248322147651,76.71140939597315,0.2013422818791946,5.436241610738255,1.2080536912751678,0.2013422818791946,0.2013422818791946,0.0,0.2013422818791946,0.0,1.006711409395973,1.006711409395973,7.449664429530201,1.006711409395973,0.2013422818791946,0.2013422818791946,1.006711409395973,0.8053691275167785,1.812080536912752,2.8187919463087248,0.0,0.0,0.0,93.84,90.0,0.0,80.0,100.0,60.66,60.0,63.64,0.0099226068390072,0.0190716477824788,0.2013422818791946,0.8053691275167785,0.0150904510067114,0.0,2.8187919463087248,1.610738255033557,0.0377437026845637,13.087248322147651,DM/CM,97,100,100,30,100,70,20,20,24,36,25,68,67,97,49,95,67,62,78,95,100,42,50,32,100,100,32,79,99,76,68,57,39,37,54,64,63,21,72,49,42,71,97,89,97,32,100,58,11,16,24,24,25,61,58,87,39,92,58,45,71,87,100,42,50,32,100,100,32,79,99,76,68,57,39,37,47,61,58,21,66,42,39,55,Liga Portugal
Sporting CP,7catg5lpivcmpf4xhggh6d8rk,5xk3t1pi394ojwyrhm00com7e,F. Ioannidis,Fotis Ioannidis,26.0,Attacker,Greece,Striker,8.0,11.0,19.0,184.0,19.0,0.0,3.0,3.0,12.0,10.0,2.0,2.0,5.0,5.0,8.0,0.0,2.0,5.0,1.0,3.0,1.0,1.0,2.0,0.0,0.0,76.0,0.0,0.0,60.0,41.67,44.44,50.0,100.0,0.0,0.0,0.0,0.0,0.0,0.0,0.0,0.0,0.0,0.0,3.91304347826087,5.380434782608696,9.293478260869566,9.293478260869566,0.0,1.4673913043478262,1.4673913043478262,5.869565217391305,4.891304347826087,0.9782608695652176,0.9782608695652176,2.4456521739130435,2.4456521739130435,3.91304347826087,0.0,0.9782608695652176,2.4456521739130435,0.4891304347826087,1.4673913043478262,0.4891304347826087,0.4891304347826087,0.9782608695652176,0.0,0.0,76.0,0.0,0.0,60.0,41.67,44.44,50.0,100.0,0.0,0.0,0.0,0.0,0.0,0.0,0.0,0.0,0.0,0.0,ST,13,3,3,71,9,41,41,80,77,64,59,36,36,13,6,69,74,7,54,56,26,94,51,31,51,9,31,79,54,53,80,87,4,6,10,7,7,17,9,7,4,4,31,17,20,94,9,66,74,100,100,83,94,71,71,43,6,91,100,9,80,83,51,100,51,31,51,9,31,79,54,53,80,87,4,6,10,7,7,17,9,7,4,4,Liga Portugal
Sporting CP,7catg5lpivcmpf4xhggh6d8rk,88nmn961vtb3bnt9v9rye1h0q,Z. Debast,Zeno Debast,22.0,Defender,Belgium,Defender,172.0,72.0,244.0,255.0,0.0,17.0,7.0,1.0,0.0,0.0,0.0,0.0,1.0,1.0,9.0,11.0,0.0,0.0,0.0,1.0,1.0,0.0,0.0,0.0,0.0,91.73,58.62,0.0,100.0,0.0,81.82,87.5,0.0,0.0,0.0,0.0,0.0,0.0,0.0,0.0,0.0,0.0,0.0,60.70588235294117,25.41176470588235,86.11764705882352,0.0,6.0,2.4705882352941173,0.3529411764705882,0.0,0.0,0.0,0.0,0.3529411764705882,0.3529411764705882,3.176470588235294,3.882352941176471,0.0,0.0,0.0,0.3529411764705882,0.3529411764705882,0.0,0.0,0.0,0.0,91.73,58.62,0.0,100.0,0.0,81.82,87.5,0.0,0.0,0.0,0.0,0.0,0.0,0.0,0.0,0.0,0.0,0.0,CB,61,57,63,8,64,43,54,19,20,37,38,43,43,14,18,42,35,8,56,13,5,48,44,40,83,88,40,87,35,100,100,5,24,31,40,27,27,32,23,23,23,23,100,81,98,8,93,69,62,19,20,37,38,50,50,29,36,42,35,8,67,12,5,48,44,40,83,88,40,87,35,100,100,5,24,31,40,27,27,32,23,23,23,23,Liga Portugal
Sporting CP,7catg5lpivcmpf4xhggh6d8rk,8fzbg2qdd8d00nwn1kinqr71m,Geny Catamo,Geny Cipriano Catamo,25.0,Midfielder,Mozambique,Midfielder,39.0,80.0,118.0,344.0,17.0,2.0,0.0,5.0,7.0,3.0,4.0,3.0,18.0,18.0,23.0,1.0,1.0,3.0,9.0,11.0,1.0,0.0,3.0,0.0,1.0,80.27,40.0,16.67,61.11,42.86,52.27,0.0,0.0,0.5033892830441075,0.5324597696818953,6.0,12.0,0.3516189899999998,9.0,8.0,15.0,0.7227979099999999,49.0,10.203488372093023,20.930232558139533,30.87209302325581,4.447674418604651,0.5232558139534883,0.0,1.3081395348837208,1.8313953488372088,0.7848837209302325,1.0465116279069766,0.7848837209302325,4.709302325581395,4.709302325581395,6.017441860465116,0.2616279069767441,0.2616279069767441,0.7848837209302325,2.3546511627906974,2.877906976744186,0.2616279069767441,0.0,0.7848837209302325,0.0,0.2616279069767441,80.27,40.0,16.67,61.11,42.86,52.27,0.0,0.0,0.1317006845173537,0.1393063350911935,1.569767441860465,3.13953488372093,0.0919933404069766,2.3546511627906974,2.093023255813953,3.924418604651162,0.1891041043604651,12.819767441860463,RM/RCM,71,86,86,71,71,29,57,86,71,79,79,71,71,57,36,93,100,57,100,57,14,100,57,29,57,57,29,86,100,57,29,14,86,57,100,79,86,100,93,100,100,86,86,71,71,86,71,29,57,43,57,71,86,71,71,29,29,100,86,57,71,57,14,100,57,14,57,57,29,86,100,57,29,14,57,57,100,71,71,86,100,100,100,86,Liga Portugal
Sporting CP,7catg5lpivcmpf4xhggh6d8rk,bax0ggbhejk7kpcezkyg3hai2,R. Zalazar,Rodrigo Zalazar,27.0,Midfielder,Uruguay,Midfielder,55.0,120.0,171.0,416.0,12.0,9.0,3.0,8.0,10.0,5.0,5.0,2.0,16.0,16.0,19.0,1.0,1.0,3.0,3.0,6.0,2.0,6.0,1.0,0.0,4.0,83.41,60.0,15.38,37.5,30.0,44.19,33.33,85.71,1.4543210538262386,0.8207162033244043,4.0,12.0,0.3950170899999999,8.0,9.0,8.0,0.6558317799999999,47.0,11.899038461538463,25.961538461538463,36.99519230769232,2.5961538461538463,1.9471153846153848,0.6490384615384616,1.7307692307692308,2.1634615384615388,1.0817307692307694,1.0817307692307694,0.4326923076923077,3.4615384615384617,3.4615384615384617,4.110576923076923,0.2163461538461538,0.2163461538461538,0.6490384615384616,0.6490384615384616,1.2980769230769231,0.4326923076923077,1.2980769230769231,0.2163461538461538,0.0,0.8653846153846154,83.41,60.0,15.38,37.5,30.0,44.19,33.33,85.71,0.314636766452792,0.1775587939884528,0.8653846153846154,2.5961538461538463,0.0854604281249999,1.7307692307692308,1.9471153846153848,1.7307692307692308,0.1418866831730769,10.168269230769232,CM/AM,82,100,96,60,88,58,86,86,74,92,66,96,94,58,24,74,72,12,80,56,90,74,52,74,64,62,48,52,40,36,42,82,96,80,80,96,100,96,56,42,88,58,76,92,88,52,76,44,80,80,68,84,60,92,88,40,12,76,68,8,76,44,76,68,52,68,64,62,48,52,40,36,42,82,96,80,60,88,96,92,48,32,80,36,Liga Portugal
Sporting CP,7catg5lpivcmpf4xhggh6d8rk,cayu6id8xmj67n29s2x3bsbxm,Gonçalo Inácio,Gonçalo Bernardo Inácio,25.0,Defender,Portugal,Defender,177.0,125.0,302.0,360.0,0.0,16.0,6.0,1.0,0.0,0.0,0.0,0.0,2.0,2.0,11.0,15.0,0.0,0.0,2.0,0.0,4.0,2.0,0.0,0.0,0.0,88.82,43.24,0.0,0.0,0.0,45.83,50.0,66.67,0.0,0.0,0.0,0.0,0.0,0.0,0.0,0.0,0.0,0.0,44.25,31.25,75.5,0.0,4.0,1.5,0.25,0.0,0.0,0.0,0.0,0.5,0.5,2.75,3.75,0.0,0.0,0.5,0.0,1.0,0.5,0.0,0.0,0.0,88.82,43.24,0.0,0.0,0.0,45.83,50.0,66.67,0.0,0.0,0.0,0.0,0.0,0.0,0.0,0.0,0.0,0.0,CB,64,88,76,8,57,35,54,19,20,37,38,63,63,24,30,42,35,54,23,52,25,48,44,40,67,40,40,23,35,17,35,52,24,31,40,27,27,32,23,23,23,23,79,95,90,8,69,44,57,19,20,37,38,68,68,21,30,42,35,62,23,60,29,48,44,40,67,40,40,23,35,17,35,52,24,31,40,27,27,32,23,23,23,23,Liga Portugal
Sporting CP,7catg5lpivcmpf4xhggh6d8rk,d1d3v27d4r6vme6n2w5umaacp,L. Suárez,Luis Suárez,28.0,Attacker,Colombia,Striker,28.0,33.0,61.0,281.0,13.0,3.0,2.0,1.0,8.0,5.0,3.0,3.0,9.0,9.0,7.0,0.0,4.0,5.0,3.0,3.0,0.0,0.0,1.0,0.0,0.0,80.26,60.0,0.0,33.33,62.5,25.93,33.33,0.0,1.36512446106124,0.1173654844887987,3.0,4.0,0.18401174,2.0,4.0,2.0,0.1207806999999999,19.0,8.96797153024911,10.569395017793594,19.537366548042705,4.1637010676156585,0.9608540925266904,0.6405693950177936,0.3202846975088968,2.5622775800711746,1.601423487544484,0.9608540925266904,0.9608540925266904,2.882562277580071,2.882562277580071,2.2419928825622777,0.0,1.2811387900355873,1.601423487544484,0.9608540925266904,0.9608540925266904,0.0,0.0,0.3202846975088968,0.0,0.0,80.26,60.0,0.0,33.33,62.5,25.93,33.33,0.0,0.437228475072995,0.03759036869748,0.9608540925266904,1.2811387900355873,0.0589361444839857,0.6405693950177936,1.2811387900355873,0.6405693950177936,0.0386842099644127,6.085409252669039,ST,86,50,69,39,74,30,14,51,41,79,79,71,66,7,6,93,74,17,54,21,7,76,51,31,80,54,31,41,90,11,40,7,77,34,70,49,69,57,67,29,37,61,97,60,83,60,80,34,17,77,49,80,91,80,80,6,6,97,86,23,60,21,7,80,51,31,80,54,31,41,90,11,40,7,86,37,77,60,74,54,77,29,46,69,Liga Portugal
Sporting CP,7catg5lpivcmpf4xhggh6d8rk,dka9aakcyyvh98m2uhkvs6qz8,Iván Fresneda,Iván Fresneda,21.0,Defender,Spain,Defender,101.0,89.0,190.0,289.0,5.0,4.0,0.0,0.0,2.0,2.0,0.0,0.0,9.0,10.0,16.0,9.0,0.0,2.0,2.0,3.0,2.0,9.0,0.0,0.0,0.0,90.91,36.36,0.0,33.33,100.0,50.0,0.0,81.82,0.0,0.0,0.0,0.0,0.0,0.0,0.0,0.0,0.0,0.0,31.45328719723184,27.716262975778545,59.16955017301038,1.5570934256055362,1.245674740484429,0.0,0.0,0.6228373702422145,0.6228373702422145,0.0,0.0,2.8027681660899653,3.1141868512110724,4.982698961937716,2.8027681660899653,0.0,0.6228373702422145,0.6228373702422145,0.9342560553633218,0.6228373702422145,2.8027681660899653,0.0,0.0,0.0,90.91,36.36,0.0,33.33,100.0,50.0,0.0,81.82,0.0,0.0,0.0,0.0,0.0,0.0,0.0,0.0,0.0,0.0,RB/RCB,67,80,60,63,27,7,17,57,67,40,33,87,90,33,20,47,93,27,73,20,87,47,53,20,93,40,20,37,97,27,7,93,20,23,40,20,20,27,17,17,17,17,80,87,100,80,40,7,17,67,73,40,33,93,93,60,33,47,93,47,87,27,93,47,53,20,93,40,20,37,97,27,7,93,20,23,40,20,20,27,17,17,17,17,Liga Portugal
Sporting CP,7catg5lpivcmpf4xhggh6d8rk,dth6ucthavpw8lux9pm3f6qdw,Flávio Gonçalves,Flávio Ferreira Gonçalves,19.0,Attacker,Portugal,Striker,37.0,64.0,101.0,350.0,11.0,8.0,2.0,4.0,9.0,5.0,4.0,1.0,6.0,6.0,24.0,1.0,3.0,6.0,9.0,4.0,1.0,4.0,1.0,0.0,0.0,80.8,66.67,0.0,66.67,66.67,55.81,50.0,44.44,1.0958934179269482,0.3220533810019088,2.0,5.0,0.1277508,1.0,8.0,14.0,0.4363908699999999,38.0,9.514285714285714,16.45714285714286,25.97142857142857,2.8285714285714287,2.0571428571428574,0.5142857142857143,1.0285714285714287,2.3142857142857145,1.2857142857142858,1.0285714285714287,0.2571428571428572,1.542857142857143,1.542857142857143,6.171428571428572,0.2571428571428572,0.7714285714285715,1.542857142857143,2.3142857142857145,1.0285714285714287,0.2571428571428572,1.0285714285714287,0.2571428571428572,0.0,0.0,80.8,66.67,0.0,66.67,66.67,55.81,50.0,44.44,0.2818011646097866,0.0828137265433479,0.5142857142857143,1.2857142857142858,0.0328502057142857,0.2571428571428572,2.0571428571428574,3.6,0.1122147951428571,9.771428571428572,LW,89,67,89,78,100,67,33,72,61,67,39,33,33,78,44,94,100,83,56,39,89,67,56,17,56,72,17,100,94,100,72,44,78,22,33,33,33,39,78,89,33,89,89,78,78,67,100,56,44,67,67,67,33,33,33,78,33,89,100,67,56,33,89,56,56,17,56,72,17,100,94,100,72,44,89,22,33,33,33,33,67,78,33,78,Liga Portugal
Vitória Guimarães,8gvg1ranyf93hprfkwx3ofl2y,1d78n2z8g4jkcejuk3otoup04,Thiago Balieiro,Thiago Balieiro Lourenço de Carvalho,23.0,Defender,Brazil,Defender,214.0,101.0,315.0,540.0,8.0,16.0,7.0,1.0,6.0,5.0,1.0,1.0,2.0,2.0,23.0,20.0,0.0,1.0,2.0,1.0,15.0,7.0,0.0,0.0,0.0,90.26,47.06,0.0,50.0,16.67,54.76,46.67,53.85,0.5521420111355291,0.042102161132183,1.0,3.0,0.05805396,0.0,18.0,22.0,0.52826957,217.0,35.666666666666664,16.833333333333332,52.5,1.3333333333333333,2.6666666666666665,1.1666666666666667,0.1666666666666666,1.0,0.8333333333333334,0.1666666666666666,0.1666666666666666,0.3333333333333333,0.3333333333333333,3.8333333333333335,3.333333333333333,0.0,0.1666666666666666,0.3333333333333333,0.1666666666666666,2.5,1.1666666666666667,0.0,0.0,0.0,90.26,47.06,0.0,50.0,16.67,54.76,46.67,53.85,0.0920236685225881,0.0070170268553638,0.1666666666666666,0.5,0.00967566,0.0,3.0,3.6666666666666665,0.0880449283333333,36.16666666666666,CB,82,79,81,93,57,43,54,94,98,81,85,63,63,85,46,42,81,54,56,100,95,48,44,40,71,52,40,54,74,40,26,40,90,64,86,71,71,32,86,86,86,90,48,57,60,86,40,29,42,89,93,74,77,48,48,43,21,42,71,36,46,100,71,48,44,40,71,52,40,54,74,40,26,40,83,62,81,69,69,32,82,83,83,90,Liga Portugal
Vitória Guimarães,8gvg1ranyf93hprfkwx3ofl2y,1otm8rmlwrddxqeqelo6vhtec,L. Doucet,Lohann Doucet,23.0,Midfielder,Burkina Faso,Midfielder,68.0,88.0,155.0,331.0,0.0,18.0,4.0,2.0,2.0,0.0,2.0,2.0,3.0,3.0,13.0,8.0,0.0,0.0,3.0,1.0,3.0,2.0,0.0,0.0,1.0,86.59,81.82,50.0,33.33,0.0,41.94,57.14,40.0,0.0,0.0,0.0,0.0,0.0,0.0,0.0,0.0,0.0,0.0,18.48942598187311,23.92749244712991,42.145015105740185,0.0,4.894259818731118,1.0876132930513596,0.5438066465256798,0.5438066465256798,0.0,0.5438066465256798,0.5438066465256798,0.8157099697885197,0.8157099697885197,3.5347432024169185,2.175226586102719,0.0,0.0,0.8157099697885197,0.2719033232628399,0.8157099697885197,0.5438066465256798,0.0,0.0,0.2719033232628399,86.59,81.82,50.0,33.33,0.0,41.94,57.14,40.0,0.0,0.0,0.0,0.0,0.0,0.0,0.0,0.0,0.0,0.0,DM/CM,51,71,58,12,93,50,45,36,24,64,91,47,46,32,71,45,26,33,37,36,26,42,50,75,50,95,88,34,26,16,59,17,20,16,22,16,16,21,13,13,13,13,50,79,68,12,95,53,47,34,24,68,89,50,50,18,68,45,26,34,37,32,26,42,50,79,50,95,88,34,26,16,59,17,20,16,22,16,16,21,13,13,13,13,Liga Portugal
Vitória Guimarães,8gvg1ranyf93hprfkwx3ofl2y,575pl0igxsevhmf6nfmjwwyxh,Samu,Fábio Samuel Amorim da Silva,30.0,Midfielder,Portugal,Midfielder,60.0,93.0,148.0,529.0,20.0,10.0,4.0,7.0,17.0,12.0,5.0,5.0,5.0,5.0,24.0,8.0,1.0,5.0,5.0,1.0,1.0,8.0,0.0,0.0,5.0,78.72,71.43,17.86,20.0,29.41,46.15,40.0,57.14,1.8420346160002576,0.6668299888423006,3.0,2.0,0.04347372,1.0,20.0,26.0,0.6417053999999998,66.0,10.207939508506616,15.822306238185254,25.179584120982984,3.4026465028355384,1.7013232514177692,0.6805293005671077,1.1909262759924384,2.892249527410208,2.041587901701323,0.8506616257088846,0.8506616257088846,0.8506616257088846,0.8506616257088846,4.083175803402646,1.3610586011342154,0.1701323251417769,0.8506616257088846,0.8506616257088846,0.1701323251417769,0.1701323251417769,1.3610586011342154,0.0,0.0,0.8506616257088846,78.72,71.43,17.86,20.0,29.41,46.15,40.0,57.14,0.313389632211764,0.1134493364760057,0.5103969754253308,0.3402646502835538,0.0073962850661625,0.1701323251417769,3.4026465028355384,4.4234404536862,0.1091748317580339,11.228733459357278,CM/AM,92,80,88,96,92,76,78,100,100,92,92,38,38,80,100,74,94,40,24,28,100,30,52,82,36,76,56,24,36,48,58,38,100,72,68,14,14,22,96,96,84,90,56,48,52,76,72,48,44,92,96,72,80,28,20,36,92,58,76,12,24,16,84,30,52,64,36,76,56,24,36,48,58,38,92,56,44,12,12,20,76,88,60,60,Liga Portugal
Vitória Guimarães,8gvg1ranyf93hprfkwx3ofl2y,5vdaexx0jnv7shichfmowutt6,Beni Mukendi,Benedito Mambuene Mukendi,24.0,Midfielder,Angola,Midfielder,83.0,109.0,191.0,341.0,0.0,14.0,6.0,4.0,1.0,0.0,1.0,1.0,5.0,5.0,21.0,3.0,0.0,0.0,2.0,3.0,9.0,8.0,0.0,0.0,1.0,87.21,63.64,50.0,60.0,0.0,56.76,66.67,72.73,0.055113819999924,0.4123462423942816,1.0,8.0,0.17600933,3.0,29.0,24.0,0.6818730299999998,113.0,21.90615835777126,28.7683284457478,50.410557184750736,0.0,3.6950146627566,1.5835777126099708,1.0557184750733135,0.2639296187683284,0.0,0.2639296187683284,0.2639296187683284,1.3196480938416422,1.3196480938416422,5.542521994134898,0.7917888563049854,0.0,0.0,0.5278592375366569,0.7917888563049854,2.375366568914956,2.1114369501466275,0.0,0.0,0.2639296187683284,87.21,63.64,50.0,60.0,0.0,56.76,66.67,72.73,0.0145461695014462,0.1088303865556754,0.2639296187683284,2.1114369501466275,0.0464540753665689,0.7917888563049854,7.653958944281525,6.334310850439883,0.1799664888563049,29.824046920821115,DM/CM,72,86,82,12,89,70,78,20,24,36,67,68,67,57,36,45,26,18,66,95,89,42,50,75,58,72,88,61,26,68,82,74,42,89,54,92,87,87,97,97,100,89,66,82,79,12,87,76,68,21,24,37,63,74,68,66,26,45,26,21,68,97,89,42,50,74,58,72,88,61,26,68,82,74,42,95,58,92,89,84,95,95,100,92,Liga Portugal
Vitória Guimarães,8gvg1ranyf93hprfkwx3ofl2y,5z3eofvko1ngmwb05nrrc7fje,Óscar Rivas,Óscar Rivas,26.0,Defender,Spain,Defender,165.0,69.0,234.0,379.0,5.0,20.0,13.0,2.0,3.0,3.0,0.0,1.0,1.0,1.0,20.0,20.0,0.0,0.0,2.0,1.0,6.0,1.0,0.0,0.0,0.0,86.99,57.14,0.0,100.0,0.0,58.82,59.09,25.0,0.357259422047999,0.0841689025195297,0.0,4.0,0.0756927699999999,3.0,11.0,13.0,0.3609931799999999,122.0,39.1820580474934,16.385224274406333,55.56728232189973,1.1873350923482848,4.749340369393139,3.0870712401055407,0.4749340369393139,0.7124010554089709,0.7124010554089709,0.0,0.2374670184696569,0.2374670184696569,0.2374670184696569,4.749340369393139,4.749340369393139,0.0,0.0,0.4749340369393139,0.2374670184696569,1.4248021108179418,0.2374670184696569,0.0,0.0,0.0,86.99,57.14,0.0,100.0,0.0,58.82,59.09,25.0,0.0848373297739311,0.0199873383291759,0.0,0.949868073878628,0.0179745364116094,0.7124010554089709,2.6121372031662267,3.0870712401055407,0.0857239741424801,28.97097625329815,CB,55,55,54,74,75,82,76,73,82,37,85,43,43,69,46,42,35,54,56,74,13,48,44,40,45,81,40,87,35,55,52,10,76,71,40,75,74,89,71,74,74,79,67,55,64,79,81,79,76,79,86,37,90,40,40,71,45,42,35,52,55,79,14,48,44,40,45,81,40,87,35,55,52,10,79,71,40,76,79,93,76,79,81,79,Liga Portugal
Vitória Guimarães,8gvg1ranyf93hprfkwx3ofl2y,79oq0uhoimgb2mbme5i08y87o,Miguel Nogueira,João Miguel da Costa Nogueira,21.0,Midfielder,Portugal,Midfielder,18.0,49.0,66.0,264.0,10.0,0.0,3.0,5.0,6.0,4.0,2.0,2.0,7.0,8.0,11.0,3.0,0.0,0.0,4.0,2.0,2.0,1.0,2.0,0.0,1.0,91.67,0.0,12.5,28.57,0.0,37.93,37.5,50.0,0.8049993939678719,0.4625237770916623,4.0,7.0,0.2047259199999999,4.0,2.0,5.0,0.325554,19.0,6.136363636363637,16.704545454545457,22.5,3.409090909090909,0.0,1.0227272727272727,1.7045454545454546,2.0454545454545454,1.3636363636363638,0.6818181818181819,0.6818181818181819,2.3863636363636367,2.7272727272727275,3.75,1.0227272727272727,0.0,0.0,1.3636363636363638,0.6818181818181819,0.6818181818181819,0.3409090909090909,0.6818181818181819,0.0,0.3409090909090909,91.67,0.0,12.5,28.57,0.0,37.93,37.5,50.0,0.2744316115799563,0.1576785603721576,1.3636363636363638,2.3863636363636367,0.0697929272727272,1.3636363636363638,0.6818181818181819,1.7045454545454546,0.1109843181818182,6.477272727272728,CM/AM,12,40,28,50,4,58,56,64,62,48,66,54,58,20,58,28,14,24,42,56,12,94,52,42,96,4,44,40,14,20,48,20,76,56,80,66,72,70,14,24,44,18,16,56,36,80,4,76,72,72,84,60,72,64,68,20,68,28,14,44,52,68,12,100,52,44,96,4,44,40,14,20,48,20,84,72,100,80,92,80,12,28,64,12,Liga Portugal
Vitória Guimarães,8gvg1ranyf93hprfkwx3ofl2y,bwbkfosv9xvhd2m0adp9h3ims,A. Ndoye,Alioune Ndoye,24.0,Attacker,Senegal,Striker,5.0,30.0,35.0,411.0,21.0,2.0,28.0,8.0,21.0,15.0,6.0,4.0,7.0,8.0,44.0,3.0,1.0,4.0,8.0,5.0,1.0,3.0,0.0,0.0,0.0,59.32,66.67,0.0,71.43,19.05,44.44,45.9,100.0,2.6388054257398443,0.3730632873433753,6.0,2.0,0.0440930999999999,0.0,1.0,7.0,0.19064544,15.0,1.094890510948905,6.569343065693431,7.664233576642336,4.598540145985401,0.437956204379562,6.131386861313869,1.7518248175182485,4.598540145985401,3.2846715328467155,1.3138686131386863,0.8759124087591241,1.5328467153284673,1.7518248175182485,9.635036496350365,0.6569343065693432,0.218978102189781,0.8759124087591241,1.7518248175182485,1.094890510948905,0.218978102189781,0.6569343065693432,0.0,0.0,0.0,59.32,66.67,0.0,71.43,19.05,44.44,45.9,100.0,0.5778406041766083,0.0816926906591332,1.3138686131386863,0.437956204379562,0.0096554233576642,0.0,0.218978102189781,1.5328467153284673,0.0417471766423357,3.2846715328467155,ST,9,36,20,80,50,100,87,96,93,94,93,56,57,97,54,47,61,76,79,56,73,31,51,31,9,66,31,91,20,53,66,87,94,60,96,33,29,17,23,74,49,44,6,29,14,69,40,100,86,91,89,91,80,49,49,100,37,43,54,66,69,51,57,31,51,31,9,66,31,91,20,53,66,87,97,51,91,31,26,17,20,63,49,31,Liga Portugal
Vitória Guimarães,8gvg1ranyf93hprfkwx3ofl2y,bwspu6tx4l27e605fmtym3ztg,Gustavo Silva,Gustavo da Silva Cunha,27.0,Attacker,Brazil,Striker,16.0,68.0,77.0,514.0,40.0,7.0,20.0,18.0,24.0,18.0,6.0,3.0,10.0,12.0,45.0,6.0,1.0,7.0,8.0,4.0,4.0,8.0,0.0,0.0,7.0,63.64,87.5,25.93,40.0,29.17,47.87,48.78,61.54,2.993643100310842,1.6022461256253884,3.0,10.0,0.5120312699999999,4.0,7.0,9.0,0.9180874,34.0,2.801556420233463,11.906614785992218,13.48249027237354,7.003891050583658,1.22568093385214,3.501945525291829,3.151750972762646,4.202334630350195,3.151750972762646,1.050583657587549,0.5252918287937743,1.7509727626459144,2.1011673151750974,7.879377431906614,1.050583657587549,0.1750972762645914,1.22568093385214,1.4007782101167314,0.7003891050583657,0.7003891050583657,1.4007782101167314,0.0,0.0,1.22568093385214,63.64,87.5,25.93,40.0,29.17,47.87,48.78,61.54,0.5241787529727155,0.2805489325024999,0.5252918287937743,1.7509727626459144,0.0896552807392996,0.7003891050583657,1.22568093385214,1.575875486381323,0.1607546031128404,5.953307392996109,ST,41,89,86,94,94,97,100,100,100,94,79,79,84,100,90,47,91,76,70,99,100,31,51,97,17,86,80,49,34,66,71,37,100,100,70,90,94,81,89,89,89,89,17,76,43,89,83,91,100,83,86,86,63,57,60,89,77,34,74,43,46,91,89,31,51,91,17,86,80,49,34,66,71,37,91,97,57,74,89,59,74,66,83,63,Liga Portugal
Vitória Guimarães,8gvg1ranyf93hprfkwx3ofl2y,bz0wspuepgtymiddqy0v67n1m,João Mendes,João Miguel Teixeira Mendes,26.0,Defender,Portugal,Defender,102.0,122.0,217.0,540.0,4.0,23.0,4.0,5.0,9.0,1.0,8.0,2.0,5.0,6.0,14.0,8.0,0.0,3.0,1.0,1.0,4.0,5.0,0.0,0.0,7.0,77.78,46.94,21.88,20.0,33.33,36.84,40.0,62.5,0.4731327299861674,0.6017704070828813,6.0,8.0,0.16765257,5.0,36.0,48.0,1.3176224199999995,112.0,17.0,20.33333333333333,36.16666666666666,0.6666666666666666,3.8333333333333335,0.6666666666666666,0.8333333333333334,1.5,0.1666666666666666,1.3333333333333333,0.3333333333333333,0.8333333333333334,1.0,2.333333333333333,1.3333333333333333,0.0,0.5,0.1666666666666666,0.1666666666666666,0.6666666666666666,0.8333333333333334,0.0,0.0,1.1666666666666667,77.78,46.94,21.88,20.0,33.33,36.84,40.0,62.5,0.0788554549976945,0.1002950678471468,1.0,1.3333333333333333,0.027942095,0.8333333333333334,6.0,8.0,0.2196037366666665,18.666666666666668,LB/LCB,95,95,95,74,100,58,66,100,76,100,92,58,58,39,32,45,100,24,32,55,66,42,50,95,26,68,47,32,84,11,42,42,89,79,100,95,95,92,100,100,100,95,74,95,84,53,100,26,58,100,63,100,89,32,37,11,16,45,100,16,21,32,47,42,50,84,26,68,47,32,84,11,42,42,89,68,100,89,89,74,95,100,100,95,Liga Portugal
Vitória Guimarães,8gvg1ranyf93hprfkwx3ofl2y,ce6z3bhvhmoplnisz3a1bcf10,T. Strata,Tony Strata,22.0,Defender,Romania,Defender,94.0,110.0,192.0,426.0,6.0,13.0,1.0,13.0,5.0,1.0,4.0,1.0,8.0,8.0,17.0,10.0,0.0,1.0,2.0,4.0,3.0,7.0,1.0,0.0,12.0,79.67,56.52,37.5,50.0,20.0,50.0,50.0,70.0,0.2694363610034201,1.4884307365459226,2.0,13.0,0.3212825599999998,7.0,16.0,14.0,1.18495041,85.0,19.859154929577464,23.239436619718308,40.563380281690144,1.267605633802817,2.7464788732394365,0.2112676056338028,2.7464788732394365,1.056338028169014,0.2112676056338028,0.8450704225352113,0.2112676056338028,1.6901408450704225,1.6901408450704225,3.591549295774648,2.112676056338028,0.0,0.2112676056338028,0.4225352112676056,0.8450704225352113,0.6338028169014085,1.4788732394366195,0.2112676056338028,0.0,2.535211267605634,79.67,56.52,37.5,50.0,20.0,50.0,50.0,70.0,0.0569231748598774,0.3144571978618146,0.4225352112676056,2.7464788732394365,0.0678765971830985,1.4788732394366195,3.380281690140845,2.9577464788732395,0.2503416359154929,17.95774647887324,RB/RCB,60,87,67,77,90,17,100,97,37,100,83,77,73,47,27,47,77,27,87,33,73,97,53,100,33,93,80,67,67,27,50,67,67,100,100,100,93,87,93,80,100,87,60,73,60,67,87,13,100,80,40,100,73,80,73,13,20,47,73,27,80,33,73,93,53,100,33,93,80,67,67,27,50,67,67,100,97,100,93,87,87,80,93,80,Liga Portugal
Vitória Guimarães,8gvg1ranyf93hprfkwx3ofl2y,cyoz8jv8z5z2tvc2czhr2ya6s,O. Camara,Oumar Camara,19.0,Attacker,France,Striker,2.0,48.0,45.0,268.0,22.0,4.0,4.0,7.0,5.0,4.0,1.0,2.0,9.0,9.0,18.0,2.0,0.0,1.0,4.0,5.0,4.0,2.0,0.0,0.0,5.0,64.29,57.14,33.33,55.56,20.0,52.94,57.14,40.0,0.4975740325851638,0.7308605940602231,2.0,3.0,0.11087256,0.0,0.0,7.0,0.9361218,19.0,0.6716417910447761,16.119402985074625,15.111940298507465,7.388059701492537,1.343283582089552,1.343283582089552,2.3507462686567164,1.67910447761194,1.343283582089552,0.335820895522388,0.6716417910447761,3.0223880597014925,3.0223880597014925,6.044776119402985,0.6716417910447761,0.0,0.335820895522388,1.343283582089552,1.67910447761194,1.343283582089552,0.6716417910447761,0.0,0.0,1.67910447761194,64.29,57.14,33.33,55.56,20.0,52.94,57.14,40.0,0.1670957572114356,0.2454382591993286,0.6716417910447761,1.007462686567164,0.0372333223880597,0.0,0.0,2.3507462686567164,0.3143692611940298,6.380597014925373,ST,3,81,39,84,86,50,81,27,30,39,59,71,66,59,33,17,19,29,79,99,53,31,51,94,23,51,90,71,24,83,91,21,29,89,57,41,49,17,9,74,91,61,3,89,63,91,91,60,94,37,40,46,71,83,83,71,43,17,23,37,86,97,60,31,51,97,23,51,90,71,24,83,91,21,46,94,60,49,57,17,9,83,94,74,Liga Portugal
Vitória Guimarães,8gvg1ranyf93hprfkwx3ofl2y,dbwqkrelivlfmvk4t8aa1beac,Gonçalo Nogueira,Gonçalo Teixeira Nogueira,22.0,Midfielder,Portugal,Midfielder,57.0,81.0,138.0,335.0,5.0,2.0,1.0,4.0,4.0,2.0,2.0,1.0,1.0,1.0,11.0,0.0,1.0,1.0,3.0,0.0,4.0,3.0,0.0,0.0,0.0,89.03,66.67,0.0,0.0,25.0,40.74,50.0,42.86,0.3440330760310975,0.2834594970186692,1.0,14.0,0.3260025999999999,5.0,13.0,13.0,0.30840477,48.0,15.313432835820896,21.761194029850746,37.07462686567164,1.343283582089552,0.5373134328358209,0.2686567164179104,1.0746268656716418,1.0746268656716418,0.5373134328358209,0.5373134328358209,0.2686567164179104,0.2686567164179104,0.2686567164179104,2.955223880597015,0.0,0.2686567164179104,0.2686567164179104,0.8059701492537313,0.0,1.0746268656716418,0.8059701492537313,0.0,0.0,0.0,89.03,66.67,0.0,0.0,25.0,40.74,50.0,42.86,0.0924267965456679,0.0761532977065081,0.2686567164179104,3.761194029850746,0.0875827880597014,1.343283582089552,3.492537313432836,3.492537313432836,0.0828550128358208,12.8955223880597,DM/CM,33,62,50,83,14,16,78,74,79,64,67,17,17,17,3,95,67,33,12,45,42,42,50,32,79,80,32,12,58,11,42,22,87,68,54,100,100,95,68,72,66,53,34,68,61,79,11,11,71,74,82,66,68,13,13,11,3,100,68,32,12,45,34,42,50,32,79,80,32,12,58,11,42,22,87,71,61,100,100,97,76,79,61,53,Liga Portugal
