Team,contestantId,playerId,Short Name,Player Name,Age,Position_x,Nationality,Position_y,total accurate back zone pass_Total,total accurate cross_Total,total accurate fwd zone pass_Total,total accurate long balls_Total,total accurate pass_Total,total aerial won_Total,total att assist_Total,total attempt_Total,total attempts ibox_Total,total attempts obox_Total,total blocked scoring att_Total,total contest_Total,total dribbles attempted_Total,total duels won_Total,total effective clearance_Total,total goals_Total,total mins played,total ontarget attempt_Total,total touches in opposition box_Total,total was fouled_Total,total won contest_Total,total won tackle_Total,total assists_Total,total interception_Total,total big chances saved_Total,total direct setpiece goals_Total,pass_success_pct_Total,long_balls_success_pct_Total,cross_success_pct_Total,dribble_success_pct_Total,attempt_success_pct_Total,duel_success_pct_Total,aerial_success_pct_Total,tackle_success_pct_Total,xG_Total,xA_Total,CreatedOwnShot_Total,Total Carries_Total,Total Carry xT_Total,Total Final Third Carries_Total,passes_into_final_third_Total,progressive_passes_Total,xT_pass_Total,forward_passes_Total,total accurate back zone pass_p90,total accurate cross_p90,total accurate fwd zone pass_p90,total accurate long balls_p90,total accurate pass_p90,total aerial won_p90,total att assist_p90,total attempt_p90,total attempts ibox_p90,total attempts obox_p90,total blocked scoring att_p90,total contest_p90,total dribbles attempted_p90,total duels won_p90,total effective clearance_p90,total goals_p90,total ontarget attempt_p90,total touches in opposition box_p90,total was fouled_p90,total won contest_p90,total won tackle_p90,total assists_p90,total interception_p90,total big chances saved_p90,total direct setpiece goals_p90,pass_success_pct_p90,long_balls_success_pct_p90,cross_success_pct_p90,dribble_success_pct_p90,attempt_success_pct_p90,duel_success_pct_p90,aerial_success_pct_p90,tackle_success_pct_p90,xG_p90,xA_p90,CreatedOwnShot_p90,Total Carries_p90,Total Carry xT_p90,Total Final Third Carries_p90,passes_into_final_third_p90,progressive_passes_p90,xT_pass_p90,forward_passes_p90,Pos.,total accurate back zone pass_TotalPR,total accurate cross_TotalPR,total accurate fwd zone pass_TotalPR,total accurate long balls_TotalPR,total accurate pass_TotalPR,total aerial won_TotalPR,total att assist_TotalPR,total attempt_TotalPR,total attempts ibox_TotalPR,total attempts obox_TotalPR,total blocked scoring att_TotalPR,total contest_TotalPR,total dribbles attempted_TotalPR,total duels won_TotalPR,total effective clearance_TotalPR,total goals_TotalPR,total ontarget attempt_TotalPR,total touches in opposition box_TotalPR,total was fouled_TotalPR,total won contest_TotalPR,total won tackle_TotalPR,total assists_TotalPR,total interception_TotalPR,total big chances saved_TotalPR,total direct setpiece goals_TotalPR,pass_success_pct_TotalPR,long_balls_success_pct_TotalPR,cross_success_pct_TotalPR,dribble_success_pct_TotalPR,attempt_success_pct_TotalPR,duel_success_pct_TotalPR,aerial_success_pct_TotalPR,tackle_success_pct_TotalPR,xG_TotalPR,xA_TotalPR,CreatedOwnShot_TotalPR,Total Carries_TotalPR,Total Carry xT_TotalPR,Total Final Third Carries_TotalPR,passes_into_final_third_TotalPR,progressive_passes_TotalPR,xT_pass_TotalPR,forward_passes_TotalPR,total accurate back zone pass_p90PR,total accurate cross_p90PR,total accurate fwd zone pass_p90PR,total accurate long balls_p90PR,total accurate pass_p90PR,total aerial won_p90PR,total att assist_p90PR,total attempt_p90PR,total attempts ibox_p90PR,total attempts obox_p90PR,total blocked scoring att_p90PR,total contest_p90PR,total dribbles attempted_p90PR,total duels won_p90PR,total effective clearance_p90PR,total goals_p90PR,total ontarget attempt_p90PR,total touches in opposition box_p90PR,total was fouled_p90PR,total won contest_p90PR,total won tackle_p90PR,total assists_p90PR,total interception_p90PR,total big chances saved_p90PR,total direct setpiece goals_p90PR,pass_success_pct_p90PR,long_balls_success_pct_p90PR,cross_success_pct_p90PR,dribble_success_pct_p90PR,attempt_success_pct_p90PR,duel_success_pct_p90PR,aerial_success_pct_p90PR,tackle_success_pct_p90PR,xG_p90PR,xA_p90PR,CreatedOwnShot_p90PR,Total Carries_p90PR,Total Carry xT_p90PR,Total Final Third Carries_p90PR,passes_into_final_third_p90PR,progressive_passes_p90PR,xT_pass_p90PR,forward_passes_p90PR,League
Aberdeen,841zp0njrq63yv4fvw6lgf60q,2zotauhxa3dll1um5665y2yqy,G. Molloy,Gavin Molloy,24.0,Defender,Republic of Ireland,Defender,83.0,1.0,29.0,6.0,111.0,5.0,2.0,3.0,2.0,1.0,0.0,1.0,1.0,13.0,17.0,1.0,285.0,1.0,3.0,2.0,1.0,2.0,1.0,3.0,0.0,0.0,81.62,31.58,25.0,100.0,33.33,65.0,50.0,40.0,0.41141680283161,0.1660061389427976,1.0,0.0,0.0,1.0,4.0,6.0,0.2373805299999999,39.0,26.21052631578948,0.3157894736842105,9.157894736842106,1.8947368421052635,35.05263157894737,1.5789473684210529,0.6315789473684211,0.9473684210526316,0.6315789473684211,0.3157894736842105,0.0,0.3157894736842105,0.3157894736842105,4.105263157894737,5.368421052631579,0.3157894736842105,0.3157894736842105,0.9473684210526316,0.6315789473684211,0.3157894736842105,0.6315789473684211,0.3157894736842105,0.9473684210526316,0.0,0.0,81.62,31.58,25.0,100.0,33.33,65.0,50.0,40.0,0.1299210956310347,0.0524229912450939,0.3157894736842105,0.0,0.0,0.3157894736842105,1.2631578947368425,1.8947368421052635,0.0749622726315789,12.31578947368421,LB/LCB,59,24,12,41,12,32,24,35,47,41,26,15,9,18,41,85,47,26,29,35,24,91,41,50,50,65,41,50,97,62,94,32,18,76,29,47,12,12,26,18,18,18,18,76,29,12,59,53,65,35,53,53,59,26,18,12,29,76,94,59,35,35,53,35,94,59,50,50,65,41,50,97,62,94,32,18,76,29,71,12,12,29,18,18,24,29,Premiership
Aberdeen,841zp0njrq63yv4fvw6lgf60q,4bu2v4f3cdx0hxdxo23q1aoa2,N. Guinness-Walker,Nesta Guinness-Walker,27.0,Defender,England,Defender,69.0,6.0,88.0,8.0,151.0,9.0,4.0,3.0,0.0,3.0,0.0,18.0,18.0,44.0,24.0,0.0,607.0,1.0,3.0,11.0,9.0,7.0,0.0,11.0,0.0,0.0,75.88,36.36,25.0,50.0,33.33,61.97,56.25,46.67,0.116055202064115,0.4297611636023304,3.0,14.0,0.3364388300000001,3.0,16.0,23.0,1.36737323,71.0,10.230642504118617,0.8896210873146623,13.047775947281714,1.186161449752883,22.38879736408567,1.3344316309719937,0.5930807248764415,0.4448105436573311,0.0,0.4448105436573311,0.0,2.668863261943987,2.668863261943987,6.523887973640857,3.558484349258649,0.0,0.1482701812191103,0.4448105436573311,1.6309719934102145,1.3344316309719937,1.037891268533773,0.0,1.6309719934102145,0.0,0.0,75.88,36.36,25.0,50.0,33.33,61.97,56.25,46.67,0.0172075258414668,0.0637207656082532,0.4448105436573311,2.0757825370675453,0.0498838462932454,0.4448105436573311,2.372322899505766,3.4102141680395386,0.2027406766062603,10.527182866556837,LB/LCB,35,79,59,62,53,68,47,35,15,91,26,100,100,100,82,35,47,26,94,100,85,44,100,50,50,18,79,50,50,62,82,53,29,24,53,88,85,82,65,53,59,88,41,6,65,29,35,12,47,29,29,15,76,26,100,100,82,47,35,35,24,88,100,65,44,100,50,50,18,79,50,50,62,82,53,29,24,35,76,82,71,47,41,41,65,18,Premiership
Aberdeen,841zp0njrq63yv4fvw6lgf60q,4w3ipvncxgip8rxi2sf0l971l,K. Nisbet,Kevin Nisbet,29.0,Attacker,Scotland,Striker,19.0,0.0,36.0,1.0,55.0,9.0,3.0,16.0,9.0,7.0,5.0,6.0,6.0,24.0,10.0,3.0,540.0,4.0,23.0,6.0,4.0,3.0,2.0,1.0,0.0,0.0,69.62,20.0,0.0,66.67,25.0,42.86,31.03,60.0,1.5811287386736197,0.1176963069806705,6.0,1.0,0.10805102,0.0,7.0,11.0,0.25959069,34.0,3.1666666666666665,0.0,6.0,0.1666666666666666,9.166666666666666,1.5,0.5,2.6666666666666665,1.5,1.1666666666666667,0.8333333333333334,1.0,1.0,4.0,1.6666666666666667,0.5,0.6666666666666666,3.8333333333333335,1.0,0.6666666666666666,0.5,0.3333333333333333,0.1666666666666666,0.0,0.0,69.62,20.0,0.0,66.67,25.0,42.86,31.03,60.0,0.2635214564456032,0.019616051163445,1.0,0.1666666666666666,0.0180085033333333,0.0,1.1666666666666667,1.8333333333333333,0.043265115,5.666666666666667,ST,48,29,45,45,53,82,35,88,65,97,91,44,41,80,97,86,55,73,52,77,59,91,53,50,52,33,30,29,88,30,70,55,62,70,15,86,17,38,11,79,79,58,85,24,29,21,33,21,61,21,55,21,91,70,30,30,39,82,73,30,36,36,58,48,88,39,50,52,33,30,29,88,30,70,55,62,48,15,76,9,27,11,61,67,45,58,Premiership
Aberdeen,841zp0njrq63yv4fvw6lgf60q,5e2dhux42uepgafp4s16gusph,M. Knoester,Mats Knoester,27.0,Defender,Netherlands,Defender,112.0,1.0,39.0,7.0,150.0,0.0,0.0,0.0,0.0,0.0,0.0,1.0,1.0,9.0,19.0,0.0,304.0,0.0,1.0,3.0,1.0,4.0,0.0,7.0,0.0,0.0,92.59,43.75,100.0,100.0,0.0,52.94,0.0,80.0,0.0,0.0,0.0,0.0,0.0,0.0,0.0,0.0,0.0,0.0,33.1578947368421,0.2960526315789473,11.546052631578949,2.0723684210526314,44.4078947368421,0.0,0.0,0.0,0.0,0.0,0.0,0.2960526315789473,0.2960526315789473,2.664473684210526,5.625,0.0,0.0,0.2960526315789473,0.8881578947368421,0.2960526315789473,1.1842105263157894,0.0,2.0723684210526314,0.0,0.0,92.59,43.75,100.0,100.0,0.0,52.94,0.0,80.0,0.0,0.0,0.0,0.0,0.0,0.0,0.0,0.0,0.0,0.0,CB,5,100,10,10,5,5,14,10,12,43,31,60,55,5,5,40,26,7,57,62,50,45,57,45,52,90,38,100,83,26,5,5,74,7,17,43,10,10,21,5,5,5,5,38,100,33,14,33,5,14,10,12,43,31,71,71,5,19,40,26,14,71,71,90,45,95,45,52,90,38,100,83,26,5,5,74,7,17,43,10,10,21,5,5,5,5,Premiership
Aberdeen,841zp0njrq63yv4fvw6lgf60q,6mzls8dbmhxyhrhtrha733jtg,F. Marshall,Findlay Marshall,20.0,Midfielder,Scotland,Midfielder,19.0,2.0,29.0,2.0,46.0,4.0,4.0,2.0,1.0,1.0,0.0,3.0,3.0,11.0,2.0,0.0,206.0,0.0,5.0,3.0,1.0,3.0,0.0,2.0,0.0,0.0,71.88,33.33,14.29,33.33,0.0,64.71,0.0,100.0,0.1310967150853567,0.5783533801795849,1.0,2.0,0.03870264,1.0,3.0,4.0,0.4111108699999999,22.0,8.300970873786408,0.8737864077669903,12.66990291262136,0.8737864077669903,20.09708737864078,1.7475728155339807,1.7475728155339807,0.8737864077669903,0.4368932038834952,0.4368932038834952,0.0,1.3106796116504855,1.3106796116504855,4.805825242718447,0.8737864077669903,0.0,0.0,2.184466019417476,1.3106796116504855,0.4368932038834952,1.3106796116504855,0.0,0.8737864077669903,0.0,0.0,71.88,33.33,14.29,33.33,0.0,64.71,0.0,100.0,0.0572752638722432,0.252678661243508,0.4368932038834952,0.8737864077669903,0.0169089203883495,0.4368932038834952,1.3106796116504855,1.7475728155339807,0.179611545145631,9.611650485436892,CM/AM,20,53,7,33,7,67,30,17,37,27,17,40,40,33,23,33,17,27,50,30,47,37,63,53,53,27,43,27,27,17,100,13,97,13,60,33,7,7,27,13,13,53,20,20,67,13,53,13,93,60,27,40,40,17,47,47,67,47,33,17,53,87,47,73,37,87,53,53,27,43,27,27,17,100,13,97,20,93,33,13,13,33,13,20,87,33,Premiership
Aberdeen,841zp0njrq63yv4fvw6lgf60q,77flvpigla5xf7spyu6trwo2x,D. Happe,Dan Happe,27.0,Defender,England,Defender,128.0,0.0,54.0,15.0,182.0,20.0,1.0,6.0,6.0,0.0,1.0,0.0,0.0,26.0,39.0,0.0,381.0,2.0,13.0,2.0,0.0,2.0,0.0,5.0,0.0,0.0,83.49,45.45,0.0,0.0,33.33,74.29,86.96,50.0,0.7066236463952368,0.0417157340525691,0.0,0.0,0.0,0.0,12.0,11.0,0.3424372299999999,118.0,30.236220472440944,0.0,12.755905511811024,3.543307086614173,42.99212598425197,4.724409448818897,0.2362204724409448,1.4173228346456692,1.4173228346456692,0.0,0.2362204724409448,0.0,0.0,6.141732283464567,9.21259842519685,0.0,0.4724409448818897,3.070866141732284,0.4724409448818897,0.0,0.4724409448818897,0.0,1.1811023622047243,0.0,0.0,83.49,45.45,0.0,0.0,33.33,74.29,86.96,50.0,0.166918971589426,0.0098541104061186,0.0,0.0,0.0,0.0,2.8346456692913384,2.598425196850393,0.0808906842519684,27.874015748031496,CB,10,50,31,38,14,67,40,90,90,43,74,24,21,50,57,40,90,90,38,26,24,45,38,45,52,24,57,50,26,71,86,100,31,90,33,43,10,10,21,24,17,29,19,29,50,43,76,29,81,52,100,100,43,81,24,21,71,95,40,100,100,48,26,38,45,57,45,52,24,57,50,26,71,86,100,31,100,43,43,10,10,21,43,24,38,38,Premiership
Aberdeen,841zp0njrq63yv4fvw6lgf60q,8a3sqpvhe5l3dcez6r4vvbjhm,A. Aremu,Afeez Aremu,26.0,Midfielder,Nigeria,Midfielder,118.0,1.0,97.0,12.0,214.0,9.0,2.0,4.0,0.0,4.0,0.0,5.0,5.0,43.0,10.0,0.0,498.0,0.0,0.0,8.0,3.0,14.0,0.0,8.0,0.0,0.0,82.63,50.0,33.33,60.0,0.0,58.9,60.0,60.87,0.2096412852736597,0.1233602257774319,4.0,7.0,0.14663896,3.0,23.0,26.0,0.5676271600000001,101.0,21.32530120481928,0.180722891566265,17.53012048192771,2.1686746987951806,38.67469879518072,1.6265060240963856,0.3614457831325301,0.7228915662650602,0.0,0.7228915662650602,0.0,0.9036144578313252,0.9036144578313252,7.771084337349397,1.8072289156626504,0.0,0.0,0.0,1.4457831325301205,0.5421686746987951,2.5301204819277108,0.0,1.4457831325301205,0.0,0.0,82.63,50.0,33.33,60.0,0.0,58.9,60.0,60.87,0.037886979266324,0.0222940167067648,0.7228915662650602,1.2650602409638554,0.0265010168674698,0.5421686746987951,4.156626506024097,4.698795180722891,0.102583221686747,18.25301204819277,DM/CM,67,69,52,70,70,83,13,39,6,72,11,41,37,93,72,41,19,6,72,65,100,46,81,50,52,33,59,83,89,19,85,78,41,22,11,83,54,52,48,56,70,52,56,56,70,30,52,44,74,7,26,6,67,11,37,33,85,56,41,19,6,63,63,93,46,78,50,52,33,59,83,89,19,85,78,41,7,7,85,52,44,41,56,52,48,37,Premiership
Aberdeen,841zp0njrq63yv4fvw6lgf60q,99h9xs07yghgz8erbeysxdec,T. Yogane,Tony Yogane,20.0,Attacker,England,Striker,6.0,0.0,16.0,0.0,22.0,3.0,0.0,3.0,1.0,2.0,2.0,7.0,8.0,18.0,0.0,0.0,208.0,0.0,1.0,7.0,5.0,2.0,0.0,4.0,0.0,0.0,70.97,0.0,0.0,71.43,0.0,64.29,37.5,66.67,0.1687215389838727,0.0,2.0,3.0,0.08671031,4.0,1.0,2.0,0.041926,5.0,2.5961538461538463,0.0,6.923076923076923,0.0,9.51923076923077,1.2980769230769231,0.0,1.2980769230769231,0.4326923076923077,0.8653846153846154,0.8653846153846154,3.028846153846154,3.4615384615384617,7.788461538461539,0.0,0.0,0.0,0.4326923076923077,3.028846153846154,2.1634615384615388,0.8653846153846154,0.0,1.7307692307692308,0.0,0.0,70.97,0.0,0.0,71.43,0.0,64.29,37.5,66.67,0.0730045120603295,0.0,0.8653846153846154,1.2980769230769231,0.0375188841346153,1.7307692307692308,0.4326923076923077,0.8653846153846154,0.0181410576923076,2.1634615384615388,LW,11,11,11,11,11,56,11,11,11,22,22,33,33,33,11,33,11,11,50,50,28,39,89,56,56,33,11,11,100,11,89,67,44,11,11,28,11,11,28,11,11,11,11,11,11,11,11,11,89,11,22,11,67,44,56,56,78,11,33,11,11,56,78,44,39,100,56,56,33,11,11,100,11,89,67,44,11,11,44,22,22,89,11,11,11,11,Premiership
Aberdeen,841zp0njrq63yv4fvw6lgf60q,9coe01drgpmlz3ee9qfond815,L. Mayo,Lewis Mayo,26.0,Defender,Scotland,Defender,132.0,0.0,50.0,11.0,182.0,14.0,0.0,3.0,3.0,0.0,0.0,0.0,0.0,19.0,46.0,1.0,469.0,2.0,4.0,1.0,0.0,2.0,0.0,6.0,0.0,0.0,84.65,40.74,0.0,0.0,66.67,59.38,73.68,50.0,0.4686685365170094,0.0,0.0,1.0,0.01685596,0.0,14.0,13.0,0.32313047,112.0,25.33049040511727,0.0,9.594882729211086,2.11087420042644,34.92537313432836,2.686567164179104,0.0,0.5756929637526652,0.5756929637526652,0.0,0.0,0.0,0.0,3.646055437100213,8.8272921108742,0.1918976545842217,0.3837953091684435,0.767590618336887,0.1918976545842217,0.0,0.3837953091684435,0.0,1.1513859275053304,0.0,0.0,84.65,40.74,0.0,0.0,66.67,59.38,73.68,50.0,0.0899363929350337,0.0,0.0,0.1918976545842217,0.0032346191897654,0.0,2.686567164179104,2.4946695095948828,0.0620079793176972,21.49253731343284,CB,14,50,19,29,14,33,14,67,67,43,31,24,21,14,67,90,90,36,17,26,24,45,45,45,52,38,24,50,26,98,29,62,31,71,17,43,26,19,21,43,24,24,14,10,50,14,19,14,33,14,67,67,43,31,24,21,19,90,100,90,38,19,26,19,45,43,45,52,38,24,50,26,98,29,62,31,76,17,43,29,29,21,38,19,19,14,Premiership
Aberdeen,841zp0njrq63yv4fvw6lgf60q,a3m0uhwp1p0hwv8pultfvuck4,A. Mouloua,Ayoub Mouloua,23.0,Attacker,Morocco,Striker,9.0,0.0,13.0,0.0,22.0,6.0,1.0,4.0,4.0,0.0,0.0,4.0,4.0,19.0,2.0,1.0,201.0,2.0,14.0,6.0,1.0,4.0,0.0,1.0,0.0,0.0,45.83,0.0,0.0,25.0,50.0,44.19,33.33,66.67,0.5526363893225874,0.0,1.0,0.0,0.0,0.0,0.0,0.0,0.0057694799999999,4.0,4.029850746268656,0.0,5.820895522388059,0.0,9.850746268656716,2.686567164179104,0.4477611940298507,1.791044776119403,1.791044776119403,0.0,0.0,1.791044776119403,1.791044776119403,8.507462686567164,0.8955223880597015,0.4477611940298507,0.8955223880597015,6.26865671641791,2.686567164179104,0.4477611940298507,1.791044776119403,0.0,0.4477611940298507,0.0,0.0,45.83,0.0,0.0,25.0,50.0,44.19,33.33,66.67,0.2474491295474271,0.0,0.4477611940298507,0.0,0.0,0.0,0.0,0.0,0.0025833492537312,1.791044776119403,ST,17,29,5,15,6,68,8,8,15,17,8,32,32,58,41,47,29,32,52,26,76,36,53,50,52,3,15,29,29,85,79,59,76,15,5,36,5,5,11,6,6,3,6,36,29,18,15,33,91,15,24,45,17,8,52,52,94,67,67,42,85,88,36,100,36,73,50,52,3,15,29,29,85,79,59,76,42,5,48,5,5,11,6,6,3,9,Premiership
Aberdeen,841zp0njrq63yv4fvw6lgf60q,axnmil0bg1giwhoa31tks7ljp,S. Armstrong,Stuart Armstrong,34.0,Midfielder,Scotland,Midfielder,98.0,8.0,132.0,12.0,222.0,1.0,11.0,3.0,0.0,3.0,0.0,8.0,8.0,17.0,5.0,0.0,381.0,1.0,9.0,6.0,1.0,5.0,0.0,3.0,0.0,0.0,87.06,50.0,28.57,12.5,33.33,45.95,25.0,55.56,0.1899048478207144,1.1719226585679738,2.0,11.0,0.25995725,9.0,32.0,34.0,0.8836439300000002,133.0,23.1496062992126,1.889763779527559,31.18110236220472,2.8346456692913384,52.44094488188976,0.2362204724409448,2.598425196850393,0.7086614173228346,0.0,0.7086614173228346,0.0,1.889763779527559,1.889763779527559,4.015748031496063,1.1811023622047243,0.0,0.2362204724409448,2.125984251968504,1.4173228346456692,0.2362204724409448,1.1811023622047243,0.0,0.7086614173228346,0.0,0.0,87.06,50.0,28.57,12.5,33.33,45.95,25.0,55.56,0.0448594128710349,0.2768321240711749,0.4724409448818897,2.598425196850393,0.0614072244094488,2.125984251968504,7.559055118110236,8.031496062992126,0.2087347866141732,31.41732283464567,CM/AM,100,100,93,80,100,20,93,30,17,63,17,67,60,60,80,33,47,50,93,30,67,37,80,53,53,93,70,67,13,63,53,43,40,20,100,47,90,87,100,100,93,93,100,100,93,93,80,100,20,93,13,17,47,17,67,67,47,73,33,33,40,93,13,47,37,80,53,53,93,70,67,13,63,53,43,40,13,100,40,87,87,100,100,100,100,100,Premiership
Aberdeen,841zp0njrq63yv4fvw6lgf60q,cs5ejx87ge8am8ir8w0lj4wk5,C. Cadden,Chris Cadden,30.0,Defender,Scotland,Defender,87.0,1.0,84.0,5.0,170.0,5.0,0.0,6.0,4.0,2.0,3.0,6.0,9.0,21.0,22.0,0.0,613.0,1.0,12.0,3.0,1.0,6.0,0.0,4.0,0.0,0.0,72.34,23.81,4.35,16.67,16.67,44.68,38.46,50.0,0.5255329058930118,0.0,4.0,5.0,0.102493,1.0,11.0,16.0,0.49782836,71.0,12.773246329526918,0.1468189233278956,12.33278955954323,0.734094616639478,24.95921696574225,0.734094616639478,0.0,0.8809135399673736,0.5872756933115824,0.2936378466557912,0.4404567699836868,0.8809135399673736,1.3213703099510603,3.0831973898858074,3.2300163132137034,0.0,0.1468189233278956,1.7618270799347473,0.4404567699836868,0.1468189233278956,0.8809135399673736,0.0,0.5872756933115824,0.0,0.0,72.34,23.81,4.35,16.67,16.67,44.68,38.46,50.0,0.0771581754165922,0.0,0.5872756933115824,0.734094616639478,0.015047911908646,0.1468189233278956,1.6150081566068517,2.349102773246329,0.073090623817292,10.424143556280589,RB/RCB,57,33,67,20,53,43,7,83,87,77,87,73,80,43,73,53,67,80,33,23,47,43,47,40,53,7,27,27,13,63,20,20,27,87,7,100,40,33,20,20,33,40,53,40,33,27,13,20,27,7,80,87,67,80,53,73,13,60,53,60,67,20,13,20,43,20,40,53,7,27,27,13,63,20,20,27,87,7,100,27,27,13,7,27,20,20,Premiership
Aberdeen,841zp0njrq63yv4fvw6lgf60q,ehv4rise2fx4u1wepwtwllb6x,C. Ronan,Connor Ronan,28.0,Midfielder,Republic of Ireland,Midfielder,68.0,7.0,71.0,14.0,132.0,2.0,7.0,4.0,1.0,3.0,2.0,2.0,2.0,11.0,4.0,1.0,342.0,1.0,8.0,2.0,1.0,3.0,1.0,1.0,0.0,0.0,81.99,53.85,23.33,50.0,25.0,35.48,33.33,50.0,0.221058359516246,0.7359126575261837,3.0,4.0,0.10346649,0.0,17.0,17.0,0.35973873,69.0,17.894736842105264,1.842105263157895,18.68421052631579,3.68421052631579,34.73684210526316,0.5263157894736842,1.842105263157895,1.0526315789473684,0.2631578947368421,0.7894736842105263,0.5263157894736842,0.5263157894736842,0.5263157894736842,2.894736842105264,1.0526315789473684,0.2631578947368421,0.2631578947368421,2.1052631578947367,0.5263157894736842,0.2631578947368421,0.7894736842105263,0.2631578947368421,0.2631578947368421,0.0,0.0,81.99,53.85,23.33,50.0,25.0,35.48,33.33,50.0,0.0581732525042752,0.1936612256647852,0.7894736842105263,1.0526315789473684,0.0272280236842105,0.0,4.473684210526316,4.473684210526316,0.0946680868421052,18.157894736842103,CM/AM,93,93,60,90,80,33,60,40,37,63,57,20,20,33,57,73,47,40,33,30,47,87,30,53,53,67,80,47,67,50,20,57,23,33,87,67,50,47,10,80,67,47,80,93,87,80,93,87,33,67,40,33,60,53,13,13,27,60,80,40,33,33,20,40,93,20,53,53,67,80,47,67,50,20,57,23,27,67,73,27,40,10,80,73,40,80,Premiership
Aberdeen,841zp0njrq63yv4fvw6lgf60q,eosd8dmfqtaol3dnkypyswn3d,T. Olusanya,Toyosi Olusanya,28.0,Attacker,England,Striker,8.0,2.0,38.0,0.0,44.0,4.0,8.0,4.0,4.0,0.0,2.0,10.0,10.0,24.0,1.0,0.0,503.0,0.0,23.0,12.0,2.0,5.0,0.0,0.0,0.0,0.0,75.86,0.0,66.67,20.0,0.0,29.63,18.18,83.33,0.3863448164809235,0.5939145961299999,0.0,7.0,0.24358033,3.0,1.0,2.0,0.20486516,11.0,1.4314115308151094,0.3578528827037773,6.79920477137177,0.0,7.872763419483101,0.7157057654075547,1.4314115308151094,0.7157057654075547,0.7157057654075547,0.0,0.3578528827037773,1.7892644135188869,1.7892644135188869,4.294234592445329,0.1789264413518886,0.0,0.0,4.11530815109344,2.1471172962226643,0.3578528827037773,0.8946322067594434,0.0,0.0,0.0,0.0,75.86,0.0,66.67,20.0,0.0,29.63,18.18,83.33,0.0691273031476801,0.106267025152485,0.0,1.252485089463221,0.0435829616302186,0.5367793240556661,0.1789264413518886,0.3578528827037773,0.0366557940357852,1.968190854870776,ST,11,82,52,15,33,45,86,8,15,17,36,79,77,80,23,15,5,73,92,44,89,36,20,50,52,68,15,97,21,5,21,24,94,6,79,12,71,76,73,21,23,48,32,3,76,36,15,9,30,64,3,3,17,24,48,48,48,15,15,5,45,79,30,79,36,20,50,52,68,15,97,21,5,21,24,94,3,64,12,55,58,64,15,15,36,12,Premiership
Celtic,dvnjvad3p09dugr79gktlrtll,2r893xoeuqhgoe2w2auhqb696,K. Høgh,Kasper Høgh,25.0,Attacker,Denmark,Striker,25.0,0.0,18.0,3.0,43.0,9.0,5.0,14.0,14.0,0.0,2.0,1.0,1.0,14.0,3.0,3.0,303.0,6.0,27.0,3.0,1.0,0.0,0.0,1.0,0.0,0.0,65.15,75.0,0.0,100.0,42.86,41.18,56.25,0.0,1.7722646282897048,0.4114844140142476,0.0,1.0,0.10805102,1.0,2.0,0.0,0.04070651,11.0,7.425742574257426,0.0,5.346534653465347,0.8910891089108911,12.772277227722771,2.6732673267326734,1.4851485148514851,4.158415841584159,4.158415841584159,0.0,0.594059405940594,0.297029702970297,0.297029702970297,4.158415841584159,0.8910891089108911,0.8910891089108911,1.7821782178217822,8.01980198019802,0.8910891089108911,0.297029702970297,0.0,0.0,0.297029702970297,0.0,0.0,65.15,75.0,0.0,100.0,42.86,41.18,56.25,0.0,0.5264152361256549,0.1222230932715587,0.0,0.297029702970297,0.0320943623762376,0.297029702970297,0.594059405940594,0.0,0.0120910425742574,3.267326732673267,ST,74,29,18,71,30,82,55,74,86,17,36,8,6,33,55,86,74,86,27,26,11,36,53,50,52,18,91,29,98,62,62,97,11,82,58,12,17,38,33,38,6,12,32,85,29,12,85,45,88,67,94,100,17,48,9,6,45,64,100,94,94,30,27,11,36,64,50,52,18,91,29,98,62,62,97,11,97,73,12,12,42,36,42,6,12,39,Premiership
Celtic,dvnjvad3p09dugr79gktlrtll,3bvr4z5z4cyb8fadfwtgxrx0p,A. Trusty,Auston Trusty,28.0,Defender,USA,Defender,308.0,0.0,178.0,17.0,486.0,22.0,1.0,1.0,1.0,0.0,0.0,0.0,1.0,29.0,32.0,0.0,560.0,0.0,3.0,2.0,0.0,4.0,0.0,3.0,2.0,0.0,93.1,54.84,0.0,0.0,0.0,54.72,64.71,80.0,0.1574396175274313,0.0,0.0,7.0,0.14651783,5.0,42.0,43.0,0.75981106,311.0,49.5,0.0,28.607142857142858,2.732142857142857,78.10714285714286,3.5357142857142856,0.1607142857142857,0.1607142857142857,0.1607142857142857,0.0,0.0,0.0,0.1607142857142857,4.660714285714286,5.142857142857142,0.0,0.0,0.4821428571428571,0.3214285714285714,0.0,0.6428571428571428,0.0,0.4821428571428571,0.3214285714285714,0.0,93.1,54.84,0.0,0.0,0.0,54.72,64.71,80.0,0.0253027956740514,0.0,0.0,1.125,0.0235475083928571,0.8035714285714286,6.75,6.910714285714286,0.1221124917857142,49.98214285714285,CB,86,50,100,52,95,71,40,24,31,43,31,24,55,60,43,40,26,24,38,26,50,45,14,100,52,100,90,50,26,26,14,38,74,33,17,43,81,81,100,95,95,86,90,76,50,100,43,95,52,43,24,33,43,31,24,52,38,14,40,26,24,33,26,48,45,14,100,52,100,90,50,26,26,14,38,74,33,17,43,81,81,95,100,100,86,81,Premiership
Celtic,dvnjvad3p09dugr79gktlrtll,5uqf7a0y0fd1hf2rrmgx11tuy,B. Nygren,Benjamin Nygren,25.0,Attacker,Sweden,Striker,60.0,4.0,148.0,5.0,204.0,5.0,21.0,17.0,14.0,3.0,5.0,9.0,9.0,22.0,2.0,3.0,486.0,7.0,27.0,8.0,4.0,4.0,3.0,2.0,0.0,0.0,86.08,55.56,30.77,44.44,41.18,42.31,38.46,66.67,2.007961716546342,1.704354166669651,3.0,23.0,0.65088426,12.0,22.0,28.0,0.8890200499999996,98.0,11.11111111111111,0.7407407407407407,27.407407407407405,0.9259259259259258,37.77777777777778,0.9259259259259258,3.888888888888889,3.148148148148148,2.592592592592593,0.5555555555555555,0.9259259259259258,1.6666666666666663,1.6666666666666663,4.0740740740740735,0.3703703703703703,0.5555555555555555,1.2962962962962965,5.0,1.4814814814814814,0.7407407407407407,0.7407407407407407,0.5555555555555555,0.3703703703703703,0.0,0.0,86.08,55.56,30.77,44.44,41.18,42.31,38.46,66.67,0.3718447623233967,0.3156211419758613,0.5555555555555555,4.259259259259259,0.1205341222222222,2.222222222222222,4.0740740740740735,5.185185185185185,0.1646333425925925,18.148148148148145,ST,100,89,100,95,100,56,100,94,86,76,91,68,64,70,41,86,88,86,74,77,76,98,73,50,52,91,79,85,64,58,67,67,76,85,100,70,100,100,100,100,100,97,100,100,88,100,88,100,45,100,67,73,67,79,45,42,42,30,79,82,58,64,73,58,97,70,50,52,91,79,85,64,58,67,67,76,70,100,55,100,100,100,100,100,97,100,Premiership
Celtic,dvnjvad3p09dugr79gktlrtll,7kyxr0ntcthtbohvozw93v52i,Haissem Hassan,Haissem Yousry Fouad Hassan,24.0,Attacker,Egypt,Striker,28.0,7.0,75.0,10.0,96.0,3.0,8.0,10.0,7.0,3.0,0.0,19.0,22.0,19.0,2.0,0.0,303.0,5.0,22.0,4.0,10.0,1.0,1.0,1.0,0.0,0.0,78.05,66.67,17.95,52.63,50.0,50.0,75.0,50.0,0.743527490407851,1.04301755609656,5.0,38.0,1.1479328199999996,4.0,5.0,16.0,1.3099112300000002,27.0,8.316831683168317,2.07920792079208,22.27722772277228,2.9702970297029703,28.514851485148515,0.8910891089108911,2.376237623762376,2.9702970297029703,2.07920792079208,0.8910891089108911,0.0,5.643564356435643,6.534653465346534,5.643564356435643,0.594059405940594,0.0,1.4851485148514851,6.534653465346534,1.188118811881188,2.9702970297029703,0.297029702970297,0.297029702970297,0.297029702970297,0.0,0.0,78.05,66.67,17.95,52.63,50.0,50.0,75.0,50.0,0.2208497496260943,0.3098071948801663,1.4851485148514851,11.287128712871286,0.3409701445544553,1.188118811881188,1.4851485148514851,4.752475247524752,0.3890825435643565,8.01980198019802,RW,43,86,57,100,57,57,57,29,57,50,14,100,100,36,64,29,86,57,29,100,29,50,29,57,57,29,79,43,86,100,86,93,57,29,86,50,100,100,71,50,86,100,29,57,86,100,86,71,57,57,86,57,57,14,100,100,71,71,29,100,86,43,100,29,57,29,57,57,29,79,43,86,100,86,93,57,57,86,71,100,100,57,57,100,100,43,Premiership
Celtic,dvnjvad3p09dugr79gktlrtll,8byxqwq7ktyxn5rfbj4p0m0o9,L. Scales,Liam Scales,28.0,Defender,Republic of Ireland,Defender,145.0,2.0,153.0,11.0,296.0,14.0,6.0,7.0,5.0,2.0,2.0,3.0,3.0,27.0,20.0,1.0,446.0,2.0,9.0,6.0,2.0,2.0,0.0,6.0,0.0,0.0,87.32,36.67,33.33,66.67,28.57,61.36,58.33,40.0,0.817439965272617,0.5502937154049099,1.0,6.0,0.1332799499999999,1.0,29.0,39.0,1.0964080999999994,167.0,29.26008968609865,0.4035874439461883,30.87443946188341,2.219730941704036,59.73094170403587,2.825112107623318,1.210762331838565,1.412556053811659,1.0089686098654709,0.4035874439461883,0.4035874439461883,0.6053811659192825,0.6053811659192825,5.448430493273542,4.035874439461884,0.2017937219730941,0.4035874439461883,1.816143497757848,1.210762331838565,0.4035874439461883,0.4035874439461883,0.0,1.210762331838565,0.0,0.0,87.32,36.67,33.33,66.67,28.57,61.36,58.33,40.0,0.1649542530819182,0.1110458170099594,0.2017937219730941,1.210762331838565,0.0268950571748878,0.2017937219730941,5.852017937219731,7.869955156950672,0.2212482713004483,33.699551569506724,LB/LCB,88,38,100,79,100,91,65,88,91,68,88,41,38,74,62,85,71,65,74,56,24,44,76,50,50,100,88,76,79,53,76,59,18,94,65,47,62,59,26,100,100,71,94,88,41,100,71,100,88,71,82,82,65,88,41,35,71,59,88,71,59,76,59,24,44,76,50,50,100,88,76,79,53,76,59,18,88,65,41,59,47,24,88,94,82,94,Premiership
Celtic,dvnjvad3p09dugr79gktlrtll,8i5ee4fmkqhl1rcuo31qomxud,K. Tierney,Kieran Tierney,29.0,Defender,Scotland,Defender,101.0,8.0,100.0,11.0,193.0,3.0,10.0,7.0,5.0,2.0,2.0,1.0,1.0,11.0,11.0,0.0,317.0,4.0,10.0,1.0,1.0,4.0,2.0,3.0,0.0,0.0,85.4,50.0,34.78,100.0,57.14,55.0,50.0,66.67,0.6959494439349383,1.1908527488495513,1.0,8.0,0.23796398,3.0,22.0,25.0,1.67608323,93.0,28.67507886435332,2.271293375394322,28.391167192429023,3.123028391167193,54.79495268138801,0.8517350157728707,2.8391167192429023,1.987381703470032,1.4195583596214512,0.5678233438485805,0.5678233438485805,0.2839116719242902,0.2839116719242902,3.123028391167193,3.123028391167193,0.0,1.135646687697161,2.8391167192429023,0.2839116719242902,0.2839116719242902,1.135646687697161,0.5678233438485805,0.8517350157728707,0.0,0.0,85.4,50.0,34.78,100.0,57.14,55.0,50.0,66.67,0.1975881702023484,0.3380969949415129,0.2839116719242902,2.271293375394322,0.0675607514195583,0.8517350157728707,6.246056782334385,7.097791798107256,0.4758595921135646,26.40378548895899,LB/LCB,76,88,79,79,71,18,94,88,91,68,88,15,9,12,26,35,94,76,15,35,53,100,41,50,50,88,100,82,97,85,59,32,68,88,94,47,74,76,65,88,76,100,82,82,100,94,100,94,24,94,94,94,82,94,6,6,18,35,35,94,94,12,41,71,100,47,50,50,88,100,82,97,85,59,32,68,100,100,53,88,88,82,94,88,100,88,Premiership
Celtic,dvnjvad3p09dugr79gktlrtll,bw54pvr1y4oqojpg8h1oj302c,C. Donovan,Colby Donovan,20.0,Defender,Scotland,Defender,135.0,5.0,135.0,14.0,265.0,11.0,2.0,3.0,1.0,2.0,1.0,6.0,7.0,33.0,15.0,0.0,499.0,1.0,7.0,1.0,5.0,12.0,0.0,9.0,0.0,0.0,86.04,53.85,31.25,83.33,33.33,62.26,61.11,75.0,0.3223740965171613,0.223694323300477,2.0,15.0,0.38787651,4.0,29.0,35.0,0.9456956,136.0,24.34869739478958,0.9018036072144288,24.34869739478958,2.5250501002004007,47.79559118236473,1.983967935871744,0.3607214428857715,0.5410821643286573,0.1803607214428857,0.3607214428857715,0.1803607214428857,1.0821643286573146,1.2625250501002003,5.95190380761523,2.705410821643287,0.0,0.1803607214428857,1.2625250501002003,0.1803607214428857,0.9018036072144288,2.164328657314629,0.0,1.623246492985972,0.0,0.0,86.04,53.85,31.25,83.33,33.33,62.26,61.11,75.0,0.0581436246223337,0.0403456695331521,0.3607214428857715,2.705410821643287,0.0699576871743487,0.7214428857715431,5.230460921843688,6.312625250501002,0.1705663406813627,24.529058116232463,RB/RCB,73,73,80,73,87,77,37,57,33,77,50,73,70,73,40,53,67,53,7,87,93,43,70,40,53,93,87,73,87,83,60,67,90,67,40,80,80,87,70,93,100,73,93,87,53,93,67,93,80,40,53,33,73,47,73,67,60,33,53,73,47,7,80,87,43,80,40,53,93,87,73,87,83,60,67,90,73,33,80,80,93,67,93,93,80,93,Premiership
Celtic,dvnjvad3p09dugr79gktlrtll,c4dvhy1z0op9iwj9aqdgzh0q1,C. Carter-Vickers,Cameron Carter-Vickers,28.0,Defender,USA,Defender,309.0,0.0,141.0,18.0,450.0,34.0,2.0,2.0,0.0,2.0,0.0,0.0,0.0,53.0,40.0,0.0,540.0,0.0,1.0,8.0,0.0,9.0,0.0,6.0,0.0,0.0,89.29,50.0,0.0,0.0,0.0,76.81,82.93,81.82,0.1153809490197149,0.1499338414956103,2.0,3.0,0.0562173,3.0,25.0,33.0,0.6350379899999994,313.0,51.5,0.0,23.5,3.0,75.0,5.666666666666667,0.3333333333333333,0.3333333333333333,0.0,0.3333333333333333,0.0,0.0,0.0,8.833333333333334,6.666666666666667,0.0,0.0,0.1666666666666666,1.3333333333333333,0.0,1.5,0.0,1.0,0.0,0.0,89.29,50.0,0.0,0.0,0.0,76.81,82.93,81.82,0.0192301581699524,0.0249889735826017,0.3333333333333333,0.5,0.0093695499999999,0.5,4.166666666666667,5.5,0.1058396649999999,52.16666666666666,CB,93,50,90,62,86,86,64,45,12,100,31,24,21,90,62,40,26,7,95,26,100,45,45,45,52,67,79,50,26,26,95,90,81,24,71,100,55,45,76,86,86,76,95,81,50,90,52,81,95,62,38,12,100,31,24,21,100,43,40,26,5,95,26,95,45,38,45,52,67,79,50,26,26,95,90,81,24,62,100,52,52,83,76,86,62,90,Premiership
Celtic,dvnjvad3p09dugr79gktlrtll,clj0vy9st6zmjavz5yf8dbac4,C. Durán,Camilo Durán,24.0,Attacker,Colombia,Striker,21.0,0.0,63.0,1.0,84.0,3.0,7.0,20.0,18.0,2.0,4.0,10.0,10.0,19.0,1.0,3.0,458.0,10.0,33.0,10.0,3.0,3.0,3.0,0.0,0.0,0.0,80.77,50.0,0.0,30.0,50.0,47.5,50.0,75.0,2.23723151290832,0.6462813932409817,7.0,9.0,0.26417783,4.0,5.0,13.0,0.6511180699999998,32.0,4.1266375545851535,0.0,12.37991266375546,0.1965065502183406,16.506550218340614,0.5895196506550219,1.3755458515283845,3.930131004366813,3.537117903930131,0.3930131004366812,0.7860262008733625,1.9650655021834065,1.9650655021834065,3.733624454148472,0.1965065502183406,0.5895196506550219,1.9650655021834065,6.4847161572052405,1.9650655021834065,0.5895196506550219,0.5895196506550219,0.5895196506550219,0.0,0.0,0.0,80.77,50.0,0.0,30.0,50.0,47.5,50.0,75.0,0.4396306466413729,0.1269985270560881,1.3755458515283845,1.7685589519650655,0.0519126740174672,0.7860262008733625,0.9825327510917032,2.554585152838428,0.1279489657205239,6.2882096069869,ST,55,29,85,45,85,32,76,97,97,58,80,79,77,58,23,86,100,91,88,64,59,98,20,50,52,82,70,29,45,85,94,91,83,94,88,92,80,82,83,61,83,94,80,39,29,76,36,61,24,61,91,91,52,67,58,55,30,18,82,100,88,76,48,52,100,20,50,52,82,70,29,45,85,94,91,83,85,76,91,73,82,79,55,82,88,67,Premiership
Celtic,dvnjvad3p09dugr79gktlrtll,cx59kxpqiabi3c5vl9mxvlyhh,C. McGregor,Callum McGregor,33.0,Midfielder,Scotland,Midfielder,189.0,0.0,206.0,3.0,395.0,4.0,3.0,9.0,3.0,6.0,4.0,6.0,6.0,26.0,8.0,0.0,540.0,1.0,8.0,4.0,3.0,10.0,0.0,10.0,0.0,0.0,91.44,27.27,0.0,50.0,11.11,54.17,44.44,66.67,0.8006182071165775,0.1525379008495983,5.0,12.0,0.23954562,4.0,37.0,26.0,0.6149152199999999,221.0,31.5,0.0,34.333333333333336,0.5,65.83333333333333,0.6666666666666666,0.5,1.5,0.5,1.0,0.6666666666666666,1.0,1.0,4.333333333333333,1.3333333333333333,0.0,0.1666666666666666,1.3333333333333333,0.6666666666666666,0.5,1.6666666666666667,0.0,1.6666666666666667,0.0,0.0,91.44,27.27,0.0,50.0,11.11,54.17,44.44,66.67,0.1334363678527629,0.025422983474933,0.8333333333333334,2.0,0.03992427,0.6666666666666666,6.166666666666667,4.333333333333333,0.1024858699999999,36.833333333333336,DM/CM,94,30,96,17,96,37,30,91,67,93,96,52,48,56,50,41,54,74,30,65,74,46,89,50,52,93,11,30,72,37,74,39,57,96,22,94,78,74,57,89,70,63,93,89,30,93,7,93,26,19,81,52,89,81,41,37,33,33,41,43,56,19,56,52,46,85,50,52,93,11,30,72,37,74,39,57,78,11,89,78,70,48,89,41,44,96,Premiership
Celtic,dvnjvad3p09dugr79gktlrtll,jko3tgda9h65vcc014uof42y,M. Baur,Mika Baur,22.0,Midfielder,Germany,Midfielder,57.0,5.0,139.0,10.0,191.0,4.0,9.0,3.0,2.0,1.0,0.0,6.0,6.0,24.0,8.0,1.0,370.0,3.0,7.0,4.0,1.0,7.0,0.0,4.0,0.0,0.0,88.84,62.5,21.74,16.67,100.0,51.06,36.36,46.67,0.3405424332025862,0.8609872417924294,1.0,13.0,0.28898385,6.0,28.0,29.0,1.0965140799999995,100.0,13.864864864864868,1.2162162162162162,33.810810810810814,2.4324324324324325,46.45945945945947,0.972972972972973,2.189189189189189,0.7297297297297298,0.4864864864864865,0.2432432432432432,0.0,1.4594594594594597,1.4594594594594597,5.837837837837839,1.945945945945946,0.2432432432432432,0.7297297297297298,1.7027027027027029,0.972972972972973,0.2432432432432432,1.7027027027027029,0.0,0.972972972972973,0.0,0.0,88.84,62.5,21.74,16.67,100.0,51.06,36.36,46.67,0.0828346459141426,0.209429329084645,0.2432432432432432,3.1621621621621623,0.0702933689189189,1.4594594594594597,6.810810810810811,7.054054054054054,0.266719641081081,24.324324324324326,LM/LCM,75,100,100,75,100,62,88,38,38,38,25,25,25,50,75,75,100,38,62,25,62,38,75,62,62,100,75,100,25,100,25,25,25,50,75,25,100,75,100,100,100,100,100,100,100,100,75,100,50,100,50,50,50,25,25,25,50,75,75,75,50,50,25,50,38,75,62,62,100,75,100,25,100,25,25,25,50,100,25,75,75,75,100,100,100,100,Premiership
Celtic,dvnjvad3p09dugr79gktlrtll,mvn1u3p4yeecbjobvsuontp0,Yang Hyun-Jun,Hyun-Jun Yang,24.0,Attacker,Korea Republic,Striker,50.0,1.0,135.0,5.0,184.0,3.0,8.0,14.0,11.0,3.0,4.0,25.0,27.0,35.0,4.0,2.0,377.0,5.0,27.0,5.0,13.0,10.0,0.0,2.0,0.0,0.0,85.98,83.33,20.0,52.0,35.71,46.05,30.0,71.43,1.9818745029635896,0.6348588309937631,7.0,22.0,0.67460943,12.0,14.0,17.0,0.7463505,61.0,11.93633952254642,0.2387267904509283,32.22811671087533,1.1936339522546418,43.92572944297082,0.7161803713527851,1.909814323607427,3.342175066312997,2.625994694960212,0.7161803713527851,0.9549071618037136,5.968169761273209,6.445623342175066,8.355437665782492,0.9549071618037136,0.4774535809018567,1.1936339522546418,6.445623342175066,1.1936339522546418,3.103448275862069,2.3872679045092835,0.0,0.4774535809018567,0.0,0.0,85.98,83.33,20.0,52.0,35.71,46.05,30.0,71.43,0.4731265391690266,0.1515578111125694,1.6710875331564985,5.251989389920424,0.1610473440318302,2.8647214854111405,3.342175066312997,4.058355437665782,0.1781738594164456,14.562334217506631,LW,89,33,100,78,100,56,44,78,89,61,61,100,100,78,61,94,94,72,33,100,100,39,67,56,56,100,100,56,44,78,44,56,72,89,44,78,78,78,100,100,89,67,89,100,44,100,89,100,56,44,78,100,56,56,100,100,100,56,100,100,89,33,100,100,39,78,56,56,100,100,56,44,78,44,56,72,100,44,78,89,89,100,100,89,67,89,Premiership
Dundee,g7em7tpuicehjy3wmsbimsee,19n65zzzqrvxdjkxv7hv61kyy,F. Robertson,Finlay Robertson,23.0,Midfielder,Scotland,Midfielder,31.0,6.0,40.0,3.0,65.0,3.0,5.0,0.0,0.0,0.0,0.0,3.0,3.0,14.0,2.0,0.0,230.0,0.0,5.0,1.0,2.0,6.0,0.0,0.0,0.0,0.0,69.89,30.0,33.33,66.67,0.0,51.85,33.33,75.0,0.0,0.5343969084945023,0.0,3.0,0.06561791,1.0,5.0,5.0,0.16262193,29.0,12.130434782608695,2.347826086956522,15.65217391304348,1.173913043478261,25.434782608695656,1.173913043478261,1.956521739130435,0.0,0.0,0.0,0.0,1.173913043478261,1.173913043478261,5.478260869565218,0.782608695652174,0.0,0.0,1.956521739130435,0.391304347826087,0.782608695652174,2.347826086956522,0.0,0.0,0.0,0.0,69.89,30.0,33.33,66.67,0.0,51.85,33.33,75.0,0.0,0.2091118337587183,0.0,1.173913043478261,0.0256765734782608,0.391304347826087,1.956521739130435,1.956521739130435,0.0636346682608695,11.347826086956523,CM/AM,47,87,20,53,27,50,47,7,17,13,17,40,40,53,23,33,17,27,20,53,80,37,7,53,53,13,33,77,87,17,93,57,73,7,40,17,27,27,27,23,20,20,37,80,100,33,60,47,67,73,7,17,13,17,40,40,87,33,33,17,27,20,60,100,37,7,53,53,13,33,77,87,17,93,57,73,7,80,17,33,33,20,40,27,27,60,Premiership
Dundee,g7em7tpuicehjy3wmsbimsee,23s9kwgzvgh27d393ymk0006h,R. Astley,Ryan Astley,24.0,Defender,Wales,Defender,154.0,1.0,70.0,21.0,223.0,27.0,4.0,3.0,3.0,0.0,1.0,1.0,1.0,41.0,59.0,0.0,630.0,1.0,9.0,5.0,0.0,6.0,1.0,12.0,2.0,0.0,79.93,36.84,33.33,0.0,33.33,65.08,64.29,66.67,0.3995960085474282,0.4668580543187894,0.0,0.0,0.0,0.0,16.0,27.0,0.4382387199999999,126.0,22.0,0.1428571428571428,10.0,3.0,31.857142857142858,3.857142857142857,0.5714285714285714,0.4285714285714285,0.4285714285714285,0.0,0.1428571428571428,0.1428571428571428,0.1428571428571428,5.857142857142857,8.428571428571429,0.0,0.1428571428571428,1.2857142857142858,0.7142857142857143,0.0,0.8571428571428571,0.1428571428571428,1.7142857142857142,0.2857142857142857,0.0,79.93,36.84,33.33,0.0,33.33,65.08,64.29,66.67,0.057085144078204,0.066694007759827,0.0,0.0,0.0,0.0,2.2857142857142856,3.857142857142857,0.0626055314285714,18.0,RB/RCB,87,33,40,93,73,93,63,57,77,23,50,7,7,87,100,53,67,70,70,7,47,90,97,100,53,60,50,80,7,83,80,87,63,73,67,23,7,7,7,53,87,27,80,73,27,13,80,47,93,50,47,73,23,30,7,7,53,93,53,53,53,47,7,13,87,87,100,53,60,50,80,7,83,80,87,63,67,53,23,7,7,7,33,53,13,67,Premiership
Dundee,g7em7tpuicehjy3wmsbimsee,2ezi9zjj3pmt475woji11gi51,D. Wright,Drey Wright,31.0,Midfielder,England,Midfielder,71.0,2.0,55.0,10.0,124.0,11.0,3.0,3.0,2.0,1.0,2.0,5.0,6.0,29.0,21.0,1.0,547.0,1.0,3.0,10.0,0.0,5.0,0.0,7.0,0.0,0.0,68.89,32.26,22.22,0.0,33.33,61.7,91.67,62.5,0.2421636490647913,0.2995768089358405,1.0,6.0,0.1445659399999999,4.0,13.0,16.0,0.6863334300000001,66.0,11.681901279707496,0.3290676416819013,9.049360146252283,1.6453382084095065,20.40219378427788,1.809872029250457,0.4936014625228519,0.4936014625228519,0.3290676416819013,0.1645338208409506,0.3290676416819013,0.8226691042047533,0.9872029250457038,4.7714808043875685,3.4552102376599634,0.1645338208409506,0.1645338208409506,0.4936014625228519,1.6453382084095065,0.0,0.8226691042047533,0.0,1.1517367458866543,0.0,0.0,68.89,32.26,22.22,0.0,33.33,61.7,91.67,62.5,0.0398441104494172,0.0492905170095532,0.1645338208409506,0.9872029250457038,0.0237859864716636,0.6581352833638026,2.1389396709323583,2.6325411334552102,0.1129250616087751,10.859232175502743,RM/RCM,67,58,67,67,67,83,33,50,42,67,67,33,33,83,83,75,67,25,100,25,67,42,100,58,58,50,50,67,25,83,83,100,33,33,33,67,33,33,75,83,83,67,67,67,50,33,67,50,83,33,33,17,33,33,33,33,50,83,50,50,17,100,25,50,42,100,58,58,50,50,67,25,83,83,100,33,33,33,50,33,33,50,67,50,50,50,Premiership
Dundee,g7em7tpuicehjy3wmsbimsee,2nxbbsjijt194xd9g1lkowqhg,J. Westley,Joe Westley,21.0,Attacker,England,Striker,27.0,0.0,28.0,0.0,55.0,13.0,1.0,16.0,14.0,2.0,3.0,4.0,4.0,18.0,11.0,3.0,536.0,7.0,21.0,5.0,1.0,0.0,0.0,1.0,0.0,0.0,71.43,0.0,0.0,25.0,43.75,26.87,27.08,0.0,2.120335529238257,0.101960143325685,1.0,2.0,0.04984922,1.0,2.0,3.0,0.15432705,17.0,4.533582089552239,0.0,4.701492537313433,0.0,9.235074626865671,2.1828358208955225,0.167910447761194,2.686567164179104,2.3507462686567164,0.335820895522388,0.503731343283582,0.6716417910447761,0.6716417910447761,3.0223880597014925,1.8470149253731345,0.503731343283582,1.1753731343283582,3.526119402985074,0.8395522388059701,0.167910447761194,0.0,0.0,0.167910447761194,0.0,0.0,71.43,0.0,0.0,25.0,43.75,26.87,27.08,0.0,0.356026488118364,0.0171201733196112,0.167910447761194,0.335820895522388,0.0083702048507462,0.167910447761194,0.335820895522388,0.503731343283582,0.0259131240671641,2.8544776119402986,ST,79,29,30,15,53,89,8,88,86,58,61,32,32,52,100,86,88,64,45,26,11,36,53,50,52,36,15,29,29,68,9,48,11,88,12,36,30,24,33,38,32,39,47,52,29,6,15,24,76,3,58,64,45,36,18,15,24,94,76,73,27,27,21,11,36,42,50,52,36,15,29,29,68,9,48,11,64,12,30,15,15,21,21,24,21,27,Premiership
Dundee,g7em7tpuicehjy3wmsbimsee,45q4thlqd0d9hu4bb8us2ol0q,I. Odutayo,Idris Odutayo,23.0,Defender,England,Defender,76.0,0.0,46.0,3.0,122.0,14.0,1.0,0.0,0.0,0.0,0.0,2.0,2.0,21.0,31.0,0.0,454.0,0.0,0.0,5.0,1.0,1.0,0.0,8.0,0.0,0.0,70.11,10.71,0.0,50.0,0.0,53.85,56.0,100.0,0.0,0.0460079633344151,0.0,0.0,0.0,2.0,7.0,12.0,0.2513297,65.0,15.066079295154186,0.0,9.118942731277532,0.5947136563876653,24.18502202643172,2.775330396475771,0.198237885462555,0.0,0.0,0.0,0.0,0.3964757709251101,0.3964757709251101,4.1629955947136565,6.145374449339207,0.0,0.0,0.0,0.9911894273127754,0.198237885462555,0.198237885462555,0.0,1.5859030837004406,0.0,0.0,70.11,10.71,0.0,50.0,0.0,53.85,56.0,100.0,0.0,0.0091205213658532,0.0,0.0,0.0,0.3964757709251101,1.3876651982378856,2.378854625550661,0.0498230682819383,12.88546255506608,LB/LCB,47,9,18,15,18,91,18,12,15,18,26,29,24,44,88,35,18,9,65,35,12,44,85,50,50,6,6,9,50,18,53,47,100,12,18,18,12,12,47,24,24,24,29,35,9,6,18,18,82,18,12,15,18,26,24,18,41,82,35,18,9,53,29,12,44,94,50,50,6,6,9,50,18,53,47,100,12,18,18,12,12,35,24,24,12,35,Premiership
Dundee,g7em7tpuicehjy3wmsbimsee,4obzlvdnr5rtqv8x3yw19hxt6,C. Reilly,Charlie Reilly,24.0,Attacker,Scotland,Striker,12.0,4.0,27.0,2.0,35.0,3.0,4.0,9.0,6.0,3.0,3.0,3.0,3.0,17.0,5.0,1.0,247.0,1.0,9.0,9.0,2.0,2.0,0.0,1.0,0.0,0.0,70.0,50.0,21.05,66.67,11.11,73.91,0.0,50.0,0.7838682735691894,0.3375294811989862,0.0,4.0,0.12646915,0.0,6.0,5.0,0.17472218,15.0,4.372469635627531,1.45748987854251,9.838056680161944,0.728744939271255,12.753036437246964,1.0931174089068827,1.45748987854251,3.279352226720648,2.1862348178137654,1.0931174089068827,1.0931174089068827,1.0931174089068827,1.0931174089068827,6.194331983805668,1.8218623481781373,0.3643724696356275,0.3643724696356275,3.279352226720648,3.279352226720648,0.728744939271255,0.728744939271255,0.0,0.3643724696356275,0.0,0.0,70.0,50.0,21.05,66.67,11.11,73.91,0.0,50.0,0.2856200187094212,0.1229864506393067,0.0,1.45748987854251,0.0460818765182186,0.0,2.1862348178137654,1.8218623481781373,0.0636639522267206,5.465587044534413,LW,22,83,22,33,22,56,33,56,56,61,44,17,11,11,78,72,28,22,67,28,28,39,33,56,56,17,67,67,72,22,100,11,22,56,22,11,22,22,11,50,22,22,22,33,89,22,56,22,78,33,67,67,78,67,22,11,44,100,78,33,44,78,33,33,39,44,56,56,17,67,67,72,22,100,11,22,67,33,11,33,33,11,78,22,22,22,Premiership
Dundee,g7em7tpuicehjy3wmsbimsee,5abi92gsj9ceiv261x4jo7190,O. Bevan,Owen Bevan,22.0,Defender,Wales,Defender,206.0,0.0,36.0,17.0,242.0,36.0,1.0,3.0,3.0,0.0,0.0,1.0,1.0,43.0,70.0,1.0,630.0,2.0,10.0,2.0,0.0,5.0,0.0,13.0,0.0,0.0,81.48,41.46,0.0,0.0,66.67,62.32,67.92,100.0,0.4185978762157452,0.1329316057185764,1.0,3.0,0.0562173,0.0,4.0,6.0,0.2594738699999999,147.0,29.428571428571427,0.0,5.142857142857143,2.4285714285714284,34.57142857142857,5.142857142857143,0.1428571428571428,0.4285714285714285,0.4285714285714285,0.0,0.0,0.1428571428571428,0.1428571428571428,6.142857142857143,10.0,0.1428571428571428,0.2857142857142857,1.4285714285714286,0.2857142857142857,0.0,0.7142857142857143,0.0,1.8571428571428568,0.0,0.0,81.48,41.46,0.0,0.0,66.67,62.32,67.92,100.0,0.0597996966022493,0.018990229388368,0.1428571428571428,0.4285714285714285,0.0080310428571428,0.0,0.5714285714285714,0.8571428571428571,0.0370676957142857,21.0,CB,48,50,5,52,38,90,40,67,67,43,31,60,55,86,100,90,90,83,38,26,62,45,98,45,52,14,29,50,26,98,38,48,98,67,57,90,55,45,21,10,10,14,33,24,50,5,38,10,86,29,57,57,43,31,50,45,76,100,83,81,71,24,26,52,45,86,45,52,14,29,50,26,98,38,48,98,62,52,86,48,43,21,10,10,10,10,Premiership
Dundee,g7em7tpuicehjy3wmsbimsee,7d9la6gbbobi9yie2ejf9uj1l,E. Hamilton,Ethan Hamilton,27.0,Midfielder,Scotland,Midfielder,124.0,0.0,80.0,5.0,204.0,10.0,3.0,9.0,1.0,8.0,2.0,10.0,10.0,36.0,13.0,0.0,630.0,2.0,4.0,14.0,3.0,7.0,0.0,4.0,0.0,0.0,81.6,22.73,0.0,30.0,22.22,50.0,58.82,63.64,0.534792044410348,0.2261839025514815,5.0,9.0,0.19477389,5.0,11.0,13.0,0.3606501299999999,69.0,17.714285714285715,0.0,11.428571428571429,0.7142857142857143,29.142857142857142,1.4285714285714286,0.4285714285714285,1.2857142857142858,0.1428571428571428,1.1428571428571428,0.2857142857142857,1.4285714285714286,1.4285714285714286,5.142857142857143,1.8571428571428568,0.0,0.2857142857142857,0.5714285714285714,2.0,0.4285714285714285,1.0,0.0,0.5714285714285714,0.0,0.0,81.6,22.73,0.0,30.0,22.22,50.0,58.82,63.64,0.0763988634871925,0.032311986078783,0.7142857142857143,1.2857142857142858,0.0278248414285714,0.7142857142857143,1.5714285714285714,1.8571428571428568,0.0515214471428571,9.857142857142858,DM/CM,70,30,30,30,59,93,30,91,28,100,67,89,87,80,94,41,76,39,89,65,48,46,35,50,52,26,7,30,26,56,61,70,50,63,33,94,65,63,65,24,28,30,30,33,30,11,15,22,67,13,70,11,96,48,59,56,48,63,41,67,30,78,48,30,46,15,50,52,26,7,30,26,56,61,70,50,52,26,81,56,48,52,7,15,11,7,Premiership
Dundee,g7em7tpuicehjy3wmsbimsee,9bwl8is56w0vq2g204xkfep78,J. Bevan,Joe Bevan,22.0,Midfielder,Scotland,Midfielder,13.0,2.0,39.0,0.0,50.0,6.0,5.0,9.0,8.0,1.0,2.0,22.0,23.0,20.0,4.0,1.0,431.0,3.0,15.0,1.0,8.0,5.0,1.0,3.0,0.0,0.0,61.73,0.0,14.29,36.36,33.33,35.09,54.55,100.0,0.7017839252481595,0.4295757892413564,6.0,11.0,0.27966479,8.0,5.0,8.0,0.28926615,25.0,2.71461716937355,0.4176334106728538,8.14385150812065,0.0,10.440835266821344,1.2529002320185616,1.0440835266821349,1.8793503480278424,1.6705336426914157,0.2088167053364269,0.4176334106728538,4.593967517401392,4.802784222737819,4.176334106728539,0.8352668213457077,0.2088167053364269,0.6264501160092808,3.132250580046404,0.2088167053364269,1.6705336426914157,1.0440835266821349,0.2088167053364269,0.6264501160092808,0.0,0.0,61.73,0.0,14.29,36.36,33.33,35.09,54.55,100.0,0.1465442071283859,0.0897026010016753,1.2529002320185616,2.296983758700696,0.0583986800464037,1.6705336426914157,1.0440835266821349,1.6705336426914157,0.0604036044083526,5.220417633410673,RM/RCM,17,58,17,17,17,50,58,100,100,67,67,100,100,33,33,75,100,92,25,75,67,83,33,58,58,17,17,33,50,83,33,58,92,100,67,100,92,83,100,17,17,17,17,17,67,17,17,17,67,50,83,100,67,67,100,100,33,33,67,100,83,33,67,67,83,33,58,58,17,17,33,50,83,33,58,92,100,50,100,83,83,100,17,17,17,17,Premiership
Dundee,g7em7tpuicehjy3wmsbimsee,ewamdnbp0n88jgoktizbzceay,B. Fink,Bradley Fink,23.0,Attacker,Switzerland,Defender,9.0,0.0,17.0,1.0,26.0,6.0,1.0,7.0,7.0,0.0,1.0,7.0,7.0,13.0,5.0,2.0,247.0,3.0,16.0,1.0,2.0,2.0,0.0,0.0,0.0,0.0,66.67,100.0,0.0,28.57,42.86,27.08,26.09,50.0,0.899381159015146,0.0,2.0,1.0,0.02855202,1.0,1.0,2.0,0.0844775799999999,7.0,3.279352226720648,0.0,6.194331983805668,0.3643724696356275,9.473684210526317,2.1862348178137654,0.3643724696356275,2.5506072874493926,2.5506072874493926,0.0,0.3643724696356275,2.5506072874493926,2.5506072874493926,4.7368421052631575,1.8218623481781373,0.728744939271255,1.0931174089068827,5.82995951417004,0.3643724696356275,0.728744939271255,0.728744939271255,0.0,0.0,0.0,0.0,66.67,100.0,0.0,28.57,42.86,27.08,26.09,50.0,0.3277097340541018,0.0,0.728744939271255,0.3643724696356275,0.0104035700404858,0.3643724696356275,0.3643724696356275,0.728744939271255,0.0307813044534412,2.5506072874493926,ST,17,29,15,45,15,68,8,29,44,17,20,53,48,26,76,70,42,36,9,44,45,36,20,50,52,24,98,29,36,62,12,42,42,36,5,56,17,18,33,21,23,18,12,30,29,30,52,27,79,9,48,70,17,27,76,76,58,91,88,67,70,12,67,55,36,20,50,52,24,98,29,36,62,12,42,42,58,5,67,24,21,42,27,33,30,24,Premiership
Dundee,g7em7tpuicehjy3wmsbimsee,qf0thkiw5e7er4ldew9rrfh0,R. Finnigan,Ryan Finnigan,22.0,Midfielder,England,Midfielder,78.0,2.0,54.0,2.0,130.0,10.0,5.0,4.0,1.0,3.0,1.0,3.0,4.0,46.0,11.0,0.0,471.0,0.0,1.0,11.0,2.0,11.0,0.0,7.0,0.0,0.0,84.42,40.0,66.67,66.67,0.0,63.01,55.56,47.83,0.3613688667755642,0.4319800096945198,2.0,2.0,0.03546945,1.0,9.0,9.0,0.4783033999999999,67.0,14.904458598726114,0.3821656050955413,10.318471337579618,0.3821656050955413,24.840764331210192,1.910828025477707,0.9554140127388536,0.7643312101910827,0.1910828025477706,0.5732484076433121,0.1910828025477706,0.5732484076433121,0.7643312101910827,8.789808917197453,2.1019108280254777,0.0,0.0,0.1910828025477706,2.1019108280254777,0.3821656050955413,2.1019108280254777,0.0,1.3375796178343948,0.0,0.0,84.42,40.0,66.67,66.67,0.0,63.01,55.56,47.83,0.0690513758169867,0.0825439508970419,0.3821656050955413,0.3821656050955413,0.006777601910828,0.1910828025477706,1.7197452229299364,1.7197452229299364,0.0913955541401273,12.802547770700636,DM/CM,30,85,17,7,19,93,69,39,28,57,37,22,28,96,81,41,19,13,83,44,83,46,74,50,52,52,31,96,93,19,93,61,11,56,78,50,19,15,22,15,11,41,22,19,81,7,4,7,78,63,30,22,56,33,19,22,96,78,41,19,11,81,44,78,46,67,50,52,52,31,96,93,19,93,61,11,48,70,48,11,11,19,19,11,37,15,Premiership
Dundee,g7em7tpuicehjy3wmsbimsee,ucsmsk8k5wn69tdpz70ytyad,A. Forrest,Alan Forrest,30.0,Attacker,Scotland,Striker,34.0,4.0,46.0,4.0,76.0,3.0,6.0,5.0,3.0,2.0,2.0,10.0,12.0,22.0,7.0,0.0,351.0,1.0,12.0,3.0,4.0,5.0,1.0,3.0,0.0,0.0,71.7,40.0,36.36,40.0,20.0,40.0,25.0,41.67,0.2894589786992218,0.5040231744067997,3.0,11.0,0.39454466,2.0,7.0,7.0,0.3696154299999999,28.0,8.717948717948719,1.0256410256410258,11.794871794871796,1.0256410256410258,19.48717948717949,0.7692307692307693,1.5384615384615383,1.2820512820512822,0.7692307692307693,0.5128205128205129,0.5128205128205129,2.5641025641025643,3.076923076923077,5.641025641025641,1.794871794871795,0.0,0.2564102564102564,3.076923076923077,0.7692307692307693,1.0256410256410258,1.2820512820512822,0.2564102564102564,0.7692307692307693,0.0,0.0,71.7,40.0,36.36,40.0,20.0,40.0,25.0,41.67,0.0742202509485184,0.1292367113863589,0.7692307692307693,2.8205128205128207,0.1011652974358974,0.5128205128205129,1.794871794871795,1.794871794871795,0.0947731871794871,7.17948717948718,ST,91,89,73,83,80,32,67,14,6,58,36,79,85,70,85,15,14,21,27,77,89,79,83,50,52,39,55,88,59,18,58,39,27,3,70,70,89,97,56,79,65,73,73,94,91,70,94,79,33,73,12,9,64,39,79,88,76,88,15,15,15,18,85,94,82,88,50,52,39,55,88,59,18,58,39,27,6,79,73,94,94,58,79,64,73,73,Premiership
Dundee United,4qdzzur2cuuridyb0jso8mksi,2mcmtd938ghenrhl2j6wt15ux,M. Merghem,Mehdi Merghem,29.0,Attacker,Algeria,Striker,29.0,3.0,49.0,8.0,75.0,3.0,6.0,7.0,2.0,5.0,3.0,7.0,7.0,9.0,1.0,0.0,217.0,0.0,9.0,2.0,4.0,0.0,2.0,0.0,0.0,0.0,84.27,66.67,20.0,57.14,0.0,39.13,75.0,0.0,0.3794512311985244,0.5049295711866827,5.0,9.0,0.2146961,3.0,9.0,10.0,0.5617457100000001,39.0,12.027649769585254,1.2442396313364057,20.32258064516129,3.317972350230415,31.10599078341014,1.2442396313364057,2.4884792626728114,2.903225806451613,0.8294930875576038,2.0737327188940093,1.2442396313364057,2.903225806451613,2.903225806451613,3.7327188940092166,0.4147465437788019,0.0,0.0,3.7327188940092166,0.8294930875576038,1.6589861751152075,0.0,0.8294930875576038,0.0,0.0,0.0,84.27,66.67,20.0,57.14,0.0,39.13,75.0,0.0,0.157376086672199,0.2094177945013891,2.0737327188940093,3.7327188940092166,0.089044465437788,1.2442396313364057,3.7327188940092166,4.147465437788019,0.2329820917050691,16.175115207373274,RW,57,29,14,71,43,57,36,14,14,86,43,29,29,14,29,29,14,14,14,29,14,86,14,57,57,86,79,57,100,14,14,93,14,14,14,50,29,14,50,86,57,57,71,100,57,57,100,100,86,71,57,14,100,100,43,43,14,57,29,14,14,14,86,14,100,14,57,57,86,79,57,100,14,14,93,14,29,71,100,71,57,71,100,71,71,100,Premiership
Dundee United,4qdzzur2cuuridyb0jso8mksi,2mlp8fydf5qodhl88jhylnk2y,D. Tait,Dylan Tait,24.0,Midfielder,Scotland,Midfielder,140.0,3.0,143.0,29.0,280.0,5.0,11.0,10.0,5.0,5.0,3.0,4.0,5.0,36.0,10.0,0.0,520.0,3.0,9.0,16.0,1.0,11.0,0.0,11.0,0.0,0.0,79.55,46.03,50.0,25.0,30.0,46.75,55.56,78.57,0.7079866169015905,0.9752452446306676,4.0,11.0,0.25070273,6.0,35.0,38.0,1.11536777,123.0,24.23076923076923,0.5192307692307693,24.75,5.019230769230769,48.46153846153846,0.8653846153846154,1.903846153846154,1.7307692307692308,0.8653846153846154,0.8653846153846154,0.5192307692307693,0.6923076923076923,0.8653846153846154,6.230769230769231,1.7307692307692308,0.0,0.5192307692307693,1.5576923076923077,2.769230769230769,0.173076923076923,1.903846153846154,0.0,1.903846153846154,0.0,0.0,79.55,46.03,50.0,25.0,30.0,46.75,55.56,78.57,0.1225361452329675,0.168792446186077,0.6923076923076923,1.903846153846154,0.0433908571153846,1.0384615384615383,6.057692307692308,6.576923076923077,0.1930444217307692,21.28846153846154,DM/CM,74,96,78,100,74,46,100,100,93,83,85,31,37,80,72,41,89,81,96,22,83,46,94,50,52,22,52,91,20,67,37,61,87,81,100,83,74,78,78,85,94,100,74,70,96,70,100,67,37,93,89,78,78,74,26,30,70,52,41,78,70,96,11,63,46,96,50,52,22,52,91,20,67,37,61,87,70,96,78,70,74,74,74,96,85,48,Premiership
Dundee United,4qdzzur2cuuridyb0jso8mksi,2wvwvhtzwgg975e5b0xqphbmc,D. Bennie,Daniel Bennie,20.0,Attacker,Australia,Striker,21.0,1.0,57.0,3.0,77.0,11.0,10.0,15.0,10.0,5.0,5.0,12.0,12.0,26.0,7.0,0.0,391.0,4.0,27.0,4.0,5.0,5.0,1.0,0.0,0.0,0.0,70.0,60.0,14.29,41.67,26.67,42.62,55.0,83.33,1.470330369394449,0.812209920915885,6.0,5.0,0.15340935,4.0,4.0,13.0,0.4783285299999999,39.0,4.833759590792839,0.2301790281329923,13.120204603580564,0.690537084398977,17.72378516624041,2.531969309462916,2.301790281329924,3.452685421994885,2.301790281329924,1.1508951406649617,1.1508951406649617,2.762148337595908,2.762148337595908,5.984654731457801,1.6112531969309465,0.0,0.9207161125319694,6.214833759590793,0.9207161125319694,1.1508951406649617,1.1508951406649617,0.2301790281329923,0.0,0.0,0.0,70.0,60.0,14.29,41.67,26.67,42.62,55.0,83.33,0.3384392154616379,0.1869536902363929,1.381074168797954,1.1508951406649617,0.035311615089514,0.9207161125319694,0.9207161125319694,2.9923273657289005,0.1101011961636828,8.976982097186701,LW,44,33,33,50,33,100,67,89,72,89,83,56,56,67,89,33,67,72,22,50,67,83,11,56,56,17,78,33,33,67,33,100,100,78,67,67,33,33,28,33,56,33,56,56,33,33,44,33,100,89,89,78,89,89,44,44,33,78,33,67,67,22,44,67,89,11,56,56,17,78,33,33,67,33,100,100,78,67,67,11,11,22,33,67,33,56,Premiership
Dundee United,4qdzzur2cuuridyb0jso8mksi,33kmvqsctqwkosi4o2lumxap6,B. Esselink,Bert Esselink,27.0,Defender,Netherlands,Defender,224.0,0.0,99.0,22.0,323.0,26.0,2.0,5.0,4.0,1.0,1.0,3.0,3.0,41.0,52.0,0.0,602.0,1.0,10.0,5.0,3.0,3.0,0.0,8.0,0.0,0.0,88.74,55.0,0.0,100.0,20.0,57.75,54.17,42.86,0.5619401296262088,0.0886115908784176,0.0,1.0,0.01689528,0.0,22.0,34.0,0.6154747900000003,232.0,33.48837209302325,0.0,14.800664451827242,3.2890365448504983,48.2890365448505,3.88704318936877,0.2990033222591362,0.7475083056478405,0.5980066445182725,0.1495016611295681,0.1495016611295681,0.4485049833887043,0.4485049833887043,6.129568106312292,7.774086378737541,0.0,0.1495016611295681,1.495016611295681,0.7475083056478405,0.4485049833887043,0.4485049833887043,0.0,1.196013289036545,0.0,0.0,88.74,55.0,0.0,100.0,20.0,57.75,54.17,42.86,0.084010982834483,0.0132475800316571,0.0,0.1495016611295681,0.0025258724252491,0.0,3.2890365448504983,5.083056478405315,0.0920145034883721,34.6843853820598,CB,52,50,69,81,60,81,64,81,79,90,74,83,81,81,90,40,64,83,74,88,38,45,69,45,52,57,95,50,83,60,24,19,17,76,48,43,26,26,21,76,90,71,71,43,50,62,62,48,62,57,76,71,90,67,81,81,67,86,40,67,81,67,90,29,45,62,45,52,57,95,50,83,60,24,19,17,71,48,43,24,24,21,67,81,52,62,Premiership
Dundee United,4qdzzur2cuuridyb0jso8mksi,4i81y9jhkouk3zmd03gjp1gx5,W. Ferry,Will Ferry,25.0,Midfielder,Republic of Ireland,Midfielder,67.0,4.0,60.0,18.0,123.0,5.0,9.0,3.0,2.0,1.0,1.0,9.0,10.0,31.0,24.0,1.0,441.0,1.0,7.0,7.0,5.0,10.0,1.0,10.0,0.0,0.0,71.51,39.13,16.67,55.56,33.33,62.0,71.43,71.43,0.1427963070105148,0.8858556455603231,2.0,7.0,0.17461814,3.0,16.0,21.0,0.7308900299999999,56.0,13.673469387755102,0.8163265306122448,12.244897959183673,3.6734693877551017,25.10204081632653,1.020408163265306,1.8367346938775508,0.6122448979591836,0.4081632653061224,0.2040816326530612,0.2040816326530612,1.8367346938775508,2.0408163265306123,6.326530612244897,4.897959183673469,0.2040816326530612,0.2040816326530612,1.4285714285714284,1.4285714285714284,1.020408163265306,2.0408163265306123,0.2040816326530612,2.0408163265306123,0.0,0.0,71.51,39.13,16.67,55.56,33.33,62.0,71.43,71.43,0.0291421034715336,0.1807868664408822,0.4081632653061224,1.4285714285714284,0.0356363551020408,0.6122448979591836,3.265306122448979,4.285714285714286,0.1491612306122448,11.428571428571429,LM/LCM,100,75,50,100,75,100,88,38,38,38,50,75,75,100,100,75,25,38,100,50,100,88,100,62,62,25,50,75,50,75,100,100,100,25,100,50,50,50,50,75,50,75,75,75,75,50,100,50,75,75,25,25,25,50,50,50,75,100,50,25,25,100,50,75,75,100,62,62,25,50,75,50,75,100,100,100,25,75,50,50,50,50,75,50,75,50,Premiership
Dundee United,4qdzzur2cuuridyb0jso8mksi,5vdl6vrqi5zfv3ur364yzv85w,E. Agyei,Emmanuel Agyei,21.0,Midfielder,Ghana,Midfielder,36.0,0.0,32.0,2.0,68.0,7.0,2.0,4.0,3.0,1.0,2.0,5.0,5.0,28.0,7.0,1.0,239.0,1.0,6.0,6.0,2.0,9.0,0.0,5.0,0.0,0.0,75.56,28.57,0.0,40.0,25.0,59.57,50.0,69.23,0.3467404304801811,0.1478459425538952,0.0,0.0,0.0,1.0,1.0,4.0,0.06142294,36.0,13.556485355648537,0.0,12.050209205020922,0.7531380753138076,25.606694560669457,2.6359832635983267,0.7531380753138076,1.5062761506276152,1.1297071129707112,0.3765690376569038,0.7531380753138076,1.882845188284519,1.882845188284519,10.543933054393309,2.6359832635983267,0.3765690376569038,0.3765690376569038,2.2594142259414225,2.2594142259414225,0.7531380753138076,3.389121338912134,0.0,1.882845188284519,0.0,0.0,75.56,28.57,0.0,40.0,25.0,59.57,50.0,69.23,0.1305717102226623,0.0556742043089981,0.0,0.0,0.0,0.3765690376569038,0.3765690376569038,1.5062761506276152,0.0231299774058577,13.556485355648537,DM/CM,11,30,7,7,7,67,13,39,67,20,67,41,37,69,39,91,54,63,50,44,67,46,50,50,52,15,15,30,50,61,89,48,63,41,19,15,6,6,22,4,6,4,7,15,30,15,19,11,93,48,85,93,33,93,81,74,100,96,100,74,89,85,81,100,46,93,50,52,15,15,30,50,61,89,48,63,74,44,15,6,6,30,4,4,4,19,Premiership
Dundee United,4qdzzur2cuuridyb0jso8mksi,683w7bqk233kdcznry98ld23t,Panutche Camará,Panutche Amadu Pereira Camará,29.0,Midfielder,Guinea-Bissau,Midfielder,91.0,3.0,99.0,10.0,187.0,3.0,8.0,2.0,1.0,1.0,1.0,7.0,7.0,22.0,3.0,0.0,364.0,0.0,5.0,4.0,6.0,8.0,0.0,3.0,0.0,0.0,91.22,83.33,100.0,85.71,0.0,47.83,30.0,88.89,0.1766095604713374,0.7295789737937536,2.0,13.0,0.32138316,6.0,13.0,18.0,0.92561015,99.0,22.5,0.7417582417582418,24.47802197802197,2.4725274725274726,46.23626373626374,0.7417582417582418,1.978021978021978,0.4945054945054945,0.2472527472527472,0.2472527472527472,0.2472527472527472,1.7307692307692308,1.7307692307692308,5.43956043956044,0.7417582417582418,0.0,0.0,1.2362637362637363,0.989010989010989,1.4835164835164836,1.978021978021978,0.0,0.7417582417582418,0.0,0.0,91.22,83.33,100.0,85.71,0.0,47.83,30.0,88.89,0.0436671990176383,0.1803904056083456,0.4945054945054945,3.2142857142857144,0.0794628692307692,1.4835164835164836,3.2142857142857144,4.450549450549451,0.2288596524725274,24.47802197802197,DM/CM,48,96,61,56,44,26,96,9,28,20,37,63,59,39,15,41,19,48,30,93,59,46,20,50,52,85,100,100,96,19,48,19,93,15,96,50,83,85,78,39,44,93,52,59,100,67,70,63,33,96,7,37,11,44,74,70,59,19,41,19,52,33,96,70,46,33,50,52,85,100,100,96,19,48,19,93,19,100,59,96,96,85,33,44,96,70,Premiership
Dundee United,4qdzzur2cuuridyb0jso8mksi,84isfq4ix06ebaf7a7jcvd9wq,J. Rawlins,Joshua Rawlins,22.0,Defender,Australia,Defender,65.0,1.0,76.0,7.0,140.0,3.0,2.0,1.0,1.0,0.0,1.0,2.0,2.0,17.0,26.0,0.0,540.0,0.0,6.0,4.0,1.0,6.0,0.0,4.0,1.0,0.0,74.87,36.84,16.67,50.0,0.0,65.38,50.0,66.67,0.078526863510233,0.2578274004311796,0.0,3.0,0.0816482799999999,1.0,12.0,13.0,0.52302361,59.0,10.833333333333334,0.1666666666666666,12.666666666666666,1.1666666666666667,23.33333333333333,0.5,0.3333333333333333,0.1666666666666666,0.1666666666666666,0.0,0.1666666666666666,0.3333333333333333,0.3333333333333333,2.833333333333333,4.333333333333333,0.0,0.0,1.0,0.6666666666666666,0.1666666666666666,1.0,0.0,0.6666666666666666,0.1666666666666666,0.0,74.87,36.84,16.67,50.0,0.0,65.38,50.0,66.67,0.0130878105850388,0.0429712334051965,0.0,0.5,0.0136080466666666,0.1666666666666666,2.0,2.1666666666666665,0.0871706016666666,9.833333333333334,RB/RCB,40,33,50,30,43,20,37,20,33,23,50,23,20,17,80,53,27,40,53,23,47,43,47,87,53,27,50,33,43,27,87,50,63,20,47,23,23,27,20,27,27,47,27,13,40,33,33,13,13,27,13,20,23,40,13,13,7,73,53,27,23,40,20,43,43,40,80,53,27,50,33,43,27,87,50,63,13,47,23,20,20,20,20,20,47,13,Premiership
Dundee United,4qdzzur2cuuridyb0jso8mksi,906itj33c7nzyzhkvxswvaxas,L. Rose,Lachlan Rose,27.0,Attacker,Australia,Striker,6.0,0.0,16.0,0.0,22.0,6.0,3.0,11.0,9.0,2.0,5.0,3.0,3.0,7.0,1.0,1.0,261.0,3.0,17.0,1.0,0.0,0.0,0.0,0.0,0.0,0.0,64.71,0.0,0.0,0.0,27.27,18.92,24.0,0.0,1.361171579582058,0.2243751887700656,2.0,1.0,0.02385149,2.0,0.0,1.0,0.0251717499999999,7.0,2.0689655172413794,0.0,5.517241379310345,0.0,7.586206896551724,2.0689655172413794,1.0344827586206895,3.793103448275862,3.103448275862069,0.6896551724137931,1.7241379310344829,1.0344827586206895,1.0344827586206895,2.413793103448276,0.3448275862068966,0.3448275862068966,1.0344827586206895,5.862068965517242,0.3448275862068966,0.0,0.0,0.0,0.0,0.0,0.0,64.71,0.0,0.0,0.0,27.27,18.92,24.0,0.0,0.4693695102007096,0.0773707547482984,0.6896551724137931,0.3448275862068966,0.0082246517241379,0.6896551724137931,0.0,0.3448275862068966,0.0086799137931034,2.413793103448276,ST,5,29,11,15,6,68,35,59,65,58,91,24,23,6,23,47,42,42,9,11,11,36,20,50,52,15,15,29,11,33,3,36,11,64,30,56,17,9,56,6,15,9,12,12,29,15,15,6,70,39,88,79,76,94,33,33,12,27,61,61,73,9,11,11,36,20,50,52,15,15,29,11,33,3,36,11,91,36,61,21,12,70,6,12,9,18,Premiership
Dundee United,4qdzzur2cuuridyb0jso8mksi,c3hzkxxmd1p7v7fn6ctxbngiy,J. Randall,Jesse Randall,24.0,Attacker,New Zealand,Striker,27.0,12.0,59.0,3.0,74.0,3.0,14.0,14.0,12.0,2.0,5.0,17.0,17.0,19.0,5.0,2.0,429.0,5.0,30.0,6.0,5.0,2.0,2.0,3.0,0.0,0.0,73.27,33.33,27.91,29.41,35.71,40.43,42.86,40.0,1.5249006942015062,1.7535358576578224,3.0,13.0,0.39049002,3.0,4.0,7.0,1.26503799,28.0,5.664335664335664,2.517482517482517,12.377622377622378,0.6293706293706294,15.524475524475523,0.6293706293706294,2.937062937062937,2.937062937062937,2.517482517482517,0.4195804195804196,1.048951048951049,3.5664335664335667,3.5664335664335667,3.986013986013986,1.048951048951049,0.4195804195804196,1.048951048951049,6.293706293706294,1.2587412587412588,1.048951048951049,0.4195804195804196,0.4195804195804196,0.6293706293706294,0.0,0.0,73.27,33.33,27.91,29.41,35.71,40.43,42.86,40.0,0.3199092365457705,0.36787465545269,0.6293706293706294,2.7272727272727275,0.0819209832167832,0.6293706293706294,0.8391608391608392,1.4685314685314683,0.2653925853146853,5.874125874125874,RW,29,100,43,29,29,57,100,86,86,21,79,71,64,36,86,100,86,93,50,43,43,86,79,57,57,14,29,100,14,71,29,57,29,86,100,14,50,57,50,29,29,86,43,29,100,29,29,29,43,100,71,100,29,43,71,71,29,86,100,86,71,57,29,43,86,86,57,57,14,29,100,14,71,29,57,29,86,100,14,43,29,43,29,29,86,29,Premiership
Dundee United,4qdzzur2cuuridyb0jso8mksi,dibzzrnilocouody8wf130fmc,M. Forbes,Michael Forbes,22.0,Defender,Northern Ireland,Defender,251.0,0.0,74.0,24.0,325.0,45.0,3.0,7.0,7.0,0.0,0.0,0.0,0.0,61.0,51.0,1.0,630.0,1.0,16.0,8.0,0.0,7.0,0.0,10.0,0.0,0.0,84.64,44.44,0.0,0.0,14.29,69.32,66.18,77.78,0.8250398474915043,0.2866174902176303,0.0,2.0,0.06479232,3.0,13.0,19.0,0.7734300999999997,195.0,35.857142857142854,0.0,10.571428571428571,3.4285714285714284,46.42857142857143,6.428571428571429,0.4285714285714285,1.0,1.0,0.0,0.0,0.0,0.0,8.714285714285714,7.285714285714286,0.1428571428571428,0.1428571428571428,2.2857142857142856,1.1428571428571428,0.0,1.0,0.0,1.4285714285714286,0.0,0.0,84.64,44.44,0.0,0.0,14.29,69.32,66.18,77.78,0.1178628353559291,0.0409453557453757,0.0,0.2857142857142857,0.0092560457142857,0.4285714285714285,1.8571428571428568,2.7142857142857144,0.1104900142857142,27.857142857142858,CB,67,50,48,86,67,100,83,98,98,43,31,24,21,100,83,90,64,100,95,26,86,45,83,45,52,33,45,50,26,52,67,43,64,95,90,43,40,57,76,36,52,90,48,52,50,19,71,38,100,74,88,90,43,31,24,21,95,60,83,52,95,81,26,71,45,71,45,52,33,45,50,26,52,67,43,64,86,81,43,38,48,67,19,31,76,33,Premiership
Dundee United,4qdzzur2cuuridyb0jso8mksi,v9xcxlic45xllm9t5gvxf1ii,Z. Sapsford,Zachary Sapsford,24.0,Midfielder,Australia,Midfielder,14.0,2.0,41.0,0.0,53.0,4.0,8.0,8.0,8.0,0.0,1.0,7.0,7.0,13.0,1.0,1.0,352.0,2.0,25.0,3.0,3.0,1.0,0.0,4.0,0.0,0.0,62.35,0.0,40.0,42.86,25.0,27.66,21.05,33.33,0.7111921969132887,0.6824626308736045,2.0,6.0,0.23579121,2.0,6.0,6.0,0.66817655,19.0,3.5795454545454546,0.5113636363636364,10.482954545454543,0.0,13.551136363636363,1.0227272727272727,2.0454545454545454,2.0454545454545454,2.0454545454545454,0.0,0.2556818181818182,1.7897727272727273,1.7897727272727273,3.3238636363636367,0.2556818181818182,0.2556818181818182,0.5113636363636364,6.392045454545455,0.7670454545454546,0.7670454545454546,0.2556818181818182,0.0,1.0227272727272727,0.0,0.0,62.35,0.0,40.0,42.86,25.0,27.66,21.05,33.33,0.1818389139835113,0.1744932863029102,0.5113636363636364,1.5340909090909092,0.0602875252840909,0.5113636363636364,1.5340909090909092,1.5340909090909092,0.1708405951704545,4.857954545454546,CM/AM,10,53,27,7,13,67,77,73,93,13,37,57,53,47,7,73,70,93,50,60,7,37,90,53,53,7,7,87,40,50,7,33,13,73,73,47,60,73,43,33,27,80,10,7,53,7,7,7,60,80,73,93,13,33,60,60,33,7,73,73,100,47,53,7,37,93,53,53,7,7,87,40,50,7,33,13,80,60,47,67,80,40,33,13,73,7,Premiership
Dundee United,4qdzzur2cuuridyb0jso8mksi,ybglaa5fqm2xpubff28qra50,K. Ciubotaru,Kevin Ciubotaru,22.0,Defender,Romania,Defender,24.0,3.0,21.0,1.0,42.0,0.0,0.0,5.0,2.0,3.0,0.0,5.0,6.0,15.0,10.0,1.0,206.0,4.0,4.0,3.0,0.0,6.0,0.0,2.0,0.0,0.0,72.41,20.0,37.5,0.0,80.0,51.72,0.0,50.0,0.410170064083091,0.0,3.0,2.0,0.1321734199999999,1.0,2.0,3.0,0.134152,24.0,10.485436893203884,1.3106796116504855,9.1747572815534,0.4368932038834952,18.3495145631068,0.0,0.0,2.184466019417476,0.8737864077669903,1.3106796116504855,0.0,2.184466019417476,2.621359223300971,6.553398058252427,4.368932038834951,0.4368932038834952,1.7475728155339807,1.7475728155339807,1.3106796116504855,0.0,2.621359223300971,0.0,0.8737864077669903,0.0,0.0,72.41,20.0,37.5,0.0,80.0,51.72,0.0,50.0,0.1792005134343601,0.0,1.3106796116504855,0.8737864077669903,0.0577456689320387,0.4368932038834952,0.8737864077669903,1.3106796116504855,0.0586100970873786,10.485436893203884,LB/LCB,6,53,6,6,6,6,9,68,47,91,26,56,56,29,18,85,94,38,47,12,76,44,18,50,50,12,18,88,12,100,29,6,44,71,9,88,35,53,26,12,12,12,12,12,76,18,6,6,6,9,100,76,100,26,88,94,88,71,100,100,47,82,12,94,44,53,50,50,12,18,88,12,100,29,6,44,94,9,100,41,76,41,12,12,18,12,Premiership
Falkirk,1pq8av8ecx28pshgtpkdj36nt,1xfip5eeswsdq2xc6t370w3kk,F. Barbrook,Finley Barbrook,21.0,Midfielder,England,Midfielder,114.0,0.0,99.0,9.0,213.0,1.0,4.0,7.0,3.0,4.0,4.0,9.0,9.0,24.0,8.0,0.0,506.0,1.0,6.0,6.0,3.0,11.0,0.0,6.0,0.0,0.0,86.23,45.0,0.0,33.33,14.29,43.64,20.0,78.57,0.6095570014100962,0.3355468812663666,2.0,4.0,0.09993733,5.0,16.0,11.0,0.4738727599999999,85.0,20.276679841897234,0.0,17.608695652173914,1.6007905138339922,37.88537549407115,0.1778656126482213,0.7114624505928854,1.2450592885375495,0.5335968379446641,0.7114624505928854,0.7114624505928854,1.6007905138339922,1.6007905138339922,4.2687747035573125,1.4229249011857708,0.0,0.1778656126482213,1.067193675889328,1.067193675889328,0.5335968379446641,1.956521739130435,0.0,1.067193675889328,0.0,0.0,86.23,45.0,0.0,33.33,14.29,43.64,20.0,78.57,0.1084192294998194,0.0596822516086422,0.3557312252964427,0.7114624505928854,0.0177754144268774,0.8893280632411068,2.845849802371541,1.956521739130435,0.0842856687747035,15.118577075098816,DM/CM,63,30,61,46,67,11,50,72,67,72,96,80,76,44,50,41,54,63,50,65,83,46,61,50,52,63,48,30,35,44,22,11,87,78,70,50,39,33,65,52,17,37,41,48,30,37,41,41,11,41,59,56,63,85,70,67,22,44,41,52,41,37,59,67,46,44,50,52,63,48,30,35,44,22,11,87,63,59,44,26,30,67,30,19,30,30,Premiership
Falkirk,1pq8av8ecx28pshgtpkdj36nt,29esjzxfxu8drcog8en5ytkdm,E. Ross,Ethan Ross,25.0,Attacker,Scotland,Striker,28.0,2.0,44.0,4.0,70.0,0.0,6.0,10.0,4.0,6.0,4.0,18.0,18.0,38.0,6.0,1.0,480.0,3.0,17.0,19.0,9.0,5.0,0.0,3.0,0.0,0.0,83.33,80.0,16.67,50.0,30.0,54.29,0.0,50.0,0.939240168433533,0.4587008597654413,7.0,11.0,0.26062884,3.0,5.0,6.0,0.3626541299999999,22.0,5.25,0.375,8.25,0.75,13.125,0.0,1.125,1.875,0.75,1.125,0.75,3.375,3.375,7.125,1.125,0.1875,0.5625,3.1875,3.5625,1.6875,0.9375,0.0,0.5625,0.0,0.0,83.33,80.0,16.67,50.0,30.0,54.29,0.0,50.0,0.1761075315812874,0.0860064112060202,1.3125,2.0625,0.0488679074999999,0.5625,0.9375,1.125,0.0679976493749999,4.125,ST,82,82,70,83,73,5,67,52,15,92,80,94,91,97,79,47,42,42,97,95,89,36,83,50,52,85,94,70,70,42,97,5,42,42,64,92,89,79,73,61,59,70,61,58,79,45,73,48,5,42,27,6,88,61,94,94,88,73,36,24,18,97,94,82,36,76,50,52,85,94,70,70,42,97,5,42,18,45,85,88,70,67,48,45,61,52,Premiership
Falkirk,1pq8av8ecx28pshgtpkdj36nt,2klxi3rbkpuqk39u0moi0wnbo,O. Eames,Owen Eames,19.0,Midfielder,England,Midfielder,23.0,0.0,24.0,2.0,47.0,1.0,2.0,7.0,4.0,3.0,4.0,8.0,8.0,14.0,1.0,1.0,238.0,2.0,12.0,1.0,7.0,3.0,1.0,1.0,0.0,0.0,83.93,66.67,0.0,87.5,28.57,56.0,50.0,60.0,0.7203665590895263,0.2094872334875108,5.0,2.0,0.04057261,0.0,4.0,6.0,0.15527849,17.0,8.69747899159664,0.0,9.07563025210084,0.7563025210084033,17.77310924369748,0.3781512605042016,0.7563025210084033,2.647058823529412,1.512605042016807,1.134453781512605,1.512605042016807,3.0252100840336134,3.0252100840336134,5.294117647058823,0.3781512605042016,0.3781512605042016,0.7563025210084033,4.53781512605042,0.3781512605042016,2.647058823529412,1.134453781512605,0.3781512605042016,0.3781512605042016,0.0,0.0,83.93,66.67,0.0,87.5,28.57,56.0,50.0,60.0,0.2724075223447788,0.0792178614028402,1.8907563025210083,0.7563025210084033,0.0153425836134453,0.0,1.512605042016807,2.26890756302521,0.058718756722689,6.428571428571429,LM/LCM,25,38,25,50,25,25,25,75,75,75,100,50,50,25,25,75,62,75,25,75,25,88,25,62,62,50,100,38,100,50,50,62,50,100,25,100,25,25,25,25,25,25,25,25,38,25,50,25,25,25,75,100,75,100,75,75,25,25,100,100,75,25,100,25,100,25,62,62,50,100,38,100,50,50,62,50,100,50,100,25,25,25,25,25,25,25,Premiership
Falkirk,1pq8av8ecx28pshgtpkdj36nt,3jyid2g273zr668fxeeplegnp,R. Strain,Ryan Strain,29.0,Defender,Australia,Defender,142.0,14.0,138.0,27.0,266.0,11.0,16.0,4.0,2.0,2.0,1.0,11.0,11.0,48.0,18.0,0.0,630.0,2.0,15.0,14.0,5.0,14.0,2.0,11.0,0.0,0.0,79.17,47.37,24.56,45.45,50.0,55.17,68.75,70.0,0.2601498061675953,1.6578869782564167,2.0,19.0,0.4817693399999999,10.0,22.0,26.0,1.0352792099999997,121.0,20.285714285714285,2.0,19.714285714285715,3.857142857142857,38.0,1.5714285714285714,2.2857142857142856,0.5714285714285714,0.2857142857142857,0.2857142857142857,0.1428571428571428,1.5714285714285714,1.5714285714285714,6.857142857142857,2.571428571428572,0.0,0.2857142857142857,2.142857142857143,2.0,0.7142857142857143,2.0,0.2857142857142857,1.5714285714285714,0.0,0.0,79.17,47.37,24.56,45.45,50.0,55.17,68.75,70.0,0.0371642580239421,0.2368409968937738,0.2857142857142857,2.7142857142857144,0.0688241914285714,1.4285714285714286,3.142857142857143,3.7142857142857135,0.1478970299999999,17.285714285714285,RB/RCB,80,100,87,100,93,77,100,73,60,77,50,97,90,93,60,53,90,87,100,87,100,100,87,40,53,50,80,60,27,93,33,93,77,53,100,80,97,93,97,87,80,87,73,67,100,73,100,73,60,100,60,47,60,30,87,80,87,20,53,87,73,90,73,80,100,73,40,53,50,80,60,27,93,33,93,77,53,100,73,87,87,90,47,47,67,60,Premiership
Falkirk,1pq8av8ecx28pshgtpkdj36nt,59uahiztn1qxczy3vqf4wivze,L. McCann,Leon McCann,26.0,Defender,Scotland,Defender,69.0,3.0,78.0,11.0,144.0,4.0,0.0,0.0,0.0,0.0,0.0,9.0,10.0,27.0,16.0,0.0,530.0,0.0,0.0,12.0,5.0,4.0,0.0,3.0,0.0,0.0,76.19,39.29,23.08,55.56,0.0,50.0,40.0,66.67,0.0,0.0,0.0,0.0,0.0,0.0,0.0,0.0,0.0,0.0,11.716981132075473,0.5094339622641509,13.245283018867925,1.8679245283018864,24.452830188679243,0.6792452830188679,0.0,0.0,0.0,0.0,0.0,1.5283018867924527,1.6981132075471697,4.584905660377358,2.7169811320754715,0.0,0.0,0.0,2.037735849056604,0.8490566037735848,0.6792452830188679,0.0,0.5094339622641509,0.0,0.0,76.19,39.29,23.08,55.56,0.0,50.0,40.0,66.67,0.0,0.0,0.0,0.0,0.0,0.0,0.0,0.0,0.0,0.0,LB/LCB,35,53,53,79,47,24,9,12,15,18,26,76,76,74,35,35,18,9,100,76,53,44,41,50,50,29,94,41,65,18,21,24,68,12,9,18,12,12,9,6,6,6,6,18,53,35,53,24,18,9,12,15,18,26,65,71,59,18,35,18,9,100,71,41,44,18,50,50,29,94,41,65,18,21,24,68,12,9,18,12,12,9,6,6,6,6,Premiership
Falkirk,1pq8av8ecx28pshgtpkdj36nt,6rh9uy7nj755v83gj18wbr97u,B. Spencer,Brad Spencer,30.0,Midfielder,Scotland,Midfielder,97.0,1.0,97.0,19.0,193.0,7.0,6.0,5.0,3.0,2.0,4.0,3.0,3.0,22.0,11.0,0.0,438.0,0.0,6.0,7.0,1.0,5.0,0.0,6.0,1.0,0.0,74.81,44.19,50.0,33.33,0.0,50.0,63.64,71.43,0.3138953473355593,0.5122835830789683,1.0,3.0,0.10379542,0.0,25.0,22.0,0.5698453499999999,115.0,19.93150684931507,0.2054794520547945,19.93150684931507,3.904109589041096,39.65753424657535,1.4383561643835618,1.2328767123287672,1.0273972602739727,0.6164383561643836,0.4109589041095891,0.8219178082191781,0.6164383561643836,0.6164383561643836,4.52054794520548,2.26027397260274,0.0,0.0,1.2328767123287672,1.4383561643835618,0.2054794520547945,1.0273972602739727,0.0,1.2328767123287672,0.2054794520547945,0.0,74.81,44.19,50.0,33.33,0.0,50.0,63.64,71.43,0.0644990439730601,0.1052637499477332,0.2054794520547945,0.6164383561643836,0.0213278260273972,0.0,5.136986301369864,4.52054794520548,0.1170915102739725,23.630136986301373,DM/CM,52,69,52,93,48,67,81,54,67,43,96,22,19,39,81,41,19,63,63,22,28,46,61,100,52,11,44,91,35,19,61,91,70,37,81,35,30,41,7,61,59,56,67,44,74,44,96,48,70,78,48,67,37,96,22,15,41,85,41,19,48,59,15,33,46,63,100,52,11,44,91,35,19,61,91,70,44,81,30,22,33,7,67,48,56,63,Premiership
Falkirk,1pq8av8ecx28pshgtpkdj36nt,9c0qb9xsb68z3jpufdh0u6mdx,L. Henderson,Liam Henderson,30.0,Defender,Scotland,Defender,198.0,2.0,96.0,19.0,292.0,16.0,3.0,5.0,3.0,2.0,2.0,3.0,3.0,30.0,42.0,0.0,597.0,1.0,11.0,3.0,2.0,5.0,0.0,9.0,1.0,0.0,83.43,35.85,66.67,66.67,20.0,62.5,84.21,55.56,0.4034604482777591,0.294896718195725,2.0,3.0,0.06500217,1.0,26.0,25.0,0.8448817100000001,168.0,29.84924623115577,0.3015075376884422,14.472361809045225,2.8643216080402008,44.02010050251256,2.412060301507537,0.4522613065326633,0.7537688442211055,0.4522613065326633,0.3015075376884422,0.3015075376884422,0.4522613065326633,0.4522613065326633,4.522613065326633,6.331658291457286,0.0,0.1507537688442211,1.658291457286432,0.4522613065326633,0.3015075376884422,0.7537688442211055,0.0,1.3567839195979898,0.1507537688442211,0.0,83.43,35.85,66.67,66.67,20.0,62.5,84.21,55.56,0.0608231831574511,0.0444567916877977,0.3015075376884422,0.4522613065326633,0.0097993221105527,0.1507537688442211,3.919597989949749,3.7688442211055273,0.1273691020100502,25.326633165829143,LB/LCB,94,38,65,100,94,100,35,68,71,68,88,41,38,88,100,35,47,82,47,56,71,44,94,100,50,76,71,100,79,44,88,100,59,65,35,71,44,41,26,94,76,53,100,94,24,41,88,71,76,24,41,47,53,71,35,24,53,94,35,41,41,29,47,47,44,88,100,50,76,71,100,79,44,88,100,59,41,24,65,35,35,18,76,47,35,71,Premiership
Falkirk,1pq8av8ecx28pshgtpkdj36nt,9cvr2kc3qaunrrjl1jyfeaihg,A. Doherty,Aodhan Doherty,20.0,Attacker,Northern Ireland,Striker,14.0,1.0,33.0,2.0,46.0,1.0,1.0,2.0,2.0,0.0,1.0,7.0,7.0,13.0,0.0,0.0,203.0,0.0,9.0,9.0,0.0,1.0,0.0,3.0,0.0,0.0,73.02,50.0,11.11,0.0,0.0,33.33,20.0,33.33,0.4084588645105583,0.0383885679575997,0.0,3.0,0.0678373999999999,2.0,5.0,9.0,0.13927594,20.0,6.206896551724138,0.4433497536945813,14.630541871921183,0.8866995073891626,20.39408866995074,0.4433497536945813,0.4433497536945813,0.8866995073891626,0.8866995073891626,0.0,0.4433497536945813,3.103448275862069,3.103448275862069,5.763546798029557,0.0,0.0,0.0,3.990147783251232,3.990147783251232,0.0,0.4433497536945813,0.0,1.3300492610837438,0.0,0.0,73.02,50.0,11.11,0.0,0.0,33.33,20.0,33.33,0.1810901369751243,0.0170195621486895,0.0,1.3300492610837438,0.0300756945812807,0.8866995073891626,2.2167487684729066,3.990147783251232,0.0617479536945812,8.866995073891626,ST,38,67,42,65,38,14,8,3,3,17,20,53,48,26,8,15,5,8,82,11,30,36,83,50,52,48,70,61,11,5,33,27,21,9,9,12,36,27,56,61,70,33,55,67,82,82,82,82,18,12,6,15,17,33,91,91,82,8,15,5,39,100,11,36,36,97,50,52,48,70,61,11,5,33,27,21,21,9,12,64,36,82,82,94,58,82,Premiership
Falkirk,1pq8av8ecx28pshgtpkdj36nt,9m4u40m2am54iz4h5gc81o9as,B. Krauhaus,Ben Krauhaus,21.0,Midfielder,England,Midfielder,45.0,2.0,74.0,2.0,117.0,5.0,7.0,5.0,3.0,2.0,2.0,10.0,10.0,30.0,5.0,1.0,468.0,2.0,9.0,8.0,5.0,7.0,0.0,2.0,0.0,0.0,82.98,22.22,100.0,50.0,40.0,46.15,50.0,53.85,0.4148052372866074,0.55529855875683,3.0,7.0,0.18604618,4.0,7.0,12.0,0.41876471,41.0,8.653846153846153,0.3846153846153846,14.23076923076923,0.3846153846153846,22.5,0.9615384615384616,1.346153846153846,0.9615384615384616,0.5769230769230769,0.3846153846153846,0.3846153846153846,1.923076923076923,1.923076923076923,5.769230769230769,0.9615384615384616,0.1923076923076923,0.3846153846153846,1.7307692307692306,1.5384615384615383,0.9615384615384616,1.346153846153846,0.0,0.3846153846153846,0.0,0.0,82.98,22.22,100.0,50.0,40.0,46.15,50.0,53.85,0.0797702379397321,0.1067881843763134,0.5769230769230769,1.346153846153846,0.0357781115384615,0.7692307692307692,1.346153846153846,2.3076923076923075,0.080531675,7.884615384615384,CM/AM,67,53,70,33,60,80,60,47,57,40,57,77,77,93,80,73,70,50,100,80,93,37,63,53,53,73,20,100,67,73,63,77,33,53,47,67,67,60,70,43,47,60,53,33,33,20,20,27,47,33,33,47,27,40,80,73,93,53,67,53,20,100,73,80,37,40,53,53,73,20,100,67,73,63,77,33,40,33,53,53,53,67,20,33,33,13,Premiership
Falkirk,1pq8av8ecx28pshgtpkdj36nt,b7xenzvbhb0tuj0oyyw9a48kq,D. Meļņiks,Deniss Melniks,24.0,Midfielder,Latvia,Midfielder,81.0,0.0,17.0,3.0,98.0,7.0,0.0,0.0,0.0,0.0,0.0,0.0,0.0,14.0,25.0,0.0,241.0,0.0,0.0,5.0,0.0,0.0,0.0,6.0,0.0,0.0,83.76,25.0,0.0,0.0,0.0,63.64,63.64,0.0,0.0,0.0,0.0,0.0,0.0,0.0,0.0,0.0,0.0,0.0,30.248962655601662,0.0,6.348547717842324,1.120331950207469,36.59751037344399,2.6141078838174274,0.0,0.0,0.0,0.0,0.0,0.0,0.0,5.228215767634855,9.33609958506224,0.0,0.0,0.0,1.867219917012448,0.0,0.0,0.0,2.240663900414938,0.0,0.0,83.76,25.0,0.0,0.0,0.0,63.64,63.64,0.0,0.0,0.0,0.0,0.0,0.0,0.0,0.0,0.0,0.0,0.0,CM,100,100,100,100,100,100,100,100,100,100,100,100,100,100,100,100,100,100,100,100,100,100,100,100,100,100,100,100,100,100,100,100,100,100,100,100,100,100,100,100,100,100,100,100,100,100,100,100,100,100,100,100,100,100,100,100,100,100,100,100,100,100,100,100,100,100,100,100,100,100,100,100,100,100,100,100,100,100,100,100,100,100,100,100,100,100,Premiership
Falkirk,1pq8av8ecx28pshgtpkdj36nt,bgzc9ozb1qel3aw808tip6bu2,L. Neilson,Lewis Neilson,23.0,Defender,Scotland,Defender,137.0,0.0,45.0,17.0,182.0,16.0,0.0,2.0,2.0,0.0,2.0,1.0,1.0,20.0,37.0,0.0,450.0,0.0,2.0,0.0,1.0,2.0,0.0,4.0,0.0,0.0,79.48,36.96,0.0,100.0,0.0,64.52,72.73,66.67,0.2203920297368523,0.0,0.0,1.0,0.02953272,1.0,6.0,11.0,0.2211368499999999,109.0,27.4,0.0,9.0,3.4,36.4,3.2,0.0,0.4,0.4,0.0,0.4,0.2,0.2,4.0,7.4,0.0,0.0,0.4,0.0,0.2,0.4,0.0,0.8,0.0,0.0,79.48,36.96,0.0,100.0,0.0,64.52,72.73,66.67,0.0440784059473704,0.0,0.0,0.2,0.005906544,0.2,1.2,2.2,0.0442273699999999,21.8,CB,19,50,14,52,14,40,14,45,50,43,93,60,55,21,52,40,26,17,5,62,24,45,29,45,52,5,14,50,83,26,48,57,45,48,17,43,26,33,50,14,17,10,10,14,50,10,67,19,38,14,52,52,43,90,67,62,29,71,40,26,19,5,67,24,45,33,45,52,5,14,50,83,26,48,57,45,48,17,43,33,38,55,14,14,14,19,Premiership
Falkirk,1pq8av8ecx28pshgtpkdj36nt,s93590h7tzx83zej2kyzplw4,J. Murrell,Jacob Murrell,22.0,Attacker,USA,Striker,6.0,0.0,16.0,0.0,22.0,13.0,2.0,13.0,11.0,2.0,2.0,1.0,3.0,16.0,1.0,1.0,310.0,6.0,20.0,2.0,0.0,1.0,0.0,0.0,0.0,0.0,53.66,0.0,0.0,0.0,46.15,37.21,44.83,50.0,1.608190708898885,0.2128233456766268,2.0,0.0,0.0,1.0,2.0,0.0,0.0202339999999999,10.0,1.7419354838709675,0.0,4.64516129032258,0.0,6.387096774193548,3.774193548387097,0.5806451612903225,3.774193548387097,3.193548387096774,0.5806451612903225,0.5806451612903225,0.2903225806451612,0.8709677419354839,4.64516129032258,0.2903225806451612,0.2903225806451612,1.7419354838709675,5.806451612903225,0.5806451612903225,0.0,0.2903225806451612,0.0,0.0,0.0,0.0,53.66,0.0,0.0,0.0,46.15,37.21,44.83,50.0,0.4668940767770956,0.0617874229383755,0.5806451612903225,0.0,0.0,0.2903225806451612,0.5806451612903225,0.0,0.0058743870967741,2.9032258064516125,ST,5,29,11,15,6,89,20,68,76,58,36,8,23,44,23,47,74,59,17,11,30,36,20,50,52,6,15,29,11,73,55,79,42,76,27,56,5,5,33,38,6,6,24,6,29,3,15,3,97,27,85,82,70,45,6,27,55,24,48,91,67,15,11,30,36,20,50,52,6,15,29,11,73,55,79,42,88,33,58,5,5,33,39,6,6,30,Premiership
Heart of Midlothian,1hcbcuu846pa3iw6qskiws1cu,3qmpow56h8e5oncbsvij69hey,Cláudio Braga,Cláudio Rafael Soares Braga,26.0,Attacker,Portugal,Striker,49.0,1.0,72.0,4.0,120.0,14.0,8.0,30.0,24.0,6.0,12.0,18.0,19.0,32.0,4.0,2.0,581.0,6.0,38.0,9.0,4.0,3.0,2.0,4.0,0.0,0.0,72.73,50.0,9.09,22.22,20.0,35.96,43.75,50.0,2.7308681086335063,0.6458229920246306,8.0,13.0,0.38611397,7.0,9.0,14.0,0.5390378900000001,53.0,7.590361445783133,0.1549053356282272,11.153184165232355,0.6196213425129088,18.588640275387263,2.1686746987951806,1.2392426850258176,4.647160068846816,3.717728055077453,0.9294320137693632,1.8588640275387265,2.7882960413080893,2.943201376936317,4.95697074010327,0.6196213425129088,0.3098106712564544,0.9294320137693632,5.886402753872633,1.3941480206540446,0.6196213425129088,0.4647160068846815,0.3098106712564544,0.6196213425129088,0.0,0.0,72.73,50.0,9.09,22.22,20.0,35.96,43.75,50.0,0.4230260409242953,0.1000414273360012,1.2392426850258176,2.0137693631669533,0.0598111141135972,1.0843373493975903,1.3941480206540446,2.1686746987951806,0.0834998452667814,8.209982788296042,ST,94,67,89,83,91,94,86,100,100,92,100,94,95,85,67,70,74,97,82,77,59,91,94,50,52,45,70,58,24,18,52,73,42,100,85,98,94,94,97,86,88,88,91,88,58,67,64,76,73,48,100,97,82,100,88,85,61,48,55,52,76,58,52,42,85,79,50,52,45,70,58,24,18,52,73,42,82,58,82,85,88,91,67,70,67,79,Premiership
Heart of Midlothian,1hcbcuu846pa3iw6qskiws1cu,3usnd6k0t6bcwwq4m3fut3eqy,L. Mendy,Laurent Mendy,29.0,Midfielder,France,Midfielder,106.0,0.0,74.0,13.0,180.0,17.0,5.0,7.0,4.0,3.0,1.0,10.0,11.0,39.0,13.0,1.0,492.0,3.0,9.0,6.0,4.0,9.0,0.0,6.0,0.0,0.0,83.33,59.09,0.0,40.0,42.86,52.7,62.96,75.0,0.7354755689832051,0.2782181921070516,3.0,8.0,0.17540186,1.0,14.0,19.0,0.29608447,88.0,19.390243902439025,0.0,13.53658536585366,2.3780487804878048,32.926829268292686,3.109756097560976,0.9146341463414634,1.2804878048780488,0.7317073170731707,0.5487804878048781,0.1829268292682926,1.829268292682927,2.0121951219512195,7.134146341463414,2.3780487804878048,0.1829268292682926,0.5487804878048781,1.646341463414634,1.0975609756097562,0.7317073170731707,1.646341463414634,0.0,1.0975609756097562,0.0,0.0,83.33,59.09,0.0,40.0,42.86,52.7,62.96,75.0,0.1345382138383911,0.0508935717268996,0.5487804878048781,1.4634146341463414,0.0320857060975609,0.1829268292682926,2.5609756097560976,3.475609756097561,0.0541617932926829,16.097560975609756,DM/CM,57,30,26,74,41,100,69,72,85,57,37,89,93,87,94,91,89,81,50,83,67,46,61,50,52,44,85,30,50,81,67,85,76,93,48,67,59,59,22,44,52,19,44,41,30,19,63,26,96,59,67,70,52,30,78,81,78,89,89,81,74,41,78,48,46,52,50,52,44,85,30,50,81,67,85,76,81,41,63,63,67,15,26,33,15,33,Premiership
Heart of Midlothian,1hcbcuu846pa3iw6qskiws1cu,5zkdl1olsiy05l1aw15fk0178,J. Altena,Jordi Altena,22.0,Defender,Netherlands,Defender,102.0,5.0,104.0,19.0,201.0,10.0,4.0,2.0,0.0,2.0,0.0,10.0,11.0,38.0,15.0,0.0,493.0,2.0,4.0,11.0,5.0,5.0,0.0,2.0,0.0,0.0,81.38,65.52,23.81,50.0,100.0,53.52,62.5,41.67,0.1148704926945648,0.4407616205595197,1.0,16.0,0.32870462,4.0,21.0,22.0,0.5441117399999996,116.0,18.620689655172413,0.9127789046653144,18.98580121703854,3.4685598377281948,36.69371196754564,1.8255578093306288,0.7302231237322515,0.3651115618661257,0.0,0.3651115618661257,0.0,1.8255578093306288,2.0081135902636915,6.9371196754563895,2.738336713995943,0.0,0.3651115618661257,0.7302231237322515,2.0081135902636915,0.9127789046653144,0.9127789046653144,0.0,0.3651115618661257,0.0,0.0,81.38,65.52,23.81,50.0,100.0,53.52,62.5,41.67,0.0209702725000219,0.0804635818465654,0.1825557809330628,2.920892494929006,0.0600069286004056,0.7302231237322515,3.833671399594321,4.016227180527383,0.0993307436105476,21.176470588235293,RB/RCB,67,73,73,87,60,67,63,37,10,77,13,87,90,80,40,53,90,13,93,87,23,43,10,40,53,73,100,53,43,100,27,80,7,40,60,57,87,80,70,80,60,53,67,53,60,67,93,67,73,67,33,10,80,13,93,93,93,40,53,93,13,100,87,27,43,7,40,53,73,100,53,43,100,27,80,7,27,60,53,93,80,73,80,67,53,73,Premiership
Heart of Midlothian,1hcbcuu846pa3iw6qskiws1cu,6axbj3uylrbf0l29vj3vdmd3p,B. Spittal,Blair Spittal,30.0,Midfielder,Scotland,Midfielder,39.0,5.0,66.0,17.0,100.0,3.0,8.0,6.0,0.0,6.0,3.0,1.0,1.0,7.0,7.0,0.0,274.0,1.0,1.0,1.0,0.0,2.0,1.0,2.0,0.0,0.0,78.74,56.67,26.32,0.0,16.67,50.0,60.0,66.67,0.3133211544734484,0.7135494872815016,5.0,3.0,0.08291693,4.0,16.0,24.0,0.5949859900000005,65.0,12.81021897810219,1.6423357664233578,21.67883211678832,5.583941605839416,32.846715328467155,0.9854014598540146,2.6277372262773726,1.9708029197080288,0.0,1.9708029197080288,0.9854014598540146,0.3284671532846716,0.3284671532846716,2.2992700729927007,2.2992700729927007,0.0,0.3284671532846716,0.3284671532846716,0.3284671532846716,0.0,0.6569343065693432,0.3284671532846716,0.6569343065693432,0.0,0.0,78.74,56.67,26.32,0.0,16.67,50.0,60.0,66.67,0.1029157076737604,0.2343775688150917,1.6423357664233578,0.9854014598540146,0.0272354879562043,1.3138686131386863,5.255474452554745,7.883211678832117,0.1954333543795622,21.35036496350365,CM/AM,53,77,53,100,53,50,77,53,17,87,73,7,7,20,93,33,47,10,20,7,20,87,63,53,53,53,93,57,7,33,77,93,57,47,80,80,27,40,70,73,87,67,73,87,80,87,100,80,53,100,67,17,93,87,7,7,7,100,33,47,7,13,7,27,100,73,53,53,53,93,57,7,33,77,93,57,53,87,87,20,47,80,93,93,93,93,Premiership
Heart of Midlothian,1hcbcuu846pa3iw6qskiws1cu,769pk71w97o3z1x34npz8quh,C. Borchgrevink,Christian Borchgrevink,27.0,Defender,Norway,Defender,64.0,4.0,62.0,8.0,122.0,4.0,4.0,0.0,0.0,0.0,0.0,2.0,2.0,17.0,7.0,0.0,237.0,0.0,9.0,2.0,1.0,7.0,0.0,3.0,0.0,0.0,76.73,40.0,22.22,50.0,0.0,58.62,50.0,70.0,0.0,0.494069835308406,0.0,6.0,0.13128764,5.0,15.0,18.0,0.7334531999999997,60.0,24.303797468354432,1.518987341772152,23.54430379746836,3.037974683544304,46.32911392405063,1.518987341772152,1.518987341772152,0.0,0.0,0.0,0.0,0.759493670886076,0.759493670886076,6.455696202531645,2.6582278481012658,0.0,0.0,3.4177215189873418,0.759493670886076,0.379746835443038,2.6582278481012658,0.0,1.139240506329114,0.0,0.0,76.73,40.0,22.22,50.0,0.0,58.62,50.0,70.0,0.0,0.1876214564462301,0.0,2.278481012658228,0.0498560658227848,1.89873417721519,5.69620253164557,6.835443037974684,0.2785265316455695,22.78481012658228,RB/RCB,33,53,27,40,13,30,63,7,10,23,13,23,20,17,7,53,27,70,17,23,70,43,27,40,53,40,67,47,43,27,47,50,77,7,73,23,53,47,87,43,40,60,33,80,87,80,87,87,53,87,7,10,23,13,40,40,80,27,53,27,100,53,47,100,43,60,40,53,40,67,47,43,27,47,50,77,7,87,23,73,73,100,100,100,87,87,Premiership
Heart of Midlothian,1hcbcuu846pa3iw6qskiws1cu,8iazetrjur71kb2xfez7hromi,O. McEntee,Oisin McEntee,25.0,Midfielder,Republic of Ireland,Midfielder,163.0,1.0,43.0,23.0,205.0,17.0,1.0,3.0,2.0,1.0,2.0,0.0,0.0,25.0,40.0,1.0,405.0,1.0,3.0,2.0,0.0,5.0,0.0,5.0,0.0,0.0,82.0,41.82,100.0,0.0,33.33,69.44,85.0,83.33,0.2870333241462729,0.0467630722215856,1.0,1.0,0.02953272,1.0,7.0,13.0,0.3869799800000001,113.0,36.22222222222222,0.2222222222222222,9.555555555555555,5.111111111111111,45.55555555555556,3.7777777777777777,0.2222222222222222,0.6666666666666666,0.4444444444444444,0.2222222222222222,0.4444444444444444,0.0,0.0,5.555555555555555,8.88888888888889,0.2222222222222222,0.2222222222222222,0.6666666666666666,0.4444444444444444,0.0,1.1111111111111112,0.0,1.1111111111111112,0.0,0.0,82.0,41.82,100.0,0.0,33.33,69.44,85.0,83.33,0.0637851831436162,0.010391793827019,0.2222222222222222,0.2222222222222222,0.0065628266666666,0.2222222222222222,1.5555555555555556,2.888888888888889,0.0859955511111111,25.11111111111111,RM/RCM,100,33,33,100,83,100,17,50,42,67,67,17,17,50,100,75,67,25,58,25,67,42,75,58,58,67,67,100,25,83,100,83,67,50,17,67,17,17,17,33,42,33,100,100,33,50,100,83,100,17,67,67,83,83,17,17,83,100,83,67,33,50,25,83,42,83,58,58,67,67,100,25,83,100,83,67,67,17,83,17,17,17,33,67,33,100,Premiership
Heart of Midlothian,1hcbcuu846pa3iw6qskiws1cu,b75m7mxo0evpz949k8ekwukbu,S. Kerjota,Sabah Kerjota,25.0,Attacker,Albania,Striker,38.0,5.0,77.0,6.0,110.0,0.0,6.0,12.0,9.0,3.0,4.0,16.0,17.0,23.0,1.0,1.0,326.0,3.0,27.0,7.0,6.0,8.0,1.0,2.0,0.0,0.0,81.48,54.55,26.32,37.5,25.0,42.59,0.0,80.0,0.9126146139537216,0.7045374749890254,7.0,21.0,0.63685175,5.0,8.0,14.0,0.6695727399999998,50.0,10.49079754601227,1.3803680981595092,21.257668711656443,1.656441717791411,30.3680981595092,0.0,1.656441717791411,3.312883435582822,2.4846625766871164,0.8282208588957055,1.1042944785276074,4.41717791411043,4.693251533742331,6.349693251533743,0.2760736196319018,0.2760736196319018,0.8282208588957055,7.45398773006135,1.9325153374233128,1.656441717791411,2.208588957055215,0.2760736196319018,0.5521472392638037,0.0,0.0,81.48,54.55,26.32,37.5,25.0,42.59,0.0,80.0,0.2519488198031747,0.1945042108865407,1.9325153374233128,5.7975460122699385,0.175817967791411,1.3803680981595092,2.208588957055215,3.8650306748466257,0.1848513699386502,13.803680981595091,RW,86,57,79,57,71,14,36,71,71,50,57,57,64,64,29,71,43,71,79,64,100,50,50,57,57,71,43,86,29,43,43,14,100,71,43,100,86,86,86,71,71,71,100,86,71,86,57,86,14,29,100,86,43,57,86,86,100,29,86,57,100,86,71,100,43,57,57,57,71,43,86,29,43,43,14,100,71,43,86,86,86,86,71,57,57,86,Premiership
Heart of Midlothian,1hcbcuu846pa3iw6qskiws1cu,bk1nh2axh3i5jamodh8kvf1uc,J. Wilson,James Wilson,19.0,Attacker,Scotland,Striker,24.0,1.0,23.0,1.0,46.0,3.0,5.0,6.0,6.0,0.0,0.0,1.0,1.0,8.0,0.0,3.0,336.0,4.0,9.0,3.0,0.0,1.0,0.0,1.0,0.0,0.0,92.0,50.0,100.0,0.0,66.67,28.57,15.0,50.0,1.0644954691740371,0.3475957206129845,0.0,4.0,0.11276621,1.0,4.0,5.0,0.13985917,11.0,6.428571428571429,0.2678571428571428,6.160714285714286,0.2678571428571428,12.321428571428571,0.8035714285714286,1.3392857142857142,1.6071428571428572,1.6071428571428572,0.0,0.0,0.2678571428571428,0.2678571428571428,2.142857142857143,0.0,0.8035714285714286,1.0714285714285714,2.4107142857142856,0.8035714285714286,0.0,0.2678571428571428,0.0,0.2678571428571428,0.0,0.0,92.0,50.0,100.0,0.0,66.67,28.57,15.0,50.0,0.2851327149573314,0.0931059965927637,0.0,1.0714285714285714,0.0302052348214285,0.2678571428571428,1.0714285714285714,1.3392857142857142,0.0374622776785714,2.946428571428571,ST,65,67,26,45,38,32,55,20,35,17,8,8,6,14,8,86,55,8,27,11,30,36,53,50,52,100,70,100,11,100,15,18,42,52,52,12,44,42,33,52,50,36,32,76,67,27,45,42,39,55,18,39,17,8,3,3,6,8,97,64,6,24,11,27,36,55,50,52,100,70,100,11,100,15,18,42,55,55,12,45,39,30,58,52,39,33,Premiership
Heart of Midlothian,1hcbcuu846pa3iw6qskiws1cu,cqfbp8me2n00cve66v797omvp,S. Findlay,Stuart Findlay,31.0,Defender,Scotland,Defender,187.0,0.0,67.0,19.0,254.0,18.0,0.0,2.0,2.0,0.0,0.0,1.0,1.0,24.0,36.0,0.0,472.0,1.0,7.0,3.0,1.0,0.0,0.0,4.0,0.0,0.0,86.39,45.24,0.0,100.0,50.0,64.86,69.23,0.0,0.2501339522546605,0.0,0.0,3.0,0.14364977,0.0,13.0,19.0,0.3659118099999999,152.0,35.65677966101695,0.0,12.77542372881356,3.6228813559322033,48.432203389830505,3.4322033898305087,0.0,0.3813559322033898,0.3813559322033898,0.0,0.0,0.1906779661016949,0.1906779661016949,4.576271186440678,6.864406779661017,0.0,0.1906779661016949,1.3347457627118644,0.5720338983050848,0.1906779661016949,0.0,0.0,0.7627118644067796,0.0,0.0,86.39,45.24,0.0,100.0,50.0,64.86,69.23,0.0,0.0476950332688971,0.0,0.0,0.5720338983050848,0.0273908459745762,0.0,2.4788135593220337,3.6228813559322033,0.0697713197033898,28.983050847457623,CB,38,50,43,67,43,52,14,45,50,43,31,60,55,33,48,40,64,74,57,62,7,45,29,45,52,52,52,50,83,86,52,52,7,52,17,43,55,76,21,36,52,33,38,48,50,48,81,52,43,14,48,48,43,31,62,57,33,48,40,76,67,52,62,7,45,29,45,52,52,52,50,83,86,52,52,7,57,17,43,57,86,21,29,48,29,43,Premiership
Heart of Midlothian,1hcbcuu846pa3iw6qskiws1cu,cu7va0dq02wylua4gxv5rrf85,C. Miller,Calvin Miller,28.0,Attacker,Scotland,Striker,47.0,5.0,77.0,9.0,119.0,7.0,9.0,11.0,6.0,5.0,6.0,18.0,18.0,28.0,9.0,1.0,479.0,4.0,21.0,6.0,7.0,5.0,0.0,3.0,0.0,0.0,78.81,64.29,12.5,38.89,36.36,44.44,46.67,62.5,0.7640286137608994,0.8093080564569727,6.0,13.0,0.46275294,2.0,5.0,9.0,0.4961811400000001,45.0,8.830897703549061,0.9394572025052192,14.467640918580376,1.6910229645093946,22.35908141962421,1.315240083507307,1.6910229645093946,2.066805845511482,1.1273486430062631,0.9394572025052192,1.1273486430062631,3.382045929018789,3.382045929018789,5.260960334029228,1.6910229645093946,0.1878914405010438,0.7515657620041754,3.9457202505219207,1.1273486430062631,1.315240083507307,0.9394572025052192,0.0,0.5636743215031316,0.0,0.0,78.81,64.29,12.5,38.89,36.36,44.44,46.67,62.5,0.143554436823551,0.1520620565368007,1.1273486430062631,2.44258872651357,0.0869473164926931,0.3757828810020877,0.9394572025052192,1.6910229645093946,0.0932281891440501,8.455114822546973,RW,100,57,79,86,100,100,71,50,36,86,100,86,86,100,100,71,57,43,50,86,71,21,79,57,57,43,57,14,43,86,71,71,86,57,57,79,50,71,29,50,43,43,86,71,29,43,71,43,100,43,14,29,71,71,57,57,57,100,71,43,29,29,57,71,21,71,57,57,43,57,14,43,86,71,71,86,14,29,43,29,43,29,43,43,29,57,Premiership
Heart of Midlothian,1hcbcuu846pa3iw6qskiws1cu,d9af8aedco8r1h0ognw2ildnu,J. McPake,Josh McPake,25.0,Attacker,Scotland,Striker,30.0,1.0,75.0,3.0,104.0,3.0,11.0,12.0,10.0,2.0,4.0,21.0,23.0,42.0,1.0,2.0,475.0,5.0,23.0,17.0,11.0,8.0,4.0,2.0,0.0,0.0,75.91,33.33,10.0,52.38,41.67,56.0,27.27,72.73,0.8886313651449851,1.0859336403378534,9.0,19.0,0.67231729,6.0,7.0,13.0,1.0244728599999997,45.0,5.684210526315789,0.1894736842105263,14.210526315789474,0.5684210526315789,19.705263157894738,0.5684210526315789,2.0842105263157893,2.273684210526316,1.8947368421052635,0.3789473684210526,0.7578947368421053,3.978947368421053,4.3578947368421055,7.957894736842105,0.1894736842105263,0.3789473684210526,0.9473684210526316,4.3578947368421055,3.221052631578948,2.0842105263157893,1.5157894736842106,0.7578947368421053,0.3789473684210526,0.0,0.0,75.91,33.33,10.0,52.38,41.67,56.0,27.27,72.73,0.1683722586590498,0.2057558476429617,1.7052631578947368,3.6,0.1273864338947368,1.136842105263158,1.3263157894736843,2.463157894736842,0.1941106471578947,8.526315789473685,LW,78,33,67,50,78,56,89,67,72,22,61,83,83,100,28,94,94,56,89,78,89,100,67,56,56,67,33,22,56,89,67,44,89,67,89,89,67,67,78,67,56,78,67,67,22,44,33,67,33,67,56,56,11,33,78,78,89,22,89,78,56,67,67,89,100,56,56,56,67,33,22,56,89,67,44,89,44,89,89,67,67,44,56,44,78,44,Premiership
Heart of Midlothian,1hcbcuu846pa3iw6qskiws1cu,eh8c98y5vpxqv2n9djm4ezoid,J. McCart,Jamie McCart,29.0,Defender,Scotland,Defender,199.0,0.0,99.0,16.0,298.0,19.0,2.0,0.0,0.0,0.0,0.0,0.0,0.0,32.0,31.0,0.0,462.0,0.0,5.0,6.0,0.0,3.0,1.0,10.0,0.0,0.0,86.13,47.06,0.0,0.0,0.0,64.0,59.38,42.86,0.0035811553716187,0.135676343639392,0.0,8.0,0.15644906,2.0,23.0,29.0,0.5616702199999997,208.0,38.76623376623376,0.0,19.285714285714285,3.1168831168831166,58.051948051948045,3.701298701298701,0.3896103896103896,0.0,0.0,0.0,0.0,0.0,0.0,6.233766233766233,6.038961038961038,0.0,0.0,0.974025974025974,1.1688311688311688,0.0,0.5844155844155844,0.1948051948051948,1.948051948051948,0.0,0.0,86.13,47.06,0.0,0.0,0.0,64.0,59.38,42.86,0.0006976276697958,0.0264304565531283,0.0,1.5584415584415583,0.0304770896103896,0.3896103896103896,4.48051948051948,5.649350649350649,0.1094162766233765,40.51948051948052,CB,43,50,69,43,48,62,64,10,12,43,31,24,21,71,38,40,26,50,81,26,38,95,83,45,52,48,71,50,26,26,43,29,17,14,62,43,88,90,62,81,76,62,62,67,50,81,57,67,57,67,10,12,43,31,24,21,81,29,40,26,52,90,26,43,95,90,45,52,48,71,50,26,26,43,29,17,14,67,43,90,90,62,86,90,71,67,Premiership
Heart of Midlothian,1hcbcuu846pa3iw6qskiws1cu,f0ip30hmi0fv1xocqg23npd9m,T. Magnússon,Tómas Magnússon,24.0,Midfielder,Iceland,Midfielder,63.0,0.0,54.0,10.0,117.0,7.0,7.0,3.0,2.0,1.0,0.0,8.0,8.0,19.0,7.0,0.0,294.0,1.0,6.0,4.0,4.0,2.0,0.0,2.0,0.0,0.0,73.58,43.48,0.0,50.0,33.33,43.18,46.67,50.0,0.3017164601784731,0.5501651164162475,0.0,3.0,0.10261436,2.0,11.0,11.0,0.2709939499999999,62.0,19.285714285714285,0.0,16.53061224489796,3.061224489795918,35.816326530612244,2.142857142857143,2.142857142857143,0.9183673469387756,0.6122448979591837,0.3061224489795918,0.0,2.4489795918367347,2.4489795918367347,5.816326530612245,2.142857142857143,0.0,0.3061224489795918,1.836734693877551,1.2244897959183674,1.2244897959183674,0.6122448979591837,0.0,0.6122448979591837,0.0,0.0,73.58,43.48,0.0,50.0,33.33,43.18,46.67,50.0,0.0923621816872876,0.1684178927804839,0.0,0.9183673469387756,0.0314125591836734,0.6122448979591837,3.36734693877551,3.36734693877551,0.082957331632653,18.97959183673469,DM/CM,15,30,17,56,15,67,91,22,50,20,11,72,67,24,39,41,54,63,30,83,9,46,15,50,52,7,41,30,72,74,19,44,17,33,89,15,30,37,37,24,17,15,19,37,30,26,81,33,89,100,41,63,22,11,93,93,63,81,41,70,81,52,89,15,46,22,50,52,7,41,30,72,74,19,44,17,59,93,15,37,63,44,41,30,26,41,Premiership
Heart of Midlothian,1hcbcuu846pa3iw6qskiws1cu,rs1rlzz0r2quf5bsydrcbzl5,H. Milne,Harry Milne,29.0,Defender,Scotland,Defender,59.0,1.0,75.0,5.0,133.0,10.0,9.0,4.0,2.0,2.0,1.0,7.0,7.0,26.0,6.0,0.0,269.0,0.0,8.0,3.0,3.0,10.0,0.0,3.0,0.0,0.0,79.17,33.33,16.67,42.86,0.0,56.52,76.92,90.91,0.2837544705860486,0.5049120808203901,2.0,5.0,0.10814317,2.0,8.0,20.0,1.0186535499999998,78.0,19.739776951672862,0.3345724907063197,25.092936802973977,1.6728624535315986,44.49814126394052,3.345724907063197,3.011152416356877,1.338289962825279,0.6691449814126395,0.6691449814126395,0.3345724907063197,2.3420074349442377,2.3420074349442377,8.698884758364311,2.007434944237918,0.0,0.0,2.676579925650558,1.003717472118959,1.003717472118959,3.345724907063197,0.0,1.003717472118959,0.0,0.0,79.17,33.33,16.67,42.86,0.0,56.52,76.92,90.91,0.0949364399730274,0.1689296924677885,0.6691449814126395,1.6728624535315986,0.0361817297397769,0.6691449814126395,2.676579925650558,6.691449814126394,0.3408134553903345,26.09665427509293,LB/LCB,12,24,47,29,35,79,88,50,47,68,62,68,68,62,6,35,18,53,47,65,94,44,41,50,50,53,53,24,41,18,71,82,94,35,59,71,53,47,47,29,41,65,47,59,35,82,47,82,94,100,71,71,88,82,94,82,100,12,35,18,88,65,88,100,44,71,50,50,53,53,24,41,18,71,82,94,65,88,88,65,59,76,53,76,94,82,Premiership
Hibernian,c9ky1957qli8v2lylfga7io8b,11mfhxezbxlrha648ys9buoes,M. Chaiwa,Miguel Chaiwa,22.0,Midfielder,Zambia,Midfielder,81.0,0.0,85.0,5.0,166.0,9.0,2.0,5.0,1.0,4.0,1.0,2.0,2.0,20.0,9.0,0.0,420.0,1.0,3.0,7.0,1.0,2.0,1.0,5.0,0.0,0.0,83.42,35.71,0.0,50.0,20.0,45.45,60.0,66.67,0.2942487190875985,0.1431597188885464,3.0,9.0,0.21449727,6.0,8.0,13.0,0.30524007,68.0,17.357142857142858,0.0,18.21428571428571,1.0714285714285714,35.57142857142857,1.9285714285714284,0.4285714285714285,1.0714285714285714,0.2142857142857142,0.8571428571428571,0.2142857142857142,0.4285714285714285,0.4285714285714285,4.285714285714286,1.9285714285714284,0.0,0.2142857142857142,0.6428571428571428,1.5,0.2142857142857142,0.4285714285714285,0.2142857142857142,1.0714285714285714,0.0,0.0,83.42,35.71,0.0,50.0,20.0,45.45,60.0,66.67,0.0630532969473425,0.0306770826189742,0.6428571428571428,1.9285714285714284,0.0459637007142857,1.2857142857142856,1.7142857142857142,2.7857142857142856,0.0654085864285714,14.571428571428571,DM/CM,37,30,33,30,37,83,13,54,28,72,37,13,11,31,63,41,54,30,63,22,9,93,50,50,52,48,19,30,72,52,28,78,57,30,15,67,65,70,78,11,28,22,26,30,30,41,26,30,81,13,52,26,74,37,11,11,26,67,41,56,33,67,19,7,93,48,50,52,48,19,30,72,52,28,78,57,41,22,70,74,78,78,15,26,19,26,Premiership
Hibernian,c9ky1957qli8v2lylfga7io8b,1cfh2cg8i2f4cqd7fraos96fp,J. McGrath,Jamie McGrath,29.0,Midfielder,Republic of Ireland,Midfielder,35.0,0.0,71.0,1.0,106.0,4.0,3.0,9.0,5.0,4.0,3.0,14.0,14.0,27.0,6.0,0.0,303.0,2.0,19.0,4.0,8.0,7.0,0.0,2.0,0.0,0.0,86.89,20.0,0.0,57.14,22.22,56.25,50.0,63.64,0.6096170068749,0.2386155407700754,3.0,12.0,0.36031245,5.0,10.0,22.0,0.4730449199999999,45.0,10.396039603960396,0.0,21.08910891089109,0.297029702970297,31.485148514851485,1.188118811881188,0.8910891089108911,2.6732673267326734,1.4851485148514851,1.188118811881188,0.8910891089108911,4.158415841584159,4.158415841584159,8.01980198019802,1.7821782178217822,0.0,0.594059405940594,5.643564356435643,1.188118811881188,2.376237623762376,2.07920792079208,0.0,0.594059405940594,0.0,0.0,86.89,20.0,0.0,57.14,22.22,56.25,50.0,63.64,0.181074358477693,0.0708759031990323,0.8910891089108911,3.5643564356435644,0.1070235,1.4851485148514851,2.9702970297029703,6.534653465346534,0.1405083920792079,13.366336633663366,LM/LCM,50,38,75,25,50,62,50,100,100,100,75,100,100,75,50,25,62,100,62,100,62,38,50,62,62,75,25,38,75,25,75,62,75,75,50,75,75,100,75,50,75,50,50,50,38,75,25,75,100,50,100,75,100,75,100,100,100,50,25,50,100,75,75,100,38,50,62,62,75,25,38,75,25,75,62,75,75,25,75,100,100,100,50,75,50,75,Premiership
Hibernian,c9ky1957qli8v2lylfga7io8b,1kw6qz2pi7wlam068oeirztud,J. Obita,Jordan Obita,32.0,Defender,Uganda,Defender,68.0,5.0,73.0,8.0,136.0,5.0,3.0,0.0,0.0,0.0,0.0,1.0,2.0,7.0,22.0,0.0,299.0,0.0,1.0,1.0,0.0,0.0,0.0,1.0,0.0,0.0,86.62,34.78,26.32,0.0,0.0,38.89,83.33,0.0,0.0,0.3463027295616986,0.0,3.0,0.05989318,2.0,17.0,23.0,0.6314151100000004,69.0,20.468227424749163,1.5050167224080266,21.97324414715719,2.4080267558528425,40.936454849498325,1.5050167224080266,0.903010033444816,0.0,0.0,0.0,0.0,0.3010033444816053,0.6020066889632106,2.1070234113712374,6.622073578595318,0.0,0.0,0.3010033444816053,0.3010033444816053,0.0,0.0,0.0,0.3010033444816053,0.0,0.0,86.62,34.78,26.32,0.0,0.0,38.89,83.33,0.0,0.0,0.1042382798011801,0.0,0.903010033444816,0.0180280474916387,0.6020066889632106,5.117056856187291,6.9230769230769225,0.1900580598662208,20.769230769230766,LB/LCB,24,68,41,62,41,32,35,12,15,18,26,15,24,6,76,35,18,18,15,12,6,44,6,50,50,94,65,59,12,18,12,94,6,12,41,18,44,35,47,65,59,35,35,65,82,76,76,65,59,47,12,15,18,26,12,29,6,100,35,18,18,24,12,6,44,6,50,50,94,65,59,12,18,12,94,6,12,59,18,47,41,65,82,82,59,65,Premiership
Hibernian,c9ky1957qli8v2lylfga7io8b,2zjxatr9s9esind5qke4wd3v9,G. Hanley,Grant Hanley,34.0,Defender,Scotland,Defender,252.0,0.0,65.0,10.0,317.0,18.0,2.0,3.0,3.0,0.0,2.0,0.0,0.0,29.0,30.0,0.0,413.0,0.0,7.0,3.0,0.0,7.0,1.0,7.0,0.0,0.0,92.96,50.0,0.0,0.0,0.0,78.38,81.82,77.78,0.3409193948453316,0.2864886662147659,0.0,0.0,0.0,0.0,12.0,17.0,0.3851719699999997,240.0,54.91525423728814,0.0,14.164648910411625,2.179176755447942,69.07990314769977,3.922518159806296,0.4358353510895884,0.6537530266343826,0.6537530266343826,0.0,0.4358353510895884,0.0,0.0,6.319612590799032,6.537530266343826,0.0,0.0,1.5254237288135597,0.6537530266343826,0.0,1.5254237288135597,0.2179176755447942,1.5254237288135597,0.0,0.0,92.96,50.0,0.0,0.0,0.0,78.38,81.82,77.78,0.0742923620728325,0.0624309442114501,0.0,0.0,0.0,0.0,2.6150121065375305,3.7046004842615017,0.0839357803874091,52.30024213075061,CB,71,50,38,21,52,52,64,67,67,43,93,24,21,60,29,40,26,74,57,26,86,95,57,45,52,95,79,50,26,26,100,86,64,62,86,43,10,10,21,24,38,38,76,86,50,52,29,71,67,81,71,76,43,100,24,21,86,33,40,26,86,62,26,100,100,76,45,52,95,79,50,26,26,100,86,64,67,95,43,10,10,21,33,52,48,95,Premiership
Hibernian,c9ky1957qli8v2lylfga7io8b,3xs4gkk9je0g3fl24wim4piad,J. Kerr,Jason Kerr,29.0,Defender,Scotland,Defender,229.0,0.0,166.0,15.0,395.0,32.0,4.0,10.0,9.0,1.0,5.0,3.0,3.0,54.0,36.0,0.0,630.0,3.0,17.0,9.0,2.0,7.0,0.0,9.0,0.0,0.0,86.06,35.71,0.0,66.67,30.0,70.13,72.73,63.64,1.1712960998677948,0.195803573366652,1.0,10.0,0.20502606,10.0,33.0,31.0,0.9478808200000004,257.0,32.714285714285715,0.0,23.714285714285715,2.142857142857143,56.42857142857143,4.571428571428571,0.5714285714285714,1.4285714285714286,1.2857142857142858,0.1428571428571428,0.7142857142857143,0.4285714285714285,0.4285714285714285,7.714285714285714,5.142857142857143,0.0,0.4285714285714285,2.4285714285714284,1.2857142857142858,0.2857142857142857,1.0,0.0,1.2857142857142858,0.0,0.0,86.06,35.71,0.0,66.67,30.0,70.13,72.73,63.64,0.1673280142668278,0.0279719390523788,0.1428571428571428,1.4285714285714286,0.0292894371428571,1.4285714285714286,4.714285714285714,4.428571428571429,0.1354115457142857,36.71428571428572,RB/RCB,100,13,100,80,100,100,63,100,100,50,100,43,40,100,87,53,100,93,80,47,70,43,70,40,53,100,40,13,80,73,100,100,53,100,33,57,73,73,97,100,93,80,100,100,13,87,53,100,100,50,93,100,47,100,33,27,100,80,53,100,80,80,33,43,43,67,40,53,100,40,13,80,73,100,100,53,100,27,47,60,47,90,87,80,60,100,Premiership
Hibernian,c9ky1957qli8v2lylfga7io8b,4an8xrcoiz0th7347aradjo5w,A. Šuto,Ante Suto,26.0,Attacker,Australia,Striker,11.0,0.0,23.0,1.0,34.0,6.0,6.0,7.0,7.0,0.0,3.0,2.0,2.0,15.0,2.0,0.0,219.0,1.0,18.0,3.0,1.0,3.0,0.0,4.0,0.0,0.0,68.0,25.0,0.0,50.0,14.29,32.61,35.29,60.0,0.9589351062529976,0.5070542347867117,1.0,1.0,0.02401521,1.0,1.0,1.0,0.23845824,9.0,4.52054794520548,0.0,9.45205479452055,0.4109589041095891,13.972602739726028,2.4657534246575343,2.4657534246575343,2.876712328767124,2.876712328767124,0.0,1.2328767123287672,0.8219178082191781,0.8219178082191781,6.164383561643836,0.8219178082191781,0.0,0.4109589041095891,7.397260273972603,1.2328767123287672,0.4109589041095891,1.2328767123287672,0.0,1.6438356164383563,0.0,0.0,68.0,25.0,0.0,50.0,14.29,32.61,35.29,60.0,0.3940829203779442,0.2083784526520733,0.4109589041095891,0.4109589041095891,0.0098692643835616,0.4109589041095891,0.4109589041095891,0.4109589041095891,0.0979965369863013,3.6986301369863015,ST,30,29,26,45,21,68,67,29,44,17,61,17,14,39,41,15,14,50,27,26,59,36,94,50,52,27,35,29,70,12,27,64,62,48,73,36,17,14,33,21,15,55,21,48,29,48,58,52,85,94,61,76,17,88,27,21,85,58,15,18,91,47,33,89,36,100,50,52,27,35,29,70,12,27,64,62,76,88,45,27,18,48,33,21,79,42,Premiership
Hibernian,c9ky1957qli8v2lylfga7io8b,4xbvoe0viskrxc7jiyd1iapcl,M. Boyle,Martin Boyle,33.0,Attacker,Australia,Striker,18.0,1.0,50.0,1.0,67.0,4.0,2.0,11.0,8.0,3.0,3.0,10.0,10.0,16.0,2.0,3.0,378.0,4.0,26.0,7.0,3.0,2.0,0.0,0.0,0.0,0.0,87.01,25.0,14.29,30.0,36.36,44.44,44.44,66.67,1.1721733097305984,0.1447951596357901,6.0,9.0,0.31526031,2.0,6.0,5.0,0.2862862599999999,17.0,4.285714285714286,0.238095238095238,11.904761904761903,0.238095238095238,15.952380952380953,0.9523809523809524,0.4761904761904761,2.619047619047619,1.9047619047619049,0.7142857142857143,0.7142857142857143,2.380952380952381,2.380952380952381,3.809523809523809,0.4761904761904761,0.7142857142857143,0.9523809523809524,6.19047619047619,1.6666666666666663,0.7142857142857143,0.4761904761904761,0.0,0.0,0.0,0.0,87.01,25.0,14.29,30.0,36.36,44.44,44.44,66.67,0.27908888326919,0.0344750380085214,1.4285714285714286,2.142857142857143,0.0750619785714285,0.4761904761904761,1.4285714285714286,1.1904761904761905,0.0681633952380952,4.047619047619048,ST,42,67,79,45,68,45,20,59,55,76,61,79,77,44,41,86,55,82,64,64,45,36,20,50,52,94,35,64,45,52,82,76,76,58,18,86,80,88,56,71,50,61,47,42,61,73,39,58,52,18,52,58,79,58,70,67,36,42,85,58,82,73,64,45,36,20,50,52,94,35,64,45,52,82,76,76,52,21,94,91,91,55,70,48,64,48,Premiership
Hibernian,c9ky1957qli8v2lylfga7io8b,6t0shi37whk2qqer7ogkqykgk,J. Devaney,Jacob Devaney,19.0,Midfielder,Republic of Ireland,Midfielder,84.0,0.0,57.0,4.0,141.0,3.0,3.0,2.0,1.0,1.0,1.0,1.0,1.0,15.0,1.0,0.0,254.0,0.0,3.0,1.0,1.0,7.0,0.0,4.0,0.0,0.0,87.04,40.0,0.0,100.0,0.0,45.45,37.5,70.0,0.1764404691331642,0.1663393924580283,0.0,0.0,0.0,1.0,15.0,18.0,0.2063285899999999,57.0,29.76377952755905,0.0,20.196850393700785,1.4173228346456692,49.96062992125984,1.062992125984252,1.062992125984252,0.7086614173228346,0.3543307086614173,0.3543307086614173,0.3543307086614173,0.3543307086614173,0.3543307086614173,5.314960629921259,0.3543307086614173,0.0,0.0,1.062992125984252,0.3543307086614173,0.3543307086614173,2.4803149606299213,0.0,1.4173228346456692,0.0,0.0,87.04,40.0,0.0,100.0,0.0,45.45,37.5,70.0,0.0625182764645069,0.0589391548079627,0.0,0.0,0.0,0.3543307086614173,5.314960629921259,6.377952755905511,0.0731085555118109,20.196850393700785,DM/CM,41,30,22,22,22,26,30,9,28,20,37,7,7,9,6,41,19,30,6,22,48,46,35,50,52,74,31,30,100,19,28,26,67,7,26,15,6,6,22,48,44,11,15,85,30,48,33,78,44,74,22,44,30,70,7,7,52,4,41,19,37,4,37,89,46,74,50,52,74,31,30,100,19,28,26,67,37,56,15,6,6,26,70,93,22,44,Premiership
Hibernian,c9ky1957qli8v2lylfga7io8b,7gik3tsvqcnvjikze1sqj2rfu,J. Mulligan,Josh Mulligan,23.0,Midfielder,Scotland,Midfielder,67.0,1.0,126.0,5.0,192.0,10.0,10.0,18.0,11.0,7.0,11.0,13.0,15.0,36.0,4.0,0.0,615.0,4.0,26.0,4.0,6.0,12.0,1.0,4.0,0.0,0.0,85.33,55.56,33.33,46.15,22.22,46.15,62.5,75.0,1.2743884407014303,0.5666840010846937,9.0,18.0,0.5066124299999999,6.0,24.0,22.0,0.64711417,95.0,9.804878048780488,0.1463414634146341,18.439024390243905,0.7317073170731707,28.09756097560976,1.4634146341463414,1.4634146341463414,2.6341463414634148,1.6097560975609757,1.024390243902439,1.6097560975609757,1.902439024390244,2.1951219512195124,5.2682926829268295,0.5853658536585367,0.0,0.5853658536585367,3.804878048780488,0.5853658536585367,0.8780487804878049,1.7560975609756098,0.1463414634146341,0.5853658536585367,0.0,0.0,85.33,55.56,33.33,46.15,22.22,46.15,62.5,75.0,0.186495869370941,0.0829293660123942,1.3170731707317074,2.6341463414634148,0.0741384043902438,0.8780487804878049,3.5121951219512195,3.2195121951219514,0.0946996346341463,13.902439024390244,CM/AM,87,27,87,67,87,100,87,93,100,93,100,100,100,100,57,33,80,100,70,93,100,87,90,53,53,87,87,77,47,40,63,100,73,93,53,93,100,93,87,87,80,73,87,60,20,73,40,73,83,43,87,87,80,100,73,87,80,27,33,80,80,40,67,93,73,67,53,53,87,87,77,47,40,63,100,73,87,27,80,93,93,73,67,60,47,73,Premiership
Hibernian,c9ky1957qli8v2lylfga7io8b,88llk7uinnhsg3xcipf05d9g4,N. Lowe,Nathan Lowe,21.0,Attacker,England,Striker,11.0,0.0,29.0,0.0,40.0,9.0,7.0,13.0,11.0,2.0,4.0,8.0,9.0,23.0,2.0,1.0,400.0,4.0,22.0,7.0,5.0,1.0,1.0,0.0,0.0,0.0,68.97,0.0,0.0,62.5,30.77,34.85,23.68,50.0,2.153180960500565,0.4739157920078227,2.0,4.0,0.10027021,1.0,2.0,3.0,0.11819098,14.0,2.475,0.0,6.525,0.0,9.0,2.025,1.575,2.925,2.475,0.4499999999999999,0.8999999999999999,1.7999999999999998,2.025,5.175,0.4499999999999999,0.2249999999999999,0.8999999999999999,4.95,1.575,1.125,0.2249999999999999,0.2249999999999999,0.0,0.0,0.0,68.97,0.0,0.0,62.5,30.77,34.85,23.68,50.0,0.4844657161126271,0.1066310532017601,0.4499999999999999,0.8999999999999999,0.02256079725,0.2249999999999999,0.4499999999999999,0.6749999999999999,0.0265929705,3.15,ST,30,29,33,15,24,82,76,68,76,58,80,62,64,76,41,47,55,67,64,86,30,79,20,50,52,30,15,29,82,45,39,33,42,91,67,56,44,33,33,38,32,27,39,15,29,33,15,17,67,79,64,67,61,76,55,58,67,38,42,47,55,70,88,21,76,20,50,52,30,15,29,82,45,39,33,42,94,70,52,39,30,24,36,30,24,36,Premiership
Hibernian,c9ky1957qli8v2lylfga7io8b,944ptuekuetkjifbeaycqcoh5,C. Wright,Callum Wright,26.0,Midfielder,England,Midfielder,14.0,2.0,63.0,1.0,75.0,7.0,4.0,8.0,5.0,3.0,2.0,12.0,12.0,21.0,2.0,2.0,320.0,5.0,21.0,3.0,4.0,6.0,0.0,1.0,0.0,0.0,75.0,12.5,22.22,33.33,62.5,44.68,58.33,85.71,0.5983064688865305,0.4595411057742108,6.0,11.0,0.61929272,5.0,8.0,18.0,0.3464631099999999,36.0,3.9375,0.5625,17.71875,0.28125,21.09375,1.96875,1.125,2.25,1.40625,0.84375,0.5625,3.375,3.375,5.90625,0.5625,0.5625,1.40625,5.90625,0.84375,1.125,1.6875,0.0,0.28125,0.0,0.0,75.0,12.5,22.22,33.33,62.5,44.68,58.33,85.71,0.1682736943743367,0.1292459359989968,1.6875,3.09375,0.1741760775,1.40625,2.25,5.0625,0.0974427496874999,10.125,CM/AM,10,53,47,13,47,90,30,73,67,63,57,90,87,73,23,90,90,87,50,67,80,37,30,53,53,33,13,40,27,100,47,87,87,67,33,87,90,100,80,53,73,40,47,13,60,67,13,20,100,27,80,80,73,60,100,100,100,20,93,87,93,60,93,87,37,27,53,53,33,13,40,27,100,47,87,87,73,47,93,100,100,87,53,80,53,47,Premiership
Hibernian,c9ky1957qli8v2lylfga7io8b,apgbqplqtvuc1dmdxi5gqhd04,A. Mayor,Adam Mayor,21.0,Attacker,England,Striker,57.0,11.0,116.0,12.0,162.0,3.0,10.0,6.0,3.0,3.0,2.0,8.0,9.0,18.0,9.0,1.0,464.0,1.0,10.0,2.0,1.0,5.0,0.0,5.0,0.0,0.0,79.8,46.15,16.18,12.5,16.67,40.0,50.0,41.67,0.4226142563555302,1.0496109954507968,3.0,11.0,0.24980659,8.0,11.0,30.0,1.4176789,79.0,11.05603448275862,2.133620689655172,22.5,2.327586206896552,31.422413793103445,0.5818965517241379,1.939655172413793,1.1637931034482758,0.5818965517241379,0.5818965517241379,0.3879310344827586,1.5517241379310345,1.7456896551724137,3.4913793103448274,1.7456896551724137,0.1939655172413793,0.1939655172413793,1.939655172413793,0.3879310344827586,0.1939655172413793,0.9698275862068964,0.0,0.9698275862068964,0.0,0.0,79.8,46.15,16.18,12.5,16.67,40.0,50.0,41.67,0.0819725928275812,0.2035883396348528,0.5818965517241379,2.133620689655172,0.0484538644396551,1.5517241379310345,2.133620689655172,5.818965517241379,0.2749808211206896,15.323275862068964,LW,100,100,89,100,89,56,67,28,22,61,22,44,44,33,100,72,28,39,11,11,67,39,100,56,56,78,50,44,11,33,22,89,11,22,78,44,56,56,89,89,100,100,100,89,100,89,100,89,44,56,11,22,33,11,33,33,11,89,67,22,22,11,11,56,39,89,56,56,78,50,44,11,33,22,89,11,22,78,33,56,44,78,67,100,100,100,Premiership
Hibernian,c9ky1957qli8v2lylfga7io8b,culbbgu1o5fdbl3gxz54rbn4l,F. Passlack,Felix Passlack,28.0,Defender,Germany,Defender,68.0,10.0,151.0,7.0,209.0,2.0,13.0,6.0,3.0,3.0,3.0,5.0,5.0,20.0,10.0,0.0,554.0,1.0,20.0,4.0,3.0,6.0,1.0,4.0,0.0,0.0,79.17,35.0,34.48,60.0,16.67,43.48,18.18,50.0,0.415536704088998,1.341420983879965,3.0,19.0,0.5240409100000001,4.0,20.0,24.0,1.7230009500000008,69.0,11.046931407942235,1.624548736462094,24.530685920577618,1.1371841155234657,33.95306859205776,0.3249097472924188,2.111913357400722,0.9747292418772564,0.4873646209386281,0.4873646209386281,0.4873646209386281,0.8122743682310469,0.8122743682310469,3.249097472924188,1.624548736462094,0.0,0.1624548736462094,3.249097472924188,0.6498194945848376,0.4873646209386281,0.9747292418772564,0.1624548736462094,0.6498194945848376,0.0,0.0,79.17,35.0,34.48,60.0,16.67,43.48,18.18,50.0,0.0675059627581404,0.2179203764425935,0.4873646209386281,3.0866425992779782,0.0851329998194946,0.6498194945848376,3.249097472924188,3.898916967509025,0.2799099016245488,11.209386281588449,RB/RCB,47,93,93,30,67,10,93,83,77,100,87,57,57,30,13,53,67,100,53,67,47,90,47,40,53,50,33,87,70,63,13,7,27,80,93,93,97,100,70,73,70,93,47,20,93,100,27,60,7,93,87,80,100,87,47,47,20,7,53,67,93,33,60,33,93,33,40,53,50,33,87,70,63,13,7,27,80,93,93,100,100,53,67,60,93,33,Premiership
Hibernian,c9ky1957qli8v2lylfga7io8b,dxk79tuyij7y3gg7j1ad651t6,J. Iredale,Jack Iredale,30.0,Defender,Australia,Defender,60.0,0.0,66.0,7.0,126.0,8.0,3.0,3.0,3.0,0.0,2.0,1.0,2.0,16.0,7.0,0.0,213.0,0.0,5.0,2.0,0.0,3.0,0.0,2.0,0.0,0.0,82.89,33.33,0.0,0.0,0.0,69.57,80.0,50.0,0.2946158500672983,0.1532362371565855,0.0,1.0,0.01870347,0.0,20.0,25.0,0.4056024599999999,82.0,25.352112676056336,0.0,27.88732394366197,2.9577464788732395,53.23943661971831,3.380281690140845,1.267605633802817,1.267605633802817,1.267605633802817,0.0,0.8450704225352113,0.4225352112676056,0.8450704225352113,6.76056338028169,2.9577464788732395,0.0,0.0,2.112676056338028,0.8450704225352113,0.0,1.267605633802817,0.0,0.8450704225352113,0.0,0.0,82.89,33.33,0.0,0.0,0.0,69.57,80.0,50.0,0.1244855704509711,0.0647477058408107,0.0,0.4225352112676056,0.0079028746478873,0.0,8.450704225352112,10.56338028169014,0.1713813211267605,34.647887323943664,LB/LCB,18,9,29,50,24,59,35,35,71,18,88,15,24,35,12,35,18,47,29,12,35,44,18,50,50,71,53,9,12,18,100,88,44,41,24,18,26,29,9,76,76,29,53,71,9,88,94,88,100,76,65,88,18,100,29,41,94,29,35,18,76,41,12,82,44,41,50,50,71,53,9,12,18,100,88,44,71,41,18,29,29,9,100,100,47,100,Premiership
Hibernian,c9ky1957qli8v2lylfga7io8b,puakkba90jtpban99qwkm80k,O. Elding,Owen Elding,20.0,Attacker,England,Striker,11.0,1.0,31.0,1.0,41.0,1.0,5.0,7.0,4.0,3.0,4.0,3.0,3.0,7.0,1.0,0.0,200.0,2.0,10.0,2.0,2.0,1.0,0.0,2.0,0.0,0.0,78.85,33.33,16.67,66.67,28.57,35.0,11.11,50.0,0.8094342617262305,0.4358734039001574,3.0,4.0,0.11495399,0.0,5.0,5.0,0.42804283,20.0,4.95,0.4499999999999999,13.95,0.4499999999999999,18.45,0.4499999999999999,2.25,3.15,1.7999999999999998,1.35,1.7999999999999998,1.35,1.35,3.15,0.4499999999999999,0.0,0.8999999999999999,4.5,0.8999999999999999,0.8999999999999999,0.4499999999999999,0.0,0.8999999999999999,0.0,0.0,78.85,33.33,16.67,66.67,28.57,35.0,11.11,50.0,0.3642454177768037,0.1961430317550708,1.35,1.7999999999999998,0.0517292955,0.0,2.25,2.25,0.1926192735,9.0,ST,30,67,38,45,27,14,55,29,15,76,80,24,23,6,23,15,29,12,17,44,30,36,73,50,52,73,45,70,88,38,42,15,42,30,61,70,44,45,11,61,50,79,55,55,85,79,61,73,21,91,70,48,94,97,42,39,27,38,15,47,48,33,82,39,36,94,50,52,73,45,70,88,38,42,15,42,67,85,88,76,79,11,88,73,100,88,Premiership
Kilmarnock,enzoyc121va61wtmjf4cm7p3d,3agoezihnwgu4ak8bnwtmyqj9,A. Tshibola,Aaron Tshibola,31.0,Midfielder,Congo DR,Midfielder,68.0,0.0,97.0,9.0,165.0,7.0,3.0,4.0,3.0,1.0,0.0,7.0,7.0,17.0,8.0,0.0,299.0,3.0,5.0,3.0,3.0,3.0,0.0,4.0,0.0,0.0,87.77,56.25,0.0,42.86,75.0,36.17,63.64,75.0,0.5424275626358259,0.3014765916970032,0.0,3.0,0.05310256,1.0,25.0,18.0,0.4905211099999997,106.0,20.468227424749163,0.0,29.19732441471572,2.709030100334448,49.66555183946488,2.1070234113712374,0.903010033444816,1.2040133779264213,0.903010033444816,0.3010033444816053,0.0,2.1070234113712374,2.1070234113712374,5.117056856187291,2.4080267558528425,0.0,0.903010033444816,1.5050167224080266,0.903010033444816,0.903010033444816,0.903010033444816,0.0,1.2040133779264213,0.0,0.0,87.77,56.25,0.0,42.86,75.0,36.17,63.64,75.0,0.163272510492389,0.0907454623837133,0.0,0.903010033444816,0.0159840481605351,0.3010033444816053,7.525083612040134,5.418060200668896,0.1476484946488293,31.906354515050165,DM/CM,19,30,52,46,31,67,30,39,67,20,11,63,59,15,50,41,89,48,13,65,17,46,35,50,52,78,74,30,61,100,4,91,76,67,56,15,30,26,22,61,44,44,61,52,30,81,74,70,85,52,56,81,19,11,85,85,44,93,41,96,67,30,85,22,46,59,50,52,78,74,30,61,100,4,91,76,89,78,15,33,22,22,96,78,81,85,Premiership
Kilmarnock,enzoyc121va61wtmjf4cm7p3d,3g3cjokfq1lnmycnv4t2gjaol,M. O'Hara,Mark O'Hara,30.0,Midfielder,Scotland,Midfielder,20.0,0.0,24.0,2.0,44.0,10.0,0.0,3.0,2.0,1.0,3.0,0.0,0.0,20.0,3.0,0.0,212.0,0.0,4.0,1.0,0.0,7.0,0.0,1.0,0.0,0.0,68.75,20.0,0.0,0.0,0.0,68.97,71.43,77.78,0.3546100359377804,0.0,1.0,1.0,0.0174506,0.0,4.0,4.0,0.06660027,18.0,8.49056603773585,0.0,10.18867924528302,0.8490566037735848,18.67924528301887,4.245283018867925,0.0,1.2735849056603774,0.8490566037735848,0.4245283018867924,1.2735849056603774,0.0,0.0,8.49056603773585,1.2735849056603774,0.0,0.0,1.6981132075471697,0.4245283018867924,0.0,2.971698113207548,0.0,0.4245283018867924,0.0,0.0,68.75,20.0,0.0,0.0,0.0,68.97,71.43,77.78,0.1505419963886803,0.0,0.4245283018867924,0.4245283018867924,0.0074082735849056,0.0,1.6981132075471697,1.6981132075471697,0.0282736995283018,7.641509433962264,DM/CM,4,30,4,7,4,93,4,22,50,20,85,4,4,31,15,41,19,39,6,6,48,46,7,50,52,4,4,30,6,19,96,96,81,44,4,35,11,11,7,7,6,7,4,4,30,4,22,4,100,4,63,74,41,100,4,4,93,30,41,19,78,7,6,96,46,11,50,52,4,4,30,6,19,96,96,81,85,4,52,15,15,7,11,7,7,4,Premiership
Kilmarnock,enzoyc121va61wtmjf4cm7p3d,4j14wvtclmprw5o8wtwzd1atw,E. Ring,Erik Ring,24.0,Midfielder,Sweden,Midfielder,23.0,6.0,52.0,2.0,69.0,6.0,6.0,3.0,2.0,1.0,1.0,19.0,19.0,27.0,12.0,0.0,456.0,0.0,14.0,1.0,11.0,4.0,0.0,4.0,0.0,0.0,66.35,18.18,35.29,57.89,0.0,48.21,54.55,44.44,0.3113400434704896,0.6669043313497821,1.0,7.0,0.23860394,3.0,10.0,13.0,0.92303819,31.0,4.539473684210527,1.1842105263157896,10.263157894736842,0.3947368421052631,13.61842105263158,1.1842105263157896,1.1842105263157896,0.5921052631578948,0.3947368421052631,0.1973684210526315,0.1973684210526315,3.75,3.75,5.328947368421053,2.368421052631579,0.0,0.0,2.763157894736842,0.1973684210526315,2.171052631578948,0.7894736842105263,0.0,0.7894736842105263,0.0,0.0,66.35,18.18,35.29,57.89,0.0,48.21,54.55,44.44,0.0614486927902282,0.1316258548716675,0.1973684210526315,1.381578947368421,0.0470928828947368,0.5921052631578948,1.973684210526316,2.5657894736842106,0.1821785901315789,6.11842105263158,RM/RCM,50,100,50,33,33,50,83,50,42,67,17,83,75,67,67,25,25,67,25,100,33,42,50,58,58,33,33,83,100,25,50,58,17,67,83,67,50,50,42,67,42,100,33,33,100,67,33,33,50,67,50,50,50,17,67,67,67,67,25,25,67,17,100,33,42,50,58,58,33,33,83,100,25,50,58,17,50,67,67,50,67,33,50,33,100,33,Premiership
Kilmarnock,enzoyc121va61wtmjf4cm7p3d,610qf6vm0fsq97hvdcpj4ka95,T. Lowery,Tom Lowery,28.0,Midfielder,Wales,Midfielder,153.0,1.0,147.0,15.0,299.0,2.0,7.0,4.0,4.0,0.0,2.0,10.0,10.0,26.0,4.0,0.0,610.0,0.0,10.0,8.0,4.0,6.0,2.0,4.0,0.0,0.0,86.92,48.39,25.0,40.0,0.0,49.06,25.0,50.0,0.3554903143073006,0.5872204848169168,0.0,19.0,0.5632468199999999,11.0,27.0,32.0,0.8810529099999997,155.0,22.57377049180328,0.1475409836065573,21.688524590163933,2.2131147540983607,44.114754098360656,0.2950819672131147,1.0327868852459017,0.5901639344262295,0.5901639344262295,0.0,0.2950819672131147,1.475409836065574,1.475409836065574,3.836065573770492,0.5901639344262295,0.0,0.0,1.475409836065574,1.180327868852459,0.5901639344262295,0.8852459016393442,0.2950819672131147,0.5901639344262295,0.0,0.0,86.92,48.39,25.0,40.0,0.0,49.06,25.0,50.0,0.0524493906355033,0.0866390879238074,0.0,2.8032786885245904,0.0831019898360655,1.6229508196721312,3.9836065573770494,4.721311475409836,0.1299914129508196,22.868852459016395,DM/CM,81,69,81,81,78,17,91,39,85,4,67,89,87,56,24,41,19,91,72,83,35,98,35,50,52,70,56,72,50,19,56,15,17,52,93,15,96,100,94,69,81,85,80,63,59,56,56,56,15,70,15,59,4,52,63,59,7,11,41,19,59,44,67,19,96,19,50,52,70,56,72,50,19,56,15,17,26,74,15,89,100,89,52,56,74,56,Premiership
Kilmarnock,enzoyc121va61wtmjf4cm7p3d,6labkb3fm12densy1sc4wvdhw,B. Rice,Bailey Rice,19.0,Midfielder,Scotland,Midfielder,26.0,1.0,43.0,7.0,68.0,2.0,1.0,3.0,0.0,3.0,1.0,2.0,2.0,6.0,4.0,0.0,219.0,1.0,1.0,0.0,1.0,3.0,0.0,1.0,0.0,0.0,70.83,38.89,14.29,50.0,33.33,28.57,20.0,100.0,0.1940550747142304,0.1713305889950601,0.0,3.0,0.05929272,0.0,5.0,7.0,0.1392509,29.0,10.684931506849315,0.4109589041095891,17.67123287671233,2.876712328767124,27.945205479452056,0.8219178082191781,0.4109589041095891,1.2328767123287672,0.0,1.2328767123287672,0.4109589041095891,0.8219178082191781,0.8219178082191781,2.4657534246575343,1.6438356164383563,0.0,0.4109589041095891,0.4109589041095891,0.0,0.4109589041095891,1.2328767123287672,0.0,0.4109589041095891,0.0,0.0,70.83,38.89,14.29,50.0,33.33,28.57,20.0,100.0,0.0797486608414645,0.0704098310938603,0.0,1.2328767123287672,0.0243668712328767,0.0,2.054794520547945,2.876712328767124,0.0572263972602739,11.917808219178085,CM/AM,37,27,33,73,33,33,13,30,17,63,37,20,20,10,57,33,47,10,7,30,47,37,30,53,53,20,53,27,67,63,13,27,97,27,13,17,27,20,10,23,33,13,37,67,40,60,87,67,40,13,47,17,87,47,20,20,13,87,33,60,13,7,33,53,37,47,53,53,20,53,27,67,63,13,27,97,33,20,17,40,20,10,47,47,20,67,Premiership
Kilmarnock,enzoyc121va61wtmjf4cm7p3d,8r6ckwdkz9mueryruzqhwjx4a,G. Stanger,George Stanger,26.0,Defender,New Zealand,Defender,158.0,0.0,77.0,9.0,235.0,12.0,1.0,2.0,2.0,0.0,0.0,1.0,2.0,25.0,50.0,1.0,612.0,1.0,6.0,4.0,1.0,7.0,0.0,8.0,0.0,0.0,84.53,30.0,0.0,100.0,50.0,59.52,52.17,87.5,0.2575315346626273,0.0551956457967467,0.0,6.0,0.12374563,3.0,20.0,30.0,0.4471401499999999,180.0,23.23529411764705,0.0,11.323529411764708,1.3235294117647058,34.55882352941177,1.7647058823529411,0.1470588235294117,0.2941176470588235,0.2941176470588235,0.0,0.0,0.1470588235294117,0.2941176470588235,3.6764705882352944,7.352941176470589,0.1470588235294117,0.1470588235294117,0.8823529411764706,0.5882352941176471,0.1470588235294117,1.0294117647058825,0.0,1.1764705882352942,0.0,0.0,84.53,30.0,0.0,100.0,50.0,59.52,52.17,87.5,0.0378722845092098,0.0081170067348156,0.0,0.8823529411764706,0.0181978867647058,0.4411764705882353,2.9411764705882355,4.411764705882353,0.0657559044117647,26.47058823529412,CB,29,50,52,14,33,24,40,45,50,43,31,60,74,40,76,90,64,62,67,62,86,45,69,45,52,29,5,50,83,86,33,14,90,57,43,43,71,67,76,60,81,43,43,5,50,29,5,5,19,33,29,38,43,31,57,67,24,67,90,57,43,57,57,81,45,52,45,52,29,5,50,83,86,33,14,90,38,38,43,71,67,71,48,71,24,29,Premiership
Kilmarnock,enzoyc121va61wtmjf4cm7p3d,8rzq8d8zcl26sodtb6wjmimtw,C. McCarthy,Cathal McCarthy,20.0,Defender,Republic of Ireland,Defender,147.0,0.0,54.0,20.0,201.0,7.0,0.0,5.0,4.0,1.0,1.0,3.0,4.0,26.0,29.0,0.0,450.0,2.0,6.0,7.0,2.0,5.0,0.0,13.0,0.0,0.0,80.72,44.44,0.0,66.67,40.0,65.0,63.64,50.0,0.596464030762998,0.0,1.0,3.0,0.05776645,1.0,15.0,15.0,0.4805460099999997,121.0,29.4,0.0,10.8,4.0,40.2,1.4,0.0,1.0,0.8,0.2,0.2,0.6,0.8,5.2,5.8,0.0,0.4,1.2,1.4,0.4,1.0,0.0,2.6,0.0,0.0,80.72,44.44,0.0,66.67,40.0,65.0,63.64,50.0,0.1192928061525996,0.0,0.2,0.6,0.0115532899999999,0.2,3.0,3.0,0.0961092019999999,24.2,CB,24,50,31,74,24,14,14,81,79,90,74,83,86,50,19,40,90,62,86,79,62,45,98,45,52,10,45,50,62,76,57,33,31,81,17,90,55,52,50,48,33,48,24,19,50,24,86,24,14,14,88,86,95,76,86,86,57,24,40,95,62,100,81,71,45,100,45,52,10,45,50,62,76,57,33,31,90,17,95,62,57,55,55,38,57,24,Premiership
Kilmarnock,enzoyc121va61wtmjf4cm7p3d,ctqn305re0qsih8mh5nufg89h,G. Kiltie,Greg Kiltie,29.0,Attacker,Scotland,Striker,57.0,12.0,126.0,6.0,171.0,1.0,12.0,12.0,9.0,3.0,3.0,18.0,19.0,35.0,3.0,1.0,619.0,6.0,17.0,20.0,6.0,6.0,0.0,5.0,0.0,0.0,80.28,37.5,29.27,33.33,50.0,47.3,10.0,75.0,1.2869326199644169,1.5069481318845557,1.0,9.0,0.27125774,5.0,21.0,22.0,1.04466996,72.0,8.287560581583199,1.7447495961227786,18.319870759289174,0.8723747980613893,24.8626817447496,0.1453957996768982,1.7447495961227786,1.7447495961227786,1.308562197092084,0.4361873990306946,0.4361873990306946,2.617124394184168,2.762520193861066,5.088852988691437,0.4361873990306946,0.1453957996768982,0.8723747980613893,2.47172859450727,2.9079159935379644,0.8723747980613893,0.8723747980613893,0.0,0.7269789983844911,0.0,0.0,80.28,37.5,29.27,33.33,50.0,47.3,10.0,75.0,0.1871145974100121,0.2191039287069628,0.1453957996768982,1.308562197092084,0.0394397360258481,0.7269789983844911,3.0533117932148626,3.1987075928917608,0.1518906242326332,10.468497576736672,ST,97,100,97,100,97,14,97,64,65,76,61,94,95,89,55,47,74,42,100,91,98,36,100,50,52,79,52,82,52,85,91,12,83,61,97,36,80,85,89,97,97,100,97,91,97,94,76,94,9,85,21,18,58,30,82,79,64,33,33,39,9,94,79,73,36,85,50,52,79,52,82,52,85,91,12,83,24,91,27,61,55,76,94,85,94,94,Premiership
Kilmarnock,enzoyc121va61wtmjf4cm7p3d,d4xnxle3pcv60nd7oauwfmuei,M. Schjønning-Larsen,Michael Schjønning-Larsen,25.0,Defender,Estonia,Defender,90.0,1.0,99.0,3.0,188.0,9.0,8.0,4.0,2.0,2.0,1.0,11.0,11.0,22.0,19.0,1.0,614.0,3.0,13.0,2.0,6.0,4.0,0.0,5.0,0.0,0.0,76.11,14.29,9.09,54.55,75.0,53.66,69.23,80.0,0.2577026144326709,0.8318965743364968,2.0,14.0,0.44215674,4.0,17.0,21.0,1.2730051800000004,88.0,13.192182410423452,0.1465798045602606,14.5114006514658,0.4397394136807818,27.55700325732899,1.3192182410423454,1.1726384364820848,0.5863192182410424,0.2931596091205212,0.2931596091205212,0.1465798045602606,1.6123778501628665,1.6123778501628665,3.224755700325733,2.785016286644951,0.1465798045602606,0.4397394136807818,1.905537459283388,0.2931596091205212,0.8794788273615636,0.5863192182410424,0.0,0.7328990228013029,0.0,0.0,76.11,14.29,9.09,54.55,75.0,53.66,69.23,80.0,0.037773998858209,0.121939237280594,0.2931596091205212,2.052117263843648,0.0648112485342019,0.5863192182410424,2.49185667752443,3.0781758957654723,0.1865968504885994,12.899022801302932,LB/LCB,65,24,71,15,65,68,79,50,47,68,62,82,82,53,53,85,82,88,29,88,53,44,65,50,50,24,12,18,59,94,47,76,76,29,82,71,85,88,82,65,47,82,71,24,18,47,12,29,41,65,35,35,47,53,71,65,24,24,71,82,65,18,76,29,44,29,50,50,24,12,18,59,94,47,76,76,29,71,59,76,82,59,47,35,53,41,Premiership
Kilmarnock,enzoyc121va61wtmjf4cm7p3d,epoveky29f4wroi3w6p1xcyy1,T. John-Jules,Tyreece John-Jules,25.0,Attacker,England,Striker,19.0,0.0,42.0,5.0,61.0,15.0,3.0,9.0,8.0,1.0,3.0,5.0,5.0,37.0,9.0,0.0,390.0,2.0,23.0,12.0,0.0,6.0,0.0,3.0,0.0,0.0,62.89,45.45,0.0,0.0,22.22,45.68,45.45,60.0,1.0888383148053884,0.2495797711802757,3.0,6.0,0.19728239,3.0,7.0,10.0,0.3902092499999999,26.0,4.384615384615385,0.0,9.692307692307692,1.153846153846154,14.076923076923078,3.4615384615384617,0.6923076923076924,2.076923076923077,1.8461538461538465,0.2307692307692307,0.6923076923076924,1.153846153846154,1.153846153846154,8.538461538461538,2.076923076923077,0.0,0.4615384615384615,5.307692307692308,2.7692307692307696,0.0,1.3846153846153848,0.0,0.6923076923076924,0.0,0.0,62.89,45.45,0.0,0.0,22.22,45.68,45.45,60.0,0.251270380339705,0.0575953318108328,0.6923076923076924,1.3846153846153848,0.0455267053846153,0.6923076923076924,1.6153846153846154,2.307692307692308,0.0900482884615384,6.0,ST,48,29,58,95,58,97,35,44,55,39,61,38,36,94,92,15,29,73,92,11,98,36,83,50,52,12,61,29,11,26,88,82,62,55,36,70,64,64,73,79,74,76,70,45,29,52,100,55,94,33,39,55,36,55,39,36,97,97,15,21,61,91,11,97,36,82,50,52,12,61,29,11,26,88,82,62,45,27,64,67,61,73,73,76,70,61,Premiership
Kilmarnock,enzoyc121va61wtmjf4cm7p3d,etlv5711rl4ssssl1do689rai,J. Hugill,Joe Hugill,22.0,Attacker,England,Striker,22.0,2.0,43.0,1.0,63.0,2.0,2.0,14.0,11.0,3.0,2.0,5.0,6.0,14.0,9.0,1.0,630.0,8.0,24.0,8.0,2.0,0.0,0.0,2.0,0.0,0.0,75.0,33.33,50.0,40.0,57.14,21.21,6.45,0.0,1.706052406587552,0.2066960448832334,1.0,7.0,0.19694067,3.0,1.0,4.0,0.2971043299999999,16.0,3.142857142857143,0.2857142857142857,6.142857142857143,0.1428571428571428,9.0,0.2857142857142857,0.2857142857142857,2.0,1.5714285714285714,0.4285714285714285,0.2857142857142857,0.7142857142857143,0.8571428571428571,2.0,1.2857142857142858,0.1428571428571428,1.1428571428571428,3.4285714285714284,1.1428571428571428,0.2857142857142857,0.0,0.0,0.2857142857142857,0.0,0.0,75.0,33.33,50.0,40.0,57.14,21.21,6.45,0.0,0.2437217723696502,0.0295280064118904,0.1428571428571428,1.0,0.0281343814285714,0.4285714285714285,0.1428571428571428,0.5714285714285714,0.0424434757142857,2.2857142857142856,ST,58,82,64,45,61,21,20,74,76,76,36,38,41,33,92,47,97,79,74,44,11,36,73,50,52,64,45,94,59,91,6,9,11,79,24,36,71,61,73,21,41,64,42,21,70,24,30,17,15,6,30,33,55,21,21,24,3,76,30,70,24,42,24,11,36,61,50,52,64,45,94,59,91,6,9,11,39,18,24,42,33,52,12,27,42,15,Premiership
Kilmarnock,enzoyc121va61wtmjf4cm7p3d,f104wb7oezb00w1lmyebcow6h,J. Brandon,Jamie Brandon,28.0,Defender,Scotland,Defender,62.0,5.0,76.0,10.0,133.0,4.0,6.0,2.0,2.0,0.0,1.0,11.0,13.0,20.0,19.0,0.0,429.0,0.0,5.0,2.0,6.0,6.0,0.0,3.0,1.0,0.0,80.12,38.46,38.46,54.55,0.0,41.67,36.36,75.0,0.1098700223086739,0.5414205587008751,1.0,5.0,0.11562419,3.0,15.0,20.0,0.7709129200000001,61.0,13.006993006993008,1.048951048951049,15.944055944055943,2.097902097902098,27.902097902097903,0.8391608391608392,1.2587412587412588,0.4195804195804196,0.4195804195804196,0.0,0.2097902097902098,2.307692307692308,2.7272727272727275,4.195804195804196,3.986013986013986,0.0,0.0,1.048951048951049,0.4195804195804196,1.2587412587412588,1.2587412587412588,0.0,0.6293706293706294,0.2097902097902098,0.0,80.12,38.46,38.46,54.55,0.0,41.67,36.36,75.0,0.0230496550297917,0.1135847325945891,0.2097902097902098,1.048951048951049,0.024256823076923,0.6293706293706294,3.146853146853147,4.195804195804196,0.1617299832167832,12.797202797202797,RB/RCB,27,73,50,50,27,30,83,37,60,23,50,97,100,30,67,53,27,27,17,100,47,43,27,87,53,67,60,100,60,27,7,13,90,33,80,57,40,40,53,43,53,67,40,47,73,53,47,40,33,80,40,67,23,67,100,100,27,67,53,27,40,13,100,67,43,27,87,53,67,60,100,60,27,7,13,90,33,73,67,40,33,47,53,73,73,47,Premiership
Motherwell,759fhii7hsnldanli06j5jmf6,1fu9y7gemoii89ejj7bkex78p,Regan Charles-Cook,Regan Charles-Cook,29.0,Attacker,Grenada,Striker,29.0,1.0,48.0,1.0,76.0,3.0,5.0,7.0,5.0,2.0,2.0,9.0,9.0,14.0,2.0,1.0,292.0,2.0,12.0,4.0,5.0,0.0,0.0,0.0,0.0,0.0,91.57,100.0,16.67,55.56,28.57,41.18,50.0,0.0,0.6791156623319882,0.2778128424355769,1.0,6.0,0.16239318,3.0,1.0,5.0,0.09739292,23.0,8.938356164383562,0.3082191780821918,14.794520547945206,0.3082191780821918,23.42465753424657,0.9246575342465754,1.5410958904109588,2.1575342465753424,1.5410958904109588,0.6164383561643836,0.6164383561643836,2.773972602739726,2.773972602739726,4.315068493150685,0.6164383561643836,0.3082191780821918,0.6164383561643836,3.6986301369863015,1.2328767123287672,1.5410958904109588,0.0,0.0,0.0,0.0,0.0,91.57,100.0,16.67,55.56,28.57,41.18,50.0,0.0,0.2093164712667087,0.0856272459561709,0.3082191780821918,1.8493150684931507,0.0500526924657534,0.9246575342465754,0.3082191780821918,1.5410958904109588,0.0300183657534246,7.089041095890411,ST,85,67,76,45,80,32,55,29,27,58,36,68,64,33,41,47,29,21,39,86,11,36,20,50,52,97,98,70,76,38,62,91,11,21,45,36,64,52,73,21,50,21,64,97,73,85,48,91,42,76,42,30,73,52,85,82,52,45,52,27,30,47,91,11,36,20,50,52,97,98,70,76,38,62,91,11,27,42,42,79,76,85,18,55,27,70,Premiership
Motherwell,759fhii7hsnldanli06j5jmf6,5he3j18ix8tre84r8uls8ytm2,J. Hodge,Joe Hodge,24.0,Midfielder,Republic of Ireland,Midfielder,168.0,0.0,192.0,7.0,360.0,0.0,6.0,4.0,1.0,3.0,3.0,7.0,9.0,19.0,9.0,0.0,409.0,0.0,1.0,4.0,3.0,11.0,0.0,4.0,0.0,0.0,91.6,58.33,0.0,42.86,0.0,47.5,0.0,91.67,0.1870657303486083,0.3130031785349055,3.0,14.0,0.28751949,4.0,54.0,52.0,0.8868377299999997,231.0,36.96821515892421,0.0,42.24938875305624,1.5403422982885089,79.21760391198045,0.0,1.3202933985330074,0.880195599022005,0.2200488997555012,0.6601466992665037,0.6601466992665037,1.5403422982885089,1.9804400977995111,4.180929095354523,1.9804400977995111,0.0,0.0,0.2200488997555012,0.880195599022005,0.6601466992665037,2.4205378973105134,0.0,0.880195599022005,0.0,0.0,91.6,58.33,0.0,42.86,0.0,47.5,0.0,91.67,0.0411636081451705,0.0688760050565806,0.6601466992665037,3.0806845965770173,0.0632683474327628,0.880195599022005,11.882640586797066,11.442542787286063,0.1951476667481662,50.83129584352079,DM/CM,89,30,93,39,93,6,81,39,28,57,85,63,76,24,63,41,19,13,30,65,83,46,35,50,52,96,81,30,61,19,44,6,96,19,63,67,89,81,57,100,100,89,100,96,30,100,37,100,6,81,33,30,59,78,67,78,15,74,41,19,15,26,74,85,46,37,50,52,96,81,30,61,19,44,6,96,15,63,74,93,89,59,100,100,89,100,Premiership
Motherwell,759fhii7hsnldanli06j5jmf6,5msckfem6wvr8h2egmxqgn5zo,J. Kanga,Jardell Kanga,20.0,Midfielder,Sweden,Midfielder,18.0,0.0,70.0,3.0,88.0,0.0,5.0,5.0,4.0,1.0,2.0,10.0,10.0,9.0,0.0,1.0,233.0,1.0,15.0,2.0,5.0,2.0,0.0,0.0,0.0,0.0,88.0,100.0,0.0,50.0,20.0,34.62,0.0,100.0,0.3529232490689954,0.4220305353385144,0.0,8.0,0.25615697,3.0,9.0,15.0,0.4116693099999999,47.0,6.952789699570815,0.0,27.03862660944206,1.1587982832618025,33.99141630901288,0.0,1.931330472103004,1.931330472103004,1.5450643776824031,0.3862660944206008,0.7725321888412017,3.862660944206009,3.862660944206009,3.476394849785408,0.0,0.3862660944206008,0.3862660944206008,5.793991416309012,0.7725321888412017,1.931330472103004,0.7725321888412017,0.0,0.0,0.0,0.0,88.0,100.0,0.0,50.0,20.0,34.62,0.0,100.0,0.1363222850481098,0.1630160866114433,0.0,3.0901287553648067,0.098944752360515,1.1587982832618025,3.476394849785408,5.793991416309012,0.1590138965665235,18.15450643776824,RM/RCM,33,17,83,50,50,17,58,83,83,67,67,50,50,17,17,75,67,92,58,50,17,42,17,58,58,83,100,17,83,50,17,17,92,83,50,25,67,67,42,50,67,50,50,50,17,83,50,67,17,100,100,83,100,100,83,83,17,17,100,83,100,67,83,17,42,17,58,58,83,100,17,83,50,17,17,92,83,100,25,100,100,83,100,100,83,83,Premiership
Motherwell,759fhii7hsnldanli06j5jmf6,65s454koas239vtre3amccavo,S. Palmer-Houlden,Seb Palmer-Houlden,22.0,Attacker,England,Striker,10.0,0.0,13.0,1.0,23.0,5.0,3.0,9.0,9.0,0.0,3.0,1.0,1.0,7.0,7.0,1.0,231.0,2.0,14.0,0.0,0.0,2.0,0.0,0.0,0.0,0.0,74.19,50.0,0.0,0.0,22.22,30.43,50.0,100.0,0.9037470236787192,0.2376842438991422,0.0,2.0,0.0995392099999999,0.0,1.0,1.0,0.04765825,3.0,3.896103896103896,0.0,5.064935064935065,0.3896103896103896,8.96103896103896,1.948051948051948,1.1688311688311688,3.506493506493506,3.506493506493506,0.0,1.1688311688311688,0.3896103896103896,0.3896103896103896,2.727272727272727,2.727272727272727,0.3896103896103896,0.7792207792207791,5.454545454545454,0.0,0.0,0.7792207792207791,0.0,0.0,0.0,0.0,74.19,50.0,0.0,0.0,22.22,30.43,50.0,100.0,0.3521092300046957,0.0926042508697956,0.0,0.7792207792207791,0.0387815103896103,0.0,0.3896103896103896,0.3896103896103896,0.0185681493506493,1.1688311688311688,ST,23,29,5,45,12,56,35,44,65,17,61,8,6,6,85,47,29,32,3,11,45,36,20,50,52,61,70,29,11,26,24,91,98,39,33,12,30,30,11,21,15,15,3,33,29,9,55,12,64,45,76,88,17,85,12,9,18,100,64,36,64,3,11,70,36,20,50,52,61,70,29,11,26,24,91,98,61,52,12,36,52,11,30,18,15,3,Premiership
Motherwell,759fhii7hsnldanli06j5jmf6,7w7ufa4v85hmj1qxnmqc4zgiy,I. Said,Ibrahim Said,24.0,Attacker,Nigeria,Striker,30.0,0.0,92.0,4.0,122.0,3.0,3.0,5.0,4.0,1.0,1.0,20.0,20.0,35.0,4.0,1.0,412.0,1.0,8.0,7.0,14.0,4.0,0.0,4.0,0.0,0.0,79.22,44.44,0.0,70.0,20.0,59.32,60.0,36.36,0.7348869470183873,0.2726912188444869,1.0,9.0,0.22239561,6.0,15.0,18.0,0.5105107500000001,68.0,6.553398058252427,0.0,20.09708737864078,0.8737864077669903,26.65048543689321,0.6553398058252428,0.6553398058252428,1.0922330097087378,0.8737864077669903,0.2184466019417476,0.2184466019417476,4.368932038834951,4.368932038834951,7.645631067961165,0.8737864077669903,0.2184466019417476,0.2184466019417476,1.7475728155339807,1.529126213592233,3.058252427184466,0.8737864077669903,0.0,0.8737864077669903,0.0,0.0,79.22,44.44,0.0,70.0,20.0,59.32,60.0,36.36,0.1605335563875118,0.0595684701359316,0.2184466019417476,1.966019417475728,0.0485815652912621,1.3106796116504855,3.2766990291262137,3.932038834951456,0.111519338592233,14.854368932038836,ST,88,29,94,83,94,32,35,14,15,39,20,100,100,89,67,47,14,3,64,100,76,36,94,50,52,76,58,29,94,18,100,100,24,27,42,36,80,73,94,94,94,85,94,79,29,97,79,97,27,30,9,12,33,15,97,97,91,61,39,9,3,67,100,76,36,91,50,52,76,58,29,94,18,100,100,24,15,30,33,82,67,94,97,91,85,97,Premiership
Motherwell,759fhii7hsnldanli06j5jmf6,a8orjr2go2szwgi7ej0sfbvca,A. Lowry,Alex Lowry,23.0,Midfielder,Scotland,Midfielder,54.0,5.0,161.0,14.0,210.0,0.0,13.0,21.0,6.0,15.0,5.0,12.0,13.0,19.0,4.0,2.0,452.0,10.0,11.0,5.0,9.0,3.0,1.0,1.0,0.0,0.0,81.71,48.28,26.32,75.0,47.62,44.19,0.0,60.0,1.4722246068653522,1.0269511780728957,11.0,10.0,0.2239128999999999,8.0,26.0,39.0,0.8873873099999997,102.0,10.752212389380531,0.995575221238938,32.057522123893804,2.7876106194690267,41.8141592920354,0.0,2.588495575221239,4.18141592920354,1.1946902654867255,2.9867256637168142,0.995575221238938,2.3893805309734515,2.588495575221239,3.7831858407079646,0.7964601769911505,0.3982300884955752,1.991150442477876,2.190265486725664,0.995575221238938,1.7920353982300885,0.5973451327433629,0.1991150442477876,0.1991150442477876,0.0,0.0,81.71,48.28,26.32,75.0,47.62,44.19,0.0,60.0,0.2931420677386763,0.2044814292623022,2.190265486725664,1.991150442477876,0.0445844269911504,1.592920353982301,5.176991150442478,7.765486725663717,0.1766921634955751,20.309734513274336,CM/AM,80,77,100,90,93,10,100,100,77,100,93,90,93,67,57,90,100,60,83,100,47,87,30,53,53,60,60,57,100,80,40,13,47,100,93,100,80,67,93,93,100,100,93,73,73,100,73,93,10,87,100,73,100,93,93,93,40,40,87,100,60,67,100,20,87,13,53,53,60,60,57,100,80,40,13,47,93,73,100,80,67,93,87,87,80,87,Premiership
Motherwell,759fhii7hsnldanli06j5jmf6,akopyu6vzbx7vg83jv7ish756,M. Moormann,Martin Moormann,25.0,Defender,Austria,Defender,402.0,0.0,106.0,20.0,508.0,12.0,3.0,2.0,1.0,1.0,1.0,2.0,2.0,23.0,30.0,0.0,605.0,1.0,4.0,2.0,2.0,5.0,0.0,4.0,1.0,0.0,91.86,52.63,0.0,100.0,50.0,74.19,75.0,71.43,0.1636296646788817,0.2934673698296669,1.0,2.0,0.03608883,1.0,21.0,21.0,0.7349537299999997,314.0,59.80165289256198,0.0,15.768595041322314,2.975206611570248,75.5702479338843,1.7851239669421488,0.4462809917355372,0.2975206611570248,0.1487603305785124,0.1487603305785124,0.1487603305785124,0.2975206611570248,0.2975206611570248,3.4214876033057853,4.462809917355372,0.0,0.1487603305785124,0.5950413223140496,0.2975206611570248,0.2975206611570248,0.743801652892562,0.0,0.5950413223140496,0.1487603305785124,0.0,91.86,52.63,0.0,100.0,50.0,74.19,75.0,71.43,0.0243416030100815,0.0436563029498678,0.1487603305785124,0.2975206611570248,0.0053685862809917,0.1487603305785124,3.12396694214876,3.12396694214876,0.1093319598347107,46.71074380165289,CB,100,50,86,74,100,24,83,45,31,90,74,76,74,29,29,40,64,36,38,79,62,45,29,93,52,81,86,50,83,86,81,67,52,38,95,90,40,38,50,69,62,81,100,100,50,71,48,86,24,86,33,29,86,62,76,76,14,10,40,62,29,29,76,57,45,19,90,52,81,86,50,83,86,81,67,52,29,86,90,43,33,48,62,43,67,76,Premiership
Motherwell,759fhii7hsnldanli06j5jmf6,avtbng9l03cdal3qxjtuhppg4,J. Knight-Lebel,Jamie Knight-Lebel,21.0,Defender,Canada,Defender,164.0,0.0,52.0,6.0,216.0,12.0,3.0,1.0,1.0,0.0,1.0,0.0,0.0,13.0,21.0,0.0,249.0,0.0,4.0,1.0,0.0,0.0,0.0,1.0,0.0,0.0,92.31,37.5,0.0,0.0,0.0,76.47,80.0,0.0,0.1059691849854705,0.1411607678994058,0.0,9.0,0.16526165,0.0,12.0,14.0,0.3153074999999999,140.0,59.27710843373494,0.0,18.795180722891565,2.1686746987951806,78.07228915662651,4.337349397590361,1.0843373493975903,0.3614457831325301,0.3614457831325301,0.0,0.3614457831325301,0.0,0.0,4.698795180722891,7.590361445783133,0.0,0.0,1.4457831325301205,0.3614457831325301,0.0,0.0,0.0,0.3614457831325301,0.0,0.0,92.31,37.5,0.0,0.0,0.0,76.47,80.0,0.0,0.0383021150549893,0.05102196430099,0.0,3.253012048192771,0.0597331265060241,0.0,4.337349397590361,5.0602409638554215,0.1139665662650602,50.60240963855422,CB,33,50,24,5,29,24,83,24,31,43,74,24,21,10,10,40,26,36,17,26,7,45,5,45,52,86,19,50,26,26,90,76,7,19,67,43,98,95,21,24,29,19,29,95,50,76,24,90,76,100,43,43,43,86,24,21,43,76,40,26,76,43,26,7,45,5,45,52,86,19,50,26,26,90,76,7,43,90,43,100,100,21,81,76,81,86,Premiership
Motherwell,759fhii7hsnldanli06j5jmf6,bofzw9xfhdsaar6kxio07ihyi,T. Maswanhise,Tawanda Maswanhise,23.0,Attacker,Zimbabwe,Striker,7.0,1.0,51.0,0.0,57.0,1.0,5.0,15.0,13.0,2.0,2.0,15.0,15.0,23.0,2.0,1.0,484.0,5.0,30.0,7.0,6.0,4.0,2.0,2.0,0.0,0.0,81.43,0.0,16.67,40.0,33.33,44.23,11.11,44.44,2.054589223772984,0.5548371995605557,4.0,7.0,0.2159988199999999,1.0,1.0,5.0,0.39445862,19.0,1.3016528925619837,0.1859504132231405,9.483471074380164,0.0,10.599173553719009,0.1859504132231405,0.9297520661157024,2.789256198347107,2.4173553719008263,0.371900826446281,0.371900826446281,2.789256198347107,2.789256198347107,4.276859504132231,0.371900826446281,0.1859504132231405,0.9297520661157024,5.578512396694214,1.3016528925619837,1.1157024793388428,0.743801652892562,0.371900826446281,0.371900826446281,0.0,0.0,81.43,0.0,16.67,40.0,33.33,44.23,11.11,44.44,0.3820517151643978,0.1031722065298553,0.743801652892562,1.3016528925619837,0.0401650698347107,0.1859504132231405,0.1859504132231405,0.9297520661157024,0.0733497433884297,3.5330578512396693,RW,14,14,29,14,14,29,14,100,100,21,29,43,43,64,64,71,86,93,79,64,57,86,50,57,57,57,14,29,64,57,57,29,43,100,29,29,14,29,14,14,14,14,14,14,14,14,14,14,29,14,43,71,14,29,29,29,43,43,57,71,57,71,43,57,71,43,57,57,57,14,29,64,57,57,29,43,100,14,29,14,14,14,14,14,14,14,Premiership
Motherwell,759fhii7hsnldanli06j5jmf6,bvesmwgntot79952ng81ok50q,L. Fadinger,Lukas Fadinger,25.0,Midfielder,Austria,Midfielder,247.0,1.0,239.0,14.0,485.0,6.0,4.0,9.0,3.0,6.0,2.0,9.0,9.0,30.0,11.0,1.0,599.0,6.0,10.0,11.0,2.0,7.0,0.0,9.0,0.0,0.0,91.34,66.67,9.09,22.22,66.67,42.86,54.55,63.64,0.5758978475660557,0.2990530854286075,6.0,17.0,0.3800102000000001,13.0,41.0,38.0,0.8329612600000001,230.0,37.1118530884808,0.1502504173622704,35.909849749582634,2.1035058430717863,72.87145242070116,0.9015025041736228,0.6010016694490817,1.352253756260434,0.4507512520868113,0.9015025041736228,0.3005008347245408,1.352253756260434,1.352253756260434,4.507512520868113,1.6527545909849748,0.1502504173622704,0.9015025041736228,1.5025041736227045,1.6527545909849748,0.3005008347245408,1.0517529215358932,0.0,1.352253756260434,0.0,0.0,91.34,66.67,9.09,22.22,66.67,42.86,54.55,63.64,0.086528891954833,0.0449328508991229,0.9015025041736228,2.5542570951585977,0.0570966911519198,1.953255425709516,6.160267111853088,5.7095158597662765,0.1251527769616026,34.5575959933222,DM/CM,100,69,100,78,100,54,50,91,67,93,67,80,76,74,81,91,100,91,83,44,48,46,85,50,52,89,93,59,15,96,15,54,50,74,52,100,93,93,100,93,94,81,96,100,63,96,48,96,41,26,78,48,81,59,52,48,37,48,81,93,63,70,30,37,46,70,50,52,89,93,59,15,96,15,54,50,56,33,96,85,81,100,85,85,63,93,Premiership
Motherwell,759fhii7hsnldanli06j5jmf6,bw94bkrr4okgzyimwqek5d59l,E. Longelo,Emmanuel Longelo,25.0,Defender,England,Defender,108.0,13.0,119.0,5.0,214.0,7.0,14.0,12.0,11.0,1.0,2.0,13.0,15.0,26.0,11.0,0.0,566.0,2.0,30.0,7.0,8.0,2.0,0.0,2.0,0.0,0.0,77.26,27.78,32.5,61.54,16.67,52.0,53.85,50.0,0.8657949354611449,1.5712267162776716,3.0,27.0,0.7740729,9.0,11.0,16.0,1.388227400000001,87.0,17.17314487632509,2.067137809187279,18.92226148409894,0.7950530035335689,34.02826855123675,1.1130742049469964,2.2261484098939928,1.9081272084805647,1.7491166077738516,0.1590106007067137,0.3180212014134275,2.067137809187279,2.385159010600707,4.134275618374558,1.7491166077738516,0.0,0.3180212014134275,4.770318021201414,1.1130742049469964,1.2720848056537102,0.3180212014134275,0.0,0.3180212014134275,0.0,0.0,77.26,27.78,32.5,61.54,16.67,52.0,53.85,50.0,0.1376705727765071,0.2498417040017499,0.4770318021201413,4.293286219081272,0.1230857968197879,1.431095406360424,1.7491166077738516,2.5441696113074204,0.2207428727915196,13.8339222614841,LB/LCB,82,100,94,29,82,50,100,100,100,41,88,94,94,62,26,35,71,100,82,94,24,44,18,50,50,35,29,71,71,35,35,41,44,100,100,88,100,100,100,38,29,94,65,53,94,65,24,47,29,88,88,100,35,76,82,88,35,6,35,65,100,71,94,18,44,12,50,50,35,29,71,71,35,35,41,44,82,94,82,100,100,100,29,29,76,47,Premiership
Motherwell,759fhii7hsnldanli06j5jmf6,debf7ngbvj4ij8w0qq84ufnfu,T. Sparrow,Tom Sparrow,23.0,Midfielder,Wales,Midfielder,149.0,5.0,171.0,12.0,315.0,6.0,9.0,2.0,2.0,0.0,2.0,18.0,19.0,39.0,10.0,0.0,537.0,0.0,8.0,9.0,8.0,12.0,2.0,5.0,0.0,0.0,91.04,63.16,21.74,44.44,0.0,52.7,50.0,75.0,0.1406210467395123,0.849103062410848,0.0,11.0,0.27967127,4.0,18.0,21.0,0.8377236199999998,85.0,24.972067039106143,0.8379888268156425,28.65921787709497,2.011173184357542,52.79329608938547,1.005586592178771,1.5083798882681565,0.3351955307262569,0.3351955307262569,0.0,0.3351955307262569,3.016759776536313,3.184357541899441,6.536312849162011,1.675977653631285,0.0,0.0,1.340782122905028,1.5083798882681565,1.340782122905028,2.011173184357542,0.3351955307262569,0.8379888268156425,0.0,0.0,91.04,63.16,21.74,44.44,0.0,52.7,50.0,75.0,0.0235677731965663,0.1423077758230471,0.0,1.843575418994413,0.0468722798882681,0.6703910614525139,3.016759776536313,3.519553072625698,0.1404006067039105,14.245810055865922,RM/RCM,83,83,100,83,100,50,100,17,42,17,67,67,75,100,50,25,25,50,83,75,100,100,75,58,58,100,83,50,67,25,67,33,50,17,100,25,92,100,75,100,100,83,83,83,83,100,83,100,33,83,17,33,17,50,50,50,100,50,25,25,50,83,50,100,100,67,58,58,100,83,50,67,25,67,33,50,17,83,25,67,50,67,83,83,67,67,Premiership
Motherwell,759fhii7hsnldanli06j5jmf6,emzxhx2ki2r67c5l33hfv8844,J. Girdwood-Reich,Jake Girdwood-Reich,22.0,Defender,Australia,Defender,256.0,0.0,104.0,10.0,360.0,18.0,1.0,2.0,2.0,0.0,0.0,0.0,0.0,25.0,30.0,0.0,406.0,0.0,4.0,5.0,0.0,1.0,0.0,3.0,1.0,0.0,89.78,41.67,0.0,0.0,0.0,73.53,78.26,50.0,0.2073414145354904,0.1123407386892905,0.0,9.0,0.18382183,4.0,30.0,18.0,0.5857501799999998,245.0,56.748768472906406,0.0,23.054187192118228,2.2167487684729066,79.80295566502463,3.990147783251232,0.2216748768472906,0.4433497536945813,0.4433497536945813,0.0,0.0,0.0,0.0,5.541871921182266,6.650246305418719,0.0,0.0,0.8866995073891626,1.1083743842364533,0.0,0.2216748768472906,0.0,0.6650246305418719,0.2216748768472906,0.0,89.78,41.67,0.0,0.0,0.0,73.53,78.26,50.0,0.0459623825324978,0.0249031194138821,0.0,1.995073891625616,0.0407486815270935,0.8866995073891626,6.650246305418719,3.990147783251232,0.1298460990147782,54.310344827586206,CB,76,50,81,21,81,52,40,45,50,43,31,24,21,40,29,40,26,36,74,26,14,45,14,93,52,71,33,50,26,26,76,71,31,43,52,43,98,100,93,90,43,67,81,90,50,86,33,100,71,48,62,62,43,31,24,21,62,38,40,26,48,76,26,14,45,24,95,52,71,33,50,26,26,76,71,31,52,57,43,95,95,100,95,67,90,100,Premiership
Rangers,cnnku8uihko7u4th0fms4pvg6,1swg0twoet2to70z38wo78b1l,J. Penrice,James Penrice,27.0,Defender,Scotland,Defender,69.0,9.0,71.0,7.0,131.0,6.0,5.0,5.0,3.0,2.0,1.0,3.0,4.0,21.0,18.0,0.0,418.0,2.0,9.0,4.0,1.0,4.0,0.0,3.0,0.0,0.0,77.98,30.43,32.14,33.33,40.0,50.0,60.0,40.0,0.3340176349742874,0.7293382800943298,1.0,8.0,0.2005130599999999,4.0,13.0,18.0,0.99194485,57.0,14.85645933014354,1.9377990430622007,15.287081339712918,1.507177033492823,28.205741626794257,1.2918660287081338,1.076555023923445,1.076555023923445,0.6459330143540669,0.4306220095693779,0.2153110047846889,0.6459330143540669,0.8612440191387559,4.521531100478469,3.8755980861244015,0.0,0.4306220095693779,1.9377990430622007,0.8612440191387559,0.2153110047846889,0.8612440191387559,0.0,0.6459330143540669,0.0,0.0,77.98,30.43,32.14,33.33,40.0,50.0,60.0,40.0,0.0719176726021192,0.157034557915047,0.2153110047846889,1.7224880382775118,0.0431726684210526,0.8612440191387559,2.799043062200957,3.8755980861244015,0.2135766423444975,12.272727272727272,LB/LCB,35,94,35,50,29,41,56,68,71,68,62,41,47,44,47,35,71,65,59,35,53,44,41,50,50,47,35,65,29,71,21,65,18,53,76,47,74,71,82,47,35,59,24,29,88,53,41,35,35,53,59,59,71,65,47,47,47,53,35,76,71,47,35,59,44,24,50,50,47,35,65,29,71,21,65,18,53,76,47,71,65,88,59,59,71,24,Premiership
Rangers,cnnku8uihko7u4th0fms4pvg6,472h3avx9tsf4luz4ioefh3e2,R. Naderi,Ryan Naderi,23.0,Attacker,Germany,Striker,8.0,0.0,41.0,1.0,49.0,27.0,7.0,15.0,15.0,0.0,1.0,10.0,10.0,44.0,4.0,2.0,365.0,7.0,40.0,6.0,3.0,5.0,1.0,1.0,1.0,0.0,55.06,33.33,0.0,30.0,46.67,43.56,49.09,62.5,2.640097564827819,0.6388948185264597,1.0,5.0,0.19976093,1.0,5.0,10.0,0.4352829799999997,20.0,1.9726027397260275,0.0,10.10958904109589,0.2465753424657534,12.08219178082192,6.657534246575342,1.726027397260274,3.6986301369863015,3.6986301369863015,0.0,0.2465753424657534,2.4657534246575343,2.4657534246575343,10.849315068493151,0.9863013698630138,0.4931506849315069,1.726027397260274,9.863013698630136,1.479452054794521,0.7397260273972603,1.2328767123287672,0.2465753424657534,0.2465753424657534,0.2465753424657534,0.0,55.06,33.33,0.0,30.0,46.67,43.56,49.09,62.5,0.6509829611904212,0.1575357086777571,0.2465753424657534,1.2328767123287672,0.0492561197260274,0.2465753424657534,1.2328767123287672,2.4657534246575343,0.1073300498630136,4.931506849315069,ST,11,29,55,45,42,100,76,80,94,17,20,79,77,100,67,70,88,100,52,64,89,79,53,100,52,9,45,29,45,77,76,85,70,97,82,36,55,67,33,61,74,82,55,9,29,55,42,39,100,82,79,94,17,18,73,70,100,70,70,85,100,61,70,89,79,45,100,52,9,45,29,45,77,76,85,70,100,82,36,48,73,27,64,79,82,55,Premiership
Rangers,cnnku8uihko7u4th0fms4pvg6,53ipmesg7cuaty2uzqm1a2xn9,L. Shankland,Lawrence Shankland,31.0,Attacker,Scotland,Striker,24.0,0.0,43.0,3.0,67.0,4.0,5.0,15.0,14.0,1.0,6.0,3.0,3.0,9.0,3.0,3.0,363.0,7.0,34.0,1.0,2.0,1.0,0.0,0.0,0.0,0.0,73.63,60.0,0.0,66.67,46.67,29.03,26.67,50.0,1.5870859775250614,0.3715928498299515,3.0,5.0,0.19136307,0.0,9.0,7.0,0.2290363199999998,29.0,5.9504132231404965,0.0,10.661157024793388,0.7438016528925621,16.611570247933884,0.9917355371900828,1.2396694214876034,3.71900826446281,3.471074380165289,0.2479338842975206,1.487603305785124,0.7438016528925621,0.7438016528925621,2.231404958677686,0.7438016528925621,0.7438016528925621,1.7355371900826446,8.429752066115702,0.2479338842975206,0.4958677685950413,0.2479338842975206,0.0,0.0,0.0,0.0,73.63,60.0,0.0,66.67,46.67,29.03,26.67,50.0,0.3934923911219161,0.0921304586355251,0.7438016528925621,1.2396694214876034,0.0474453892561983,0.0,2.231404958677686,1.7355371900826446,0.0567858644628098,7.1900826446281,ST,65,29,64,71,68,45,55,80,86,39,97,24,23,18,55,86,88,94,9,44,30,36,20,50,52,58,82,29,88,77,18,45,42,73,55,70,55,58,11,86,65,52,76,61,29,61,70,64,55,52,82,85,39,91,24,18,9,52,91,88,97,6,39,24,36,20,50,52,58,82,29,88,77,18,45,42,73,48,70,52,64,11,85,61,55,76,Premiership
Rangers,cnnku8uihko7u4th0fms4pvg6,6pmuxgyfaqn2h0x69o5l1mq22,D. Gassama,Djeidi Gassama,23.0,Attacker,Mauritania,Striker,23.0,4.0,77.0,6.0,96.0,4.0,15.0,23.0,12.0,11.0,9.0,17.0,18.0,38.0,3.0,0.0,467.0,4.0,48.0,19.0,12.0,2.0,1.0,2.0,0.0,0.0,73.28,46.15,26.67,70.59,17.39,63.33,44.44,66.67,2.007167686388326,1.1127350898057855,15.0,23.0,0.7946262599999997,5.0,6.0,15.0,1.2354035900000009,48.0,4.43254817987152,0.7708779443254817,14.839400428265524,1.1563169164882223,18.50107066381156,0.7708779443254817,2.890792291220557,4.43254817987152,2.312633832976445,2.119914346895075,1.734475374732334,3.276231263383297,3.468950749464668,7.323340471092076,0.5781584582441113,0.0,0.7708779443254817,9.25053533190578,3.661670235546038,2.312633832976445,0.3854389721627408,0.1927194860813704,0.3854389721627408,0.0,0.0,73.28,46.15,26.67,70.59,17.39,63.33,44.44,66.67,0.3868203249998915,0.2144457346520785,2.890792291220557,4.43254817987152,0.1531399644539613,0.9635974304068522,1.1563169164882223,2.890792291220557,0.2380863449678802,9.25053533190578,LW,56,83,78,89,67,89,100,100,100,100,100,67,67,89,44,33,67,100,100,89,28,83,67,56,56,44,50,89,89,44,78,78,44,100,100,100,89,89,56,50,78,89,78,44,78,56,67,44,67,100,100,89,100,100,67,67,67,44,33,56,100,89,89,11,78,67,56,56,44,50,89,89,44,78,78,44,89,100,100,78,78,33,44,56,89,67,Premiership
Rangers,cnnku8uihko7u4th0fms4pvg6,71q8hhitlftls3jwjkzuenfmd,D. Sterling,Dujon Sterling,26.0,Defender,England,Defender,58.0,5.0,82.0,12.0,135.0,7.0,6.0,3.0,1.0,2.0,1.0,2.0,3.0,31.0,14.0,0.0,450.0,0.0,5.0,10.0,1.0,8.0,0.0,5.0,0.0,0.0,76.7,41.38,35.71,50.0,0.0,62.0,43.75,61.54,0.1686572382735413,0.8819755334366133,2.0,5.0,0.1580175599999999,4.0,18.0,24.0,1.73626927,78.0,11.6,1.0,16.4,2.4,27.0,1.4,1.2,0.6,0.2,0.4,0.2,0.4,0.6,6.2,2.8,0.0,0.0,1.0,2.0,0.2,1.6,0.0,1.0,0.0,0.0,76.7,41.38,35.71,50.0,0.0,62.0,43.75,61.54,0.0337314476547082,0.1763951066873226,0.4,1.0,0.0316035119999999,0.8,3.6,4.8,0.347253854,15.6,RB/RCB,13,73,60,60,33,57,83,57,33,77,50,23,40,67,27,53,27,27,87,23,80,43,60,40,53,33,73,93,43,27,53,33,47,47,87,80,40,53,70,67,70,100,60,27,67,60,60,33,47,73,67,40,87,53,27,33,73,47,53,27,23,90,27,73,43,53,40,53,33,73,93,43,27,53,33,47,47,80,87,33,53,80,73,87,100,53,Premiership
Rangers,cnnku8uihko7u4th0fms4pvg6,7tx36b9v0w35xs0402q76qycq,E. Fernandez,Emmanuel Fernandez,25.0,Defender,Nigeria,Defender,226.0,0.0,102.0,31.0,328.0,39.0,5.0,7.0,7.0,0.0,3.0,7.0,7.0,56.0,54.0,0.0,629.0,2.0,14.0,8.0,3.0,6.0,0.0,9.0,0.0,0.0,81.8,45.59,0.0,42.86,28.57,70.89,81.25,100.0,1.0009025988114622,0.5081367819047808,0.0,6.0,0.12139562,4.0,16.0,26.0,0.9896911999999995,206.0,32.33704292527822,0.0,14.594594594594597,4.4356120826709065,46.931637519872815,5.580286168521463,0.7154213036565977,1.0015898251192368,1.0015898251192368,0.0,0.4292527821939587,1.0015898251192368,1.0015898251192368,8.012718600953894,7.726550079491256,0.0,0.2861685214626391,2.0031796502384736,1.1446740858505564,0.4292527821939587,0.8585055643879174,0.0,1.287758346581876,0.0,0.0,81.8,45.59,0.0,42.86,28.57,70.89,81.25,100.0,0.1432134084149945,0.0727063757892373,0.0,0.8585055643879174,0.0173698025437201,0.5723370429252782,2.289348171701113,3.720190779014308,0.1416092337042924,29.475357710651828,CB,57,50,76,100,71,95,100,98,98,43,100,95,95,95,95,40,90,95,95,88,74,45,76,45,52,19,62,50,52,67,71,81,98,100,100,43,71,62,93,52,71,100,57,33,50,57,100,43,90,95,95,95,43,95,95,95,90,81,40,86,90,86,86,62,45,67,45,52,19,62,50,52,67,71,81,98,95,100,43,67,62,90,24,57,100,48,Premiership
Rangers,cnnku8uihko7u4th0fms4pvg6,894vnlr3zfyyadmhx9n3y6fl6,C. Devlin,Cameron Devlin,28.0,Midfielder,Australia,Midfielder,90.0,0.0,119.0,11.0,209.0,4.0,2.0,2.0,1.0,1.0,0.0,3.0,3.0,27.0,5.0,0.0,335.0,1.0,2.0,7.0,1.0,9.0,0.0,11.0,0.0,0.0,88.19,52.38,0.0,33.33,50.0,55.1,80.0,60.0,0.1457278137759701,0.103059905612467,0.0,2.0,0.0362466,0.0,12.0,13.0,0.3470698199999999,119.0,24.17910447761194,0.0,31.970149253731343,2.955223880597015,56.14925373134328,1.0746268656716418,0.5373134328358209,0.5373134328358209,0.2686567164179104,0.2686567164179104,0.0,0.8059701492537313,0.8059701492537313,7.253731343283582,1.343283582089552,0.0,0.2686567164179104,0.5373134328358209,1.880597014925373,0.2686567164179104,2.417910447761194,0.0,2.955223880597015,0.0,0.0,88.19,52.38,0.0,33.33,50.0,55.1,80.0,60.0,0.0391507559398128,0.0276877358361851,0.0,0.5373134328358209,0.0097378925373134,0.0,3.2238805970149254,3.492537313432836,0.0932426382089552,31.970149253731343,DM/CM,44,30,67,65,63,37,13,9,28,20,11,22,19,63,30,41,54,20,63,22,67,46,94,50,52,81,63,30,35,89,80,100,35,4,7,15,19,19,7,31,28,26,70,67,30,89,78,85,48,22,11,41,15,11,30,26,81,37,41,63,26,74,22,81,46,100,50,52,81,63,30,35,89,80,100,35,11,15,15,19,19,7,37,37,41,89,Premiership
Rangers,cnnku8uihko7u4th0fms4pvg6,a3qa9kw3vbh8nu5mgns92czro,O. Makhanya,Olwethu Makhanya,22.0,Defender,South Africa,Defender,231.0,0.0,92.0,26.0,323.0,16.0,4.0,0.0,0.0,0.0,0.0,5.0,5.0,30.0,24.0,0.0,540.0,0.0,6.0,2.0,5.0,6.0,0.0,7.0,0.0,0.0,85.22,45.61,0.0,100.0,0.0,55.56,57.14,85.71,0.0,0.218486426503736,0.0,6.0,0.13428331,3.0,20.0,23.0,0.4964226899999995,205.0,38.5,0.0,15.333333333333334,4.333333333333333,53.833333333333336,2.6666666666666665,0.6666666666666666,0.0,0.0,0.0,0.0,0.8333333333333334,0.8333333333333334,5.0,4.0,0.0,0.0,1.0,0.3333333333333333,0.8333333333333334,1.0,0.0,1.1666666666666667,0.0,0.0,85.22,45.61,0.0,100.0,0.0,55.56,57.14,85.71,0.0,0.0364144044172893,0.0,1.0,0.0223805516666666,0.5,3.333333333333333,3.8333333333333335,0.0827371149999999,34.166666666666664,CB,62,50,62,90,60,40,95,10,12,43,31,90,90,67,14,40,26,62,38,95,74,45,57,45,52,43,67,50,83,26,19,24,86,7,81,43,71,71,76,60,67,52,52,62,50,67,95,62,29,90,10,12,43,31,90,90,48,5,40,26,57,38,95,71,45,48,45,52,43,67,50,83,26,19,24,86,7,76,43,76,71,83,71,62,43,57,Premiership
Rangers,cnnku8uihko7u4th0fms4pvg6,cvl7blnqat2mcdlakkphlo1ec,Kim Min-Su,Min-Su Kim,20.0,Attacker,Korea Republic,Striker,24.0,5.0,55.0,4.0,74.0,1.0,8.0,16.0,7.0,9.0,3.0,16.0,17.0,19.0,1.0,0.0,323.0,7.0,12.0,4.0,9.0,4.0,0.0,1.0,0.0,0.0,85.06,66.67,45.45,56.25,43.75,45.24,33.33,80.0,1.4515535350744118,0.8662770453687832,8.0,15.0,0.3687574,5.0,6.0,13.0,0.3499852799999999,32.0,6.687306501547988,1.393188854489164,15.325077399380804,1.1145510835913313,20.61919504643963,0.2786377708978328,2.2291021671826625,4.458204334365325,1.9504643962848296,2.5077399380804954,0.8359133126934984,4.458204334365325,4.7368421052631575,5.294117647058823,0.2786377708978328,0.0,1.9504643962848296,3.343653250773994,1.1145510835913313,2.5077399380804954,1.1145510835913313,0.0,0.2786377708978328,0.0,0.0,85.06,66.67,45.45,56.25,43.75,45.24,33.33,80.0,0.4044576413520032,0.2413775049015185,2.2291021671826625,4.179566563467492,0.1027497399380805,1.393188854489164,1.671826625386997,3.622291021671826,0.0975191182662538,8.91640866873065,ST,65,94,82,83,76,14,86,88,44,100,61,88,88,58,23,15,88,21,39,95,76,36,53,50,52,88,86,91,79,68,85,59,89,67,91,98,97,91,89,71,83,67,80,82,94,88,97,85,12,88,97,61,100,73,100,100,70,21,15,97,21,39,97,85,36,58,50,52,88,86,91,79,68,85,59,89,79,94,100,97,97,97,76,88,76,85,Premiership
Rangers,cnnku8uihko7u4th0fms4pvg6,e3h1tvkjrapl7usr04np8759m,D. Neil,Dan Neil,24.0,Midfielder,England,Midfielder,71.0,2.0,90.0,10.0,159.0,6.0,4.0,3.0,1.0,2.0,0.0,6.0,7.0,26.0,3.0,0.0,397.0,1.0,5.0,6.0,2.0,4.0,0.0,7.0,0.0,0.0,83.25,71.43,28.57,33.33,33.33,53.06,54.55,33.33,0.2221465852270213,0.3297070439414247,1.0,6.0,0.12688884,2.0,27.0,23.0,1.10512816,98.0,16.09571788413098,0.4534005037783375,20.403022670025187,2.267002518891688,36.04534005037783,1.3602015113350123,0.906801007556675,0.6801007556675063,0.2267002518891687,0.4534005037783375,0.0,1.3602015113350123,1.5869017632241813,5.894206549118388,0.6801007556675063,0.0,0.2267002518891687,1.1335012594458438,1.3602015113350123,0.4534005037783375,0.906801007556675,0.0,1.5869017632241813,0.0,0.0,83.25,71.43,28.57,33.33,33.33,53.06,54.55,33.33,0.0503606868272844,0.0747446699111542,0.2267002518891687,1.3602015113350123,0.0287657319899244,0.4534005037783375,6.120906801007556,5.214105793450881,0.2505328322418136,22.216624685138537,DM/CM,22,85,41,56,26,54,50,22,28,43,11,52,59,56,15,41,54,48,50,44,22,46,74,50,52,41,96,78,35,74,70,54,6,26,67,35,48,44,37,69,63,96,48,22,89,52,59,37,63,56,19,33,48,11,56,63,67,15,41,59,44,56,52,26,46,81,50,52,41,96,78,35,74,70,54,6,22,67,37,59,56,33,81,67,100,52,Premiership
Rangers,cnnku8uihko7u4th0fms4pvg6,rmruexgp6l6ar57aq8xffg4q,N. Raskin,Nicolas Raskin,25.0,Midfielder,Belgium,Midfielder,77.0,2.0,120.0,18.0,195.0,5.0,3.0,9.0,7.0,2.0,1.0,2.0,3.0,18.0,9.0,0.0,415.0,3.0,13.0,4.0,0.0,5.0,0.0,3.0,0.0,0.0,85.9,58.06,18.18,0.0,33.33,47.37,38.46,55.56,1.0791323783288715,0.2595094557464461,1.0,5.0,0.13089167,6.0,28.0,26.0,0.5878986700000002,106.0,16.698795180722893,0.4337349397590362,26.024096385542173,3.903614457831325,42.28915662650603,1.0843373493975903,0.6506024096385543,1.9518072289156627,1.5180722891566267,0.4337349397590362,0.2168674698795181,0.4337349397590362,0.6506024096385543,3.903614457831325,1.9518072289156627,0.0,0.6506024096385543,2.819277108433736,0.8674698795180724,0.0,1.0843373493975903,0.0,0.6506024096385543,0.0,0.0,85.9,58.06,18.18,0.0,33.33,47.37,38.46,55.56,0.2340287085532492,0.0562791590775425,0.2168674698795181,1.0843373493975903,0.0283861453012048,1.3012048192771086,6.072289156626507,5.638554216867471,0.1274960971084338,22.98795180722892,DM/CM,26,85,70,89,52,46,30,91,100,43,37,13,19,19,63,41,89,96,30,6,28,46,20,50,52,56,78,63,6,74,41,30,26,100,41,35,44,48,78,76,70,59,61,26,85,74,93,52,52,33,93,100,44,41,15,19,11,70,41,89,96,22,6,44,46,30,50,52,56,78,63,6,74,41,30,26,100,48,33,44,52,81,78,81,67,59,Premiership
Rangers,cnnku8uihko7u4th0fms4pvg6,w19p994oxo1yc9micl8njhg4,F. Curtis,Findlay Curtis,19.0,Attacker,Scotland,Striker,31.0,5.0,90.0,4.0,116.0,5.0,11.0,11.0,6.0,5.0,5.0,5.0,6.0,27.0,1.0,0.0,392.0,2.0,18.0,11.0,2.0,6.0,0.0,4.0,0.0,0.0,84.67,100.0,23.81,40.0,18.18,55.1,41.67,60.0,0.7522691652654001,0.9028100594974124,6.0,15.0,0.38986498,7.0,11.0,20.0,0.46485917,38.0,7.117346938775511,1.1479591836734695,20.66326530612245,0.9183673469387756,26.63265306122449,1.1479591836734695,2.525510204081633,2.525510204081633,1.3775510204081634,1.1479591836734695,1.1479591836734695,1.1479591836734695,1.3775510204081634,6.198979591836736,0.2295918367346939,0.0,0.4591836734693878,4.13265306122449,2.525510204081633,0.4591836734693878,1.3775510204081634,0.0,0.9183673469387756,0.0,0.0,84.67,100.0,23.81,40.0,18.18,55.1,41.67,60.0,0.1727148593721582,0.2072778197825692,1.3775510204081634,3.4438775510204085,0.0895098168367347,1.6071428571428572,2.525510204081633,4.591836734693878,0.1067278706632653,8.724489795918368,RW,71,57,100,43,86,86,86,50,36,86,79,14,14,86,29,29,29,29,100,14,86,21,100,57,57,100,100,71,64,29,100,43,71,43,71,79,71,43,100,100,100,29,57,43,43,71,43,57,71,86,29,43,86,86,14,14,86,14,29,29,43,100,14,86,21,100,57,57,100,100,71,64,29,100,43,71,43,57,57,57,71,100,86,86,43,71,Premiership
St. Johnstone,ez46dadmx0virt38cgeq2n6pf,1dzmlop3jwm8aeqxkmihjl7xm,C. Diabate,Cheick Diabate,24.0,Defender,England,Defender,309.0,0.0,160.0,27.0,469.0,23.0,1.0,5.0,5.0,0.0,1.0,10.0,10.0,34.0,48.0,1.0,593.0,1.0,5.0,1.0,6.0,3.0,0.0,3.0,0.0,0.0,90.72,55.1,0.0,60.0,20.0,68.0,85.19,75.0,0.6035249540447342,0.0468932568388507,0.0,8.0,0.14956039,3.0,43.0,44.0,0.8887607400000006,293.0,46.89713322091063,0.0,24.283305227655987,4.097807757166948,71.18043844856662,3.490725126475548,0.1517706576728499,0.7588532883642496,0.7588532883642496,0.0,0.1517706576728499,1.5177065767284992,1.5177065767284992,5.160202360876897,7.284991568296796,0.1517706576728499,0.1517706576728499,0.7588532883642496,0.1517706576728499,0.9106239460370996,0.4553119730185497,0.0,0.4553119730185497,0.0,0.0,90.72,55.1,0.0,60.0,20.0,68.0,85.19,75.0,0.0915973791973458,0.0071170204308542,0.0,1.2141652613827991,0.0226988787521079,0.4553119730185497,6.526138279932547,6.677908937605396,0.1348878020236088,44.46880269814503,CB,93,50,95,95,90,76,40,81,86,43,74,100,100,76,71,90,64,50,17,100,38,45,14,45,52,76,100,50,57,60,62,95,57,86,38,43,88,86,76,100,100,95,86,71,50,95,90,76,48,38,81,81,43,71,100,100,52,52,95,71,33,14,100,33,45,10,45,52,76,100,50,57,60,62,95,57,81,33,43,86,76,76,90,95,95,71,Premiership
St. Johnstone,ez46dadmx0virt38cgeq2n6pf,4g62hpk9jur4ifpq1s0cs8tbe,J. Cotterill,Joel Cotterill,21.0,Midfielder,Wales,Midfielder,22.0,0.0,38.0,2.0,60.0,0.0,0.0,2.0,2.0,0.0,0.0,2.0,2.0,6.0,5.0,0.0,210.0,1.0,5.0,1.0,1.0,3.0,0.0,1.0,0.0,0.0,89.55,33.33,0.0,50.0,50.0,37.5,0.0,75.0,0.2411338550605768,0.0969904922364421,0.0,3.0,0.05776645,1.0,1.0,1.0,0.1305276,19.0,9.428571428571429,0.0,16.285714285714285,0.8571428571428571,25.71428571428571,0.0,0.0,0.8571428571428571,0.8571428571428571,0.0,0.0,0.8571428571428571,0.8571428571428571,2.571428571428571,2.142857142857143,0.0,0.4285714285714285,2.142857142857143,0.4285714285714285,0.4285714285714285,1.2857142857142856,0.0,0.4285714285714285,0.0,0.0,89.55,33.33,0.0,50.0,50.0,37.5,0.0,75.0,0.1033430807402472,0.041567353815618,0.0,1.2857142857142856,0.0247570499999999,0.4285714285714285,0.4285714285714285,0.4285714285714285,0.0559403999999999,8.142857142857142,CM/AM,27,10,13,33,20,10,7,17,47,13,17,20,20,10,80,33,47,27,20,30,47,37,30,53,53,100,43,10,67,87,27,13,73,40,7,17,27,13,27,7,7,7,10,47,10,40,47,53,10,7,20,60,13,17,27,27,20,93,33,67,47,27,40,67,37,60,53,53,100,43,10,67,87,27,13,73,60,7,17,47,27,27,7,7,13,20,Premiership
St. Johnstone,ez46dadmx0virt38cgeq2n6pf,5i1wfub7y83yosbne42d24avo,T. Steven,Taylor Steven,22.0,Attacker,Scotland,Striker,25.0,2.0,62.0,4.0,85.0,1.0,3.0,6.0,4.0,2.0,2.0,3.0,4.0,23.0,4.0,0.0,311.0,4.0,10.0,13.0,2.0,5.0,0.0,1.0,0.0,0.0,84.16,66.67,28.57,66.67,66.67,54.76,9.09,71.43,0.5185322903905359,0.3520653853836719,2.0,6.0,0.17126043,5.0,8.0,13.0,0.5295413499999999,37.0,7.234726688102894,0.5787781350482315,17.942122186495176,1.157556270096463,24.59807073954984,0.2893890675241157,0.8681672025723473,1.7363344051446945,1.157556270096463,0.5787781350482315,0.5787781350482315,0.8681672025723473,1.157556270096463,6.655948553054662,1.157556270096463,0.0,1.157556270096463,2.893890675241157,3.762057877813505,0.5787781350482315,1.4469453376205788,0.0,0.2893890675241157,0.0,0.0,84.16,66.67,28.57,66.67,66.67,54.76,9.09,71.43,0.1500575759972612,0.1018838735836992,0.5787781350482315,1.7363344051446945,0.049560896141479,1.4469453376205788,2.315112540192926,3.762057877813505,0.1532434774919613,10.707395498392282,LW,67,56,44,67,56,17,22,28,33,22,22,17,22,56,61,33,67,39,78,28,67,39,33,56,56,89,89,100,72,100,56,22,72,33,33,28,44,44,56,78,56,44,44,78,56,78,78,78,22,22,33,44,22,22,11,22,56,67,33,89,33,100,22,78,39,33,56,56,89,89,100,72,100,56,22,72,33,22,22,44,56,67,89,78,56,78,Premiership
St. Johnstone,ez46dadmx0virt38cgeq2n6pf,68jyn13uu405w4npr317v5las,Z. Mitchell,Zach Mitchell,21.0,Defender,England,Defender,178.0,0.0,55.0,10.0,233.0,16.0,1.0,1.0,1.0,0.0,0.0,2.0,2.0,27.0,53.0,0.0,527.0,0.0,1.0,3.0,2.0,3.0,0.0,3.0,0.0,0.0,82.33,22.22,0.0,100.0,0.0,64.29,61.54,50.0,0.0783949450944384,0.12079002827638,0.0,2.0,0.03932202,1.0,17.0,19.0,0.4532886499999997,127.0,30.39848197343454,0.0,9.392789373814042,1.7077798861480078,39.79127134724858,2.732447817836812,0.1707779886148007,0.1707779886148007,0.1707779886148007,0.0,0.0,0.3415559772296015,0.3415559772296015,4.611005692599621,9.051233396584442,0.0,0.0,0.1707779886148007,0.5123339658444023,0.3415559772296015,0.5123339658444023,0.0,0.5123339658444023,0.0,0.0,82.33,22.22,0.0,100.0,0.0,64.29,61.54,50.0,0.0133881310407959,0.020628278073765,0.0,0.3415559772296015,0.0067153354838709,0.1707779886148007,2.903225806451613,3.2447817836812147,0.0774117239089183,21.6888045540797,RB/RCB,93,13,13,50,80,87,20,20,33,23,13,23,20,57,93,53,27,7,33,47,10,43,27,40,53,80,20,13,97,27,70,73,27,13,27,23,13,13,20,60,47,33,87,93,13,7,40,80,87,13,20,27,23,13,20,20,40,100,53,27,7,27,40,7,43,13,40,53,80,20,13,97,27,70,73,27,20,20,23,13,13,27,40,40,33,80,Premiership
St. Johnstone,ez46dadmx0virt38cgeq2n6pf,6c2l1ppjdc2iey5btxtpyv23u,R. McAlear,Reece McAlear,24.0,Midfielder,Scotland,Midfielder,161.0,3.0,142.0,16.0,300.0,8.0,4.0,6.0,0.0,6.0,2.0,8.0,9.0,28.0,12.0,0.0,584.0,1.0,0.0,4.0,4.0,7.0,0.0,4.0,0.0,0.0,83.1,38.1,25.0,50.0,16.67,41.18,44.44,58.33,0.355095291985508,0.3717642008624082,4.0,7.0,0.17134053,3.0,28.0,34.0,0.7759173900000005,155.0,24.81164383561644,0.4623287671232877,21.883561643835616,2.4657534246575343,46.23287671232877,1.2328767123287672,0.6164383561643836,0.9246575342465754,0.0,0.9246575342465754,0.3082191780821918,1.2328767123287672,1.386986301369863,4.315068493150685,1.8493150684931507,0.0,0.1541095890410959,0.0,0.6164383561643836,0.6164383561643836,1.0787671232876712,0.0,0.6164383561643836,0.0,0.0,83.1,38.1,25.0,50.0,16.67,41.18,44.44,58.33,0.0547235895183145,0.0572924282150971,0.6164383561643836,1.0787671232876712,0.0264052186643835,0.4623287671232877,4.315068493150685,5.239726027397261,0.1195763101027398,23.886986301369863,DM/CM,85,96,74,85,81,78,50,63,6,93,67,72,76,69,89,41,54,6,30,83,48,46,35,50,52,37,26,72,72,48,7,39,30,48,74,83,54,56,48,76,89,78,80,74,93,59,67,59,59,30,44,6,85,63,48,52,30,59,41,37,6,15,70,41,46,26,50,52,37,26,72,72,48,7,39,30,30,52,67,41,41,37,59,74,59,67,Premiership
St. Johnstone,ez46dadmx0virt38cgeq2n6pf,7ys2ojn7lv1wouhximlo4mkno,E. Alić,Enes Alic,27.0,Defender,Bosnia and Herzegovina,Defender,82.0,6.0,103.0,11.0,179.0,7.0,8.0,7.0,1.0,6.0,0.0,7.0,7.0,29.0,21.0,1.0,450.0,4.0,9.0,9.0,5.0,4.0,0.0,5.0,0.0,1.0,79.2,33.33,21.43,71.43,57.14,55.77,63.64,50.0,0.3434406195715123,0.8398330549245729,4.0,20.0,0.5949367999999998,5.0,11.0,26.0,1.2201934400000003,83.0,16.4,1.2,20.6,2.2,35.8,1.4,1.6,1.4,0.2,1.2,0.0,1.4,1.4,5.8,4.2,0.2,0.8,1.8,1.8,1.0,0.8,0.0,1.0,0.0,0.2,79.2,33.33,21.43,71.43,57.14,55.77,63.64,50.0,0.0686881239143024,0.1679666109849145,0.8,4.0,0.1189873599999999,1.0,2.2,5.2,0.244038688,16.6,LB/LCB,53,79,88,79,59,50,79,88,29,100,26,68,68,82,71,85,94,65,88,76,53,44,65,50,100,59,53,35,88,85,65,71,44,59,88,100,94,94,94,38,91,76,59,41,71,71,65,59,53,82,76,29,94,26,59,59,76,65,82,88,53,94,82,53,44,65,50,100,59,53,35,88,85,65,71,44,47,82,94,94,94,94,35,71,88,59,Premiership
St. Johnstone,ez46dadmx0virt38cgeq2n6pf,88rox9mne5fv60ztacpvtyzqi,J. Gullan,Jamie Gullan,27.0,Attacker,Scotland,Striker,25.0,7.0,72.0,4.0,90.0,5.0,10.0,10.0,6.0,4.0,3.0,8.0,9.0,22.0,7.0,0.0,355.0,1.0,12.0,9.0,3.0,3.0,2.0,1.0,0.0,0.0,73.17,28.57,26.92,37.5,10.0,43.14,27.78,60.0,0.5269398704154458,1.1348001608892235,4.0,6.0,0.14057293,4.0,11.0,16.0,0.5525731500000001,39.0,6.338028169014084,1.7746478873239435,18.253521126760564,1.0140845070422535,22.816901408450704,1.2676056338028168,2.535211267605633,2.535211267605633,1.5211267605633805,1.0140845070422535,0.7605633802816901,2.028169014084507,2.2816901408450705,5.577464788732394,1.7746478873239435,0.0,0.2535211267605634,3.0422535211267605,2.2816901408450705,0.7605633802816901,0.7605633802816901,0.5070422535211268,0.2535211267605634,0.0,0.0,73.17,28.57,26.92,37.5,10.0,43.14,27.78,60.0,0.133590389682789,0.2876958154367045,1.0140845070422535,1.5211267605633805,0.0356382076056338,1.0140845070422535,2.788732394366197,4.056338028169014,0.1400889676056338,9.887323943661972,ST,74,97,89,83,88,56,94,52,35,85,61,62,64,70,85,15,14,21,82,64,59,91,53,50,52,52,39,79,55,9,73,52,62,12,94,79,64,48,83,91,91,91,88,70,100,91,91,88,58,97,45,27,85,64,61,61,73,85,15,12,12,82,76,64,94,48,50,52,52,39,79,55,9,73,52,62,9,97,79,70,48,88,91,97,91,91,Premiership
St. Johnstone,ez46dadmx0virt38cgeq2n6pf,a5fpw5f7bvu01i8drfir8ugut,L. Smith,Liam Smith,30.0,Defender,Scotland,Defender,61.0,3.0,67.0,4.0,125.0,5.0,1.0,3.0,2.0,1.0,1.0,5.0,5.0,21.0,15.0,0.0,443.0,0.0,5.0,4.0,3.0,5.0,0.0,12.0,0.0,0.0,73.96,16.0,21.43,60.0,0.0,55.26,45.45,50.0,0.2755925755456991,0.0727900840179879,1.0,7.0,0.17823862,2.0,10.0,7.0,0.37290282,52.0,12.39277652370203,0.6094808126410834,13.611738148984198,0.8126410835214446,25.395033860045142,1.015801354401806,0.2031602708803611,0.6094808126410834,0.4063205417607223,0.2031602708803611,0.2031602708803611,1.015801354401806,1.015801354401806,4.266365688487585,3.0474040632054176,0.0,0.0,1.015801354401806,0.8126410835214446,0.6094808126410834,1.015801354401806,0.0,2.437923250564334,0.0,0.0,73.96,16.0,21.43,60.0,0.0,55.26,45.45,50.0,0.0559894623004806,0.0147880531864986,0.2031602708803611,1.4221218961625282,0.0362110063205417,0.4063205417607223,2.031602708803612,1.4221218961625282,0.0757590379232505,10.56433408577878,RB/RCB,20,47,33,13,20,43,20,57,60,50,50,57,57,43,40,53,27,27,53,67,23,43,97,40,53,20,13,40,70,27,40,40,27,60,13,57,60,60,40,13,13,20,13,33,47,47,20,27,40,20,73,60,53,60,60,53,33,53,53,27,33,60,67,53,43,100,40,53,20,13,40,70,27,40,40,27,60,13,60,53,60,33,27,7,27,27,Premiership
St. Johnstone,ez46dadmx0virt38cgeq2n6pf,cwdqe0rv5dcshhfhke86j9z2t,J. Holt,Jason Holt,33.0,Midfielder,Scotland,Midfielder,151.0,0.0,176.0,3.0,327.0,3.0,6.0,2.0,1.0,1.0,1.0,5.0,6.0,25.0,8.0,0.0,535.0,1.0,3.0,15.0,2.0,3.0,0.0,7.0,0.0,0.0,94.78,37.5,0.0,40.0,50.0,69.44,60.0,60.0,0.1765263726756341,0.2735806898781431,0.0,20.0,0.45670727,10.0,42.0,31.0,0.7581532000000002,185.0,25.401869158878505,0.0,29.60747663551402,0.5046728971962616,55.00934579439252,0.5046728971962616,1.0093457943925233,0.3364485981308411,0.1682242990654205,0.1682242990654205,0.1682242990654205,0.8411214953271028,1.0093457943925233,4.205607476635514,1.3457943925233644,0.0,0.1682242990654205,0.5046728971962616,2.5233644859813085,0.3364485981308411,0.5046728971962616,0.0,1.1775700934579438,0.0,0.0,94.78,37.5,0.0,40.0,50.0,69.44,60.0,60.0,0.0296960253099197,0.0460229197925848,0.0,3.364485981308411,0.0768292603738317,1.6822429906542056,7.065420560747663,5.214953271028037,0.1275397906542056,31.121495327102803,DM/CM,78,30,89,17,85,26,81,9,28,20,37,41,48,48,50,41,54,30,93,44,17,46,74,50,52,100,22,30,50,89,100,78,35,11,44,15,100,96,89,96,78,74,85,78,30,85,11,81,19,67,4,19,7,26,33,41,19,41,41,48,22,89,33,11,46,56,50,52,100,22,30,50,89,100,78,35,4,37,15,100,93,93,93,70,70,81,Premiership
St. Johnstone,ez46dadmx0virt38cgeq2n6pf,cy21ens9gwdhkmwfpdwz3e2cq,R. Paton,Ruari Paton,26.0,Attacker,Republic of Ireland,Striker,24.0,1.0,43.0,0.0,66.0,3.0,2.0,8.0,7.0,1.0,2.0,2.0,2.0,11.0,0.0,1.0,350.0,5.0,18.0,3.0,2.0,3.0,0.0,1.0,0.0,0.0,75.86,0.0,20.0,100.0,62.5,35.48,23.08,100.0,0.9415881270839052,0.1554625073907212,1.0,5.0,0.20442482,2.0,3.0,6.0,0.18962724,24.0,6.171428571428572,0.2571428571428572,11.057142857142855,0.0,16.97142857142857,0.7714285714285715,0.5142857142857143,2.0571428571428574,1.8,0.2571428571428572,0.5142857142857143,0.5142857142857143,0.5142857142857143,2.8285714285714287,0.0,0.2571428571428572,1.2857142857142858,4.628571428571429,0.7714285714285715,0.5142857142857143,0.7714285714285715,0.0,0.2571428571428572,0.0,0.0,75.86,0.0,20.0,100.0,62.5,35.48,23.08,100.0,0.242122661250147,0.0399760733290426,0.2571428571428572,1.2857142857142858,0.0525663822857142,0.5142857142857143,0.7714285714285715,1.542857142857143,0.0487612902857142,6.171428571428572,ST,65,67,64,15,64,32,20,38,44,39,36,17,14,21,8,47,65,50,27,44,59,36,53,50,52,68,15,76,98,95,48,30,98,45,21,36,55,70,56,47,59,45,67,64,64,64,15,70,36,24,36,52,42,42,15,12,21,8,45,79,52,21,42,67,36,52,50,52,68,15,76,98,95,48,30,98,36,24,39,58,85,61,45,58,48,64,Premiership
St. Johnstone,ez46dadmx0virt38cgeq2n6pf,d5y51fsln791r9ngx2fc03pxw,J. Fowler,Josh Fowler,24.0,Attacker,Scotland,Striker,14.0,0.0,37.0,0.0,51.0,5.0,8.0,8.0,8.0,0.0,0.0,6.0,9.0,20.0,4.0,4.0,479.0,5.0,20.0,7.0,3.0,4.0,1.0,0.0,0.0,0.0,71.83,0.0,0.0,50.0,62.5,33.33,17.24,80.0,0.8526529128572036,0.5561742001523804,0.0,4.0,0.17357954,2.0,0.0,4.0,0.13290948,7.0,2.630480167014614,0.0,6.951983298538623,0.0,9.582463465553236,0.9394572025052192,1.5031315240083507,1.5031315240083507,1.5031315240083507,0.0,0.0,1.1273486430062631,1.6910229645093946,3.757828810020877,0.7515657620041754,0.7515657620041754,0.9394572025052192,3.757828810020877,1.315240083507307,0.5636743215031316,0.7515657620041754,0.1878914405010438,0.0,0.0,0.0,71.83,0.0,0.0,50.0,62.5,33.33,17.24,80.0,0.160206184044151,0.1045003716361466,0.0,0.7515657620041754,0.0326141098121085,0.3757828810020877,0.0,0.7515657620041754,0.0249725536534446,1.315240083507307,ST,38,29,48,15,48,56,86,38,55,17,8,44,64,64,67,100,65,59,64,64,76,79,20,50,52,42,15,29,70,95,33,21,89,33,76,12,44,55,56,6,41,30,12,18,29,39,15,30,48,70,15,24,17,8,36,45,33,55,94,55,33,55,45,61,73,20,50,52,42,15,29,70,95,33,21,89,12,61,12,33,45,45,6,36,18,6,Premiership
St. Johnstone,ez46dadmx0virt38cgeq2n6pf,dpvmqjqhtd3r0eoaefpux42d,S. Stanton,Sam Stanton,32.0,Midfielder,Scotland,Midfielder,47.0,0.0,74.0,2.0,121.0,7.0,4.0,8.0,6.0,2.0,4.0,7.0,9.0,23.0,8.0,0.0,467.0,0.0,13.0,4.0,5.0,2.0,1.0,6.0,0.0,0.0,77.07,25.0,0.0,71.43,0.0,51.11,50.0,28.57,0.7259123604299953,0.2333897953263114,0.0,3.0,0.07209629,3.0,12.0,14.0,0.27383829,47.0,9.057815845824411,0.0,14.261241970021413,0.3854389721627408,23.319057815845824,1.3490364025695931,0.7708779443254817,1.5417558886509637,1.1563169164882223,0.3854389721627408,0.7708779443254817,1.3490364025695931,1.734475374732334,4.43254817987152,1.5417558886509637,0.0,0.0,2.505353319057816,0.7708779443254817,0.9635974304068522,0.3854389721627408,0.1927194860813704,1.1563169164882223,0.0,0.0,77.07,25.0,0.0,71.43,0.0,51.11,50.0,28.57,0.1398974570421832,0.0449787614119229,0.0,0.5781584582441113,0.0138943599571734,0.5781584582441113,2.312633832976445,2.6980728051391862,0.0527739745182012,9.057815845824411,CM/AM,73,10,70,33,70,90,30,73,77,40,83,57,67,80,100,33,17,67,70,80,20,87,100,53,53,47,27,10,93,17,87,77,7,80,20,17,27,33,57,67,57,27,60,40,10,27,27,33,73,20,60,67,33,73,53,53,60,80,33,17,67,53,80,13,80,100,53,53,47,27,10,93,17,87,77,7,67,13,17,7,7,47,60,40,7,27,Premiership
St. Mirren,muo4d1nfi1vgyvz5n07tjmoo,16x7shxmsfll6pytg8b8v0dbe,J. Richardson,Jayden Richardson,26.0,Defender,England,Defender,26.0,0.0,29.0,1.0,55.0,2.0,1.0,1.0,1.0,0.0,1.0,3.0,3.0,14.0,16.0,0.0,253.0,0.0,7.0,3.0,3.0,3.0,0.0,2.0,0.0,0.0,72.37,11.11,0.0,100.0,0.0,66.67,40.0,50.0,0.0836325336571242,0.1191644235465259,0.0,3.0,0.07226001,2.0,5.0,5.0,0.1388659299999999,16.0,9.24901185770751,0.0,10.316205533596838,0.3557312252964427,19.565217391304348,0.7114624505928854,0.3557312252964427,0.3557312252964427,0.3557312252964427,0.0,0.3557312252964427,1.067193675889328,1.067193675889328,4.980237154150198,5.691699604743083,0.0,0.0,2.490118577075099,1.067193675889328,1.067193675889328,1.067193675889328,0.0,0.7114624505928854,0.0,0.0,72.37,11.11,0.0,100.0,0.0,66.67,40.0,50.0,0.0297507036724947,0.0423905063999499,0.0,1.067193675889328,0.0257051418972332,0.7114624505928854,1.7786561264822136,1.7786561264822136,0.04939894743083,5.691699604743083,RB/RCB,7,13,7,7,7,10,20,20,33,23,50,43,40,7,53,53,27,53,33,67,10,43,10,40,53,13,7,13,97,27,93,27,27,27,20,23,23,20,40,7,7,7,7,7,13,20,7,7,20,33,27,53,23,73,67,60,47,87,53,27,87,67,93,60,43,47,40,53,13,7,13,97,27,93,27,27,40,40,23,47,40,60,13,13,7,7,Premiership
St. Mirren,muo4d1nfi1vgyvz5n07tjmoo,3drdtdzv5zyn87smg6jm1pslw,I. Kabia,Ismeal Kabia,20.0,Attacker,Netherlands,Striker,15.0,3.0,72.0,1.0,84.0,1.0,10.0,8.0,5.0,3.0,5.0,21.0,23.0,18.0,1.0,0.0,393.0,2.0,28.0,7.0,7.0,2.0,0.0,1.0,0.0,0.0,75.0,16.67,25.0,33.33,25.0,33.96,16.67,66.67,0.7632838893033076,0.7725966157703649,4.0,28.0,1.03680527,5.0,3.0,10.0,0.6621846,28.0,3.435114503816794,0.6870229007633588,16.48854961832061,0.2290076335877862,19.236641221374047,0.2290076335877862,2.290076335877863,1.8320610687022905,1.1450381679389314,0.6870229007633588,1.1450381679389314,4.809160305343512,5.2671755725190845,4.122137404580153,0.2290076335877862,0.0,0.4580152671755725,6.412213740458016,1.603053435114504,1.603053435114504,0.4580152671755725,0.0,0.2290076335877862,0.0,0.0,75.0,16.67,25.0,33.33,25.0,33.96,16.67,66.67,0.1747978372450322,0.1769305226955034,0.9160305343511452,6.412213740458016,0.2374363213740458,1.1450381679389314,0.6870229007633588,2.290076335877863,0.1516453282442748,6.412213740458016,LW,33,67,56,22,44,17,67,44,44,61,83,83,83,33,28,33,44,89,50,67,28,39,33,56,56,56,22,78,22,56,11,33,44,44,56,56,100,100,56,22,33,56,33,22,67,67,22,56,11,78,44,33,44,78,89,89,22,33,33,44,78,44,56,22,39,22,56,56,56,22,78,22,56,11,33,44,56,56,56,100,100,56,22,33,44,33,Premiership
St. Mirren,muo4d1nfi1vgyvz5n07tjmoo,3s6h7ah3aw6x091rky1zu3tka,Samuel Ramos,Samuel Ramos,26.0,Midfielder,Spain,Midfielder,31.0,0.0,49.0,5.0,80.0,2.0,4.0,6.0,3.0,3.0,2.0,6.0,6.0,15.0,1.0,1.0,251.0,3.0,6.0,9.0,1.0,1.0,2.0,1.0,0.0,0.0,81.63,62.5,0.0,16.67,50.0,48.39,33.33,33.33,0.5452394296767952,0.3015873785745447,4.0,2.0,0.04797389,2.0,10.0,14.0,0.4117375999999999,38.0,11.115537848605578,0.0,17.56972111553785,1.7928286852589643,28.68525896414343,0.7171314741035857,1.4342629482071714,2.1513944223107573,1.0756972111553786,1.0756972111553786,0.7171314741035857,2.1513944223107573,2.1513944223107573,5.378486055776893,0.3585657370517928,0.3585657370517928,1.0756972111553786,2.1513944223107573,3.227091633466136,0.3585657370517928,0.3585657370517928,0.7171314741035857,0.3585657370517928,0.0,0.0,81.63,62.5,0.0,16.67,50.0,48.39,33.33,33.33,0.1955041779717592,0.1081389006840997,1.4342629482071714,0.7171314741035857,0.0172017932270916,0.7171314741035857,3.5856573705179287,5.0199203187251,0.1476349960159362,13.625498007968128,DM/CM,7,30,11,30,11,17,50,63,67,57,67,52,48,9,6,91,89,63,78,22,4,98,7,50,52,30,89,30,11,89,52,22,6,70,59,83,19,22,37,19,37,33,11,7,30,33,44,19,30,85,96,89,93,89,89,89,56,7,96,100,85,100,41,4,100,7,50,52,30,89,30,11,89,52,22,6,93,85,100,30,26,56,44,63,78,22,Premiership
St. Mirren,muo4d1nfi1vgyvz5n07tjmoo,64tpd90skhh1yj8yztefhahn9,D. John,Declan John,31.0,Defender,Wales,Defender,99.0,5.0,100.0,5.0,194.0,1.0,7.0,5.0,4.0,1.0,1.0,12.0,12.0,14.0,20.0,1.0,539.0,1.0,15.0,0.0,5.0,7.0,0.0,5.0,0.0,0.0,77.91,23.81,20.0,41.67,20.0,35.0,16.67,87.5,0.5442747842082285,0.5916051956739287,1.0,6.0,0.17951731,4.0,17.0,23.0,0.6954776500000002,92.0,16.53061224489796,0.8348794063079777,16.697588126159555,0.8348794063079777,32.393320964749535,0.1669758812615955,1.1688311688311688,0.8348794063079777,0.6679035250463822,0.1669758812615955,0.1669758812615955,2.0037105751391464,2.0037105751391464,2.3376623376623376,3.339517625231911,0.1669758812615955,0.1669758812615955,2.504638218923933,0.0,0.8348794063079777,1.1688311688311688,0.0,0.8348794063079777,0.0,0.0,77.91,23.81,20.0,41.67,20.0,35.0,16.67,87.5,0.0908807617416337,0.0987837989065929,0.1669758812615955,1.0018552875695732,0.029975061038961,0.6679035250463822,2.8385899814471243,3.8404452690166977,0.1161279935064935,15.36178107606679,LB/LCB,71,68,79,29,76,12,71,68,82,41,62,88,88,24,62,85,47,94,6,76,85,44,65,50,50,41,24,29,35,44,6,12,88,82,71,47,62,65,82,65,59,41,76,47,59,59,29,41,12,59,47,65,41,59,76,76,12,41,76,53,82,6,65,76,44,35,50,50,41,24,29,35,44,6,12,88,59,53,35,53,53,71,65,53,29,53,Premiership
St. Mirren,muo4d1nfi1vgyvz5n07tjmoo,6nm4j9c81rfkxyl9vfxvbscno,F. Taylor,Fraser Taylor,23.0,Midfielder,Scotland,Midfielder,106.0,1.0,94.0,11.0,199.0,0.0,5.0,8.0,4.0,4.0,1.0,4.0,4.0,11.0,4.0,1.0,300.0,2.0,9.0,4.0,1.0,6.0,0.0,1.0,0.0,0.0,86.52,55.0,33.33,25.0,25.0,42.31,0.0,100.0,0.70918361810675,0.5337146414073025,3.0,4.0,0.08735244,3.0,13.0,21.0,0.6925248600000001,82.0,31.8,0.3,28.2,3.3,59.7,0.0,1.5,2.4,1.2,1.2,0.3,1.2,1.2,3.3,1.2,0.3,0.6,2.7,1.2,0.3,1.7999999999999998,0.0,0.3,0.0,0.0,86.52,55.0,33.33,25.0,25.0,42.31,0.0,100.0,0.2127550854320249,0.1601143924221907,0.8999999999999999,1.2,0.026205732,0.8999999999999999,3.9,6.3,0.207757458,24.6,DM/CM,57,69,44,65,56,6,69,80,85,72,37,31,28,4,24,91,76,81,30,22,35,46,7,50,52,67,70,83,20,61,11,6,100,85,85,67,39,30,48,39,56,67,37,93,78,78,85,89,6,89,100,96,100,56,44,44,4,26,93,85,93,48,26,59,46,4,50,52,67,70,83,20,61,11,6,100,96,89,93,48,37,70,48,89,93,74,Premiership
St. Mirren,muo4d1nfi1vgyvz5n07tjmoo,6t0n68hbpi4fa6lzt815gyc5w,K. Phillips,Killian Phillips,24.0,Midfielder,Republic of Ireland,Midfielder,26.0,1.0,46.0,4.0,71.0,4.0,4.0,9.0,7.0,2.0,2.0,3.0,3.0,11.0,3.0,3.0,246.0,5.0,16.0,3.0,1.0,2.0,0.0,1.0,0.0,0.0,76.34,50.0,14.29,33.33,55.56,42.31,44.44,66.67,0.9096954948912293,0.3143702278670146,2.0,4.0,0.10982213,2.0,11.0,10.0,0.28159025,27.0,9.51219512195122,0.3658536585365853,16.829268292682926,1.4634146341463414,25.97560975609756,1.4634146341463414,1.4634146341463414,3.292682926829268,2.5609756097560976,0.7317073170731707,0.7317073170731707,1.0975609756097562,1.0975609756097562,4.024390243902439,1.0975609756097562,1.0975609756097562,1.829268292682927,5.853658536585366,1.0975609756097562,0.3658536585365853,0.7317073170731707,0.0,0.3658536585365853,0.0,0.0,76.34,50.0,14.29,33.33,55.56,42.31,44.44,66.67,0.3328154249602058,0.1150134980001272,0.7317073170731707,1.4634146341463414,0.0401788280487804,0.7317073170731707,4.024390243902439,3.658536585365854,0.1030208231707317,9.878048780487804,CM/AM,37,27,40,60,40,67,30,87,87,40,57,40,40,33,40,100,90,73,50,30,20,37,30,53,53,40,70,27,27,93,33,67,57,87,27,47,50,53,43,60,40,33,27,53,27,47,67,60,83,43,93,100,53,67,33,33,53,67,100,93,87,80,27,33,37,33,53,53,40,70,27,27,93,33,67,57,100,40,67,60,60,60,73,67,60,40,Premiership
St. Mirren,muo4d1nfi1vgyvz5n07tjmoo,7ey49srzbe1bgi3kjal7fz6dw,E. Sule,Eseosa Sule,20.0,Attacker,Nigeria,Striker,10.0,0.0,22.0,2.0,32.0,0.0,3.0,10.0,5.0,5.0,3.0,7.0,8.0,8.0,0.0,0.0,284.0,4.0,19.0,4.0,2.0,1.0,0.0,0.0,0.0,0.0,65.31,66.67,0.0,28.57,40.0,33.33,0.0,50.0,0.6836344562046073,0.2636431359963159,5.0,2.0,0.04888404,0.0,3.0,3.0,0.10987614,8.0,3.1690140845070425,0.0,6.971830985915493,0.6338028169014085,10.140845070422536,0.0,0.9507042253521129,3.1690140845070425,1.5845070422535212,1.5845070422535212,0.9507042253521129,2.218309859154929,2.535211267605634,2.535211267605634,0.0,0.0,1.267605633802817,6.021126760563381,1.267605633802817,0.6338028169014085,0.3169014084507042,0.0,0.0,0.0,0.0,65.31,66.67,0.0,28.57,40.0,33.33,0.0,50.0,0.2166447220366713,0.083548881125593,1.5845070422535212,0.6338028169014085,0.0154914211267605,0.0,0.9507042253521129,0.9507042253521129,0.0348199035211267,2.535211267605634,ST,23,29,21,65,18,5,35,52,27,88,61,53,55,14,8,15,55,55,39,44,30,36,20,50,52,21,86,29,36,55,33,5,42,24,39,82,30,21,11,47,32,24,18,27,29,42,67,36,5,36,73,36,97,82,64,73,15,8,15,76,79,52,55,33,36,20,50,52,21,86,29,36,55,33,5,42,30,39,97,30,24,11,52,39,33,21,Premiership
St. Mirren,muo4d1nfi1vgyvz5n07tjmoo,8kteu42jbj080ouby8i4qjaj8,P. Nsio,Paul Nsio,20.0,Midfielder,England,Midfielder,79.0,1.0,87.0,7.0,165.0,7.0,4.0,8.0,6.0,2.0,2.0,18.0,19.0,39.0,16.0,1.0,540.0,1.0,18.0,3.0,10.0,12.0,0.0,6.0,0.0,0.0,76.04,41.18,20.0,55.56,12.5,45.88,58.33,63.16,0.7126649505018977,0.1784630202866839,2.0,13.0,0.3536675199999999,11.0,12.0,13.0,0.5075850299999999,72.0,13.166666666666666,0.1666666666666666,14.5,1.1666666666666667,27.5,1.1666666666666667,0.6666666666666666,1.3333333333333333,1.0,0.3333333333333333,0.3333333333333333,3.0,3.1666666666666665,6.5,2.6666666666666665,0.1666666666666666,0.1666666666666666,3.0,0.5,1.6666666666666667,2.0,0.0,1.0,0.0,0.0,76.04,41.18,20.0,55.56,12.5,45.88,58.33,63.16,0.1187774917503162,0.0297438367144473,0.3333333333333333,2.1666666666666665,0.0589445866666666,1.8333333333333333,2.0,2.1666666666666665,0.0845975049999999,12.0,DM/CM,33,69,37,39,31,67,50,80,96,43,67,100,100,87,100,91,54,100,13,98,94,46,61,50,52,19,37,67,81,41,33,67,44,89,30,50,83,89,94,31,28,48,33,11,67,22,30,15,56,37,74,85,26,67,100,100,74,100,85,43,100,11,100,74,46,41,50,52,19,37,67,81,41,33,67,44,67,19,41,81,85,96,22,22,33,11,Premiership
St. Mirren,muo4d1nfi1vgyvz5n07tjmoo,9d2p89e7bftxqhk80hy9ldeqd,A. Gogić,Alex Gogic,32.0,Defender,Cyprus,Defender,262.0,0.0,85.0,13.0,347.0,6.0,3.0,1.0,1.0,0.0,0.0,1.0,1.0,20.0,51.0,0.0,630.0,0.0,2.0,1.0,1.0,8.0,1.0,11.0,0.0,0.0,89.2,34.21,0.0,100.0,0.0,54.05,46.15,66.67,0.1312674461052879,0.2019586932761184,0.0,1.0,0.01689528,1.0,21.0,19.0,0.5320173399999995,229.0,37.42857142857143,0.0,12.142857142857142,1.8571428571428568,49.57142857142857,0.8571428571428571,0.4285714285714285,0.1428571428571428,0.1428571428571428,0.0,0.0,0.1428571428571428,0.1428571428571428,2.857142857142857,7.285714285714286,0.0,0.0,0.2857142857142857,0.1428571428571428,0.1428571428571428,1.1428571428571428,0.1428571428571428,1.5714285714285714,0.0,0.0,89.2,34.21,0.0,100.0,0.0,54.05,46.15,66.67,0.0187524923007554,0.0288512418965883,0.0,0.1428571428571428,0.0024136114285714,0.1428571428571428,3.0,2.7142857142857144,0.076002477142857,32.714285714285715,CB,81,50,57,33,76,10,83,24,31,43,31,60,55,21,83,40,26,17,17,62,95,95,90,45,52,62,10,50,83,26,10,10,45,29,76,43,26,26,50,69,52,57,67,57,50,38,10,57,10,74,19,24,43,31,50,45,10,60,40,26,10,10,52,86,90,81,45,52,62,10,50,83,26,10,10,45,19,71,43,19,19,43,55,31,33,52,Premiership
St. Mirren,muo4d1nfi1vgyvz5n07tjmoo,b5zjhbc8klgjrafy0v3loh9g4,R. Carr,Ryan Carr,21.0,Midfielder,Scotland,Midfielder,189.0,0.0,149.0,25.0,338.0,4.0,5.0,6.0,1.0,5.0,1.0,17.0,18.0,54.0,6.0,0.0,609.0,0.0,2.0,18.0,10.0,12.0,0.0,12.0,0.0,0.0,86.01,53.19,0.0,58.82,0.0,55.1,40.0,54.55,0.4121367575974068,0.250764754983291,3.0,10.0,0.20020338,6.0,32.0,33.0,0.7534998300000002,208.0,27.93103448275862,0.0,22.019704433497537,3.6945812807881775,49.95073891625616,0.5911330049261084,0.7389162561576355,0.8866995073891626,0.1477832512315271,0.7389162561576355,0.1477832512315271,2.5123152709359604,2.6600985221674875,7.980295566502463,0.8866995073891626,0.0,0.0,0.2955665024630542,2.6600985221674875,1.477832512315271,1.7733990147783252,0.0,1.7733990147783252,0.0,0.0,86.01,53.19,0.0,58.82,0.0,55.1,40.0,54.55,0.0609069099897645,0.037058830785708,0.4433497536945813,1.477832512315271,0.0295867064039408,0.8866995073891626,4.729064039408867,4.876847290640394,0.1113546546798029,30.73891625615764,DM/CM,94,30,85,96,89,37,69,63,28,83,37,96,96,100,33,41,19,20,100,98,94,46,100,50,52,59,67,30,85,19,80,33,22,59,37,67,70,67,78,81,85,70,89,81,30,63,89,74,22,44,37,15,70,22,96,96,89,22,41,19,19,93,93,56,46,89,50,52,59,67,30,85,19,80,33,22,33,30,56,67,59,63,63,59,52,78,Premiership
St. Mirren,muo4d1nfi1vgyvz5n07tjmoo,bhkrpr3gxc5xx0b0dinla5muh,N. Agrafiotis,Nikolas Agrafiotis,26.0,Attacker,Netherlands,Striker,19.0,0.0,31.0,0.0,50.0,7.0,4.0,6.0,5.0,1.0,0.0,7.0,7.0,17.0,4.0,1.0,267.0,2.0,12.0,7.0,2.0,0.0,1.0,1.0,0.0,0.0,73.53,0.0,0.0,28.57,33.33,35.42,41.18,0.0,0.6541504459345984,0.3155485618377185,0.0,1.0,0.02401521,1.0,1.0,3.0,0.1562913299999999,11.0,6.404494382022472,0.0,10.44943820224719,0.0,16.85393258426966,2.359550561797753,1.348314606741573,2.02247191011236,1.6853932584269662,0.3370786516853932,0.0,2.359550561797753,2.359550561797753,5.730337078651685,1.348314606741573,0.3370786516853932,0.6741573033707865,4.044943820224719,2.359550561797753,0.6741573033707865,0.0,0.3370786516853932,0.3370786516853932,0.0,0.0,73.53,0.0,0.0,28.57,33.33,35.42,41.18,0.0,0.2205001503150331,0.106364683765523,0.0,0.3370786516853932,0.0080950146067415,0.3370786516853932,0.3370786516853932,1.0112359550561798,0.0526824707865168,3.7078651685393256,ST,48,29,38,15,45,76,45,20,27,39,8,53,48,48,67,47,29,21,64,44,11,79,53,50,52,55,15,29,36,48,45,70,11,18,48,12,17,14,33,21,32,42,32,73,29,58,15,67,82,58,33,42,48,8,67,64,79,79,58,33,42,85,61,11,91,67,50,52,55,15,29,36,48,45,70,11,33,67,12,18,9,39,24,42,52,45,Premiership
St. Mirren,muo4d1nfi1vgyvz5n07tjmoo,bope7x42xo591997erreb21as,H. Fieldson,Henry Fieldson,21.0,Defender,England,Defender,204.0,3.0,64.0,16.0,265.0,10.0,5.0,2.0,2.0,0.0,0.0,5.0,6.0,31.0,37.0,0.0,540.0,1.0,4.0,6.0,1.0,12.0,1.0,8.0,0.0,0.0,84.94,36.36,42.86,20.0,50.0,53.45,38.46,85.71,0.3056681347048298,0.4174418358606199,0.0,1.0,0.01611813,3.0,21.0,26.0,0.8268607199999998,152.0,34.0,0.5,10.666666666666666,2.6666666666666665,44.16666666666666,1.6666666666666667,0.8333333333333334,0.3333333333333333,0.3333333333333333,0.0,0.0,0.8333333333333334,1.0,5.166666666666667,6.166666666666667,0.0,0.1666666666666666,0.6666666666666666,1.0,0.1666666666666666,2.0,0.1666666666666666,1.3333333333333333,0.0,0.0,84.94,36.36,42.86,20.0,50.0,53.45,38.46,85.71,0.0509446891174716,0.0695736393101033,0.0,0.1666666666666666,0.002686355,0.5,3.5,4.333333333333333,0.1378101199999999,25.33333333333333,LB/LCB,100,53,24,94,88,79,56,24,47,18,26,56,56,94,94,35,47,38,74,35,100,91,85,50,50,82,79,94,24,76,41,18,82,47,47,18,26,24,65,82,91,47,88,100,47,24,82,76,71,41,24,41,18,26,53,53,65,88,35,47,29,59,24,88,88,82,50,50,82,79,94,24,76,41,18,82,35,47,18,24,24,53,71,65,41,76,Premiership
St. Mirren,muo4d1nfi1vgyvz5n07tjmoo,eqgmk5554mq4x7ckotb7ztox6,C. Ramsay,Calvin Ramsay,23.0,Defender,Scotland,Defender,87.0,5.0,58.0,13.0,140.0,7.0,3.0,7.0,5.0,2.0,3.0,6.0,7.0,27.0,11.0,0.0,393.0,1.0,7.0,5.0,2.0,10.0,0.0,10.0,1.0,0.0,84.85,54.17,25.0,33.33,14.29,64.29,58.33,76.92,0.6479796530291965,0.4324829335940672,0.0,9.0,0.19137329,2.0,14.0,12.0,0.36441251,53.0,19.923664122137406,1.1450381679389314,13.282442748091604,2.9770992366412217,32.06106870229008,1.603053435114504,0.6870229007633588,1.603053435114504,1.1450381679389314,0.4580152671755725,0.6870229007633588,1.3740458015267176,1.603053435114504,6.183206106870229,2.5190839694656493,0.0,0.2290076335877862,1.603053435114504,1.1450381679389314,0.4580152671755725,2.290076335877863,0.0,2.290076335877863,0.2290076335877862,0.0,84.85,54.17,25.0,33.33,14.29,64.29,58.33,76.92,0.1483922869532511,0.099041893189481,0.0,2.0610687022900764,0.0438259442748091,0.4580152671755725,3.206106870229008,2.748091603053436,0.0834532465648855,12.137404580152673,RB/RCB,57,73,20,67,43,57,47,93,93,77,87,73,70,57,20,53,67,53,70,47,87,43,80,87,53,87,93,67,20,53,70,60,100,93,53,23,67,67,40,33,20,13,20,60,80,40,73,53,67,60,100,93,93,93,80,87,67,13,53,80,60,73,53,93,43,93,93,53,87,93,67,20,53,70,60,100,93,67,23,67,67,40,60,33,40,40,Premiership
St. Mirren,muo4d1nfi1vgyvz5n07tjmoo,tl63zwx337ppsjkzc40ztyi,C. Mochrie,Chris Mochrie,23.0,Midfielder,Scotland,Midfielder,40.0,2.0,83.0,2.0,121.0,2.0,7.0,7.0,3.0,4.0,4.0,10.0,10.0,24.0,2.0,0.0,429.0,0.0,18.0,5.0,5.0,6.0,0.0,2.0,0.0,0.0,83.45,66.67,50.0,50.0,0.0,50.0,25.0,50.0,0.4738128777474573,0.6195238396023088,3.0,8.0,0.2481930499999999,3.0,7.0,14.0,0.6866098200000001,53.0,8.391608391608392,0.4195804195804196,17.412587412587413,0.4195804195804196,25.384615384615383,0.4195804195804196,1.4685314685314683,1.4685314685314683,0.6293706293706294,0.8391608391608392,0.8391608391608392,2.097902097902098,2.097902097902098,5.034965034965035,0.4195804195804196,0.0,0.0,3.776223776223776,1.048951048951049,1.048951048951049,1.2587412587412588,0.0,0.4195804195804196,0.0,0.0,83.45,66.67,50.0,50.0,0.0,50.0,25.0,50.0,0.0994013030239421,0.1299700362802046,0.6293706293706294,1.6783216783216783,0.052068472027972,0.6293706293706294,1.4685314685314683,2.937062937062937,0.1440440181818182,11.118881118881118,CM/AM,60,53,80,33,70,33,60,60,57,80,83,77,77,87,23,33,17,80,83,80,80,37,63,53,53,80,100,93,67,17,77,43,23,60,67,67,73,80,57,43,57,87,67,27,47,53,33,40,27,53,53,53,67,80,87,80,73,13,33,17,73,73,87,60,37,53,53,53,80,100,93,67,17,77,43,23,47,53,60,73,73,53,27,53,67,53,Premiership
