Team,contestantId,playerId,Short Name,Player Name,Age,Position_x,Nationality,Position_y,total accurate back zone pass_Total,total accurate fwd zone pass_Total,total accurate long balls_Total,total accurate pass_Total,total aerial won_Total,total attempt_Total,total attempts ibox_Total,total duels won_Total,total effective clearance_Total,total mins played,total touches in opposition box_Total,total accurate cross_Total,total assists_Total,total att assist_Total,total attempts obox_Total,total blocked scoring att_Total,total contest_Total,total dribbles attempted_Total,total goals_Total,total ontarget attempt_Total,total was fouled_Total,total won contest_Total,total won tackle_Total,total interception_Total,total big chances saved_Total,total direct setpiece goals_Total,pass_success_pct_Total,long_balls_success_pct_Total,cross_success_pct_Total,dribble_success_pct_Total,attempt_success_pct_Total,duel_success_pct_Total,aerial_success_pct_Total,tackle_success_pct_Total,xG_Total,xA_Total,CreatedOwnShot_Total,Total Carries_Total,Total Carry xT_Total,Total Final Third Carries_Total,passes_into_final_third_Total,progressive_passes_Total,xT_pass_Total,forward_passes_Total,total accurate back zone pass_p90,total accurate fwd zone pass_p90,total accurate long balls_p90,total accurate pass_p90,total aerial won_p90,total attempt_p90,total attempts ibox_p90,total duels won_p90,total effective clearance_p90,total touches in opposition box_p90,total accurate cross_p90,total assists_p90,total att assist_p90,total attempts obox_p90,total blocked scoring att_p90,total contest_p90,total dribbles attempted_p90,total goals_p90,total ontarget attempt_p90,total was fouled_p90,total won contest_p90,total won tackle_p90,total interception_p90,total big chances saved_p90,total direct setpiece goals_p90,pass_success_pct_p90,long_balls_success_pct_p90,cross_success_pct_p90,dribble_success_pct_p90,attempt_success_pct_p90,duel_success_pct_p90,aerial_success_pct_p90,tackle_success_pct_p90,xG_p90,xA_p90,CreatedOwnShot_p90,Total Carries_p90,Total Carry xT_p90,Total Final Third Carries_p90,passes_into_final_third_p90,progressive_passes_p90,xT_pass_p90,forward_passes_p90,Pos.,total accurate back zone pass_TotalPR,total accurate fwd zone pass_TotalPR,total accurate long balls_TotalPR,total accurate pass_TotalPR,total aerial won_TotalPR,total attempt_TotalPR,total attempts ibox_TotalPR,total duels won_TotalPR,total effective clearance_TotalPR,total touches in opposition box_TotalPR,total accurate cross_TotalPR,total assists_TotalPR,total att assist_TotalPR,total attempts obox_TotalPR,total blocked scoring att_TotalPR,total contest_TotalPR,total dribbles attempted_TotalPR,total goals_TotalPR,total ontarget attempt_TotalPR,total was fouled_TotalPR,total won contest_TotalPR,total won tackle_TotalPR,total interception_TotalPR,total big chances saved_TotalPR,total direct setpiece goals_TotalPR,pass_success_pct_TotalPR,long_balls_success_pct_TotalPR,cross_success_pct_TotalPR,dribble_success_pct_TotalPR,attempt_success_pct_TotalPR,duel_success_pct_TotalPR,aerial_success_pct_TotalPR,tackle_success_pct_TotalPR,xG_TotalPR,xA_TotalPR,CreatedOwnShot_TotalPR,Total Carries_TotalPR,Total Carry xT_TotalPR,Total Final Third Carries_TotalPR,passes_into_final_third_TotalPR,progressive_passes_TotalPR,xT_pass_TotalPR,forward_passes_TotalPR,total accurate back zone pass_p90PR,total accurate fwd zone pass_p90PR,total accurate long balls_p90PR,total accurate pass_p90PR,total aerial won_p90PR,total attempt_p90PR,total attempts ibox_p90PR,total duels won_p90PR,total effective clearance_p90PR,total touches in opposition box_p90PR,total accurate cross_p90PR,total assists_p90PR,total att assist_p90PR,total attempts obox_p90PR,total blocked scoring att_p90PR,total contest_p90PR,total dribbles attempted_p90PR,total goals_p90PR,total ontarget attempt_p90PR,total was fouled_p90PR,total won contest_p90PR,total won tackle_p90PR,total interception_p90PR,total big chances saved_p90PR,total direct setpiece goals_p90PR,pass_success_pct_p90PR,long_balls_success_pct_p90PR,cross_success_pct_p90PR,dribble_success_pct_p90PR,attempt_success_pct_p90PR,duel_success_pct_p90PR,aerial_success_pct_p90PR,tackle_success_pct_p90PR,xG_p90PR,xA_p90PR,CreatedOwnShot_p90PR,Total Carries_p90PR,Total Carry xT_p90PR,Total Final Third Carries_p90PR,passes_into_final_third_p90PR,progressive_passes_p90PR,xT_pass_p90PR,forward_passes_p90PR,League
Crvena zvezda,81lpho34qr3dad0xzalq0abja,2456sb5oj15equsuu5npj43my,Tomás Händel,Tomás Romano Pereira dos Santos Händel,25.0,Midfielder,Portugal,Midfielder,32.0,77.0,5.0,106.0,1.0,2.0,2.0,9.0,0.0,220.0,11.0,3.0,0.0,8.0,0.0,0.0,4.0,4.0,1.0,1.0,3.0,1.0,1.0,2.0,0.0,0.0,90.6,83.33,60.0,25.0,50.0,50.0,33.33,25.0,0.2250963398751576,0.5826448296082332,0.0,7.0,0.1748157,1.0,13.0,15.0,0.8357709499999998,60.0,13.09090909090909,31.5,2.0454545454545454,43.36363636363636,0.409090909090909,0.8181818181818181,0.8181818181818181,3.6818181818181817,0.0,4.5,1.227272727272727,0.0,3.2727272727272725,0.0,0.0,1.6363636363636362,1.6363636363636362,0.409090909090909,0.409090909090909,1.227272727272727,0.409090909090909,0.409090909090909,0.8181818181818181,0.0,0.0,90.6,83.33,60.0,25.0,50.0,50.0,33.33,25.0,0.0920848663125644,0.2383547030215499,0.0,2.863636363636364,0.0715155136363636,0.409090909090909,5.3181818181818175,6.136363636363636,0.3419062977272726,24.545454545454543,CM/AM,43,52,43,52,22,7,29,10,12,50,64,31,53,3,10,28,24,55,21,19,22,9,38,52,48,100,95,97,28,78,59,47,5,10,45,9,33,34,19,59,47,83,59,72,90,72,90,34,10,48,38,12,83,79,31,86,3,10,52,45,79,21,41,38,17,66,52,48,100,95,97,28,78,59,47,5,24,79,9,72,66,17,90,79,93,90,Serbian SuperLeague
Crvena zvezda,81lpho34qr3dad0xzalq0abja,2v3bbqm0o4jx6r3zrmlzh1cyd,M. Ivanić,Mirko Ivanic,33.0,Midfielder,Montenegro,Midfielder,28.0,67.0,6.0,92.0,4.0,13.0,8.0,10.0,5.0,311.0,19.0,3.0,2.0,8.0,5.0,1.0,7.0,10.0,2.0,7.0,0.0,5.0,0.0,1.0,0.0,0.0,78.63,50.0,60.0,71.43,53.85,58.82,66.67,0.0,1.292289276350251,0.8914245872458708,2.0,13.0,0.3279794799999998,5.0,18.0,26.0,1.1285206799999998,50.0,8.10289389067524,19.38906752411576,1.7363344051446945,26.623794212218648,1.157556270096463,3.762057877813505,2.315112540192926,2.893890675241157,1.4469453376205788,5.498392282958199,0.8681672025723473,0.5787781350482315,2.315112540192926,1.4469453376205788,0.2893890675241157,2.02572347266881,2.893890675241157,0.5787781350482315,2.02572347266881,0.0,1.4469453376205788,0.0,0.2893890675241157,0.0,0.0,78.63,50.0,60.0,71.43,53.85,58.82,66.67,0.0,0.3739743886544134,0.2579685300711523,0.5787781350482315,3.762057877813505,0.0949136758842443,1.4469453376205788,5.209003215434083,7.524115755627009,0.326581547266881,14.469453376205788,LM/LCM,57,86,71,71,57,100,79,29,79,86,86,100,86,93,43,64,86,100,100,14,71,21,50,57,57,57,50,100,71,100,57,71,21,100,100,57,71,71,86,93,100,100,57,57,71,57,71,57,100,86,29,86,86,86,100,86,100,43,71,71,100,100,14,71,21,43,57,57,57,50,100,71,100,57,71,21,86,100,43,71,71,86,86,86,100,86,Serbian SuperLeague
Crvena zvezda,81lpho34qr3dad0xzalq0abja,3brp9vcz7bja0nfic48rx4p1x,Rodrigão,Rodrigo de Souza Prado,31.0,Defender,Brazil,Defender,92.0,59.0,4.0,151.0,1.0,0.0,0.0,2.0,6.0,180.0,2.0,0.0,0.0,1.0,0.0,0.0,0.0,0.0,0.0,0.0,0.0,0.0,1.0,2.0,0.0,0.0,94.38,50.0,0.0,0.0,0.0,22.22,20.0,100.0,0.0,0.0,0.0,0.0,0.0,0.0,0.0,0.0,0.0,0.0,46.0,29.5,2.0,75.5,0.5,0.0,0.0,1.0,3.0,1.0,0.0,0.0,0.5,0.0,0.0,0.0,0.0,0.0,0.0,0.0,0.0,0.5,1.0,0.0,0.0,94.38,50.0,0.0,0.0,0.0,22.22,20.0,100.0,0.0,0.0,0.0,0.0,0.0,0.0,0.0,0.0,0.0,0.0,CB,31,44,13,36,7,8,12,2,17,32,36,48,39,27,32,14,14,47,22,6,20,16,27,48,51,98,74,36,20,22,2,6,97,12,19,28,11,11,19,10,11,10,10,91,93,39,93,16,8,12,2,33,68,36,48,64,27,32,14,14,47,22,6,20,32,53,48,51,98,74,36,20,22,2,6,97,12,19,28,11,11,19,10,11,10,10,Serbian SuperLeague
Crvena zvezda,81lpho34qr3dad0xzalq0abja,3oub3l3mryzafp6wobgjbgxjp,A. Katai,Aleksandar Katai,35.0,Midfielder,Serbia,Midfielder,13.0,67.0,5.0,79.0,4.0,25.0,18.0,12.0,2.0,354.0,39.0,1.0,3.0,11.0,7.0,2.0,8.0,8.0,1.0,13.0,4.0,3.0,1.0,0.0,0.0,0.0,71.17,83.33,11.11,37.5,52.0,41.38,57.14,100.0,2.524168408482605,0.8214444958883735,4.0,11.0,0.3211095799999999,4.0,11.0,16.0,0.7366550599999999,41.0,3.305084745762712,17.033898305084747,1.2711864406779665,20.084745762711865,1.0169491525423728,6.3559322033898304,4.576271186440678,3.050847457627119,0.5084745762711864,9.915254237288137,0.2542372881355932,0.7627118644067797,2.796610169491525,1.779661016949153,0.5084745762711864,2.0338983050847457,2.0338983050847457,0.2542372881355932,3.305084745762712,1.0169491525423728,0.7627118644067797,0.2542372881355932,0.0,0.0,0.0,71.17,83.33,11.11,37.5,52.0,41.38,57.14,100.0,0.6417377309701539,0.2088418209885695,1.0169491525423728,2.796610169491525,0.0816380288135593,1.0169491525423728,2.796610169491525,4.067796610169491,0.1872851847457627,10.423728813559322,CM/AM,7,48,43,36,62,100,100,22,53,97,38,97,79,67,45,62,60,55,100,29,60,9,10,52,48,14,95,34,48,86,34,86,91,97,69,59,66,69,52,47,52,76,41,3,45,34,24,76,100,100,14,55,100,41,97,72,79,45,69,66,59,100,24,62,7,10,52,48,14,95,34,48,86,34,86,91,100,59,66,69,86,62,41,59,69,38,Serbian SuperLeague
Crvena zvezda,81lpho34qr3dad0xzalq0abja,40ht1vwlzsf29ipe2rlyd59uc,M. Gashtarov,Matej Gashtarov,19.0,Midfielder,North Macedonia,Midfielder,106.0,102.0,10.0,206.0,3.0,3.0,1.0,26.0,9.0,360.0,2.0,2.0,0.0,1.0,2.0,2.0,2.0,2.0,0.0,1.0,12.0,0.0,7.0,3.0,0.0,0.0,87.66,62.5,40.0,0.0,33.33,57.78,75.0,63.64,0.0,0.0,0.0,0.0,0.0,0.0,0.0,0.0,0.0,0.0,26.5,25.5,2.5,51.5,0.75,0.75,0.25,6.5,2.25,0.5,0.5,0.0,0.25,0.5,0.5,0.5,0.5,0.0,0.25,3.0,0.0,1.75,0.75,0.0,0.0,87.66,62.5,40.0,0.0,33.33,57.78,75.0,63.64,0.0,0.0,0.0,0.0,0.0,0.0,0.0,0.0,0.0,0.0,DM/CM,72,74,33,70,26,37,50,56,63,37,69,41,22,37,85,19,17,41,50,89,9,59,30,52,52,89,81,81,9,65,59,85,46,9,11,11,11,11,19,9,9,9,9,89,85,52,93,30,41,67,78,70,44,74,41,30,44,89,26,22,41,59,96,9,85,26,52,52,89,81,81,9,65,59,85,46,9,11,11,11,11,19,9,9,9,9,Serbian SuperLeague
Crvena zvezda,81lpho34qr3dad0xzalq0abja,4fkb8m4vdcyn1iwck0ukhofmc,F. Tebo Uchenna,Franklin Tebo Uchenna,26.0,Defender,Nigeria,Defender,96.0,48.0,6.0,144.0,5.0,0.0,0.0,10.0,9.0,225.0,0.0,0.0,0.0,0.0,0.0,0.0,0.0,0.0,0.0,0.0,1.0,0.0,4.0,2.0,0.0,0.0,92.9,85.71,0.0,0.0,0.0,66.67,83.33,100.0,0.0,0.0,0.0,0.0,0.0,0.0,0.0,0.0,0.0,0.0,38.4,19.2,2.4,57.6,2.0,0.0,0.0,4.0,3.6,0.0,0.0,0.0,0.0,0.0,0.0,0.0,0.0,0.0,0.0,0.4,0.0,1.6,0.8,0.0,0.0,92.9,85.71,0.0,0.0,0.0,66.67,83.33,100.0,0.0,0.0,0.0,0.0,0.0,0.0,0.0,0.0,0.0,0.0,CB,36,33,23,31,31,8,12,13,30,6,36,48,14,27,32,14,14,47,22,13,20,56,27,48,51,93,99,36,20,22,89,98,97,12,19,28,11,11,19,10,11,10,10,87,76,56,87,49,8,12,22,47,6,36,48,14,27,32,14,14,47,22,22,20,92,36,48,51,93,99,36,20,22,89,98,97,12,19,28,11,11,19,10,11,10,10,Serbian SuperLeague
Crvena zvezda,81lpho34qr3dad0xzalq0abja,55pnhqsxzsj97rrp45trw5wq1,M. Abu Fani,Mohamed Abu Fani,28.0,Midfielder,Israel,Midfielder,91.0,208.0,33.0,288.0,1.0,14.0,5.0,16.0,2.0,425.0,17.0,11.0,2.0,17.0,9.0,5.0,4.0,4.0,1.0,3.0,12.0,0.0,2.0,3.0,0.0,0.0,87.27,64.71,45.83,0.0,21.43,44.44,50.0,66.67,0.9292314268098923,1.7100593045043475,7.0,21.0,0.5315401799999999,5.0,55.0,68.0,2.0124238400000003,161.0,19.27058823529412,44.04705882352941,6.988235294117647,60.98823529411764,0.2117647058823529,2.9647058823529413,1.0588235294117647,3.388235294117647,0.4235294117647059,3.6,2.3294117647058825,0.4235294117647059,3.6,1.9058823529411764,1.0588235294117647,0.8470588235294118,0.8470588235294118,0.2117647058823529,0.6352941176470588,2.541176470588235,0.0,0.4235294117647059,0.6352941176470588,0.0,0.0,87.27,64.71,45.83,0.0,21.43,44.44,50.0,66.67,0.196778419795036,0.3621302056597442,1.4823529411764709,4.447058823529412,0.1125614498823529,1.0588235294117647,11.647058823529411,14.4,0.4261603425882354,34.09411764705882,CM/AM,81,97,97,93,22,72,60,43,53,79,93,88,91,88,79,28,24,55,50,83,9,31,55,52,48,83,59,90,9,28,45,76,66,55,90,83,95,97,60,97,97,93,93,90,100,97,100,14,86,59,28,48,72,97,90,97,86,83,21,21,55,48,90,9,24,52,52,48,83,59,90,9,28,45,76,66,72,97,79,97,93,69,100,100,100,97,Serbian SuperLeague
Crvena zvezda,81lpho34qr3dad0xzalq0abja,5v56mooqawkgwrfuhkkp9x7qi,L. Loizou,Loizos Loizou,23.0,Attacker,Cyprus,Striker,34.0,55.0,6.0,89.0,0.0,10.0,9.0,14.0,1.0,286.0,25.0,0.0,0.0,4.0,1.0,2.0,14.0,15.0,1.0,4.0,4.0,8.0,2.0,1.0,0.0,0.0,85.58,75.0,0.0,57.14,40.0,51.85,0.0,100.0,1.0293179621429838,0.4569732156592229,4.0,9.0,0.50168698,5.0,5.0,11.0,0.4658704799999998,33.0,10.6993006993007,17.30769230769231,1.888111888111888,28.00699300699301,0.0,3.146853146853147,2.8321678321678325,4.405594405594406,0.3146853146853147,7.8671328671328675,0.0,0.0,1.2587412587412588,0.3146853146853147,0.6293706293706294,4.405594405594406,4.720279720279721,0.3146853146853147,1.2587412587412588,1.2587412587412588,2.517482517482517,0.6293706293706294,0.3146853146853147,0.0,0.0,85.58,75.0,0.0,57.14,40.0,51.85,0.0,100.0,0.3239112468282117,0.1438027601724827,1.2587412587412588,2.8321678321678325,0.1578735251748252,1.5734265734265735,1.5734265734265735,3.4615384615384617,0.1466025986013985,10.384615384615383,RW,100,71,79,93,11,71,93,32,29,82,7,32,32,11,61,64,64,79,79,43,71,39,39,54,54,93,75,7,57,79,100,14,100,79,36,57,54,79,79,61,75,43,71,100,86,71,100,11,86,100,43,29,93,7,32,21,14,71,86,79,86,93,43,86,50,43,54,54,93,75,7,57,79,100,14,100,93,43,64,57,86,93,71,86,50,86,Serbian SuperLeague
Crvena zvezda,81lpho34qr3dad0xzalq0abja,6kge6vcoa9ocnh6tb8qznfzkl,M. Veljković,Milos Veljkovic,30.0,Defender,Serbia,Defender,140.0,107.0,21.0,247.0,8.0,0.0,0.0,13.0,8.0,270.0,1.0,0.0,0.0,1.0,0.0,0.0,1.0,1.0,0.0,0.0,4.0,1.0,0.0,2.0,0.0,0.0,91.48,70.0,0.0,100.0,0.0,52.0,50.0,0.0,0.0,0.0,0.0,0.0,0.0,0.0,0.0,0.0,0.0,0.0,46.66666666666666,35.666666666666664,7.0,82.33333333333333,2.6666666666666665,0.0,0.0,4.333333333333333,2.6666666666666665,0.3333333333333333,0.0,0.0,0.3333333333333333,0.0,0.0,0.3333333333333333,0.3333333333333333,0.0,0.0,1.3333333333333333,0.3333333333333333,0.0,0.6666666666666666,0.0,0.0,91.48,70.0,0.0,100.0,0.0,52.0,50.0,0.0,0.0,0.0,0.0,0.0,0.0,0.0,0.0,0.0,0.0,0.0,CB,60,79,81,69,36,8,12,23,24,17,36,48,39,27,32,38,36,47,22,56,57,6,27,48,51,89,91,36,90,22,36,34,6,12,19,28,11,11,19,10,11,10,10,93,100,98,96,64,8,12,33,24,27,36,48,52,27,32,49,47,47,22,80,69,6,31,48,51,89,91,36,90,22,36,34,6,12,19,28,11,11,19,10,11,10,10,Serbian SuperLeague
Crvena zvezda,81lpho34qr3dad0xzalq0abja,7nv0wf9kmny9w7p36ahdsitat,T. Elšnik,Timi Max Elsnik,28.0,Midfielder,Slovenia,Midfielder,99.0,97.0,16.0,195.0,8.0,8.0,6.0,20.0,4.0,373.0,10.0,1.0,0.0,5.0,2.0,2.0,6.0,6.0,0.0,1.0,1.0,2.0,3.0,4.0,0.0,0.0,90.28,88.89,25.0,33.33,12.5,50.0,80.0,33.33,0.8137224988826461,0.3163967539673551,0.0,6.0,0.1216024699999999,3.0,17.0,21.0,0.5748224499999999,102.0,23.887399463806968,23.40482573726541,3.860589812332439,47.0509383378016,1.93029490616622,1.93029490616622,1.4477211796246647,4.825737265415549,0.9651474530831098,2.412868632707774,0.2412868632707774,0.0,1.206434316353887,0.4825737265415549,0.4825737265415549,1.4477211796246647,1.4477211796246647,0.0,0.2412868632707774,0.2412868632707774,0.4825737265415549,0.7238605898123324,0.9651474530831098,0.0,0.0,90.28,88.89,25.0,33.33,12.5,50.0,80.0,33.33,0.1963405493282524,0.076342380313839,0.0,1.4477211796246647,0.0293410785522787,0.7238605898123324,4.101876675603217,5.067024128686327,0.1386971058981232,24.6112600536193,CM/AM,86,66,86,76,84,40,69,60,67,45,38,31,21,29,45,48,47,16,21,5,41,52,72,52,48,97,100,60,38,17,59,100,12,52,17,9,24,14,43,62,72,55,78,100,72,86,93,97,48,72,62,76,52,38,31,24,31,41,45,34,16,14,3,45,52,76,52,48,97,100,60,38,17,59,100,12,66,21,9,28,17,34,62,72,59,93,Serbian SuperLeague
Crvena zvezda,81lpho34qr3dad0xzalq0abja,8fuik0j594o6zdppn2jaxrzmc,S. Gudelj,Stefan Gudelj,20.0,Defender,Serbia,Defender,221.0,82.0,10.0,303.0,19.0,2.0,2.0,31.0,24.0,406.0,2.0,0.0,0.0,2.0,0.0,0.0,3.0,4.0,0.0,1.0,2.0,2.0,5.0,11.0,0.0,0.0,93.52,50.0,0.0,66.67,50.0,70.45,79.17,62.5,0.2856954141605657,0.1327580610668051,0.0,8.0,0.1558689999999999,1.0,13.0,19.0,0.6872377199999997,190.0,48.99014778325123,18.17733990147784,2.2167487684729066,67.16748768472907,4.211822660098522,0.4433497536945813,0.4433497536945813,6.87192118226601,5.320197044334975,0.4433497536945813,0.0,0.0,0.4433497536945813,0.0,0.0,0.6650246305418719,0.8866995073891626,0.0,0.2216748768472906,0.4433497536945813,0.4433497536945813,1.1083743842364533,2.438423645320197,0.0,0.0,93.52,50.0,0.0,66.67,50.0,70.45,79.17,62.5,0.0633314957498791,0.0294291268374691,0.0,1.7733990147783252,0.0345522413793103,0.2216748768472906,2.8817733990147785,4.211822660098522,0.1523433369458127,42.11822660098522,CB,84,58,38,78,84,40,63,66,62,32,36,48,58,27,32,74,81,47,66,28,81,68,90,48,51,96,74,36,77,80,96,96,51,62,56,28,81,76,46,54,66,82,89,96,71,47,89,100,49,69,98,73,33,36,48,62,27,32,76,78,47,71,27,82,78,100,48,51,96,74,36,77,80,96,96,51,73,62,28,91,91,53,73,80,91,96,Serbian SuperLeague
Crvena zvezda,81lpho34qr3dad0xzalq0abja,8s5u921me5pvsfyvysjgpu2qy,M. Cham,Muhammed Cham,25.0,Midfielder,Austria,Midfielder,37.0,62.0,14.0,95.0,0.0,2.0,1.0,16.0,0.0,212.0,11.0,4.0,0.0,10.0,1.0,0.0,5.0,6.0,0.0,1.0,5.0,4.0,4.0,1.0,0.0,0.0,81.9,73.68,40.0,80.0,50.0,61.54,0.0,57.14,0.1971802590762209,0.8954689565414096,0.0,7.0,0.16868607,1.0,10.0,15.0,0.51579071,32.0,15.70754716981132,26.32075471698113,5.943396226415095,40.33018867924528,0.0,0.8490566037735848,0.4245283018867924,6.792452830188679,0.0,4.669811320754717,1.6981132075471697,0.0,4.245283018867925,0.4245283018867924,0.0,2.1226415094339623,2.547169811320755,0.0,0.4245283018867924,2.1226415094339623,1.6981132075471697,1.6981132075471697,0.4245283018867924,0.0,0.0,81.9,73.68,40.0,80.0,50.0,61.54,0.0,57.14,0.0837086005512258,0.3801519155128625,0.0,2.971698113207548,0.0716120108490565,0.4245283018867924,4.245283018867925,6.367924528301887,0.218967754245283,13.584905660377355,CM/AM,59,41,83,48,7,7,10,43,12,50,72,31,69,14,10,38,47,16,21,41,71,66,26,52,48,66,76,83,97,78,97,9,38,7,76,9,33,31,19,40,47,45,26,86,79,93,83,7,14,21,90,12,86,86,31,100,17,10,72,72,16,28,72,90,90,34,52,48,66,76,83,97,78,97,9,38,17,100,9,79,72,21,69,83,83,55,Serbian SuperLeague
Crvena zvezda,81lpho34qr3dad0xzalq0abja,cz8rap253qxnx9l0g1sj6dt04,M. Bajo,Mahmudu Bajo,22.0,Midfielder,Gambia,Midfielder,51.0,72.0,3.0,123.0,2.0,2.0,1.0,11.0,1.0,206.0,2.0,0.0,0.0,0.0,1.0,0.0,5.0,5.0,0.0,1.0,5.0,3.0,1.0,2.0,0.0,0.0,88.49,33.33,0.0,60.0,50.0,61.11,50.0,100.0,0.0,0.0,0.0,0.0,0.0,0.0,0.0,0.0,0.0,0.0,22.281553398058254,31.45631067961165,1.3106796116504855,53.737864077669904,0.8737864077669903,0.8737864077669903,0.4368932038834952,4.805825242718447,0.4368932038834952,0.8737864077669903,0.0,0.0,0.0,0.4368932038834952,0.0,2.184466019417476,2.184466019417476,0.0,0.4368932038834952,2.184466019417476,1.3106796116504855,0.4368932038834952,0.8737864077669903,0.0,0.0,88.49,33.33,0.0,60.0,50.0,61.11,50.0,100.0,0.0,0.0,0.0,0.0,0.0,0.0,0.0,0.0,0.0,0.0,DM/CM,30,48,9,37,15,17,50,7,6,37,24,41,7,17,20,44,44,41,50,33,52,6,20,52,52,96,11,24,56,81,70,37,96,9,11,11,11,11,19,9,9,9,9,85,100,15,96,41,59,85,41,11,67,24,41,7,33,20,93,93,41,74,81,81,7,41,52,52,96,11,24,56,81,70,37,96,9,11,11,11,11,19,9,9,9,9,Serbian SuperLeague
Crvena zvezda,81lpho34qr3dad0xzalq0abja,eb85cx88u62iezjp4i0jjbg9g,V. Kostov,Vasilije Kostov,18.0,Midfielder,Serbia,Midfielder,32.0,36.0,4.0,67.0,1.0,12.0,7.0,6.0,2.0,283.0,16.0,1.0,1.0,3.0,5.0,2.0,2.0,2.0,3.0,5.0,2.0,1.0,2.0,2.0,0.0,0.0,80.72,57.14,25.0,50.0,41.67,50.0,33.33,100.0,1.2880363834269437,0.2195783198482604,2.0,4.0,0.1326889,3.0,2.0,2.0,0.0564450599999999,18.0,10.17667844522968,11.448763250883392,1.2720848056537102,21.30742049469965,0.3180212014134275,3.8162544169611294,2.2261484098939928,1.9081272084805647,0.6360424028268551,5.088339222614841,0.3180212014134275,0.3180212014134275,0.9540636042402828,1.5901060070671378,0.6360424028268551,0.6360424028268551,0.6360424028268551,0.9540636042402828,1.5901060070671378,0.6360424028268551,0.3180212014134275,0.6360424028268551,0.6360424028268551,0.0,0.0,80.72,57.14,25.0,50.0,41.67,50.0,33.33,100.0,0.4096228781216429,0.0698305610824856,0.6360424028268551,1.2720848056537102,0.0421978833922261,0.9540636042402828,0.6360424028268551,0.6360424028268551,0.0179507257950529,5.724381625441696,CM/AM,43,10,26,24,22,66,79,7,53,76,38,71,7,59,45,9,9,97,76,12,22,31,38,52,48,52,43,60,71,62,59,47,91,86,7,40,12,21,43,3,3,3,7,55,10,38,28,21,90,90,7,62,90,48,79,14,76,59,17,17,100,93,17,28,41,55,52,48,52,43,60,71,62,59,47,91,93,17,48,17,31,55,7,3,3,10,Serbian SuperLeague
IMT Novi Beograd,bxdyd1x6lw23oh0k6ydzbvmis,1lqk1u3zo9vl0zj6jfqcc8npw,T. Cojic,Tadija Cojic,16.0,Midfielder,Serbia,Midfielder,18.0,48.0,4.0,66.0,2.0,10.0,6.0,11.0,1.0,306.0,12.0,0.0,2.0,10.0,4.0,3.0,2.0,2.0,2.0,4.0,4.0,1.0,4.0,1.0,0.0,0.0,78.57,80.0,0.0,50.0,40.0,44.0,33.33,100.0,1.1151151201107894,0.715947064728653,3.0,7.0,0.2766288399999999,2.0,9.0,11.0,0.3785963999999998,37.0,5.294117647058823,14.117647058823527,1.1764705882352942,19.411764705882355,0.5882352941176471,2.9411764705882355,1.7647058823529411,3.235294117647059,0.2941176470588235,3.5294117647058822,0.0,0.5882352941176471,2.9411764705882355,1.1764705882352942,0.8823529411764706,0.5882352941176471,0.5882352941176471,0.5882352941176471,1.1764705882352942,1.1764705882352942,0.2941176470588235,1.1764705882352942,0.2941176470588235,0.0,0.0,78.57,80.0,0.0,50.0,40.0,44.0,33.33,100.0,0.3279750353267027,0.2105726660966626,0.8823529411764706,2.058823529411765,0.0813614235294117,0.5882352941176471,2.647058823529412,3.235294117647059,0.1113518823529411,10.882352941176473,CM/AM,19,21,26,19,41,52,69,16,34,59,16,88,69,53,60,9,9,88,66,29,22,66,26,52,48,38,90,16,71,53,41,47,91,72,55,52,33,66,29,33,33,28,38,12,17,31,17,52,83,79,24,34,66,16,93,79,59,76,14,14,90,86,34,24,79,24,52,48,38,90,16,71,53,41,47,91,86,62,59,48,83,31,38,41,48,45,Serbian SuperLeague
IMT Novi Beograd,bxdyd1x6lw23oh0k6ydzbvmis,30u098sq9lrtri0nfrhqjkc0l,L. Luković,Luka Lukovic,29.0,Attacker,Serbia,Striker,33.0,54.0,5.0,85.0,5.0,8.0,7.0,19.0,3.0,324.0,16.0,2.0,0.0,10.0,1.0,3.0,6.0,6.0,0.0,2.0,2.0,4.0,5.0,3.0,0.0,0.0,80.95,62.5,22.22,66.67,25.0,43.18,55.56,62.5,0.8571094409962696,0.8373068633116921,3.0,6.0,0.1751366699999999,3.0,9.0,12.0,0.8598155399999999,41.0,9.166666666666666,15.0,1.3888888888888888,23.61111111111111,1.3888888888888888,2.2222222222222223,1.9444444444444444,5.277777777777778,0.8333333333333333,4.444444444444445,0.5555555555555556,0.0,2.7777777777777777,0.2777777777777778,0.8333333333333333,1.6666666666666663,1.6666666666666663,0.0,0.5555555555555556,0.5555555555555556,1.1111111111111112,1.3888888888888888,0.8333333333333333,0.0,0.0,80.95,62.5,22.22,66.67,25.0,43.18,55.56,62.5,0.2380859558322971,0.2325852398088033,0.8333333333333333,1.6666666666666663,0.0486490749999999,0.8333333333333333,2.5,3.333333333333333,0.2388376499999999,11.38888888888889,RW,93,64,71,86,100,57,68,57,64,50,39,32,89,11,82,32,29,32,46,18,43,71,86,54,54,71,64,46,89,50,50,100,61,64,79,32,36,36,57,89,86,86,93,93,71,64,86,100,43,86,64,71,64,43,32,100,7,79,29,29,32,64,21,43,71,86,54,54,71,64,46,89,50,50,100,61,79,93,29,36,43,57,93,71,93,100,Serbian SuperLeague
IMT Novi Beograd,bxdyd1x6lw23oh0k6ydzbvmis,3cpxiyk87t1j3idphau3oiokp,Ismael Casas,Ismael Casas,25.0,Defender,Spain,Defender,43.0,61.0,9.0,103.0,2.0,2.0,0.0,11.0,4.0,259.0,2.0,1.0,0.0,2.0,2.0,1.0,2.0,2.0,0.0,0.0,6.0,1.0,2.0,4.0,0.0,0.0,83.06,45.0,33.33,50.0,0.0,42.31,22.22,100.0,0.1417731903714164,0.2061578349819094,2.0,6.0,0.19143598,4.0,10.0,10.0,0.26064306,41.0,14.942084942084945,21.1969111969112,3.1274131274131274,35.79150579150579,0.694980694980695,0.694980694980695,0.0,3.8223938223938223,1.38996138996139,0.694980694980695,0.3474903474903475,0.0,0.694980694980695,0.694980694980695,0.3474903474903475,0.694980694980695,0.694980694980695,0.0,0.0,2.0849420849420848,0.3474903474903475,0.694980694980695,1.38996138996139,0.0,0.0,83.06,45.0,33.33,50.0,0.0,42.31,22.22,100.0,0.0492648151869786,0.0716378577157214,0.694980694980695,2.0849420849420848,0.0665221552123552,1.38996138996139,3.474903474903475,3.474903474903475,0.0905709474903474,14.247104247104248,RB/RCB,50,67,58,58,25,67,33,33,12,54,38,42,25,92,83,33,33,54,46,88,46,29,29,50,54,92,67,96,71,46,25,25,100,58,50,88,79,92,79,54,42,33,58,67,100,75,100,25,83,33,42,8,58,58,42,58,92,100,42,42,54,46,92,42,33,58,50,54,92,67,96,71,46,25,25,100,67,75,100,83,92,83,83,50,58,75,Serbian SuperLeague
IMT Novi Beograd,bxdyd1x6lw23oh0k6ydzbvmis,4atismim9noozx6v0ozn6pe6s,J. Tiendrébéogo,Josué Tiendrébéogo,23.0,Midfielder,Burkina Faso,Midfielder,62.0,104.0,10.0,163.0,5.0,17.0,3.0,33.0,1.0,563.0,7.0,3.0,0.0,11.0,14.0,7.0,7.0,7.0,1.0,3.0,14.0,2.0,7.0,7.0,0.0,0.0,77.99,41.67,50.0,28.57,17.65,40.24,35.71,58.33,1.0935109399724932,0.8516589427630155,12.0,12.0,0.27384118,7.0,23.0,25.0,0.5974254099999998,81.0,9.911190053285967,16.625222024866787,1.5985790408525755,26.05683836589698,0.7992895204262878,2.717584369449378,0.4795737122557726,5.275310834813499,0.1598579040852575,1.119005328596803,0.4795737122557726,0.0,1.758436944937833,2.238010657193606,1.119005328596803,1.119005328596803,1.119005328596803,0.1598579040852575,0.4795737122557726,2.238010657193606,0.3197158081705151,1.119005328596803,1.119005328596803,0.0,0.0,77.99,41.67,50.0,28.57,17.65,40.24,35.71,58.33,0.1748063669583026,0.1361444135855619,1.9182948490230909,1.9182948490230909,0.0437756770870337,1.119005328596803,3.676731793960923,3.996447602131439,0.0955031738898756,12.94849023090586,CM/AM,69,69,62,66,72,90,50,83,34,34,64,31,79,97,95,57,55,55,50,90,41,90,90,52,48,34,17,93,31,21,28,55,45,69,72,100,71,62,81,72,79,62,69,52,38,52,48,66,69,34,72,28,14,52,31,45,90,90,31,31,45,38,76,31,76,86,52,48,34,17,93,31,21,28,55,45,48,45,97,38,34,76,59,55,31,48,Serbian SuperLeague
IMT Novi Beograd,bxdyd1x6lw23oh0k6ydzbvmis,7nl0hn7670l84eqqbp2ecjdux,S. Šapić,Stefan Sapic,29.0,Defender,Serbia,Defender,228.0,117.0,16.0,345.0,24.0,3.0,3.0,37.0,40.0,714.0,7.0,0.0,0.0,5.0,0.0,0.0,2.0,2.0,1.0,2.0,4.0,2.0,5.0,8.0,0.0,0.0,89.15,53.33,0.0,100.0,66.67,67.27,70.59,62.5,0.4192198383491692,0.3118690677465298,0.0,9.0,0.26572821,1.0,24.0,16.0,0.5599637899999997,181.0,28.739495798319325,14.747899159663865,2.016806722689076,43.48739495798319,3.0252100840336134,0.3781512605042016,0.3781512605042016,4.663865546218487,5.042016806722689,0.8823529411764706,0.0,0.0,0.6302521008403361,0.0,0.0,0.2521008403361344,0.2521008403361344,0.1260504201680672,0.2521008403361344,0.5042016806722689,0.2521008403361344,0.6302521008403361,1.0084033613445378,0.0,0.0,89.15,53.33,0.0,100.0,66.67,67.27,70.59,62.5,0.052842836766702,0.0393112270268735,0.0,1.134453781512605,0.0334951525210084,0.1260504201680672,3.0252100840336134,2.016806722689076,0.0705836710084033,22.81512605042017,CB,87,91,61,91,96,61,78,86,84,78,36,48,90,27,32,59,57,96,93,56,81,68,76,48,51,84,80,36,90,89,91,82,51,80,84,28,87,98,46,89,56,67,84,60,60,42,60,82,44,67,53,67,58,36,48,78,27,32,42,40,93,78,38,60,44,58,48,51,84,80,36,90,89,91,82,51,58,76,28,78,84,44,78,40,49,73,Serbian SuperLeague
IMT Novi Beograd,bxdyd1x6lw23oh0k6ydzbvmis,altp5cpci5xpzw995ecd47v1l,Iván Martos,Iván Martos,29.0,Defender,Spain,Defender,116.0,114.0,25.0,228.0,7.0,4.0,2.0,44.0,18.0,694.0,6.0,2.0,0.0,4.0,2.0,1.0,0.0,1.0,1.0,1.0,17.0,0.0,7.0,8.0,0.0,0.0,75.0,43.86,11.11,0.0,25.0,61.97,58.33,35.0,0.5137814606553875,0.3579227380342896,2.0,3.0,0.09904107,3.0,18.0,20.0,0.9822309800000004,76.0,15.043227665706052,14.78386167146974,3.2420749279538903,29.56772334293948,0.9077809798270892,0.5187319884726225,0.2593659942363112,5.706051873198847,2.334293948126801,0.7780979827089337,0.2593659942363112,0.0,0.5187319884726225,0.2593659942363112,0.1296829971181556,0.0,0.1296829971181556,0.1296829971181556,0.1296829971181556,2.2046109510086453,0.0,0.9077809798270892,1.037463976945245,0.0,0.0,75.0,43.86,11.11,0.0,25.0,61.97,58.33,35.0,0.0666287196815344,0.0464164934050231,0.2593659942363112,0.3890489913544668,0.012843942795389,0.3890489913544668,2.334293948126801,2.593659942363112,0.1273786573487032,9.855907780979829,LB/LCB,79,93,100,86,46,61,57,93,57,57,39,39,43,68,54,7,11,93,68,93,11,64,75,50,54,50,79,25,11,79,93,57,7,86,43,79,29,36,71,68,71,79,50,57,79,79,71,36,57,43,86,29,50,36,39,36,57,50,7,7,86,64,100,11,43,43,50,54,50,79,25,11,79,93,57,7,79,29,71,7,29,50,57,57,64,36,Serbian SuperLeague
IMT Novi Beograd,bxdyd1x6lw23oh0k6ydzbvmis,an3zmtjrwmjuo5ojsi6hzz40k,V. Novičić,Vasilije Novicic,18.0,Midfielder,Serbia,Midfielder,124.0,193.0,28.0,308.0,15.0,10.0,2.0,34.0,11.0,720.0,2.0,9.0,2.0,15.0,8.0,0.0,1.0,1.0,1.0,6.0,6.0,1.0,6.0,8.0,0.0,0.0,81.91,54.9,18.0,100.0,60.0,57.63,53.57,50.0,0.3667885341023692,1.8554176600864376,2.0,9.0,0.1829596299999999,8.0,42.0,33.0,0.80433066,170.0,15.5,24.125,3.5,38.5,1.875,1.25,0.25,4.25,1.375,0.25,1.125,0.25,1.875,1.0,0.0,0.125,0.125,0.125,0.75,0.75,0.125,0.75,1.0,0.0,0.0,81.91,54.9,18.0,100.0,60.0,57.63,53.57,50.0,0.0458485667627961,0.2319272075108047,0.25,1.125,0.0228699537499999,1.0,5.25,4.125,0.1005413325,21.25,CM/AM,97,93,93,97,100,52,29,88,97,3,88,88,86,78,10,3,3,55,84,50,22,84,93,52,48,69,34,45,100,93,86,83,24,28,93,40,53,38,93,93,83,79,97,83,76,83,76,93,24,10,52,83,3,69,76,48,52,10,3,3,31,66,21,17,55,79,52,48,69,34,45,100,93,86,83,24,7,76,17,10,10,59,83,62,41,86,Serbian SuperLeague
IMT Novi Beograd,bxdyd1x6lw23oh0k6ydzbvmis,c9sz06z9m4zw3ibnlr1em2qui,V. Radočaj,Vladimir Radočaj,27.0,Midfielder,Serbia,Midfielder,33.0,49.0,10.0,77.0,6.0,9.0,5.0,22.0,10.0,452.0,9.0,5.0,0.0,5.0,4.0,0.0,8.0,8.0,0.0,3.0,3.0,2.0,9.0,6.0,0.0,0.0,65.81,41.67,20.83,25.0,33.33,42.31,31.58,81.82,0.7206404547326785,0.4867396978015146,6.0,4.0,0.10687646,2.0,9.0,13.0,0.84529751,38.0,6.570796460176991,9.756637168141593,1.991150442477876,15.331858407079649,1.1946902654867255,1.7920353982300885,0.995575221238938,4.380530973451328,1.991150442477876,1.7920353982300885,0.995575221238938,0.0,0.995575221238938,0.7964601769911505,0.0,1.592920353982301,1.592920353982301,0.0,0.5973451327433629,0.5973451327433629,0.3982300884955752,1.7920353982300885,1.1946902654867255,0.0,0.0,65.81,41.67,20.83,25.0,33.33,42.31,31.58,81.82,0.143490356030843,0.0969171964649033,1.1946902654867255,0.7964601769911505,0.0212807110619469,0.3982300884955752,1.7920353982300885,2.588495575221239,0.1683114511061947,7.566371681415929,RM/RCM,33,50,92,50,67,83,100,67,58,67,83,33,50,83,25,50,50,50,75,25,50,100,67,58,58,50,67,50,42,42,67,50,83,83,50,100,42,33,50,50,50,50,50,33,50,100,33,100,83,83,67,83,50,83,33,50,83,25,50,50,50,83,33,33,100,100,58,58,50,67,50,42,42,67,50,83,83,33,83,50,50,33,67,67,33,50,Serbian SuperLeague
IMT Novi Beograd,bxdyd1x6lw23oh0k6ydzbvmis,car0gajfp7l7yuf7g9mfi9uui,M. Sissako,Moussa Sissako,25.0,Defender,Mali,Defender,239.0,137.0,25.0,376.0,19.0,3.0,3.0,38.0,33.0,720.0,4.0,0.0,0.0,1.0,0.0,2.0,2.0,2.0,0.0,0.0,8.0,2.0,5.0,9.0,0.0,0.0,85.45,43.1,0.0,100.0,0.0,64.41,67.86,55.56,0.4208995712518747,0.0495300501789824,0.0,6.0,0.11951521,3.0,20.0,22.0,0.4370635999999998,162.0,29.875,17.125,3.125,47.0,2.375,0.375,0.375,4.75,4.125,0.5,0.0,0.0,0.125,0.0,0.25,0.25,0.25,0.0,0.0,1.0,0.25,0.625,1.125,0.0,0.0,85.45,43.1,0.0,100.0,0.0,64.41,67.86,55.56,0.0526124464064843,0.0061912562723728,0.0,0.75,0.01493940125,0.375,2.5,2.75,0.0546329499999999,20.25,CB,89,96,91,96,84,61,78,90,76,48,36,48,39,27,93,59,57,47,22,83,81,68,82,48,51,69,51,36,90,22,80,76,42,82,44,28,73,62,83,78,80,56,80,62,67,60,71,56,41,63,62,56,41,36,48,32,27,83,40,38,47,22,67,58,42,64,48,51,69,51,36,90,22,80,76,42,56,40,28,56,51,67,62,56,44,62,Serbian SuperLeague
IMT Novi Beograd,bxdyd1x6lw23oh0k6ydzbvmis,chrfzjpmz73atwb7rsxbyxtnu,Julián Delmás,Julián Delmás,31.0,Defender,Spain,Defender,18.0,49.0,4.0,65.0,4.0,1.0,0.0,10.0,5.0,240.0,2.0,2.0,0.0,6.0,1.0,0.0,2.0,2.0,0.0,0.0,5.0,1.0,0.0,5.0,0.0,0.0,66.33,28.57,20.0,50.0,0.0,76.92,0.0,0.0,0.0726144463578538,0.6593410865241176,1.0,4.0,0.1232627599999999,4.0,13.0,12.0,0.72963953,44.0,6.75,18.375,1.5,24.375,1.5,0.375,0.0,3.75,1.875,0.75,0.75,0.0,2.25,0.375,0.0,0.75,0.75,0.0,0.0,1.875,0.375,0.0,1.875,0.0,0.0,66.33,28.57,20.0,50.0,0.0,76.92,0.0,0.0,0.0272304173841951,0.2472529074465441,0.375,1.5,0.0462235349999999,1.5,4.875,4.5,0.27361482375,16.5,RB/RCB,8,42,21,25,54,46,33,21,33,54,58,42,96,75,33,33,33,54,46,62,46,8,46,50,54,8,25,62,71,46,100,12,8,42,92,62,54,58,79,67,50,92,67,17,75,33,42,75,58,33,17,33,67,83,42,92,83,33,58,50,54,46,83,50,8,92,50,54,8,25,62,71,46,100,12,8,50,92,83,75,75,92,92,92,100,83,Serbian SuperLeague
IMT Novi Beograd,bxdyd1x6lw23oh0k6ydzbvmis,eliwxex2d6793ejmwpkrhl6qy,C. Keïta,Charly Keita,27.0,Attacker,France,Striker,12.0,36.0,0.0,48.0,32.0,15.0,14.0,44.0,1.0,440.0,30.0,0.0,1.0,8.0,1.0,1.0,7.0,7.0,2.0,5.0,11.0,0.0,1.0,0.0,0.0,0.0,66.67,0.0,0.0,0.0,33.33,51.76,66.67,100.0,1.930775677568474,0.4130767511740659,0.0,9.0,0.36351629,6.0,4.0,5.0,0.07754947,18.0,2.454545454545454,7.363636363636363,0.0,9.818181818181817,6.545454545454545,3.068181818181818,2.863636363636364,9.0,0.2045454545454545,6.136363636363636,0.0,0.2045454545454545,1.6363636363636362,0.2045454545454545,0.2045454545454545,1.4318181818181817,1.4318181818181817,0.409090909090909,1.0227272727272727,2.25,0.0,0.2045454545454545,0.0,0.0,0.0,66.67,0.0,0.0,0.0,33.33,51.76,66.67,100.0,0.3949313885935514,0.0844929718310589,0.0,1.8409090909090908,0.0743556047727272,1.227272727272727,0.8181818181818181,1.0227272727272727,0.015862391590909,3.6818181818181817,ST,22,38,8,35,97,72,86,88,19,86,27,80,81,30,30,45,43,76,73,77,9,24,20,50,51,23,8,27,9,61,78,97,91,78,68,8,69,86,91,57,47,16,42,14,35,8,14,100,76,81,99,11,89,27,86,78,24,22,46,41,76,76,65,9,24,20,50,51,23,8,27,9,61,78,97,91,81,51,8,76,89,92,43,43,22,32,Serbian SuperLeague
IMT Novi Beograd,bxdyd1x6lw23oh0k6ydzbvmis,f2uzuei7d1za7daczmq4vc2dw,N. Glišić,Nikola Glisis,27.0,Defender,Serbia,Defender,22.0,72.0,3.0,90.0,9.0,18.0,16.0,34.0,13.0,578.0,34.0,4.0,1.0,6.0,2.0,4.0,21.0,22.0,1.0,7.0,10.0,7.0,6.0,4.0,0.0,0.0,69.23,25.0,26.67,33.33,38.89,45.33,50.0,75.0,1.8075629189759328,0.5881500607659957,3.0,12.0,0.41181223,1.0,3.0,6.0,0.4851665899999999,26.0,3.42560553633218,11.21107266435986,0.4671280276816609,14.013840830449826,1.4013840830449826,2.8027681660899653,2.491349480968858,5.294117647058823,2.024221453287197,5.294117647058823,0.6228373702422145,0.1557093425605536,0.9342560553633218,0.3114186851211072,0.6228373702422145,3.269896193771626,3.42560553633218,0.1557093425605536,1.0899653979238757,1.5570934256055362,1.0899653979238757,0.9342560553633218,0.6228373702422145,0.0,0.0,69.23,25.0,26.67,33.33,38.89,45.33,50.0,75.0,0.2814544337505777,0.0915804592888228,0.4671280276816609,1.868512110726644,0.0641230115916955,0.1557093425605536,0.4671280276816609,0.9342560553633218,0.0755449707612456,4.048442906574394,LB/LCB,7,43,7,29,61,100,100,71,18,100,68,86,79,68,100,100,100,93,100,79,100,57,14,50,54,21,14,64,39,93,21,29,86,100,71,93,93,100,21,14,14,36,14,7,36,7,14,57,100,100,71,14,100,64,86,64,71,93,100,100,100,100,57,93,50,7,50,54,21,14,64,39,93,21,29,86,100,64,93,79,93,14,14,14,43,7,Serbian SuperLeague
Mačva Šabac,ajxqiqjev2oopks7tsbxqx9ar,1rtgzy97b7388dcutjywi8962,K. Tojčić,Kristijan Tojcic,26.0,Defender,Bosnia and Herzegovina,Defender,122.0,39.0,11.0,161.0,11.0,1.0,1.0,31.0,20.0,590.0,2.0,0.0,0.0,0.0,0.0,0.0,7.0,7.0,0.0,1.0,8.0,4.0,3.0,13.0,0.0,0.0,81.31,42.31,0.0,57.14,100.0,54.39,73.33,33.33,0.1255569728753379,0.0,0.0,2.0,0.13190251,1.0,6.0,7.0,0.26054788,66.0,18.610169491525426,5.9491525423728815,1.6779661016949152,24.559322033898304,1.6779661016949152,0.1525423728813559,0.1525423728813559,4.728813559322034,3.050847457627119,0.3050847457627119,0.0,0.0,0.0,0.0,0.0,1.0677966101694916,1.0677966101694916,0.0,0.1525423728813559,1.2203389830508475,0.6101694915254238,0.4576271186440678,1.9830508474576272,0.0,0.0,81.31,42.31,0.0,57.14,100.0,54.39,73.33,33.33,0.019152758574204,0.0,0.0,0.3050847457627119,0.0201207218644067,0.1525423728813559,0.9152542372881356,1.0677966101694916,0.0397445918644067,10.067796610169491,CB,53,29,44,42,50,23,40,66,46,32,36,48,14,27,32,91,91,47,66,83,93,44,97,48,51,36,49,36,72,97,47,89,19,29,19,28,34,71,46,34,29,31,40,31,7,24,27,40,18,33,60,36,20,36,48,14,27,32,87,87,47,56,73,93,27,91,48,51,36,49,36,72,97,47,89,19,31,19,28,29,64,47,29,27,29,36,Serbian SuperLeague
Mačva Šabac,ajxqiqjev2oopks7tsbxqx9ar,32nxl9ylis1sl8ey8ylhykciy,B. Vraštanović,Bosko Vrastanovic,31.0,Midfielder,Serbia,Midfielder,79.0,50.0,12.0,126.0,6.0,3.0,1.0,28.0,8.0,532.0,5.0,3.0,0.0,2.0,2.0,1.0,4.0,4.0,0.0,0.0,10.0,3.0,7.0,6.0,0.0,0.0,76.83,40.0,37.5,75.0,0.0,43.75,33.33,77.78,0.1128106603877018,0.1975022175170853,2.0,4.0,0.08673306,3.0,8.0,12.0,0.4957789399999998,64.0,13.364661654135338,8.458646616541353,2.0300751879699246,21.31578947368421,1.0150375939849623,0.5075187969924811,0.169172932330827,4.7368421052631575,1.3533834586466165,0.8458646616541353,0.5075187969924811,0.0,0.3383458646616541,0.3383458646616541,0.169172932330827,0.6766917293233082,0.6766917293233082,0.0,0.0,1.6917293233082706,0.5075187969924811,1.1842105263157894,1.0150375939849623,0.0,0.0,76.83,40.0,37.5,75.0,0.0,43.75,33.33,77.78,0.0190845102159645,0.0334120292792061,0.3383458646616541,0.6766917293233082,0.0146728860902255,0.5075187969924811,1.3533834586466165,2.0300751879699246,0.0838723770676691,10.827067669172932,DM/CM,52,33,43,41,61,37,50,59,54,69,78,41,41,37,57,39,37,41,19,76,52,59,69,52,52,22,22,74,81,19,19,13,70,26,59,50,52,48,70,35,43,63,48,33,19,37,11,48,30,48,33,44,63,78,41,37,26,59,33,30,41,19,70,48,44,56,52,52,22,22,74,81,19,19,13,70,22,44,41,48,44,74,26,33,59,26,Serbian SuperLeague
Mačva Šabac,ajxqiqjev2oopks7tsbxqx9ar,362qp3h45vdb3wgt3raf70jkk,V. Rakić,Vladimir Rakic,19.0,Midfielder,Serbia,Midfielder,36.0,15.0,3.0,50.0,6.0,4.0,1.0,20.0,6.0,425.0,8.0,1.0,0.0,2.0,3.0,1.0,8.0,8.0,0.0,0.0,2.0,2.0,8.0,4.0,0.0,0.0,73.53,37.5,100.0,25.0,0.0,35.71,60.0,80.0,0.2226631573439965,0.209890430746567,3.0,3.0,0.10762876,0.0,2.0,1.0,0.2993576199999999,19.0,7.623529411764705,3.176470588235294,0.6352941176470588,10.588235294117649,1.2705882352941176,0.8470588235294118,0.2117647058823529,4.235294117647059,1.2705882352941176,1.6941176470588235,0.2117647058823529,0.0,0.4235294117647059,0.6352941176470588,0.2117647058823529,1.6941176470588235,1.6941176470588235,0.0,0.0,0.4235294117647059,0.4235294117647059,1.6941176470588235,0.8470588235294118,0.0,0.0,73.53,37.5,100.0,25.0,0.0,35.71,60.0,80.0,0.0471521980257874,0.0444473853345671,0.6352941176470588,0.6352941176470588,0.0227919727058823,0.0,0.4235294117647059,0.2117647058823529,0.0633933783529411,4.023529411764706,DM/CM,15,4,9,4,61,56,50,37,41,93,54,41,41,61,57,74,72,41,19,9,33,74,43,52,52,7,19,98,19,19,7,67,81,44,63,74,39,56,19,19,19,44,19,4,4,7,4,67,52,52,26,37,96,52,41,41,59,67,70,70,41,19,7,26,78,37,52,52,7,19,98,19,19,7,67,81,48,63,74,41,52,19,19,19,41,19,Serbian SuperLeague
Mačva Šabac,ajxqiqjev2oopks7tsbxqx9ar,3wv4ng54ikadwohto89q91990,N. Lainović,Nikola Lainovic,24.0,Defender,Serbia,Defender,80.0,38.0,11.0,115.0,2.0,5.0,1.0,36.0,23.0,521.0,5.0,3.0,0.0,7.0,4.0,1.0,21.0,22.0,0.0,1.0,11.0,12.0,6.0,5.0,0.0,0.0,82.73,73.33,23.08,57.14,20.0,55.38,33.33,54.55,0.3295885496887211,0.5477864123589575,4.0,7.0,0.19449616,1.0,7.0,8.0,0.5277233599999999,62.0,13.81957773512476,6.564299424184261,1.9001919385796544,19.86564299424184,0.345489443378119,0.8637236084452975,0.1727447216890595,6.218809980806142,3.9731285988483687,0.8637236084452975,0.5182341650671786,0.0,1.2092130518234163,0.690978886756238,0.1727447216890595,3.6276391554702494,3.800383877159309,0.0,0.1727447216890595,1.9001919385796544,2.0729366602687143,1.0364683301343571,0.8637236084452975,0.0,0.0,82.73,73.33,23.08,57.14,20.0,55.38,33.33,54.55,0.0569346822878788,0.0946272113479965,0.690978886756238,1.2092130518234163,0.0335981850287907,0.1727447216890595,1.2092130518234163,1.381957773512476,0.0911614249520153,10.710172744721689,CB,22,24,44,22,16,88,40,81,58,56,89,48,96,94,76,100,100,47,66,98,100,77,47,48,51,49,93,78,72,50,53,18,40,67,96,96,78,87,46,41,33,64,38,20,11,33,11,4,87,40,93,51,53,84,48,91,91,73,100,100,47,62,89,100,73,40,48,51,49,93,78,72,50,53,18,40,67,91,93,80,87,49,33,33,69,40,Serbian SuperLeague
Mačva Šabac,ajxqiqjev2oopks7tsbxqx9ar,505sls39j0ryj82alv86mc50q,V. Ilić,Vladimir Ilić,27.0,Defender,Serbia,Defender,51.0,25.0,1.0,74.0,3.0,2.0,1.0,31.0,19.0,537.0,2.0,2.0,0.0,4.0,1.0,1.0,11.0,11.0,0.0,0.0,15.0,8.0,3.0,5.0,0.0,0.0,74.75,10.0,25.0,72.73,0.0,46.97,30.0,60.0,0.1673729188583845,0.1633316892039689,2.0,1.0,0.02122129,2.0,2.0,3.0,0.12510614,27.0,8.547486033519553,4.189944134078212,0.1675977653631284,12.402234636871508,0.5027932960893855,0.3351955307262569,0.1675977653631284,5.195530726256983,3.184357541899441,0.3351955307262569,0.3351955307262569,0.0,0.6703910614525139,0.1675977653631284,0.1675977653631284,1.843575418994413,1.843575418994413,0.0,0.0,2.5139664804469275,1.340782122905028,0.5027932960893855,0.8379888268156425,0.0,0.0,74.75,10.0,25.0,72.73,0.0,46.97,30.0,60.0,0.0280513271829694,0.0273740261235702,0.3351955307262569,0.1675977653631284,0.0035566407821229,0.3351955307262569,0.3351955307262569,0.5027932960893855,0.0209675094972067,4.5251396648044695,RB/RCB,58,17,8,33,42,67,75,83,83,54,58,42,71,75,83,100,100,54,46,100,100,42,46,50,54,42,8,83,92,46,42,42,58,67,33,88,25,25,50,25,25,17,33,42,8,8,8,17,50,67,92,67,33,42,42,42,67,75,92,92,54,46,100,100,25,25,50,54,42,8,83,92,46,42,42,58,58,33,75,25,25,33,17,17,17,17,Serbian SuperLeague
Mačva Šabac,ajxqiqjev2oopks7tsbxqx9ar,5t73eklfz27sq5xxbwe2x6txw,Đ. Đorđić,Dorde Dordic,21.0,Midfielder,Serbia,Midfielder,64.0,56.0,5.0,115.0,5.0,7.0,1.0,47.0,2.0,728.0,6.0,5.0,0.0,9.0,6.0,2.0,25.0,26.0,1.0,2.0,13.0,14.0,12.0,2.0,0.0,0.0,66.86,35.71,33.33,56.0,28.57,55.29,55.56,80.0,0.4943064764189739,0.6610939960761044,5.0,3.0,0.07909917,3.0,16.0,15.0,0.3178424499999998,62.0,7.912087912087912,6.923076923076923,0.6181318681318682,14.217032967032967,0.6181318681318682,0.8653846153846154,0.1236263736263736,5.81043956043956,0.2472527472527472,0.7417582417582418,0.6181318681318682,0.0,1.112637362637363,0.7417582417582418,0.2472527472527472,3.090659340659341,3.2142857142857144,0.1236263736263736,0.2472527472527472,1.6071428571428572,1.7307692307692308,1.4835164835164836,0.2472527472527472,0.0,0.0,66.86,35.71,33.33,56.0,28.57,55.29,55.56,80.0,0.0611093171397083,0.0817286533610568,0.6181318681318682,0.3708791208791209,0.009778743543956,0.3708791208791209,1.978021978021978,1.8543956043956045,0.0392937094780219,7.664835164835165,DM/CM,37,41,20,33,48,87,50,93,11,81,87,41,94,93,85,100,100,89,74,93,100,100,20,52,52,4,15,65,52,52,44,52,81,78,81,93,39,41,70,59,56,48,41,7,11,4,7,22,56,30,67,4,48,81,41,74,74,70,100,100,81,56,67,96,69,7,52,52,4,15,65,52,52,44,52,81,70,74,70,30,33,56,44,30,26,22,Serbian SuperLeague
Mačva Šabac,ajxqiqjev2oopks7tsbxqx9ar,6c4ckgmkakdqaj1n7l87mhudw,A. Muhamed,Abdulahi Muhamed,22.0,Attacker,Nigeria,Striker,14.0,17.0,0.0,30.0,4.0,4.0,2.0,14.0,2.0,330.0,6.0,1.0,0.0,3.0,2.0,1.0,4.0,4.0,0.0,1.0,2.0,3.0,3.0,3.0,0.0,0.0,61.22,0.0,20.0,75.0,25.0,38.89,36.36,60.0,0.344679732317654,0.2071115524313902,3.0,4.0,0.16471989,1.0,0.0,0.0,0.07326412,10.0,3.8181818181818175,4.636363636363637,0.0,8.181818181818182,1.090909090909091,1.090909090909091,0.5454545454545455,3.8181818181818175,0.5454545454545455,1.6363636363636365,0.2727272727272727,0.0,0.8181818181818182,0.5454545454545455,0.2727272727272727,1.090909090909091,1.090909090909091,0.0,0.2727272727272727,0.5454545454545455,0.8181818181818182,0.8181818181818182,0.8181818181818182,0.0,0.0,61.22,0.0,20.0,75.0,25.0,38.89,36.36,60.0,0.0940035633593601,0.0564849688449246,0.8181818181818182,1.090909090909091,0.0449236063636363,0.2727272727272727,0.0,0.0,0.0199811236363636,2.7272727272727275,RW,29,7,7,14,86,21,36,32,50,21,18,32,18,32,36,18,18,32,25,18,32,54,86,54,54,7,7,36,100,50,21,71,50,29,7,32,25,29,18,7,7,7,7,50,7,7,7,86,14,36,29,57,21,21,32,14,21,29,14,14,32,14,14,36,57,79,54,54,7,7,36,100,50,21,71,50,36,7,21,21,36,14,7,7,7,7,Serbian SuperLeague
Mačva Šabac,ajxqiqjev2oopks7tsbxqx9ar,7ck6bhrujs564fty6op4r9d78,N. Stevanović,Nemanja Stevanovic,24.0,Defender,Serbia,Defender,47.0,29.0,5.0,75.0,3.0,2.0,1.0,29.0,13.0,516.0,2.0,1.0,1.0,4.0,1.0,0.0,8.0,8.0,0.0,1.0,9.0,1.0,10.0,9.0,0.0,0.0,64.1,17.24,11.11,12.5,50.0,44.62,33.33,62.5,0.1817640028691974,0.3291390617973823,1.0,3.0,0.0831624,2.0,2.0,4.0,0.3887326499999998,25.0,8.19767441860465,5.058139534883721,0.872093023255814,13.081395348837209,0.5232558139534884,0.3488372093023256,0.1744186046511628,5.058139534883721,2.2674418604651163,0.3488372093023256,0.1744186046511628,0.1744186046511628,0.6976744186046512,0.1744186046511628,0.0,1.3953488372093024,1.3953488372093024,0.0,0.1744186046511628,1.569767441860465,0.1744186046511628,1.744186046511628,1.569767441860465,0.0,0.0,64.1,17.24,11.11,12.5,50.0,44.62,33.33,62.5,0.0317030237562553,0.0574079758948922,0.1744186046511628,0.5232558139534884,0.0145050697674418,0.3488372093023256,0.3488372093023256,0.6976744186046512,0.0678022063953488,4.3604651162790695,LB/LCB,25,7,18,14,18,29,36,64,18,25,25,86,43,36,21,75,75,43,68,71,29,89,86,50,54,7,7,25,21,100,14,18,64,36,29,46,29,29,46,7,7,21,7,21,7,14,7,21,14,29,57,21,21,21,93,43,36,21,79,79,43,71,64,36,100,86,50,54,7,7,25,21,100,14,18,64,29,43,43,36,36,36,7,7,21,14,Serbian SuperLeague
Mačva Šabac,ajxqiqjev2oopks7tsbxqx9ar,8lodq1t7arl3hu8j3jg437joq,M. Ergelaš,Mitar Ergelas,24.0,Attacker,Serbia,Striker,20.0,30.0,4.0,46.0,2.0,4.0,0.0,10.0,5.0,282.0,0.0,4.0,1.0,5.0,4.0,1.0,2.0,3.0,0.0,1.0,6.0,1.0,1.0,2.0,0.0,0.0,65.71,30.77,25.0,50.0,25.0,47.62,50.0,50.0,0.1204759043678675,0.317686710952223,3.0,2.0,0.05168552,2.0,4.0,8.0,0.1979707799999998,19.0,6.382978723404255,9.574468085106384,1.2765957446808511,14.680851063829788,0.6382978723404256,1.2765957446808511,0.0,3.191489361702128,1.5957446808510638,0.0,1.2765957446808511,0.3191489361702128,1.5957446808510638,1.2765957446808511,0.3191489361702128,0.6382978723404256,0.9574468085106383,0.0,0.3191489361702128,1.9148936170212767,0.3191489361702128,0.3191489361702128,0.6382978723404256,0.0,0.0,65.71,30.77,25.0,50.0,25.0,47.62,50.0,50.0,0.0384497567131492,0.1013893758358158,0.9574468085106383,0.6382978723404256,0.0164953787234042,0.6382978723404256,1.2765957446808511,2.5531914893617023,0.0631821638297871,6.0638297872340425,RW,64,29,54,21,43,21,7,14,86,7,89,75,43,68,36,7,7,32,25,71,11,25,64,54,54,29,21,64,43,50,71,93,32,7,29,32,7,7,39,43,54,14,36,71,36,57,43,57,29,7,14,93,7,93,79,57,86,36,7,7,32,21,86,7,29,71,54,54,29,21,64,43,50,71,93,32,7,21,36,7,7,50,50,64,14,36,Serbian SuperLeague
Mačva Šabac,ajxqiqjev2oopks7tsbxqx9ar,9jqyga5a8fh7mb50dqhtdn47o,L. Pejović,Luka Pejovic,27.0,Attacker,Serbia,Striker,57.0,56.0,7.0,107.0,10.0,14.0,9.0,54.0,10.0,685.0,17.0,6.0,0.0,6.0,5.0,3.0,19.0,20.0,1.0,4.0,14.0,10.0,11.0,7.0,0.0,0.0,69.93,36.84,33.33,52.63,28.57,49.09,41.67,55.0,1.1136682096901365,0.5835166586989969,7.0,9.0,0.27308697,0.0,10.0,9.0,0.9656700499999998,55.0,7.489051094890511,7.357664233576643,0.9197080291970804,14.058394160583942,1.3138686131386863,1.8394160583941608,1.1824817518248176,7.094890510948906,1.3138686131386863,2.2335766423357666,0.7883211678832117,0.0,0.7883211678832117,0.6569343065693432,0.3941605839416058,2.496350364963504,2.6277372262773726,0.1313868613138686,0.5255474452554745,1.8394160583941608,1.3138686131386863,1.4452554744525548,0.9197080291970804,0.0,0.0,69.93,36.84,33.33,52.63,28.57,49.09,41.67,55.0,0.1463213706162223,0.0766664223108171,0.9197080291970804,1.1824817518248176,0.0358800398540146,0.0,1.3138686131386863,1.1824817518248176,0.1268763569343065,7.226277372262774,LW,100,43,57,43,100,57,86,100,100,57,86,36,43,43,64,79,71,64,57,79,86,86,100,57,57,14,14,79,86,29,57,71,14,57,43,57,14,14,14,86,36,71,71,86,14,43,14,100,29,57,100,71,14,71,36,14,29,43,43,43,57,43,71,71,86,71,57,57,14,14,79,86,29,57,71,14,29,29,43,14,14,14,43,14,71,43,Serbian SuperLeague
Mačva Šabac,ajxqiqjev2oopks7tsbxqx9ar,9llyw739ny1hjiztduz70gaok,S. Sladojević,Slobodan Sladojevic,23.0,Midfielder,Serbia,Midfielder,188.0,30.0,18.0,218.0,29.0,2.0,2.0,45.0,67.0,810.0,4.0,0.0,1.0,1.0,0.0,1.0,2.0,2.0,0.0,1.0,6.0,1.0,5.0,12.0,0.0,0.0,75.17,29.03,0.0,50.0,50.0,55.56,58.0,55.56,0.2760728374835853,0.1908313441454553,1.0,0.0,0.0,0.0,4.0,5.0,0.3356499099999999,69.0,20.88888888888889,3.333333333333333,2.0,24.22222222222222,3.2222222222222223,0.2222222222222222,0.2222222222222222,5.0,7.444444444444445,0.4444444444444444,0.0,0.1111111111111111,0.1111111111111111,0.0,0.1111111111111111,0.2222222222222222,0.2222222222222222,0.0,0.1111111111111111,0.6666666666666666,0.1111111111111111,0.5555555555555556,1.3333333333333333,0.0,0.0,75.17,29.03,0.0,50.0,50.0,55.56,58.0,55.56,0.0306747597203983,0.0212034826828283,0.1111111111111111,0.0,0.0,0.0,0.4444444444444444,0.5555555555555556,0.0372944344444444,7.666666666666667,LM/LCM,100,29,100,100,100,21,36,100,100,36,29,86,14,14,43,29,21,36,29,57,29,86,100,57,57,29,29,29,43,79,43,43,71,29,43,21,14,14,21,29,14,57,86,100,14,71,57,86,14,14,43,100,14,29,86,14,14,29,14,14,36,14,43,29,57,100,57,57,29,29,29,43,79,43,43,71,14,14,14,14,14,21,14,14,29,43,Serbian SuperLeague
Mačva Šabac,ajxqiqjev2oopks7tsbxqx9ar,dj18x0ufj4eufuugl6l9nakq2,M. Vidakov,Milan Vidakov,26.0,Attacker,Serbia,Striker,44.0,39.0,5.0,83.0,33.0,19.0,13.0,62.0,10.0,668.0,29.0,0.0,0.0,6.0,6.0,5.0,9.0,10.0,3.0,5.0,18.0,4.0,7.0,3.0,0.0,0.0,58.04,33.33,0.0,44.44,26.32,43.66,40.24,87.5,1.9994169212692745,0.0468402254552152,5.0,6.0,0.12292908,2.0,4.0,4.0,0.0858911699999997,19.0,5.92814371257485,5.254491017964072,0.6736526946107784,11.182634730538922,4.446107784431137,2.559880239520958,1.751497005988024,8.353293413173652,1.3473053892215567,3.907185628742514,0.0,0.0,0.8083832335329341,0.8083832335329341,0.6736526946107784,1.2125748502994012,1.3473053892215567,0.404191616766467,0.6736526946107784,2.4251497005988023,0.5389221556886228,0.9431137724550898,0.404191616766467,0.0,0.0,58.04,33.33,0.0,44.44,26.32,43.66,40.24,87.5,0.2693825193326867,0.0063108088188164,0.6736526946107784,0.8083832335329341,0.0165623011976047,0.2694610778443114,0.5389221556886228,0.5389221556886228,0.0115721636227544,2.559880239520958,ST,84,45,85,73,100,85,81,100,84,84,27,34,62,76,78,58,57,89,73,91,64,89,69,50,51,8,31,27,55,43,43,41,77,84,11,65,53,30,35,57,41,22,46,70,5,68,30,92,54,54,95,76,49,27,34,27,65,65,30,35,73,41,73,43,73,54,50,51,8,31,27,55,43,43,41,77,59,8,46,22,11,22,27,24,11,14,Serbian SuperLeague
Mačva Šabac,ajxqiqjev2oopks7tsbxqx9ar,e9gfnmxx1ruo96kgyq0msdm1h,I. Ristivojević,Igor Ristivojevic,38.0,Defender,Serbia,Defender,118.0,19.0,21.0,137.0,14.0,2.0,1.0,19.0,58.0,576.0,2.0,0.0,0.0,1.0,1.0,1.0,0.0,0.0,0.0,0.0,2.0,0.0,2.0,8.0,1.0,0.0,65.87,29.17,0.0,0.0,0.0,45.24,48.28,66.67,0.1754258058678506,0.1470741016051615,1.0,0.0,0.0,0.0,1.0,2.0,0.2618931899999999,49.0,18.4375,2.96875,3.28125,21.40625,2.1875,0.3125,0.15625,2.96875,9.0625,0.3125,0.0,0.0,0.15625,0.15625,0.15625,0.0,0.0,0.0,0.0,0.3125,0.0,0.3125,1.25,0.15625,0.0,65.87,29.17,0.0,0.0,0.0,45.24,48.28,66.67,0.0274102821668516,0.0229803283758064,0.15625,0.0,0.0,0.0,0.15625,0.3125,0.0409208109374999,7.65625,CB,51,4,81,29,59,40,40,37,100,32,36,48,39,67,76,14,14,47,22,28,20,30,76,98,51,7,13,36,20,22,18,31,63,42,58,68,11,11,19,21,22,33,33,29,2,62,16,53,30,36,18,100,22,36,48,36,60,69,14,14,47,22,18,20,16,73,100,51,7,13,36,20,22,18,31,63,40,53,60,11,11,19,22,22,31,27,Serbian SuperLeague
Mačva Šabac,ajxqiqjev2oopks7tsbxqx9ar,eyf43sg2ktg85c9a50qey14b8,D. Terzić,Darko Terzić,27.0,Midfielder,Serbia,Midfielder,113.0,39.0,16.0,152.0,3.0,7.0,2.0,13.0,11.0,469.0,6.0,0.0,0.0,4.0,5.0,5.0,6.0,6.0,0.0,0.0,3.0,4.0,2.0,4.0,0.0,0.0,75.25,47.06,0.0,66.67,0.0,31.71,27.27,66.67,0.5529015523650707,0.1953571118147015,3.0,2.0,0.0399414,0.0,9.0,12.0,0.2980937599999998,74.0,21.68443496801705,7.484008528784648,3.070362473347548,29.168443496801704,0.5756929637526652,1.343283582089552,0.3837953091684435,2.4946695095948828,2.11087420042644,1.1513859275053304,0.0,0.0,0.767590618336887,0.9594882729211088,0.9594882729211088,1.1513859275053304,1.1513859275053304,0.0,0.0,0.5756929637526652,0.767590618336887,0.3837953091684435,0.767590618336887,0.0,0.0,75.25,47.06,0.0,66.67,0.0,31.71,27.27,66.67,0.1061005111148323,0.0374885715635887,0.5756929637526652,0.3837953091684435,0.0076646609808102,0.0,1.7270788912579955,2.302771855010661,0.0572034933901918,14.200426439232409,DM/CM,85,11,70,44,26,87,83,17,78,81,24,41,63,89,100,54,52,41,19,17,67,11,43,52,52,11,30,24,63,19,4,7,57,81,56,74,28,28,19,41,43,41,52,78,15,74,44,15,85,81,4,63,78,24,41,63,85,100,52,52,41,19,19,63,4,30,52,52,11,30,24,63,19,4,7,57,85,52,67,33,30,19,30,37,37,63,Serbian SuperLeague
Mladost Lučani,16agx0zka9x8hdd5t3xyn1goq,1oiugm9rbf9v8o5h2u3atfyeh,J. Uzuegbunam,John Mary,33.0,Attacker,Cameroon,Striker,28.0,43.0,1.0,71.0,16.0,12.0,8.0,31.0,10.0,548.0,24.0,0.0,0.0,3.0,4.0,2.0,13.0,14.0,0.0,2.0,8.0,4.0,1.0,0.0,0.0,0.0,68.27,50.0,0.0,30.77,16.67,38.75,45.71,33.33,1.1990276968488076,0.1926966290378484,5.0,10.0,0.29233489,3.0,2.0,2.0,0.0887624999999999,15.0,4.598540145985401,7.062043795620438,0.1642335766423358,11.66058394160584,2.6277372262773726,1.9708029197080288,1.3138686131386863,5.091240875912409,1.6423357664233578,3.9416058394160585,0.0,0.0,0.4927007299270073,0.6569343065693432,0.3284671532846716,2.135036496350365,2.2992700729927007,0.0,0.3284671532846716,1.3138686131386863,0.6569343065693432,0.1642335766423358,0.0,0.0,0.0,68.27,50.0,0.0,30.77,16.67,38.75,45.71,33.33,0.1969206071467019,0.0316472565938072,0.8211678832116789,1.6423357664233578,0.0480112045620438,0.4927007299270073,0.3284671532846716,0.3284671532846716,0.0145777828467153,2.4635036496350367,ST,68,58,24,59,84,59,61,64,84,69,27,34,27,59,47,81,81,19,27,51,64,24,20,50,51,32,58,27,30,11,24,62,16,62,24,65,74,70,47,24,24,24,32,46,32,16,41,65,32,35,43,86,51,27,34,14,54,41,68,68,19,16,30,54,16,20,50,51,32,58,27,30,11,24,62,16,35,14,57,59,57,41,11,14,16,11,Serbian SuperLeague
Mladost Lučani,16agx0zka9x8hdd5t3xyn1goq,1qghzct7966bwc7kyw49rvqi,F. Žunić,Filip Žunić,24.0,Defender,Serbia,Defender,47.0,29.0,4.0,76.0,2.0,3.0,2.0,14.0,5.0,313.0,3.0,0.0,0.0,3.0,1.0,0.0,4.0,4.0,0.0,1.0,8.0,2.0,2.0,1.0,0.0,0.0,71.03,28.57,0.0,50.0,33.33,43.75,33.33,100.0,0.2856571934842434,0.1214997504357341,1.0,3.0,0.05617798,0.0,10.0,12.0,0.1734124199999999,28.0,13.514376996805112,8.338658146964857,1.1501597444089458,21.85303514376997,0.5750798722044729,0.8626198083067093,0.5750798722044729,4.02555910543131,1.437699680511182,0.8626198083067093,0.0,0.0,0.8626198083067093,0.2875399361022364,0.0,1.1501597444089458,1.1501597444089458,0.0,0.2875399361022364,2.3003194888178915,0.5750798722044729,0.5750798722044729,0.2875399361022364,0.0,0.0,71.03,28.57,0.0,50.0,33.33,43.75,33.33,100.0,0.0821378511616035,0.0349360304767286,0.2875399361022364,0.8626198083067093,0.0161534127795527,0.0,2.8753993610223643,3.450479233226837,0.0498629961661341,8.05111821086262,CB,16,17,13,18,16,61,63,28,10,43,36,48,73,67,32,83,81,47,66,83,81,30,13,48,51,16,11,36,62,66,16,18,97,60,49,68,43,40,19,44,48,24,29,18,20,11,20,18,84,78,24,4,51,36,48,84,78,32,91,89,47,80,93,91,38,11,48,51,16,11,36,62,66,16,18,97,87,69,80,64,56,19,71,69,38,29,Serbian SuperLeague
Mladost Lučani,16agx0zka9x8hdd5t3xyn1goq,3vqr9812pnx0kikih6vzmh4ut,M. Cvetković,Milos Cvetkovic,36.0,Defender,Serbia,Defender,80.0,31.0,14.0,111.0,0.0,0.0,0.0,15.0,16.0,334.0,1.0,0.0,0.0,3.0,0.0,0.0,2.0,2.0,0.0,0.0,3.0,2.0,5.0,6.0,0.0,0.0,83.46,51.85,0.0,100.0,0.0,65.22,0.0,50.0,0.0,0.0,0.0,0.0,0.0,0.0,0.0,0.0,0.0,0.0,21.556886227544908,8.353293413173652,3.772455089820359,29.91017964071856,0.0,0.0,0.0,4.04191616766467,4.311377245508982,0.2694610778443114,0.0,0.0,0.8083832335329341,0.0,0.0,0.5389221556886228,0.5389221556886228,0.0,0.0,0.8083832335329341,0.5389221556886228,1.3473053892215567,1.616766467065868,0.0,0.0,83.46,51.85,0.0,100.0,0.0,65.22,0.0,50.0,0.0,0.0,0.0,0.0,0.0,0.0,0.0,0.0,0.0,0.0,RB/RCB,75,25,75,67,8,21,33,50,67,21,17,42,50,33,33,33,33,54,46,33,71,62,58,50,54,100,92,17,100,46,92,12,33,21,8,29,12,12,8,8,8,8,8,100,25,92,67,8,21,33,58,92,25,17,42,67,33,33,33,33,54,46,50,75,92,75,50,54,100,92,17,100,46,92,12,33,21,8,29,12,12,8,8,8,8,8,Serbian SuperLeague
Mladost Lučani,16agx0zka9x8hdd5t3xyn1goq,4293mvh11wls7fe7os25kt10q,V. Kijevčanin,Veljko Kijevčanin,27.0,Midfielder,Serbia,Midfielder,93.0,78.0,12.0,170.0,8.0,6.0,2.0,33.0,8.0,563.0,6.0,1.0,2.0,6.0,4.0,1.0,8.0,9.0,0.0,2.0,8.0,3.0,6.0,2.0,0.0,0.0,76.92,48.0,33.33,37.5,33.33,42.31,66.67,42.86,0.3001934039029543,0.4582679370211873,4.0,4.0,0.08664806,3.0,23.0,19.0,0.7259351199999999,92.0,14.866785079928952,12.468916518650088,1.9182948490230909,27.175843694493786,1.2788632326820604,0.9591474245115452,0.3197158081705151,5.275310834813499,1.2788632326820604,0.9591474245115452,0.1598579040852575,0.3197158081705151,0.9591474245115452,0.6394316163410302,0.1598579040852575,1.2788632326820604,1.438721136767318,0.0,0.3197158081705151,1.2788632326820604,0.4795737122557726,0.9591474245115452,0.3197158081705151,0.0,0.0,76.92,48.0,33.33,37.5,33.33,42.31,66.67,42.86,0.0479882883681454,0.0732577519216818,0.6394316163410302,0.6394316163410302,0.0138513772646536,0.4795737122557726,3.676731793960923,3.0373001776198936,0.1160464667850799,14.706927175843694,DM/CM,56,56,43,52,81,78,83,67,54,81,54,98,76,80,57,74,83,41,74,65,52,43,20,52,52,26,33,65,26,65,15,76,7,63,74,87,52,44,70,70,59,78,63,44,30,30,26,70,70,74,52,41,70,48,100,67,63,56,63,63,41,67,52,37,26,15,52,52,26,33,65,26,65,15,76,7,52,67,78,44,41,70,70,52,78,67,Serbian SuperLeague
Mladost Lučani,16agx0zka9x8hdd5t3xyn1goq,7df38kmznofllg5uc81ohdjpw,V. Tašovski,Vasil Tašovski,19.0,Attacker,Serbia,Striker,47.0,62.0,3.0,109.0,0.0,14.0,9.0,41.0,7.0,585.0,20.0,0.0,0.0,4.0,5.0,0.0,25.0,27.0,3.0,7.0,18.0,12.0,7.0,9.0,0.0,0.0,80.74,27.27,0.0,48.0,50.0,48.24,0.0,63.64,1.5051640043362595,0.2523273243039369,7.0,6.0,0.12950815,5.0,7.0,11.0,0.2314957299999998,39.0,7.230769230769231,9.538461538461538,0.4615384615384615,16.76923076923077,0.0,2.1538461538461537,1.3846153846153846,6.307692307692308,1.0769230769230769,3.076923076923077,0.0,0.0,0.6153846153846154,0.7692307692307693,0.0,3.8461538461538463,4.153846153846154,0.4615384615384615,1.0769230769230769,2.769230769230769,1.8461538461538465,1.0769230769230769,1.3846153846153846,0.0,0.0,80.74,27.27,0.0,48.0,50.0,48.24,0.0,63.64,0.2315636929748091,0.0388195883544518,1.0769230769230769,0.9230769230769232,0.0199243307692307,0.7692307692307693,1.0769230769230769,1.6923076923076923,0.0356147276923076,6.0,ST,86,78,68,81,5,66,69,81,76,59,27,34,39,68,11,97,99,89,91,91,100,89,100,50,51,95,22,27,65,82,54,5,45,68,32,86,53,32,81,77,74,51,81,84,59,46,73,5,41,43,62,70,22,27,34,16,62,11,92,92,84,78,84,95,81,97,50,51,95,22,27,65,82,54,5,45,49,16,78,32,22,62,65,57,24,59,Serbian SuperLeague
Mladost Lučani,16agx0zka9x8hdd5t3xyn1goq,7e2jffj0b5794c14m2jcla3o4,M. Todosijević,Mihailo Todosijević,18.0,Defender,Serbia,Defender,24.0,40.0,4.0,62.0,20.0,14.0,7.0,40.0,3.0,589.0,18.0,2.0,0.0,5.0,7.0,5.0,13.0,16.0,3.0,5.0,6.0,6.0,4.0,2.0,0.0,0.0,62.0,36.36,33.33,46.15,35.71,38.83,38.46,50.0,1.1688672700457383,0.3678296587728872,8.0,6.0,0.1798371999999999,2.0,1.0,5.0,0.3401088099999999,18.0,3.66723259762309,6.112054329371817,0.6112054329371817,9.473684210526317,3.0560271646859083,2.139219015280136,1.069609507640068,6.112054329371817,0.4584040747028862,2.7504244482173177,0.3056027164685908,0.0,0.7640067911714771,1.069609507640068,0.7640067911714771,1.9864176570458405,2.444821731748726,0.4584040747028862,0.7640067911714771,0.9168081494057724,0.9168081494057724,0.6112054329371817,0.3056027164685908,0.0,0.0,62.0,36.36,33.33,46.15,35.71,38.83,38.46,50.0,0.1786045064586018,0.0562048714593545,1.222410865874363,0.9168081494057724,0.0274793684210526,0.3056027164685908,0.1528013582342954,0.7640067911714771,0.0519690881154498,2.7504244482173177,CB,7,31,13,11,89,100,100,93,2,100,82,48,90,100,100,98,98,100,100,71,98,56,27,48,51,2,34,89,53,73,9,26,31,100,89,100,73,84,66,21,24,44,22,2,9,4,2,84,98,98,89,2,98,80,48,82,96,100,96,96,100,96,64,96,40,13,48,51,2,34,89,53,73,9,26,31,98,78,100,69,78,62,20,24,42,20,Serbian SuperLeague
Mladost Lučani,16agx0zka9x8hdd5t3xyn1goq,a1yjw13pr1tysq5mlzzkrrvca,V. Marković,Vukašin Marković,25.0,Midfielder,Serbia,Midfielder,27.0,30.0,3.0,57.0,4.0,3.0,1.0,19.0,5.0,185.0,3.0,0.0,0.0,4.0,2.0,1.0,2.0,2.0,0.0,1.0,6.0,1.0,4.0,4.0,0.0,0.0,82.61,60.0,0.0,50.0,33.33,55.88,44.44,50.0,0.2298813107794962,0.1917301497462468,2.0,4.0,0.09137706,2.0,7.0,8.0,0.2397816299999998,29.0,13.135135135135137,14.594594594594597,1.4594594594594597,27.729729729729733,1.945945945945946,1.4594594594594597,0.4864864864864865,9.243243243243244,2.4324324324324325,1.4594594594594597,0.0,0.0,1.945945945945946,0.972972972972973,0.4864864864864865,0.972972972972973,0.972972972972973,0.0,0.4864864864864865,2.91891891891892,0.4864864864864865,1.945945945945946,1.945945945945946,0.0,0.0,82.61,60.0,0.0,50.0,33.33,55.88,44.44,50.0,0.1118341511900251,0.0932741269035795,0.972972972972973,1.945945945945946,0.0444537048648648,0.972972972972973,3.4054054054054057,3.891891891891892,0.1166505227027026,14.108108108108109,DM/CM,4,7,9,7,39,37,50,33,33,52,24,41,63,37,57,19,17,41,50,50,22,24,43,52,52,63,69,24,43,65,52,26,24,48,52,50,52,52,56,28,30,33,22,30,48,22,33,89,96,89,100,78,89,24,41,96,89,85,44,41,41,78,93,41,96,96,52,52,63,69,24,43,65,52,26,24,89,78,93,85,81,89,67,67,81,59,Serbian SuperLeague
Mladost Lučani,16agx0zka9x8hdd5t3xyn1goq,amuy3aajjrtr1lgdeaazy45w5,N. Andrić,Nikola Andric,34.0,Defender,Serbia,Defender,165.0,63.0,21.0,228.0,18.0,4.0,4.0,37.0,56.0,810.0,4.0,0.0,0.0,2.0,0.0,0.0,1.0,1.0,0.0,1.0,6.0,0.0,7.0,13.0,0.0,0.0,80.28,44.68,0.0,0.0,25.0,52.86,50.0,53.85,0.53107909072238,0.056229147668649,0.0,0.0,0.0,1.0,15.0,18.0,0.387327,107.0,18.33333333333333,7.0,2.333333333333333,25.33333333333333,2.0,0.4444444444444444,0.4444444444444444,4.111111111111111,6.222222222222222,0.4444444444444444,0.0,0.0,0.2222222222222222,0.0,0.0,0.1111111111111111,0.1111111111111111,0.0,0.1111111111111111,0.6666666666666666,0.0,0.7777777777777778,1.4444444444444444,0.0,0.0,80.28,44.68,0.0,0.0,25.0,52.86,50.0,53.85,0.0590087878580422,0.0062476830742943,0.0,0.0,0.0,0.1111111111111111,1.6666666666666667,2.0,0.0430363333333333,11.88888888888889,RB/RCB,100,75,100,92,92,92,92,96,100,75,17,42,25,33,33,17,17,54,92,88,17,88,92,50,54,75,58,17,17,92,50,71,42,92,17,29,12,12,25,79,75,42,83,92,17,67,50,83,67,92,67,100,50,17,42,8,33,33,17,17,54,92,33,17,42,67,50,54,75,58,17,17,92,50,71,42,83,17,29,12,12,17,42,42,25,50,Serbian SuperLeague
Mladost Lučani,16agx0zka9x8hdd5t3xyn1goq,b268aocn5m2swiupslpdpwclx,N. Ćirković,Nikola Cirkovic,34.0,Midfielder,Serbia,Midfielder,190.0,47.0,13.0,237.0,17.0,2.0,2.0,35.0,57.0,810.0,2.0,0.0,0.0,1.0,0.0,0.0,3.0,4.0,2.0,2.0,5.0,2.0,8.0,8.0,0.0,0.0,80.34,28.89,0.0,66.67,100.0,66.04,58.62,72.73,0.243024034197727,0.0893365942699448,0.0,1.0,0.01685596,0.0,8.0,7.0,0.2223888399999997,120.0,21.11111111111111,5.222222222222222,1.4444444444444444,26.33333333333333,1.8888888888888888,0.2222222222222222,0.2222222222222222,3.888888888888889,6.333333333333333,0.2222222222222222,0.0,0.0,0.1111111111111111,0.0,0.0,0.3333333333333333,0.4444444444444444,0.2222222222222222,0.2222222222222222,0.5555555555555556,0.2222222222222222,0.8888888888888888,0.8888888888888888,0.0,0.0,80.34,28.89,0.0,66.67,100.0,66.04,58.62,72.73,0.0270026704664141,0.009926288252216,0.0,0.1111111111111111,0.0018728844444444,0.0,0.8888888888888888,0.7777777777777778,0.024709871111111,13.333333333333334,DM/CM,96,26,54,85,98,17,83,80,100,37,24,41,22,6,20,30,37,100,74,33,33,74,81,52,52,44,7,24,63,98,85,59,67,52,30,11,22,22,19,35,26,30,81,74,7,19,22,81,7,56,19,100,22,24,41,15,6,20,7,15,93,52,15,22,22,44,52,52,44,7,24,63,98,85,59,67,26,22,11,22,22,19,22,22,19,52,Serbian SuperLeague
Mladost Lučani,16agx0zka9x8hdd5t3xyn1goq,buc11s6kueqgbm7czxeoxyfx0,J. Ćirić,Jovan Ciric,19.0,Midfielder,Serbia,Midfielder,42.0,38.0,1.0,79.0,2.0,16.0,7.0,20.0,2.0,557.0,21.0,1.0,1.0,4.0,9.0,5.0,23.0,26.0,0.0,7.0,11.0,5.0,2.0,4.0,0.0,0.0,76.7,33.33,9.09,21.74,43.75,35.09,22.22,100.0,1.1502470017049329,0.4014897259986475,9.0,8.0,0.2086583,7.0,3.0,8.0,0.5938820699999998,32.0,6.786355475763016,6.140035906642729,0.1615798922800718,12.764811490125672,0.3231597845601436,2.585278276481149,1.131059245960503,3.2315978456014363,0.3231597845601436,3.393177737881508,0.1615798922800718,0.1615798922800718,0.6463195691202872,1.4542190305206462,0.8078994614003591,3.716337522441652,4.201077199281867,0.0,1.131059245960503,1.77737881508079,0.8078994614003591,0.3231597845601436,0.6463195691202872,0.0,0.0,76.7,33.33,9.09,21.74,43.75,35.09,22.22,100.0,0.1858567866309586,0.064872666678417,1.4542190305206462,1.2926391382405744,0.0337149856373429,1.131059245960503,0.4847396768402154,1.2926391382405744,0.095959400897666,5.170556552962298,CM/AM,62,14,3,36,41,83,79,60,53,86,38,71,12,88,79,98,100,16,93,76,81,31,72,52,48,31,10,31,17,69,17,28,91,76,21,91,45,45,81,9,26,59,26,31,3,3,3,24,62,62,21,41,62,34,72,7,72,72,93,93,16,83,62,69,10,59,52,48,31,10,31,17,69,17,28,91,59,14,76,21,24,79,3,10,34,7,Serbian SuperLeague
Mladost Lučani,16agx0zka9x8hdd5t3xyn1goq,demj0v7b3jqe4on3nsjsmb55h,M. Joksimović,Milan Joksimović,36.0,Defender,Serbia,Defender,136.0,74.0,22.0,208.0,10.0,0.0,0.0,13.0,41.0,669.0,1.0,2.0,0.0,3.0,0.0,0.0,1.0,1.0,0.0,0.0,0.0,1.0,1.0,5.0,0.0,0.0,77.32,37.29,40.0,100.0,0.0,35.14,52.63,50.0,0.0,0.3458858360201218,0.0,3.0,0.0542629,0.0,23.0,30.0,0.7391042199999996,115.0,18.295964125560538,9.955156950672643,2.9596412556053813,27.982062780269057,1.3452914798206277,0.0,0.0,1.748878923766816,5.5156950672645735,0.1345291479820627,0.2690582959641255,0.0,0.4035874439461883,0.0,0.0,0.1345291479820627,0.1345291479820627,0.0,0.0,0.0,0.1345291479820627,0.1345291479820627,0.6726457399103138,0.0,0.0,77.32,37.29,40.0,100.0,0.0,35.14,52.63,50.0,0.0,0.0465317268188504,0.0,0.4035874439461883,0.0072999417040358,0.0,3.094170403587444,4.035874439461884,0.099431060986547,15.47085201793722,LB/LCB,86,50,86,79,71,7,14,11,100,11,39,39,25,14,21,14,11,43,25,7,29,7,32,50,54,64,50,93,100,25,7,36,21,7,36,14,29,21,7,93,93,57,86,86,29,64,57,50,7,14,7,100,7,43,39,29,14,21,14,14,43,25,7,29,7,14,50,54,64,50,93,100,25,7,36,21,7,36,14,14,7,7,71,79,57,79,Serbian SuperLeague
Mladost Lučani,16agx0zka9x8hdd5t3xyn1goq,dr7b9imftjmz7trrgr6oimz9,A. Varjačić,Aleksandar Varjačić,35.0,Midfielder,Serbia,Midfielder,78.0,85.0,10.0,139.0,9.0,5.0,3.0,39.0,23.0,763.0,7.0,24.0,4.0,16.0,2.0,1.0,10.0,12.0,0.0,2.0,14.0,4.0,6.0,7.0,0.0,0.0,63.76,26.32,33.33,40.0,40.0,58.21,47.37,50.0,0.3304757135604415,2.297809048807188,2.0,4.0,0.11848585,11.0,13.0,17.0,1.45372495,77.0,9.200524246395808,10.026212319790302,1.1795543905635648,16.39580602883355,1.0615989515072084,0.5897771952817824,0.3538663171690694,4.600262123197903,2.7129750982962,0.8256880733944955,2.830930537352556,0.4718217562254259,1.887287024901704,0.2359108781127129,0.1179554390563564,1.1795543905635648,1.415465268676278,0.0,0.2359108781127129,1.651376146788991,0.4718217562254259,0.7077326343381389,0.8256880733944955,0.0,0.0,63.76,26.32,33.33,40.0,40.0,58.21,47.37,50.0,0.0389814078904845,0.2710390752197207,0.2359108781127129,0.4718217562254259,0.0139760504587155,1.2975098296199217,1.5334207077326345,2.0052424639580604,0.1714747647444298,9.082568807339449,RM/RCM,83,67,92,67,100,58,58,100,100,33,100,100,100,33,67,67,67,50,50,100,83,75,83,58,58,33,17,83,67,75,100,83,17,50,100,25,42,50,100,67,67,83,67,67,67,67,50,67,17,50,83,100,17,100,100,100,17,50,33,33,50,33,100,50,50,50,58,58,33,17,83,67,75,100,83,17,17,100,17,33,33,83,50,50,50,67,Serbian SuperLeague
Mladost Lučani,16agx0zka9x8hdd5t3xyn1goq,dwpit61zllr4c95xddq2jaxud,D. Jovančić,Dusan Jovancic,35.0,Midfielder,Serbia,Midfielder,106.0,84.0,12.0,190.0,17.0,3.0,2.0,55.0,18.0,539.0,7.0,0.0,0.0,2.0,1.0,2.0,11.0,11.0,0.0,0.0,20.0,5.0,11.0,11.0,0.0,0.0,81.2,54.55,0.0,45.45,0.0,61.8,89.47,78.57,0.3125319198556036,0.1155471407633714,1.0,11.0,0.29577619,1.0,15.0,21.0,0.4660892899999998,79.0,17.699443413729128,14.025974025974026,2.0037105751391464,31.72541743970316,2.8385899814471243,0.5009276437847866,0.3339517625231911,9.183673469387754,3.00556586270872,1.1688311688311688,0.0,0.0,0.3339517625231911,0.1669758812615955,0.3339517625231911,1.836734693877551,1.836734693877551,0.0,0.0,3.339517625231911,0.8348794063079777,1.836734693877551,1.836734693877551,0.0,0.0,81.2,54.55,0.0,45.45,0.0,61.8,89.47,78.57,0.0521852927402677,0.0192935856562215,0.1669758812615955,1.836734693877551,0.0493874899814471,0.1669758812615955,2.504638218923933,3.5064935064935066,0.0778256699443413,13.191094619666048,DM/CM,72,59,43,67,98,37,83,100,89,89,24,41,41,17,85,93,93,41,19,100,76,94,100,52,52,54,56,24,33,19,74,100,74,67,41,28,93,93,43,56,69,59,56,63,44,33,56,100,26,78,96,85,81,24,41,33,11,81,74,74,41,19,100,74,89,89,52,52,54,56,24,33,19,74,100,74,59,41,26,81,89,37,48,63,48,48,Serbian SuperLeague
Novi Pazar,ctuzznbzdmug74ywjlq53frtf,1n1iqt63gkt8nly9lia2wbkt0,D. Sadi,Dominic Sadi,23.0,Attacker,England,Striker,40.0,108.0,5.0,136.0,4.0,20.0,12.0,33.0,6.0,707.0,28.0,12.0,1.0,18.0,8.0,5.0,15.0,15.0,1.0,7.0,11.0,10.0,4.0,2.0,0.0,0.0,76.84,45.45,24.0,66.67,35.0,53.23,23.53,50.0,1.959691025048251,1.457917081419303,6.0,13.0,0.39954632,5.0,15.0,15.0,0.7362214499999999,63.0,5.091937765205092,13.74823196605375,0.6364922206506365,17.31258840169731,0.5091937765205092,2.545968882602546,1.5275813295615277,4.200848656294201,0.7637906647807639,3.5643564356435644,1.5275813295615277,0.1272984441301273,2.2913719943422914,1.0183875530410185,0.6364922206506365,1.9094766619519088,1.9094766619519088,0.1272984441301273,0.8910891089108911,1.4002828854314004,1.272984441301273,0.5091937765205092,0.2545968882602546,0.0,0.0,76.84,45.45,24.0,66.67,35.0,53.23,23.53,50.0,0.2494656184644167,0.1855905761354134,0.7637906647807639,1.654879773691655,0.0508616248939179,0.6364922206506365,1.9094766619519088,1.9094766619519088,0.0937198451202263,8.01980198019802,ST,81,100,85,91,30,91,76,72,73,80,100,80,100,93,78,86,84,53,91,77,93,62,55,50,51,84,43,70,92,68,84,19,22,81,100,76,88,92,81,93,92,84,92,57,89,59,76,11,51,46,24,49,38,95,68,92,73,62,59,54,41,59,35,81,43,49,50,51,84,43,70,92,68,84,19,22,57,92,51,62,65,51,84,73,81,84,Serbian SuperLeague
Novi Pazar,ctuzznbzdmug74ywjlq53frtf,3ov0p21d20ljqnun1ow7yfbis,P. Gadio,Papa Amady Gadio,24.0,Midfielder,Senegal,Midfielder,55.0,53.0,12.0,107.0,7.0,4.0,1.0,34.0,5.0,389.0,1.0,1.0,0.0,2.0,3.0,0.0,10.0,10.0,1.0,3.0,5.0,7.0,7.0,5.0,0.0,0.0,79.26,52.17,25.0,70.0,75.0,59.65,77.78,46.67,0.0,0.0,0.0,0.0,0.0,0.0,0.0,0.0,0.0,0.0,12.724935732647817,12.262210796915168,2.7763496143958872,24.75578406169666,1.6195372750642674,0.9254498714652956,0.2313624678663239,7.866323907455014,1.1568123393316196,0.2313624678663239,0.2313624678663239,0.0,0.4627249357326478,0.6940874035989718,0.0,2.31362467866324,2.31362467866324,0.2313624678663239,0.6940874035989718,1.1568123393316196,1.6195372750642674,1.6195372750642674,1.1568123393316196,0.0,0.0,79.26,52.17,25.0,70.0,75.0,59.65,77.78,46.67,0.0,0.0,0.0,0.0,0.0,0.0,0.0,0.0,0.0,0.0,DM/CM,33,37,43,26,76,56,50,72,33,20,54,41,41,61,20,89,89,89,87,33,91,59,57,52,52,33,41,52,74,89,67,93,15,9,11,11,11,11,19,9,9,9,9,26,22,67,19,78,67,59,93,33,26,59,41,44,70,20,96,96,96,93,37,93,74,67,52,52,33,41,52,74,89,67,93,15,9,11,11,11,11,19,9,9,9,9,Serbian SuperLeague
Novi Pazar,ctuzznbzdmug74ywjlq53frtf,463p3v1x5z6tjmnvuc9dg15hw,D. Agwom,Dauda Johnson Agwom,19.0,Attacker,Nigeria,Striker,17.0,63.0,4.0,79.0,4.0,13.0,7.0,34.0,5.0,494.0,18.0,1.0,1.0,9.0,6.0,6.0,23.0,24.0,0.0,3.0,5.0,15.0,8.0,2.0,0.0,0.0,65.83,36.36,10.0,65.22,23.08,43.04,21.05,80.0,0.8881445877721349,0.9015903381246368,7.0,8.0,0.2205112,2.0,9.0,11.0,0.8888437999999996,34.0,3.097165991902834,11.477732793522268,0.728744939271255,14.392712550607287,0.728744939271255,2.3684210526315788,1.2753036437246963,6.194331983805668,0.9109311740890688,3.279352226720648,0.1821862348178137,0.1821862348178137,1.639676113360324,1.0931174089068827,1.0931174089068827,4.190283400809717,4.372469635627531,0.0,0.5465587044534413,0.9109311740890688,2.7327935222672064,1.45748987854251,0.3643724696356275,0.0,0.0,65.83,36.36,10.0,65.22,23.08,43.04,21.05,80.0,0.1618077184200246,0.1642573490510472,1.2753036437246963,1.45748987854251,0.0401741052631578,0.3643724696356275,1.639676113360324,2.004048582995952,0.1619351052631578,6.194331983805668,RW,54,86,54,71,86,86,68,93,86,57,18,75,79,89,93,86,86,32,64,54,100,93,64,54,54,36,29,14,79,36,43,29,86,71,93,86,43,43,39,89,75,93,79,29,50,43,36,64,64,50,93,79,43,14,64,64,79,93,79,71,32,57,36,100,86,64,54,54,36,29,14,79,36,43,29,86,43,71,71,29,21,29,79,50,71,43,Serbian SuperLeague
Novi Pazar,ctuzznbzdmug74ywjlq53frtf,5o4455f3efcjarbo8wqsfdm95,T. Dadić,Tomislav Dadic,28.0,Defender,Croatia,Defender,103.0,77.0,21.0,176.0,3.0,3.0,3.0,28.0,19.0,565.0,7.0,4.0,0.0,5.0,0.0,2.0,6.0,7.0,0.0,0.0,13.0,2.0,8.0,5.0,0.0,0.0,77.88,40.38,19.05,33.33,0.0,58.33,0.0,72.73,0.2964357373241278,0.4999407893587721,1.0,10.0,0.18933381,3.0,14.0,22.0,0.8947352499999999,79.0,16.4070796460177,12.265486725663717,3.345132743362832,28.035398230088497,0.4778761061946903,0.4778761061946903,0.4778761061946903,4.460176991150442,3.026548672566372,1.1150442477876106,0.6371681415929203,0.0,0.7964601769911505,0.0,0.3185840707964602,0.9557522123893806,1.1150442477876106,0.0,0.0,2.070796460176992,0.3185840707964602,1.2743362831858407,0.7964601769911505,0.0,0.0,77.88,40.38,19.05,33.33,0.0,58.33,0.0,72.73,0.0472198519631354,0.0796365859155566,0.1592920353982301,1.592920353982301,0.0301593679646017,0.4778761061946903,2.230088495575221,3.504424778761062,0.1425241991150442,12.584070796460177,LB/LCB,71,57,79,71,18,46,79,54,68,71,68,39,64,14,79,61,64,43,25,86,54,75,32,50,54,71,64,36,39,25,86,7,79,64,50,46,75,64,71,54,82,71,64,71,43,86,64,7,36,86,14,57,57,71,39,50,14,86,50,50,43,25,86,43,79,21,50,54,71,64,36,39,25,86,7,79,50,57,36,64,64,79,43,71,79,43,Serbian SuperLeague
Novi Pazar,ctuzznbzdmug74ywjlq53frtf,5v3sd56kh9pmvzk6wczhs9o4q,V. Kotzebue,Vieiri Kotzebue,24.0,Attacker,Netherlands,Striker,15.0,22.0,2.0,36.0,6.0,7.0,7.0,17.0,3.0,319.0,13.0,1.0,0.0,5.0,0.0,1.0,5.0,6.0,1.0,4.0,8.0,0.0,2.0,0.0,0.0,0.0,70.59,50.0,100.0,0.0,57.14,39.53,25.0,66.67,0.551411611986779,0.3824953686412663,2.0,5.0,0.1162249599999999,0.0,4.0,2.0,0.20917713,14.0,4.231974921630094,6.206896551724138,0.5642633228840126,10.156739811912226,1.6927899686520378,1.974921630094044,1.974921630094044,4.7962382445141065,0.8463949843260189,3.6677115987460818,0.2821316614420063,0.0,1.4106583072100314,0.0,0.2821316614420063,1.4106583072100314,1.6927899686520378,0.2821316614420063,1.1285266457680252,2.2570532915360504,0.0,0.5642633228840126,0.0,0.0,0.0,70.59,50.0,100.0,0.0,57.14,39.53,25.0,66.67,0.1555706742282448,0.1079140538486331,0.5642633228840126,1.4106583072100314,0.0327907410658306,0.0,1.1285266457680252,0.5642633228840126,0.0590154912225705,3.949843260188088,ST,36,26,47,22,43,24,51,27,46,30,61,34,53,11,30,30,34,53,61,51,9,42,20,50,51,46,58,99,9,89,27,22,53,14,54,32,41,27,9,57,24,43,28,35,22,54,16,49,35,59,35,59,46,59,34,70,11,30,41,46,54,86,68,9,51,20,50,51,46,58,99,9,89,27,22,53,24,68,38,54,43,9,70,27,51,35,Serbian SuperLeague
Novi Pazar,ctuzznbzdmug74ywjlq53frtf,5ye0r3edkdi6ipdvygbosiej8,S. Togbe,Skima Togbe,20.0,Midfielder,Ghana,Midfielder,34.0,47.0,14.0,81.0,2.0,2.0,0.0,13.0,3.0,322.0,0.0,0.0,1.0,4.0,2.0,0.0,1.0,1.0,0.0,2.0,4.0,0.0,7.0,8.0,0.0,0.0,77.14,58.33,0.0,0.0,100.0,44.83,50.0,100.0,0.1138619858698227,0.2868326049188611,2.0,3.0,0.06395661,1.0,11.0,10.0,0.19897691,46.0,9.50310559006211,13.13664596273292,3.913043478260869,22.63975155279503,0.5590062111801242,0.5590062111801242,0.0,3.633540372670807,0.8385093167701863,0.0,0.0,0.2795031055900621,1.1180124223602483,0.5590062111801242,0.0,0.2795031055900621,0.2795031055900621,0.0,0.5590062111801242,1.1180124223602483,0.0,1.9565217391304344,2.2360248447204967,0.0,0.0,77.14,58.33,0.0,0.0,100.0,44.83,50.0,100.0,0.0318247786592672,0.0801706038593089,0.5590062111801242,0.8385093167701863,0.0178760711180124,0.2795031055900621,3.074534161490683,2.795031055900621,0.0556146642857142,12.857142857142856,DM/CM,11,26,61,15,15,17,15,17,17,7,24,87,63,37,20,7,6,41,74,22,9,59,81,52,52,30,63,24,9,98,22,37,96,30,67,50,39,37,43,48,35,26,33,11,33,85,15,11,33,15,15,22,7,24,93,78,48,20,4,4,41,85,33,9,100,100,52,52,30,63,24,9,98,22,37,96,37,70,63,52,48,52,59,48,30,44,Serbian SuperLeague
Novi Pazar,ctuzznbzdmug74ywjlq53frtf,6c1v2cokgltv9ze2dbvc3n6z8,V. Mirosavić,Veljko Mirosavic,21.0,Defender,Serbia,Defender,26.0,26.0,10.0,49.0,1.0,3.0,0.0,6.0,8.0,212.0,0.0,3.0,0.0,1.0,3.0,0.0,1.0,1.0,0.0,1.0,2.0,1.0,1.0,3.0,0.0,0.0,66.22,47.62,30.0,100.0,33.33,75.0,0.0,50.0,0.1281388136433946,0.1473640685668532,2.0,1.0,0.02401521,0.0,6.0,11.0,0.67581618,20.0,11.037735849056604,11.037735849056604,4.245283018867925,20.80188679245283,0.4245283018867924,1.2735849056603774,0.0,2.547169811320755,3.39622641509434,0.0,1.2735849056603774,0.0,0.4245283018867924,1.2735849056603774,0.0,0.4245283018867924,0.4245283018867924,0.0,0.4245283018867924,0.8490566037735848,0.4245283018867924,0.4245283018867924,1.2735849056603774,0.0,0.0,66.22,47.62,30.0,100.0,33.33,75.0,0.0,50.0,0.0543985529618184,0.062560217787815,0.8490566037735848,0.4245283018867924,0.0101951363207547,0.0,2.547169811320755,4.669811320754717,0.2869030952830188,8.49056603773585,CB,11,11,38,7,7,61,12,7,24,6,89,48,39,91,32,38,36,47,66,28,57,16,39,48,51,9,64,87,90,66,100,2,31,31,60,87,26,29,19,34,44,80,24,13,38,87,13,7,91,12,16,38,6,100,48,60,100,32,58,58,47,91,62,78,24,76,48,51,9,64,87,90,66,100,2,31,62,82,98,36,33,19,64,84,98,33,Serbian SuperLeague
Novi Pazar,ctuzznbzdmug74ywjlq53frtf,6tdvjlbc9jwxktllu7fa0dhbd,J. Marinković,Jovan Marinkovic,30.0,Defender,Serbia,Defender,281.0,107.0,38.0,388.0,14.0,6.0,6.0,38.0,50.0,810.0,8.0,0.0,0.0,3.0,0.0,1.0,1.0,1.0,0.0,0.0,5.0,1.0,9.0,10.0,0.0,0.0,85.46,45.78,0.0,100.0,0.0,50.67,40.0,50.0,0.8165215722168676,0.0894177328067502,0.0,6.0,0.1204277699999999,1.0,18.0,24.0,0.7739715300000001,254.0,31.22222222222222,11.88888888888889,4.222222222222222,43.11111111111112,1.5555555555555556,0.6666666666666666,0.6666666666666666,4.222222222222222,5.555555555555555,0.8888888888888888,0.0,0.0,0.3333333333333333,0.0,0.1111111111111111,0.1111111111111111,0.1111111111111111,0.0,0.0,0.5555555555555556,0.1111111111111111,1.0,1.1111111111111112,0.0,0.0,85.46,45.78,0.0,100.0,0.0,50.67,40.0,50.0,0.0907246191352075,0.0099353036451944,0.0,0.6666666666666666,0.0133808633333333,0.1111111111111111,2.0,2.6666666666666665,0.0859968366666666,28.22222222222222,CB,98,79,98,98,59,93,98,90,91,87,36,48,73,27,76,38,36,47,22,63,57,92,87,48,51,71,60,36,90,22,33,29,31,98,47,28,73,64,46,74,82,84,98,80,42,84,58,33,72,87,31,76,61,36,48,52,27,64,30,29,47,22,40,41,70,62,48,51,71,60,36,90,22,33,29,31,89,44,28,49,42,40,47,51,64,84,Serbian SuperLeague
Novi Pazar,ctuzznbzdmug74ywjlq53frtf,7rwv2m8660qffrhluftyhgno5,F. Mulić,Fejsal Mulic,31.0,Attacker,Serbia,Striker,26.0,54.0,4.0,79.0,20.0,24.0,15.0,31.0,10.0,516.0,26.0,1.0,1.0,4.0,9.0,4.0,3.0,3.0,1.0,7.0,9.0,1.0,1.0,0.0,0.0,0.0,68.1,50.0,33.33,33.33,29.17,49.21,57.14,100.0,2.876397217664847,0.3254167079315385,6.0,4.0,0.10334862,1.0,6.0,6.0,0.25875194,24.0,4.534883720930233,9.418604651162791,0.6976744186046512,13.77906976744186,3.488372093023256,4.186046511627907,2.6162790697674416,5.406976744186046,1.744186046511628,4.534883720930233,0.1744186046511628,0.1744186046511628,0.6976744186046512,1.569767441860465,0.6976744186046512,0.5232558139534884,0.5232558139534884,0.1744186046511628,1.2209302325581397,1.569767441860465,0.1744186046511628,0.1744186046511628,0.0,0.0,0.0,68.1,50.0,33.33,33.33,29.17,49.21,57.14,100.0,0.5016971891275895,0.0567587281275939,1.0465116279069768,0.6976744186046512,0.0180259220930232,0.1744186046511628,1.0465116279069768,1.0465116279069768,0.0451311523255813,4.186046511627907,ST,65,68,78,70,92,99,91,64,84,76,61,80,39,97,66,15,15,53,91,64,26,24,20,50,51,30,58,85,36,50,59,88,91,97,43,76,28,19,24,70,53,57,59,43,57,70,51,84,93,78,49,89,65,57,78,19,95,68,8,8,46,92,43,22,19,20,50,51,30,58,85,36,50,59,88,91,92,27,70,16,19,19,62,46,41,46,Serbian SuperLeague
Novi Pazar,ctuzznbzdmug74ywjlq53frtf,87053iegtdwurbot4rq2v29zo,N. Stanković,Nikola Stanković,23.0,Midfielder,Serbia,Midfielder,33.0,56.0,6.0,88.0,0.0,2.0,1.0,5.0,2.0,181.0,1.0,1.0,0.0,3.0,1.0,0.0,2.0,2.0,0.0,1.0,1.0,2.0,2.0,0.0,0.0,0.0,88.0,50.0,33.33,100.0,50.0,71.43,0.0,100.0,0.0956248433292794,0.1048238965499249,1.0,4.0,0.09332561,1.0,18.0,21.0,0.40831432,52.0,16.408839779005525,27.84530386740332,2.983425414364641,43.75690607734807,0.0,0.994475138121547,0.4972375690607735,2.4861878453038675,0.994475138121547,0.4972375690607735,0.4972375690607735,0.0,1.4917127071823204,0.4972375690607735,0.0,0.994475138121547,0.994475138121547,0.0,0.4972375690607735,0.4972375690607735,0.994475138121547,0.994475138121547,0.0,0.0,0.0,88.0,50.0,33.33,100.0,50.0,71.43,0.0,100.0,0.0475482646388682,0.0521223794999626,0.4972375690607735,1.988950276243094,0.0464049994475138,0.4972375690607735,8.950276243093922,10.441988950276244,0.2030292198895027,25.85635359116022,LM/LCM,71,71,71,57,14,21,14,14,36,14,64,43,43,36,14,29,21,36,29,29,43,57,21,57,57,86,50,86,93,79,100,14,100,14,14,21,43,43,43,93,86,71,71,86,100,100,100,14,29,29,14,57,29,71,43,57,43,14,43,43,36,43,29,43,86,21,57,57,86,50,86,93,79,100,14,100,29,43,29,57,43,43,100,100,86,100,Serbian SuperLeague
Novi Pazar,ctuzznbzdmug74ywjlq53frtf,8v14jaivcptsnz714zp776led,A. Miljković,Aleksandar Miljkovic,36.0,Defender,Serbia,Defender,156.0,123.0,15.0,278.0,20.0,7.0,7.0,37.0,34.0,789.0,14.0,1.0,0.0,5.0,0.0,1.0,3.0,3.0,0.0,3.0,5.0,1.0,8.0,11.0,0.0,0.0,82.49,50.0,8.33,33.33,42.86,53.62,68.97,72.73,0.857401188161829,0.4316940127236798,2.0,4.0,0.08639993,4.0,29.0,36.0,0.6995981299999997,145.0,17.794676806083647,14.03041825095057,1.7110266159695815,31.71102661596958,2.281368821292776,0.7984790874524714,0.7984790874524714,4.220532319391634,3.87832699619772,1.5969581749049429,0.1140684410646387,0.0,0.5703422053231939,0.0,0.1140684410646387,0.3422053231939163,0.3422053231939163,0.0,0.3422053231939163,0.5703422053231939,0.1140684410646387,0.9125475285171102,1.2547528517110265,0.0,0.0,82.49,50.0,8.33,33.33,42.86,53.62,68.97,72.73,0.0978024169005888,0.0492426630483284,0.2281368821292775,0.4562737642585551,0.0098555053231939,0.4562737642585551,3.3079847908745244,4.106463878326996,0.0798020680608364,16.53992395437262,RB/RCB,92,100,83,100,100,100,100,96,92,100,38,42,83,33,83,54,50,54,100,62,46,100,83,50,54,83,79,33,50,100,58,92,75,100,83,88,54,50,79,92,92,83,100,83,58,50,75,92,92,100,75,83,92,33,42,33,33,67,25,25,54,100,25,33,58,33,50,54,83,79,33,50,100,58,92,75,100,58,58,33,33,50,75,75,42,92,Serbian SuperLeague
Novi Pazar,ctuzznbzdmug74ywjlq53frtf,ae5xvogby8bzm2vvfjw68zbpw,I. Davidović,Ivan Davidovic,30.0,Attacker,Serbia,Striker,143.0,84.0,14.0,226.0,10.0,11.0,4.0,32.0,10.0,757.0,11.0,1.0,0.0,8.0,7.0,2.0,7.0,7.0,1.0,3.0,10.0,1.0,6.0,6.0,0.0,0.0,83.7,46.67,9.09,14.29,27.27,48.48,58.82,54.55,0.6203447699100716,0.5129453457403601,7.0,8.0,0.30754548,3.0,12.0,15.0,0.40528728,92.0,17.00132100396301,9.98678996036988,1.6644649933949802,26.869220607661823,1.1889035667107002,1.30779392338177,0.47556142668428,3.80449141347424,1.1889035667107002,1.30779392338177,0.11889035667107,0.0,0.95112285336856,0.8322324966974901,0.23778071334214,0.8322324966974901,0.8322324966974901,0.11889035667107,0.35667107001321,1.1889035667107002,0.11889035667107,0.71334214002642,0.71334214002642,0.0,0.0,83.7,46.67,9.09,14.29,27.27,48.48,58.82,54.55,0.0737530109536412,0.0609842551078367,0.8322324966974901,0.95112285336856,0.0365641918097754,0.35667107001321,1.42668428005284,1.7833553500660502,0.0481847492734478,10.93791281373844,ST,100,92,100,100,61,51,18,68,84,15,61,34,81,84,47,45,43,53,43,69,26,80,91,50,51,97,46,54,24,46,57,95,27,19,73,86,64,73,47,85,92,76,100,100,65,97,100,41,14,5,19,73,3,54,34,46,68,24,19,19,38,19,24,19,59,73,50,51,97,46,54,24,46,57,95,27,8,32,62,38,46,35,81,65,46,97,Serbian SuperLeague
Novi Pazar,ctuzznbzdmug74ywjlq53frtf,ek7wsrbeq1yoqrxrxposjv3f8,K. Dixon,Kaheim Dixon,21.0,Attacker,Jamaica,Striker,36.0,78.0,6.0,111.0,6.0,15.0,8.0,43.0,9.0,590.0,16.0,3.0,2.0,9.0,7.0,3.0,12.0,12.0,2.0,7.0,10.0,6.0,13.0,2.0,0.0,0.0,70.25,40.0,50.0,50.0,46.67,52.44,31.58,61.9,1.7830226218472185,0.8777722678641194,8.0,19.0,0.4790520499999999,11.0,7.0,13.0,0.6352752100000001,65.0,5.491525423728814,11.898305084745765,0.9152542372881356,16.93220338983051,0.9152542372881356,2.288135593220339,1.2203389830508475,6.559322033898305,1.3728813559322035,2.440677966101695,0.4576271186440678,0.3050847457627119,1.3728813559322035,1.0677966101694916,0.4576271186440678,1.8305084745762712,1.8305084745762712,0.3050847457627119,1.0677966101694916,1.5254237288135597,0.9152542372881356,1.9830508474576272,0.3050847457627119,0.0,0.0,70.25,40.0,50.0,50.0,46.67,52.44,31.58,61.9,0.2719865016377113,0.1338974645894419,1.2203389830508475,2.898305084745763,0.0730757364406779,1.6779661016949152,1.0677966101694916,1.9830508474576272,0.0969063879661017,9.915254237288137,LW,43,64,43,57,86,71,71,86,86,43,36,93,57,64,64,43,43,86,79,43,43,100,57,57,57,29,29,100,71,71,86,43,29,86,57,79,57,57,100,43,57,43,86,43,43,29,57,86,57,71,86,86,29,43,100,43,57,71,29,29,86,71,29,29,100,43,57,57,29,29,100,71,71,86,43,29,86,43,57,43,29,100,14,43,14,71,Serbian SuperLeague
Novi Pazar,ctuzznbzdmug74ywjlq53frtf,epgpjsjwvk39k1zwsfnxxc7is,A. Hadžimujović,Ahmed Hadzimujovic,19.0,Defender,Serbia,Defender,240.0,108.0,55.0,348.0,10.0,6.0,4.0,19.0,53.0,810.0,8.0,0.0,0.0,9.0,2.0,0.0,1.0,2.0,0.0,1.0,2.0,0.0,6.0,9.0,0.0,0.0,82.08,50.0,0.0,0.0,16.67,40.43,38.46,85.71,0.60002088225587,0.9317602879731958,2.0,9.0,0.16860148,1.0,21.0,32.0,0.6494493100000001,199.0,26.666666666666668,12.0,6.111111111111111,38.66666666666666,1.1111111111111112,0.6666666666666666,0.4444444444444444,2.111111111111111,5.888888888888889,0.8888888888888888,0.0,0.0,1.0,0.2222222222222222,0.0,0.1111111111111111,0.2222222222222222,0.0,0.1111111111111111,0.2222222222222222,0.0,0.6666666666666666,1.0,0.0,0.0,82.08,50.0,0.0,0.0,16.67,40.43,38.46,85.71,0.0666689869173188,0.1035289208859106,0.2222222222222222,1.0,0.0187334977777777,0.1111111111111111,2.333333333333333,3.555555555555556,0.0721610344444444,22.11111111111111,CB,91,82,100,93,44,93,90,37,96,87,36,48,98,86,32,38,57,47,66,28,20,77,82,48,51,42,74,36,20,47,11,26,89,91,98,87,87,82,46,81,91,78,93,49,44,96,49,27,72,72,7,87,61,36,48,89,70,32,30,33,47,46,11,20,50,53,48,51,42,74,36,20,47,11,26,89,76,96,72,73,62,40,60,71,51,67,Serbian SuperLeague
Novi Pazar,ctuzznbzdmug74ywjlq53frtf,wzd4lu3edayiy81s9jd53qlm,Jonny Robert,Jonny Robert do Nascimento Torres,28.0,Attacker,Brazil,Striker,7.0,23.0,4.0,27.0,2.0,7.0,2.0,7.0,0.0,183.0,7.0,3.0,0.0,3.0,5.0,2.0,4.0,4.0,0.0,1.0,3.0,1.0,0.0,0.0,0.0,0.0,67.5,40.0,60.0,25.0,14.29,31.82,28.57,0.0,0.6268883957384774,0.3082524980162285,5.0,4.0,0.08884506,1.0,3.0,5.0,0.3176204299999999,18.0,3.4426229508196724,11.311475409836069,1.9672131147540983,13.278688524590164,0.9836065573770492,3.4426229508196724,0.9836065573770492,3.4426229508196724,0.0,3.4426229508196724,1.475409836065574,0.0,1.475409836065574,2.459016393442623,0.9836065573770492,1.9672131147540983,1.9672131147540983,0.0,0.4918032786885246,1.475409836065574,0.4918032786885246,0.0,0.0,0.0,0.0,67.5,40.0,60.0,25.0,14.29,31.82,28.57,0.0,0.3083057683959725,0.1515995891883091,2.459016393442623,1.9672131147540983,0.0436942918032786,0.4918032786885246,1.475409836065574,2.459016393442623,0.156206768852459,8.852459016393443,RW,7,14,54,7,43,46,36,7,11,29,64,32,18,79,61,18,18,32,25,36,11,11,14,54,54,50,43,100,7,18,11,50,11,50,21,64,25,21,18,21,25,29,29,43,43,79,29,79,100,43,21,11,50,100,32,43,100,86,43,43,32,43,50,14,11,14,54,54,50,43,100,7,18,11,50,11,86,57,100,43,29,36,57,57,64,71,Serbian SuperLeague
Partizan,c0d1qca7kz0fi0ypx7aw4nusc,115kqbrlwsdlm1zj2sm6pcems,Jeh,Jeferson Marinho dos Santos,26.0,Attacker,Brazil,Striker,9.0,30.0,2.0,38.0,13.0,20.0,15.0,25.0,1.0,296.0,34.0,1.0,0.0,4.0,5.0,7.0,9.0,11.0,1.0,4.0,7.0,3.0,2.0,0.0,0.0,0.0,69.09,66.67,16.67,33.33,20.0,38.46,39.39,100.0,2.6088545140253903,0.3453472376416243,6.0,3.0,0.1054419599999998,3.0,3.0,4.0,0.2959929499999999,12.0,2.7364864864864864,9.121621621621625,0.6081081081081081,11.554054054054054,3.952702702702703,6.081081081081082,4.560810810810811,7.601351351351352,0.304054054054054,10.33783783783784,0.304054054054054,0.0,1.2162162162162162,1.5202702702702704,2.1283783783783785,2.7364864864864864,3.3445945945945947,0.304054054054054,1.2162162162162162,2.1283783783783785,0.9121621621621622,0.6081081081081081,0.0,0.0,0.0,69.09,66.67,16.67,33.33,20.0,38.46,39.39,100.0,0.7932327914266389,0.1050042276613046,1.8243243243243243,0.9121621621621622,0.0320600554054053,0.9121621621621622,0.9121621621621622,1.2162162162162162,0.0899978564189189,3.6486486486486487,ST,11,32,47,27,68,91,91,53,19,96,61,34,39,68,97,58,66,53,61,38,50,42,20,50,51,41,74,59,36,22,22,30,91,92,49,76,20,24,47,41,41,65,23,16,49,57,38,89,100,100,84,22,100,65,34,59,92,100,76,84,59,89,59,62,57,20,50,51,41,74,59,36,22,22,30,91,100,62,97,30,41,81,46,54,78,30,Serbian SuperLeague
Partizan,c0d1qca7kz0fi0ypx7aw4nusc,32sds4yk7ch30mng0gyzhdk9h,S. Mitrović,Stefan Mitrovic,36.0,Defender,Serbia,Defender,117.0,61.0,9.0,178.0,2.0,0.0,0.0,3.0,5.0,180.0,0.0,0.0,0.0,0.0,0.0,0.0,0.0,0.0,0.0,0.0,1.0,0.0,0.0,0.0,0.0,0.0,98.89,81.82,0.0,0.0,0.0,25.0,33.33,0.0,0.0,0.0,0.0,0.0,0.0,0.0,0.0,0.0,0.0,0.0,58.5,30.5,4.5,89.0,1.0,0.0,0.0,1.5,2.5,0.0,0.0,0.0,0.0,0.0,0.0,0.0,0.0,0.0,0.0,0.5,0.0,0.0,0.0,0.0,0.0,98.89,81.82,0.0,0.0,0.0,25.0,33.33,0.0,0.0,0.0,0.0,0.0,0.0,0.0,0.0,0.0,0.0,0.0,CB,49,47,31,53,16,8,12,4,10,6,36,48,14,27,32,14,14,47,22,13,20,6,4,48,51,100,96,36,20,22,4,18,6,12,19,28,11,11,19,10,11,10,10,100,98,93,100,22,8,12,4,22,6,36,48,14,27,32,14,14,47,22,33,20,6,4,48,51,100,96,36,20,22,4,18,6,12,19,28,11,11,19,10,11,10,10,Serbian SuperLeague
Partizan,c0d1qca7kz0fi0ypx7aw4nusc,49qtvqh1a3gvmf5syjg0ocjkk,S. Nwulu,Samson Nwulu,19.0,Defender,Nigeria,Defender,86.0,84.0,6.0,166.0,3.0,3.0,1.0,21.0,7.0,296.0,8.0,4.0,0.0,4.0,2.0,1.0,1.0,1.0,0.0,0.0,8.0,1.0,7.0,3.0,0.0,0.0,88.77,85.71,26.67,100.0,0.0,72.41,60.0,77.78,0.1954463155790803,0.4528375735650413,2.0,8.0,0.16369025,5.0,16.0,21.0,1.19285734,77.0,26.14864864864865,25.54054054054054,1.8243243243243243,50.472972972972975,0.9121621621621622,0.9121621621621622,0.304054054054054,6.385135135135135,2.1283783783783785,2.4324324324324325,1.2162162162162162,0.0,1.2162162162162162,0.6081081081081081,0.304054054054054,0.304054054054054,0.304054054054054,0.0,0.0,2.4324324324324325,0.304054054054054,2.1283783783783785,0.9121621621621622,0.0,0.0,88.77,85.71,26.67,100.0,0.0,72.41,60.0,77.78,0.0594262446017473,0.1376871000704517,0.6081081081081081,2.4324324324324325,0.0497706841216216,1.5202702702702704,4.864864864864865,6.385135135135135,0.3626931101351351,23.41216216216216,CB,29,60,23,44,22,61,40,46,20,87,96,48,84,86,76,38,36,47,22,83,57,81,39,48,51,82,99,82,90,22,98,56,80,47,91,87,81,80,93,68,76,100,42,47,87,29,76,20,89,51,96,13,91,98,48,94,87,87,44,42,47,22,96,64,98,47,48,51,82,99,82,90,22,98,56,80,69,98,89,98,98,100,90,96,100,76,Serbian SuperLeague
Partizan,c0d1qca7kz0fi0ypx7aw4nusc,4oi7t62g5b8a6yyw72auwsis4,V. Đurđević,Vukasin Djurdjevic,22.0,Defender,Serbia,Defender,135.0,104.0,15.0,235.0,14.0,3.0,2.0,21.0,16.0,405.0,10.0,4.0,0.0,6.0,1.0,0.0,4.0,4.0,0.0,1.0,2.0,1.0,1.0,2.0,0.0,0.0,81.88,55.56,44.44,25.0,33.33,55.26,87.5,25.0,0.2335033270484001,0.4644506791041556,1.0,11.0,0.26480651,3.0,21.0,26.0,0.94098015,132.0,30.0,23.11111111111111,3.333333333333333,52.22222222222222,3.111111111111111,0.6666666666666666,0.4444444444444444,4.666666666666667,3.555555555555556,2.2222222222222223,0.8888888888888888,0.0,1.3333333333333333,0.2222222222222222,0.0,0.8888888888888888,0.8888888888888888,0.0,0.2222222222222222,0.4444444444444444,0.2222222222222222,0.2222222222222222,0.4444444444444444,0.0,0.0,81.88,55.56,44.44,25.0,33.33,55.26,87.5,25.0,0.0518896282329778,0.1032112620231456,0.2222222222222222,2.4444444444444446,0.0588458911111111,0.6666666666666666,4.666666666666667,5.777777777777778,0.2091067,29.33333333333333,CB,56,76,57,60,59,61,63,46,40,98,96,48,93,67,32,83,81,47,66,28,57,16,27,48,51,38,84,93,44,66,51,100,12,56,93,68,97,96,83,81,84,96,67,67,84,64,78,87,72,72,56,40,89,93,48,98,70,32,80,80,47,73,29,53,13,20,48,51,38,84,93,44,66,51,100,12,51,93,72,100,100,87,87,91,96,89,Serbian SuperLeague
Partizan,c0d1qca7kz0fi0ypx7aw4nusc,57cal7rutdcgbfisiywladdzo,I. Zubairu,Ibrahim Zubairu,22.0,Midfielder,Ghana,Midfielder,8.0,51.0,2.0,59.0,8.0,11.0,10.0,31.0,2.0,278.0,20.0,0.0,0.0,12.0,1.0,1.0,7.0,9.0,1.0,5.0,10.0,7.0,3.0,0.0,0.0,0.0,79.73,28.57,0.0,100.0,45.45,68.89,61.54,50.0,1.1666122265062326,0.713177151203365,2.0,14.0,0.47751379,4.0,3.0,8.0,0.4416539399999998,24.0,2.5899280575539567,16.510791366906474,0.6474820143884892,19.10071942446043,2.5899280575539567,3.5611510791366907,3.237410071942446,10.035971223021582,0.6474820143884892,6.474820143884892,0.0,0.0,3.884892086330935,0.3237410071942446,0.3237410071942446,2.2661870503597124,2.913669064748201,0.3237410071942446,1.618705035971223,3.237410071942446,2.2661870503597124,0.9712230215827338,0.0,0.0,0.0,79.73,28.57,0.0,100.0,45.45,68.89,61.54,50.0,0.3776802172142479,0.2308846892384994,0.6474820143884892,4.532374100719425,0.154590795323741,1.2949640287769784,0.9712230215827338,2.5899280575539567,0.1429814913669064,7.76978417266187,LM/LCM,14,57,21,29,71,86,100,86,36,100,29,43,100,36,43,64,71,79,86,71,100,71,21,57,57,71,14,29,93,57,86,57,57,86,86,57,86,86,71,14,57,86,29,14,43,29,29,71,86,100,100,29,100,29,43,100,29,57,86,86,71,86,86,100,71,21,57,57,71,14,29,93,57,86,57,57,100,86,57,86,86,71,29,57,71,57,Serbian SuperLeague
Partizan,c0d1qca7kz0fi0ypx7aw4nusc,5gvrq1nynyzsrykbfj7tvlses,E. Kojzek,Erik Kojzek,20.0,Attacker,Austria,Striker,15.0,22.0,0.0,37.0,6.0,2.0,2.0,13.0,1.0,309.0,16.0,0.0,2.0,3.0,0.0,1.0,2.0,2.0,0.0,0.0,3.0,0.0,3.0,0.0,0.0,0.0,68.52,0.0,0.0,0.0,0.0,37.14,40.0,75.0,0.0,0.2277999865757605,0.0,4.0,0.20026832,4.0,2.0,1.0,0.16304821,5.0,4.368932038834951,6.407766990291263,0.0,10.776699029126217,1.7475728155339807,0.5825242718446603,0.5825242718446603,3.7864077669902914,0.2912621359223301,4.660194174757282,0.0,0.5825242718446603,0.8737864077669903,0.0,0.2912621359223301,0.5825242718446603,0.5825242718446603,0.0,0.0,0.8737864077669903,0.0,0.8737864077669903,0.0,0.0,0.0,68.52,0.0,0.0,0.0,0.0,37.14,40.0,75.0,0.0,0.0663495106531341,0.0,1.1650485436893203,0.0583305786407767,1.1650485436893203,0.5825242718446603,0.2912621359223301,0.0474897699029126,1.4563106796116505,ST,36,26,8,24,43,4,5,16,19,43,27,97,27,11,30,9,9,19,3,9,9,53,20,50,51,38,8,27,9,3,14,35,61,3,27,8,28,51,65,24,9,30,3,38,27,8,22,51,3,8,16,16,68,27,97,34,11,32,11,11,19,3,11,9,70,20,50,51,38,8,27,9,3,14,35,61,3,38,8,49,76,86,32,11,43,3,Serbian SuperLeague
Partizan,c0d1qca7kz0fi0ypx7aw4nusc,7n4feroz4fvbr2k1s7eil1zbo,C. Traorè,Chaka Traorè,21.0,Midfielder,Côte d'Ivoire,Midfielder,11.0,43.0,4.0,54.0,0.0,11.0,8.0,17.0,0.0,186.0,20.0,0.0,0.0,5.0,3.0,4.0,10.0,11.0,1.0,3.0,9.0,5.0,2.0,0.0,0.0,0.0,79.41,66.67,0.0,50.0,27.27,56.67,0.0,66.67,1.265601971647585,0.4360223130838093,6.0,12.0,0.38820597,3.0,5.0,5.0,0.2146033,20.0,5.32258064516129,20.806451612903224,1.935483870967741,26.129032258064512,0.0,5.32258064516129,3.870967741935484,8.225806451612902,0.0,9.677419354838708,0.0,0.0,2.419354838709677,1.4516129032258065,1.935483870967741,4.838709677419354,5.32258064516129,0.4838709677419354,1.4516129032258065,4.354838709677419,2.419354838709677,0.9677419354838708,0.0,0.0,0.0,79.41,66.67,0.0,50.0,27.27,56.67,0.0,66.67,0.6123880507972185,0.2109785385889399,2.9032258064516125,5.806451612903225,0.1878415983870967,1.4516129032258065,2.419354838709677,2.419354838709677,0.1038403064516129,9.677419354838708,CM/AM,3,17,26,7,7,60,88,52,12,83,16,31,21,43,67,81,81,55,50,69,81,31,10,52,48,45,67,16,71,43,83,9,66,83,28,72,71,76,43,19,12,14,10,17,69,66,52,7,97,97,100,12,97,16,31,59,69,100,97,100,86,90,100,97,72,10,52,48,45,67,16,71,43,83,9,66,97,66,100,100,100,97,34,31,45,31,Serbian SuperLeague
Partizan,c0d1qca7kz0fi0ypx7aw4nusc,7t2ltk50ams794o3f6doyn6ga,M. Vukotić,Milan Vukotic,23.0,Midfielder,Montenegro,Midfielder,120.0,239.0,44.0,347.0,5.0,17.0,1.0,31.0,0.0,522.0,6.0,12.0,2.0,20.0,16.0,9.0,5.0,5.0,1.0,2.0,12.0,3.0,10.0,3.0,0.0,1.0,89.66,75.86,29.27,60.0,11.76,65.96,71.43,90.91,1.0214843471911927,1.8862092890295608,9.0,20.0,0.4149020399999999,8.0,65.0,75.0,2.26559884,221.0,20.6896551724138,41.20689655172414,7.586206896551724,59.82758620689656,0.8620689655172414,2.931034482758621,0.1724137931034483,5.344827586206897,0.0,1.0344827586206895,2.0689655172413794,0.3448275862068966,3.4482758620689657,2.7586206896551726,1.5517241379310345,0.8620689655172414,0.8620689655172414,0.1724137931034483,0.3448275862068966,2.0689655172413794,0.5172413793103449,1.7241379310344829,0.5172413793103449,0.0,0.1724137931034483,89.66,75.86,29.27,60.0,11.76,65.96,71.43,90.91,0.1761179908950332,0.3252084981085449,1.5517241379310345,3.4482758620689657,0.0715348344827586,1.3793103448275863,11.20689655172414,12.93103448275862,0.3906204896551724,38.10344827586207,CM/AM,93,100,100,100,72,90,10,79,12,24,97,88,97,100,100,38,36,55,34,83,60,93,55,52,98,93,83,66,90,14,100,95,79,59,97,91,90,83,93,100,100,100,100,93,97,100,97,69,79,7,76,12,10,90,83,93,100,93,24,24,52,17,69,48,97,48,52,100,93,83,66,90,14,100,95,79,52,86,83,86,69,93,97,97,97,100,Serbian SuperLeague
Partizan,c0d1qca7kz0fi0ypx7aw4nusc,9tylqkyhp34z6r7py95pp7or8,N. Simić,Nikola Simic,19.0,Defender,Serbia,Defender,141.0,99.0,17.0,240.0,14.0,3.0,3.0,23.0,12.0,450.0,7.0,0.0,0.0,0.0,0.0,0.0,2.0,2.0,0.0,1.0,3.0,2.0,2.0,6.0,0.0,0.0,86.02,62.96,0.0,100.0,33.33,65.71,66.67,50.0,0.3993214311369251,0.0,0.0,3.0,0.05760273,2.0,16.0,20.0,0.4616313899999998,146.0,28.2,19.8,3.4,48.0,2.8,0.6,0.6,4.6,2.4,1.4,0.0,0.0,0.0,0.0,0.0,0.4,0.4,0.0,0.2,0.6,0.4,0.4,1.2,0.0,0.0,86.02,62.96,0.0,100.0,33.33,65.71,66.67,50.0,0.079864286227385,0.0,0.0,0.6,0.011520546,0.4,3.2,4.0,0.0923262779999999,29.2,CB,62,73,67,66,59,61,78,52,34,78,36,48,14,27,32,59,57,47,66,44,81,30,52,48,51,76,89,36,90,66,84,68,31,76,19,28,43,42,66,68,71,60,74,58,78,70,73,69,62,82,47,20,83,36,48,14,27,32,56,56,47,69,46,72,21,70,48,51,76,89,36,90,66,84,68,31,84,19,28,40,38,71,80,77,71,87,Serbian SuperLeague
Partizan,c0d1qca7kz0fi0ypx7aw4nusc,9x5o4ojsq2bz1xuurka6sj8k4,N. Trifunović,Nemanja Trifunovic,22.0,Midfielder,Serbia,Midfielder,6.0,35.0,1.0,37.0,0.0,5.0,3.0,11.0,1.0,207.0,9.0,4.0,0.0,5.0,2.0,1.0,7.0,7.0,0.0,2.0,4.0,6.0,1.0,0.0,0.0,0.0,86.05,50.0,26.67,85.71,40.0,57.89,0.0,100.0,0.4356673718361572,0.3633055041211468,3.0,12.0,0.4031147,3.0,4.0,4.0,0.25672293,15.0,2.608695652173913,15.217391304347828,0.4347826086956522,16.086956521739133,0.0,2.173913043478261,1.3043478260869563,4.782608695652175,0.4347826086956522,3.91304347826087,1.7391304347826089,0.0,2.173913043478261,0.8695652173913044,0.4347826086956522,3.0434782608695654,3.0434782608695654,0.0,0.8695652173913044,1.7391304347826089,2.608695652173913,0.4347826086956522,0.0,0.0,0.0,86.05,50.0,26.67,85.71,40.0,57.89,0.0,100.0,0.1894205964505031,0.1579589148352812,1.3043478260869563,5.217391304347826,0.1752672608695652,1.3043478260869563,1.7391304347826089,1.7391304347826089,0.1116186652173913,6.521739130434783,LW,14,14,14,14,14,29,29,29,14,14,64,36,29,29,43,29,29,29,43,29,43,14,14,57,57,100,57,57,100,57,100,14,93,29,29,29,43,43,43,14,14,29,14,14,71,14,43,14,43,86,43,14,57,86,36,71,43,57,86,57,29,57,43,100,14,14,57,57,100,57,57,100,57,100,14,93,57,71,86,86,86,71,71,29,29,14,Serbian SuperLeague
Partizan,c0d1qca7kz0fi0ypx7aw4nusc,a2rjxibqk9d2yatzz2dx04nx0,D. Seck,Demba Seck,25.0,Attacker,Senegal,Striker,16.0,68.0,3.0,82.0,0.0,12.0,10.0,22.0,1.0,327.0,26.0,2.0,0.0,6.0,2.0,2.0,15.0,19.0,2.0,9.0,6.0,8.0,5.0,0.0,0.0,0.0,81.19,75.0,33.33,53.33,75.0,48.89,0.0,62.5,1.391606252317989,0.5372110674948061,7.0,20.0,0.5936721599999999,5.0,6.0,13.0,0.51443146,38.0,4.403669724770642,18.71559633027523,0.8256880733944955,22.568807339449545,0.0,3.302752293577982,2.752293577981652,6.055045871559633,0.2752293577981651,7.155963302752293,0.5504587155963303,0.0,1.651376146788991,0.5504587155963303,0.5504587155963303,4.128440366972477,5.229357798165138,0.5504587155963303,2.477064220183486,1.651376146788991,2.201834862385321,1.3761467889908257,0.0,0.0,0.0,81.19,75.0,33.33,53.33,75.0,48.89,0.0,62.5,0.3830108951333915,0.1478562571086622,1.926605504587156,5.504587155963303,0.1633960073394495,1.3761467889908257,1.651376146788991,3.5779816513761467,0.1415866403669724,10.458715596330276,RW,39,93,36,79,11,79,100,71,29,93,39,32,57,32,61,75,79,100,100,71,71,71,14,54,54,79,75,82,50,96,86,14,61,100,64,86,93,86,79,71,93,50,86,57,100,50,79,11,93,93,86,21,86,36,32,71,29,64,71,86,100,100,64,79,64,14,54,54,79,75,82,50,96,86,14,61,100,50,86,93,93,79,86,93,43,93,Serbian SuperLeague
Partizan,c0d1qca7kz0fi0ypx7aw4nusc,a7uy4gpcruteqevpmmgf8nd3o,M. Aleksić,Milan Aleksic,21.0,Attacker,Serbia,Striker,37.0,71.0,7.0,99.0,0.0,16.0,9.0,7.0,0.0,400.0,20.0,9.0,0.0,11.0,7.0,7.0,10.0,10.0,2.0,3.0,4.0,1.0,2.0,5.0,0.0,0.0,77.34,50.0,25.0,10.0,18.75,17.5,0.0,100.0,1.6442818075958765,0.8407770574244966,9.0,10.0,0.3167256499999999,3.0,11.0,14.0,0.2727353199999999,42.0,8.325,15.975,1.575,22.275,0.0,3.6,2.025,1.575,0.0,4.5,2.025,0.0,2.475,1.575,1.575,2.25,2.25,0.4499999999999999,0.6749999999999999,0.8999999999999999,0.2249999999999999,0.4499999999999999,1.125,0.0,0.0,77.34,50.0,25.0,10.0,18.75,17.5,0.0,100.0,0.3699634067090722,0.1891748379205117,2.025,2.25,0.0712632712499999,0.6749999999999999,2.475,3.15,0.0613654469999999,9.45,ST,78,81,93,78,5,78,69,3,5,59,95,34,92,84,97,68,57,76,43,20,26,42,85,50,51,86,58,74,20,19,3,5,91,73,86,99,74,78,47,81,86,59,84,92,95,95,92,5,84,62,3,5,62,97,34,95,97,95,70,65,81,43,14,24,34,86,50,51,86,58,74,20,19,3,5,91,76,95,100,88,86,57,97,95,54,86,Serbian SuperLeague
Partizan,c0d1qca7kz0fi0ypx7aw4nusc,baax58gbtxlbuj3duulpms4q1,I. Baba,Iddrisu Baba,30.0,Midfielder,Ghana,Midfielder,33.0,47.0,5.0,80.0,1.0,1.0,0.0,8.0,3.0,182.0,2.0,0.0,0.0,1.0,1.0,0.0,1.0,2.0,0.0,0.0,2.0,0.0,3.0,1.0,0.0,0.0,90.91,71.43,0.0,0.0,0.0,50.0,50.0,60.0,0.0628436751927967,0.0696881702722863,1.0,0.0,0.0,0.0,12.0,10.0,0.1737568599999999,44.0,16.318681318681318,23.24175824175824,2.4725274725274726,39.56043956043956,0.4945054945054945,0.4945054945054945,0.0,3.956043956043956,1.4835164835164836,0.989010989010989,0.0,0.0,0.4945054945054945,0.4945054945054945,0.0,0.4945054945054945,0.989010989010989,0.0,0.0,0.989010989010989,0.0,1.4835164835164836,0.4945054945054945,0.0,0.0,90.91,71.43,0.0,0.0,0.0,50.0,50.0,60.0,0.0310765426777566,0.03446118310168,0.4945054945054945,0.0,0.0,0.0,5.934065934065934,4.945054945054945,0.0859237219780219,21.75824175824176,DM/CM,7,26,20,11,6,7,15,4,17,37,24,41,22,17,20,7,17,41,19,9,9,15,7,52,52,100,100,24,9,19,37,37,33,19,26,28,11,11,19,52,35,22,30,56,81,48,70,7,22,15,22,56,74,24,41,48,41,20,22,48,41,19,26,9,69,22,52,52,100,100,24,9,19,37,37,33,33,48,56,11,11,19,85,81,63,85,Serbian SuperLeague
Partizan,c0d1qca7kz0fi0ypx7aw4nusc,d89e52u9ocshqj57lm8k9r40k,I. Miladinović,Igor Miladinovic,23.0,Midfielder,Serbia,Midfielder,31.0,89.0,4.0,120.0,1.0,4.0,2.0,14.0,1.0,251.0,6.0,0.0,1.0,9.0,2.0,0.0,14.0,14.0,1.0,2.0,4.0,7.0,1.0,3.0,0.0,0.0,84.51,50.0,0.0,50.0,50.0,53.85,50.0,50.0,0.3370331932209542,0.4926803536836443,2.0,8.0,0.18319419,3.0,26.0,21.0,0.5601795599999999,51.0,11.115537848605578,31.912350597609564,1.4342629482071714,43.02788844621514,0.3585657370517928,1.4342629482071714,0.7171314741035857,5.0199203187251,0.3585657370517928,2.1513944223107573,0.0,0.3585657370517928,3.227091633466136,0.7171314741035857,0.0,5.0199203187251,5.0199203187251,0.3585657370517928,0.7171314741035857,1.4342629482071714,2.50996015936255,0.3585657370517928,1.0756972111553786,0.0,0.0,84.51,50.0,0.0,50.0,50.0,53.85,50.0,50.0,0.1208485553381907,0.1766582941495139,0.7171314741035857,2.8685258964143427,0.0656871597609561,1.0756972111553786,9.322709163346614,7.52988047808765,0.2008611968127489,18.28685258964144,CM/AM,36,59,26,59,22,21,29,29,34,24,16,71,62,29,10,90,90,55,34,29,93,9,55,52,48,79,28,16,71,78,66,76,24,24,41,40,45,41,43,76,72,52,52,66,93,48,86,28,34,45,66,45,38,16,86,83,41,10,100,97,76,59,52,100,14,83,52,48,79,28,16,71,78,66,76,24,34,55,52,76,62,72,93,90,72,76,Serbian SuperLeague
Partizan,c0d1qca7kz0fi0ypx7aw4nusc,dmwbhii4pl75ibp3k49z3dskp,S. Milić,Stefan Milic,26.0,Defender,Montenegro,Defender,170.0,150.0,23.0,319.0,14.0,3.0,2.0,33.0,23.0,511.0,6.0,1.0,0.0,3.0,1.0,1.0,2.0,2.0,0.0,0.0,7.0,0.0,9.0,8.0,0.0,0.0,88.12,57.5,14.29,0.0,0.0,58.93,51.85,75.0,0.2966828003857195,0.1728726426866656,1.0,5.0,0.1211440499999999,6.0,29.0,44.0,0.8155144599999997,195.0,29.9412915851272,26.41878669275929,4.050880626223091,56.1839530332681,2.4657534246575343,0.5283757338551859,0.3522504892367906,5.812133072407045,4.050880626223091,1.0567514677103718,0.1761252446183953,0.0,0.5283757338551859,0.1761252446183953,0.1761252446183953,0.3522504892367906,0.3522504892367906,0.0,0.0,1.2328767123287672,0.0,1.5851272015655578,1.4090019569471623,0.0,0.0,88.12,57.5,14.29,0.0,0.0,58.93,51.85,75.0,0.0522533307920053,0.0304472364810174,0.1761252446183953,0.8806262230919765,0.021336525440313,1.0567514677103718,5.107632093933463,7.749510763209393,0.1436326837573385,34.34442270058708,CB,73,98,84,82,59,61,63,71,58,67,74,48,73,67,76,59,57,47,22,78,20,92,76,48,51,80,87,73,20,22,69,38,78,64,71,68,62,67,97,93,100,89,91,64,89,80,84,58,58,58,82,53,71,76,48,69,67,76,53,51,47,22,76,20,89,82,48,51,80,87,73,20,22,69,38,78,53,67,64,67,69,98,93,98,89,93,Serbian SuperLeague
Radnik Surdulica,c3uvbv6uzqxzqqqm7hw86885g,3dgcwh8662eltdb6cxyl0ox9m,M. Novaković,Martin Novakovic,25.0,Midfielder,Serbia,Midfielder,67.0,120.0,13.0,185.0,4.0,15.0,3.0,52.0,4.0,573.0,12.0,2.0,1.0,10.0,12.0,7.0,23.0,24.0,1.0,4.0,17.0,11.0,12.0,9.0,0.0,0.0,81.14,59.09,13.33,47.83,26.67,54.74,25.0,60.0,1.1625278553655418,0.7081492046908631,10.0,16.0,0.40857115,8.0,27.0,21.0,0.61764139,83.0,10.523560209424083,18.848167539267017,2.0418848167539267,29.05759162303665,0.6282722513089005,2.356020942408377,0.4712041884816754,8.167539267015707,0.6282722513089005,1.8848167539267016,0.3141361256544502,0.1570680628272251,1.5706806282722514,1.8848167539267016,1.099476439790576,3.612565445026178,3.769633507853404,0.1570680628272251,0.6282722513089005,2.6701570680628275,1.7277486910994766,1.8848167539267016,1.4136125654450262,0.0,0.0,81.14,59.09,13.33,47.83,26.67,54.74,25.0,60.0,0.1825959982249542,0.111227623773434,1.5706806282722514,2.513089005235602,0.0641734790575916,1.256544502617801,4.240837696335079,3.298429319371728,0.0970117366492146,13.036649214659686,CM/AM,72,74,79,72,62,79,50,100,67,59,53,71,69,93,95,98,95,55,66,100,100,100,98,52,48,62,52,38,59,38,69,31,52,79,52,97,83,79,93,79,72,66,72,59,55,69,59,59,59,31,97,59,24,45,69,28,83,86,90,90,41,45,93,93,100,93,52,48,62,52,38,59,38,69,31,52,55,31,86,59,55,90,66,45,38,52,Serbian SuperLeague
Radnik Surdulica,c3uvbv6uzqxzqqqm7hw86885g,3f991ppzv2ey9kihz2javfpjo,L. Jovanović,Luka Jovanović,18.0,Attacker,Serbia,Striker,17.0,39.0,2.0,54.0,4.0,12.0,5.0,23.0,4.0,456.0,11.0,2.0,0.0,1.0,7.0,6.0,9.0,11.0,1.0,3.0,8.0,5.0,4.0,3.0,0.0,0.0,68.35,25.0,20.0,55.56,25.0,54.76,40.0,66.67,0.852623481685317,0.0467567371029436,4.0,8.0,0.21837527,7.0,4.0,5.0,0.3437173699999999,23.0,3.355263157894737,7.697368421052632,0.3947368421052631,10.657894736842106,0.7894736842105263,2.368421052631579,0.986842105263158,4.539473684210527,0.7894736842105263,2.171052631578948,0.3947368421052631,0.0,0.1973684210526315,1.381578947368421,1.1842105263157896,1.7763157894736843,2.171052631578948,0.1973684210526315,0.5921052631578948,1.5789473684210529,0.986842105263158,0.7894736842105263,0.5921052631578948,0.0,0.0,68.35,25.0,20.0,55.56,25.0,54.76,40.0,66.67,0.1682809503326283,0.0092283033755809,0.7894736842105263,1.5789473684210529,0.0431003822368421,1.381578947368421,0.7894736842105263,0.986842105263158,0.0678389546052631,4.539473684210527,ST,46,45,47,43,30,59,30,42,55,15,73,34,4,84,91,58,66,53,43,51,74,62,69,50,51,35,18,64,76,36,86,35,53,41,8,58,64,54,96,57,47,68,57,22,38,38,19,22,46,24,27,51,8,68,34,3,84,92,54,62,51,38,46,68,62,62,50,51,35,18,64,76,36,86,35,53,27,11,54,57,54,95,41,38,59,49,Serbian SuperLeague
Radnik Surdulica,c3uvbv6uzqxzqqqm7hw86885g,3mzcysroikjypfhulye47logk,David Stojanović,David Stojanović,24.0,Defender,Serbia,Defender,160.0,112.0,27.0,272.0,14.0,3.0,1.0,36.0,49.0,720.0,2.0,0.0,1.0,2.0,2.0,0.0,0.0,0.0,0.0,1.0,10.0,0.0,9.0,13.0,1.0,0.0,80.24,40.91,0.0,0.0,33.33,62.07,60.87,69.23,0.2321430344272338,0.1217979925380119,2.0,10.0,0.19797079,2.0,31.0,35.0,0.5884325499999998,182.0,20.0,14.0,3.375,34.0,1.75,0.375,0.125,4.5,6.125,0.25,0.0,0.125,0.25,0.25,0.0,0.0,0.0,0.0,0.125,1.25,0.0,1.125,1.625,0.125,0.0,80.24,40.91,0.0,0.0,33.33,62.07,60.87,69.23,0.0290178793034042,0.0152247490672514,0.25,1.25,0.02474634875,0.25,3.875,4.375,0.0735540687499999,22.75,CB,69,87,93,73,59,61,40,81,89,32,36,98,58,86,32,14,14,47,66,92,20,92,97,98,51,29,47,36,20,66,76,60,71,53,51,87,92,89,66,96,93,71,87,38,57,67,42,44,41,29,42,89,16,36,99,44,76,32,14,14,47,50,78,20,80,87,96,51,29,47,36,20,66,76,60,71,42,49,78,84,76,58,84,82,53,71,Serbian SuperLeague
Radnik Surdulica,c3uvbv6uzqxzqqqm7hw86885g,3t7e7ns157heoz0jp9fbut1ck,Darko Stojanović,Darko Stojanovic,23.0,Midfielder,Serbia,Midfielder,15.0,50.0,4.0,63.0,1.0,10.0,2.0,11.0,1.0,313.0,4.0,2.0,0.0,6.0,8.0,2.0,7.0,8.0,1.0,3.0,2.0,4.0,2.0,0.0,0.0,0.0,70.79,44.44,15.38,57.14,30.0,34.38,20.0,50.0,0.7025839322065895,0.4251313075047993,6.0,7.0,0.16503219,6.0,5.0,7.0,0.30086231,33.0,4.313099041533547,14.37699680511182,1.1501597444089458,18.11501597444089,0.2875399361022364,2.8753993610223643,0.5750798722044729,3.1629392971246006,0.2875399361022364,1.1501597444089458,0.5750798722044729,0.0,1.7252396166134183,2.3003194888178915,0.5750798722044729,2.012779552715655,2.3003194888178915,0.2875399361022364,0.8626198083067093,0.5750798722044729,1.1501597444089458,0.5750798722044729,0.0,0.0,0.0,70.79,44.44,15.38,57.14,30.0,34.38,20.0,50.0,0.2020209389731407,0.1222422289949902,1.7252396166134183,2.012779552715655,0.0474533453674121,1.7252396166134183,1.437699680511182,2.012779552715655,0.0865099293929712,9.488817891373802,CM/AM,10,26,26,12,22,52,29,16,34,10,53,31,29,78,45,57,60,55,50,12,71,31,10,52,48,10,21,41,86,48,14,22,24,45,24,72,33,28,72,19,21,21,31,7,21,24,10,17,76,38,17,31,17,62,31,41,93,48,66,69,62,69,10,79,34,10,52,48,10,21,41,86,48,14,22,24,76,38,90,41,38,100,21,21,24,28,Serbian SuperLeague
Radnik Surdulica,c3uvbv6uzqxzqqqm7hw86885g,72yqcjf4p1i19cojhbaq1a5sl,A. Pejović,Aleksandar Pejovic,35.0,Midfielder,Serbia,Midfielder,72.0,104.0,20.0,168.0,4.0,5.0,1.0,23.0,5.0,331.0,3.0,8.0,1.0,13.0,4.0,0.0,8.0,8.0,1.0,2.0,5.0,7.0,5.0,4.0,0.0,0.0,76.02,48.78,36.36,87.5,40.0,71.88,80.0,71.43,0.2797201531163775,1.2143573650821902,2.0,9.0,0.17858558,4.0,25.0,27.0,1.2398535000000004,105.0,19.57703927492448,28.27794561933535,5.438066465256798,45.67975830815711,1.0876132930513596,1.3595166163141994,0.2719033232628399,6.253776435045317,1.3595166163141994,0.8157099697885197,2.175226586102719,0.2719033232628399,3.5347432024169185,1.0876132930513596,0.0,2.175226586102719,2.175226586102719,0.2719033232628399,0.5438066465256798,1.3595166163141994,1.9033232628398795,1.3595166163141994,1.0876132930513596,0.0,0.0,76.02,48.78,36.36,87.5,40.0,71.88,80.0,71.43,0.0760568392159334,0.3301878031945532,0.5438066465256798,2.447129909365559,0.0485580126888217,1.0876132930513596,6.797583081570997,7.341389728096677,0.3371202870090635,28.54984894259819,DM/CM,44,78,81,48,39,69,50,41,33,52,96,87,100,80,20,74,72,89,74,33,91,33,43,52,52,15,37,70,93,78,100,96,63,56,100,50,78,70,83,78,78,100,74,67,93,93,81,56,89,70,74,48,59,96,89,100,93,20,89,89,100,81,56,100,59,63,52,52,15,37,70,93,78,100,96,63,74,100,59,93,85,93,100,100,100,96,Serbian SuperLeague
Radnik Surdulica,c3uvbv6uzqxzqqqm7hw86885g,95uwy78evjir4tfime3ll7mdw,M. Popović,Milos Popovic,22.0,Midfielder,Serbia,Midfielder,105.0,120.0,17.0,225.0,6.0,10.0,1.0,25.0,7.0,660.0,3.0,0.0,0.0,5.0,9.0,1.0,3.0,3.0,0.0,3.0,9.0,0.0,6.0,6.0,0.0,0.0,81.82,53.12,0.0,0.0,30.0,48.08,40.0,60.0,0.6022210528074996,0.293945383799696,8.0,10.0,0.20007898,2.0,24.0,20.0,0.7903767099999999,103.0,14.318181818181818,16.363636363636363,2.3181818181818183,30.681818181818183,0.8181818181818182,1.3636363636363638,0.1363636363636363,3.409090909090909,0.9545454545454546,0.4090909090909091,0.0,0.0,0.6818181818181819,1.2272727272727273,0.1363636363636363,0.4090909090909091,0.4090909090909091,0.0,0.4090909090909091,1.2272727272727273,0.0,0.8181818181818182,0.8181818181818182,0.0,0.0,81.82,53.12,0.0,0.0,30.0,48.08,40.0,60.0,0.0821210526555681,0.0400834614272312,1.090909090909091,1.3636363636363638,0.0272834972727272,0.2727272727272727,3.272727272727273,2.7272727272727275,0.1077786422727272,14.045454545454549,DM/CM,65,85,74,81,61,96,50,50,46,52,24,41,70,96,57,30,28,41,87,70,9,43,69,52,52,59,44,24,9,56,30,22,33,89,70,100,87,74,56,74,63,85,69,41,56,44,52,33,93,33,11,26,33,24,41,59,96,44,15,11,41,70,41,9,15,33,52,52,59,44,24,9,56,30,22,33,78,59,96,59,56,48,63,44,74,56,Serbian SuperLeague
Radnik Surdulica,c3uvbv6uzqxzqqqm7hw86885g,a5ghf3t481f45w0ijc0aqwbv8,E. Quarshie,Emmanuel Quarshie Jr.,19.0,Attacker,Ghana,Striker,11.0,47.0,2.0,56.0,3.0,6.0,2.0,14.0,5.0,450.0,11.0,2.0,0.0,10.0,4.0,2.0,7.0,7.0,1.0,2.0,2.0,3.0,3.0,1.0,0.0,0.0,63.64,20.0,22.22,42.86,33.33,31.82,25.0,50.0,0.3694378321362775,0.887831310165954,3.0,12.0,0.32910827,6.0,3.0,8.0,0.6154431799999999,20.0,2.2,9.4,0.4,11.2,0.6,1.2,0.4,2.8,1.0,2.2,0.4,0.0,2.0,0.8,0.4,1.4,1.4,0.2,0.4,0.4,0.6,0.6,0.2,0.0,0.0,63.64,20.0,22.22,42.86,33.33,31.82,25.0,50.0,0.0738875664272555,0.1775662620331907,0.6,2.4,0.065821654,1.2,0.6,1.6,0.1230886359999999,4.0,RW,21,43,21,36,64,36,36,32,86,43,39,32,89,68,61,43,39,79,46,18,32,54,39,54,54,14,14,46,29,71,11,43,32,36,86,32,68,57,93,21,54,57,43,7,21,21,14,50,21,29,7,86,29,29,32,79,57,50,21,21,71,36,7,29,43,29,54,54,14,14,46,29,71,11,43,32,21,86,14,50,50,64,14,36,36,21,Serbian SuperLeague
Radnik Surdulica,c3uvbv6uzqxzqqqm7hw86885g,a647k0ga5ilpdku9rzyxi4tuc,Tijan,Tijan Sonha,25.0,Defender,Gambia,Defender,67.0,81.0,9.0,145.0,7.0,2.0,0.0,27.0,17.0,512.0,4.0,3.0,0.0,8.0,2.0,0.0,9.0,9.0,0.0,0.0,4.0,6.0,5.0,7.0,0.0,0.0,77.13,39.13,23.08,66.67,0.0,57.45,87.5,50.0,0.0791326111016077,0.5786389337596181,2.0,10.0,0.25677894,7.0,18.0,13.0,0.7452390299999997,93.0,11.77734375,14.23828125,1.58203125,25.48828125,1.23046875,0.3515625,0.0,4.74609375,2.98828125,0.703125,0.52734375,0.0,1.40625,0.3515625,0.0,1.58203125,1.58203125,0.0,0.0,0.703125,1.0546875,0.87890625,1.23046875,0.0,0.0,77.13,39.13,23.08,66.67,0.0,57.45,87.5,50.0,0.0139100292952044,0.1017138750749328,0.3515625,1.7578125,0.045136923046875,1.23046875,3.1640625,2.28515625,0.1309990482421874,16.34765625,LB/LCB,50,71,39,57,46,29,14,43,43,39,54,39,93,68,21,89,86,43,25,32,93,43,61,50,54,57,57,43,75,25,71,100,21,21,64,79,75,86,93,68,36,64,79,43,71,29,50,43,21,14,36,50,36,57,39,86,79,21,86,86,43,25,29,86,36,50,50,54,57,57,43,75,25,71,100,21,14,71,86,71,71,93,79,43,71,86,Serbian SuperLeague
Radnik Surdulica,c3uvbv6uzqxzqqqm7hw86885g,bivo0fd42te25n0onyqaprf2s,Đ. Jovanović,Đorđe Jovanović,25.0,Attacker,Serbia,Striker,23.0,51.0,3.0,72.0,8.0,12.0,9.0,22.0,11.0,361.0,17.0,2.0,1.0,7.0,3.0,4.0,5.0,5.0,0.0,3.0,7.0,0.0,4.0,3.0,0.0,0.0,75.0,75.0,20.0,0.0,25.0,44.9,57.14,57.14,0.8491439265407608,0.4002755931081125,3.0,15.0,0.3493695099999999,4.0,4.0,8.0,0.2844893699999999,32.0,5.734072022160665,12.714681440443211,0.7479224376731302,17.950138504155124,1.994459833795014,2.9916897506925206,2.2437673130193905,5.484764542936288,2.742382271468144,4.238227146814404,0.4986149584487535,0.2493074792243767,1.745152354570637,0.7479224376731302,0.997229916897507,1.2465373961218835,1.2465373961218835,0.0,0.7479224376731302,1.745152354570637,0.0,0.997229916897507,0.7479224376731302,0.0,0.0,75.0,75.0,20.0,0.0,25.0,44.9,57.14,57.14,0.2116979318245664,0.0997916991128258,0.7479224376731302,3.739612188365651,0.0871004318559556,0.997229916897507,0.997229916897507,1.994459833795014,0.070925327700831,7.977839335180056,ST,59,65,68,64,55,59,69,36,95,50,73,80,69,53,66,30,27,19,43,38,9,62,69,50,51,76,82,64,9,36,46,88,34,38,62,47,95,81,65,57,64,62,69,68,81,76,81,57,70,73,51,97,57,78,89,86,57,86,32,30,19,51,49,9,78,76,50,51,76,82,64,9,36,46,88,34,38,57,49,97,92,84,57,76,65,81,Serbian SuperLeague
Radnik Surdulica,c3uvbv6uzqxzqqqm7hw86885g,chm3ii1itbjlscretvkecwdwq,S. Abubakar,Sadick Abubakar,28.0,Defender,Ghana,Defender,163.0,66.0,18.0,229.0,23.0,2.0,1.0,47.0,55.0,720.0,3.0,0.0,1.0,3.0,1.0,0.0,4.0,4.0,0.0,0.0,6.0,1.0,16.0,11.0,0.0,0.0,78.69,30.51,0.0,25.0,0.0,58.02,67.65,94.12,0.1356354123291922,0.1491203447865415,1.0,5.0,0.11397619,2.0,7.0,9.0,0.27452271,110.0,20.375,8.25,2.25,28.625,2.875,0.25,0.125,5.875,6.875,0.375,0.0,0.125,0.375,0.125,0.0,0.5,0.5,0.0,0.0,0.75,0.125,2.0,1.375,0.0,0.0,78.69,30.51,0.0,25.0,0.0,58.02,67.65,94.12,0.016954426541149,0.0186400430983176,0.125,0.625,0.01424702375,0.25,0.875,1.125,0.03431533875,13.75,CB,71,50,72,58,92,40,40,99,98,43,36,98,73,67,32,83,81,47,22,71,57,100,90,48,51,24,18,36,44,22,64,73,91,36,62,68,62,60,66,41,39,38,58,40,18,51,31,77,26,29,84,96,31,36,99,56,57,32,67,64,47,22,56,46,96,80,48,51,24,18,36,44,22,64,73,91,24,51,56,43,49,58,27,29,22,44,Serbian SuperLeague
Radnik Surdulica,c3uvbv6uzqxzqqqm7hw86885g,eo99bjcr7q0eo1vcz4ib2xwtm,U. Lazić,Uros Lazic,23.0,Defender,Serbia,Defender,51.0,66.0,10.0,113.0,9.0,4.0,0.0,34.0,18.0,587.0,1.0,4.0,0.0,2.0,4.0,0.0,6.0,6.0,0.0,2.0,5.0,1.0,14.0,6.0,0.0,0.0,62.43,22.73,20.0,16.67,50.0,53.97,60.0,70.0,0.2378834159872913,0.1567775676786435,4.0,5.0,0.1366411,3.0,12.0,9.0,0.5931390999999997,55.0,7.819420783645656,10.11925042589438,1.5332197614991483,17.325383304940374,1.3798977853492334,0.6132879045996593,0.0,5.212947189097104,2.7597955706984667,0.1533219761499148,0.6132879045996593,0.0,0.3066439522998296,0.6132879045996593,0.0,0.919931856899489,0.919931856899489,0.0,0.3066439522998296,0.7666098807495741,0.1533219761499148,2.1465076660988074,0.919931856899489,0.0,0.0,62.43,22.73,20.0,16.67,50.0,53.97,60.0,70.0,0.0364727554324637,0.0240374464924666,0.6132879045996593,0.7666098807495741,0.0209500834752981,0.4599659284497445,1.839863713798978,1.3798977853492334,0.0909412589437819,8.432708688245315,CB,18,50,38,20,39,80,12,74,42,17,96,48,58,94,32,89,89,47,93,63,57,98,52,48,51,4,4,76,40,80,44,56,73,58,67,96,62,73,83,49,39,73,36,9,33,20,7,31,67,12,73,27,13,89,48,49,89,32,82,82,47,82,58,49,100,49,48,51,4,4,76,40,80,44,56,73,49,56,91,58,67,73,42,31,67,31,Serbian SuperLeague
Radnik Surdulica,c3uvbv6uzqxzqqqm7hw86885g,m19qp49tn84pb39f8kouze95,L. Zorić,Luka Zoric,28.0,Defender,Serbia,Defender,25.0,33.0,4.0,58.0,4.0,6.0,4.0,11.0,5.0,222.0,7.0,0.0,0.0,3.0,2.0,1.0,2.0,2.0,1.0,2.0,0.0,1.0,3.0,1.0,0.0,0.0,67.44,25.0,0.0,50.0,33.33,50.0,66.67,50.0,0.604584764611571,0.1777011997375299,1.0,1.0,0.01935132,0.0,5.0,7.0,0.18715196,33.0,10.135135135135137,13.378378378378375,1.6216216216216215,23.513513513513512,1.6216216216216215,2.4324324324324325,1.6216216216216215,4.45945945945946,2.0270270270270268,2.8378378378378377,0.0,0.0,1.2162162162162162,0.8108108108108107,0.4054054054054054,0.8108108108108107,0.8108108108108107,0.4054054054054054,0.8108108108108107,0.0,0.4054054054054054,1.2162162162162162,0.4054054054054054,0.0,0.0,67.44,25.0,0.0,50.0,33.33,50.0,66.67,50.0,0.2451019315992855,0.0720410269206202,0.4054054054054054,0.4054054054054054,0.0078451297297297,0.0,2.0270270270270268,2.8378378378378377,0.0758724162162162,13.378378378378375,CB,9,20,13,9,28,93,90,18,10,78,36,48,73,86,76,59,57,96,93,6,57,44,13,48,51,11,8,36,62,66,30,68,31,93,73,68,26,26,19,28,29,27,31,11,49,22,24,36,100,100,40,9,100,36,48,94,93,96,78,76,98,98,6,76,82,16,48,51,11,8,36,62,66,30,68,31,100,89,84,33,31,19,49,60,58,42,Serbian SuperLeague
Radnik Surdulica,c3uvbv6uzqxzqqqm7hw86885g,z3qgzbqn6di8wty7skg3cwh6,V. Bogdanović,Vukasin Bogdanovic,23.0,Attacker,Serbia,Striker,34.0,55.0,3.0,89.0,21.0,16.0,13.0,50.0,5.0,539.0,32.0,0.0,0.0,5.0,3.0,6.0,5.0,5.0,3.0,6.0,20.0,3.0,5.0,1.0,0.0,0.0,72.36,100.0,0.0,60.0,37.5,50.51,50.0,83.33,1.6209755192841422,0.3057270629490049,2.0,5.0,0.14986985,3.0,3.0,3.0,0.07537257,18.0,5.6771799628942485,9.183673469387754,0.5009276437847866,14.860853432282005,3.5064935064935066,2.6716141001855287,2.170686456400742,8.348794063079778,0.8348794063079777,5.343228200371057,0.0,0.0,0.8348794063079777,0.5009276437847866,1.0018552875695732,0.8348794063079777,0.8348794063079777,0.5009276437847866,1.0018552875695732,3.339517625231911,0.5009276437847866,0.8348794063079777,0.1669758812615955,0.0,0.0,72.36,100.0,0.0,60.0,37.5,50.51,50.0,83.33,0.2706638158359421,0.0510490457614293,0.3339517625231911,0.8348794063079777,0.0250246502782931,0.5009276437847866,0.5009276437847866,0.5009276437847866,0.0125854012987013,3.00556586270872,ST,73,70,68,76,95,78,81,93,66,91,27,34,53,53,91,30,27,89,81,95,50,73,45,50,51,65,93,27,88,72,68,70,72,70,38,32,41,43,47,41,35,14,42,65,54,49,59,86,57,70,92,57,76,27,34,30,51,89,22,22,86,73,92,38,68,43,50,51,65,93,27,88,72,68,70,72,62,19,24,27,27,43,24,22,14,16,Serbian SuperLeague
Radnički Kragujevac,3z0tiyynmxdyozfrpasdbpm0p,2wh8nza2u4px1l6cpyre87ka2,M. Cissé,Mohamed Cissé,25.0,Attacker,France,Striker,12.0,60.0,1.0,67.0,3.0,15.0,8.0,34.0,0.0,454.0,28.0,5.0,1.0,8.0,7.0,5.0,20.0,23.0,3.0,5.0,17.0,10.0,3.0,0.0,0.0,0.0,72.04,50.0,31.25,50.0,33.33,50.75,23.08,75.0,1.1079304648503108,0.9123720111307436,9.0,16.0,0.52845314,4.0,3.0,11.0,1.3498471000000003,32.0,2.378854625550661,11.894273127753303,0.198237885462555,13.28193832599119,0.5947136563876653,2.9735682819383262,1.5859030837004406,6.740088105726873,0.0,5.550660792951542,0.9911894273127754,0.198237885462555,1.5859030837004406,1.3876651982378856,0.9911894273127754,3.9647577092511015,4.559471365638767,0.5947136563876653,0.9911894273127754,3.3700440528634363,1.9823788546255507,0.5947136563876653,0.0,0.0,0.0,72.04,50.0,31.25,50.0,33.33,50.75,23.08,75.0,0.2196337925914713,0.1808666982417773,1.7841409691629957,3.1718061674008813,0.1047594330396475,0.7929515418502203,0.5947136563876653,2.1806167400881056,0.2675908348017621,6.343612334801763,ST,22,76,24,57,22,72,61,77,5,80,89,80,81,84,78,92,92,89,73,86,93,53,20,50,51,57,58,81,70,61,70,16,61,57,89,99,97,100,65,41,74,100,69,11,78,19,49,19,68,49,76,5,78,89,84,76,86,84,95,95,92,70,95,97,54,20,50,51,57,58,81,70,61,70,16,61,41,89,92,95,97,68,35,78,97,68,Serbian SuperLeague
Radnički Kragujevac,3z0tiyynmxdyozfrpasdbpm0p,5uddkhbb8dyilqjybrjuyzg2c,S. Alić,Semir Alic,22.0,Midfielder,Serbia,Midfielder,19.0,52.0,3.0,69.0,2.0,2.0,0.0,15.0,7.0,323.0,9.0,2.0,0.0,7.0,2.0,1.0,9.0,10.0,0.0,0.0,5.0,2.0,2.0,1.0,0.0,0.0,73.4,50.0,33.33,22.22,0.0,32.61,18.18,33.33,0.1053988463592526,0.4463084227601802,1.0,8.0,0.25987356,2.0,4.0,8.0,0.4652849599999999,35.0,5.294117647058823,14.489164086687309,0.8359133126934984,19.226006191950464,0.5572755417956656,0.5572755417956656,0.0,4.179566563467492,1.9504643962848296,2.5077399380804954,0.5572755417956656,0.0,1.9504643962848296,0.5572755417956656,0.2786377708978328,2.5077399380804954,2.786377708978328,0.0,0.0,1.393188854489164,0.5572755417956656,0.5572755417956656,0.2786377708978328,0.0,0.0,73.4,50.0,33.33,22.22,0.0,32.61,18.18,33.33,0.0293680996047453,0.1243583840508242,0.2786377708978328,2.2291021671826625,0.0724105894736842,0.5572755417956656,1.1145510835913313,2.2291021671826625,0.1296459640866872,9.752321981424148,CM/AM,24,33,12,28,41,7,3,36,88,41,53,31,40,29,26,71,72,16,7,41,41,31,26,52,48,17,28,76,22,7,10,17,12,3,34,22,45,59,29,14,26,34,34,12,24,14,14,45,3,3,45,97,55,55,31,52,34,24,76,76,16,7,48,52,31,21,52,48,17,28,76,22,7,10,17,12,3,41,21,52,76,24,10,28,55,34,Serbian SuperLeague
Radnički Kragujevac,3z0tiyynmxdyozfrpasdbpm0p,5ujf1qwekbimtowyzv3euju1h,M. Kuzmanović,Mico Kuzmanovic,30.0,Defender,Bosnia and Herzegovina,Defender,18.0,22.0,1.0,40.0,1.0,1.0,0.0,14.0,4.0,208.0,6.0,0.0,0.0,2.0,1.0,0.0,8.0,8.0,0.0,1.0,6.0,4.0,2.0,1.0,0.0,0.0,72.73,20.0,0.0,50.0,100.0,46.67,25.0,66.67,0.0444545682880961,0.1560537921394845,1.0,4.0,0.1061151599999999,2.0,2.0,0.0,0.08342759,10.0,7.788461538461539,9.51923076923077,0.4326923076923077,17.30769230769231,0.4326923076923077,0.4326923076923077,0.0,6.057692307692308,1.7307692307692308,2.5961538461538463,0.0,0.0,0.8653846153846154,0.4326923076923077,0.0,3.4615384615384617,3.4615384615384617,0.0,0.4326923076923077,2.5961538461538463,1.7307692307692308,0.8653846153846154,0.4326923076923077,0.0,0.0,72.73,20.0,0.0,50.0,100.0,46.67,25.0,66.67,0.0192351497400415,0.0675232754449692,0.4326923076923077,1.7307692307692308,0.0459152134615384,0.8653846153846154,0.8653846153846154,0.0,0.0360984764423076,4.3269230769230775,CB,4,7,2,4,7,23,12,28,4,67,36,48,58,67,32,93,93,47,66,71,93,30,13,48,51,18,2,36,62,97,22,10,63,24,64,68,51,53,66,24,11,20,20,7,24,2,4,9,47,12,87,7,93,36,48,87,80,32,98,98,47,93,98,98,60,18,48,51,18,2,36,62,97,22,10,63,33,87,87,89,96,93,24,11,24,22,Serbian SuperLeague
Radnički Kragujevac,3z0tiyynmxdyozfrpasdbpm0p,5uo1gs2j84w8c3mhj1uwy18t1,N. Glavčić,Nemanja Glavcic,29.0,Midfielder,Serbia,Midfielder,69.0,181.0,7.0,236.0,9.0,11.0,3.0,39.0,7.0,581.0,14.0,14.0,1.0,17.0,8.0,5.0,9.0,10.0,1.0,3.0,12.0,5.0,11.0,6.0,0.0,0.0,79.19,29.17,41.18,55.56,27.27,59.09,60.0,84.62,1.077224345077797,1.4901073754073393,5.0,18.0,0.4227528099999998,6.0,34.0,42.0,1.48791587,130.0,10.688468158347677,28.037865748709123,1.0843373493975903,36.55765920826162,1.3941480206540446,1.7039586919104992,0.4647160068846815,6.041308089500861,1.0843373493975903,2.1686746987951806,2.1686746987951806,0.1549053356282272,2.6333907056798624,1.2392426850258176,0.774526678141136,1.3941480206540446,1.549053356282272,0.1549053356282272,0.4647160068846815,1.8588640275387265,0.774526678141136,1.7039586919104992,0.9294320137693632,0.0,0.0,79.19,29.17,41.18,55.56,27.27,59.09,60.0,84.62,0.1668677987211733,0.2308255831095706,0.774526678141136,2.7882960413080893,0.0654866659208261,0.9294320137693632,5.266781411359725,6.506024096385542,0.2304861072289156,20.13769363166953,CM/AM,76,90,53,83,91,60,50,97,88,67,100,71,91,78,79,71,72,55,50,83,81,97,86,52,48,41,3,86,83,43,93,90,76,66,86,66,86,86,72,90,93,90,86,62,86,17,72,79,41,28,86,79,45,93,66,69,62,69,34,38,38,31,66,66,93,72,52,48,41,3,86,83,43,93,90,76,45,72,55,66,59,48,86,86,86,83,Serbian SuperLeague
Radnički Kragujevac,3z0tiyynmxdyozfrpasdbpm0p,6ovwfmtohoxhz56q962x2t149,B. Nikčević,Bojica Nikcevic,26.0,Defender,Montenegro,Defender,62.0,110.0,8.0,168.0,3.0,10.0,4.0,19.0,10.0,720.0,20.0,4.0,2.0,10.0,6.0,3.0,17.0,18.0,0.0,4.0,4.0,7.0,3.0,8.0,0.0,0.0,74.34,44.44,11.76,41.18,40.0,34.55,33.33,60.0,0.8434003109475667,1.1094488580262845,3.0,20.0,0.5271694299999998,4.0,23.0,25.0,1.9232745799999995,83.0,7.75,13.75,1.0,21.0,0.375,1.25,0.5,2.375,1.25,2.5,0.5,0.25,1.25,0.75,0.375,2.125,2.25,0.0,0.5,0.5,0.875,0.375,1.0,0.0,0.0,74.34,44.44,11.76,41.18,40.0,34.55,33.33,60.0,0.1054250388684458,0.1386811072532855,0.375,2.5,0.0658961787499999,0.5,2.875,3.125,0.2404093224999999,10.375,RM/RCM,67,100,58,83,50,100,83,50,58,100,67,83,83,100,100,100,100,50,100,50,100,42,100,58,58,67,83,33,83,75,50,67,33,100,83,67,83,83,67,100,100,100,100,50,83,50,83,50,67,67,17,50,67,42,83,67,67,83,83,67,50,67,17,100,17,83,58,58,67,83,33,83,75,50,67,33,67,50,33,83,67,67,83,83,83,83,Serbian SuperLeague
Radnički Kragujevac,3z0tiyynmxdyozfrpasdbpm0p,7hzwkvpglkqwz1g6ox2x2fg9g,U. Sremčević,Uros Sremcevic,20.0,Attacker,Serbia,Striker,20.0,42.0,0.0,62.0,17.0,16.0,16.0,34.0,10.0,485.0,34.0,0.0,0.0,5.0,0.0,5.0,7.0,7.0,2.0,4.0,10.0,4.0,2.0,0.0,0.0,0.0,62.63,0.0,0.0,57.14,25.0,53.12,54.84,66.67,2.088816176048668,0.3640864171834462,1.0,6.0,0.15092455,2.0,6.0,6.0,0.1922299199999999,22.0,3.711340206185567,7.793814432989691,0.0,11.505154639175258,3.154639175257732,2.9690721649484533,2.9690721649484533,6.309278350515464,1.855670103092784,6.309278350515464,0.0,0.0,0.9278350515463916,0.0,0.9278350515463916,1.2989690721649485,1.2989690721649485,0.3711340206185566,0.7422680412371133,1.855670103092784,0.7422680412371133,0.3711340206185566,0.0,0.0,0.0,62.63,0.0,0.0,57.14,25.0,53.12,54.84,66.67,0.3876153728750105,0.0675624279309487,0.1855670103092783,1.11340206185567,0.0280066175257731,0.3711340206185566,1.11340206185567,1.11340206185567,0.0356715315463917,4.082474226804123,ST,51,54,8,54,86,78,96,77,84,96,27,34,53,11,78,45,43,76,61,69,64,42,20,50,51,14,8,27,80,36,81,78,53,86,51,20,53,46,35,70,53,41,51,27,41,8,35,78,65,84,65,92,92,27,34,41,11,78,35,32,70,49,54,57,30,20,50,51,14,8,27,80,36,81,78,53,78,41,19,46,35,38,68,51,27,43,Serbian SuperLeague
Radnički Kragujevac,3z0tiyynmxdyozfrpasdbpm0p,9s6tngm50l92s35bu4zt1fv8p,A. Marušić,Aleksa Marusic,27.0,Attacker,Montenegro,Striker,12.0,21.0,0.0,33.0,3.0,6.0,5.0,8.0,1.0,191.0,11.0,0.0,0.0,2.0,1.0,0.0,6.0,7.0,0.0,1.0,3.0,2.0,0.0,0.0,0.0,0.0,80.49,0.0,0.0,33.33,16.67,36.36,42.86,0.0,0.6787504781666224,0.1602519002419935,0.0,2.0,0.0575652,0.0,1.0,2.0,0.02372869,7.0,5.654450261780105,9.895287958115183,0.0,15.549738219895287,1.4136125654450262,2.8272251308900525,2.356020942408377,3.769633507853403,0.4712041884816754,5.183246073298429,0.0,0.0,0.9424083769633508,0.4712041884816754,0.0,2.8272251308900525,3.298429319371728,0.0,0.4712041884816754,1.4136125654450262,0.9424083769633508,0.0,0.0,0.0,0.0,80.49,0.0,0.0,33.33,16.67,36.36,42.86,0.0,0.3198300682460524,0.0755113666061749,0.0,0.9424083769633508,0.0271249633507853,0.0,0.4712041884816754,0.9424083769633508,0.0111810581151832,3.298429319371728,ST,22,19,8,19,22,19,30,5,19,15,27,34,14,30,11,38,43,19,12,9,39,8,20,50,51,92,8,27,36,11,11,51,8,27,14,8,15,16,9,12,24,5,8,62,62,8,70,46,62,76,14,27,73,27,34,43,46,11,81,81,19,30,38,65,8,20,50,51,92,8,27,36,11,11,51,8,70,43,8,35,30,9,19,35,8,22,Serbian SuperLeague
Radnički Kragujevac,3z0tiyynmxdyozfrpasdbpm0p,bx9j7zlcib4gzax226s9ee5ed,S. Simović,Slobodan Simovic,37.0,Defender,Serbia,Defender,194.0,97.0,33.0,291.0,11.0,7.0,6.0,34.0,32.0,521.0,9.0,0.0,1.0,1.0,1.0,0.0,2.0,2.0,1.0,5.0,11.0,1.0,7.0,8.0,0.0,0.0,85.84,60.0,0.0,50.0,71.43,62.96,52.38,63.64,0.9012430679284668,0.1059870340007581,1.0,10.0,0.21289088,5.0,17.0,29.0,0.4292653699999999,143.0,33.51247600767754,16.75623800383877,5.700575815738964,50.26871401151632,1.9001919385796544,1.2092130518234163,1.0364683301343571,5.873320537428024,5.527831094049904,1.5547024952015356,0.0,0.1727447216890595,0.1727447216890595,0.1727447216890595,0.0,0.345489443378119,0.345489443378119,0.1727447216890595,0.8637236084452975,1.9001919385796544,0.1727447216890595,1.2092130518234163,1.381957773512476,0.0,0.0,85.84,60.0,0.0,50.0,71.43,62.96,52.38,63.64,0.1556849829434971,0.0183087006911098,0.1727447216890595,1.727447216890595,0.0367757758157389,0.8637236084452975,2.936660268714012,5.009596928982726,0.0741533268714011,24.70249520153551,DM/CM,100,67,100,96,85,87,100,72,96,96,24,87,22,17,20,19,17,89,98,83,22,59,81,52,52,81,69,24,43,85,78,48,46,100,37,28,87,81,91,63,87,56,93,100,59,96,89,85,78,100,70,96,93,24,85,22,15,20,11,7,89,96,74,19,48,81,52,52,81,69,24,43,85,78,48,46,96,33,30,74,74,85,52,85,44,93,Serbian SuperLeague
Radnički Kragujevac,3z0tiyynmxdyozfrpasdbpm0p,ccqxc13lyqta2wtrkd4qteane,J. Ilić,Jovan Ilic,26.0,Midfielder,Bosnia and Herzegovina,Midfielder,43.0,74.0,6.0,108.0,4.0,5.0,2.0,17.0,1.0,345.0,5.0,9.0,0.0,7.0,3.0,2.0,8.0,8.0,0.0,1.0,6.0,3.0,4.0,1.0,0.0,0.0,81.2,66.67,50.0,37.5,20.0,48.57,36.36,100.0,0.7762695772508688,0.8922132870990432,3.0,9.0,0.23394867,5.0,7.0,13.0,0.32101757,48.0,11.217391304347826,19.30434782608696,1.5652173913043477,28.17391304347825,1.0434782608695652,1.3043478260869563,0.5217391304347826,4.434782608695652,0.2608695652173913,1.3043478260869563,2.347826086956521,0.0,1.826086956521739,0.7826086956521738,0.5217391304347826,2.0869565217391304,2.0869565217391304,0.0,0.2608695652173913,1.5652173913043477,0.7826086956521738,1.0434782608695652,0.2608695652173913,0.0,0.0,81.2,66.67,50.0,37.5,20.0,48.57,36.36,100.0,0.2025051071089222,0.2327512922867069,0.7826086956521738,2.347826086956521,0.0610300878260869,1.3043478260869563,1.826086956521739,3.391304347826087,0.0837437139130434,12.52173913043478,DM/CM,19,52,26,30,39,69,83,24,6,69,100,41,81,61,85,74,72,41,50,50,52,24,7,52,52,54,91,87,26,43,33,19,96,96,93,74,78,89,91,28,48,52,37,19,67,26,37,52,81,93,30,7,85,100,41,93,78,93,85,85,41,63,63,67,33,11,52,52,54,91,87,26,43,33,19,96,100,96,85,89,96,96,37,59,56,37,Serbian SuperLeague
Radnički Kragujevac,3z0tiyynmxdyozfrpasdbpm0p,cqwjl27qlms7fxa3edgkvpr6d,A. Suljić,Asmir Suljic,35.0,Attacker,Bosnia and Herzegovina,Striker,19.0,45.0,2.0,64.0,1.0,1.0,1.0,5.0,5.0,186.0,10.0,0.0,0.0,2.0,0.0,0.0,3.0,3.0,0.0,1.0,1.0,0.0,2.0,2.0,0.0,0.0,82.05,50.0,0.0,0.0,100.0,35.71,33.33,66.67,0.0949070421953836,0.1003458023044298,0.0,11.0,0.37495435,3.0,5.0,9.0,0.2541184999999999,31.0,9.193548387096774,21.774193548387096,0.9677419354838708,30.96774193548387,0.4838709677419354,0.4838709677419354,0.4838709677419354,2.419354838709677,2.419354838709677,4.838709677419354,0.0,0.0,0.9677419354838708,0.0,0.0,1.4516129032258065,1.4516129032258065,0.0,0.4838709677419354,0.4838709677419354,0.0,0.9677419354838708,0.9677419354838708,0.0,0.0,82.05,50.0,0.0,0.0,100.0,35.71,33.33,66.67,0.0459227623526049,0.0485544204698853,0.0,5.32258064516129,0.1814295241935483,1.4516129032258065,2.419354838709677,4.354838709677419,0.1229605645161289,14.999999999999998,LW,29,29,29,29,29,14,14,14,57,29,14,36,14,14,21,14,14,29,21,14,14,29,57,57,57,86,57,14,14,100,29,57,43,14,14,14,29,29,43,29,36,14,29,100,100,57,100,43,14,14,14,100,71,14,36,29,14,21,14,14,29,29,14,14,57,86,57,57,86,57,14,14,100,29,57,43,14,14,14,100,100,86,86,86,57,100,Serbian SuperLeague
Radnički Kragujevac,3z0tiyynmxdyozfrpasdbpm0p,d681f54qps1fop6a5pvhkpbzd,M. Ristić,Milos Ristic,31.0,Midfielder,Serbia,Midfielder,82.0,94.0,7.0,173.0,10.0,7.0,1.0,25.0,12.0,464.0,6.0,3.0,0.0,3.0,6.0,2.0,1.0,2.0,0.0,1.0,2.0,0.0,8.0,6.0,0.0,0.0,81.22,35.0,37.5,0.0,14.29,56.82,66.67,61.54,0.5066331546307941,0.3453022203604924,4.0,5.0,0.09168675,2.0,12.0,12.0,0.5650465499999998,91.0,15.905172413793103,18.23275862068965,1.357758620689655,33.55603448275862,1.939655172413793,1.357758620689655,0.1939655172413793,4.849137931034482,2.327586206896552,1.1637931034482758,0.5818965517241379,0.0,0.5818965517241379,1.1637931034482758,0.3879310344827586,0.1939655172413793,0.3879310344827586,0.0,0.1939655172413793,0.3879310344827586,0.0,1.5517241379310345,1.1637931034482758,0.0,0.0,81.22,35.0,37.5,0.0,14.29,56.82,66.67,61.54,0.0982693618895936,0.0669767237768196,0.7758620689655172,0.9698275862068964,0.017784067887931,0.3879310344827586,2.327586206896552,2.327586206896552,0.1095995463362068,17.650862068965516,CB,24,68,27,47,44,98,40,58,34,67,89,48,73,98,93,38,57,47,66,28,20,86,52,48,51,33,29,91,20,44,58,68,47,87,87,96,62,51,66,49,48,69,49,22,73,18,40,47,96,42,64,18,76,87,48,73,98,93,36,53,47,67,20,20,87,67,48,51,33,29,91,20,44,58,68,47,91,84,96,71,60,69,58,44,80,51,Serbian SuperLeague
Radnički Kragujevac,3z0tiyynmxdyozfrpasdbpm0p,dkh1cmti3y1tvg3tuyuqb3omi,I. Bah,Issa Bah,24.0,Attacker,Luxembourg,Striker,11.0,21.0,2.0,32.0,2.0,8.0,7.0,11.0,5.0,206.0,21.0,0.0,0.0,2.0,1.0,0.0,10.0,11.0,2.0,6.0,3.0,1.0,4.0,3.0,0.0,0.0,71.11,66.67,0.0,10.0,75.0,30.56,20.0,80.0,0.7038596355535126,0.1794032233406237,3.0,5.0,0.22453301,2.0,1.0,0.0,0.17349113,14.0,4.805825242718447,9.1747572815534,0.8737864077669903,13.980582524271846,0.8737864077669903,3.4951456310679614,3.058252427184466,4.805825242718447,2.184466019417476,9.1747572815534,0.0,0.0,0.8737864077669903,0.4368932038834952,0.0,4.368932038834951,4.805825242718447,0.8737864077669903,2.621359223300971,1.3106796116504855,0.4368932038834952,1.7475728155339807,1.3106796116504855,0.0,0.0,71.11,66.67,0.0,10.0,75.0,30.56,20.0,80.0,0.3075114912612434,0.0783800490323113,1.3106796116504855,2.184466019417476,0.0980969461165048,0.8737864077669903,0.4368932038834952,0.0,0.0757970956310679,6.116504854368932,ST,15,19,47,16,14,30,51,14,66,65,27,34,14,30,11,68,66,76,81,9,26,62,69,50,51,51,74,27,20,100,5,14,68,30,19,47,41,59,35,12,3,35,28,51,51,86,54,24,81,89,38,95,97,27,34,34,41,11,100,100,97,97,27,35,97,92,50,51,51,74,27,20,100,5,14,68,68,46,89,84,95,76,14,3,70,65,Serbian SuperLeague
Radnički Kragujevac,3z0tiyynmxdyozfrpasdbpm0p,el3oddwdsic90982ksyqu1kwk,J. Živković,Jovan Zivkovic,20.0,Attacker,Austria,Striker,15.0,45.0,2.0,53.0,0.0,11.0,6.0,16.0,4.0,252.0,16.0,7.0,1.0,8.0,5.0,5.0,12.0,13.0,1.0,2.0,3.0,7.0,5.0,0.0,0.0,0.0,80.3,66.67,46.67,58.33,18.18,50.0,0.0,83.33,1.1794904228609462,1.0075236901960718,5.0,13.0,0.48158747,7.0,2.0,10.0,1.0361675,30.0,5.357142857142858,16.071428571428573,0.7142857142857143,18.92857142857143,0.0,3.928571428571429,2.142857142857143,5.714285714285714,1.4285714285714286,5.714285714285714,2.5,0.3571428571428571,2.857142857142857,1.7857142857142858,1.7857142857142858,4.285714285714286,4.642857142857143,0.3571428571428571,0.7142857142857143,1.0714285714285714,2.5,1.7857142857142858,0.0,0.0,0.0,80.3,66.67,46.67,58.33,18.18,50.0,0.0,83.33,0.4212465795931951,0.3598298893557399,1.7857142857142858,4.642857142857143,0.171995525,2.5,0.7142857142857143,3.571428571428572,0.3700598214285714,10.714285714285715,ST,36,62,47,41,5,51,41,23,55,43,92,80,81,68,78,77,77,53,27,9,82,73,20,50,51,89,74,92,84,16,64,5,72,59,92,65,88,95,96,24,70,92,65,59,97,73,84,5,86,68,57,78,84,100,92,97,100,97,97,97,68,46,22,100,100,20,50,51,89,74,92,84,16,64,5,72,89,100,95,100,100,100,38,97,100,95,Serbian SuperLeague
Radnički Kragujevac,3z0tiyynmxdyozfrpasdbpm0p,ew74ruh9073colibnzr6qteui,H. Hilo,Hassan Hilo,26.0,Defender,Israel,Defender,85.0,38.0,24.0,123.0,3.0,1.0,1.0,13.0,15.0,254.0,1.0,0.0,0.0,0.0,0.0,0.0,0.0,0.0,0.0,0.0,3.0,0.0,3.0,3.0,0.0,0.0,78.34,48.98,0.0,0.0,0.0,48.15,37.5,42.86,0.0,0.0,0.0,0.0,0.0,0.0,0.0,0.0,0.0,0.0,30.11811023622047,13.464566929133856,8.503937007874015,43.582677165354326,1.062992125984252,0.3543307086614173,0.3543307086614173,4.606299212598425,5.314960629921259,0.3543307086614173,0.0,0.0,0.0,0.0,0.0,0.0,0.0,0.0,0.0,1.062992125984252,0.0,1.062992125984252,1.062992125984252,0.0,0.0,78.34,48.98,0.0,0.0,0.0,48.15,37.5,42.86,0.0,0.0,0.0,0.0,0.0,0.0,0.0,0.0,0.0,0.0,CB,27,24,88,24,22,23,40,23,38,17,36,48,14,27,32,14,14,47,22,44,20,44,39,48,51,22,69,36,20,22,27,22,22,12,19,28,11,11,19,10,11,10,10,71,53,100,62,24,38,60,49,71,29,36,48,14,27,32,14,14,47,22,69,20,76,60,48,51,22,69,36,20,22,27,22,22,12,19,28,11,11,19,10,11,10,10,Serbian SuperLeague
Radnički Kragujevac,3z0tiyynmxdyozfrpasdbpm0p,iax337lluzn7aprfcrzm9b3e,I. Babić,Ilija Babic,24.0,Attacker,Serbia,Striker,58.0,82.0,6.0,136.0,6.0,4.0,2.0,30.0,23.0,560.0,14.0,4.0,1.0,8.0,2.0,0.0,12.0,13.0,0.0,1.0,11.0,2.0,7.0,3.0,0.0,0.0,76.4,33.33,22.22,16.67,25.0,41.67,40.0,63.64,0.2717808596890508,0.8099052338531902,1.0,13.0,0.30919663,5.0,15.0,15.0,1.04543351,60.0,9.321428571428571,13.178571428571429,0.9642857142857144,21.857142857142858,0.9642857142857144,0.6428571428571428,0.3214285714285714,4.821428571428571,3.696428571428571,2.25,0.6428571428571428,0.1607142857142857,1.2857142857142856,0.3214285714285714,0.0,1.9285714285714288,2.0892857142857144,0.0,0.1607142857142857,1.7678571428571428,0.3214285714285714,1.125,0.4821428571428571,0.0,0.0,76.4,33.33,22.22,16.67,25.0,41.67,40.0,63.64,0.0436790667357403,0.130163341154977,0.1607142857142857,2.0892857142857144,0.0496923155357142,0.8035714285714286,2.4107142857142856,2.4107142857142856,0.1680160998214285,9.642857142857142,ST,97,89,89,91,43,11,5,59,100,36,86,80,81,43,11,77,77,19,12,77,39,89,69,50,51,78,31,68,27,36,35,35,45,8,84,20,88,76,81,93,92,95,89,97,86,89,89,30,5,3,41,100,11,86,76,62,35,11,62,59,19,5,51,30,84,59,50,51,78,31,68,27,36,35,35,45,5,81,16,81,62,73,95,89,95,89,Serbian SuperLeague
Radnički Kragujevac,3z0tiyynmxdyozfrpasdbpm0p,jwccqs25f4zoquejjyq7m904,N. Marjanović,Nikola Marjanovic,28.0,Defender,Serbia,Defender,210.0,109.0,13.0,318.0,27.0,5.0,5.0,47.0,39.0,610.0,9.0,1.0,0.0,4.0,0.0,1.0,3.0,3.0,0.0,1.0,10.0,3.0,5.0,14.0,1.0,0.0,83.46,34.21,100.0,100.0,20.0,56.63,58.7,71.43,0.6867974100129468,0.1996497184443061,1.0,11.0,0.22799034,7.0,18.0,21.0,0.4167249499999997,133.0,30.98360655737705,16.081967213114755,1.918032786885246,46.91803278688525,3.9836065573770494,0.7377049180327869,0.7377049180327869,6.934426229508197,5.754098360655738,1.3278688524590163,0.1475409836065573,0.0,0.5901639344262295,0.0,0.1475409836065573,0.4426229508196721,0.4426229508196721,0.0,0.1475409836065573,1.475409836065574,0.4426229508196721,0.7377049180327869,2.065573770491804,0.1475409836065573,0.0,83.46,34.21,100.0,100.0,20.0,56.63,58.7,71.43,0.1013307654117462,0.0294565158360451,0.1475409836065573,1.6229508196721312,0.0336379190163934,1.0327868852459017,2.6557377049180326,3.098360655737705,0.0614840090163934,19.62295081967213,CB,82,84,51,80,100,88,96,99,82,93,74,48,84,27,76,74,73,47,66,92,89,68,100,98,51,58,27,99,90,50,56,49,76,96,76,68,97,91,100,74,76,53,69,76,62,36,69,96,78,89,100,82,80,73,48,76,27,67,62,62,47,53,84,80,56,96,98,51,58,27,99,90,50,56,49,76,93,64,58,87,89,96,67,67,47,58,Serbian SuperLeague
Radnički Kragujevac,3z0tiyynmxdyozfrpasdbpm0p,ljyd3iwjdqq10b8zd1ex591w,V. Tomić,Vanja Tomic,21.0,Midfielder,Serbia,Midfielder,45.0,41.0,7.0,86.0,6.0,0.0,0.0,12.0,11.0,195.0,1.0,0.0,0.0,0.0,0.0,0.0,1.0,1.0,0.0,0.0,1.0,1.0,1.0,4.0,0.0,0.0,83.5,53.85,0.0,100.0,0.0,63.16,75.0,25.0,0.0,0.0,0.0,0.0,0.0,0.0,0.0,0.0,0.0,0.0,20.76923076923077,18.923076923076923,3.230769230769231,39.69230769230769,2.7692307692307696,0.0,0.0,5.538461538461539,5.0769230769230775,0.4615384615384615,0.0,0.0,0.0,0.0,0.0,0.4615384615384615,0.4615384615384615,0.0,0.0,0.4615384615384615,0.4615384615384615,0.4615384615384615,1.8461538461538465,0.0,0.0,83.5,53.85,0.0,100.0,0.0,63.16,75.0,25.0,0.0,0.0,0.0,0.0,0.0,0.0,0.0,0.0,0.0,0.0,DM/CM,24,15,30,19,61,4,15,11,78,20,24,41,7,6,20,7,6,41,19,4,22,6,43,52,52,74,50,24,98,19,81,85,4,9,11,11,11,11,19,9,9,9,9,70,63,78,74,96,4,15,63,93,37,24,41,7,6,20,19,19,41,19,11,30,11,93,52,52,74,50,24,98,19,81,85,4,9,11,11,11,11,19,9,9,9,9,Serbian SuperLeague
Radnički Niš,7p4uh0u9hdw8yf80y786lh1sa,1hdf5mit5sn8g9vguj2grq3u1,M. Spasić,Milos Spasic,29.0,Attacker,Serbia,Striker,20.0,56.0,4.0,76.0,14.0,11.0,4.0,33.0,3.0,467.0,12.0,0.0,2.0,9.0,7.0,3.0,7.0,7.0,0.0,1.0,5.0,4.0,6.0,4.0,0.0,0.0,72.38,66.67,0.0,57.14,9.09,51.56,50.0,60.0,0.908212674330512,0.63624916383685,6.0,5.0,0.14133561,3.0,12.0,12.0,0.4262094899999999,36.0,3.854389721627409,10.792291220556743,0.7708779443254817,14.646680942184153,2.6980728051391862,2.119914346895075,0.7708779443254817,6.359743040685225,0.5781584582441113,2.312633832976445,0.0,0.3854389721627408,1.734475374732334,1.3490364025695931,0.5781584582441113,1.3490364025695931,1.3490364025695931,0.0,0.1927194860813704,0.9635974304068522,0.7708779443254817,1.1563169164882223,0.7708779443254817,0.0,0.0,72.38,66.67,0.0,57.14,9.09,51.56,50.0,60.0,0.1750302798495633,0.1226176118743394,1.1563169164882223,0.9635974304068522,0.027238126124197,0.5781584582441113,2.312633832976445,2.312633832976445,0.0821388738758029,6.937901498929336,ST,51,73,78,68,73,51,18,72,46,23,27,97,89,84,59,45,43,19,12,27,64,80,80,50,51,68,74,27,80,5,76,70,38,49,78,76,41,38,47,85,80,78,76,30,70,78,57,70,38,16,68,35,14,27,95,81,78,59,38,38,19,8,16,59,86,78,50,51,68,74,27,80,5,76,70,38,30,78,84,41,32,49,89,86,73,73,Serbian SuperLeague
Radnički Niš,7p4uh0u9hdw8yf80y786lh1sa,24t5tc4udc408spgvown23wno,L. Izderić,Luka Izderic,20.0,Midfielder,Austria,Midfielder,34.0,96.0,7.0,130.0,6.0,6.0,5.0,28.0,4.0,536.0,24.0,0.0,0.0,4.0,1.0,2.0,9.0,10.0,1.0,4.0,10.0,2.0,4.0,3.0,0.0,0.0,80.75,58.33,0.0,22.22,66.67,41.18,31.58,40.0,0.5569368562143796,0.2745041929403459,2.0,15.0,0.44843918,5.0,9.0,13.0,0.29210415,49.0,5.708955223880597,16.119402985074625,1.1753731343283582,21.828358208955223,1.007462686567164,1.007462686567164,0.8395522388059701,4.701492537313433,0.6716417910447761,4.029850746268656,0.0,0.0,0.6716417910447761,0.167910447761194,0.335820895522388,1.5111940298507462,1.67910447761194,0.167910447761194,0.6716417910447761,1.67910447761194,0.335820895522388,0.6716417910447761,0.503731343283582,0.0,0.0,80.75,58.33,0.0,22.22,66.67,41.18,31.58,40.0,0.0935155169016682,0.0460921219489386,0.335820895522388,2.5186567164179103,0.0752976235074626,0.8395522388059701,1.5111940298507462,2.1828358208955225,0.0490473386194029,8.227611940298507,CM/AM,50,62,53,62,79,34,60,76,67,93,16,31,12,14,45,71,72,55,66,72,41,66,55,52,48,55,48,16,22,97,31,38,17,41,14,40,79,93,60,33,41,17,48,21,34,28,38,72,17,55,59,66,79,16,31,10,7,31,48,52,48,55,59,34,48,45,52,48,55,48,16,22,97,31,38,17,28,7,31,62,79,45,24,24,14,21,Serbian SuperLeague
Radnički Niš,7p4uh0u9hdw8yf80y786lh1sa,24xqocnxjawcekxp2k5030ovd,S. Veličković,Stefan Velickovic,27.0,Defender,Serbia,Defender,16.0,25.0,3.0,39.0,3.0,3.0,2.0,11.0,5.0,201.0,6.0,2.0,0.0,0.0,1.0,0.0,3.0,3.0,0.0,2.0,4.0,1.0,2.0,2.0,0.0,0.0,68.42,30.0,13.33,33.33,66.67,55.0,50.0,66.67,0.0,0.0,0.0,0.0,0.0,0.0,0.0,0.0,0.0,0.0,7.164179104477612,11.194029850746269,1.343283582089552,17.46268656716418,1.343283582089552,1.343283582089552,0.8955223880597015,4.925373134328358,2.238805970149253,2.686567164179104,0.8955223880597015,0.0,0.0,0.4477611940298507,0.0,1.343283582089552,1.343283582089552,0.0,0.8955223880597015,1.791044776119403,0.4477611940298507,0.8955223880597015,0.8955223880597015,0.0,0.0,68.42,30.0,13.33,33.33,66.67,55.0,50.0,66.67,0.0,0.0,0.0,0.0,0.0,0.0,0.0,0.0,0.0,0.0,CB,2,9,4,2,22,61,63,18,10,67,82,48,14,67,32,74,73,47,93,56,57,30,27,48,51,13,16,71,49,89,49,34,63,12,19,28,11,11,19,10,11,10,10,4,40,16,9,29,93,96,67,16,96,96,48,14,82,32,93,93,47,100,87,84,64,44,48,51,13,16,71,49,89,49,34,63,12,19,28,11,11,19,10,11,10,10,Serbian SuperLeague
Radnički Niš,7p4uh0u9hdw8yf80y786lh1sa,2bccxvhi5i4j9z98ku0rrccq2,D. Krajišnik,Damjan Krajišnik,29.0,Midfielder,Bosnia and Herzegovina,Midfielder,29.0,64.0,12.0,86.0,4.0,5.0,2.0,12.0,4.0,215.0,5.0,7.0,0.0,7.0,3.0,4.0,4.0,4.0,0.0,1.0,6.0,0.0,2.0,4.0,0.0,0.0,74.14,50.0,33.33,0.0,20.0,36.36,40.0,100.0,0.3881178175978819,0.7980382209471438,1.0,9.0,0.2543395999999998,2.0,12.0,19.0,0.5177664,48.0,12.13953488372093,26.79069767441861,5.023255813953488,36.0,1.6744186046511629,2.0930232558139537,0.8372093023255814,5.023255813953488,1.6744186046511629,2.0930232558139537,2.9302325581395348,0.0,2.9302325581395348,1.255813953488372,1.6744186046511629,1.6744186046511629,1.6744186046511629,0.0,0.4186046511627907,2.511627906976744,0.0,0.8372093023255814,1.6744186046511629,0.0,0.0,74.14,50.0,33.33,0.0,20.0,36.36,40.0,100.0,0.1624679236456249,0.3340625110941532,0.4186046511627907,3.767441860465116,0.1064677395348836,0.8372093023255814,5.023255813953488,7.953488372093023,0.2167394232558139,20.09302325581396,CM/AM,31,45,72,41,62,29,29,22,67,16,83,31,40,43,67,28,24,16,21,50,9,31,72,52,48,21,28,76,9,24,21,62,91,31,66,22,53,52,29,53,59,48,45,69,83,90,69,86,55,52,69,93,34,100,31,76,66,97,55,48,16,24,86,9,59,100,52,48,21,28,76,9,24,21,62,91,38,90,38,90,90,41,79,93,76,79,Serbian SuperLeague
Radnički Niš,7p4uh0u9hdw8yf80y786lh1sa,2hb3pg41kkgklmwy461s3el90,Đ. Petrović,Đorđe Petrović,20.0,Defender,Serbia,Defender,19.0,23.0,4.0,42.0,2.0,0.0,0.0,9.0,4.0,212.0,2.0,0.0,1.0,2.0,0.0,0.0,0.0,0.0,0.0,0.0,1.0,0.0,2.0,1.0,0.0,0.0,71.19,36.36,0.0,0.0,0.0,42.86,40.0,33.33,0.0,0.163389994296244,0.0,5.0,0.12475737,1.0,2.0,3.0,0.13112042,15.0,8.066037735849056,9.764150943396226,1.6981132075471697,17.830188679245282,0.8490566037735848,0.0,0.0,3.820754716981132,1.6981132075471697,0.8490566037735848,0.0,0.4245283018867924,0.8490566037735848,0.0,0.0,0.0,0.0,0.0,0.0,0.4245283018867924,0.0,0.8490566037735848,0.4245283018867924,0.0,0.0,71.19,36.36,0.0,0.0,0.0,42.86,40.0,33.33,0.0,0.0693636768238771,0.0,2.1226415094339623,0.0529630344339622,0.4245283018867924,0.8490566037735848,1.2735849056603774,0.055664329245283,6.367924528301887,RB/RCB,17,8,21,8,25,21,33,8,12,54,17,92,25,33,33,8,8,54,46,12,17,29,12,50,54,17,42,17,17,46,33,50,21,21,42,29,67,75,25,25,25,25,17,33,33,42,25,42,21,33,33,21,75,17,100,75,33,33,8,8,54,46,17,17,50,17,50,54,17,42,17,17,46,33,50,21,21,67,29,92,83,42,33,33,33,25,Serbian SuperLeague
Radnički Niš,7p4uh0u9hdw8yf80y786lh1sa,37zmr7fi9ri66vro3b3dslhx,I. Ivanović,Igor Ivanovic,29.0,Attacker,Serbia,Striker,21.0,51.0,7.0,69.0,4.0,4.0,1.0,15.0,1.0,260.0,8.0,3.0,0.0,6.0,3.0,0.0,10.0,11.0,0.0,3.0,5.0,6.0,0.0,0.0,0.0,0.0,79.31,77.78,30.0,60.0,75.0,46.88,44.44,0.0,0.2616104904721332,0.4922898380560112,3.0,12.0,0.33722686,5.0,9.0,15.0,0.7793809300000001,29.0,7.269230769230769,17.653846153846153,2.423076923076923,23.884615384615383,1.3846153846153846,1.3846153846153846,0.3461538461538461,5.1923076923076925,0.3461538461538461,2.769230769230769,1.0384615384615383,0.0,2.076923076923077,1.0384615384615383,0.0,3.4615384615384617,3.807692307692308,0.0,1.0384615384615383,1.7307692307692308,2.076923076923077,0.0,0.0,0.0,0.0,79.31,77.78,30.0,60.0,75.0,46.88,44.44,0.0,0.090557477471123,0.1704080208655423,1.0384615384615383,4.153846153846154,0.1167323746153846,1.7307692307692308,3.1153846153846154,5.1923076923076925,0.2697857065384615,10.038461538461538,RW,71,57,86,50,86,21,18,50,29,36,64,32,57,54,14,57,57,32,64,54,54,11,14,54,54,64,86,71,68,96,64,86,11,21,50,32,68,64,79,89,100,71,64,79,93,93,93,93,36,21,57,36,36,86,32,86,71,14,64,64,32,79,71,64,11,14,54,54,64,86,71,68,96,64,86,11,29,79,50,86,64,100,100,100,100,79,Serbian SuperLeague
Radnički Niš,7p4uh0u9hdw8yf80y786lh1sa,3js0c8h0w4wdwhfpz6ch0jpx,U. Vitas,Uros Vitas,34.0,Defender,Serbia,Defender,155.0,94.0,19.0,249.0,19.0,4.0,4.0,24.0,21.0,418.0,6.0,0.0,0.0,0.0,0.0,1.0,2.0,2.0,0.0,0.0,2.0,0.0,0.0,7.0,0.0,0.0,84.12,48.72,0.0,0.0,0.0,58.54,63.33,0.0,0.5569898150062882,0.0,1.0,5.0,0.1099367,4.0,14.0,14.0,0.3466806999999999,131.0,33.37320574162679,20.239234449760765,4.090909090909091,53.61244019138756,4.090909090909091,0.8612440191387559,0.8612440191387559,5.167464114832535,4.521531100478469,1.2918660287081338,0.0,0.0,0.0,0.0,0.2153110047846889,0.4306220095693779,0.4306220095693779,0.0,0.0,0.4306220095693779,0.0,0.0,1.507177033492823,0.0,0.0,84.12,48.72,0.0,0.0,0.0,58.54,63.33,0.0,0.1199260367238419,0.0,0.2153110047846889,1.076555023923445,0.0236705813397129,0.8612440191387559,3.014354066985646,3.014354066985646,0.0746441698564593,28.205741626794257,CB,67,68,76,71,84,80,90,56,51,67,36,48,14,27,76,59,57,47,22,28,20,6,64,48,51,60,67,36,20,22,67,62,6,89,19,68,62,58,91,61,51,47,64,82,80,82,80,98,82,93,71,60,78,36,48,14,27,78,60,60,47,22,24,20,6,84,48,51,60,67,36,20,22,67,62,6,96,19,69,76,73,91,76,64,56,82,Serbian SuperLeague
Radnički Niš,7p4uh0u9hdw8yf80y786lh1sa,47z2phkn1i9z8p32zqlu53j6x,I. Abass,Issah Abass,27.0,Attacker,Ghana,Striker,37.0,106.0,13.0,139.0,3.0,13.0,6.0,34.0,4.0,505.0,36.0,4.0,0.0,13.0,7.0,0.0,17.0,19.0,1.0,7.0,15.0,7.0,7.0,6.0,0.0,0.0,72.4,50.0,18.18,41.18,53.85,45.95,50.0,77.78,1.3439357452134724,1.2340468764297587,4.0,23.0,0.7217333,7.0,17.0,29.0,1.5400249700000004,68.0,6.594059405940595,18.891089108910894,2.316831683168317,24.77227722772277,0.5346534653465347,2.316831683168317,1.0693069306930694,6.05940594059406,0.712871287128713,6.415841584158416,0.712871287128713,0.0,2.316831683168317,1.2475247524752475,0.0,3.0297029702970297,3.3861386138613865,0.1782178217821782,1.2475247524752475,2.6732673267326734,1.2475247524752475,1.2475247524752475,1.0693069306930694,0.0,0.0,72.4,50.0,18.18,41.18,53.85,45.95,50.0,77.78,0.2395133011271535,0.2199291462944124,0.712871287128713,4.099009900990099,0.1286257366336634,1.2475247524752475,3.0297029702970297,5.1683168316831685,0.2744598956435644,12.11881188118812,LW,64,100,86,100,57,43,43,57,29,86,64,36,86,64,21,57,57,64,79,100,71,71,86,57,57,57,57,29,43,86,43,93,57,71,86,43,86,86,86,100,100,100,100,71,86,100,86,57,71,29,71,43,100,57,36,86,71,21,71,71,71,86,100,57,71,100,57,57,57,57,29,43,86,43,93,57,71,86,29,71,71,57,100,100,100,86,Serbian SuperLeague
Radnički Niš,7p4uh0u9hdw8yf80y786lh1sa,5sobeblelb6fl7aafw833iwwk,N. Zečević,Nikola Zecevic,22.0,Defender,Serbia,Defender,104.0,56.0,15.0,160.0,10.0,1.0,1.0,21.0,20.0,360.0,2.0,0.0,0.0,1.0,0.0,0.0,0.0,0.0,0.0,0.0,1.0,0.0,3.0,7.0,0.0,0.0,83.33,45.45,0.0,0.0,0.0,53.85,55.56,30.0,0.1081329907659476,0.0417606697438996,0.0,1.0,0.01935132,2.0,14.0,16.0,0.3342954499999999,98.0,26.0,14.0,3.75,40.0,2.5,0.25,0.25,5.25,5.0,0.5,0.0,0.0,0.25,0.0,0.0,0.0,0.0,0.0,0.0,0.25,0.0,0.75,1.75,0.0,0.0,83.33,45.45,0.0,0.0,0.0,53.85,55.56,30.0,0.0270332476914869,0.0104401674359749,0.0,0.25,0.00483783,0.5,3.5,4.0,0.0835738624999999,24.5,CB,44,40,57,40,44,23,40,46,46,32,36,48,39,27,32,14,14,47,22,13,20,44,64,48,51,54,58,36,20,22,41,46,16,27,40,28,26,26,66,61,56,40,52,44,57,78,51,61,26,49,78,62,41,36,48,44,27,32,14,14,47,22,14,20,58,89,48,51,54,58,36,20,22,41,46,16,38,47,28,26,26,78,82,77,62,78,Serbian SuperLeague
Radnički Niš,7p4uh0u9hdw8yf80y786lh1sa,5t6orbh2x1qgn87z8oygao79x,M. Mijailović,Marko Mijailovic,29.0,Defender,Serbia,Defender,23.0,58.0,6.0,78.0,8.0,3.0,0.0,16.0,5.0,265.0,5.0,3.0,0.0,3.0,3.0,1.0,6.0,6.0,0.0,0.0,3.0,2.0,1.0,4.0,1.0,0.0,78.79,40.0,15.79,33.33,0.0,55.17,66.67,33.33,0.182623536225887,0.2668359594790158,2.0,8.0,0.22296833,5.0,9.0,13.0,0.60956365,36.0,7.811320754716981,19.69811320754717,2.037735849056604,26.49056603773585,2.7169811320754715,1.018867924528302,0.0,5.433962264150943,1.6981132075471697,1.6981132075471697,1.018867924528302,0.0,1.018867924528302,1.018867924528302,0.3396226415094339,2.037735849056604,2.037735849056604,0.0,0.0,1.018867924528302,0.6792452830188679,0.3396226415094339,1.3584905660377358,0.3396226415094339,0.0,78.79,40.0,15.79,33.33,0.0,55.17,66.67,33.33,0.0620230877748295,0.0906235334079676,0.6792452830188679,2.7169811320754715,0.0757250932075471,1.6981132075471697,3.056603773584905,4.415094339622641,0.207021616981132,12.226415094339622,RB/RCB,25,58,46,42,83,83,33,58,33,83,83,42,50,100,83,79,79,54,46,33,71,17,29,100,54,58,50,50,50,46,67,83,21,75,75,88,100,100,100,42,58,67,50,25,83,58,58,100,100,33,100,21,100,92,42,83,100,92,100,100,54,46,75,83,17,42,100,54,58,50,50,50,46,67,83,21,92,83,92,100,100,100,67,83,92,67,Serbian SuperLeague
Radnički Niš,7p4uh0u9hdw8yf80y786lh1sa,6n4sbeie9b383fyfd66je9gq,A. Shestyuk,Aleksandr Shestyuk,24.0,Attacker,Belarus,Striker,14.0,13.0,0.0,27.0,6.0,9.0,7.0,9.0,1.0,205.0,13.0,0.0,0.0,2.0,2.0,2.0,1.0,1.0,1.0,2.0,3.0,0.0,0.0,0.0,0.0,0.0,65.85,0.0,0.0,0.0,22.22,50.0,54.55,0.0,0.9128782317939756,0.2358012712076609,2.0,1.0,0.0199707,0.0,3.0,1.0,0.0345255799999997,9.0,6.146341463414634,5.707317073170732,0.0,11.853658536585366,2.6341463414634148,3.951219512195122,3.073170731707317,3.951219512195122,0.4390243902439024,5.707317073170732,0.0,0.0,0.8780487804878049,0.8780487804878049,0.8780487804878049,0.4390243902439024,0.4390243902439024,0.4390243902439024,0.8780487804878049,1.3170731707317074,0.0,0.0,0.0,0.0,0.0,65.85,0.0,0.0,0.0,22.22,50.0,54.55,0.0,0.400775809080282,0.1035225093106804,0.8780487804878049,0.4390243902439024,0.0087676243902439,0.0,1.3170731707317074,0.4390243902439024,0.0151575717073169,3.951219512195122,ST,28,5,8,11,43,41,51,9,19,30,27,34,14,43,47,4,4,53,27,9,9,8,20,50,51,19,8,27,9,27,64,76,8,51,30,32,9,8,9,41,9,8,14,73,8,8,43,68,89,92,22,24,81,27,34,38,70,76,3,3,78,57,32,9,8,20,50,51,19,8,27,9,27,64,76,8,86,59,65,11,8,9,76,19,19,38,Serbian SuperLeague
Radnički Niš,7p4uh0u9hdw8yf80y786lh1sa,9ydh38nidc9xud39g65y3mlpm,R. Jokić,Ranko Jokic,27.0,Defender,Serbia,Defender,180.0,114.0,24.0,292.0,17.0,4.0,4.0,28.0,23.0,481.0,5.0,2.0,0.0,1.0,0.0,2.0,0.0,0.0,0.0,1.0,3.0,0.0,5.0,7.0,0.0,0.0,82.95,35.82,66.67,0.0,25.0,57.14,70.83,62.5,0.4071086221033213,0.0,0.0,4.0,0.07395245,3.0,26.0,31.0,0.6156041299999999,146.0,33.679833679833685,21.33056133056133,4.490644490644491,54.63617463617464,3.180873180873181,0.7484407484407485,0.7484407484407485,5.23908523908524,4.303534303534303,0.9355509355509356,0.3742203742203742,0.0,0.1871101871101871,0.0,0.3742203742203742,0.0,0.0,0.0,0.1871101871101871,0.5613305613305614,0.0,0.9355509355509356,1.30977130977131,0.0,0.0,82.95,35.82,66.67,0.0,25.0,57.14,70.83,62.5,0.0761741704559229,0.0,0.0,0.7484407484407485,0.0138372567567567,0.5613305613305614,4.864864864864865,5.8004158004158,0.1151858039501039,27.31808731808732,CB,76,89,88,76,80,80,90,60,58,56,82,48,39,27,93,14,14,47,66,44,20,68,64,48,51,51,31,96,20,56,60,84,51,78,19,28,51,47,83,91,89,76,74,84,82,91,82,89,80,91,76,58,64,82,48,40,27,91,14,14,47,64,42,20,67,78,48,51,51,31,96,20,56,60,84,51,80,19,28,53,47,84,90,93,84,80,Serbian SuperLeague
Radnički Niš,7p4uh0u9hdw8yf80y786lh1sa,e39ptybywas170812d3g1fz6x,B. Kovačević,Bojan Kovacevic,30.0,Defender,Serbia,Defender,76.0,91.0,17.0,160.0,4.0,3.0,2.0,28.0,19.0,437.0,8.0,7.0,0.0,5.0,1.0,1.0,5.0,6.0,0.0,0.0,7.0,4.0,8.0,6.0,0.0,0.0,82.47,50.0,35.0,80.0,0.0,66.67,57.14,61.54,0.2215729603430988,0.5991751692021927,1.0,10.0,0.2377966899999998,5.0,22.0,22.0,1.34963212,81.0,15.65217391304348,18.74141876430206,3.501144164759725,32.951945080091534,0.8237986270022883,0.6178489702517163,0.4118993135011441,5.766590389016018,3.91304347826087,1.647597254004577,1.4416475972540046,0.0,1.0297482837528604,0.205949656750572,0.205949656750572,1.0297482837528604,1.2356979405034323,0.0,0.0,1.4416475972540046,0.8237986270022883,1.647597254004577,1.2356979405034323,0.0,0.0,82.47,50.0,35.0,80.0,0.0,66.67,57.14,61.54,0.0456328751278693,0.1233999204306575,0.205949656750572,2.059496567505721,0.0489741466819221,1.0297482837528604,4.530892448512586,4.530892448512586,0.2779562718535469,16.68192219679634,LB/LCB,57,79,64,64,29,46,57,54,68,79,89,39,64,36,54,46,54,43,25,57,71,75,46,50,54,93,89,79,93,25,100,43,57,43,79,46,75,71,86,86,82,100,71,64,93,100,86,29,71,71,93,79,79,86,39,71,43,57,57,71,43,25,50,79,93,57,50,54,93,89,79,93,25,100,43,57,43,86,50,93,79,86,93,86,93,93,Serbian SuperLeague
Radnički Niš,7p4uh0u9hdw8yf80y786lh1sa,estgv50nlkreqwjhfftmmml4a,I. Mustapha,Ibrahim Mustapha,26.0,Attacker,Ghana,Striker,14.0,37.0,1.0,50.0,5.0,3.0,3.0,16.0,2.0,200.0,8.0,1.0,0.0,7.0,0.0,1.0,4.0,4.0,0.0,1.0,7.0,3.0,1.0,2.0,0.0,0.0,86.21,50.0,100.0,75.0,33.33,66.67,45.45,100.0,0.3231224035718684,0.4416526141057988,0.0,5.0,0.14235546,4.0,1.0,4.0,0.19188518,17.0,6.3,16.65,0.4499999999999999,22.5,2.25,1.35,1.35,7.199999999999999,0.8999999999999999,3.6,0.4499999999999999,0.0,3.15,0.0,0.4499999999999999,1.7999999999999998,1.7999999999999998,0.0,0.4499999999999999,3.15,1.35,0.4499999999999999,0.8999999999999999,0.0,0.0,86.21,50.0,100.0,75.0,33.33,66.67,45.45,100.0,0.1454050816073407,0.1987436763476094,0.0,2.25,0.0640599569999999,1.7999999999999998,0.4499999999999999,1.7999999999999998,0.0863483309999999,7.649999999999999,ST,28,41,24,38,35,8,11,23,35,4,61,34,69,11,30,20,20,19,12,38,50,24,55,50,51,100,58,99,95,61,100,59,91,11,70,8,41,41,65,12,41,38,36,78,100,43,95,62,19,38,78,62,43,76,34,100,11,49,57,51,19,27,86,84,34,84,50,51,100,58,99,95,61,100,59,91,22,97,8,88,78,97,16,68,76,78,Serbian SuperLeague
Radnički Niš,7p4uh0u9hdw8yf80y786lh1sa,sqef6515cb5pj5n59xu3in6x,F. Kanouté,Franck Kanouté,27.0,Midfielder,Senegal,Midfielder,73.0,116.0,29.0,188.0,3.0,14.0,0.0,24.0,10.0,409.0,1.0,1.0,0.0,3.0,14.0,3.0,9.0,9.0,0.0,5.0,10.0,6.0,4.0,6.0,0.0,0.0,83.19,70.73,50.0,66.67,35.71,55.81,50.0,80.0,0.6874356038244361,0.1769948900836677,7.0,8.0,0.15498956,2.0,30.0,29.0,0.6243771799999999,108.0,16.06356968215159,25.525672371638144,6.381418092909536,41.36919315403423,0.6601466992665037,3.0806845965770173,0.0,5.28117359413203,2.2004889975550124,0.2200488997555012,0.2200488997555012,0.0,0.6601466992665037,3.0806845965770173,0.6601466992665037,1.9804400977995111,1.9804400977995111,0.0,1.1002444987775062,2.2004889975550124,1.3202933985330074,0.880195599022005,1.3202933985330074,0.0,0.0,83.19,70.73,50.0,66.67,35.71,55.81,50.0,80.0,0.1512694482743258,0.0389475308252569,1.5403422982885089,1.76039119804401,0.0341052821515892,0.4400977995110025,6.601466992665037,6.381418092909536,0.1373935114914425,23.765281173594133,DM/CM,48,81,93,61,26,100,15,44,70,20,54,41,54,100,96,85,83,41,98,76,85,24,69,52,52,67,96,87,63,74,48,37,81,93,48,96,67,59,56,89,87,70,78,52,89,100,78,26,100,15,56,67,19,56,41,56,100,96,81,81,41,100,85,85,19,74,52,52,67,96,87,63,74,48,37,81,93,56,100,78,67,59,96,96,89,89,Serbian SuperLeague
Radnički Niš,7p4uh0u9hdw8yf80y786lh1sa,yxriuh8decr39mzegj2tiitx,R. Milosavljević,Radomir Milosavljevic,34.0,Midfielder,Serbia,Midfielder,69.0,153.0,15.0,220.0,16.0,7.0,4.0,48.0,16.0,610.0,17.0,2.0,0.0,8.0,3.0,1.0,13.0,13.0,0.0,1.0,7.0,9.0,8.0,9.0,0.0,0.0,80.0,40.54,20.0,69.23,14.29,52.75,66.67,50.0,0.5729930999598715,0.697131559934913,1.0,17.0,0.38575911,3.0,26.0,32.0,1.0595145999999995,125.0,10.18032786885246,22.57377049180328,2.2131147540983607,32.459016393442624,2.360655737704918,1.0327868852459017,0.5901639344262295,7.081967213114754,2.360655737704918,2.508196721311476,0.2950819672131147,0.0,1.180327868852459,0.4426229508196721,0.1475409836065573,1.918032786885246,1.918032786885246,0.0,0.1475409836065573,1.0327868852459017,1.3278688524590163,1.180327868852459,1.3278688524590163,0.0,0.0,80.0,40.54,20.0,69.23,14.29,52.75,66.67,50.0,0.0845399655678498,0.1028554760559707,0.1475409836065573,2.508196721311476,0.0569152785245901,0.4426229508196721,3.836065573770492,4.721311475409836,0.1563218262295081,18.442622950819672,DM/CM,41,96,67,74,93,87,96,96,85,100,69,41,87,61,57,96,96,41,50,59,96,74,91,52,52,37,26,48,70,37,41,76,24,85,89,28,96,96,70,81,93,93,89,15,78,41,59,93,74,96,89,74,100,63,41,81,37,48,78,78,41,41,30,89,41,78,52,52,37,26,48,70,37,41,76,24,81,85,22,96,93,63,74,74,93,70,Serbian SuperLeague
Vojvodina,5dogxolrtabaz69epd35liubg,28i8olljbhsvtwfqsv7gb0ay2,I. Đakovac,Ifet Djakovac,28.0,Midfielder,Bosnia and Herzegovina,Midfielder,35.0,57.0,5.0,90.0,2.0,5.0,1.0,15.0,0.0,319.0,7.0,2.0,0.0,6.0,4.0,1.0,6.0,6.0,0.0,2.0,4.0,3.0,5.0,3.0,0.0,0.0,82.57,62.5,33.33,50.0,40.0,55.56,0.0,83.33,0.3173504652759089,0.6067529784297444,4.0,4.0,0.09522938,2.0,11.0,12.0,0.6304843499999999,53.0,9.87460815047022,16.08150470219436,1.4106583072100314,25.391849529780565,0.5642633228840126,1.4106583072100314,0.2821316614420063,4.231974921630094,0.0,1.974921630094044,0.5642633228840126,0.0,1.6927899686520378,1.1285266457680252,0.2821316614420063,1.6927899686520378,1.6927899686520378,0.0,0.5642633228840126,1.1285266457680252,0.8463949843260189,1.4106583072100314,0.8463949843260189,0.0,0.0,82.57,62.5,33.33,50.0,40.0,55.56,0.0,83.33,0.0895346140276859,0.1711842258892696,1.1285266457680252,1.1285266457680252,0.0268672231974921,0.5642633228840126,3.103448275862069,3.385579937304076,0.1778795971786833,14.952978056426334,CM/AM,55,38,43,45,41,29,10,36,12,34,53,31,29,53,26,48,47,16,34,29,60,78,55,52,48,72,55,76,71,53,76,9,72,21,48,59,12,10,29,47,38,69,55,48,31,41,41,48,31,17,48,12,31,59,31,34,55,28,59,55,16,41,31,72,86,69,52,48,72,55,76,71,53,76,9,72,21,52,72,14,14,28,48,48,66,59,Serbian SuperLeague
Vojvodina,5dogxolrtabaz69epd35liubg,2oyvofr6ygb7h7fjxp71m3js9,N. Petrović,Njegos Petrovic,27.0,Midfielder,Serbia,Midfielder,109.0,143.0,18.0,246.0,6.0,5.0,1.0,31.0,9.0,582.0,5.0,6.0,2.0,9.0,4.0,1.0,8.0,8.0,0.0,1.0,8.0,3.0,9.0,6.0,0.0,0.0,83.39,62.07,30.0,37.5,20.0,45.59,33.33,64.29,0.2850958915314155,0.6937415153431034,3.0,9.0,0.22338166,3.0,34.0,28.0,0.6336415199999996,122.0,16.855670103092784,22.11340206185567,2.783505154639175,38.04123711340206,0.9278350515463918,0.7731958762886598,0.1546391752577319,4.793814432989691,1.3917525773195876,0.7731958762886598,0.9278350515463918,0.3092783505154639,1.3917525773195876,0.6185567010309279,0.1546391752577319,1.2371134020618555,1.2371134020618555,0.0,0.1546391752577319,1.2371134020618555,0.4639175257731959,1.3917525773195876,0.9278350515463918,0.0,0.0,83.39,62.07,30.0,37.5,20.0,45.59,33.33,64.29,0.0440869935357859,0.1072796157747067,0.4639175257731959,1.3917525773195876,0.034543555670103,0.4639175257731959,5.257731958762887,4.329896907216495,0.0979858020618556,18.8659793814433,DM/CM,78,93,78,93,61,69,50,63,63,69,93,98,94,80,57,74,72,41,50,65,52,81,69,52,52,70,78,59,26,43,26,13,52,59,85,74,78,85,70,93,81,74,85,59,74,70,67,44,44,37,37,52,52,93,96,85,56,52,59,59,41,44,44,33,63,48,52,52,70,78,59,26,43,26,13,52,44,89,52,63,70,67,81,70,70,78,Serbian SuperLeague
Vojvodina,5dogxolrtabaz69epd35liubg,43qb2jqa5nnuwh1dt2fxjmzmd,A. Vukanović,Aleksa Vukanovic,34.0,Attacker,Serbia,Striker,4.0,12.0,1.0,16.0,2.0,6.0,6.0,9.0,1.0,178.0,8.0,0.0,0.0,2.0,0.0,1.0,1.0,1.0,0.0,1.0,5.0,1.0,1.0,0.0,0.0,0.0,55.17,100.0,0.0,100.0,16.67,42.86,28.57,100.0,0.6739504516728598,0.1639568546077348,1.0,0.0,0.0,0.0,2.0,2.0,0.0857180599999999,8.0,2.02247191011236,6.067415730337078,0.5056179775280899,8.089887640449438,1.0112359550561798,3.033707865168539,3.033707865168539,4.550561797752809,0.5056179775280899,4.044943820224719,0.0,0.0,1.0112359550561798,0.0,0.5056179775280899,0.5056179775280899,0.5056179775280899,0.0,0.5056179775280899,2.528089887640449,0.5056179775280899,0.5056179775280899,0.0,0.0,0.0,55.17,100.0,0.0,100.0,16.67,42.86,28.57,100.0,0.3407614643289741,0.0828995332286299,0.5056179775280899,0.0,0.0,0.0,1.0112359550561798,1.0112359550561798,0.0433405921348314,4.044943820224719,ST,4,3,24,3,14,19,41,9,19,4,27,34,14,11,30,4,4,19,12,27,26,24,20,50,51,3,93,27,99,11,39,24,91,24,16,20,4,4,9,24,24,19,11,8,19,51,8,35,73,86,30,30,54,27,34,54,11,51,5,5,19,35,78,41,41,20,50,51,3,93,27,99,11,39,24,91,73,49,32,4,4,9,59,41,38,41,Serbian SuperLeague
Vojvodina,5dogxolrtabaz69epd35liubg,4gy8q8xmnng9q6bl98o6qyxyi,K. Szűcs,Kornél Szucs,24.0,Defender,Hungary,Defender,245.0,98.0,16.0,343.0,23.0,4.0,3.0,37.0,31.0,720.0,5.0,0.0,0.0,1.0,1.0,2.0,1.0,1.0,0.0,1.0,2.0,1.0,7.0,7.0,0.0,0.0,89.79,50.0,0.0,100.0,25.0,61.67,58.97,63.64,0.4229360330641823,0.0,0.0,2.0,0.03870264,0.0,14.0,19.0,0.4055791299999997,165.0,30.625,12.25,2.0,42.875,2.875,0.5,0.375,4.625,3.875,0.625,0.0,0.0,0.125,0.125,0.25,0.125,0.125,0.0,0.125,0.25,0.125,0.875,0.875,0.0,0.0,89.79,50.0,0.0,100.0,25.0,61.67,58.97,63.64,0.0528670041330227,0.0,0.0,0.25,0.00483783,0.0,1.75,2.375,0.0506973912499999,20.625,CB,93,71,61,89,92,80,78,86,70,56,36,48,39,67,93,38,36,47,66,28,57,81,64,48,51,87,74,36,90,56,73,51,56,84,19,28,34,33,19,61,66,51,82,73,47,39,56,77,56,63,51,49,46,36,48,32,57,83,33,31,47,50,14,46,62,42,48,51,87,74,36,90,56,73,51,56,60,19,28,26,26,19,40,49,40,64,Serbian SuperLeague
Vojvodina,5dogxolrtabaz69epd35liubg,5b7l72meswx74s6m97wd95jvt,L. Ranđelović,Lazar Randjelovic,29.0,Midfielder,Serbia,Midfielder,57.0,120.0,12.0,171.0,3.0,19.0,16.0,24.0,1.0,601.0,55.0,6.0,6.0,22.0,3.0,5.0,22.0,24.0,2.0,5.0,8.0,8.0,3.0,3.0,0.0,0.0,81.04,66.67,23.08,36.36,26.32,38.1,27.27,60.0,2.65379244569328,2.324637434511017,7.0,28.0,0.96964652,5.0,12.0,19.0,2.21761123,71.0,8.535773710482529,17.970049916805323,1.7970049916805324,25.607321131447588,0.4492512479201331,2.845257903494176,2.396006655574044,3.594009983361065,0.1497504159733777,8.236272878535774,0.8985024958402662,0.8985024958402662,3.294509151414309,0.4492512479201331,0.7487520798668885,3.294509151414309,3.594009983361065,0.2995008319467554,0.7487520798668885,1.1980033277870217,1.1980033277870217,0.4492512479201331,0.4492512479201331,0.0,0.0,81.04,66.67,23.08,36.36,26.32,38.1,27.27,60.0,0.397406522649576,0.3481154228053104,1.048252911813644,4.193011647254576,0.1452049697171381,0.7487520798668885,1.7970049916805324,2.845257903494176,0.3320882041597338,10.632279534109816,CM/AM,66,74,72,69,53,97,97,71,34,100,79,100,100,43,79,93,95,88,76,62,97,52,55,52,48,59,67,53,45,34,24,34,52,100,100,83,100,100,60,53,59,97,66,45,48,62,45,38,72,93,34,24,93,66,100,90,21,66,86,86,69,62,38,83,28,38,52,48,59,67,53,45,34,24,34,52,90,93,69,93,97,38,28,38,90,41,Serbian SuperLeague
Vojvodina,5dogxolrtabaz69epd35liubg,6r8z1zp70apsuwzefrfnxsoa,N. Mulahusejnović,Nardin Mulahusejnovic,28.0,Attacker,Bosnia and Herzegovina,Striker,16.0,41.0,2.0,57.0,18.0,22.0,21.0,25.0,4.0,473.0,32.0,0.0,1.0,7.0,1.0,3.0,5.0,5.0,4.0,11.0,3.0,2.0,1.0,0.0,0.0,0.0,72.15,50.0,0.0,40.0,50.0,39.68,45.0,50.0,2.722664584993087,0.5743549654819149,3.0,4.0,0.12999426,4.0,6.0,9.0,0.3674932099999999,27.0,3.044397463002114,7.801268498942917,0.3805496828752642,10.845665961945032,3.4249471458773786,4.186046511627907,3.995771670190275,4.756871035940804,0.7610993657505285,6.088794926004228,0.0,0.1902748414376321,1.331923890063425,0.1902748414376321,0.5708245243128964,0.9513742071881608,0.9513742071881608,0.7610993657505285,2.0930232558139537,0.5708245243128964,0.3805496828752642,0.1902748414376321,0.0,0.0,0.0,72.15,50.0,0.0,40.0,50.0,39.68,45.0,50.0,0.5180545721974161,0.109285299985988,0.5708245243128964,0.7610993657505285,0.0247346372093023,0.7610993657505285,1.1416490486257929,1.7124735729386893,0.0699247122621564,5.137420718816068,ST,43,51,47,51,89,95,100,53,55,91,27,80,69,30,59,30,27,99,100,9,39,24,20,50,51,62,58,27,50,82,30,57,22,95,76,47,28,35,65,70,68,73,62,19,43,35,27,81,93,97,32,46,86,27,81,65,22,57,24,24,95,95,3,32,22,20,50,51,62,58,27,50,82,30,57,22,95,70,41,19,24,59,73,59,62,54,Serbian SuperLeague
Vojvodina,5dogxolrtabaz69epd35liubg,7me9tyjhn1la4cojdkz6a8s4q,D. Zukić,Dejan Zukic,25.0,Midfielder,Serbia,Midfielder,91.0,125.0,11.0,215.0,9.0,17.0,14.0,24.0,5.0,576.0,23.0,1.0,0.0,11.0,3.0,6.0,3.0,3.0,5.0,7.0,8.0,0.0,4.0,3.0,0.0,0.0,87.76,78.57,100.0,0.0,41.18,45.28,45.0,57.14,1.75399323836912,0.9737228666513194,2.0,13.0,0.32211166,6.0,32.0,34.0,1.39927557,102.0,14.21875,19.53125,1.71875,33.59375,1.40625,2.65625,2.1875,3.75,0.78125,3.59375,0.15625,0.0,1.71875,0.46875,0.9375,0.46875,0.46875,0.78125,1.09375,1.25,0.0,0.625,0.46875,0.0,0.0,87.76,78.57,100.0,0.0,41.18,45.28,45.0,57.14,0.274061443495175,0.1521441979142686,0.3125,2.03125,0.050329946875,0.9375,5.0,5.3125,0.2186368078124999,15.9375,CM/AM,81,81,66,79,91,90,93,71,78,90,38,31,79,43,90,17,14,100,93,62,9,66,55,52,48,90,86,100,9,59,48,66,38,93,83,40,76,72,72,86,86,86,78,76,66,55,66,83,66,86,41,72,69,31,31,38,24,79,10,7,97,79,45,9,38,41,52,48,90,86,100,9,59,48,66,38,79,48,24,45,45,52,76,76,79,66,Serbian SuperLeague
Vojvodina,5dogxolrtabaz69epd35liubg,8ksi5s9he1uxai3lfcq46grf9,E. Mašović,Erhan Masovic,27.0,Defender,Serbia,Defender,95.0,51.0,11.0,146.0,1.0,1.0,1.0,7.0,9.0,284.0,1.0,0.0,0.0,0.0,0.0,0.0,2.0,2.0,0.0,1.0,2.0,1.0,2.0,0.0,0.0,0.0,85.88,37.93,0.0,50.0,100.0,36.84,20.0,66.67,0.1782281308770983,0.0,0.0,2.0,0.03375124,0.0,6.0,9.0,0.1039969299999999,23.0,30.105633802816904,16.161971830985916,3.4859154929577465,46.267605633802816,0.3169014084507042,0.3169014084507042,0.3169014084507042,2.218309859154929,2.852112676056338,0.3169014084507042,0.0,0.0,0.0,0.0,0.0,0.6338028169014085,0.6338028169014085,0.0,0.3169014084507042,0.6338028169014085,0.3169014084507042,0.6338028169014085,0.0,0.0,0.0,85.88,37.93,0.0,50.0,100.0,36.84,20.0,66.67,0.0564807457004888,0.0,0.0,0.6338028169014085,0.0106958154929577,0.0,1.9014084507042253,2.852112676056338,0.0329567735915492,7.288732394366197,CB,33,36,44,33,7,23,40,9,30,17,36,48,14,27,32,59,57,47,66,28,57,30,4,48,51,73,40,36,62,97,7,6,63,44,19,28,34,31,19,34,39,22,27,69,64,73,67,2,33,56,11,31,24,36,48,14,27,32,73,73,47,87,51,67,47,4,48,51,73,40,36,62,97,7,6,63,64,19,28,47,36,19,44,62,20,24,Serbian SuperLeague
Vojvodina,5dogxolrtabaz69epd35liubg,8owicepgwxjqrblo8py0jkaok,D. Kokanović,Dragan Kokanovic,24.0,Midfielder,Serbia,Midfielder,24.0,50.0,2.0,70.0,2.0,14.0,6.0,14.0,1.0,295.0,12.0,4.0,0.0,8.0,8.0,2.0,6.0,6.0,2.0,6.0,5.0,2.0,3.0,5.0,0.0,0.0,79.55,66.67,30.77,33.33,42.86,30.43,20.0,60.0,1.0432209671162074,0.7333735062804401,6.0,5.0,0.1253109299999999,0.0,6.0,5.0,0.3908064599999998,24.0,7.322033898305085,15.254237288135592,0.6101694915254238,21.35593220338983,0.6101694915254238,4.271186440677966,1.8305084745762712,4.271186440677966,0.3050847457627119,3.6610169491525424,1.2203389830508475,0.0,2.440677966101695,2.440677966101695,0.6101694915254238,1.8305084745762712,1.8305084745762712,0.6101694915254238,1.8305084745762712,1.5254237288135597,0.6101694915254238,0.9152542372881356,1.5254237288135597,0.0,0.0,79.55,66.67,30.77,33.33,42.86,30.43,20.0,60.0,0.3182708035269785,0.2237410697126766,1.8305084745762712,1.5254237288135597,0.0382304532203389,0.0,1.8305084745762712,1.5254237288135597,0.1192290894915253,7.322033898305085,CM/AM,28,26,7,31,41,72,69,29,34,59,72,31,53,78,45,48,47,88,84,41,41,52,81,52,48,48,67,69,38,66,3,22,52,62,59,72,19,17,9,26,12,31,17,34,28,7,31,55,93,83,55,38,76,76,31,62,97,52,62,59,93,97,55,55,66,97,52,48,48,67,69,38,66,3,22,52,83,69,93,31,28,9,31,17,52,14,Serbian SuperLeague
Vojvodina,5dogxolrtabaz69epd35liubg,8yvxvgfv6q6fwxzf3ue7oqfpw,M. Kolarević,Milan Kolarevic,22.0,Attacker,Serbia,Striker,37.0,94.0,14.0,119.0,4.0,16.0,7.0,30.0,5.0,565.0,23.0,12.0,1.0,20.0,9.0,7.0,19.0,22.0,0.0,1.0,13.0,6.0,6.0,2.0,0.0,0.0,76.28,53.85,33.33,31.58,6.25,50.0,50.0,85.71,1.1054459259361753,2.016631720800737,8.0,25.0,0.79357068,3.0,9.0,24.0,1.46430542,53.0,5.893805309734513,14.97345132743363,2.230088495575221,18.95575221238938,0.6371681415929203,2.5486725663716814,1.1150442477876106,4.778761061946903,0.7964601769911505,3.663716814159292,1.9115044247787607,0.1592920353982301,3.185840707964602,1.4336283185840708,1.1150442477876106,3.026548672566372,3.504424778761062,0.0,0.1592920353982301,2.070796460176992,0.9557522123893806,0.9557522123893806,0.3185840707964602,0.0,0.0,76.28,53.85,33.33,31.58,6.25,50.0,50.0,85.71,0.1760887315650544,0.3212333714549847,1.2743362831858407,3.982300884955752,0.1264094888495575,0.4778761061946903,1.4336283185840708,3.8230088495575214,0.2332521907964602,8.442477876106194,LW,64,86,100,86,71,86,57,43,57,71,100,71,100,86,86,79,86,29,21,57,43,50,57,57,57,71,86,79,29,14,71,93,71,43,100,79,100,100,43,64,86,86,57,57,57,86,71,71,86,43,29,57,43,100,71,100,100,86,57,86,29,14,86,43,43,57,57,57,71,86,79,29,14,71,93,71,43,100,71,57,57,29,57,71,86,57,Serbian SuperLeague
Vojvodina,5dogxolrtabaz69epd35liubg,ackvb5pp7jiziocny2goze21h,Đ. Crnomarković,Djordje Crnomarkovic,33.0,Defender,Serbia,Defender,116.0,74.0,18.0,190.0,7.0,2.0,1.0,9.0,21.0,375.0,2.0,0.0,0.0,3.0,1.0,1.0,1.0,1.0,0.0,1.0,0.0,1.0,0.0,0.0,0.0,0.0,84.82,47.37,0.0,100.0,50.0,50.0,70.0,0.0,0.1299017234046322,0.1628631627504645,1.0,3.0,0.06810831,2.0,23.0,21.0,0.4423558199999997,127.0,27.84,17.759999999999998,4.319999999999999,45.6,1.68,0.48,0.24,2.16,5.04,0.48,0.0,0.0,0.72,0.24,0.24,0.24,0.24,0.0,0.24,0.0,0.24,0.0,0.0,0.0,0.0,84.82,47.37,0.0,100.0,50.0,50.0,70.0,0.0,0.0311764136171117,0.0390871590601114,0.24,0.72,0.0163459944,0.48,5.52,5.04,0.1061653967999999,30.48,CB,47,53,72,56,33,40,40,11,51,32,36,48,73,67,76,38,36,47,66,6,57,6,4,48,51,67,62,36,90,80,30,78,6,33,69,68,43,44,66,87,76,58,62,56,69,89,64,42,53,47,9,64,38,36,48,80,73,80,38,36,47,76,6,56,6,4,48,51,67,62,36,90,80,30,78,6,44,73,76,51,58,76,96,87,78,91,Serbian SuperLeague
Vojvodina,5dogxolrtabaz69epd35liubg,afoyq178wlfglgz8a89cret5g,M. Gašić,Mateja Gašić,23.0,Defender,Serbia,Defender,33.0,53.0,13.0,82.0,2.0,0.0,0.0,10.0,5.0,228.0,1.0,4.0,0.0,6.0,0.0,0.0,4.0,4.0,0.0,0.0,1.0,1.0,5.0,1.0,0.0,0.0,73.21,50.0,23.53,25.0,0.0,35.71,28.57,83.33,0.0,0.6924541138522018,0.0,2.0,0.0535479299999999,2.0,2.0,3.0,0.4813475899999999,19.0,13.026315789473683,20.92105263157895,5.131578947368421,32.36842105263158,0.7894736842105263,0.0,0.0,3.947368421052632,1.973684210526316,0.3947368421052631,1.5789473684210529,0.0,2.368421052631579,0.0,0.0,1.5789473684210529,1.5789473684210529,0.0,0.0,0.3947368421052631,0.3947368421052631,1.973684210526316,0.3947368421052631,0.0,0.0,73.21,50.0,23.53,25.0,0.0,35.71,28.57,83.33,0.0,0.2733371502048165,0.0,0.7894736842105263,0.0211373407894736,0.7894736842105263,0.7894736842105263,1.1842105263157896,0.1900056276315789,7.5,RB/RCB,42,50,67,50,25,21,33,21,33,21,100,42,96,33,33,67,62,54,46,12,46,62,12,50,54,25,79,75,33,46,8,33,92,21,100,29,33,33,50,25,25,50,25,50,92,100,83,33,21,33,50,42,42,100,42,100,33,33,83,83,54,46,8,58,100,8,50,54,25,79,75,33,46,8,33,92,21,100,29,50,50,75,25,25,83,33,Serbian SuperLeague
Vojvodina,5dogxolrtabaz69epd35liubg,b9nh1xzeksagrookgnfjzvvxm,Lucas Barros,Lucas Barros da Cunha,27.0,Defender,Brazil,Defender,26.0,44.0,5.0,63.0,5.0,1.0,1.0,13.0,4.0,224.0,4.0,7.0,0.0,4.0,0.0,0.0,3.0,3.0,0.0,0.0,4.0,2.0,2.0,4.0,0.0,0.0,80.77,50.0,53.85,66.67,0.0,52.0,71.43,100.0,0.0621421723673537,0.5616692397152883,0.0,6.0,0.1727902599999999,1.0,8.0,14.0,1.1697325900000002,38.0,10.446428571428571,17.678571428571427,2.008928571428571,25.3125,2.008928571428571,0.4017857142857143,0.4017857142857143,5.223214285714286,1.6071428571428572,1.6071428571428572,2.8125,0.0,1.6071428571428572,0.0,0.0,1.2053571428571428,1.2053571428571428,0.0,0.0,1.6071428571428572,0.8035714285714286,0.8035714285714286,1.6071428571428572,0.0,0.0,80.77,50.0,53.85,66.67,0.0,52.0,71.43,100.0,0.0249678371118831,0.2256706766713211,0.0,2.4107142857142856,0.0694246580357142,0.4017857142857143,3.2142857142857144,5.625,0.4699818441964286,15.267857142857142,LB/LCB,14,21,18,7,36,14,36,11,7,39,89,39,43,14,21,29,25,43,25,32,54,14,14,50,54,86,89,100,75,25,36,93,100,14,57,14,50,57,21,32,46,86,29,29,86,43,43,71,29,64,64,7,71,100,39,100,14,21,71,64,43,25,71,71,29,93,50,54,86,89,100,75,25,36,93,100,21,100,14,100,100,57,86,93,100,64,Serbian SuperLeague
Vojvodina,5dogxolrtabaz69epd35liubg,daz92aie55a0hru8ut41dhdrd,L. Nikolić,Lazar Nikolic,27.0,Defender,Serbia,Defender,94.0,104.0,20.0,195.0,6.0,0.0,0.0,22.0,17.0,519.0,1.0,3.0,1.0,4.0,0.0,0.0,9.0,9.0,0.0,0.0,5.0,3.0,6.0,8.0,0.0,0.0,79.92,55.56,20.0,33.33,0.0,40.74,50.0,75.0,0.0,0.2522331659936402,0.0,6.0,0.1236217999999998,4.0,40.0,39.0,1.05072073,129.0,16.300578034682083,18.034682080924856,3.468208092485549,33.8150289017341,1.0404624277456649,0.0,0.0,3.815028901734104,2.947976878612717,0.1734104046242774,0.5202312138728323,0.1734104046242774,0.6936416184971098,0.0,0.0,1.560693641618497,1.560693641618497,0.0,0.0,0.8670520231213873,0.5202312138728323,1.0404624277456649,1.3872832369942196,0.0,0.0,79.92,55.56,20.0,33.33,0.0,40.74,50.0,75.0,0.0,0.0437398553746196,0.0,1.0404624277456649,0.0214373063583814,0.6936416184971098,6.936416184971098,6.763005780346821,0.1822059069364162,22.36994219653179,RB/RCB,83,92,92,83,67,21,33,67,75,21,83,92,71,33,33,92,92,54,46,62,83,75,71,50,54,67,100,62,50,46,17,71,83,21,67,29,79,67,79,100,100,100,92,75,67,83,92,58,21,33,25,58,8,67,92,50,33,33,75,75,54,46,67,67,75,50,50,54,67,100,62,50,46,17,71,83,21,50,29,58,58,67,100,100,75,100,Serbian SuperLeague
Vojvodina,5dogxolrtabaz69epd35liubg,ebrypatsa4d5pbnpwcgiofnro,P. Sukačev,Petar Sukacev,21.0,Midfielder,Serbia,Midfielder,54.0,91.0,12.0,142.0,14.0,19.0,9.0,44.0,11.0,632.0,25.0,3.0,1.0,5.0,10.0,5.0,23.0,25.0,2.0,6.0,6.0,11.0,7.0,8.0,0.0,0.0,71.0,30.77,12.0,47.83,31.58,45.83,46.67,50.0,1.694689970069591,0.3887940336499141,8.0,12.0,0.3973812399999999,4.0,23.0,28.0,0.8808905099999997,79.0,7.689873417721519,12.958860759493673,1.7088607594936709,20.22151898734177,1.993670886075949,2.7056962025316458,1.2816455696202531,6.265822784810126,1.5664556962025316,3.560126582278481,0.4272151898734177,0.1424050632911392,0.7120253164556962,1.4240506329113924,0.7120253164556962,3.2753164556962027,3.560126582278481,0.2848101265822785,0.8544303797468354,0.8544303797468354,1.5664556962025316,0.9968354430379748,1.139240506329114,0.0,0.0,71.0,30.77,12.0,47.83,31.58,45.83,46.67,50.0,0.2413324324466189,0.0553662389691333,1.139240506329114,1.7088607594936709,0.0565891006329113,0.569620253164557,3.2753164556962027,3.987341772151898,0.1254432688291138,11.25,ST,92,95,97,95,73,85,69,88,95,73,81,80,53,100,78,95,95,76,81,32,97,89,96,50,51,49,24,57,62,54,51,65,22,76,57,93,80,89,65,100,100,86,97,89,84,100,86,54,59,32,59,84,35,70,70,22,89,70,86,86,57,54,8,89,76,89,50,51,49,24,57,62,54,51,65,22,51,24,81,68,73,46,100,100,86,100,Serbian SuperLeague
Zemun,4ppegvbl5hgavq8ter9xctwes,18gprvspjefmkksbrejjzdwr8,N. Kalat,Nemanja Kalat,20.0,Midfielder,Serbia,Midfielder,31.0,32.0,4.0,63.0,10.0,8.0,7.0,17.0,8.0,432.0,14.0,0.0,0.0,2.0,1.0,3.0,5.0,5.0,0.0,0.0,3.0,2.0,2.0,2.0,0.0,0.0,70.0,66.67,0.0,40.0,0.0,41.46,45.45,66.67,0.7904244972889792,0.1387317504805072,2.0,1.0,0.02855202,0.0,6.0,6.0,0.1223135799999999,22.0,6.458333333333334,6.666666666666667,0.8333333333333334,13.125,2.083333333333333,1.6666666666666667,1.4583333333333337,3.541666666666667,1.6666666666666667,2.916666666666667,0.0,0.0,0.4166666666666667,0.2083333333333333,0.625,1.0416666666666667,1.0416666666666667,0.0,0.0,0.625,0.4166666666666667,0.4166666666666667,0.4166666666666667,0.0,0.0,70.0,66.67,0.0,40.0,0.0,41.46,45.45,66.67,0.1646717702685373,0.0289024480167723,0.4166666666666667,0.2083333333333333,0.0059483375,0.0,1.25,1.25,0.0254819958333333,4.583333333333334,CM/AM,36,7,26,12,97,40,79,52,93,67,16,31,3,14,60,38,36,16,7,19,41,31,38,52,48,5,67,16,52,7,38,69,66,48,3,40,3,3,9,26,17,10,14,28,7,10,7,100,38,76,31,90,59,16,31,3,10,55,28,28,16,7,14,41,21,31,52,48,5,67,16,52,7,38,69,66,41,3,34,3,3,9,14,7,7,3,Serbian SuperLeague
Zemun,4ppegvbl5hgavq8ter9xctwes,21m5m3jrx23imng7skwxekpnt,O. Ilić,Ognjen Ilic,27.0,Midfielder,Serbia,Midfielder,102.0,88.0,22.0,188.0,7.0,3.0,1.0,45.0,7.0,574.0,5.0,2.0,0.0,1.0,2.0,2.0,6.0,6.0,0.0,0.0,15.0,5.0,11.0,10.0,0.0,0.0,84.68,66.67,66.67,83.33,0.0,69.23,63.64,61.11,0.1737292504842142,0.0661184146867001,2.0,7.0,0.1745198899999999,4.0,19.0,21.0,0.51845282,81.0,15.993031358885016,13.797909407665504,3.449477351916376,29.477351916376303,1.097560975609756,0.470383275261324,0.156794425087108,7.05574912891986,1.097560975609756,0.7839721254355401,0.313588850174216,0.0,0.156794425087108,0.313588850174216,0.313588850174216,0.940766550522648,0.940766550522648,0.0,0.0,2.35191637630662,0.7839721254355401,1.724738675958188,1.56794425087108,0.0,0.0,84.68,66.67,66.67,83.33,0.0,69.23,63.64,61.11,0.0272397779504865,0.0103669988184721,0.313588850174216,1.097560975609756,0.0273637458188153,0.627177700348432,2.979094076655052,3.292682926829268,0.0812905118466899,12.700348432055748,DM/CM,59,63,85,61,76,37,50,89,46,69,69,41,22,37,85,54,52,41,19,96,76,94,96,52,52,78,91,93,87,19,93,70,41,37,22,50,59,67,83,67,69,67,59,48,37,81,48,59,15,41,85,30,56,67,41,19,22,78,41,37,41,19,89,70,81,85,52,52,78,91,93,87,19,93,70,41,30,26,37,56,59,78,56,56,52,41,Serbian SuperLeague
Zemun,4ppegvbl5hgavq8ter9xctwes,2jx8rz98ombbqt6bl55sv50tm,Đ. Jovanović,Djordje Jovanovic,25.0,Defender,Serbia,Defender,62.0,11.0,4.0,73.0,9.0,1.0,1.0,15.0,28.0,288.0,2.0,0.0,0.0,0.0,0.0,0.0,1.0,1.0,0.0,1.0,2.0,0.0,4.0,2.0,0.0,0.0,82.02,36.36,0.0,0.0,100.0,57.69,52.94,100.0,0.0,0.0,0.0,0.0,0.0,0.0,0.0,0.0,0.0,0.0,19.375,3.4375,1.25,22.8125,2.8125,0.3125,0.3125,4.6875,8.75,0.625,0.0,0.0,0.0,0.0,0.0,0.3125,0.3125,0.0,0.3125,0.625,0.0,1.25,0.625,0.0,0.0,82.02,36.36,0.0,0.0,100.0,57.69,52.94,100.0,0.0,0.0,0.0,0.0,0.0,0.0,0.0,0.0,0.0,0.0,CB,20,2,13,16,39,23,40,31,64,32,36,48,14,27,32,38,36,47,66,28,20,56,27,48,51,40,34,36,20,97,62,40,97,12,19,28,11,11,19,10,11,10,10,36,4,13,22,71,30,53,58,98,46,36,48,14,27,32,47,44,47,84,49,20,84,29,48,51,40,34,36,20,97,62,40,97,12,19,28,11,11,19,10,11,10,10,Serbian SuperLeague
Zemun,4ppegvbl5hgavq8ter9xctwes,3489xzkqzdzyotyikig3vdudw,G. Vadze,Godswill Vadze,25.0,Attacker,Ghana,Striker,15.0,43.0,3.0,56.0,2.0,9.0,4.0,19.0,2.0,326.0,13.0,2.0,0.0,5.0,5.0,2.0,10.0,10.0,0.0,4.0,9.0,6.0,2.0,5.0,0.0,0.0,69.14,37.5,28.57,60.0,44.44,38.0,16.67,66.67,0.6352802483860719,0.4039065257993856,3.0,6.0,0.17398238,1.0,5.0,8.0,0.2251076599999999,22.0,4.141104294478527,11.87116564417178,0.8282208588957055,15.460122699386504,0.5521472392638037,2.4846625766871164,1.1042944785276074,5.245398773006135,0.5521472392638037,3.588957055214724,0.5521472392638037,0.0,1.3803680981595092,1.3803680981595092,0.5521472392638037,2.7607361963190185,2.7607361963190185,0.0,1.1042944785276074,2.4846625766871164,1.656441717791411,0.5521472392638037,1.3803680981595092,0.0,0.0,69.14,37.5,28.57,60.0,44.44,38.0,16.67,66.67,0.1753841176525965,0.1115079365703825,0.8282208588957055,1.656441717791411,0.048031945398773,0.2760736196319018,1.3803680981595092,2.208588957055215,0.0621462865030674,6.07361963190184,ST,36,58,68,49,14,41,18,31,35,30,73,34,53,68,47,68,57,19,61,64,78,42,85,50,51,43,41,78,88,76,16,11,53,22,65,47,53,49,24,65,64,49,51,32,76,84,68,14,49,27,46,32,41,81,34,68,81,54,78,76,19,84,76,92,49,95,50,51,43,41,78,88,76,16,11,53,32,73,59,65,59,24,78,81,57,62,Serbian SuperLeague
Zemun,4ppegvbl5hgavq8ter9xctwes,3vxisvex2vxt59ckmvnjxrs9h,U. Ljubomirac,Uros Ljubomirac,36.0,Midfielder,Serbia,Midfielder,34.0,85.0,5.0,119.0,8.0,3.0,2.0,34.0,6.0,392.0,7.0,0.0,0.0,7.0,1.0,2.0,13.0,13.0,0.0,0.0,16.0,6.0,1.0,0.0,0.0,0.0,75.32,55.56,0.0,46.15,0.0,58.62,50.0,25.0,0.2470628477583014,0.4512892236078372,0.0,10.0,0.22315443,5.0,19.0,20.0,0.36591978,70.0,7.806122448979592,19.51530612244898,1.1479591836734695,27.321428571428573,1.8367346938775515,0.6887755102040817,0.4591836734693878,7.806122448979592,1.3775510204081634,1.6071428571428572,0.0,0.0,1.6071428571428572,0.2295918367346939,0.4591836734693878,2.984693877551021,2.984693877551021,0.0,0.0,3.673469387755103,1.3775510204081634,0.2295918367346939,0.0,0.0,0.0,75.32,55.56,0.0,46.15,0.0,58.62,50.0,25.0,0.0567236130057324,0.1036123217466973,0.0,2.295918367346939,0.0512344354591836,1.1479591836734695,4.362244897959184,4.591836734693878,0.0840121943877551,16.071428571428573,CM/AM,50,55,43,55,84,14,29,88,83,34,16,31,40,14,45,86,86,16,7,95,90,9,10,52,48,24,38,16,55,7,90,76,5,14,38,9,60,48,60,66,66,24,62,38,59,21,55,90,7,24,93,86,21,16,31,31,14,34,83,83,16,7,97,86,3,10,52,48,24,38,16,55,7,90,76,5,10,28,9,55,48,83,72,66,21,69,Serbian SuperLeague
Zemun,4ppegvbl5hgavq8ter9xctwes,47jxoy34jrrq30hulbgo02162,D. Parađina,Dejan Parađina,27.0,Defender,Serbia,Defender,24.0,42.0,6.0,63.0,4.0,2.0,1.0,14.0,15.0,387.0,1.0,3.0,0.0,1.0,1.0,1.0,3.0,4.0,0.0,0.0,3.0,0.0,4.0,8.0,0.0,0.0,75.0,35.29,33.33,0.0,0.0,58.33,80.0,57.14,0.2121113448625591,0.0967174330195781,1.0,3.0,0.0643543199999999,2.0,10.0,16.0,0.6110515700000001,35.0,5.5813953488372094,9.767441860465116,1.3953488372093024,14.651162790697676,0.9302325581395348,0.4651162790697674,0.2325581395348837,3.255813953488372,3.488372093023256,0.2325581395348837,0.6976744186046512,0.0,0.2325581395348837,0.2325581395348837,0.2325581395348837,0.6976744186046512,0.9302325581395348,0.0,0.0,0.6976744186046512,0.0,0.9302325581395348,1.8604651162790693,0.0,0.0,75.0,35.29,33.33,0.0,0.0,58.33,80.0,57.14,0.0493282197354788,0.0224924262836228,0.2325581395348837,0.6976744186046512,0.0149661209302325,0.4651162790697674,2.3255813953488373,3.72093023255814,0.1421050162790698,8.13953488372093,RB/RCB,33,33,46,17,54,67,75,42,58,21,83,42,8,75,83,54,62,54,46,33,17,50,71,50,54,50,33,96,17,46,83,100,50,83,25,62,42,42,50,54,67,75,42,8,42,25,17,50,75,83,8,75,17,75,42,17,75,83,50,58,54,46,42,17,67,83,50,54,50,33,96,17,46,83,100,50,75,25,67,42,42,58,50,67,67,42,Serbian SuperLeague
Zemun,4ppegvbl5hgavq8ter9xctwes,6h3pu0m5bek2hbjev6dhdretx,M. Spremo,Milan Spremo,31.0,Defender,Serbia,Defender,60.0,52.0,9.0,104.0,9.0,5.0,1.0,26.0,17.0,378.0,1.0,8.0,0.0,5.0,4.0,0.0,9.0,11.0,0.0,1.0,2.0,5.0,5.0,4.0,0.0,0.0,70.75,34.62,25.81,55.56,20.0,54.17,69.23,50.0,0.2927091829535508,0.6501285796797062,4.0,2.0,0.04282587,2.0,8.0,14.0,0.41499191,64.0,14.285714285714285,12.38095238095238,2.142857142857143,24.76190476190476,2.142857142857143,1.1904761904761905,0.238095238095238,6.19047619047619,4.047619047619048,0.238095238095238,1.9047619047619049,0.0,1.1904761904761905,0.9523809523809524,0.0,2.142857142857143,2.619047619047619,0.0,0.238095238095238,0.4761904761904761,1.1904761904761905,1.1904761904761905,0.9523809523809524,0.0,0.0,70.75,34.62,25.81,55.56,20.0,54.17,69.23,50.0,0.0696926626079882,0.1547925189713586,0.9523809523809524,0.4761904761904761,0.0101966357142857,0.4761904761904761,1.9047619047619049,3.333333333333333,0.0988075976190476,15.238095238095235,LB/LCB,36,29,39,36,61,79,36,36,43,11,100,39,64,100,21,89,93,43,68,18,82,43,14,50,54,29,43,50,50,57,54,79,21,57,93,100,11,14,46,32,46,29,43,50,50,50,36,79,86,36,100,86,14,93,39,79,100,21,93,93,43,86,21,100,57,29,50,54,29,43,50,50,57,54,79,21,86,93,100,21,21,71,36,64,50,57,Serbian SuperLeague
Zemun,4ppegvbl5hgavq8ter9xctwes,7bqdgx6t1xhou1c4l7qxlxs7o,S. Knežević,Saša Knežević,22.0,Attacker,Serbia,Striker,32.0,28.0,9.0,58.0,1.0,3.0,1.0,14.0,16.0,322.0,4.0,2.0,0.0,2.0,2.0,0.0,6.0,7.0,0.0,0.0,2.0,2.0,5.0,3.0,0.0,0.0,72.5,45.0,18.18,33.33,0.0,42.42,33.33,55.56,0.1829136221838285,0.2117266246966392,1.0,3.0,0.07010533,0.0,4.0,6.0,0.2704702899999999,23.0,8.944099378881987,7.826086956521738,2.5155279503105588,16.211180124223603,0.2795031055900621,0.8385093167701863,0.2795031055900621,3.913043478260869,4.472049689440993,1.1180124223602483,0.5590062111801242,0.0,0.5590062111801242,0.5590062111801242,0.0,1.6770186335403725,1.9565217391304344,0.0,0.0,0.5590062111801242,0.5590062111801242,1.3975155279503104,0.8385093167701863,0.0,0.0,72.5,45.0,18.18,33.33,0.0,42.42,33.33,55.56,0.0511249254551073,0.0591782491388121,0.2795031055900621,0.8385093167701863,0.0195946574534161,0.0,1.1180124223602483,1.6770186335403725,0.0755972860248446,6.428571428571428,RW,86,21,100,43,25,7,18,32,100,14,39,32,7,32,14,32,39,32,7,18,21,71,86,54,54,57,57,25,18,7,36,64,43,14,14,7,14,14,7,43,36,21,50,86,14,100,50,21,7,14,36,100,14,50,32,7,36,14,36,36,32,7,29,21,79,93,54,54,57,57,25,18,7,36,64,43,14,14,7,14,14,7,36,43,21,57,Serbian SuperLeague
Zemun,4ppegvbl5hgavq8ter9xctwes,7s66dcvbaiqyzj36v519x9r10,N. Petrusić,Novak Petrusić,21.0,Attacker,Serbia,Striker,11.0,18.0,2.0,29.0,14.0,5.0,5.0,28.0,2.0,280.0,11.0,0.0,0.0,3.0,0.0,0.0,5.0,6.0,1.0,3.0,12.0,2.0,0.0,0.0,0.0,0.0,56.86,100.0,0.0,40.0,60.0,50.91,50.0,0.0,0.9047295043179404,0.2642336999570294,1.0,2.0,0.05446458,1.0,3.0,2.0,0.1206285199999997,11.0,3.5357142857142856,5.785714285714286,0.6428571428571428,9.321428571428571,4.5,1.6071428571428572,1.6071428571428572,9.0,0.6428571428571428,3.5357142857142856,0.0,0.0,0.9642857142857144,0.0,0.0,1.6071428571428572,1.9285714285714288,0.3214285714285714,0.9642857142857144,3.857142857142857,0.6428571428571428,0.0,0.0,0.0,0.0,56.86,100.0,0.0,40.0,60.0,50.91,50.0,0.0,0.2908059121021951,0.0849322607004737,0.3214285714285714,0.6428571428571428,0.0175064721428571,0.3214285714285714,0.9642857142857144,0.6428571428571428,0.0387734528571427,3.5357142857142856,ST,15,11,47,14,73,14,30,57,35,15,27,34,27,11,11,30,34,53,43,84,39,8,20,50,51,5,93,27,50,92,73,70,8,46,35,20,15,11,24,41,24,27,19,24,14,62,11,95,27,51,99,43,32,27,34,49,11,11,51,57,62,65,97,51,8,20,50,51,5,93,27,50,92,73,70,8,65,54,22,14,14,30,51,32,32,27,Serbian SuperLeague
Zemun,4ppegvbl5hgavq8ter9xctwes,7uufcg0dvus42emi9yev9i9cl,N. Belaković,Nemanja Belakovic,29.0,Attacker,Serbia,Striker,49.0,77.0,2.0,116.0,8.0,9.0,4.0,50.0,2.0,597.0,17.0,10.0,1.0,12.0,5.0,5.0,16.0,18.0,0.0,2.0,22.0,8.0,8.0,3.0,0.0,0.0,76.82,50.0,25.0,50.0,22.22,64.1,57.14,61.54,0.5739016091951696,1.1651958768480304,7.0,13.0,0.3557033599999999,6.0,13.0,12.0,1.03559614,46.0,7.3869346733668335,11.608040201005023,0.3015075376884422,17.487437185929647,1.2060301507537687,1.3567839195979898,0.6030150753768844,7.537688442211055,0.3015075376884422,2.5628140703517586,1.507537688442211,0.1507537688442211,1.809045226130653,0.7537688442211055,0.7537688442211055,2.412060301507537,2.71356783919598,0.0,0.3015075376884422,3.316582914572864,1.2060301507537687,1.2060301507537687,0.4522613065326633,0.0,0.0,76.82,50.0,25.0,50.0,22.22,64.1,57.14,61.54,0.0865178305319351,0.1756576698765874,1.0552763819095476,1.9597989949748744,0.0536236221105527,0.9045226130653266,1.9597989949748744,1.809045226130653,0.1561200211055276,6.93467336683417,ST,89,84,47,86,55,41,18,93,35,50,97,80,95,68,78,89,89,19,27,97,86,97,69,50,51,81,58,74,70,27,97,88,41,16,97,86,88,84,91,89,80,89,86,86,73,27,78,43,22,11,81,19,16,92,73,89,59,73,73,73,19,11,89,76,89,57,50,51,81,58,74,70,27,97,88,41,14,86,73,78,68,78,86,70,89,70,Serbian SuperLeague
Zemun,4ppegvbl5hgavq8ter9xctwes,93epkgphoibhoh2q3312viiok,D. Tabaković,Dimitrije Tabaković,22.0,Attacker,Serbia,Striker,32.0,40.0,2.0,72.0,6.0,8.0,5.0,23.0,5.0,566.0,20.0,0.0,0.0,3.0,3.0,2.0,9.0,11.0,0.0,3.0,4.0,4.0,5.0,4.0,0.0,0.0,71.29,100.0,0.0,44.44,37.5,32.86,30.0,55.56,0.7498965547883654,0.3430566929305782,4.0,7.0,0.24617566,5.0,3.0,7.0,0.2408529499999999,35.0,5.088339222614841,6.360424028268551,0.3180212014134275,11.448763250883392,0.9540636042402828,1.2720848056537102,0.7950530035335689,3.657243816254417,0.7950530035335689,3.180212014134276,0.0,0.0,0.4770318021201413,0.4770318021201413,0.3180212014134275,1.431095406360424,1.7491166077738516,0.0,0.4770318021201413,0.6360424028268551,0.6360424028268551,0.7950530035335689,0.6360424028268551,0.0,0.0,71.29,100.0,0.0,44.44,37.5,32.86,30.0,55.56,0.119241501644793,0.0545496508193499,0.6360424028268551,1.1130742049469964,0.0391445395759717,0.7950530035335689,0.4770318021201413,1.1130742049469964,0.038298172261484,5.565371024734983,ST,70,49,47,64,43,30,30,42,66,59,27,34,27,53,47,58,66,19,43,20,64,73,80,50,51,54,93,27,55,72,8,27,30,32,46,58,59,62,81,41,58,54,73,54,24,32,32,27,11,19,8,54,24,27,34,8,49,35,43,49,19,32,5,49,65,68,50,51,54,93,27,55,72,8,27,30,16,22,43,43,49,70,22,49,30,57,Serbian SuperLeague
Zemun,4ppegvbl5hgavq8ter9xctwes,9e0b7tuor0m1meheaftqlmoh6,A. Kadijević,Aleksandar Kadijević,23.0,Defender,Serbia,Defender,47.0,32.0,7.0,79.0,2.0,2.0,0.0,19.0,14.0,363.0,2.0,0.0,0.0,0.0,2.0,1.0,3.0,3.0,0.0,0.0,7.0,2.0,5.0,7.0,0.0,0.0,73.83,33.33,0.0,66.67,0.0,57.58,33.33,55.56,0.1492122713128512,0.0,1.0,2.0,0.03733942,1.0,6.0,8.0,0.14607067,37.0,11.652892561983473,7.933884297520661,1.7355371900826446,19.58677685950413,0.4958677685950413,0.4958677685950413,0.0,4.710743801652892,3.471074380165289,0.4958677685950413,0.0,0.0,0.0,0.4958677685950413,0.2479338842975206,0.7438016528925621,0.7438016528925621,0.0,0.0,1.7355371900826446,0.4958677685950413,1.2396694214876034,1.7355371900826446,0.0,0.0,73.83,33.33,0.0,66.67,0.0,57.58,33.33,55.56,0.0369947780114507,0.0,0.2479338842975206,0.4958677685950413,0.0092577074380165,0.2479338842975206,1.487603305785124,1.983471074380165,0.0362158685950413,9.173553719008265,LB/LCB,25,14,29,21,7,29,14,21,29,25,11,39,11,68,54,29,25,43,25,57,54,43,61,50,54,36,29,11,75,25,79,18,36,29,11,46,11,7,21,21,25,7,21,36,14,36,29,14,43,14,21,71,29,11,39,11,86,71,43,36,43,25,79,57,64,100,50,54,36,29,11,75,25,79,18,36,36,11,64,29,14,29,21,29,7,29,Serbian SuperLeague
Zemun,4ppegvbl5hgavq8ter9xctwes,a5rsje3kd8lffn27ydggth2ol,I. Ostojić,Ivan Ostojic,37.0,Defender,Serbia,Defender,149.0,88.0,29.0,236.0,26.0,1.0,1.0,35.0,45.0,720.0,7.0,1.0,0.0,2.0,0.0,0.0,0.0,0.0,0.0,0.0,4.0,0.0,4.0,4.0,0.0,0.0,79.73,54.72,25.0,0.0,0.0,66.04,70.27,80.0,0.1397040929282006,0.2119074735956333,0.0,5.0,0.10980354,2.0,22.0,30.0,0.8276689999999995,150.0,18.625,11.0,3.625,29.5,3.25,0.125,0.125,4.375,5.625,0.875,0.125,0.0,0.25,0.0,0.0,0.0,0.0,0.0,0.0,0.5,0.0,0.5,0.5,0.0,0.0,79.73,54.72,25.0,0.0,0.0,66.04,70.27,80.0,0.017463011616025,0.0264884341994541,0.0,0.625,0.0137254425,0.25,2.75,3.75,0.1034586249999999,18.75,CB,64,64,96,62,98,23,40,78,87,78,74,48,58,27,32,14,14,47,22,56,20,56,44,48,51,27,82,80,20,22,87,80,83,38,78,28,62,56,66,84,87,91,78,33,36,76,33,93,16,29,36,78,56,71,48,44,27,32,14,14,47,22,33,20,32,24,48,51,27,82,80,20,22,87,80,83,27,60,28,43,44,58,69,73,76,56,Serbian SuperLeague
Zemun,4ppegvbl5hgavq8ter9xctwes,ayp56wl21jdsgh0iahag2r4dl,V. Bakić,Vasilije Bakic,26.0,Defender,Serbia,Defender,136.0,38.0,9.0,174.0,16.0,3.0,3.0,31.0,31.0,450.0,5.0,0.0,0.0,0.0,0.0,0.0,3.0,3.0,0.0,2.0,3.0,2.0,8.0,6.0,0.0,0.0,87.88,39.13,0.0,66.67,66.67,68.89,76.19,80.0,0.3928283376764653,0.0,0.0,4.0,0.07722496,1.0,5.0,9.0,0.2187970899999999,113.0,27.2,7.6,1.8,34.8,3.2,0.6,0.6,6.2,6.2,1.0,0.0,0.0,0.0,0.0,0.0,0.6,0.6,0.0,0.4,0.6,0.4,1.6,1.2,0.0,0.0,87.88,39.13,0.0,66.67,66.67,68.89,76.19,80.0,0.078565667535293,0.0,0.0,0.8,0.015444992,0.2,1.0,1.8,0.0437594179999999,22.6,CB,58,24,31,49,77,61,78,66,70,56,36,48,14,27,32,74,73,47,93,44,81,86,52,48,51,78,42,36,77,89,93,91,83,73,19,28,51,49,46,28,39,29,60,51,16,27,44,91,62,82,91,91,68,36,48,14,27,32,71,71,47,89,46,72,92,70,48,51,78,42,36,77,89,93,91,83,82,19,28,60,53,51,31,36,33,69,Serbian SuperLeague
Zemun,4ppegvbl5hgavq8ter9xctwes,d23c9thwkc48480u8cziif2tw,Đ. Petrović,Đorđe Petrović,28.0,Midfielder,Serbia,Midfielder,40.0,29.0,2.0,69.0,0.0,3.0,1.0,10.0,1.0,356.0,4.0,0.0,0.0,1.0,2.0,0.0,1.0,1.0,1.0,1.0,5.0,1.0,3.0,1.0,0.0,0.0,75.82,28.57,0.0,100.0,33.33,29.41,0.0,75.0,0.2019482818592702,0.1292235001776999,2.0,0.0,0.0,0.0,4.0,7.0,0.1725313999999999,20.0,10.112359550561797,7.331460674157303,0.5056179775280899,17.4438202247191,0.0,0.7584269662921348,0.2528089887640449,2.528089887640449,0.2528089887640449,1.0112359550561798,0.0,0.0,0.2528089887640449,0.5056179775280899,0.0,0.2528089887640449,0.2528089887640449,0.2528089887640449,0.2528089887640449,1.2640449438202246,0.2528089887640449,0.7584269662921348,0.2528089887640449,0.0,0.0,75.82,28.57,0.0,100.0,33.33,29.41,0.0,75.0,0.0510543409194784,0.0326688624044746,0.5056179775280899,0.0,0.0,0.0,1.0112359550561798,1.7696629213483146,0.0436174887640449,5.056179775280898,RM/RCM,50,33,33,33,25,17,25,33,25,17,17,33,17,33,25,17,17,100,33,67,25,42,33,58,58,83,33,17,100,42,33,25,67,17,17,25,17,17,17,33,33,17,33,83,17,33,67,25,50,33,50,17,33,17,33,17,50,25,17,17,100,50,50,17,67,33,58,58,83,33,17,100,42,33,25,67,50,17,67,17,17,17,33,17,17,33,Serbian SuperLeague
Čukarički,c7o9hpr4axv7govpi4s5ohbnd,1wkcr4473tca3yl1suywrwyne,S. Sissoko,Sambou Sissoko,26.0,Midfielder,Mali,Midfielder,105.0,136.0,23.0,241.0,13.0,4.0,2.0,42.0,24.0,765.0,4.0,0.0,0.0,2.0,2.0,1.0,6.0,7.0,0.0,1.0,3.0,5.0,10.0,9.0,0.0,0.0,80.33,57.5,0.0,83.33,25.0,56.0,59.09,47.62,0.4177538883123768,0.1630773472851808,2.0,3.0,0.0609883799999999,6.0,38.0,50.0,0.7770656499999998,158.0,12.352941176470589,16.0,2.7058823529411766,28.352941176470587,1.5294117647058822,0.4705882352941176,0.2352941176470588,4.941176470588236,2.823529411764706,0.4705882352941176,0.0,0.0,0.2352941176470588,0.2352941176470588,0.1176470588235294,0.7058823529411765,0.8235294117647058,0.0,0.1176470588235294,0.3529411764705882,0.5882352941176471,1.1764705882352942,1.0588235294117647,0.0,0.0,80.33,57.5,0.0,83.33,25.0,56.0,59.09,47.62,0.0491475162720443,0.0191855702688448,0.2352941176470588,0.3529411764705882,0.0071751035294117,0.7058823529411765,4.470588235294118,5.882352941176471,0.0914194882352941,18.58823529411765,DM/CM,65,89,89,89,89,56,83,85,93,59,24,41,41,37,57,54,61,41,50,17,76,87,91,52,52,41,59,24,87,48,56,63,19,74,44,50,39,33,96,96,100,81,96,22,52,56,41,74,19,63,44,81,41,24,41,26,19,41,37,33,41,37,4,56,37,59,52,52,41,59,24,87,48,56,63,19,56,37,33,26,26,81,78,93,67,74,Serbian SuperLeague
Čukarički,c7o9hpr4axv7govpi4s5ohbnd,21mjw9o9sbhqgf6fcqtskxmvo,I. Maiga,Ismael Alves Gaetan Maiga,22.0,Defender,Côte d'Ivoire,Defender,246.0,87.0,20.0,333.0,15.0,2.0,2.0,41.0,51.0,810.0,4.0,0.0,0.0,1.0,0.0,0.0,4.0,5.0,0.0,1.0,10.0,1.0,9.0,7.0,0.0,0.0,82.43,31.75,0.0,25.0,50.0,61.19,60.0,60.0,0.2223969855723019,0.0421722804978995,0.0,3.0,0.05417292,1.0,14.0,19.0,0.3384943199999998,134.0,27.33333333333333,9.666666666666666,2.2222222222222223,37.0,1.6666666666666667,0.2222222222222222,0.2222222222222222,4.555555555555555,5.666666666666667,0.4444444444444444,0.0,0.0,0.1111111111111111,0.0,0.0,0.4444444444444444,0.5555555555555556,0.0,0.1111111111111111,1.1111111111111112,0.1111111111111111,1.0,0.7777777777777778,0.0,0.0,82.43,31.75,0.0,25.0,50.0,61.19,60.0,60.0,0.0247107761747002,0.004685808944211,0.0,0.3333333333333333,0.0060192133333333,0.1111111111111111,1.5555555555555556,2.111111111111111,0.0376104799999999,14.88888888888889,CB,96,62,78,84,70,40,63,96,93,48,36,48,39,27,32,83,87,47,66,92,57,92,64,48,51,44,20,36,44,80,71,56,44,51,42,28,43,38,46,61,66,42,71,53,27,49,47,38,20,44,44,80,36,36,48,29,27,32,64,69,47,46,71,41,70,33,48,51,44,20,36,44,80,71,56,44,36,38,28,31,29,40,36,42,27,47,Serbian SuperLeague
Čukarički,c7o9hpr4axv7govpi4s5ohbnd,2e0kjyftixsji3hhxydl179t6,L. Mijović,Lazar Mijovic,23.0,Midfielder,Montenegro,Midfielder,4.0,16.0,1.0,18.0,0.0,5.0,3.0,5.0,1.0,184.0,8.0,2.0,0.0,2.0,2.0,1.0,7.0,7.0,0.0,3.0,3.0,1.0,1.0,0.0,0.0,0.0,60.0,33.33,40.0,14.29,60.0,26.32,0.0,100.0,0.4443168844613393,0.2857881041162183,3.0,5.0,0.14222784,1.0,2.0,4.0,0.56499952,8.0,1.956521739130435,7.82608695652174,0.4891304347826087,8.804347826086957,0.0,2.4456521739130435,1.4673913043478262,2.4456521739130435,0.4891304347826087,3.91304347826087,0.9782608695652176,0.0,0.9782608695652176,0.9782608695652176,0.4891304347826087,3.423913043478261,3.423913043478261,0.0,1.4673913043478262,1.4673913043478262,0.4891304347826087,0.4891304347826087,0.0,0.0,0.0,60.0,33.33,40.0,14.29,60.0,26.32,0.0,100.0,0.217328910877829,0.1397876596220633,1.4673913043478262,2.4456521739130435,0.0695679652173913,0.4891304347826087,0.9782608695652176,1.956521739130435,0.2763584608695652,3.91304347826087,RM/RCM,17,17,17,17,25,58,58,17,25,50,33,33,33,33,67,33,33,50,75,25,25,17,17,58,58,17,50,100,17,100,17,25,100,67,33,67,67,67,33,17,17,33,17,17,33,17,17,25,100,100,33,33,100,67,33,33,100,100,100,100,50,100,67,67,33,17,58,58,17,50,100,17,100,17,25,100,100,67,100,67,83,50,17,33,100,17,Serbian SuperLeague
Čukarički,c7o9hpr4axv7govpi4s5ohbnd,2jcqhmyzt2fbjln45itsqa8r9,U. Nikolić,Uros Nikolic,32.0,Midfielder,Serbia,Midfielder,17.0,25.0,3.0,42.0,1.0,4.0,3.0,4.0,1.0,190.0,5.0,0.0,0.0,5.0,1.0,1.0,3.0,4.0,1.0,1.0,1.0,0.0,2.0,0.0,0.0,0.0,70.0,30.0,0.0,0.0,25.0,30.77,33.33,100.0,0.4150703707289696,0.2411239160594075,1.0,2.0,0.0427186799999999,0.0,3.0,3.0,0.0972828799999999,16.0,8.052631578947368,11.842105263157894,1.4210526315789471,19.894736842105264,0.4736842105263157,1.894736842105263,1.4210526315789471,1.894736842105263,0.4736842105263157,2.3684210526315788,0.0,0.0,2.3684210526315788,0.4736842105263157,0.4736842105263157,1.4210526315789471,1.894736842105263,0.4736842105263157,0.4736842105263157,0.4736842105263157,0.0,0.9473684210526316,0.0,0.0,0.0,70.0,30.0,0.0,0.0,25.0,30.77,33.33,100.0,0.1966122808716171,0.114216591817614,0.4736842105263157,0.9473684210526316,0.0202351642105262,0.0,1.4210526315789471,1.4210526315789471,0.0460813642105262,7.578947368421052,CM/AM,14,3,12,3,22,21,50,3,34,16,16,31,21,14,26,17,24,55,21,5,9,31,10,52,48,5,7,16,9,31,7,47,91,34,10,22,7,7,9,9,7,7,3,41,14,45,21,41,45,69,3,52,48,16,31,55,28,38,38,62,83,34,7,9,69,10,52,48,5,7,16,9,31,7,47,91,69,34,41,7,7,9,17,14,10,17,Serbian SuperLeague
Čukarički,c7o9hpr4axv7govpi4s5ohbnd,2rrvmbqz8849p8tym2wmy5c0k,U. Miladinović,Uros Miladinovic,22.0,Midfielder,Serbia,Midfielder,38.0,78.0,8.0,113.0,2.0,26.0,16.0,39.0,5.0,699.0,43.0,3.0,2.0,11.0,10.0,10.0,38.0,39.0,4.0,10.0,14.0,17.0,6.0,1.0,0.0,0.0,71.52,61.54,20.0,44.74,38.46,33.91,10.53,100.0,2.526042593758004,1.1279220397708971,15.0,20.0,0.6884467499999999,5.0,9.0,18.0,0.90859568,52.0,4.8927038626609445,10.042918454935622,1.0300429184549356,14.549356223175966,0.2575107296137339,3.347639484978541,2.060085836909871,5.021459227467811,0.6437768240343348,5.536480686695279,0.3862660944206008,0.2575107296137339,1.4163090128755365,1.2875536480686696,1.2875536480686696,4.8927038626609445,5.021459227467811,0.5150214592274678,1.2875536480686696,1.802575107296137,2.188841201716738,0.7725321888412017,0.1287553648068669,0.0,0.0,71.52,61.54,20.0,44.74,38.46,33.91,10.53,100.0,0.3252415356769962,0.1452260137044073,1.931330472103004,2.575107296137339,0.0886412124463519,0.6437768240343348,1.158798283261803,2.3175965665236054,0.1169865682403433,6.695278969957082,LW,86,64,71,71,43,100,100,71,57,100,36,93,71,100,100,100,100,100,100,79,100,50,29,57,57,43,100,43,57,43,14,29,93,100,71,100,71,71,71,64,71,57,43,29,29,71,29,29,100,100,57,29,86,29,86,57,86,100,100,100,100,100,57,86,29,29,57,57,43,100,43,57,43,14,29,93,100,57,100,29,43,43,29,57,43,29,Serbian SuperLeague
Čukarički,c7o9hpr4axv7govpi4s5ohbnd,2xnchtiqivtpgvw4mnwazf2dx,M. Docić,Marko Docic,33.0,Midfielder,Serbia,Midfielder,113.0,151.0,24.0,255.0,3.0,9.0,2.0,21.0,17.0,696.0,3.0,9.0,0.0,8.0,7.0,1.0,3.0,4.0,1.0,5.0,8.0,2.0,5.0,9.0,0.0,1.0,75.89,40.68,23.08,66.67,55.56,47.73,37.5,62.5,0.5025325821716542,0.7614699746501111,4.0,10.0,0.25641867,8.0,28.0,36.0,0.69463687,139.0,14.612068965517242,19.52586206896552,3.103448275862069,32.974137931034484,0.3879310344827586,1.1637931034482758,0.2586206896551724,2.7155172413793105,2.1982758620689653,0.3879310344827586,1.1637931034482758,0.0,1.0344827586206895,0.9051724137931034,0.1293103448275862,0.3879310344827586,0.5172413793103449,0.1293103448275862,0.646551724137931,1.0344827586206895,0.2586206896551724,0.646551724137931,1.1637931034482758,0.0,0.1293103448275862,75.89,40.68,23.08,66.67,55.56,47.73,37.5,62.5,0.0649826614877139,0.0984659449978592,0.5172413793103449,1.293103448275862,0.033157586637931,1.0344827586206895,3.6206896551724137,4.655172413793103,0.0898237331896551,17.974137931034484,CM/AM,90,86,90,86,53,45,29,66,100,7,88,31,53,67,26,17,24,55,76,62,41,78,98,52,98,28,14,53,93,90,52,59,59,38,62,59,60,55,93,83,90,72,90,79,62,79,62,31,21,14,10,100,7,72,31,21,48,21,7,10,34,52,28,21,45,90,52,97,28,14,53,93,90,52,59,59,14,24,45,24,21,66,55,69,28,72,Serbian SuperLeague
Čukarički,c7o9hpr4axv7govpi4s5ohbnd,cctyocw3gqz5uo3offsak0kph,F. Durmishaj,Fjorin Durmishaj,29.0,Attacker,Greece,Striker,20.0,27.0,2.0,47.0,15.0,2.0,2.0,24.0,3.0,278.0,10.0,0.0,0.0,3.0,0.0,1.0,2.0,2.0,1.0,1.0,8.0,0.0,1.0,2.0,0.0,0.0,58.75,25.0,0.0,0.0,50.0,58.54,75.0,100.0,0.262446897096029,0.1795526798155206,0.0,1.0,0.05491138,1.0,3.0,7.0,0.1707913599999999,22.0,6.474820143884892,8.741007194244604,0.6474820143884892,15.215827338129497,4.856115107913669,0.6474820143884892,0.6474820143884892,7.76978417266187,0.9712230215827338,3.237410071942446,0.0,0.0,0.9712230215827338,0.0,0.3237410071942446,0.6474820143884892,0.6474820143884892,0.3237410071942446,0.3237410071942446,2.5899280575539567,0.0,0.3237410071942446,0.6474820143884892,0.0,0.0,58.75,25.0,0.0,0.0,50.0,58.54,75.0,100.0,0.0849648228008726,0.0581285654079023,0.0,0.3237410071942446,0.0177770654676258,0.3237410071942446,0.9712230215827338,2.2661870503597124,0.0552921669064747,7.122302158273381,ST,51,30,47,32,80,4,5,47,46,8,27,34,27,11,30,9,9,53,12,51,9,24,55,50,51,11,18,27,9,82,92,100,91,5,22,8,9,14,24,41,58,32,51,81,46,65,62,97,8,14,86,65,27,27,34,51,11,38,14,14,65,14,81,9,27,70,50,51,11,18,27,9,82,92,100,91,11,30,8,8,16,32,54,84,49,76,Serbian SuperLeague
Čukarički,c7o9hpr4axv7govpi4s5ohbnd,cira7gz5828oc2mkwdx23zp3p,N. Miletić,Nemanja Miletic,35.0,Defender,Serbia,Defender,100.0,80.0,9.0,175.0,4.0,2.0,1.0,20.0,29.0,730.0,9.0,5.0,1.0,12.0,1.0,0.0,9.0,10.0,0.0,0.0,6.0,4.0,3.0,7.0,0.0,0.0,83.33,45.0,29.41,44.44,0.0,42.55,28.57,50.0,0.1473184395235467,1.2312022812023606,0.0,10.0,0.2336161199999999,3.0,17.0,19.0,1.03556436,86.0,12.328767123287673,9.863013698630136,1.1095890410958904,21.575342465753423,0.4931506849315069,0.2465753424657534,0.1232876712328767,2.4657534246575343,3.5753424657534247,1.1095890410958904,0.6164383561643836,0.1232876712328767,1.479452054794521,0.1232876712328767,0.0,1.1095890410958904,1.2328767123287672,0.0,0.0,0.7397260273972603,0.4931506849315069,0.3698630136986301,0.863013698630137,0.0,0.0,83.33,45.0,29.41,44.44,0.0,42.55,28.57,50.0,0.0181625473385194,0.1517920620660444,0.0,1.2328767123287672,0.0288019873972602,0.3698630136986301,2.095890410958904,2.3424657534246576,0.1276723183561643,10.602739726027398,CB,39,56,31,51,28,40,40,40,67,93,100,98,100,67,32,96,96,47,22,71,93,44,64,48,51,54,56,84,51,22,13,13,31,40,100,28,92,93,83,71,66,98,47,16,29,9,18,13,22,24,13,42,73,91,96,100,53,32,89,91,47,22,53,89,18,38,48,51,54,56,84,51,22,13,13,31,29,100,28,82,80,64,53,47,87,38,Serbian SuperLeague
Čukarički,c7o9hpr4axv7govpi4s5ohbnd,cuf2wkiimnknilv1ur2hdku1g,A. Cissé,Aboubacar Cissé,22.0,Midfielder,Senegal,Midfielder,23.0,35.0,4.0,55.0,3.0,9.0,7.0,19.0,5.0,459.0,18.0,3.0,0.0,4.0,2.0,2.0,8.0,8.0,1.0,2.0,5.0,3.0,7.0,8.0,0.0,0.0,63.22,36.36,33.33,37.5,22.22,41.3,42.86,87.5,1.2447646544249764,0.3224284644969137,6.0,9.0,0.27716179,4.0,0.0,2.0,0.22046612,17.0,4.509803921568627,6.862745098039216,0.7843137254901962,10.784313725490197,0.5882352941176471,1.7647058823529411,1.3725490196078431,3.725490196078432,0.9803921568627452,3.5294117647058827,0.5882352941176471,0.0,0.7843137254901962,0.3921568627450981,0.3921568627450981,1.5686274509803924,1.5686274509803924,0.196078431372549,0.3921568627450981,0.9803921568627452,0.5882352941176471,1.3725490196078431,1.5686274509803924,0.0,0.0,63.22,36.36,33.33,37.5,22.22,41.3,42.86,87.5,0.2440715008676424,0.0632212675484144,1.1764705882352942,1.7647058823529411,0.0543454490196078,0.7843137254901962,0.0,0.3921568627450981,0.0432286509803921,3.333333333333333,ST,59,35,78,46,22,41,51,31,66,54,81,34,39,43,47,51,51,53,27,27,50,89,96,50,51,16,38,85,46,27,32,51,77,65,41,76,69,68,65,4,24,46,36,41,30,81,24,16,30,41,11,68,30,84,34,24,38,43,49,43,49,22,19,46,92,100,50,51,16,38,85,46,27,32,51,77,54,35,86,70,70,65,4,16,35,24,Serbian SuperLeague
Čukarički,c7o9hpr4axv7govpi4s5ohbnd,dvyp6jmn4ikyjw4vofj6jqqz8,M. Đoković,Milan Djokovic,22.0,Defender,Serbia,Defender,102.0,53.0,14.0,155.0,15.0,4.0,3.0,23.0,35.0,540.0,9.0,0.0,0.0,1.0,1.0,2.0,0.0,0.0,1.0,1.0,3.0,0.0,4.0,12.0,0.0,0.0,76.35,36.84,0.0,0.0,25.0,53.49,71.43,66.67,0.365919344442376,0.0374705142382887,2.0,1.0,0.01870347,0.0,13.0,17.0,0.49199197,98.0,17.0,8.833333333333334,2.333333333333333,25.83333333333333,2.5,0.6666666666666666,0.5,3.8333333333333335,5.833333333333333,1.5,0.0,0.0,0.1666666666666666,0.1666666666666666,0.3333333333333333,0.0,0.0,0.1666666666666666,0.1666666666666666,0.5,0.0,0.6666666666666666,2.0,0.0,0.0,76.35,36.84,0.0,0.0,25.0,53.49,71.43,66.67,0.0609865574070626,0.0062450857063814,0.3333333333333333,0.1666666666666666,0.003117245,0.0,2.1666666666666665,2.833333333333333,0.0819986616666666,16.333333333333332,CB,42,38,53,38,70,80,78,52,78,93,36,48,39,67,93,14,14,96,66,44,20,56,93,48,51,20,38,36,20,56,38,87,63,71,38,87,26,22,19,54,60,62,52,27,22,53,29,61,72,76,20,84,87,36,48,38,62,89,14,14,96,58,33,20,50,93,48,51,20,38,36,20,56,38,87,63,71,42,82,22,22,19,56,58,60,49,Serbian SuperLeague
Čukarički,c7o9hpr4axv7govpi4s5ohbnd,en1ygwe0e5wsfkinp14ye2dck,V. Radosavljević,Veljko Radosavljevic,21.0,Midfielder,Serbia,Midfielder,20.0,22.0,2.0,42.0,16.0,10.0,8.0,22.0,3.0,314.0,11.0,0.0,0.0,2.0,2.0,3.0,2.0,3.0,0.0,3.0,3.0,0.0,1.0,4.0,0.0,0.0,67.74,66.67,0.0,0.0,30.0,55.0,72.73,33.33,0.961011786539343,0.1674122831642064,3.0,3.0,0.05867334,0.0,5.0,6.0,0.1272079099999999,25.0,5.732484076433121,6.305732484076433,0.5732484076433121,12.038216560509554,4.585987261146497,2.8662420382165603,2.2929936305732483,6.305732484076433,0.8598726114649682,3.1528662420382165,0.0,0.0,0.5732484076433121,0.5732484076433121,0.8598726114649682,0.5732484076433121,0.8598726114649682,0.0,0.8598726114649682,0.8598726114649682,0.0,0.286624203821656,1.1464968152866242,0.0,0.0,67.74,66.67,0.0,0.0,30.0,55.0,72.73,33.33,0.2754492381800665,0.0479844123719062,0.8598726114649682,0.8598726114649682,0.0168171993630573,0.0,1.4331210191082802,1.7197452229299364,0.0364608659235668,7.165605095541401,LM/LCM,43,14,21,14,86,71,79,57,57,71,29,43,29,57,100,29,43,36,71,43,14,43,71,57,57,14,79,29,14,29,29,86,43,71,29,86,29,29,21,43,36,14,43,29,29,14,14,100,71,71,71,43,57,29,43,29,57,100,29,29,36,71,57,14,43,86,57,57,14,79,29,14,29,29,86,43,71,29,86,29,29,21,43,29,14,29,Serbian SuperLeague
Čukarički,c7o9hpr4axv7govpi4s5ohbnd,epuiubjri2oyama7dt0v1p7u1,Z. Šehović,Zlatan Sehovic,26.0,Defender,Serbia,Defender,63.0,79.0,11.0,136.0,15.0,5.0,3.0,46.0,20.0,767.0,15.0,6.0,2.0,7.0,2.0,2.0,6.0,6.0,0.0,1.0,18.0,0.0,12.0,12.0,0.0,0.0,65.38,30.56,26.09,0.0,20.0,53.49,57.69,92.31,0.4058247305703662,0.5994535330198903,1.0,10.0,0.2499658599999999,2.0,20.0,19.0,0.62496496,78.0,7.392438070404173,9.269882659713168,1.2907431551499349,15.958279009126468,1.760104302477184,0.5867014341590613,0.3520208604954368,5.397653194263364,2.346805736636245,1.760104302477184,0.7040417209908736,0.2346805736636245,0.8213820078226858,0.2346805736636245,0.2346805736636245,0.7040417209908736,0.7040417209908736,0.0,0.1173402868318122,2.1121251629726205,0.0,1.4080834419817472,1.4080834419817472,0.0,0.0,65.38,30.56,26.09,0.0,20.0,53.49,57.69,92.31,0.0476195902885697,0.0703400495068971,0.1173402868318122,1.1734028683181226,0.0293310657105606,0.2346805736636245,2.346805736636245,2.229465449804433,0.073333567666232,9.152542372881356,LB/LCB,43,64,50,43,86,79,79,100,79,86,79,100,86,68,79,61,54,43,68,100,11,100,100,50,54,14,21,57,11,57,43,50,93,71,86,46,75,79,46,79,61,50,57,14,21,21,21,64,64,50,79,36,86,79,100,57,50,64,36,29,43,50,93,11,86,71,50,54,14,21,57,11,57,43,50,93,57,50,29,57,57,21,64,36,36,21,Serbian SuperLeague
Železničar Pančevo,69yj0igv40jefp5ezs23ohmnd,13vbotdyjvth1utolkv4zo8wk,U. Tegeltija,Uros Tegeltija,20.0,Midfielder,Serbia,Midfielder,104.0,103.0,8.0,204.0,7.0,4.0,1.0,28.0,11.0,540.0,16.0,3.0,1.0,9.0,3.0,1.0,12.0,14.0,0.0,0.0,9.0,3.0,6.0,5.0,0.0,0.0,87.18,66.67,25.0,25.0,0.0,49.12,87.5,66.67,0.295012226351736,0.907074621283676,3.0,26.0,0.6579249999999999,10.0,18.0,24.0,1.1961420300000003,82.0,17.333333333333332,17.166666666666668,1.3333333333333333,34.0,1.1666666666666667,0.6666666666666666,0.1666666666666666,4.666666666666667,1.8333333333333333,2.6666666666666665,0.5,0.1666666666666666,1.5,0.5,0.1666666666666666,2.0,2.333333333333333,0.0,0.0,1.5,0.5,1.0,0.8333333333333334,0.0,0.0,87.18,66.67,25.0,25.0,0.0,49.12,87.5,66.67,0.049168704391956,0.1511791035472793,0.5,4.333333333333333,0.1096541666666666,1.6666666666666667,3.0,4.0,0.199357005,13.666666666666666,RM/RCM,100,83,58,100,83,33,25,83,83,83,50,67,67,67,67,83,83,50,17,83,67,75,50,58,58,100,100,67,42,17,83,100,50,33,67,67,100,100,83,83,83,67,83,100,100,83,100,83,33,17,100,67,83,42,67,83,33,67,67,83,50,17,83,83,83,67,58,58,100,100,67,42,17,83,100,50,33,83,50,100,100,100,100,100,67,100,Serbian SuperLeague
Železničar Pančevo,69yj0igv40jefp5ezs23ohmnd,19kimwp506e7gkyfs0m932gb8,A. Kuljanin,Aleksa Kuljanin,22.0,Attacker,Serbia,Striker,10.0,42.0,2.0,49.0,1.0,7.0,5.0,23.0,0.0,265.0,25.0,3.0,1.0,4.0,2.0,1.0,24.0,26.0,1.0,1.0,6.0,8.0,6.0,1.0,0.0,0.0,66.22,40.0,33.33,33.33,14.29,46.0,0.0,75.0,0.5917014370723634,0.4740248445018851,3.0,9.0,0.2864184099999999,4.0,3.0,10.0,0.6528037599999998,17.0,3.39622641509434,14.264150943396226,0.6792452830188679,16.641509433962263,0.3396226415094339,2.3773584905660377,1.6981132075471697,7.811320754716981,0.0,8.490566037735848,1.018867924528302,0.3396226415094339,1.3584905660377358,0.6792452830188679,0.3396226415094339,8.150943396226415,8.830188679245282,0.3396226415094339,0.3396226415094339,2.037735849056604,2.7169811320754715,2.037735849056604,0.3396226415094339,0.0,0.0,66.22,40.0,33.33,33.33,14.29,46.0,0.0,75.0,0.2009552050434441,0.1609895698308288,1.018867924528302,3.056603773584905,0.097274176981132,1.3584905660377358,1.018867924528302,3.39622641509434,0.2217069373584905,5.773584905660377,RW,14,36,21,29,25,46,50,79,11,82,64,75,32,32,36,93,93,79,25,71,71,86,39,54,54,43,43,82,18,18,57,14,79,43,43,32,54,50,64,21,64,64,18,36,64,29,57,29,71,79,100,11,100,79,86,29,43,43,100,100,93,29,93,93,100,50,54,54,43,43,82,18,18,57,14,79,64,64,43,64,57,71,29,79,86,29,Serbian SuperLeague
Železničar Pančevo,69yj0igv40jefp5ezs23ohmnd,1pzcghsrs472onevuxx0h984q,M. Milikić,Mirko Milikic,24.0,Defender,Serbia,Defender,201.0,136.0,17.0,337.0,15.0,3.0,3.0,21.0,32.0,450.0,7.0,0.0,0.0,2.0,0.0,0.0,0.0,0.0,0.0,0.0,4.0,0.0,2.0,1.0,0.0,0.0,84.67,32.69,0.0,0.0,0.0,53.85,55.56,66.67,0.3444094398374653,0.1259282889384128,1.0,9.0,0.1623044599999999,0.0,41.0,41.0,0.89571069,229.0,40.2,27.2,3.4,67.4,3.0,0.6,0.6,4.2,6.4,1.4,0.0,0.0,0.4,0.0,0.0,0.0,0.0,0.0,0.0,0.8,0.0,0.4,0.2,0.0,0.0,84.67,32.69,0.0,0.0,0.0,53.85,55.56,66.67,0.068881887967493,0.0251856577876825,0.2,1.8,0.0324608919999999,0.0,8.2,8.2,0.179142138,45.8,CB,80,93,67,87,70,61,78,46,73,78,36,48,58,27,32,14,14,47,22,56,20,30,13,48,51,62,22,36,20,22,41,46,63,69,53,68,87,78,19,100,98,93,96,89,91,70,91,80,62,82,29,93,83,36,48,58,27,32,14,14,47,22,60,20,21,9,48,51,62,22,36,20,22,41,46,63,78,58,67,93,82,19,100,100,93,98,Serbian SuperLeague
Železničar Pančevo,69yj0igv40jefp5ezs23ohmnd,68g4r734ed6xsjsg285juwwes,M. Sabo,Mamane Sabo,21.0,Midfielder,Niger,Midfielder,127.0,99.0,13.0,222.0,4.0,2.0,0.0,25.0,4.0,430.0,0.0,4.0,0.0,8.0,2.0,0.0,7.0,7.0,0.0,0.0,6.0,5.0,6.0,1.0,0.0,0.0,87.75,61.9,26.67,71.43,0.0,69.44,57.14,60.0,0.0881371477192173,0.9700024878185216,2.0,8.0,0.2076843799999999,1.0,29.0,23.0,1.06222532,103.0,26.58139534883721,20.72093023255814,2.7209302325581395,46.46511627906977,0.8372093023255814,0.4186046511627907,0.0,5.232558139534884,0.8372093023255814,0.0,0.8372093023255814,0.0,1.6744186046511629,0.4186046511627907,0.0,1.4651162790697674,1.4651162790697674,0.0,0.0,1.255813953488372,1.0465116279069768,1.255813953488372,0.2093023255813953,0.0,0.0,87.75,61.9,26.67,71.43,0.0,69.44,57.14,60.0,0.0184473099877431,0.2030237765201556,0.4186046511627907,1.6744186046511629,0.0434688237209302,0.2093023255813953,6.069767441860465,4.813953488372093,0.2223262297674418,21.55813953488372,DM/CM,89,70,54,78,39,17,15,50,24,7,81,41,87,37,20,63,61,41,19,50,76,43,7,52,52,93,74,56,78,19,96,56,33,22,96,50,67,78,43,85,74,96,69,93,70,63,85,37,11,15,48,19,7,89,41,89,30,20,67,67,41,19,48,78,56,4,52,52,93,74,56,78,19,96,56,33,19,93,48,70,78,44,89,78,96,81,Serbian SuperLeague
Železničar Pančevo,69yj0igv40jefp5ezs23ohmnd,8frgv0pvohmbutgwmuls5dvkk,N. Vidojević,Nemanja Vidojevic,22.0,Defender,Serbia,Defender,386.0,208.0,17.0,594.0,15.0,0.0,0.0,31.0,36.0,630.0,1.0,0.0,0.0,4.0,0.0,0.0,0.0,0.0,0.0,0.0,10.0,0.0,5.0,7.0,0.0,0.0,92.52,39.53,0.0,0.0,0.0,63.27,78.95,83.33,0.0,0.2579770331379025,0.0,15.0,0.3008731,6.0,39.0,37.0,0.7750720399999997,374.0,55.142857142857146,29.714285714285715,2.4285714285714284,84.85714285714286,2.142857142857143,0.0,0.0,4.428571428571429,5.142857142857143,0.1428571428571428,0.0,0.0,0.5714285714285714,0.0,0.0,0.0,0.0,0.0,0.0,1.4285714285714286,0.0,0.7142857142857143,1.0,0.0,0.0,92.52,39.53,0.0,0.0,0.0,63.27,78.95,83.33,0.0,0.0368538618768432,0.0,2.142857142857143,0.0429818714285714,0.8571428571428571,5.571428571428571,5.285714285714286,0.1107245771428571,53.42857142857143,CB,100,100,67,100,70,8,12,66,80,17,36,48,84,27,32,14,14,47,22,92,20,68,64,48,51,91,44,36,20,22,78,93,87,12,82,28,100,100,97,98,96,87,100,98,96,58,98,51,8,12,38,69,11,36,48,71,27,32,14,14,47,22,82,20,53,53,48,51,91,44,36,20,22,78,93,87,12,71,28,96,93,89,98,89,82,100,Serbian SuperLeague
Železničar Pančevo,69yj0igv40jefp5ezs23ohmnd,9pjzsgyd3phhovj3z68lnxic4,N. Jovanović,Nikola Jovanovic,22.0,Attacker,Serbia,Striker,25.0,49.0,8.0,70.0,3.0,9.0,6.0,21.0,2.0,358.0,20.0,4.0,1.0,6.0,3.0,0.0,9.0,10.0,1.0,5.0,7.0,6.0,1.0,1.0,0.0,0.0,84.34,80.0,36.36,66.67,55.56,48.84,37.5,20.0,0.7310856084143613,0.5131514366509039,6.0,15.0,0.49858164,2.0,5.0,5.0,0.4431756199999999,25.0,6.284916201117318,12.318435754189943,2.011173184357542,17.59776536312849,0.7541899441340782,2.2625698324022347,1.5083798882681565,5.279329608938547,0.5027932960893855,5.027932960893855,1.005586592178771,0.2513966480446927,1.5083798882681565,0.7541899441340782,0.0,2.2625698324022347,2.5139664804469275,0.2513966480446927,1.2569832402234635,1.759776536312849,1.5083798882681565,0.2513966480446927,0.2513966480446927,0.0,0.0,84.34,80.0,36.36,66.67,55.56,48.84,37.5,20.0,0.1837924713890852,0.1290045511133557,1.5083798882681565,3.770949720670391,0.1253417530726256,0.5027932960893855,1.2569832402234635,1.2569832402234635,0.1114128653631284,6.284916201117318,RW,79,50,93,57,64,64,57,64,50,64,89,75,57,54,14,50,50,79,89,86,54,25,39,54,54,86,93,93,89,86,79,79,21,57,57,71,79,71,39,61,25,36,57,64,57,86,64,71,50,71,71,50,79,71,71,50,50,14,50,50,79,86,79,50,21,36,54,54,86,93,93,89,86,79,79,21,57,36,79,79,71,43,43,29,29,50,Serbian SuperLeague
Železničar Pančevo,69yj0igv40jefp5ezs23ohmnd,b2kqtbv8qbr8fvv5wxmv1yn10,Simão Pedro,Simão Ambrósio Pedro,20.0,Attacker,Angola,Striker,16.0,97.0,4.0,109.0,2.0,18.0,8.0,26.0,2.0,518.0,23.0,4.0,2.0,8.0,10.0,7.0,15.0,16.0,1.0,5.0,12.0,9.0,2.0,2.0,0.0,0.0,91.6,100.0,18.18,60.0,27.78,50.0,22.22,66.67,1.3615433089410025,0.7331232818464596,12.0,33.0,1.0548727,9.0,4.0,4.0,0.8440787299999999,17.0,2.77992277992278,16.853281853281853,0.694980694980695,18.93822393822394,0.3474903474903475,3.1274131274131274,1.38996138996139,4.517374517374518,0.3474903474903475,3.996138996138997,0.694980694980695,0.3474903474903475,1.38996138996139,1.7374517374517375,1.2162162162162162,2.606177606177606,2.77992277992278,0.1737451737451737,0.8687258687258688,2.0849420849420848,1.5637065637065637,0.3474903474903475,0.3474903474903475,0.0,0.0,91.6,100.0,18.18,60.0,27.78,50.0,22.22,66.67,0.2365615787735332,0.1273766319810451,2.0849420849420848,5.7335907335907335,0.1832790405405405,1.5637065637065637,0.694980694980695,0.694980694980695,0.1466546055984555,2.9536679536679538,RW,39,100,54,100,43,100,82,86,50,71,89,93,71,100,100,75,71,79,89,100,86,39,64,54,54,100,100,25,68,64,93,36,71,93,71,100,100,100,100,43,14,79,18,14,79,36,71,36,79,64,50,43,57,64,93,36,93,100,57,57,64,71,100,57,36,57,54,54,100,100,25,68,64,93,36,71,71,29,93,100,100,86,21,14,57,14,Serbian SuperLeague
Železničar Pančevo,69yj0igv40jefp5ezs23ohmnd,b7p8sir7ovgwmpw8534snk6qc,K. Šekularac,Kristian Sekularac,22.0,Midfielder,Switzerland,Midfielder,71.0,116.0,4.0,186.0,3.0,8.0,3.0,30.0,5.0,448.0,4.0,1.0,0.0,5.0,5.0,2.0,8.0,8.0,0.0,1.0,12.0,5.0,6.0,5.0,0.0,0.0,93.47,80.0,16.67,62.5,12.5,65.22,75.0,60.0,0.4161418646207129,0.3415475755011102,7.0,31.0,0.77587957,12.0,17.0,19.0,0.2943026099999999,71.0,14.263392857142858,23.303571428571427,0.8035714285714286,37.36607142857143,0.6026785714285714,1.6071428571428572,0.6026785714285714,6.026785714285714,1.0044642857142856,0.8035714285714286,0.2008928571428571,0.0,1.0044642857142856,1.0044642857142856,0.4017857142857143,1.6071428571428572,1.6071428571428572,0.0,0.2008928571428571,2.4107142857142856,1.0044642857142856,1.2053571428571428,1.0044642857142856,0.0,0.0,93.47,80.0,16.67,62.5,12.5,65.22,75.0,60.0,0.083599928160411,0.0686144682926337,1.40625,6.227678571428571,0.1558686636160714,2.4107142857142856,3.415178571428571,3.8169642857142856,0.0591232921874999,14.263392857142858,LM/LCM,86,100,43,86,36,57,57,71,79,36,64,43,57,93,79,86,57,36,29,100,71,100,86,57,57,100,100,57,57,14,71,100,86,43,57,100,100,100,100,71,71,43,100,71,86,43,86,29,43,43,57,71,43,57,43,43,71,71,57,57,36,29,71,57,100,71,57,57,100,100,57,57,14,71,100,86,43,57,100,100,100,100,71,71,43,71,Serbian SuperLeague
Železničar Pančevo,69yj0igv40jefp5ezs23ohmnd,bojt6aonaocgnpi9qqcisllw4,D. Ankeye,David Ankeye,24.0,Attacker,Nigeria,Striker,8.0,14.0,1.0,22.0,4.0,6.0,5.0,15.0,1.0,370.0,12.0,0.0,0.0,2.0,1.0,0.0,3.0,3.0,0.0,4.0,8.0,1.0,2.0,1.0,0.0,0.0,66.67,100.0,0.0,33.33,66.67,45.45,57.14,100.0,0.9178157189991416,0.0,2.0,0.0,0.0,0.0,0.0,1.0,0.02072311,10.0,1.945945945945946,3.4054054054054057,0.2432432432432432,5.351351351351352,0.972972972972973,1.4594594594594597,1.2162162162162162,3.648648648648649,0.2432432432432432,2.91891891891892,0.0,0.0,0.4864864864864865,0.2432432432432432,0.0,0.7297297297297298,0.7297297297297298,0.0,0.972972972972973,1.945945945945946,0.2432432432432432,0.4864864864864865,0.2432432432432432,0.0,0.0,66.67,100.0,0.0,33.33,66.67,45.45,57.14,100.0,0.2232524721889804,0.0,0.4864864864864865,0.0,0.0,0.0,0.0,0.2432432432432432,0.0050407564864864,2.4324324324324325,ST,8,8,24,5,30,19,30,19,19,23,27,34,14,30,11,15,15,19,61,51,26,42,45,50,51,23,93,27,36,97,49,88,91,54,4,32,4,4,9,4,9,3,16,5,3,22,3,32,24,30,5,14,19,27,34,11,27,11,16,16,19,68,57,27,38,46,50,51,23,93,27,36,97,49,88,91,46,4,30,4,4,9,4,5,3,8,Serbian SuperLeague
Železničar Pančevo,69yj0igv40jefp5ezs23ohmnd,cfe7g0pw8eetltxugzj7l5tlg,J. Jevremović,Janko Jevremovic,22.0,Midfielder,Serbia,Midfielder,145.0,125.0,12.0,270.0,5.0,14.0,8.0,37.0,5.0,623.0,15.0,0.0,1.0,7.0,6.0,5.0,10.0,11.0,2.0,7.0,16.0,5.0,6.0,5.0,0.0,0.0,87.38,57.14,0.0,50.0,50.0,56.06,71.43,54.55,1.3412663967653815,0.4380235363429528,7.0,21.0,0.44357054,8.0,21.0,19.0,0.4904141299999999,105.0,20.94703049759229,18.05778491171749,1.7335473515248796,39.00481540930979,0.7223113964686998,2.02247191011236,1.1556982343499198,5.345104333868378,0.7223113964686998,2.1669341894061,0.0,0.1444622792937399,1.0112359550561798,0.8667736757624398,0.7223113964686998,1.4446227929373996,1.5890850722311396,0.2889245585874799,1.0112359550561798,2.31139646869984,0.7223113964686998,0.8667736757624398,0.7223113964686998,0.0,0.0,87.38,57.14,0.0,50.0,50.0,56.06,71.43,54.55,0.1937624008168287,0.0632778784444073,1.0112359550561798,3.033707865168539,0.064079211235955,1.1556982343499198,3.033707865168539,2.744783306581059,0.0708463430176564,15.168539325842696,CM/AM,100,81,72,90,72,72,88,93,78,72,16,71,40,62,79,81,81,88,93,95,81,84,81,52,48,86,43,16,71,78,79,95,31,90,31,83,95,90,93,69,59,41,83,97,52,59,79,62,52,66,79,69,41,16,62,17,45,62,41,41,66,76,83,59,62,62,52,48,86,43,16,71,78,79,95,31,62,10,62,83,52,86,45,34,17,62,Serbian SuperLeague
Železničar Pančevo,69yj0igv40jefp5ezs23ohmnd,cqsc3mj8klukkgutdrpegybdg,K. Karikari,Kwaku Karikari,24.0,Attacker,Ghana,Striker,4.0,20.0,1.0,23.0,10.0,14.0,13.0,22.0,2.0,298.0,24.0,1.0,2.0,5.0,1.0,0.0,4.0,4.0,3.0,9.0,8.0,4.0,0.0,2.0,0.0,0.0,74.19,100.0,50.0,100.0,64.29,61.11,55.56,0.0,2.196066809740397,0.3928071250569536,3.0,4.0,0.2218298699999998,1.0,1.0,2.0,0.3444713,6.0,1.2080536912751678,6.04026845637584,0.3020134228187919,6.946308724832215,3.02013422818792,4.228187919463087,3.926174496644296,6.644295302013424,0.6040268456375839,7.248322147651007,0.3020134228187919,0.6040268456375839,1.51006711409396,0.3020134228187919,0.0,1.2080536912751678,1.2080536912751678,0.906040268456376,2.718120805369128,2.416107382550336,1.2080536912751678,0.0,0.6040268456375839,0.0,0.0,74.19,100.0,50.0,100.0,64.29,61.11,55.56,0.0,0.6632416539484421,0.1186330243460598,0.906040268456376,1.2080536912751678,0.0669955983221475,0.3020134228187919,0.3020134228187919,0.6040268456375839,0.1040349563758389,1.812080536912752,ST,4,14,24,8,61,66,81,36,35,69,61,97,53,30,11,20,20,89,97,51,64,8,55,50,51,73,93,95,99,95,95,81,8,89,59,47,28,57,24,12,24,70,5,3,16,30,5,76,97,95,73,41,95,62,100,73,32,11,27,27,100,100,70,78,8,65,50,51,73,93,95,99,95,95,81,8,97,76,68,51,84,27,8,30,84,5,Serbian SuperLeague
Železničar Pančevo,69yj0igv40jefp5ezs23ohmnd,e8502uff170w8bv460jf5x6y2,N. Đuričić,Nikola Djuricic,26.0,Defender,Serbia,Defender,231.0,226.0,24.0,454.0,18.0,12.0,10.0,35.0,17.0,630.0,17.0,3.0,0.0,10.0,2.0,2.0,8.0,8.0,1.0,3.0,7.0,5.0,3.0,10.0,0.0,0.0,90.26,57.14,37.5,62.5,25.0,56.45,64.29,60.0,1.3301900389257626,0.8228718257030156,2.0,14.0,0.39855187,9.0,47.0,47.0,1.3143412,232.0,33.0,32.285714285714285,3.4285714285714284,64.85714285714286,2.571428571428572,1.7142857142857142,1.4285714285714286,5.0,2.4285714285714284,2.4285714285714284,0.4285714285714285,0.0,1.4285714285714286,0.2857142857142857,0.2857142857142857,1.1428571428571428,1.1428571428571428,0.1428571428571428,0.4285714285714285,1.0,0.7142857142857143,0.4285714285714285,1.4285714285714286,0.0,0.0,90.26,57.14,37.5,62.5,25.0,56.45,64.29,60.0,0.190027148417966,0.1175531179575736,0.2857142857142857,2.0,0.0569359814285714,1.2857142857142858,6.714285714285714,6.714285714285714,0.1877630285714286,33.142857142857146,LB/LCB,100,100,93,100,100,93,93,79,43,93,54,39,100,68,79,75,75,93,93,57,82,25,93,50,54,100,100,86,57,79,64,64,46,93,100,79,100,93,100,100,100,93,100,100,100,93,100,93,93,93,50,43,93,50,39,93,64,79,64,57,93,93,43,64,14,79,50,54,100,100,86,57,79,64,64,46,93,79,79,86,86,100,100,100,86,100,Serbian SuperLeague
OFK Beograd,7kto5aea8tybeo2qmspftn1nz,1gr34ae328ctz0rwawmii1w16,E. Addo,Edmund Addo,26.0,Midfielder,Ghana,Midfielder,45.0,46.0,3.0,91.0,2.0,3.0,0.0,18.0,11.0,296.0,0.0,0.0,0.0,0.0,3.0,1.0,4.0,4.0,0.0,0.0,5.0,2.0,4.0,4.0,0.0,0.0,76.47,25.0,0.0,50.0,0.0,58.06,50.0,44.44,0.183293739721498,0.0,3.0,2.0,0.0399414,0.0,6.0,5.0,0.1118506199999999,36.0,13.682432432432432,13.986486486486488,0.9121621621621622,27.66891891891892,0.6081081081081081,0.9121621621621622,0.0,5.472972972972973,3.3445945945945947,0.0,0.0,0.0,0.0,0.9121621621621622,0.304054054054054,1.2162162162162162,1.2162162162162162,0.0,0.0,1.5202702702702704,0.6081081081081081,1.2162162162162162,1.2162162162162162,0.0,0.0,76.47,25.0,0.0,50.0,0.0,58.06,50.0,44.44,0.05573120464505,0.0,0.9121621621621622,0.6081081081081081,0.0121443445945945,0.0,1.8243243243243243,1.5202702702702704,0.0340086344594594,10.945945945945946,DM/CM,24,19,9,22,15,37,15,30,78,7,24,41,7,61,57,39,37,41,19,33,33,24,43,52,52,19,4,24,43,19,63,37,11,41,11,74,28,28,19,22,22,19,26,37,41,11,30,19,63,15,59,89,7,24,41,7,81,74,56,56,41,19,59,59,52,70,52,52,19,4,24,43,19,63,37,11,67,11,89,37,37,19,33,26,22,30,Serbian SuperLeague
OFK Beograd,7kto5aea8tybeo2qmspftn1nz,2df227imkv34g4q7sewmellhw,A. Ayinde,Aderoju Hameed Ayinde,21.0,Attacker,Nigeria,Striker,17.0,58.0,2.0,71.0,3.0,14.0,8.0,36.0,4.0,548.0,28.0,4.0,3.0,16.0,6.0,3.0,29.0,33.0,0.0,3.0,9.0,13.0,9.0,10.0,0.0,0.0,65.14,40.0,23.53,44.83,21.43,41.38,30.0,81.82,1.11874065890118,1.5667226616321324,7.0,19.0,0.80230345,2.0,9.0,7.0,1.10239781,43.0,2.791970802919708,9.525547445255476,0.3284671532846716,11.66058394160584,0.4927007299270073,2.2992700729927007,1.3138686131386863,5.912408759124088,0.6569343065693432,4.598540145985401,0.6569343065693432,0.4927007299270073,2.6277372262773726,0.9854014598540146,0.4927007299270073,4.762773722627737,5.41970802919708,0.0,0.4927007299270073,1.478102189781022,2.135036496350365,1.478102189781022,1.6423357664233578,0.0,0.0,65.14,40.0,23.53,44.83,21.43,41.38,30.0,81.82,0.1837347797465441,0.2573084663264451,1.1496350364963503,3.12043795620438,0.1317651651459854,0.3284671532846716,1.478102189781022,1.1496350364963503,0.1810507352189781,7.062043795620438,RW,54,79,21,64,64,93,82,100,71,100,89,100,100,89,82,100,100,32,64,93,93,100,100,54,54,21,43,57,36,29,29,57,93,86,100,86,86,93,39,89,43,100,100,21,29,14,21,43,57,57,79,64,71,57,100,93,64,57,93,93,32,50,57,71,93,100,54,54,21,43,57,36,29,29,57,93,50,100,57,71,79,21,64,21,79,64,Serbian SuperLeague
OFK Beograd,7kto5aea8tybeo2qmspftn1nz,2e1l4p2kxtk1hd4yeuetyua51,S. Peña,Sergio Peña,30.0,Midfielder,Peru,Midfielder,187.0,183.0,31.0,365.0,1.0,5.0,1.0,17.0,4.0,552.0,2.0,5.0,1.0,6.0,4.0,0.0,6.0,6.0,1.0,4.0,6.0,3.0,6.0,2.0,0.0,0.0,87.32,63.27,38.46,50.0,80.0,41.46,14.29,85.71,0.3390125965183327,0.5954769650061513,4.0,18.0,0.39591308,11.0,40.0,35.0,0.8076078999999998,184.0,30.48913043478261,29.83695652173913,5.054347826086956,59.51086956521739,0.1630434782608695,0.8152173913043478,0.1630434782608695,2.7717391304347823,0.6521739130434783,0.3260869565217391,0.8152173913043478,0.1630434782608695,0.9782608695652172,0.6521739130434783,0.0,0.9782608695652172,0.9782608695652172,0.1630434782608695,0.6521739130434783,0.9782608695652172,0.4891304347826086,0.9782608695652172,0.3260869565217391,0.0,0.0,87.32,63.27,38.46,50.0,80.0,41.46,14.29,85.71,0.0552737929105977,0.097088635598829,0.6521739130434783,2.934782608695652,0.0645510456521739,1.7934782608695652,6.521739130434782,5.706521739130435,0.1316752010869565,30.0,DM/CM,93,100,96,100,6,69,50,24,24,37,87,87,76,80,20,54,52,89,93,50,52,43,20,52,52,85,85,78,43,93,11,4,89,70,78,87,100,100,100,100,96,89,100,96,96,89,100,4,48,44,7,15,30,85,81,70,67,20,48,44,85,89,22,44,30,19,52,52,85,85,78,43,93,11,4,89,63,81,81,100,100,100,93,89,85,100,Serbian SuperLeague
OFK Beograd,7kto5aea8tybeo2qmspftn1nz,496qqpm1r28kvtbxgk1pgj5ec,A. Pavlović,Andrej Pavlovic,19.0,Defender,Serbia,Defender,100.0,28.0,4.0,127.0,11.0,0.0,0.0,16.0,8.0,347.0,1.0,1.0,0.0,2.0,0.0,0.0,2.0,2.0,0.0,0.0,0.0,1.0,2.0,9.0,0.0,0.0,82.47,25.0,100.0,50.0,0.0,47.06,55.0,50.0,0.0,0.2350770661135774,0.0,2.0,0.04540798,2.0,6.0,7.0,0.3854476799999998,78.0,25.93659942363112,7.262247838616714,1.037463976945245,32.93948126801153,2.8530259365994235,0.0,0.0,4.14985590778098,2.07492795389049,0.2593659942363112,0.2593659942363112,0.0,0.5187319884726225,0.0,0.0,0.5187319884726225,0.5187319884726225,0.0,0.0,0.0,0.2593659942363112,0.5187319884726225,2.334293948126801,0.0,0.0,82.47,25.0,100.0,50.0,0.0,47.06,55.0,50.0,0.0,0.060970996974703,0.0,0.5187319884726225,0.0117772858789625,0.5187319884726225,1.5561959654178674,1.8155619596541783,0.0999720207492794,20.23054755043228,CB,39,13,13,27,50,8,12,33,24,17,74,48,58,27,32,59,57,47,22,6,57,30,82,48,51,47,8,99,62,22,24,42,31,12,80,28,34,36,66,34,29,49,44,42,13,7,38,73,8,12,27,11,18,78,48,67,27,32,69,67,47,22,6,62,36,98,48,51,47,8,99,62,22,24,42,31,12,80,28,38,40,82,38,38,73,60,Serbian SuperLeague
OFK Beograd,7kto5aea8tybeo2qmspftn1nz,6gxe8mbp0bg9bhahupvurlbvu,S. Despotovski,Stefan Despotovski,23.0,Defender,North Macedonia,Defender,36.0,29.0,4.0,65.0,1.0,1.0,0.0,11.0,6.0,195.0,0.0,0.0,0.0,0.0,1.0,1.0,2.0,2.0,0.0,0.0,6.0,1.0,1.0,1.0,0.0,0.0,80.25,44.44,0.0,50.0,0.0,45.83,25.0,33.33,0.0,0.0,0.0,0.0,0.0,0.0,0.0,0.0,0.0,0.0,16.615384615384617,13.384615384615383,1.8461538461538465,30.000000000000004,0.4615384615384615,0.4615384615384615,0.0,5.0769230769230775,2.7692307692307696,0.0,0.0,0.0,0.0,0.4615384615384615,0.4615384615384615,0.9230769230769232,0.9230769230769232,0.0,0.0,2.7692307692307696,0.4615384615384615,0.4615384615384615,0.4615384615384615,0.0,0.0,80.25,44.44,0.0,50.0,0.0,45.83,25.0,33.33,0.0,0.0,0.0,0.0,0.0,0.0,0.0,0.0,0.0,0.0,CB,13,17,13,13,7,23,12,18,17,6,36,48,14,67,76,59,57,47,22,71,57,16,13,48,51,31,53,36,62,22,20,10,19,12,19,28,11,11,19,10,11,10,10,24,51,31,36,11,51,12,69,29,6,36,48,14,84,98,84,84,47,22,100,87,29,22,48,51,31,53,36,62,22,20,10,19,12,19,28,11,11,19,10,11,10,10,Serbian SuperLeague
OFK Beograd,7kto5aea8tybeo2qmspftn1nz,7cnscodi0dspjmpgqvr8rxr3e,E. Hoard,Ethan Hoard,25.0,Attacker,USA,Striker,23.0,21.0,1.0,44.0,11.0,8.0,7.0,24.0,0.0,330.0,16.0,0.0,0.0,1.0,1.0,1.0,11.0,12.0,0.0,4.0,8.0,5.0,0.0,1.0,0.0,0.0,72.13,33.33,0.0,45.45,50.0,38.1,42.31,0.0,0.8142208942199348,0.0,2.0,3.0,0.10379542,0.0,2.0,1.0,0.0356165999999998,12.0,6.272727272727273,5.727272727272728,0.2727272727272727,12.0,3.0,2.181818181818182,1.9090909090909087,6.545454545454546,0.0,4.363636363636364,0.0,0.0,0.2727272727272727,0.2727272727272727,0.2727272727272727,3.0,3.272727272727273,0.0,1.090909090909091,2.181818181818182,1.3636363636363638,0.0,0.2727272727272727,0.0,0.0,72.13,33.33,0.0,45.45,50.0,38.1,42.31,0.0,0.222060243878164,0.0,0.5454545454545455,0.8181818181818182,0.0283078418181818,0.0,0.5454545454545455,0.2727272727272727,0.0097136181818181,3.272727272727273,ST,59,19,24,30,65,30,51,47,5,43,27,34,4,30,30,73,73,19,61,51,74,8,45,50,51,59,31,27,59,82,19,46,8,35,4,32,20,22,9,24,9,11,23,76,11,24,46,73,43,57,70,5,59,27,34,5,30,27,84,78,19,81,62,86,8,51,50,51,59,31,27,59,82,19,46,8,43,4,35,24,38,9,30,8,5,19,Serbian SuperLeague
OFK Beograd,7kto5aea8tybeo2qmspftn1nz,8whxmgrx136fkppwxahspaluc,A. Vukičević,Aleksej Vukicevic,21.0,Defender,Serbia,Defender,182.0,58.0,12.0,240.0,16.0,2.0,1.0,34.0,21.0,528.0,5.0,0.0,0.0,0.0,1.0,1.0,2.0,2.0,0.0,1.0,13.0,1.0,1.0,3.0,0.0,0.0,84.81,33.33,0.0,50.0,50.0,65.38,66.67,25.0,0.1992249493879463,0.0,1.0,5.0,0.12556632,3.0,12.0,16.0,0.2641433100000001,107.0,31.02272727272728,9.886363636363637,2.0454545454545454,40.909090909090914,2.7272727272727275,0.3409090909090909,0.1704545454545454,5.795454545454546,3.5795454545454546,0.8522727272727273,0.0,0.0,0.0,0.1704545454545454,0.1704545454545454,0.3409090909090909,0.3409090909090909,0.0,0.1704545454545454,2.215909090909092,0.1704545454545454,0.1704545454545454,0.5113636363636364,0.0,0.0,84.81,33.33,0.0,50.0,50.0,65.38,66.67,25.0,0.0339587981911272,0.0,0.1704545454545454,0.8522727272727273,0.02140335,0.5113636363636364,2.0454545454545454,2.7272727272727275,0.0450244278409091,18.238636363636363,CB,78,42,49,66,77,40,40,74,51,56,36,48,14,67,76,59,57,47,66,100,57,16,39,48,51,64,24,36,62,80,82,68,12,49,19,68,62,69,83,49,56,36,56,78,31,44,53,67,36,38,80,44,49,36,48,14,64,71,51,49,47,60,91,51,11,27,48,51,64,24,36,62,80,82,68,12,47,19,62,62,71,80,51,53,36,53,Serbian SuperLeague
OFK Beograd,7kto5aea8tybeo2qmspftn1nz,918dv7pftktl1d2t5lhez1soa,M. Momčilović,Miljan Momčilović,25.0,Midfielder,Serbia,Midfielder,112.0,64.0,14.0,174.0,6.0,3.0,0.0,35.0,9.0,464.0,1.0,2.0,0.0,3.0,3.0,1.0,3.0,3.0,0.0,1.0,11.0,3.0,10.0,5.0,0.0,0.0,80.93,53.85,100.0,100.0,33.33,68.63,75.0,66.67,0.1703943334232355,0.0941564363068737,2.0,8.0,0.1581840399999999,1.0,10.0,14.0,0.29258696,63.0,21.72413793103448,12.413793103448276,2.71551724137931,33.75,1.1637931034482758,0.5818965517241379,0.0,6.788793103448276,1.7456896551724137,0.1939655172413793,0.3879310344827586,0.0,0.5818965517241379,0.5818965517241379,0.1939655172413793,0.5818965517241379,0.5818965517241379,0.0,0.1939655172413793,2.133620689655172,0.5818965517241379,1.939655172413793,0.9698275862068964,0.0,0.0,80.93,53.85,100.0,100.0,33.33,68.63,75.0,66.67,0.0330506250174379,0.0182631018698677,0.3879310344827586,1.5517241379310345,0.030682249137931,0.1939655172413793,1.939655172413793,2.71551724137931,0.0567517810344827,12.219827586206897,DM/CM,81,44,61,56,61,37,15,80,63,20,69,41,54,61,57,30,28,41,50,83,52,87,57,52,52,48,50,98,98,65,89,85,57,33,33,50,67,63,43,44,52,37,44,81,26,59,63,63,37,15,81,59,15,70,41,52,52,63,30,26,41,48,78,52,93,52,52,52,48,50,98,98,65,89,85,57,41,30,44,67,63,41,41,41,33,33,Serbian SuperLeague
OFK Beograd,7kto5aea8tybeo2qmspftn1nz,9g5qi226dysmtv1jlq6nrfpjo,J. Šljivić,Jovan Sljivic,20.0,Midfielder,Serbia,Midfielder,18.0,52.0,9.0,66.0,0.0,4.0,2.0,17.0,0.0,277.0,6.0,4.0,0.0,8.0,2.0,0.0,9.0,9.0,1.0,3.0,7.0,3.0,4.0,1.0,0.0,0.0,83.54,75.0,19.05,33.33,75.0,54.84,0.0,57.14,0.2909033824342399,0.9221669272933724,1.0,5.0,0.15348075,0.0,10.0,11.0,0.48206278,28.0,5.8483754512635375,16.895306859205775,2.9241877256317688,21.44404332129964,0.0,1.2996389891696751,0.6498194945848376,5.523465703971119,0.0,1.9494584837545128,1.2996389891696751,0.0,2.5992779783393503,0.6498194945848376,0.0,2.9241877256317688,2.9241877256317688,0.3249097472924188,0.9747292418772564,2.274368231046932,0.9747292418772564,1.2996389891696751,0.3249097472924188,0.0,0.0,83.54,75.0,19.05,33.33,75.0,54.84,0.0,57.14,0.0945173444732187,0.2996210233083159,0.3249097472924188,1.624548736462094,0.0498673916967509,0.0,3.249097472924188,3.574007220216606,0.1566268960288808,9.097472924187723,CM/AM,19,33,59,19,7,21,29,52,12,24,72,31,53,29,10,71,66,55,50,55,60,66,26,52,48,76,79,48,38,100,72,9,38,17,79,22,19,24,9,40,33,38,21,24,41,76,34,7,28,41,83,12,28,83,31,66,38,10,79,79,72,72,79,76,83,28,52,48,76,79,48,38,100,72,9,38,31,83,28,34,41,9,52,52,62,24,Serbian SuperLeague
OFK Beograd,7kto5aea8tybeo2qmspftn1nz,a27fye98mtm7cesybb2xr13bo,Y. Silué,Yacouba Silué,24.0,Attacker,Côte d'Ivoire,Striker,35.0,79.0,3.0,114.0,15.0,24.0,16.0,42.0,11.0,673.0,36.0,0.0,0.0,13.0,8.0,7.0,26.0,27.0,4.0,7.0,11.0,9.0,4.0,1.0,0.0,0.0,67.46,75.0,0.0,34.62,29.17,42.86,42.86,57.14,2.9759787145574537,1.0191213679518945,8.0,19.0,0.4961772799999999,5.0,7.0,13.0,0.5665700699999998,37.0,4.680534918276375,10.564635958395243,0.4011887072808321,15.24517087667162,2.0059435364041605,3.209509658246657,2.139673105497771,5.616641901931649,1.4710252600297176,4.814264487369985,0.0,0.0,1.7384843982169391,1.0698365527488856,0.9361069836552748,3.4769687964338782,3.610698365527489,0.5349182763744428,0.9361069836552748,1.4710252600297176,1.2035661218424962,0.5349182763744428,0.1337295690936107,0.0,0.0,67.46,75.0,0.0,34.62,29.17,42.86,42.86,57.14,0.3979763511295257,0.1362866613902979,1.0698365527488856,2.540861812778603,0.0663535738484398,0.6686478454680534,0.9361069836552748,1.7384843982169391,0.0757671713224368,4.947994056463596,ST,76,86,68,84,80,99,96,84,95,100,27,34,97,93,97,100,99,99,91,77,89,62,45,50,51,27,82,27,43,50,39,51,34,100,95,93,100,97,81,77,84,81,78,49,68,41,65,59,78,65,54,81,70,27,34,84,76,81,89,89,89,62,41,73,46,41,50,51,27,82,27,43,50,39,51,34,84,84,76,92,81,54,49,62,68,51,Serbian SuperLeague
OFK Beograd,7kto5aea8tybeo2qmspftn1nz,b9zniv3fsnbbtyh4dqu1ovpwp,U. Stojanović,Uros Stojanovic,31.0,Defender,Serbia,Defender,157.0,112.0,19.0,269.0,17.0,4.0,3.0,39.0,26.0,709.0,6.0,0.0,1.0,3.0,1.0,1.0,5.0,5.0,0.0,1.0,6.0,1.0,10.0,8.0,0.0,0.0,79.12,33.93,0.0,20.0,25.0,54.17,70.83,66.67,0.453142691432354,0.2910744295575219,0.0,8.0,0.16711712,3.0,14.0,19.0,0.5617932400000002,121.0,19.929478138222848,14.217207334273624,2.411847672778561,34.14668547249647,2.157968970380818,0.5077574047954866,0.3808180535966149,4.950634696755994,3.3004231311706627,0.7616361071932298,0.0,0.1269393511988716,0.3808180535966149,0.1269393511988716,0.1269393511988716,0.6346967559943583,0.6346967559943583,0.0,0.1269393511988716,0.7616361071932298,0.1269393511988716,1.2693935119887163,1.0155148095909732,0.0,0.0,79.12,33.93,0.0,20.0,25.0,54.17,70.83,66.67,0.0575216392509335,0.0369487992386134,0.0,1.0155148095909732,0.0212137387870239,0.3808180535966149,1.777150916784203,2.411847672778561,0.071313669393512,15.359661495063468,LB/LCB,93,86,71,93,93,61,79,86,93,57,11,86,25,36,54,46,43,43,68,43,29,89,75,50,54,79,36,11,29,79,54,86,71,79,21,14,57,50,71,54,61,43,93,93,64,57,93,86,50,57,43,64,43,11,79,21,29,43,21,21,43,57,36,21,71,36,50,54,79,36,11,29,79,54,86,71,71,21,14,50,43,43,29,50,29,71,Serbian SuperLeague
OFK Beograd,7kto5aea8tybeo2qmspftn1nz,cj3fd7djmm3m1lvxoyzq0onh1,M. Rodic,Milan Rodic,35.0,Defender,Serbia,Defender,81.0,62.0,14.0,142.0,12.0,5.0,2.0,21.0,22.0,401.0,6.0,1.0,0.0,0.0,3.0,3.0,3.0,4.0,0.0,1.0,2.0,2.0,3.0,6.0,1.0,0.0,74.74,42.42,33.33,66.67,20.0,51.22,66.67,60.0,0.2237531285897852,0.0,1.0,4.0,0.10760958,2.0,10.0,8.0,0.2064716799999998,60.0,18.17955112219452,13.915211970074813,3.1421446384039897,31.870324189526183,2.693266832917706,1.1221945137157108,0.4488778054862842,4.713216957605985,4.937655860349127,1.346633416458853,0.2244389027431421,0.0,0.0,0.6733167082294265,0.6733167082294265,0.6733167082294265,0.8977556109725685,0.0,0.2244389027431421,0.4488778054862842,0.4488778054862842,0.6733167082294265,1.346633416458853,0.2244389027431421,0.0,74.74,42.42,33.33,66.67,20.0,51.22,66.67,60.0,0.0502189066660365,0.0,0.2244389027431421,0.8977556109725685,0.0241517760598503,0.4488778054862842,2.244389027431421,1.795511221945137,0.0463402773067331,13.466334164588527,LB/LCB,64,36,57,50,79,79,57,29,86,57,25,39,11,93,93,29,36,43,68,18,54,25,46,100,54,43,71,71,75,57,29,71,46,50,11,46,43,43,46,43,25,14,36,79,57,71,79,100,79,79,29,93,64,29,39,11,93,100,29,43,43,79,14,50,21,64,100,54,43,71,71,75,57,29,71,46,64,11,57,43,50,64,50,21,14,50,Serbian SuperLeague
OFK Beograd,7kto5aea8tybeo2qmspftn1nz,cj8qm9lxbiv1ehb80nivvez85,M. Gobeljić,Marko Gobeljic,34.0,Defender,Serbia,Defender,76.0,66.0,5.0,140.0,7.0,1.0,1.0,26.0,13.0,525.0,6.0,2.0,1.0,3.0,0.0,0.0,6.0,6.0,0.0,0.0,5.0,4.0,7.0,14.0,0.0,0.0,74.07,20.83,12.5,66.67,0.0,55.32,46.67,70.0,0.136468088502527,0.2435733357583679,0.0,7.0,0.15477598,1.0,15.0,21.0,0.5198890899999999,70.0,13.028571428571428,11.314285714285717,0.8571428571428572,24.0,1.2,0.1714285714285714,0.1714285714285714,4.457142857142857,2.2285714285714286,1.0285714285714287,0.3428571428571428,0.1714285714285714,0.5142857142857143,0.0,0.0,1.0285714285714287,1.0285714285714287,0.0,0.0,0.8571428571428572,0.6857142857142857,1.2,2.4,0.0,0.0,74.07,20.83,12.5,66.67,0.0,55.32,46.67,70.0,0.023394529457576,0.0417554289871487,0.0,1.2,0.0265330251428571,0.1714285714285714,2.571428571428572,3.6,0.089123844,12.0,RB/RCB,67,83,33,75,75,46,75,75,50,92,58,92,50,33,33,79,79,54,46,62,92,88,100,50,54,33,17,42,83,46,75,58,67,50,58,29,92,83,25,79,83,58,75,58,50,17,33,67,42,75,83,50,83,50,83,25,33,33,67,67,54,46,58,92,83,100,50,54,33,17,42,83,46,75,58,67,42,42,29,67,67,25,58,58,50,58,Serbian SuperLeague
OFK Beograd,7kto5aea8tybeo2qmspftn1nz,cxfq8o3k68x1acwci3wx812w9,T. De Barr,Tjay De Barr,26.0,Attacker,Gibraltar,Striker,57.0,100.0,7.0,154.0,7.0,9.0,6.0,53.0,4.0,603.0,14.0,3.0,0.0,7.0,3.0,3.0,14.0,17.0,1.0,3.0,26.0,7.0,10.0,6.0,1.0,0.0,74.04,33.33,37.5,50.0,33.33,56.99,41.18,76.92,0.9042599807632336,0.7194490438156584,3.0,12.0,0.27098681,8.0,16.0,18.0,1.0679670599999995,65.0,8.507462686567164,14.92537313432836,1.044776119402985,22.98507462686567,1.044776119402985,1.343283582089552,0.8955223880597015,7.91044776119403,0.5970149253731343,2.08955223880597,0.4477611940298507,0.0,1.044776119402985,0.4477611940298507,0.4477611940298507,2.08955223880597,2.5373134328358207,0.1492537313432835,0.4477611940298507,3.880597014925373,1.044776119402985,1.4925373134328357,0.8955223880597015,0.1492537313432835,0.0,74.04,33.33,37.5,50.0,33.33,56.99,41.18,76.92,0.1349641762333184,0.1073804543008445,0.4477611940298507,1.791044776119403,0.0404457925373134,1.1940298507462686,2.388059701492537,2.686567164179104,0.1593980686567163,9.701492537313433,ST,95,97,93,97,51,41,41,97,55,36,81,34,69,53,59,84,86,53,43,100,82,100,91,100,51,70,31,89,70,61,89,43,65,43,81,47,80,65,100,97,97,97,95,95,92,92,97,38,16,22,89,38,5,73,34,57,43,46,65,70,43,24,100,70,95,81,100,51,70,31,89,70,61,89,43,65,19,65,27,73,51,89,92,92,92,92,Serbian SuperLeague
OFK Beograd,7kto5aea8tybeo2qmspftn1nz,eb6ir40kzprcv87hgu6k04c2c,Đ. Ranković,Dorde Rankovic,18.0,Midfielder,Serbia,Midfielder,16.0,49.0,6.0,61.0,3.0,5.0,2.0,20.0,1.0,251.0,10.0,4.0,0.0,6.0,3.0,2.0,11.0,12.0,1.0,2.0,11.0,5.0,0.0,1.0,0.0,0.0,77.22,66.67,26.67,45.45,40.0,51.28,33.33,0.0,0.4312504224584755,0.5304950661511437,2.0,5.0,0.13086142,3.0,8.0,6.0,0.18700368,19.0,5.7370517928286855,17.56972111553785,2.1513944223107573,21.872509960159363,1.0756972111553786,1.7928286852589643,0.7171314741035857,7.171314741035857,0.3585657370517928,3.5856573705179287,1.4342629482071714,0.0,2.1513944223107573,1.0756972111553786,0.7171314741035857,3.944223107569721,4.302788844621515,0.3585657370517928,0.7171314741035857,3.944223107569721,1.7928286852589643,0.0,0.3585657370517928,0.0,0.0,77.22,66.67,26.67,45.45,40.0,51.28,33.33,0.0,0.1546316255827203,0.1902173543968244,0.7171314741035857,1.7928286852589643,0.0469224215139442,1.0756972111553786,2.8685258964143427,2.1513944223107573,0.0670531123505976,6.812749003984064,LM/LCM,29,43,71,43,36,43,36,43,14,57,100,43,71,71,79,100,100,79,57,86,71,21,50,57,57,43,79,71,29,43,14,29,21,57,71,57,57,57,57,57,36,29,14,43,57,86,43,43,57,57,86,14,71,100,43,71,86,86,100,100,86,57,100,86,21,57,57,57,43,79,71,29,43,14,29,21,57,71,71,43,57,57,57,43,57,14,Serbian SuperLeague
