Team,contestantId,playerId,Short Name,Player Name,Age,Position_x,Nationality,Position_y,total accurate back zone pass_Total,total accurate cross_Total,total accurate fwd zone pass_Total,total accurate long balls_Total,total accurate pass_Total,total aerial won_Total,total att assist_Total,total attempt_Total,total attempts ibox_Total,total attempts obox_Total,total blocked scoring att_Total,total contest_Total,total dribbles attempted_Total,total duels won_Total,total effective clearance_Total,total goals_Total,total interception_Total,total mins played,total ontarget attempt_Total,total touches in opposition box_Total,total was fouled_Total,total won contest_Total,total won tackle_Total,total big chances saved_Total,total assists_Total,total direct corner goals_Total,total direct setpiece goals_Total,pass_success_pct_Total,long_balls_success_pct_Total,cross_success_pct_Total,dribble_success_pct_Total,attempt_success_pct_Total,duel_success_pct_Total,aerial_success_pct_Total,tackle_success_pct_Total,xG_Total,xA_Total,CreatedOwnShot_Total,Total Carries_Total,Total Carry xT_Total,Total Final Third Carries_Total,passes_into_final_third_Total,progressive_passes_Total,xT_pass_Total,forward_passes_Total,total accurate back zone pass_p90,total accurate cross_p90,total accurate fwd zone pass_p90,total accurate long balls_p90,total accurate pass_p90,total aerial won_p90,total att assist_p90,total attempt_p90,total attempts ibox_p90,total attempts obox_p90,total blocked scoring att_p90,total contest_p90,total dribbles attempted_p90,total duels won_p90,total effective clearance_p90,total goals_p90,total interception_p90,total ontarget attempt_p90,total touches in opposition box_p90,total was fouled_p90,total won contest_p90,total won tackle_p90,total big chances saved_p90,total assists_p90,total direct corner goals_p90,total direct setpiece goals_p90,pass_success_pct_p90,long_balls_success_pct_p90,cross_success_pct_p90,dribble_success_pct_p90,attempt_success_pct_p90,duel_success_pct_p90,aerial_success_pct_p90,tackle_success_pct_p90,xG_p90,xA_p90,CreatedOwnShot_p90,Total Carries_p90,Total Carry xT_p90,Total Final Third Carries_p90,passes_into_final_third_p90,progressive_passes_p90,xT_pass_p90,forward_passes_p90,Pos.,total accurate back zone pass_TotalPR,total accurate cross_TotalPR,total accurate fwd zone pass_TotalPR,total accurate long balls_TotalPR,total accurate pass_TotalPR,total aerial won_TotalPR,total att assist_TotalPR,total attempt_TotalPR,total attempts ibox_TotalPR,total attempts obox_TotalPR,total blocked scoring att_TotalPR,total contest_TotalPR,total dribbles attempted_TotalPR,total duels won_TotalPR,total effective clearance_TotalPR,total goals_TotalPR,total interception_TotalPR,total ontarget attempt_TotalPR,total touches in opposition box_TotalPR,total was fouled_TotalPR,total won contest_TotalPR,total won tackle_TotalPR,total big chances saved_TotalPR,total assists_TotalPR,total direct corner goals_TotalPR,total direct setpiece goals_TotalPR,pass_success_pct_TotalPR,long_balls_success_pct_TotalPR,cross_success_pct_TotalPR,dribble_success_pct_TotalPR,attempt_success_pct_TotalPR,duel_success_pct_TotalPR,aerial_success_pct_TotalPR,tackle_success_pct_TotalPR,xG_TotalPR,xA_TotalPR,CreatedOwnShot_TotalPR,Total Carries_TotalPR,Total Carry xT_TotalPR,Total Final Third Carries_TotalPR,passes_into_final_third_TotalPR,progressive_passes_TotalPR,xT_pass_TotalPR,forward_passes_TotalPR,total accurate back zone pass_p90PR,total accurate cross_p90PR,total accurate fwd zone pass_p90PR,total accurate long balls_p90PR,total accurate pass_p90PR,total aerial won_p90PR,total att assist_p90PR,total attempt_p90PR,total attempts ibox_p90PR,total attempts obox_p90PR,total blocked scoring att_p90PR,total contest_p90PR,total dribbles attempted_p90PR,total duels won_p90PR,total effective clearance_p90PR,total goals_p90PR,total interception_p90PR,total ontarget attempt_p90PR,total touches in opposition box_p90PR,total was fouled_p90PR,total won contest_p90PR,total won tackle_p90PR,total big chances saved_p90PR,total assists_p90PR,total direct corner goals_p90PR,total direct setpiece goals_p90PR,pass_success_pct_p90PR,long_balls_success_pct_p90PR,cross_success_pct_p90PR,dribble_success_pct_p90PR,attempt_success_pct_p90PR,duel_success_pct_p90PR,aerial_success_pct_p90PR,tackle_success_pct_p90PR,xG_p90PR,xA_p90PR,CreatedOwnShot_p90PR,Total Carries_p90PR,Total Carry xT_p90PR,Total Final Third Carries_p90PR,passes_into_final_third_p90PR,progressive_passes_p90PR,xT_pass_p90PR,forward_passes_p90PR,League
Young Boys,5fd9f9bti2cdgb6r1lf8l2bc7,1zx0huwj0czivtoq6kvfb5roq,A. Virginius,Alan Virginius,23,Attacker,France,Striker,22.0,2.0,44.0,2.0,64.0,0.0,8.0,10.0,8.0,2.0,5.0,13.0,14.0,17.0,0.0,2.0,0.0,260.0,4.0,26.0,3.0,8.0,4.0,0.0,0.0,0.0,0.0,71.11,40.0,12.5,61.54,40.0,51.52,0.0,66.67,0.909378965622671,0.8052885478653233,1.0,9.0,0.28073842,3.0,1.0,1.0,0.31780734,15.0,7.615384615384616,0.6923076923076923,15.230769230769232,0.6923076923076923,22.15384615384616,0.0,2.769230769230769,3.4615384615384617,2.769230769230769,0.6923076923076923,1.7307692307692308,4.5,4.846153846153846,5.884615384615385,0.0,0.6923076923076923,0.0,1.3846153846153846,9.0,1.0384615384615383,2.769230769230769,1.3846153846153846,0.0,0.0,0.0,0.0,71.11,40.0,12.5,61.54,40.0,51.52,0.0,66.67,0.3147850265616937,0.2787537281072273,0.3461538461538461,3.1153846153846154,0.0971786838461538,1.0384615384615383,0.3461538461538461,0.3461538461538461,0.110010233076923,5.1923076923076925,LW,50,71,29,43,29,14,71,36,36,29,64,14,14,29,14,57,14,64,57,29,43,64,57,36,57,57,43,29,71,100,86,86,14,36,43,71,14,29,29,29,14,14,43,14,86,86,71,57,86,14,100,71,100,57,100,57,57,86,14,86,14,86,100,57,100,86,57,36,57,57,43,29,71,100,86,86,14,36,57,100,14,57,57,71,14,14,43,14,Swiss Super League
Young Boys,5fd9f9bti2cdgb6r1lf8l2bc7,4gksusc509n6j8ljhyegzgxk9,C. Fassnacht,Christian Fassnacht,32,Midfielder,Switzerland,Midfielder,25.0,0.0,51.0,4.0,76.0,3.0,7.0,9.0,8.0,1.0,2.0,5.0,5.0,9.0,1.0,4.0,1.0,453.0,5.0,19.0,0.0,2.0,2.0,0.0,1.0,0.0,0.0,75.25,50.0,0.0,40.0,55.56,28.12,23.08,50.0,1.341811404229294,0.6448964669626227,1.0,4.0,0.17790513,1.0,3.0,9.0,0.49213859,32.0,4.966887417218543,0.0,10.132450331125828,0.794701986754967,15.099337748344372,0.5960264900662252,1.390728476821192,1.7880794701986755,1.589403973509934,0.1986754966887417,0.3973509933774835,0.9933774834437088,0.9933774834437088,1.7880794701986755,0.1986754966887417,0.794701986754967,0.1986754966887417,0.9933774834437088,3.774834437086093,0.0,0.3973509933774835,0.3973509933774835,0.0,0.1986754966887417,0.0,0.0,75.25,50.0,0.0,40.0,55.56,28.12,23.08,50.0,0.2665850471978729,0.1281251258866138,0.1986754966887417,0.794701986754967,0.0353453900662251,0.1986754966887417,0.5960264900662252,1.7880794701986755,0.097775878807947,6.357615894039736,RM/RCM,38,25,25,25,25,38,38,75,100,50,75,50,38,25,50,100,25,100,100,25,38,50,62,75,62,62,50,62,25,25,100,25,38,50,100,50,50,25,50,25,25,25,25,25,25,25,25,25,25,50,25,75,100,50,75,50,50,25,50,100,25,100,100,25,50,50,62,75,62,62,50,62,25,25,100,25,38,50,100,50,50,25,50,25,25,25,25,25,Swiss Super League
Young Boys,5fd9f9bti2cdgb6r1lf8l2bc7,5anxcfh8hvwdbdc162ekgr52i,L. Blum,Lewin Blum,25,Defender,Switzerland,Defender,86.0,9.0,119.0,16.0,196.0,3.0,11.0,8.0,6.0,2.0,1.0,4.0,4.0,27.0,15.0,2.0,9.0,619.0,3.0,17.0,8.0,3.0,8.0,1.0,3.0,0.0,0.0,81.33,40.0,23.08,75.0,37.5,54.0,30.0,61.54,0.8461563955961126,1.2418101282306646,2.0,15.0,0.44203558,5.0,22.0,32.0,1.942436970000001,98.0,12.504038772213246,1.308562197092084,17.302100161550886,2.326332794830372,28.49757673667205,0.4361873990306946,1.5993537964458804,1.1631663974151858,0.8723747980613893,0.2907915993537964,0.1453957996768982,0.5815831987075929,0.5815831987075929,3.925686591276252,2.1809369951534734,0.2907915993537964,1.308562197092084,0.4361873990306946,2.47172859450727,1.1631663974151858,0.4361873990306946,1.1631663974151858,0.1453957996768982,0.4361873990306946,0.0,0.0,81.33,40.0,23.08,75.0,37.5,54.0,30.0,61.54,0.1230275857894186,0.180553976640969,0.2907915993537964,2.1809369951534734,0.0642701166397415,0.7269789983844911,3.1987075928917608,4.652665589660743,0.2824221765751213,14.248788368336024,RB/RCB,76,93,71,74,71,31,90,81,88,57,57,26,26,48,45,100,71,88,86,74,50,40,90,95,52,52,71,55,52,93,71,38,24,14,90,95,60,90,81,48,71,76,95,67,38,95,67,62,57,24,86,62,81,52,57,24,24,14,29,100,57,81,81,67,48,19,95,100,52,52,71,55,52,93,71,38,24,14,76,90,62,90,90,48,71,76,95,48,Swiss Super League
Young Boys,5fd9f9bti2cdgb6r1lf8l2bc7,61r6igcudl4mbfr19doqr4n3d,S. Lauper,Sandro Lauper,29,Midfielder,Switzerland,Midfielder,158.0,0.0,143.0,31.0,301.0,7.0,3.0,1.0,0.0,1.0,0.0,2.0,2.0,25.0,21.0,0.0,9.0,579.0,0.0,2.0,2.0,2.0,9.0,0.0,0.0,0.0,0.0,89.05,59.62,0.0,100.0,0.0,53.19,41.18,64.29,0.0641494276355145,0.1357803509569394,1.0,10.0,0.19699841,3.0,43.0,50.0,0.96980662,220.0,24.559585492227978,0.0,22.2279792746114,4.818652849740933,46.787564766839374,1.088082901554404,0.466321243523316,0.155440414507772,0.0,0.155440414507772,0.0,0.310880829015544,0.310880829015544,3.886010362694301,3.2642487046632125,0.0,1.398963730569948,0.0,0.310880829015544,0.310880829015544,0.310880829015544,1.398963730569948,0.0,0.0,0.0,0.0,89.05,59.62,0.0,100.0,0.0,53.19,41.18,64.29,0.0099714136221007,0.0211057540347574,0.155440414507772,1.5544041450777202,0.030621514507772,0.466321243523316,6.683937823834197,7.772020725388601,0.1507471430051813,34.196891191709845,DM/CM,72,28,70,92,72,60,28,10,16,22,16,20,20,38,86,36,70,16,18,14,44,66,50,26,52,50,80,60,28,96,16,62,24,48,8,20,42,64,48,48,80,84,76,84,80,28,64,84,76,60,28,12,16,24,16,12,12,36,88,36,76,16,16,8,44,64,50,26,52,50,80,60,28,96,16,62,24,48,8,16,36,64,56,48,88,88,80,92,Swiss Super League
Young Boys,5fd9f9bti2cdgb6r1lf8l2bc7,6qb4ce3qzlcvjdaluqom2vhuc,S. Bukinac,Stefan Bukinac,21,Defender,Serbia,Defender,64.0,11.0,112.0,12.0,165.0,2.0,8.0,4.0,2.0,2.0,1.0,5.0,5.0,9.0,12.0,0.0,4.0,476.0,2.0,4.0,2.0,1.0,3.0,0.0,2.0,0.0,0.0,80.49,44.44,40.74,20.0,50.0,40.91,33.33,75.0,0.1973244350194251,0.9765660830640768,1.0,3.0,0.0637704,6.0,14.0,25.0,1.7497822799999996,91.0,12.100840336134452,2.0798319327731094,21.176470588235293,2.26890756302521,31.19747899159664,0.3781512605042016,1.512605042016807,0.7563025210084033,0.3781512605042016,0.3781512605042016,0.1890756302521008,0.9453781512605042,0.9453781512605042,1.7016806722689075,2.26890756302521,0.0,0.7563025210084033,0.3781512605042016,0.7563025210084033,0.3781512605042016,0.1890756302521008,0.5672268907563025,0.0,0.3781512605042016,0.0,0.0,80.49,44.44,40.74,20.0,50.0,40.91,33.33,75.0,0.0373092419154375,0.1846448476381657,0.1890756302521008,0.5672268907563025,0.0120574285714285,1.134453781512605,2.647058823529412,4.726890756302521,0.3308411873949579,17.205882352941178,LB/LCB,44,89,61,58,53,22,75,78,69,75,67,53,50,6,33,47,36,86,42,22,31,22,53,94,50,50,50,67,100,22,86,17,22,86,56,78,53,31,28,83,42,61,94,56,22,89,83,61,39,11,72,78,61,67,61,67,67,6,33,47,33,78,39,22,28,17,53,100,50,50,50,67,100,22,86,17,22,86,44,83,56,22,17,83,28,56,100,50,Swiss Super League
Young Boys,5fd9f9bti2cdgb6r1lf8l2bc7,6uurhe88nry4hyelll8ifzd91,E. Fernandes,Edimilson Fernandes,30,Midfielder,Switzerland,Midfielder,162.0,1.0,213.0,23.0,374.0,4.0,6.0,10.0,2.0,8.0,6.0,7.0,7.0,13.0,8.0,1.0,5.0,631.0,2.0,6.0,1.0,4.0,1.0,0.0,2.0,0.0,0.0,90.78,63.89,20.0,57.14,20.0,44.83,66.67,25.0,0.8137863345582768,0.3963075420493162,4.0,19.0,0.39917445,7.0,43.0,42.0,0.9528382399999996,219.0,23.106180665610143,0.1426307448494453,30.38034865293185,3.2805071315372425,53.34389857369255,0.5705229793977813,0.8557844690966719,1.4263074484944531,0.2852614896988906,1.1410459587955626,0.8557844690966719,0.9984152139461172,0.9984152139461172,1.8541996830427887,1.1410459587955626,0.1426307448494453,0.7131537242472267,0.2852614896988906,0.8557844690966719,0.1426307448494453,0.5705229793977813,0.1426307448494453,0.0,0.2852614896988906,0.0,0.0,90.78,63.89,20.0,57.14,20.0,44.83,66.67,25.0,0.1160709510463469,0.0565256399119468,0.5705229793977813,2.709984152139461,0.0569345491283676,0.9984152139461172,6.133122028526149,5.990491283676704,0.1359040278922345,31.236133122028527,DM/CM,76,68,84,70,84,24,66,82,48,92,96,68,66,8,28,82,40,74,64,6,74,6,50,92,52,50,92,76,68,52,58,28,86,8,80,52,82,92,88,80,80,72,72,80,76,56,88,80,80,24,56,84,48,96,92,60,56,4,24,84,36,76,52,4,64,4,50,88,52,50,92,76,68,52,58,28,86,8,68,44,80,92,88,76,80,80,68,80,Swiss Super League
Young Boys,5fd9f9bti2cdgb6r1lf8l2bc7,7z00z2y66vadv1ge09y6ypixg,A. Sanches,Alvyn Sanches,23,Midfielder,Switzerland,Midfielder,73.0,15.0,229.0,11.0,287.0,3.0,34.0,23.0,17.0,6.0,5.0,33.0,36.0,52.0,0.0,3.0,2.0,762.0,10.0,45.0,12.0,17.0,15.0,0.0,4.0,0.0,0.0,84.16,78.57,34.88,51.52,43.48,47.27,33.33,75.0,2.3792528777088844,3.330806596907164,8.0,24.0,0.6836819499999999,5.0,42.0,53.0,2.44316544,155.0,8.622047244094489,1.7716535433070866,27.04724409448819,1.2992125984251968,33.89763779527559,0.3543307086614173,4.015748031496063,2.716535433070866,2.0078740157480315,0.7086614173228346,0.5905511811023622,3.8976377952755903,4.251968503937007,6.141732283464567,0.0,0.3543307086614173,0.2362204724409448,1.1811023622047243,5.31496062992126,1.4173228346456692,2.0078740157480315,1.7716535433070866,0.0,0.4724409448818897,0.0,0.0,84.16,78.57,34.88,51.52,43.48,47.27,33.33,75.0,0.2810141194144351,0.393402353965413,0.9448818897637796,2.8346456692913384,0.0807498366141732,0.5905511811023622,4.960629921259843,6.259842519685039,0.2885628472440945,18.30708661417323,CM/AM,79,92,100,62,92,50,100,100,100,69,75,96,96,96,4,92,38,100,98,79,96,100,50,96,52,52,71,100,79,58,79,42,33,81,100,100,94,96,96,54,96,96,96,92,38,83,96,42,79,29,100,75,83,50,62,96,96,75,4,83,33,92,88,50,88,92,50,96,52,52,71,100,79,58,79,42,33,81,96,96,75,92,79,29,88,88,92,88,Swiss Super League
Young Boys,5fd9f9bti2cdgb6r1lf8l2bc7,9km5yidmp0mbjrqqxlapdztre,A. Gigović,Armin Gigovic,24,Midfielder,Bosnia and Herzegovina,Midfielder,124.0,2.0,166.0,13.0,288.0,6.0,10.0,14.0,3.0,11.0,6.0,7.0,7.0,30.0,8.0,1.0,8.0,690.0,4.0,12.0,12.0,4.0,5.0,0.0,0.0,0.0,0.0,87.01,72.22,25.0,57.14,28.57,51.72,60.0,62.5,0.8413182946017975,0.9273899391753992,6.0,15.0,0.40852029,8.0,26.0,33.0,1.6032198400000002,157.0,16.17391304347826,0.2608695652173913,21.65217391304348,1.6956521739130437,37.56521739130434,0.7826086956521738,1.3043478260869563,1.826086956521739,0.3913043478260869,1.434782608695652,0.7826086956521738,0.9130434782608696,0.9130434782608696,3.9130434782608696,1.0434782608695652,0.1304347826086956,1.0434782608695652,0.5217391304347826,1.5652173913043477,1.5652173913043477,0.5217391304347826,0.6521739130434783,0.0,0.0,0.0,0.0,87.01,72.22,25.0,57.14,28.57,51.72,60.0,62.5,0.109737168861104,0.1209639051098346,0.7826086956521738,1.9565217391304348,0.0532852552173913,1.0434782608695652,3.391304347826087,4.304347826086956,0.2091156313043478,20.47826086956521,CM/AM,96,40,88,75,96,83,46,65,27,100,90,27,25,56,77,40,88,56,38,79,42,54,50,23,52,52,79,88,44,65,46,69,79,46,46,42,79,75,62,79,79,79,88,96,92,29,79,67,96,67,29,54,17,92,75,21,21,29,62,25,79,42,21,62,25,25,50,23,52,52,79,88,44,65,46,69,79,46,29,29,62,50,50,54,54,67,71,96,Swiss Super League
Young Boys,5fd9f9bti2cdgb6r1lf8l2bc7,afk5qdami9yzapywig6ds4quh,C. Zesiger,Cédric Zesiger,28,Defender,Switzerland,Defender,79.0,0.0,40.0,16.0,119.0,10.0,1.0,2.0,2.0,0.0,0.0,0.0,0.0,16.0,19.0,1.0,4.0,256.0,2.0,5.0,3.0,0.0,3.0,0.0,0.0,0.0,0.0,80.95,53.33,0.0,0.0,100.0,66.67,90.91,75.0,0.2492647583748562,0.1641459454927511,0.0,2.0,0.03867417,1.0,8.0,10.0,0.1812928,66.0,27.7734375,0.0,14.0625,5.625,41.8359375,3.515625,0.3515625,0.703125,0.703125,0.0,0.0,0.0,0.0,5.625,6.6796875,0.3515625,1.40625,0.703125,1.7578125,1.0546875,0.0,1.0546875,0.0,0.0,0.0,0.0,80.95,53.33,0.0,0.0,100.0,66.67,90.91,75.0,0.0876321416161603,0.0577075589622953,0.0,0.703125,0.013596387890625,0.3515625,2.8125,3.515625,0.06373575,23.203125,CB,22,43,22,39,22,22,56,30,33,37,30,19,17,17,15,78,11,80,50,30,20,17,37,44,52,50,26,89,43,20,98,81,100,85,30,74,41,35,33,52,20,22,15,13,52,43,52,100,52,81,78,67,78,37,30,19,17,56,52,100,41,100,96,74,20,52,37,44,52,50,26,89,43,20,98,81,100,85,63,96,41,74,67,78,41,59,41,37,Swiss Super League
Young Boys,5fd9f9bti2cdgb6r1lf8l2bc7,bf6s84lavpij33riqec7y8445,S. Essende,Samuel Essende,28,Attacker,Congo DR,Striker,25.0,2.0,88.0,3.0,111.0,38.0,16.0,47.0,40.0,7.0,11.0,24.0,25.0,80.0,9.0,10.0,0.0,790.0,20.0,80.0,19.0,17.0,4.0,0.0,3.0,0.0,0.0,81.02,100.0,50.0,70.83,42.55,50.63,53.52,57.14,5.0951745174129535,0.89994918502018,6.0,8.0,0.3631078,5.0,23.0,17.0,0.37887723,53.0,2.8481012658227844,0.2278481012658227,10.0253164556962,0.3417721518987341,12.645569620253164,4.329113924050633,1.8227848101265824,5.354430379746835,4.556962025316455,0.7974683544303797,1.2531645569620251,2.7341772151898733,2.8481012658227844,9.11392405063291,1.0253164556962024,1.1392405063291138,0.0,2.278481012658228,9.11392405063291,2.1645569620253164,1.9367088607594936,0.4556962025316455,0.0,0.3417721518987341,0.0,0.0,81.02,100.0,50.0,70.83,42.55,50.63,53.52,57.14,0.5804629197052731,0.1025258565212863,0.6835443037974683,0.9113924050632912,0.041366711392405,0.5696202531645569,2.620253164556962,1.9367088607594936,0.0431632287341772,6.037974683544303,ST,70,81,96,63,96,96,96,100,100,93,96,93,93,100,91,100,17,100,100,96,96,80,52,87,48,48,89,93,93,96,67,89,67,59,100,81,89,83,85,94,100,96,56,96,22,70,67,33,56,85,63,100,100,78,89,63,63,81,78,100,17,100,96,74,85,56,52,74,48,48,89,93,93,96,67,89,67,59,100,52,56,52,70,70,96,74,41,81,Swiss Super League
Young Boys,5fd9f9bti2cdgb6r1lf8l2bc7,cag46lcr9rbj6593ftfegc0lw,D. Pech,Dominik Pech,20,Midfielder,Czechia,Midfielder,40.0,0.0,69.0,4.0,109.0,1.0,2.0,5.0,2.0,3.0,1.0,9.0,9.0,23.0,4.0,1.0,9.0,295.0,3.0,6.0,7.0,7.0,4.0,0.0,1.0,0.0,0.0,89.34,50.0,0.0,77.78,60.0,62.16,50.0,50.0,0.3546729957448598,0.168896656497336,3.0,8.0,0.19672893,4.0,12.0,12.0,0.2086405799999999,44.0,12.203389830508476,0.0,21.05084745762712,1.2203389830508475,33.25423728813559,0.3050847457627119,0.6101694915254238,1.5254237288135597,0.6101694915254238,0.9152542372881356,0.3050847457627119,2.745762711864407,2.745762711864407,7.016949152542373,1.2203389830508475,0.3050847457627119,2.745762711864407,0.9152542372881356,1.8305084745762712,2.135593220338983,2.135593220338983,1.2203389830508475,0.0,0.3050847457627119,0.0,0.0,89.34,50.0,0.0,77.78,60.0,62.16,50.0,50.0,0.1082053207357199,0.0515277935076618,0.9152542372881356,2.440677966101695,0.0600189955932203,1.2203389830508475,3.6610169491525424,3.6610169491525424,0.0636530583050847,13.423728813559322,CM/AM,33,10,21,23,25,21,8,21,21,33,17,50,40,42,46,40,94,38,19,46,67,35,50,67,52,52,92,44,10,94,94,96,54,35,17,12,44,38,29,35,33,19,8,21,75,10,75,33,75,25,12,38,25,67,25,62,58,100,67,67,100,75,38,79,92,75,50,83,52,52,92,44,10,94,94,96,54,35,25,12,71,71,58,75,75,50,8,46,Swiss Super League
Young Boys,5fd9f9bti2cdgb6r1lf8l2bc7,dlwwdyc50t43mk1a4un566zth,G. Wüthrich,Gregory Wüthrich,31,Defender,Switzerland,Defender,54.0,0.0,33.0,7.0,87.0,9.0,0.0,0.0,0.0,0.0,0.0,1.0,1.0,13.0,21.0,0.0,10.0,253.0,0.0,1.0,4.0,0.0,0.0,0.0,0.0,0.0,0.0,87.88,50.0,0.0,0.0,0.0,56.52,69.23,0.0,0.0,0.0,0.0,0.0,0.0,0.0,0.0,0.0,0.0,0.0,19.209486166007903,0.0,11.73913043478261,2.490118577075099,30.948616600790515,3.2015810276679844,0.0,0.0,0.0,0.0,0.0,0.3557312252964427,0.3557312252964427,4.624505928853755,7.470355731225297,0.0,3.557312252964427,0.0,0.3557312252964427,1.4229249011857708,0.0,0.0,0.0,0.0,0.0,0.0,87.88,50.0,0.0,0.0,0.0,56.52,69.23,0.0,0.0,0.0,0.0,0.0,0.0,0.0,0.0,0.0,0.0,0.0,CB,4,43,4,9,4,11,24,6,6,37,30,46,44,7,19,31,56,20,9,46,20,4,37,44,52,50,67,65,43,20,20,33,89,4,6,24,41,7,7,20,6,6,6,6,19,43,30,26,15,70,24,6,6,37,30,74,74,37,74,31,100,20,19,93,20,4,37,44,52,50,67,65,43,20,20,33,89,4,6,24,41,7,7,20,6,6,6,6,Swiss Super League
Young Boys,5fd9f9bti2cdgb6r1lf8l2bc7,dx47szytc8vttuj4rcn4yzdre,I. Schmidt,Isaac Schmidt,26,Defender,Switzerland,Defender,46.0,1.0,88.0,4.0,133.0,6.0,6.0,2.0,0.0,2.0,0.0,3.0,3.0,19.0,21.0,0.0,4.0,326.0,1.0,9.0,1.0,1.0,8.0,0.0,0.0,0.0,0.0,80.12,26.67,20.0,33.33,50.0,61.29,54.55,72.73,0.1543930604313562,0.6065156258199015,0.0,11.0,0.32237091,9.0,17.0,28.0,0.94231463,80.0,12.699386503067483,0.2760736196319018,24.29447852760736,1.1042944785276074,36.71779141104295,1.656441717791411,1.656441717791411,0.5521472392638037,0.0,0.5521472392638037,0.0,0.8282208588957055,0.8282208588957055,5.245398773006135,5.7975460122699385,0.0,1.1042944785276074,0.2760736196319018,2.4846625766871164,0.2760736196319018,0.2760736196319018,2.208588957055215,0.0,0.0,0.0,0.0,80.12,26.67,20.0,33.33,50.0,61.29,54.55,72.73,0.0426238510393314,0.1674429641834083,0.0,3.03680981595092,0.08899810398773,2.4846625766871164,4.693251533742331,7.730061349693251,0.2601482107361963,22.085889570552148,RB/RCB,21,14,52,12,40,64,55,24,14,57,19,17,17,19,79,40,33,48,55,5,17,40,40,26,52,52,62,5,45,29,83,86,62,62,24,57,17,67,76,90,60,64,52,62,52,29,100,14,86,86,90,43,14,71,19,38,38,43,100,40,38,62,86,5,29,76,40,26,52,52,62,5,45,29,83,86,62,62,43,81,17,95,95,100,90,100,81,90,Swiss Super League
Young Boys,5fd9f9bti2cdgb6r1lf8l2bc7,dy4qddlt7cjmx6mdf7rj16jf9,L. Benito,Loris Benito,34,Defender,Switzerland,Defender,216.0,1.0,162.0,22.0,377.0,13.0,3.0,2.0,2.0,0.0,1.0,0.0,0.0,26.0,38.0,0.0,5.0,571.0,0.0,4.0,2.0,0.0,9.0,0.0,0.0,0.0,0.0,90.19,51.16,50.0,0.0,0.0,65.0,68.42,81.82,0.1519205481801939,0.1983314007894602,0.0,12.0,0.2424591099999999,4.0,35.0,37.0,0.6692574399999995,222.0,34.04553415061296,0.1576182136602452,25.53415061295972,3.467600700525394,59.42206654991244,2.049036777583188,0.4728546409807356,0.3152364273204904,0.3152364273204904,0.0,0.1576182136602452,0.0,0.0,4.098073555166375,5.989492119089317,0.0,0.788091068301226,0.0,0.6304728546409808,0.3152364273204904,0.0,1.418563922942207,0.0,0.0,0.0,0.0,90.19,51.16,50.0,0.0,0.0,65.0,68.42,81.82,0.0239454454224473,0.0312606411051688,0.0,1.8914185639229424,0.0382159718038528,0.6304728546409808,5.516637478108581,5.831873905429072,0.1054871621716286,34.99124343257444,CB,56,91,89,52,63,41,87,30,33,37,72,19,17,31,39,31,24,20,43,15,20,78,37,44,52,50,93,74,91,20,20,70,74,94,19,81,41,85,89,94,93,89,70,63,78,93,100,63,100,30,96,19,26,37,70,19,17,15,30,31,11,20,37,11,20,89,37,44,52,50,93,74,91,20,20,70,74,94,19,81,41,93,93,96,96,93,89,89,Swiss Super League
Young Boys,5fd9f9bti2cdgb6r1lf8l2bc7,iz7cpjfkljo61ndnc8o3nm22,K. Sène,Kaly Sène,25,Attacker,Senegal,Striker,7.0,0.0,31.0,2.0,38.0,8.0,4.0,7.0,7.0,0.0,1.0,8.0,8.0,14.0,1.0,2.0,0.0,200.0,4.0,19.0,1.0,4.0,1.0,0.0,2.0,0.0,0.0,66.67,66.67,0.0,50.0,57.14,34.15,53.33,100.0,0.8372859209306838,0.390651352662976,2.0,3.0,0.09973536,0.0,3.0,5.0,0.3983750699999999,12.0,3.15,0.0,13.95,0.8999999999999999,17.099999999999998,3.6,1.7999999999999998,3.15,3.15,0.0,0.4499999999999999,3.6,3.6,6.3,0.4499999999999999,0.8999999999999999,0.0,1.7999999999999998,8.549999999999999,0.4499999999999999,1.7999999999999998,0.4499999999999999,0.0,0.8999999999999999,0.0,0.0,66.67,66.67,0.0,50.0,57.14,34.15,53.33,100.0,0.3767786644188077,0.1757931086983392,0.8999999999999999,1.35,0.0448809119999999,0.0,1.35,2.25,0.1792687814999999,5.4,ST,13,31,30,43,22,44,35,15,19,9,13,43,37,11,19,46,17,39,15,7,52,33,52,80,48,48,41,63,31,72,89,15,63,91,19,44,28,31,41,11,41,37,63,30,33,31,93,70,78,70,59,41,63,9,26,74,70,56,33,93,17,85,89,7,78,52,52,93,48,48,41,63,31,72,89,15,63,91,52,70,63,74,74,11,74,89,96,70,Swiss Super League
Basel,5u18kvqiqhup2vd345dci1069,367uiqi4o7c5yshuyvlp91gd0,A. Sow,Asane Sow,20,Attacker,Italy,Striker,45.0,3.0,98.0,2.0,140.0,4.0,9.0,19.0,15.0,4.0,4.0,35.0,36.0,45.0,6.0,3.0,0.0,570.0,7.0,39.0,13.0,13.0,12.0,0.0,4.0,0.0,0.0,77.78,25.0,21.43,37.14,36.84,46.88,50.0,80.0,1.8118304766405944,0.8462946466631395,9.0,19.0,0.54082684,6.0,5.0,9.0,0.79984563,43.0,7.105263157894737,0.4736842105263158,15.473684210526317,0.3157894736842105,22.105263157894736,0.6315789473684211,1.4210526315789471,3.0,2.368421052631579,0.6315789473684211,0.6315789473684211,5.526315789473684,5.684210526315789,7.105263157894737,0.9473684210526316,0.4736842105263158,0.0,1.105263157894737,6.157894736842105,2.0526315789473686,2.0526315789473686,1.8947368421052635,0.0,0.6315789473684211,0.0,0.0,77.78,25.0,21.43,37.14,36.84,46.88,50.0,80.0,0.2860784963116728,0.1336254705257588,1.4210526315789471,3.0,0.0853937115789473,0.9473684210526316,0.7894736842105263,1.4210526315789471,0.1262914152631579,6.789473684210527,RW,100,83,83,50,100,33,83,100,100,67,83,100,100,100,100,92,17,100,100,100,100,92,58,100,58,58,58,33,83,33,50,50,83,83,100,83,100,100,100,83,58,67,83,75,83,83,83,33,83,33,67,83,83,33,83,83,83,83,67,83,17,67,100,67,67,83,58,100,58,58,58,33,83,33,50,50,83,83,67,67,83,83,67,67,17,33,83,50,Swiss Super League
Basel,5u18kvqiqhup2vd345dci1069,3tt6p44vr1thvhdx0gw44f6xh,Ž. Celar,Zan Celar,27,Attacker,Slovenia,Striker,29.0,0.0,49.0,9.0,78.0,10.0,8.0,17.0,15.0,2.0,2.0,15.0,17.0,24.0,9.0,6.0,2.0,785.0,10.0,33.0,7.0,5.0,1.0,0.0,1.0,0.0,0.0,72.22,81.82,0.0,33.33,58.82,27.91,31.25,50.0,1.6858584376221228,0.5073033870711176,2.0,7.0,0.16757097,3.0,10.0,10.0,0.1400810999999999,33.0,3.3248407643312103,0.0,5.617834394904459,1.0318471337579618,8.94267515923567,1.1464968152866244,0.9171974522292996,1.9490445859872607,1.7197452229299364,0.2292993630573248,0.2292993630573248,1.7197452229299364,1.9490445859872607,2.7515923566878984,1.0318471337579618,0.6878980891719746,0.2292993630573248,1.1464968152866244,3.783439490445861,0.802547770700637,0.5732484076433122,0.1146496815286624,0.0,0.1146496815286624,0.0,0.0,72.22,81.82,0.0,33.33,58.82,27.91,31.25,50.0,0.1932831329757848,0.0581621717661153,0.2292993630573248,0.802547770700637,0.019211958343949,0.3439490445859873,1.1464968152866244,1.1464968152866244,0.0160602535031847,3.783439490445861,ST,81,31,63,100,78,50,59,65,76,54,24,67,70,52,91,94,74,89,70,50,67,33,52,59,48,48,63,81,31,31,93,7,17,39,41,56,28,74,74,72,93,80,37,83,37,31,11,81,15,11,33,11,7,30,7,33,44,4,81,70,52,48,7,11,37,19,52,44,48,48,63,81,31,31,93,7,17,39,4,26,11,44,37,44,67,52,19,48,Swiss Super League
Basel,5u18kvqiqhup2vd345dci1069,4tqq3vmbq7imsophuxh69qmms,V. Akpe,Victory Akpe,20,Defender,Nigeria,Defender,320.0,0.0,170.0,30.0,490.0,29.0,4.0,4.0,2.0,2.0,0.0,9.0,9.0,55.0,85.0,1.0,22.0,810.0,1.0,11.0,11.0,6.0,6.0,1.0,1.0,0.0,0.0,85.37,43.48,0.0,66.67,25.0,55.0,52.73,66.67,0.3623162372217032,0.377289715941247,2.0,13.0,0.2346497,2.0,33.0,44.0,0.7077194199999998,275.0,35.55555555555556,0.0,18.88888888888889,3.333333333333333,54.44444444444444,3.2222222222222223,0.4444444444444444,0.4444444444444444,0.2222222222222222,0.2222222222222222,0.0,1.0,1.0,6.111111111111111,9.444444444444445,0.1111111111111111,2.4444444444444446,0.1111111111111111,1.2222222222222223,1.2222222222222223,0.6666666666666666,0.6666666666666666,0.1111111111111111,0.1111111111111111,0.0,0.0,85.37,43.48,0.0,66.67,25.0,55.0,52.73,66.67,0.0402573596913003,0.0419210795490274,0.2222222222222222,1.4444444444444444,0.0260721888888888,0.2222222222222222,3.6666666666666665,4.888888888888889,0.078635491111111,30.55555555555556,CB,93,43,96,83,96,83,96,57,33,93,30,100,100,85,96,78,100,54,85,85,96,35,83,93,52,50,48,30,43,56,54,22,37,78,48,96,93,89,85,72,89,94,78,85,81,43,85,52,81,74,91,33,19,87,30,98,96,67,96,70,93,44,72,78,93,17,78,91,52,50,48,30,43,56,54,22,37,78,22,93,91,85,85,65,70,83,59,74,Swiss Super League
Basel,5u18kvqiqhup2vd345dci1069,4u281v53ges3kimtgac0tidm2,F. Daniliuc,Flavius Daniliuc,25,Defender,Austria,Defender,341.0,0.0,181.0,22.0,522.0,17.0,2.0,10.0,8.0,2.0,1.0,4.0,4.0,29.0,38.0,0.0,13.0,810.0,2.0,11.0,2.0,3.0,3.0,0.0,1.0,0.0,0.0,89.54,45.83,0.0,75.0,20.0,67.44,77.27,42.86,1.0520262314266349,0.1496332035233723,2.0,19.0,0.37706949,4.0,43.0,44.0,0.8904538699999995,373.0,37.888888888888886,0.0,20.11111111111111,2.4444444444444446,58.0,1.8888888888888888,0.2222222222222222,1.1111111111111112,0.8888888888888888,0.2222222222222222,0.1111111111111111,0.4444444444444444,0.4444444444444444,3.2222222222222223,4.222222222222222,0.0,1.4444444444444444,0.2222222222222222,1.2222222222222223,0.2222222222222222,0.3333333333333333,0.3333333333333333,0.0,0.1111111111111111,0.0,0.0,89.54,45.83,0.0,75.0,20.0,67.44,77.27,42.86,0.1168918034918483,0.0166259115025969,0.2222222222222222,2.111111111111111,0.04189661,0.4444444444444444,4.777777777777778,4.888888888888889,0.0989393188888888,41.44444444444444,CB,96,43,100,52,100,59,74,96,96,93,72,83,83,43,39,31,76,80,85,15,83,17,37,93,52,50,81,48,43,61,48,89,96,15,96,70,93,100,100,94,96,94,89,100,85,43,96,22,93,22,69,93,93,87,61,78,78,4,11,31,46,70,72,7,78,11,37,91,52,50,81,48,43,61,48,89,96,15,93,67,91,96,96,91,89,83,81,96,Swiss Super League
Basel,5u18kvqiqhup2vd345dci1069,6tzrulqvl1ytj9907ueeanskq,P. Otele,Philip Otele,27,Attacker,Nigeria,Striker,22.0,2.0,55.0,7.0,75.0,8.0,3.0,16.0,11.0,5.0,5.0,18.0,18.0,31.0,2.0,1.0,2.0,370.0,2.0,27.0,10.0,9.0,1.0,0.0,0.0,0.0,0.0,67.57,63.64,13.33,50.0,12.5,57.41,57.14,25.0,1.4317344979256716,0.2866295160532163,5.0,13.0,0.65479722,5.0,8.0,17.0,0.88062526,37.0,5.351351351351352,0.4864864864864865,13.37837837837838,1.7027027027027029,18.24324324324325,1.945945945945946,0.7297297297297298,3.891891891891892,2.675675675675676,1.2162162162162162,1.2162162162162162,4.378378378378379,4.378378378378379,7.540540540540541,0.4864864864864865,0.2432432432432432,0.4864864864864865,0.4864864864864865,6.567567567567568,2.4324324324324325,2.189189189189189,0.2432432432432432,0.0,0.0,0.0,0.0,67.57,63.64,13.33,50.0,12.5,57.41,57.14,25.0,0.3482597427386769,0.0697206930940256,1.2162162162162162,3.1621621621621623,0.1592749994594594,1.2162162162162162,1.945945945945946,4.135135135135136,0.2142061443243243,9.0,LW,50,71,57,100,57,100,29,86,93,79,64,43,36,86,57,21,64,14,71,93,57,14,57,36,57,57,14,71,86,57,14,100,100,14,71,29,64,64,71,71,71,100,86,71,43,71,57,100,57,100,29,100,86,86,71,43,29,100,57,14,64,29,71,100,57,14,57,36,57,57,14,71,86,57,14,100,100,14,86,29,71,86,100,86,86,100,100,100,Swiss Super League
Basel,5u18kvqiqhup2vd345dci1069,7s1q4rd90gi1gwbko34fuvhlh,X. Shaqiri,Xherdan Shaqiri,34,Midfielder,Switzerland,Midfielder,71.0,11.0,150.0,17.0,210.0,1.0,18.0,10.0,5.0,5.0,1.0,6.0,6.0,21.0,1.0,3.0,1.0,537.0,4.0,13.0,14.0,2.0,3.0,0.0,1.0,0.0,0.0,80.46,60.71,28.21,33.33,40.0,48.84,50.0,75.0,0.9161931895005604,1.9294878161795028,4.0,15.0,0.53207111,10.0,32.0,41.0,1.3096580999999998,108.0,11.899441340782122,1.843575418994413,25.13966480446928,2.8491620111731844,35.19553072625698,0.1675977653631284,3.016759776536313,1.675977653631285,0.8379888268156425,0.8379888268156425,0.1675977653631284,1.005586592178771,1.005586592178771,3.519553072625698,0.1675977653631284,0.5027932960893855,0.1675977653631284,0.6703910614525139,2.17877094972067,2.346368715083799,0.3351955307262569,0.5027932960893855,0.0,0.1675977653631284,0.0,0.0,80.46,60.71,28.21,33.33,40.0,48.84,50.0,75.0,0.1535519312012112,0.3233778462870675,0.6703910614525139,2.5139664804469275,0.0891739290502793,1.675977653631285,5.363128491620111,6.871508379888268,0.2194957709497206,18.10055865921788,CM/AM,75,83,81,92,73,21,81,46,50,58,17,15,15,31,12,92,21,56,46,94,12,15,50,67,52,52,50,62,54,23,67,54,54,81,54,79,56,75,92,96,88,92,71,71,71,88,92,96,83,12,88,42,54,62,12,25,25,17,12,92,21,54,42,92,12,12,50,71,52,52,50,62,54,23,67,54,54,81,54,92,54,79,88,92,96,92,79,83,Swiss Super League
Basel,5u18kvqiqhup2vd345dci1069,7xvwcat6dce9y9obgc8e2s1k9,K. Tsunemoto,Keigo Tsunemoto,27,Defender,Japan,Defender,206.0,6.0,206.0,32.0,406.0,9.0,8.0,2.0,0.0,2.0,1.0,6.0,7.0,42.0,11.0,0.0,15.0,801.0,1.0,6.0,10.0,2.0,12.0,0.0,0.0,0.0,0.0,84.94,53.33,46.15,33.33,50.0,62.69,69.23,57.14,0.1277826227677705,0.647192910995304,2.0,19.0,0.44521886,11.0,52.0,60.0,1.8946068000000005,213.0,23.146067415730336,0.6741573033707865,23.146067415730336,3.595505617977528,45.61797752808989,1.0112359550561798,0.898876404494382,0.2247191011235955,0.0,0.2247191011235955,0.1123595505617977,0.6741573033707865,0.7865168539325842,4.719101123595506,1.2359550561797752,0.0,1.6853932584269662,0.1123595505617977,0.6741573033707865,1.1235955056179774,0.2247191011235955,1.348314606741573,0.0,0.0,0.0,0.0,84.94,53.33,46.15,33.33,50.0,62.69,69.23,57.14,0.0143575980637944,0.0727183046062139,0.2247191011235955,2.134831460674157,0.0500245910112359,1.2359550561797752,5.842696629213483,6.741573033707865,0.2128771685393259,23.93258426966292,RB/RCB,95,81,100,100,100,86,74,24,14,57,57,45,48,86,24,40,93,48,43,86,31,79,40,26,52,52,86,79,100,29,83,95,90,10,19,62,60,95,86,95,100,100,90,95,95,57,95,100,100,57,48,14,14,38,48,33,33,29,14,40,95,38,24,62,24,33,40,26,52,52,86,79,100,29,83,95,90,10,14,38,52,86,62,81,100,90,71,100,Swiss Super League
Basel,5u18kvqiqhup2vd345dci1069,9acznrpww7ch2gqxvcst5d2c4,M. Cissé,Moussa Cissé,23,Defender,France,Defender,61.0,4.0,80.0,5.0,137.0,3.0,2.0,1.0,1.0,0.0,0.0,6.0,6.0,16.0,6.0,0.0,6.0,380.0,0.0,4.0,6.0,2.0,2.0,0.0,0.0,0.0,0.0,88.39,38.46,40.0,33.33,0.0,47.06,42.86,40.0,0.0644446408880395,0.2024920539367807,1.0,5.0,0.16973359,3.0,17.0,16.0,0.5574909200000001,71.0,14.447368421052632,0.9473684210526316,18.94736842105263,1.1842105263157894,32.44736842105263,0.7105263157894737,0.4736842105263157,0.2368421052631578,0.2368421052631578,0.0,0.0,1.4210526315789471,1.4210526315789471,3.789473684210526,1.4210526315789471,0.0,1.4210526315789471,0.0,0.9473684210526316,1.4210526315789471,0.4736842105263157,0.4736842105263157,0.0,0.0,0.0,0.0,88.39,38.46,40.0,33.33,0.0,47.06,42.86,40.0,0.0152632044208514,0.047958644353448,0.2368421052631578,1.1842105263157894,0.0402000607894736,0.7105263157894737,4.026315789473684,3.789473684210526,0.1320373231578947,16.81578947368421,LB/LCB,31,50,50,19,28,39,31,14,39,19,25,69,69,31,17,47,47,28,42,78,56,11,53,33,50,50,89,50,86,39,28,28,44,17,6,28,53,67,78,44,56,33,33,28,44,50,67,17,56,28,28,11,39,19,25,83,83,28,22,47,78,28,50,78,67,11,53,33,50,50,89,50,86,39,28,28,44,17,17,33,61,72,72,61,67,44,44,44,Swiss Super League
Basel,5u18kvqiqhup2vd345dci1069,bbrdybdlcobf8cc9epxzeledw,L. Malachowski,Ludwig Malachowski,21,Midfielder,Sweden,Midfielder,63.0,6.0,74.0,8.0,131.0,0.0,10.0,1.0,0.0,1.0,1.0,4.0,4.0,17.0,4.0,0.0,2.0,397.0,0.0,1.0,8.0,3.0,3.0,0.0,0.0,0.0,0.0,85.62,61.54,60.0,75.0,0.0,42.5,0.0,50.0,0.0961216670802798,0.9463568023642532,0.0,9.0,0.19866813,3.0,16.0,15.0,0.8392278,68.0,14.28211586901763,1.3602015113350123,16.775818639798487,1.81360201511335,29.697732997481108,0.0,2.267002518891688,0.2267002518891687,0.0,0.2267002518891687,0.2267002518891687,0.906801007556675,0.906801007556675,3.853904282115869,0.906801007556675,0.0,0.4534005037783375,0.0,0.2267002518891687,1.81360201511335,0.6801007556675063,0.6801007556675063,0.0,0.0,0.0,0.0,85.62,61.54,60.0,75.0,0.0,42.5,0.0,50.0,0.0217908061391062,0.2145393254730045,0.0,2.040302267002519,0.0450381151133501,0.6801007556675063,3.6272040302267,3.400503778337532,0.1902531536523929,15.415617128463476,CM/AM,52,56,29,44,38,6,46,4,4,12,17,8,8,15,46,10,38,8,4,54,25,15,50,23,52,52,75,71,100,88,8,25,6,35,4,46,6,42,33,23,46,31,42,42,88,71,38,71,62,6,67,4,4,12,21,17,17,25,54,10,50,8,4,67,33,29,50,23,52,52,75,71,100,88,8,25,6,35,4,62,6,62,42,33,67,38,67,62,Swiss Super League
Basel,5u18kvqiqhup2vd345dci1069,cva5o1qtbevwt7ws8kno8m3ca,B. Omeragic,Becir Omeragic,24,Defender,Switzerland,Defender,86.0,0.0,98.0,1.0,184.0,10.0,2.0,3.0,3.0,0.0,1.0,0.0,0.0,22.0,16.0,0.0,4.0,453.0,2.0,3.0,3.0,0.0,6.0,1.0,0.0,0.0,0.0,89.76,25.0,0.0,0.0,66.67,64.71,66.67,54.55,0.3179970744943388,0.0989263214893995,0.0,16.0,0.31602346,2.0,16.0,10.0,0.1941787199999999,95.0,17.08609271523179,0.0,19.47019867549669,0.1986754966887417,36.55629139072848,1.9867549668874167,0.3973509933774835,0.5960264900662252,0.5960264900662252,0.0,0.1986754966887417,0.0,0.0,4.370860927152318,3.178807947019868,0.0,0.794701986754967,0.3973509933774835,0.5960264900662252,0.5960264900662252,0.0,1.1920529801324504,0.1986754966887417,0.0,0.0,0.0,89.76,25.0,0.0,0.0,66.67,64.71,66.67,54.55,0.0631782267207295,0.0196542360574965,0.0,3.178807947019868,0.0627861178807947,0.3973509933774835,3.178807947019868,1.9867549668874167,0.038578553642384,18.874172185430464,CB,26,43,48,4,39,22,74,44,50,37,72,19,17,26,11,31,11,80,30,30,20,35,83,44,52,50,89,4,43,20,93,67,70,54,41,63,41,96,96,72,33,22,22,30,11,43,93,4,37,26,85,52,56,37,81,19,17,26,4,31,15,89,33,30,20,78,89,44,52,50,89,4,43,20,93,67,70,54,48,70,41,100,100,85,52,19,15,22,Swiss Super League
Basel,5u18kvqiqhup2vd345dci1069,d2dqd11a9koizwjaq93n4npt6,K. Olaigbe,Kazeem Olaigbe,23,Attacker,Belgium,Striker,37.0,2.0,106.0,4.0,141.0,4.0,11.0,10.0,8.0,2.0,5.0,28.0,29.0,29.0,1.0,2.0,1.0,594.0,3.0,24.0,10.0,11.0,3.0,0.0,4.0,0.0,0.0,81.5,100.0,11.11,39.29,30.0,42.03,50.0,75.0,0.8605340191688361,0.9346164669184184,4.0,31.0,0.91890928,6.0,15.0,15.0,0.8391025700000001,55.0,5.606060606060606,0.303030303030303,16.060606060606062,0.6060606060606061,21.363636363636363,0.6060606060606061,1.6666666666666667,1.5151515151515151,1.2121212121212122,0.303030303030303,0.7575757575757576,4.242424242424242,4.3939393939393945,4.3939393939393945,0.1515151515151515,0.303030303030303,0.1515151515151515,0.4545454545454546,3.6363636363636367,1.5151515151515151,1.6666666666666667,0.4545454545454546,0.0,0.6060606060606061,0.0,0.0,81.5,100.0,11.11,39.29,30.0,42.03,50.0,75.0,0.1303839422983085,0.1416085555936997,0.6060606060606061,4.696969696969697,0.1392286787878788,0.9090909090909092,2.272727272727273,2.272727272727273,0.127136753030303,8.333333333333334,LW,100,71,100,71,100,64,100,36,36,29,64,86,86,71,36,57,36,36,43,93,79,36,57,100,57,57,86,93,57,43,43,57,79,93,29,86,43,100,100,93,100,86,71,100,71,57,86,43,71,57,86,14,14,14,43,14,43,14,29,43,29,14,14,86,43,29,57,100,57,57,86,93,57,43,43,57,79,93,14,86,29,100,86,43,100,86,71,86,Swiss Super League
Basel,5u18kvqiqhup2vd345dci1069,eztoltv7xuc9xbpxpj1s0ial0,Metinho,Abemly Silu Metinho,23,Midfielder,Congo DR,Midfielder,145.0,0.0,115.0,19.0,260.0,4.0,2.0,5.0,3.0,2.0,3.0,9.0,9.0,26.0,7.0,1.0,4.0,658.0,1.0,6.0,11.0,2.0,7.0,0.0,1.0,0.0,0.0,88.44,86.36,0.0,22.22,20.0,43.33,44.44,77.78,0.4674765846382013,0.1640375778279854,0.0,10.0,0.2223003,2.0,12.0,15.0,0.3355996499999999,118.0,19.832826747720365,0.0,15.729483282674773,2.5987841945288754,35.56231003039514,0.547112462006079,0.2735562310030395,0.6838905775075989,0.4103343465045593,0.2735562310030395,0.4103343465045593,1.231003039513678,1.231003039513678,3.556231003039514,0.9574468085106383,0.1367781155015197,0.547112462006079,0.1367781155015197,0.8206686930091186,1.5045592705167177,0.2735562310030395,0.9574468085106383,0.0,0.1367781155015197,0.0,0.0,88.44,86.36,0.0,22.22,20.0,43.33,44.44,77.78,0.0639405662878998,0.0224367507667457,0.0,1.3677811550151977,0.0304058161094224,0.2735562310030395,1.6413373860182372,2.0516717325227964,0.0459026876899695,16.139817629179333,DM/CM,64,28,44,56,52,24,22,48,68,40,70,88,86,46,22,82,28,48,64,80,44,40,50,68,52,50,76,100,28,24,58,20,30,78,56,28,18,64,56,34,16,24,24,44,60,28,24,60,40,20,20,40,72,32,68,80,76,32,16,80,24,36,44,60,40,36,50,64,52,50,76,100,28,24,58,20,30,78,52,20,18,60,48,24,12,16,8,28,Swiss Super League
Lausanne-Sport,96jxcq0onij7zd9rwwkal8q1l,187qa5icsve3oak3t90r6rhsl,M. Poaty,Morgan Poaty,29,Defender,Congo,Defender,119.0,6.0,140.0,12.0,253.0,12.0,6.0,4.0,3.0,1.0,1.0,7.0,7.0,43.0,31.0,0.0,7.0,804.0,1.0,6.0,11.0,2.0,11.0,0.0,0.0,0.0,0.0,73.76,23.08,40.0,28.57,25.0,60.56,63.16,57.89,0.3187828925929464,0.5609330303109045,1.0,21.0,0.48478371,12.0,24.0,21.0,0.86931707,105.0,13.32089552238806,0.6716417910447761,15.671641791044776,1.343283582089552,28.32089552238806,1.343283582089552,0.6716417910447761,0.4477611940298507,0.335820895522388,0.1119402985074626,0.1119402985074626,0.7835820895522387,0.7835820895522387,4.813432835820896,3.470149253731343,0.0,0.7835820895522387,0.1119402985074626,0.6716417910447761,1.2313432835820894,0.2238805970149253,1.2313432835820894,0.0,0.0,0.0,0.0,73.76,23.08,40.0,28.57,25.0,60.56,63.16,57.89,0.0356846521559268,0.0627910108556982,0.1119402985074626,2.3507462686567164,0.0542668332089552,1.343283582089552,2.686567164179104,2.3507462686567164,0.0973116123134328,11.75373134328358,LB/LCB,78,61,86,58,83,75,56,78,89,47,67,83,83,94,94,47,67,67,69,94,56,83,53,33,50,50,28,6,86,28,56,67,81,44,83,61,53,100,100,100,78,39,50,61,33,44,28,28,22,61,39,50,56,39,50,56,56,61,61,47,39,56,33,72,44,67,53,33,50,50,28,6,86,28,56,67,81,44,39,50,44,100,100,89,33,6,17,17,Swiss Super League
Lausanne-Sport,96jxcq0onij7zd9rwwkal8q1l,1n0y675l767w55pipq5lgj1zp,F. Mollet,Florent Mollet,34,Midfielder,France,Midfielder,85.0,9.0,137.0,12.0,213.0,5.0,14.0,9.0,5.0,4.0,2.0,1.0,1.0,14.0,11.0,2.0,3.0,544.0,2.0,15.0,5.0,0.0,3.0,0.0,1.0,0.0,0.0,89.87,75.0,29.03,0.0,22.22,48.28,55.56,75.0,0.7790383865035658,1.343478952322577,2.0,7.0,0.16421787,5.0,22.0,28.0,0.8200721500000001,96.0,14.0625,1.4889705882352942,22.66544117647059,1.9852941176470589,35.2389705882353,0.8272058823529412,2.3161764705882355,1.4889705882352942,0.8272058823529412,0.6617647058823529,0.3308823529411764,0.1654411764705882,0.1654411764705882,2.3161764705882355,1.8198529411764703,0.3308823529411764,0.4963235294117647,0.3308823529411764,2.481617647058824,0.8272058823529412,0.0,0.4963235294117647,0.0,0.1654411764705882,0.0,0.0,89.87,75.0,29.03,0.0,22.22,48.28,55.56,75.0,0.1288850271788987,0.2222667384357204,0.3308823529411764,1.1580882352941178,0.0271683976102941,0.8272058823529412,3.639705882352941,4.632352941176471,0.1356737012867647,15.882352941176473,CM/AM,88,77,67,71,83,73,67,40,50,46,35,4,4,8,88,71,52,29,52,29,6,15,50,67,52,52,100,96,58,6,35,50,71,81,33,67,29,27,12,54,69,65,38,58,83,75,83,79,88,79,71,33,50,38,33,4,4,4,92,71,54,29,46,33,6,8,50,67,52,52,100,96,58,6,35,50,71,81,46,71,25,21,8,46,71,79,42,71,Swiss Super League
Lausanne-Sport,96jxcq0onij7zd9rwwkal8q1l,2xet9j8jfhv9ypt6jfojlwogl,O. Custodio,Olivier Custodio,31,Midfielder,Switzerland,Midfielder,124.0,2.0,130.0,16.0,252.0,5.0,4.0,3.0,0.0,3.0,1.0,3.0,3.0,16.0,13.0,0.0,3.0,559.0,0.0,3.0,3.0,2.0,1.0,0.0,0.0,0.0,0.0,86.3,47.06,14.29,66.67,0.0,36.36,50.0,16.67,0.2009473463318708,0.4084620153374859,1.0,7.0,0.20022896,5.0,24.0,20.0,0.4861912499999999,129.0,19.96422182468694,0.3220035778175313,20.930232558139533,2.5760286225402504,40.57245080500894,0.8050089445438282,0.6440071556350626,0.4830053667262969,0.0,0.4830053667262969,0.1610017889087656,0.4830053667262969,0.4830053667262969,2.5760286225402504,2.0930232558139537,0.0,0.4830053667262969,0.0,0.4830053667262969,0.4830053667262969,0.3220035778175313,0.1610017889087656,0.0,0.0,0.0,0.0,86.3,47.06,14.29,66.67,0.0,36.36,50.0,16.67,0.0323528822359004,0.0657631151706149,0.1610017889087656,1.1270125223613596,0.0322372207513416,0.8050089445438282,3.864042933810376,3.220035778175313,0.0782776610017888,20.76923076923077,DM/CM,48,86,48,48,48,36,38,30,16,58,44,34,32,16,48,36,20,16,28,20,44,6,50,26,52,50,60,32,56,70,16,4,46,4,24,56,42,36,52,70,48,40,36,56,68,88,52,56,68,48,40,28,16,60,48,36,32,16,56,36,8,16,32,16,48,8,50,26,52,50,60,32,56,70,16,4,46,4,20,52,40,52,60,72,40,28,24,60,Swiss Super League
Lausanne-Sport,96jxcq0onij7zd9rwwkal8q1l,30oup47g0i12cvub12r7kmxd6,B. Soppy,Brandon Soppy,24,Defender,France,Defender,94.0,1.0,123.0,10.0,216.0,5.0,4.0,3.0,1.0,2.0,1.0,15.0,16.0,59.0,21.0,0.0,10.0,688.0,1.0,13.0,16.0,9.0,19.0,1.0,0.0,0.0,0.0,74.74,30.3,14.29,60.0,33.33,63.44,71.43,65.52,0.2146944438654562,0.441822380078694,1.0,6.0,0.12755102,4.0,27.0,28.0,0.9965479700000004,116.0,12.296511627906977,0.130813953488372,16.09011627906977,1.3081395348837208,28.25581395348837,0.6540697674418604,0.5232558139534883,0.3924418604651162,0.130813953488372,0.2616279069767441,0.130813953488372,1.962209302325581,2.093023255813953,7.718023255813953,2.7470930232558137,0.0,1.3081395348837208,0.130813953488372,1.7005813953488371,2.093023255813953,1.1773255813953487,2.485465116279069,0.130813953488372,0.0,0.0,0.0,74.74,30.3,14.29,60.0,33.33,63.44,71.43,65.52,0.0280850289940277,0.0577965322777361,0.130813953488372,0.7848837209302325,0.0166854531976744,0.5232558139534883,3.5319767441860463,3.6627906976744176,0.1303623797965116,15.174418604651162,RB/RCB,81,14,76,43,81,52,36,40,33,57,57,100,100,100,79,40,76,48,76,100,98,95,90,26,52,52,33,10,21,67,62,100,95,29,33,43,40,31,19,43,81,64,57,76,29,5,48,19,52,38,19,33,29,48,52,76,81,100,43,40,52,43,52,95,81,95,90,26,52,52,33,10,21,67,62,100,95,29,29,24,38,14,14,33,81,48,38,67,Swiss Super League
Lausanne-Sport,96jxcq0onij7zd9rwwkal8q1l,4925210zy04qv4cliok72f578,Omar Janneh,Omar Janneh,20,Attacker,Spain,Striker,23.0,0.0,46.0,2.0,69.0,18.0,1.0,18.0,17.0,1.0,3.0,8.0,9.0,32.0,7.0,1.0,1.0,711.0,5.0,32.0,9.0,3.0,1.0,0.0,1.0,0.0,0.0,62.16,50.0,0.0,37.5,27.78,37.65,43.9,50.0,2.233363628864313,0.0788667631092782,2.0,3.0,0.07555817,1.0,3.0,6.0,0.1249383599999999,20.0,2.911392405063291,0.0,5.822784810126582,0.2531645569620253,8.734177215189874,2.278481012658228,0.1265822784810126,2.278481012658228,2.151898734177215,0.1265822784810126,0.3797468354430379,1.0126582278481011,1.1392405063291138,4.0506329113924044,0.8860759493670886,0.1265822784810126,0.1265822784810126,0.6329113924050632,4.0506329113924044,1.1392405063291138,0.3797468354430379,0.1265822784810126,0.0,0.1265822784810126,0.0,0.0,62.16,50.0,0.0,37.5,27.78,37.65,43.9,50.0,0.2827042568182674,0.0099831345707947,0.2531645569620253,0.3797468354430379,0.0095643253164556,0.1265822784810126,0.3797468354430379,0.7594936708860759,0.015814982278481,2.531645569620253,ST,61,31,56,43,59,81,9,72,85,30,33,43,41,65,80,19,48,52,67,57,41,33,52,59,48,48,15,35,31,41,30,33,59,39,81,7,28,31,19,31,41,54,26,52,26,31,15,22,11,52,4,22,33,22,15,22,19,19,63,7,37,15,11,37,15,30,52,56,48,48,15,35,31,41,30,33,59,39,26,7,15,7,7,22,30,37,15,11,Swiss Super League
Lausanne-Sport,96jxcq0onij7zd9rwwkal8q1l,4m5w23fmydm3or1ff42hgeqne,N. Butler-Oyedeji,Nathan Butler-Oyedeji,23,Attacker,England,Striker,28.0,1.0,64.0,3.0,91.0,5.0,4.0,3.0,3.0,0.0,2.0,15.0,16.0,31.0,3.0,1.0,8.0,406.0,1.0,15.0,11.0,7.0,5.0,0.0,0.0,0.0,0.0,79.82,50.0,12.5,46.67,33.33,57.41,41.67,55.56,0.2644807428787564,0.4532261700056327,1.0,12.0,0.35211416,2.0,6.0,10.0,0.4682113099999999,43.0,6.206896551724138,0.2216748768472906,14.1871921182266,0.6650246305418719,20.17241379310345,1.1083743842364533,0.8866995073891626,0.6650246305418719,0.6650246305418719,0.0,0.4433497536945813,3.3251231527093594,3.5467980295566504,6.87192118226601,0.6650246305418719,0.2216748768472906,1.7733990147783252,0.2216748768472906,3.3251231527093594,2.438423645320197,1.5517241379310345,1.1083743842364533,0.0,0.0,0.0,0.0,79.82,50.0,12.5,46.67,33.33,57.41,41.67,55.56,0.0586287361061282,0.1004688554199678,0.2216748768472906,2.6600985221674875,0.0780548630541872,0.4433497536945813,1.3300492610837438,2.2167487684729066,0.1037906844827585,9.532019704433498,RW,67,67,50,67,67,58,50,17,42,17,58,33,33,67,33,33,100,17,17,75,50,58,58,33,58,58,100,67,67,67,17,83,67,33,33,50,17,67,67,42,83,83,67,75,50,67,50,67,67,67,33,17,33,17,67,33,33,50,17,17,100,17,17,100,50,50,58,33,58,58,100,67,67,67,17,83,67,33,17,33,17,50,50,33,67,83,67,83,Swiss Super League
Lausanne-Sport,96jxcq0onij7zd9rwwkal8q1l,8lx7ynn9g358g7icf8f0jxjx0,I. Bah Mendes,Ibrahim Bah Mendes,20,Attacker,Switzerland,Striker,8.0,0.0,25.0,1.0,33.0,0.0,3.0,4.0,2.0,2.0,0.0,22.0,25.0,17.0,2.0,1.0,2.0,248.0,2.0,16.0,4.0,9.0,2.0,0.0,0.0,0.0,0.0,70.21,33.33,0.0,40.91,50.0,34.69,0.0,50.0,0.2528294817068754,0.3246700025928312,3.0,8.0,0.2970925399999999,4.0,3.0,4.0,0.1597716099999998,12.0,2.903225806451613,0.0,9.07258064516129,0.3629032258064516,11.975806451612904,0.0,1.0887096774193548,1.4516129032258065,0.7258064516129032,0.7258064516129032,0.0,7.983870967741936,9.07258064516129,6.169354838709677,0.7258064516129032,0.3629032258064516,0.7258064516129032,0.7258064516129032,5.806451612903226,1.4516129032258065,3.2661290322580645,0.7258064516129032,0.0,0.0,0.0,0.0,70.21,33.33,0.0,40.91,50.0,34.69,0.0,50.0,0.0917526344903983,0.1178237912635274,1.0887096774193548,2.903225806451613,0.1078158411290322,1.4516129032258065,1.0887096774193548,1.4516129032258065,0.0579816326612902,4.354838709677419,RW,17,33,17,33,17,17,33,33,17,33,17,83,83,17,17,33,33,33,33,25,67,17,58,33,58,58,33,50,33,50,83,33,17,17,17,33,42,50,50,67,17,33,33,17,17,33,17,50,17,17,50,33,50,50,17,100,100,33,33,50,33,33,83,50,100,17,58,33,58,58,33,50,33,50,83,33,17,17,33,50,67,67,83,83,50,50,33,33,Swiss Super League
Lausanne-Sport,96jxcq0onij7zd9rwwkal8q1l,9tgwyvago2lpzjd273u30setw,E. Molebe,Enzo Molebe,19,Attacker,France,Striker,18.0,0.0,42.0,1.0,60.0,2.0,5.0,8.0,6.0,2.0,2.0,18.0,20.0,16.0,3.0,1.0,2.0,324.0,4.0,17.0,4.0,6.0,3.0,0.0,0.0,0.0,0.0,75.0,100.0,0.0,33.33,50.0,34.04,18.18,75.0,0.7680260245736131,0.3347148924874242,5.0,5.0,0.17058721,0.0,5.0,6.0,0.3138236999999999,19.0,5.0,0.0,11.666666666666666,0.2777777777777778,16.666666666666668,0.5555555555555556,1.3888888888888888,2.2222222222222223,1.6666666666666663,0.5555555555555556,0.5555555555555556,5.0,5.555555555555555,4.444444444444445,0.8333333333333333,0.2777777777777778,0.5555555555555556,1.1111111111111112,4.722222222222222,1.1111111111111112,1.6666666666666663,0.8333333333333333,0.0,0.0,0.0,0.0,75.0,100.0,0.0,33.33,50.0,34.04,18.18,75.0,0.2133405623815591,0.0929763590242845,1.3888888888888888,1.3888888888888888,0.0473853361111111,0.0,1.3888888888888888,1.6666666666666663,0.0871732499999999,5.277777777777778,LW,14,21,14,21,14,36,50,14,14,29,14,43,64,14,79,21,64,64,14,50,21,36,57,36,57,57,71,93,21,29,100,14,43,93,14,43,64,14,14,14,50,43,29,29,29,21,14,29,29,43,71,43,43,29,14,86,100,29,86,29,86,71,43,71,29,43,57,36,57,57,71,93,21,29,100,14,43,93,29,43,86,14,14,14,71,43,29,29,Swiss Super League
Lausanne-Sport,96jxcq0onij7zd9rwwkal8q1l,azcv772qzdbz1exafx3od6lt5,N. Cozza,Nicolas Cozza,27,Defender,France,Defender,72.0,0.0,35.0,13.0,107.0,2.0,0.0,0.0,0.0,0.0,0.0,1.0,1.0,10.0,11.0,0.0,4.0,260.0,0.0,1.0,2.0,1.0,5.0,0.0,0.0,0.0,0.0,81.06,39.39,0.0,100.0,0.0,71.43,50.0,100.0,0.0,0.0,0.0,0.0,0.0,0.0,0.0,0.0,0.0,0.0,24.923076923076923,0.0,12.115384615384617,4.5,37.03846153846154,0.6923076923076923,0.0,0.0,0.0,0.0,0.0,0.3461538461538461,0.3461538461538461,3.4615384615384617,3.807692307692308,0.0,1.3846153846153846,0.0,0.3461538461538461,0.6923076923076923,0.3461538461538461,1.7307692307692308,0.0,0.0,0.0,0.0,81.06,39.39,0.0,100.0,0.0,71.43,50.0,100.0,0.0,0.0,0.0,0.0,0.0,0.0,0.0,0.0,0.0,0.0,CB,15,43,13,26,15,4,24,6,6,37,30,46,44,4,4,31,11,20,9,15,54,26,37,44,52,50,30,15,43,83,20,100,19,100,6,24,41,7,7,20,6,6,6,6,44,43,33,93,41,4,24,6,6,37,30,70,70,7,7,31,37,20,15,52,85,93,37,44,52,50,30,15,43,83,20,100,19,100,6,24,41,7,7,20,6,6,6,6,Swiss Super League
Lausanne-Sport,96jxcq0onij7zd9rwwkal8q1l,bp3fpwvk19a38lho1gdrqlic4,K. Sow,Karim Sow,23,Defender,Switzerland,Defender,263.0,0.0,123.0,31.0,386.0,35.0,0.0,7.0,7.0,0.0,0.0,3.0,3.0,60.0,67.0,0.0,3.0,810.0,3.0,14.0,12.0,3.0,6.0,1.0,0.0,0.0,0.0,84.65,45.59,0.0,100.0,42.86,56.6,59.32,60.0,0.92795035208117,0.0,0.0,3.0,0.06067815,1.0,18.0,23.0,0.4873656900000001,216.0,29.22222222222222,0.0,13.666666666666666,3.4444444444444446,42.888888888888886,3.888888888888889,0.0,0.7777777777777778,0.7777777777777778,0.0,0.0,0.3333333333333333,0.3333333333333333,6.666666666666667,7.444444444444445,0.0,0.3333333333333333,0.3333333333333333,1.5555555555555556,1.3333333333333333,0.3333333333333333,0.6666666666666666,0.1111111111111111,0.0,0.0,0.0,84.65,45.59,0.0,100.0,42.86,56.6,59.32,60.0,0.1031055946756855,0.0,0.0,0.3333333333333333,0.0067420166666666,0.1111111111111111,2.0,2.555555555555556,0.0541517433333333,24.0,CB,70,43,67,91,67,98,24,85,89,37,30,74,74,94,89,31,4,94,98,91,83,35,83,44,52,50,44,44,43,83,76,37,52,69,89,24,41,50,56,52,41,41,41,56,59,43,48,59,56,89,24,80,87,37,30,65,65,85,70,31,4,81,91,87,78,17,78,44,52,50,44,44,43,83,76,37,52,69,85,24,41,37,41,44,24,30,30,41,Swiss Super League
Lausanne-Sport,96jxcq0onij7zd9rwwkal8q1l,bu16i67c2fk6mekh1mjtn49w4,S. Koné,Sekou Koné,20,Midfielder,Mali,Midfielder,70.0,1.0,107.0,12.0,176.0,5.0,8.0,2.0,0.0,2.0,1.0,12.0,12.0,32.0,10.0,0.0,8.0,532.0,1.0,5.0,7.0,7.0,8.0,0.0,1.0,0.0,0.0,77.88,66.67,16.67,58.33,50.0,42.67,29.41,61.54,0.0715548959915374,0.7373435737572012,2.0,14.0,0.3227019200000001,4.0,25.0,28.0,0.8641805900000001,101.0,11.842105263157894,0.169172932330827,18.101503759398494,2.0300751879699246,29.774436090225564,0.8458646616541353,1.3533834586466165,0.3383458646616541,0.0,0.3383458646616541,0.169172932330827,2.0300751879699246,2.0300751879699246,5.413533834586466,1.6917293233082706,0.0,1.3533834586466165,0.169172932330827,0.8458646616541353,1.1842105263157894,1.1842105263157894,1.3533834586466165,0.0,0.169172932330827,0.0,0.0,77.88,66.67,16.67,58.33,50.0,42.67,29.41,61.54,0.0121051515775157,0.1247385745077971,0.3383458646616541,2.3684210526315788,0.0545924300751879,0.6766917293233082,4.2293233082706765,4.7368421052631575,0.1461959644736842,17.086466165413533,DM/CM,40,68,36,36,40,36,80,18,16,40,44,92,92,60,32,36,62,48,50,62,94,54,50,68,52,50,24,84,62,56,90,16,8,32,12,88,56,84,80,60,54,54,64,40,20,60,44,32,24,52,84,16,16,40,52,92,92,68,32,36,72,40,48,52,96,60,50,68,52,50,24,84,62,56,90,16,8,32,16,96,60,88,84,64,52,56,72,40,Swiss Super League
Lausanne-Sport,96jxcq0onij7zd9rwwkal8q1l,csd7qb9u0a9am2ltse9w31uz8,T. Bergvall,Theo Bergvall,22,Defender,Sweden,Defender,52.0,1.0,45.0,8.0,96.0,5.0,1.0,1.0,0.0,1.0,0.0,5.0,5.0,17.0,15.0,0.0,3.0,284.0,1.0,2.0,3.0,3.0,5.0,0.0,0.0,0.0,0.0,74.42,34.78,9.09,60.0,100.0,60.71,55.56,83.33,0.0464655265398312,0.0719614000166308,0.0,2.0,0.03555943,0.0,9.0,12.0,0.4659863599999999,44.0,16.47887323943662,0.3169014084507042,14.26056338028169,2.535211267605634,30.422535211267608,1.5845070422535212,0.3169014084507042,0.3169014084507042,0.0,0.3169014084507042,0.0,1.5845070422535212,1.5845070422535212,5.387323943661972,4.753521126760564,0.0,0.9507042253521129,0.3169014084507042,0.6338028169014085,0.9507042253521129,0.9507042253521129,1.5845070422535212,0.0,0.0,0.0,0.0,74.42,34.78,9.09,60.0,100.0,60.71,55.56,83.33,0.014724990804876,0.0228046690193548,0.0,0.6338028169014085,0.0112688334507042,0.0,2.852112676056338,3.802816901408451,0.1476717338028168,13.943661971830986,RB/RCB,29,14,10,29,14,52,10,10,14,29,19,36,36,14,45,40,21,48,10,19,50,10,40,26,52,52,29,29,5,67,100,81,67,90,5,5,17,5,5,5,26,29,19,14,76,33,33,76,71,81,14,19,14,57,19,62,57,57,95,40,29,67,19,52,62,48,40,26,52,52,29,29,5,67,100,81,67,90,19,10,17,5,5,5,52,57,43,43,Swiss Super League
Lugano,btqfm8txcvhi29sddmc9nr68,178x7qayi0zn7c24tkyl02yuh,L. Mai,Lukas Mai,26,Defender,Germany,Defender,299.0,0.0,146.0,19.0,445.0,20.0,3.0,1.0,1.0,0.0,0.0,6.0,6.0,41.0,49.0,1.0,13.0,685.0,1.0,1.0,4.0,2.0,9.0,0.0,2.0,0.0,0.0,91.94,52.78,0.0,33.33,100.0,58.57,68.97,60.0,0.1368042109082215,0.2678904316170293,0.0,5.0,0.09103398,0.0,32.0,29.0,0.96962931,326.0,39.28467153284672,0.0,19.182481751824817,2.496350364963504,58.46715328467154,2.6277372262773726,0.3941605839416058,0.1313868613138686,0.1313868613138686,0.0,0.0,0.7883211678832117,0.7883211678832117,5.386861313868613,6.437956204379562,0.1313868613138686,1.708029197080292,0.1313868613138686,0.1313868613138686,0.5255474452554745,0.2627737226277372,1.1824817518248176,0.0,0.2627737226277372,0.0,0.0,91.94,52.78,0.0,33.33,100.0,58.57,68.97,60.0,0.0179742758857517,0.035197282986179,0.0,0.6569343065693432,0.0119606689051094,0.0,4.204379562043796,3.81021897810219,0.1273965516788321,42.83211678832117,CB,81,43,85,44,87,63,87,15,17,37,30,93,91,57,63,78,76,54,9,46,72,78,37,100,52,50,100,85,43,43,98,44,85,69,15,89,41,67,67,20,85,63,93,96,96,43,89,30,96,63,81,15,15,37,30,89,89,52,48,81,67,56,4,26,67,74,37,100,52,50,100,85,43,43,98,44,85,69,15,89,41,63,59,20,81,70,93,100,Swiss Super League
Lugano,btqfm8txcvhi29sddmc9nr68,1qqhtdvpixhe5zt9mq9omsoh5,H. Delcroix,Hannes Delcroix,27,Defender,Haiti,Defender,197.0,1.0,171.0,17.0,367.0,13.0,3.0,9.0,7.0,2.0,3.0,2.0,2.0,27.0,19.0,3.0,7.0,457.0,4.0,9.0,0.0,1.0,4.0,0.0,1.0,0.0,0.0,93.62,62.96,33.33,50.0,44.44,72.97,86.67,30.77,1.115007544624652,0.2302516492268829,2.0,4.0,0.0800294699999999,1.0,34.0,40.0,0.8405904399999993,210.0,38.796498905908095,0.1969365426695842,33.67614879649891,3.347921225382932,72.27571115973743,2.560175054704595,0.5908096280087528,1.7724288840262583,1.3785557986870898,0.3938730853391685,0.5908096280087528,0.3938730853391685,0.3938730853391685,5.317286652078775,3.741794310722101,0.5908096280087528,1.3785557986870898,0.7877461706783371,1.7724288840262583,0.0,0.1969365426695842,0.7877461706783371,0.0,0.1969365426695842,0.0,0.0,93.62,62.96,33.33,50.0,44.44,72.97,86.67,30.77,0.2195857308888811,0.0453449637427121,0.3938730853391685,0.7877461706783371,0.0157607271334791,0.1969365426695842,6.6958424507658645,7.87746170678337,0.1655429750547044,41.356673960612696,LB/LCB,100,28,100,81,100,86,39,97,100,75,97,28,28,67,56,97,67,100,83,6,31,33,53,78,50,50,100,94,72,64,72,100,100,6,100,33,75,50,33,28,94,100,44,100,100,28,100,83,100,89,33,100,100,72,100,22,17,78,72,100,72,100,83,6,33,28,53,83,50,50,100,94,72,64,72,100,100,6,100,28,83,39,22,22,100,100,50,100,Swiss Super League
Lugano,btqfm8txcvhi29sddmc9nr68,3aig469vj8ocy5ohrcnyov9m2,A. Kendouci,Ahmed Kendouci,27,Midfielder,Algeria,Midfielder,41.0,0.0,75.0,10.0,116.0,0.0,5.0,3.0,3.0,0.0,1.0,4.0,5.0,13.0,2.0,1.0,4.0,275.0,1.0,4.0,1.0,2.0,5.0,0.0,2.0,0.0,0.0,87.22,71.43,0.0,50.0,33.33,52.0,0.0,50.0,0.4014172488642284,0.372020438012394,0.0,7.0,0.14262887,1.0,15.0,9.0,0.3113390899999999,72.0,13.41818181818182,0.0,24.545454545454547,3.272727272727273,37.96363636363637,0.0,1.6363636363636365,0.981818181818182,0.981818181818182,0.0,0.3272727272727272,1.309090909090909,1.6363636363636365,4.254545454545455,0.6545454545454545,0.3272727272727272,1.309090909090909,0.3272727272727272,1.309090909090909,0.3272727272727272,0.6545454545454545,1.6363636363636365,0.0,0.6545454545454545,0.0,0.0,87.22,71.43,0.0,50.0,33.33,52.0,0.0,50.0,0.1313729178101111,0.1217521433495107,0.0,2.290909090909091,0.0466785392727272,0.3272727272727272,4.909090909090909,2.9454545454545458,0.101892793090909,23.56363636363637,DM/CM,8,28,20,28,12,4,52,30,68,8,44,48,52,8,4,82,28,48,38,6,44,24,50,92,52,50,72,88,28,44,72,52,4,14,52,48,18,36,24,18,24,12,12,22,28,28,72,76,52,4,96,52,84,8,56,84,84,40,8,100,64,80,72,12,72,68,50,100,52,50,72,88,28,44,72,52,4,14,72,92,18,80,72,28,64,20,56,68,Swiss Super League
Lugano,btqfm8txcvhi29sddmc9nr68,3g68xop0q3soh8uf8xew8wn2t,E. Alioski,Ezgjan Alioski,34,Defender,North Macedonia,Defender,45.0,6.0,66.0,7.0,105.0,2.0,6.0,2.0,2.0,0.0,1.0,1.0,1.0,16.0,2.0,0.0,0.0,201.0,1.0,5.0,6.0,0.0,5.0,0.0,0.0,0.0,0.0,88.24,70.0,28.57,0.0,50.0,61.54,66.67,62.5,0.2503364742382445,0.3256059871417855,0.0,4.0,0.1109517199999999,4.0,9.0,12.0,0.5519852500000002,41.0,20.149253731343283,2.686567164179104,29.55223880597015,3.134328358208955,47.014925373134325,0.8955223880597015,2.686567164179104,0.8955223880597015,0.8955223880597015,0.0,0.4477611940298507,0.4477611940298507,0.4477611940298507,7.164179104477612,0.8955223880597015,0.0,0.0,0.4477611940298507,2.238805970149253,2.686567164179104,0.0,2.238805970149253,0.0,0.0,0.0,0.0,88.24,70.0,28.57,0.0,50.0,61.54,66.67,62.5,0.1120909586141393,0.1457937255858741,0.0,1.791044776119403,0.0496798746268656,1.791044776119403,4.029850746268656,5.3731343283582085,0.2471575746268657,18.35820895522388,LB/LCB,17,61,28,39,22,22,56,42,69,19,67,14,14,31,8,47,8,67,56,78,11,47,53,33,50,50,83,100,61,11,86,72,89,58,78,44,22,50,44,64,14,22,28,11,72,94,94,78,89,44,94,83,94,19,94,33,28,94,11,47,8,89,94,94,11,89,53,33,50,50,83,100,61,11,86,72,89,58,89,72,22,89,83,100,72,78,89,56,Swiss Super League
Lugano,btqfm8txcvhi29sddmc9nr68,59dtrk7ly4lepf7s0gywhu51w,E. Pihlström,Elias Pihlström,20,Attacker,Sweden,Striker,36.0,0.0,68.0,3.0,104.0,2.0,2.0,16.0,9.0,7.0,4.0,18.0,18.0,23.0,3.0,3.0,4.0,373.0,6.0,23.0,4.0,11.0,4.0,0.0,0.0,0.0,0.0,83.87,50.0,0.0,61.11,37.5,36.51,13.33,66.67,1.3449100262989906,0.1483739522290904,9.0,13.0,0.50578936,6.0,5.0,7.0,0.24271554,31.0,8.686327077747988,0.0,16.407506702412867,0.7238605898123324,25.093833780160857,0.4825737265415549,0.4825737265415549,3.860589812332439,2.171581769436997,1.6890080428954422,0.9651474530831098,4.343163538873994,4.343163538873994,5.549597855227882,0.7238605898123324,0.7238605898123324,0.9651474530831098,1.4477211796246647,5.549597855227882,0.9651474530831098,2.654155495978552,0.9651474530831098,0.0,0.0,0.0,0.0,83.87,50.0,0.0,61.11,37.5,36.51,13.33,66.67,0.3245091216271022,0.0358006855244453,2.171581769436997,3.136729222520107,0.122040328150134,1.4477211796246647,1.206434316353887,1.6890080428954422,0.0585640713136729,7.479892761394101,LW,86,21,71,57,71,36,14,86,57,100,29,43,36,57,79,86,93,100,29,50,79,64,57,36,57,57,100,57,21,86,71,29,29,36,57,14,93,64,57,93,50,57,14,57,100,21,100,71,100,29,14,86,57,100,57,29,14,43,71,100,100,100,57,29,71,57,57,36,57,57,100,57,21,86,71,29,29,36,71,14,100,71,71,100,57,57,14,71,Swiss Super League
Lugano,btqfm8txcvhi29sddmc9nr68,5sbj1q3tlng1yb73hu3np0lm2,J. Bichsel,Joel Bichsel,24,Defender,Switzerland,Defender,121.0,0.0,43.0,7.0,164.0,12.0,1.0,1.0,1.0,0.0,0.0,3.0,3.0,24.0,13.0,0.0,4.0,315.0,1.0,1.0,3.0,3.0,3.0,0.0,1.0,0.0,0.0,89.13,43.75,0.0,100.0,100.0,63.16,63.16,50.0,0.1645076766173022,0.0852830109699284,0.0,3.0,0.05864487,0.0,9.0,11.0,0.26717121,88.0,34.57142857142857,0.0,12.285714285714286,2.0,46.85714285714285,3.4285714285714284,0.2857142857142857,0.2857142857142857,0.2857142857142857,0.0,0.0,0.8571428571428571,0.8571428571428571,6.857142857142857,3.7142857142857135,0.0,1.1428571428571428,0.2857142857142857,0.2857142857142857,0.8571428571428571,0.8571428571428571,0.8571428571428571,0.0,0.2857142857142857,0.0,0.0,89.13,43.75,0.0,100.0,100.0,63.16,63.16,50.0,0.0470021933192292,0.0243665745628366,0.0,0.8571428571428571,0.0167556771428571,0.0,2.571428571428572,3.142857142857143,0.0763346314285714,25.142857142857142,LB/LCB,83,14,19,39,44,75,19,14,39,19,25,42,39,61,39,47,36,67,8,36,75,22,53,78,50,50,94,61,14,97,100,83,81,22,50,22,22,31,22,11,14,17,17,50,94,14,11,53,83,94,22,22,50,19,25,61,61,89,67,47,56,72,11,56,89,33,53,89,50,50,94,61,14,97,100,83,81,22,67,22,22,50,39,11,22,17,11,89,Swiss Super League
Lugano,btqfm8txcvhi29sddmc9nr68,7agtkarul2qlsc20avvj45w8a,M. Zanotti,Mattia Zanotti,23,Defender,Italy,Defender,53.0,5.0,87.0,4.0,135.0,1.0,4.0,7.0,5.0,2.0,0.0,10.0,12.0,23.0,5.0,0.0,2.0,377.0,5.0,11.0,6.0,5.0,9.0,0.0,1.0,0.0,0.0,88.24,57.14,23.81,50.0,71.43,54.76,16.67,81.82,0.6188786438753601,0.4175203948384814,2.0,23.0,0.67579735,7.0,3.0,2.0,1.05946366,41.0,12.652519893899203,1.1936339522546418,20.769230769230766,0.9549071618037136,32.22811671087533,0.2387267904509283,0.9549071618037136,1.6710875331564985,1.1936339522546418,0.4774535809018567,0.0,2.3872679045092835,2.8647214854111405,5.4907161803713525,1.1936339522546418,0.0,0.4774535809018567,1.1936339522546418,2.625994694960212,1.4323607427055702,1.1936339522546418,2.1485411140583555,0.0,0.2387267904509283,0.0,0.0,88.24,57.14,23.81,50.0,71.43,54.76,16.67,81.82,0.1477429123309878,0.099673303807595,0.4774535809018567,5.4907161803713525,0.1613309323607427,1.6710875331564985,0.7161803713527851,0.4774535809018567,0.2529223591511936,9.787798408488063,RB/RCB,33,69,48,12,52,17,36,69,79,57,19,69,86,33,10,40,7,100,64,60,69,52,40,69,52,52,95,88,57,55,95,43,14,81,76,33,60,100,100,71,5,5,71,5,48,90,81,10,76,19,52,76,90,67,19,90,95,71,10,40,5,100,90,86,86,67,40,81,52,52,95,88,57,55,95,43,14,81,86,52,67,100,100,95,5,5,76,5,Swiss Super League
Lugano,btqfm8txcvhi29sddmc9nr68,7nhwb0zvfhrypfwengom8bbvt,U. Bislimi,Uran Bislimi,26,Midfielder,Switzerland,Midfielder,240.0,3.0,368.0,26.0,605.0,2.0,13.0,11.0,3.0,8.0,3.0,7.0,9.0,36.0,7.0,1.0,6.0,718.0,1.0,13.0,17.0,2.0,10.0,0.0,0.0,0.0,0.0,89.9,63.41,33.33,28.57,9.09,59.02,50.0,66.67,1.131713942597763,0.9098464035545007,5.0,33.0,0.8230388799999998,12.0,73.0,85.0,2.03221524,354.0,30.08356545961003,0.3760445682451253,46.128133704735376,3.2590529247910864,75.83565459610028,0.2506963788300835,1.6295264623955432,1.3788300835654597,0.3760445682451253,1.0027855153203342,0.3760445682451253,0.8774373259052924,1.128133704735376,4.512534818941504,0.8774373259052924,0.1253481894150417,0.7520891364902507,0.1253481894150417,1.6295264623955432,2.13091922005571,0.2506963788300835,1.2534818941504178,0.0,0.0,0.0,0.0,89.9,63.41,33.33,28.57,9.09,59.02,50.0,66.67,0.1418582936403881,0.1140475993313441,0.6267409470752089,4.1364902506963785,0.1031664334261838,1.504178272980501,9.15041782729805,10.654596100278551,0.2547345008356546,44.37325905292479,DM/CM,88,92,100,80,100,10,96,90,68,92,70,68,86,64,22,82,52,48,94,92,44,76,50,26,52,50,84,68,78,28,32,84,46,52,88,96,92,96,96,94,100,96,100,96,92,92,100,72,100,8,92,76,64,88,60,56,72,44,12,72,40,32,80,92,36,52,50,26,52,50,84,68,78,28,32,84,46,52,76,84,84,96,96,92,100,96,100,96,Swiss Super League
Lugano,btqfm8txcvhi29sddmc9nr68,8zl9wv46y5bchktqcwth3z3ai,A. Papadopoulos,Antonios Papadopoulos,27,Defender,Germany,Defender,246.0,2.0,157.0,25.0,401.0,18.0,7.0,17.0,11.0,6.0,3.0,6.0,6.0,48.0,29.0,1.0,19.0,810.0,4.0,18.0,8.0,3.0,13.0,1.0,3.0,0.0,0.0,91.55,58.14,33.33,50.0,23.53,57.83,58.06,68.42,1.4820583823980862,0.5487533118524259,5.0,6.0,0.1371463899999999,7.0,28.0,37.0,0.7974603200000003,215.0,27.33333333333333,0.2222222222222222,17.444444444444443,2.7777777777777777,44.55555555555556,2.0,0.7777777777777778,1.8888888888888888,1.2222222222222223,0.6666666666666666,0.3333333333333333,0.6666666666666666,0.6666666666666666,5.333333333333333,3.2222222222222223,0.1111111111111111,2.111111111111111,0.4444444444444444,2.0,0.8888888888888888,0.3333333333333333,1.4444444444444444,0.1111111111111111,0.3333333333333333,0.0,0.0,91.55,58.14,33.33,50.0,23.53,57.83,58.06,68.42,0.1646731535997873,0.0609725902058251,0.5555555555555556,0.6666666666666666,0.0152384877777777,0.7777777777777778,3.111111111111111,4.111111111111111,0.0886067022222222,23.88888888888889,RB/RCB,100,36,90,95,95,100,64,100,100,98,88,45,43,90,93,88,100,95,90,74,50,86,90,95,52,52,100,95,83,55,38,67,71,57,100,48,98,31,29,71,88,86,38,100,100,17,71,90,95,100,31,90,100,76,81,29,29,52,55,81,100,86,62,43,38,43,83,90,52,52,100,95,83,55,38,67,71,57,95,29,76,10,10,52,64,67,19,95,Swiss Super League
Lugano,btqfm8txcvhi29sddmc9nr68,91g10pv6w3bd0rw6p4t3hcui2,Y. Cimignani,Yanis Cimignani,24,Midfielder,France,Midfielder,116.0,11.0,183.0,15.0,288.0,5.0,13.0,10.0,7.0,3.0,4.0,15.0,15.0,23.0,10.0,3.0,4.0,679.0,4.0,22.0,4.0,2.0,8.0,0.0,0.0,0.0,0.0,87.01,55.56,32.35,13.33,40.0,45.1,83.33,66.67,1.3590463539050506,1.3003925124277842,3.0,26.0,0.6169132199999999,11.0,30.0,34.0,2.02729499,143.0,15.375552282768778,1.4580265095729013,24.25625920471281,1.988217967599411,38.17378497790869,0.6627393225331369,1.7231222385861562,1.325478645066274,0.9278350515463918,0.3976435935198822,0.5301914580265096,1.988217967599411,1.988217967599411,3.0486008836524303,1.325478645066274,0.3976435935198822,0.5301914580265096,0.5301914580265096,2.9160530191458025,0.5301914580265096,0.2650957290132548,1.0603829160530192,0.0,0.0,0.0,0.0,87.01,55.56,32.35,13.33,40.0,45.1,83.33,66.67,0.1801386919756326,0.1723642505427107,0.3976435935198822,3.4462444771723124,0.0817705298969072,1.4580265095729013,3.976435935198822,4.506627393225331,0.2687136216494845,18.95434462444772,LM/LCM,100,78,89,100,100,83,78,56,67,50,72,56,44,33,72,83,89,50,56,28,22,78,50,39,56,56,78,78,56,22,67,67,100,56,67,78,56,94,89,72,100,100,89,100,89,67,100,78,89,67,67,56,67,22,67,22,22,22,56,78,67,33,44,22,22,56,50,39,56,56,78,78,56,22,67,67,100,56,67,56,56,100,89,78,100,100,100,100,Swiss Super League
Lugano,btqfm8txcvhi29sddmc9nr68,a9k5ncqj3tzsz63bpvbqscus,B. Karimov,Bekhruz Karimov,19,Defender,Uzbekistan,Defender,54.0,2.0,55.0,8.0,107.0,3.0,1.0,8.0,3.0,5.0,1.0,4.0,4.0,21.0,6.0,1.0,3.0,379.0,2.0,5.0,6.0,3.0,7.0,0.0,1.0,0.0,0.0,86.29,53.33,25.0,75.0,25.0,53.85,33.33,77.78,1.002017066526998,0.1807630191753912,3.0,7.0,0.16245495,3.0,12.0,11.0,0.4909325799999999,42.0,12.823218997361478,0.4749340369393139,13.060686015831134,1.899736147757256,25.408970976253297,0.7124010554089709,0.2374670184696569,1.899736147757256,0.7124010554089709,1.1873350923482848,0.2374670184696569,0.949868073878628,0.949868073878628,4.986807387862797,1.4248021108179418,0.2374670184696569,0.7124010554089709,0.4749340369393139,1.1873350923482848,1.4248021108179418,0.7124010554089709,1.6622691292875988,0.0,0.2374670184696569,0.0,0.0,86.29,53.33,25.0,75.0,25.0,53.85,33.33,77.78,0.2379460052438781,0.0429252552131535,0.7124010554089709,1.6622691292875988,0.0385776926121372,0.7124010554089709,2.849604221635884,2.6121372031662267,0.1165802960422163,9.973614775725594,RB/RCB,40,36,24,29,19,31,10,81,64,88,57,26,26,29,14,88,21,74,36,60,50,26,40,69,52,52,90,79,67,93,45,31,29,71,95,19,81,45,38,38,43,24,24,10,57,43,29,38,33,43,10,95,71,95,76,43,43,33,19,95,24,90,48,81,57,57,40,76,52,52,90,79,67,93,45,31,29,71,100,19,86,67,43,43,48,24,33,10,Swiss Super League
Lugano,btqfm8txcvhi29sddmc9nr68,bmm78ziormtva1c4tjznkom50,Daniel Dos Santos,Daniel Dos Santos Correia,23,Midfielder,Switzerland,Midfielder,90.0,2.0,130.0,5.0,218.0,8.0,7.0,14.0,6.0,8.0,4.0,24.0,25.0,41.0,0.0,2.0,3.0,585.0,5.0,19.0,10.0,9.0,12.0,1.0,0.0,0.0,0.0,87.55,62.5,28.57,37.5,35.71,48.81,50.0,80.0,1.0640802995419656,0.5560158486113788,7.0,18.0,0.45118557,9.0,5.0,12.0,0.3527188499999998,64.0,13.846153846153848,0.3076923076923077,20.0,0.7692307692307693,33.53846153846154,1.2307692307692308,1.0769230769230769,2.1538461538461537,0.9230769230769232,1.2307692307692308,0.6153846153846154,3.692307692307693,3.8461538461538463,6.307692307692308,0.0,0.3076923076923077,0.4615384615384615,0.7692307692307693,2.923076923076923,1.5384615384615383,1.3846153846153846,1.8461538461538465,0.1538461538461538,0.0,0.0,0.0,87.55,62.5,28.57,37.5,35.71,48.81,50.0,80.0,0.1637046614679947,0.0855408997863659,1.0769230769230769,2.769230769230769,0.0694131646153846,1.3846153846153846,0.7692307692307693,1.8461538461538465,0.0542644384615384,9.846153846153848,LM/LCM,78,28,56,33,89,100,39,67,56,78,72,89,89,100,11,56,72,67,44,89,67,94,100,39,56,56,89,100,33,56,44,78,78,67,56,33,78,78,78,56,22,28,11,44,78,22,67,33,78,100,33,67,56,89,78,89,89,89,11,56,56,56,56,89,67,100,100,39,56,56,89,100,33,56,44,78,78,67,56,11,78,78,78,67,11,11,11,44,Swiss Super League
Lugano,btqfm8txcvhi29sddmc9nr68,e659q6lc7hc6df14k7rxh6hud,R. Steffen,Renato Steffen,34,Attacker,Switzerland,Striker,59.0,13.0,112.0,7.0,158.0,2.0,18.0,11.0,9.0,2.0,4.0,3.0,5.0,17.0,4.0,1.0,4.0,419.0,2.0,27.0,10.0,2.0,2.0,0.0,2.0,0.0,0.0,82.72,77.78,35.14,66.67,18.18,42.5,20.0,66.67,1.5514069851005643,1.7274300557990103,2.0,11.0,0.38242731,5.0,15.0,23.0,1.8136196900000003,71.0,12.673031026252982,2.79236276849642,24.057279236276848,1.503579952267303,33.93794749403341,0.4295942720763723,3.866348448687351,2.362768496420048,1.933174224343676,0.4295942720763723,0.8591885441527446,0.6443914081145584,1.0739856801909309,3.651551312649164,0.8591885441527446,0.2147971360381861,0.8591885441527446,0.4295942720763723,5.799522673031026,2.1479713603818613,0.4295942720763723,0.4295942720763723,0.0,0.4295942720763723,0.0,0.0,82.72,77.78,35.14,66.67,18.18,42.5,20.0,66.67,0.3332377772292381,0.3710470286919115,0.4295942720763723,2.362768496420048,0.0821442909307876,1.0739856801909309,3.221957040572792,4.940334128878281,0.389560315274463,15.250596658711215,ST,100,100,100,93,100,4,100,24,28,54,54,13,19,28,63,19,96,9,56,63,24,59,52,80,48,48,93,74,85,91,7,59,4,67,37,100,28,93,93,94,96,100,100,100,100,100,100,93,100,4,100,26,22,44,52,11,15,11,56,15,93,4,33,67,22,48,52,81,48,48,93,74,85,91,7,59,4,67,41,100,30,93,93,93,100,100,100,100,Swiss Super League
Lugano,btqfm8txcvhi29sddmc9nr68,ek3kqsm0h95azznyqctgadej9,A. Grgic,Anto Grgic,29,Midfielder,Switzerland,Midfielder,248.0,17.0,298.0,46.0,529.0,6.0,24.0,9.0,0.0,9.0,0.0,1.0,1.0,27.0,15.0,0.0,12.0,747.0,4.0,2.0,6.0,1.0,7.0,0.0,4.0,0.0,0.0,90.43,71.88,44.74,100.0,44.44,49.09,60.0,50.0,0.481794977835527,2.813592156933846,4.0,13.0,0.29833607,10.0,54.0,58.0,1.8186290699999987,276.0,29.879518072289155,2.048192771084337,35.903614457831324,5.542168674698795,63.73493975903614,0.7228915662650601,2.8915662650602405,1.0843373493975903,0.0,1.0843373493975903,0.0,0.1204819277108433,0.1204819277108433,3.2530120481927707,1.8072289156626504,0.0,1.4457831325301205,0.4819277108433734,0.2409638554216867,0.7228915662650601,0.1204819277108433,0.8433734939759036,0.0,0.4819277108433734,0.0,0.0,90.43,71.88,44.74,100.0,44.44,49.09,60.0,50.0,0.0580475876910273,0.3389870068594994,0.4819277108433734,1.5662650602409638,0.0359441048192771,1.2048192771084336,6.506024096385541,6.987951807228915,0.2191119361445781,33.253012048192765,DM/CM,96,100,92,100,88,48,100,76,16,100,16,8,8,52,60,36,86,96,18,42,24,40,50,100,52,50,88,92,84,96,84,40,74,14,60,100,82,80,72,88,92,92,92,88,88,100,92,92,92,36,100,56,16,92,16,4,4,24,40,36,80,88,12,32,28,28,50,96,52,50,88,92,84,96,84,40,74,14,48,100,68,68,64,84,84,84,92,84,Swiss Super League
Lugano,btqfm8txcvhi29sddmc9nr68,ytuondt7viem6narft8s22ok,D. Moncada,Dereck Moncada,18,Attacker,Honduras,Striker,29.0,2.0,56.0,2.0,83.0,14.0,3.0,18.0,14.0,4.0,5.0,17.0,19.0,34.0,2.0,3.0,3.0,472.0,4.0,29.0,12.0,5.0,3.0,0.0,1.0,0.0,0.0,79.81,100.0,50.0,29.41,22.22,41.98,42.42,100.0,2.194610776187748,0.369458154313613,2.0,4.0,0.09948167,3.0,5.0,6.0,0.3935692399999999,23.0,5.529661016949152,0.3813559322033898,10.677966101694915,0.3813559322033898,15.826271186440678,2.669491525423729,0.5720338983050848,3.4322033898305087,2.669491525423729,0.7627118644067796,0.9533898305084746,3.2415254237288136,3.6228813559322033,6.483050847457627,0.3813559322033898,0.5720338983050848,0.5720338983050848,0.7627118644067796,5.529661016949152,2.288135593220339,0.9533898305084746,0.5720338983050848,0.0,0.1906779661016949,0.0,0.0,79.81,100.0,50.0,29.41,22.22,41.98,42.42,100.0,0.4184639191883417,0.0704475294242058,0.3813559322033898,0.7627118644067796,0.0189689625,0.5720338983050848,0.9533898305084746,1.1440677966101696,0.0750449822033898,4.385593220338983,ST,81,81,81,43,85,70,26,72,63,70,78,78,81,70,37,72,89,39,59,80,67,72,52,59,48,48,85,93,93,19,15,52,48,91,78,41,28,54,33,72,65,54,59,57,81,81,74,48,70,59,19,48,56,70,70,70,74,59,26,59,81,19,26,81,59,67,52,70,48,48,85,93,93,19,15,52,48,91,59,33,22,37,33,74,59,48,59,56,Swiss Super League
Luzern,dk531bvjn5bmeonqs9hbbmfgr,1rqera0cryw0iojnk59skbv2s,D. Mikołajewski,Daniel Mikolajewski,20,Attacker,Poland,Striker,20.0,0.0,54.0,6.0,74.0,7.0,11.0,19.0,15.0,4.0,5.0,12.0,14.0,22.0,3.0,4.0,1.0,510.0,6.0,42.0,5.0,4.0,5.0,0.0,3.0,0.0,0.0,70.48,100.0,0.0,33.33,31.58,30.14,31.82,83.33,1.7637739515001514,1.081639257395038,7.0,11.0,0.37368247,2.0,9.0,12.0,0.7437896499999999,29.0,3.5294117647058822,0.0,9.529411764705882,1.0588235294117647,13.058823529411764,1.2352941176470589,1.9411764705882355,3.352941176470588,2.647058823529412,0.7058823529411764,0.8823529411764706,2.117647058823529,2.4705882352941173,3.882352941176471,0.5294117647058824,0.7058823529411764,0.1764705882352941,1.0588235294117647,7.411764705882352,0.8823529411764706,0.7058823529411764,0.8823529411764706,0.0,0.5294117647058824,0.0,0.0,70.48,100.0,0.0,33.33,31.58,30.14,31.82,83.33,0.3112542267353208,0.190877516010889,1.2352941176470589,1.9411764705882355,0.0659439652941176,0.3529411764705882,1.588235294117647,2.117647058823529,0.1312569970588235,5.117647058823529,ST,56,31,72,85,65,37,81,80,76,70,78,59,59,44,48,87,48,65,83,33,52,87,52,87,48,48,56,93,31,31,41,11,22,78,56,93,93,93,89,52,87,91,93,78,44,31,56,85,59,19,67,44,52,59,59,56,56,15,41,74,44,33,63,22,48,85,52,85,48,48,56,93,31,31,41,11,22,78,33,81,81,89,89,48,81,81,85,63,Swiss Super League
Luzern,dk531bvjn5bmeonqs9hbbmfgr,2pg865obvy6mlhkc2qeg29e96,R. Fernandes,Ruben Fernandes,23,Defender,Switzerland,Defender,85.0,5.0,104.0,21.0,184.0,3.0,12.0,11.0,5.0,6.0,3.0,13.0,13.0,32.0,14.0,1.0,8.0,547.0,3.0,14.0,9.0,8.0,8.0,0.0,1.0,0.0,0.0,77.64,67.74,20.0,61.54,27.27,56.14,37.5,66.67,0.6932019181421429,1.1482316725877826,5.0,10.0,0.31772729,7.0,25.0,43.0,1.8044151300000009,110.0,13.985374771480805,0.8226691042047533,17.111517367458866,3.4552102376599634,30.27422303473492,0.4936014625228519,1.974405850091408,1.809872029250457,0.8226691042047533,0.9872029250457038,0.4936014625228519,2.1389396709323583,2.1389396709323583,5.2650822669104205,2.303473491773309,0.1645338208409506,1.3162705667276051,0.4936014625228519,2.303473491773309,1.480804387568556,1.3162705667276051,1.3162705667276051,0.0,0.1645338208409506,0.0,0.0,77.64,67.74,20.0,61.54,27.27,56.14,37.5,66.67,0.1140551602062026,0.1889229443014633,0.8226691042047533,1.6453382084095065,0.0522768850091407,1.1517367458866543,4.113345521023766,7.074954296160878,0.2968873157221208,18.09872029250457,RB/RCB,71,69,57,88,67,31,98,95,79,98,88,93,93,67,33,88,64,88,81,81,90,40,40,69,52,52,52,100,45,76,52,52,38,40,81,90,98,57,71,71,76,90,86,71,67,71,62,95,67,29,95,81,76,86,86,86,86,48,38,86,62,95,71,90,90,29,40,57,52,52,52,100,45,76,52,52,38,40,71,95,100,62,67,76,86,95,100,81,Swiss Super League
Luzern,dk531bvjn5bmeonqs9hbbmfgr,2rsfj02kbcmosf0da55w9uz2s,M. Zimmermann,Mio Zimmermann,19,Midfielder,Switzerland,Midfielder,69.0,1.0,87.0,7.0,155.0,5.0,6.0,5.0,1.0,4.0,3.0,14.0,16.0,40.0,11.0,0.0,12.0,479.0,1.0,6.0,9.0,6.0,12.0,0.0,0.0,0.0,0.0,79.08,43.75,50.0,42.86,20.0,51.28,38.46,60.0,0.3479130272976904,0.5082465600414781,3.0,12.0,0.32699359,3.0,17.0,18.0,0.4896438499999998,77.0,12.964509394572026,0.1878914405010438,16.346555323590817,1.315240083507307,29.123173277661795,0.9394572025052192,1.1273486430062631,0.9394572025052192,0.1878914405010438,0.7515657620041754,0.5636743215031316,2.630480167014614,3.0062630480167014,7.515657620041754,2.066805845511482,0.0,2.2546972860125263,0.1878914405010438,1.1273486430062631,1.6910229645093946,1.1273486430062631,2.2546972860125263,0.0,0.0,0.0,0.0,79.08,43.75,50.0,42.86,20.0,51.28,38.46,60.0,0.065369879868042,0.0954951782958935,0.5636743215031316,2.2546972860125263,0.0614392966597077,0.5636743215031316,3.194154488517745,3.382045929018789,0.091999888308977,14.467640918580376,DM/CM,36,68,28,14,30,36,66,48,34,72,70,96,98,74,40,36,86,48,64,76,88,90,50,26,52,50,28,12,94,36,58,48,20,28,36,68,68,74,84,48,28,32,40,28,24,64,32,8,20,56,76,48,32,72,84,96,96,84,52,36,96,44,64,76,92,88,50,26,52,50,28,12,94,36,58,48,20,28,56,76,76,76,92,56,32,32,44,16,Swiss Super League
Luzern,dk531bvjn5bmeonqs9hbbmfgr,3bhmh2ks5ma4rqda9zff6w251,S. Knezevic,Stefan Knezevic,29,Defender,Switzerland,Defender,89.0,0.0,39.0,16.0,128.0,10.0,0.0,2.0,2.0,0.0,0.0,0.0,0.0,14.0,29.0,1.0,11.0,360.0,1.0,2.0,0.0,0.0,1.0,0.0,0.0,0.0,0.0,76.19,41.03,0.0,0.0,50.0,45.16,52.63,25.0,0.2678939579670134,0.0,0.0,0.0,0.0,0.0,8.0,10.0,0.21195762,73.0,22.25,0.0,9.75,4.0,32.0,2.5,0.0,0.5,0.5,0.0,0.0,0.0,0.0,3.5,7.25,0.25,2.75,0.25,0.5,0.0,0.0,0.25,0.0,0.0,0.0,0.0,76.19,41.03,0.0,0.0,50.0,45.16,52.63,25.0,0.0669734894917533,0.0,0.0,0.0,0.0,0.0,2.0,2.5,0.052989405,18.25,CB,30,43,19,39,26,22,24,30,33,37,30,19,17,11,28,78,63,54,19,4,20,7,37,44,52,50,4,22,43,20,83,4,31,7,33,24,41,7,7,20,20,22,26,22,30,43,15,83,19,52,24,41,44,37,30,19,17,11,57,93,96,78,28,4,20,7,37,44,52,50,4,22,43,20,83,4,31,7,52,24,41,7,7,20,24,26,26,19,Swiss Super League
Luzern,dk531bvjn5bmeonqs9hbbmfgr,429znrwois9ll1skdf83puqdw,O. Kabwit,Oscar Kabwit,21,Attacker,Congo DR,Striker,18.0,4.0,45.0,5.0,59.0,11.0,11.0,16.0,12.0,4.0,4.0,10.0,10.0,26.0,4.0,2.0,5.0,481.0,6.0,30.0,6.0,3.0,3.0,0.0,1.0,0.0,0.0,65.56,71.43,50.0,30.0,37.5,45.61,61.11,50.0,1.8310661425189267,0.5849451328530686,3.0,7.0,0.30593915,0.0,7.0,9.0,0.6437928400000001,34.0,3.3679833679833684,0.7484407484407485,8.419958419958421,0.9355509355509356,11.03950103950104,2.0582120582120584,2.0582120582120584,2.993762993762994,2.245322245322245,0.7484407484407485,0.7484407484407485,1.8711018711018712,1.8711018711018712,4.864864864864865,0.7484407484407485,0.3742203742203742,0.9355509355509356,1.1226611226611227,5.613305613305614,1.1226611226611227,0.5613305613305614,0.5613305613305614,0.0,0.1871101871101871,0.0,0.0,65.56,71.43,50.0,30.0,37.5,45.61,61.11,50.0,0.3426111285378449,0.1094491932573309,0.5613305613305614,1.30977130977131,0.0572443316008316,0.0,1.30977130977131,1.6839916839916842,0.1204601987525988,6.361746361746362,ST,48,93,52,80,44,57,81,57,43,70,54,54,50,56,63,46,100,65,63,43,41,72,52,59,48,48,30,67,93,22,59,74,93,39,59,59,48,74,81,11,81,74,81,89,41,93,48,74,44,48,74,33,41,67,44,41,37,30,48,26,96,44,30,33,33,59,52,67,48,48,30,67,93,22,59,74,93,39,44,56,48,70,81,11,70,67,78,85,Swiss Super League
Luzern,dk531bvjn5bmeonqs9hbbmfgr,4nj458vlk4o4bgeh8g0e4c7p,P. Dorn,Pius Dorn,29,Defender,Germany,Defender,63.0,2.0,49.0,9.0,110.0,7.0,1.0,3.0,3.0,0.0,0.0,13.0,13.0,27.0,16.0,0.0,7.0,450.0,1.0,12.0,4.0,5.0,7.0,1.0,0.0,0.0,0.0,77.46,40.91,18.18,38.46,33.33,55.1,77.78,63.64,0.2663433535729633,0.1121152776588503,0.0,5.0,0.12098668,2.0,9.0,10.0,0.3606249299999998,64.0,12.6,0.4,9.8,1.8,22.0,1.4,0.2,0.6,0.6,0.0,0.0,2.6,2.6,5.4,3.2,0.0,1.4,0.2,2.4,0.8,1.0,1.4,0.2,0.0,0.0,0.0,77.46,40.91,18.18,38.46,33.33,55.1,77.78,63.64,0.0532686707145926,0.02242305553177,0.0,1.0,0.024197336,0.4,1.8,2.0,0.0721249859999999,12.8,RB/RCB,50,36,14,38,24,71,10,40,64,10,19,93,93,48,57,40,55,48,71,29,69,26,90,26,52,52,48,62,38,38,62,48,100,19,43,10,17,17,14,29,26,19,14,38,43,38,5,33,5,76,5,52,67,10,19,95,90,62,48,40,76,52,76,33,67,38,100,26,52,52,48,62,38,38,62,48,100,19,48,5,17,29,24,24,24,14,14,24,Swiss Super League
Luzern,dk531bvjn5bmeonqs9hbbmfgr,6b5n3tuz8oank65i5l7hlfbhl,M. Di Giusto,Matteo Di Giusto,26,Midfielder,Switzerland,Midfielder,61.0,13.0,142.0,13.0,190.0,3.0,24.0,25.0,16.0,9.0,6.0,20.0,22.0,27.0,6.0,3.0,1.0,773.0,9.0,45.0,5.0,12.0,3.0,0.0,2.0,0.0,0.0,73.36,56.52,26.53,60.0,36.0,43.55,33.33,42.86,2.25756213107466,2.721970638711836,13.0,13.0,0.41201885,11.0,21.0,27.0,1.9064990900000007,90.0,7.102199223803364,1.5135834411384217,16.532988357050453,1.5135834411384217,22.121604139715394,0.3492884864165588,2.794307891332471,2.9107373868046573,1.8628719275549808,1.0478654592496766,0.6985769728331177,2.3285899094437257,2.5614489003880982,3.14359637774903,0.6985769728331177,0.3492884864165588,0.1164294954721863,1.0478654592496766,5.239327296248384,0.5821474773609314,1.3971539456662354,0.3492884864165588,0.0,0.2328589909443726,0.0,0.0,73.36,56.52,26.53,60.0,36.0,43.55,33.33,42.86,0.2628468199181363,0.3169176681553237,1.5135834411384217,1.5135834411384217,0.0479711468305304,1.2807244501940491,2.445019404915912,3.14359637774903,0.2219727271668823,10.478654592496769,LM/LCM,56,89,72,89,44,50,94,89,89,89,89,67,67,61,44,83,22,83,94,56,89,28,50,94,56,56,33,89,22,100,56,56,50,22,89,89,89,56,56,72,89,67,78,67,44,78,33,67,33,22,100,89,89,67,89,44,44,33,33,67,11,78,100,33,78,33,50,89,56,56,33,89,22,100,56,56,50,22,89,89,89,33,33,44,89,56,78,56,Swiss Super League
Luzern,dk531bvjn5bmeonqs9hbbmfgr,90h730y2b9ek5k5dcs9rjtg5w,Lucas Ferreira,Lucas Manuel Silva Ferreira,19,Midfielder,Portugal,Midfielder,34.0,0.0,51.0,6.0,85.0,12.0,5.0,8.0,6.0,2.0,3.0,6.0,6.0,31.0,14.0,0.0,1.0,306.0,3.0,11.0,7.0,3.0,8.0,0.0,1.0,0.0,0.0,72.03,46.15,0.0,50.0,37.5,63.27,70.59,88.89,0.7635691021016542,0.3357878768526523,3.0,3.0,0.08335806,4.0,9.0,14.0,0.43389024,52.0,10.0,0.0,15.0,1.7647058823529411,25.0,3.5294117647058822,1.4705882352941178,2.3529411764705883,1.7647058823529411,0.5882352941176471,0.8823529411764706,1.7647058823529411,1.7647058823529411,9.117647058823527,4.11764705882353,0.0,0.2941176470588235,0.8823529411764706,3.235294117647059,2.058823529411765,0.8823529411764706,2.3529411764705883,0.0,0.2941176470588235,0.0,0.0,72.03,46.15,0.0,50.0,37.5,63.27,70.59,88.89,0.2245791476769571,0.0987611402507801,0.8823529411764706,0.8823529411764706,0.0245170764705882,1.1764705882352942,2.647058823529412,4.11764705882353,0.1276147764705882,15.294117647058824,DM/CM,4,28,8,8,4,80,52,70,88,40,70,60,60,56,52,36,4,86,78,62,64,54,50,68,52,50,4,28,28,44,76,92,92,96,76,40,68,12,16,60,12,20,28,12,12,28,16,24,12,96,88,100,100,68,96,88,88,92,96,36,4,100,100,88,84,92,50,92,52,50,4,28,28,44,76,92,92,96,100,80,96,24,36,80,20,52,64,20,Swiss Super League
Luzern,dk531bvjn5bmeonqs9hbbmfgr,9ffrfxl90gv947oi9z2p2vy6t,L. Bertone,Leonardo Bertone,32,Midfielder,Switzerland,Midfielder,130.0,0.0,142.0,29.0,272.0,7.0,6.0,11.0,3.0,8.0,4.0,3.0,3.0,22.0,17.0,0.0,9.0,810.0,3.0,3.0,6.0,1.0,5.0,0.0,0.0,0.0,0.0,75.77,43.94,0.0,33.33,27.27,51.16,58.33,62.5,0.9687249130092374,0.3522923594473408,6.0,8.0,0.2300033,4.0,47.0,44.0,1.0008632700000002,147.0,14.444444444444445,0.0,15.77777777777778,3.2222222222222223,30.22222222222222,0.7777777777777778,0.6666666666666666,1.2222222222222223,0.3333333333333333,0.8888888888888888,0.4444444444444444,0.3333333333333333,0.3333333333333333,2.4444444444444446,1.8888888888888888,0.0,1.0,0.3333333333333333,0.3333333333333333,0.6666666666666666,0.1111111111111111,0.5555555555555556,0.0,0.0,0.0,0.0,75.77,43.94,0.0,33.33,27.27,51.16,58.33,62.5,0.1076361014454708,0.0391435954941489,0.6666666666666666,0.8888888888888888,0.0255559222222222,0.4444444444444444,5.222222222222222,4.888888888888889,0.11120703,16.333333333333332,DM/CM,52,28,64,86,56,60,66,90,68,92,84,34,32,32,74,36,70,86,28,42,24,24,50,26,52,50,16,16,28,32,68,44,68,40,84,44,98,50,60,60,88,78,80,60,36,28,28,68,28,42,44,64,56,80,72,20,20,12,44,36,52,84,24,28,20,16,50,26,52,50,16,16,28,32,68,44,68,40,60,40,88,28,40,44,76,64,60,32,Swiss Super League
Luzern,dk531bvjn5bmeonqs9hbbmfgr,9o9pjlnmupx941har5gjwpbhm,T. Owusu,Tyron Owusu,23,Midfielder,Switzerland,Midfielder,61.0,3.0,83.0,7.0,141.0,5.0,9.0,7.0,7.0,0.0,1.0,4.0,5.0,25.0,6.0,1.0,6.0,533.0,2.0,12.0,13.0,2.0,1.0,0.0,1.0,0.0,0.0,80.11,50.0,42.86,50.0,28.57,53.19,35.71,20.0,0.7317700663055455,0.7379639714590606,0.0,6.0,0.1777136399999999,3.0,13.0,16.0,0.8925029300000002,69.0,10.300187617260788,0.5065666041275797,14.015009380863038,1.1819887429643527,23.808630393996246,0.8442776735459662,1.5196998123827392,1.1819887429643527,1.1819887429643527,0.0,0.1688555347091932,0.6754221388367729,0.8442776735459662,4.221388367729831,1.0131332082551594,0.1688555347091932,1.0131332082551594,0.3377110694183864,2.026266416510319,2.195121951219512,0.3377110694183864,0.1688555347091932,0.0,0.1688555347091932,0.0,0.0,80.11,50.0,42.86,50.0,28.57,53.19,35.71,20.0,0.1235634258302046,0.1246093009968394,0.0,1.0131332082551594,0.030007931707317,0.5065666041275797,2.195121951219512,2.701688555347092,0.1507040594746717,11.651031894934333,RM/RCM,100,62,75,75,75,100,75,50,75,25,50,25,38,62,75,50,75,62,75,100,38,25,62,75,62,62,75,62,75,75,75,75,75,25,75,75,25,50,25,75,75,75,75,75,100,50,50,75,50,75,50,50,75,25,50,25,25,50,75,50,50,50,50,75,25,25,62,50,62,62,75,62,75,75,75,75,75,25,50,25,25,50,25,50,50,50,50,50,Swiss Super League
Luzern,dk531bvjn5bmeonqs9hbbmfgr,a99zxna7oxwspa405f5a6x1xw,Bung Meng Freimann,Bung Meng Freimann,20,Defender,Switzerland,Defender,182.0,0.0,62.0,24.0,244.0,13.0,0.0,2.0,2.0,0.0,0.0,6.0,7.0,37.0,45.0,0.0,6.0,540.0,1.0,3.0,6.0,6.0,7.0,0.0,0.0,0.0,0.0,84.43,51.06,0.0,100.0,50.0,62.71,65.0,58.33,0.2822338269352931,0.0,0.0,2.0,0.03805479,0.0,19.0,27.0,0.50294602,149.0,30.33333333333333,0.0,10.333333333333334,4.0,40.66666666666666,2.1666666666666665,0.0,0.3333333333333333,0.3333333333333333,0.0,0.0,1.0,1.1666666666666667,6.166666666666667,7.5,0.0,1.0,0.1666666666666666,0.5,1.0,1.0,1.1666666666666667,0.0,0.0,0.0,0.0,84.43,51.06,0.0,100.0,50.0,62.71,65.0,58.33,0.0470389711558821,0.0,0.0,0.3333333333333333,0.0063424649999999,0.0,3.1666666666666665,4.5,0.0838243366666666,24.83333333333333,CB,52,43,33,63,44,41,24,30,33,37,30,93,96,48,52,31,33,54,30,70,96,56,37,44,52,50,41,70,43,83,83,63,67,63,37,24,41,35,30,20,44,59,44,44,63,43,19,83,48,33,24,26,35,37,30,98,100,70,78,31,26,59,28,70,100,63,37,44,52,50,41,70,43,83,83,63,67,63,30,24,41,37,37,20,48,78,63,52,Swiss Super League
Luzern,dk531bvjn5bmeonqs9hbbmfgr,ad34kukz89dwp05keq0tzm76d,A. Cigaņiks,Andrejs Ciganiks,29,Defender,Latvia,Defender,96.0,10.0,130.0,34.0,216.0,10.0,17.0,9.0,4.0,5.0,2.0,2.0,2.0,34.0,30.0,3.0,8.0,660.0,3.0,10.0,7.0,1.0,9.0,0.0,0.0,0.0,0.0,74.48,51.52,27.03,50.0,33.33,62.96,62.5,56.25,0.9534198314649074,1.746910231620975,4.0,4.0,0.1222503299999999,3.0,22.0,36.0,1.8264714,113.0,13.090909090909092,1.3636363636363638,17.727272727272727,4.636363636363637,29.454545454545457,1.3636363636363638,2.3181818181818183,1.2272727272727273,0.5454545454545455,0.6818181818181819,0.2727272727272727,0.2727272727272727,0.2727272727272727,4.636363636363637,4.090909090909091,0.4090909090909091,1.090909090909091,0.4090909090909091,1.3636363636363638,0.9545454545454546,0.1363636363636363,1.2272727272727273,0.0,0.0,0.0,0.0,74.48,51.52,27.03,50.0,33.33,62.96,62.5,56.25,0.1300117951997601,0.2382150315846784,0.5454545454545455,0.5454545454545455,0.0166704995454545,0.4090909090909091,3.0,4.909090909090909,0.2490642818181818,15.40909090909091,LB/LCB,67,83,78,100,78,67,100,97,94,97,89,28,28,72,89,97,86,94,89,89,31,72,53,33,50,50,33,83,50,64,64,78,72,39,94,100,100,50,56,44,69,94,100,78,28,67,56,94,28,67,89,94,83,94,78,11,11,56,78,94,50,83,72,61,22,61,53,33,50,50,33,83,50,64,64,78,72,39,94,94,94,17,33,33,39,61,94,39,Swiss Super League
Luzern,dk531bvjn5bmeonqs9hbbmfgr,e9i9c07l7cz79zmv0bin1g7bo,Bung Hua Freimann,Bung Hua Freimann,22,Defender,Switzerland,Defender,121.0,0.0,50.0,22.0,171.0,10.0,0.0,4.0,4.0,0.0,2.0,3.0,3.0,26.0,44.0,0.0,10.0,533.0,0.0,7.0,5.0,1.0,7.0,1.0,0.0,0.0,0.0,77.73,46.81,0.0,33.33,0.0,55.32,52.63,70.0,0.4551929863326872,0.0,0.0,3.0,0.05544015,0.0,17.0,20.0,0.3948352599999999,119.0,20.43151969981238,0.0,8.442776735459661,3.7148217636022514,28.874296435272043,1.6885553470919323,0.0,0.6754221388367729,0.6754221388367729,0.0,0.3377110694183864,0.5065666041275797,0.5065666041275797,4.390243902439024,7.429643527204503,0.0,1.6885553470919323,0.0,1.1819887429643527,0.8442776735459662,0.1688555347091932,1.1819887429643527,0.1688555347091932,0.0,0.0,0.0,77.73,46.81,0.0,33.33,0.0,55.32,52.63,70.0,0.0768618551030803,0.0,0.0,0.5065666041275797,0.0093613761726078,0.0,2.870544090056285,3.3771106941838647,0.0666701189493433,20.093808630394,CB,41,43,30,52,30,22,24,57,65,37,94,74,74,31,48,31,56,20,61,61,54,56,83,44,52,50,15,52,43,43,20,26,31,81,59,24,41,50,44,20,37,37,37,37,26,43,7,70,11,11,24,63,72,37,100,81,81,30,67,31,63,20,67,59,54,69,85,44,52,50,15,52,43,43,20,26,31,81,56,24,41,44,48,20,44,56,48,26,Swiss Super League
Sion,b9fc1umgats16gk6wr769wh8a,1ae2q6d1nrcaqjzsuf3ecpm95,R. Nivokazi,Rilind Nivokazi,26,Attacker,Kosovo,Striker,12.0,0.0,19.0,3.0,31.0,11.0,3.0,13.0,13.0,0.0,1.0,6.0,7.0,18.0,1.0,2.0,2.0,270.0,6.0,24.0,5.0,0.0,0.0,0.0,0.0,0.0,0.0,65.96,60.0,0.0,0.0,46.15,38.3,39.29,0.0,1.73604671848736,0.2392069557215625,1.0,2.0,0.05338421,1.0,3.0,3.0,0.2482201699999999,10.0,4.0,0.0,6.333333333333333,1.0,10.333333333333334,3.6666666666666665,1.0,4.333333333333333,4.333333333333333,0.0,0.3333333333333333,2.0,2.333333333333333,6.0,0.3333333333333333,0.6666666666666666,0.6666666666666666,2.0,8.0,1.6666666666666667,0.0,0.0,0.0,0.0,0.0,0.0,65.96,60.0,0.0,0.0,46.15,38.3,39.29,0.0,0.5786822394957867,0.0797356519071875,0.3333333333333333,0.6666666666666666,0.0177947366666666,0.3333333333333333,1.0,1.0,0.0827400566666666,3.333333333333333,ST,39,31,11,63,15,57,26,37,52,9,13,31,31,33,19,46,74,65,33,33,4,9,52,22,48,48,37,57,31,4,81,37,37,9,44,26,13,13,11,31,41,30,52,19,59,31,19,78,37,78,37,81,96,9,11,48,52,48,22,67,89,93,81,56,4,9,52,22,48,48,37,57,31,4,81,37,37,9,96,37,19,33,26,41,63,41,63,26,Swiss Super League
Sion,b9fc1umgats16gk6wr769wh8a,1kcxghu1hmq6wehwllx1hgr56,Baltazar Costa,Baltazar Costa Rodrigues de Oliveira,26,Midfielder,Brazil,Midfielder,169.0,0.0,195.0,22.0,364.0,7.0,9.0,14.0,11.0,3.0,5.0,7.0,7.0,46.0,16.0,0.0,10.0,810.0,2.0,23.0,23.0,5.0,8.0,0.0,2.0,0.0,0.0,83.68,48.89,0.0,71.43,14.29,63.01,46.67,72.73,1.462348540527792,0.7674409886050855,3.0,18.0,0.42529599,12.0,43.0,53.0,1.6597748000000008,210.0,18.77777777777778,0.0,21.666666666666668,2.4444444444444446,40.44444444444444,0.7777777777777778,1.0,1.5555555555555556,1.2222222222222223,0.3333333333333333,0.5555555555555556,0.7777777777777778,0.7777777777777778,5.111111111111111,1.7777777777777777,0.0,1.1111111111111112,0.2222222222222222,2.555555555555556,2.555555555555556,0.5555555555555556,0.8888888888888888,0.0,0.2222222222222222,0.0,0.0,83.68,48.89,0.0,71.43,14.29,63.01,46.67,72.73,0.1624831711697546,0.0852712209561206,0.3333333333333333,2.0,0.04725511,1.3333333333333333,4.777777777777778,5.888888888888889,0.1844194222222223,23.33333333333333,DM/CM,84,28,80,64,80,60,90,98,100,58,92,68,66,92,68,36,76,74,100,100,82,54,50,92,52,50,48,40,28,76,42,88,36,68,100,92,68,88,92,94,80,88,88,76,56,28,60,52,60,42,64,88,92,36,80,52,52,60,36,36,56,56,96,96,60,32,50,80,52,50,48,40,28,76,42,88,36,68,92,64,56,72,76,88,60,76,88,64,Swiss Super League
Sion,b9fc1umgats16gk6wr769wh8a,1op4tks39vwt6djhzfesy15w4,F. Sylla,Fode Sylla,20,Midfielder,France,Midfielder,66.0,0.0,75.0,3.0,141.0,3.0,2.0,5.0,3.0,2.0,0.0,7.0,8.0,26.0,3.0,1.0,5.0,343.0,1.0,4.0,7.0,4.0,9.0,0.0,0.0,0.0,0.0,87.04,50.0,0.0,57.14,20.0,60.47,75.0,75.0,0.4443014904798702,0.1826789189147459,2.0,10.0,0.45664913,0.0,14.0,15.0,0.2843539399999999,63.0,17.31778425655977,0.0,19.67930029154519,0.7871720116618076,36.99708454810496,0.7871720116618076,0.5247813411078718,1.3119533527696794,0.7871720116618076,0.5247813411078718,0.0,1.836734693877551,2.099125364431487,6.822157434402333,0.7871720116618076,0.2623906705539359,1.3119533527696794,0.2623906705539359,1.0495626822157436,1.836734693877551,1.0495626822157436,2.361516034985423,0.0,0.0,0.0,0.0,87.04,50.0,0.0,57.14,20.0,60.47,75.0,75.0,0.1165805660151263,0.0479332440301082,0.5247813411078718,2.623906705539359,0.1198204714285714,0.0,3.673469387755102,3.935860058309038,0.0746118209912536,16.53061224489796,CM/AM,67,10,33,10,46,50,8,21,27,23,4,27,33,46,29,40,69,21,12,46,42,90,50,23,52,52,83,44,10,65,27,88,94,81,25,17,29,50,67,4,38,31,12,38,96,10,62,17,92,71,8,29,42,29,4,46,50,96,50,54,88,25,12,71,54,100,50,23,52,52,83,44,10,65,27,88,94,81,38,8,42,83,96,4,79,54,12,79,Swiss Super League
Sion,b9fc1umgats16gk6wr769wh8a,2b2gvp843rc0o66zjrkvho2qx,Marquinhos Cipriano,Marcos Robson Cipriano,27,Defender,Brazil,Defender,111.0,6.0,100.0,4.0,205.0,5.0,8.0,2.0,1.0,1.0,0.0,6.0,6.0,22.0,20.0,0.0,7.0,549.0,1.0,8.0,4.0,4.0,7.0,0.0,1.0,0.0,0.0,83.33,26.67,26.09,66.67,50.0,53.66,35.71,70.0,0.1128382882101555,0.8802607177253552,2.0,5.0,0.11974154,4.0,13.0,23.0,1.4437946999999998,87.0,18.19672131147541,0.9836065573770492,16.393442622950822,0.6557377049180328,33.606557377049185,0.819672131147541,1.3114754098360657,0.3278688524590164,0.1639344262295082,0.1639344262295082,0.0,0.9836065573770492,0.9836065573770492,3.60655737704918,3.278688524590164,0.0,1.1475409836065575,0.1639344262295082,1.3114754098360657,0.6557377049180328,0.6557377049180328,1.1475409836065575,0.0,0.1639344262295082,0.0,0.0,83.33,26.67,26.09,66.67,50.0,53.66,35.71,70.0,0.0184980800344517,0.1443050356926812,0.3278688524590164,0.819672131147541,0.0196297606557377,0.6557377049180328,2.1311475409836067,3.7704918032786887,0.2366876557377049,14.262295081967212,LB/LCB,72,61,56,11,72,47,75,42,39,47,25,69,69,56,64,47,67,67,78,56,89,61,53,78,50,50,69,17,44,86,86,50,33,78,33,72,75,67,50,64,31,47,83,44,61,56,39,6,61,33,67,28,28,50,25,72,72,17,50,47,61,67,67,39,78,56,53,72,50,50,69,17,44,86,86,50,33,78,22,61,72,44,50,56,11,39,78,22,Swiss Super League
Sion,b9fc1umgats16gk6wr769wh8a,30hr440bvtm7enhh6umvfvr4k,T. Berdayes,Théo Berdayes,24,Attacker,Switzerland,Striker,26.0,0.0,44.0,6.0,70.0,11.0,7.0,10.0,7.0,3.0,1.0,4.0,4.0,26.0,5.0,1.0,4.0,336.0,5.0,18.0,4.0,3.0,5.0,0.0,1.0,0.0,0.0,77.78,85.71,0.0,75.0,50.0,60.47,64.71,62.5,1.1998934612540246,0.6687652992052168,3.0,4.0,0.12479328,2.0,5.0,6.0,0.27165759,35.0,6.964285714285714,0.0,11.785714285714285,1.6071428571428572,18.75,2.946428571428571,1.875,2.6785714285714284,1.875,0.8035714285714286,0.2678571428571428,1.0714285714285714,1.0714285714285714,6.964285714285714,1.3392857142857142,0.2678571428571428,1.0714285714285714,1.3392857142857142,4.821428571428571,1.0714285714285714,0.8035714285714286,1.3392857142857142,0.0,0.2678571428571428,0.0,0.0,77.78,85.71,0.0,75.0,50.0,60.47,64.71,62.5,0.3214000342644709,0.1791335622871116,0.8035714285714286,1.0714285714285714,0.0334267714285714,0.5357142857142857,1.3392857142857142,1.6071428571428572,0.0727654258928571,9.375,RW,50,33,33,83,33,92,67,58,67,50,33,17,17,50,75,33,58,58,50,25,25,58,58,67,58,58,58,100,33,100,83,100,100,50,67,67,42,33,33,42,58,50,50,50,67,33,33,83,50,100,83,67,67,67,33,17,17,67,100,33,67,83,50,17,33,67,58,67,58,58,58,100,33,100,83,100,100,50,83,83,33,33,33,50,83,67,50,67,Swiss Super League
Sion,b9fc1umgats16gk6wr769wh8a,4i35r57dz3scccjhz3i59l04p,A. Kabacalman,Ali Kabacalman,30,Midfielder,Switzerland,Midfielder,243.0,0.0,332.0,40.0,575.0,3.0,9.0,3.0,2.0,1.0,0.0,8.0,8.0,19.0,5.0,1.0,5.0,700.0,2.0,5.0,5.0,4.0,5.0,0.0,0.0,0.0,0.0,90.84,74.07,0.0,50.0,66.67,48.72,60.0,71.43,0.2970565782339531,0.5688279431918986,0.0,51.0,1.1360807199999996,21.0,68.0,97.0,1.9015870399999983,366.0,31.242857142857144,0.0,42.68571428571428,5.142857142857143,73.92857142857143,0.3857142857142857,1.1571428571428573,0.3857142857142857,0.2571428571428572,0.1285714285714286,0.0,1.0285714285714287,1.0285714285714287,2.442857142857143,0.6428571428571429,0.1285714285714286,0.6428571428571429,0.2571428571428572,0.6428571428571429,0.6428571428571429,0.5142857142857143,0.6428571428571429,0.0,0.0,0.0,0.0,90.84,74.07,0.0,50.0,66.67,48.72,60.0,71.43,0.0381929886300796,0.0731350212675298,0.0,6.557142857142857,0.1460675211428571,2.7,8.742857142857144,12.471428571428572,0.244489762285714,47.05714285714286,DM/CM,92,28,96,96,96,16,90,30,48,22,16,80,76,26,10,82,40,74,50,26,74,24,50,26,52,50,96,96,28,44,100,36,74,64,32,80,18,100,100,100,96,100,96,100,96,28,96,88,96,12,80,24,40,20,16,64,60,8,4,76,32,64,36,24,56,20,50,26,52,50,96,96,28,44,100,36,74,64,24,60,18,100,100,100,96,100,96,100,Swiss Super League
Sion,b9fc1umgats16gk6wr769wh8a,4kinfnp5n3u0tzvso9gypxgfe,J. Lukembila,Josias Lukembila,27,Attacker,Switzerland,Striker,28.0,0.0,39.0,1.0,67.0,5.0,11.0,14.0,13.0,1.0,4.0,14.0,15.0,16.0,1.0,3.0,0.0,313.0,4.0,25.0,3.0,5.0,1.0,0.0,4.0,0.0,0.0,72.83,50.0,0.0,35.71,28.57,41.03,55.56,33.33,1.893319900641724,0.7252871577031353,2.0,11.0,0.40230506,5.0,1.0,2.0,0.4227342799999999,18.0,8.05111821086262,0.0,11.21405750798722,0.2875399361022364,19.26517571884984,1.437699680511182,3.1629392971246006,4.02555910543131,3.7380191693290734,0.2875399361022364,1.1501597444089458,4.02555910543131,4.313099041533547,4.600638977635783,0.2875399361022364,0.8626198083067093,0.0,1.1501597444089458,7.18849840255591,0.8626198083067093,1.437699680511182,0.2875399361022364,0.0,1.1501597444089458,0.0,0.0,72.83,50.0,0.0,35.71,28.57,41.03,55.56,33.33,0.544405083251614,0.2085490229817322,0.5750798722044729,3.1629392971246006,0.1156787712460063,1.437699680511182,0.2875399361022364,0.5750798722044729,0.1215529878594249,5.175718849840256,ST,74,31,48,26,56,19,81,44,52,30,54,63,63,20,19,72,17,39,44,20,67,33,52,96,48,48,67,35,31,37,33,48,81,22,67,67,28,93,96,94,20,20,67,41,96,31,78,30,93,30,96,74,81,41,81,81,85,26,19,89,17,52,52,19,70,37,52,100,48,48,67,35,31,37,33,48,81,22,89,89,52,100,100,100,22,22,81,67,Swiss Super League
Sion,b9fc1umgats16gk6wr769wh8a,5frvf0owdyg0dtc8ckinrf2p6,D. Rrudhani,Donat Rrudhani,27,Midfielder,Kosovo,Midfielder,59.0,20.0,127.0,5.0,166.0,8.0,21.0,16.0,12.0,4.0,3.0,8.0,11.0,34.0,4.0,3.0,1.0,487.0,8.0,23.0,10.0,5.0,7.0,0.0,1.0,0.0,0.0,83.0,50.0,45.45,62.5,50.0,57.63,61.54,63.64,1.2642234866480664,2.4420475185383435,3.0,10.0,0.25407071,6.0,6.0,19.0,1.24105172,55.0,10.903490759753591,3.696098562628337,23.470225872689937,0.924024640657084,30.6776180698152,1.4784394250513346,3.880903490759753,2.9568788501026693,2.217659137577002,0.7392197125256673,0.5544147843942505,1.4784394250513346,2.0328542094455853,6.283367556468172,0.7392197125256673,0.5544147843942505,0.1848049281314168,1.4784394250513346,4.250513347022587,1.848049281314168,0.924024640657084,1.2936344969199178,0.0,0.1848049281314168,0.0,0.0,83.0,50.0,45.45,62.5,50.0,57.63,61.54,63.64,0.2336347305920451,0.4513024161569833,0.5544147843942505,1.848049281314168,0.046953519301848,1.108829568788501,1.108829568788501,3.51129363449692,0.2293524739219712,10.164271047227926,CM/AM,46,98,58,31,50,90,88,75,79,46,54,40,60,75,46,92,21,90,67,62,52,73,50,67,52,52,62,44,96,75,85,79,85,52,71,92,44,50,42,69,8,40,67,33,62,100,88,25,67,88,96,92,96,54,58,38,42,88,38,100,25,100,75,75,42,79,50,79,52,52,62,44,96,75,85,79,85,52,71,100,50,42,46,67,4,46,88,29,Swiss Super League
Sion,b9fc1umgats16gk6wr769wh8a,5pcgx1in5lw632e5o8mr7lroq,N. Hefti,Nias Hefti,27,Defender,Switzerland,Defender,40.0,3.0,43.0,3.0,80.0,2.0,2.0,2.0,0.0,2.0,1.0,2.0,2.0,14.0,2.0,0.0,2.0,261.0,0.0,3.0,3.0,0.0,8.0,0.0,0.0,0.0,0.0,72.73,30.0,27.27,0.0,0.0,56.0,33.33,88.89,0.1194402546829566,0.2831858650927776,0.0,3.0,0.1488700499999999,1.0,4.0,10.0,0.6029712200000003,33.0,13.793103448275865,1.0344827586206895,14.827586206896552,1.0344827586206895,27.58620689655173,0.6896551724137931,0.6896551724137931,0.6896551724137931,0.0,0.6896551724137931,0.3448275862068966,0.6896551724137931,0.6896551724137931,4.827586206896552,0.6896551724137931,0.0,0.6896551724137931,0.0,1.0344827586206895,1.0344827586206895,0.0,2.7586206896551726,0.0,0.0,0.0,0.0,72.73,30.0,27.27,0.0,0.0,56.0,33.33,88.89,0.0411862947182609,0.0976502983078543,0.0,1.0344827586206895,0.0513344999999999,0.3448275862068966,1.3793103448275863,3.4482758620689657,0.2079211103448277,11.379310344827587,LB/LCB,8,42,19,6,8,22,31,42,14,75,67,28,28,19,8,47,22,28,31,36,11,67,53,33,50,50,22,22,56,11,28,61,22,100,39,39,22,31,72,28,6,8,39,6,39,61,22,11,17,22,44,67,14,100,89,39,39,67,6,47,28,28,56,67,11,94,53,33,50,50,22,22,56,11,28,61,22,100,56,56,22,67,89,28,6,22,67,11,Swiss Super League
Sion,b9fc1umgats16gk6wr769wh8a,7p8wvrgk2aucmmrc30uv7j5lg,W. Boteli,Winsley Boteli,20,Attacker,Switzerland,Striker,29.0,0.0,48.0,7.0,77.0,6.0,11.0,27.0,21.0,6.0,6.0,31.0,34.0,47.0,1.0,6.0,2.0,575.0,10.0,50.0,24.0,16.0,1.0,0.0,4.0,0.0,0.0,82.8,100.0,0.0,51.61,37.04,54.02,33.33,100.0,2.8498205843214417,0.8279108199115597,5.0,6.0,0.14319119,1.0,6.0,10.0,0.4724682399999999,24.0,4.539130434782608,0.0,7.513043478260869,1.0956521739130434,12.052173913043475,0.9391304347826086,1.7217391304347824,4.226086956521739,3.28695652173913,0.9391304347826086,0.9391304347826086,4.852173913043478,5.321739130434782,7.356521739130434,0.1565217391304347,0.9391304347826086,0.3130434782608695,1.5652173913043477,7.826086956521738,3.7565217391304335,2.5043478260869563,0.1565217391304347,0.0,0.6260869565217391,0.0,0.0,82.8,100.0,0.0,51.61,37.04,54.02,33.33,100.0,0.4460588740677039,0.1295860413774615,0.7826086956521738,0.9391304347826086,0.0224125340869565,0.1565217391304347,0.9391304347826086,1.5652173913043477,0.0739515506086956,3.7565217391304335,ST,81,31,59,93,72,28,81,89,89,83,91,96,96,83,19,94,74,89,89,100,93,33,52,96,48,48,96,93,31,85,56,100,26,91,89,74,83,67,67,31,74,80,74,63,70,31,37,89,48,7,56,78,67,89,67,89,89,74,11,96,70,78,74,100,93,33,52,89,48,48,96,93,31,85,56,100,26,91,67,63,59,56,44,26,56,63,56,44,Swiss Super League
Sion,b9fc1umgats16gk6wr769wh8a,8sbi9tqi2omhhzvyuhznyprdh,N. Lavanchy,Numa Lavanchy,33,Defender,Switzerland,Defender,166.0,9.0,189.0,18.0,346.0,0.0,7.0,3.0,3.0,0.0,1.0,11.0,11.0,31.0,29.0,0.0,15.0,810.0,1.0,24.0,11.0,5.0,10.0,0.0,0.0,0.0,0.0,82.58,38.3,26.47,45.45,33.33,44.29,0.0,66.67,0.2478314707461226,0.9158994651315118,0.0,14.0,0.5492421200000001,8.0,28.0,35.0,2.3856471600000004,162.0,18.444444444444443,1.0,21.0,2.0,38.44444444444444,0.0,0.7777777777777778,0.3333333333333333,0.3333333333333333,0.0,0.1111111111111111,1.2222222222222223,1.2222222222222223,3.4444444444444446,3.2222222222222223,0.0,1.6666666666666667,0.1111111111111111,2.6666666666666665,1.2222222222222223,0.5555555555555556,1.1111111111111112,0.0,0.0,0.0,0.0,82.58,38.3,26.47,45.45,33.33,44.29,0.0,66.67,0.0275368300829025,0.1017666072368346,0.0,1.5555555555555556,0.0610269022222222,0.8888888888888888,3.111111111111111,3.888888888888889,0.2650719066666667,18.0,RB/RCB,90,93,95,81,90,7,64,40,64,10,57,83,71,62,93,40,93,48,95,90,69,62,40,26,52,52,76,48,71,48,62,10,7,40,38,76,17,86,95,86,88,81,100,86,86,76,86,52,90,7,31,24,48,10,40,48,48,10,55,40,90,33,95,71,52,14,40,26,52,52,76,48,71,48,62,10,7,40,24,57,17,48,86,62,64,62,86,76,Swiss Super League
Sion,b9fc1umgats16gk6wr769wh8a,9w8ka8b5aaxqaqlnit33glkb8,F. Surdez,Franck Surdez,24,Attacker,Switzerland,Striker,21.0,1.0,50.0,1.0,70.0,4.0,5.0,13.0,10.0,3.0,6.0,20.0,20.0,22.0,1.0,2.0,1.0,351.0,3.0,29.0,2.0,6.0,7.0,0.0,2.0,0.0,0.0,74.47,16.67,9.09,30.0,23.08,39.29,50.0,70.0,1.9260752735782305,0.4769945905592557,3.0,10.0,0.3060285,4.0,2.0,3.0,0.46458657,27.0,5.384615384615385,0.2564102564102564,12.82051282051282,0.2564102564102564,17.94871794871795,1.0256410256410258,1.2820512820512822,3.333333333333333,2.5641025641025643,0.7692307692307693,1.5384615384615383,5.128205128205129,5.128205128205129,5.641025641025641,0.2564102564102564,0.5128205128205129,0.2564102564102564,0.7692307692307693,7.435897435897436,0.5128205128205129,1.5384615384615383,1.794871794871795,0.0,0.5128205128205129,0.0,0.0,74.47,16.67,9.09,30.0,23.08,39.29,50.0,70.0,0.4938654547636488,0.122306305271604,0.7692307692307693,2.5641025641025643,0.0784688461538461,1.0256410256410258,0.5128205128205129,0.7692307692307693,0.1191247615384615,6.923076923076923,LW,29,43,43,21,43,64,50,57,71,57,100,71,64,43,36,57,36,36,86,14,21,86,57,79,57,57,57,14,43,14,29,43,79,57,100,57,29,43,43,50,29,29,57,43,57,43,43,14,43,86,57,57,71,71,86,100,71,57,43,71,43,57,86,14,14,100,57,86,57,57,57,14,43,14,29,43,79,57,100,57,43,43,29,57,29,29,57,57,Swiss Super League
Sion,b9fc1umgats16gk6wr769wh8a,a7ehmifoznpz11r08q58yzgx6,N. Sow,Noé Sow,27,Defender,France,Defender,275.0,0.0,127.0,28.0,402.0,22.0,2.0,7.0,5.0,2.0,2.0,0.0,1.0,54.0,54.0,1.0,17.0,810.0,2.0,7.0,6.0,0.0,12.0,0.0,0.0,0.0,0.0,89.73,51.85,0.0,0.0,28.57,50.47,45.83,46.15,0.7846608430237306,0.1145965617620175,2.0,3.0,0.05617798,1.0,29.0,33.0,0.5901891100000004,261.0,30.55555555555556,0.0,14.11111111111111,3.111111111111111,44.66666666666666,2.4444444444444446,0.2222222222222222,0.7777777777777778,0.5555555555555556,0.2222222222222222,0.2222222222222222,0.0,0.1111111111111111,6.0,6.0,0.1111111111111111,1.8888888888888888,0.2222222222222222,0.7777777777777778,0.6666666666666666,0.0,1.3333333333333333,0.0,0.0,0.0,0.0,89.73,51.85,0.0,0.0,28.57,50.47,45.83,46.15,0.0871845381137478,0.0127329513068908,0.2222222222222222,0.3333333333333333,0.0062419977777777,0.1111111111111111,3.2222222222222223,3.6666666666666665,0.0655765677777778,29.0,CB,74,43,70,72,74,74,74,85,76,93,94,19,44,80,70,78,91,80,61,70,20,93,37,44,52,50,85,81,43,20,59,15,7,30,78,67,93,50,48,52,74,76,59,78,67,43,56,44,67,46,69,80,52,87,93,19,33,61,33,70,80,70,44,39,20,85,37,44,52,50,85,81,43,20,59,15,7,30,59,63,91,37,33,44,56,65,44,67,Swiss Super League
Sion,b9fc1umgats16gk6wr769wh8a,blnu4m2eer1y7vscaosgxjkrt,J. Kronig,Jan Kronig,26,Defender,Switzerland,Defender,346.0,0.0,119.0,23.0,465.0,16.0,0.0,5.0,3.0,2.0,0.0,0.0,0.0,39.0,51.0,1.0,7.0,810.0,2.0,3.0,4.0,0.0,9.0,0.0,0.0,0.0,0.0,90.29,46.94,0.0,0.0,40.0,66.1,59.26,45.0,0.5084375781708879,0.0,2.0,6.0,0.11824798,1.0,31.0,33.0,0.7961895800000011,290.0,38.44444444444444,0.0,13.22222222222222,2.555555555555556,51.66666666666666,1.7777777777777777,0.0,0.5555555555555556,0.3333333333333333,0.2222222222222222,0.0,0.0,0.0,4.333333333333333,5.666666666666667,0.1111111111111111,0.7777777777777778,0.2222222222222222,0.3333333333333333,0.4444444444444444,0.0,1.0,0.0,0.0,0.0,0.0,90.29,46.94,0.0,0.0,40.0,66.1,59.26,45.0,0.0564930642412097,0.0,0.2222222222222222,0.6666666666666666,0.0131386644444444,0.1111111111111111,3.4444444444444446,3.6666666666666665,0.088465508888889,32.22222222222222,CB,100,43,63,59,93,56,24,69,50,93,30,19,17,52,67,78,39,80,30,46,20,78,37,44,52,50,96,56,43,20,70,78,48,26,63,24,93,74,70,52,81,76,81,89,89,43,37,33,78,15,24,48,35,87,30,19,17,22,26,70,7,70,11,19,20,43,37,44,52,50,96,56,43,20,70,78,48,26,41,24,91,69,63,44,63,65,74,78,Swiss Super League
Sion,b9fc1umgats16gk6wr769wh8a,ge9iggeojluopt0tr9sl2yy2,I. Chouaref,Ilyas Chouaref,25,Attacker,Malta,Striker,39.0,10.0,108.0,8.0,137.0,5.0,15.0,10.0,3.0,7.0,2.0,20.0,21.0,41.0,5.0,2.0,7.0,418.0,5.0,20.0,11.0,10.0,12.0,0.0,2.0,0.0,0.0,79.19,80.0,30.3,50.0,50.0,49.4,33.33,80.0,1.023866405792185,1.890050961648436,4.0,17.0,0.5400759800000001,12.0,9.0,21.0,1.3020904899999997,66.0,8.39712918660287,2.15311004784689,23.253588516746408,1.7224880382775118,29.49760765550239,1.076555023923445,3.229665071770335,2.15311004784689,0.6459330143540669,1.507177033492823,0.4306220095693779,4.30622009569378,4.521531100478469,8.827751196172247,1.076555023923445,0.4306220095693779,1.507177033492823,1.076555023923445,4.30622009569378,2.3684210526315788,2.15311004784689,2.583732057416268,0.0,0.4306220095693779,0.0,0.0,79.19,80.0,30.3,50.0,50.0,49.4,33.33,80.0,0.2204497045964034,0.4069487716467924,0.8612440191387559,3.6602870813397126,0.1162843019138756,2.583732057416268,1.9377990430622007,4.521531100478469,0.2803544117224879,14.210526315789473,RW,83,100,100,100,83,58,100,58,42,100,58,67,67,83,75,67,83,58,67,75,83,92,58,83,58,58,83,83,100,83,83,67,33,83,50,100,67,83,83,100,100,100,100,100,100,100,100,100,100,50,100,50,17,100,50,67,67,100,83,67,83,50,33,83,83,100,58,83,58,58,83,83,100,83,83,67,33,83,50,100,50,100,100,100,100,100,100,100,Swiss Super League
St.Gallen,dty3ktxspuo8ayudnf0egkvx5,1amx0jc0ey5w1z9g3f3nb9t2i,A. Balde,Aliou Balde,23,Attacker,Guinea,Striker,8.0,3.0,69.0,2.0,74.0,10.0,15.0,37.0,29.0,8.0,13.0,45.0,46.0,48.0,1.0,3.0,1.0,653.0,12.0,76.0,11.0,21.0,6.0,0.0,1.0,1.0,1.0,73.27,100.0,20.0,46.67,32.43,42.11,37.04,100.0,4.09565711327576,1.3605304767015247,19.0,12.0,0.46839589,5.0,5.0,11.0,0.6590910500000001,25.0,1.10260336906585,0.4134762633996937,9.509954058192957,0.2756508422664624,10.199081163859113,1.3782542113323124,2.0673813169984685,5.099540581929556,3.996937212863706,1.10260336906585,1.7917304747320062,6.2021439509954055,6.339969372128637,6.6156202143951,0.1378254211332312,0.4134762633996937,0.1378254211332312,1.653905053598775,10.474732006125574,1.5160796324655437,2.894333843797856,0.8269525267993875,0.0,0.1378254211332312,0.1378254211332312,0.1378254211332312,73.27,100.0,20.0,46.67,32.43,42.11,37.04,100.0,0.5644856664545459,0.1875156859159835,2.6186830015313936,1.653905053598775,0.0645568607963246,0.6891271056661562,0.6891271056661562,1.5160796324655437,0.0908395015313935,3.445635528330781,ST,20,89,93,43,65,50,93,96,93,100,100,100,100,89,19,72,48,96,96,69,100,94,52,59,98,98,70,93,69,59,44,56,33,91,96,96,100,100,100,94,65,85,85,70,11,89,52,26,30,22,78,96,89,93,100,93,93,63,7,37,41,81,100,52,96,81,52,59,96,96,70,93,69,59,44,56,33,91,93,78,100,81,85,81,44,59,70,37,Swiss Super League
St.Gallen,dty3ktxspuo8ayudnf0egkvx5,1bh2zo94xxdqiuo2lz6xlxune,C. Kleine-Bekel,Colin Kleine-Bekel,23,Defender,Germany,Defender,95.0,7.0,96.0,14.0,184.0,22.0,4.0,4.0,4.0,0.0,1.0,1.0,1.0,41.0,29.0,0.0,8.0,483.0,1.0,11.0,2.0,1.0,7.0,0.0,1.0,0.0,0.0,80.0,35.9,63.64,100.0,25.0,61.19,68.75,43.75,0.5301445532514735,0.4337270876418015,0.0,6.0,0.12861357,4.0,26.0,34.0,1.2757272999999996,135.0,17.70186335403727,1.3043478260869563,17.888198757763977,2.608695652173913,34.28571428571429,4.099378881987578,0.7453416149068324,0.7453416149068324,0.7453416149068324,0.0,0.1863354037267081,0.1863354037267081,0.1863354037267081,7.639751552795031,5.403726708074535,0.0,1.4906832298136647,0.1863354037267081,2.049689440993789,0.3726708074534162,0.1863354037267081,1.3043478260869563,0.0,0.1863354037267081,0.0,0.0,80.0,35.9,63.64,100.0,25.0,61.19,68.75,43.75,0.0987846993636286,0.0808187119829444,0.0,1.1180124223602486,0.0239652614906832,0.7453416149068324,4.844720496894411,6.335403726708075,0.2377131614906831,25.1552795031056,CB,33,100,41,30,39,74,96,57,65,37,72,46,44,57,28,31,44,54,85,15,54,56,37,93,52,50,22,7,96,83,54,52,78,20,67,100,41,74,78,94,57,83,96,41,15,100,78,37,26,93,100,70,81,37,78,44,44,89,22,31,52,63,100,15,59,81,37,96,52,50,22,7,96,83,54,52,78,20,74,100,41,78,78,100,93,100,100,56,Swiss Super League
St.Gallen,dty3ktxspuo8ayudnf0egkvx5,1hxi6jvbthhyy1l1oqd7vsnhl,H. Vandermersch,Hugo Vandermersch,27,Defender,France,Defender,40.0,3.0,116.0,12.0,153.0,12.0,6.0,8.0,7.0,1.0,1.0,9.0,11.0,38.0,10.0,0.0,6.0,554.0,2.0,25.0,14.0,2.0,6.0,0.0,0.0,0.0,0.0,69.23,33.33,15.79,22.22,25.0,58.46,60.0,54.55,0.5707915784852017,0.416977353131483,3.0,13.0,0.30411712,6.0,16.0,23.0,0.65914865,71.0,6.498194945848375,0.4873646209386281,18.844765342960287,1.9494584837545128,24.85559566787004,1.9494584837545128,0.9747292418772564,1.2996389891696751,1.1371841155234657,0.1624548736462094,0.1624548736462094,1.4620938628158844,1.787003610108303,6.1732851985559565,1.624548736462094,0.0,0.9747292418772564,0.3249097472924188,4.061371841155235,2.274368231046932,0.3249097472924188,0.9747292418772564,0.0,0.0,0.0,0.0,69.23,33.33,15.79,22.22,25.0,58.46,60.0,54.55,0.0927278737611338,0.0677400032163059,0.4873646209386281,2.111913357400722,0.049405308303249,0.9747292418772564,2.5992779783393503,3.736462093862816,0.1070819106498194,11.534296028880863,RB/RCB,10,50,67,55,62,95,55,81,95,29,57,57,71,81,19,40,45,74,100,95,31,17,40,26,52,52,10,19,33,19,45,71,76,5,71,29,81,81,67,55,52,52,29,52,5,48,76,48,29,95,62,67,86,24,62,57,62,90,24,40,33,71,100,100,33,10,40,26,52,52,10,19,33,19,45,71,76,5,67,33,71,81,57,67,38,52,24,19,Swiss Super League
St.Gallen,dty3ktxspuo8ayudnf0egkvx5,281f7899ialr1z6l51mitpp7t,L. Daschner,Lukas Daschner,27,Midfielder,Germany,Midfielder,80.0,20.0,150.0,22.0,210.0,13.0,22.0,21.0,13.0,8.0,6.0,17.0,17.0,32.0,20.0,2.0,7.0,707.0,9.0,27.0,4.0,5.0,4.0,0.0,1.0,0.0,0.0,73.17,39.29,33.9,29.41,42.86,43.24,54.17,40.0,1.866021549291322,2.273958070834585,4.0,7.0,0.3004802199999999,2.0,33.0,32.0,1.3182139,119.0,10.183875530410184,2.545968882602546,19.09476661951909,2.800565770862801,26.73267326732673,1.654879773691655,2.800565770862801,2.6732673267326734,1.654879773691655,1.0183875530410185,0.7637906647807639,2.164073550212164,2.164073550212164,4.073550212164074,2.545968882602546,0.2545968882602546,0.8910891089108911,1.1456859971711455,3.4370579915134374,0.5091937765205092,0.6364922206506365,0.5091937765205092,0.0,0.1272984441301273,0.0,0.0,73.17,39.29,33.9,29.41,42.86,43.24,54.17,40.0,0.2375416399380749,0.2894713244343884,0.5091937765205092,0.8910891089108911,0.0382506644978783,0.2545968882602546,4.200848656294201,4.073550212164074,0.1678065785007072,15.14851485148515,CM/AM,83,98,81,100,73,96,92,92,85,85,90,77,75,67,100,71,79,96,71,25,52,35,50,67,52,52,21,21,75,17,73,29,62,17,96,88,56,27,54,12,92,73,75,83,54,96,54,92,42,92,83,71,79,79,71,54,54,38,100,46,71,88,62,12,29,17,50,46,52,52,21,21,75,17,73,29,62,17,75,83,38,17,33,8,83,58,58,58,Swiss Super League
St.Gallen,dty3ktxspuo8ayudnf0egkvx5,2dwb36l3c83msll70wyl16exg,N. Scherrer,Nevio Scherrer,18,Attacker,Switzerland,Striker,10.0,0.0,34.0,0.0,44.0,7.0,3.0,5.0,5.0,0.0,1.0,5.0,5.0,17.0,2.0,2.0,1.0,231.0,3.0,21.0,7.0,1.0,1.0,0.0,0.0,0.0,0.0,83.02,0.0,0.0,20.0,60.0,36.17,41.18,50.0,0.725073161825988,0.1176145032227818,0.0,4.0,0.10600396,0.0,1.0,1.0,0.08746076,9.0,3.896103896103896,0.0,13.246753246753244,0.0,17.142857142857142,2.727272727272727,1.1688311688311688,1.948051948051948,1.948051948051948,0.0,0.3896103896103896,1.948051948051948,1.948051948051948,6.623376623376623,0.7792207792207791,0.7792207792207791,0.3896103896103896,1.1688311688311688,8.181818181818182,2.727272727272727,0.3896103896103896,0.3896103896103896,0.0,0.0,0.0,0.0,83.02,0.0,0.0,20.0,60.0,36.17,41.18,50.0,0.2824960370750602,0.0458238324244604,0.0,1.5584415584415583,0.0413002441558441,0.0,0.3896103896103896,0.3896103896103896,0.0340756207792207,3.506493506493506,ST,30,31,35,11,35,37,26,9,11,9,13,22,19,28,37,46,48,20,24,50,9,33,52,22,48,48,100,11,31,7,96,22,43,39,11,19,6,54,44,11,20,7,15,11,56,31,85,11,81,63,41,7,30,9,19,44,41,67,52,85,74,56,85,89,19,41,52,22,48,48,100,11,31,7,96,22,43,39,22,19,6,78,67,11,33,7,22,41,Swiss Super League
St.Gallen,dty3ktxspuo8ayudnf0egkvx5,4tk4xx48lydt8rqn58vwn55ka,M. Stevanović,Mihailo Stevanovic,24,Midfielder,Serbia,Midfielder,65.0,1.0,131.0,14.0,195.0,8.0,7.0,6.0,1.0,5.0,3.0,9.0,10.0,42.0,12.0,0.0,7.0,652.0,1.0,6.0,6.0,7.0,10.0,1.0,0.0,0.0,0.0,77.69,46.67,25.0,77.78,16.67,66.67,61.54,47.62,0.4303294267151873,0.4580427037051643,4.0,12.0,0.26916518,9.0,25.0,32.0,0.90287029,113.0,8.97239263803681,0.1380368098159509,18.08282208588957,1.9325153374233128,26.91717791411043,1.1042944785276074,0.9662576687116564,0.8282208588957055,0.1380368098159509,0.6901840490797546,0.4141104294478527,1.2423312883435582,1.3803680981595092,5.7975460122699385,1.656441717791411,0.0,0.9662576687116564,0.1380368098159509,0.8282208588957055,0.8282208588957055,0.9662576687116564,1.3803680981595092,0.1380368098159509,0.0,0.0,0.0,77.69,46.67,25.0,77.78,16.67,66.67,61.54,47.62,0.0594013012336915,0.0632267535789337,0.5521472392638037,1.656441717791411,0.0371547027607361,1.2423312883435582,3.450920245398773,4.41717791411043,0.1246293345092024,15.598159509202452,CM/AM,62,27,62,79,62,90,25,29,12,58,54,50,50,92,92,10,79,21,19,35,67,96,100,23,52,52,38,33,44,94,21,100,85,29,21,25,56,65,46,90,75,73,46,75,46,21,42,75,46,83,21,21,8,42,50,33,33,67,88,10,75,17,8,38,46,83,100,23,52,52,38,33,44,94,21,100,85,29,12,21,46,33,29,79,58,71,29,67,Swiss Super League
St.Gallen,dty3ktxspuo8ayudnf0egkvx5,5b3n7shchd7m2a11l5801d2w9,J. Stanić,Jozo Stanic,27,Defender,Croatia,Defender,152.0,0.0,104.0,26.0,256.0,33.0,0.0,4.0,4.0,0.0,1.0,1.0,1.0,60.0,48.0,0.0,10.0,687.0,0.0,6.0,10.0,1.0,7.0,0.0,0.0,0.0,0.0,78.53,38.81,0.0,100.0,0.0,57.14,57.89,43.75,0.4328306774873226,0.0,0.0,4.0,0.0803397,1.0,29.0,24.0,0.5252311000000002,173.0,19.91266375545852,0.0,13.624454148471616,3.406113537117904,33.53711790393013,4.323144104803493,0.0,0.5240174672489083,0.5240174672489083,0.0,0.131004366812227,0.131004366812227,0.131004366812227,7.860262008733624,6.288209606986899,0.0,1.310043668122271,0.0,0.7860262008733624,1.310043668122271,0.131004366812227,0.9170305676855894,0.0,0.0,0.0,0.0,78.53,38.81,0.0,100.0,0.0,57.14,57.89,43.75,0.0567027088411339,0.0,0.0,0.5240174672489083,0.0105248515283842,0.131004366812227,3.799126637554585,3.1441048034934496,0.0688075676855895,22.663755458515283,CB,44,43,52,67,48,93,24,57,65,37,72,46,44,94,59,31,56,20,56,81,54,56,37,44,52,50,19,11,43,83,20,41,44,20,52,24,41,61,63,52,74,44,48,48,22,43,44,56,22,96,24,44,48,37,67,37,37,93,41,31,33,20,48,81,48,33,37,44,52,50,19,11,43,83,20,41,44,20,44,24,41,56,56,59,78,41,52,33,Swiss Super League
St.Gallen,dty3ktxspuo8ayudnf0egkvx5,8ibag83uzcirmb7vycpdxxw5w,L. Frokaj,Leon Frokaj,21,Midfielder,Kosovo,Midfielder,22.0,2.0,63.0,3.0,83.0,2.0,8.0,14.0,11.0,3.0,6.0,17.0,17.0,27.0,7.0,1.0,2.0,448.0,6.0,29.0,12.0,4.0,4.0,0.0,0.0,0.0,0.0,76.15,23.08,40.0,23.53,42.86,42.19,25.0,44.44,1.3427436739748535,0.6954996376749425,6.0,10.0,0.38261616,4.0,8.0,10.0,0.7191344,41.0,4.419642857142857,0.4017857142857143,12.65625,0.6026785714285714,16.674107142857142,0.4017857142857143,1.6071428571428572,2.8125,2.2098214285714284,0.6026785714285714,1.2053571428571428,3.415178571428571,3.415178571428571,5.424107142857142,1.40625,0.2008928571428571,0.4017857142857143,1.2053571428571428,5.825892857142857,2.4107142857142856,0.8035714285714286,0.8035714285714286,0.0,0.0,0.0,0.0,76.15,23.08,40.0,23.53,42.86,42.19,25.0,44.44,0.2697476130753053,0.1397209093543411,1.2053571428571428,2.008928571428571,0.0768648535714285,0.8035714285714286,1.6071428571428572,2.008928571428571,0.1444689642857142,8.236607142857142,CM/AM,17,40,17,10,15,35,29,65,75,33,90,77,75,50,71,40,38,79,79,79,42,35,50,23,52,52,33,4,92,12,73,17,23,23,75,33,79,50,58,35,15,8,33,12,8,38,17,8,8,40,35,79,92,33,100,83,79,58,79,42,44,96,100,96,38,46,50,23,52,52,33,4,92,12,73,17,23,23,88,33,88,58,75,42,12,4,46,8,Swiss Super League
St.Gallen,dty3ktxspuo8ayudnf0egkvx5,8tqphrtr7fraqeunw67iwwq8l,C. Okoroji,Chima Okoroji,29,Defender,Germany,Defender,132.0,13.0,156.0,18.0,275.0,14.0,15.0,5.0,0.0,5.0,3.0,3.0,5.0,40.0,38.0,0.0,13.0,810.0,0.0,5.0,6.0,2.0,10.0,0.0,3.0,0.0,0.0,77.68,39.13,40.62,66.67,0.0,55.56,53.85,55.56,0.3874147935275948,1.5389243855594557,3.0,15.0,0.39493027,9.0,30.0,33.0,1.5549337200000006,172.0,14.666666666666666,1.4444444444444444,17.333333333333332,2.0,30.55555555555556,1.5555555555555556,1.6666666666666667,0.5555555555555556,0.0,0.5555555555555556,0.3333333333333333,0.3333333333333333,0.5555555555555556,4.444444444444445,4.222222222222222,0.0,1.4444444444444444,0.0,0.5555555555555556,0.6666666666666666,0.2222222222222222,1.1111111111111112,0.0,0.3333333333333333,0.0,0.0,77.68,39.13,40.62,66.67,0.0,55.56,53.85,55.56,0.0430460881697327,0.170991598395495,0.3333333333333333,1.6666666666666667,0.0438811411111111,1.0,3.333333333333333,3.6666666666666665,0.1727704133333334,19.11111111111111,LB/LCB,89,97,94,92,89,97,94,89,14,97,97,42,50,86,100,47,100,28,56,78,56,78,53,100,50,50,44,56,94,86,28,56,56,31,89,94,92,94,94,94,86,86,89,94,50,72,50,53,33,78,78,56,14,89,83,17,33,50,83,47,83,28,17,44,39,50,53,94,50,50,44,56,94,86,28,56,56,31,61,78,78,78,78,78,50,28,56,72,Swiss Super League
St.Gallen,dty3ktxspuo8ayudnf0egkvx5,an0tzhrx6uhf75uper52ta3o4,J. Ruiz,Joel Ruiz,19,Defender,Switzerland,Defender,65.0,1.0,57.0,12.0,121.0,8.0,3.0,4.0,2.0,2.0,0.0,1.0,1.0,27.0,15.0,0.0,3.0,408.0,0.0,5.0,5.0,0.0,11.0,0.0,0.0,0.0,0.0,71.18,37.5,11.11,0.0,0.0,56.25,42.11,78.57,0.3802019650823267,0.1389890968040711,1.0,4.0,0.0884452,1.0,7.0,7.0,0.2492114,63.0,14.338235294117649,0.2205882352941176,12.573529411764708,2.647058823529412,26.69117647058824,1.7647058823529411,0.6617647058823529,0.8823529411764706,0.4411764705882353,0.4411764705882353,0.0,0.2205882352941176,0.2205882352941176,5.955882352941177,3.308823529411765,0.0,0.6617647058823529,0.0,1.1029411764705883,1.1029411764705883,0.0,2.4264705882352944,0.0,0.0,0.0,0.0,71.18,37.5,11.11,0.0,0.0,56.25,42.11,78.57,0.0838680805328661,0.0306593595891333,0.2205882352941176,0.8823529411764706,0.0195099705882352,0.2205882352941176,1.5441176470588236,1.5441176470588236,0.0549731029411764,13.897058823529411,RB/RCB,57,14,31,55,33,79,21,55,48,57,19,10,10,48,45,40,21,17,36,43,7,71,40,26,52,52,14,40,10,7,17,57,43,76,62,14,40,10,10,14,17,10,5,33,71,10,19,86,38,90,24,57,52,62,19,10,10,86,67,40,19,17,43,57,7,86,40,26,52,52,14,40,10,7,17,57,43,76,62,14,48,19,19,14,14,10,5,38,Swiss Super League
St.Gallen,dty3ktxspuo8ayudnf0egkvx5,bjdsvjk3045h7qle29hx8tmcq,A. Hunziker,Andrin Hunziker,23,Attacker,Switzerland,Striker,1.0,0.0,21.0,0.0,22.0,22.0,7.0,14.0,12.0,2.0,4.0,3.0,3.0,32.0,3.0,2.0,1.0,290.0,6.0,24.0,4.0,2.0,2.0,0.0,0.0,0.0,0.0,41.51,0.0,0.0,66.67,42.86,43.84,43.14,50.0,1.7538060007915512,0.7405478516364625,4.0,1.0,0.01689528,1.0,1.0,2.0,0.4594922999999999,11.0,0.3103448275862069,0.0,6.517241379310344,0.0,6.827586206896552,6.827586206896552,2.1724137931034484,4.344827586206897,3.724137931034482,0.6206896551724138,1.2413793103448276,0.9310344827586208,0.9310344827586208,9.93103448275862,0.9310344827586208,0.6206896551724138,0.3103448275862069,1.862068965517241,7.448275862068965,1.2413793103448276,0.6206896551724138,0.6206896551724138,0.0,0.0,0.0,0.0,41.51,0.0,0.0,66.67,42.86,43.84,43.14,50.0,0.5442846209353089,0.2298251953354538,1.2413793103448276,0.3103448275862069,0.0052433627586206,0.3103448275862069,0.3103448275862069,0.6206896551724138,0.1426010586206896,3.413793103448276,ST,4,31,15,11,4,85,52,44,43,54,54,13,9,65,48,46,48,65,33,26,24,59,52,22,48,48,4,11,31,91,72,63,52,39,52,70,69,6,4,31,20,20,70,26,4,31,22,11,4,100,81,85,78,56,85,15,11,96,74,63,67,89,67,41,41,74,52,22,48,48,4,11,31,91,72,63,52,39,85,93,85,4,4,37,26,30,93,30,Swiss Super League
St.Gallen,dty3ktxspuo8ayudnf0egkvx5,cdyinzscw0tm6owzaka8nua6s,E. Owusu,Enoch Owusu,21,Midfielder,Italy,Midfielder,25.0,3.0,80.0,10.0,102.0,4.0,7.0,11.0,2.0,9.0,3.0,19.0,19.0,25.0,0.0,2.0,3.0,241.0,2.0,6.0,8.0,8.0,4.0,0.0,1.0,0.0,0.0,85.71,76.92,21.43,42.11,18.18,58.14,80.0,80.0,0.7072722076083593,0.5131342035379215,9.0,9.0,0.25975298,2.0,7.0,10.0,0.5433969000000001,51.0,9.33609958506224,1.120331950207469,29.87551867219917,3.734439834024896,38.09128630705394,1.4937759336099583,2.6141078838174274,4.107883817427386,0.7468879668049793,3.3609958506224067,1.120331950207469,7.095435684647304,7.095435684647304,9.33609958506224,0.0,0.7468879668049793,1.120331950207469,0.7468879668049793,2.240663900414938,2.987551867219917,2.987551867219917,1.4937759336099583,0.0,0.3734439834024896,0.0,0.0,85.71,76.92,21.43,42.11,18.18,58.14,80.0,80.0,0.2641265505591383,0.1916268809892653,3.3609958506224067,3.3609958506224067,0.0970031875518672,0.7468879668049793,2.6141078838174274,3.734439834024896,0.2029283029045643,19.04564315352697,RM/RCM,38,62,50,100,50,75,38,100,50,100,100,100,88,62,25,75,50,62,50,75,75,75,62,75,62,62,100,100,50,50,50,100,100,100,50,25,100,75,75,50,50,50,50,50,75,75,100,100,100,100,75,100,50,100,100,100,100,100,25,75,75,75,75,100,100,100,62,100,62,62,100,100,50,50,50,100,100,100,75,75,100,100,100,75,75,75,75,75,Swiss Super League
St.Gallen,dty3ktxspuo8ayudnf0egkvx5,d1ze9efbuztkd5rdk7kzxf1zp,L. Görtler,Lukas Görtler,32,Midfielder,Germany,Midfielder,58.0,1.0,117.0,15.0,174.0,4.0,9.0,16.0,15.0,1.0,5.0,10.0,10.0,32.0,4.0,2.0,2.0,502.0,6.0,32.0,13.0,7.0,6.0,0.0,1.0,0.0,0.0,70.16,41.67,16.67,70.0,37.5,60.38,33.33,75.0,1.4611697860399084,0.8978854842928127,2.0,11.0,0.45681813,5.0,28.0,40.0,1.1800676,105.0,10.398406374501992,0.1792828685258964,20.97609561752988,2.6892430278884465,31.19521912350598,0.7171314741035857,1.613545816733068,2.8685258964143427,2.6892430278884465,0.1792828685258964,0.8964143426294822,1.7928286852589643,1.7928286852589643,5.7370517928286855,0.7171314741035857,0.3585657370517928,0.3585657370517928,1.0756972111553786,5.7370517928286855,2.330677290836653,1.254980079681275,1.0756972111553786,0.0,0.1792828685258964,0.0,0.0,70.16,41.67,16.67,70.0,37.5,60.38,33.33,75.0,0.2619627106446051,0.1609754852317791,0.3585657370517928,1.9721115537848608,0.0818996647410358,0.8964143426294822,5.0199203187251,7.171314741035857,0.2115659043824701,18.824701195219124,CM/AM,42,27,54,85,54,62,35,75,96,12,75,60,50,67,46,71,38,79,85,88,67,65,50,67,52,52,8,25,27,83,62,83,33,81,79,38,29,58,71,54,83,88,62,67,58,25,71,88,71,62,42,83,100,8,83,42,38,62,33,88,38,83,96,88,62,62,50,75,52,52,8,25,27,83,62,83,33,81,83,42,29,54,83,50,92,96,75,92,Swiss Super League
St.Gallen,dty3ktxspuo8ayudnf0egkvx5,ec5tz48fm3i9da5xlfx1pn14a,C. Witzig,Christian Witzig,25,Midfielder,Switzerland,Midfielder,35.0,9.0,113.0,11.0,139.0,3.0,15.0,18.0,9.0,9.0,6.0,26.0,27.0,22.0,1.0,1.0,0.0,671.0,4.0,28.0,2.0,10.0,2.0,0.0,0.0,0.0,0.0,74.73,61.11,26.47,38.46,22.22,30.56,21.43,28.57,1.6705774461622882,1.363889035171991,8.0,17.0,0.49004936,9.0,15.0,22.0,0.6627382899999998,70.0,4.694485842026825,1.2071535022354694,15.156482861400894,1.4754098360655736,18.64381520119225,0.4023845007451564,2.011922503725782,2.4143070044709387,1.2071535022354694,1.2071535022354694,0.8047690014903129,3.4873323397913563,3.621460506706408,2.950819672131148,0.1341281669150521,0.1341281669150521,0.0,0.5365126676602087,3.75558867362146,0.2682563338301043,1.3412816691505216,0.2682563338301043,0.0,0.0,0.0,0.0,74.73,61.11,26.47,38.46,22.22,30.56,21.43,28.57,0.2240714905433769,0.1829359361631582,1.073025335320417,2.2801788375558867,0.0657294223546944,1.2071535022354694,2.011922503725782,2.950819672131148,0.0888918719821162,9.38897168405365,CM/AM,25,77,46,62,42,50,73,83,71,94,90,92,92,38,12,40,8,56,75,10,83,4,50,23,52,52,25,67,50,33,35,4,17,4,83,75,94,83,75,90,42,46,25,46,12,67,21,62,12,46,50,67,62,88,79,88,88,12,8,33,8,46,71,4,67,4,50,23,52,52,25,67,50,33,35,4,17,4,67,54,83,67,67,71,25,33,21,21,Swiss Super League
St.Gallen,dty3ktxspuo8ayudnf0egkvx5,eyc3sc46njsmmddsr5iwf7k6h,C. Boukhalfa,Carlo Boukhalfa,27,Midfielder,Germany,Midfielder,19.0,1.0,55.0,4.0,73.0,5.0,6.0,9.0,4.0,5.0,3.0,8.0,10.0,18.0,1.0,1.0,0.0,258.0,3.0,16.0,1.0,3.0,6.0,0.0,1.0,0.0,0.0,75.26,57.14,16.67,37.5,33.33,52.94,83.33,66.67,0.8570929568353679,0.4171729131498252,5.0,7.0,0.18352108,6.0,10.0,12.0,0.3078706799999999,42.0,6.627906976744186,0.3488372093023256,19.186046511627907,1.3953488372093024,25.46511627906977,1.744186046511628,2.0930232558139537,3.13953488372093,1.3953488372093024,1.744186046511628,1.0465116279069768,2.7906976744186047,3.488372093023256,6.27906976744186,0.3488372093023256,0.3488372093023256,0.0,1.0465116279069768,5.5813953488372094,0.3488372093023256,1.0465116279069768,2.0930232558139537,0.0,0.3488372093023256,0.0,0.0,75.26,57.14,16.67,37.5,33.33,52.94,83.33,66.67,0.2989859151751283,0.1455254348197064,1.744186046511628,2.441860465116279,0.0640189813953488,2.0930232558139537,3.488372093023256,4.186046511627907,0.1073967488372092,14.651162790697674,CM/AM,10,27,8,23,8,73,21,40,35,58,54,40,50,21,12,40,8,38,60,4,25,65,50,67,52,52,29,58,27,29,50,75,100,60,50,21,69,27,17,69,23,19,17,17,29,33,58,58,38,96,58,96,71,96,92,67,83,83,21,79,8,79,92,8,50,96,50,88,52,52,29,58,27,29,50,75,100,60,100,38,100,75,62,100,62,62,25,50,Swiss Super League
Thun,6u0uaryouca843tojxzgwulr2,16u4dl7t5ck2yjy1bgo4d2bpx,J. Bamert,Jan Bamert,28,Defender,Switzerland,Defender,227.0,1.0,165.0,37.0,391.0,13.0,4.0,7.0,7.0,0.0,2.0,3.0,3.0,45.0,55.0,1.0,17.0,810.0,1.0,14.0,12.0,3.0,7.0,1.0,0.0,0.0,0.0,86.12,55.22,50.0,100.0,14.29,48.91,31.71,41.18,0.9094685815078306,0.2856277275958422,0.0,6.0,0.12277662,4.0,52.0,56.0,1.27660418,253.0,25.22222222222222,0.1111111111111111,18.33333333333333,4.111111111111111,43.44444444444444,1.4444444444444444,0.4444444444444444,0.7777777777777778,0.7777777777777778,0.0,0.2222222222222222,0.3333333333333333,0.3333333333333333,5.0,6.111111111111111,0.1111111111111111,1.8888888888888888,0.1111111111111111,1.5555555555555556,1.3333333333333333,0.3333333333333333,0.7777777777777778,0.1111111111111111,0.0,0.0,0.0,86.12,55.22,50.0,100.0,14.29,48.91,31.71,41.18,0.1010520646119811,0.0317364141773158,0.0,0.6666666666666666,0.0136418466666666,0.4444444444444444,5.777777777777778,6.222222222222222,0.1418449088888889,28.11111111111111,CB,63,91,93,100,70,41,96,85,89,37,94,74,74,63,74,78,91,54,98,91,83,56,83,44,52,50,59,93,91,83,43,11,4,11,85,93,41,74,74,94,100,100,100,70,48,85,81,89,59,7,91,80,87,37,93,65,65,44,37,70,80,44,91,87,78,26,78,44,52,50,59,93,91,83,43,11,4,11,81,85,41,69,70,91,100,96,96,63,Swiss Super League
Thun,6u0uaryouca843tojxzgwulr2,539es15hqaq9gnqng4dmdoums,N. Zoukit,Nassim Zoukit,25,Midfielder,Switzerland,Midfielder,143.0,0.0,132.0,29.0,275.0,14.0,2.0,6.0,2.0,4.0,2.0,4.0,4.0,41.0,15.0,0.0,5.0,463.0,1.0,5.0,8.0,3.0,11.0,0.0,0.0,0.0,0.0,80.88,54.72,0.0,75.0,16.67,65.08,66.67,68.75,0.5804886733907755,0.1580179191069617,2.0,12.0,0.25508561,9.0,38.0,44.0,0.8859411699999996,151.0,27.796976241900644,0.0,25.658747300215985,5.637149028077753,53.45572354211663,2.7213822894168462,0.3887688984881209,1.1663066954643628,0.3887688984881209,0.7775377969762418,0.3887688984881209,0.7775377969762418,0.7775377969762418,7.969762419006479,2.9157667386609067,0.0,0.9719222462203024,0.1943844492440604,0.9719222462203024,1.5550755939524836,0.5831533477321814,2.138228941684665,0.0,0.0,0.0,0.0,80.88,54.72,0.0,75.0,16.67,65.08,66.67,68.75,0.1128379710694811,0.0307162261762992,0.3887688984881209,2.3326133909287257,0.0495846758099352,1.749460043196544,7.3866090712742976,8.55291576673866,0.1722131863930884,29.35205183585313,DM/CM,60,28,52,86,60,90,22,60,48,72,60,48,42,82,60,36,40,48,50,72,64,84,50,26,52,50,36,56,28,82,48,96,86,56,64,24,56,74,68,84,68,78,68,64,84,28,80,96,84,92,24,60,68,76,64,48,48,88,80,36,48,48,56,64,68,80,50,26,52,50,36,56,28,82,48,96,86,56,64,36,64,84,80,96,92,92,84,76,Swiss Super League
Thun,6u0uaryouca843tojxzgwulr2,64bhnk4lvwp5qrlr4qy9cgmj8,L. Dähler,Lucien Dähler,25,Defender,Switzerland,Defender,54.0,6.0,68.0,12.0,116.0,1.0,5.0,3.0,3.0,0.0,1.0,3.0,3.0,10.0,20.0,0.0,8.0,469.0,0.0,9.0,4.0,1.0,3.0,0.0,1.0,0.0,0.0,76.82,57.14,24.0,33.33,0.0,41.67,25.0,75.0,0.3145764203168234,0.7404323412940197,0.0,5.0,0.13047911,1.0,11.0,15.0,0.8517771899999997,57.0,10.362473347547974,1.1513859275053304,13.049040511727078,2.302771855010661,22.260127931769723,0.1918976545842217,0.9594882729211088,0.5756929637526652,0.5756929637526652,0.0,0.1918976545842217,0.5756929637526652,0.5756929637526652,1.9189765458422168,3.837953091684435,0.0,1.535181236673774,0.0,1.7270788912579955,0.767590618336887,0.1918976545842217,0.5756929637526652,0.0,0.1918976545842217,0.0,0.0,76.82,57.14,24.0,33.33,0.0,41.67,25.0,75.0,0.0603664772462987,0.1420872296726263,0.0,0.9594882729211088,0.0250386351812366,0.1918976545842217,2.11087420042644,2.878464818763326,0.1634540449893389,10.93816631130064,RB/RCB,40,81,38,55,29,17,48,40,64,10,57,17,17,5,71,40,64,17,55,29,17,5,40,69,52,52,43,88,62,29,17,5,19,67,57,71,17,17,24,14,36,33,48,29,24,86,24,57,10,14,57,48,62,10,71,19,19,5,81,40,86,17,57,29,14,5,40,62,52,52,43,88,62,29,17,5,19,67,52,76,17,24,29,10,29,29,48,14,Swiss Super League
Thun,6u0uaryouca843tojxzgwulr2,7wreh7qx16zn2pe44lkf5u87o,F. Dursun,Furkan Dursun,21,Attacker,Austria,Striker,2.0,0.0,26.0,0.0,28.0,13.0,9.0,11.0,9.0,2.0,3.0,2.0,3.0,22.0,1.0,2.0,1.0,315.0,3.0,21.0,6.0,1.0,2.0,0.0,4.0,0.0,0.0,73.68,0.0,0.0,50.0,27.27,47.83,54.17,100.0,1.2402933804169538,0.8403754195836131,4.0,2.0,0.04725549,0.0,1.0,2.0,0.1750949799999999,7.0,0.5714285714285714,0.0,7.428571428571429,0.0,8.0,3.7142857142857135,2.571428571428572,3.142857142857143,2.571428571428572,0.5714285714285714,0.8571428571428571,0.5714285714285714,0.8571428571428571,6.285714285714286,0.2857142857142857,0.5714285714285714,0.2857142857142857,0.8571428571428571,6.0,1.7142857142857142,0.2857142857142857,0.5714285714285714,0.0,1.1428571428571428,0.0,0.0,73.68,0.0,0.0,50.0,27.27,47.83,54.17,100.0,0.3543695372619868,0.2401072627381751,1.1428571428571428,0.5714285714285714,0.0135015685714285,0.0,0.2857142857142857,0.5714285714285714,0.0500271371428571,2.0,ST,7,31,22,11,11,65,65,24,28,54,33,6,9,44,19,46,48,20,24,43,9,59,52,96,48,48,76,11,31,72,26,85,78,91,26,78,69,13,7,11,20,20,44,6,7,31,33,11,7,81,93,37,48,52,48,7,7,52,15,56,59,26,37,59,11,63,52,96,48,48,76,11,31,72,26,85,78,91,48,96,74,26,11,11,19,19,44,7,Swiss Super League
Thun,6u0uaryouca843tojxzgwulr2,84dmxlclmh9hv0ee5dqzqkyne,F. Fehr,Fabio Fehr,26,Defender,Switzerland,Defender,42.0,14.0,106.0,13.0,134.0,3.0,12.0,10.0,6.0,4.0,6.0,10.0,10.0,25.0,18.0,1.0,3.0,448.0,2.0,11.0,2.0,2.0,12.0,0.0,1.0,0.0,0.0,68.37,34.21,29.17,20.0,20.0,52.08,50.0,66.67,0.796804397871126,1.405243831851101,3.0,8.0,0.1960925499999999,7.0,17.0,27.0,1.3777744600000006,72.0,8.4375,2.8125,21.294642857142858,2.611607142857143,26.919642857142858,0.6026785714285714,2.4107142857142856,2.008928571428571,1.2053571428571428,0.8035714285714286,1.2053571428571428,2.008928571428571,2.008928571428571,5.022321428571429,3.616071428571429,0.2008928571428571,0.6026785714285714,0.4017857142857143,2.2098214285714284,0.4017857142857143,0.4017857142857143,2.4107142857142856,0.0,0.2008928571428571,0.0,0.0,68.37,34.21,29.17,20.0,20.0,52.08,50.0,66.67,0.1600723120723244,0.2823034483629443,0.6026785714285714,1.6071428571428572,0.0393935926339285,1.40625,3.415178571428571,5.424107142857142,0.2767850477678573,14.464285714285714,RB/RCB,14,100,62,67,48,31,98,90,88,79,100,69,55,38,64,88,21,74,64,12,31,79,40,69,52,52,5,24,76,14,33,24,57,40,86,100,81,52,48,71,60,57,76,57,14,100,90,81,43,33,100,100,95,81,100,81,67,38,71,90,14,76,67,10,43,81,40,67,52,52,5,24,76,14,33,24,57,40,90,100,81,52,48,86,76,81,90,57,Swiss Super League
Thun,6u0uaryouca843tojxzgwulr2,8vff1o17dbib8d7nrkbdy08ru,T. Strannegård,Tom Strannegård,24,Midfielder,Sweden,Midfielder,23.0,6.0,59.0,11.0,76.0,3.0,4.0,1.0,1.0,0.0,0.0,14.0,15.0,27.0,18.0,0.0,3.0,383.0,0.0,3.0,4.0,8.0,7.0,0.0,0.0,0.0,0.0,71.7,42.31,50.0,57.14,0.0,58.7,37.5,58.33,0.1039423761093076,0.4558655307399123,0.0,4.0,0.09791092,2.0,5.0,12.0,0.7649839299999998,34.0,5.404699738903394,1.4099216710182767,13.864229765013055,2.5848563968668405,17.859007832898172,0.7049608355091384,0.9399477806788512,0.2349869451697128,0.2349869451697128,0.0,0.0,3.289817232375979,3.524804177545692,6.344647519582246,4.229765013054831,0.0,0.7049608355091384,0.0,0.7049608355091384,0.9399477806788512,1.8798955613577024,1.6449086161879896,0.0,0.0,0.0,0.0,71.7,42.31,50.0,57.14,0.0,58.7,37.5,58.33,0.0244251014356075,0.1071224484767418,0.0,0.9399477806788512,0.0230077879895561,0.4699738903394256,1.174934725848564,2.8198433420365534,0.1797612368146213,7.989556135770235,LM/LCM,22,50,22,56,22,50,22,11,22,11,17,44,44,61,100,17,72,11,11,28,56,61,50,39,56,56,11,44,100,89,11,100,67,39,11,22,22,22,22,28,22,28,44,22,33,56,22,100,22,78,22,11,22,11,17,78,78,100,100,17,89,11,11,44,89,89,50,39,56,56,11,44,100,89,11,100,67,39,11,33,22,22,22,33,22,33,56,22,Swiss Super League
Thun,6u0uaryouca843tojxzgwulr2,9fnlovufzfgm8s2zwb61paehh,M. Bürki,Marco Bürki,33,Defender,Switzerland,Defender,51.0,0.0,39.0,6.0,90.0,2.0,0.0,1.0,1.0,0.0,0.0,1.0,1.0,10.0,14.0,0.0,0.0,207.0,0.0,2.0,4.0,1.0,1.0,0.0,0.0,0.0,0.0,83.33,31.58,0.0,100.0,0.0,40.0,22.22,33.33,0.1085202213053946,0.0,0.0,2.0,0.04057261,1.0,15.0,13.0,0.24730527,50.0,22.17391304347826,0.0,16.956521739130437,2.608695652173913,39.130434782608695,0.8695652173913044,0.0,0.4347826086956522,0.4347826086956522,0.0,0.0,0.4347826086956522,0.4347826086956522,4.347826086956522,6.086956521739131,0.0,0.0,0.0,0.8695652173913044,1.7391304347826089,0.4347826086956522,0.4347826086956522,0.0,0.0,0.0,0.0,83.33,31.58,0.0,100.0,0.0,40.0,22.22,33.33,0.0471827049153889,0.0,0.0,0.8695652173913044,0.0176402652173913,0.4347826086956522,6.521739130434783,5.652173913043479,0.1075240304347826,21.73913043478261,LB/LCB,22,14,6,28,17,22,8,14,39,19,25,14,14,11,47,47,8,28,19,56,31,6,53,33,50,50,69,28,14,97,28,11,11,11,22,8,22,17,17,28,50,28,11,22,83,14,44,72,78,39,8,44,67,19,25,28,22,44,100,47,8,28,44,89,61,6,53,33,50,50,69,28,14,97,28,11,11,11,72,8,22,56,44,39,94,83,22,78,Swiss Super League
Thun,6u0uaryouca843tojxzgwulr2,9idaop0my5t0o4vrme7ynofai,N. Maier,Nico Maier,26,Midfielder,Switzerland,Midfielder,19.0,6.0,70.0,3.0,83.0,1.0,10.0,11.0,4.0,7.0,4.0,10.0,11.0,19.0,3.0,1.0,7.0,344.0,1.0,10.0,3.0,6.0,4.0,0.0,0.0,0.0,0.0,70.34,33.33,31.58,60.0,9.09,42.22,25.0,44.44,0.9392521838834306,1.0527280782355863,5.0,5.0,0.11460418,4.0,8.0,11.0,0.6800654800000001,40.0,4.970930232558139,1.569767441860465,18.313953488372093,0.7848837209302325,21.715116279069765,0.2616279069767441,2.6162790697674416,2.877906976744186,1.0465116279069766,1.8313953488372088,1.0465116279069766,2.6162790697674416,2.877906976744186,4.970930232558139,0.7848837209302325,0.2616279069767441,1.8313953488372088,0.2616279069767441,2.6162790697674416,0.7848837209302325,1.569767441860465,1.0465116279069766,0.0,0.0,0.0,0.0,70.34,33.33,31.58,60.0,9.09,42.22,25.0,44.44,0.245734582992758,0.2754230437244266,1.3081395348837208,1.3081395348837208,0.029983651744186,1.0465116279069766,2.093023255813953,2.877906976744186,0.1779241081395349,10.465116279069766,CM/AM,10,56,25,10,15,21,46,54,35,77,67,60,60,25,29,40,79,21,27,19,58,35,50,23,52,52,12,12,67,71,17,21,23,23,58,54,69,10,8,35,15,12,29,8,17,79,46,12,29,21,79,88,58,100,88,58,62,54,46,50,96,21,58,21,83,58,50,23,52,52,12,12,67,71,17,21,23,23,79,79,92,29,17,58,33,29,62,33,Swiss Super League
Thun,6u0uaryouca843tojxzgwulr2,ag92lrchlo2z1opq3i1loneok,D. Derbaci,Dorian Derbaci,20,Midfielder,Switzerland,Midfielder,8.0,1.0,32.0,1.0,39.0,1.0,2.0,3.0,0.0,3.0,0.0,0.0,0.0,2.0,2.0,0.0,2.0,254.0,2.0,6.0,1.0,0.0,0.0,0.0,1.0,0.0,0.0,73.58,14.29,33.33,0.0,66.67,25.0,33.33,0.0,0.1720845204850003,0.2569665540746228,1.0,2.0,0.06064062,0.0,5.0,7.0,0.43622453,20.0,2.8346456692913384,0.3543307086614173,11.338582677165354,0.3543307086614173,13.818897637795274,0.3543307086614173,0.7086614173228346,1.062992125984252,0.0,1.062992125984252,0.0,0.0,0.0,0.7086614173228346,0.7086614173228346,0.0,0.7086614173228346,0.7086614173228346,2.125984251968504,0.3543307086614173,0.0,0.0,0.0,0.3543307086614173,0.0,0.0,73.58,14.29,33.33,0.0,66.67,25.0,33.33,0.0,0.0609748300931103,0.0910511412075435,0.3543307086614173,0.7086614173228346,0.0214868338582677,0.0,1.7716535433070866,2.4803149606299213,0.1545677468503936,7.086614173228346,LM/LCM,11,11,11,11,11,22,11,22,11,50,17,11,11,11,28,17,50,28,22,11,11,11,50,78,56,56,44,11,78,11,94,11,50,11,22,11,44,11,11,11,22,11,22,11,11,33,11,11,11,33,11,22,11,78,17,11,11,11,44,17,100,44,33,11,11,11,50,100,56,56,44,11,78,11,94,11,50,11,22,22,44,11,11,11,33,22,33,11,Swiss Super League
Thun,6u0uaryouca843tojxzgwulr2,aoik5g61oq5r3lbbe76f9iicq,N. Reichmuth,Nils Reichmuth,24,Midfielder,Chile,Midfielder,17.0,8.0,78.0,9.0,87.0,3.0,15.0,22.0,14.0,8.0,5.0,19.0,21.0,40.0,5.0,2.0,1.0,602.0,6.0,35.0,9.0,15.0,5.0,0.0,1.0,0.0,0.0,55.06,33.33,22.22,78.95,27.27,50.0,33.33,38.46,1.829389549909492,1.3518234879996898,11.0,5.0,0.1934397199999999,3.0,10.0,19.0,1.1203352400000002,46.0,2.5415282392026577,1.196013289036545,11.661129568106311,1.345514950166113,13.006644518272426,0.4485049833887043,2.242524916943521,3.2890365448504983,2.093023255813953,1.196013289036545,0.7475083056478405,2.840531561461794,3.13953488372093,5.980066445182724,0.7475083056478405,0.2990033222591362,0.1495016611295681,0.8970099667774086,5.232558139534883,1.345514950166113,2.242524916943521,0.7475083056478405,0.0,0.1495016611295681,0.0,0.0,55.06,33.33,22.22,78.95,27.27,50.0,33.33,38.46,0.273496776564542,0.2020998570099204,1.6445182724252492,0.7475083056478405,0.0289195594684385,0.4485049833887043,1.495016611295681,2.840531561461794,0.1674919794019933,6.877076411960132,CM/AM,4,69,38,50,21,50,73,96,92,85,75,83,83,83,62,71,21,79,92,58,92,54,50,67,52,52,4,12,38,100,42,60,33,12,92,71,100,10,25,23,23,40,58,25,4,62,8,50,4,54,62,100,88,83,67,71,71,71,42,62,17,71,83,46,100,38,50,58,52,52,4,12,38,100,42,60,33,12,92,58,96,4,12,21,8,25,54,4,Swiss Super League
Thun,6u0uaryouca843tojxzgwulr2,auk14ut8cwaqop549u2zmfgt1,N. Bürgy,Nicolas Bürgy,31,Defender,Switzerland,Defender,163.0,0.0,97.0,28.0,260.0,11.0,1.0,7.0,7.0,0.0,0.0,0.0,0.0,27.0,31.0,2.0,5.0,527.0,3.0,8.0,5.0,0.0,6.0,3.0,0.0,0.0,0.0,83.6,43.75,0.0,0.0,42.86,61.36,55.0,54.55,0.9749912534887502,0.1661411156017992,0.0,3.0,0.06022249,2.0,27.0,32.0,0.5568599500000001,174.0,27.836812144212526,0.0,16.565464895635674,4.781783681214422,44.4022770398482,1.8785578747628084,0.1707779886148007,1.1954459203036054,1.1954459203036054,0.0,0.0,0.0,0.0,4.611005692599621,5.294117647058824,0.3415559772296015,0.8538899430740039,0.5123339658444023,1.366223908918406,0.8538899430740039,0.0,1.0246679316888043,0.5123339658444023,0.0,0.0,0.0,83.6,43.75,0.0,0.0,42.86,61.36,55.0,54.55,0.1665070451878321,0.0283732455486943,0.0,0.5123339658444023,0.0102846757115749,0.3415559772296015,4.611005692599621,5.464895635673624,0.0950994222011385,29.71537001897533,CB,48,43,44,72,52,33,56,85,89,37,30,19,17,37,33,98,24,94,70,61,20,35,100,44,52,50,37,33,43,20,76,56,41,54,93,78,41,50,52,72,63,70,56,52,56,43,70,96,63,19,59,96,100,37,30,19,17,33,19,96,19,93,85,63,20,48,100,44,52,50,37,33,43,20,76,56,41,54,100,78,41,52,52,74,85,89,78,70,Swiss Super League
Thun,6u0uaryouca843tojxzgwulr2,b7fv7sx5c8moeoprdplev3koa,J. Roth,Justin Roth,25,Midfielder,Switzerland,Midfielder,116.0,0.0,133.0,15.0,249.0,4.0,0.0,5.0,2.0,3.0,1.0,1.0,1.0,18.0,21.0,0.0,6.0,623.0,0.0,5.0,6.0,0.0,5.0,0.0,0.0,0.0,0.0,83.28,45.45,0.0,0.0,0.0,40.91,44.44,62.5,0.359923612568224,0.0,2.0,7.0,0.15317278,3.0,27.0,38.0,0.6263347599999998,123.0,16.757624398073837,0.0,19.21348314606741,2.1669341894061,35.97110754414125,0.5778491171749599,0.0,0.7223113964686998,0.2889245585874799,0.4333868378812199,0.1444622792937399,0.1444622792937399,0.1444622792937399,2.600321027287319,3.033707865168539,0.0,0.8667736757624398,0.0,0.7223113964686998,0.8667736757624398,0.0,0.7223113964686998,0.0,0.0,0.0,0.0,83.28,45.45,0.0,0.0,0.0,40.91,44.44,62.5,0.0519953854432426,0.0,0.2889245585874799,1.0112359550561798,0.0221276889245585,0.4333868378812199,3.9004815409309774,5.489566613162118,0.0904817470304975,17.768860353130016,DM/CM,44,28,56,44,44,24,6,48,48,58,44,8,8,20,86,36,52,16,50,42,10,24,50,26,52,50,44,24,28,10,16,12,30,40,44,6,56,36,36,48,60,68,52,48,48,28,48,36,44,28,6,44,52,56,44,8,8,20,84,36,44,16,40,44,10,24,50,26,52,50,44,24,28,10,16,12,30,40,40,6,52,32,24,40,44,68,40,48,Swiss Super League
Thun,6u0uaryouca843tojxzgwulr2,biyxl9czh4bwjwhc306btp5re,F. Saiz,Fabio Saiz,25,Midfielder,Switzerland,Midfielder,64.0,0.0,109.0,11.0,173.0,11.0,8.0,14.0,7.0,7.0,7.0,8.0,8.0,45.0,17.0,2.0,14.0,668.0,2.0,13.0,14.0,5.0,10.0,0.0,1.0,0.0,0.0,77.58,44.0,0.0,62.5,14.29,53.57,52.38,62.5,1.2134250670798534,0.6521439407797236,6.0,8.0,0.16848296,0.0,23.0,28.0,0.4742328499999999,83.0,8.622754491017965,0.0,14.68562874251497,1.4820359281437123,23.308383233532933,1.4820359281437123,1.0778443113772456,1.8862275449101795,0.9431137724550898,0.9431137724550898,0.9431137724550898,1.0778443113772456,1.0778443113772456,6.062874251497006,2.2904191616766467,0.2694610778443114,1.8862275449101795,0.2694610778443114,1.751497005988024,1.8862275449101795,0.6736526946107784,1.3473053892215567,0.0,0.1347305389221557,0.0,0.0,77.58,44.0,0.0,62.5,14.29,53.57,52.38,62.5,0.1634854132293215,0.0878637045960705,0.8083832335329341,1.0778443113772456,0.0226998,0.0,3.0988023952095807,3.772455089820359,0.0638936474550898,11.182634730538922,DM/CM,28,28,40,32,36,76,80,98,96,84,100,80,76,88,74,98,92,74,94,88,82,76,50,68,52,50,20,20,28,64,42,68,56,40,96,84,98,50,40,6,44,54,32,32,4,28,8,16,8,68,72,96,80,84,100,76,68,76,64,96,88,72,84,84,76,56,50,60,52,50,20,20,28,64,42,68,56,40,96,68,92,44,28,6,28,44,20,12,Swiss Super League
Thun,6u0uaryouca843tojxzgwulr2,bvw2dsfqohoq9dypgdgt6d1w5,B. Labeau,Brighton Labeau,30,Attacker,Martinique,Striker,9.0,2.0,56.0,3.0,63.0,43.0,10.0,14.0,13.0,1.0,5.0,21.0,22.0,70.0,13.0,3.0,2.0,603.0,6.0,42.0,14.0,8.0,4.0,0.0,0.0,0.0,0.0,52.5,60.0,25.0,38.1,42.86,46.67,53.75,80.0,2.0932259902131043,0.9588284646347868,3.0,3.0,0.1112459299999999,3.0,4.0,8.0,0.9357628799999996,23.0,1.343283582089552,0.2985074626865671,8.35820895522388,0.4477611940298507,9.402985074626866,6.4179104477611935,1.4925373134328357,2.08955223880597,1.9402985074626864,0.1492537313432835,0.7462686567164178,3.134328358208955,3.2835820895522385,10.44776119402985,1.9402985074626864,0.4477611940298507,0.2985074626865671,0.8955223880597015,6.26865671641791,2.08955223880597,1.1940298507462686,0.5970149253731343,0.0,0.0,0.0,0.0,52.5,60.0,25.0,38.1,42.86,46.67,53.75,80.0,0.3124217895840454,0.1431087260648935,0.4477611940298507,0.4477611940298507,0.0166038701492537,0.4477611940298507,0.5970149253731343,1.1940298507462686,0.1396661014925372,3.432835820895522,ST,26,81,81,63,48,100,70,44,52,30,78,87,85,96,100,72,74,65,83,89,85,80,52,22,48,48,7,57,76,44,72,78,74,74,74,89,48,31,52,72,56,69,96,57,15,74,44,56,26,96,48,15,26,26,41,67,67,100,93,48,63,30,41,63,63,70,52,22,48,48,7,57,76,44,72,78,74,74,37,67,33,13,22,59,41,56,89,33,Swiss Super League
Vaduz,9kxht4usspzkeyosl567vjrs2,1l9y46n47adq6puujt4pt072t,N. Hasler,Nicolas Hasler,35,Defender,Liechtenstein,Defender,163.0,6.0,133.0,21.0,290.0,8.0,9.0,4.0,2.0,2.0,0.0,11.0,11.0,35.0,27.0,0.0,12.0,751.0,2.0,8.0,6.0,9.0,10.0,0.0,3.0,0.0,0.0,79.67,42.0,42.86,81.82,50.0,61.4,66.67,83.33,0.2734325774946077,0.994967470186258,2.0,11.0,0.22867547,7.0,20.0,30.0,1.58329263,164.0,19.533954727030626,0.7190412782956058,15.938748335552596,2.5166444740346203,34.753661784287615,0.9587217043941412,1.078561917443409,0.4793608521970705,0.2396804260985352,0.2396804260985352,0.0,1.318242343541944,1.318242343541944,4.194407456724368,3.2356857523302263,0.0,1.4380825565912116,0.2396804260985352,0.9587217043941412,0.7190412782956058,1.078561917443409,1.1984021304926764,0.0,0.3595206391478029,0.0,0.0,79.67,42.0,42.86,81.82,50.0,61.4,66.67,83.33,0.0327682183415641,0.119237113604212,0.2396804260985352,1.318242343541944,0.0274045170439414,0.8388814913448734,2.396804260985353,3.595206391478029,0.1897421260985352,19.65379494007989,RB/RCB,86,81,81,88,86,79,83,55,48,57,19,83,71,74,86,40,86,74,48,60,98,62,40,95,52,52,57,67,95,100,83,90,83,90,52,86,60,67,57,71,67,71,81,90,90,62,43,71,81,52,71,38,38,43,19,52,52,24,62,40,81,57,29,24,76,24,40,95,52,52,57,67,95,100,83,90,83,90,33,71,57,38,33,57,33,43,62,86,Swiss Super League
Vaduz,9kxht4usspzkeyosl567vjrs2,2pn8sdsirddumo2usvzf9kglw,L. Dalipi,Lutfi Dalipi,20,Midfielder,Switzerland,Midfielder,70.0,6.0,184.0,11.0,248.0,0.0,27.0,16.0,7.0,9.0,2.0,51.0,54.0,57.0,4.0,3.0,5.0,804.0,8.0,32.0,26.0,20.0,7.0,0.0,8.0,0.0,0.0,82.12,68.75,37.5,39.22,50.0,45.6,0.0,63.64,1.200236238841109,2.86936747810208,7.0,34.0,1.1429063,15.0,22.0,23.0,2.8190459899999984,135.0,7.835820895522388,0.6716417910447761,20.59701492537313,1.2313432835820894,27.761194029850746,0.0,3.0223880597014925,1.791044776119403,0.7835820895522387,1.007462686567164,0.2238805970149253,5.708955223880597,6.044776119402985,6.380597014925373,0.4477611940298507,0.335820895522388,0.5597014925373134,0.8955223880597015,3.582089552238806,2.9104477611940296,2.238805970149253,0.7835820895522387,0.0,0.8955223880597015,0.0,0.0,82.12,68.75,37.5,39.22,50.0,45.6,0.0,63.64,0.134354802855348,0.3211978520263522,0.7835820895522387,3.805970149253731,0.1279372723880597,1.67910447761194,2.462686567164179,2.574626865671642,0.3155648496268655,15.111940298507465,CM/AM,71,56,92,62,88,6,96,75,65,94,35,100,100,100,46,92,69,90,85,100,100,73,50,100,52,52,58,79,85,38,85,33,6,52,67,96,88,100,100,100,69,50,100,88,33,46,67,38,54,6,92,50,38,75,17,100,100,92,29,75,58,67,67,100,96,42,50,100,52,52,58,79,85,38,85,33,6,52,50,88,67,100,100,96,42,17,96,54,Swiss Super League
Vaduz,9kxht4usspzkeyosl567vjrs2,30k2c1p6o00dtdqsw9ahv7giy,L. Berisha,Liridon Berisha,29,Defender,Switzerland,Defender,312.0,0.0,133.0,30.0,445.0,21.0,1.0,1.0,1.0,0.0,0.0,2.0,2.0,50.0,58.0,0.0,15.0,720.0,0.0,3.0,15.0,1.0,7.0,0.0,0.0,0.0,0.0,83.02,40.54,0.0,50.0,0.0,60.24,51.22,46.67,0.1091600816438233,0.0670619839021161,0.0,2.0,0.04347372,1.0,28.0,34.0,0.8186871200000005,263.0,39.0,0.0,16.625,3.75,55.625,2.625,0.125,0.125,0.125,0.0,0.0,0.25,0.25,6.25,7.25,0.0,1.875,0.0,0.375,1.875,0.125,0.875,0.0,0.0,0.0,0.0,83.02,40.54,0.0,50.0,0.0,60.24,51.22,46.67,0.0136450102054779,0.0083827479877645,0.0,0.25,0.005434215,0.125,3.5,4.25,0.10233589,32.875,CB,87,43,78,83,87,67,56,15,17,37,30,63,63,70,78,31,85,20,30,96,54,56,37,44,52,50,33,19,43,50,20,48,26,33,11,59,41,35,37,52,67,83,85,81,93,43,74,74,85,59,50,11,11,37,30,52,52,74,57,31,74,20,22,96,41,30,37,44,52,50,33,19,43,50,20,48,26,33,11,59,41,30,30,52,67,74,85,85,Swiss Super League
Vaduz,9kxht4usspzkeyosl567vjrs2,9k3ri0ce8kyx875dygt8h5je2,D. Schwizer,Dominik Schwizer,30,Midfielder,Switzerland,Midfielder,96.0,9.0,110.0,12.0,197.0,2.0,7.0,6.0,4.0,2.0,2.0,10.0,11.0,24.0,10.0,2.0,1.0,451.0,4.0,7.0,5.0,5.0,7.0,0.0,0.0,0.0,0.0,78.8,32.43,18.37,50.0,66.67,51.06,0.0,58.33,0.3254242805905251,0.8885325002198133,0.0,11.0,0.3151163999999999,8.0,11.0,17.0,0.93424579,83.0,19.15742793791574,1.796008869179601,21.951219512195124,2.394678492239468,39.312638580931264,0.3991130820399113,1.3968957871396896,1.197339246119734,0.7982261640798226,0.3991130820399113,0.3991130820399113,1.9955654101995568,2.1951219512195124,4.789356984478935,1.9955654101995568,0.3991130820399113,0.1995565410199556,0.7982261640798226,1.3968957871396896,0.9977827050997784,0.9977827050997784,1.3968957871396896,0.0,0.0,0.0,0.0,78.8,32.43,18.37,50.0,66.67,51.06,0.0,58.33,0.0649405437985526,0.1773124723276789,0.0,2.1951219512195124,0.0628835388026607,1.5964523281596452,2.1951219512195124,3.3924611973392462,0.1864348583148558,16.56319290465632,LM/LCM,89,67,44,72,56,33,39,39,39,28,44,22,22,44,72,56,22,50,33,56,44,61,50,39,56,56,67,22,11,78,94,89,17,39,33,44,22,44,44,44,56,56,56,56,100,89,89,89,100,44,44,33,33,33,44,33,33,78,78,89,22,67,22,56,44,67,50,39,56,56,67,22,11,78,94,89,17,39,33,67,22,67,67,100,67,78,67,89,Swiss Super League
Vaduz,9kxht4usspzkeyosl567vjrs2,ahz5nhls0d0jo21muuvnbkmj8,M. Cocic,Milos Cocic,23,Midfielder,Germany,Midfielder,64.0,0.0,57.0,8.0,121.0,1.0,3.0,11.0,7.0,4.0,3.0,7.0,7.0,17.0,8.0,3.0,4.0,521.0,4.0,15.0,3.0,0.0,4.0,0.0,0.0,0.0,0.0,81.76,72.73,0.0,0.0,36.36,50.0,20.0,30.77,1.0943513310567197,0.1272150973777097,4.0,7.0,0.1874992,2.0,11.0,14.0,0.4973145899999999,53.0,11.055662188099808,0.0,9.846449136276393,1.381957773512476,20.9021113243762,0.1727447216890595,0.5182341650671786,1.9001919385796544,1.2092130518234163,0.690978886756238,0.5182341650671786,1.2092130518234163,1.2092130518234163,2.936660268714012,1.381957773512476,0.5182341650671786,0.690978886756238,0.690978886756238,2.5911708253358925,0.5182341650671786,0.0,0.690978886756238,0.0,0.0,0.0,0.0,81.76,72.73,0.0,0.0,36.36,50.0,20.0,30.77,0.1890434161134448,0.021975736591159,0.690978886756238,1.2092130518234163,0.0323894971209213,0.345489443378119,1.9001919385796544,2.418426103646833,0.0859084704414587,9.155470249520151,CM/AM,58,10,12,44,29,21,17,54,65,46,54,27,25,15,77,92,60,56,52,19,6,35,50,23,52,52,54,92,10,6,56,60,12,8,62,4,56,27,21,12,29,25,21,29,67,10,4,54,25,17,4,58,67,46,54,29,29,8,75,96,67,62,54,17,6,33,50,23,52,52,54,92,10,6,56,60,12,8,58,4,58,25,21,17,21,12,17,12,Swiss Super League
Vaduz,9kxht4usspzkeyosl567vjrs2,bo5dasbo9bz4xnziogez5mnoq,J. Stark,Julian Stark,25,Midfielder,Germany,Midfielder,168.0,4.0,135.0,25.0,299.0,14.0,6.0,10.0,6.0,4.0,4.0,3.0,4.0,37.0,22.0,2.0,4.0,722.0,4.0,12.0,6.0,0.0,10.0,1.0,1.0,0.0,0.0,82.14,51.02,33.33,0.0,40.0,56.06,73.68,58.82,1.1996442923318893,0.5269506786522392,4.0,7.0,0.24392618,1.0,19.0,25.0,0.68923689,127.0,20.94182825484765,0.4986149584487535,16.82825484764543,3.1163434903047094,37.27146814404432,1.745152354570637,0.7479224376731302,1.2465373961218835,0.7479224376731302,0.4986149584487535,0.4986149584487535,0.3739612188365651,0.4986149584487535,4.61218836565097,2.742382271468144,0.2493074792243767,0.4986149584487535,0.4986149584487535,1.4958448753462603,0.7479224376731302,0.0,1.2465373961218835,0.1246537396121883,0.1246537396121883,0.0,0.0,82.14,51.02,33.33,0.0,40.0,56.06,73.68,58.82,0.1495401472435873,0.0656863726851821,0.4986149584487535,0.8725761772853186,0.0304063105263157,0.1246537396121883,2.3684210526315788,3.1163434903047094,0.0859159558171745,15.831024930747922,DM/CM,80,96,60,76,68,90,66,82,88,72,84,34,42,68,92,98,28,96,86,42,10,76,100,68,52,50,40,48,78,10,80,80,96,24,92,72,82,36,64,18,32,44,56,52,72,96,36,64,48,76,48,68,76,64,76,28,36,48,68,88,12,92,76,36,10,48,100,56,52,50,40,48,78,10,80,80,96,24,88,48,72,20,52,16,16,24,36,24,Swiss Super League
Vaduz,9kxht4usspzkeyosl567vjrs2,ceeraj4iucjg6wavseu9i06i,D. Djokic,Dejan Djokic,25,Attacker,Switzerland,Striker,8.0,0.0,15.0,2.0,23.0,4.0,1.0,5.0,4.0,1.0,1.0,6.0,6.0,12.0,2.0,0.0,0.0,201.0,1.0,16.0,2.0,3.0,2.0,0.0,0.0,0.0,0.0,63.89,50.0,0.0,50.0,20.0,37.5,36.36,66.67,0.5456448316144393,0.1173767755895809,3.0,1.0,0.10805102,2.0,0.0,1.0,0.00689428,7.0,3.582089552238806,0.0,6.716417910447761,0.8955223880597015,10.298507462686567,1.791044776119403,0.4477611940298507,2.238805970149253,1.791044776119403,0.4477611940298507,0.4477611940298507,2.686567164179104,2.686567164179104,5.3731343283582085,0.8955223880597015,0.0,0.0,0.4477611940298507,7.164179104477612,0.8955223880597015,1.343283582089552,0.8955223880597015,0.0,0.0,0.0,0.0,63.89,50.0,0.0,50.0,20.0,37.5,36.36,66.67,0.2443185813198982,0.0525567651893645,1.343283582089552,0.4477611940298507,0.0483810537313432,0.8955223880597015,0.0,0.4477611940298507,0.0030869910447761,3.134328358208955,ST,20,31,7,43,7,9,9,9,7,30,13,31,26,4,37,4,17,4,7,13,41,59,52,22,48,48,22,35,31,72,11,30,30,67,7,15,48,6,48,52,6,7,4,6,48,31,26,67,33,33,15,19,11,48,22,59,59,33,67,4,17,7,48,26,67,89,52,22,48,48,22,35,31,72,11,30,30,67,15,22,89,13,78,85,6,11,4,19,Swiss Super League
Vaduz,9kxht4usspzkeyosl567vjrs2,cilk4jdge6x8rz043g84wistm,M. Monsberger,Marcel Monsberger,25,Attacker,Austria,Striker,42.0,0.0,35.0,3.0,77.0,15.0,7.0,31.0,30.0,1.0,5.0,8.0,10.0,38.0,4.0,4.0,2.0,749.0,9.0,56.0,18.0,2.0,1.0,0.0,1.0,0.0,0.0,64.17,42.86,0.0,25.0,29.03,35.19,31.25,33.33,3.985047969386829,0.3002560614280936,4.0,5.0,0.11562654,4.0,1.0,5.0,0.08082692,15.0,5.046728971962616,0.0,4.205607476635514,0.3604806408544726,9.25233644859813,1.802403204272363,0.8411214953271028,3.724966622162884,3.604806408544726,0.1201602136181575,0.6008010680907877,0.9612817089452604,1.2016021361815754,4.566088117489986,0.4806408544726301,0.4806408544726301,0.240320427236315,1.0814419225634178,6.728971962616822,2.1628838451268355,0.240320427236315,0.1201602136181575,0.0,0.1201602136181575,0.0,0.0,64.17,42.86,0.0,25.0,29.03,35.19,31.25,33.33,0.4788442152801263,0.0360788324813463,0.4806408544726301,0.6008010680907877,0.0138937097463284,0.4806408544726301,0.1201602136181575,0.6008010680907877,0.0097121799732977,1.802403204272363,ST,96,31,43,63,72,74,52,93,96,30,78,43,50,74,63,87,74,81,93,93,24,33,52,59,48,48,26,22,31,11,37,19,17,22,93,30,69,63,59,85,20,37,11,33,74,31,7,41,19,37,30,67,70,19,33,19,22,22,37,52,56,37,44,70,7,22,52,48,48,48,26,22,31,11,37,19,17,22,70,15,37,30,15,63,11,26,11,4,Swiss Super League
Vaduz,9kxht4usspzkeyosl567vjrs2,dgw6b4ta9iv9t3sjmxclwtxw5,D. Simani,Denis Simani,34,Defender,Switzerland,Defender,312.0,0.0,129.0,12.0,441.0,35.0,1.0,5.0,5.0,0.0,0.0,2.0,2.0,70.0,66.0,0.0,13.0,703.0,0.0,8.0,4.0,1.0,19.0,0.0,0.0,0.0,0.0,89.09,44.44,0.0,50.0,0.0,65.42,63.64,63.33,0.7770646497689967,0.0539081526149188,0.0,4.0,0.0716482599999999,1.0,29.0,26.0,0.6662903299999999,316.0,39.94310099573258,0.0,16.5149359886202,1.5362731152204836,56.45803698435277,4.4807965860597445,0.1280227596017069,0.6401137980085349,0.6401137980085349,0.0,0.0,0.2560455192034139,0.2560455192034139,8.961593172119489,8.44950213371266,0.0,1.6642958748221908,0.0,1.0241820768136558,0.5120910384068279,0.1280227596017069,2.4324324324324325,0.0,0.0,0.0,0.0,89.09,44.44,0.0,50.0,0.0,65.42,63.64,63.33,0.0994819608523608,0.0069014704627918,0.0,0.5120910384068279,0.0091726079658605,0.1280227596017069,3.7126600284495024,3.328591749644381,0.085300326742532,40.4551920341394,CB,87,43,74,20,81,98,56,69,76,37,30,63,63,100,85,31,76,20,70,46,54,100,37,44,52,50,78,39,43,50,20,74,63,74,74,52,41,61,59,52,74,54,67,93,100,43,67,7,89,100,56,59,63,37,30,56,56,96,93,31,59,20,63,22,44,96,37,44,52,50,78,39,43,50,20,74,63,74,78,56,41,48,44,56,74,48,70,93,Swiss Super League
Vaduz,9kxht4usspzkeyosl567vjrs2,dw90qk4bc9j0xya290pv42go9,L. Mack,Luca Mack,26,Midfielder,Germany,Midfielder,292.0,2.0,243.0,20.0,533.0,6.0,8.0,1.0,0.0,1.0,1.0,3.0,3.0,41.0,18.0,0.0,11.0,756.0,0.0,1.0,7.0,2.0,21.0,0.0,0.0,0.0,0.0,86.53,43.48,50.0,66.67,0.0,52.56,54.55,80.77,0.0944380342923775,0.564481504442608,0.0,7.0,0.15212576,5.0,38.0,34.0,1.2626047800000004,285.0,34.76190476190476,0.238095238095238,28.928571428571427,2.380952380952381,63.45238095238095,0.7142857142857143,0.9523809523809524,0.119047619047619,0.0,0.119047619047619,0.119047619047619,0.3571428571428571,0.3571428571428571,4.8809523809523805,2.142857142857143,0.0,1.3095238095238095,0.0,0.119047619047619,0.8333333333333333,0.238095238095238,2.5,0.0,0.0,0.0,0.0,86.53,43.48,50.0,66.67,0.0,52.56,54.55,80.77,0.0112426231300449,0.0672001791003104,0.0,0.8333333333333333,0.0181102095238095,0.5952380952380952,4.523809523809524,4.047619047619048,0.1503100928571429,33.92857142857143,DM/CM,100,86,88,60,92,48,80,10,16,22,44,34,32,82,80,36,80,16,10,62,44,100,50,26,52,50,68,8,94,70,16,56,60,88,16,76,18,36,32,70,68,64,84,92,100,76,84,44,88,32,60,8,16,16,32,24,24,56,60,36,68,16,8,40,32,100,50,26,52,50,68,8,94,70,16,56,60,88,12,56,18,16,16,60,56,48,76,88,Swiss Super League
Vaduz,9kxht4usspzkeyosl567vjrs2,eqhi765dtajivacuf134i1rai,J. Cabrera,Juan Cabrera,23,Midfielder,Uruguay,Midfielder,66.0,2.0,142.0,8.0,206.0,5.0,12.0,19.0,13.0,6.0,2.0,21.0,24.0,36.0,16.0,4.0,2.0,694.0,9.0,25.0,8.0,10.0,12.0,0.0,0.0,0.0,0.0,78.33,34.78,33.33,47.62,47.37,42.86,29.41,92.31,1.653478045998303,0.998409777441948,6.0,16.0,0.42547683,12.0,17.0,32.0,1.1963575599999994,103.0,8.559077809798271,0.2593659942363112,18.41498559077809,1.037463976945245,26.714697406340058,0.648414985590778,1.5561959654178674,2.4639769452449567,1.685878962536023,0.7780979827089337,0.2593659942363112,2.723342939481268,3.112391930835735,4.6685878962536025,2.07492795389049,0.5187319884726225,0.2593659942363112,1.1671469740634006,3.2420749279538903,1.037463976945245,1.296829971181556,1.5561959654178674,0.0,0.0,0.0,0.0,78.33,34.78,33.33,47.62,47.37,42.86,29.41,92.31,0.2144279886741315,0.1294767722907425,0.7780979827089337,2.07492795389049,0.0551771105187319,1.5561959654178674,2.2046109510086453,4.14985590778098,0.1551472340057636,13.357348703170029,LM/LCM,67,28,72,44,78,83,67,78,78,67,44,78,78,78,89,100,50,83,78,78,78,94,50,39,56,56,56,33,78,67,78,44,33,89,78,56,67,67,67,94,67,89,67,78,67,11,56,44,67,56,56,78,78,56,33,67,67,67,89,100,44,89,67,78,56,78,50,39,56,56,56,33,78,67,78,44,33,89,78,44,67,56,44,89,78,89,44,78,Swiss Super League
Vaduz,9kxht4usspzkeyosl567vjrs2,tyo5qfihcy6mg74tak3h7llg,M. Sawadogo,Malik Sawadogo,23,Defender,Switzerland,Defender,80.0,13.0,78.0,14.0,145.0,5.0,13.0,4.0,2.0,2.0,1.0,8.0,9.0,17.0,21.0,0.0,1.0,360.0,2.0,5.0,3.0,4.0,3.0,0.0,0.0,1.0,1.0,71.43,45.16,38.24,50.0,50.0,53.12,55.56,60.0,0.243171157271986,1.4975503739513538,3.0,7.0,0.14485745,6.0,13.0,23.0,0.91010794,76.0,20.0,3.25,19.5,3.5,36.25,1.25,3.25,1.0,0.5,0.5,0.25,2.0,2.25,4.25,5.25,0.0,0.25,0.5,1.25,0.75,1.0,0.75,0.0,0.0,0.25,0.25,71.43,45.16,38.24,50.0,50.0,53.12,55.56,60.0,0.0607927893179965,0.3743875934878384,0.75,1.75,0.0362143625,1.5,3.25,5.75,0.227526985,19.0,LB/LCB,50,97,44,67,33,47,89,78,69,75,67,89,89,44,75,47,17,86,56,36,89,22,53,33,100,100,17,72,78,64,86,44,61,50,72,89,92,81,67,83,31,47,56,33,67,100,72,89,67,56,100,89,78,83,72,89,89,39,89,47,17,94,61,50,94,22,53,33,100,100,17,72,78,64,86,44,61,50,78,100,100,83,67,94,44,89,72,67,Swiss Super League
Zürich,3sb3j9l7dbjcalwpirp3u2f9g,21xakv6n0d68a93d0v7nd3h4a,I. Sauter,Ilan Sauter,25,Defender,Switzerland,Defender,78.0,0.0,34.0,7.0,112.0,7.0,0.0,1.0,1.0,0.0,0.0,1.0,1.0,16.0,14.0,0.0,5.0,284.0,0.0,1.0,2.0,1.0,3.0,0.0,0.0,0.0,0.0,86.15,58.33,0.0,100.0,0.0,61.54,50.0,50.0,0.1575920115122376,0.0,0.0,2.0,0.04790334,0.0,4.0,6.0,0.1533932099999999,66.0,24.71830985915493,0.0,10.774647887323944,2.218309859154929,35.49295774647887,2.218309859154929,0.0,0.3169014084507042,0.3169014084507042,0.0,0.0,0.3169014084507042,0.3169014084507042,5.070422535211268,4.436619718309859,0.0,1.5845070422535212,0.0,0.3169014084507042,0.6338028169014085,0.3169014084507042,0.9507042253521129,0.0,0.0,0.0,0.0,86.15,58.33,0.0,100.0,0.0,61.54,50.0,50.0,0.0499411304088076,0.0,0.0,0.6338028169014085,0.0151806359154929,0.0,1.267605633802817,1.9014084507042253,0.0486105242957746,20.91549295774648,CB,19,43,7,9,19,7,24,15,17,37,30,46,44,17,7,31,24,20,9,15,54,17,37,44,52,50,63,100,43,83,20,59,19,39,22,24,41,35,41,20,15,11,11,13,41,43,22,15,30,37,24,22,30,37,30,59,59,48,15,31,56,20,7,33,70,37,37,44,52,50,63,100,43,83,20,59,19,39,37,24,41,59,74,20,15,15,22,30,Swiss Super League
Zürich,3sb3j9l7dbjcalwpirp3u2f9g,3lqoaglx4rgtgaxt5316g73mc,U. Emmanuel,Umeh Emmanuel,22,Attacker,Nigeria,Striker,25.0,11.0,99.0,6.0,113.0,6.0,10.0,16.0,11.0,5.0,5.0,40.0,45.0,47.0,7.0,4.0,4.0,740.0,5.0,38.0,8.0,22.0,8.0,0.0,2.0,0.0,0.0,71.07,46.15,40.74,55.0,31.25,45.63,31.58,72.73,1.8780816046635835,1.0739267656880789,9.0,21.0,0.72891868,4.0,9.0,14.0,1.3278346400000007,46.0,3.040540540540541,1.337837837837838,12.040540540540542,0.7297297297297298,13.743243243243244,0.7297297297297298,1.2162162162162162,1.945945945945946,1.337837837837838,0.6081081081081081,0.6081081081081081,4.864864864864865,5.472972972972974,5.716216216216217,0.8513513513513514,0.4864864864864865,0.4864864864864865,0.6081081081081081,4.621621621621622,0.972972972972973,2.675675675675676,0.972972972972973,0.0,0.2432432432432432,0.0,0.0,71.07,46.15,40.74,55.0,31.25,45.63,31.58,72.73,0.2284153302969223,0.1306127147458474,1.0945945945945947,2.5540540540540544,0.0886522718918919,0.4864864864864865,1.0945945945945947,1.7027027027027029,0.1614934021621622,5.594594594594595,LW,71,100,86,86,86,86,86,86,93,79,64,100,100,100,100,100,93,86,100,71,100,100,57,79,57,57,29,43,100,71,57,71,57,71,86,100,93,86,86,50,86,71,100,86,14,100,29,86,14,71,43,29,29,43,29,71,86,71,100,57,64,43,29,43,86,71,57,71,57,57,29,43,100,71,57,71,57,71,43,71,57,29,43,29,43,71,86,43,Swiss Super League
Zürich,3sb3j9l7dbjcalwpirp3u2f9g,3mw97uhlizy4327fxiui1wn4k,S. Walker,Sebastian Walker,20,Defender,Switzerland,Defender,40.0,0.0,40.0,5.0,80.0,6.0,1.0,3.0,2.0,1.0,0.0,5.0,5.0,17.0,14.0,0.0,7.0,365.0,0.0,6.0,1.0,2.0,5.0,0.0,0.0,0.0,0.0,68.97,23.81,0.0,40.0,0.0,43.59,75.0,62.5,0.1547772702208994,0.0812013429199318,0.0,1.0,0.0174506,0.0,14.0,10.0,0.21396176,42.0,9.863013698630136,0.0,9.863013698630136,1.2328767123287672,19.726027397260275,1.479452054794521,0.2465753424657534,0.7397260273972603,0.4931506849315069,0.2465753424657534,0.0,1.2328767123287672,1.2328767123287672,4.191780821917808,3.452054794520548,0.0,1.726027397260274,0.0,1.479452054794521,0.2465753424657534,0.4931506849315069,1.2328767123287672,0.0,0.0,0.0,0.0,68.97,23.81,0.0,40.0,0.0,43.59,75.0,62.5,0.0381642584106327,0.0200222489391612,0.0,0.2465753424657534,0.0043028876712328,0.0,3.452054794520548,2.4657534246575343,0.0527576942465753,10.356164383561644,LB/LCB,8,14,11,19,8,56,19,64,69,47,25,53,50,44,47,47,67,28,69,14,56,47,53,33,50,50,6,11,14,50,28,22,94,58,44,17,22,11,11,11,42,8,6,17,11,14,6,22,6,72,17,72,72,56,25,78,78,33,56,47,94,28,78,17,72,72,53,33,50,50,6,11,14,50,28,22,94,58,50,17,22,11,11,11,56,11,6,6,Swiss Super League
Zürich,3sb3j9l7dbjcalwpirp3u2f9g,3nqhtkzcrkrta24iyceqk6jv8,N. Volken,Neil Volken,19,Defender,Switzerland,Defender,81.0,7.0,75.0,7.0,149.0,2.0,6.0,2.0,0.0,2.0,1.0,10.0,11.0,17.0,9.0,0.0,6.0,422.0,0.0,3.0,3.0,6.0,5.0,0.0,0.0,0.0,0.0,82.32,33.33,31.82,60.0,0.0,48.57,33.33,83.33,0.1113383211339038,0.6814758487509803,2.0,3.0,0.09334434,4.0,19.0,24.0,1.1489060299999998,106.0,17.274881516587676,1.4928909952606635,15.995260663507109,1.4928909952606635,31.77725118483412,0.4265402843601895,1.2796208530805686,0.4265402843601895,0.0,0.4265402843601895,0.2132701421800947,2.132701421800948,2.3459715639810423,3.625592417061611,1.919431279620853,0.0,1.2796208530805686,0.0,0.6398104265402843,0.6398104265402843,1.2796208530805686,1.066350710900474,0.0,0.0,0.0,0.0,82.32,33.33,31.82,60.0,0.0,48.57,33.33,83.33,0.0237451395783207,0.1453384511554223,0.4265402843601895,0.6398104265402843,0.0199075606635071,0.8530805687203791,4.052132701421801,5.118483412322274,0.2450273523696682,22.606635071090047,LB/LCB,56,72,39,39,39,22,56,42,14,75,67,94,94,44,28,47,47,28,31,36,100,47,53,33,50,50,61,33,67,78,28,33,22,94,28,67,75,31,39,64,61,56,78,67,56,83,33,33,44,17,61,39,14,78,67,94,94,22,28,47,67,28,28,33,100,44,53,33,50,50,61,33,67,78,28,33,22,94,28,67,89,33,56,72,78,72,83,83,Swiss Super League
Zürich,3sb3j9l7dbjcalwpirp3u2f9g,4100i45cuhh12fmb7dh50eajt,L. Kamberi,Lindrit Kamberi,26,Defender,Switzerland,Defender,219.0,0.0,105.0,32.0,324.0,31.0,2.0,11.0,10.0,1.0,1.0,0.0,0.0,54.0,86.0,2.0,21.0,810.0,6.0,12.0,6.0,0.0,10.0,0.0,0.0,0.0,1.0,85.94,49.23,0.0,0.0,54.55,71.05,68.89,55.56,1.2912247297783537,0.0424006351782707,0.0,1.0,0.0241224,2.0,20.0,25.0,0.5368883000000001,220.0,24.33333333333333,0.0,11.666666666666666,3.555555555555556,36.0,3.4444444444444446,0.2222222222222222,1.2222222222222223,1.1111111111111112,0.1111111111111111,0.1111111111111111,0.0,0.0,6.0,9.555555555555555,0.2222222222222222,2.333333333333333,0.6666666666666666,1.3333333333333333,0.6666666666666666,0.0,1.1111111111111112,0.0,0.0,0.0,0.1111111111111111,85.94,49.23,0.0,0.0,54.55,71.05,68.89,55.56,0.1434694144198171,0.0047111816864745,0.0,0.1111111111111111,0.0026802666666666,0.2222222222222222,2.2222222222222223,2.7777777777777777,0.0596542555555555,24.444444444444443,CB,59,43,56,96,56,89,74,100,100,78,72,19,17,80,100,98,96,100,93,70,20,89,37,44,52,100,56,59,43,20,89,96,81,59,100,48,41,20,26,72,50,48,52,59,37,43,26,67,33,78,69,100,96,76,61,19,17,61,100,89,89,96,81,39,20,56,37,44,52,100,56,59,43,20,89,96,81,59,96,48,41,15,15,65,31,37,37,48,Swiss Super League
Zürich,3sb3j9l7dbjcalwpirp3u2f9g,446scvw0ckoxnvnsqcqocve1h,V. Berisha,Valon Berisha,33,Midfielder,Kosovo,Midfielder,68.0,1.0,88.0,23.0,155.0,2.0,4.0,5.0,0.0,5.0,0.0,4.0,5.0,13.0,6.0,1.0,2.0,344.0,1.0,0.0,6.0,3.0,2.0,0.0,1.0,0.0,1.0,84.7,65.71,25.0,75.0,20.0,39.39,33.33,100.0,0.213059315619291,0.4516362368546838,4.0,4.0,0.0843336299999999,1.0,13.0,13.0,0.3254641,72.0,17.790697674418603,0.2616279069767441,23.023255813953487,6.017441860465116,40.552325581395344,0.5232558139534883,1.0465116279069766,1.3081395348837208,0.0,1.3081395348837208,0.0,1.0465116279069766,1.3081395348837208,3.4011627906976742,1.569767441860465,0.2616279069767441,0.5232558139534883,0.2616279069767441,0.0,1.569767441860465,0.7848837209302325,0.5232558139534883,0.0,0.2616279069767441,0.0,0.2616279069767441,84.7,65.71,25.0,75.0,20.0,39.39,33.33,100.0,0.0557422628073726,0.118160643363144,1.0465116279069766,1.0465116279069766,0.0220640311046511,0.2616279069767441,3.4011627906976742,3.4011627906976742,0.0851504912790697,18.83720930232558,DM/CM,32,68,32,70,30,10,38,48,16,80,16,48,52,8,16,82,12,48,4,42,64,12,50,68,52,100,52,80,72,82,58,8,12,100,28,60,82,20,20,18,20,16,20,22,52,80,68,100,64,16,68,72,16,100,16,68,80,28,28,92,20,68,4,72,80,12,50,84,52,100,52,80,72,82,58,8,12,100,44,88,100,40,20,20,36,36,32,52,Swiss Super League
Zürich,3sb3j9l7dbjcalwpirp3u2f9g,997f7zp6733mvgshg53bas3dg,D. Lichtenstein,Doron Lichtenstein,20,Defender,Switzerland,Defender,32.0,4.0,57.0,7.0,85.0,0.0,4.0,5.0,1.0,4.0,4.0,10.0,11.0,20.0,2.0,0.0,5.0,331.0,0.0,4.0,5.0,6.0,6.0,0.0,0.0,0.0,0.0,72.03,36.84,33.33,60.0,0.0,57.14,0.0,66.67,0.2699064739765358,0.4361841876521863,3.0,6.0,0.14661636,1.0,11.0,16.0,0.6806884,53.0,8.700906344410877,1.0876132930513596,15.498489425981871,1.9033232628398795,23.11178247734139,0.0,1.0876132930513596,1.3595166163141994,0.2719033232628399,1.0876132930513596,1.0876132930513596,2.719033232628399,2.990936555891239,5.438066465256798,0.5438066465256798,0.0,1.3595166163141994,0.0,1.0876132930513596,1.3595166163141994,1.6314199395770397,1.6314199395770397,0.0,0.0,0.0,0.0,72.03,36.84,33.33,60.0,0.0,57.14,0.0,66.67,0.0733884672443753,0.1185999301773316,0.8157099697885197,1.6314199395770397,0.0398654755287009,0.2719033232628399,2.990936555891239,4.350453172205438,0.1850814380664652,14.410876132930516,RB/RCB,5,60,31,19,5,7,36,62,33,79,95,69,71,24,5,40,38,17,26,43,81,17,40,26,52,52,19,33,83,67,17,62,7,40,48,38,81,31,33,14,36,38,33,24,19,81,38,43,14,7,76,71,43,90,95,100,100,67,5,40,71,17,38,76,100,52,40,26,52,52,19,33,83,67,17,62,7,40,57,67,95,57,52,19,57,71,57,52,Swiss Super League
Zürich,3sb3j9l7dbjcalwpirp3u2f9g,a09c6fnqhxczvv5dle6h4twmi,P. Kény,Philippe Kény,27,Attacker,Senegal,Striker,30.0,1.0,56.0,5.0,85.0,29.0,6.0,22.0,15.0,7.0,4.0,16.0,16.0,47.0,5.0,3.0,1.0,714.0,10.0,41.0,12.0,5.0,1.0,0.0,1.0,0.0,0.0,60.28,55.56,25.0,31.25,45.45,36.43,43.28,50.0,2.081747851388444,0.6369812542154782,4.0,4.0,0.13159764,2.0,4.0,6.0,0.6889537199999998,25.0,3.7815126050420167,0.1260504201680672,7.0588235294117645,0.6302521008403361,10.714285714285714,3.6554621848739495,0.7563025210084033,2.773109243697479,1.8907563025210083,0.8823529411764706,0.5042016806722689,2.016806722689076,2.016806722689076,5.924369747899159,0.6302521008403361,0.3781512605042016,0.1260504201680672,1.2605042016806722,5.168067226890756,1.512605042016807,0.6302521008403361,0.1260504201680672,0.0,0.1260504201680672,0.0,0.0,60.28,55.56,25.0,31.25,45.45,36.43,43.28,50.0,0.2624051913514845,0.0802917547330434,0.5042016806722689,0.5042016806722689,0.016587937815126,0.2521008403361344,0.5042016806722689,0.7563025210084033,0.0868429058823529,3.1512605042016806,ST,89,69,81,80,93,91,43,85,76,93,54,72,67,83,74,72,48,89,78,80,67,33,52,59,48,48,11,52,76,26,78,26,56,39,70,63,69,54,63,52,56,54,89,70,52,63,30,59,41,74,22,30,19,81,30,52,48,44,44,30,33,67,19,48,44,26,52,52,48,48,11,52,76,26,78,26,56,39,19,41,41,19,19,30,37,33,67,22,Swiss Super League
Zürich,3sb3j9l7dbjcalwpirp3u2f9g,bi49lcldxz8jubp72kgeke2y2,K. Spadanuda,Kevin Spadanuda,29,Midfielder,Switzerland,Midfielder,40.0,6.0,89.0,2.0,123.0,4.0,11.0,6.0,4.0,2.0,2.0,13.0,15.0,18.0,7.0,1.0,1.0,440.0,2.0,23.0,5.0,3.0,5.0,0.0,0.0,0.0,0.0,89.13,50.0,31.58,23.08,33.33,32.73,57.14,83.33,0.5463669327793973,1.029082597798385,0.0,10.0,0.29863705,2.0,9.0,14.0,0.5584082699999998,41.0,8.181818181818182,1.227272727272727,18.204545454545453,0.409090909090909,25.159090909090907,0.8181818181818181,2.25,1.227272727272727,0.8181818181818181,0.409090909090909,0.409090909090909,2.6590909090909087,3.068181818181818,3.6818181818181817,1.4318181818181817,0.2045454545454545,0.2045454545454545,0.409090909090909,4.704545454545454,1.0227272727272727,0.6136363636363635,1.0227272727272727,0.0,0.0,0.0,0.0,89.13,50.0,31.58,23.08,33.33,32.73,57.14,83.33,0.1117568726139676,0.2104941677314878,0.0,2.0454545454545454,0.0610848511363636,0.409090909090909,1.8409090909090908,2.863636363636364,0.1142198734090908,8.386363636363635,LM/LCM,44,50,33,22,33,67,56,39,39,28,44,33,44,22,56,33,22,28,67,56,33,44,50,39,56,56,100,67,44,33,33,33,89,78,44,67,22,33,33,28,44,44,33,33,56,44,44,22,56,89,78,44,44,44,56,56,56,44,67,33,33,22,78,67,33,44,50,39,56,56,100,67,44,33,33,33,89,78,44,78,22,44,56,22,44,44,22,33,Swiss Super League
Zürich,3sb3j9l7dbjcalwpirp3u2f9g,ceagb7xmn5ml1l0vvzufmvluy,B. Krasniqi,Bledian Krasniqi,25,Midfielder,Kosovo,Midfielder,101.0,6.0,116.0,10.0,211.0,3.0,12.0,5.0,5.0,0.0,1.0,23.0,24.0,32.0,10.0,1.0,3.0,672.0,3.0,12.0,11.0,11.0,4.0,0.0,1.0,0.0,0.0,89.03,71.43,37.5,47.83,60.0,47.76,75.0,57.14,0.5850267360274314,1.295157815656215,1.0,21.0,0.51086517,8.0,17.0,39.0,0.97164034,98.0,13.526785714285714,0.8035714285714286,15.535714285714285,1.3392857142857142,28.25892857142857,0.4017857142857143,1.6071428571428572,0.6696428571428571,0.6696428571428571,0.0,0.1339285714285714,3.080357142857143,3.2142857142857144,4.285714285714286,1.3392857142857142,0.1339285714285714,0.4017857142857143,0.4017857142857143,1.6071428571428572,1.4732142857142856,1.4732142857142856,0.5357142857142857,0.0,0.1339285714285714,0.0,0.0,89.03,71.43,37.5,47.83,60.0,47.76,75.0,57.14,0.0783517950036738,0.1734586360253859,0.1339285714285714,2.8125,0.0684194424107142,1.0714285714285714,2.2767857142857144,5.223214285714286,0.1301304026785714,13.125,CM/AM,92,56,50,54,79,50,56,21,50,4,17,88,88,67,83,40,52,38,38,69,88,35,50,67,52,52,88,83,85,46,94,46,94,42,29,62,15,92,88,79,50,83,54,62,79,54,29,46,58,40,35,12,29,4,8,79,75,46,71,29,44,33,25,54,79,21,50,50,52,52,88,83,85,46,94,46,94,42,21,50,12,88,71,62,38,83,33,42,Swiss Super League
Zürich,3sb3j9l7dbjcalwpirp3u2f9g,cpcsusb1mu0ex5sfqjimzqec4,S. Hodza,Selmin Hodza,23,Defender,Switzerland,Defender,83.0,3.0,53.0,12.0,133.0,4.0,4.0,1.0,0.0,1.0,0.0,8.0,10.0,35.0,18.0,0.0,6.0,435.0,0.0,2.0,4.0,5.0,15.0,0.0,1.0,0.0,0.0,75.14,40.0,15.0,62.5,0.0,53.85,36.36,68.18,0.055136572734949,0.5621735573439923,1.0,6.0,0.1702049199999999,2.0,13.0,17.0,0.8176411199999999,70.0,17.17241379310345,0.6206896551724138,10.965517241379311,2.4827586206896552,27.517241379310345,0.8275862068965518,0.8275862068965518,0.2068965517241379,0.0,0.2068965517241379,0.0,1.6551724137931036,2.0689655172413794,7.241379310344828,3.724137931034483,0.0,1.2413793103448276,0.0,0.4137931034482759,0.8275862068965518,1.0344827586206895,3.103448275862069,0.0,0.2068965517241379,0.0,0.0,75.14,40.0,15.0,62.5,0.0,53.85,36.36,68.18,0.011407566772748,0.1163117704849639,0.2068965517241379,1.2413793103448276,0.0352148110344827,0.4137931034482759,2.689655172413793,3.517241379310345,0.169167128275862,14.482758620689657,RB/RCB,67,50,19,55,40,43,36,10,14,29,19,52,55,74,64,40,45,17,10,29,69,90,40,69,52,52,38,55,29,81,17,31,33,52,14,52,40,31,43,29,48,43,43,48,81,52,10,67,48,48,43,10,14,33,19,67,71,95,76,40,48,17,10,38,71,100,40,71,52,52,38,55,29,81,17,31,33,52,10,62,43,33,38,29,43,38,52,62,Swiss Super League
Zürich,3sb3j9l7dbjcalwpirp3u2f9g,cpw4hqnhrqja3q3k85fq7bz84,L. Schödler,Leandro Schödler,20,Midfielder,Switzerland,Midfielder,136.0,0.0,143.0,14.0,279.0,13.0,5.0,3.0,3.0,0.0,1.0,5.0,5.0,40.0,23.0,0.0,16.0,748.0,0.0,10.0,13.0,1.0,9.0,0.0,1.0,0.0,0.0,86.38,51.85,0.0,20.0,0.0,44.44,50.0,69.23,0.3597134423885955,0.2498496383471155,0.0,9.0,0.19042023,1.0,25.0,17.0,0.4929188699999998,168.0,16.363636363636363,0.0,17.205882352941174,1.6844919786096255,33.56951871657754,1.5641711229946522,0.6016042780748663,0.3609625668449197,0.3609625668449197,0.0,0.1203208556149732,0.6016042780748663,0.6016042780748663,4.81283422459893,2.7673796791443848,0.0,1.925133689839572,0.0,1.2032085561497323,1.5641711229946522,0.1203208556149732,1.0828877005347592,0.0,0.1203208556149732,0.0,0.0,86.38,51.85,0.0,20.0,0.0,44.44,50.0,69.23,0.0432810291644032,0.0300621222610165,0.0,1.0828877005347592,0.022911525,0.1203208556149732,3.008021390374332,2.0454545454545454,0.0593084201871657,20.213903743315505,DM/CM,56,28,70,40,64,84,52,30,68,8,44,56,52,74,96,36,96,16,72,84,24,66,50,68,52,50,64,52,28,20,16,24,46,60,40,36,18,56,44,18,54,28,44,68,44,28,40,20,36,72,36,20,60,8,36,44,44,52,72,36,92,16,68,68,24,44,50,52,52,50,64,52,28,20,16,24,46,60,28,32,18,48,32,12,24,12,16,56,Swiss Super League
Zürich,3sb3j9l7dbjcalwpirp3u2f9g,d9ewnngnsfc0s4hcs282hayhg,L. Comenencia,Livano Comenencia,22,Midfielder,Curaçao,Midfielder,44.0,1.0,47.0,7.0,90.0,6.0,1.0,8.0,6.0,2.0,4.0,15.0,16.0,26.0,5.0,0.0,6.0,436.0,1.0,11.0,5.0,9.0,5.0,0.0,1.0,0.0,0.0,73.77,63.64,16.67,60.0,12.5,45.61,37.5,83.33,0.701212755697266,0.0538344677911612,1.0,5.0,0.1462531299999999,2.0,6.0,6.0,0.2285022799999999,36.0,9.08256880733945,0.2064220183486238,9.701834862385322,1.444954128440367,18.57798165137615,1.2385321100917432,0.2064220183486238,1.651376146788991,1.2385321100917432,0.4128440366972477,0.8256880733944955,3.096330275229358,3.302752293577982,5.366972477064221,1.0321100917431194,0.0,1.2385321100917432,0.2064220183486238,2.2706422018348627,1.0321100917431194,1.8577981651376148,1.0321100917431194,0.0,0.2064220183486238,0.0,0.0,73.77,63.64,16.67,60.0,12.5,45.61,37.5,83.33,0.1447457523228301,0.0111126194981754,0.2064220183486238,1.0321100917431194,0.0301898662844036,0.4128440366972477,1.2385321100917432,1.2385321100917432,0.0471679018348623,7.431192660550459,DM/CM,12,68,4,14,8,48,14,70,88,40,84,100,98,46,10,36,52,48,78,26,100,24,50,68,52,50,8,72,62,60,36,32,16,92,68,12,42,24,28,34,8,8,8,8,8,72,4,12,4,64,12,92,96,52,88,100,100,64,20,36,60,52,88,48,100,40,50,76,52,50,8,72,62,60,36,32,16,92,80,12,44,36,44,36,8,8,12,8,Swiss Super League
Zürich,3sb3j9l7dbjcalwpirp3u2f9g,ernbjicg113inzsubzrfm8fyt,A. Hack,Alexander Hack,33,Defender,Germany,Defender,94.0,0.0,71.0,17.0,165.0,13.0,0.0,2.0,2.0,0.0,0.0,0.0,0.0,37.0,21.0,0.0,7.0,311.0,0.0,2.0,5.0,0.0,12.0,0.0,0.0,0.0,0.0,76.74,37.78,0.0,0.0,0.0,69.81,61.9,63.16,0.2266396937307494,0.0,0.0,0.0,0.0,0.0,22.0,26.0,0.4003375799999999,112.0,27.20257234726688,0.0,20.546623794212216,4.919614147909968,47.749196141479096,3.762057877813505,0.0,0.5787781350482315,0.5787781350482315,0.0,0.0,0.0,0.0,10.707395498392282,6.077170418006431,0.0,2.02572347266881,0.0,0.5787781350482315,1.4469453376205788,0.0,3.472668810289389,0.0,0.0,0.0,0.0,76.74,37.78,0.0,0.0,0.0,69.81,61.9,63.16,0.0655870496326927,0.0,0.0,0.0,0.0,0.0,6.366559485530546,7.524115755627009,0.115853318971061,32.41157556270096,LB/LCB,61,14,33,81,53,86,8,42,69,19,25,6,6,78,75,47,67,28,19,67,11,89,53,33,50,50,39,44,14,11,28,94,67,67,67,8,22,6,6,11,69,67,22,72,89,14,78,100,94,100,8,61,89,19,25,6,6,100,94,47,100,28,22,83,11,100,53,33,50,50,39,44,14,11,28,94,67,67,83,8,22,6,6,11,89,94,28,94,Swiss Super League
Zürich,3sb3j9l7dbjcalwpirp3u2f9g,i20omscbdnvcerur8zx3fyay,M. Reichmuth,Miguel Reichmuth,22,Midfielder,Switzerland,Midfielder,38.0,5.0,97.0,15.0,130.0,5.0,12.0,11.0,5.0,6.0,2.0,13.0,13.0,39.0,2.0,1.0,4.0,563.0,4.0,16.0,14.0,9.0,9.0,0.0,1.0,0.0,0.0,77.84,51.72,29.41,69.23,36.36,61.9,55.56,81.82,0.7995188812511135,1.0392575763905323,6.0,12.0,0.26978238,5.0,21.0,28.0,1.3819110300000002,78.0,6.074600355239787,0.7992895204262878,15.506216696269982,2.397868561278864,20.78152753108348,0.7992895204262878,1.9182948490230909,1.758436944937833,0.7992895204262878,0.9591474245115452,0.3197158081705151,2.0781527531083483,2.0781527531083483,6.234458259325044,0.3197158081705151,0.1598579040852575,0.6394316163410302,0.6394316163410302,2.5577264653641207,2.238010657193606,1.438721136767318,1.438721136767318,0.0,0.1598579040852575,0.0,0.0,77.84,51.72,29.41,69.23,36.36,61.9,55.56,81.82,0.1278094126333929,0.1661335379665149,0.9591474245115452,1.9182948490230909,0.0431268458259325,0.7992895204262878,3.3570159857904085,4.476021314387212,0.2209094008880995,12.468916518650088,CM/AM,29,46,42,85,33,73,56,54,50,69,35,67,67,79,21,40,60,56,60,94,79,90,50,67,52,52,42,54,62,79,56,92,71,96,38,50,79,65,50,54,60,65,79,50,25,50,25,83,21,75,46,46,46,71,29,50,46,79,17,38,62,50,50,83,71,88,50,62,52,52,42,54,62,79,56,92,71,96,42,46,79,46,38,38,50,75,83,38,Swiss Super League
Grasshoppers,9dqlf92t42brv71kvaet67tm4,21kx918rf82xsvq8jf1ccn7my,B. Pllana,Bujar Pllana,24,Defender,Albania,Defender,67.0,1.0,35.0,12.0,101.0,15.0,0.0,6.0,4.0,2.0,1.0,1.0,1.0,29.0,46.0,1.0,12.0,533.0,2.0,5.0,4.0,1.0,7.0,0.0,0.0,0.0,0.0,77.69,44.44,100.0,100.0,33.33,53.7,60.0,77.78,0.656604179927021,0.0,2.0,1.0,0.01685596,0.0,3.0,9.0,0.18813153,69.0,11.313320825515946,0.1688555347091932,5.909943714821764,2.026266416510319,17.054409005628518,2.5328330206378986,0.0,1.0131332082551594,0.6754221388367729,0.3377110694183864,0.1688555347091932,0.1688555347091932,0.1688555347091932,4.896810506566604,7.767354596622889,0.1688555347091932,2.026266416510319,0.3377110694183864,0.8442776735459662,0.6754221388367729,0.1688555347091932,1.1819887429643527,0.0,0.0,0.0,0.0,77.69,44.44,100.0,100.0,33.33,53.7,60.0,77.78,0.1108712498938684,0.0,0.3377110694183864,0.1688555347091932,0.0028462221388367,0.0,0.5065666041275797,1.5196998123827392,0.0317670500938086,11.651031894934333,CB,11,91,13,20,7,52,24,74,65,93,72,46,44,43,56,78,67,80,50,46,54,56,37,44,52,50,11,39,100,83,65,19,56,89,70,24,93,20,15,20,11,15,19,19,4,96,4,11,4,56,24,89,72,100,74,41,41,41,81,85,85,85,56,44,54,69,37,44,52,50,11,39,100,83,65,19,56,89,89,24,100,19,19,20,11,11,11,11,Swiss Super League
Grasshoppers,9dqlf92t42brv71kvaet67tm4,2e6rif43men98uldjwrd2kd90,N. Muci,Nikolas Muci,23,Attacker,Switzerland,Striker,24.0,1.0,57.0,2.0,80.0,29.0,9.0,19.0,14.0,5.0,6.0,8.0,10.0,53.0,7.0,1.0,1.0,494.0,3.0,40.0,12.0,4.0,5.0,0.0,1.0,0.0,0.0,63.49,50.0,20.0,50.0,15.79,44.17,53.7,55.56,2.3165637822949097,0.477501306559578,3.0,3.0,0.0994967,2.0,1.0,6.0,0.19425827,33.0,4.372469635627531,0.1821862348178137,10.384615384615383,0.3643724696356275,14.574898785425102,5.283400809716599,1.639676113360324,3.4615384615384617,2.5506072874493926,0.9109311740890688,1.0931174089068827,1.45748987854251,1.8218623481781373,9.65587044534413,1.2753036437246963,0.1821862348178137,0.1821862348178137,0.5465587044534413,7.287449392712551,2.1862348178137654,0.728744939271255,0.9109311740890688,0.0,0.1821862348178137,0.0,0.0,63.49,50.0,20.0,50.0,15.79,44.17,53.7,55.56,0.4220460332116232,0.0869941651626761,0.5465587044534413,0.5465587044534413,0.0181269291497975,0.3643724696356275,0.1821862348178137,1.0931174089068827,0.0353911827935222,6.012145748987854,ST,67,69,89,43,81,91,65,80,63,78,91,43,50,93,80,19,48,20,74,80,52,87,52,59,48,48,19,35,69,72,4,67,70,56,85,52,48,31,37,52,20,54,48,83,67,67,70,44,67,89,52,52,44,85,74,30,33,93,85,11,48,11,56,78,56,93,52,63,48,48,19,35,69,72,4,67,70,56,63,44,44,22,30,52,15,44,30,78,Swiss Super League
Grasshoppers,9dqlf92t42brv71kvaet67tm4,2epq3qbyzs8mr3g6aaemjirdg,S. Bengondo,Samuele Bengondo,20,Attacker,Switzerland,Striker,14.0,0.0,66.0,0.0,80.0,11.0,2.0,17.0,12.0,5.0,5.0,17.0,18.0,24.0,4.0,3.0,4.0,401.0,6.0,25.0,5.0,3.0,4.0,0.0,0.0,0.0,0.0,64.52,0.0,0.0,17.65,35.29,32.43,39.29,80.0,1.6464035505271248,0.1104175750079353,7.0,3.0,0.0678374,1.0,4.0,1.0,0.1029468999999999,17.0,3.1421446384039897,0.0,14.81296758104738,0.0,17.955112219451372,2.468827930174564,0.4488778054862842,3.815461346633416,2.693266832917706,1.1221945137157108,1.1221945137157108,3.815461346633416,4.039900249376559,5.386533665835412,0.8977556109725685,0.6733167082294265,0.8977556109725685,1.346633416458853,5.610972568578553,1.1221945137157108,0.6733167082294265,0.8977556109725685,0.0,0.0,0.0,0.0,64.52,0.0,0.0,17.65,35.29,32.43,39.29,80.0,0.3695170063527213,0.0247819993783395,1.5710723192019949,0.6733167082294265,0.0152253516209476,0.2244389027431421,0.8977556109725685,0.2244389027431421,0.0231052892768079,3.815461346633416,RW,33,33,67,17,50,92,17,83,83,83,100,50,50,33,50,92,58,83,83,50,25,33,58,33,58,58,17,17,33,17,33,17,50,83,83,17,83,17,17,17,33,17,17,33,33,33,67,17,33,83,17,100,100,83,100,50,50,17,50,100,50,100,67,33,17,33,58,33,58,58,17,17,33,17,33,17,50,83,100,17,100,17,17,17,33,17,17,17,Swiss Super League
Grasshoppers,9dqlf92t42brv71kvaet67tm4,4db9vewyt9kiqtqd5e0rloodm,L. Plange,Luke Plange,23,Attacker,England,Striker,7.0,1.0,35.0,1.0,41.0,5.0,6.0,12.0,10.0,2.0,4.0,16.0,18.0,15.0,1.0,1.0,0.0,230.0,3.0,20.0,0.0,8.0,2.0,0.0,0.0,0.0,0.0,69.49,50.0,10.0,50.0,25.0,26.79,29.41,100.0,1.2864484539861296,0.4582740977019369,5.0,7.0,0.21322857,1.0,4.0,5.0,0.0974524699999999,10.0,2.739130434782609,0.391304347826087,13.695652173913045,0.391304347826087,16.043478260869566,1.956521739130435,2.347826086956522,4.695652173913044,3.91304347826087,0.782608695652174,1.565217391304348,6.260869565217392,7.043478260869565,5.869565217391305,0.391304347826087,0.391304347826087,0.0,1.173913043478261,7.82608695652174,0.0,3.130434782608696,0.782608695652174,0.0,0.0,0.0,0.0,69.49,50.0,10.0,50.0,25.0,26.79,29.41,100.0,0.5033928732989204,0.1793246469268448,1.956521739130435,2.739130434782609,0.0834372665217391,0.391304347826087,1.565217391304348,1.956521739130435,0.0381335752173912,3.91304347826087,ST,13,69,43,26,26,19,43,31,35,54,54,72,76,15,19,19,17,20,19,4,85,59,52,22,48,48,52,35,63,72,20,4,11,91,30,48,83,74,78,31,56,37,19,19,19,85,89,52,74,44,85,93,85,74,96,96,96,41,30,33,17,59,78,4,100,78,52,22,48,48,52,35,63,72,20,4,11,91,81,74,96,96,96,56,78,78,33,52,Swiss Super League
Grasshoppers,9dqlf92t42brv71kvaet67tm4,4vbz8hxnbg5sqh54plmcl31t5,Óscar Clemente,Óscar Clemente,27,Midfielder,Spain,Midfielder,47.0,12.0,145.0,6.0,180.0,3.0,19.0,4.0,1.0,3.0,0.0,17.0,19.0,30.0,7.0,0.0,11.0,522.0,0.0,4.0,5.0,9.0,8.0,0.0,0.0,0.0,0.0,73.47,40.0,46.15,52.94,0.0,47.62,23.08,61.54,0.4236009443661173,2.118053165038706,3.0,13.0,0.34192645,9.0,20.0,26.0,1.5598741900000002,116.0,8.10344827586207,2.0689655172413794,25.0,1.0344827586206895,31.03448275862069,0.5172413793103449,3.2758620689655173,0.6896551724137931,0.1724137931034483,0.5172413793103449,0.0,2.931034482758621,3.2758620689655173,5.172413793103448,1.206896551724138,0.0,1.896551724137931,0.0,0.6896551724137931,0.8620689655172414,1.5517241379310345,1.3793103448275863,0.0,0.0,0.0,0.0,73.47,40.0,46.15,52.94,0.0,47.62,23.08,61.54,0.073034645580365,0.3651815801790872,0.5172413793103449,2.241379310344828,0.0589528362068965,1.5517241379310345,3.4482758620689657,4.482758620689656,0.268943825862069,20.0,RM/RCM,75,100,100,50,100,38,100,25,25,75,25,75,88,100,100,25,100,25,25,50,100,100,62,25,62,62,25,25,100,100,25,50,38,75,25,100,75,100,100,100,100,100,100,100,50,100,75,50,75,25,100,25,25,75,25,75,75,75,100,25,100,25,25,50,75,75,62,25,62,62,25,25,100,100,25,50,38,75,25,100,75,75,75,100,100,100,100,100,Swiss Super League
Grasshoppers,9dqlf92t42brv71kvaet67tm4,50hefdi6vr6peyviss9np2gpg,S. Krasniqi,Samuel Krasniqi,21,Midfielder,Switzerland,Midfielder,35.0,18.0,184.0,12.0,201.0,0.0,24.0,34.0,20.0,14.0,10.0,56.0,61.0,39.0,2.0,2.0,6.0,810.0,11.0,45.0,17.0,19.0,3.0,0.0,2.0,0.0,0.0,72.83,46.15,33.33,33.93,32.35,31.45,0.0,100.0,2.862029463548274,3.055389427387647,14.0,26.0,0.7756995399999999,12.0,19.0,29.0,2.0704698800000005,107.0,3.888888888888889,2.0,20.444444444444443,1.3333333333333333,22.33333333333333,0.0,2.6666666666666665,3.7777777777777777,2.2222222222222223,1.5555555555555556,1.1111111111111112,6.222222222222222,6.777777777777778,4.333333333333333,0.2222222222222222,0.2222222222222222,0.6666666666666666,1.2222222222222223,5.0,1.8888888888888888,2.111111111111111,0.3333333333333333,0.0,0.2222222222222222,0.0,0.0,72.83,46.15,33.33,33.93,32.35,31.45,0.0,100.0,0.318003273727586,0.339487714154183,1.5555555555555556,2.888888888888889,0.0861888377777777,1.3333333333333333,2.111111111111111,3.2222222222222223,0.2300522088888889,11.88888888888889,LM/LCM,33,100,100,72,67,11,94,100,100,100,100,100,100,89,28,56,100,100,94,100,100,28,50,94,56,56,22,56,78,44,22,22,17,100,100,100,100,94,100,94,78,78,100,89,22,100,78,56,44,11,89,100,100,100,100,100,100,56,22,44,78,100,89,100,100,22,50,78,56,56,22,56,78,44,22,22,17,100,100,100,100,89,100,56,56,67,89,67,Swiss Super League
Grasshoppers,9dqlf92t42brv71kvaet67tm4,54adx9wk0t34bmndh67efbuhg,S. Stroscio,Simone Stroscio,23,Defender,Switzerland,Defender,63.0,2.0,151.0,16.0,212.0,10.0,9.0,1.0,0.0,1.0,1.0,5.0,5.0,51.0,35.0,0.0,11.0,810.0,0.0,2.0,6.0,2.0,22.0,1.0,1.0,0.0,0.0,72.35,30.77,14.29,40.0,0.0,50.0,45.45,64.71,0.0477358290074135,0.7298275586515983,1.0,12.0,0.5058802,13.0,46.0,51.0,1.04435666,153.0,7.0,0.2222222222222222,16.77777777777778,1.7777777777777777,23.55555555555556,1.1111111111111112,1.0,0.1111111111111111,0.0,0.1111111111111111,0.1111111111111111,0.5555555555555556,0.5555555555555556,5.666666666666667,3.888888888888889,0.0,1.2222222222222223,0.0,0.2222222222222222,0.6666666666666666,0.2222222222222222,2.4444444444444446,0.1111111111111111,0.1111111111111111,0.0,0.0,72.35,30.77,14.29,40.0,0.0,50.0,45.45,64.71,0.0053039810008237,0.0810919509612887,0.1111111111111111,1.3333333333333333,0.0562089111111111,1.4444444444444444,5.111111111111111,5.666666666666667,0.1160396288888889,17.0,RB/RCB,50,36,86,74,76,90,83,10,14,29,57,36,36,95,100,40,81,17,10,60,31,100,90,69,52,52,24,14,21,43,17,19,50,24,10,67,40,76,90,100,95,95,67,81,10,17,57,29,19,62,67,5,14,19,40,14,14,76,86,40,43,17,5,19,19,90,83,52,52,52,24,14,21,43,17,19,50,24,5,43,33,43,81,90,95,86,29,71,Swiss Super League
Grasshoppers,9dqlf92t42brv71kvaet67tm4,6skmsbclcdul0holo3vfj2590,T. Meyer,Tim Meyer,22,Midfielder,Switzerland,Midfielder,45.0,1.0,78.0,2.0,122.0,8.0,0.0,0.0,0.0,0.0,0.0,1.0,1.0,19.0,11.0,0.0,2.0,285.0,0.0,1.0,2.0,0.0,7.0,0.0,0.0,0.0,0.0,91.04,50.0,50.0,0.0,0.0,55.88,57.14,77.78,0.0,0.0,0.0,0.0,0.0,0.0,0.0,0.0,0.0,0.0,14.210526315789474,0.3157894736842105,24.63157894736842,0.6315789473684211,38.526315789473685,2.5263157894736845,0.0,0.0,0.0,0.0,0.0,0.3157894736842105,0.3157894736842105,6.0,3.473684210526316,0.0,0.6315789473684211,0.0,0.3157894736842105,0.6315789473684211,0.0,2.210526315789474,0.0,0.0,0.0,0.0,91.04,50.0,50.0,0.0,0.0,55.88,57.14,77.78,0.0,0.0,0.0,0.0,0.0,0.0,0.0,0.0,0.0,0.0,DM/CM,16,68,24,4,18,70,6,4,16,8,16,8,8,26,40,36,12,16,10,14,10,40,50,26,52,50,100,44,94,10,16,72,64,78,4,6,18,4,4,6,4,4,4,4,32,84,76,4,56,88,6,4,16,8,16,16,16,72,92,36,28,16,20,20,10,84,50,26,52,50,100,44,94,10,16,72,64,78,4,6,18,4,4,6,4,4,4,4,Swiss Super League
Grasshoppers,9dqlf92t42brv71kvaet67tm4,8g12wvgw8lf0l4xi2xzae7d91,A. Abrashi,Amir Abrashi,36,Midfielder,Albania,Midfielder,63.0,0.0,139.0,6.0,202.0,5.0,9.0,8.0,5.0,3.0,3.0,6.0,6.0,30.0,3.0,2.0,9.0,657.0,5.0,12.0,11.0,3.0,8.0,0.0,1.0,0.0,0.0,78.6,42.86,0.0,50.0,62.5,51.72,55.56,72.73,0.8271506645879797,0.6912328637659542,1.0,6.0,0.24080531,2.0,21.0,25.0,0.96467358,118.0,8.63013698630137,0.0,19.04109589041096,0.8219178082191781,27.67123287671233,0.684931506849315,1.2328767123287672,1.095890410958904,0.684931506849315,0.4109589041095891,0.4109589041095891,0.8219178082191781,0.8219178082191781,4.109589041095891,0.4109589041095891,0.273972602739726,1.2328767123287672,0.684931506849315,1.6438356164383563,1.5068493150684932,0.4109589041095891,1.095890410958904,0.0,0.136986301369863,0.0,0.0,78.6,42.86,0.0,50.0,62.5,51.72,55.56,72.73,0.1133083102175314,0.0946894333925964,0.136986301369863,0.8219178082191781,0.0329870287671232,0.273972602739726,2.8767123287671232,3.424657534246576,0.1321470657534246,16.164383561643834,CM/AM,52,10,75,38,67,73,35,33,50,33,54,15,15,56,29,71,94,71,38,69,25,81,50,67,52,52,46,29,10,52,100,69,71,67,42,29,15,17,38,12,60,56,50,79,42,10,50,21,50,58,25,25,33,25,46,12,12,42,25,58,83,58,29,58,21,67,50,54,52,52,46,29,10,52,100,69,71,67,33,25,17,12,25,12,46,42,38,75,Swiss Super League
Grasshoppers,9dqlf92t42brv71kvaet67tm4,8ogdozprbfg9o8hzs3ppug9hw,N. Rissi,Nico Rissi,22,Defender,Switzerland,Defender,61.0,3.0,114.0,15.0,172.0,14.0,6.0,2.0,0.0,2.0,0.0,6.0,6.0,40.0,20.0,0.0,8.0,716.0,0.0,1.0,4.0,2.0,13.0,0.0,0.0,0.0,0.0,69.92,36.59,21.43,33.33,0.0,51.95,50.0,65.0,0.0946967279736023,0.4246297090773384,1.0,5.0,0.13228125,6.0,35.0,33.0,0.9516630099999998,119.0,7.667597765363128,0.3770949720670391,14.329608938547484,1.885474860335196,21.620111731843576,1.759776536312849,0.7541899441340782,0.2513966480446927,0.0,0.2513966480446927,0.0,0.7541899441340782,0.7541899441340782,5.027932960893855,2.5139664804469275,0.0,1.005586592178771,0.0,0.1256983240223463,0.5027932960893855,0.2513966480446927,1.6340782122905029,0.0,0.0,0.0,0.0,69.92,36.59,21.43,33.33,0.0,51.95,50.0,65.0,0.0119032199966818,0.0533752427611179,0.1256983240223463,0.6284916201117319,0.016627531424581,0.7541899441340782,4.399441340782123,4.14804469273743,0.1196224453910614,14.958100558659218,LB/LCB,31,42,67,72,61,97,56,42,14,75,25,69,69,86,64,47,86,28,8,56,56,94,53,33,50,50,11,39,39,39,28,39,50,72,17,50,53,67,61,83,100,86,61,83,6,39,17,44,11,83,50,17,14,61,25,44,44,72,39,47,44,28,6,28,50,78,53,33,50,50,11,39,39,39,28,39,50,72,6,39,50,28,28,67,83,50,33,33,Swiss Super League
Grasshoppers,9dqlf92t42brv71kvaet67tm4,8xoeh4ccni0bpz5e0r4ut8vf8,Y. Bettkober,Yannick Bettkober,21,Defender,Germany,Defender,59.0,0.0,45.0,15.0,104.0,14.0,0.0,3.0,3.0,0.0,1.0,4.0,4.0,49.0,39.0,0.0,9.0,450.0,0.0,4.0,4.0,3.0,15.0,0.0,0.0,0.0,0.0,77.04,51.72,0.0,75.0,0.0,71.01,70.0,53.57,0.4500798544811114,0.0,0.0,1.0,0.01935132,0.0,9.0,13.0,0.2151917099999999,87.0,11.8,0.0,9.0,3.0,20.8,2.8,0.0,0.6,0.6,0.0,0.2,0.8,0.8,9.8,7.8,0.0,1.8,0.0,0.8,0.8,0.6,3.0,0.0,0.0,0.0,0.0,77.04,51.72,0.0,75.0,0.0,71.01,70.0,53.57,0.0900159708962222,0.0,0.0,0.2,0.003870264,0.0,1.8,2.6,0.0430383419999999,17.4,CB,7,43,26,33,11,48,24,44,50,37,72,83,83,67,44,31,48,20,43,46,83,96,37,44,52,50,7,78,43,61,20,93,93,48,56,24,41,20,22,20,26,33,30,26,7,43,11,41,7,67,24,56,59,37,85,93,93,100,85,31,70,20,52,56,89,100,37,44,52,50,7,78,43,61,20,93,93,48,67,24,41,22,22,20,19,33,19,15,Swiss Super League
Grasshoppers,9dqlf92t42brv71kvaet67tm4,9osic22dxne4mjyzix16v5ses,I. Hassane,Imourane Hassane,23,Midfielder,Benin,Midfielder,24.0,1.0,31.0,3.0,54.0,1.0,2.0,2.0,1.0,1.0,1.0,9.0,9.0,10.0,5.0,0.0,0.0,222.0,0.0,3.0,2.0,3.0,3.0,0.0,0.0,0.0,0.0,83.08,50.0,14.29,33.33,0.0,37.04,50.0,75.0,0.1778131272369391,0.1523393887597422,0.0,2.0,0.0478667,4.0,4.0,5.0,0.09832414,23.0,9.72972972972973,0.4054054054054054,12.567567567567568,1.2162162162162162,21.89189189189189,0.4054054054054054,0.8108108108108107,0.8108108108108107,0.4054054054054054,0.4054054054054054,0.4054054054054054,3.6486486486486487,3.6486486486486487,4.0540540540540535,2.0270270270270268,0.0,0.0,0.0,1.2162162162162162,0.8108108108108107,1.2162162162162162,1.2162162162162162,0.0,0.0,0.0,0.0,83.08,50.0,14.29,33.33,0.0,37.04,50.0,75.0,0.0720864029338942,0.0617592116593549,0.0,0.8108108108108107,0.0194054189189189,1.6216216216216215,1.6216216216216215,2.0270270270270268,0.0398611378378378,9.324324324324325,CM/AM,21,27,4,10,4,21,8,8,12,12,17,50,40,4,62,10,8,8,8,10,25,15,50,23,52,52,67,44,21,23,8,8,54,81,8,8,6,4,4,35,4,4,4,4,50,42,12,29,33,50,17,17,21,21,42,92,92,33,96,10,8,8,17,29,58,71,50,23,52,52,67,44,21,23,8,8,54,81,17,17,6,8,4,88,17,8,4,17,Swiss Super League
Grasshoppers,9dqlf92t42brv71kvaet67tm4,a3m1qts5gur6mtoj3mam4pc7o,Manex Guibelalde,Manex Guibelalde,22,Midfielder,Spain,Midfielder,53.0,1.0,74.0,9.0,126.0,23.0,4.0,7.0,5.0,2.0,0.0,2.0,2.0,47.0,27.0,0.0,8.0,447.0,4.0,12.0,6.0,2.0,12.0,0.0,1.0,0.0,0.0,75.0,40.91,50.0,100.0,57.14,55.95,63.89,75.0,0.7197271678481627,0.4703151602760438,0.0,3.0,0.05617798,2.0,21.0,28.0,0.4993749399999999,86.0,10.671140939597317,0.2013422818791946,14.899328859060402,1.812080536912752,25.369127516778523,4.630872483221476,0.8053691275167785,1.4093959731543624,1.006711409395973,0.4026845637583892,0.0,0.4026845637583892,0.4026845637583892,9.463087248322148,5.436241610738255,0.0,1.610738255033557,0.8053691275167785,2.416107382550336,1.2080536912751678,0.4026845637583892,2.416107382550336,0.0,0.2013422818791946,0.0,0.0,75.0,40.91,50.0,100.0,57.14,55.95,63.89,75.0,0.1449115103049991,0.0946943275723578,0.0,0.6040268456375839,0.0113110026845637,0.4026845637583892,4.228187919463087,5.6375838926174495,0.1005452899328858,17.315436241610737,DM/CM,20,68,16,22,24,100,38,64,80,40,16,20,20,96,100,36,62,96,86,42,44,90,50,68,52,50,12,4,94,96,96,76,80,72,72,64,18,12,12,34,40,54,48,36,16,68,12,28,16,100,52,80,88,48,16,32,28,100,100,36,84,96,92,56,52,96,50,72,52,50,12,4,94,96,96,76,80,72,84,72,18,8,8,32,48,72,52,44,Swiss Super League
Grasshoppers,9dqlf92t42brv71kvaet67tm4,aaafhdv3xfuvzg9xfnkt0trtg,Lee Young-Jun,Young-Jun Lee,23,Attacker,Korea Republic,Striker,12.0,1.0,53.0,1.0,64.0,16.0,4.0,10.0,8.0,2.0,2.0,5.0,5.0,21.0,10.0,2.0,3.0,250.0,4.0,24.0,3.0,2.0,0.0,0.0,1.0,0.0,0.0,67.37,50.0,100.0,40.0,40.0,44.68,69.57,0.0,1.070118631908084,0.3103167160985871,3.0,3.0,0.0942178499999999,3.0,6.0,6.0,0.1540951099999999,25.0,4.32,0.36,19.08,0.36,23.04,5.76,1.44,3.6,2.88,0.72,0.72,1.8,1.8,7.56,3.6,0.72,1.08,1.44,8.64,1.08,0.72,0.0,0.0,0.36,0.0,0.0,67.37,50.0,100.0,40.0,40.0,44.68,69.57,0.0,0.3852427074869102,0.1117140177954913,1.08,1.08,0.0339184259999999,1.08,2.16,2.16,0.0554742395999999,9.0,ST,39,69,67,26,52,78,35,19,22,54,24,22,19,37,96,46,89,39,33,20,24,9,52,59,48,48,44,35,100,50,63,70,96,9,22,33,48,31,30,72,74,54,41,70,63,78,96,37,96,93,44,56,59,63,37,37,26,78,100,78,100,74,93,30,52,9,52,78,48,48,44,35,100,50,63,70,96,9,56,59,70,59,59,96,89,85,52,96,Swiss Super League
Grasshoppers,9dqlf92t42brv71kvaet67tm4,buq4fi4r29iq8j8o9m263soic,L. Mikulić,Luka Mikulic,21,Defender,Bosnia and Herzegovina,Defender,104.0,0.0,68.0,10.0,172.0,10.0,0.0,2.0,1.0,1.0,0.0,0.0,0.0,19.0,28.0,0.0,5.0,397.0,0.0,3.0,3.0,0.0,3.0,1.0,0.0,0.0,0.0,85.57,41.67,0.0,0.0,0.0,48.72,50.0,50.0,0.2078030884430279,0.0,0.0,1.0,0.0174506,0.0,10.0,11.0,0.2564145199999998,107.0,23.57682619647355,0.0,15.415617128463476,2.267002518891688,38.99244332493703,2.267002518891688,0.0,0.4534005037783375,0.2267002518891687,0.2267002518891687,0.0,0.0,0.0,4.307304785894206,6.347607052896725,0.0,1.1335012594458438,0.0,0.6801007556675063,0.6801007556675063,0.0,0.6801007556675063,0.2267002518891687,0.0,0.0,0.0,85.57,41.67,0.0,0.0,0.0,48.72,50.0,50.0,0.0471090124933816,0.0,0.0,0.2267002518891687,0.0039560554156171,0.0,2.267002518891688,2.4937027707808563,0.0581292362720402,24.256926952141058,CB,37,43,37,15,33,22,24,30,17,78,30,19,17,22,22,31,24,20,30,30,20,17,83,44,52,50,52,26,43,20,20,7,19,39,26,24,41,20,19,20,30,30,33,33,33,43,59,19,44,41,24,37,22,96,30,19,17,19,44,31,30,20,41,48,20,22,93,44,52,50,52,26,43,20,20,7,19,39,33,24,41,26,26,20,37,22,33,44,Swiss Super League
Servette,ccwv4ymbs3u0q8xaby4hqb0jz,3p7dz4mgjue669tijirm17yay,M. Burch,Marco Burch,25,Defender,Switzerland,Defender,293.0,0.0,139.0,29.0,432.0,22.0,2.0,7.0,6.0,1.0,2.0,2.0,2.0,58.0,71.0,1.0,13.0,810.0,1.0,8.0,17.0,2.0,9.0,0.0,0.0,0.0,0.0,88.89,50.0,0.0,100.0,14.29,56.31,46.81,52.94,0.8440395880800798,0.2243128546934913,1.0,15.0,0.30118317,3.0,20.0,30.0,0.6497731999999996,250.0,32.55555555555556,0.0,15.444444444444445,3.2222222222222223,48.0,2.4444444444444446,0.2222222222222222,0.7777777777777778,0.6666666666666666,0.1111111111111111,0.2222222222222222,0.2222222222222222,0.2222222222222222,6.444444444444445,7.888888888888889,0.1111111111111111,1.4444444444444444,0.1111111111111111,0.8888888888888888,1.8888888888888888,0.2222222222222222,1.0,0.0,0.0,0.0,0.0,88.89,50.0,0.0,100.0,14.29,56.31,46.81,52.94,0.0937821764533422,0.024923650521499,0.1111111111111111,1.6666666666666667,0.0334647966666666,0.3333333333333333,2.2222222222222223,3.333333333333333,0.0721970222222221,27.77777777777778,CB,78,43,81,78,78,74,74,85,81,78,94,63,63,89,93,78,76,54,70,100,72,78,37,44,52,50,74,65,43,83,43,30,11,44,81,85,81,93,93,83,50,67,63,67,74,43,63,48,74,46,69,80,67,76,93,48,48,78,89,70,46,44,59,100,63,43,37,44,52,50,74,65,43,83,43,30,11,44,70,74,81,89,89,70,31,52,56,59,Swiss Super League
Servette,ccwv4ymbs3u0q8xaby4hqb0jz,4pl9lnaokb1c3s1q8dm5u1ecp,B. Mazikou,Bradley Mazikou,30,Defender,Congo,Defender,162.0,2.0,140.0,18.0,300.0,9.0,6.0,3.0,2.0,1.0,0.0,6.0,6.0,53.0,22.0,0.0,12.0,703.0,1.0,14.0,21.0,3.0,15.0,0.0,1.0,0.0,0.0,85.47,50.0,18.18,50.0,33.33,63.86,40.91,75.0,0.2049949358252377,0.4724047234882824,2.0,7.0,0.1697653499999999,4.0,30.0,29.0,1.01354473,146.0,20.73968705547653,0.2560455192034139,17.923186344238978,2.304409672830725,38.40682788051209,1.1522048364153628,0.7681365576102418,0.3840682788051209,0.2560455192034139,0.1280227596017069,0.0,0.7681365576102418,0.7681365576102418,6.78520625889047,2.8165007112375533,0.0,1.5362731152204836,0.1280227596017069,1.7923186344238975,2.6884779516358464,0.3840682788051209,1.9203413940256049,0.0,0.1280227596017069,0.0,0.0,85.47,50.0,18.18,50.0,33.33,63.86,40.91,75.0,0.0262440173887217,0.0604785563498512,0.2560455192034139,0.8961593172119489,0.0217338285917496,0.5120910384068279,3.840682788051209,3.7126600284495024,0.129756793314367,18.69132290184922,LB/LCB,94,33,86,92,94,61,56,64,69,47,25,69,69,100,83,47,94,67,97,100,75,100,53,78,50,50,78,78,28,64,64,89,39,86,61,56,75,81,83,64,86,78,67,89,78,33,61,67,72,50,56,33,44,44,25,50,50,83,44,47,89,61,89,100,56,83,53,67,50,50,78,78,28,64,64,89,39,86,33,44,67,61,61,44,61,33,39,61,Swiss Super League
Servette,ccwv4ymbs3u0q8xaby4hqb0jz,6c47ogd2x9p6zj3qp858uadih,Q. Maceiras,Quentin Maceiras,30,Defender,Switzerland,Defender,70.0,4.0,86.0,8.0,152.0,6.0,8.0,2.0,1.0,1.0,1.0,10.0,11.0,30.0,12.0,0.0,7.0,476.0,1.0,3.0,5.0,7.0,10.0,0.0,0.0,0.0,0.0,83.06,50.0,40.0,70.0,50.0,60.0,66.67,83.33,0.1766917519852866,0.9336524774395988,0.0,11.0,0.29037279,6.0,7.0,18.0,1.00544421,68.0,13.23529411764706,0.7563025210084033,16.26050420168067,1.512605042016807,28.73949579831933,1.134453781512605,1.512605042016807,0.3781512605042016,0.1890756302521008,0.1890756302521008,0.1890756302521008,1.8907563025210083,2.0798319327731094,5.6722689075630255,2.26890756302521,0.0,1.3235294117647058,0.1890756302521008,0.5672268907563025,0.9453781512605042,1.3235294117647058,1.8907563025210083,0.0,0.0,0.0,0.0,83.06,50.0,40.0,70.0,50.0,60.0,66.67,83.33,0.0334081043669659,0.1765309306083275,0.0,2.0798319327731094,0.0549024182773109,1.134453781512605,1.3235294117647058,3.403361344537815,0.1901049976890756,12.857142857142858,RB/RCB,62,60,43,29,57,64,74,24,33,29,57,69,71,57,29,40,55,48,19,43,86,62,40,26,52,52,81,71,90,86,83,76,83,90,29,81,17,67,62,55,17,48,62,43,62,67,52,24,62,67,81,29,33,29,67,71,76,81,33,40,67,48,14,48,95,62,40,26,52,52,81,71,90,86,83,76,83,90,38,86,17,76,76,71,10,33,67,29,Swiss Super League
Servette,ccwv4ymbs3u0q8xaby4hqb0jz,6ita8t40qk3b85mrqpq71gjys,D. Fofana,Datro Fofana,23,Attacker,Côte d'Ivoire,Striker,19.0,0.0,23.0,4.0,42.0,6.0,2.0,3.0,3.0,0.0,0.0,10.0,10.0,16.0,4.0,1.0,1.0,217.0,2.0,6.0,2.0,5.0,1.0,0.0,0.0,0.0,0.0,73.68,80.0,0.0,50.0,66.67,51.61,60.0,33.33,0.501663705245023,0.1566680109344758,1.0,3.0,0.07378743,0.0,6.0,8.0,0.13210479,19.0,7.880184331797236,0.0,9.539170506912445,1.6589861751152075,17.41935483870968,2.4884792626728114,0.8294930875576038,1.2442396313364057,1.2442396313364057,0.0,0.0,4.147465437788019,4.147465437788019,6.63594470046083,1.6589861751152075,0.4147465437788019,0.4147465437788019,0.8294930875576038,2.4884792626728114,0.8294930875576038,2.0737327188940093,0.4147465437788019,0.0,0.0,0.0,0.0,73.68,80.0,0.0,50.0,66.67,51.61,60.0,33.33,0.2080632878896409,0.0649775160557733,0.4147465437788019,1.2442396313364057,0.0306030815668202,0.0,2.4884792626728114,3.317972350230415,0.0547900050691244,7.880184331797236,ST,52,31,19,74,30,28,19,4,4,9,4,54,50,20,63,19,48,9,4,13,67,33,52,22,48,48,76,78,31,72,100,93,89,22,4,22,13,31,15,11,74,69,33,46,93,31,63,100,85,56,26,4,4,9,4,85,81,70,89,41,78,22,4,15,89,44,52,22,48,48,76,78,31,72,100,93,89,22,7,30,26,67,52,11,93,96,48,89,Swiss Super League
Servette,ccwv4ymbs3u0q8xaby4hqb0jz,6xd7rgs4s3717tnasercrgqok,K. Mutandwa,Kingstone Mutandwa,23,Attacker,Zambia,Striker,23.0,0.0,13.0,0.0,36.0,7.0,1.0,15.0,14.0,1.0,5.0,5.0,7.0,22.0,8.0,3.0,0.0,349.0,8.0,18.0,12.0,2.0,0.0,0.0,0.0,0.0,0.0,72.0,0.0,0.0,40.0,53.33,40.0,41.18,0.0,1.863380310578738,0.0,4.0,3.0,0.08488657,1.0,0.0,1.0,0.01730327,10.0,5.9312320916905446,0.0,3.35243553008596,0.0,9.283667621776504,1.805157593123209,0.2578796561604584,3.8681948424068766,3.610315186246418,0.2578796561604584,1.2893982808022924,1.2893982808022924,1.805157593123209,5.673352435530086,2.0630372492836675,0.7736389684813754,0.0,2.0630372492836675,4.641833810888252,3.094555873925501,0.5157593123209169,0.0,0.0,0.0,0.0,0.0,72.0,0.0,0.0,40.0,53.33,40.0,41.18,0.0,0.4805278737882132,0.0,1.0315186246418335,0.7736389684813754,0.0218905194842406,0.2578796561604584,0.0,0.2578796561604584,0.0044621613180515,2.5787965616045847,ST,61,31,4,11,19,37,9,52,63,30,78,22,31,44,85,72,17,78,11,80,24,9,52,22,48,48,59,11,31,50,85,41,43,9,63,4,69,31,26,31,6,7,7,19,85,31,4,11,22,41,7,70,74,33,93,26,30,37,96,81,17,96,15,96,26,9,52,22,48,48,59,11,31,50,85,41,43,9,74,4,67,41,41,33,6,4,7,15,Swiss Super League
Servette,ccwv4ymbs3u0q8xaby4hqb0jz,87w18p2apnkvkz9e6bt7l2axh,T. Cognat,Timothé Cognat,28,Midfielder,France,Midfielder,137.0,13.0,194.0,21.0,318.0,2.0,13.0,3.0,1.0,2.0,2.0,16.0,17.0,21.0,5.0,0.0,10.0,494.0,0.0,10.0,6.0,8.0,5.0,0.0,2.0,0.0,0.0,89.58,65.62,33.33,50.0,0.0,40.38,40.0,83.33,0.2201425143050993,1.1987727689794938,2.0,18.0,0.502943,8.0,55.0,63.0,1.87341341,183.0,24.959514170040485,2.3684210526315788,35.34412955465587,3.825910931174089,57.935222672064775,0.3643724696356275,2.3684210526315788,0.5465587044534413,0.1821862348178137,0.3643724696356275,0.3643724696356275,2.91497975708502,3.097165991902834,3.825910931174089,0.9109311740890688,0.0,1.8218623481781373,0.0,1.8218623481781373,1.0931174089068827,1.45748987854251,0.9109311740890688,0.0,0.3643724696356275,0.0,0.0,89.58,65.62,33.33,50.0,0.0,40.38,40.0,83.33,0.0401069358045727,0.2183998971824988,0.3643724696356275,3.279352226720648,0.0916292914979757,1.45748987854251,10.020242914979756,11.477732793522268,0.3413101354251012,33.34008097165992,CM/AM,100,88,96,96,100,35,62,12,12,23,35,71,75,31,62,10,100,8,27,35,75,54,50,92,52,52,96,75,71,52,8,12,42,100,12,58,29,88,79,79,100,100,92,100,100,92,100,100,100,33,75,8,12,17,38,75,67,21,58,10,92,8,33,42,75,54,50,92,52,52,96,75,71,52,8,12,42,100,8,67,33,96,92,83,100,100,100,100,Swiss Super League
Servette,ccwv4ymbs3u0q8xaby4hqb0jz,9a4i8i66bch7834l9vmmgg55g,M. Lambourde,Mathis Lambourde,20,Attacker,France,Striker,36.0,6.0,54.0,7.0,84.0,13.0,11.0,17.0,10.0,7.0,4.0,18.0,18.0,42.0,4.0,2.0,3.0,413.0,6.0,25.0,11.0,8.0,6.0,0.0,0.0,1.0,1.0,65.62,53.85,26.09,44.44,35.29,53.85,59.09,54.55,1.385669695991473,0.9225107889342976,8.0,8.0,0.16725499,3.0,9.0,12.0,0.5383946099999999,37.0,7.845036319612591,1.3075060532687652,11.767554479418887,1.5254237288135597,18.30508474576272,2.8329297820823247,2.397094430992736,3.7046004842615017,2.179176755447942,1.5254237288135597,0.8716707021791769,3.922518159806296,3.922518159806296,9.152542372881356,0.8716707021791769,0.4358353510895884,0.6537530266343826,1.3075060532687652,5.447941888619855,2.397094430992736,1.7433414043583535,1.3075060532687652,0.0,0.0,0.2179176755447942,0.2179176755447942,65.62,53.85,26.09,44.44,35.29,53.85,59.09,54.55,0.3019619192233234,0.2010314067895564,1.7433414043583535,1.7433414043583535,0.0364478186440678,0.6537530266343826,1.961259079903148,2.6150121065375305,0.1173257019370459,8.062953995157386,ST,93,96,72,93,89,65,81,65,35,93,54,81,76,78,63,46,89,65,44,69,85,94,52,22,98,98,33,48,81,56,52,96,85,52,33,85,96,83,70,72,87,91,78,93,89,96,81,96,89,67,89,63,37,96,56,78,78,85,59,44,85,70,22,85,74,96,52,22,100,100,33,48,81,56,52,96,85,52,30,85,93,85,63,78,85,93,74,93,Swiss Super League
Servette,ccwv4ymbs3u0q8xaby4hqb0jz,9bbu1yne0l9j862yodiuldw4p,Houboulang Mendes,Houboulang Mendes,28,Defender,Guinea-Bissau,Defender,46.0,1.0,43.0,3.0,88.0,5.0,3.0,7.0,2.0,5.0,2.0,0.0,0.0,15.0,15.0,0.0,2.0,334.0,0.0,4.0,2.0,0.0,8.0,0.0,1.0,0.0,0.0,80.73,37.5,12.5,0.0,0.0,48.39,45.45,100.0,0.5264978699841147,0.3195282635543077,3.0,7.0,0.20258247,2.0,6.0,9.0,0.26163814,48.0,12.395209580838324,0.2694610778443114,11.586826347305388,0.8083832335329341,23.7125748502994,1.3473053892215567,0.8083832335329341,1.8862275449101795,0.5389221556886228,1.3473053892215567,0.5389221556886228,0.0,0.0,4.04191616766467,4.04191616766467,0.0,0.5389221556886228,0.0,1.0778443113772456,0.5389221556886228,0.0,2.155688622754491,0.0,0.2694610778443114,0.0,0.0,80.73,37.5,12.5,0.0,0.0,48.39,45.45,100.0,0.1418706835286536,0.0861004302990649,0.8083832335329341,1.8862275449101795,0.0545880907185628,0.5389221556886228,1.616766467065868,2.4251497005988023,0.0705012952095808,12.934131736526943,RB/RCB,21,14,5,5,10,52,21,69,48,88,81,5,5,10,45,40,7,17,26,12,7,40,40,69,52,52,67,40,14,7,17,14,50,100,67,24,81,45,52,29,10,14,10,19,33,24,14,5,24,71,38,86,57,100,90,5,5,19,90,40,10,17,33,14,7,71,40,86,52,52,67,40,14,7,17,14,50,100,81,48,90,71,71,38,19,19,10,33,Swiss Super League
Servette,ccwv4ymbs3u0q8xaby4hqb0jz,9qztg0hybzpm1og4dh2z0s89h,S. Mráz,Samuel Mráz,29,Attacker,Slovakia,Striker,11.0,0.0,34.0,3.0,45.0,5.0,7.0,16.0,15.0,1.0,4.0,2.0,2.0,13.0,0.0,1.0,0.0,321.0,4.0,26.0,5.0,2.0,0.0,0.0,0.0,0.0,0.0,78.95,75.0,0.0,100.0,25.0,40.62,25.0,0.0,1.745407356013258,0.3583511023501645,0.0,4.0,0.112188,2.0,3.0,2.0,0.12210499,17.0,3.08411214953271,0.0,9.53271028037383,0.8411214953271028,12.61682242990654,1.4018691588785046,1.9626168224299063,4.485981308411215,4.205607476635514,0.2803738317757009,1.1214953271028036,0.5607476635514018,0.5607476635514018,3.644859813084112,0.0,0.2803738317757009,0.0,1.1214953271028036,7.289719626168224,1.4018691588785046,0.5607476635514018,0.0,0.0,0.0,0.0,0.0,78.95,75.0,0.0,100.0,25.0,40.62,25.0,0.0,0.4893665484149321,0.100472271686962,0.0,1.1214953271028036,0.0314545794392523,0.5607476635514018,0.8411214953271028,0.5607476635514018,0.0342350439252336,4.766355140186915,ST,33,31,35,63,41,19,52,57,76,30,54,6,4,7,4,19,17,39,52,33,24,9,52,22,48,48,81,70,31,100,20,44,7,9,48,37,6,54,56,52,41,20,22,37,30,31,59,63,52,26,70,89,93,37,78,4,4,7,4,19,17,41,59,44,30,9,52,22,48,48,81,70,31,100,20,44,7,9,78,48,6,63,56,67,48,15,26,59,Swiss Super League
Servette,ccwv4ymbs3u0q8xaby4hqb0jz,b6xlmbtceux7ynrj1j23x5td5,Pedro Naressi,Pedro Henrique Naressi Machado,28,Midfielder,Brazil,Midfielder,150.0,0.0,161.0,18.0,311.0,15.0,4.0,5.0,2.0,3.0,1.0,8.0,8.0,71.0,15.0,0.0,18.0,679.0,0.0,3.0,21.0,7.0,15.0,0.0,0.0,0.0,0.0,85.21,47.37,0.0,87.5,0.0,71.72,75.0,53.57,0.3709544184123077,0.2075650669643154,0.0,10.0,0.32081316,6.0,38.0,28.0,0.7183064,185.0,19.88217967599411,0.0,21.34020618556701,2.385861561119293,41.22238586156112,1.988217967599411,0.5301914580265096,0.6627393225331369,0.2650957290132548,0.3976435935198822,0.1325478645066274,1.0603829160530192,1.0603829160530192,9.410898379970543,1.988217967599411,0.0,2.385861561119293,0.0,0.3976435935198822,2.783505154639175,0.9278350515463918,1.988217967599411,0.0,0.0,0.0,0.0,85.21,47.37,0.0,87.5,0.0,71.72,75.0,53.57,0.0491692159898493,0.0275123063722951,0.0,1.325478645066274,0.0425230992636229,0.7952871870397644,5.036818851251841,3.711340206185567,0.0952099793814433,24.52135493372607,DM/CM,68,28,76,52,76,96,38,48,48,58,44,80,76,100,60,36,100,16,28,96,94,96,50,26,52,50,56,36,28,88,16,100,100,20,48,32,18,64,76,76,68,54,60,72,64,28,56,48,72,80,32,36,44,44,40,72,64,96,48,36,100,16,28,100,88,72,50,26,52,50,56,36,28,88,16,100,100,20,36,28,18,56,68,68,68,40,48,72,Swiss Super League
Servette,ccwv4ymbs3u0q8xaby4hqb0jz,cfssgb2ma4rzaj4u7dydtxh5g,L. Njoh,Lilian Njoh,24,Defender,France,Defender,63.0,8.0,119.0,10.0,174.0,0.0,12.0,1.0,1.0,0.0,1.0,12.0,16.0,14.0,7.0,0.0,3.0,488.0,0.0,14.0,1.0,4.0,5.0,0.0,1.0,0.0,0.0,81.69,55.56,20.51,33.33,0.0,35.9,0.0,55.56,0.0790072273114842,1.128467380716346,0.0,11.0,0.28548505,3.0,12.0,27.0,1.07292999,80.0,11.618852459016392,1.4754098360655736,21.946721311475407,1.8442622950819672,32.09016393442623,0.0,2.2131147540983607,0.1844262295081967,0.1844262295081967,0.0,0.1844262295081967,2.2131147540983607,2.950819672131148,2.581967213114754,1.290983606557377,0.0,0.5532786885245902,0.0,2.581967213114754,0.1844262295081967,0.7377049180327868,0.9221311475409836,0.0,0.1844262295081967,0.0,0.0,81.69,55.56,20.51,33.33,0.0,35.9,0.0,55.56,0.014571005036954,0.2081189841485064,0.0,2.028688524590164,0.052650931352459,0.5532786885245902,2.2131147540983607,4.979508196721311,0.1978764325819672,14.754098360655735,LB/LCB,39,78,72,50,67,6,83,14,39,19,67,100,100,19,22,47,28,28,97,14,89,47,53,78,50,50,56,89,33,39,28,6,6,31,11,83,22,89,89,44,22,72,72,39,17,78,89,39,50,6,83,6,33,19,56,100,100,11,17,47,22,28,100,11,83,39,53,78,50,50,56,89,33,39,28,6,6,31,11,89,22,94,94,50,17,67,61,28,Swiss Super League
Servette,ccwv4ymbs3u0q8xaby4hqb0jz,d9np2jsg99wf8jbsifwfy78id,D. Douline,David Douline,33,Midfielder,France,Midfielder,62.0,0.0,60.0,9.0,122.0,8.0,1.0,2.0,1.0,1.0,0.0,2.0,2.0,25.0,11.0,0.0,2.0,357.0,1.0,4.0,7.0,0.0,8.0,0.0,0.0,0.0,0.0,79.74,60.0,0.0,0.0,50.0,53.19,50.0,80.0,0.1867113499778334,0.1090867426415276,1.0,3.0,0.05556945,2.0,20.0,19.0,0.3221884399999999,66.0,15.630252100840336,0.0,15.126050420168069,2.26890756302521,30.7563025210084,2.016806722689076,0.2521008403361344,0.5042016806722689,0.2521008403361344,0.2521008403361344,0.0,0.5042016806722689,0.5042016806722689,6.302521008403361,2.773109243697479,0.0,0.5042016806722689,0.2521008403361344,1.0084033613445378,1.7647058823529411,0.0,2.016806722689076,0.0,0.0,0.0,0.0,79.74,60.0,0.0,0.0,50.0,53.19,50.0,80.0,0.0470700882297058,0.0275008594894607,0.2521008403361344,0.7563025210084033,0.0140091050420168,0.5042016806722689,5.042016806722689,4.7899159663865545,0.0812239764705882,16.63865546218487,DM/CM,24,28,12,22,18,70,14,18,34,22,16,20,20,38,40,36,12,48,38,62,10,54,50,26,52,50,32,64,28,10,90,62,46,84,20,16,42,12,8,34,36,36,16,16,40,28,20,40,32,84,16,32,36,28,16,40,40,80,76,36,16,60,60,80,10,76,50,26,52,50,32,64,28,10,90,62,46,84,32,24,48,12,12,52,72,60,28,36,Swiss Super League
Servette,ccwv4ymbs3u0q8xaby4hqb0jz,dz9q35tjhluhc0vl3z0q5wset,M. Stevanović,Miroslav Stevanovic,36,Midfielder,Bosnia and Herzegovina,Midfielder,45.0,8.0,138.0,5.0,175.0,19.0,18.0,20.0,13.0,7.0,10.0,7.0,7.0,41.0,13.0,1.0,2.0,799.0,4.0,45.0,7.0,3.0,8.0,0.0,0.0,0.0,0.0,70.56,33.33,21.62,42.86,20.0,46.59,47.5,66.67,1.7719790650939728,2.1180562773530727,2.0,15.0,0.50397154,5.0,18.0,25.0,1.4101854400000005,87.0,5.068836045056321,0.9011264080100124,15.544430538172715,0.5632040050062578,19.712140175219023,2.14017521902378,2.027534418022528,2.252816020025031,1.4643304130162702,0.7884856070087609,1.1264080100125156,0.7884856070087609,0.7884856070087609,4.618272841051314,1.4643304130162702,0.1126408010012515,0.2252816020025031,0.4505632040050062,5.068836045056321,0.7884856070087609,0.3379224030037547,0.9011264080100124,0.0,0.0,0.0,0.0,70.56,33.33,21.62,42.86,20.0,46.59,47.5,66.67,0.1995971412496339,0.2385795556467791,0.2252816020025031,1.6896120150187734,0.0567677579474342,0.5632040050062578,2.027534418022528,2.816020025031289,0.1588444175219024,9.799749687108886,CM/AM,38,69,71,31,58,100,81,88,85,77,100,27,25,88,96,40,38,56,98,46,25,81,50,23,52,52,17,12,33,42,27,38,46,60,88,83,29,75,83,54,54,56,83,54,21,58,33,4,17,100,54,62,75,58,96,8,8,50,83,21,29,38,79,25,17,50,50,23,52,52,17,12,33,42,27,38,46,60,62,75,21,38,54,25,29,21,50,25,Swiss Super League
Servette,ccwv4ymbs3u0q8xaby4hqb0jz,k6yjc86y8mhb5y169fq5td5h,S. Rouiller,Steve Rouiller,36,Defender,Switzerland,Defender,256.0,1.0,108.0,31.0,363.0,29.0,1.0,3.0,3.0,0.0,0.0,6.0,6.0,53.0,59.0,0.0,7.0,720.0,1.0,10.0,7.0,6.0,9.0,2.0,0.0,0.0,0.0,88.75,57.41,20.0,100.0,33.33,67.09,63.04,81.82,0.3595191368175471,0.0549190308019308,0.0,10.0,0.19698858,3.0,26.0,26.0,0.6727192900000005,258.0,32.0,0.125,13.5,3.875,45.375,3.625,0.125,0.375,0.375,0.0,0.0,0.75,0.75,6.625,7.375,0.0,0.875,0.125,1.25,0.875,0.75,1.125,0.25,0.0,0.0,0.0,88.75,57.41,20.0,100.0,33.33,67.09,63.04,81.82,0.0449398921021933,0.0068648788502413,0.0,1.25,0.0246235725,0.375,3.25,3.25,0.08408991125,32.25,CB,67,91,59,91,59,83,56,44,50,37,30,93,91,74,81,31,39,54,78,78,96,78,96,44,52,50,70,96,85,83,65,85,59,94,44,56,41,81,81,83,57,54,74,74,70,89,41,78,70,85,50,30,41,37,30,85,85,81,63,31,22,52,78,67,96,59,96,44,52,50,70,96,85,83,65,85,59,94,26,52,41,81,81,81,59,44,67,81,Swiss Super League
Servette,ccwv4ymbs3u0q8xaby4hqb0jz,vc2knr7mu8n12alvmx7fzj10,T. Ouattara,Tiemoko Ouattara,21,Attacker,Switzerland,Striker,17.0,0.0,27.0,0.0,44.0,4.0,1.0,12.0,6.0,6.0,3.0,21.0,24.0,31.0,3.0,1.0,0.0,297.0,4.0,25.0,9.0,6.0,8.0,0.0,0.0,0.0,0.0,67.69,0.0,0.0,28.57,33.33,46.97,80.0,66.67,0.7361614315645182,0.0926880438059724,4.0,3.0,0.07767033,3.0,3.0,6.0,0.13067299,19.0,5.151515151515151,0.0,8.181818181818182,0.0,13.333333333333334,1.2121212121212122,0.303030303030303,3.6363636363636367,1.8181818181818183,1.8181818181818183,0.9090909090909092,6.363636363636364,7.272727272727273,9.393939393939394,0.9090909090909092,0.303030303030303,0.0,1.2121212121212122,7.575757575757576,2.7272727272727275,1.8181818181818183,2.4242424242424243,0.0,0.0,0.0,0.0,67.69,0.0,0.0,28.57,33.33,46.97,80.0,66.67,0.2230792216862176,0.0280872860018098,1.2121212121212122,0.9090909090909092,0.0235364636363636,0.9090909090909092,0.9090909090909092,1.8181818181818183,0.0395978757575757,5.757575757575758,ST,44,31,26,11,35,9,9,31,15,83,33,87,89,59,48,19,17,39,44,57,78,100,52,22,48,48,48,11,31,15,48,81,100,67,15,11,69,31,22,72,41,54,30,46,78,31,41,11,63,15,11,59,15,100,63,100,100,89,70,22,17,63,70,93,81,100,52,22,48,48,48,11,31,15,48,81,100,67,11,11,78,48,48,89,52,70,37,74,Swiss Super League
