Team,contestantId,playerId,Short Name,Player Name,Age,Position_x,Nationality,Position_y,total accurate back zone pass_Total,total accurate fwd zone pass_Total,total accurate pass_Total,total att assist_Total,total mins played,total accurate long balls_Total,total aerial won_Total,total attempt_Total,total attempts ibox_Total,total contest_Total,total dribbles attempted_Total,total duels won_Total,total effective clearance_Total,total interception_Total,total touches in opposition box_Total,total won contest_Total,total won tackle_Total,total accurate cross_Total,total attempts obox_Total,total blocked scoring att_Total,total ontarget attempt_Total,total was fouled_Total,total goals_Total,total assists_Total,total big chances saved_Total,total direct setpiece goals_Total,total direct corner goals_Total,pass_success_pct_Total,long_balls_success_pct_Total,cross_success_pct_Total,dribble_success_pct_Total,attempt_success_pct_Total,duel_success_pct_Total,aerial_success_pct_Total,tackle_success_pct_Total,xG_Total,xA_Total,CreatedOwnShot_Total,Total Carries_Total,Total Carry xT_Total,Total Final Third Carries_Total,passes_into_final_third_Total,progressive_passes_Total,xT_pass_Total,forward_passes_Total,total accurate back zone pass_p90,total accurate fwd zone pass_p90,total accurate pass_p90,total att assist_p90,total accurate long balls_p90,total aerial won_p90,total attempt_p90,total attempts ibox_p90,total contest_p90,total dribbles attempted_p90,total duels won_p90,total effective clearance_p90,total interception_p90,total touches in opposition box_p90,total won contest_p90,total won tackle_p90,total accurate cross_p90,total attempts obox_p90,total blocked scoring att_p90,total ontarget attempt_p90,total was fouled_p90,total goals_p90,total assists_p90,total big chances saved_p90,total direct setpiece goals_p90,total direct corner goals_p90,pass_success_pct_p90,long_balls_success_pct_p90,cross_success_pct_p90,dribble_success_pct_p90,attempt_success_pct_p90,duel_success_pct_p90,aerial_success_pct_p90,tackle_success_pct_p90,xG_p90,xA_p90,CreatedOwnShot_p90,Total Carries_p90,Total Carry xT_p90,Total Final Third Carries_p90,passes_into_final_third_p90,progressive_passes_p90,xT_pass_p90,forward_passes_p90,Pos.,total accurate back zone pass_TotalPR,total accurate fwd zone pass_TotalPR,total accurate pass_TotalPR,total att assist_TotalPR,total accurate long balls_TotalPR,total aerial won_TotalPR,total attempt_TotalPR,total attempts ibox_TotalPR,total contest_TotalPR,total dribbles attempted_TotalPR,total duels won_TotalPR,total effective clearance_TotalPR,total interception_TotalPR,total touches in opposition box_TotalPR,total won contest_TotalPR,total won tackle_TotalPR,total accurate cross_TotalPR,total attempts obox_TotalPR,total blocked scoring att_TotalPR,total ontarget attempt_TotalPR,total was fouled_TotalPR,total goals_TotalPR,total assists_TotalPR,total big chances saved_TotalPR,total direct setpiece goals_TotalPR,total direct corner goals_TotalPR,pass_success_pct_TotalPR,long_balls_success_pct_TotalPR,cross_success_pct_TotalPR,dribble_success_pct_TotalPR,attempt_success_pct_TotalPR,duel_success_pct_TotalPR,aerial_success_pct_TotalPR,tackle_success_pct_TotalPR,xG_TotalPR,xA_TotalPR,CreatedOwnShot_TotalPR,Total Carries_TotalPR,Total Carry xT_TotalPR,Total Final Third Carries_TotalPR,passes_into_final_third_TotalPR,progressive_passes_TotalPR,xT_pass_TotalPR,forward_passes_TotalPR,total accurate back zone pass_p90PR,total accurate fwd zone pass_p90PR,total accurate pass_p90PR,total att assist_p90PR,total accurate long balls_p90PR,total aerial won_p90PR,total attempt_p90PR,total attempts ibox_p90PR,total contest_p90PR,total dribbles attempted_p90PR,total duels won_p90PR,total effective clearance_p90PR,total interception_p90PR,total touches in opposition box_p90PR,total won contest_p90PR,total won tackle_p90PR,total accurate cross_p90PR,total attempts obox_p90PR,total blocked scoring att_p90PR,total ontarget attempt_p90PR,total was fouled_p90PR,total goals_p90PR,total assists_p90PR,total big chances saved_p90PR,total direct setpiece goals_p90PR,total direct corner goals_p90PR,pass_success_pct_p90PR,long_balls_success_pct_p90PR,cross_success_pct_p90PR,dribble_success_pct_p90PR,attempt_success_pct_p90PR,duel_success_pct_p90PR,aerial_success_pct_p90PR,tackle_success_pct_p90PR,xG_p90PR,xA_p90PR,CreatedOwnShot_p90PR,Total Carries_p90PR,Total Carry xT_p90PR,Total Final Third Carries_p90PR,passes_into_final_third_p90PR,progressive_passes_p90PR,xT_pass_p90PR,forward_passes_p90PR,League
Alanyaspor,84fpe0iynjdghwysyo5tizdkk,2uyo09o5dotyzlme4pxosx591,F. Aliti,Fidan Aliti,32,Defender,Kosovo,Defender,97.0,34.0,131.0,1.0,450.0,13.0,11.0,0.0,0.0,1.0,1.0,22.0,16.0,11.0,0.0,1.0,2.0,0.0,0.0,0.0,0.0,6.0,0.0,0.0,0.0,0.0,0.0,84.52,54.17,0.0,100.0,0.0,64.71,78.57,50.0,0.0,0.0,0.0,0.0,0.0,0.0,0.0,0.0,0.0,0.0,19.4,6.8,26.2,0.2,2.6,2.2,0.0,0.0,0.2,0.2,4.4,3.2,2.2,0.0,0.2,0.4,0.0,0.0,0.0,0.0,1.2,0.0,0.0,0.0,0.0,0.0,84.52,54.17,0.0,100.0,0.0,64.71,78.57,50.0,0.0,0.0,0.0,0.0,0.0,0.0,0.0,0.0,0.0,0.0,CB,36,33,36,51,65,86,11,14,47,47,93,56,100,8,58,35,43,33,38,26,92,42,44,49,51,51,17,61,43,85,26,72,83,33,24,29,40,29,29,35,21,21,21,21,22,14,14,39,56,74,11,14,42,42,69,28,97,8,51,24,43,33,38,26,86,42,44,49,51,51,17,61,43,85,26,72,83,33,24,29,40,29,29,35,21,21,21,21,Süper Lig
Alanyaspor,84fpe0iynjdghwysyo5tizdkk,5wnt4q34ojngvtxturq18rvmd,Hwang Ui-Jo,Ui-Jo Hwang,34,Attacker,Korea Republic,Striker,16.0,25.0,41.0,0.0,218.0,2.0,2.0,5.0,2.0,4.0,4.0,6.0,2.0,1.0,4.0,1.0,0.0,0.0,3.0,2.0,1.0,4.0,0.0,0.0,0.0,0.0,0.0,77.36,50.0,0.0,25.0,20.0,33.33,66.67,0.0,0.4611586077159573,0.0,2.0,1.0,0.02855202,2.0,4.0,5.0,0.0630793699999997,16.0,6.605504587155964,10.321100917431194,16.926605504587158,0.0,0.8256880733944955,0.8256880733944955,2.064220183486239,0.8256880733944955,1.651376146788991,1.651376146788991,2.4770642201834865,0.8256880733944955,0.4128440366972477,1.651376146788991,0.4128440366972477,0.0,0.0,1.2385321100917432,0.8256880733944955,0.4128440366972477,1.651376146788991,0.0,0.0,0.0,0.0,0.0,77.36,50.0,0.0,25.0,20.0,33.33,66.67,0.0,0.1903865811671383,0.0,0.8256880733944955,0.4128440366972477,0.0117875311926605,0.8256880733944955,1.651376146788991,2.064220183486239,0.0260419417431191,6.605504587155964,ST,48,44,52,5,52,32,18,15,40,39,19,56,55,3,32,16,29,65,61,16,58,18,35,52,52,52,61,44,29,26,24,23,95,16,29,10,55,27,29,60,61,63,29,60,68,55,71,5,66,35,39,16,58,58,19,65,68,6,39,16,29,84,71,23,68,18,35,52,52,52,61,44,29,26,24,23,95,16,39,10,68,26,35,74,71,74,29,71,Süper Lig
Alanyaspor,84fpe0iynjdghwysyo5tizdkk,btdiw5i7gt94ikdrhv91dgcus,B. Gezek,Baran Gezek,21,Midfielder,Türkiye,Midfielder,42.0,39.0,81.0,0.0,329.0,3.0,5.0,0.0,0.0,1.0,1.0,13.0,7.0,2.0,0.0,1.0,2.0,0.0,0.0,0.0,0.0,2.0,0.0,0.0,0.0,0.0,0.0,84.38,33.33,0.0,100.0,0.0,52.0,83.33,40.0,0.0,0.0,0.0,0.0,0.0,0.0,0.0,0.0,0.0,0.0,11.48936170212766,10.668693009118542,22.1580547112462,0.0,0.8206686930091186,1.3677811550151977,0.0,0.0,0.2735562310030395,0.2735562310030395,3.556231003039514,1.9148936170212767,0.547112462006079,0.0,0.2735562310030395,0.547112462006079,0.0,0.0,0.0,0.0,0.547112462006079,0.0,0.0,0.0,0.0,0.0,84.38,33.33,0.0,100.0,0.0,52.0,83.33,40.0,0.0,0.0,0.0,0.0,0.0,0.0,0.0,0.0,0.0,0.0,DM/CM,18,15,14,5,9,88,9,20,26,26,53,82,17,11,45,38,36,23,32,23,29,42,45,52,52,52,30,5,36,88,23,52,97,30,18,18,27,18,18,24,17,17,17,17,9,6,6,5,3,85,9,20,18,18,36,82,15,11,39,39,36,23,32,23,24,42,45,52,52,52,30,5,36,88,23,52,97,30,18,18,27,18,18,24,17,17,17,17,Süper Lig
Alanyaspor,84fpe0iynjdghwysyo5tizdkk,bv9ejevyrwdqc1j5rw4tkiy1h,F. Hadërgjonaj,Florent Hadërgjonaj,32,Defender,Kosovo,Defender,50.0,93.0,128.0,14.0,450.0,16.0,6.0,1.0,0.0,2.0,3.0,12.0,9.0,2.0,2.0,2.0,2.0,15.0,1.0,0.0,0.0,2.0,0.0,1.0,0.0,0.0,0.0,73.99,48.48,34.09,100.0,0.0,48.0,66.67,100.0,0.0492809810965786,1.6418955178909258,0.0,2.0,0.11090316,2.0,21.0,34.0,1.51824793,78.0,10.0,18.6,25.6,2.8,3.2,1.2,0.2,0.0,0.4,0.6,2.4,1.8,0.4,0.4,0.4,0.4,3.0,0.2,0.0,0.0,0.4,0.0,0.2,0.0,0.0,0.0,73.99,48.48,34.09,100.0,0.0,48.0,66.67,100.0,0.0098561962193157,0.3283791035781851,0.0,0.4,0.022180632,0.4,4.2,6.8,0.303649586,15.6,RB/RCB,19,88,44,100,81,62,28,16,50,62,22,47,16,31,62,16,100,78,31,28,34,44,84,44,53,53,12,50,94,91,28,31,91,91,38,100,44,47,69,75,94,94,100,75,6,81,19,100,75,50,12,16,38,56,19,38,12,31,56,6,100,69,31,28,19,44,75,44,53,53,12,50,94,91,28,31,91,91,38,100,44,44,56,75,88,94,100,69,Süper Lig
Alanyaspor,84fpe0iynjdghwysyo5tizdkk,c7ktjbc3jqj8kiwc8ru6sat5g,Ruan,Ruan Pereira Duarte,21,Attacker,Brazil,Striker,35.0,45.0,80.0,0.0,402.0,3.0,3.0,9.0,7.0,7.0,8.0,17.0,3.0,5.0,13.0,2.0,4.0,0.0,2.0,2.0,4.0,5.0,1.0,0.0,0.0,0.0,0.0,80.81,42.86,0.0,28.57,44.44,45.95,75.0,57.14,0.9703515810028748,0.0,3.0,5.0,0.10857373,2.0,10.0,11.0,0.2122680999999999,44.0,7.835820895522388,10.07462686567164,17.91044776119403,0.0,0.6716417910447761,0.6716417910447761,2.014925373134328,1.5671641791044777,1.5671641791044777,1.791044776119403,3.805970149253731,0.6716417910447761,1.1194029850746268,2.9104477611940296,0.4477611940298507,0.8955223880597015,0.0,0.4477611940298507,0.4477611940298507,0.8955223880597015,1.1194029850746268,0.2238805970149253,0.0,0.0,0.0,0.0,80.81,42.86,0.0,28.57,44.44,45.95,75.0,57.14,0.2172428912693003,0.0,0.6716417910447761,1.1194029850746268,0.0243075514925373,0.4477611940298507,2.238805970149253,2.462686567164179,0.0475227089552238,9.850746268656716,LW,91,64,82,9,45,77,82,91,45,50,82,91,95,73,14,86,27,41,73,91,68,68,41,55,55,55,64,9,27,18,64,45,86,45,73,9,50,18,18,36,77,77,45,82,55,27,27,9,27,64,36,64,18,18,36,64,73,55,9,64,27,18,55,55,45,55,41,55,55,55,64,9,27,18,64,45,86,45,64,9,27,9,9,27,73,36,18,73,Süper Lig
Alanyaspor,84fpe0iynjdghwysyo5tizdkk,c7uxn96yuy4m7s2ibr80hgc4q,İ. Kaya,Ibrahim Kaya,25,Attacker,Türkiye,Striker,11.0,24.0,35.0,4.0,235.0,3.0,4.0,6.0,3.0,4.0,4.0,19.0,2.0,0.0,9.0,1.0,2.0,0.0,3.0,4.0,1.0,11.0,0.0,0.0,0.0,0.0,0.0,76.09,75.0,0.0,25.0,16.67,61.29,44.44,66.67,0.4080903487665841,0.3135706831338319,5.0,6.0,0.2084171099999999,3.0,0.0,2.0,0.0841120699999999,6.0,4.212765957446808,9.191489361702128,13.404255319148936,1.5319148936170213,1.1489361702127658,1.5319148936170213,2.297872340425532,1.1489361702127658,1.5319148936170213,1.5319148936170213,7.276595744680851,0.7659574468085106,0.0,3.4468085106382977,0.3829787234042553,0.7659574468085106,0.0,1.1489361702127658,1.5319148936170213,0.3829787234042553,4.212765957446808,0.0,0.0,0.0,0.0,0.0,76.09,75.0,0.0,25.0,16.67,61.29,44.44,66.67,0.1562899208042237,0.1200908999235952,1.9148936170212765,2.297872340425532,0.0798193187234042,1.1489361702127658,0.0,0.7659574468085106,0.0322131331914893,2.297872340425532,ST,29,35,39,63,76,45,31,21,40,39,76,56,18,24,32,74,29,65,89,16,100,18,35,52,52,52,52,82,29,26,13,100,55,61,23,65,94,79,84,77,10,37,32,16,35,52,48,77,84,48,45,26,55,52,94,58,18,55,32,77,29,77,94,19,100,18,35,52,52,52,52,82,29,26,13,100,55,61,29,68,100,90,87,87,10,39,35,16,Süper Lig
Alanyaspor,84fpe0iynjdghwysyo5tizdkk,eyllkbdemtx2seh48r9l3czbp,G. Makouta,Gaïus Makouta,29,Midfielder,Congo,Midfielder,68.0,84.0,152.0,5.0,438.0,8.0,10.0,4.0,2.0,6.0,6.0,23.0,5.0,3.0,4.0,2.0,4.0,0.0,2.0,0.0,1.0,5.0,1.0,0.0,0.0,0.0,0.0,86.86,50.0,0.0,33.33,25.0,62.16,83.33,66.67,0.409074923487165,0.4773495483847595,1.0,18.0,0.4975295499999999,9.0,14.0,16.0,0.4913028999999997,82.0,13.972602739726028,17.26027397260274,31.23287671232877,1.0273972602739727,1.6438356164383563,2.054794520547945,0.8219178082191781,0.4109589041095891,1.2328767123287672,1.2328767123287672,4.726027397260275,1.0273972602739727,0.6164383561643836,0.8219178082191781,0.4109589041095891,0.8219178082191781,0.0,0.4109589041095891,0.0,0.2054794520547945,1.0273972602739727,0.2054794520547945,0.0,0.0,0.0,0.0,86.86,50.0,0.0,33.33,25.0,62.16,83.33,66.67,0.0840564911274996,0.098085523640704,0.2054794520547945,3.6986301369863015,0.1022320993150684,1.8493150684931507,2.876712328767124,3.2876712328767126,0.1009526506849314,16.84931506849315,DM/CM,44,73,73,85,39,100,79,79,92,92,89,65,41,67,70,61,36,73,32,64,64,92,45,52,52,52,52,21,36,42,50,88,97,70,88,85,65,100,100,100,68,79,85,76,24,48,30,70,27,100,52,67,79,76,76,52,21,58,64,48,36,61,32,48,48,88,45,52,52,52,52,21,36,42,50,88,97,70,73,82,55,97,100,100,48,64,73,58,Süper Lig
Alanyaspor,84fpe0iynjdghwysyo5tizdkk,fwnnz9wriid0xznpbpdy82s4,Nuno Lima,Nuno Miguel Reis Lima,25,Defender,Portugal,Defender,129.0,62.0,191.0,2.0,449.0,21.0,15.0,2.0,2.0,1.0,1.0,27.0,26.0,7.0,5.0,0.0,6.0,0.0,0.0,0.0,1.0,5.0,1.0,0.0,0.0,0.0,0.0,88.02,61.76,0.0,0.0,50.0,58.7,65.22,75.0,0.2057995692781243,0.0433163640651391,0.0,2.0,0.03301341,0.0,11.0,10.0,0.18793289,75.0,25.857461024498885,12.42761692650334,38.28507795100223,0.4008908685968819,4.20935412026726,3.0066815144766146,0.4008908685968819,0.4008908685968819,0.2004454342984409,0.2004454342984409,5.412026726057906,5.211581291759465,1.4031180400890868,1.0022271714922049,0.0,1.2026726057906458,0.0,0.0,0.0,0.2004454342984409,1.0022271714922049,0.2004454342984409,0.0,0.0,0.0,0.0,88.02,61.76,0.0,0.0,50.0,58.7,65.22,75.0,0.0412515840423857,0.0086825674072661,0.0,0.4008908685968819,0.0066173873051224,0.0,2.2048997772828507,2.0044543429844097,0.0376702897550111,15.033407572383071,RB/RCB,94,50,94,44,94,100,62,75,25,19,94,97,94,53,16,88,19,34,31,75,75,94,38,44,53,53,69,94,19,16,84,81,81,53,62,50,44,47,44,34,62,62,44,69,81,25,75,31,88,100,47,59,19,19,81,81,75,44,16,62,19,34,31,59,62,91,38,44,53,53,69,94,19,16,84,81,81,53,62,44,44,50,44,34,62,50,38,62,Süper Lig
Alanyaspor,84fpe0iynjdghwysyo5tizdkk,ray2bklw80bcyydzk7wmgutw,A. Usluoğlu,Arda Usluoglu,19,Attacker,Türkiye,Striker,14.0,15.0,29.0,1.0,267.0,1.0,6.0,5.0,4.0,4.0,4.0,17.0,1.0,0.0,6.0,1.0,1.0,0.0,1.0,1.0,2.0,8.0,1.0,0.0,0.0,0.0,0.0,65.91,100.0,0.0,25.0,40.0,38.64,40.0,50.0,0.8546304539677125,0.0885576440067671,1.0,0.0,0.0,0.0,4.0,3.0,0.1038393899999998,8.0,4.719101123595506,5.056179775280898,9.775280898876405,0.3370786516853932,0.3370786516853932,2.02247191011236,1.6853932584269662,1.348314606741573,1.348314606741573,1.348314606741573,5.730337078651685,0.3370786516853932,0.0,2.02247191011236,0.3370786516853932,0.3370786516853932,0.0,0.3370786516853932,0.3370786516853932,0.6741573033707865,2.696629213483146,0.3370786516853932,0.0,0.0,0.0,0.0,65.91,100.0,0.0,25.0,40.0,38.64,40.0,50.0,0.2880776811127121,0.0298508912382361,0.3370786516853932,0.0,0.0,0.0,1.348314606741573,1.0112359550561798,0.0350020415730336,2.696629213483146,ST,39,16,26,13,27,55,18,31,40,39,56,26,18,13,32,48,29,24,35,44,79,47,35,52,52,52,19,97,29,26,68,35,42,44,55,23,32,13,13,16,61,47,39,24,48,13,29,10,29,61,16,39,39,39,77,35,18,10,26,58,29,19,39,48,94,48,35,52,52,52,19,97,29,26,68,35,42,44,65,26,32,13,13,16,65,45,39,32,Süper Lig
Amed,2154uhyeun0lm781iiiijqhwo,19htxtc8lmbfsv83py7hzqb8q,Y. Sor,Yira Sor,26,Attacker,Nigeria,Striker,18.0,47.0,65.0,2.0,217.0,1.0,0.0,5.0,4.0,6.0,7.0,9.0,0.0,4.0,14.0,4.0,3.0,0.0,1.0,1.0,3.0,2.0,1.0,0.0,0.0,0.0,0.0,86.67,50.0,0.0,66.67,60.0,52.94,0.0,100.0,0.3719120599227686,0.1689594064966278,2.0,7.0,0.19278699,4.0,3.0,1.0,0.12681127,18.0,7.465437788018433,19.493087557603687,26.95852534562212,0.8294930875576038,0.4147465437788019,0.0,2.0737327188940093,1.6589861751152075,2.4884792626728114,2.903225806451613,3.7327188940092166,0.0,1.6589861751152075,5.806451612903226,1.6589861751152075,1.2442396313364057,0.0,0.4147465437788019,0.4147465437788019,1.2442396313364057,0.8294930875576038,0.4147465437788019,0.0,0.0,0.0,0.0,86.67,50.0,0.0,66.67,60.0,52.94,0.0,100.0,0.1542492414426229,0.070075329883394,0.8294930875576038,2.903225806451613,0.0799577377880184,1.6589861751152075,1.2442396313364057,0.4147465437788019,0.0525945359447004,7.465437788018433,LW,45,73,64,36,14,23,45,55,27,27,9,23,77,82,59,64,27,14,41,64,23,68,41,55,55,55,82,27,27,77,100,91,27,77,36,36,27,32,27,64,41,18,18,27,27,91,73,36,9,23,45,73,27,27,27,23,100,82,55,82,27,9,36,91,27,73,41,55,55,55,82,27,27,77,100,91,27,77,36,36,36,45,36,64,36,18,27,36,Süper Lig
Amed,2154uhyeun0lm781iiiijqhwo,2aryulqex3ercfr5naj04x9zp,D. Sabi'a,Diaa Sabi'a,33,Attacker,Israel,Striker,37.0,63.0,94.0,8.0,338.0,6.0,0.0,10.0,5.0,11.0,11.0,18.0,2.0,1.0,11.0,7.0,4.0,6.0,5.0,4.0,3.0,4.0,2.0,0.0,0.0,0.0,0.0,76.42,54.55,21.43,63.64,30.0,60.0,0.0,57.14,1.279395153149947,0.6506704727454503,3.0,7.0,0.14506236,3.0,12.0,15.0,0.3516426499999999,43.0,9.85207100591716,16.775147928994084,25.02958579881657,2.1301775147929,1.5976331360946745,0.0,2.662721893491124,1.331360946745562,2.9289940828402368,2.9289940828402368,4.792899408284024,0.5325443786982249,0.2662721893491124,2.9289940828402368,1.863905325443787,1.0650887573964498,1.5976331360946745,1.331360946745562,1.0650887573964498,0.7988165680473372,1.0650887573964498,0.5325443786982249,0.0,0.0,0.0,0.0,76.42,54.55,21.43,63.64,30.0,60.0,0.0,57.14,0.3406673484718794,0.173255451322753,0.7988165680473372,1.863905325443787,0.0386260721893491,0.7988165680473372,3.195266272189349,3.994082840236687,0.0936326582840236,11.449704142011834,ST,94,87,90,95,97,10,74,42,95,94,68,56,55,39,97,95,97,95,89,63,58,69,35,52,52,52,55,52,68,84,44,97,10,55,77,90,76,87,55,77,94,94,84,89,97,87,87,90,94,10,58,35,87,87,48,42,55,26,94,90,97,94,87,55,55,74,35,52,52,52,55,52,68,84,44,97,10,55,71,87,65,77,58,71,94,97,71,87,Süper Lig
Amed,2154uhyeun0lm781iiiijqhwo,3vlfegi0u5rws1eh9ri1uiz85,U. Meraş,Umut Meras,30,Defender,Türkiye,Defender,50.0,46.0,96.0,0.0,238.0,4.0,1.0,1.0,0.0,0.0,0.0,4.0,5.0,2.0,4.0,0.0,1.0,0.0,1.0,0.0,0.0,0.0,0.0,0.0,0.0,0.0,0.0,82.05,30.77,0.0,0.0,0.0,40.0,50.0,33.33,0.0,0.0,0.0,0.0,0.0,0.0,0.0,0.0,0.0,0.0,18.907563025210084,17.39495798319328,36.30252100840336,0.0,1.512605042016807,0.3781512605042016,0.3781512605042016,0.0,0.0,0.0,1.512605042016807,1.8907563025210083,0.7563025210084033,1.512605042016807,0.0,0.3781512605042016,0.0,0.3781512605042016,0.0,0.0,0.0,0.0,0.0,0.0,0.0,0.0,82.05,30.77,0.0,0.0,0.0,40.0,50.0,33.33,0.0,0.0,0.0,0.0,0.0,0.0,0.0,0.0,0.0,0.0,LB/LCB,43,48,36,10,29,21,36,24,12,12,10,12,45,57,19,17,17,57,36,29,7,40,43,50,52,52,29,19,17,19,29,5,62,17,19,19,26,14,14,19,14,14,14,14,67,52,71,10,33,24,43,24,12,12,10,14,57,62,19,24,17,71,36,29,7,40,43,50,52,52,29,19,17,19,29,5,62,17,19,19,26,14,14,19,14,14,14,14,Süper Lig
Amed,2154uhyeun0lm781iiiijqhwo,8k3jxrfq2go74uy428d09wwd1,M. Diagne,Mbaye Diagne,34,Attacker,Senegal,Striker,11.0,13.0,24.0,0.0,210.0,2.0,3.0,7.0,6.0,0.0,0.0,4.0,2.0,1.0,11.0,0.0,0.0,0.0,1.0,1.0,2.0,1.0,0.0,0.0,0.0,0.0,0.0,72.73,66.67,0.0,0.0,28.57,28.57,50.0,0.0,0.6302932743931609,0.0,2.0,1.0,0.0241224,1.0,1.0,0.0,0.0121193699999999,8.0,4.714285714285714,5.571428571428571,10.285714285714285,0.0,0.8571428571428571,1.2857142857142856,3.0,2.571428571428571,0.0,0.0,1.7142857142857142,0.8571428571428571,0.4285714285714285,4.714285714285714,0.0,0.0,0.0,0.4285714285714285,0.4285714285714285,0.8571428571428571,0.4285714285714285,0.0,0.0,0.0,0.0,0.0,72.73,66.67,0.0,0.0,28.57,28.57,50.0,0.0,0.2701256890256403,0.0,0.8571428571428571,0.4285714285714285,0.0103381714285714,0.4285714285714285,0.4285714285714285,0.0,0.0051940157142856,3.4285714285714284,ST,29,8,13,5,52,40,40,55,3,3,13,56,55,39,6,16,29,24,35,44,16,18,35,52,52,52,39,65,29,6,39,16,76,16,39,10,55,27,26,40,24,10,13,24,45,23,35,5,71,45,68,77,3,3,13,71,71,68,6,16,29,29,48,58,16,18,35,52,52,52,39,65,29,6,39,16,76,16,61,10,71,29,29,52,29,10,13,42,Süper Lig
Amed,2154uhyeun0lm781iiiijqhwo,ad3d93oh7zcf8rozwheaklpwq,S. Ballet,Samuel Ballet,25,Attacker,Switzerland,Striker,26.0,39.0,64.0,5.0,250.0,5.0,0.0,4.0,2.0,17.0,17.0,22.0,0.0,0.0,11.0,7.0,4.0,1.0,2.0,0.0,2.0,9.0,0.0,1.0,0.0,0.0,0.0,73.56,71.43,20.0,41.18,50.0,40.0,0.0,66.67,0.932063066249537,0.373681389673568,3.0,6.0,0.18490647,3.0,6.0,10.0,0.2745423699999999,22.0,9.36,14.04,23.04,1.8,1.8,0.0,1.44,0.72,6.12,6.12,7.92,0.0,0.0,3.96,2.52,1.44,0.36,0.72,0.0,0.72,3.24,0.0,0.36,0.0,0.0,0.0,73.56,71.43,20.0,41.18,50.0,40.0,0.0,66.67,0.3355427038498333,0.1345253002824845,1.08,2.16,0.0665663292,1.08,2.16,3.6,0.0988352531999999,7.92,RW,38,19,28,44,62,22,19,28,88,88,81,16,22,53,75,84,28,41,16,50,84,31,81,53,53,53,25,72,50,31,75,19,22,75,75,50,53,41,56,56,59,75,50,34,56,44,38,62,69,22,25,31,100,100,100,16,22,69,88,88,31,44,16,56,100,31,81,53,53,53,25,72,50,31,75,19,22,75,88,69,75,56,69,69,69,75,56,56,Süper Lig
Amed,2154uhyeun0lm781iiiijqhwo,adrn1x15rsehvnava8q9ofuvo,G. Orban,Gift Orban,24,Attacker,Nigeria,Striker,17.0,31.0,48.0,5.0,263.0,3.0,0.0,8.0,4.0,5.0,5.0,3.0,2.0,0.0,8.0,1.0,1.0,0.0,4.0,1.0,3.0,1.0,3.0,1.0,0.0,0.0,0.0,82.76,50.0,0.0,20.0,37.5,12.0,0.0,100.0,1.210687865683307,0.2793200127000831,3.0,5.0,0.14598906,2.0,5.0,8.0,0.2897121499999998,14.0,5.817490494296578,10.608365019011408,16.425855513307987,1.711026615969582,1.0266159695817492,0.0,2.737642585551331,1.3688212927756656,1.711026615969582,1.711026615969582,1.0266159695817492,0.6844106463878328,0.0,2.737642585551331,0.3422053231939164,0.3422053231939164,0.0,1.3688212927756656,0.3422053231939164,1.0266159695817492,0.3422053231939164,1.0266159695817492,0.3422053231939164,0.0,0.0,0.0,82.76,50.0,0.0,20.0,37.5,12.0,0.0,100.0,0.4143038323631089,0.0955847952205607,1.0266159695817492,1.711026615969582,0.049958233460076,0.6844106463878328,1.711026615969582,2.737642585551331,0.0991410399239543,4.790874524714829,ST,56,65,58,77,76,10,50,31,58,56,8,56,18,19,32,48,29,81,35,63,16,84,82,52,52,52,81,44,29,16,61,3,10,87,74,58,76,66,58,60,71,82,68,52,65,65,61,84,74,10,61,42,61,61,10,48,18,19,29,61,29,97,42,65,13,87,84,52,52,52,81,44,29,16,61,3,10,87,87,65,81,71,74,61,74,87,77,58,Süper Lig
Amed,2154uhyeun0lm781iiiijqhwo,baogzi00mwdclwbvkd618evv9,R. Raveloson,Rayan Raveloson,29,Midfielder,Madagascar,Midfielder,82.0,64.0,146.0,2.0,350.0,8.0,4.0,5.0,3.0,6.0,6.0,21.0,3.0,2.0,7.0,4.0,3.0,0.0,2.0,3.0,1.0,7.0,0.0,0.0,0.0,0.0,0.0,82.02,47.06,0.0,66.67,20.0,53.85,80.0,50.0,0.5149742439335157,0.1036516667958092,2.0,4.0,0.1225075,2.0,14.0,8.0,0.2027900799999998,64.0,21.085714285714285,16.45714285714286,37.54285714285714,0.5142857142857143,2.0571428571428574,1.0285714285714287,1.2857142857142858,0.7714285714285715,1.542857142857143,1.542857142857143,5.4,0.7714285714285715,0.5142857142857143,1.8,1.0285714285714287,0.7714285714285715,0.0,0.5142857142857143,0.7714285714285715,0.2571428571428572,1.8,0.0,0.0,0.0,0.0,0.0,82.02,47.06,0.0,66.67,20.0,53.85,80.0,50.0,0.1324219484400468,0.0266532857474937,0.5142857142857143,1.0285714285714287,0.0315019285714285,0.5142857142857143,3.6,2.0571428571428574,0.0521460205714285,16.45714285714286,DM/CM,76,53,70,38,39,79,86,95,92,92,82,39,17,92,92,50,36,73,98,64,79,42,45,52,52,52,24,15,36,61,45,59,91,44,100,45,82,62,76,58,68,45,48,59,48,36,45,30,36,79,82,91,88,85,82,21,9,85,91,45,36,73,100,58,76,42,45,52,52,52,24,15,36,61,45,59,91,44,97,39,79,61,73,58,64,45,45,55,Süper Lig
Amed,2154uhyeun0lm781iiiijqhwo,btz2lf5s3h6svre1o5jgmvf85,D. Bates,David Bates,29,Defender,Scotland,Defender,164.0,39.0,203.0,1.0,331.0,8.0,7.0,0.0,0.0,0.0,0.0,15.0,23.0,3.0,1.0,0.0,4.0,0.0,0.0,0.0,0.0,2.0,0.0,0.0,0.0,0.0,0.0,93.55,53.33,0.0,0.0,0.0,68.18,70.0,66.67,0.0,0.1449608898255738,0.0,0.0,0.0,0.0,3.0,6.0,0.3065349500000001,90.0,44.59214501510574,10.604229607250756,55.1963746223565,0.2719033232628399,2.175226586102719,1.9033232628398795,0.0,0.0,0.0,0.0,4.078549848942599,6.253776435045317,0.8157099697885197,0.2719033232628399,0.0,1.0876132930513596,0.0,0.0,0.0,0.0,0.5438066465256798,0.0,0.0,0.0,0.0,0.0,93.55,53.33,0.0,0.0,0.0,68.18,70.0,66.67,0.0,0.0394153476867119,0.0,0.0,0.0,0.0,0.8157099697885197,1.6314199395770397,0.0833478716012084,24.471299093655592,CB,89,36,61,51,51,61,11,14,18,18,57,79,38,31,24,82,43,33,38,26,54,42,44,49,51,51,89,58,43,24,26,81,62,56,24,75,40,29,29,35,44,56,64,69,89,25,69,50,47,64,11,14,18,18,58,86,36,33,24,89,43,33,38,26,56,42,44,49,51,51,89,58,43,24,26,81,62,56,24,78,40,29,29,35,42,58,69,72,Süper Lig
Amed,2154uhyeun0lm781iiiijqhwo,c2dyis8v8w6p8e40n0hmkdtgq,E. Krasniqi,Ermal Krasniqi,28,Attacker,Kosovo,Striker,56.0,49.0,103.0,6.0,360.0,3.0,2.0,6.0,3.0,11.0,12.0,24.0,5.0,4.0,6.0,4.0,7.0,2.0,3.0,2.0,1.0,1.0,0.0,0.0,0.0,0.0,0.0,85.12,75.0,15.38,36.36,16.67,43.64,66.67,41.18,1.3006583127383309,0.515966034754785,3.0,12.0,0.2690751499999999,2.0,6.0,8.0,0.5142563999999997,48.0,14.0,12.25,25.75,1.5,0.75,0.5,1.5,0.75,2.75,3.0,6.0,1.25,1.0,1.5,1.0,1.75,0.5,0.75,0.5,0.25,0.25,0.0,0.0,0.0,0.0,0.0,85.12,75.0,15.38,36.36,16.67,43.64,66.67,41.18,0.3251645781845827,0.1289915086886962,0.75,3.0,0.0672687874999999,0.5,1.5,2.0,0.1285640999999999,12.0,RW,94,53,69,66,38,66,41,44,62,62,94,75,81,19,28,94,50,56,72,25,9,31,34,53,53,53,88,84,44,19,28,38,94,44,94,62,53,78,75,28,59,62,69,78,94,25,50,53,38,69,38,41,50,50,88,75,81,12,16,94,50,50,75,25,6,31,34,53,53,53,88,84,44,19,28,38,94,44,81,62,44,81,75,19,56,62,69,75,Süper Lig
Amed,2154uhyeun0lm781iiiijqhwo,med38wao6izkoagys1dvvv56,L. Dellova,Lumbardh Dellova,27,Defender,Kosovo,Defender,143.0,80.0,223.0,3.0,360.0,18.0,8.0,0.0,0.0,5.0,5.0,17.0,11.0,4.0,1.0,4.0,4.0,0.0,0.0,0.0,0.0,0.0,0.0,1.0,0.0,0.0,0.0,87.11,72.0,0.0,80.0,0.0,80.95,88.89,80.0,0.0,0.2667201831664458,0.0,2.0,0.03682666,0.0,14.0,11.0,0.31086926,83.0,35.75,20.0,55.75,0.75,4.5,2.0,0.0,0.0,1.25,1.25,4.25,2.75,1.0,0.25,1.0,1.0,0.0,0.0,0.0,0.0,0.0,0.0,0.25,0.0,0.0,0.0,87.11,72.0,0.0,80.0,0.0,80.95,88.89,80.0,0.0,0.0666800457916114,0.0,0.5,0.009206665,0.0,3.5,2.75,0.077717315,20.75,CB,65,83,78,93,82,68,11,14,96,96,64,25,56,31,97,82,43,33,38,26,8,42,94,49,51,51,28,97,43,65,26,100,100,68,24,97,40,78,72,35,75,64,67,67,57,72,72,85,88,67,11,14,92,92,67,18,46,24,99,69,43,33,38,26,8,42,96,49,51,51,28,97,43,65,26,100,100,68,24,92,40,78,75,35,78,67,64,64,Süper Lig
Beşiktaş,2ez9cvam9lp9jyhng3eh3znb4,1o7uvhqqueh716napx4qpq99m,R. Yılmaz,Ridvan Yilmaz,25,Defender,Türkiye,Defender,43.0,53.0,94.0,5.0,280.0,3.0,2.0,4.0,3.0,4.0,5.0,13.0,7.0,2.0,9.0,3.0,3.0,2.0,1.0,0.0,1.0,3.0,1.0,0.0,0.0,0.0,0.0,82.46,33.33,15.38,75.0,25.0,65.0,40.0,60.0,0.2493761611846361,0.5014768246871715,1.0,4.0,0.0818135299999999,2.0,7.0,4.0,0.2224619699999999,42.0,13.821428571428571,17.035714285714285,30.214285714285715,1.6071428571428572,0.9642857142857144,0.6428571428571428,1.2857142857142856,0.9642857142857144,1.2857142857142856,1.6071428571428572,4.178571428571429,2.25,0.6428571428571428,2.892857142857143,0.9642857142857144,0.9642857142857144,0.6428571428571428,0.3214285714285714,0.0,0.3214285714285714,0.9642857142857144,0.3214285714285714,0.0,0.0,0.0,0.0,82.46,33.33,15.38,75.0,25.0,65.0,40.0,60.0,0.0801566232379187,0.1611889793637337,0.3214285714285714,1.2857142857142856,0.0262972060714285,0.6428571428571428,2.25,1.2857142857142856,0.0715056332142856,13.5,LB/LCB,26,52,29,81,21,40,71,79,64,62,43,36,45,74,79,45,67,57,36,71,69,90,43,50,52,52,33,24,48,81,71,90,40,57,62,81,62,50,48,62,45,36,38,43,19,48,38,86,24,43,81,90,67,71,62,45,48,90,81,48,76,67,36,76,67,100,43,50,52,52,33,24,48,81,71,90,40,57,57,81,67,52,52,62,45,38,38,43,Süper Lig
Beşiktaş,2ez9cvam9lp9jyhng3eh3znb4,34v5jfxiuihw9kywwxo0bxuz8,T. Bulut,Taylan Bulut,20,Defender,Germany,Defender,27.0,32.0,58.0,1.0,179.0,1.0,1.0,1.0,1.0,2.0,2.0,4.0,3.0,3.0,6.0,0.0,2.0,1.0,0.0,1.0,0.0,1.0,0.0,0.0,1.0,0.0,0.0,86.57,50.0,33.33,0.0,0.0,28.57,25.0,100.0,0.0658468307648821,0.040944960713546,0.0,0.0,0.0,0.0,2.0,3.0,0.1200664299999999,28.0,13.575418994413408,16.089385474860336,29.16201117318436,0.5027932960893855,0.5027932960893855,0.5027932960893855,0.5027932960893855,0.5027932960893855,1.005586592178771,1.005586592178771,2.011173184357542,1.5083798882681565,1.5083798882681565,3.016759776536313,0.0,1.005586592178771,0.5027932960893855,0.0,0.5027932960893855,0.0,0.5027932960893855,0.0,0.0,0.5027932960893855,0.0,0.0,86.57,50.0,33.33,0.0,0.0,28.57,25.0,100.0,0.033107345077315,0.0205868517554141,0.0,0.0,0.0,0.0,1.005586592178771,1.5083798882681565,0.0603685960893854,14.078212290502792,RB/RCB,6,12,6,25,6,25,28,44,50,44,6,12,34,72,16,16,50,34,81,28,19,44,38,94,53,53,56,59,84,16,28,6,25,91,44,44,44,19,19,34,31,31,38,38,25,62,38,44,6,38,69,75,69,69,12,19,88,100,16,56,75,34,100,28,38,44,38,100,53,53,56,59,84,16,28,6,25,91,56,50,44,19,19,34,31,38,50,56,Süper Lig
Beşiktaş,2ez9cvam9lp9jyhng3eh3znb4,36h87ecgmpjdltk1epsbvmiju,E. Agbadou,Emmanuel Agbadou,29,Defender,Côte d'Ivoire,Defender,225.0,107.0,332.0,2.0,450.0,17.0,11.0,1.0,1.0,1.0,1.0,21.0,17.0,7.0,3.0,1.0,3.0,0.0,0.0,0.0,0.0,1.0,0.0,1.0,0.0,0.0,0.0,92.74,60.71,0.0,100.0,0.0,51.22,73.33,33.33,0.1070651133233834,0.2385261709762333,0.0,2.0,0.04320281,0.0,21.0,24.0,0.7279665499999997,217.0,45.0,21.4,66.4,0.4,3.4,2.2,0.2,0.2,0.2,0.2,4.2,3.4,1.4,0.6,0.2,0.6,0.0,0.0,0.0,0.0,0.2,0.0,0.2,0.0,0.0,0.0,92.74,60.71,0.0,100.0,0.0,51.22,73.33,33.33,0.0214130226646766,0.0477052341952466,0.0,0.4,0.008640562,0.0,4.2,4.8,0.1455933099999999,43.4,CB,97,97,97,76,75,86,32,44,47,47,82,62,93,62,58,60,43,33,38,26,29,42,94,49,51,51,81,83,43,85,26,42,71,15,50,94,40,78,75,35,93,94,100,97,92,81,94,65,67,74,24,29,42,42,62,32,71,53,51,42,43,33,38,26,17,42,90,49,51,51,81,83,43,85,26,42,71,15,50,89,40,74,72,35,89,83,97,94,Süper Lig
Beşiktaş,2ez9cvam9lp9jyhng3eh3znb4,3ua8gs8tzx1dkdi9z88kjk9nt,D. Vlahović,Dusan Vlahovic,26,Attacker,Serbia,Striker,7.0,13.0,20.0,1.0,189.0,0.0,0.0,9.0,9.0,4.0,4.0,2.0,1.0,0.0,17.0,1.0,0.0,0.0,0.0,0.0,8.0,1.0,4.0,0.0,0.0,0.0,0.0,71.43,0.0,0.0,25.0,88.89,12.5,0.0,0.0,0.0,0.0,0.0,0.0,0.0,0.0,0.0,0.0,0.0,0.0,3.333333333333333,6.19047619047619,9.523809523809524,0.4761904761904761,0.0,0.0,4.285714285714286,4.285714285714286,1.9047619047619049,1.9047619047619049,0.9523809523809524,0.4761904761904761,0.0,8.095238095238095,0.4761904761904761,0.0,0.0,0.0,0.0,3.809523809523809,0.4761904761904761,1.9047619047619049,0.0,0.0,0.0,0.0,71.43,0.0,0.0,25.0,88.89,12.5,0.0,0.0,0.0,0.0,0.0,0.0,0.0,0.0,0.0,0.0,0.0,0.0,ST,16,8,6,13,11,10,63,81,40,39,3,26,18,71,32,16,29,6,11,97,16,94,35,52,52,52,32,11,29,26,100,6,10,16,6,10,11,13,13,16,10,10,6,6,23,29,26,16,11,10,94,94,68,68,6,39,18,94,48,16,29,6,11,97,19,100,35,52,52,52,32,11,29,26,100,6,10,16,6,10,11,13,13,16,10,10,6,6,Süper Lig
Beşiktaş,2ez9cvam9lp9jyhng3eh3znb4,49a9iffawhh36qev0fguqu4us,J. Olaïtan,Junior Olaïtan,24,Midfielder,Benin,Midfielder,42.0,145.0,187.0,9.0,377.0,12.0,5.0,6.0,2.0,11.0,11.0,22.0,1.0,0.0,7.0,6.0,3.0,0.0,4.0,2.0,2.0,6.0,0.0,2.0,0.0,0.0,0.0,89.9,92.31,0.0,54.55,33.33,55.0,62.5,60.0,0.3875123330893858,0.7894191197875735,2.0,17.0,0.3837917299999999,7.0,32.0,37.0,0.9251843099999996,108.0,10.026525198938993,34.61538461538461,44.6419098143236,2.1485411140583555,2.8647214854111405,1.1936339522546418,1.4323607427055702,0.4774535809018567,2.625994694960212,2.625994694960212,5.251989389920424,0.2387267904509283,0.0,1.6710875331564985,1.4323607427055702,0.7161803713527851,0.0,0.9549071618037136,0.4774535809018567,0.4774535809018567,1.4323607427055702,0.0,0.4774535809018567,0.0,0.0,0.0,89.9,92.31,0.0,54.55,33.33,55.0,62.5,60.0,0.0925095755385801,0.1884554927874843,0.4774535809018567,4.058355437665782,0.0916213679045092,1.6710875331564985,7.639257294429708,8.83289124668435,0.2208662809018566,25.782493368700266,CM/AM,50,89,83,67,83,94,56,33,94,94,94,31,14,44,94,56,14,69,53,69,67,33,86,53,50,53,100,94,14,56,81,89,86,50,44,61,53,97,89,92,94,97,72,89,22,89,83,56,78,89,39,22,89,78,83,22,14,33,94,44,14,61,39,67,56,33,72,53,50,53,100,94,14,56,81,89,86,50,28,56,44,94,94,89,94,100,78,89,Süper Lig
Beşiktaş,2ez9cvam9lp9jyhng3eh3znb4,8jjep8bx1jpjuf8firxccc549,Tiago Djaló,Tiago Emanuel Embaló Djaló,26,Defender,Portugal,Defender,79.0,31.0,110.0,0.0,193.0,4.0,5.0,2.0,1.0,2.0,2.0,13.0,15.0,3.0,1.0,2.0,3.0,0.0,1.0,0.0,0.0,1.0,0.0,0.0,0.0,0.0,0.0,92.44,40.0,0.0,100.0,0.0,59.09,71.43,60.0,0.2571823357253391,0.0,0.0,0.0,0.0,0.0,6.0,3.0,0.1451194099999998,76.0,36.83937823834197,14.455958549222798,51.29533678756477,0.0,1.865284974093264,2.3316062176165806,0.932642487046632,0.466321243523316,0.932642487046632,0.932642487046632,6.062176165803109,6.994818652849741,1.3989637305699485,0.466321243523316,0.932642487046632,1.3989637305699485,0.0,0.466321243523316,0.0,0.0,0.466321243523316,0.0,0.0,0.0,0.0,0.0,92.44,40.0,0.0,100.0,0.0,59.09,71.43,60.0,0.119929586607671,0.0,0.0,0.0,0.0,0.0,2.7979274611398965,1.3989637305699485,0.0676722637305698,35.44041450777202,CB,28,25,25,18,19,42,50,44,69,68,42,49,38,31,81,60,43,74,38,26,29,42,44,49,51,51,75,21,43,85,26,53,67,46,72,29,40,29,29,35,56,44,47,64,67,44,56,18,36,78,69,64,81,78,94,92,67,44,94,94,43,83,38,26,44,42,44,49,51,51,75,21,43,85,26,53,67,46,86,29,40,29,29,35,64,53,58,83,Süper Lig
Beşiktaş,2ez9cvam9lp9jyhng3eh3znb4,8qwpdf5jof7o6yy47v6iv11hx,L. Trossard,Leandro Trossard,31,Attacker,Belgium,Striker,32.0,136.0,167.0,7.0,385.0,13.0,0.0,16.0,10.0,18.0,19.0,21.0,1.0,3.0,30.0,10.0,1.0,1.0,6.0,8.0,3.0,10.0,1.0,1.0,0.0,0.0,0.0,80.68,65.0,14.29,55.56,18.75,44.68,0.0,100.0,1.3212619883974075,0.6563323240023118,7.0,30.0,0.7730289499999998,11.0,17.0,33.0,1.3355882400000003,87.0,7.48051948051948,31.7922077922078,39.03896103896104,1.6363636363636365,3.038961038961039,0.0,3.74025974025974,2.3376623376623376,4.207792207792208,4.441558441558442,4.909090909090909,0.2337662337662337,0.7012987012987013,7.012987012987013,2.3376623376623376,0.2337662337662337,0.2337662337662337,1.4025974025974026,1.87012987012987,0.7012987012987013,2.3376623376623376,0.2337662337662337,0.2337662337662337,0.0,0.0,0.0,80.68,65.0,14.29,55.56,18.75,44.68,0.0,100.0,0.3088664388461472,0.1534283354810599,1.6363636363636365,7.012987012987013,0.1807080662337662,2.571428571428572,3.9740259740259742,7.714285714285714,0.3122154327272728,20.337662337662337,LW,82,100,100,82,100,23,100,100,100,100,100,50,64,100,91,36,55,91,100,64,100,68,91,55,55,55,55,55,55,64,9,36,27,77,100,91,91,100,100,100,100,100,100,100,36,100,100,64,100,23,100,100,82,73,64,45,36,100,82,18,55,82,100,36,73,64,82,55,55,55,55,55,55,64,9,36,27,77,91,64,73,91,82,100,91,100,100,100,Süper Lig
Beşiktaş,2ez9cvam9lp9jyhng3eh3znb4,9qe7czo24c9hz308iuzgx9nxm,Oh Hyeon-Gyu,Hyeon-Gyu Oh,25,Attacker,Korea Republic,Striker,8.0,27.0,34.0,3.0,198.0,4.0,1.0,8.0,6.0,3.0,3.0,6.0,2.0,0.0,18.0,1.0,1.0,1.0,2.0,2.0,2.0,3.0,0.0,1.0,0.0,0.0,0.0,77.27,100.0,100.0,33.33,25.0,37.5,25.0,100.0,0.8427580278073563,0.3516402630684348,0.0,5.0,0.16317742,2.0,2.0,1.0,0.21688326,10.0,3.636363636363636,12.272727272727272,15.454545454545451,1.3636363636363635,1.818181818181818,0.4545454545454545,3.636363636363636,2.727272727272727,1.3636363636363635,1.3636363636363635,2.727272727272727,0.9090909090909092,0.0,8.181818181818182,0.4545454545454545,0.4545454545454545,0.4545454545454545,0.9090909090909092,0.9090909090909092,0.9090909090909092,1.3636363636363635,0.0,0.4545454545454545,0.0,0.0,0.0,77.27,100.0,100.0,33.33,25.0,37.5,25.0,100.0,0.3830718308215255,0.1598364832129249,0.0,2.2727272727272725,0.0741715545454545,0.9090909090909092,0.9090909090909092,0.4545454545454545,0.0985832999999999,4.545454545454545,ST,19,55,34,48,87,23,50,55,24,24,19,56,18,74,32,48,66,47,61,44,44,18,82,52,52,52,58,97,100,37,34,32,23,87,52,68,11,66,77,60,37,24,52,35,29,77,55,68,97,26,81,84,42,42,23,74,18,97,45,65,77,65,81,61,58,18,94,52,52,52,58,97,100,37,34,32,23,87,81,84,11,87,84,81,48,29,74,52,Süper Lig
Beşiktaş,2ez9cvam9lp9jyhng3eh3znb4,b3vvxolwxcukqk76hb4scvh79,A. Murillo,Amir Murillo,30,Defender,Panama,Defender,51.0,46.0,96.0,4.0,271.0,6.0,4.0,4.0,2.0,5.0,5.0,15.0,5.0,1.0,6.0,4.0,2.0,1.0,2.0,1.0,1.0,5.0,1.0,0.0,0.0,0.0,0.0,81.36,50.0,14.29,80.0,25.0,53.57,50.0,100.0,0.373173027950664,0.310596589979186,0.0,4.0,0.09776808,0.0,12.0,9.0,0.5135034499999999,59.0,16.937269372693727,15.276752767527675,31.8819188191882,1.328413284132841,1.992619926199262,1.328413284132841,1.328413284132841,0.6642066420664207,1.6605166051660516,1.6605166051660516,4.981549815498156,1.6605166051660516,0.3321033210332103,1.992619926199262,1.328413284132841,0.6642066420664207,0.3321033210332103,0.6642066420664207,0.3321033210332103,0.3321033210332103,1.6605166051660516,0.3321033210332103,0.0,0.0,0.0,0.0,81.36,50.0,14.29,80.0,25.0,53.57,50.0,100.0,0.1239320019024345,0.103150159033678,0.0,1.328413284132841,0.0324691040590405,0.0,3.985239852398524,2.988929889298893,0.170536201107011,19.59409594095941,RB/RCB,25,31,19,56,31,50,81,75,81,81,44,25,6,72,94,16,50,94,81,75,75,94,38,44,53,53,31,59,44,72,62,56,56,91,88,62,44,75,62,34,75,53,69,56,50,50,44,69,44,56,100,81,88,88,75,31,6,88,100,31,56,94,94,94,81,100,38,44,53,53,31,59,44,72,62,56,56,91,88,62,44,75,75,34,81,62,75,81,Süper Lig
Beşiktaş,2ez9cvam9lp9jyhng3eh3znb4,bwg7au78c88g5cfl4njizr3mc,Ü. Akdağ,Ümit Akdag,22,Defender,Romania,Defender,42.0,41.0,82.0,1.0,270.0,7.0,5.0,0.0,0.0,5.0,6.0,19.0,9.0,1.0,2.0,4.0,3.0,1.0,0.0,0.0,0.0,1.0,0.0,0.0,0.0,0.0,0.0,67.77,38.89,16.67,80.0,0.0,63.33,83.33,33.33,0.0,0.0,0.0,0.0,0.0,0.0,0.0,0.0,0.0,0.0,14.0,13.666666666666666,27.33333333333333,0.3333333333333333,2.333333333333333,1.6666666666666667,0.0,0.0,1.6666666666666667,2.0,6.333333333333333,3.0,0.3333333333333333,0.6666666666666666,1.3333333333333333,1.0,0.3333333333333333,0.0,0.0,0.0,0.3333333333333333,0.0,0.0,0.0,0.0,0.0,67.77,38.89,16.67,80.0,0.0,63.33,83.33,33.33,0.0,0.0,0.0,0.0,0.0,0.0,0.0,0.0,0.0,0.0,LB/LCB,19,24,19,26,48,74,14,24,76,74,76,55,26,36,86,45,40,21,36,29,24,40,43,50,52,52,5,38,52,86,29,86,95,17,19,19,26,14,14,19,14,14,14,14,24,29,19,29,71,81,14,24,81,81,95,81,24,38,95,52,48,21,36,29,33,40,43,50,52,52,5,38,52,86,29,86,95,17,19,19,26,14,14,19,14,14,14,14,Süper Lig
Beşiktaş,2ez9cvam9lp9jyhng3eh3znb4,c1yctqdku2vzho2azsgcy5dcl,V. Černý,Václav Cerny,28,Attacker,Czechia,Striker,39.0,88.0,124.0,8.0,384.0,11.0,0.0,9.0,5.0,6.0,7.0,3.0,1.0,4.0,15.0,3.0,0.0,3.0,4.0,0.0,5.0,0.0,2.0,0.0,0.0,0.0,0.0,82.12,78.57,17.65,50.0,55.56,16.67,0.0,0.0,1.1013893568198718,0.6127955294320434,3.0,18.0,0.5330815099999999,3.0,11.0,17.0,0.4647255299999999,54.0,9.140625,20.625,29.0625,1.875,2.578125,0.0,2.109375,1.171875,1.40625,1.640625,0.703125,0.234375,0.9375,3.515625,0.703125,0.0,0.703125,0.9375,0.0,1.171875,0.0,0.46875,0.0,0.0,0.0,0.0,82.12,78.57,17.65,50.0,55.56,16.67,0.0,0.0,0.2581381305046574,0.1436239522106351,0.703125,4.21875,0.1249409789062499,0.703125,2.578125,3.984375,0.1089200460937499,12.65625,ST,100,97,100,95,100,10,63,42,65,66,8,26,100,65,68,16,89,81,11,77,5,69,35,52,52,52,77,87,65,63,85,10,10,16,65,87,76,97,97,77,90,97,94,94,94,90,90,87,100,10,42,29,45,55,3,21,100,58,65,16,87,68,11,77,5,61,35,52,52,52,77,87,65,63,85,10,10,16,52,77,61,97,97,65,90,94,84,90,Süper Lig
Beşiktaş,2ez9cvam9lp9jyhng3eh3znb4,djbw3afgcgkbq22soig0xsjfu,O. Kökçü,Orkun Kökçü,25,Midfielder,Türkiye,Midfielder,52.0,169.0,211.0,13.0,411.0,20.0,1.0,15.0,5.0,4.0,5.0,11.0,1.0,0.0,21.0,1.0,1.0,10.0,10.0,9.0,2.0,8.0,0.0,2.0,0.0,0.0,0.0,88.28,76.92,34.48,25.0,13.33,37.93,25.0,100.0,1.041665834468296,1.3771116030362012,7.0,11.0,0.27547319,3.0,28.0,35.0,1.2160445499999997,107.0,11.386861313868614,37.00729927007299,46.2043795620438,2.8467153284671536,4.37956204379562,0.218978102189781,3.2846715328467155,1.094890510948905,0.8759124087591241,1.094890510948905,2.408759124087591,0.218978102189781,0.0,4.598540145985401,0.218978102189781,0.218978102189781,2.18978102189781,2.18978102189781,1.9708029197080288,0.437956204379562,1.7518248175182485,0.0,0.437956204379562,0.0,0.0,0.0,88.28,76.92,34.48,25.0,13.33,37.93,25.0,100.0,0.228102007547802,0.3015572853363944,1.5328467153284673,2.408759124087591,0.0603225963503649,0.6569343065693432,6.131386861313869,7.664233576642336,0.2662871277372262,23.43065693430657,CM/AM,72,94,94,81,92,47,100,86,42,50,31,31,14,100,14,19,81,100,100,69,92,33,86,53,50,53,83,72,64,8,22,22,61,92,100,89,100,69,72,36,89,89,94,83,50,94,89,83,94,39,94,67,28,39,17,17,14,94,6,17,78,94,100,61,78,33,67,53,50,53,83,72,64,8,22,22,61,92,78,78,100,44,39,33,83,89,83,83,Süper Lig
Beşiktaş,2ez9cvam9lp9jyhng3eh3znb4,do0wn2lu805annoayzc8bfhpm,E. Topçu,Emirhan Topçu,25,Defender,Türkiye,Defender,116.0,65.0,181.0,1.0,257.0,7.0,11.0,2.0,2.0,4.0,4.0,25.0,11.0,6.0,3.0,2.0,3.0,0.0,0.0,1.0,1.0,6.0,1.0,0.0,0.0,0.0,0.0,90.95,43.75,0.0,50.0,50.0,71.43,73.33,50.0,0.2521940284261025,0.0375596601152308,0.0,3.0,0.05772713,1.0,16.0,19.0,0.3606972599999999,133.0,40.62256809338521,22.762645914396888,63.385214007782096,0.3501945525291828,2.45136186770428,3.852140077821012,0.7003891050583657,0.7003891050583657,1.4007782101167314,1.4007782101167314,8.754863813229571,3.852140077821012,2.1011673151750974,1.050583657587549,0.7003891050583657,1.050583657587549,0.0,0.0,0.3501945525291828,0.3501945525291828,2.1011673151750974,0.3501945525291828,0.0,0.0,0.0,0.0,90.95,43.75,0.0,50.0,50.0,71.43,73.33,50.0,0.0883169749352109,0.0131531883672014,0.0,1.050583657587549,0.0202157264591439,0.3501945525291828,5.603112840466926,6.653696498054474,0.1263142155642023,46.57587548638132,CB,47,67,50,51,43,86,50,67,89,89,100,25,79,62,81,60,43,33,86,68,92,92,44,49,51,51,61,35,43,57,83,88,71,33,69,61,40,90,86,78,85,88,81,86,78,89,89,61,53,94,56,72,97,97,100,39,92,72,86,83,43,33,94,72,94,97,44,49,51,51,61,35,43,57,83,88,71,33,72,64,40,94,94,81,97,97,89,100,Süper Lig
Beşiktaş,2ez9cvam9lp9jyhng3eh3znb4,emvi36y613e4lqlat3wfdih9l,S. Özcan,Salih Özcan,28,Midfielder,Türkiye,Midfielder,106.0,129.0,235.0,1.0,386.0,17.0,6.0,2.0,2.0,0.0,0.0,29.0,2.0,8.0,4.0,0.0,9.0,0.0,0.0,1.0,1.0,10.0,0.0,0.0,0.0,0.0,0.0,91.44,85.0,0.0,0.0,50.0,60.42,66.67,69.23,0.2458281162308896,0.0456811400622337,0.0,5.0,0.11300678,4.0,18.0,21.0,0.3870408699999998,122.0,24.71502590673576,30.077720207253886,54.79274611398964,0.233160621761658,3.963730569948187,1.3989637305699485,0.466321243523316,0.466321243523316,0.0,0.0,6.761658031088083,0.466321243523316,1.865284974093264,0.932642487046632,0.0,2.098445595854922,0.0,0.0,0.233160621761658,0.233160621761658,2.3316062176165806,0.0,0.0,0.0,0.0,0.0,91.44,85.0,0.0,0.0,50.0,60.42,66.67,69.23,0.0573174364268913,0.0106510430196917,0.0,1.1658031088082903,0.0263487310880829,0.932642487046632,4.196891191709844,4.896373056994819,0.090242689896373,28.44559585492228,DM/CM,88,97,97,18,88,95,42,79,8,8,97,18,95,67,15,97,36,23,74,64,94,42,45,52,52,52,85,92,36,15,82,79,82,76,61,36,27,73,73,80,83,88,70,97,73,94,88,9,70,88,39,73,8,8,100,9,94,67,15,94,36,23,70,52,91,42,45,52,52,52,85,92,36,15,82,79,82,76,52,36,27,67,64,73,73,88,67,88,Süper Lig
Erzurumspor,ea2gyhkv6vwmxbxevdb4u3796,1u4pcz0h82rzmsofd3ug7nc9h,O. Ovacıklı,Orhan Ovacikli,37,Defender,Türkiye,Defender,63.0,60.0,121.0,2.0,400.0,11.0,2.0,2.0,2.0,2.0,2.0,33.0,9.0,5.0,4.0,1.0,13.0,2.0,0.0,1.0,1.0,12.0,0.0,0.0,0.0,0.0,0.0,78.57,45.83,13.33,50.0,50.0,73.33,66.67,72.22,0.0,0.0,0.0,0.0,0.0,0.0,0.0,0.0,0.0,0.0,14.175,13.5,27.225,0.4499999999999999,2.475,0.4499999999999999,0.4499999999999999,0.4499999999999999,0.4499999999999999,0.4499999999999999,7.425,2.025,1.125,0.8999999999999999,0.2249999999999999,2.925,0.4499999999999999,0.0,0.2249999999999999,0.2249999999999999,2.7,0.0,0.0,0.0,0.0,0.0,78.57,45.83,13.33,50.0,50.0,73.33,66.67,72.22,0.0,0.0,0.0,0.0,0.0,0.0,0.0,0.0,0.0,0.0,RB/RCB,50,44,38,44,75,34,62,75,50,44,100,47,62,44,41,100,72,34,81,75,100,44,38,44,53,53,25,44,38,50,84,100,91,44,16,22,44,19,19,34,16,16,16,16,31,31,25,38,69,25,56,69,50,38,100,50,62,38,44,100,69,34,75,75,100,44,38,44,53,53,25,44,38,50,84,100,91,44,16,22,44,19,19,34,16,16,16,16,Süper Lig
Erzurumspor,ea2gyhkv6vwmxbxevdb4u3796,3dtmwx29l268hcntzioaz7itw,Y. Kırtay,Yakup Kirtay,23,Defender,Türkiye,Defender,75.0,43.0,118.0,1.0,207.0,7.0,2.0,2.0,2.0,0.0,0.0,2.0,6.0,2.0,2.0,0.0,0.0,0.0,0.0,0.0,0.0,0.0,0.0,0.0,0.0,0.0,0.0,87.41,50.0,0.0,0.0,0.0,50.0,66.67,0.0,0.2520152433713908,0.0,0.0,2.0,0.04255496,1.0,8.0,12.0,0.1860017099999998,79.0,32.608695652173914,18.695652173913047,51.30434782608696,0.4347826086956522,3.0434782608695654,0.8695652173913044,0.8695652173913044,0.8695652173913044,0.0,0.0,0.8695652173913044,2.608695652173913,0.8695652173913044,0.8695652173913044,0.0,0.0,0.0,0.0,0.0,0.0,0.0,0.0,0.0,0.0,0.0,0.0,87.41,50.0,0.0,0.0,0.0,50.0,66.67,0.0,0.1095718449440829,0.0,0.0,0.8695652173913044,0.0185021565217391,0.4347826086956522,3.4782608695652177,5.217391304347826,0.0808703086956521,34.34782608695652,LB/LCB,71,31,57,26,48,40,55,67,12,12,5,24,45,36,19,5,17,21,36,29,7,40,43,50,52,52,86,71,17,19,29,33,83,5,67,19,26,33,33,48,55,62,29,76,95,71,95,38,86,57,67,86,12,12,5,67,62,48,19,5,17,21,36,29,7,40,43,50,52,52,86,71,17,19,29,33,83,5,90,19,26,43,33,52,86,95,43,100,Süper Lig
Erzurumspor,ea2gyhkv6vwmxbxevdb4u3796,3pvznpfvzmnwuycoi8pq110mi,M. Fettahoğlu,Mustafa Fettahoglu,25,Attacker,Türkiye,Striker,27.0,35.0,61.0,5.0,304.0,2.0,1.0,6.0,4.0,15.0,15.0,17.0,0.0,2.0,10.0,9.0,3.0,1.0,2.0,3.0,1.0,3.0,0.0,0.0,0.0,0.0,0.0,84.72,66.67,16.67,60.0,16.67,40.48,20.0,75.0,0.4850042682314103,0.4461213628499471,2.0,5.0,0.15183717,3.0,7.0,5.0,0.2493991899999999,17.0,7.993421052631579,10.361842105263158,18.05921052631579,1.480263157894737,0.5921052631578947,0.2960526315789473,1.7763157894736843,1.1842105263157894,4.440789473684211,4.440789473684211,5.032894736842105,0.0,0.5921052631578947,2.960526315789474,2.664473684210526,0.8881578947368421,0.2960526315789473,0.5921052631578947,0.8881578947368421,0.2960526315789473,0.8881578947368421,0.0,0.0,0.0,0.0,0.0,84.72,66.67,16.67,60.0,16.67,40.48,20.0,75.0,0.1435867899369307,0.1320754034753132,0.5921052631578947,1.480263157894737,0.0449517937499999,0.8881578947368421,2.0723684210526314,1.480263157894737,0.0738352865131578,5.032894736842105,ST,79,68,74,77,52,23,31,31,100,100,56,6,84,31,100,87,66,47,77,16,44,18,35,52,52,52,94,65,61,81,13,42,19,66,35,74,55,66,68,77,84,63,61,68,81,58,74,74,55,19,26,32,100,100,61,6,84,32,100,84,65,48,77,10,42,18,35,52,52,52,94,65,61,81,13,42,19,66,23,74,58,65,71,77,81,61,65,61,Süper Lig
Erzurumspor,ea2gyhkv6vwmxbxevdb4u3796,4aqpe5pcd6j3w4gv0vmczduy1,N. Mujakić,Nihad Mujakic,28,Defender,Bosnia and Herzegovina,Defender,101.0,55.0,155.0,2.0,427.0,11.0,2.0,0.0,0.0,7.0,7.0,22.0,10.0,1.0,3.0,5.0,9.0,1.0,0.0,0.0,0.0,2.0,0.0,0.0,0.0,0.0,0.0,82.89,39.29,14.29,71.43,0.0,59.46,28.57,69.23,0.0,0.1828422625545123,0.0,4.0,0.1134303899999999,6.0,6.0,3.0,0.2061469399999999,36.0,21.288056206088992,11.592505854800937,32.66978922716628,0.4215456674473068,2.318501170960188,0.4215456674473068,0.0,0.0,1.475409836065574,1.475409836065574,4.637002341920375,2.107728337236534,0.2107728337236534,0.6323185011709602,1.053864168618267,1.8969555035128804,0.2107728337236534,0.0,0.0,0.0,0.4215456674473068,0.0,0.0,0.0,0.0,0.0,82.89,39.29,14.29,71.43,0.0,59.46,28.57,69.23,0.0,0.0385381818030588,0.0,0.8430913348946136,0.0239080447306791,1.2646370023419204,1.2646370023419204,0.6323185011709602,0.0434501747072599,7.587822014051522,LB/LCB,86,57,71,40,81,40,14,24,88,88,83,64,26,48,90,98,40,21,36,29,48,40,43,50,52,52,52,43,40,71,29,71,24,71,19,48,26,50,52,88,38,29,33,33,76,24,57,33,67,33,14,24,76,67,71,19,19,33,86,95,33,21,36,29,43,40,43,50,52,52,52,43,40,71,29,71,24,71,19,43,26,38,48,86,38,29,29,29,Süper Lig
Erzurumspor,ea2gyhkv6vwmxbxevdb4u3796,5520efb4wuwawc7bx97j4ke6t,G. Giorbelidze,Guram Giorbelidze,30,Defender,Georgia,Defender,29.0,25.0,52.0,5.0,269.0,1.0,0.0,1.0,1.0,4.0,6.0,12.0,7.0,4.0,3.0,1.0,5.0,2.0,0.0,0.0,1.0,3.0,0.0,1.0,0.0,0.0,0.0,82.54,12.5,50.0,25.0,100.0,42.86,0.0,62.5,0.0,0.0,0.0,0.0,0.0,0.0,0.0,0.0,0.0,0.0,9.70260223048327,8.364312267657992,17.397769516728623,1.6728624535315986,0.3345724907063197,0.0,0.3345724907063197,0.3345724907063197,1.338289962825279,2.007434944237918,4.014869888475836,2.3420074349442377,1.338289962825279,1.003717472118959,0.3345724907063197,1.6728624535315986,0.6691449814126395,0.0,0.0,0.3345724907063197,1.003717472118959,0.0,0.3345724907063197,0.0,0.0,0.0,82.54,12.5,50.0,25.0,100.0,42.86,0.0,62.5,0.0,0.0,0.0,0.0,0.0,0.0,0.0,0.0,0.0,0.0,LB/LCB,5,14,10,81,7,7,36,52,64,74,31,36,71,48,48,74,67,21,36,71,69,40,93,50,52,52,38,7,95,38,100,14,10,62,19,19,26,14,14,19,14,14,14,14,5,14,5,90,5,7,38,57,71,86,52,52,71,52,52,76,81,21,36,81,76,40,100,50,52,52,38,7,95,38,100,14,10,62,19,19,26,14,14,19,14,14,14,14,Süper Lig
Erzurumspor,ea2gyhkv6vwmxbxevdb4u3796,69o8ksfkkoi93cqbg063i374l,E. Tozlu,Eren Tozlu,35,Attacker,Türkiye,Striker,36.0,43.0,79.0,2.0,369.0,2.0,7.0,10.0,7.0,3.0,3.0,20.0,8.0,1.0,14.0,1.0,1.0,0.0,3.0,1.0,3.0,10.0,2.0,0.0,0.0,0.0,0.0,79.8,33.33,0.0,33.33,30.0,44.44,43.75,50.0,1.4633653695802484,0.127905506664417,1.0,2.0,0.04347372,4.0,9.0,10.0,0.2093634899999998,32.0,8.78048780487805,10.48780487804878,19.26829268292683,0.4878048780487805,0.4878048780487805,1.707317073170732,2.439024390243903,1.707317073170732,0.7317073170731708,0.7317073170731708,4.878048780487806,1.951219512195122,0.2439024390243902,3.414634146341464,0.2439024390243902,0.2439024390243902,0.0,0.7317073170731708,0.2439024390243902,0.7317073170731708,2.439024390243903,0.4878048780487805,0.0,0.0,0.0,0.0,79.8,33.33,0.0,33.33,30.0,44.44,43.75,50.0,0.3569183828244509,0.0311964650401017,0.2439024390243902,0.4878048780487805,0.0106033463414634,0.9756097560975612,2.1951219512195124,2.439024390243903,0.0510642658536584,7.804878048780488,ST,90,77,81,29,52,65,74,69,24,24,81,100,55,56,32,48,29,65,35,63,94,69,35,52,52,52,68,27,29,37,44,61,52,44,84,32,32,39,32,90,87,87,48,84,90,61,77,19,48,55,55,55,16,16,55,94,45,52,13,42,29,52,26,52,90,65,35,52,52,52,68,27,29,37,44,61,52,44,74,29,23,35,32,84,84,81,48,81,Süper Lig
Erzurumspor,ea2gyhkv6vwmxbxevdb4u3796,8b5btfsouiim92fg7gk4s1wd0,A. Gërxhaliu,Amar Gërxhaliu,24,Defender,Kosovo,Defender,139.0,78.0,217.0,1.0,450.0,22.0,4.0,2.0,0.0,0.0,0.0,10.0,24.0,5.0,0.0,0.0,3.0,0.0,2.0,0.0,0.0,0.0,0.0,0.0,0.0,0.0,0.0,88.21,48.89,0.0,0.0,0.0,76.92,80.0,50.0,0.0641459105483548,0.0668884579577213,2.0,1.0,0.0241224,1.0,12.0,13.0,0.2738923599999998,109.0,27.8,15.6,43.4,0.2,4.4,0.8,0.4,0.0,0.0,0.0,2.0,4.8,1.0,0.0,0.0,0.6,0.0,0.4,0.0,0.0,0.0,0.0,0.0,0.0,0.0,0.0,88.21,48.89,0.0,0.0,0.0,76.92,80.0,50.0,0.0128291821096709,0.0133776915915442,0.4,0.2,0.00482448,0.2,2.4,2.6,0.0547784719999999,21.8,CB,56,78,71,51,96,26,50,14,18,18,28,83,67,8,24,60,43,88,38,26,8,42,44,49,51,51,33,39,43,24,26,94,89,33,47,67,94,64,69,78,68,71,61,78,36,58,39,39,83,12,44,14,18,18,3,61,46,8,24,42,43,81,38,26,8,42,44,49,51,51,33,39,43,24,26,94,89,33,47,67,89,60,67,69,61,61,56,67,Süper Lig
Erzurumspor,ea2gyhkv6vwmxbxevdb4u3796,a6kw1x4kpkio8ua2zxaz7v6c5,M. Rodríguez,Martín Rodríguez,32,Midfielder,Chile,Midfielder,64.0,74.0,133.0,7.0,390.0,7.0,1.0,5.0,2.0,10.0,11.0,16.0,1.0,4.0,13.0,4.0,1.0,5.0,3.0,2.0,0.0,8.0,0.0,0.0,0.0,0.0,0.0,80.61,70.0,31.25,40.0,0.0,34.04,33.33,33.33,0.2708132190194321,0.5523694757221383,3.0,16.0,0.4139405499999999,7.0,11.0,17.0,0.52733213,66.0,14.76923076923077,17.076923076923077,30.692307692307693,1.6153846153846154,1.6153846153846154,0.2307692307692307,1.153846153846154,0.4615384615384615,2.307692307692308,2.5384615384615388,3.692307692307693,0.2307692307692307,0.9230769230769232,3.0,0.9230769230769232,0.2307692307692307,1.153846153846154,0.6923076923076924,0.4615384615384615,0.0,1.8461538461538465,0.0,0.0,0.0,0.0,0.0,80.61,70.0,31.25,40.0,0.0,34.04,33.33,33.33,0.0624953582352535,0.1274698790128011,0.6923076923076924,3.692307692307693,0.0955247423076923,1.6153846153846154,2.5384615384615388,3.9230769230769234,0.12169203,15.230769230769232,DM/CM,39,64,53,89,32,29,86,79,100,100,62,5,64,100,92,23,97,85,91,23,85,42,45,52,52,52,15,76,79,52,23,15,39,20,64,88,89,94,97,97,55,82,91,67,27,42,27,88,24,24,76,70,100,100,48,3,39,100,82,15,94,79,85,23,79,42,45,52,52,52,15,76,79,52,23,15,39,20,61,88,88,94,97,94,42,70,82,48,Süper Lig
Erzurumspor,ea2gyhkv6vwmxbxevdb4u3796,ag74mepy9fnmlykodxo0oxhwp,B. Baiye,Brandon Baiye,25,Midfielder,Belgium,Midfielder,142.0,89.0,231.0,4.0,450.0,8.0,1.0,1.0,1.0,3.0,3.0,13.0,5.0,4.0,4.0,2.0,5.0,0.0,0.0,0.0,1.0,0.0,0.0,0.0,0.0,0.0,0.0,91.3,88.89,0.0,66.67,100.0,48.15,50.0,50.0,0.1187218398089023,0.1924588845559377,0.0,9.0,0.1847341699999999,5.0,10.0,8.0,0.18797893,108.0,28.4,17.8,46.2,0.8,1.6,0.2,0.2,0.2,0.6,0.6,2.6,1.0,0.8,0.8,0.4,1.0,0.0,0.0,0.0,0.2,0.0,0.0,0.0,0.0,0.0,0.0,91.3,88.89,0.0,66.67,100.0,48.15,50.0,50.0,0.0237443679617804,0.0384917769111875,0.0,1.8,0.0369468339999999,1.0,2.0,1.6,0.037595786,21.6,DM/CM,100,82,91,77,39,29,27,52,61,56,53,65,64,67,70,68,36,23,32,64,5,42,45,52,52,52,82,97,36,61,97,42,71,44,39,67,27,88,88,91,47,45,45,83,82,52,61,52,21,18,18,39,42,42,12,44,32,52,55,55,36,23,32,45,5,42,45,52,52,52,82,97,36,61,97,42,71,44,36,58,27,88,85,80,36,39,39,73,Süper Lig
Erzurumspor,ea2gyhkv6vwmxbxevdb4u3796,bqocnixeu841gq09mmg774xcl,M. Yumlu,Mustafa Yumlu,38,Defender,Türkiye,Defender,58.0,10.0,68.0,1.0,270.0,3.0,5.0,2.0,2.0,0.0,0.0,7.0,14.0,1.0,5.0,0.0,1.0,0.0,0.0,1.0,0.0,1.0,0.0,0.0,0.0,0.0,0.0,83.95,30.0,0.0,0.0,0.0,58.33,62.5,100.0,0.0,0.0,0.0,0.0,0.0,0.0,0.0,0.0,0.0,0.0,19.33333333333333,3.333333333333333,22.666666666666668,0.3333333333333333,1.0,1.6666666666666667,0.6666666666666666,0.6666666666666666,0.0,0.0,2.333333333333333,4.666666666666667,0.3333333333333333,1.6666666666666667,0.0,0.3333333333333333,0.0,0.0,0.3333333333333333,0.0,0.3333333333333333,0.0,0.0,0.0,0.0,0.0,83.95,30.0,0.0,0.0,0.0,58.33,62.5,100.0,0.0,0.0,0.0,0.0,0.0,0.0,0.0,0.0,0.0,0.0,CB,22,3,6,51,10,42,50,67,18,18,11,42,8,82,24,17,43,33,86,26,29,42,44,49,51,51,11,3,43,24,26,50,46,89,24,29,40,29,29,35,21,21,21,21,19,3,8,54,8,49,53,69,18,18,8,58,8,92,24,19,43,33,88,26,32,42,44,49,51,51,11,3,43,24,26,50,46,89,24,29,40,29,29,35,21,21,21,21,Süper Lig
Erzurumspor,ea2gyhkv6vwmxbxevdb4u3796,ebx4h86svfnvegspalqgxqfah,E. Owusu,Elisha Owusu,28,Midfielder,Ghana,Midfielder,54.0,55.0,109.0,1.0,328.0,3.0,0.0,0.0,0.0,1.0,1.0,11.0,5.0,8.0,1.0,1.0,6.0,0.0,0.0,0.0,0.0,4.0,0.0,0.0,0.0,0.0,0.0,85.16,42.86,0.0,100.0,0.0,37.93,0.0,100.0,0.0,0.0,0.0,0.0,0.0,0.0,0.0,0.0,0.0,0.0,14.817073170731708,15.091463414634148,29.90853658536585,0.274390243902439,0.8231707317073171,0.0,0.0,0.0,0.274390243902439,0.274390243902439,3.018292682926829,1.3719512195121952,2.1951219512195124,0.274390243902439,0.274390243902439,1.6463414634146345,0.0,0.0,0.0,0.0,1.0975609756097562,0.0,0.0,0.0,0.0,0.0,85.16,42.86,0.0,100.0,0.0,37.93,0.0,100.0,0.0,0.0,0.0,0.0,0.0,0.0,0.0,0.0,0.0,0.0,DM/CM,27,38,24,18,9,9,9,20,26,26,38,65,95,26,45,79,36,23,32,23,53,42,45,52,52,52,42,11,36,88,23,18,14,98,18,18,27,18,18,24,17,17,17,17,30,24,24,12,6,9,9,20,21,21,18,67,97,24,42,76,36,23,32,23,55,42,45,52,52,52,42,11,36,88,23,18,14,98,18,18,27,18,18,24,17,17,17,17,Süper Lig
Eyüpspor,bmgtxgipsznlb1j20zwjti3xh,22nxw2a3w3cmhh1mdyvi2q1w4,C. Raux-Yao,Charles-André Raux Yao,24,Midfielder,France,Midfielder,57.0,65.0,120.0,10.0,377.0,10.0,2.0,4.0,2.0,8.0,8.0,28.0,2.0,3.0,6.0,5.0,1.0,2.0,2.0,2.0,1.0,18.0,0.0,0.0,0.0,0.0,0.0,86.33,66.67,33.33,62.5,25.0,53.85,18.18,33.33,0.3660737427410523,0.7107044363525266,1.0,17.0,0.36383343,5.0,17.0,14.0,0.4680372399999997,60.0,13.607427055702916,15.517241379310343,28.647214854111404,2.3872679045092835,2.3872679045092835,0.4774535809018567,0.9549071618037136,0.4774535809018567,1.909814323607427,1.909814323607427,6.684350132625994,0.4774535809018567,0.7161803713527851,1.4323607427055702,1.1936339522546418,0.2387267904509283,0.4774535809018567,0.4774535809018567,0.4774535809018567,0.2387267904509283,4.297082228116711,0.0,0.0,0.0,0.0,0.0,86.33,66.67,33.33,62.5,25.0,53.85,18.18,33.33,0.0873916096729302,0.1696641890496747,0.2387267904509283,4.058355437665782,0.0868567870026525,1.1936339522546418,4.058355437665782,3.342175066312997,0.1117330281167107,14.323607427055702,DM/CM,30,58,39,100,53,56,79,79,97,97,94,18,41,85,100,23,83,73,91,64,100,42,45,52,52,52,48,65,83,55,50,59,27,20,79,97,65,97,94,91,79,71,82,52,18,27,18,97,42,42,61,76,97,94,94,12,24,79,97,18,79,67,88,55,100,42,45,52,52,52,48,65,83,55,50,59,27,20,79,91,61,100,94,91,70,67,79,45,Süper Lig
Eyüpspor,bmgtxgipsznlb1j20zwjti3xh,36t3t3863x53d25qcgrto1vc9,K. Michalak,Konrad Michalak,28,Attacker,Poland,Striker,19.0,43.0,60.0,2.0,381.0,3.0,0.0,6.0,5.0,13.0,15.0,12.0,3.0,2.0,18.0,6.0,1.0,2.0,1.0,2.0,1.0,5.0,0.0,0.0,0.0,0.0,0.0,83.33,75.0,11.76,46.15,16.67,38.71,0.0,100.0,0.3841370735496716,0.156805489468411,2.0,4.0,0.16868869,0.0,1.0,1.0,0.1165105099999999,17.0,4.488188976377953,10.15748031496063,14.173228346456693,0.4724409448818897,0.7086614173228346,0.0,1.4173228346456692,1.1811023622047243,3.070866141732284,3.543307086614173,2.8346456692913384,0.7086614173228346,0.4724409448818897,4.251968503937007,1.4173228346456692,0.2362204724409448,0.4724409448818897,0.2362204724409448,0.4724409448818897,0.2362204724409448,1.1811023622047243,0.0,0.0,0.0,0.0,0.0,83.33,75.0,11.76,46.15,16.67,38.71,0.0,100.0,0.0907410409959854,0.0370406668035616,0.4724409448818897,0.9448818897637796,0.039847722047244,0.0,0.2362204724409448,0.2362204724409448,0.0275221677165354,4.015748031496063,RW,12,28,19,22,38,22,41,66,75,78,22,66,66,81,66,41,50,19,72,25,56,31,34,53,53,53,81,84,31,44,28,12,22,97,31,25,31,19,44,9,12,19,25,22,19,19,19,19,31,22,19,56,56,62,6,56,56,88,50,38,44,25,69,19,44,31,34,53,53,53,81,84,31,44,28,12,22,97,19,19,31,19,31,9,12,19,25,19,Süper Lig
Eyüpspor,bmgtxgipsznlb1j20zwjti3xh,49nhfe5zbad64dm3yna8nw7h1,B. Boutobba,Bilal Boutobba,28,Attacker,France,Striker,27.0,38.0,64.0,1.0,273.0,2.0,1.0,11.0,7.0,15.0,15.0,14.0,0.0,0.0,12.0,9.0,0.0,1.0,4.0,3.0,2.0,3.0,0.0,0.0,0.0,0.0,0.0,82.05,40.0,6.25,60.0,18.18,41.18,25.0,0.0,0.950917827862195,0.1183740961531308,5.0,12.0,0.28152,3.0,3.0,4.0,0.0712003199999999,22.0,8.901098901098901,12.527472527472527,21.0989010989011,0.3296703296703296,0.6593406593406593,0.3296703296703296,3.6263736263736255,2.307692307692308,4.945054945054945,4.945054945054945,4.615384615384616,0.0,0.0,3.956043956043956,2.967032967032967,0.0,0.3296703296703296,1.3186813186813189,0.989010989010989,0.6593406593406593,0.989010989010989,0.0,0.0,0.0,0.0,0.0,82.05,40.0,6.25,60.0,18.18,41.18,25.0,0.0,0.3134893938007236,0.0390244273032299,1.6483516483516485,3.956043956043956,0.0928087912087912,0.989010989010989,0.989010989010989,1.3186813186813189,0.0234726329670329,7.252747252747253,RW,44,12,28,9,22,50,84,84,81,78,38,16,22,66,94,19,28,75,94,50,31,31,34,53,53,53,75,19,19,72,38,25,53,19,81,19,88,78,81,56,34,34,19,34,38,31,31,12,25,50,94,88,88,88,50,16,22,62,94,19,25,88,94,50,31,31,34,53,53,53,75,19,19,72,38,25,53,19,75,25,94,88,81,56,38,31,19,50,Süper Lig
Eyüpspor,bmgtxgipsznlb1j20zwjti3xh,4kpo70fwdpxraer1j1m1zlhey,C. Massanga,Chandrel Massanga,27,Midfielder,Congo,Midfielder,126.0,114.0,239.0,3.0,450.0,14.0,3.0,7.0,0.0,4.0,4.0,18.0,8.0,4.0,0.0,3.0,6.0,1.0,7.0,1.0,2.0,5.0,0.0,0.0,0.0,0.0,0.0,87.87,50.0,100.0,75.0,28.57,56.25,37.5,85.71,0.4286305668225557,0.2594304226872717,5.0,8.0,0.16084204,5.0,30.0,29.0,0.7499003299999998,152.0,25.2,22.8,47.8,0.6,2.8,0.6,1.4,0.0,0.8,0.8,3.6,1.6,0.8,0.0,0.6,1.2,0.2,1.4,0.2,0.4,1.0,0.0,0.0,0.0,0.0,0.0,87.87,50.0,100.0,75.0,28.57,56.25,37.5,85.71,0.0857261133645111,0.0518860845374543,1.0,1.6,0.0321684079999999,1.0,6.0,5.8,0.1499800659999999,30.4,DM/CM,97,88,100,59,76,73,97,20,79,74,76,88,64,11,82,79,76,97,74,88,64,42,45,52,52,52,64,21,100,68,55,67,45,92,91,79,94,85,82,91,97,97,97,100,76,70,76,39,48,61,88,20,58,52,42,73,32,11,70,61,73,94,64,79,44,42,45,52,52,52,64,21,100,68,55,67,45,92,76,67,94,76,79,80,95,94,94,100,Süper Lig
Eyüpspor,bmgtxgipsznlb1j20zwjti3xh,59wstv80ln55vyuubbv4u54wk,David Costa,David José Soares Oliveira Furtado Costa,22,Midfielder,Cabo Verde,Midfielder,49.0,43.0,92.0,2.0,282.0,3.0,1.0,3.0,0.0,0.0,0.0,10.0,4.0,3.0,2.0,0.0,1.0,0.0,3.0,1.0,0.0,8.0,0.0,0.0,0.0,0.0,0.0,84.4,60.0,0.0,0.0,0.0,47.62,33.33,100.0,0.1871548081635937,0.0900185881410417,2.0,1.0,0.02756312,0.0,9.0,5.0,0.1002749499999998,35.0,15.638297872340424,13.72340425531915,29.361702127659576,0.6382978723404256,0.9574468085106383,0.3191489361702128,0.9574468085106383,0.0,0.0,0.0,3.191489361702128,1.2765957446808511,0.9574468085106383,0.6382978723404256,0.0,0.3191489361702128,0.0,0.9574468085106383,0.3191489361702128,0.0,2.5531914893617023,0.0,0.0,0.0,0.0,0.0,84.4,60.0,0.0,0.0,0.0,47.62,33.33,100.0,0.0597302579245511,0.0287293366407579,0.6382978723404256,0.3191489361702128,0.0087967404255319,0.0,2.872340425531915,1.5957446808510638,0.0320026436170212,11.170212765957446,DM/CM,21,18,18,38,9,29,61,20,8,8,29,52,41,42,15,23,36,85,74,23,85,42,45,52,52,52,33,44,36,15,23,35,39,98,52,42,82,38,39,24,39,36,36,39,33,9,21,42,12,30,64,20,8,8,24,61,42,42,15,30,36,85,76,23,97,42,45,52,52,52,33,44,36,15,23,35,39,98,58,42,82,36,39,24,45,36,36,42,Süper Lig
Eyüpspor,bmgtxgipsznlb1j20zwjti3xh,717vm73id38xecbx14zlg7089,L. Pintor,Lenny Pintor,26,Attacker,France,Striker,16.0,16.0,32.0,1.0,191.0,2.0,3.0,2.0,0.0,6.0,7.0,13.0,2.0,2.0,2.0,4.0,1.0,0.0,2.0,0.0,1.0,5.0,0.0,0.0,0.0,0.0,0.0,78.05,100.0,0.0,66.67,50.0,52.0,75.0,100.0,0.1097215217409315,0.0373982164333744,1.0,4.0,0.0857107,0.0,2.0,0.0,0.01930814,9.0,7.539267015706806,7.539267015706806,15.078534031413612,0.4712041884816754,0.9424083769633508,1.4136125654450262,0.9424083769633508,0.0,2.8272251308900525,3.298429319371728,6.12565445026178,0.9424083769633508,0.9424083769633508,0.9424083769633508,1.8848167539267016,0.4712041884816754,0.0,0.9424083769633508,0.0,0.4712041884816754,2.356020942408377,0.0,0.0,0.0,0.0,0.0,78.05,100.0,0.0,66.67,50.0,52.0,75.0,100.0,0.0517012406109101,0.0176221962251502,0.4712041884816754,1.8848167539267016,0.0403872408376963,0.0,0.9424083769633508,0.0,0.0090980764397905,4.240837696335079,LW,27,9,9,23,27,77,9,9,27,27,45,73,45,9,59,36,27,41,14,18,68,27,41,55,55,55,36,91,27,77,82,82,86,77,9,18,18,9,9,9,18,9,9,9,45,9,9,27,36,91,9,9,36,36,82,82,64,9,73,36,27,45,14,18,82,27,41,55,55,55,36,91,27,77,82,82,86,77,9,18,18,27,18,9,18,9,9,9,Süper Lig
Eyüpspor,bmgtxgipsznlb1j20zwjti3xh,81egd7oua1lfq2j8lke5z0ueh,J. El Yamiq,Jawad El Yamiq,34,Defender,Morocco,Defender,111.0,56.0,167.0,2.0,405.0,22.0,6.0,8.0,7.0,1.0,1.0,13.0,18.0,6.0,10.0,1.0,2.0,0.0,1.0,1.0,2.0,2.0,0.0,0.0,0.0,0.0,0.0,86.08,57.89,0.0,100.0,25.0,61.9,66.67,50.0,0.8656272366821112,0.0732167329300839,0.0,1.0,0.01935132,0.0,15.0,17.0,0.3524725099999998,103.0,24.666666666666668,12.444444444444445,37.11111111111112,0.4444444444444444,4.888888888888889,1.3333333333333333,1.7777777777777777,1.5555555555555556,0.2222222222222222,0.2222222222222222,2.888888888888889,4.0,1.3333333333333333,2.2222222222222223,0.2222222222222222,0.4444444444444444,0.0,0.2222222222222222,0.2222222222222222,0.4444444444444444,0.4444444444444444,0.0,0.0,0.0,0.0,0.0,86.08,57.89,0.0,100.0,25.0,61.9,66.67,50.0,0.1923616081515802,0.0162703850955742,0.0,0.2222222222222222,0.0043002933333333,0.0,3.333333333333333,3.7777777777777777,0.0783272244444444,22.88888888888889,CB,44,44,44,76,96,53,100,100,47,47,42,69,79,97,58,35,43,74,86,90,54,42,44,49,51,51,25,75,43,85,57,61,54,33,100,69,40,64,65,35,79,81,78,72,31,33,33,69,94,36,97,100,53,53,28,43,61,97,58,28,43,69,81,92,42,42,44,49,51,51,25,75,43,85,57,61,54,33,100,69,40,64,61,35,75,78,67,69,Süper Lig
Eyüpspor,bmgtxgipsznlb1j20zwjti3xh,96biphxqiig7j3tjpncib9l3o,T. Ülvan,Talha Ülvan,25,Defender,Türkiye,Defender,69.0,73.0,137.0,8.0,437.0,10.0,0.0,1.0,0.0,4.0,4.0,9.0,8.0,4.0,1.0,2.0,3.0,5.0,1.0,1.0,0.0,2.0,0.0,0.0,0.0,0.0,0.0,91.33,62.5,35.71,50.0,0.0,33.33,0.0,60.0,0.045115513643677,0.8659000939897439,1.0,9.0,0.20043315,4.0,12.0,17.0,0.5777608899999999,56.0,14.210526315789474,15.034324942791764,28.215102974828376,1.647597254004577,2.059496567505721,0.0,0.205949656750572,0.0,0.8237986270022883,0.8237986270022883,1.853546910755149,1.647597254004577,0.8237986270022883,0.205949656750572,0.4118993135011441,0.6178489702517163,1.0297482837528604,0.205949656750572,0.205949656750572,0.0,0.4118993135011441,0.0,0.0,0.0,0.0,0.0,91.33,62.5,35.71,50.0,0.0,33.33,0.0,60.0,0.009291524549041,0.1783318271374758,0.205949656750572,1.853546910755149,0.0412791384439359,0.8237986270022883,2.471395881006865,3.501144164759725,0.118989656979405,11.533180778032037,RB/RCB,56,75,50,84,66,12,28,16,69,69,12,38,50,16,62,38,91,78,81,28,34,44,38,44,53,53,94,100,100,50,28,12,12,25,31,88,88,94,94,91,75,75,75,50,38,44,31,75,56,12,19,16,62,62,6,25,31,6,62,19,94,75,69,28,31,44,38,44,53,53,94,100,100,50,28,12,12,25,31,81,88,94,88,94,75,75,69,38,Süper Lig
Eyüpspor,bmgtxgipsznlb1j20zwjti3xh,9r28zj6fz3z8dzojktwambsut,Z. Jules,Zak Jules,29,Defender,Scotland,Defender,182.0,60.0,241.0,2.0,450.0,8.0,9.0,3.0,3.0,1.0,1.0,19.0,28.0,0.0,7.0,1.0,3.0,1.0,0.0,0.0,2.0,0.0,1.0,1.0,0.0,0.0,0.0,93.41,50.0,100.0,100.0,66.67,57.58,60.0,33.33,0.0,0.0,0.0,0.0,0.0,0.0,0.0,0.0,0.0,0.0,36.4,12.0,48.2,0.4,1.6,1.8,0.6,0.6,0.2,0.2,3.8,5.6,0.0,1.4,0.2,0.6,0.2,0.0,0.0,0.4,0.0,0.2,0.2,0.0,0.0,0.0,93.41,50.0,100.0,100.0,66.67,57.58,60.0,33.33,0.0,0.0,0.0,0.0,0.0,0.0,0.0,0.0,0.0,0.0,CB,92,60,92,76,51,75,68,81,47,47,71,92,3,94,58,60,89,33,38,90,8,92,94,49,51,51,86,44,97,85,86,47,42,15,24,29,40,29,29,35,21,21,21,21,61,31,50,65,25,58,50,67,42,42,50,78,3,81,51,42,86,33,38,75,8,83,90,49,51,51,86,44,97,85,86,47,42,15,24,29,40,29,29,35,21,21,21,21,Süper Lig
Eyüpspor,bmgtxgipsznlb1j20zwjti3xh,bdslzeqnm2a3o9yr1tsxuoydw,A. Abdullahi,Ahmed Abdullahi,22,Attacker,Nigeria,Striker,18.0,16.0,34.0,3.0,384.0,2.0,13.0,3.0,1.0,9.0,9.0,27.0,1.0,1.0,12.0,4.0,2.0,0.0,2.0,1.0,1.0,9.0,1.0,0.0,0.0,0.0,0.0,70.83,66.67,0.0,44.44,33.33,43.55,44.83,100.0,0.0,0.0,0.0,0.0,0.0,0.0,0.0,0.0,0.0,0.0,4.21875,3.75,7.96875,0.703125,0.46875,3.046875,0.703125,0.234375,2.109375,2.109375,6.328125,0.234375,0.234375,2.8125,0.9375,0.46875,0.0,0.46875,0.234375,0.234375,2.109375,0.234375,0.0,0.0,0.0,0.0,70.83,66.67,0.0,44.44,33.33,43.55,44.83,100.0,0.0,0.0,0.0,0.0,0.0,0.0,0.0,0.0,0.0,0.0,ST,61,19,34,48,52,89,6,6,79,79,94,26,55,45,74,74,29,47,35,16,85,47,35,52,52,52,29,65,29,50,53,55,58,87,6,10,11,13,13,16,10,10,6,6,39,6,19,42,45,84,3,3,71,71,84,21,42,23,71,68,29,35,23,3,77,35,35,52,52,52,29,65,29,50,53,55,58,87,6,10,11,13,13,16,10,10,6,6,Süper Lig
Eyüpspor,bmgtxgipsznlb1j20zwjti3xh,bwidvw0d22al8ohttylbvn28k,S. Giordano,Simone Giordano,24,Defender,Italy,Defender,49.0,59.0,103.0,6.0,272.0,6.0,1.0,2.0,0.0,2.0,2.0,12.0,8.0,0.0,1.0,2.0,1.0,5.0,2.0,0.0,0.0,7.0,0.0,0.0,0.0,0.0,0.0,85.83,37.5,33.33,100.0,0.0,60.0,0.0,50.0,0.0744013172159667,0.6736747601419224,1.0,5.0,0.1191361399999998,3.0,7.0,10.0,0.4942886299999999,58.0,16.21323529411765,19.522058823529413,34.080882352941174,1.9852941176470589,1.9852941176470589,0.3308823529411764,0.6617647058823529,0.0,0.6617647058823529,0.6617647058823529,3.9705882352941178,2.647058823529412,0.0,0.3308823529411764,0.6617647058823529,0.3308823529411764,1.6544117647058825,0.6617647058823529,0.0,0.0,2.3161764705882355,0.0,0.0,0.0,0.0,0.0,85.83,37.5,33.33,100.0,0.0,60.0,0.0,50.0,0.0246180829023419,0.2229070897528419,0.3308823529411764,1.6544117647058825,0.0394200463235293,0.9926470588235294,2.3161764705882355,3.308823529411765,0.1635513849264705,19.19117647058824,LB/LCB,38,67,48,95,36,21,55,24,43,43,31,45,10,24,67,17,100,83,36,29,90,40,43,50,52,52,62,33,83,95,29,76,10,43,48,95,62,64,62,67,45,48,67,57,48,76,62,95,52,19,52,24,48,48,43,71,10,24,71,19,100,95,36,29,95,40,43,50,52,52,62,33,83,95,29,76,10,43,48,100,71,62,62,71,52,57,81,76,Süper Lig
Fenerbahçe,8lroq0cbhdxj8124qtxwrhvmm,3fhoof7n4sjaizvotcmypb9at,Nélson Semedo,Nélson Cabral Semedo,32,Defender,Portugal,Defender,62.0,45.0,107.0,2.0,280.0,7.0,0.0,1.0,1.0,5.0,5.0,12.0,4.0,2.0,8.0,4.0,2.0,0.0,0.0,0.0,1.0,2.0,0.0,0.0,0.0,0.0,0.0,81.68,41.18,0.0,80.0,100.0,60.0,0.0,33.33,0.0736825491284683,0.1058962779785572,0.0,3.0,0.09046312,0.0,4.0,4.0,0.10485653,15.0,19.928571428571427,14.464285714285714,34.39285714285714,0.6428571428571428,2.25,0.0,0.3214285714285714,0.3214285714285714,1.6071428571428572,1.6071428571428572,3.857142857142857,1.2857142857142856,0.6428571428571428,2.571428571428571,1.2857142857142856,0.6428571428571428,0.0,0.0,0.0,0.3214285714285714,0.6428571428571428,0.0,0.0,0.0,0.0,0.0,81.68,41.18,0.0,80.0,100.0,60.0,0.0,33.33,0.023683676505579,0.0340380893502505,0.0,0.9642857142857144,0.0290774314285714,0.0,1.2857142857142856,1.2857142857142856,0.0337038846428571,4.821428571428571,RB/RCB,41,25,31,44,47,12,28,44,81,81,22,19,16,94,94,16,19,34,31,75,34,44,38,44,53,53,38,31,19,72,100,88,12,6,50,56,44,62,56,34,41,38,31,31,62,38,50,50,62,12,38,50,81,81,50,12,19,94,94,25,19,34,31,88,50,44,38,44,53,53,38,31,19,72,100,88,12,6,50,56,44,69,69,34,38,31,31,31,Süper Lig
Fenerbahçe,8lroq0cbhdxj8124qtxwrhvmm,3pwr7lqvo4o08c4nvzqpuue39,V. Muriqi,Vedat Muriqi,32,Attacker,Kosovo,Striker,22.0,28.0,50.0,2.0,230.0,3.0,7.0,12.0,11.0,1.0,1.0,14.0,2.0,0.0,13.0,1.0,0.0,0.0,1.0,0.0,7.0,6.0,2.0,1.0,0.0,0.0,0.0,81.97,75.0,0.0,100.0,58.33,42.42,46.67,0.0,1.6737543253685667,0.1705464026575184,1.0,2.0,0.0440930999999999,1.0,5.0,5.0,0.1483128599999999,17.0,8.608695652173914,10.956521739130435,19.565217391304348,0.782608695652174,1.173913043478261,2.739130434782609,4.695652173913044,4.304347826086957,0.391304347826087,0.391304347826087,5.478260869565218,0.782608695652174,0.0,5.086956521739131,0.391304347826087,0.0,0.0,0.391304347826087,0.0,2.739130434782609,2.347826086956522,0.782608695652174,0.391304347826087,0.0,0.0,0.0,81.97,75.0,0.0,100.0,58.33,42.42,46.67,0.0,0.6549473447094392,0.0667355488659854,0.391304347826087,0.782608695652174,0.0172538217391304,0.391304347826087,1.956521739130435,1.956521739130435,0.0580354669565217,6.652173913043479,ST,71,61,61,29,76,65,85,94,8,8,40,56,18,50,32,16,29,24,11,94,74,69,82,52,52,52,71,82,29,98,90,48,68,16,94,45,32,39,39,40,71,63,42,68,87,68,81,45,90,77,97,97,10,10,71,61,18,71,35,16,29,26,11,94,87,84,90,52,52,52,71,82,29,98,90,48,68,16,97,48,39,45,42,45,77,71,52,74,Süper Lig
Fenerbahçe,8lroq0cbhdxj8124qtxwrhvmm,4j1oq24pfi728zyl2zkpptpsl,M. Škriniar,Milan Skriniar,31,Defender,Slovakia,Defender,143.0,89.0,232.0,3.0,360.0,7.0,6.0,3.0,3.0,2.0,2.0,21.0,18.0,5.0,4.0,2.0,8.0,0.0,0.0,0.0,1.0,2.0,1.0,0.0,0.0,0.0,0.0,92.8,38.89,0.0,100.0,33.33,77.78,85.71,72.73,0.358481818924921,0.1831761428721477,0.0,1.0,0.01935132,0.0,21.0,20.0,0.4239468099999999,155.0,35.75,22.25,58.0,0.75,1.75,1.5,0.75,0.75,0.5,0.5,5.25,4.5,1.25,1.0,0.5,2.0,0.0,0.0,0.0,0.25,0.5,0.25,0.0,0.0,0.0,0.0,92.8,38.89,0.0,100.0,33.33,77.78,85.71,72.73,0.0896204547312302,0.0457940357180369,0.0,0.25,0.00483783,0.0,5.25,5.0,0.1059867024999999,38.75,CB,65,86,86,93,43,53,68,81,69,68,82,69,67,74,81,99,43,33,38,68,54,92,44,49,51,51,83,17,43,85,68,97,97,58,78,86,40,64,65,35,93,92,86,92,57,86,78,85,32,42,62,79,64,64,86,51,58,62,78,97,43,33,38,60,50,88,44,49,51,51,83,17,43,85,68,97,97,58,75,83,40,68,69,35,92,89,81,86,Süper Lig
Fenerbahçe,8lroq0cbhdxj8124qtxwrhvmm,6kicom9a3lzp49urle78bevl6,M. Greenwood,Mason Greenwood,24,Attacker,England,Striker,34.0,87.0,118.0,6.0,270.0,5.0,0.0,15.0,10.0,10.0,10.0,12.0,0.0,2.0,21.0,6.0,0.0,3.0,5.0,6.0,5.0,5.0,2.0,1.0,0.0,0.0,0.0,81.94,45.45,37.5,60.0,33.33,57.14,0.0,0.0,1.251513531139994,0.5408010042228547,10.0,16.0,0.45850861,11.0,14.0,19.0,0.77284277,61.0,11.333333333333334,29.0,39.333333333333336,2.0,1.6666666666666667,0.0,5.0,3.333333333333333,3.333333333333333,3.333333333333333,4.0,0.0,0.6666666666666666,7.0,2.0,0.0,1.0,1.6666666666666667,2.0,1.6666666666666667,1.6666666666666667,0.6666666666666666,0.3333333333333333,0.0,0.0,0.0,81.94,45.45,37.5,60.0,33.33,57.14,0.0,0.0,0.4171711770466647,0.1802670014076182,3.333333333333333,5.333333333333333,0.1528362033333333,3.6666666666666665,4.666666666666667,6.333333333333333,0.2576142566666666,20.33333333333333,RW,62,94,88,66,62,22,97,94,50,44,22,16,66,94,66,19,66,91,100,88,56,88,81,53,53,53,69,31,88,72,50,88,22,19,88,69,100,94,94,100,88,94,81,94,69,100,94,75,56,22,100,100,62,56,25,16,69,94,75,19,69,94,100,94,56,88,75,53,53,53,69,31,88,72,50,88,22,19,100,75,100,100,100,100,100,94,100,100,Süper Lig
Fenerbahçe,8lroq0cbhdxj8124qtxwrhvmm,6za0ff4heyibetetkgor24xuy,O. Aydın,Oguz Aydin,25,Attacker,Türkiye,Striker,21.0,76.0,93.0,7.0,241.0,1.0,1.0,5.0,3.0,4.0,4.0,13.0,2.0,2.0,9.0,2.0,3.0,4.0,2.0,1.0,3.0,5.0,1.0,1.0,0.0,0.0,0.0,85.32,33.33,28.57,50.0,60.0,44.83,33.33,60.0,0.2724242848840998,0.7509973809273749,3.0,21.0,0.57482099,6.0,6.0,7.0,0.3649606599999999,43.0,7.842323651452283,28.38174273858921,34.73029045643154,2.6141078838174274,0.3734439834024896,0.3734439834024896,1.867219917012448,1.120331950207469,1.4937759336099583,1.4937759336099583,4.854771784232366,0.7468879668049793,0.7468879668049793,3.3609958506224067,0.7468879668049793,1.120331950207469,1.4937759336099583,0.7468879668049793,0.3734439834024896,1.120331950207469,1.867219917012448,0.3734439834024896,0.3734439834024896,0.0,0.0,0.0,85.32,33.33,28.57,50.0,60.0,44.83,33.33,60.0,0.1017352101226928,0.2804554534583557,1.120331950207469,7.842323651452283,0.2146634402489626,2.240663900414938,2.240663900414938,2.6141078838174274,0.1362923626556016,16.058091286307054,ST,68,90,87,89,27,23,18,21,40,39,35,56,84,24,60,87,94,47,35,63,68,47,82,52,52,52,97,27,74,63,94,65,34,58,16,97,76,100,100,97,79,77,87,89,77,100,100,97,32,23,32,23,48,45,52,55,94,42,68,94,94,55,45,74,71,52,87,52,52,52,97,27,74,63,94,65,34,58,16,97,90,100,100,97,87,84,94,94,Süper Lig
Fenerbahçe,8lroq0cbhdxj8124qtxwrhvmm,7jn9kl5wq29d41ekc2fz2rs2d,N. Aké,Nathan Aké,31,Defender,Netherlands,Defender,149.0,79.0,228.0,0.0,360.0,5.0,4.0,1.0,1.0,0.0,0.0,9.0,11.0,3.0,1.0,0.0,2.0,0.0,0.0,0.0,1.0,1.0,0.0,0.0,0.0,0.0,0.0,93.83,41.67,0.0,0.0,100.0,42.86,33.33,50.0,0.1428394319878792,0.0,0.0,7.0,0.12551712,2.0,13.0,14.0,0.21514861,107.0,37.25,19.75,57.0,0.0,1.25,1.0,0.25,0.25,0.0,0.0,2.25,2.75,0.75,0.25,0.0,0.5,0.0,0.0,0.0,0.25,0.25,0.0,0.0,0.0,0.0,0.0,93.83,41.67,0.0,0.0,100.0,42.86,33.33,50.0,0.0357098579969698,0.0,0.0,1.75,0.03137928,0.5,3.25,3.5,0.0537871525,26.75,CB,75,81,81,18,26,26,32,44,18,18,25,25,38,31,24,35,43,33,38,68,29,42,44,49,51,51,92,26,43,24,96,15,11,33,58,29,40,100,97,92,72,75,53,75,69,69,75,18,12,21,32,38,18,18,6,18,29,24,24,36,43,33,38,60,22,42,44,49,51,51,92,26,43,24,96,15,11,33,58,29,40,97,97,92,69,75,53,78,Süper Lig
Fenerbahçe,8lroq0cbhdxj8124qtxwrhvmm,8kz0e83d3azssd7unbk2lqt0q,A. Brown,Archie Brown,24,Defender,England,Defender,43.0,43.0,84.0,3.0,243.0,2.0,3.0,2.0,2.0,3.0,3.0,11.0,6.0,6.0,9.0,1.0,4.0,2.0,0.0,0.0,1.0,2.0,0.0,0.0,0.0,0.0,0.0,87.5,40.0,28.57,33.33,50.0,50.0,50.0,80.0,0.2445117210705448,0.4561559817146733,0.0,6.0,0.1252465299999999,0.0,11.0,10.0,0.6682943799999999,50.0,15.925925925925926,15.925925925925926,31.11111111111111,1.111111111111111,0.7407407407407407,1.111111111111111,0.7407407407407407,0.7407407407407407,1.111111111111111,1.111111111111111,4.0740740740740735,2.222222222222222,2.222222222222222,3.333333333333333,0.3703703703703703,1.4814814814814814,0.7407407407407407,0.0,0.0,0.3703703703703703,0.7407407407407407,0.0,0.0,0.0,0.0,0.0,87.5,40.0,28.57,33.33,50.0,50.0,50.0,80.0,0.0905598966927943,0.1689466598943234,0.0,2.222222222222222,0.0463876037037036,0.0,4.0740740740740735,3.7037037037037033,0.2475164370370369,18.51851851851852,LB/LCB,26,31,24,57,14,55,55,67,57,57,24,24,76,74,48,62,67,21,36,71,48,40,43,50,52,52,90,48,69,43,95,33,62,90,57,76,26,71,67,19,69,48,90,52,38,38,43,67,14,67,57,67,62,57,57,38,95,100,57,62,86,21,36,86,52,40,43,50,52,52,90,48,69,43,95,33,62,90,71,90,26,95,67,19,90,71,90,71,Süper Lig
Fenerbahçe,8lroq0cbhdxj8124qtxwrhvmm,am70epdl0361z5af8ahskcdsl,N. Kanté,N'Golo Kanté,35,Midfielder,France,Midfielder,69.0,76.0,145.0,3.0,274.0,4.0,1.0,3.0,1.0,2.0,3.0,20.0,3.0,3.0,2.0,2.0,10.0,0.0,2.0,1.0,0.0,2.0,0.0,0.0,0.0,0.0,0.0,90.62,57.14,0.0,100.0,0.0,76.92,0.0,66.67,0.2071958392362262,0.1168764665977541,2.0,5.0,0.10362834,3.0,10.0,14.0,0.37067643,62.0,22.66423357664234,24.96350364963504,47.627737226277375,0.9854014598540146,1.3138686131386863,0.3284671532846716,0.9854014598540146,0.3284671532846716,0.6569343065693432,0.9854014598540146,6.569343065693431,0.9854014598540146,0.9854014598540146,0.6569343065693432,0.6569343065693432,3.2846715328467155,0.0,0.6569343065693432,0.3284671532846716,0.0,0.6569343065693432,0.0,0.0,0.0,0.0,0.0,90.62,57.14,0.0,100.0,0.0,76.92,0.0,66.67,0.0680570274863516,0.0383900802693352,0.6569343065693432,1.6423357664233578,0.034038505839416,0.9854014598540146,3.2846715328467155,4.598540145985401,0.1217550317518248,20.36496350364964,DM/CM,52,68,67,59,18,29,61,52,44,56,79,39,41,42,70,100,36,73,74,23,29,42,45,52,52,52,70,36,36,88,23,100,14,70,55,48,82,73,70,68,47,71,67,55,61,82,73,64,18,33,67,58,45,61,91,39,45,45,73,100,36,76,79,23,27,42,45,52,52,52,70,36,36,88,23,100,14,70,64,55,85,82,82,76,58,82,85,67,Süper Lig
Fenerbahçe,8lroq0cbhdxj8124qtxwrhvmm,asvqr3i5wcjiajxipt1qvldyh,M. Guendouzi,Mattéo Guendouzi,27,Midfielder,France,Midfielder,74.0,133.0,204.0,7.0,350.0,13.0,2.0,1.0,1.0,3.0,4.0,12.0,5.0,3.0,4.0,1.0,1.0,3.0,0.0,0.0,0.0,6.0,0.0,0.0,0.0,0.0,0.0,91.48,68.42,37.5,33.33,0.0,46.15,66.67,33.33,0.105734787035037,0.706005287110478,0.0,13.0,0.28913003,4.0,35.0,32.0,1.07133027,115.0,19.02857142857143,34.2,52.457142857142856,1.8,3.342857142857143,0.5142857142857143,0.2571428571428572,0.2571428571428572,0.7714285714285715,1.0285714285714287,3.085714285714286,1.2857142857142858,0.7714285714285715,1.0285714285714287,0.2571428571428572,0.2571428571428572,0.7714285714285715,0.0,0.0,0.0,1.542857142857143,0.0,0.0,0.0,0.0,0.0,91.48,68.42,37.5,33.33,0.0,46.15,66.67,33.33,0.0271889452375809,0.1815442166855515,0.0,3.342857142857143,0.0743477219999999,1.0285714285714287,9.0,8.22857142857143,0.2754849265714286,29.571428571428573,DM/CM,58,100,88,89,70,56,27,52,61,74,45,65,41,67,45,23,89,23,32,23,74,42,45,52,52,52,88,71,88,42,23,27,82,20,36,94,27,91,91,80,100,100,100,91,45,100,79,94,64,48,21,45,52,70,21,64,27,70,33,21,88,23,32,23,70,42,45,52,52,52,88,71,88,42,23,27,82,20,39,100,27,91,91,85,100,100,100,97,Süper Lig
Fenerbahçe,8lroq0cbhdxj8124qtxwrhvmm,e0tqievwgo1fq8xlnqrxs6ymt,İ. Kahveci,Irfan Can Kahveci,31,Midfielder,Türkiye,Midfielder,25.0,33.0,56.0,2.0,182.0,4.0,1.0,2.0,2.0,3.0,3.0,11.0,1.0,0.0,5.0,2.0,4.0,2.0,0.0,1.0,0.0,2.0,0.0,1.0,0.0,0.0,0.0,82.35,80.0,33.33,66.67,0.0,52.38,0.0,66.67,0.2112579890984031,0.246302054607719,0.0,1.0,0.02122129,1.0,3.0,4.0,0.0692798599999999,19.0,12.362637362637363,16.318681318681318,27.692307692307693,0.989010989010989,1.978021978021978,0.4945054945054945,0.989010989010989,0.989010989010989,1.4835164835164836,1.4835164835164836,5.43956043956044,0.4945054945054945,0.0,2.4725274725274726,0.989010989010989,1.978021978021978,0.989010989010989,0.0,0.4945054945054945,0.0,0.989010989010989,0.0,0.4945054945054945,0.0,0.0,0.0,82.35,80.0,33.33,66.67,0.0,52.38,0.0,66.67,0.1044682363673421,0.1217977193115094,0.0,0.4945054945054945,0.0104940445054945,0.4945054945054945,1.4835164835164836,1.978021978021978,0.0342592714285713,9.395604395604396,CM/AM,17,17,17,17,28,47,6,33,28,25,31,31,14,33,44,83,42,6,22,11,22,33,53,53,50,53,28,78,56,83,11,78,25,58,6,28,11,6,6,19,22,22,6,17,61,22,22,22,61,56,11,61,61,61,89,44,14,39,83,100,56,6,56,11,44,33,78,53,50,53,28,78,56,83,11,78,25,58,39,50,11,6,6,28,22,22,6,28,Süper Lig
Galatasaray,esa748l653sss1wurz5ps3228,1h5s7q9ezqulz6mvvc9981vc9,Y. Akgün,Yunus Akgün,26,Attacker,Türkiye,Striker,28.0,98.0,117.0,15.0,327.0,3.0,0.0,10.0,6.0,9.0,9.0,17.0,0.0,2.0,11.0,5.0,1.0,9.0,4.0,2.0,4.0,10.0,1.0,0.0,0.0,0.0,0.0,84.17,37.5,56.25,55.56,40.0,58.62,0.0,50.0,0.9552910595755798,1.448092443362194,2.0,13.0,0.33534965,9.0,17.0,31.0,1.85359103,66.0,7.706422018348624,26.972477064220183,32.20183486238532,4.128440366972477,0.8256880733944955,0.0,2.752293577981652,1.651376146788991,2.477064220183486,2.477064220183486,4.678899082568807,0.0,0.5504587155963303,3.027522935779817,1.3761467889908257,0.2752293577981651,2.477064220183486,1.1009174311926606,0.5504587155963303,1.1009174311926606,2.752293577981652,0.2752293577981651,0.0,0.0,0.0,0.0,84.17,37.5,56.25,55.56,40.0,58.62,0.0,50.0,0.2629241448373155,0.3985575532189525,0.5504587155963303,3.5779816513761467,0.0922980688073394,2.477064220183486,4.678899082568807,8.53211009174312,0.5101626688073395,18.165137614678898,ST,84,100,94,100,76,10,74,55,79,79,56,6,84,39,82,48,100,81,61,71,94,47,35,52,52,52,90,32,90,74,68,94,10,44,58,100,55,94,94,100,100,100,100,100,74,97,94,100,66,10,65,52,81,81,45,6,81,35,84,48,100,74,55,71,97,39,35,52,52,52,90,32,90,74,68,94,10,44,58,100,52,94,90,100,100,100,100,100,Süper Lig
Galatasaray,esa748l653sss1wurz5ps3228,1wynwp4x95o9w5tt4cdog6i1,V. Osimhen,Victor Osimhen,27,Attacker,Nigeria,Striker,6.0,21.0,26.0,4.0,303.0,0.0,18.0,35.0,32.0,4.0,4.0,24.0,4.0,1.0,44.0,1.0,0.0,1.0,3.0,6.0,16.0,5.0,6.0,2.0,0.0,0.0,0.0,86.67,0.0,33.33,25.0,45.71,52.17,60.0,0.0,4.898902438929838,0.5355531026822526,3.0,4.0,0.14895795,0.0,0.0,0.0,0.38903323,8.0,1.7821782178217822,6.237623762376238,7.722772277227722,1.188118811881188,0.0,5.346534653465347,10.396039603960396,9.504950495049505,1.188118811881188,1.188118811881188,7.128712871287129,1.188118811881188,0.297029702970297,13.069306930693068,0.297029702970297,0.0,0.297029702970297,0.8910891089108911,1.7821782178217822,4.752475247524752,1.4851485148514851,1.7821782178217822,0.594059405940594,0.0,0.0,0.0,86.67,0.0,33.33,25.0,45.71,52.17,60.0,0.0,1.4551195363157934,0.1590751790145305,0.8910891089108911,1.188118811881188,0.0442449356435643,0.0,0.0,0.0,0.1155544247524752,2.376237623762376,ST,13,29,19,63,11,95,100,100,40,39,90,81,55,100,32,16,66,65,98,100,68,100,98,52,52,52,100,11,79,26,77,87,85,16,100,81,76,53,65,16,10,10,90,24,10,32,16,61,11,97,100,100,35,35,90,81,61,100,23,16,68,61,100,100,61,97,97,52,52,52,100,11,79,26,77,87,85,16,100,81,77,55,68,16,10,10,90,19,Süper Lig
Galatasaray,esa748l653sss1wurz5ps3228,4603xrdk721lqhd1ejn62x5n9,L. Sané,Leroy Sané,30,Attacker,Germany,Striker,22.0,49.0,71.0,2.0,213.0,4.0,0.0,6.0,3.0,12.0,13.0,9.0,0.0,0.0,8.0,8.0,0.0,0.0,3.0,1.0,3.0,1.0,0.0,0.0,0.0,0.0,0.0,85.54,80.0,0.0,66.67,50.0,50.0,0.0,0.0,0.4918640611715061,0.184373567708887,3.0,5.0,0.1303426399999999,2.0,7.0,4.0,0.1321366799999999,28.0,9.295774647887324,20.70422535211268,30.0,0.8450704225352113,1.6901408450704225,0.0,2.535211267605634,1.267605633802817,5.070422535211268,5.492957746478873,3.8028169014084505,0.0,0.0,3.380281690140845,3.380281690140845,0.0,0.0,1.267605633802817,0.4225352112676056,1.267605633802817,0.4225352112676056,0.0,0.0,0.0,0.0,0.0,85.54,80.0,0.0,66.67,50.0,50.0,0.0,0.0,0.2078298850020448,0.0779043243840367,1.267605633802817,2.112676056338028,0.0550743549295774,0.8450704225352113,2.9577464788732395,1.6901408450704225,0.0558323999999999,11.830985915492958,RW,25,53,44,22,50,22,41,44,69,69,6,16,22,34,84,19,9,56,41,62,9,31,34,53,53,53,94,94,9,88,75,69,22,19,44,31,53,28,19,28,75,34,31,53,50,75,75,25,62,22,69,62,94,94,19,16,22,56,100,19,9,75,50,75,12,31,34,53,53,53,94,94,9,88,75,69,22,19,56,38,81,50,50,50,75,44,38,69,Süper Lig
Galatasaray,esa748l653sss1wurz5ps3228,4k0ni039sbjs4sqipk4v7k79x,D. Sánchez,Davinson Sánchez,30,Defender,Colombia,Defender,146.0,93.0,239.0,3.0,341.0,13.0,12.0,1.0,1.0,2.0,2.0,22.0,28.0,1.0,1.0,2.0,3.0,0.0,0.0,0.0,1.0,4.0,1.0,0.0,0.0,0.0,0.0,89.51,52.0,0.0,100.0,100.0,59.46,57.14,75.0,0.1514675830402059,0.1541931683168077,0.0,3.0,0.06094906,3.0,23.0,28.0,0.4786591399999993,164.0,38.53372434017596,24.545454545454547,63.0791788856305,0.7917888563049854,3.43108504398827,3.1671554252199416,0.2639296187683284,0.2639296187683284,0.5278592375366569,0.5278592375366569,5.806451612903226,7.390029325513197,0.2639296187683284,0.2639296187683284,0.5278592375366569,0.7917888563049854,0.0,0.0,0.0,0.2639296187683284,1.0557184750733135,0.2639296187683284,0.0,0.0,0.0,0.0,89.51,52.0,0.0,100.0,100.0,59.46,57.14,75.0,0.0399767814475616,0.0406961441305357,0.0,0.7917888563049854,0.0160862621700879,0.7917888563049854,6.070381231671554,7.390029325513197,0.1263323243401757,43.28445747800587,CB,69,92,89,93,65,92,32,44,69,68,93,92,8,31,81,60,43,33,38,68,81,92,44,49,51,51,42,50,43,85,96,56,39,61,61,81,40,90,89,99,97,100,94,94,72,97,86,89,69,92,39,44,67,67,92,97,6,31,83,50,43,33,38,67,83,92,44,49,51,51,42,50,43,85,96,56,39,61,64,81,40,92,86,100,100,100,92,92,Süper Lig
Galatasaray,esa748l653sss1wurz5ps3228,6q0iuwoa8olkezlg4vo04je5m,B. Yılmaz,Baris Alper Yilmaz,26,Attacker,Türkiye,Striker,16.0,43.0,58.0,4.0,310.0,4.0,8.0,8.0,6.0,11.0,11.0,19.0,0.0,1.0,22.0,1.0,2.0,1.0,2.0,1.0,1.0,8.0,0.0,0.0,0.0,0.0,0.0,78.38,66.67,10.0,9.09,12.5,45.24,66.67,100.0,0.7815735802917441,0.4530419582081478,2.0,7.0,0.2156636899999999,4.0,5.0,8.0,0.6318866699999999,28.0,4.64516129032258,12.483870967741934,16.838709677419352,1.161290322580645,1.161290322580645,2.32258064516129,2.32258064516129,1.7419354838709675,3.193548387096774,3.193548387096774,5.516129032258064,0.0,0.2903225806451612,6.387096774193548,0.2903225806451612,0.5806451612903225,0.2903225806451612,0.5806451612903225,0.2903225806451612,0.2903225806451612,2.32258064516129,0.0,0.0,0.0,0.0,0.0,78.38,66.67,10.0,9.09,12.5,45.24,66.67,100.0,0.2269084587943773,0.1315283104475267,0.5806451612903225,2.032258064516129,0.062612039032258,1.161290322580645,1.4516129032258065,2.32258064516129,0.1834509687096773,8.129032258064516,ST,48,77,69,63,87,74,50,55,95,94,76,6,55,94,32,74,66,47,35,16,79,18,35,52,52,52,65,65,58,13,5,71,95,87,48,77,55,87,87,90,71,82,97,79,42,81,65,58,87,74,48,58,97,97,74,6,58,81,19,71,61,45,32,6,84,18,35,52,52,52,65,65,58,13,5,71,95,87,48,71,55,81,81,90,68,77,97,84,Süper Lig
Galatasaray,esa748l653sss1wurz5ps3228,8rfgwq7hbi4a3imda845vdyvp,M. Lemina,Mario Lemina,33,Midfielder,Gabon,Midfielder,85.0,55.0,140.0,1.0,220.0,11.0,2.0,1.0,1.0,3.0,4.0,11.0,9.0,3.0,2.0,3.0,5.0,0.0,0.0,0.0,0.0,0.0,0.0,0.0,0.0,0.0,0.0,90.91,64.71,0.0,100.0,0.0,47.83,28.57,83.33,0.0,0.0,0.0,0.0,0.0,0.0,0.0,0.0,0.0,0.0,34.77272727272727,22.5,57.27272727272727,0.409090909090909,4.5,0.8181818181818181,0.409090909090909,0.409090909090909,1.227272727272727,1.6363636363636362,4.5,3.6818181818181817,1.227272727272727,0.8181818181818181,1.227272727272727,2.0454545454545454,0.0,0.0,0.0,0.0,0.0,0.0,0.0,0.0,0.0,0.0,90.91,64.71,0.0,100.0,0.0,47.83,28.57,83.33,0.0,0.0,0.0,0.0,0.0,0.0,0.0,0.0,0.0,0.0,DM/CM,79,38,64,18,59,56,27,52,61,74,38,94,41,42,82,68,36,23,32,23,5,42,45,52,52,52,73,58,36,88,23,39,33,88,18,18,27,18,18,24,17,17,17,17,100,65,94,27,80,76,33,64,76,91,70,97,64,55,100,91,36,23,32,23,5,42,45,52,52,52,73,58,36,88,23,39,33,88,18,18,27,18,18,24,17,17,17,17,Süper Lig
Galatasaray,esa748l653sss1wurz5ps3228,9bqv99e39z86mn7dq3wnyt90p,I. Jakobs,Ismail Jakobs,27,Defender,Senegal,Defender,44.0,58.0,100.0,5.0,310.0,3.0,7.0,2.0,1.0,0.0,0.0,13.0,6.0,0.0,6.0,0.0,2.0,2.0,1.0,1.0,0.0,1.0,0.0,1.0,0.0,0.0,0.0,86.96,42.86,14.29,0.0,0.0,72.22,87.5,40.0,0.1303495993153693,0.5104887184596815,1.0,5.0,0.18944159,5.0,8.0,12.0,0.3191556399999999,47.0,12.774193548387096,16.838709677419352,29.032258064516128,1.4516129032258065,0.8709677419354839,2.032258064516129,0.5806451612903225,0.2903225806451612,0.0,0.0,3.774193548387097,1.7419354838709675,0.0,1.7419354838709675,0.0,0.5806451612903225,0.5806451612903225,0.2903225806451612,0.2903225806451612,0.0,0.2903225806451612,0.0,0.2903225806451612,0.0,0.0,0.0,86.96,42.86,14.29,0.0,0.0,72.22,87.5,40.0,0.0378434320593007,0.1482064021334559,0.2903225806451612,1.4516129032258065,0.0549991712903225,1.4516129032258065,2.32258064516129,3.4838709677419355,0.092658089032258,13.64516129032258,LB/LCB,33,62,43,81,21,90,55,52,12,12,43,24,10,67,19,31,67,57,79,29,24,40,93,50,52,52,81,57,40,19,29,95,100,29,52,86,62,64,76,81,55,62,52,48,10,43,24,81,19,90,48,52,12,12,38,10,10,67,19,33,57,57,81,29,24,40,90,50,52,52,81,57,40,19,29,95,100,29,52,76,57,57,90,90,57,67,52,48,Süper Lig
Galatasaray,esa748l653sss1wurz5ps3228,a86j56bn5wd6k9ut7ltf6whgq,Gabriel Sara,Gabriel Davi Gomes Sara,27,Midfielder,Brazil,Midfielder,50.0,106.0,145.0,16.0,343.0,4.0,3.0,12.0,3.0,6.0,6.0,7.0,4.0,2.0,10.0,2.0,1.0,11.0,9.0,3.0,4.0,0.0,2.0,2.0,0.0,1.0,0.0,82.86,50.0,36.67,33.33,33.33,28.0,60.0,50.0,0.9831676238469474,2.054191189948723,5.0,9.0,0.26143003,5.0,11.0,14.0,0.5628546699999999,73.0,13.119533527696792,27.8134110787172,38.0466472303207,4.198250728862974,1.0495626822157436,0.7871720116618076,3.1486880466472305,0.7871720116618076,1.5743440233236152,1.5743440233236152,1.836734693877551,1.0495626822157436,0.5247813411078718,2.623906705539359,0.5247813411078718,0.2623906705539359,2.8862973760932946,2.361516034985423,0.7871720116618076,1.0495626822157436,0.0,0.5247813411078718,0.5247813411078718,0.0,0.2623906705539359,0.0,82.86,50.0,36.67,33.33,33.33,28.0,60.0,50.0,0.2579740120881203,0.5390006037766328,1.3119533527696794,2.361516034985423,0.0685968008746355,1.3119533527696794,2.8862973760932946,3.673469387755102,0.1476878142857142,19.15451895043732,CM/AM,67,72,61,94,28,75,89,58,67,64,11,81,56,61,44,19,94,94,81,94,8,100,86,53,100,53,39,31,72,22,81,6,78,42,94,100,94,44,67,67,50,47,61,72,67,78,72,94,22,72,89,50,67,67,6,72,56,44,36,22,94,100,72,89,8,100,83,53,100,53,39,31,72,22,81,6,78,42,89,100,89,39,78,69,42,44,61,72,Süper Lig
Galatasaray,esa748l653sss1wurz5ps3228,adwfwvdij6onaszluqocifahh,A. Bardakcı,Abdülkerim Bardakci,32,Defender,Türkiye,Defender,123.0,67.0,188.0,1.0,264.0,5.0,7.0,4.0,3.0,0.0,0.0,8.0,16.0,2.0,5.0,0.0,0.0,2.0,1.0,1.0,1.0,1.0,0.0,0.0,0.0,0.0,0.0,91.26,41.67,100.0,0.0,25.0,33.33,38.89,0.0,0.4945415346412954,0.1141339839469741,1.0,2.0,0.04725549,2.0,12.0,15.0,0.4567700999999995,121.0,41.93181818181819,22.840909090909093,64.0909090909091,0.3409090909090909,1.7045454545454546,2.3863636363636367,1.3636363636363638,1.0227272727272727,0.0,0.0,2.7272727272727275,5.454545454545455,0.6818181818181819,1.7045454545454546,0.0,0.0,0.6818181818181819,0.3409090909090909,0.3409090909090909,0.3409090909090909,0.3409090909090909,0.0,0.0,0.0,0.0,0.0,91.26,41.67,100.0,0.0,25.0,33.33,38.89,0.0,0.1685937049913507,0.0389093127091957,0.3409090909090909,0.6818181818181819,0.0161098261363636,0.6818181818181819,4.090909090909091,5.113636363636364,0.1557170795454543,41.25,CB,50,75,53,51,26,61,85,81,18,18,18,56,19,82,24,6,96,74,86,68,29,42,44,49,51,51,64,26,97,24,57,6,14,6,86,72,85,78,83,92,68,78,92,81,83,92,92,58,28,81,86,92,18,18,25,72,25,94,24,6,97,78,92,69,36,42,44,49,51,51,64,26,97,24,57,6,14,6,97,75,86,89,89,97,86,92,100,89,Süper Lig
Galatasaray,esa748l653sss1wurz5ps3228,cp5hkhz2p2twjtiw8vphfv9hx,L. Torreira,Lucas Torreira,30,Midfielder,Uruguay,Midfielder,88.0,114.0,202.0,4.0,344.0,12.0,1.0,1.0,1.0,3.0,3.0,17.0,1.0,7.0,5.0,1.0,7.0,0.0,0.0,0.0,1.0,5.0,1.0,2.0,0.0,0.0,0.0,91.82,66.67,0.0,33.33,100.0,58.62,33.33,70.0,0.1335745274075289,0.2433661674450334,0.0,5.0,0.1020114,4.0,15.0,9.0,0.3007878599999998,84.0,23.023255813953487,29.825581395348834,52.84883720930232,1.0465116279069766,3.13953488372093,0.2616279069767441,0.2616279069767441,0.2616279069767441,0.7848837209302325,0.7848837209302325,4.447674418604651,0.2616279069767441,1.8313953488372088,1.3081395348837208,0.2616279069767441,1.8313953488372088,0.0,0.0,0.0,0.2616279069767441,1.3081395348837208,0.2616279069767441,0.5232558139534883,0.0,0.0,0.0,91.82,66.67,0.0,33.33,100.0,58.62,33.33,70.0,0.0349468240310395,0.0636713810175959,0.0,1.3081395348837208,0.0266890290697674,1.0465116279069766,3.924418604651162,2.3546511627906974,0.0786944982558139,21.97674418604651,DM/CM,83,88,83,77,64,29,27,52,61,56,70,5,91,79,45,89,36,23,32,64,64,92,100,52,52,52,92,65,36,42,97,70,39,79,45,73,27,73,67,80,73,55,64,79,67,91,82,73,55,27,24,48,55,48,67,6,91,73,36,85,36,23,32,61,64,91,100,52,52,52,92,65,36,42,97,70,39,79,45,70,27,70,67,88,67,48,61,76,Süper Lig
Galatasaray,esa748l653sss1wurz5ps3228,dglkt5h4m18p1qcj2uhqymvv9,R. Sallai,Roland Sallai,29,Attacker,Hungary,Striker,72.0,83.0,148.0,9.0,336.0,12.0,6.0,7.0,5.0,3.0,4.0,14.0,11.0,5.0,6.0,1.0,2.0,7.0,2.0,2.0,1.0,5.0,1.0,0.0,0.0,0.0,0.0,87.06,63.16,41.18,33.33,14.29,51.85,75.0,100.0,0.7117383677070201,0.7782931558493404,3.0,7.0,0.1454795099999999,6.0,16.0,18.0,0.6030846499999999,60.0,19.285714285714285,22.232142857142858,39.64285714285714,2.4107142857142856,3.2142857142857144,1.6071428571428572,1.875,1.3392857142857142,0.8035714285714286,1.0714285714285714,3.75,2.946428571428571,1.3392857142857142,1.6071428571428572,0.2678571428571428,0.5357142857142857,1.875,0.5357142857142857,0.5357142857142857,0.2678571428571428,1.3392857142857142,0.2678571428571428,0.0,0.0,0.0,0.0,87.06,63.16,41.18,33.33,14.29,51.85,75.0,100.0,0.1906442056358089,0.2084713810310733,0.8035714285714286,1.875,0.0389677258928571,1.6071428571428572,4.285714285714286,4.821428571428571,0.1615405312499999,16.07142857142857,RW,100,88,100,91,91,91,59,66,6,9,38,94,91,19,6,56,91,41,72,25,56,69,34,53,53,53,100,56,94,12,19,75,100,97,50,81,53,53,25,94,94,88,75,88,100,88,100,88,88,94,56,69,6,6,12,94,88,25,6,50,94,38,81,31,50,75,34,53,53,53,100,56,94,12,19,75,100,97,44,81,50,44,25,94,94,88,75,88,Süper Lig
Gaziantep,2agzb2h4ppg7lfz9hn7eg1rqo,2oelg4qzc5due7w9ue0af26l1,M. Abena,Myenty Abena,31,Defender,Suriname,Defender,127.0,19.0,146.0,0.0,360.0,1.0,10.0,1.0,1.0,0.0,0.0,15.0,22.0,2.0,1.0,0.0,0.0,0.0,0.0,0.0,1.0,3.0,1.0,0.0,0.0,0.0,0.0,94.19,33.33,0.0,0.0,100.0,46.88,47.62,0.0,0.0,0.0,0.0,0.0,0.0,0.0,0.0,0.0,0.0,0.0,31.75,4.75,36.5,0.0,0.25,2.5,0.25,0.25,0.0,0.0,3.75,5.5,0.5,0.25,0.0,0.0,0.0,0.0,0.0,0.25,0.75,0.25,0.0,0.0,0.0,0.0,94.19,33.33,0.0,0.0,100.0,46.88,47.62,0.0,0.0,0.0,0.0,0.0,0.0,0.0,0.0,0.0,0.0,0.0,CB,53,6,42,18,3,81,32,44,18,18,57,75,19,31,24,6,43,33,38,68,71,92,44,49,51,51,97,8,43,24,96,28,22,6,24,29,40,29,29,35,21,21,21,21,47,6,31,18,3,83,32,38,18,18,43,75,15,24,24,6,43,33,38,60,62,88,44,49,51,51,97,8,43,24,96,28,22,6,24,29,40,29,29,35,21,21,21,21,Süper Lig
Gaziantep,2agzb2h4ppg7lfz9hn7eg1rqo,6coyybit0i45dhhx3iddfud49,U. Meleke,Ulrich Meleke,27,Midfielder,Côte d'Ivoire,Midfielder,139.0,49.0,187.0,0.0,348.0,16.0,7.0,4.0,4.0,3.0,3.0,20.0,20.0,12.0,6.0,3.0,7.0,1.0,0.0,1.0,1.0,4.0,0.0,0.0,0.0,0.0,0.0,86.18,51.61,100.0,100.0,25.0,58.82,58.33,100.0,0.0,0.0,0.0,0.0,0.0,0.0,0.0,0.0,0.0,0.0,35.94827586206897,12.672413793103448,48.36206896551724,0.0,4.137931034482759,1.8103448275862069,1.0344827586206895,1.0344827586206895,0.7758620689655172,0.7758620689655172,5.172413793103448,5.172413793103448,3.103448275862069,1.5517241379310345,0.7758620689655172,1.8103448275862069,0.2586206896551724,0.0,0.2586206896551724,0.2586206896551724,1.0344827586206895,0.0,0.0,0.0,0.0,0.0,86.18,51.61,100.0,100.0,25.0,58.82,58.33,100.0,0.0,0.0,0.0,0.0,0.0,0.0,0.0,0.0,0.0,0.0,LM/LCM,100,50,100,17,100,100,42,92,42,42,67,100,100,33,58,100,42,25,58,42,33,50,42,58,58,58,50,33,100,100,42,83,100,92,25,25,25,25,25,33,25,25,25,25,100,50,83,17,100,100,33,83,33,33,50,100,100,33,67,100,50,25,50,33,33,50,42,58,58,58,50,33,100,100,42,83,100,92,25,25,25,25,25,33,25,25,25,25,Süper Lig
Gaziantep,2agzb2h4ppg7lfz9hn7eg1rqo,6svn9e7iwbxqd1gl7c3oxois4,V. Gidado,Victor Gidado,22,Midfielder,Nigeria,Midfielder,32.0,34.0,66.0,0.0,214.0,2.0,1.0,3.0,0.0,0.0,1.0,10.0,4.0,2.0,1.0,0.0,2.0,0.0,3.0,1.0,1.0,3.0,0.0,0.0,0.0,0.0,0.0,82.5,33.33,0.0,0.0,33.33,40.0,11.11,33.33,0.0,0.0,0.0,0.0,0.0,0.0,0.0,0.0,0.0,0.0,13.457943925233645,14.299065420560748,27.7570093457944,0.0,0.8411214953271028,0.4205607476635514,1.2616822429906542,0.0,0.0,0.4205607476635514,4.205607476635514,1.6822429906542056,0.8411214953271028,0.4205607476635514,0.0,0.8411214953271028,0.0,1.2616822429906542,0.4205607476635514,0.4205607476635514,1.2616822429906542,0.0,0.0,0.0,0.0,0.0,82.5,33.33,0.0,0.0,33.33,40.0,11.11,33.33,0.0,0.0,0.0,0.0,0.0,0.0,0.0,0.0,0.0,0.0,CM,50,50,50,50,50,75,50,50,50,50,50,50,75,50,50,50,75,50,75,100,50,75,75,75,75,75,50,50,75,50,100,50,100,50,75,75,75,75,75,75,75,75,75,75,50,50,50,50,50,100,100,50,50,50,100,100,100,50,50,50,75,100,100,100,100,75,75,75,75,75,50,50,75,50,100,50,100,50,75,75,75,75,75,75,75,75,75,75,Süper Lig
Gaziantep,2agzb2h4ppg7lfz9hn7eg1rqo,7nk0a34pfkkcvzo1ca9bl8sbu,D. Camara,Drissa Camara,24,Midfielder,Côte d'Ivoire,Midfielder,23.0,25.0,47.0,1.0,186.0,2.0,0.0,6.0,3.0,5.0,6.0,14.0,0.0,2.0,9.0,2.0,4.0,1.0,3.0,1.0,3.0,8.0,0.0,0.0,0.0,0.0,0.0,82.46,50.0,100.0,40.0,50.0,50.0,0.0,100.0,0.4877264270062768,0.0508356620802709,2.0,2.0,0.0535479299999999,0.0,0.0,0.0,0.2519220699999999,16.0,11.129032258064514,12.096774193548386,22.741935483870964,0.4838709677419354,0.9677419354838708,0.0,2.9032258064516125,1.4516129032258065,2.419354838709677,2.9032258064516125,6.774193548387096,0.0,0.9677419354838708,4.354838709677419,0.9677419354838708,1.935483870967741,0.4838709677419354,1.4516129032258065,0.4838709677419354,1.4516129032258065,3.870967741935484,0.0,0.0,0.0,0.0,0.0,82.46,50.0,100.0,40.0,50.0,50.0,0.0,100.0,0.2359966582288435,0.0245979010065826,0.9677419354838708,0.9677419354838708,0.0259102887096773,0.0,0.0,0.0,0.1218977758064515,7.741935483870967,CM/AM,11,11,11,6,14,19,56,58,56,64,64,8,56,56,44,83,31,53,22,89,92,33,19,53,50,53,33,31,100,28,97,67,25,92,67,6,53,11,11,6,6,8,28,11,39,11,11,11,11,19,83,83,78,89,100,8,83,89,78,94,33,67,44,94,100,33,19,53,50,53,33,31,100,28,97,67,25,92,83,6,78,11,11,6,6,8,56,11,Süper Lig
Gaziantep,2agzb2h4ppg7lfz9hn7eg1rqo,ahrnav5hhvd8fy2h0h9h77ug9,D. Sorescu,Deian Sorescu,29,Defender,Romania,Defender,49.0,62.0,106.0,7.0,335.0,9.0,1.0,8.0,4.0,7.0,8.0,20.0,7.0,5.0,12.0,4.0,2.0,5.0,4.0,2.0,2.0,7.0,2.0,0.0,0.0,0.0,0.0,72.11,47.37,27.78,57.14,25.0,55.56,50.0,25.0,0.8762560610213508,0.841563401523225,4.0,3.0,0.09904444,2.0,6.0,9.0,0.9582539499999998,48.0,13.164179104477611,16.65671641791045,28.477611940298505,1.880597014925373,2.417910447761194,0.2686567164179104,2.149253731343284,1.0746268656716418,1.880597014925373,2.149253731343284,5.3731343283582085,1.880597014925373,1.343283582089552,3.2238805970149254,1.0746268656716418,0.5373134328358209,1.343283582089552,1.0746268656716418,0.5373134328358209,0.5373134328358209,1.880597014925373,0.5373134328358209,0.0,0.0,0.0,0.0,72.11,47.37,27.78,57.14,25.0,55.56,50.0,25.0,0.2354120760952882,0.2260916601107171,1.0746268656716418,0.8059701492537313,0.0266089540298507,0.5373134328358209,1.611940298507463,2.417910447761194,0.2574413597014924,12.8955223880597,RW,81,69,81,81,81,50,72,56,22,25,72,88,91,66,28,56,78,75,72,50,69,88,34,53,53,53,19,38,62,62,44,81,78,38,62,88,78,12,12,28,59,69,100,78,88,56,62,69,75,44,62,50,19,31,69,88,94,44,25,56,81,69,88,44,75,81,34,53,53,53,19,38,62,62,44,81,78,38,69,88,69,12,12,25,62,69,94,81,Süper Lig
Gaziantep,2agzb2h4ppg7lfz9hn7eg1rqo,b630wiid83tw53e325x2g0c0l,A. Maxim,Alexandru Maxim,36,Midfielder,Romania,Midfielder,88.0,119.0,197.0,14.0,332.0,32.0,0.0,4.0,1.0,3.0,3.0,14.0,1.0,0.0,1.0,2.0,4.0,10.0,3.0,3.0,1.0,3.0,0.0,2.0,0.0,0.0,0.0,88.34,76.19,55.56,66.67,25.0,50.0,0.0,44.44,0.2572048100149136,1.3541531056510567,0.0,11.0,0.2350766099999999,5.0,25.0,27.0,1.04888388,113.0,23.855421686746983,32.25903614457831,53.40361445783133,3.795180722891566,8.674698795180722,0.0,1.0843373493975903,0.2710843373493976,0.8132530120481927,0.8132530120481927,3.795180722891566,0.2710843373493976,0.0,0.2710843373493976,0.5421686746987951,1.0843373493975903,2.710843373493976,0.8132530120481927,0.8132530120481927,0.2710843373493976,0.8132530120481927,0.0,0.5421686746987951,0.0,0.0,0.0,88.34,76.19,55.56,66.67,25.0,50.0,0.0,44.44,0.0697241954859705,0.3670896973150455,0.0,2.9819277108433733,0.0637255870481927,1.355421686746988,6.77710843373494,7.3192771084337345,0.284335991566265,30.632530120481928,CM/AM,100,78,89,89,100,19,19,14,28,25,64,31,14,6,44,83,81,53,81,36,33,33,86,53,50,53,89,67,94,83,56,67,25,33,11,83,11,69,56,67,83,83,89,94,100,83,100,89,100,19,22,17,22,17,44,28,14,6,44,67,89,44,78,33,39,33,89,53,50,53,89,67,94,83,56,67,25,33,11,94,11,83,56,78,89,83,94,100,Süper Lig
Gaziantep,2agzb2h4ppg7lfz9hn7eg1rqo,d8v7fh30bn0rbhj0lgn1j17th,Luis Pérez,Luis Jesús Pérez Maqueda,31,Defender,Spain,Defender,121.0,68.0,188.0,1.0,360.0,19.0,3.0,1.0,1.0,1.0,2.0,18.0,26.0,3.0,1.0,1.0,5.0,1.0,0.0,0.0,0.0,8.0,0.0,0.0,0.0,0.0,0.0,85.84,54.29,20.0,100.0,0.0,52.94,30.0,83.33,0.0,0.0,0.0,0.0,0.0,0.0,0.0,0.0,0.0,0.0,30.25,17.0,47.0,0.25,4.75,0.75,0.25,0.25,0.25,0.5,4.5,6.5,0.75,0.25,0.25,1.25,0.25,0.0,0.0,0.0,2.0,0.0,0.0,0.0,0.0,0.0,85.84,54.29,20.0,100.0,0.0,52.94,30.0,83.33,0.0,0.0,0.0,0.0,0.0,0.0,0.0,0.0,0.0,0.0,RB/RCB,88,62,88,25,88,44,28,44,25,44,69,97,34,16,41,66,50,34,31,28,91,44,38,44,53,53,50,75,56,91,28,44,31,69,16,22,44,19,19,34,16,16,16,16,88,69,88,22,94,44,25,38,31,47,62,94,25,16,50,69,41,34,31,28,88,44,38,44,53,53,50,75,56,91,28,44,31,69,16,22,44,19,19,34,16,16,16,16,Süper Lig
Gaziantep,2agzb2h4ppg7lfz9hn7eg1rqo,dvof4p3jx1gi6i9uelbmudl62,K. Kozłowski,Kacper Kozlowski,22,Midfielder,Poland,Midfielder,51.0,76.0,124.0,8.0,338.0,8.0,4.0,5.0,3.0,7.0,9.0,21.0,1.0,3.0,15.0,4.0,1.0,3.0,2.0,1.0,3.0,10.0,2.0,0.0,0.0,0.0,0.0,86.11,88.89,37.5,57.14,60.0,50.0,40.0,33.33,0.0,0.0,0.0,0.0,0.0,0.0,0.0,0.0,0.0,0.0,13.579881656804734,20.236686390532544,33.01775147928994,2.1301775147929,2.1301775147929,1.0650887573964498,1.331360946745562,0.7988165680473372,1.863905325443787,2.396449704142012,5.591715976331361,0.2662721893491124,0.7988165680473372,3.994082840236687,1.0650887573964498,0.2662721893491124,0.7988165680473372,0.5325443786982249,0.2662721893491124,0.7988165680473372,2.662721893491124,0.5325443786982249,0.0,0.0,0.0,0.0,86.11,88.89,37.5,57.14,60.0,50.0,40.0,33.33,0.0,0.0,0.0,0.0,0.0,0.0,0.0,0.0,0.0,0.0,RM/RCM,50,75,75,100,50,100,100,100,100,100,75,25,62,100,88,25,100,100,88,100,100,100,50,62,62,62,75,100,100,50,50,88,100,25,38,38,38,38,38,50,38,38,38,38,25,100,75,100,75,100,100,100,100,100,100,25,25,100,100,25,100,100,75,100,100,100,50,62,62,62,75,100,100,50,50,88,100,25,38,38,38,38,38,50,38,38,38,38,Süper Lig
Gençlerbirliği,embqktr41hfzczc8uav1scmcn,2crf3grf6kbl06ol0bn3k006h,S. Koïta,Sékou Koita,26,Attacker,Mali,Striker,19.0,20.0,38.0,3.0,295.0,2.0,7.0,11.0,6.0,5.0,5.0,11.0,6.0,0.0,10.0,2.0,1.0,1.0,5.0,4.0,2.0,1.0,1.0,1.0,0.0,0.0,0.0,70.37,66.67,50.0,40.0,18.18,36.67,46.67,100.0,1.3181277322989775,0.2885205372454782,5.0,0.0,0.0,1.0,4.0,5.0,0.1502038399999997,15.0,5.796610169491526,6.101694915254238,11.593220338983052,0.9152542372881356,0.6101694915254238,2.135593220338983,3.3559322033898304,1.8305084745762712,1.5254237288135597,1.5254237288135597,3.3559322033898304,1.8305084745762712,0.0,3.050847457627119,0.6101694915254238,0.3050847457627119,0.3050847457627119,1.5254237288135597,1.2203389830508475,0.6101694915254238,0.3050847457627119,0.3050847457627119,0.3050847457627119,0.0,0.0,0.0,70.37,66.67,50.0,40.0,18.18,36.67,46.67,100.0,0.4021406640912134,0.0880232147528577,1.5254237288135597,0.0,0.0,0.3050847457627119,1.2203389830508475,1.5254237288135597,0.0458249003389829,4.576271186440678,ST,65,24,44,48,52,65,81,55,58,56,32,87,18,31,60,48,66,95,89,44,16,47,82,52,52,52,26,65,87,44,19,29,68,87,81,61,94,13,13,40,61,63,45,55,61,26,42,48,58,68,77,61,52,48,32,87,18,39,61,52,71,100,90,45,10,42,81,52,52,52,26,65,87,44,19,29,68,87,84,61,94,13,13,39,58,65,42,55,Süper Lig
Gençlerbirliği,embqktr41hfzczc8uav1scmcn,5aj96k6qtm9x7jbsl5b4sarkk,O. Diabate,Ousmane Diabate,18,Midfielder,Guinea,Midfielder,79.0,59.0,138.0,3.0,330.0,15.0,2.0,6.0,1.0,4.0,4.0,16.0,7.0,5.0,2.0,3.0,7.0,0.0,5.0,1.0,2.0,2.0,0.0,1.0,0.0,0.0,0.0,84.66,62.5,0.0,75.0,33.33,48.48,0.0,77.78,0.3957460102235572,0.1192972581814303,3.0,3.0,0.0917380399999999,0.0,13.0,12.0,0.2657660499999998,76.0,21.545454545454547,16.09090909090909,37.63636363636364,0.8181818181818182,4.090909090909091,0.5454545454545455,1.6363636363636365,0.2727272727272727,1.090909090909091,1.090909090909091,4.363636363636364,1.9090909090909087,1.3636363636363638,0.5454545454545455,0.8181818181818182,1.9090909090909087,0.0,1.3636363636363638,0.2727272727272727,0.5454545454545455,0.5454545454545455,0.0,0.2727272727272727,0.0,0.0,0.0,84.66,62.5,0.0,75.0,33.33,48.48,0.0,77.78,0.1079307300609701,0.0325356158676628,0.8181818181818182,0.8181818181818182,0.0250194654545454,0.0,3.5454545454545454,3.272727272727273,0.0724816499999999,20.727272727272727,DM/CM,70,44,61,59,80,56,92,52,79,74,62,82,76,42,82,89,36,91,74,88,29,42,94,52,52,52,36,53,36,68,67,45,14,85,82,52,89,52,64,24,62,65,61,73,52,33,48,55,73,55,94,52,73,73,64,79,73,39,79,88,36,91,73,88,21,42,94,52,52,52,36,53,36,68,67,45,14,85,91,48,91,55,61,24,61,61,55,70,Süper Lig
Gençlerbirliği,embqktr41hfzczc8uav1scmcn,61q0oiogz22nlytmstqmuxiax,O. Ülgün,Ogulcan Ulgun,28,Midfielder,Türkiye,Midfielder,28.0,53.0,81.0,3.0,298.0,6.0,5.0,3.0,3.0,0.0,0.0,8.0,7.0,2.0,7.0,0.0,1.0,0.0,0.0,0.0,2.0,1.0,1.0,1.0,0.0,0.0,0.0,81.0,60.0,0.0,0.0,66.67,33.33,38.46,50.0,0.400263560280874,0.1195831542310051,0.0,2.0,0.04797389,1.0,10.0,5.0,0.0947312299999999,27.0,8.456375838926174,16.006711409395976,24.46308724832215,0.906040268456376,1.812080536912752,1.51006711409396,0.906040268456376,0.906040268456376,0.0,0.0,2.416107382550336,2.114093959731544,0.6040268456375839,2.114093959731544,0.0,0.3020134228187919,0.0,0.0,0.0,0.6040268456375839,0.3020134228187919,0.3020134228187919,0.3020134228187919,0.0,0.0,0.0,81.0,60.0,0.0,0.0,66.67,33.33,38.46,50.0,0.1208849678700626,0.0361157177207733,0.0,0.6040268456375839,0.0144887587248322,0.3020134228187919,3.02013422818792,1.51006711409396,0.0286101030201342,8.154362416107382,DM/CM,3,33,14,59,26,88,61,95,8,8,15,82,17,92,15,23,36,23,32,88,14,92,94,52,52,52,18,44,36,15,88,12,48,44,85,55,27,44,45,50,47,36,33,36,3,30,9,61,33,91,58,97,8,8,9,88,18,91,15,27,36,23,32,91,9,97,97,52,52,52,18,44,36,15,88,12,48,44,94,52,27,42,42,48,55,33,33,33,Süper Lig
Gençlerbirliği,embqktr41hfzczc8uav1scmcn,74hu9pcq0b1z36871v3inexyi,Tiago Gouveia,Tiago Maria Antunes Gouveia,25,Attacker,Portugal,Striker,10.0,41.0,45.0,8.0,232.0,6.0,0.0,7.0,4.0,10.0,12.0,18.0,0.0,0.0,8.0,7.0,4.0,6.0,3.0,1.0,3.0,7.0,0.0,0.0,0.0,0.0,0.0,80.36,75.0,42.86,70.0,42.86,56.25,0.0,100.0,0.3831702130057214,0.983718579103376,5.0,10.0,0.23960551,4.0,5.0,11.0,0.2409107999999998,19.0,3.879310344827586,15.905172413793103,17.456896551724135,3.103448275862069,2.327586206896552,0.0,2.71551724137931,1.5517241379310345,3.879310344827586,4.655172413793103,6.982758620689655,0.0,0.0,3.103448275862069,2.71551724137931,1.5517241379310345,2.327586206896552,1.1637931034482758,0.3879310344827586,1.1637931034482758,2.71551724137931,0.0,0.0,0.0,0.0,0.0,80.36,75.0,42.86,70.0,42.86,56.25,0.0,100.0,0.1486436171142884,0.381614966031482,1.939655172413793,3.879310344827586,0.0929504133620689,1.5517241379310345,1.939655172413793,4.267241379310344,0.0934567758620688,7.370689655172414,LW,9,55,27,91,86,23,64,55,68,73,91,23,14,45,82,86,100,68,41,64,91,27,41,55,55,55,45,64,100,91,55,100,27,77,45,100,77,73,64,64,59,77,55,36,9,55,18,91,82,23,73,55,73,82,91,23,14,64,91,100,100,73,27,82,91,27,41,55,55,55,45,64,100,91,55,100,27,77,27,100,91,73,64,55,64,82,55,27,Süper Lig
Gençlerbirliği,embqktr41hfzczc8uav1scmcn,a38yzp61vlk5x7ib4yspxrx05,Pedro Pereira,Pedro Miguel Almeida Lopes Pereira,28,Defender,Portugal,Defender,85.0,63.0,147.0,1.0,360.0,8.0,7.0,0.0,0.0,2.0,2.0,17.0,15.0,6.0,1.0,2.0,6.0,1.0,0.0,0.0,0.0,0.0,0.0,0.0,0.0,0.0,0.0,83.05,40.0,33.33,100.0,0.0,53.12,63.64,75.0,0.0,0.0,0.0,0.0,0.0,0.0,0.0,0.0,0.0,0.0,21.25,15.75,36.75,0.25,2.0,1.75,0.0,0.0,0.5,0.5,4.25,3.75,1.5,0.25,0.5,1.5,0.25,0.0,0.0,0.0,0.0,0.0,0.0,0.0,0.0,0.0,83.05,40.0,33.33,100.0,0.0,53.12,63.64,75.0,0.0,0.0,0.0,0.0,0.0,0.0,0.0,0.0,0.0,0.0,RB/RCB,69,56,69,25,56,72,6,16,50,44,53,62,81,16,62,88,50,34,31,28,9,44,38,44,53,53,44,25,84,91,28,50,75,53,16,22,44,19,19,34,16,16,16,16,75,56,62,22,50,69,6,16,56,47,56,62,81,16,69,75,41,34,31,28,9,44,38,44,53,53,44,25,84,91,28,50,75,53,16,22,44,19,19,34,16,16,16,16,Süper Lig
Gençlerbirliği,embqktr41hfzczc8uav1scmcn,ac9cogzo75g9qqbglhophwx5h,D. Goutas,Dimitrios Goutas,32,Defender,Greece,Defender,92.0,44.0,136.0,0.0,360.0,19.0,17.0,3.0,3.0,1.0,1.0,19.0,46.0,2.0,3.0,1.0,1.0,0.0,0.0,1.0,0.0,1.0,0.0,0.0,0.0,0.0,0.0,87.18,67.86,0.0,100.0,0.0,70.37,80.95,100.0,0.5754733940644227,0.0,0.0,0.0,0.0,0.0,7.0,12.0,0.15920926,61.0,23.0,11.0,34.0,0.0,4.75,4.25,0.75,0.75,0.25,0.25,4.75,11.5,0.5,0.75,0.25,0.25,0.0,0.0,0.25,0.0,0.25,0.0,0.0,0.0,0.0,0.0,87.18,67.86,0.0,100.0,0.0,70.37,80.95,100.0,0.1438683485161056,0.0,0.0,0.0,0.0,0.0,1.75,3.0,0.039802315,15.25,CB,31,39,39,18,89,100,68,81,47,47,71,100,19,62,58,17,43,33,86,26,29,42,44,49,51,51,31,92,43,85,26,83,94,89,94,29,40,29,29,35,62,67,50,56,28,28,25,18,92,100,62,79,56,56,76,100,15,56,61,14,43,33,83,26,22,42,44,49,51,51,31,92,43,85,26,83,94,89,92,29,40,29,29,35,58,72,47,58,Süper Lig
Gençlerbirliği,embqktr41hfzczc8uav1scmcn,btjk8ghcrtzzc0q5iqf301vc9,A. Dursun,Abdurrahim Dursun,27,Defender,Türkiye,Defender,53.0,45.0,96.0,1.0,292.0,9.0,6.0,1.0,0.0,1.0,1.0,16.0,9.0,3.0,0.0,1.0,3.0,2.0,1.0,1.0,0.0,1.0,0.0,1.0,0.0,0.0,0.0,74.42,47.37,25.0,100.0,0.0,55.17,60.0,37.5,0.0452418860028156,0.1580796887500991,1.0,2.0,0.06259534,1.0,1.0,4.0,0.2927029,33.0,16.335616438356166,13.86986301369863,29.58904109589041,0.3082191780821918,2.773972602739726,1.8493150684931507,0.3082191780821918,0.0,0.3082191780821918,0.3082191780821918,4.931506849315069,2.773972602739726,0.9246575342465754,0.0,0.3082191780821918,0.9246575342465754,0.6164383561643836,0.3082191780821918,0.3082191780821918,0.0,0.3082191780821918,0.0,0.3082191780821918,0.0,0.0,0.0,74.42,47.37,25.0,100.0,0.0,55.17,60.0,37.5,0.013944416918676,0.0487231917380442,0.3082191780821918,0.6164383561643836,0.0192930842465753,0.3082191780821918,0.3082191780821918,1.2328767123287672,0.0902166472602739,10.17123287671233,LB/LCB,48,40,36,26,69,83,36,24,26,26,71,55,62,10,48,45,67,57,79,29,24,40,93,50,52,52,10,64,62,95,29,48,74,24,38,43,62,33,38,48,29,36,48,29,52,33,29,24,76,86,33,24,29,29,86,76,67,10,48,43,71,62,86,29,29,40,95,50,52,52,10,64,62,95,29,48,74,24,43,52,62,33,43,48,29,33,48,33,Süper Lig
Gençlerbirliği,embqktr41hfzczc8uav1scmcn,c6gok3k7so5az0671dse0te51,A. Traoré,Adama Traoré,31,Attacker,Mali,Striker,28.0,70.0,98.0,6.0,360.0,5.0,3.0,7.0,3.0,10.0,10.0,23.0,6.0,1.0,16.0,4.0,4.0,0.0,4.0,1.0,4.0,10.0,1.0,0.0,0.0,0.0,0.0,77.17,41.67,0.0,40.0,57.14,47.92,60.0,66.67,0.4653985466356127,0.3805403394016553,6.0,19.0,0.52632441,5.0,3.0,7.0,0.2682790999999999,29.0,7.0,17.5,24.5,1.5,1.25,0.75,1.75,0.75,2.5,2.5,5.75,1.5,0.25,4.0,1.0,1.0,0.0,1.0,0.25,1.0,2.5,0.25,0.0,0.0,0.0,0.0,77.17,41.67,0.0,40.0,57.14,47.92,60.0,66.67,0.1163496366589031,0.0951350848504138,1.5,4.75,0.1315811025,1.25,0.75,1.75,0.0670697749999999,7.25,RW,50,81,62,66,62,75,59,44,50,44,88,81,47,75,28,84,9,75,41,72,94,69,34,53,53,53,38,25,9,25,88,62,88,75,38,56,94,100,100,84,34,53,44,62,31,69,44,53,50,75,44,41,44,38,81,81,44,75,16,75,9,62,38,62,94,62,34,53,53,53,38,25,9,25,88,62,88,75,38,44,88,94,94,88,31,50,44,44,Süper Lig
Gençlerbirliği,embqktr41hfzczc8uav1scmcn,c6sgb9677j42ockfb1adcp17u,F. Tongya,Franco Tongya,24,Midfielder,Italy,Midfielder,39.0,47.0,85.0,5.0,360.0,2.0,2.0,5.0,3.0,7.0,7.0,16.0,3.0,1.0,12.0,3.0,2.0,1.0,2.0,1.0,3.0,6.0,1.0,0.0,0.0,0.0,0.0,88.54,100.0,50.0,42.86,60.0,61.54,0.0,40.0,1.1255475240259232,0.3319324553987104,1.0,5.0,0.41430219,0.0,7.0,9.0,0.1714802999999998,33.0,9.75,11.75,21.25,1.25,0.5,0.5,1.25,0.75,1.75,1.75,4.0,0.75,0.25,3.0,0.75,0.5,0.25,0.5,0.25,0.75,1.5,0.25,0.0,0.0,0.0,0.0,88.54,100.0,50.0,42.86,60.0,61.54,0.0,40.0,0.2813868810064808,0.0829831138496776,0.25,1.25,0.1035755475,0.0,1.75,2.25,0.0428700749999999,8.25,LM/LCM,67,17,50,67,33,50,83,58,67,67,50,50,25,83,58,17,42,67,58,100,67,100,42,58,58,58,67,92,83,67,100,100,42,17,100,67,50,50,83,33,92,83,50,83,50,17,33,67,33,50,83,50,67,67,33,50,33,67,50,17,33,50,33,100,50,100,42,58,58,58,67,92,83,67,100,100,42,17,100,67,50,50,83,33,67,67,50,83,Süper Lig
Göztepe,cjbaf8s09qoa1n11r33gc560x,1spzg8s09btgq2dqadi53l7xm,T. Altıkardeş,Taha Altikardes,23,Defender,Türkiye,Defender,53.0,48.0,101.0,0.0,450.0,7.0,9.0,5.0,5.0,0.0,1.0,19.0,25.0,5.0,6.0,0.0,3.0,0.0,0.0,1.0,0.0,3.0,0.0,0.0,0.0,0.0,0.0,71.63,24.14,0.0,0.0,0.0,55.88,42.86,42.86,0.6475654778016576,0.0,0.0,3.0,0.14487768,0.0,8.0,9.0,0.2748572499999998,67.0,10.6,9.6,20.2,0.0,1.4,1.8,1.0,1.0,0.0,0.2,3.8,5.0,1.0,1.2,0.0,0.6,0.0,0.0,0.2,0.0,0.6,0.0,0.0,0.0,0.0,0.0,71.63,24.14,0.0,0.0,0.0,55.88,42.86,42.86,0.1295130955603315,0.0,0.0,0.6,0.028975536,0.0,1.6,1.8,0.0549714499999999,13.4,RB/RCB,31,38,25,9,47,84,94,97,9,19,81,88,62,72,16,38,19,34,81,28,53,44,38,44,53,53,6,6,19,16,28,69,50,12,94,22,44,62,75,34,53,53,56,62,12,12,6,9,31,81,81,94,9,12,44,75,44,56,16,12,19,34,62,28,44,44,38,44,53,53,6,6,19,16,28,69,50,12,94,22,44,56,62,34,50,44,44,44,Süper Lig
Göztepe,cjbaf8s09qoa1n11r33gc560x,3ybhdcmr7vbgtl6xbqsbobhpm,M. Bokélé,Malcom Bokélé,26,Defender,Cameroon,Defender,62.0,45.0,106.0,2.0,360.0,7.0,10.0,7.0,6.0,1.0,1.0,15.0,19.0,2.0,10.0,0.0,1.0,1.0,1.0,0.0,3.0,3.0,0.0,0.0,0.0,0.0,0.0,80.3,36.84,50.0,0.0,42.86,46.88,43.48,50.0,0.6342746525678326,0.1072305100801651,0.0,4.0,0.07414362,0.0,11.0,15.0,0.5510720599999999,82.0,15.5,11.25,26.5,0.5,1.75,2.5,1.75,1.5,0.25,0.25,3.75,4.75,0.5,2.5,0.0,0.25,0.25,0.25,0.0,0.75,0.75,0.0,0.0,0.0,0.0,0.0,80.3,36.84,50.0,0.0,42.86,46.88,43.48,50.0,0.1585686631419581,0.0268076275200412,0.0,1.0,0.018535905,0.0,2.75,3.75,0.1377680149999999,20.5,LB/LCB,52,40,52,40,48,100,95,100,26,26,64,90,45,88,19,17,40,57,36,100,69,40,43,50,52,52,19,29,95,19,90,24,48,43,100,38,26,50,43,19,69,76,76,83,33,19,14,43,43,100,100,100,24,24,33,90,36,83,19,14,38,48,36,100,57,40,43,50,52,52,19,29,95,19,90,24,48,43,100,38,26,48,38,19,62,76,76,86,Süper Lig
Göztepe,cjbaf8s09qoa1n11r33gc560x,4el0zmrld5xmp37ezad6oizv8,E. Yıldırım,Ege Yildirim,19,Defender,Türkiye,Defender,52.0,23.0,75.0,0.0,361.0,4.0,16.0,3.0,3.0,2.0,2.0,22.0,23.0,6.0,6.0,2.0,2.0,0.0,0.0,0.0,1.0,0.0,0.0,0.0,0.0,0.0,0.0,80.65,30.77,0.0,100.0,33.33,55.0,50.0,50.0,0.4242588766561054,0.0,0.0,0.0,0.0,0.0,5.0,4.0,0.0906129099999999,42.0,12.96398891966759,5.734072022160665,18.698060941828256,0.0,0.997229916897507,3.988919667590028,0.7479224376731302,0.7479224376731302,0.4986149584487535,0.4986149584487535,5.484764542936288,5.734072022160665,1.4958448753462603,1.4958448753462603,0.4986149584487535,0.4986149584487535,0.0,0.0,0.0,0.2493074792243767,0.0,0.0,0.0,0.0,0.0,0.0,80.65,30.77,0.0,100.0,33.33,55.0,50.0,50.0,0.1057709110776994,0.0,0.0,0.0,0.0,0.0,1.2465373961218835,0.997229916897507,0.0225904761772852,10.470914127423825,CB,15,14,14,18,19,97,68,81,69,68,93,79,79,90,81,35,43,33,38,68,8,42,44,49,51,51,8,6,43,85,68,44,25,33,83,29,40,29,29,35,50,49,42,50,8,11,3,18,6,97,58,75,61,61,89,83,81,86,72,33,43,33,38,53,8,42,44,49,51,51,8,6,43,85,68,44,25,33,81,29,40,29,29,35,50,44,42,44,Süper Lig
Göztepe,cjbaf8s09qoa1n11r33gc560x,4zag4cvksx3e6lwea6pj51obu,Juan,Juan Santos da Silva,24,Attacker,Brazil,Striker,4.0,24.0,25.0,5.0,269.0,1.0,13.0,7.0,7.0,9.0,9.0,21.0,1.0,2.0,23.0,6.0,1.0,3.0,0.0,0.0,6.0,2.0,4.0,0.0,0.0,0.0,0.0,52.08,50.0,75.0,66.67,85.71,43.75,46.43,100.0,0.6480757678669895,0.5431805157077645,1.0,2.0,0.0580847399999999,0.0,1.0,5.0,0.3174253399999999,10.0,1.338289962825279,8.029739776951672,8.364312267657992,1.6728624535315986,0.3345724907063197,4.349442379182156,2.3420074349442377,2.3420074349442377,3.011152416356877,3.011152416356877,7.026022304832714,0.3345724907063197,0.6691449814126395,7.695167286245353,2.007434944237918,0.3345724907063197,1.003717472118959,0.0,0.0,2.007434944237918,0.6691449814126395,1.338289962825279,0.0,0.0,0.0,0.0,52.08,50.0,75.0,66.67,85.71,43.75,46.43,100.0,0.2168283238216693,0.1817332580434899,0.3345724907063197,0.6691449814126395,0.0194335561338289,0.0,0.3345724907063197,1.6728624535315986,0.1062017866171003,3.345724907063197,ST,6,35,16,77,27,89,40,69,79,79,85,26,84,97,90,48,89,6,11,87,29,94,35,52,52,52,10,44,97,90,97,58,61,87,42,84,32,39,45,16,24,63,77,35,6,42,23,81,26,94,52,71,90,90,87,32,90,90,97,55,90,6,11,90,32,94,35,52,52,52,10,44,97,90,97,58,61,87,45,90,29,42,45,16,23,68,81,39,Süper Lig
Göztepe,cjbaf8s09qoa1n11r33gc560x,6k08b81barjg5knx01lprtst0,Richard Akonnor,Richard Akonnor,22,Attacker,United Arab Emirates,Defender,27.0,32.0,54.0,3.0,249.0,3.0,4.0,4.0,2.0,12.0,14.0,14.0,2.0,4.0,6.0,3.0,4.0,5.0,2.0,2.0,1.0,3.0,0.0,0.0,0.0,0.0,0.0,85.71,100.0,29.41,25.0,25.0,46.67,80.0,100.0,0.2053680349851026,0.3007538837506202,3.0,8.0,0.22145174,6.0,2.0,7.0,0.2931394199999999,21.0,9.759036144578314,11.566265060240964,19.518072289156628,1.0843373493975903,1.0843373493975903,1.4457831325301205,1.4457831325301205,0.7228915662650602,4.337349397590361,5.0602409638554215,5.0602409638554215,0.7228915662650602,1.4457831325301205,2.1686746987951806,1.0843373493975903,1.4457831325301205,1.8072289156626504,0.7228915662650602,0.7228915662650602,0.3614457831325301,1.0843373493975903,0.0,0.0,0.0,0.0,0.0,85.71,100.0,29.41,25.0,25.0,46.67,80.0,100.0,0.0742294102355792,0.1087062230423928,1.0843373493975903,2.891566265060241,0.0800427975903614,2.1686746987951806,0.7228915662650602,2.5301204819277108,0.1059540072289156,7.590361445783133,LW,73,36,50,45,45,100,23,32,82,82,55,73,77,32,36,86,91,41,73,18,41,27,41,55,55,55,73,91,82,9,27,55,100,77,18,45,50,55,45,82,18,45,64,55,82,36,45,55,45,100,18,27,91,91,73,73,91,27,27,91,91,36,82,9,36,27,41,55,55,55,73,91,82,9,27,55,100,77,18,55,45,36,45,82,9,55,73,45,Süper Lig
Göztepe,cjbaf8s09qoa1n11r33gc560x,8knj5nb3wf1wvleqfbwcxbrsa,A. Kurtulan,Arda Kurtulan,23,Attacker,Türkiye,Striker,21.0,43.0,59.0,5.0,449.0,2.0,6.0,2.0,1.0,21.0,23.0,39.0,15.0,7.0,8.0,11.0,9.0,5.0,1.0,1.0,0.0,9.0,0.0,0.0,0.0,0.0,0.0,61.46,16.67,33.33,52.38,0.0,57.35,50.0,69.23,0.1514432522590041,0.5652406186926799,1.0,7.0,0.18407226,3.0,6.0,7.0,0.3684961599999999,27.0,4.20935412026726,8.619153674832962,11.826280623608016,1.0022271714922049,0.4008908685968819,1.2026726057906458,0.4008908685968819,0.2004454342984409,4.20935412026726,4.610244988864142,7.817371937639198,3.0066815144766146,1.4031180400890868,1.6035634743875278,2.2048997772828507,1.8040089086859687,1.0022271714922049,0.2004454342984409,0.2004454342984409,0.0,1.8040089086859687,0.0,0.0,0.0,0.0,0.0,61.46,16.67,33.33,52.38,0.0,57.35,50.0,69.23,0.0303561084706244,0.1132999012969737,0.2004454342984409,1.4031180400890868,0.0368964440979955,0.6013363028953229,1.2026726057906458,1.4031180400890868,0.0738633728285077,5.412026726057906,RW,19,28,12,44,22,91,9,16,100,100,100,100,100,34,100,100,78,19,41,6,84,31,34,53,53,53,6,6,81,50,6,94,78,88,12,75,22,53,50,56,59,53,62,44,12,6,6,31,19,88,6,12,81,81,94,100,100,19,81,100,75,6,31,6,62,31,34,53,53,53,6,6,81,50,6,94,78,88,12,56,19,25,19,38,50,38,50,25,Süper Lig
Göztepe,cjbaf8s09qoa1n11r33gc560x,8xr7cy8cy89qfxyi1n3egt82c,N. Miroshi,Novatus Miroshi,24,Defender,Tanzania,Defender,52.0,65.0,115.0,3.0,334.0,9.0,8.0,7.0,5.0,2.0,2.0,14.0,9.0,6.0,11.0,0.0,4.0,2.0,2.0,0.0,3.0,2.0,1.0,0.0,0.0,0.0,0.0,85.82,60.0,28.57,0.0,42.86,48.28,80.0,80.0,0.5676462993845889,0.307556440792003,2.0,2.0,0.04382219,1.0,15.0,18.0,0.3397401699999999,69.0,14.011976047904191,17.514970059880238,30.98802395209581,0.8083832335329341,2.4251497005988023,2.155688622754491,1.8862275449101795,1.3473053892215567,0.5389221556886228,0.5389221556886228,3.772455089820359,2.4251497005988023,1.616766467065868,2.964071856287425,0.0,1.0778443113772456,0.5389221556886228,0.5389221556886228,0.0,0.8083832335329341,0.5389221556886228,0.2694610778443114,0.0,0.0,0.0,0.0,85.82,60.0,28.57,0.0,42.86,48.28,80.0,80.0,0.1529585836665059,0.0828744900337732,0.5389221556886228,0.5389221556886228,0.0118083745508982,0.2694610778443114,4.04191616766467,4.850299401197605,0.0915467523952095,18.59281437125749,CB,15,67,28,93,57,68,97,97,69,68,49,15,79,100,24,82,96,88,38,99,54,92,44,49,51,51,22,79,92,24,81,33,89,68,92,100,94,78,78,78,79,83,72,61,11,61,19,94,50,69,100,94,69,69,47,14,89,100,24,86,94,86,38,100,53,94,44,49,51,51,22,79,92,24,81,33,89,68,94,94,94,81,81,75,83,86,75,61,Süper Lig
Göztepe,cjbaf8s09qoa1n11r33gc560x,b0e2lq6wk1h5neb3d1ndr2hw4,Janderson,Janderson de Carvalho Costa,27,Attacker,Brazil,Striker,3.0,20.0,21.0,7.0,259.0,0.0,9.0,5.0,4.0,9.0,9.0,18.0,2.0,0.0,19.0,4.0,4.0,2.0,1.0,2.0,1.0,0.0,0.0,2.0,0.0,0.0,0.0,48.84,0.0,22.22,44.44,20.0,32.73,26.47,80.0,0.4690916222493315,0.6594446523385891,1.0,5.0,0.2714217099999998,1.0,1.0,3.0,0.32374679,8.0,1.0424710424710424,6.94980694980695,7.297297297297297,2.4324324324324325,0.0,3.1274131274131274,1.7374517374517375,1.38996138996139,3.1274131274131274,3.1274131274131274,6.254826254826255,0.694980694980695,0.0,6.602316602316602,1.38996138996139,1.38996138996139,0.694980694980695,0.3474903474903475,0.694980694980695,0.3474903474903475,0.0,0.0,0.694980694980695,0.0,0.0,0.0,48.84,0.0,22.22,44.44,20.0,32.73,26.47,80.0,0.163004810820231,0.2291506513917877,0.3474903474903475,1.7374517374517375,0.0943164243243242,0.3474903474903475,0.3474903474903475,1.0424710424710424,0.1124988845559845,2.77992277992278,ST,3,24,10,89,11,81,18,31,79,79,68,56,18,77,74,95,81,24,61,16,5,18,98,52,52,52,6,11,71,50,24,19,26,71,32,94,32,66,90,40,24,47,81,24,3,35,10,94,11,87,19,45,94,94,81,52,18,84,87,97,84,23,68,16,5,18,100,52,52,52,6,11,71,50,24,19,26,71,32,94,35,74,94,42,26,48,87,35,Süper Lig
Göztepe,cjbaf8s09qoa1n11r33gc560x,bnuhd77idgslb5a3s2pdjil4a,Rhaldney,Rhaldney Norberto Simião Gomes,27,Midfielder,Brazil,Midfielder,58.0,85.0,133.0,9.0,343.0,6.0,5.0,4.0,2.0,3.0,3.0,16.0,0.0,5.0,4.0,2.0,4.0,10.0,2.0,1.0,2.0,3.0,1.0,0.0,0.0,0.0,0.0,84.71,75.0,50.0,66.67,50.0,57.14,62.5,66.67,0.4059175806934172,1.006420077757743,1.0,11.0,0.23480077,5.0,11.0,11.0,0.4050552899999999,62.0,15.21865889212828,22.303206997084548,34.89795918367347,2.361516034985423,1.5743440233236152,1.3119533527696794,1.0495626822157436,0.5247813411078718,0.7871720116618076,0.7871720116618076,4.198250728862974,0.0,1.3119533527696794,1.0495626822157436,0.5247813411078718,1.0495626822157436,2.623906705539359,0.5247813411078718,0.2623906705539359,0.5247813411078718,0.7871720116618076,0.2623906705539359,0.0,0.0,0.0,0.0,84.71,75.0,50.0,66.67,50.0,57.14,62.5,66.67,0.1065089861877771,0.2640752390617985,0.2623906705539359,2.8862973760932946,0.0616095314868804,1.3119533527696794,2.8862973760932946,2.8862973760932946,0.1062827291545189,16.268221574344025,CM/AM,83,56,50,67,50,94,19,33,28,25,83,8,100,22,44,83,81,36,22,69,33,81,19,53,50,53,61,61,89,83,97,94,86,58,50,67,31,69,50,67,50,33,44,50,83,61,67,67,44,94,17,28,17,11,61,8,94,17,36,61,83,39,11,78,28,78,19,53,50,53,61,61,89,83,97,94,86,58,44,72,28,78,44,69,42,28,39,67,Süper Lig
Göztepe,cjbaf8s09qoa1n11r33gc560x,ec3wpvlzavcxng4gllnyb33e,André Henrique,André Henrique da Silva Martins,24,Attacker,Brazil,Striker,11.0,27.0,38.0,2.0,334.0,4.0,21.0,12.0,11.0,1.0,1.0,28.0,7.0,2.0,21.0,1.0,1.0,0.0,1.0,2.0,2.0,3.0,0.0,1.0,0.0,0.0,0.0,62.3,80.0,0.0,100.0,16.67,45.16,46.67,33.33,1.666666421012767,0.0405927198346656,1.0,2.0,0.04534369,2.0,2.0,5.0,0.0949502999999999,16.0,2.964071856287425,7.275449101796407,10.239520958083832,0.5389221556886228,1.0778443113772456,5.658682634730539,3.2335329341317363,2.964071856287425,0.2694610778443114,0.2694610778443114,7.544910179640718,1.8862275449101795,0.5389221556886228,5.658682634730539,0.2694610778443114,0.2694610778443114,0.0,0.2694610778443114,0.5389221556886228,0.5389221556886228,0.8083832335329341,0.0,0.2694610778443114,0.0,0.0,0.0,62.3,80.0,0.0,100.0,16.67,45.16,46.67,33.33,0.4491017302130211,0.0109381580392811,0.2694610778443114,0.5389221556886228,0.0122183595808383,0.5389221556886228,0.5389221556886228,1.3473053892215567,0.0255854101796406,4.311377245508982,ST,29,55,44,29,87,100,85,94,8,8,97,94,84,87,32,48,29,24,61,44,44,18,82,52,52,52,13,90,29,98,13,68,68,32,90,19,32,39,42,60,37,63,35,60,19,39,32,32,81,100,71,87,6,6,100,90,77,77,16,45,29,16,52,39,39,18,77,52,52,52,13,90,29,98,13,68,68,32,90,19,26,39,39,58,32,58,26,48,Süper Lig
Göztepe,cjbaf8s09qoa1n11r33gc560x,f140wr36j39j2my0w226j0hzo,A. Matos,Alex Matos,21,Midfielder,England,Midfielder,18.0,13.0,31.0,2.0,185.0,2.0,4.0,4.0,3.0,2.0,2.0,10.0,1.0,4.0,6.0,1.0,3.0,0.0,1.0,3.0,1.0,1.0,1.0,0.0,0.0,0.0,0.0,62.0,40.0,0.0,50.0,25.0,38.46,44.44,75.0,0.2850680681208501,0.1749265891049016,1.0,3.0,0.06794459,1.0,2.0,0.0,0.0847786599999999,8.0,8.756756756756758,6.324324324324325,15.081081081081082,0.972972972972973,0.972972972972973,1.945945945945946,1.945945945945946,1.4594594594594597,0.972972972972973,0.972972972972973,4.864864864864865,0.4864864864864865,1.945945945945946,2.91891891891892,0.4864864864864865,1.4594594594594597,0.0,0.4864864864864865,1.4594594594594597,0.4864864864864865,0.4864864864864865,0.4864864864864865,0.0,0.0,0.0,0.0,62.0,40.0,0.0,50.0,25.0,38.46,44.44,75.0,0.1386817628696027,0.0850994217267089,0.4864864864864865,1.4594594594594597,0.0330541248648648,0.4864864864864865,0.972972972972973,0.0,0.0412436724324323,3.891891891891892,CM/AM,6,6,6,17,14,83,19,58,14,11,17,31,92,39,14,56,14,19,81,36,17,81,19,53,50,53,6,11,14,47,56,28,72,67,17,22,31,17,17,19,14,8,11,6,6,6,6,17,17,100,67,89,33,22,72,39,100,56,22,89,14,33,89,72,17,94,19,53,50,53,6,11,14,47,56,28,72,67,67,28,50,22,17,22,17,8,11,6,Süper Lig
Kasımpaşa,4idg23egrrvtrbgrg7p5x7bwf,1g4vfcht64wug4ve22g0o4gt0,A. Karapo,Ayberk Karapo,22,Defender,Türkiye,Defender,28.0,22.0,50.0,0.0,216.0,3.0,4.0,4.0,1.0,2.0,2.0,21.0,11.0,1.0,1.0,1.0,8.0,0.0,3.0,2.0,1.0,7.0,0.0,0.0,0.0,0.0,0.0,76.92,50.0,0.0,50.0,25.0,72.41,66.67,88.89,0.0,0.0,0.0,0.0,0.0,0.0,0.0,0.0,0.0,0.0,11.666666666666668,9.166666666666668,20.833333333333336,0.0,1.25,1.6666666666666667,1.6666666666666667,0.4166666666666667,0.8333333333333334,0.8333333333333334,8.75,4.583333333333334,0.4166666666666667,0.4166666666666667,0.4166666666666667,3.333333333333333,0.0,1.25,0.8333333333333334,0.4166666666666667,2.916666666666667,0.0,0.0,0.0,0.0,0.0,76.92,50.0,0.0,50.0,25.0,72.41,66.67,88.89,0.0,0.0,0.0,0.0,0.0,0.0,0.0,0.0,0.0,0.0,CB,6,11,3,18,10,26,85,44,69,68,82,25,8,31,58,99,43,97,100,68,97,42,44,49,51,51,6,44,43,57,57,92,54,75,24,29,40,29,29,35,21,21,21,21,6,22,6,18,12,49,94,56,78,75,97,56,11,42,67,100,43,100,100,86,100,42,44,49,51,51,6,44,43,57,57,92,54,75,24,29,40,29,29,35,21,21,21,21,Süper Lig
Kasımpaşa,4idg23egrrvtrbgrg7p5x7bwf,1kd5ennjoqlieedduxuz6o8dm,A. Kol,Ali Yavuz Kol,25,Attacker,Türkiye,Striker,17.0,37.0,54.0,6.0,180.0,6.0,1.0,5.0,4.0,16.0,16.0,15.0,2.0,0.0,10.0,12.0,1.0,0.0,1.0,1.0,1.0,0.0,0.0,0.0,0.0,0.0,0.0,77.14,100.0,0.0,75.0,20.0,44.12,33.33,50.0,0.4148173956036982,0.3648326287338432,0.0,13.0,0.3741678599999997,4.0,10.0,9.0,0.1483324899999999,22.0,8.5,18.5,27.0,3.0,3.0,0.5,2.5,2.0,8.0,8.0,7.5,1.0,0.0,5.0,6.0,0.5,0.0,0.5,0.5,0.5,0.0,0.0,0.0,0.0,0.0,0.0,77.14,100.0,0.0,75.0,20.0,44.12,33.33,50.0,0.2074086978018491,0.1824163143669216,0.0,6.5,0.1870839299999998,2.0,5.0,4.5,0.0741662449999999,11.0,LW,36,45,50,73,86,50,45,55,91,91,64,73,14,55,100,36,27,14,41,18,9,27,41,55,55,55,27,91,27,100,18,27,59,32,55,55,9,82,82,64,77,64,27,64,73,73,82,82,91,55,64,91,100,100,100,91,14,73,100,55,27,27,64,27,9,27,41,55,55,55,27,91,27,100,18,27,59,32,55,73,9,82,91,73,100,91,45,82,Süper Lig
Kasımpaşa,4idg23egrrvtrbgrg7p5x7bwf,25wawsdczm69ctbpw5nn51kvd,A. Benedyczak,Adrian Benedyczak,25,Attacker,Poland,Striker,13.0,14.0,27.0,2.0,346.0,0.0,3.0,14.0,9.0,2.0,2.0,7.0,1.0,1.0,13.0,0.0,0.0,0.0,5.0,1.0,6.0,3.0,3.0,1.0,0.0,0.0,0.0,64.29,0.0,0.0,0.0,42.86,28.0,33.33,0.0,1.2073512491991043,0.1871477064577803,7.0,0.0,0.0,0.0,3.0,2.0,0.2467110899999998,10.0,3.3815028901734103,3.6416184971098255,7.023121387283237,0.5202312138728323,0.0,0.7803468208092486,3.6416184971098255,2.341040462427745,0.5202312138728323,0.5202312138728323,1.8208092485549128,0.2601156069364161,0.2601156069364161,3.3815028901734103,0.0,0.0,0.0,1.300578034682081,0.2601156069364161,1.560693641618497,0.7803468208092486,0.7803468208092486,0.2601156069364161,0.0,0.0,0.0,64.29,0.0,0.0,0.0,42.86,28.0,33.33,0.0,0.3140509029708653,0.0486800392520237,1.8208092485549128,0.0,0.0,0.0,0.7803468208092486,0.5202312138728323,0.0641734049132947,2.601156069364162,ST,35,13,23,29,11,40,90,81,16,16,26,26,55,50,6,16,29,95,35,87,44,84,82,52,52,52,16,11,29,6,74,13,34,16,71,48,100,13,13,16,50,37,58,35,26,3,6,26,11,32,84,68,13,13,16,26,48,48,6,16,29,87,29,87,35,81,74,52,52,52,16,11,29,6,74,13,34,16,68,42,97,13,13,16,42,35,55,29,Süper Lig
Kasımpaşa,4idg23egrrvtrbgrg7p5x7bwf,2cq6ocr7j487do4nrm3sreg9h,K. Demirbay,Kerem Demirbay,33,Midfielder,Germany,Midfielder,50.0,48.0,97.0,2.0,262.0,9.0,2.0,3.0,2.0,1.0,1.0,10.0,5.0,3.0,2.0,0.0,2.0,1.0,1.0,0.0,1.0,3.0,0.0,0.0,0.0,0.0,0.0,85.09,60.0,16.67,0.0,33.33,47.62,40.0,40.0,0.2920166962420256,0.0876437437490351,1.0,1.0,0.01935132,0.0,16.0,8.0,0.2250833899999998,45.0,17.17557251908397,16.48854961832061,33.3206106870229,0.6870229007633588,3.0916030534351147,0.6870229007633588,1.0305343511450382,0.6870229007633588,0.3435114503816794,0.3435114503816794,3.435114503816794,1.717557251908397,1.0305343511450382,0.6870229007633588,0.0,0.6870229007633588,0.3435114503816794,0.3435114503816794,0.0,0.3435114503816794,1.0305343511450382,0.0,0.0,0.0,0.0,0.0,85.09,60.0,16.67,0.0,33.33,47.62,40.0,40.0,0.1003110788617645,0.0301066295321112,0.3435114503816794,0.3435114503816794,0.0066474,0.0,5.496183206106871,2.748091603053436,0.0773187217557251,15.458015267175574,DM/CM,24,27,21,38,47,56,61,79,26,26,29,65,41,42,15,38,76,55,32,64,44,42,45,52,52,52,39,44,73,15,67,35,55,30,70,39,65,38,36,24,76,45,55,45,42,39,39,45,52,64,70,88,27,27,27,76,52,48,15,42,76,58,32,73,52,42,45,52,52,52,39,44,73,15,67,35,55,30,88,45,73,39,36,24,85,55,58,52,Süper Lig
Kasımpaşa,4idg23egrrvtrbgrg7p5x7bwf,456ih9axhyygnymgp0516qmzt,G. Yalçın,Güven Yalçin,27,Attacker,Türkiye,Striker,15.0,25.0,40.0,4.0,276.0,2.0,5.0,4.0,1.0,7.0,7.0,16.0,1.0,1.0,5.0,4.0,2.0,0.0,3.0,1.0,1.0,3.0,1.0,0.0,0.0,0.0,0.0,66.67,40.0,0.0,57.14,25.0,48.48,55.56,50.0,0.0,0.0,0.0,0.0,0.0,0.0,0.0,0.0,0.0,0.0,4.891304347826087,8.152173913043478,13.043478260869565,1.3043478260869563,0.6521739130434783,1.6304347826086956,1.3043478260869563,0.3260869565217391,2.282608695652174,2.282608695652174,5.217391304347826,0.3260869565217391,0.3260869565217391,1.6304347826086956,1.3043478260869563,0.6521739130434783,0.0,0.9782608695652172,0.3260869565217391,0.3260869565217391,0.9782608695652172,0.3260869565217391,0.0,0.0,0.0,0.0,66.67,40.0,0.0,57.14,25.0,48.48,55.56,50.0,0.0,0.0,0.0,0.0,0.0,0.0,0.0,0.0,0.0,0.0,ST,42,44,48,63,52,48,10,6,68,66,48,26,55,8,74,74,29,65,35,16,44,47,35,52,52,52,23,35,29,77,34,81,81,44,6,10,11,13,13,16,10,10,6,6,52,45,45,65,61,52,13,6,77,74,65,29,65,3,81,74,29,71,35,13,48,45,35,52,52,52,23,35,29,77,34,81,81,44,6,10,11,13,13,16,10,10,6,6,Süper Lig
Kasımpaşa,4idg23egrrvtrbgrg7p5x7bwf,5gc13odno30w98ib9ioqd1bmc,A. Arous,Adem Arous,22,Defender,Tunisia,Defender,106.0,21.0,127.0,0.0,360.0,7.0,7.0,0.0,0.0,0.0,0.0,12.0,29.0,3.0,2.0,0.0,4.0,0.0,0.0,0.0,0.0,1.0,0.0,0.0,0.0,0.0,0.0,85.23,43.75,0.0,0.0,0.0,66.67,70.0,100.0,0.0,0.0,0.0,0.0,0.0,0.0,0.0,0.0,0.0,0.0,26.5,5.25,31.75,0.0,1.75,1.75,0.0,0.0,0.0,0.0,3.0,7.25,0.75,0.5,0.0,1.0,0.0,0.0,0.0,0.0,0.25,0.0,0.0,0.0,0.0,0.0,85.23,43.75,0.0,0.0,0.0,66.67,70.0,100.0,0.0,0.0,0.0,0.0,0.0,0.0,0.0,0.0,0.0,0.0,CB,42,8,33,18,43,61,11,14,18,18,33,97,38,50,24,82,43,33,38,26,29,42,44,49,51,51,19,35,43,24,26,78,62,89,24,29,40,29,29,35,21,21,21,21,33,8,22,18,32,53,11,14,18,18,33,94,29,49,24,69,43,33,38,26,22,42,44,49,51,51,19,35,43,24,26,78,62,89,24,29,40,29,29,35,21,21,21,21,Süper Lig
Kasımpaşa,4idg23egrrvtrbgrg7p5x7bwf,6lxkawhg9z2jyh7u8d6hp3g15,A. Baldursson,Andri Baldursson,24,Midfielder,Iceland,Midfielder,35.0,33.0,68.0,1.0,319.0,3.0,6.0,1.0,0.0,1.0,1.0,22.0,17.0,4.0,1.0,1.0,6.0,0.0,1.0,0.0,1.0,5.0,0.0,0.0,0.0,0.0,0.0,78.16,33.33,0.0,100.0,100.0,55.0,75.0,60.0,0.0,0.0,0.0,0.0,0.0,0.0,0.0,0.0,0.0,0.0,9.87460815047022,9.310344827586208,19.184952978056423,0.2821316614420063,0.8463949843260189,1.6927899686520378,0.2821316614420063,0.0,0.2821316614420063,0.2821316614420063,6.206896551724138,4.7962382445141065,1.1285266457680252,0.2821316614420063,0.2821316614420063,1.6927899686520378,0.0,0.2821316614420063,0.0,0.2821316614420063,1.4106583072100314,0.0,0.0,0.0,0.0,0.0,78.16,33.33,0.0,100.0,100.0,55.0,75.0,60.0,0.0,0.0,0.0,0.0,0.0,0.0,0.0,0.0,0.0,0.0,DM/CM,12,6,9,18,9,95,27,20,26,26,85,100,64,26,45,79,36,55,32,64,64,42,45,52,52,52,6,5,36,88,97,64,88,61,18,18,27,18,18,24,17,17,17,17,6,3,3,15,9,94,27,20,24,24,88,100,55,27,45,79,36,52,32,67,67,42,45,52,52,52,6,5,36,88,97,64,88,61,18,18,27,18,18,24,17,17,17,17,Süper Lig
Kasımpaşa,4idg23egrrvtrbgrg7p5x7bwf,6wfu6s6xo5zjeke21fgbouql0,J. Jessen,Jakob Jessen,22,Defender,Denmark,Defender,32.0,15.0,47.0,0.0,180.0,1.0,0.0,0.0,0.0,2.0,2.0,8.0,3.0,1.0,0.0,0.0,3.0,0.0,0.0,0.0,0.0,2.0,0.0,0.0,0.0,0.0,0.0,79.66,12.5,0.0,0.0,0.0,50.0,0.0,50.0,0.0,0.0,0.0,0.0,0.0,0.0,0.0,0.0,0.0,0.0,16.0,7.5,23.5,0.0,0.5,0.0,0.0,0.0,1.0,1.0,4.0,1.5,0.5,0.0,0.0,1.5,0.0,0.0,0.0,0.0,1.0,0.0,0.0,0.0,0.0,0.0,79.66,12.5,0.0,0.0,0.0,50.0,0.0,50.0,0.0,0.0,0.0,0.0,0.0,0.0,0.0,0.0,0.0,0.0,LB/LCB,14,5,5,10,7,7,14,24,43,43,14,5,26,10,19,45,17,21,36,29,48,40,43,50,52,52,14,7,17,19,29,33,10,43,19,19,26,14,14,19,14,14,14,14,43,10,10,10,10,7,14,24,55,52,48,5,36,10,19,67,17,21,36,29,71,40,43,50,52,52,14,7,17,19,29,33,10,43,19,19,26,14,14,19,14,14,14,14,Süper Lig
Kasımpaşa,4idg23egrrvtrbgrg7p5x7bwf,75g95p42i3msl3k11cnpwipcl,F. Diabaté,Fousseni Diabaté,30,Attacker,Mali,Striker,17.0,26.0,43.0,2.0,180.0,0.0,2.0,2.0,1.0,2.0,2.0,6.0,2.0,1.0,5.0,1.0,2.0,0.0,1.0,0.0,1.0,1.0,1.0,0.0,0.0,0.0,0.0,75.44,0.0,0.0,50.0,50.0,35.29,28.57,100.0,0.3506375273332508,0.1569554063399525,0.0,3.0,0.1138845,0.0,2.0,2.0,0.05999807,12.0,8.5,13.0,21.5,1.0,0.0,1.0,1.0,0.5,1.0,1.0,3.0,1.0,0.5,2.5,0.5,1.0,0.0,0.5,0.0,0.5,0.5,0.5,0.0,0.0,0.0,0.0,75.44,0.0,0.0,50.0,50.0,35.29,28.57,100.0,0.1753187636666254,0.0784777031699762,0.0,1.5,0.05694225,0.0,1.0,1.0,0.029999035,6.0,ST,56,48,55,29,11,32,3,6,16,16,19,56,55,8,32,74,29,24,11,16,16,47,35,52,52,52,45,11,29,63,81,26,29,87,19,42,11,48,48,16,37,37,26,48,84,84,84,52,11,39,6,10,24,21,26,77,74,16,53,87,29,40,11,34,23,69,35,52,52,52,45,11,29,63,81,26,29,87,35,55,11,68,77,16,53,42,32,68,Süper Lig
Kasımpaşa,4idg23egrrvtrbgrg7p5x7bwf,8q4m06v3yfsq2iza942ezaxud,Cláudio Winck,Cláudio Winck Neto,32,Defender,Brazil,Defender,47.0,40.0,87.0,5.0,355.0,6.0,7.0,5.0,1.0,5.0,5.0,25.0,22.0,6.0,1.0,3.0,6.0,0.0,4.0,1.0,2.0,5.0,0.0,2.0,0.0,0.0,0.0,76.32,27.27,0.0,60.0,40.0,58.14,58.33,60.0,0.3380446120727119,0.4678798596214275,4.0,3.0,0.06010404,1.0,8.0,13.0,0.4152801499999997,55.0,11.915492957746478,10.140845070422534,22.05633802816901,1.2676056338028168,1.5211267605633805,1.7746478873239435,1.2676056338028168,0.2535211267605634,1.2676056338028168,1.2676056338028168,6.338028169014084,5.577464788732394,1.5211267605633805,0.2535211267605634,0.7605633802816901,1.5211267605633805,0.0,1.0140845070422535,0.2535211267605634,0.5070422535211268,1.2676056338028168,0.0,0.5070422535211268,0.0,0.0,0.0,76.32,27.27,0.0,60.0,40.0,58.14,58.33,60.0,0.0857014509480114,0.1186174291997985,1.0140845070422535,0.7605633802816901,0.0152376439436619,0.2535211267605634,2.028169014084507,3.295774647887324,0.1052822915492956,13.943661971830986,RB/RCB,12,19,12,62,31,72,94,44,81,81,88,75,81,16,78,88,19,100,81,100,75,44,100,44,53,53,19,12,19,62,69,75,62,25,81,69,100,62,50,69,53,69,62,44,19,19,12,62,38,75,94,44,75,75,94,88,94,25,81,81,19,100,81,100,69,44,100,44,53,53,19,12,19,62,69,75,62,25,81,75,100,62,50,69,56,69,62,50,Süper Lig
Kasımpaşa,4idg23egrrvtrbgrg7p5x7bwf,930lzmqz2ha2bjtfyb8f677ys,Elson Mendes,Elson Mendes da Silva,20,Midfielder,Cabo Verde,Midfielder,32.0,32.0,64.0,3.0,207.0,5.0,1.0,3.0,2.0,4.0,5.0,8.0,2.0,3.0,5.0,1.0,0.0,0.0,1.0,0.0,1.0,3.0,0.0,0.0,0.0,0.0,0.0,78.05,62.5,0.0,25.0,33.33,44.44,50.0,0.0,0.0,0.0,0.0,0.0,0.0,0.0,0.0,0.0,0.0,0.0,13.913043478260873,13.913043478260873,27.826086956521745,1.3043478260869563,2.173913043478261,0.4347826086956522,1.3043478260869563,0.8695652173913044,1.7391304347826089,2.173913043478261,3.4782608695652177,0.8695652173913044,1.3043478260869563,2.173913043478261,0.4347826086956522,0.0,0.0,0.4347826086956522,0.0,0.4347826086956522,1.3043478260869563,0.0,0.0,0.0,0.0,0.0,78.05,62.5,0.0,25.0,33.33,44.44,50.0,0.0,0.0,0.0,0.0,0.0,0.0,0.0,0.0,0.0,0.0,0.0,DM/CM,9,3,3,59,21,29,61,79,79,86,15,18,41,79,45,8,36,55,32,64,44,42,45,52,52,52,3,53,36,32,67,24,71,8,18,18,27,18,18,24,17,17,17,17,21,12,15,79,39,39,85,94,94,97,30,30,67,94,67,8,36,64,32,85,61,42,45,52,52,52,3,53,36,32,67,24,71,8,18,18,27,18,18,24,17,17,17,17,Süper Lig
Kasımpaşa,4idg23egrrvtrbgrg7p5x7bwf,eswbvm29gvpwf7yjkoqbky5wq,M. Ilie,Matei Ilie,23,Defender,Romania,Defender,113.0,16.0,129.0,1.0,360.0,8.0,4.0,0.0,0.0,0.0,0.0,14.0,20.0,3.0,0.0,0.0,7.0,0.0,0.0,0.0,0.0,1.0,0.0,0.0,0.0,0.0,0.0,82.69,29.63,0.0,0.0,0.0,60.87,40.0,77.78,0.0,0.0,0.0,0.0,0.0,0.0,0.0,0.0,0.0,0.0,28.25,4.0,32.25,0.25,2.0,1.0,0.0,0.0,0.0,0.0,3.5,5.0,0.75,0.0,0.0,1.75,0.0,0.0,0.0,0.0,0.25,0.0,0.0,0.0,0.0,0.0,82.69,29.63,0.0,0.0,0.0,60.87,40.0,77.78,0.0,0.0,0.0,0.0,0.0,0.0,0.0,0.0,0.0,0.0,LB/LCB,95,10,62,26,60,64,14,24,12,12,55,95,62,10,19,86,17,21,36,29,24,40,43,50,52,52,43,14,17,19,29,81,40,81,19,19,26,14,14,19,14,14,14,14,90,5,52,19,57,62,14,24,12,12,29,95,52,10,19,81,17,21,36,29,19,40,43,50,52,52,43,14,17,19,29,81,40,81,19,19,26,14,14,19,14,14,14,14,Süper Lig
Kocaelispor,b703zecenioz21dnj3p63v3f7,1abvuy5ueuj0kkapnxqpnfx7t,D. Agyei,Dan Agyei,29,Attacker,Ghana,Striker,12.0,30.0,41.0,1.0,304.0,1.0,8.0,5.0,2.0,8.0,10.0,19.0,1.0,0.0,11.0,5.0,2.0,1.0,3.0,1.0,4.0,3.0,0.0,0.0,0.0,0.0,0.0,71.93,100.0,14.29,62.5,80.0,42.22,44.44,66.67,0.3786263315918393,0.0745068503941551,3.0,5.0,0.1459033699999999,2.0,2.0,0.0,0.0544990499999999,12.0,3.5526315789473686,8.881578947368421,12.138157894736842,0.2960526315789473,0.2960526315789473,2.3684210526315788,1.480263157894737,0.5921052631578947,2.3684210526315788,2.960526315789474,5.625,0.2960526315789473,0.0,3.256578947368421,1.480263157894737,0.5921052631578947,0.2960526315789473,0.8881578947368421,0.2960526315789473,1.1842105263157894,0.8881578947368421,0.0,0.0,0.0,0.0,0.0,71.93,100.0,14.29,62.5,80.0,42.22,44.44,66.67,0.1120933218528471,0.0220579491298485,0.8881578947368421,1.480263157894737,0.0431950766447368,0.5921052631578947,0.5921052631578947,0.0,0.0161345871710526,3.5526315789473686,RW,6,6,6,9,9,100,25,28,31,44,62,31,22,53,50,56,28,56,41,72,31,31,34,53,53,53,12,100,38,81,94,31,69,75,25,12,53,28,31,28,19,9,12,12,6,12,12,6,12,100,31,25,38,44,75,31,22,50,56,62,19,56,44,69,25,31,34,53,53,53,12,100,38,81,94,31,69,75,31,12,56,31,38,31,19,9,12,12,Süper Lig
Kocaelispor,b703zecenioz21dnj3p63v3f7,46m4igreax3tpbx65yqs7fvv8,M. Maglica,Matej Maglica,27,Defender,Croatia,Defender,66.0,33.0,99.0,1.0,200.0,9.0,4.0,3.0,1.0,0.0,0.0,6.0,14.0,3.0,3.0,0.0,0.0,0.0,2.0,0.0,1.0,2.0,1.0,0.0,0.0,0.0,0.0,90.0,52.94,0.0,0.0,33.33,40.0,80.0,0.0,0.0,0.0,0.0,0.0,0.0,0.0,0.0,0.0,0.0,0.0,29.7,14.85,44.55,0.4499999999999999,4.05,1.7999999999999998,1.35,0.4499999999999999,0.0,0.0,2.7,6.3,1.35,1.35,0.0,0.0,0.0,0.8999999999999999,0.0,0.4499999999999999,0.8999999999999999,0.4499999999999999,0.0,0.0,0.0,0.0,90.0,52.94,0.0,0.0,33.33,40.0,80.0,0.0,0.0,0.0,0.0,0.0,0.0,0.0,0.0,0.0,0.0,0.0,CB,25,29,22,51,57,26,68,44,18,18,7,42,38,62,24,6,43,88,38,68,54,92,44,49,51,51,50,54,43,24,68,8,89,6,24,29,40,29,29,35,21,21,21,21,42,53,44,72,81,56,83,61,18,18,22,89,64,78,24,6,43,94,38,94,72,100,44,49,51,51,50,54,43,24,68,8,89,6,24,29,40,29,29,35,21,21,21,21,Süper Lig
Kocaelispor,b703zecenioz21dnj3p63v3f7,4xwls9clzvb4qdgf57w006ru2,U. Yıldız,Ugur Kaan Yildiz,24,Defender,Türkiye,Defender,25.0,50.0,72.0,2.0,210.0,3.0,2.0,3.0,1.0,3.0,3.0,8.0,4.0,5.0,2.0,1.0,3.0,3.0,2.0,0.0,1.0,2.0,0.0,1.0,0.0,0.0,0.0,75.79,37.5,27.27,33.33,33.33,50.0,66.67,100.0,0.1773571617379564,0.2082665900738458,1.0,0.0,0.0,1.0,2.0,1.0,0.25366042,15.0,10.714285714285714,21.428571428571427,30.85714285714285,0.8571428571428571,1.2857142857142856,0.8571428571428571,1.2857142857142856,0.4285714285714285,1.2857142857142856,1.2857142857142856,3.4285714285714284,1.7142857142857142,2.142857142857143,0.8571428571428571,0.4285714285714285,1.2857142857142856,1.2857142857142856,0.8571428571428571,0.0,0.4285714285714285,0.8571428571428571,0.0,0.4285714285714285,0.0,0.0,0.0,75.79,37.5,27.27,33.33,33.33,50.0,66.67,100.0,0.0760102121734098,0.0892571100316481,0.4285714285714285,0.0,0.0,0.4285714285714285,0.8571428571428571,0.4285714285714285,0.1087116085714285,6.428571428571428,CB,3,42,8,76,10,11,68,44,82,81,18,3,67,50,58,60,100,88,38,68,54,42,94,49,51,51,3,12,89,49,68,38,54,89,67,92,85,29,29,78,42,42,58,42,3,83,17,97,17,17,81,58,94,94,39,6,94,58,69,92,100,92,38,89,69,42,100,49,51,51,3,12,89,49,68,38,54,89,67,100,92,29,29,89,44,42,83,42,Süper Lig
Kocaelispor,b703zecenioz21dnj3p63v3f7,5i4g5n26blzm43qfhyu39un84,Gonçalo Sousa,Gonçalo Santos Sousa,20,Attacker,Portugal,Striker,35.0,47.0,81.0,3.0,248.0,3.0,1.0,2.0,1.0,10.0,11.0,14.0,2.0,2.0,6.0,3.0,3.0,1.0,1.0,0.0,1.0,3.0,0.0,1.0,0.0,0.0,0.0,78.64,50.0,10.0,30.0,50.0,46.67,25.0,42.86,0.2671457541833816,0.2838065982297042,0.0,6.0,0.15668157,3.0,3.0,5.0,0.33877032,17.0,12.701612903225806,17.056451612903224,29.39516129032258,1.0887096774193548,1.0887096774193548,0.3629032258064516,0.7258064516129032,0.3629032258064516,3.629032258064516,3.991935483870968,5.080645161290323,0.7258064516129032,0.7258064516129032,2.177419354838709,1.0887096774193548,1.0887096774193548,0.3629032258064516,0.3629032258064516,0.0,0.3629032258064516,1.0887096774193548,0.0,0.3629032258064516,0.0,0.0,0.0,78.64,50.0,10.0,30.0,50.0,46.67,25.0,42.86,0.0969480559536465,0.1029943300027152,0.0,2.177419354838709,0.0568602471774193,1.0887096774193548,1.0887096774193548,1.814516129032258,0.1229408419354838,6.169354838709677,RW,69,44,50,31,38,50,9,16,50,56,38,47,66,19,12,72,28,19,16,25,31,31,81,53,53,53,44,44,25,6,75,56,53,50,19,44,9,41,38,56,34,44,56,22,75,62,69,38,44,56,12,19,69,69,62,62,75,31,31,81,38,31,16,38,38,31,88,53,53,53,44,44,25,6,75,56,53,50,25,50,9,62,56,75,44,56,62,31,Süper Lig
Kocaelispor,b703zecenioz21dnj3p63v3f7,8sh2vnwv6f0spby6f13exvnc9,M. Baku,Makana Baku,28,Midfielder,Germany,Midfielder,22.0,51.0,73.0,2.0,286.0,0.0,5.0,5.0,3.0,8.0,8.0,22.0,9.0,4.0,10.0,5.0,4.0,0.0,2.0,2.0,2.0,5.0,0.0,0.0,0.0,0.0,0.0,82.95,0.0,0.0,62.5,40.0,56.41,50.0,57.14,0.3418122263886812,0.1266761232564833,3.0,11.0,0.2617389999999998,5.0,6.0,8.0,0.36867004,25.0,6.923076923076923,16.04895104895105,22.972027972027973,0.6293706293706294,0.0,1.5734265734265735,1.5734265734265735,0.944055944055944,2.517482517482517,2.517482517482517,6.923076923076923,2.8321678321678325,1.2587412587412588,3.146853146853147,1.5734265734265735,1.2587412587412588,0.0,0.6293706293706294,0.6293706293706294,0.6293706293706294,1.5734265734265735,0.0,0.0,0.0,0.0,0.0,82.95,0.0,0.0,62.5,40.0,56.41,50.0,57.14,0.1075632880244101,0.0398631157100821,0.944055944055944,3.4615384615384617,0.0823654195804195,1.5734265734265735,1.888111888111888,2.517482517482517,0.1160150475524475,7.8671328671328675,LM/LCM,17,67,17,50,17,83,83,58,83,83,100,83,67,50,92,75,17,67,100,83,50,50,42,58,58,58,17,17,17,83,67,33,83,33,50,50,92,83,67,100,67,67,83,50,17,67,50,50,17,83,100,67,83,83,83,67,67,83,100,67,17,67,100,83,67,50,42,58,58,58,17,17,17,83,67,33,83,33,83,50,100,83,67,100,83,83,83,67,Süper Lig
Kocaelispor,b703zecenioz21dnj3p63v3f7,ajzkerdcpeug1dxnr1dko9fxl,A. Dijksteel,Anfernee Dijksteel,29,Defender,Suriname,Defender,142.0,59.0,201.0,2.0,360.0,6.0,2.0,1.0,0.0,4.0,4.0,19.0,18.0,4.0,0.0,2.0,4.0,0.0,1.0,0.0,1.0,10.0,0.0,1.0,0.0,0.0,0.0,90.13,37.5,0.0,50.0,100.0,63.33,28.57,80.0,0.0,0.0,0.0,0.0,0.0,0.0,0.0,0.0,0.0,0.0,35.5,14.75,50.25,0.5,1.5,0.5,0.25,0.0,1.0,1.0,4.75,4.5,1.0,0.0,0.5,1.0,0.0,0.25,0.0,0.25,2.5,0.0,0.25,0.0,0.0,0.0,90.13,37.5,0.0,50.0,100.0,63.33,28.57,80.0,0.0,0.0,0.0,0.0,0.0,0.0,0.0,0.0,0.0,0.0,CB,61,56,58,76,33,11,32,14,89,89,71,69,56,8,81,82,43,74,38,68,100,42,94,49,51,51,56,12,43,57,96,69,8,68,24,29,40,29,29,35,21,21,21,21,53,50,53,76,22,8,32,14,85,82,76,51,46,8,78,69,43,74,38,60,97,42,96,49,51,51,56,12,43,57,96,69,8,68,24,29,40,29,29,35,21,21,21,21,Süper Lig
Kocaelispor,b703zecenioz21dnj3p63v3f7,av18ek8zmx40sazfwerdp8wa2,B. Kutlu,Berkan Kutlu,28,Midfielder,Türkiye,Midfielder,41.0,76.0,112.0,9.0,310.0,6.0,0.0,6.0,0.0,2.0,2.0,5.0,3.0,5.0,3.0,0.0,1.0,5.0,6.0,2.0,3.0,3.0,1.0,0.0,0.0,0.0,0.0,79.43,42.86,27.78,0.0,50.0,29.41,0.0,50.0,0.3264028844040177,0.5905483163489794,6.0,6.0,0.17290631,3.0,18.0,15.0,0.5123934699999999,64.0,11.903225806451612,22.064516129032256,32.516129032258064,2.6129032258064515,1.7419354838709675,0.0,1.7419354838709675,0.0,0.5806451612903225,0.5806451612903225,1.4516129032258065,0.8709677419354839,1.4516129032258065,0.8709677419354839,0.0,0.2903225806451612,1.4516129032258065,1.7419354838709675,0.5806451612903225,0.8709677419354839,0.8709677419354839,0.2903225806451612,0.0,0.0,0.0,0.0,79.43,42.86,27.78,0.0,50.0,29.41,0.0,50.0,0.0947621277301986,0.1714495111980908,1.7419354838709675,1.7419354838709675,0.0501986061290322,0.8709677419354839,5.225806451612903,4.354838709677419,0.148759394516129,18.58064516129032,DM/CM,15,68,29,97,26,9,92,20,44,42,6,39,76,56,15,23,97,94,91,97,44,92,45,52,52,52,9,11,76,15,82,6,14,44,76,91,97,79,85,68,83,76,88,59,15,61,33,100,30,9,97,20,39,39,6,33,76,61,15,24,100,97,94,97,39,94,45,52,52,52,9,11,76,15,82,6,14,44,82,94,100,85,88,70,79,73,91,61,Süper Lig
Kocaelispor,b703zecenioz21dnj3p63v3f7,ckcjk3zjpix288d6zihltlst0,T. Zoukrou,Tanguy Zoukrou,23,Defender,France,Defender,162.0,33.0,195.0,0.0,330.0,10.0,4.0,0.0,0.0,3.0,3.0,14.0,15.0,4.0,0.0,3.0,3.0,0.0,0.0,0.0,0.0,1.0,0.0,0.0,0.0,0.0,0.0,89.45,40.0,0.0,100.0,0.0,60.87,66.67,50.0,0.0,0.0,0.0,0.0,0.0,0.0,0.0,0.0,0.0,0.0,44.18181818181819,9.0,53.18181818181819,0.0,2.7272727272727275,1.090909090909091,0.0,0.0,0.8181818181818182,0.8181818181818182,3.8181818181818175,4.090909090909091,1.090909090909091,0.0,0.8181818181818182,0.8181818181818182,0.0,0.0,0.0,0.0,0.2727272727272727,0.0,0.0,0.0,0.0,0.0,89.45,40.0,0.0,100.0,0.0,60.87,66.67,50.0,0.0,0.0,0.0,0.0,0.0,0.0,0.0,0.0,0.0,0.0,CB,86,29,56,18,61,26,11,14,82,81,49,49,56,8,92,60,43,33,38,26,29,42,44,49,51,51,39,21,43,85,26,58,54,33,24,29,40,29,29,35,21,21,21,21,86,19,61,18,58,25,11,14,75,72,56,47,53,8,92,58,43,33,38,26,28,42,44,49,51,51,39,21,43,85,26,58,54,33,24,29,40,29,29,35,21,21,21,21,Süper Lig
Kocaelispor,b703zecenioz21dnj3p63v3f7,dudttzqf0mfehgvnqerqgytbd,Show,Manuel Luís da Silva Cafumana,27,Midfielder,Angola,Midfielder,88.0,87.0,175.0,3.0,360.0,13.0,2.0,3.0,2.0,4.0,4.0,14.0,2.0,6.0,2.0,4.0,2.0,0.0,1.0,0.0,0.0,3.0,0.0,1.0,0.0,0.0,0.0,87.06,52.0,0.0,100.0,0.0,46.67,40.0,40.0,0.3230941465772506,0.2040767998003658,1.0,3.0,0.06333723,3.0,19.0,18.0,0.4382609199999998,114.0,22.0,21.75,43.75,0.75,3.25,0.5,0.75,0.5,1.0,1.0,3.5,0.5,1.5,0.5,1.0,0.5,0.0,0.25,0.0,0.0,0.75,0.0,0.25,0.0,0.0,0.0,87.06,52.0,0.0,100.0,0.0,46.67,40.0,40.0,0.0807735366443126,0.0510191999500914,0.25,0.75,0.0158343075,0.75,4.75,4.5,0.1095652299999999,28.5,DM/CM,83,79,76,59,70,56,61,79,79,74,58,18,85,42,92,38,36,55,32,23,44,42,94,52,52,52,55,30,36,88,23,30,55,30,73,70,65,52,52,68,88,85,79,88,55,58,55,48,61,45,48,79,68,65,33,15,83,35,86,36,36,48,32,23,30,42,91,52,52,52,55,30,36,88,23,30,55,30,67,64,64,45,48,67,76,77,76,91,Süper Lig
Kocaelispor,b703zecenioz21dnj3p63v3f7,qt2jl9zxkj4lxqzeydbb6hg5,M. Haïdara,Massadio Haïdara,33,Defender,Mali,Defender,69.0,70.0,139.0,3.0,360.0,6.0,5.0,5.0,3.0,2.0,2.0,29.0,10.0,0.0,10.0,2.0,8.0,0.0,2.0,0.0,2.0,12.0,1.0,0.0,0.0,0.0,0.0,86.34,75.0,0.0,100.0,40.0,72.5,71.43,80.0,0.5029102685386199,0.3500267482874528,2.0,8.0,0.2209335199999999,4.0,9.0,10.0,0.5475448499999997,68.0,17.25,17.5,34.75,0.75,1.5,1.25,1.25,0.75,0.5,0.5,7.25,2.5,0.0,2.5,0.5,2.0,0.0,0.5,0.0,0.5,3.0,0.25,0.0,0.0,0.0,0.0,86.34,75.0,0.0,100.0,40.0,72.5,71.43,80.0,0.1257275671346549,0.0875066870718632,0.5,2.0,0.0552333799999999,1.0,2.25,2.5,0.1368862124999999,17.0,LB/LCB,57,71,67,57,36,74,76,79,43,43,100,64,10,88,67,90,17,83,36,93,100,90,43,50,52,52,71,100,17,95,86,100,90,90,90,67,81,79,90,74,62,48,71,67,57,62,67,57,29,71,76,71,38,38,100,62,10,83,62,100,17,86,36,95,100,90,43,50,52,52,71,100,17,95,86,100,90,90,95,67,81,81,95,76,45,43,71,62,Süper Lig
Konyaspor,cw4lbdzlqqdvbkdkz00c9ye49,2sxmpaw4khmgyym320oiwu3u,M. İbrahimoğlu,Melih Ibrahimoglu,26,Midfielder,Türkiye,Midfielder,90.0,105.0,195.0,3.0,439.0,18.0,1.0,6.0,2.0,4.0,4.0,18.0,6.0,2.0,5.0,2.0,6.0,0.0,4.0,1.0,0.0,6.0,0.0,0.0,0.0,0.0,0.0,91.55,90.0,0.0,50.0,0.0,56.25,0.0,66.67,0.0,0.0,0.0,0.0,0.0,0.0,0.0,0.0,0.0,0.0,18.451025056947607,21.52619589977221,39.97722095671981,0.6150341685649202,3.6902050113895215,0.20501138952164,1.2300683371298404,0.4100227790432801,0.8200455580865603,0.8200455580865603,3.6902050113895215,1.2300683371298404,0.4100227790432801,1.0250569476082003,0.4100227790432801,1.2300683371298404,0.0,0.8200455580865603,0.20501138952164,0.0,1.2300683371298404,0.0,0.0,0.0,0.0,0.0,91.55,90.0,0.0,50.0,0.0,56.25,0.0,66.67,0.0,0.0,0.0,0.0,0.0,0.0,0.0,0.0,0.0,0.0,CM,100,100,100,100,100,75,100,100,100,100,100,100,75,100,100,100,75,100,75,50,100,75,75,75,75,75,100,100,75,100,50,100,50,100,75,75,75,75,75,75,75,75,75,75,100,100,100,100,100,50,50,100,100,100,50,50,50,100,100,100,75,50,50,50,50,75,75,75,75,75,100,100,75,100,50,100,50,100,75,75,75,75,75,75,75,75,75,75,Süper Lig
Konyaspor,cw4lbdzlqqdvbkdkz00c9ye49,55bgi895g03zhc7vdh7e7yvv9,A. Masuaku,Arthur Masuaku,32,Defender,Congo DR,Defender,30.0,39.0,67.0,3.0,200.0,12.0,1.0,0.0,0.0,5.0,6.0,10.0,5.0,1.0,1.0,2.0,4.0,2.0,0.0,0.0,0.0,2.0,0.0,0.0,0.0,0.0,0.0,81.71,57.14,28.57,40.0,0.0,52.63,33.33,80.0,0.0,0.3736376763483253,0.0,4.0,0.11351817,1.0,13.0,12.0,0.5595115499999999,41.0,13.5,17.55,30.15,1.35,5.4,0.4499999999999999,0.0,0.0,2.25,2.7,4.5,2.25,0.4499999999999999,0.4499999999999999,0.8999999999999999,1.7999999999999998,0.8999999999999999,0.0,0.0,0.0,0.8999999999999999,0.0,0.0,0.0,0.0,0.0,81.71,57.14,28.57,40.0,0.0,52.63,33.33,80.0,0.0,0.1681369543567463,0.0,1.7999999999999998,0.0510831765,0.4499999999999999,5.85,5.4,0.2517801974999999,18.45,LB/LCB,10,19,14,57,93,21,14,24,76,74,19,12,26,24,67,62,67,21,36,29,48,40,43,50,52,52,24,76,69,48,29,43,31,90,19,71,26,50,57,48,81,62,81,38,14,67,33,76,95,38,14,24,100,100,67,45,29,29,76,86,90,21,36,29,62,40,43,50,52,52,24,76,69,48,29,43,31,90,19,86,26,67,76,57,100,100,95,67,Süper Lig
Konyaspor,cw4lbdzlqqdvbkdkz00c9ye49,6rwmlyhqpu4cyysgvnj57y7dh,D. Türüç,Deniz Türüç,33,Attacker,Türkiye,Striker,50.0,64.0,105.0,9.0,353.0,12.0,4.0,11.0,6.0,7.0,7.0,16.0,2.0,0.0,10.0,5.0,3.0,9.0,5.0,0.0,5.0,2.0,1.0,0.0,0.0,0.0,0.0,76.64,57.14,69.23,71.43,45.45,44.44,30.77,60.0,0.8828517626011758,1.1865838575240364,4.0,9.0,0.2405765799999999,4.0,12.0,16.0,0.7730770599999996,39.0,12.747875354107649,16.31728045325779,26.770538243626063,2.294617563739377,3.059490084985836,1.019830028328612,2.8045325779036827,1.529745042492918,1.7847025495750708,1.7847025495750708,4.079320113314448,0.509915014164306,0.0,2.54957507082153,1.274787535410765,0.764872521246459,2.294617563739377,1.274787535410765,0.0,1.274787535410765,0.509915014164306,0.254957507082153,0.0,0.0,0.0,0.0,76.64,57.14,69.23,71.43,45.45,44.44,30.77,60.0,0.2250896845158805,0.3025284622582529,1.019830028328612,2.294617563739377,0.0613368050991501,1.019830028328612,3.059490084985836,4.079320113314448,0.1971017999999999,9.943342776203966,RW,88,75,75,91,91,81,84,75,22,19,50,47,22,44,50,72,100,91,16,88,19,69,34,53,53,53,31,50,100,94,56,50,62,62,69,94,78,69,69,75,81,81,88,69,81,50,56,81,81,81,75,75,12,12,31,44,22,38,44,69,100,81,16,81,19,69,34,53,53,53,31,50,100,94,56,50,62,62,62,94,62,69,62,62,81,81,81,62,Süper Lig
Konyaspor,cw4lbdzlqqdvbkdkz00c9ye49,7aljb5yzbz7i7fe4jw39ld7xm,E. Colley,Ebrima Colley,26,Attacker,Gambia,Striker,24.0,22.0,46.0,1.0,210.0,3.0,3.0,5.0,1.0,8.0,8.0,11.0,0.0,2.0,3.0,3.0,1.0,0.0,4.0,1.0,2.0,3.0,1.0,0.0,0.0,0.0,0.0,68.66,50.0,0.0,37.5,40.0,47.83,0.0,50.0,0.6504163088559167,0.0781204685680501,3.0,8.0,0.21414588,1.0,3.0,7.0,0.1499574299999999,15.0,10.285714285714285,9.428571428571429,19.71428571428571,0.4285714285714285,1.2857142857142856,1.2857142857142856,2.142857142857143,0.4285714285714285,3.4285714285714284,3.4285714285714284,4.714285714285714,0.0,0.8571428571428571,1.2857142857142856,1.2857142857142856,0.4285714285714285,0.0,1.7142857142857142,0.4285714285714285,0.8571428571428571,1.2857142857142856,0.4285714285714285,0.0,0.0,0.0,0.0,68.66,50.0,0.0,37.5,40.0,47.83,0.0,50.0,0.2787498466525357,0.0334802008148786,1.2857142857142856,3.4285714285714284,0.0917768057142857,0.4285714285714285,1.2857142857142856,3.0,0.0642674699999999,6.428571428571428,LW,64,18,36,23,45,77,45,18,55,50,36,23,45,18,36,36,27,82,41,41,41,68,41,55,55,55,9,27,27,27,45,73,27,32,64,27,50,55,36,18,41,45,36,18,91,18,55,18,64,82,55,18,55,55,45,23,55,18,36,27,27,91,45,45,55,82,41,55,55,55,9,27,27,27,45,73,27,32,82,27,55,64,55,18,45,64,36,18,Süper Lig
Konyaspor,cw4lbdzlqqdvbkdkz00c9ye49,a3s4i95z3u1m1vqdrhuhlabmy,J. Muleka,Jackson Muleka,26,Attacker,Congo DR,Striker,26.0,56.0,80.0,5.0,426.0,5.0,18.0,6.0,5.0,10.0,11.0,35.0,4.0,0.0,14.0,5.0,1.0,2.0,1.0,0.0,2.0,10.0,0.0,0.0,0.0,0.0,0.0,75.47,71.43,40.0,50.0,33.33,50.0,72.0,50.0,0.7012225384266149,0.3945360691892406,2.0,6.0,0.16630411,2.0,6.0,5.0,0.3109799999999998,28.0,5.492957746478873,11.830985915492958,16.901408450704224,1.056338028169014,1.056338028169014,3.8028169014084505,1.267605633802817,1.056338028169014,2.112676056338028,2.323943661971831,7.394366197183098,0.8450704225352113,0.0,2.9577464788732395,1.056338028169014,0.2112676056338028,0.4225352112676056,0.2112676056338028,0.0,0.4225352112676056,2.112676056338028,0.0,0.0,0.0,0.0,0.0,75.47,71.43,40.0,50.0,33.33,50.0,72.0,50.0,0.1481456067098482,0.0833526906737832,0.4225352112676056,1.267605633802817,0.0351346711267605,0.4225352112676056,1.267605633802817,1.056338028169014,0.0656999999999999,5.915492957746479,ST,74,84,84,77,94,95,31,42,90,94,100,81,18,56,82,48,81,24,11,44,94,18,35,52,52,52,48,77,84,63,53,84,100,44,45,71,55,79,81,60,79,63,71,79,55,74,68,55,77,90,10,19,74,77,97,68,18,29,74,32,74,13,11,26,81,18,35,52,52,52,48,77,84,63,53,84,100,44,26,58,42,58,52,48,61,52,58,65,Süper Lig
Konyaspor,cw4lbdzlqqdvbkdkz00c9ye49,a3x1zd1zarf5tuualhfdy47h1,Y. Andzouana,Yhoan Andzouana,29,Defender,Congo,Defender,88.0,71.0,155.0,8.0,373.0,5.0,2.0,2.0,1.0,7.0,7.0,13.0,1.0,9.0,7.0,3.0,3.0,4.0,1.0,0.0,1.0,3.0,0.0,1.0,0.0,0.0,0.0,86.59,41.67,25.0,42.86,50.0,46.43,40.0,60.0,0.0910740993098842,0.8097637292425173,2.0,7.0,0.18885492,3.0,18.0,22.0,1.21314076,84.0,21.23324396782841,17.1313672922252,37.39946380697051,1.93029490616622,1.206434316353887,0.4825737265415549,0.4825737265415549,0.2412868632707774,1.6890080428954422,1.6890080428954422,3.136729222520107,0.2412868632707774,2.171581769436997,1.6890080428954422,0.7238605898123324,0.7238605898123324,0.9651474530831098,0.2412868632707774,0.0,0.2412868632707774,0.7238605898123324,0.0,0.2412868632707774,0.0,0.0,0.0,86.59,41.67,25.0,42.86,50.0,46.43,40.0,60.0,0.0219749837476932,0.1953853502193741,0.4825737265415549,1.6890080428954422,0.0455682112600536,0.7238605898123324,4.343163538873994,5.308310991957104,0.292714928686327,20.268096514745302,RB/RCB,75,69,75,84,19,34,62,44,94,94,31,6,100,88,78,38,81,78,31,75,53,44,84,44,53,53,62,38,62,38,84,25,44,25,56,81,94,81,88,81,88,88,94,81,69,75,69,88,25,31,62,31,94,94,25,6,100,75,75,38,81,81,31,81,56,44,88,44,53,53,62,38,62,38,84,25,44,25,44,88,94,88,94,81,94,88,94,88,Süper Lig
Konyaspor,cw4lbdzlqqdvbkdkz00c9ye49,agw9w05mohbpzxaxcjshwsges,R. Tóth,Rajmund Tóth,22,Midfielder,Hungary,Midfielder,29.0,36.0,65.0,4.0,221.0,3.0,2.0,4.0,4.0,4.0,4.0,9.0,2.0,0.0,7.0,1.0,3.0,0.0,0.0,0.0,3.0,2.0,1.0,0.0,0.0,0.0,0.0,80.25,60.0,0.0,25.0,75.0,31.03,40.0,75.0,0.4331250227889,0.1661183772847815,0.0,2.0,0.04320281,1.0,5.0,5.0,0.1148238999999998,26.0,11.80995475113122,14.660633484162895,26.47058823529412,1.6289592760180995,1.2217194570135743,0.8144796380090498,1.6289592760180995,1.6289592760180995,1.6289592760180995,1.6289592760180995,3.665158371040724,0.8144796380090498,0.0,2.850678733031674,0.4072398190045249,1.2217194570135743,0.0,0.0,0.0,1.2217194570135743,0.8144796380090498,0.4072398190045249,0.0,0.0,0.0,0.0,80.25,60.0,0.0,25.0,75.0,31.03,40.0,75.0,0.1763857558868823,0.0676500178987798,0.0,0.8144796380090498,0.0175939045248868,0.4072398190045249,2.0361990950226243,2.0361990950226243,0.0467608642533935,10.588235294117649,DM/CM,6,9,6,77,9,56,79,100,79,74,21,18,5,92,45,50,36,23,32,97,29,92,45,52,52,52,12,44,36,32,91,9,55,82,94,58,27,44,42,50,36,36,39,33,12,21,12,91,15,71,91,100,91,88,45,27,5,97,61,67,36,23,32,100,35,100,45,52,52,52,12,44,36,32,91,9,55,82,100,73,27,52,55,55,39,42,42,39,Süper Lig
Konyaspor,cw4lbdzlqqdvbkdkz00c9ye49,b65zbmz4d8oniatpneaj5px3p,M. Jevtović,Marko Jevtovic,33,Midfielder,Serbia,Midfielder,77.0,50.0,127.0,0.0,309.0,11.0,4.0,3.0,2.0,0.0,0.0,23.0,9.0,5.0,7.0,0.0,6.0,0.0,1.0,0.0,1.0,8.0,0.0,0.0,0.0,0.0,0.0,85.23,55.0,0.0,0.0,33.33,71.88,44.44,54.55,0.2845501631114392,0.0,1.0,3.0,0.0537219399999999,0.0,10.0,10.0,0.18126857,67.0,22.42718446601942,14.563106796116504,36.990291262135926,0.0,3.2038834951456314,1.1650485436893203,0.8737864077669903,0.5825242718446603,0.0,0.0,6.699029126213593,2.621359223300971,1.4563106796116505,2.0388349514563107,0.0,1.7475728155339807,0.0,0.2912621359223301,0.0,0.2912621359223301,2.330097087378641,0.0,0.0,0.0,0.0,0.0,85.23,55.0,0.0,0.0,33.33,71.88,44.44,54.55,0.0828786882848852,0.0,0.2912621359223301,0.8737864077669903,0.0156471669902912,0.0,2.912621359223301,2.912621359223301,0.0527966708737864,19.51456310679612,DM/CM,62,30,48,5,59,79,61,79,8,8,89,94,76,92,15,79,36,55,32,64,85,42,45,52,52,52,45,33,36,15,67,97,62,55,67,18,65,52,48,24,47,61,42,70,58,18,42,5,58,82,55,85,8,8,97,91,79,88,15,82,36,55,32,70,88,42,45,52,52,52,45,33,36,15,67,97,62,55,70,18,70,58,45,24,52,58,48,64,Süper Lig
Konyaspor,cw4lbdzlqqdvbkdkz00c9ye49,bg3sod57hai0y274n9qkselm1,U. Yazğılı,Ugurcan Yazgili,27,Defender,Türkiye,Defender,55.0,25.0,80.0,3.0,288.0,6.0,0.0,1.0,1.0,1.0,1.0,8.0,5.0,3.0,1.0,0.0,2.0,0.0,0.0,0.0,0.0,3.0,0.0,0.0,0.0,0.0,0.0,84.21,60.0,0.0,0.0,0.0,32.0,0.0,40.0,0.1114039335734502,0.1525952663927808,0.0,0.0,0.0,1.0,4.0,4.0,0.3348095399999999,34.0,17.1875,7.8125,25.0,0.9375,1.875,0.0,0.3125,0.3125,0.3125,0.3125,2.5,1.5625,0.9375,0.3125,0.0,0.625,0.0,0.0,0.0,0.0,0.9375,0.0,0.0,0.0,0.0,0.0,84.21,60.0,0.0,0.0,0.0,32.0,0.0,40.0,0.0348137292417031,0.0476860207477439,0.0,0.0,0.0,0.3125,1.25,1.25,0.1046279812499999,10.625,CB,19,18,17,93,33,4,32,44,47,47,18,7,38,31,24,35,43,33,38,26,71,42,44,49,51,51,14,79,43,24,26,3,4,22,53,78,40,29,29,78,47,49,69,47,17,17,11,100,39,4,42,47,58,58,14,3,39,36,24,47,43,33,38,26,75,42,44,49,51,51,14,79,43,24,26,3,4,22,56,86,40,29,29,78,53,49,78,47,Süper Lig
Konyaspor,cw4lbdzlqqdvbkdkz00c9ye49,c2wiaju4etayjlp12x9ba3kkp,C. Awaziem,Chidozie Awaziem,29,Defender,Nigeria,Defender,116.0,27.0,143.0,0.0,266.0,10.0,5.0,2.0,2.0,0.0,0.0,14.0,21.0,3.0,3.0,0.0,5.0,0.0,0.0,0.0,0.0,4.0,0.0,0.0,1.0,0.0,0.0,88.27,55.56,0.0,0.0,0.0,60.87,71.43,100.0,0.2327678977692688,0.0,0.0,1.0,0.0174506,0.0,4.0,7.0,0.1977393199999998,85.0,39.24812030075188,9.13533834586466,48.38345864661654,0.0,3.3834586466165413,1.6917293233082706,0.6766917293233082,0.6766917293233082,0.0,0.0,4.7368421052631575,7.105263157894736,1.0150375939849623,1.0150375939849623,0.0,1.6917293233082706,0.0,0.0,0.0,0.0,1.3533834586466165,0.0,0.0,0.3383458646616541,0.0,0.0,88.27,55.56,0.0,0.0,0.0,60.87,71.43,100.0,0.0787560556362187,0.0,0.0,0.3383458646616541,0.0059043383458646,0.0,1.3533834586466165,2.3684210526315788,0.0669042812030074,28.7593984962406,RB/RCB,81,6,62,9,66,56,62,75,9,6,38,69,34,38,16,66,19,34,31,28,62,44,38,94,53,53,75,81,19,16,28,94,100,91,69,22,44,38,38,34,41,44,50,91,100,6,94,9,81,62,75,88,9,6,69,100,50,50,16,94,19,34,31,28,75,44,38,94,53,53,75,81,19,16,28,94,100,91,75,22,44,38,38,34,44,56,56,94,Süper Lig
Konyaspor,cw4lbdzlqqdvbkdkz00c9ye49,e81dfbtza1g8v3lozf39x3f85,Diogo Gonçalves,Diogo António Cupido Gonçalves,29,Midfielder,Portugal,Midfielder,35.0,48.0,81.0,10.0,363.0,5.0,0.0,5.0,2.0,1.0,2.0,7.0,2.0,1.0,11.0,0.0,3.0,2.0,3.0,0.0,1.0,3.0,0.0,1.0,0.0,0.0,0.0,89.01,83.33,25.0,0.0,20.0,38.89,0.0,75.0,0.3508655139673314,0.7866045492172897,3.0,6.0,0.14769384,3.0,5.0,7.0,0.3111390199999998,30.0,8.677685950413224,11.900826446280991,20.08264462809917,2.479338842975207,1.2396694214876034,0.0,1.2396694214876034,0.4958677685950413,0.2479338842975206,0.4958677685950413,1.7355371900826446,0.4958677685950413,0.2479338842975206,2.7272727272727275,0.0,0.7438016528925621,0.4958677685950413,0.7438016528925621,0.0,0.2479338842975206,0.7438016528925621,0.0,0.2479338842975206,0.0,0.0,0.0,89.01,83.33,25.0,0.0,20.0,38.89,0.0,75.0,0.0869914497439664,0.1950259212935429,0.7438016528925621,1.487603305785124,0.0366183074380165,0.7438016528925621,1.2396694214876034,1.7355371900826446,0.0771419057851239,7.43801652892562,LM/LCM,33,33,33,83,50,25,83,33,17,17,17,25,25,67,17,42,75,100,17,42,17,50,92,58,58,58,100,67,33,17,17,17,42,58,83,83,92,67,50,75,50,50,67,67,33,33,17,83,50,25,67,33,17,17,17,17,17,50,17,33,67,83,17,17,17,50,83,58,58,58,100,67,33,17,17,17,42,58,50,83,83,67,50,67,50,50,67,50,Süper Lig
Konyaspor,cw4lbdzlqqdvbkdkz00c9ye49,e96zog3taygz6yagv5vonu9gq,R. Baniya,Rayyan Baniya,27,Defender,Türkiye,Defender,43.0,30.0,73.0,0.0,189.0,3.0,3.0,3.0,3.0,0.0,0.0,5.0,11.0,6.0,3.0,0.0,1.0,0.0,0.0,0.0,0.0,1.0,0.0,0.0,0.0,0.0,0.0,92.41,50.0,0.0,0.0,0.0,41.67,75.0,100.0,0.0,0.0,0.0,0.0,0.0,0.0,0.0,0.0,0.0,0.0,20.476190476190474,14.285714285714285,34.76190476190476,0.0,1.4285714285714286,1.4285714285714286,1.4285714285714286,1.4285714285714286,0.0,0.0,2.380952380952381,5.238095238095238,2.857142857142857,1.4285714285714286,0.0,0.4761904761904761,0.0,0.0,0.0,0.0,0.4761904761904761,0.0,0.0,0.0,0.0,0.0,92.41,50.0,0.0,0.0,0.0,41.67,75.0,100.0,0.0,0.0,0.0,0.0,0.0,0.0,0.0,0.0,0.0,0.0,CB,11,22,11,18,10,17,68,81,18,18,3,25,79,62,24,17,43,33,38,26,29,42,44,49,51,51,72,44,43,24,26,11,78,89,24,29,40,29,29,35,21,21,21,21,25,42,28,18,19,39,89,97,18,18,11,67,100,83,24,31,43,33,38,26,47,42,44,49,51,51,72,44,43,24,26,11,78,89,24,29,40,29,29,35,21,21,21,21,Süper Lig
Konyaspor,cw4lbdzlqqdvbkdkz00c9ye49,emknda3m04831ahnf6iwt0gkp,A. Demirbağ,Adil Demirbag,28,Defender,Türkiye,Defender,154.0,65.0,219.0,1.0,450.0,25.0,4.0,1.0,1.0,1.0,1.0,13.0,17.0,4.0,1.0,1.0,4.0,0.0,0.0,0.0,0.0,3.0,0.0,0.0,1.0,0.0,0.0,90.12,71.43,0.0,100.0,0.0,46.43,40.0,80.0,0.1169842678942081,0.041370877254632,0.0,1.0,0.01870347,0.0,6.0,7.0,0.2394312899999999,62.0,30.8,13.0,43.8,0.2,5.0,0.8,0.2,0.2,0.2,0.2,2.6,3.4,0.8,0.2,0.2,0.8,0.0,0.0,0.0,0.0,0.6,0.0,0.0,0.2,0.0,0.0,90.12,71.43,0.0,100.0,0.0,46.43,40.0,80.0,0.0233968535788416,0.0082741754509264,0.0,0.2,0.003740694,0.0,1.2,1.4,0.0478862579999999,12.4,CB,78,67,75,51,100,26,32,44,47,47,42,62,56,31,58,82,43,33,38,26,71,42,44,99,51,51,53,94,43,85,26,25,18,68,56,64,40,64,60,35,56,60,56,58,44,39,42,39,97,12,24,29,42,42,19,32,33,17,51,53,43,33,38,26,58,42,44,97,51,51,53,94,43,85,26,25,18,68,53,61,40,60,58,35,47,56,50,53,Süper Lig
Samsunspor,dpsnqu7pd2b0shfzjyn5j1znf,2pin0r9yarmnxjzz8qbbcw0h6,S. Onur,Samed Onur,24,Midfielder,Türkiye,Midfielder,55.0,76.0,129.0,1.0,177.0,7.0,3.0,2.0,0.0,3.0,3.0,14.0,7.0,5.0,0.0,1.0,3.0,2.0,2.0,1.0,1.0,7.0,0.0,0.0,0.0,0.0,0.0,88.97,63.64,33.33,33.33,50.0,58.33,0.0,75.0,0.0,0.0,0.0,0.0,0.0,0.0,0.0,0.0,0.0,0.0,27.966101694915256,38.64406779661017,65.59322033898306,0.5084745762711864,3.5593220338983054,1.5254237288135597,1.0169491525423728,0.0,1.5254237288135597,1.5254237288135597,7.118644067796611,3.5593220338983054,2.5423728813559325,0.0,0.5084745762711864,1.5254237288135597,1.0169491525423728,1.0169491525423728,0.5084745762711864,0.5084745762711864,3.5593220338983054,0.0,0.0,0.0,0.0,0.0,88.97,63.64,33.33,33.33,50.0,58.33,0.0,75.0,0.0,0.0,0.0,0.0,0.0,0.0,0.0,0.0,0.0,0.0,LM/LCM,83,100,83,33,67,67,17,17,42,42,33,67,83,17,33,42,75,67,58,42,83,50,42,58,58,58,83,50,50,50,83,67,42,58,25,25,25,25,25,33,25,25,25,25,83,100,100,33,83,67,17,17,50,50,100,83,83,17,33,83,83,100,83,67,100,50,42,58,58,58,83,50,50,50,83,67,42,58,25,25,25,25,25,33,25,25,25,25,Süper Lig
Samsunspor,dpsnqu7pd2b0shfzjyn5j1znf,5v6qbo445hb8hm6yqbdzs9yw9,E. Watt,Elliot Watt,26,Midfielder,Scotland,Midfielder,68.0,45.0,112.0,2.0,180.0,9.0,0.0,0.0,0.0,2.0,2.0,2.0,2.0,2.0,0.0,0.0,0.0,1.0,0.0,0.0,0.0,2.0,0.0,0.0,0.0,0.0,0.0,81.75,50.0,33.33,0.0,0.0,16.67,0.0,0.0,0.0,0.1871895126260754,0.0,0.0,0.0,0.0,12.0,9.0,0.4167037699999999,58.0,34.0,22.5,56.0,1.0,4.5,0.0,0.0,0.0,1.0,1.0,1.0,1.0,1.0,0.0,0.0,0.0,0.5,0.0,0.0,0.0,1.0,0.0,0.0,0.0,0.0,0.0,81.75,50.0,33.33,0.0,0.0,16.67,0.0,0.0,0.0,0.0935947563130377,0.0,0.0,0.0,0.0,6.0,4.5,0.2083518849999999,29.0,DM/CM,44,21,29,38,47,9,9,20,44,42,3,18,17,11,15,8,76,23,32,23,29,42,45,52,52,52,21,21,83,15,23,3,14,8,18,64,27,18,18,24,58,55,76,48,91,65,91,67,80,9,9,20,68,65,3,44,48,11,15,8,82,23,32,23,44,42,45,52,52,52,21,21,83,15,23,3,14,8,18,79,27,18,18,24,95,77,97,94,Süper Lig
Samsunspor,dpsnqu7pd2b0shfzjyn5j1znf,5vyszdd8h7l79tlwy40lgimfo,G. Guarino,Gabriele Guarino,22,Defender,Italy,Defender,159.0,57.0,216.0,1.0,270.0,6.0,9.0,3.0,3.0,0.0,0.0,15.0,12.0,2.0,3.0,0.0,3.0,0.0,0.0,1.0,0.0,1.0,0.0,0.0,0.0,0.0,0.0,93.91,42.86,0.0,0.0,0.0,71.43,75.0,60.0,0.0,0.0,0.0,0.0,0.0,0.0,0.0,0.0,0.0,0.0,53.0,19.0,72.0,0.3333333333333333,2.0,3.0,1.0,1.0,0.0,0.0,5.0,4.0,0.6666666666666666,1.0,0.0,1.0,0.0,0.0,0.3333333333333333,0.0,0.3333333333333333,0.0,0.0,0.0,0.0,0.0,93.91,42.86,0.0,0.0,0.0,71.43,75.0,60.0,0.0,0.0,0.0,0.0,0.0,0.0,0.0,0.0,0.0,0.0,CB,82,47,67,51,33,75,68,81,18,18,57,35,19,62,24,60,43,33,86,26,29,42,44,49,51,51,94,31,43,24,26,88,78,46,24,29,40,29,29,35,21,21,21,21,100,67,97,54,43,88,72,89,18,18,83,43,22,62,24,69,43,33,88,26,32,42,44,49,51,51,94,31,43,24,26,88,78,46,24,29,40,29,29,35,21,21,21,21,Süper Lig
Samsunspor,dpsnqu7pd2b0shfzjyn5j1znf,6c9jzebimd3c53gpxa35sxzah,L. Tómasson,Logi Tómasson,26,Defender,Iceland,Defender,89.0,107.0,193.0,3.0,450.0,11.0,2.0,6.0,4.0,5.0,6.0,15.0,11.0,7.0,10.0,3.0,4.0,3.0,2.0,1.0,2.0,2.0,1.0,0.0,0.0,0.0,0.0,86.94,57.89,17.65,60.0,33.33,45.45,50.0,50.0,0.5037043161753991,0.2679376647171307,2.0,9.0,0.26426686,6.0,2.0,13.0,0.66241741,59.0,17.8,21.4,38.6,0.6,2.2,0.4,1.2,0.8,1.0,1.2,3.0,2.2,1.4,2.0,0.6,0.8,0.6,0.4,0.2,0.4,0.4,0.2,0.0,0.0,0.0,0.0,86.94,57.89,17.65,60.0,33.33,45.45,50.0,50.0,0.1007408632350798,0.0535875329434261,0.4,1.8,0.0528533719999999,1.2,0.4,2.6,0.1324834819999999,11.8,LB/LCB,81,95,90,57,81,40,83,88,76,74,64,74,86,88,79,62,88,83,79,93,48,90,43,50,52,52,76,81,57,64,79,19,62,43,95,57,81,88,100,88,33,71,86,62,62,81,76,50,62,29,71,79,55,62,19,31,79,74,67,38,64,79,71,90,38,83,43,50,52,52,76,81,57,64,79,19,62,43,86,57,76,74,86,81,33,48,67,38,Süper Lig
Samsunspor,dpsnqu7pd2b0shfzjyn5j1znf,8058605f3gip7nglewe7svqzu,M. Mouandilmadji,Marius Mouandilmadji,28,Attacker,Chad,Striker,5.0,9.0,14.0,1.0,180.0,0.0,6.0,8.0,7.0,2.0,2.0,10.0,4.0,0.0,15.0,1.0,0.0,0.0,1.0,2.0,1.0,3.0,1.0,0.0,0.0,0.0,0.0,46.67,0.0,0.0,50.0,12.5,47.62,60.0,0.0,0.1314058604008068,0.1261294274817695,1.0,0.0,0.0,0.0,2.0,1.0,0.0190122099999999,5.0,2.5,4.5,7.0,0.5,0.0,3.0,4.0,3.5,1.0,1.0,5.0,2.0,0.0,7.5,0.5,0.0,0.0,0.5,1.0,0.5,1.5,0.5,0.0,0.0,0.0,0.0,46.67,0.0,0.0,50.0,12.5,47.62,60.0,0.0,0.0657029302004034,0.0630647137408847,0.5,0.0,0.0,0.0,1.0,0.5,0.0095061049999999,2.5,ST,10,3,3,13,11,55,50,69,16,16,29,81,18,65,32,16,29,24,61,16,44,47,35,52,52,52,3,11,29,63,5,77,85,16,13,29,32,13,13,16,37,24,16,13,16,10,3,23,11,81,90,90,24,21,58,97,18,87,53,16,29,40,84,34,65,69,35,52,52,52,3,11,29,63,5,77,85,16,13,45,48,13,13,16,53,32,23,26,Süper Lig
Samsunspor,dpsnqu7pd2b0shfzjyn5j1znf,8ox8sr19qwfoxvk2hfhx0xmmt,C. Yüksel,Celil Yüksel,28,Midfielder,Türkiye,Midfielder,114.0,123.0,232.0,8.0,446.0,21.0,4.0,9.0,0.0,1.0,1.0,30.0,5.0,9.0,1.0,0.0,8.0,5.0,9.0,3.0,3.0,11.0,1.0,0.0,0.0,0.0,0.0,83.15,51.22,62.5,0.0,33.33,61.22,44.44,53.33,0.4758943420393519,0.897719665991698,8.0,4.0,0.07938162,2.0,28.0,25.0,0.7159170799999997,118.0,23.00448430493273,24.82062780269058,46.81614349775785,1.6143497757847534,4.237668161434978,0.8071748878923767,1.816143497757848,0.0,0.2017937219730941,0.2017937219730941,6.053811659192825,1.0089686098654709,1.816143497757848,0.2017937219730941,0.0,1.6143497757847534,1.0089686098654709,1.816143497757848,0.6053811659192825,0.6053811659192825,2.219730941704036,0.2017937219730941,0.0,0.0,0.0,0.0,83.15,51.22,62.5,0.0,33.33,61.22,44.44,53.33,0.0960324905460575,0.1811541926889076,1.6143497757847534,0.8071748878923767,0.0160187125560538,0.4035874439461883,5.650224215246636,5.044843049327354,0.1444675721973093,23.81165919282511,DM/CM,91,94,94,94,100,79,100,20,26,26,100,65,100,26,15,94,97,100,98,97,97,92,45,52,52,52,27,27,97,15,67,85,62,52,97,100,100,62,58,58,94,91,94,94,64,79,67,85,76,67,100,20,15,15,85,48,88,21,15,73,91,100,97,94,85,85,45,52,52,52,27,27,97,15,67,85,62,52,85,97,97,48,52,52,88,91,88,82,Süper Lig
Samsunspor,dpsnqu7pd2b0shfzjyn5j1znf,9klanodj3ah1b7ogaqcjelu6s,A. Sekongo,Anton Sekongo,22,Midfielder,Mali,Midfielder,30.0,36.0,66.0,5.0,198.0,6.0,2.0,6.0,5.0,7.0,7.0,11.0,6.0,1.0,8.0,3.0,0.0,0.0,1.0,1.0,0.0,6.0,0.0,0.0,0.0,0.0,0.0,80.49,85.71,0.0,42.86,0.0,39.29,33.33,0.0,0.6185598132439885,0.1635185848257321,1.0,6.0,0.13996172,1.0,8.0,9.0,0.1426095699999998,22.0,13.636363636363637,16.363636363636363,30.0,2.2727272727272725,2.727272727272727,0.9090909090909092,2.727272727272727,2.2727272727272725,3.1818181818181817,3.1818181818181817,5.0,2.727272727272727,0.4545454545454545,3.636363636363636,1.3636363636363635,0.0,0.0,0.4545454545454545,0.4545454545454545,0.0,2.727272727272727,0.0,0.0,0.0,0.0,0.0,80.49,85.71,0.0,42.86,0.0,39.29,33.33,0.0,0.2811635514745402,0.0743266294662418,0.4545454545454545,2.727272727272727,0.0636189636363636,0.4545454545454545,3.636363636363636,4.090909090909091,0.0648225318181817,10.0,CM/AM,22,22,22,36,50,64,56,86,78,75,31,94,33,50,78,8,14,19,22,11,67,33,19,53,50,53,22,89,14,36,11,33,67,8,78,11,31,31,28,19,33,28,17,28,78,28,39,61,72,78,78,94,100,94,78,100,44,83,89,8,14,28,33,11,89,33,19,53,50,53,22,89,14,36,11,33,67,8,94,22,39,61,50,17,61,61,17,33,Süper Lig
Samsunspor,dpsnqu7pd2b0shfzjyn5j1znf,b0xd20j7apuso09qehs7jh1t6,Y. Kayan,Yalçin Kayan,27,Midfielder,Türkiye,Midfielder,64.0,80.0,141.0,6.0,366.0,7.0,1.0,5.0,4.0,8.0,9.0,17.0,3.0,2.0,12.0,2.0,3.0,3.0,1.0,2.0,1.0,7.0,0.0,0.0,0.0,0.0,0.0,84.43,36.84,42.86,25.0,20.0,39.53,12.5,42.86,0.4174119853055384,0.4580112048343617,1.0,11.0,0.2333279999999999,4.0,16.0,16.0,0.4383848899999999,63.0,15.737704918032788,19.672131147540984,34.67213114754099,1.475409836065574,1.7213114754098362,0.2459016393442623,1.2295081967213115,0.9836065573770492,1.9672131147540983,2.2131147540983607,4.180327868852459,0.7377049180327869,0.4918032786885246,2.950819672131148,0.4918032786885246,0.7377049180327869,0.7377049180327869,0.2459016393442623,0.4918032786885246,0.2459016393442623,1.7213114754098362,0.0,0.0,0.0,0.0,0.0,84.43,36.84,42.86,25.0,20.0,39.53,12.5,42.86,0.102642291468575,0.1126257061068102,0.2459016393442623,2.7049180327868854,0.057375737704918,0.9836065573770492,3.934426229508197,3.934426229508197,0.107799563114754,15.491803278688526,CM/AM,89,47,56,50,64,47,36,75,89,86,89,67,56,72,44,56,50,19,53,36,81,33,19,53,50,53,56,6,81,8,36,39,50,28,56,50,31,69,44,47,75,69,56,56,89,39,61,33,50,44,28,56,72,72,56,67,50,61,28,50,39,17,50,28,72,33,19,53,50,53,56,6,81,8,36,39,50,28,33,44,22,56,33,39,67,56,44,61,Süper Lig
Samsunspor,dpsnqu7pd2b0shfzjyn5j1znf,c6rzadc9bx74tw06zdubmtc5x,E. Kılınç,Emre Kilinç,32,Midfielder,Türkiye,Midfielder,46.0,130.0,166.0,13.0,450.0,7.0,5.0,8.0,6.0,7.0,7.0,14.0,6.0,3.0,18.0,3.0,0.0,10.0,2.0,2.0,2.0,4.0,1.0,1.0,0.0,0.0,0.0,79.43,43.75,34.48,42.86,25.0,37.84,71.43,0.0,0.6311521514253573,1.1472979531059189,2.0,16.0,0.4566487299999999,6.0,15.0,19.0,0.9537008599999998,71.0,9.2,26.0,33.2,2.6,1.4,1.0,1.6,1.2,1.4,1.4,2.8,1.2,0.6,3.6,0.6,0.0,2.0,0.4,0.4,0.4,0.8,0.2,0.2,0.0,0.0,0.0,79.43,43.75,34.48,42.86,25.0,37.84,71.43,0.0,0.1262304302850714,0.2294595906211837,0.4,3.2,0.0913297459999999,1.2,3.0,3.8,0.1907401719999999,14.2,CM/AM,56,83,75,81,64,94,81,94,78,75,64,94,78,94,78,8,81,36,53,69,47,81,53,53,50,53,11,17,64,36,56,17,100,8,83,72,53,89,94,83,67,78,78,67,11,67,53,78,39,83,44,78,56,56,22,92,61,78,50,8,72,22,22,50,33,67,42,53,50,53,11,17,64,36,56,17,100,8,56,61,33,89,89,61,56,50,72,50,Süper Lig
Samsunspor,dpsnqu7pd2b0shfzjyn5j1znf,dstxo7i9rklcwq64pik7jdgyc,J. Mendes,Joe Mendes,23,Defender,Sweden,Defender,81.0,105.0,181.0,10.0,449.0,6.0,9.0,2.0,2.0,2.0,2.0,18.0,11.0,6.0,9.0,1.0,5.0,5.0,0.0,0.0,1.0,2.0,1.0,1.0,0.0,0.0,0.0,93.78,60.0,27.78,50.0,50.0,54.55,60.0,83.33,0.2726332214070845,1.0001003130406736,0.0,11.0,0.3124352799999998,4.0,12.0,19.0,1.04089343,85.0,16.23608017817372,21.046770601336306,36.28062360801782,2.0044543429844097,1.2026726057906458,1.8040089086859687,0.4008908685968819,0.4008908685968819,0.4008908685968819,0.4008908685968819,3.6080178173719375,2.2048997772828507,1.2026726057906458,1.8040089086859687,0.2004454342984409,1.0022271714922049,1.0022271714922049,0.0,0.0,0.2004454342984409,0.4008908685968819,0.2004454342984409,0.2004454342984409,0.0,0.0,0.0,93.78,60.0,27.78,50.0,50.0,54.55,60.0,83.33,0.054648084469126,0.2004655415894446,0.0,2.2048997772828507,0.0626262253897549,0.8017817371937639,2.405345211581292,3.8084632516703785,0.2086423356347438,17.037861915367483,RB/RCB,62,94,81,94,31,84,62,75,50,44,69,56,81,100,41,66,91,34,31,75,34,94,84,44,53,53,100,88,69,50,84,62,69,69,75,94,44,100,100,91,75,81,88,91,44,88,56,94,19,88,47,59,44,31,38,56,69,81,31,50,88,34,31,59,25,91,81,44,53,53,100,88,69,50,84,62,69,69,69,94,44,100,100,88,69,81,88,75,Süper Lig
Samsunspor,dpsnqu7pd2b0shfzjyn5j1znf,hfsas6p5zlu8qtjlu1kd5xjo,S. Jarju,Saikuba Jarju,18,Attacker,Gambia,Striker,31.0,59.0,87.0,5.0,407.0,1.0,2.0,8.0,7.0,9.0,9.0,20.0,3.0,2.0,19.0,5.0,0.0,3.0,1.0,2.0,1.0,11.0,0.0,2.0,0.0,0.0,0.0,79.82,25.0,27.27,55.56,12.5,38.46,16.67,0.0,0.8714211096580817,0.2174415201799691,1.0,8.0,0.23705135,3.0,3.0,2.0,0.16899069,28.0,6.855036855036855,13.046683046683048,19.23832923832924,1.1056511056511056,0.2211302211302211,0.4422604422604422,1.769041769041769,1.547911547911548,1.9901719901719903,1.9901719901719903,4.422604422604422,0.6633906633906634,0.4422604422604422,4.201474201474202,1.1056511056511056,0.0,0.6633906633906634,0.2211302211302211,0.4422604422604422,0.2211302211302211,2.4324324324324325,0.0,0.4422604422604422,0.0,0.0,0.0,79.82,25.0,27.27,55.56,12.5,38.46,16.67,0.0,0.1926975426762343,0.048082891440288,0.2211302211302211,1.769041769041769,0.0524192174447174,0.6633906633906634,0.6633906633906634,0.4422604422604422,0.0373689486486486,6.191646191646192,RW,56,62,56,44,9,66,72,84,38,31,72,66,66,88,50,19,66,19,72,25,100,31,100,53,53,53,56,12,56,56,12,6,44,19,56,38,22,62,62,56,34,25,38,53,25,38,25,44,6,62,50,81,31,25,44,50,50,81,38,19,56,12,56,12,88,31,94,53,53,53,56,12,56,56,12,6,44,19,50,31,25,38,44,44,25,25,31,38,Süper Lig
Trabzonspor,2yab38jdfl0gk2tei1mq40o06,3nywtsbzd3od93xzrvh8zsyui,E. Muçi,Ernest Muçi,25,Midfielder,Albania,Midfielder,33.0,60.0,88.0,6.0,273.0,1.0,0.0,13.0,8.0,2.0,3.0,6.0,1.0,2.0,15.0,1.0,4.0,5.0,5.0,5.0,6.0,0.0,1.0,2.0,0.0,0.0,0.0,83.81,50.0,31.25,50.0,46.15,31.58,0.0,80.0,0.98287130440563,0.7188191859312961,4.0,4.0,0.12716278,3.0,9.0,14.0,0.26636189,33.0,10.87912087912088,19.78021978021978,29.01098901098901,1.978021978021978,0.3296703296703296,0.0,4.285714285714286,2.6373626373626373,0.6593406593406593,0.989010989010989,1.978021978021978,0.3296703296703296,0.6593406593406593,4.945054945054945,0.3296703296703296,1.3186813186813189,1.6483516483516485,1.6483516483516485,1.6483516483516485,1.978021978021978,0.0,0.3296703296703296,0.6593406593406593,0.0,0.0,0.0,83.81,50.0,31.25,50.0,46.15,31.58,0.0,80.0,0.324023506946911,0.2369733579993284,1.3186813186813189,1.3186813186813189,0.0419217956043956,0.989010989010989,2.967032967032967,4.615384615384616,0.087811612087912,10.87912087912088,CM/AM,33,33,33,50,6,19,94,100,14,25,6,31,56,89,14,83,67,78,94,100,8,81,86,53,50,53,44,31,50,47,89,11,25,78,89,56,83,22,22,36,39,47,33,36,33,44,33,50,6,19,100,100,11,28,11,33,67,100,17,78,67,83,94,100,8,89,100,53,50,53,44,31,50,47,89,11,25,78,100,67,94,17,22,44,50,72,33,39,Süper Lig
Trabzonspor,2yab38jdfl0gk2tei1mq40o06,4zrsiizdbzwwkmit3ta0f0dbe,A. Şimşir,Aral Simsir,24,Midfielder,Türkiye,Midfielder,36.0,73.0,104.0,11.0,325.0,8.0,0.0,4.0,4.0,17.0,20.0,21.0,2.0,2.0,14.0,5.0,4.0,5.0,0.0,1.0,1.0,12.0,0.0,1.0,0.0,0.0,0.0,84.55,100.0,35.71,29.41,25.0,56.76,0.0,100.0,0.3501510054913081,1.124511443149371,2.0,18.0,0.5718078600000001,3.0,7.0,17.0,1.19884576,36.0,9.96923076923077,20.21538461538461,28.8,3.046153846153846,2.2153846153846155,0.0,1.1076923076923078,1.1076923076923078,4.707692307692308,5.538461538461538,5.815384615384615,0.5538461538461539,0.5538461538461539,3.876923076923077,1.3846153846153846,1.1076923076923078,1.3846153846153846,0.0,0.2769230769230769,0.2769230769230769,3.323076923076923,0.0,0.2769230769230769,0.0,0.0,0.0,84.55,100.0,35.71,29.41,25.0,56.76,0.0,100.0,0.0969648938283622,0.3114031688721335,0.5538461538461539,4.984615384615385,0.158346792,0.8307692307692307,1.9384615384615385,4.707692307692308,0.3319880566153846,9.96923076923077,LM/LCM,50,83,67,100,83,25,42,92,100,100,83,25,50,100,92,75,100,25,58,42,100,50,92,58,58,58,33,92,67,33,42,50,42,92,67,100,67,100,100,75,92,100,100,100,67,83,67,100,67,25,50,100,100,100,67,33,50,100,83,50,100,25,67,50,83,50,100,58,58,58,33,92,67,33,42,50,42,92,67,100,67,100,100,83,100,100,100,100,Süper Lig
Trabzonspor,2yab38jdfl0gk2tei1mq40o06,5ilkkfbsss0bxd6ttdlqg0uz9,Mohamed Salah,Mohamed Salah Hamed Mahrous Ghaly,34,Attacker,Egypt,Striker,40.0,109.0,142.0,19.0,392.0,20.0,0.0,15.0,14.0,18.0,18.0,18.0,2.0,0.0,31.0,8.0,0.0,7.0,1.0,2.0,7.0,8.0,4.0,1.0,0.0,0.0,0.0,79.78,71.43,30.43,44.44,46.67,43.9,0.0,0.0,1.6462152170499178,1.4976567513638317,3.0,13.0,0.4523811799999999,5.0,18.0,31.0,0.8966205300000001,73.0,9.183673469387756,25.02551020408164,32.602040816326536,4.362244897959184,4.591836734693878,0.0,3.4438775510204085,3.2142857142857144,4.13265306122449,4.13265306122449,4.13265306122449,0.4591836734693878,0.0,7.117346938775511,1.8367346938775515,0.0,1.6071428571428572,0.2295918367346939,0.4591836734693878,1.6071428571428572,1.8367346938775515,0.9183673469387756,0.2295918367346939,0.0,0.0,0.0,79.78,71.43,30.43,44.44,46.67,43.9,0.0,0.0,0.3779575753430934,0.3438497643437369,0.6887755102040817,2.984693877551021,0.1038630260204081,1.1479591836734695,4.13265306122449,7.117346938775511,0.2058567543367347,16.760204081632654,RW,75,100,94,100,100,22,97,100,94,94,56,47,22,100,84,19,91,19,72,100,75,100,81,53,53,53,50,72,75,38,62,44,22,19,100,100,53,88,88,84,100,100,94,100,44,94,88,100,100,22,88,94,75,75,38,38,22,100,62,19,88,19,62,88,69,94,69,53,53,53,50,72,75,38,62,44,22,19,94,100,38,75,88,81,88,100,88,94,Süper Lig
Trabzonspor,2yab38jdfl0gk2tei1mq40o06,6h9nv8wfblox17wkudac1knh1,O. Tufan,Ozan Tufan,31,Midfielder,Türkiye,Midfielder,30.0,32.0,62.0,1.0,182.0,2.0,0.0,1.0,1.0,3.0,3.0,11.0,2.0,2.0,3.0,1.0,2.0,0.0,0.0,0.0,1.0,5.0,0.0,0.0,0.0,0.0,0.0,82.67,40.0,0.0,33.33,100.0,50.0,0.0,40.0,0.0,0.0,0.0,0.0,0.0,0.0,0.0,0.0,0.0,0.0,14.835164835164836,15.824175824175825,30.65934065934066,0.4945054945054945,0.989010989010989,0.0,0.4945054945054945,0.4945054945054945,1.4835164835164836,1.4835164835164836,5.43956043956044,0.989010989010989,0.989010989010989,1.4835164835164836,0.4945054945054945,0.989010989010989,0.0,0.0,0.0,0.4945054945054945,2.4725274725274726,0.0,0.0,0.0,0.0,0.0,82.67,40.0,0.0,33.33,100.0,50.0,0.0,40.0,0.0,0.0,0.0,0.0,0.0,0.0,0.0,0.0,0.0,0.0,RM/RCM,25,25,25,38,25,25,50,62,50,50,50,50,25,25,25,62,25,38,38,62,75,50,50,62,62,62,50,50,25,25,88,88,25,88,38,38,38,38,38,50,38,38,38,38,50,50,25,50,25,25,75,75,75,75,75,50,75,75,25,100,25,38,38,75,75,50,50,62,62,62,50,50,25,25,88,88,25,88,38,38,38,38,38,50,38,38,38,38,Süper Lig
Trabzonspor,2yab38jdfl0gk2tei1mq40o06,6ho91cw0qaxyn6qovo3i1myg9,M. Eskihellaç,Mustafa Eskihellaç,29,Defender,Türkiye,Defender,107.0,125.0,229.0,5.0,450.0,8.0,4.0,7.0,4.0,10.0,11.0,24.0,11.0,7.0,10.0,6.0,1.0,3.0,3.0,3.0,1.0,11.0,0.0,0.0,0.0,0.0,0.0,90.87,61.54,50.0,60.0,14.29,55.81,33.33,25.0,0.4285516666288038,0.549769967884897,6.0,9.0,0.1926840699999999,1.0,16.0,16.0,0.9178383199999998,84.0,21.4,25.0,45.8,1.0,1.6,0.8,1.4,0.8,2.0,2.2,4.8,2.2,1.4,2.0,1.2,0.2,0.6,0.6,0.6,0.2,2.2,0.0,0.0,0.0,0.0,0.0,90.87,61.54,50.0,60.0,14.29,55.81,33.33,25.0,0.0857103333257607,0.1099539935769794,1.2,1.8,0.0385368139999999,0.2,3.2,3.2,0.1835676639999999,16.8,LB/LCB,90,100,95,81,60,64,95,88,95,98,93,74,86,88,95,17,88,95,95,71,95,40,43,50,52,52,95,86,95,64,60,52,31,10,81,90,100,88,81,48,95,83,95,90,81,95,86,62,38,52,88,79,90,93,79,31,79,74,90,10,64,90,93,60,90,40,43,50,52,52,95,86,95,64,60,52,31,10,67,71,100,74,57,38,81,52,86,57,Süper Lig
Trabzonspor,2yab38jdfl0gk2tei1mq40o06,7mms3tmwizhtvzakotl4hv0et,Fabinho,Fábio Henrique Tavares,32,Midfielder,Brazil,Midfielder,63.0,61.0,124.0,1.0,238.0,17.0,0.0,3.0,1.0,1.0,1.0,10.0,2.0,3.0,4.0,0.0,4.0,0.0,2.0,1.0,1.0,1.0,0.0,0.0,0.0,0.0,0.0,91.18,85.0,0.0,0.0,33.33,58.82,0.0,44.44,0.0,0.0,0.0,0.0,0.0,0.0,0.0,0.0,0.0,0.0,23.823529411764707,23.067226890756302,46.89075630252101,0.3781512605042016,6.428571428571429,0.0,1.134453781512605,0.3781512605042016,0.3781512605042016,0.3781512605042016,3.7815126050420167,0.7563025210084033,1.134453781512605,1.512605042016807,0.0,1.512605042016807,0.0,0.7563025210084033,0.3781512605042016,0.3781512605042016,0.3781512605042016,0.0,0.0,0.0,0.0,0.0,91.18,85.0,0.0,0.0,33.33,58.82,0.0,44.44,0.0,0.0,0.0,0.0,0.0,0.0,0.0,0.0,0.0,0.0,DM/CM,36,48,45,18,88,9,61,52,26,26,29,18,41,67,15,61,36,73,74,64,14,42,45,52,52,52,76,92,36,15,67,74,14,36,18,18,27,18,18,24,17,17,17,17,70,73,70,18,100,9,73,61,30,30,55,18,58,82,15,70,36,82,82,76,12,42,45,52,52,52,76,92,36,15,67,74,14,36,18,18,27,18,18,24,17,17,17,17,Süper Lig
Trabzonspor,2yab38jdfl0gk2tei1mq40o06,7wh91ajt4v3w9kfdpp5hf5mmt,P. Onuachu,Paul Onuachu,32,Attacker,Nigeria,Striker,9.0,24.0,33.0,2.0,401.0,2.0,8.0,9.0,7.0,4.0,5.0,14.0,1.0,1.0,15.0,0.0,1.0,0.0,2.0,3.0,2.0,4.0,2.0,0.0,0.0,0.0,0.0,73.33,50.0,0.0,0.0,22.22,38.89,40.0,50.0,1.1712876690867429,0.1502869704706504,2.0,2.0,0.04382219,2.0,3.0,1.0,0.2186473899999996,11.0,2.0199501246882794,5.386533665835412,7.406483790523691,0.4488778054862842,0.4488778054862842,1.795511221945137,2.0199501246882794,1.5710723192019949,0.8977556109725685,1.1221945137157108,3.1421446384039897,0.2244389027431421,0.2244389027431421,3.366583541147132,0.0,0.2244389027431421,0.0,0.4488778054862842,0.6733167082294265,0.4488778054862842,0.8977556109725685,0.4488778054862842,0.0,0.0,0.0,0.0,73.33,50.0,0.0,0.0,22.22,38.89,40.0,50.0,0.2628825192464011,0.0337302427490237,0.4488778054862842,0.4488778054862842,0.0098354042394014,0.4488778054862842,0.6733167082294265,0.2244389027431421,0.0490729802992517,2.468827930174564,ST,23,35,29,29,52,74,63,69,40,56,40,26,55,65,6,48,29,47,77,44,58,69,35,52,52,52,42,44,29,6,29,39,42,44,68,39,55,39,35,60,50,24,55,44,13,16,13,13,42,58,35,48,19,32,29,16,39,45,6,39,29,32,65,29,45,58,35,52,52,52,42,44,29,6,29,39,42,44,55,32,45,32,26,55,39,23,45,23,Süper Lig
Trabzonspor,2yab38jdfl0gk2tei1mq40o06,av5g4nr853anks78vl6jh4s7p,S. Savić,Stefan Savic,35,Defender,Montenegro,Defender,234.0,127.0,361.0,3.0,450.0,20.0,15.0,4.0,4.0,1.0,1.0,21.0,14.0,7.0,6.0,0.0,2.0,0.0,0.0,0.0,3.0,4.0,0.0,0.0,0.0,0.0,0.0,92.56,64.52,0.0,0.0,75.0,65.62,75.0,100.0,0.5089702866247859,0.1650488394664526,0.0,2.0,0.046428,3.0,28.0,27.0,0.5510676199999998,219.0,46.8,25.4,72.2,0.6,4.0,3.0,0.8,0.8,0.2,0.2,4.2,2.8,1.4,1.2,0.0,0.4,0.0,0.0,0.0,0.6,0.8,0.0,0.0,0.0,0.0,0.0,92.56,64.52,0.0,0.0,75.0,65.62,75.0,100.0,0.1017940573249572,0.0330097678932905,0.0,0.4,0.0092856,0.6,5.6,5.4,0.1102135239999999,43.8,CB,100,100,100,93,92,94,85,93,47,47,82,42,93,90,24,35,43,33,38,99,81,42,44,49,51,51,78,89,43,24,89,75,78,89,89,83,40,78,81,99,100,97,97,100,94,100,100,81,78,88,67,83,42,42,62,22,71,75,24,24,43,33,38,97,67,42,44,49,51,51,78,89,43,24,89,75,78,89,78,72,40,74,78,94,94,94,86,97,Süper Lig
Trabzonspor,2yab38jdfl0gk2tei1mq40o06,axeygxw5crichqm4hqprm3mdw,Wagner Pina,Wagner Fabrício Cardoso de Pina,23,Defender,Cabo Verde,Defender,62.0,78.0,139.0,6.0,289.0,2.0,0.0,1.0,0.0,10.0,11.0,18.0,6.0,3.0,5.0,4.0,5.0,1.0,1.0,1.0,0.0,8.0,0.0,1.0,0.0,0.0,0.0,90.26,28.57,16.67,40.0,0.0,48.65,0.0,83.33,0.0,0.0,0.0,0.0,0.0,0.0,0.0,0.0,0.0,0.0,19.30795847750865,24.290657439446367,43.28719723183391,1.868512110726644,0.6228373702422145,0.0,0.3114186851211072,0.0,3.1141868512110724,3.42560553633218,5.6055363321799305,1.868512110726644,0.9342560553633218,1.5570934256055362,1.245674740484429,1.5570934256055362,0.3114186851211072,0.3114186851211072,0.3114186851211072,0.0,2.491349480968858,0.0,0.3114186851211072,0.0,0.0,0.0,90.26,28.57,16.67,40.0,0.0,48.65,0.0,83.33,0.0,0.0,0.0,0.0,0.0,0.0,0.0,0.0,0.0,0.0,RB/RCB,41,81,56,72,12,12,28,16,100,100,69,31,34,53,94,66,50,78,81,28,91,44,84,44,53,53,88,19,50,31,28,38,12,69,16,22,44,19,19,34,16,16,16,16,56,100,81,81,12,12,31,16,100,100,88,44,38,69,88,88,50,88,88,28,94,44,94,44,53,53,88,19,50,31,28,38,12,69,16,22,44,19,19,34,16,16,16,16,Süper Lig
Trabzonspor,2yab38jdfl0gk2tei1mq40o06,cg2c1slur70h744zbyvc65bs9,M. Kabasakal,Melih Kabasakal,30,Midfielder,Türkiye,Midfielder,80.0,37.0,117.0,1.0,230.0,7.0,1.0,0.0,0.0,1.0,1.0,10.0,5.0,6.0,0.0,1.0,6.0,0.0,0.0,0.0,0.0,1.0,0.0,0.0,0.0,0.0,0.0,96.69,100.0,0.0,100.0,0.0,58.82,50.0,85.71,0.0,0.0,0.0,0.0,0.0,0.0,0.0,0.0,0.0,0.0,31.30434782608696,14.47826086956522,45.78260869565218,0.391304347826087,2.739130434782609,0.391304347826087,0.0,0.0,0.391304347826087,0.391304347826087,3.91304347826087,1.956521739130435,2.347826086956522,0.0,0.391304347826087,2.347826086956522,0.0,0.0,0.0,0.0,0.391304347826087,0.0,0.0,0.0,0.0,0.0,96.69,100.0,0.0,100.0,0.0,58.82,50.0,85.71,0.0,0.0,0.0,0.0,0.0,0.0,0.0,0.0,0.0,0.0,DM/CM,73,12,36,18,32,29,9,20,26,26,29,65,85,11,45,79,36,23,32,23,14,42,45,52,52,52,100,100,36,88,23,74,71,92,18,18,27,18,18,24,17,17,17,17,85,15,58,21,45,36,9,20,33,33,58,85,100,11,52,97,36,23,32,23,15,42,45,52,52,52,100,100,36,88,23,74,71,92,18,18,27,18,18,24,17,17,17,17,Süper Lig
Trabzonspor,2yab38jdfl0gk2tei1mq40o06,d078o2hgm2fkdjz5vagzx9oq2,Sidny Cabral,Sidny Lopes Cabral,23,Defender,Cabo Verde,Defender,41.0,58.0,98.0,2.0,223.0,7.0,0.0,4.0,1.0,2.0,3.0,12.0,5.0,3.0,4.0,1.0,2.0,1.0,3.0,1.0,1.0,5.0,0.0,0.0,0.0,0.0,0.0,95.15,77.78,6.67,50.0,25.0,44.44,0.0,33.33,0.2769457579209742,0.2077087015890147,2.0,6.0,0.19066645,1.0,7.0,7.0,0.34569461,27.0,16.54708520179372,23.408071748878925,39.55156950672646,0.8071748878923767,2.825112107623318,0.0,1.6143497757847534,0.4035874439461883,0.8071748878923767,1.210762331838565,4.84304932735426,2.0179372197309418,1.210762331838565,1.6143497757847534,0.4035874439461883,0.8071748878923767,0.4035874439461883,1.210762331838565,0.4035874439461883,0.4035874439461883,2.0179372197309418,0.0,0.0,0.0,0.0,0.0,95.15,77.78,6.67,50.0,25.0,44.44,0.0,33.33,0.1117718305510658,0.083828623959692,0.8071748878923767,2.42152466367713,0.0769505852017937,0.4035874439461883,2.825112107623318,2.825112107623318,0.1395180040358744,10.896860986547084,CB,8,51,19,76,43,4,85,44,69,81,33,7,38,74,58,35,89,97,86,68,86,42,44,49,51,51,100,100,86,57,57,19,4,15,75,89,94,97,100,78,62,60,75,44,14,94,36,92,64,4,92,50,72,89,81,8,56,89,64,56,92,97,97,81,92,42,44,49,51,51,100,100,86,57,57,19,4,15,83,97,100,100,100,86,67,69,94,50,Süper Lig
Trabzonspor,2yab38jdfl0gk2tei1mq40o06,e2k1zvps76pfb17pqnryuf0gk,C. Nwaiwu,Chibuike Nwaiwu,23,Defender,Nigeria,Defender,203.0,103.0,306.0,0.0,443.0,18.0,6.0,5.0,2.0,5.0,5.0,22.0,26.0,7.0,5.0,4.0,5.0,0.0,3.0,1.0,2.0,6.0,0.0,0.0,0.0,0.0,0.0,89.74,56.25,0.0,80.0,40.0,62.86,54.55,62.5,0.415775982972635,0.0,3.0,3.0,0.09827791,1.0,16.0,19.0,0.4403682699999999,142.0,41.24153498871332,20.9255079006772,62.16704288939052,0.0,3.656884875846501,1.218961625282167,1.015801354401806,0.4063205417607223,1.015801354401806,1.015801354401806,4.469525959367946,5.28216704288939,1.4221218961625282,1.015801354401806,0.8126410835214446,1.015801354401806,0.0,0.6094808126410834,0.2031602708803611,0.4063205417607223,1.218961625282167,0.0,0.0,0.0,0.0,0.0,89.74,56.25,0.0,80.0,40.0,62.86,54.55,62.5,0.0844691613262689,0.0,0.6094808126410834,0.6094808126410834,0.0199661668171557,0.2031602708803611,3.2505643340857784,3.860045146726862,0.089465337020316,28.848758465011286,CB,94,94,94,18,82,53,93,67,96,96,93,86,93,82,97,93,43,97,86,90,92,42,44,49,51,51,47,69,43,65,76,67,31,51,81,29,100,90,94,78,85,88,89,89,81,75,83,18,75,28,78,53,89,86,72,69,78,69,89,81,43,89,78,83,89,42,44,49,51,51,47,69,43,65,76,67,31,51,69,29,97,86,92,72,72,81,72,81,Süper Lig
Rizespor,1lbrlj3uu8wi2h9j79snuoae4,13u1ebeq6nonh7jdr6ao85obu,I. Olawoyin,Ibrahim Olawoyin,28,Attacker,Nigeria,Striker,38.0,82.0,118.0,5.0,308.0,2.0,2.0,6.0,2.0,9.0,9.0,18.0,7.0,3.0,7.0,6.0,6.0,2.0,4.0,2.0,2.0,2.0,0.0,0.0,0.0,0.0,0.0,83.69,22.22,66.67,66.67,33.33,54.55,40.0,75.0,0.416259077163456,0.2428431763765781,3.0,7.0,0.14874653,4.0,14.0,13.0,0.3169230799999999,60.0,11.103896103896105,23.96103896103896,34.48051948051948,1.4610389610389611,0.5844155844155845,0.5844155844155845,1.7532467532467533,0.5844155844155845,2.62987012987013,2.62987012987013,5.25974025974026,2.0454545454545454,0.8766233766233766,2.0454545454545454,1.7532467532467533,1.7532467532467533,0.5844155844155845,1.168831168831169,0.5844155844155845,0.5844155844155845,0.5844155844155845,0.0,0.0,0.0,0.0,0.0,83.69,22.22,66.67,66.67,33.33,54.55,40.0,75.0,0.1216341459243865,0.0709606684217273,0.8766233766233766,2.0454545454545454,0.0434648951298701,1.168831168831169,4.090909090909091,3.798701298701298,0.0926073935064934,17.532467532467532,ST,97,94,97,77,52,32,31,15,79,79,68,94,95,16,90,100,81,81,61,44,29,18,35,52,52,52,87,23,94,90,53,90,42,66,26,55,76,87,61,90,97,90,74,97,100,94,97,71,52,29,23,13,84,84,68,100,97,13,90,100,81,81,58,42,29,18,35,52,52,52,87,23,94,90,53,90,42,66,19,52,74,84,65,94,97,90,68,97,Süper Lig
Rizespor,1lbrlj3uu8wi2h9j79snuoae4,1czk5wkuu6ahu3ytu2or8276d,Q. Laçi,Qazim Laçi,30,Midfielder,Albania,Midfielder,47.0,189.0,221.0,20.0,417.0,20.0,3.0,8.0,1.0,5.0,5.0,15.0,3.0,2.0,2.0,3.0,2.0,15.0,7.0,2.0,2.0,3.0,1.0,0.0,0.0,0.0,0.0,87.7,62.5,42.86,60.0,25.0,50.0,0.0,33.33,0.3761641017253489,1.588388348612984,4.0,13.0,0.30954416,5.0,36.0,37.0,1.4998715999999996,135.0,10.14388489208633,40.79136690647481,47.6978417266187,4.316546762589928,4.316546762589928,0.6474820143884892,1.7266187050359711,0.2158273381294964,1.079136690647482,1.079136690647482,3.237410071942446,0.6474820143884892,0.4316546762589928,0.4316546762589928,0.6474820143884892,0.4316546762589928,3.237410071942446,1.5107913669064748,0.4316546762589928,0.4316546762589928,0.6474820143884892,0.2158273381294964,0.0,0.0,0.0,0.0,87.7,62.5,42.86,60.0,25.0,50.0,0.0,33.33,0.0811864967752551,0.3428176291970469,0.8633093525179856,2.805755395683453,0.0668080920863309,1.079136690647482,7.76978417266187,7.985611510791366,0.3237132949640287,29.136690647482013,CM/AM,61,100,100,100,92,75,81,14,56,50,78,67,56,11,78,33,100,89,53,69,33,81,19,53,50,53,78,44,81,69,56,67,25,17,39,94,83,83,83,67,100,97,100,100,28,100,94,100,89,67,50,11,39,33,33,61,39,11,56,28,100,78,28,56,22,72,19,53,50,53,78,44,81,69,56,67,25,17,17,89,72,72,67,50,100,94,100,94,Süper Lig
Rizespor,1lbrlj3uu8wi2h9j79snuoae4,29vvxzsd3221w7a5upiznkjx1,A. Sowe,Ali Sowe,32,Attacker,Gambia,Striker,27.0,27.0,54.0,3.0,438.0,2.0,6.0,9.0,9.0,9.0,9.0,17.0,1.0,3.0,20.0,6.0,0.0,0.0,0.0,3.0,5.0,5.0,2.0,0.0,0.0,0.0,0.0,83.08,66.67,0.0,66.67,55.56,47.22,50.0,0.0,1.0196792200644995,0.1019554793332216,0.0,4.0,0.1292245699999999,1.0,3.0,2.0,0.03971742,11.0,5.5479452054794525,5.5479452054794525,11.095890410958903,0.6164383561643836,0.4109589041095891,1.2328767123287672,1.8493150684931507,1.8493150684931507,1.8493150684931507,1.8493150684931507,3.493150684931507,0.2054794520547945,0.6164383561643836,4.109589041095891,1.2328767123287672,0.0,0.0,0.0,0.6164383561643836,1.0273972602739727,1.0273972602739727,0.4109589041095891,0.0,0.0,0.0,0.0,83.08,66.67,0.0,66.67,55.56,47.22,50.0,0.0,0.2095231274105136,0.0209497560273743,0.0,0.8219178082191781,0.0265529938356164,0.2054794520547945,0.6164383561643836,0.4109589041095891,0.0081611136986301,2.26027397260274,ST,79,55,65,48,52,55,63,81,79,79,56,26,95,81,90,16,29,6,77,77,68,69,35,52,52,52,84,65,29,90,85,74,76,16,61,26,11,53,52,40,50,37,23,44,58,19,39,35,35,42,29,65,65,65,35,13,87,61,77,16,29,6,61,68,52,55,35,52,52,52,84,65,29,90,85,74,76,16,42,23,11,48,48,32,35,26,19,13,Süper Lig
Rizespor,1lbrlj3uu8wi2h9j79snuoae4,5edtlo5i3y7jthr27otqy819m,M. Pala,Mithat Pala,26,Midfielder,Türkiye,Midfielder,66.0,104.0,166.0,2.0,450.0,6.0,0.0,4.0,3.0,14.0,14.0,31.0,6.0,4.0,14.0,8.0,7.0,4.0,1.0,0.0,1.0,14.0,0.0,1.0,0.0,0.0,0.0,87.37,50.0,28.57,57.14,25.0,60.78,0.0,77.78,0.3314635358997287,0.2467513587199947,0.0,9.0,0.2437050599999999,10.0,11.0,15.0,0.8697589699999999,67.0,13.2,20.8,33.2,0.4,1.2,0.0,0.8,0.6,2.8,2.8,6.2,1.2,0.8,2.8,1.6,1.4,0.8,0.2,0.0,0.2,2.8,0.0,0.2,0.0,0.0,0.0,87.37,50.0,28.57,57.14,25.0,60.78,0.0,77.78,0.0662927071799457,0.0493502717439989,0.0,1.8,0.0487410119999999,2.0,2.2,3.0,0.173951794,13.4,CM/AM,94,67,75,17,50,19,19,58,100,100,100,94,92,83,100,100,58,19,6,36,100,33,53,53,50,53,72,31,44,61,56,100,25,72,28,33,11,44,61,100,50,58,67,61,72,50,53,6,33,19,6,39,94,83,94,92,72,50,100,83,50,11,6,22,94,33,42,53,50,53,72,31,44,61,56,100,25,72,6,11,11,28,28,100,28,33,67,44,Süper Lig
Rizespor,1lbrlj3uu8wi2h9j79snuoae4,8fctg80d8jbnij34636np1o9g,E. Bulut,Emrecan Bulut,23,Attacker,Türkiye,Striker,14.0,28.0,40.0,4.0,190.0,1.0,0.0,4.0,2.0,6.0,7.0,10.0,1.0,1.0,6.0,3.0,1.0,2.0,2.0,0.0,2.0,6.0,2.0,1.0,0.0,0.0,0.0,74.07,50.0,18.18,50.0,50.0,37.04,0.0,100.0,0.32684719742358,0.4420522828302989,3.0,7.0,0.23084728,2.0,2.0,5.0,0.35439017,20.0,6.631578947368421,13.263157894736842,18.94736842105263,1.894736842105263,0.4736842105263157,0.0,1.894736842105263,0.9473684210526316,2.8421052631578947,3.3157894736842106,4.7368421052631575,0.4736842105263157,0.4736842105263157,2.8421052631578947,1.4210526315789471,0.4736842105263157,0.9473684210526316,0.9473684210526316,0.0,0.9473684210526316,2.8421052631578947,0.9473684210526316,0.4736842105263157,0.0,0.0,0.0,74.07,50.0,18.18,50.0,50.0,37.04,0.0,100.0,0.1548223566743273,0.2093931866038258,1.4210526315789471,3.3157894736842106,0.1093487115789473,0.9473684210526316,0.9473684210526316,2.3684210526315788,0.1678690278947368,9.473684210526317,LW,18,27,18,59,14,23,23,32,27,27,23,50,27,32,36,36,68,41,14,41,82,91,91,55,55,55,18,27,73,50,82,9,27,77,27,73,50,32,55,36,18,27,73,45,18,45,36,73,18,23,27,36,45,45,55,55,27,45,45,45,73,55,14,73,100,91,100,55,55,55,18,27,73,50,82,9,27,77,45,82,64,55,73,45,27,27,82,55,Süper Lig
Rizespor,1lbrlj3uu8wi2h9j79snuoae4,8p47d0e54hgl7d86vur1m5nmx,M. Sagnan,Modibo Sagnan,27,Defender,Mali,Defender,141.0,90.0,231.0,1.0,448.0,14.0,9.0,5.0,4.0,1.0,1.0,19.0,28.0,7.0,5.0,0.0,5.0,0.0,1.0,1.0,2.0,2.0,0.0,0.0,0.0,0.0,0.0,92.03,56.0,0.0,0.0,40.0,46.34,52.94,62.5,0.6515505107450408,0.0,1.0,3.0,0.06344442,2.0,20.0,13.0,0.3651085599999998,131.0,28.325892857142858,18.080357142857142,46.40625,0.2008928571428571,2.8125,1.8080357142857144,1.0044642857142856,0.8035714285714286,0.2008928571428571,0.2008928571428571,3.8169642857142856,5.625,1.40625,1.0044642857142856,0.0,1.0044642857142856,0.0,0.2008928571428571,0.2008928571428571,0.4017857142857143,0.4017857142857143,0.0,0.0,0.0,0.0,0.0,92.03,56.0,0.0,0.0,40.0,46.34,52.94,62.5,0.1308918436764591,0.0,0.2008928571428571,0.6026785714285714,0.0127455308035714,0.4017857142857143,4.017857142857142,2.611607142857143,0.0733477017857142,26.316964285714285,CB,58,89,83,51,71,75,93,93,47,47,71,92,93,82,24,93,43,74,86,90,54,42,44,49,51,51,69,65,43,24,76,22,28,51,97,29,85,90,92,92,89,71,83,83,39,64,47,44,61,61,75,86,50,50,53,81,75,67,24,78,43,67,75,78,39,42,44,49,51,51,69,65,43,24,76,22,28,51,89,29,81,83,83,83,81,64,61,75,Süper Lig
Rizespor,1lbrlj3uu8wi2h9j79snuoae4,8yxa6unly2p4uxa2lexnd5xbd,A. Mocsi,Attila Mocsi,26,Defender,Hungary,Defender,183.0,117.0,298.0,6.0,443.0,26.0,10.0,5.0,5.0,1.0,1.0,17.0,23.0,5.0,6.0,1.0,4.0,2.0,0.0,0.0,1.0,0.0,0.0,0.0,1.0,0.0,0.0,88.43,53.06,28.57,100.0,20.0,36.17,38.46,66.67,0.6520633547434767,0.5660928127474777,0.0,8.0,0.17390164,7.0,32.0,40.0,0.9876886899999998,196.0,37.17832957110609,23.769751693002256,60.541760722347625,1.218961625282167,5.28216704288939,2.031602708803612,1.015801354401806,1.015801354401806,0.2031602708803611,0.2031602708803611,3.45372460496614,4.672686230248306,1.015801354401806,1.218961625282167,0.2031602708803611,0.8126410835214446,0.4063205417607223,0.0,0.0,0.2031602708803611,0.0,0.0,0.0,0.2031602708803611,0.0,0.0,88.43,53.06,28.57,100.0,20.0,36.17,38.46,66.67,0.1324733677808417,0.1150075691812031,0.0,1.6252821670428892,0.035329904288939,1.4221218961625282,6.501128668171557,8.126410835214447,0.200659101805869,39.81941309255079,RB/RCB,100,100,100,72,100,94,94,97,25,19,53,81,62,72,41,50,72,34,31,75,9,44,38,94,53,53,81,69,75,91,56,19,38,38,100,75,44,88,81,100,100,100,81,100,94,94,100,56,100,94,88,100,25,25,31,69,56,62,38,44,62,34,31,69,9,44,38,88,53,53,81,69,75,91,56,19,38,38,100,69,44,81,81,100,100,100,81,100,Süper Lig
Rizespor,1lbrlj3uu8wi2h9j79snuoae4,cvp10zci3p7gg5gi9bmbgj6qd,T. Antalyalı,Taylan Antalyali,31,Midfielder,Türkiye,Midfielder,78.0,114.0,192.0,4.0,409.0,18.0,1.0,2.0,1.0,3.0,3.0,17.0,5.0,6.0,2.0,1.0,2.0,0.0,1.0,1.0,0.0,9.0,0.0,0.0,0.0,0.0,0.0,87.67,78.26,0.0,33.33,0.0,60.71,20.0,33.33,0.1528163210479033,0.3156912262467772,1.0,7.0,0.1446735499999999,3.0,26.0,27.0,0.3905256099999999,108.0,17.163814180929094,25.08557457212714,42.24938875305624,0.880195599022005,3.9608801955990223,0.2200488997555012,0.4400977995110025,0.2200488997555012,0.6601466992665037,0.6601466992665037,3.740831295843521,1.1002444987775062,1.3202933985330074,0.4400977995110025,0.2200488997555012,0.4400977995110025,0.0,0.2200488997555012,0.2200488997555012,0.0,1.9804400977995111,0.0,0.0,0.0,0.0,0.0,87.67,78.26,0.0,33.33,0.0,60.71,20.0,33.33,0.0336270633112745,0.0694675069980683,0.2200488997555012,1.5403422982885089,0.0318352555012224,0.6601466992665037,5.721271393643032,5.941320293398533,0.0859347308068459,23.765281173594133,DM/CM,67,88,79,77,95,29,42,52,61,56,70,65,85,42,45,38,36,55,74,23,91,42,45,52,52,52,58,85,36,42,23,82,30,20,48,82,65,82,79,68,91,94,73,83,39,85,52,58,67,21,36,42,48,45,52,55,70,30,30,33,36,45,67,23,82,42,45,52,52,52,58,85,36,42,23,82,30,20,42,76,58,73,76,64,91,97,64,79,Süper Lig
Rizespor,1lbrlj3uu8wi2h9j79snuoae4,eikdf6bvfyzmb0ahxtyokd5gp,A. Kutucu,Ahmed Kutucu,26,Attacker,Türkiye,Striker,48.0,78.0,124.0,4.0,398.0,5.0,3.0,15.0,6.0,5.0,6.0,16.0,5.0,5.0,12.0,2.0,4.0,2.0,9.0,7.0,4.0,2.0,0.0,0.0,0.0,0.0,0.0,87.94,55.56,15.38,40.0,26.67,47.06,42.86,44.44,0.9720938148355972,0.3759173960650848,11.0,8.0,0.25050267,2.0,14.0,15.0,0.4634030799999999,55.0,10.85427135678392,17.63819095477387,28.040201005025125,0.9045226130653266,1.1306532663316582,0.6783919597989949,3.3919597989949746,1.3567839195979898,1.1306532663316582,1.3567839195979898,3.618090452261306,1.1306532663316582,1.1306532663316582,2.71356783919598,0.4522613065326633,0.9045226130653266,0.4522613065326633,2.0351758793969847,1.5829145728643217,0.9045226130653266,0.4522613065326633,0.0,0.0,0.0,0.0,0.0,87.94,55.56,15.38,40.0,26.67,47.06,42.86,44.44,0.219820209384934,0.0850064463463759,2.487437185929648,1.809045226130653,0.0566463324120602,0.4522613065326633,3.165829145728643,3.3919597989949746,0.1047896412060301,12.43718592964824,LW,100,91,91,59,68,77,91,82,9,9,73,100,95,64,14,86,68,100,91,91,23,27,41,55,55,55,91,45,64,36,36,64,73,18,82,64,100,55,73,36,91,91,82,91,100,64,91,45,55,73,91,45,9,9,18,100,82,36,18,73,64,100,91,64,18,27,41,55,55,55,91,45,64,36,36,64,73,18,73,45,100,18,27,36,82,73,64,91,Süper Lig
Rizespor,1lbrlj3uu8wi2h9j79snuoae4,yl0xjz80l54gd87o98gw9c7o,Z. Ariss,Zakaria Ariss,22,Defender,Morocco,Defender,73.0,87.0,159.0,5.0,344.0,11.0,3.0,6.0,1.0,7.0,7.0,13.0,13.0,9.0,5.0,0.0,5.0,1.0,5.0,3.0,1.0,5.0,0.0,0.0,0.0,0.0,0.0,83.68,40.74,12.5,0.0,16.67,41.94,60.0,83.33,0.3072653376057292,0.3013708620261761,4.0,8.0,0.18831792,7.0,12.0,16.0,0.4587009499999999,82.0,19.098837209302324,22.76162790697674,41.59883720930232,1.3081395348837208,2.877906976744186,0.7848837209302325,1.569767441860465,0.2616279069767441,1.8313953488372088,1.8313953488372088,3.4011627906976742,3.4011627906976742,2.3546511627906974,1.3081395348837208,0.0,1.3081395348837208,0.2616279069767441,1.3081395348837208,0.7848837209302325,0.2616279069767441,1.3081395348837208,0.0,0.0,0.0,0.0,0.0,83.68,40.74,12.5,0.0,16.67,41.94,60.0,83.33,0.0803891871642896,0.0788470278556855,1.0465116279069766,2.093023255813953,0.0492692232558139,1.8313953488372088,3.13953488372093,4.186046511627906,0.1200089694767441,21.453488372093023,LB/LCB,62,79,79,81,81,55,83,52,88,88,43,86,100,62,19,74,40,100,95,71,81,40,43,50,52,52,57,52,33,19,67,10,74,100,71,62,93,79,71,98,76,83,57,83,71,90,81,71,81,48,95,48,86,76,24,86,100,57,19,57,43,100,100,67,81,40,43,50,52,52,57,52,33,19,67,10,74,100,62,62,95,86,71,95,76,86,62,90,Süper Lig
Çorum,eg0cqg1u8zz85ma9nzk0cijv,1cad4bkf8h0mx6mfdm86g9d2i,M. Diomandé,Mohamed Diomande,24,Midfielder,Côte d'Ivoire,Midfielder,34.0,80.0,114.0,6.0,329.0,11.0,2.0,5.0,2.0,5.0,5.0,14.0,2.0,1.0,12.0,3.0,3.0,0.0,3.0,3.0,1.0,6.0,1.0,1.0,0.0,0.0,0.0,89.76,68.75,0.0,60.0,20.0,53.85,66.67,100.0,0.4462995636966775,0.3642899106242773,3.0,10.0,0.28545726,7.0,16.0,15.0,0.2803088199999999,53.0,9.300911854103344,21.884498480243163,31.185410334346507,1.6413373860182372,3.009118541033435,0.547112462006079,1.3677811550151977,0.547112462006079,1.3677811550151977,1.3677811550151977,3.8297872340425534,0.547112462006079,0.2735562310030395,3.2826747720364744,0.8206686930091186,0.8206686930091186,0.0,0.8206686930091186,0.8206686930091186,0.2735562310030395,1.6413373860182372,0.2735562310030395,0.2735562310030395,0.0,0.0,0.0,89.76,68.75,0.0,60.0,20.0,53.85,66.67,100.0,0.122088026543164,0.0996537749428114,0.8206686930091186,2.7355623100303954,0.0780886121580547,1.9148936170212767,4.376899696048632,4.103343465045593,0.0766802243161094,14.498480243161096,CM/AM,39,47,44,50,78,64,36,33,56,50,64,53,33,72,78,56,14,53,81,36,67,81,53,53,50,53,94,50,14,69,36,83,94,92,61,44,69,56,78,92,75,58,39,44,17,56,44,44,83,61,33,33,50,50,50,50,28,67,67,56,14,50,83,39,67,83,50,53,50,53,94,50,14,69,36,83,94,92,50,39,61,67,83,94,78,67,22,56,Süper Lig
Çorum,eg0cqg1u8zz85ma9nzk0cijv,2h55ly0oov4e8qycacahxapjp,Fredy,Alfredo Kulembe Gomes Ribeiro,36,Midfielder,Angola,Midfielder,57.0,93.0,149.0,5.0,302.0,9.0,1.0,6.0,0.0,1.0,1.0,12.0,4.0,3.0,4.0,1.0,2.0,1.0,6.0,1.0,0.0,5.0,0.0,2.0,0.0,0.0,0.0,84.18,81.82,14.29,100.0,0.0,42.86,16.67,40.0,0.3042985059757642,0.3290445398058714,4.0,9.0,0.2219242699999999,4.0,14.0,16.0,0.4056808999999998,74.0,16.986754966887418,27.71523178807947,44.40397350993377,1.490066225165563,2.6821192052980134,0.2980132450331125,1.7880794701986755,0.0,0.2980132450331125,0.2980132450331125,3.576158940397351,1.1920529801324502,0.8940397350993378,1.1920529801324502,0.2980132450331125,0.5960264900662251,0.2980132450331125,1.7880794701986755,0.2980132450331125,0.0,1.490066225165563,0.0,0.5960264900662251,0.0,0.0,0.0,84.18,81.82,14.29,100.0,0.0,42.86,16.67,40.0,0.0906849852245654,0.0980596310679749,1.1920529801324502,2.6821192052980134,0.0661363718543046,1.1920529801324502,4.172185430463576,4.768211920529801,0.1208982814569535,22.05298013245033,CM/AM,78,61,67,36,72,47,56,6,6,6,47,81,78,22,14,33,31,83,22,11,56,33,86,53,50,53,50,83,28,100,11,47,56,22,22,39,83,44,39,47,61,69,50,78,94,72,78,39,67,50,56,6,6,6,39,83,78,22,11,39,28,89,17,11,61,33,94,53,50,53,50,83,28,100,11,47,56,22,22,33,83,50,61,56,72,78,50,78,Süper Lig
Çorum,eg0cqg1u8zz85ma9nzk0cijv,5brwa0y63724t6s3y6gtz28yx,B. Özdemir,Berat Özdemir,28,Midfielder,Türkiye,Midfielder,69.0,46.0,115.0,1.0,222.0,15.0,5.0,0.0,0.0,1.0,1.0,12.0,9.0,0.0,0.0,1.0,3.0,0.0,0.0,0.0,0.0,1.0,0.0,0.0,0.0,0.0,0.0,91.27,65.22,0.0,100.0,0.0,66.67,83.33,60.0,0.0,0.0,0.0,0.0,0.0,0.0,0.0,0.0,0.0,0.0,27.97297297297297,18.64864864864865,46.62162162162162,0.4054054054054054,6.081081081081081,2.0270270270270268,0.0,0.0,0.4054054054054054,0.4054054054054054,4.864864864864865,3.6486486486486487,0.0,0.0,0.4054054054054054,1.2162162162162162,0.0,0.0,0.0,0.0,0.4054054054054054,0.0,0.0,0.0,0.0,0.0,91.27,65.22,0.0,100.0,0.0,66.67,83.33,60.0,0.0,0.0,0.0,0.0,0.0,0.0,0.0,0.0,0.0,0.0,DM/CM,52,24,33,18,80,88,9,20,26,26,45,94,5,11,45,50,36,23,32,23,14,42,45,52,52,52,79,61,36,88,23,94,97,61,18,18,27,18,18,24,17,17,17,17,79,55,64,24,97,97,9,20,36,36,79,94,5,11,58,64,36,23,32,23,18,42,45,52,52,52,79,61,36,88,23,94,97,61,18,18,27,18,18,24,17,17,17,17,Süper Lig
Çorum,eg0cqg1u8zz85ma9nzk0cijv,6dr0l2wrc75ez1zzaa3ccnu8l,G. Sazdağı,Gökhan Sazdagi,31,Midfielder,Türkiye,Midfielder,85.0,86.0,169.0,5.0,440.0,9.0,3.0,1.0,1.0,6.0,7.0,22.0,13.0,5.0,7.0,4.0,4.0,2.0,0.0,0.0,1.0,4.0,0.0,1.0,0.0,0.0,0.0,82.04,39.13,12.5,66.67,100.0,46.81,30.0,36.36,0.1172036829084186,0.4780673209802992,1.0,3.0,0.1528671099999999,1.0,13.0,15.0,0.84540317,74.0,17.386363636363637,17.59090909090909,34.56818181818181,1.0227272727272727,1.8409090909090908,0.6136363636363635,0.2045454545454545,0.2045454545454545,1.227272727272727,1.4318181818181817,4.5,2.6590909090909087,1.0227272727272727,1.4318181818181817,0.8181818181818181,0.8181818181818181,0.409090909090909,0.0,0.0,0.2045454545454545,0.8181818181818181,0.0,0.2045454545454545,0.0,0.0,0.0,82.04,39.13,12.5,66.67,100.0,46.81,30.0,36.36,0.0239734805949038,0.097786497473243,0.2045454545454545,0.6136363636363635,0.0312682724999999,0.2045454545454545,2.6590909090909087,3.068181818181818,0.1729233756818181,15.136363636363637,RM/RCM,100,100,100,75,75,75,50,62,75,75,100,100,100,75,88,100,75,38,38,62,50,50,100,62,62,62,25,25,50,75,88,50,50,50,100,100,88,100,100,100,100,100,100,100,100,75,100,75,50,75,25,50,50,50,50,100,100,50,75,75,75,38,38,50,50,50,100,62,62,62,25,25,50,75,88,50,50,50,100,100,75,100,100,100,100,100,100,100,Süper Lig
Çorum,eg0cqg1u8zz85ma9nzk0cijv,757f9x11lzcug3d6sn39d85wp,J. Ramírez,Jesús Ramírez,28,Attacker,Venezuela,Striker,32.0,41.0,73.0,3.0,412.0,2.0,10.0,15.0,11.0,5.0,5.0,21.0,3.0,1.0,21.0,2.0,1.0,0.0,4.0,4.0,6.0,9.0,3.0,1.0,0.0,0.0,0.0,82.02,66.67,0.0,40.0,40.0,41.18,41.67,100.0,2.403093292166982,0.2020994556556236,5.0,5.0,0.1626356,1.0,1.0,1.0,0.0290173899999998,17.0,6.990291262135923,8.95631067961165,15.946601941747574,0.6553398058252428,0.4368932038834952,2.184466019417476,3.2766990291262137,2.402912621359224,1.0922330097087378,1.0922330097087378,4.587378640776699,0.6553398058252428,0.2184466019417476,4.587378640776699,0.4368932038834952,0.2184466019417476,0.0,0.8737864077669903,0.8737864077669903,1.3106796116504855,1.966019417475728,0.6553398058252428,0.2184466019417476,0.0,0.0,0.0,82.02,66.67,0.0,40.0,40.0,41.18,41.67,100.0,0.5249475638228844,0.0441479393422478,1.0922330097087378,1.0922330097087378,0.0355271941747572,0.2184466019417476,0.2184466019417476,0.2184466019417476,0.0063387502427184,3.713592233009709,ST,87,71,77,48,52,84,95,94,58,56,85,74,55,87,60,48,29,81,89,87,85,84,82,52,52,52,74,65,29,44,68,45,48,87,97,52,94,66,74,40,24,24,19,68,71,48,58,39,39,71,74,74,32,29,42,45,35,65,42,35,29,58,74,84,74,77,71,52,52,52,74,65,29,44,68,45,48,87,94,39,87,52,55,35,19,19,16,45,Süper Lig
Çorum,eg0cqg1u8zz85ma9nzk0cijv,7iqt50eaixxatz08dh54p81gq,H. Smolčić,Hrvoje Smolcic,26,Defender,Croatia,Defender,207.0,104.0,311.0,0.0,428.0,30.0,6.0,1.0,0.0,2.0,2.0,14.0,25.0,7.0,1.0,1.0,2.0,0.0,1.0,0.0,0.0,3.0,0.0,0.0,1.0,0.0,0.0,92.56,69.77,0.0,50.0,0.0,56.0,66.67,50.0,0.0564166216584057,0.0,1.0,2.0,0.03932202,1.0,14.0,19.0,0.2675425999999999,96.0,43.52803738317757,21.86915887850468,65.39719626168224,0.0,6.308411214953271,1.2616822429906542,0.2102803738317757,0.0,0.4205607476635514,0.4205607476635514,2.94392523364486,5.257009345794392,1.47196261682243,0.2102803738317757,0.2102803738317757,0.4205607476635514,0.0,0.2102803738317757,0.0,0.0,0.6308411214953271,0.0,0.0,0.2102803738317757,0.0,0.0,92.56,69.77,0.0,50.0,0.0,56.0,66.67,50.0,0.0118633082926554,0.0,0.2102803738317757,0.4205607476635514,0.0082686490654205,0.2102803738317757,2.94392523364486,3.9953271028037385,0.0562589579439252,20.186915887850468,LB/LCB,100,86,100,10,100,83,36,24,43,43,55,100,86,24,48,31,17,57,36,29,69,40,43,100,52,52,100,95,17,55,29,57,83,43,43,19,62,33,29,48,88,98,43,95,100,86,100,10,100,76,29,24,33,33,14,100,86,19,38,29,17,43,36,29,48,40,43,100,52,52,100,95,17,55,29,57,83,43,38,19,52,29,29,43,71,81,33,81,Süper Lig
Çorum,eg0cqg1u8zz85ma9nzk0cijv,88hqy3ztjmtahcv0sz6rduv6y,S. Saatçı,Serdar Saatçi,23,Defender,Türkiye,Defender,94.0,25.0,119.0,1.0,180.0,4.0,2.0,0.0,0.0,0.0,0.0,6.0,7.0,3.0,0.0,0.0,2.0,0.0,0.0,0.0,0.0,2.0,0.0,0.0,0.0,0.0,0.0,90.15,57.14,0.0,0.0,0.0,42.86,40.0,100.0,0.0,0.0,0.0,0.0,0.0,0.0,0.0,0.0,0.0,0.0,47.0,12.5,59.5,0.5,2.0,1.0,0.0,0.0,0.0,0.0,3.0,3.5,1.5,0.0,0.0,1.0,0.0,0.0,0.0,0.0,1.0,0.0,0.0,0.0,0.0,0.0,90.15,57.14,0.0,0.0,0.0,42.86,40.0,100.0,0.0,0.0,0.0,0.0,0.0,0.0,0.0,0.0,0.0,0.0,CB,33,18,31,51,19,11,11,14,18,18,7,11,38,8,24,35,43,33,38,26,54,42,44,49,51,51,58,72,43,24,26,15,18,89,24,29,40,29,29,35,21,21,21,21,97,36,81,76,43,21,11,14,18,18,33,36,85,8,24,69,43,33,38,26,79,42,44,49,51,51,58,72,43,24,26,15,18,89,24,29,40,29,29,35,21,21,21,21,Süper Lig
Çorum,eg0cqg1u8zz85ma9nzk0cijv,bl6uq3fvylco5rnk4g6510sno,A. Borza,Andrei Borza,20,Defender,Romania,Defender,74.0,87.0,159.0,3.0,450.0,9.0,1.0,7.0,5.0,11.0,11.0,24.0,12.0,3.0,16.0,8.0,9.0,2.0,2.0,3.0,1.0,1.0,1.0,1.0,0.0,0.0,0.0,82.81,47.37,33.33,72.73,14.29,58.54,25.0,64.29,0.4785866355796598,0.205469559905671,4.0,11.0,0.25810858,4.0,14.0,17.0,0.4651399999999999,72.0,14.8,17.4,31.8,0.6,1.8,0.2,1.4,1.0,2.2,2.2,4.8,2.4,0.6,3.2,1.6,1.8,0.4,0.4,0.6,0.2,0.2,0.2,0.2,0.0,0.0,0.0,82.81,47.37,33.33,72.73,14.29,58.54,25.0,64.29,0.0957173271159319,0.0410939119811342,0.8,2.2,0.051621716,0.8,2.8,3.4,0.0930279999999999,14.4,LB/LCB,67,79,79,57,69,21,95,95,100,98,93,81,62,100,100,98,67,83,95,71,24,90,93,50,52,52,48,64,83,76,60,67,19,67,86,52,93,100,95,74,88,90,62,71,29,57,48,50,48,14,88,95,95,93,79,57,43,95,100,90,52,79,93,60,14,83,86,50,52,52,48,64,83,76,60,67,19,67,76,48,90,90,81,67,67,62,57,52,Süper Lig
Çorum,eg0cqg1u8zz85ma9nzk0cijv,c4kxfrbrfedilykhbyak3e579,Y. Ramadani,Ylber Ramadani,30,Midfielder,Albania,Midfielder,117.0,85.0,202.0,2.0,303.0,17.0,2.0,1.0,1.0,3.0,3.0,12.0,3.0,4.0,3.0,1.0,3.0,0.0,0.0,0.0,0.0,4.0,0.0,0.0,0.0,0.0,0.0,91.82,77.27,0.0,33.33,0.0,38.71,0.0,60.0,0.0,0.0,0.0,0.0,0.0,0.0,0.0,0.0,0.0,0.0,34.75247524752475,25.247524752475247,60.0,0.594059405940594,5.0495049504950495,0.594059405940594,0.297029702970297,0.297029702970297,0.8910891089108911,0.8910891089108911,3.5643564356435644,0.8910891089108911,1.188118811881188,0.8910891089108911,0.297029702970297,0.8910891089108911,0.0,0.0,0.0,0.0,1.188118811881188,0.0,0.0,0.0,0.0,0.0,91.82,77.27,0.0,33.33,0.0,38.71,0.0,60.0,0.0,0.0,0.0,0.0,0.0,0.0,0.0,0.0,0.0,0.0,DM/CM,94,76,83,38,88,56,27,52,61,56,45,39,64,56,45,50,36,23,32,23,53,42,45,52,52,52,92,82,36,42,23,21,14,61,18,18,27,18,18,24,17,17,17,17,97,88,97,36,91,58,30,55,64,58,39,36,61,64,48,52,36,23,32,23,58,42,45,52,52,52,92,82,36,42,23,21,14,61,18,18,27,18,18,24,17,17,17,17,Süper Lig
Çorum,eg0cqg1u8zz85ma9nzk0cijv,cip5lla8zu8gru2m4popsstlh,C. Ünder,Cengiz Ünder,29,Attacker,Türkiye,Midfielder,23.0,44.0,65.0,6.0,185.0,7.0,0.0,6.0,0.0,4.0,4.0,10.0,2.0,1.0,1.0,4.0,1.0,2.0,6.0,0.0,5.0,4.0,2.0,1.0,0.0,0.0,0.0,80.25,63.64,28.57,100.0,83.33,71.43,0.0,50.0,0.0,0.0,0.0,0.0,0.0,0.0,0.0,0.0,0.0,0.0,11.18918918918919,21.405405405405407,31.621621621621625,2.91891891891892,3.4054054054054057,0.0,2.91891891891892,0.0,1.945945945945946,1.945945945945946,4.864864864864865,0.972972972972973,0.4864864864864865,0.4864864864864865,1.945945945945946,0.4864864864864865,0.972972972972973,2.91891891891892,0.0,2.4324324324324325,1.945945945945946,0.972972972972973,0.4864864864864865,0.0,0.0,0.0,80.25,63.64,28.57,100.0,83.33,71.43,0.0,50.0,0.0,0.0,0.0,0.0,0.0,0.0,0.0,0.0,0.0,0.0,RW,31,38,38,66,75,22,41,6,12,9,12,47,47,6,28,41,50,100,16,88,44,88,81,53,53,53,62,62,69,100,100,100,22,56,6,6,9,6,6,9,6,9,6,6,62,81,81,94,94,22,81,6,25,19,56,69,62,6,69,44,62,100,16,100,81,100,100,53,53,53,62,62,69,100,100,100,22,56,6,6,9,6,6,9,6,9,6,6,Süper Lig
Çorum,eg0cqg1u8zz85ma9nzk0cijv,ck3l6a262hves3v6nywarx9pm,Alexandre Penetra,Alexandre Manuel Penetra Correia,25,Defender,Portugal,Defender,105.0,66.0,171.0,0.0,280.0,18.0,5.0,0.0,0.0,0.0,0.0,8.0,16.0,2.0,1.0,0.0,3.0,0.0,0.0,0.0,0.0,0.0,0.0,0.0,1.0,0.0,0.0,89.53,52.94,0.0,0.0,0.0,50.0,55.56,100.0,0.0,0.0,0.0,0.0,0.0,0.0,0.0,0.0,0.0,0.0,33.75,21.214285714285715,54.96428571428572,0.0,5.785714285714286,1.6071428571428572,0.0,0.0,0.0,0.0,2.571428571428571,5.142857142857142,0.6428571428571428,0.3214285714285714,0.0,0.9642857142857144,0.0,0.0,0.0,0.0,0.0,0.0,0.0,0.3214285714285714,0.0,0.0,89.53,52.94,0.0,0.0,0.0,50.0,55.56,100.0,0.0,0.0,0.0,0.0,0.0,0.0,0.0,0.0,0.0,0.0,CB,39,72,47,18,82,42,11,14,18,18,18,56,19,31,24,60,43,33,38,26,8,42,44,99,51,51,44,54,43,24,26,38,35,89,24,29,40,29,29,35,21,21,21,21,50,78,67,18,100,44,11,14,18,18,17,64,19,39,24,61,43,33,38,26,8,42,44,100,51,51,44,54,43,24,26,38,35,89,24,29,40,29,29,35,21,21,21,21,Süper Lig
Çorum,eg0cqg1u8zz85ma9nzk0cijv,d8nu4aiee6vg52by1k1snl7xm,A. Kyziridis,Alexandros Kyziridis,25,Attacker,Greece,Striker,23.0,52.0,72.0,9.0,250.0,5.0,1.0,8.0,5.0,10.0,10.0,10.0,0.0,2.0,19.0,5.0,0.0,3.0,3.0,2.0,4.0,4.0,3.0,1.0,0.0,0.0,0.0,88.89,83.33,33.33,50.0,50.0,41.67,33.33,0.0,1.1829154090081515,0.6219951109216026,5.0,21.0,0.7025414799999998,7.0,5.0,7.0,0.60230604,27.0,8.280000000000001,18.72,25.92,3.24,1.8,0.36,2.88,1.8,3.6,3.6,3.6,0.0,0.72,6.84,1.8,0.0,1.08,1.08,0.72,1.44,1.44,1.08,0.36,0.0,0.0,0.0,88.89,83.33,33.33,50.0,50.0,41.67,33.33,0.0,0.4258495472429345,0.2239182399317769,1.8,7.56,0.2529149327999999,2.52,1.8,2.52,0.2168301744,9.72,LW,55,82,73,100,68,50,73,73,68,64,23,23,45,91,73,9,82,68,73,91,55,100,91,55,55,55,100,73,91,50,82,18,59,9,91,82,77,91,91,91,59,45,91,73,64,82,64,100,73,45,82,82,64,64,9,23,45,91,64,9,82,64,73,100,64,100,91,55,55,55,100,73,91,50,82,18,59,9,100,91,82,100,100,91,55,45,91,64,Süper Lig
İstanbul Başakşehir,47njg6cmlx5q3fvdsupd2n6qu,1ni0afs55daxlb5ocaqb2o8vd,J. Opoku,Jerome Opoku,27,Defender,Ghana,Defender,147.0,60.0,206.0,1.0,360.0,14.0,5.0,2.0,1.0,6.0,6.0,12.0,12.0,4.0,1.0,2.0,1.0,1.0,1.0,0.0,0.0,4.0,0.0,0.0,0.0,0.0,0.0,91.56,56.0,100.0,33.33,0.0,48.0,62.5,100.0,0.1570311367913989,0.0324010348930904,1.0,1.0,0.01870347,0.0,6.0,5.0,0.12548916,58.0,36.75,15.0,51.5,0.25,3.5,1.25,0.5,0.25,1.5,1.5,3.0,3.0,1.0,0.25,0.5,0.25,0.25,0.25,0.0,0.0,1.0,0.0,0.0,0.0,0.0,0.0,91.56,56.0,100.0,33.33,0.0,48.0,62.5,100.0,0.0392577841978497,0.0081002587232726,0.25,0.25,0.0046758675,0.0,1.5,1.25,0.03137229,14.5,CB,72,60,64,51,71,42,50,44,100,100,33,35,56,31,81,17,89,74,38,26,81,42,44,49,51,51,67,65,97,49,26,31,46,89,64,58,85,64,60,35,56,53,44,53,64,56,58,47,72,32,47,38,100,100,33,25,46,24,78,14,89,74,38,26,79,42,44,49,51,51,67,65,97,49,26,31,46,89,61,58,83,68,64,35,56,49,44,56,Süper Lig
İstanbul Başakşehir,47njg6cmlx5q3fvdsupd2n6qu,2clpbungt3x2z4wwr5ecc4iga,A. Fayzullayev,Abbosbek Fayzullaev,22,Midfielder,Uzbekistan,Midfielder,31.0,40.0,69.0,3.0,240.0,5.0,0.0,6.0,2.0,7.0,9.0,12.0,3.0,3.0,4.0,2.0,3.0,2.0,4.0,2.0,1.0,7.0,0.0,1.0,0.0,0.0,0.0,87.34,71.43,25.0,28.57,16.67,42.86,0.0,100.0,0.357153211977362,0.1674739465155393,2.0,6.0,0.18151218,1.0,6.0,2.0,0.2057727799999999,21.0,11.625,15.0,25.875,1.125,1.875,0.0,2.25,0.75,2.625,3.375,4.5,1.125,1.125,1.5,0.75,1.125,0.75,1.5,0.75,0.375,2.625,0.0,0.375,0.0,0.0,0.0,87.34,71.43,25.0,28.57,16.67,42.86,0.0,100.0,0.1339324544915107,0.0628027299433272,0.75,2.25,0.0680670675,0.375,2.25,0.75,0.0771647924999999,7.875,CM/AM,28,28,28,28,39,19,56,33,78,86,47,67,78,22,44,56,42,69,53,36,81,33,53,53,50,53,67,56,39,17,28,47,25,92,33,17,53,31,33,19,28,17,22,22,56,17,17,28,56,19,72,44,83,100,67,78,89,28,61,72,44,72,67,44,83,33,61,53,50,53,67,56,39,17,28,47,25,92,61,17,56,33,72,11,33,17,28,17,Süper Lig
İstanbul Başakşehir,47njg6cmlx5q3fvdsupd2n6qu,2hi30w7qgazab2sp9ksw9neju,J. Kałuziński,Jakub Kaluzinski,23,Midfielder,Poland,Midfielder,77.0,59.0,133.0,3.0,221.0,13.0,2.0,3.0,0.0,2.0,2.0,7.0,3.0,2.0,0.0,2.0,0.0,3.0,3.0,0.0,1.0,2.0,0.0,0.0,0.0,0.0,0.0,89.86,68.42,50.0,100.0,33.33,63.64,66.67,0.0,0.1294105267342429,0.2494564484518764,1.0,4.0,0.07494323,4.0,13.0,12.0,0.2238151899999998,65.0,31.35746606334841,24.02714932126697,54.16289592760181,1.2217194570135743,5.294117647058823,0.8144796380090498,1.2217194570135743,0.0,0.8144796380090498,0.8144796380090498,2.850678733031674,1.2217194570135743,0.8144796380090498,0.0,0.8144796380090498,0.0,1.2217194570135743,1.2217194570135743,0.0,0.4072398190045249,0.8144796380090498,0.0,0.0,0.0,0.0,0.0,89.86,68.42,50.0,100.0,33.33,63.64,66.67,0.0,0.0527011194845333,0.1015885989170537,0.4072398190045249,1.6289592760180995,0.0305198674208144,1.6289592760180995,5.294117647058823,4.886877828054298,0.0911464574660632,26.47058823529412,DM/CM,62,44,53,59,70,56,61,20,44,42,9,39,17,11,70,8,89,85,32,64,29,42,45,52,52,52,67,71,92,88,67,91,82,8,42,76,65,62,55,80,62,65,52,64,88,76,85,76,94,71,79,20,61,55,15,58,36,11,76,8,97,88,32,82,35,42,45,52,52,52,67,71,92,88,67,91,82,8,48,85,76,79,70,97,82,85,70,85,Süper Lig
İstanbul Başakşehir,47njg6cmlx5q3fvdsupd2n6qu,56sfr4f94bgln34zphp11x5ux,U. Güneş,Umut Günes,26,Midfielder,Türkiye,Midfielder,69.0,68.0,137.0,3.0,180.0,10.0,0.0,1.0,0.0,3.0,3.0,8.0,3.0,3.0,1.0,2.0,0.0,0.0,1.0,1.0,0.0,5.0,0.0,0.0,0.0,0.0,0.0,93.84,71.43,0.0,66.67,0.0,53.33,0.0,0.0,0.0,0.0,0.0,0.0,0.0,0.0,0.0,0.0,0.0,0.0,34.5,34.0,68.5,1.5,5.0,0.0,0.5,0.0,1.5,1.5,4.0,1.5,1.5,0.5,1.0,0.0,0.0,0.5,0.5,0.0,2.5,0.0,0.0,0.0,0.0,0.0,93.84,71.43,0.0,66.67,0.0,53.33,0.0,0.0,0.0,0.0,0.0,0.0,0.0,0.0,0.0,0.0,0.0,0.0,DM/CM,52,61,58,59,53,9,27,20,61,56,15,39,41,26,70,8,36,55,74,23,64,42,45,52,52,52,97,79,36,61,23,55,14,8,18,18,27,18,18,24,17,17,17,17,94,97,100,82,88,9,42,20,85,82,61,70,83,35,86,8,36,70,91,23,94,42,45,52,52,52,97,79,36,61,23,55,14,8,18,18,27,18,18,24,17,17,17,17,Süper Lig
İstanbul Başakşehir,47njg6cmlx5q3fvdsupd2n6qu,5asv6uc3a4xxsr9u30kdfc0ve,A. Skov Olsen,Andreas Skov Olsen,26,Midfielder,Denmark,Midfielder,41.0,64.0,101.0,9.0,325.0,4.0,0.0,7.0,4.0,4.0,4.0,11.0,2.0,1.0,12.0,3.0,2.0,4.0,3.0,2.0,2.0,4.0,0.0,1.0,0.0,0.0,0.0,79.53,100.0,19.05,75.0,28.57,47.83,0.0,50.0,0.5773070856635018,1.1941149654544638,3.0,17.0,0.5200771099999999,5.0,2.0,12.0,1.01707571,33.0,11.353846153846154,17.723076923076924,27.96923076923077,2.4923076923076923,1.1076923076923078,0.0,1.9384615384615385,1.1076923076923078,1.1076923076923078,1.1076923076923078,3.046153846153846,0.5538461538461539,0.2769230769230769,3.323076923076923,0.8307692307692307,0.5538461538461539,1.1076923076923078,0.8307692307692307,0.5538461538461539,0.5538461538461539,1.1076923076923078,0.0,0.2769230769230769,0.0,0.0,0.0,79.53,100.0,19.05,75.0,28.57,47.83,0.0,50.0,0.1598696544914312,0.3306779904335438,0.8307692307692307,4.707692307692308,0.1440213535384615,1.3846153846153846,0.5538461538461539,3.323076923076923,0.2816517350769231,9.138461538461538,CM/AM,44,39,39,67,28,19,72,75,42,39,31,53,33,72,78,33,58,53,53,69,47,33,53,53,50,53,17,100,33,94,72,56,25,42,72,78,69,97,100,67,14,39,83,36,44,33,28,72,28,19,61,72,44,44,28,56,33,72,72,33,61,56,61,83,50,33,56,53,50,53,17,100,33,94,72,56,25,42,72,83,67,100,100,83,11,39,89,22,Süper Lig
İstanbul Başakşehir,47njg6cmlx5q3fvdsupd2n6qu,5x1a46c52byds4s3q2f0szuqy,E. Bayram,Emin Bayram,23,Defender,Türkiye,Defender,159.0,58.0,217.0,0.0,360.0,18.0,5.0,1.0,1.0,4.0,4.0,15.0,9.0,6.0,2.0,4.0,1.0,0.0,0.0,0.0,0.0,3.0,0.0,0.0,0.0,0.0,0.0,88.57,62.07,0.0,100.0,0.0,62.5,55.56,33.33,0.0,0.0,0.0,0.0,0.0,0.0,0.0,0.0,0.0,0.0,39.75,14.5,54.25,0.0,4.5,1.25,0.25,0.25,1.0,1.0,3.75,2.25,1.5,0.5,1.0,0.25,0.0,0.0,0.0,0.0,0.75,0.0,0.0,0.0,0.0,0.0,88.57,62.07,0.0,100.0,0.0,62.5,55.56,33.33,0.0,0.0,0.0,0.0,0.0,0.0,0.0,0.0,0.0,0.0,CB,82,51,71,18,82,42,32,44,89,89,57,15,79,50,97,17,43,33,38,26,71,42,44,49,51,51,36,86,43,85,26,64,35,15,24,29,40,29,29,35,21,21,21,21,75,47,64,18,88,32,32,38,85,82,43,11,85,49,99,14,43,33,38,26,62,42,44,49,51,51,36,86,43,85,26,64,35,15,24,29,40,29,29,35,21,21,21,21,Süper Lig
İstanbul Başakşehir,47njg6cmlx5q3fvdsupd2n6qu,7k0v0qd35a8vxkewn5yfdf2s5,C. Opéri,Christopher Opéri,29,Defender,Côte d'Ivoire,Defender,82.0,105.0,183.0,8.0,333.0,12.0,8.0,3.0,2.0,2.0,2.0,22.0,8.0,8.0,3.0,1.0,6.0,4.0,1.0,1.0,1.0,6.0,1.0,0.0,0.0,0.0,0.0,85.92,63.16,30.77,50.0,33.33,56.41,47.06,75.0,0.3640597156062335,0.6830536885778286,2.0,10.0,0.2202913299999999,7.0,18.0,19.0,1.0988374199999995,99.0,22.16216216216216,28.37837837837837,49.45945945945946,2.162162162162162,3.243243243243243,2.162162162162162,0.8108108108108107,0.5405405405405405,0.5405405405405405,0.5405405405405405,5.945945945945946,2.162162162162162,2.162162162162162,0.8108108108108107,0.2702702702702702,1.6216216216216215,1.081081081081081,0.2702702702702702,0.2702702702702702,0.2702702702702702,1.6216216216216215,0.2702702702702702,0.0,0.0,0.0,0.0,85.92,63.16,30.77,50.0,33.33,56.41,47.06,75.0,0.0983945177314144,0.1846091050210347,0.5405405405405405,2.702702702702702,0.0595381972972972,1.891891891891892,4.864864864864865,5.135135135135135,0.2969830864864863,26.756756756756754,LB/LCB,76,90,86,100,93,95,67,67,43,43,83,45,95,48,48,81,95,57,79,71,86,90,43,50,52,52,67,90,76,55,79,62,52,76,76,100,81,95,86,98,100,98,100,100,86,100,90,100,90,95,62,62,43,43,90,24,90,43,43,71,95,52,76,71,86,95,43,50,52,52,67,90,76,55,79,62,52,76,81,95,86,100,100,100,95,90,100,95,Süper Lig
İstanbul Başakşehir,47njg6cmlx5q3fvdsupd2n6qu,8s78im5w41yjauqwyu97kukt1,Ö. Şahiner,Ömer Ali Sahiner,34,Midfielder,Türkiye,Midfielder,59.0,56.0,114.0,1.0,333.0,10.0,1.0,1.0,0.0,2.0,2.0,9.0,9.0,3.0,5.0,2.0,2.0,1.0,1.0,1.0,0.0,2.0,0.0,0.0,0.0,0.0,0.0,86.36,83.33,20.0,100.0,0.0,36.0,33.33,40.0,0.0519097330756059,0.1173359118986459,1.0,2.0,0.04368125,0.0,7.0,9.0,0.18660199,34.0,15.945945945945946,15.135135135135137,30.81081081081081,0.2702702702702702,2.702702702702702,0.2702702702702702,0.2702702702702702,0.0,0.5405405405405405,0.5405405405405405,2.4324324324324325,2.4324324324324325,0.8108108108108107,1.351351351351351,0.5405405405405405,0.5405405405405405,0.2702702702702702,0.2702702702702702,0.2702702702702702,0.0,0.5405405405405405,0.0,0.0,0.0,0.0,0.0,86.36,83.33,20.0,100.0,0.0,36.0,33.33,40.0,0.0140296575880015,0.0317124086212556,0.2702702702702702,0.5405405405405405,0.0118057432432432,0.0,1.891891891891892,2.4324324324324325,0.0504329702702702,9.18918918918919,RM/RCM,75,50,50,38,100,50,50,25,25,25,25,75,62,50,50,62,50,75,88,25,25,50,50,62,62,62,100,75,75,100,25,25,75,88,75,75,88,75,75,50,75,75,75,75,75,25,50,25,100,50,50,25,25,25,25,75,50,25,50,50,50,75,100,25,25,50,50,62,62,62,100,75,75,100,25,25,75,88,75,75,100,75,75,50,75,75,75,75,Süper Lig
İstanbul Başakşehir,47njg6cmlx5q3fvdsupd2n6qu,a21winmltx1h9oiwqtfditkut,E. Shomurodov,Eldor Shomurodov,31,Attacker,Uzbekistan,Striker,16.0,43.0,58.0,2.0,345.0,1.0,8.0,15.0,10.0,4.0,4.0,15.0,7.0,1.0,21.0,2.0,3.0,1.0,5.0,6.0,5.0,2.0,4.0,0.0,0.0,0.0,0.0,71.6,100.0,33.33,50.0,33.33,42.86,61.54,100.0,1.4674009855058725,0.1323198844672875,4.0,5.0,0.1538504799999999,3.0,3.0,5.0,0.2622179799999999,27.0,4.173913043478261,11.217391304347826,15.130434782608695,0.5217391304347826,0.2608695652173913,2.0869565217391304,3.9130434782608696,2.608695652173913,1.0434782608695652,1.0434782608695652,3.9130434782608696,1.826086956521739,0.2608695652173913,5.478260869565217,0.5217391304347826,0.7826086956521738,0.2608695652173913,1.3043478260869563,1.5652173913043477,1.3043478260869563,0.5217391304347826,1.0434782608695652,0.0,0.0,0.0,0.0,71.6,100.0,33.33,50.0,33.33,42.86,61.54,100.0,0.3828002570884884,0.0345182307305967,1.0434782608695652,1.3043478260869563,0.0401349078260869,0.7826086956521738,0.7826086956521738,1.3043478260869563,0.0684046904347825,7.0434782608695645,ST,48,77,69,29,27,74,95,87,40,39,45,94,55,87,60,87,66,95,98,77,29,94,35,52,52,52,35,97,79,63,53,52,90,87,87,35,87,66,71,77,50,63,65,74,32,71,52,29,23,65,87,81,29,26,39,84,52,74,58,81,58,90,97,81,26,90,35,52,52,52,35,97,79,63,53,52,90,87,77,35,84,61,61,68,45,55,61,77,Süper Lig
İstanbul Başakşehir,47njg6cmlx5q3fvdsupd2n6qu,e09bnclvre9cwbe9euee9dw45,O. Kemen,Olivier Kemen,30,Midfielder,Cameroon,Midfielder,59.0,64.0,121.0,2.0,334.0,18.0,2.0,2.0,2.0,5.0,5.0,17.0,3.0,2.0,5.0,4.0,4.0,2.0,0.0,0.0,1.0,6.0,0.0,0.0,0.0,0.0,0.0,87.68,81.82,50.0,80.0,50.0,51.52,50.0,66.67,0.2155090527450839,0.1792434748442833,1.0,4.0,0.0802666799999999,2.0,4.0,9.0,0.2486511499999999,36.0,15.89820359281437,17.24550898203593,32.604790419161674,0.5389221556886228,4.850299401197605,0.5389221556886228,0.5389221556886228,0.5389221556886228,1.3473053892215567,1.3473053892215567,4.580838323353293,0.8083832335329341,0.5389221556886228,1.3473053892215567,1.0778443113772456,1.0778443113772456,0.5389221556886228,0.0,0.0,0.2694610778443114,1.616766467065868,0.0,0.0,0.0,0.0,0.0,87.68,81.82,50.0,80.0,50.0,51.52,50.0,66.67,0.0580713016378968,0.0482991399281002,0.2694610778443114,1.0778443113772456,0.0216287461077844,0.5389221556886228,1.0778443113772456,2.4251497005988023,0.0670018068862275,9.70059880239521,DM/CM,33,53,42,38,95,56,42,79,88,86,70,39,17,79,92,61,83,23,32,64,74,42,45,52,52,52,61,88,92,73,82,48,71,70,58,61,65,62,61,58,33,55,58,42,36,45,36,33,85,52,45,82,82,79,73,24,12,76,94,58,85,23,32,64,73,42,45,52,52,52,61,88,92,73,82,48,71,70,55,61,67,64,58,61,33,52,52,36,Süper Lig
